CN,PLT_CN,INVYR,STATECD,UNITCD,COUNTYCD,PLOT,SUBP,CONDID,VEG_FLDSPCD,UNIQUE_SP_NBR,VEG_SPCD,COVER_PCT,CREATED_DATE,MODIFIED_DATE,CYCLE,SUBCYCLE
1219075670290487,497553033126144,2019,15,1,1,2609.0,2.0,1,HEGA,1,HEGA,1,2022-06-14 20:30:15,,3,0
1219075671290487,497553033126144,2019,15,1,1,2609.0,3.0,1,HEGA,1,HEGA,12,2022-06-14 20:30:15,,3,0
1219075672290487,497553033126144,2019,15,1,1,2609.0,4.0,1,HEGA,1,HEGA,3,2022-06-14 20:30:15,,3,0
1219075673290487,497553033126144,2019,15,1,1,2609.0,2.0,1,PATRM,1,PATRM,2,2022-06-14 20:30:15,,3,0
1219075674290487,497553033126144,2019,15,1,1,2609.0,2.0,1,RUELO,1,RUELO,1,2022-06-14 20:30:15,,3,0
1219075675290487,497553033126144,2019,15,1,1,2609.0,3.0,1,RUELO,1,RUELO,6,2022-06-14 20:30:15,,3,0
1219075825290487,497553037126144,2019,15,1,1,2614.0,3.0,1,CLHI3,1,CLHI3,1,2022-06-14 20:30:15,,3,0
1219075826290487,497553037126144,2019,15,1,1,2614.0,4.0,1,CLHI3,1,CLHI3,1,2022-06-14 20:30:15,,3,0
1219075827290487,497553037126144,2019,15,1,1,2614.0,1.0,1,MECA9,1,MECA9,38,2022-06-14 20:30:15,,3,0
1219075828290487,497553037126144,2019,15,1,1,2614.0,2.0,1,MECA9,1,MECA9,41,2022-06-14 20:30:15,,3,0
1219075829290487,497553037126144,2019,15,1,1,2614.0,3.0,1,MECA9,1,MECA9,33,2022-06-14 20:30:15,,3,0
1219075830290487,497553037126144,2019,15,1,1,2614.0,4.0,1,MECA9,1,MECA9,52,2022-06-14 20:30:15,,3,0
1219075831290487,497553037126144,2019,15,1,1,2614.0,1.0,1,PSCA,1,PSCA,86,2022-06-14 20:30:15,,3,0
1219075832290487,497553037126144,2019,15,1,1,2614.0,2.0,1,PSCA,1,PSCA,14,2022-06-14 20:30:15,,3,0
1219075833290487,497553037126144,2019,15,1,1,2614.0,3.0,1,PSCA,1,PSCA,56,2022-06-14 20:30:15,,3,0
1219075834290487,497553037126144,2019,15,1,1,2614.0,4.0,1,PSCA,1,PSCA,67,2022-06-14 20:30:15,,3,0
1219075964290487,497553038126144,2019,15,1,1,2615.0,1.0,1,HEGA,1,HEGA,30,2022-06-14 20:30:16,,3,0
1219075965290487,497553038126144,2019,15,1,1,2615.0,2.0,1,HEGA,1,HEGA,22,2022-06-14 20:30:16,,3,0
1219075966290487,497553038126144,2019,15,1,1,2615.0,3.0,1,HEGA,1,HEGA,11,2022-06-14 20:30:16,,3,0
1219075967290487,497553038126144,2019,15,1,1,2615.0,4.0,1,HEGA,1,HEGA,10,2022-06-14 20:30:16,,3,0
1219075968290487,497553038126144,2019,15,1,1,2615.0,1.0,1,PSCA,1,PSCA,12,2022-06-14 20:30:16,,3,0
1219075969290487,497553038126144,2019,15,1,1,2615.0,2.0,1,PSCA,1,PSCA,11,2022-06-14 20:30:16,,3,0
1219075970290487,497553038126144,2019,15,1,1,2615.0,3.0,1,PSCA,1,PSCA,2,2022-06-14 20:30:16,,3,0
1219075971290487,497553038126144,2019,15,1,1,2615.0,4.0,1,PSCA,1,PSCA,5,2022-06-14 20:30:16,,3,0
1219075972290487,497553038126144,2019,15,1,1,2615.0,1.0,1,RUELO,1,RUELO,7,2022-06-14 20:30:16,,3,0
1219075973290487,497553038126144,2019,15,1,1,2615.0,2.0,1,RUELO,1,RUELO,12,2022-06-14 20:30:16,,3,0
1219075974290487,497553038126144,2019,15,1,1,2615.0,3.0,1,RUELO,1,RUELO,13,2022-06-14 20:30:16,,3,0
1219075975290487,497553038126144,2019,15,1,1,2615.0,4.0,1,RUELO,1,RUELO,8,2022-06-14 20:30:16,,3,0
1219075976290487,497553038126144,2019,15,1,1,2615.0,1.0,1,SEPA6,1,SEPA6,2,2022-06-14 20:30:16,,3,0
1219075977290487,497553038126144,2019,15,1,1,2615.0,2.0,1,SEPA6,1,SEPA6,6,2022-06-14 20:30:16,,3,0
1219075978290487,497553038126144,2019,15,1,1,2615.0,3.0,1,SEPA6,1,SEPA6,4,2022-06-14 20:30:16,,3,0
1219075979290487,497553038126144,2019,15,1,1,2615.0,4.0,1,SEPA6,1,SEPA6,12,2022-06-14 20:30:16,,3,0
1219075980290487,497553038126144,2019,15,1,1,2615.0,1.0,1,TIHE2,1,TIHE2,1,2022-06-14 20:30:16,,3,0
1219076137290487,497553041126144,2019,15,1,1,2618.0,1.0,1,LACA2,1,LACA2,4,2022-06-14 20:30:17,,3,0
1219076138290487,497553041126144,2019,15,1,1,2618.0,2.0,1,LACA2,1,LACA2,2,2022-06-14 20:30:17,,3,0
1219076139290487,497553041126144,2019,15,1,1,2618.0,3.0,1,LACA2,1,LACA2,1,2022-06-14 20:30:17,,3,0
1219076140290487,497553041126144,2019,15,1,1,2618.0,4.0,1,LACA2,1,LACA2,3,2022-06-14 20:30:17,,3,0
1219076141290487,497553041126144,2019,15,1,1,2618.0,1.0,1,LELE10,1,LELE10,25,2022-06-14 20:30:17,,3,0
1219076142290487,497553041126144,2019,15,1,1,2618.0,2.0,1,LELE10,1,LELE10,35,2022-06-14 20:30:17,,3,0
1219076143290487,497553041126144,2019,15,1,1,2618.0,2.0,2,LELE10,1,LELE10,2,2022-06-14 20:30:17,,3,0
1219076144290487,497553041126144,2019,15,1,1,2618.0,3.0,1,LELE10,1,LELE10,55,2022-06-14 20:30:17,,3,0
1219076145290487,497553041126144,2019,15,1,1,2618.0,4.0,1,LELE10,1,LELE10,15,2022-06-14 20:30:17,,3,0
1219076146290487,497553041126144,2019,15,1,1,2618.0,4.0,1,SCTE,1,SCTE,3,2022-06-14 20:30:17,,3,0
1219076313290487,497553043126144,2019,15,1,1,2621.0,1.0,1,CLHI3,1,CLHI3,3,2022-06-14 20:30:17,,3,0
1219076314290487,497553043126144,2019,15,1,1,2621.0,2.0,1,CLHI3,1,CLHI3,9,2022-06-14 20:30:17,,3,0
1219076315290487,497553043126144,2019,15,1,1,2621.0,3.0,1,CLHI3,1,CLHI3,2,2022-06-14 20:30:17,,3,0
1219076316290487,497553043126144,2019,15,1,1,2621.0,4.0,1,CLHI3,1,CLHI3,3,2022-06-14 20:30:17,,3,0
1219076317290487,497553043126144,2019,15,1,1,2621.0,1.0,1,HEGA,1,HEGA,34,2022-06-14 20:30:17,,3,0
1219076318290487,497553043126144,2019,15,1,1,2621.0,2.0,1,HEGA,1,HEGA,6,2022-06-14 20:30:17,,3,0
1219076319290487,497553043126144,2019,15,1,1,2621.0,3.0,1,HEGA,1,HEGA,11,2022-06-14 20:30:17,,3,0
1219076320290487,497553043126144,2019,15,1,1,2621.0,4.0,1,HEGA,1,HEGA,12,2022-06-14 20:30:17,,3,0
1219076321290487,497553043126144,2019,15,1,1,2621.0,1.0,1,MECA9,1,MECA9,1,2022-06-14 20:30:17,,3,0
1219076322290487,497553043126144,2019,15,1,1,2621.0,3.0,1,MECA9,1,MECA9,78,2022-06-14 20:30:17,,3,0
1219076323290487,497553043126144,2019,15,1,1,2621.0,4.0,1,MECA9,1,MECA9,1,2022-06-14 20:30:17,,3,0
1219076324290487,497553043126144,2019,15,1,1,2621.0,1.0,1,PSCA,1,PSCA,7,2022-06-14 20:30:17,,3,0
1219076325290487,497553043126144,2019,15,1,1,2621.0,2.0,1,PSCA,1,PSCA,1,2022-06-14 20:30:17,,3,0
1219076326290487,497553043126144,2019,15,1,1,2621.0,3.0,1,PSCA,1,PSCA,3,2022-06-14 20:30:17,,3,0
1219076327290487,497553043126144,2019,15,1,1,2621.0,4.0,1,PSCA,1,PSCA,15,2022-06-14 20:30:17,,3,0
1219076328290487,497553043126144,2019,15,1,1,2621.0,1.0,1,RUELO,1,RUELO,5,2022-06-14 20:30:17,,3,0
1219076329290487,497553043126144,2019,15,1,1,2621.0,2.0,1,RUELO,1,RUELO,3,2022-06-14 20:30:17,,3,0
1219076330290487,497553043126144,2019,15,1,1,2621.0,3.0,1,RUELO,1,RUELO,1,2022-06-14 20:30:17,,3,0
1219076331290487,497553043126144,2019,15,1,1,2621.0,4.0,1,RUELO,1,RUELO,8,2022-06-14 20:30:17,,3,0
1219076332290487,497553043126144,2019,15,1,1,2621.0,1.0,1,SEPA6,1,SEPA6,3,2022-06-14 20:30:17,,3,0
1219076333290487,497553043126144,2019,15,1,1,2621.0,2.0,1,SEPA6,1,SEPA6,1,2022-06-14 20:30:17,,3,0
1219076334290487,497553043126144,2019,15,1,1,2621.0,3.0,1,SEPA6,1,SEPA6,1,2022-06-14 20:30:17,,3,0
1219076335290487,497553043126144,2019,15,1,1,2621.0,4.0,1,SEPA6,1,SEPA6,1,2022-06-14 20:30:17,,3,0
1219076336290487,497553043126144,2019,15,1,1,2621.0,1.0,1,TIHE2,1,TIHE2,3,2022-06-14 20:30:17,,3,0
1219076337290487,497553043126144,2019,15,1,1,2621.0,2.0,1,TIHE2,1,TIHE2,5,2022-06-14 20:30:17,,3,0
1219076338290487,497553043126144,2019,15,1,1,2621.0,3.0,1,TIHE2,1,TIHE2,1,2022-06-14 20:30:17,,3,0
1219076339290487,497553043126144,2019,15,1,1,2621.0,4.0,1,TIHE2,1,TIHE2,1,2022-06-14 20:30:17,,3,0
1220020273290487,497553046126144,2019,15,1,1,2624.0,1.0,1,HEGA,1,HEGA,2,2022-06-15 18:31:13,,3,0
1220020274290487,497553046126144,2019,15,1,1,2624.0,2.0,1,HEGA,1,HEGA,1,2022-06-15 18:31:13,,3,0
1220020275290487,497553046126144,2019,15,1,1,2624.0,3.0,1,HEGA,1,HEGA,1,2022-06-15 18:31:13,,3,0
1220020276290487,497553046126144,2019,15,1,1,2624.0,4.0,1,HEGA,1,HEGA,1,2022-06-15 18:31:13,,3,0
1220020277290487,497553046126144,2019,15,1,1,2624.0,1.0,1,PSCA,1,PSCA,5,2022-06-15 18:31:13,,3,0
1220020278290487,497553046126144,2019,15,1,1,2624.0,3.0,1,PSCA,1,PSCA,2,2022-06-15 18:31:13,,3,0
1220020279290487,497553046126144,2019,15,1,1,2624.0,4.0,1,PSCA,1,PSCA,3,2022-06-15 18:31:13,,3,0
1219076636290487,497553048126144,2019,15,1,1,2627.0,1.0,1,CLHI3,1,CLHI3,15,2022-06-14 20:30:18,,3,0
1219076637290487,497553048126144,2019,15,1,1,2627.0,2.0,1,CLHI3,1,CLHI3,9,2022-06-14 20:30:18,,3,0
1219076638290487,497553048126144,2019,15,1,1,2627.0,3.0,1,CLHI3,1,CLHI3,7,2022-06-14 20:30:18,,3,0
1219076639290487,497553048126144,2019,15,1,1,2627.0,4.0,1,CLHI3,1,CLHI3,16,2022-06-14 20:30:18,,3,0
1219076640290487,497553048126144,2019,15,1,1,2627.0,1.0,1,PSCA,1,PSCA,30,2022-06-14 20:30:18,,3,0
1219076641290487,497553048126144,2019,15,1,1,2627.0,2.0,1,PSCA,1,PSCA,90,2022-06-14 20:30:18,,3,0
1219076642290487,497553048126144,2019,15,1,1,2627.0,3.0,1,PSCA,1,PSCA,25,2022-06-14 20:30:18,,3,0
1219076643290487,497553048126144,2019,15,1,1,2627.0,4.0,1,PSCA,1,PSCA,68,2022-06-14 20:30:18,,3,0
1219076644290487,497553048126144,2019,15,1,1,2627.0,4.0,1,TIHE2,1,TIHE2,14,2022-06-14 20:30:18,,3,0
1219076786290487,497553049126144,2019,15,1,1,2628.0,1.0,1,PATRM,1,PATRM,1,2022-06-14 20:30:19,,3,0
1219076787290487,497553049126144,2019,15,1,1,2628.0,2.0,1,PATRM,1,PATRM,1,2022-06-14 20:30:19,,3,0
1219076788290487,497553049126144,2019,15,1,1,2628.0,4.0,1,PATRM,1,PATRM,1,2022-06-14 20:30:19,,3,0
1219076789290487,497553049126144,2019,15,1,1,2628.0,1.0,1,RUAR2,1,RUAR2,3,2022-06-14 20:30:19,,3,0
1219076790290487,497553049126144,2019,15,1,1,2628.0,2.0,1,RUAR2,1,RUAR2,5,2022-06-14 20:30:19,,3,0
1219076791290487,497553049126144,2019,15,1,1,2628.0,3.0,1,RUAR2,1,RUAR2,2,2022-06-14 20:30:19,,3,0
1219076792290487,497553049126144,2019,15,1,1,2628.0,4.0,1,RUAR2,1,RUAR2,2,2022-06-14 20:30:19,,3,0
1219076945290487,497553056126144,2019,15,1,1,2636.0,1.0,1,SEMA15,1,SEMA15,2,2022-06-14 20:30:19,,3,0
1219076946290487,497553056126144,2019,15,1,1,2636.0,2.0,1,SEMA15,1,SEMA15,4,2022-06-14 20:30:19,,3,0
1219076947290487,497553056126144,2019,15,1,1,2636.0,3.0,1,SEMA15,1,SEMA15,8,2022-06-14 20:30:19,,3,0
1219076948290487,497553056126144,2019,15,1,1,2636.0,4.0,1,SEMA15,1,SEMA15,15,2022-06-14 20:30:19,,3,0
1219077086290487,497553058126144,2019,15,1,1,2640.0,1.0,1,HEGA,1,HEGA,74,2022-06-14 20:30:19,,3,0
1219077087290487,497553058126144,2019,15,1,1,2640.0,2.0,1,HEGA,1,HEGA,78,2022-06-14 20:30:19,,3,0
1219077088290487,497553058126144,2019,15,1,1,2640.0,3.0,1,HEGA,1,HEGA,70,2022-06-14 20:30:19,,3,0
1219077089290487,497553058126144,2019,15,1,1,2640.0,4.0,1,HEGA,1,HEGA,80,2022-06-14 20:30:19,,3,0
1219077090290487,497553058126144,2019,15,1,1,2640.0,1.0,1,MOFA,1,MOFA,45,2022-06-14 20:30:19,,3,0
1219077091290487,497553058126144,2019,15,1,1,2640.0,2.0,1,MOFA,1,MOFA,1,2022-06-14 20:30:19,,3,0
1219077092290487,497553058126144,2019,15,1,1,2640.0,3.0,1,MOFA,1,MOFA,4,2022-06-14 20:30:19,,3,0
1219077093290487,497553058126144,2019,15,1,1,2640.0,4.0,1,MOFA,1,MOFA,28,2022-06-14 20:30:19,,3,0
1219077369290487,497553062126144,2019,15,1,1,2645.0,1.0,1,CLHI3,1,CLHI3,82,2022-06-14 20:30:19,,3,0
1219077370290487,497553062126144,2019,15,1,1,2645.0,3.0,1,CLHI3,1,CLHI3,1,2022-06-14 20:30:19,,3,0
1219077371290487,497553062126144,2019,15,1,1,2645.0,4.0,1,CLHI3,1,CLHI3,1,2022-06-14 20:30:19,,3,0
1219077372290487,497553062126144,2019,15,1,1,2645.0,1.0,1,FAMO,1,FAMO,28,2022-06-14 20:30:19,,3,0
1219077373290487,497553062126144,2019,15,1,1,2645.0,2.0,1,FAMO,1,FAMO,2,2022-06-14 20:30:19,,3,0
1219077374290487,497553062126144,2019,15,1,1,2645.0,3.0,1,FAMO,1,FAMO,1,2022-06-14 20:30:19,,3,0
1219077375290487,497553062126144,2019,15,1,1,2645.0,4.0,1,FAMO,1,FAMO,11,2022-06-14 20:30:19,,3,0
1219077376290487,497553062126144,2019,15,1,1,2645.0,1.0,1,MECA9,1,MECA9,23,2022-06-14 20:30:19,,3,0
1219077377290487,497553062126144,2019,15,1,1,2645.0,2.0,1,MECA9,1,MECA9,16,2022-06-14 20:30:19,,3,0
1219077378290487,497553062126144,2019,15,1,1,2645.0,3.0,1,MECA9,1,MECA9,13,2022-06-14 20:30:19,,3,0
1219077379290487,497553062126144,2019,15,1,1,2645.0,4.0,1,MECA9,1,MECA9,24,2022-06-14 20:30:19,,3,0
1219077767290487,497553092126144,2019,15,1,9,1640.0,1.0,1,CLHI3,1,CLHI3,26,2022-06-14 20:30:20,,3,0
1219077768290487,497553092126144,2019,15,1,9,1640.0,3.0,1,CLHI3,1,CLHI3,37,2022-06-14 20:30:20,,3,0
1219077769290487,497553092126144,2019,15,1,9,1640.0,4.0,1,CLHI3,1,CLHI3,26,2022-06-14 20:30:20,,3,0
1219077770290487,497553092126144,2019,15,1,9,1640.0,1.0,1,TIHE2,1,TIHE2,2,2022-06-14 20:30:20,,3,0
1219077771290487,497553092126144,2019,15,1,9,1640.0,3.0,1,TIHE2,1,TIHE2,7,2022-06-14 20:30:20,,3,0
1219077772290487,497553092126144,2019,15,1,9,1640.0,4.0,1,TIHE2,1,TIHE2,3,2022-06-14 20:30:20,,3,0
1219077885290487,497553095126144,2019,15,1,9,1647.0,4.0,2,CLHI3,1,CLHI3,70,2022-06-14 20:30:20,,3,0
1219077886290487,497553095126144,2019,15,1,9,1647.0,4.0,2,PSCA,1,PSCA,1,2022-06-14 20:30:20,,3,0
1219081157290487,497553180126144,2019,15,1,7,1115.0,1.0,1,LACA2,1,LACA2,1,2022-06-14 20:30:24,,3,0
1219081158290487,497553180126144,2019,15,1,7,1115.0,2.0,1,LACA2,1,LACA2,1,2022-06-14 20:30:24,,3,0
1219081159290487,497553180126144,2019,15,1,7,1115.0,3.0,1,LACA2,1,LACA2,1,2022-06-14 20:30:24,,3,0
1219081160290487,497553180126144,2019,15,1,7,1115.0,4.0,1,LACA2,1,LACA2,4,2022-06-14 20:30:24,,3,0
1219081161290487,497553180126144,2019,15,1,7,1115.0,1.0,1,PSCA,1,PSCA,2,2022-06-14 20:30:24,,3,0
1219081162290487,497553180126144,2019,15,1,7,1115.0,2.0,1,PSCA,1,PSCA,3,2022-06-14 20:30:24,,3,0
1219081163290487,497553180126144,2019,15,1,7,1115.0,3.0,1,PSCA,1,PSCA,2,2022-06-14 20:30:24,,3,0
1219081164290487,497553180126144,2019,15,1,7,1115.0,4.0,1,PSCA,1,PSCA,70,2022-06-14 20:30:24,,3,0
1219081165290487,497553180126144,2019,15,1,7,1115.0,2.0,1,PSGU,1,PSGU,3,2022-06-14 20:30:24,,3,0
1219081170290487,497553180126144,2019,15,1,7,1115.0,1.0,1,SCTE,1,SCTE,4,2022-06-14 20:30:24,,3,0
1219081171290487,497553180126144,2019,15,1,7,1115.0,2.0,1,SCTE,1,SCTE,20,2022-06-14 20:30:24,,3,0
1219081172290487,497553180126144,2019,15,1,7,1115.0,4.0,1,SCTE,1,SCTE,1,2022-06-14 20:30:24,,3,0
1219081312290487,497553181126144,2019,15,1,7,1116.0,1.0,1,CLHI3,1,CLHI3,3,2022-06-14 20:30:24,,3,0
1219081313290487,497553181126144,2019,15,1,7,1116.0,2.0,1,CLHI3,1,CLHI3,8,2022-06-14 20:30:24,,3,0
1219081314290487,497553181126144,2019,15,1,7,1116.0,3.0,1,CLHI3,1,CLHI3,25,2022-06-14 20:30:24,,3,0
1219081315290487,497553181126144,2019,15,1,7,1116.0,2.0,1,FAMO,1,FAMO,60,2022-06-14 20:30:24,,3,0
1219081316290487,497553181126144,2019,15,1,7,1116.0,1.0,1,LACA2,1,LACA2,11,2022-06-14 20:30:24,,3,0
1219081317290487,497553181126144,2019,15,1,7,1116.0,2.0,1,LACA2,1,LACA2,45,2022-06-14 20:30:24,,3,0
1219081318290487,497553181126144,2019,15,1,7,1116.0,3.0,1,LACA2,1,LACA2,40,2022-06-14 20:30:24,,3,0
1219081319290487,497553181126144,2019,15,1,7,1116.0,2.0,1,MECA9,1,MECA9,7,2022-06-14 20:30:24,,3,0
1219081320290487,497553181126144,2019,15,1,7,1116.0,1.0,1,PSCA,1,PSCA,4,2022-06-14 20:30:24,,3,0
1219081321290487,497553181126144,2019,15,1,7,1116.0,2.0,1,PSCA,1,PSCA,5,2022-06-14 20:30:24,,3,0
1219081322290487,497553181126144,2019,15,1,7,1116.0,3.0,1,PSCA,1,PSCA,8,2022-06-14 20:30:24,,3,0
1219081323290487,497553181126144,2019,15,1,7,1116.0,3.0,1,PSGU,1,PSGU,5,2022-06-14 20:30:24,,3,0
1219081324290487,497553181126144,2019,15,1,7,1116.0,1.0,1,SPCA2,1,SPCA2,2,2022-06-14 20:30:24,,3,0
1219081432290487,497553182126144,2019,15,1,7,1120.0,1.0,1,PSCA,1,PSCA,86,2022-06-14 20:30:25,,3,0
1219081433290487,497553182126144,2019,15,1,7,1120.0,2.0,1,PSCA,1,PSCA,82,2022-06-14 20:30:25,,3,0
1219081434290487,497553182126144,2019,15,1,7,1120.0,3.0,1,PSCA,1,PSCA,30,2022-06-14 20:30:25,,3,0
1219081435290487,497553182126144,2019,15,1,7,1120.0,4.0,1,PSCA,1,PSCA,80,2022-06-14 20:30:25,,3,0
1219081559290487,497553183126144,2019,15,1,7,1121.0,2.0,2,CLHI3,1,CLHI3,12,2022-06-14 20:30:25,,3,0
1219081560290487,497553183126144,2019,15,1,7,1121.0,4.0,2,CLHI3,1,CLHI3,2,2022-06-14 20:30:25,,3,0
1219081561290487,497553183126144,2019,15,1,7,1121.0,4.0,2,FAMO,1,FAMO,1,2022-06-14 20:30:25,,3,0
1219081562290487,497553183126144,2019,15,1,7,1121.0,4.0,2,GRRO,1,GRRO,10,2022-06-14 20:30:25,,3,0
1219081563290487,497553183126144,2019,15,1,7,1121.0,2.0,2,MECA9,1,MECA9,1,2022-06-14 20:30:25,,3,0
1219081564290487,497553183126144,2019,15,1,7,1121.0,4.0,2,MECA9,1,MECA9,1,2022-06-14 20:30:25,,3,0
1219081565290487,497553183126144,2019,15,1,7,1121.0,2.0,2,PSCA,1,PSCA,10,2022-06-14 20:30:25,,3,0
1219081566290487,497553183126144,2019,15,1,7,1121.0,4.0,2,PSCA,1,PSCA,70,2022-06-14 20:30:25,,3,0
1219081640290487,497553184126144,2019,15,1,7,1124.0,1.0,1,GRRO,1,GRRO,6,2022-06-14 20:30:25,,3,0
1219081641290487,497553184126144,2019,15,1,7,1124.0,2.0,1,GRRO,1,GRRO,5,2022-06-14 20:30:25,,3,0
1219081642290487,497553184126144,2019,15,1,7,1124.0,3.0,1,GRRO,1,GRRO,55,2022-06-14 20:30:25,,3,0
1219081643290487,497553184126144,2019,15,1,7,1124.0,4.0,1,GRRO,1,GRRO,72,2022-06-14 20:30:25,,3,0
1219081644290487,497553184126144,2019,15,1,7,1124.0,1.0,1,LACA2,1,LACA2,35,2022-06-14 20:30:25,,3,0
1219081645290487,497553184126144,2019,15,1,7,1124.0,2.0,1,LACA2,1,LACA2,6,2022-06-14 20:30:25,,3,0
1219081646290487,497553184126144,2019,15,1,7,1124.0,3.0,1,LACA2,1,LACA2,10,2022-06-14 20:30:25,,3,0
1219081647290487,497553184126144,2019,15,1,7,1124.0,4.0,1,LACA2,1,LACA2,20,2022-06-14 20:30:25,,3,0
1219081648290487,497553184126144,2019,15,1,7,1124.0,1.0,1,LELE10,1,LELE10,10,2022-06-14 20:30:25,,3,0
1219081649290487,497553184126144,2019,15,1,7,1124.0,2.0,1,LELE10,1,LELE10,2,2022-06-14 20:30:25,,3,0
1219081650290487,497553184126144,2019,15,1,7,1124.0,3.0,1,LELE10,1,LELE10,12,2022-06-14 20:30:25,,3,0
1219081651290487,497553184126144,2019,15,1,7,1124.0,4.0,1,LELE10,1,LELE10,1,2022-06-14 20:30:25,,3,0
1219081652290487,497553184126144,2019,15,1,7,1124.0,2.0,1,MEAZ,1,MEAZ,15,2022-06-14 20:30:25,,3,0
1219081653290487,497553184126144,2019,15,1,7,1124.0,3.0,1,MEAZ,1,MEAZ,15,2022-06-14 20:30:25,,3,0
1219081654290487,497553184126144,2019,15,1,7,1124.0,4.0,1,MEAZ,1,MEAZ,15,2022-06-14 20:30:25,,3,0
1219081655290487,497553184126144,2019,15,1,7,1124.0,4.0,1,PSGU,1,PSGU,1,2022-06-14 20:30:25,,3,0
1219081818290487,497553191126144,2019,15,1,7,1135.0,1.0,1,LELE10,1,LELE10,65,2022-06-14 20:30:25,,3,0
1219081819290487,497553191126144,2019,15,1,7,1135.0,2.0,1,LELE10,1,LELE10,25,2022-06-14 20:30:25,,3,0
1219081820290487,497553191126144,2019,15,1,7,1135.0,3.0,1,LELE10,1,LELE10,65,2022-06-14 20:30:25,,3,0
1219081821290487,497553191126144,2019,15,1,7,1135.0,4.0,1,LELE10,1,LELE10,64,2022-06-14 20:30:25,,3,0
1219081952290487,497553192126144,2019,15,1,7,1136.0,1.0,1,CLHI3,1,CLHI3,6,2022-06-14 20:30:25,,3,0
1219081953290487,497553192126144,2019,15,1,7,1136.0,3.0,1,CLHI3,1,CLHI3,30,2022-06-14 20:30:25,,3,0
1219081954290487,497553192126144,2019,15,1,7,1136.0,4.0,1,CLHI3,1,CLHI3,35,2022-06-14 20:30:25,,3,0
1219081955290487,497553192126144,2019,15,1,7,1136.0,1.0,1,MECA9,1,MECA9,10,2022-06-14 20:30:25,,3,0
1219081956290487,497553192126144,2019,15,1,7,1136.0,1.0,1,PSCA,1,PSCA,17,2022-06-14 20:30:25,,3,0
1219081957290487,497553192126144,2019,15,1,7,1136.0,3.0,1,PSCA,1,PSCA,5,2022-06-14 20:30:25,,3,0
1219081958290487,497553192126144,2019,15,1,7,1136.0,4.0,1,PSCA,1,PSCA,30,2022-06-14 20:30:25,,3,0
1219082062290487,497553193126144,2019,15,1,7,1140.0,2.0,1,GRRO,1,GRRO,15,2022-06-14 20:30:25,,3,0
1219082063290487,497553193126144,2019,15,1,7,1140.0,3.0,1,GRRO,1,GRRO,1,2022-06-14 20:30:25,,3,0
1219082064290487,497553193126144,2019,15,1,7,1140.0,4.0,1,GRRO,1,GRRO,2,2022-06-14 20:30:25,,3,0
1219082065290487,497553193126144,2019,15,1,7,1140.0,1.0,1,LACA2,1,LACA2,2,2022-06-14 20:30:25,,3,0
1219082066290487,497553193126144,2019,15,1,7,1140.0,2.0,1,LACA2,1,LACA2,1,2022-06-14 20:30:25,,3,0
1219082067290487,497553193126144,2019,15,1,7,1140.0,3.0,1,LACA2,1,LACA2,1,2022-06-14 20:30:25,,3,0
1219082068290487,497553193126144,2019,15,1,7,1140.0,1.0,1,PSCA,1,PSCA,14,2022-06-14 20:30:25,,3,0
1219082069290487,497553193126144,2019,15,1,7,1140.0,2.0,1,PSCA,1,PSCA,42,2022-06-14 20:30:25,,3,0
1219082070290487,497553193126144,2019,15,1,7,1140.0,3.0,1,PSCA,1,PSCA,10,2022-06-14 20:30:25,,3,0
1219082071290487,497553193126144,2019,15,1,7,1140.0,4.0,1,PSCA,1,PSCA,80,2022-06-14 20:30:25,,3,0
1219082075290487,497553193126144,2019,15,1,7,1140.0,2.0,1,SCTE,1,SCTE,1,2022-06-14 20:30:25,,3,0
1219082076290487,497553193126144,2019,15,1,7,1140.0,4.0,1,SCTE,1,SCTE,1,2022-06-14 20:30:25,,3,0
1219082208290487,497553194126144,2019,15,1,7,1141.0,1.0,1,CLHI3,1,CLHI3,20,2022-06-14 20:30:25,,3,0
1219082209290487,497553194126144,2019,15,1,7,1141.0,2.0,1,CLHI3,1,CLHI3,1,2022-06-14 20:30:25,,3,0
1219082210290487,497553194126144,2019,15,1,7,1141.0,3.0,1,CLHI3,1,CLHI3,3,2022-06-14 20:30:25,,3,0
1219082211290487,497553194126144,2019,15,1,7,1141.0,4.0,1,CLHI3,1,CLHI3,3,2022-06-14 20:30:25,,3,0
1219082212290487,497553194126144,2019,15,1,7,1141.0,1.0,1,FAMO,1,FAMO,25,2022-06-14 20:30:25,,3,0
1219082213290487,497553194126144,2019,15,1,7,1141.0,2.0,1,LACA2,1,LACA2,3,2022-06-14 20:30:25,,3,0
1219082214290487,497553194126144,2019,15,1,7,1141.0,3.0,1,MECA9,1,MECA9,1,2022-06-14 20:30:25,,3,0
1219082215290487,497553194126144,2019,15,1,7,1141.0,4.0,1,MECA9,1,MECA9,9,2022-06-14 20:30:25,,3,0
1219082216290487,497553194126144,2019,15,1,7,1141.0,1.0,1,PSCA,1,PSCA,55,2022-06-14 20:30:25,,3,0
1219082217290487,497553194126144,2019,15,1,7,1141.0,2.0,1,PSCA,1,PSCA,65,2022-06-14 20:30:25,,3,0
1219082218290487,497553194126144,2019,15,1,7,1141.0,3.0,1,PSCA,1,PSCA,57,2022-06-14 20:30:25,,3,0
1219082219290487,497553194126144,2019,15,1,7,1141.0,4.0,1,PSCA,1,PSCA,70,2022-06-14 20:30:25,,3,0
1219082220290487,497553194126144,2019,15,1,7,1141.0,1.0,1,PSGU,1,PSGU,2,2022-06-14 20:30:25,,3,0
1219082534290487,497553209126144,2019,15,1,1,5896.0,1.0,1,CLHI3,1,CLHI3,1,2022-06-14 20:30:26,,3,0
1219082535290487,497553209126144,2019,15,1,1,5896.0,2.0,1,CLHI3,1,CLHI3,2,2022-06-14 20:30:26,,3,0
1219082536290487,497553209126144,2019,15,1,1,5896.0,4.0,1,CLHI3,1,CLHI3,2,2022-06-14 20:30:26,,3,0
1219082537290487,497553209126144,2019,15,1,1,5896.0,3.0,1,MECA9,1,MECA9,1,2022-06-14 20:30:26,,3,0
1219082538290487,497553209126144,2019,15,1,1,5896.0,1.0,1,PSCA,1,PSCA,83,2022-06-14 20:30:26,,3,0
1219082539290487,497553209126144,2019,15,1,1,5896.0,2.0,1,PSCA,1,PSCA,70,2022-06-14 20:30:26,,3,0
1219082540290487,497553209126144,2019,15,1,1,5896.0,3.0,1,PSCA,1,PSCA,88,2022-06-14 20:30:26,,3,0
1219082541290487,497553209126144,2019,15,1,1,5896.0,4.0,1,PSCA,1,PSCA,91,2022-06-14 20:30:26,,3,0
1219082542290487,497553209126144,2019,15,1,1,5896.0,4.0,1,PSGU,1,PSGU,8,2022-06-14 20:30:26,,3,0
1219082675290487,497553211126144,2019,15,1,1,4158.0,1.0,1,MOFA,1,MOFA,55,2022-06-14 20:30:26,,3,0
1219082676290487,497553211126144,2019,15,1,1,4158.0,2.0,1,MOFA,1,MOFA,70,2022-06-14 20:30:26,,3,0
1219082677290487,497553211126144,2019,15,1,1,4158.0,3.0,1,MOFA,1,MOFA,85,2022-06-14 20:30:26,,3,0
1219082678290487,497553211126144,2019,15,1,1,4158.0,4.0,1,MOFA,1,MOFA,75,2022-06-14 20:30:26,,3,0
1219082821290487,497553215126144,2019,15,1,1,5062.0,1.0,1,MOFA,1,MOFA,28,2022-06-14 20:30:26,,3,0
1219082822290487,497553215126144,2019,15,1,1,5062.0,2.0,1,MOFA,1,MOFA,27,2022-06-14 20:30:26,,3,0
1219082823290487,497553215126144,2019,15,1,1,5062.0,3.0,1,MOFA,1,MOFA,18,2022-06-14 20:30:26,,3,0
1219082824290487,497553215126144,2019,15,1,1,5062.0,4.0,1,MOFA,1,MOFA,66,2022-06-14 20:30:26,,3,0
1219082825290487,497553215126144,2019,15,1,1,5062.0,1.0,1,RUELO,1,RUELO,20,2022-06-14 20:30:26,,3,0
1219082826290487,497553215126144,2019,15,1,1,5062.0,2.0,1,RUELO,1,RUELO,51,2022-06-14 20:30:26,,3,0
1219082827290487,497553215126144,2019,15,1,1,5062.0,3.0,1,RUELO,1,RUELO,23,2022-06-14 20:30:26,,3,0
1219082828290487,497553215126144,2019,15,1,1,5062.0,4.0,1,RUELO,1,RUELO,10,2022-06-14 20:30:26,,3,0
1219083090290487,497553217126144,2019,15,1,1,5553.0,1.0,1,MOFA,1,MOFA,40,2022-06-14 20:30:27,,3,0
1219083091290487,497553217126144,2019,15,1,1,5553.0,2.0,1,MOFA,1,MOFA,10,2022-06-14 20:30:27,,3,0
1219083092290487,497553217126144,2019,15,1,1,5553.0,3.0,1,MOFA,1,MOFA,20,2022-06-14 20:30:27,,3,0
1219083258290487,497553224126144,2019,15,1,1,5450.0,1.0,1,GRRO,1,GRRO,14,2022-06-14 20:30:27,,3,0
1219083259290487,497553224126144,2019,15,1,1,5450.0,2.0,1,GRRO,1,GRRO,10,2022-06-14 20:30:27,,3,0
1219083260290487,497553224126144,2019,15,1,1,5450.0,3.0,1,GRRO,1,GRRO,4,2022-06-14 20:30:27,,3,0
1219083261290487,497553224126144,2019,15,1,1,5450.0,4.0,1,GRRO,1,GRRO,1,2022-06-14 20:30:27,,3,0
1219083262290487,497553224126144,2019,15,1,1,5450.0,1.0,1,MOFA,1,MOFA,2,2022-06-14 20:30:27,,3,0
1219083263290487,497553224126144,2019,15,1,1,5450.0,2.0,1,MOFA,1,MOFA,1,2022-06-14 20:30:27,,3,0
1219083264290487,497553224126144,2019,15,1,1,5450.0,4.0,1,MOFA,1,MOFA,1,2022-06-14 20:30:27,,3,0
1219083265290487,497553224126144,2019,15,1,1,5450.0,1.0,1,PSGU,1,PSGU,11,2022-06-14 20:30:27,,3,0
1219083266290487,497553224126144,2019,15,1,1,5450.0,2.0,1,PSGU,1,PSGU,19,2022-06-14 20:30:27,,3,0
1219083267290487,497553224126144,2019,15,1,1,5450.0,3.0,1,PSGU,1,PSGU,70,2022-06-14 20:30:27,,3,0
1219083268290487,497553224126144,2019,15,1,1,5450.0,4.0,1,PSGU,1,PSGU,40,2022-06-14 20:30:27,,3,0
1219083409290487,497553226126144,2019,15,1,7,1166.0,3.0,1,CLHI3,1,CLHI3,1,2022-06-14 20:30:27,,3,0
1219083410290487,497553226126144,2019,15,1,7,1166.0,4.0,1,CLHI3,1,CLHI3,2,2022-06-14 20:30:27,,3,0
1219083411290487,497553226126144,2019,15,1,7,1166.0,3.0,1,FAMO,1,FAMO,62,2022-06-14 20:30:27,,3,0
1219083412290487,497553226126144,2019,15,1,7,1166.0,4.0,1,FAMO,1,FAMO,55,2022-06-14 20:30:27,,3,0
1219083413290487,497553226126144,2019,15,1,7,1166.0,1.0,1,MECA9,1,MECA9,1,2022-06-14 20:30:27,,3,0
1219083414290487,497553226126144,2019,15,1,7,1166.0,3.0,1,MECA9,1,MECA9,1,2022-06-14 20:30:27,,3,0
1219083415290487,497553226126144,2019,15,1,7,1166.0,4.0,1,MECA9,1,MECA9,1,2022-06-14 20:30:27,,3,0
1219083416290487,497553226126144,2019,15,1,7,1166.0,1.0,1,PSCA,1,PSCA,5,2022-06-14 20:30:27,,3,0
1219083417290487,497553226126144,2019,15,1,7,1166.0,3.0,1,PSCA,1,PSCA,2,2022-06-14 20:30:27,,3,0
1219083418290487,497553226126144,2019,15,1,7,1166.0,4.0,1,PSCA,1,PSCA,26,2022-06-14 20:30:27,,3,0
1219083551290487,497553236126144,2019,15,1,7,1182.0,1.0,1,CLHI3,1,CLHI3,3,2022-06-14 20:30:27,,3,0
1219083552290487,497553236126144,2019,15,1,7,1182.0,3.0,1,CLHI3,1,CLHI3,8,2022-06-14 20:30:27,,3,0
1219083553290487,497553236126144,2019,15,1,7,1182.0,4.0,1,CLHI3,1,CLHI3,3,2022-06-14 20:30:27,,3,0
1219083554290487,497553236126144,2019,15,1,7,1182.0,1.0,1,GRRO,1,GRRO,1,2022-06-14 20:30:27,,3,0
1219083555290487,497553236126144,2019,15,1,7,1182.0,3.0,1,LACA2,1,LACA2,4,2022-06-14 20:30:27,,3,0
1219083556290487,497553236126144,2019,15,1,7,1182.0,4.0,1,LACA2,1,LACA2,2,2022-06-14 20:30:27,,3,0
1219083557290487,497553236126144,2019,15,1,7,1182.0,1.0,1,PSCA,1,PSCA,2,2022-06-14 20:30:27,,3,0
1219083558290487,497553236126144,2019,15,1,7,1182.0,3.0,1,PSCA,1,PSCA,1,2022-06-14 20:30:27,,3,0
1219083559290487,497553236126144,2019,15,1,7,1182.0,4.0,1,PSCA,1,PSCA,2,2022-06-14 20:30:27,,3,0
1219083560290487,497553236126144,2019,15,1,7,1182.0,3.0,1,PSGU,1,PSGU,3,2022-06-14 20:30:27,,3,0
1219083561290487,497553236126144,2019,15,1,7,1182.0,4.0,1,PSGU,1,PSGU,4,2022-06-14 20:30:27,,3,0
1219083702290487,497553240126144,2019,15,1,1,2608.0,1.0,1,CLHI3,1,CLHI3,6,2022-06-14 20:30:27,,3,0
1219083703290487,497553240126144,2019,15,1,1,2608.0,2.0,1,CLHI3,1,CLHI3,22,2022-06-14 20:30:27,,3,0
1219083704290487,497553240126144,2019,15,1,1,2608.0,3.0,1,CLHI3,1,CLHI3,23,2022-06-14 20:30:27,,3,0
1219083705290487,497553240126144,2019,15,1,1,2608.0,4.0,1,CLHI3,1,CLHI3,11,2022-06-14 20:30:27,,3,0
1219083706290487,497553240126144,2019,15,1,1,2608.0,1.0,1,MECA9,1,MECA9,2,2022-06-14 20:30:27,,3,0
1219083707290487,497553240126144,2019,15,1,1,2608.0,2.0,1,MECA9,1,MECA9,4,2022-06-14 20:30:27,,3,0
1219083708290487,497553240126144,2019,15,1,1,2608.0,3.0,1,MECA9,1,MECA9,32,2022-06-14 20:30:27,,3,0
1219083709290487,497553240126144,2019,15,1,1,2608.0,4.0,1,MECA9,1,MECA9,3,2022-06-14 20:30:27,,3,0
1219083710290487,497553240126144,2019,15,1,1,2608.0,1.0,1,PSCA,1,PSCA,2,2022-06-14 20:30:27,,3,0
1219083711290487,497553240126144,2019,15,1,1,2608.0,3.0,1,PSCA,1,PSCA,1,2022-06-14 20:30:27,,3,0
1219083712290487,497553240126144,2019,15,1,1,2608.0,4.0,1,PSCA,1,PSCA,1,2022-06-14 20:30:27,,3,0
1219083713290487,497553240126144,2019,15,1,1,2608.0,1.0,1,TIHE2,1,TIHE2,2,2022-06-14 20:30:27,,3,0
1219083714290487,497553240126144,2019,15,1,1,2608.0,2.0,1,TIHE2,1,TIHE2,1,2022-06-14 20:30:27,,3,0
1219083897290487,497553251126144,2019,15,1,1,4791.0,2.0,1,HEGA,1,HEGA,2,2022-06-14 20:30:28,,3,0
1219083898290487,497553251126144,2019,15,1,1,4791.0,1.0,1,PSCA,1,PSCA,45,2022-06-14 20:30:28,,3,0
1219083899290487,497553251126144,2019,15,1,1,4791.0,2.0,1,PSCA,1,PSCA,30,2022-06-14 20:30:28,,3,0
1219083900290487,497553251126144,2019,15,1,1,4791.0,3.0,1,PSCA,1,PSCA,15,2022-06-14 20:30:28,,3,0
1219083901290487,497553251126144,2019,15,1,1,4791.0,4.0,1,PSCA,1,PSCA,35,2022-06-14 20:30:28,,3,0
1219083902290487,497553251126144,2019,15,1,1,4791.0,1.0,1,PSGU,1,PSGU,1,2022-06-14 20:30:28,,3,0
1219083903290487,497553251126144,2019,15,1,1,4791.0,2.0,1,PSGU,1,PSGU,3,2022-06-14 20:30:28,,3,0
1219083904290487,497553251126144,2019,15,1,1,4791.0,3.0,1,PSGU,1,PSGU,4,2022-06-14 20:30:28,,3,0
1219083905290487,497553251126144,2019,15,1,1,4791.0,4.0,1,PSGU,1,PSGU,1,2022-06-14 20:30:28,,3,0
1219083906290487,497553251126144,2019,15,1,1,4791.0,1.0,1,SPCA2,1,SPCA2,1,2022-06-14 20:30:28,,3,0
1219084065290487,497553260126144,2019,15,1,9,1677.0,1.0,1,LACA2,1,LACA2,1,2022-06-14 20:30:28,,3,0
1219084066290487,497553260126144,2019,15,1,9,1677.0,2.0,1,LACA2,1,LACA2,1,2022-06-14 20:30:28,,3,0
1219084067290487,497553260126144,2019,15,1,9,1677.0,3.0,1,LACA2,1,LACA2,1,2022-06-14 20:30:28,,3,0
1219084068290487,497553260126144,2019,15,1,9,1677.0,4.0,1,LACA2,1,LACA2,4,2022-06-14 20:30:28,,3,0
1219084069290487,497553260126144,2019,15,1,9,1677.0,1.0,1,PSCA,1,PSCA,3,2022-06-14 20:30:28,,3,0
1219084070290487,497553260126144,2019,15,1,9,1677.0,2.0,1,PSCA,1,PSCA,10,2022-06-14 20:30:28,,3,0
1219084071290487,497553260126144,2019,15,1,9,1677.0,3.0,1,PSCA,1,PSCA,1,2022-06-14 20:30:28,,3,0
1219084072290487,497553260126144,2019,15,1,9,1677.0,4.0,1,PSGU,1,PSGU,3,2022-06-14 20:30:28,,3,0
1219084073290487,497553260126144,2019,15,1,9,1677.0,1.0,1,SCTE,1,SCTE,50,2022-06-14 20:30:28,,3,0
1219084074290487,497553260126144,2019,15,1,9,1677.0,2.0,1,SCTE,1,SCTE,22,2022-06-14 20:30:28,,3,0
1219084075290487,497553260126144,2019,15,1,9,1677.0,3.0,1,SCTE,1,SCTE,1,2022-06-14 20:30:28,,3,0
1219084076290487,497553260126144,2019,15,1,9,1677.0,4.0,1,SCTE,1,SCTE,8,2022-06-14 20:30:28,,3,0
1219084215290487,497553262126144,2019,15,1,9,1681.0,2.0,1,LACA2,1,LACA2,1,2022-06-14 20:30:28,,3,0
1219084216290487,497553262126144,2019,15,1,9,1681.0,3.0,1,LACA2,1,LACA2,1,2022-06-14 20:30:28,,3,0
1219084217290487,497553262126144,2019,15,1,9,1681.0,4.0,1,LACA2,1,LACA2,3,2022-06-14 20:30:28,,3,0
1219084218290487,497553262126144,2019,15,1,9,1681.0,1.0,1,LELE10,1,LELE10,20,2022-06-14 20:30:28,,3,0
1219084219290487,497553262126144,2019,15,1,9,1681.0,2.0,1,LELE10,1,LELE10,10,2022-06-14 20:30:28,,3,0
1219084367290487,497553268126144,2019,15,1,9,1695.0,1.0,1,LACA2,1,LACA2,2,2022-06-14 20:30:28,,3,0
1219084368290487,497553268126144,2019,15,1,9,1695.0,2.0,1,LACA2,1,LACA2,1,2022-06-14 20:30:28,,3,0
1219084369290487,497553268126144,2019,15,1,9,1695.0,3.0,1,LACA2,1,LACA2,1,2022-06-14 20:30:28,,3,0
1219084370290487,497553268126144,2019,15,1,9,1695.0,4.0,1,LACA2,1,LACA2,3,2022-06-14 20:30:28,,3,0
1219084371290487,497553268126144,2019,15,1,9,1695.0,2.0,1,LELE10,1,LELE10,1,2022-06-14 20:30:28,,3,0
1219084372290487,497553268126144,2019,15,1,9,1695.0,3.0,1,LELE10,1,LELE10,2,2022-06-14 20:30:28,,3,0
1219084373290487,497553268126144,2019,15,1,9,1695.0,1.0,1,PSCA,1,PSCA,15,2022-06-14 20:30:28,,3,0
1219084374290487,497553268126144,2019,15,1,9,1695.0,2.0,1,PSCA,1,PSCA,25,2022-06-14 20:30:28,,3,0
1219084375290487,497553268126144,2019,15,1,9,1695.0,3.0,1,PSCA,1,PSCA,24,2022-06-14 20:30:28,,3,0
1219084376290487,497553268126144,2019,15,1,9,1695.0,4.0,1,PSCA,1,PSCA,32,2022-06-14 20:30:28,,3,0
1219084377290487,497553268126144,2019,15,1,9,1695.0,2.0,1,PSGU,1,PSGU,1,2022-06-14 20:30:28,,3,0
1219084378290487,497553268126144,2019,15,1,9,1695.0,3.0,1,PSGU,1,PSGU,1,2022-06-14 20:30:28,,3,0
1219084379290487,497553268126144,2019,15,1,9,1695.0,1.0,1,SCTE,1,SCTE,90,2022-06-14 20:30:28,,3,0
1219084380290487,497553268126144,2019,15,1,9,1695.0,2.0,1,SCTE,1,SCTE,90,2022-06-14 20:30:28,,3,0
1219084381290487,497553268126144,2019,15,1,9,1695.0,3.0,1,SCTE,1,SCTE,91,2022-06-14 20:30:28,,3,0
1219084382290487,497553268126144,2019,15,1,9,1695.0,4.0,1,SCTE,1,SCTE,84,2022-06-14 20:30:28,,3,0
1219084583290487,497553286126144,2019,15,1,1,2256.0,3.0,1,CYCO18,1,CYCO18,20,2022-06-14 20:30:29,,3,0
1219084584290487,497553286126144,2019,15,1,1,2256.0,1.0,1,PSCA,1,PSCA,68,2022-06-14 20:30:29,,3,0
1219084585290487,497553286126144,2019,15,1,1,2256.0,2.0,1,PSCA,1,PSCA,48,2022-06-14 20:30:29,,3,0
1219084586290487,497553286126144,2019,15,1,1,2256.0,3.0,1,PSCA,1,PSCA,60,2022-06-14 20:30:29,,3,0
1219084587290487,497553286126144,2019,15,1,1,2256.0,4.0,1,PSCA,1,PSCA,60,2022-06-14 20:30:29,,3,0
1219084588290487,497553286126144,2019,15,1,1,2256.0,2.0,1,PSGU,1,PSGU,1,2022-06-14 20:30:29,,3,0
1219084589290487,497553286126144,2019,15,1,1,2256.0,3.0,1,PSGU,1,PSGU,28,2022-06-14 20:30:29,,3,0
1219084590290487,497553286126144,2019,15,1,1,2256.0,4.0,1,PSGU,1,PSGU,28,2022-06-14 20:30:29,,3,0
1219084591290487,497553286126144,2019,15,1,1,2256.0,2.0,1,RUNI4,1,RUNI4,3,2022-06-14 20:30:29,,3,0
1219084592290487,497553286126144,2019,15,1,1,2256.0,3.0,1,RUNI4,1,RUNI4,3,2022-06-14 20:30:29,,3,0
1219084593290487,497553286126144,2019,15,1,1,2256.0,4.0,1,RUNI4,1,RUNI4,3,2022-06-14 20:30:29,,3,0
1219084741290487,497553289126144,2019,15,1,1,2261.0,1.0,1,CLHI3,1,CLHI3,2,2022-06-14 20:30:29,,3,0
1219084742290487,497553289126144,2019,15,1,1,2261.0,3.0,1,CLHI3,1,CLHI3,1,2022-06-14 20:30:29,,3,0
1219084743290487,497553289126144,2019,15,1,1,2261.0,1.0,1,PSCA,1,PSCA,85,2022-06-14 20:30:29,,3,0
1219084744290487,497553289126144,2019,15,1,1,2261.0,2.0,1,PSCA,1,PSCA,80,2022-06-14 20:30:29,,3,0
1219084745290487,497553289126144,2019,15,1,1,2261.0,3.0,1,PSCA,1,PSCA,70,2022-06-14 20:30:29,,3,0
1219084746290487,497553289126144,2019,15,1,1,2261.0,4.0,1,PSCA,1,PSCA,85,2022-06-14 20:30:29,,3,0
1219101333290487,497553500126144,2019,15,1,1,4709.0,1.0,1,MECA9,1,MECA9,6,2022-06-14 20:30:59,,3,0
1219101334290487,497553500126144,2019,15,1,1,4709.0,2.0,1,MECA9,1,MECA9,6,2022-06-14 20:30:59,,3,0
1219101335290487,497553500126144,2019,15,1,1,4709.0,1.0,1,PSCA,1,PSCA,75,2022-06-14 20:30:59,,3,0
1219101336290487,497553500126144,2019,15,1,1,4709.0,2.0,1,PSCA,1,PSCA,80,2022-06-14 20:30:59,,3,0
1219101423290487,497553505126144,2019,15,1,1,5284.0,1.0,1,CLHI3,1,CLHI3,45,2022-06-14 20:31:00,,3,0
1219101424290487,497553505126144,2019,15,1,1,5284.0,2.0,1,CLHI3,1,CLHI3,22,2022-06-14 20:31:00,,3,0
1219101425290487,497553505126144,2019,15,1,1,5284.0,3.0,1,CLHI3,1,CLHI3,5,2022-06-14 20:31:00,,3,0
1219101426290487,497553505126144,2019,15,1,1,5284.0,4.0,1,CLHI3,1,CLHI3,2,2022-06-14 20:31:00,,3,0
1219101427290487,497553505126144,2019,15,1,1,5284.0,1.0,1,PSCA,1,PSCA,65,2022-06-14 20:31:00,,3,0
1219101428290487,497553505126144,2019,15,1,1,5284.0,2.0,1,PSCA,1,PSCA,31,2022-06-14 20:31:00,,3,0
1219101429290487,497553505126144,2019,15,1,1,5284.0,3.0,1,PSCA,1,PSCA,30,2022-06-14 20:31:00,,3,0
1219101430290487,497553505126144,2019,15,1,1,5284.0,4.0,1,PSCA,1,PSCA,76,2022-06-14 20:31:00,,3,0
1219101593290487,497553510126144,2019,15,1,9,1782.0,1.0,1,CLHI3,1,CLHI3,1,2022-06-14 20:31:00,,3,0
1219101594290487,497553510126144,2019,15,1,9,1782.0,2.0,1,CLHI3,1,CLHI3,1,2022-06-14 20:31:00,,3,0
1219101595290487,497553510126144,2019,15,1,9,1782.0,3.0,1,CLHI3,1,CLHI3,1,2022-06-14 20:31:00,,3,0
1219101596290487,497553510126144,2019,15,1,9,1782.0,4.0,1,CLHI3,1,CLHI3,1,2022-06-14 20:31:00,,3,0
1219101597290487,497553510126144,2019,15,1,9,1782.0,2.0,1,TIHE2,1,TIHE2,2,2022-06-14 20:31:00,,3,0
1219101598290487,497553510126144,2019,15,1,9,1782.0,3.0,1,TIHE2,1,TIHE2,1,2022-06-14 20:31:00,,3,0
1219101599290487,497553510126144,2019,15,1,9,1782.0,4.0,1,TIHE2,1,TIHE2,1,2022-06-14 20:31:00,,3,0
1219101774290487,497553522126144,2019,15,1,9,1802.0,1.0,1,GRRO,1,GRRO,7,2022-06-14 20:31:00,,3,0
1219101775290487,497553522126144,2019,15,1,9,1802.0,2.0,1,GRRO,1,GRRO,20,2022-06-14 20:31:00,,3,0
1219101776290487,497553522126144,2019,15,1,9,1802.0,3.0,1,GRRO,1,GRRO,10,2022-06-14 20:31:00,,3,0
1219101777290487,497553522126144,2019,15,1,9,1802.0,2.0,1,LACA2,1,LACA2,4,2022-06-14 20:31:00,,3,0
1219101778290487,497553522126144,2019,15,1,9,1802.0,3.0,1,LACA2,1,LACA2,1,2022-06-14 20:31:00,,3,0
1219101779290487,497553522126144,2019,15,1,9,1802.0,3.0,1,PSCA,1,PSCA,1,2022-06-14 20:31:00,,3,0
1219101780290487,497553522126144,2019,15,1,9,1802.0,1.0,1,PSGU,1,PSGU,7,2022-06-14 20:31:00,,3,0
1219101781290487,497553522126144,2019,15,1,9,1802.0,2.0,1,PSGU,1,PSGU,35,2022-06-14 20:31:00,,3,0
1219101782290487,497553522126144,2019,15,1,9,1802.0,3.0,1,PSGU,1,PSGU,10,2022-06-14 20:31:00,,3,0
1219101783290487,497553522126144,2019,15,1,9,1802.0,4.0,2,PSGU,1,PSGU,2,2022-06-14 20:31:00,,3,0
1219101784290487,497553522126144,2019,15,1,9,1802.0,1.0,1,SCTE,1,SCTE,10,2022-06-14 20:31:00,,3,0
1219101785290487,497553522126144,2019,15,1,9,1802.0,2.0,1,SCTE,1,SCTE,5,2022-06-14 20:31:00,,3,0
1219101786290487,497553522126144,2019,15,1,9,1802.0,3.0,1,SCTE,1,SCTE,5,2022-06-14 20:31:00,,3,0
1219101787290487,497553522126144,2019,15,1,9,1802.0,4.0,2,SCTE,1,SCTE,95,2022-06-14 20:31:00,,3,0
1219101966290487,497553530126144,2019,15,1,9,1813.0,2.0,2,SCTE,1,SCTE,6,2022-06-14 20:31:00,,3,0
1219101967290487,497553530126144,2019,15,1,9,1813.0,3.0,1,SCTE,1,SCTE,30,2022-06-14 20:31:00,,3,0
1219101968290487,497553530126144,2019,15,1,9,1813.0,4.0,1,SCTE,1,SCTE,4,2022-06-14 20:31:00,,3,0
1219101957290487,497553530126144,2019,15,1,9,1813.0,1.0,1,LACA2,1,LACA2,1,2022-06-14 20:31:00,,3,0
1219101958290487,497553530126144,2019,15,1,9,1813.0,2.0,2,LACA2,1,LACA2,1,2022-06-14 20:31:00,,3,0
1219101959290487,497553530126144,2019,15,1,9,1813.0,3.0,1,LACA2,1,LACA2,1,2022-06-14 20:31:00,,3,0
1219101960290487,497553530126144,2019,15,1,9,1813.0,1.0,1,PSCA,1,PSCA,15,2022-06-14 20:31:00,,3,0
1219101961290487,497553530126144,2019,15,1,9,1813.0,2.0,2,PSCA,1,PSCA,33,2022-06-14 20:31:00,,3,0
1219101962290487,497553530126144,2019,15,1,9,1813.0,3.0,1,PSCA,1,PSCA,31,2022-06-14 20:31:00,,3,0
1219101963290487,497553530126144,2019,15,1,9,1813.0,4.0,1,PSCA,1,PSCA,83,2022-06-14 20:31:00,,3,0
1219101964290487,497553530126144,2019,15,1,9,1813.0,3.0,1,PSGU,1,PSGU,2,2022-06-14 20:31:00,,3,0
1219101965290487,497553530126144,2019,15,1,9,1813.0,1.0,1,SCTE,1,SCTE,45,2022-06-14 20:31:00,,3,0
1219102115290487,497553532126144,2019,15,1,9,1817.0,1.0,2,CLHI3,1,CLHI3,1,2022-06-14 20:31:01,,3,0
1219102116290487,497553532126144,2019,15,1,9,1817.0,3.0,1,CLHI3,1,CLHI3,21,2022-06-14 20:31:01,,3,0
1219102117290487,497553532126144,2019,15,1,9,1817.0,1.0,1,PSCA,1,PSCA,64,2022-06-14 20:31:01,,3,0
1219102118290487,497553532126144,2019,15,1,9,1817.0,1.0,2,PSCA,1,PSCA,11,2022-06-14 20:31:01,,3,0
1219102119290487,497553532126144,2019,15,1,9,1817.0,2.0,2,PSCA,1,PSCA,88,2022-06-14 20:31:01,,3,0
1219102120290487,497553532126144,2019,15,1,9,1817.0,3.0,1,PSCA,1,PSCA,22,2022-06-14 20:31:01,,3,0
1219102121290487,497553532126144,2019,15,1,9,1817.0,4.0,2,PSCA,1,PSCA,91,2022-06-14 20:31:01,,3,0
1219102122290487,497553532126144,2019,15,1,9,1817.0,3.0,1,PSGU,1,PSGU,15,2022-06-14 20:31:01,,3,0
1219102123290487,497553532126144,2019,15,1,9,1817.0,3.0,1,SEPA6,1,SEPA6,14,2022-06-14 20:31:01,,3,0
1219102124290487,497553532126144,2019,15,1,9,1817.0,3.0,1,SPCA2,1,SPCA2,14,2022-06-14 20:31:01,,3,0
1219102290290487,497553535126144,2019,15,1,9,1822.0,4.0,2,SCTE,1,SCTE,3,2022-06-14 20:31:01,,3,0
1219102335290487,497553539126144,2019,15,1,9,1828.0,1.0,1,LACA2,1,LACA2,2,2022-06-14 20:31:01,,3,0
1219102336290487,497553539126144,2019,15,1,9,1828.0,2.0,1,LACA2,1,LACA2,3,2022-06-14 20:31:01,,3,0
1219102337290487,497553539126144,2019,15,1,9,1828.0,3.0,1,LACA2,1,LACA2,1,2022-06-14 20:31:01,,3,0
1219102338290487,497553539126144,2019,15,1,9,1828.0,4.0,1,LACA2,1,LACA2,2,2022-06-14 20:31:01,,3,0
1219102339290487,497553539126144,2019,15,1,9,1828.0,4.0,1,LELE10,1,LELE10,3,2022-06-14 20:31:01,,3,0
1219102340290487,497553539126144,2019,15,1,9,1828.0,1.0,1,SCTE,1,SCTE,53,2022-06-14 20:31:01,,3,0
1219102341290487,497553539126144,2019,15,1,9,1828.0,2.0,1,SCTE,1,SCTE,16,2022-06-14 20:31:01,,3,0
1219102342290487,497553539126144,2019,15,1,9,1828.0,4.0,1,SCTE,1,SCTE,17,2022-06-14 20:31:01,,3,0
1219102465290487,497553542126144,2019,15,1,9,1832.0,1.0,1,GRRO,1,GRRO,6,2022-06-14 20:31:01,,3,0
1219102466290487,497553542126144,2019,15,1,9,1832.0,2.0,1,GRRO,1,GRRO,6,2022-06-14 20:31:01,,3,0
1219102467290487,497553542126144,2019,15,1,9,1832.0,4.0,1,GRRO,1,GRRO,15,2022-06-14 20:31:01,,3,0
1219102468290487,497553542126144,2019,15,1,9,1832.0,1.0,1,LELE10,1,LELE10,10,2022-06-14 20:31:01,,3,0
1219102469290487,497553542126144,2019,15,1,9,1832.0,2.0,1,LELE10,1,LELE10,20,2022-06-14 20:31:01,,3,0
1219102470290487,497553542126144,2019,15,1,9,1832.0,3.0,1,LELE10,1,LELE10,55,2022-06-14 20:31:01,,3,0
1219102471290487,497553542126144,2019,15,1,9,1832.0,4.0,1,LELE10,1,LELE10,55,2022-06-14 20:31:01,,3,0
1219102472290487,497553542126144,2019,15,1,9,1832.0,4.0,1,MEAZ,1,MEAZ,15,2022-06-14 20:31:01,,3,0
365897432489998,47825314010497,2010,15,1,1,2523.0,3.0,2,MECA9,1,MECA9,3,2015-12-17 12:40:03,2021-06-04 15:05:17,2,0
365897433489998,47825314010497,2010,15,1,1,2523.0,4.0,2,MECA9,1,MECA9,25,2015-12-17 12:40:03,2021-06-04 15:05:17,2,0
365897434489998,47825314010497,2010,15,1,1,2523.0,1.0,2,PSCA,1,PSCA,8,2015-12-17 12:40:03,2021-06-04 15:05:17,2,0
365897435489998,47825314010497,2010,15,1,1,2523.0,3.0,2,PSCA,1,PSCA,12,2015-12-17 12:40:03,2021-06-04 15:05:17,2,0
365897436489998,47825314010497,2010,15,1,1,2523.0,4.0,2,PSCA,1,PSCA,20,2015-12-17 12:40:03,2021-06-04 15:05:17,2,0
365897534489998,47825315010497,2010,15,1,1,2517.0,3.0,1,RUELO,1,RUELO,1,2015-12-17 12:40:03,2021-06-04 15:05:17,2,0
365897656489998,47825317010497,2010,15,1,1,2527.0,1.0,1,CLHI3,1,CLHI3,1,2015-12-17 12:40:03,2021-06-04 15:05:17,2,0
365897657489998,47825317010497,2010,15,1,1,2527.0,3.0,1,CLHI3,1,CLHI3,1,2015-12-17 12:40:03,2021-06-04 15:05:17,2,0
365897658489998,47825317010497,2010,15,1,1,2527.0,1.0,1,HEGA,1,HEGA,2,2015-12-17 12:40:03,2021-06-04 15:05:17,2,0
365897659489998,47825317010497,2010,15,1,1,2527.0,4.0,1,HEGA,1,HEGA,1,2015-12-17 12:40:03,2021-06-04 15:05:17,2,0
365897660489998,47825317010497,2010,15,1,1,2527.0,1.0,1,PATRM,1,PATRM,1,2015-12-17 12:40:03,2021-06-04 15:05:17,2,0
365897661489998,47825317010497,2010,15,1,1,2527.0,2.0,1,PATRM,1,PATRM,1,2015-12-17 12:40:03,2021-06-04 15:05:17,2,0
365897662489998,47825317010497,2010,15,1,1,2527.0,3.0,1,PATRM,1,PATRM,3,2015-12-17 12:40:03,2021-06-04 15:05:17,2,0
365897663489998,47825317010497,2010,15,1,1,2527.0,1.0,1,PSCA,1,PSCA,1,2015-12-17 12:40:03,2021-06-04 15:05:17,2,0
365897664489998,47825317010497,2010,15,1,1,2527.0,4.0,1,PSCA,1,PSCA,1,2015-12-17 12:40:03,2021-06-04 15:05:17,2,0
366320727489998,47825321010497,2010,15,1,1,2571.0,2.0,1,RUAR2,1,RUAR2,1,2015-12-18 18:11:52,2021-06-04 15:05:17,2,0
366320728489998,47825321010497,2010,15,1,1,2571.0,4.0,1,RUAR2,1,RUAR2,1,2015-12-18 18:11:52,2021-06-04 15:05:17,2,0
365898282489998,47825322010497,2010,15,1,1,2595.0,1.0,1,CLHI3,1,CLHI3,90,2015-12-17 12:40:04,2021-06-04 15:05:17,2,0
365898283489998,47825322010497,2010,15,1,1,2595.0,2.0,1,CLHI3,1,CLHI3,5,2015-12-17 12:40:04,2021-06-04 15:05:17,2,0
365898284489998,47825322010497,2010,15,1,1,2595.0,3.0,1,CLHI3,1,CLHI3,95,2015-12-17 12:40:04,2021-06-04 15:05:17,2,0
365898285489998,47825322010497,2010,15,1,1,2595.0,4.0,1,CLHI3,1,CLHI3,80,2015-12-17 12:40:04,2021-06-04 15:05:17,2,0
365898286489998,47825322010497,2010,15,1,1,2595.0,1.0,1,FAMO,1,FAMO,85,2015-12-17 12:40:04,2021-06-04 15:05:17,2,0
365898287489998,47825322010497,2010,15,1,1,2595.0,2.0,1,FAMO,1,FAMO,9,2015-12-17 12:40:04,2021-06-04 15:05:17,2,0
365898288489998,47825322010497,2010,15,1,1,2595.0,3.0,1,FAMO,1,FAMO,80,2015-12-17 12:40:04,2021-06-04 15:05:17,2,0
365898289489998,47825322010497,2010,15,1,1,2595.0,4.0,1,FAMO,1,FAMO,65,2015-12-17 12:40:04,2021-06-04 15:05:17,2,0
365898290489998,47825322010497,2010,15,1,1,2595.0,1.0,1,MECA9,1,MECA9,30,2015-12-17 12:40:04,2021-06-04 15:05:17,2,0
365898291489998,47825322010497,2010,15,1,1,2595.0,3.0,1,MECA9,1,MECA9,5,2015-12-17 12:40:04,2021-06-04 15:05:17,2,0
365898292489998,47825322010497,2010,15,1,1,2595.0,4.0,1,MECA9,1,MECA9,5,2015-12-17 12:40:04,2021-06-04 15:05:17,2,0
365898293489998,47825322010497,2010,15,1,1,2595.0,3.0,1,PSCA,1,PSCA,4,2015-12-17 12:40:04,2021-06-04 15:05:17,2,0
365898294489998,47825322010497,2010,15,1,1,2595.0,4.0,1,PSCA,1,PSCA,1,2015-12-17 12:40:04,2021-06-04 15:05:17,2,0
365898295489998,47825322010497,2010,15,1,1,2595.0,3.0,1,SEPA6,1,SEPA6,1,2015-12-17 12:40:04,2021-06-04 15:05:17,2,0
365898423489998,47825323010497,2010,15,1,1,2596.0,1.0,1,CLHI3,1,CLHI3,1,2015-12-17 12:40:04,2021-06-04 15:05:17,2,0
365898424489998,47825323010497,2010,15,1,1,2596.0,2.0,1,CLHI3,1,CLHI3,1,2015-12-17 12:40:04,2021-06-04 15:05:17,2,0
365898425489998,47825323010497,2010,15,1,1,2596.0,3.0,1,CLHI3,1,CLHI3,1,2015-12-17 12:40:04,2021-06-04 15:05:17,2,0
365898426489998,47825323010497,2010,15,1,1,2596.0,1.0,1,HEGA,1,HEGA,1,2015-12-17 12:40:04,2021-06-04 15:05:17,2,0
365898427489998,47825323010497,2010,15,1,1,2596.0,2.0,1,PSCA,1,PSCA,2,2015-12-17 12:40:04,2021-06-04 15:05:17,2,0
365898428489998,47825323010497,2010,15,1,1,2596.0,3.0,1,PSCA,1,PSCA,2,2015-12-17 12:40:04,2021-06-04 15:05:17,2,0
365898429489998,47825323010497,2010,15,1,1,2596.0,4.0,1,PSCA,1,PSCA,1,2015-12-17 12:40:04,2021-06-04 15:05:17,2,0
365898430489998,47825323010497,2010,15,1,1,2596.0,1.0,1,TIHE2,1,TIHE2,1,2015-12-17 12:40:04,2021-06-04 15:05:17,2,0
365898431489998,47825323010497,2010,15,1,1,2596.0,2.0,1,TIHE2,1,TIHE2,2,2015-12-17 12:40:04,2021-06-04 15:05:17,2,0
365898432489998,47825323010497,2010,15,1,1,2596.0,3.0,1,TIHE2,1,TIHE2,1,2015-12-17 12:40:04,2021-06-04 15:05:17,2,0
365898433489998,47825323010497,2010,15,1,1,2596.0,4.0,1,TIHE2,1,TIHE2,2,2015-12-17 12:40:04,2021-06-04 15:05:17,2,0
366320971489998,47825328010497,2010,15,1,1,2599.0,2.0,1,PATRM,1,PATRM,1,2015-12-18 18:11:52,2021-06-04 15:05:17,2,0
366320972489998,47825328010497,2010,15,1,1,2599.0,4.0,1,SEMA15,1,SEMA15,1,2015-12-18 18:11:52,2021-06-04 15:05:17,2,0
365898795489998,47825332010497,2010,15,1,1,2645.0,1.0,1,CLHI3,1,CLHI3,3,2015-12-17 12:40:05,2021-06-04 15:05:17,2,0
365898796489998,47825332010497,2010,15,1,1,2645.0,3.0,1,CLHI3,1,CLHI3,1,2015-12-17 12:40:05,2021-06-04 15:05:17,2,0
365898797489998,47825332010497,2010,15,1,1,2645.0,1.0,1,FAMO,1,FAMO,90,2015-12-17 12:40:05,2021-06-04 15:05:17,2,0
365898798489998,47825332010497,2010,15,1,1,2645.0,3.0,1,FAMO,1,FAMO,1,2015-12-17 12:40:05,2021-06-04 15:05:17,2,0
365898799489998,47825332010497,2010,15,1,1,2645.0,4.0,1,FAMO,1,FAMO,2,2015-12-17 12:40:05,2021-06-04 15:05:17,2,0
365898800489998,47825332010497,2010,15,1,1,2645.0,1.0,1,MECA9,1,MECA9,12,2015-12-17 12:40:05,2021-06-04 15:05:17,2,0
365898801489998,47825332010497,2010,15,1,1,2645.0,2.0,1,MECA9,1,MECA9,9,2015-12-17 12:40:05,2021-06-04 15:05:17,2,0
365898802489998,47825332010497,2010,15,1,1,2645.0,3.0,1,MECA9,1,MECA9,8,2015-12-17 12:40:05,2021-06-04 15:05:17,2,0
365898803489998,47825332010497,2010,15,1,1,2645.0,4.0,1,MECA9,1,MECA9,6,2015-12-17 12:40:05,2021-06-04 15:05:17,2,0
365898804489998,47825332010497,2010,15,1,1,2645.0,1.0,1,PSCA,1,PSCA,4,2015-12-17 12:40:05,2021-06-04 15:05:17,2,0
366321214489998,47825340010497,2010,15,1,1,2554.0,1.0,1,LELE10,1,LELE10,2,2015-12-18 18:11:53,2021-06-04 15:05:17,2,0
366321215489998,47825340010497,2010,15,1,1,2554.0,2.0,1,LELE10,1,LELE10,3,2015-12-18 18:11:53,2021-06-04 15:05:17,2,0
366321216489998,47825340010497,2010,15,1,1,2554.0,3.0,1,LELE10,1,LELE10,3,2015-12-18 18:11:53,2021-06-04 15:05:17,2,0
366321217489998,47825340010497,2010,15,1,1,2554.0,4.0,1,LELE10,1,LELE10,1,2015-12-18 18:11:53,2021-06-04 15:05:17,2,0
366321336489998,47825342010497,2010,15,1,1,2618.0,1.0,1,LACA2,1,LACA2,1,2015-12-18 18:11:53,2021-06-04 15:05:17,2,0
366321337489998,47825342010497,2010,15,1,1,2618.0,3.0,1,LACA2,1,LACA2,1,2015-12-18 18:11:53,2021-06-04 15:05:17,2,0
366321338489998,47825342010497,2010,15,1,1,2618.0,4.0,1,LACA2,1,LACA2,2,2015-12-18 18:11:53,2021-06-04 15:05:17,2,0
366321339489998,47825342010497,2010,15,1,1,2618.0,1.0,1,LELE10,1,LELE10,2,2015-12-18 18:11:53,2021-06-04 15:05:17,2,0
366321340489998,47825342010497,2010,15,1,1,2618.0,2.0,1,LELE10,1,LELE10,3,2015-12-18 18:11:53,2021-06-04 15:05:17,2,0
366321341489998,47825342010497,2010,15,1,1,2618.0,3.0,1,LELE10,1,LELE10,15,2015-12-18 18:11:53,2021-06-04 15:05:17,2,0
366321342489998,47825342010497,2010,15,1,1,2618.0,4.0,1,LELE10,1,LELE10,2,2015-12-18 18:11:53,2021-06-04 15:05:17,2,0
366321343489998,47825342010497,2010,15,1,1,2618.0,4.0,1,SCTE,1,SCTE,2,2015-12-18 18:11:53,2021-06-04 15:05:17,2,0
365899694489998,47825348010497,2010,15,1,1,2695.0,1.0,1,MOFA,1,MOFA,14,2015-12-17 12:40:07,2021-06-04 15:05:17,2,0
365899695489998,47825348010497,2010,15,1,1,2695.0,2.0,1,MOFA,1,MOFA,1,2015-12-17 12:40:07,2021-06-04 15:05:17,2,0
365899696489998,47825348010497,2010,15,1,1,2695.0,3.0,1,MOFA,1,MOFA,10,2015-12-17 12:40:07,2021-06-04 15:05:17,2,0
365899697489998,47825348010497,2010,15,1,1,2695.0,4.0,1,MOFA,1,MOFA,2,2015-12-17 12:40:07,2021-06-04 15:05:17,2,0
365899831489998,47825353010497,2010,15,1,1,2768.0,1.0,1,CENO,1,CENO,15,2015-12-17 12:40:07,2021-06-04 15:05:17,2,0
365899832489998,47825353010497,2010,15,1,1,2768.0,2.0,1,CENO,1,CENO,30,2015-12-17 12:40:07,2021-06-04 15:05:17,2,0
365899833489998,47825353010497,2010,15,1,1,2768.0,3.0,1,CENO,1,CENO,23,2015-12-17 12:40:07,2021-06-04 15:05:17,2,0
365899834489998,47825353010497,2010,15,1,1,2768.0,4.0,1,CENO,1,CENO,3,2015-12-17 12:40:07,2021-06-04 15:05:17,2,0
365899835489998,47825353010497,2010,15,1,1,2768.0,1.0,1,MECA9,1,MECA9,1,2015-12-17 12:40:07,2021-06-04 15:05:17,2,0
365900708489998,47825367010497,2010,15,1,1,2827.0,1.0,1,LACA2,1,LACA2,18,2015-12-17 12:40:09,2021-06-04 15:05:17,2,0
365900709489998,47825367010497,2010,15,1,1,2827.0,2.0,1,LACA2,1,LACA2,4,2015-12-17 12:40:09,2021-06-04 15:05:17,2,0
365900710489998,47825367010497,2010,15,1,1,2827.0,3.0,1,LACA2,1,LACA2,3,2015-12-17 12:40:09,2021-06-04 15:05:17,2,0
365900711489998,47825367010497,2010,15,1,1,2827.0,4.0,1,LACA2,1,LACA2,25,2015-12-17 12:40:09,2021-06-04 15:05:17,2,0
365900712489998,47825367010497,2010,15,1,1,2827.0,1.0,1,SCTE,1,SCTE,25,2015-12-17 12:40:09,2021-06-04 15:05:17,2,0
365900713489998,47825367010497,2010,15,1,1,2827.0,2.0,1,SCTE,1,SCTE,43,2015-12-17 12:40:09,2021-06-04 15:05:17,2,0
365900714489998,47825367010497,2010,15,1,1,2827.0,3.0,1,SCTE,1,SCTE,55,2015-12-17 12:40:09,2021-06-04 15:05:17,2,0
365900715489998,47825367010497,2010,15,1,1,2827.0,4.0,1,SCTE,1,SCTE,5,2015-12-17 12:40:09,2021-06-04 15:05:17,2,0
366322446489998,47825373010497,2010,15,1,1,2320.0,1.0,1,PESE3,1,PESE3,1,2015-12-18 18:11:55,2021-06-04 15:05:17,2,0
366322447489998,47825373010497,2010,15,1,1,2320.0,3.0,1,PESE3,1,PESE3,1,2015-12-18 18:11:55,2021-06-04 15:05:17,2,0
366322448489998,47825373010497,2010,15,1,1,2320.0,4.0,1,PESE3,1,PESE3,1,2015-12-18 18:11:55,2021-06-04 15:05:17,2,0
365901402489998,47825569010497,2010,15,1,1,4791.0,1.0,1,PSCA,1,PSCA,1,2015-12-17 12:40:10,2021-06-04 15:05:17,2,0
365901403489998,47825569010497,2010,15,1,1,4791.0,2.0,1,PSCA,1,PSCA,1,2015-12-17 12:40:10,2021-06-04 15:05:17,2,0
365901404489998,47825569010497,2010,15,1,1,4791.0,2.0,1,PSGU,1,PSGU,1,2015-12-17 12:40:10,2021-06-04 15:05:17,2,0
365901405489998,47825569010497,2010,15,1,1,4791.0,3.0,1,PSGU,1,PSGU,1,2015-12-17 12:40:10,2021-06-04 15:05:17,2,0
365901406489998,47825569010497,2010,15,1,1,4791.0,4.0,1,PSGU,1,PSGU,1,2015-12-17 12:40:10,2021-06-04 15:05:17,2,0
365901407489998,47825569010497,2010,15,1,1,4791.0,3.0,1,RUNI4,1,RUNI4,1,2015-12-17 12:40:10,2021-06-04 15:05:17,2,0
365901408489998,47825569010497,2010,15,1,1,4791.0,4.0,1,RUNI4,1,RUNI4,5,2015-12-17 12:40:10,2021-06-04 15:05:17,2,0
366322581489998,47825577010497,2010,15,1,1,5292.0,2.0,1,LELE10,1,LELE10,1,2015-12-18 18:11:55,2021-06-04 15:05:17,2,0
366322582489998,47825577010497,2010,15,1,1,5292.0,4.0,1,LELE10,1,LELE10,1,2015-12-18 18:11:55,2021-06-04 15:05:17,2,0
366322583489998,47825577010497,2010,15,1,1,5292.0,1.0,1,PESE3,1,PESE3,35,2015-12-18 18:11:55,2021-06-04 15:05:17,2,0
366322584489998,47825577010497,2010,15,1,1,5292.0,2.0,1,PESE3,1,PESE3,2,2015-12-18 18:11:55,2021-06-04 15:05:17,2,0
366322585489998,47825577010497,2010,15,1,1,5292.0,3.0,1,PESE3,1,PESE3,95,2015-12-18 18:11:55,2021-06-04 15:05:17,2,0
366322586489998,47825577010497,2010,15,1,1,5292.0,4.0,1,PESE3,1,PESE3,80,2015-12-18 18:11:55,2021-06-04 15:05:17,2,0
366322587489998,47825577010497,2010,15,1,1,5292.0,2.0,1,PSGU,1,PSGU,1,2015-12-18 18:11:55,2021-06-04 15:05:17,2,0
366322588489998,47825577010497,2010,15,1,1,5292.0,1.0,1,SCTE,1,SCTE,25,2015-12-18 18:11:55,2021-06-04 15:05:17,2,0
366322589489998,47825577010497,2010,15,1,1,5292.0,2.0,1,SCTE,1,SCTE,25,2015-12-18 18:11:55,2021-06-04 15:05:17,2,0
366375392489998,47825585010497,2010,15,1,1,4695.0,1.0,1,CLHI3,1,CLHI3,10,2015-12-21 18:15:39,2021-06-04 15:05:17,2,0
366375393489998,47825585010497,2010,15,1,1,4695.0,2.0,1,CLHI3,1,CLHI3,8,2015-12-21 18:15:39,2021-06-04 15:05:17,2,0
366375394489998,47825585010497,2010,15,1,1,4695.0,3.0,1,CLHI3,1,CLHI3,4,2015-12-21 18:15:39,2021-06-04 15:05:17,2,0
366375395489998,47825585010497,2010,15,1,1,4695.0,4.0,1,CLHI3,1,CLHI3,8,2015-12-21 18:15:39,2021-06-04 15:05:17,2,0
366375396489998,47825585010497,2010,15,1,1,4695.0,1.0,1,HEGA,1,HEGA,30,2015-12-21 18:15:39,2021-06-04 15:05:17,2,0
366375397489998,47825585010497,2010,15,1,1,4695.0,2.0,1,HEGA,1,HEGA,41,2015-12-21 18:15:39,2021-06-04 15:05:17,2,0
366375398489998,47825585010497,2010,15,1,1,4695.0,3.0,1,HEGA,1,HEGA,42,2015-12-21 18:15:39,2021-06-04 15:05:17,2,0
366375399489998,47825585010497,2010,15,1,1,4695.0,4.0,1,HEGA,1,HEGA,6,2015-12-21 18:15:39,2021-06-04 15:05:17,2,0
366375400489998,47825585010497,2010,15,1,1,4695.0,1.0,1,PSCA,1,PSCA,30,2015-12-21 18:15:39,2021-06-04 15:05:17,2,0
366375401489998,47825585010497,2010,15,1,1,4695.0,2.0,1,PSCA,1,PSCA,54,2015-12-21 18:15:39,2021-06-04 15:05:17,2,0
366375402489998,47825585010497,2010,15,1,1,4695.0,3.0,1,PSCA,1,PSCA,40,2015-12-21 18:15:39,2021-06-04 15:05:17,2,0
366375403489998,47825585010497,2010,15,1,1,4695.0,4.0,1,PSCA,1,PSCA,70,2015-12-21 18:15:39,2021-06-04 15:05:17,2,0
366322708489998,47825591010497,2010,15,1,1,4655.0,3.0,1,RUELO,1,RUELO,1,2015-12-18 18:11:55,2021-06-04 15:05:17,2,0
365902068489998,47825607010497,2010,15,1,1,4622.0,3.0,1,RUELO,1,RUELO,2,2015-12-17 12:40:12,2021-06-04 15:05:17,2,0
366375529489998,47825610010497,2010,15,1,1,4372.0,1.0,1,PESE3,1,PESE3,95,2015-12-21 18:15:39,2021-06-04 15:05:17,2,0
1220018242290487,497552776126144,2019,15,1,3,1433.0,3.0,2,LACA2,1,LACA2,1,2022-06-15 18:14:18,,3,0
1220018243290487,497552776126144,2019,15,1,3,1433.0,4.0,1,PATRM,1,PATRM,1,2022-06-15 18:14:18,,3,0
1220018244290487,497552776126144,2019,15,1,3,1433.0,1.0,1,PSCA,1,PSCA,10,2022-06-15 18:14:18,,3,0
1220018245290487,497552776126144,2019,15,1,3,1433.0,1.0,2,PSCA,1,PSCA,13,2022-06-15 18:14:18,,3,0
1220018246290487,497552776126144,2019,15,1,3,1433.0,2.0,1,PSCA,1,PSCA,95,2022-06-15 18:14:18,,3,0
1220018247290487,497552776126144,2019,15,1,3,1433.0,4.0,1,PSCA,1,PSCA,90,2022-06-15 18:14:18,,3,0
1220018248290487,497552776126144,2019,15,1,3,1433.0,3.0,2,PSGU,1,PSGU,30,2022-06-15 18:14:18,,3,0
1220018249290487,497552776126144,2019,15,1,3,1433.0,2.0,1,SCTE,1,SCTE,3,2022-06-15 18:14:18,,3,0
1220018250290487,497552776126144,2019,15,1,3,1433.0,3.0,2,SCTE,1,SCTE,20,2022-06-15 18:14:18,,3,0
1220018405290487,497552779126144,2019,15,1,3,1436.0,2.0,2,AREL4,1,AREL4,20,2022-06-15 18:14:30,,3,0
1220018406290487,497552779126144,2019,15,1,3,1436.0,3.0,2,AREL4,1,AREL4,20,2022-06-15 18:14:30,,3,0
1220018408290487,497552779126144,2019,15,1,3,1436.0,2.0,2,CLHI3,1,CLHI3,5,2022-06-15 18:14:30,,3,0
1220018409290487,497552779126144,2019,15,1,3,1436.0,3.0,2,CLHI3,1,CLHI3,4,2022-06-15 18:14:30,,3,0
1220018410290487,497552779126144,2019,15,1,3,1436.0,4.0,1,CLHI3,1,CLHI3,1,2022-06-15 18:14:30,,3,0
1220018411290487,497552779126144,2019,15,1,3,1436.0,2.0,2,FAMO,1,FAMO,4,2022-06-15 18:14:30,,3,0
1220018412290487,497552779126144,2019,15,1,3,1436.0,2.0,2,LACA2,1,LACA2,2,2022-06-15 18:14:30,,3,0
1220018413290487,497552779126144,2019,15,1,3,1436.0,2.0,2,PSCA,1,PSCA,40,2022-06-15 18:14:30,,3,0
1220018414290487,497552779126144,2019,15,1,3,1436.0,3.0,2,PSCA,1,PSCA,55,2022-06-15 18:14:30,,3,0
1220018415290487,497552779126144,2019,15,1,3,1436.0,2.0,2,PSGU,1,PSGU,15,2022-06-15 18:14:30,,3,0
1220018416290487,497552779126144,2019,15,1,3,1436.0,2.0,2,SPCA2,1,SPCA2,20,2022-06-15 18:14:30,,3,0
1219098384290487,497552781126144,2019,15,1,3,1439.0,1.0,1,CLHI3,1,CLHI3,5,2022-06-14 20:30:56,,3,0
1219098385290487,497552781126144,2019,15,1,3,1439.0,2.0,1,CLHI3,1,CLHI3,20,2022-06-14 20:30:56,,3,0
1219098386290487,497552781126144,2019,15,1,3,1439.0,3.0,1,CLHI3,1,CLHI3,20,2022-06-14 20:30:56,,3,0
1219098387290487,497552781126144,2019,15,1,3,1439.0,4.0,1,CLHI3,1,CLHI3,20,2022-06-14 20:30:56,,3,0
1219098525290487,497552782126144,2019,15,1,3,1442.0,1.0,1,FIMI2,1,FIMI2,10,2022-06-14 20:30:56,,3,0
1219098526290487,497552782126144,2019,15,1,3,1442.0,2.0,1,FIMI2,1,FIMI2,10,2022-06-14 20:30:56,,3,0
1219098527290487,497552782126144,2019,15,1,3,1442.0,3.0,1,FIMI2,1,FIMI2,25,2022-06-14 20:30:56,,3,0
1219098528290487,497552782126144,2019,15,1,3,1442.0,1.0,1,LELE10,1,LELE10,70,2022-06-14 20:30:56,,3,0
1219098529290487,497552782126144,2019,15,1,3,1442.0,2.0,1,LELE10,1,LELE10,50,2022-06-14 20:30:56,,3,0
1219098530290487,497552782126144,2019,15,1,3,1442.0,3.0,1,LELE10,1,LELE10,50,2022-06-14 20:30:56,,3,0
1219098531290487,497552782126144,2019,15,1,3,1442.0,4.0,1,LELE10,1,LELE10,80,2022-06-14 20:30:56,,3,0
1219098532290487,497552782126144,2019,15,1,3,1442.0,3.0,1,SPCA2,1,SPCA2,20,2022-06-14 20:30:56,,3,0
1219098683290487,497552786126144,2019,15,1,3,1448.0,2.0,2,LELE10,1,LELE10,1,2022-06-14 20:30:56,,3,0
1219098684290487,497552786126144,2019,15,1,3,1448.0,3.0,3,LELE10,1,LELE10,2,2022-06-14 20:30:56,,3,0
1219098685290487,497552786126144,2019,15,1,3,1448.0,4.0,2,LELE10,1,LELE10,1,2022-06-14 20:30:56,,3,0
1219098686290487,497552786126144,2019,15,1,3,1448.0,2.0,2,SPCA2,1,SPCA2,80,2022-06-14 20:30:56,,3,0
1219098687290487,497552786126144,2019,15,1,3,1448.0,4.0,2,SPCA2,1,SPCA2,85,2022-06-14 20:30:56,,3,0
1219098793290487,497552789126144,2019,15,1,3,1451.0,3.0,2,CLHI3,1,CLHI3,4,2022-06-14 20:30:56,,3,0
1219098794290487,497552789126144,2019,15,1,3,1451.0,3.0,2,FAMO,1,FAMO,45,2022-06-14 20:30:56,,3,0
1219098795290487,497552789126144,2019,15,1,3,1451.0,3.0,2,LELE10,1,LELE10,5,2022-06-14 20:30:56,,3,0
1219098796290487,497552789126144,2019,15,1,3,1451.0,3.0,2,PSCA,1,PSCA,3,2022-06-14 20:30:56,,3,0
1219098797290487,497552789126144,2019,15,1,3,1451.0,3.0,2,SCTE,1,SCTE,20,2022-06-14 20:30:56,,3,0
1219098850290487,497552791126144,2019,15,1,3,1454.0,4.0,2,CLHI3,1,CLHI3,1,2022-06-14 20:30:56,,3,0
1219098851290487,497552791126144,2019,15,1,3,1454.0,4.0,2,LACA2,1,LACA2,2,2022-06-14 20:30:56,,3,0
1219098852290487,497552791126144,2019,15,1,3,1454.0,4.0,2,PSCA,1,PSCA,6,2022-06-14 20:30:56,,3,0
1219098853290487,497552791126144,2019,15,1,3,1454.0,4.0,2,SEPA6,1,SEPA6,4,2022-06-14 20:30:56,,3,0
1219098898290487,497552793126144,2019,15,1,3,1457.0,1.0,1,CLHI3,1,CLHI3,1,2022-06-14 20:30:56,,3,0
1219098899290487,497552793126144,2019,15,1,3,1457.0,2.0,1,CLHI3,1,CLHI3,1,2022-06-14 20:30:56,,3,0
1219098900290487,497552793126144,2019,15,1,3,1457.0,3.0,1,CLHI3,1,CLHI3,1,2022-06-14 20:30:56,,3,0
1219098901290487,497552793126144,2019,15,1,3,1457.0,4.0,1,CLHI3,1,CLHI3,1,2022-06-14 20:30:56,,3,0
1219098902290487,497552793126144,2019,15,1,3,1457.0,2.0,1,LACA2,1,LACA2,3,2022-06-14 20:30:56,,3,0
1219098903290487,497552793126144,2019,15,1,3,1457.0,3.0,1,LACA2,1,LACA2,1,2022-06-14 20:30:56,,3,0
1219098904290487,497552793126144,2019,15,1,3,1457.0,3.0,1,SEPA6,1,SEPA6,7,2022-06-14 20:30:56,,3,0
1219099038290487,497552794126144,2019,15,1,3,1460.0,2.0,1,GRRO,1,GRRO,35,2022-06-14 20:30:57,,3,0
1219099039290487,497552794126144,2019,15,1,3,1460.0,3.0,1,GRRO,1,GRRO,18,2022-06-14 20:30:57,,3,0
1219099040290487,497552794126144,2019,15,1,3,1460.0,4.0,1,GRRO,1,GRRO,15,2022-06-14 20:30:57,,3,0
1219099041290487,497552794126144,2019,15,1,3,1460.0,2.0,1,PATRM,1,PATRM,2,2022-06-14 20:30:57,,3,0
1219099042290487,497552794126144,2019,15,1,3,1460.0,3.0,1,PATRM,1,PATRM,1,2022-06-14 20:30:57,,3,0
1219099043290487,497552794126144,2019,15,1,3,1460.0,1.0,1,PSCA,1,PSCA,8,2022-06-14 20:30:57,,3,0
1219099044290487,497552794126144,2019,15,1,3,1460.0,3.0,1,PSCA,1,PSCA,3,2022-06-14 20:30:57,,3,0
1219099045290487,497552794126144,2019,15,1,3,1460.0,4.0,1,PSCA,1,PSCA,3,2022-06-14 20:30:57,,3,0
1219099046290487,497552794126144,2019,15,1,3,1460.0,1.0,1,SCTE,1,SCTE,65,2022-06-14 20:30:57,,3,0
1219099047290487,497552794126144,2019,15,1,3,1460.0,2.0,1,SCTE,1,SCTE,75,2022-06-14 20:30:57,,3,0
1219099048290487,497552794126144,2019,15,1,3,1460.0,3.0,1,SCTE,1,SCTE,50,2022-06-14 20:30:57,,3,0
1219099049290487,497552794126144,2019,15,1,3,1460.0,4.0,1,SCTE,1,SCTE,75,2022-06-14 20:30:57,,3,0
1219107872290487,497552804126144,2019,15,1,3,1477.0,1.0,1,LELE10,1,LELE10,5,2022-06-14 20:31:08,,3,0
1219107873290487,497552804126144,2019,15,1,3,1477.0,2.0,1,LELE10,1,LELE10,12,2022-06-14 20:31:08,,3,0
1219107874290487,497552804126144,2019,15,1,3,1477.0,3.0,1,LELE10,1,LELE10,30,2022-06-14 20:31:08,,3,0
1219107875290487,497552804126144,2019,15,1,3,1477.0,4.0,1,LELE10,1,LELE10,8,2022-06-14 20:31:08,,3,0
1219108001290487,497552805126144,2019,15,1,3,1479.0,1.0,1,AREL4,1,AREL4,6,2022-06-14 20:31:09,,3,0
1219108002290487,497552805126144,2019,15,1,3,1479.0,2.0,1,AREL4,1,AREL4,1,2022-06-14 20:31:09,,3,0
1219108003290487,497552805126144,2019,15,1,3,1479.0,3.0,1,AREL4,1,AREL4,4,2022-06-14 20:31:09,,3,0
1219108004290487,497552805126144,2019,15,1,3,1479.0,4.0,1,AREL4,1,AREL4,4,2022-06-14 20:31:09,,3,0
1219108005290487,497552805126144,2019,15,1,3,1479.0,1.0,1,CLHI3,1,CLHI3,9,2022-06-14 20:31:09,,3,0
1219108006290487,497552805126144,2019,15,1,3,1479.0,2.0,1,CLHI3,1,CLHI3,8,2022-06-14 20:31:09,,3,0
1219108007290487,497552805126144,2019,15,1,3,1479.0,3.0,1,CLHI3,1,CLHI3,40,2022-06-14 20:31:09,,3,0
1219108008290487,497552805126144,2019,15,1,3,1479.0,4.0,1,CLHI3,1,CLHI3,3,2022-06-14 20:31:09,,3,0
1219108009290487,497552805126144,2019,15,1,3,1479.0,2.0,1,LACA2,1,LACA2,1,2022-06-14 20:31:09,,3,0
1219108010290487,497552805126144,2019,15,1,3,1479.0,3.0,1,LACA2,1,LACA2,35,2022-06-14 20:31:09,,3,0
1219108011290487,497552805126144,2019,15,1,3,1479.0,1.0,1,PSCA,1,PSCA,65,2022-06-14 20:31:09,,3,0
1219108012290487,497552805126144,2019,15,1,3,1479.0,2.0,1,PSCA,1,PSCA,80,2022-06-14 20:31:09,,3,0
1219108013290487,497552805126144,2019,15,1,3,1479.0,3.0,1,PSCA,1,PSCA,65,2022-06-14 20:31:09,,3,0
1219108014290487,497552805126144,2019,15,1,3,1479.0,4.0,1,PSCA,1,PSCA,4,2022-06-14 20:31:09,,3,0
1219108015290487,497552805126144,2019,15,1,3,1479.0,1.0,1,PSGU,1,PSGU,3,2022-06-14 20:31:09,,3,0
1219108016290487,497552805126144,2019,15,1,3,1479.0,3.0,1,SCTE,1,SCTE,12,2022-06-14 20:31:09,,3,0
1219108017290487,497552805126144,2019,15,1,3,1479.0,4.0,1,SCTE,1,SCTE,5,2022-06-14 20:31:09,,3,0
1219108018290487,497552805126144,2019,15,1,3,1479.0,1.0,1,SEPA6,1,SEPA6,1,2022-06-14 20:31:09,,3,0
1219108019290487,497552805126144,2019,15,1,3,1479.0,3.0,1,SEPA6,1,SEPA6,1,2022-06-14 20:31:09,,3,0
1219108020290487,497552805126144,2019,15,1,3,1479.0,4.0,1,SEPA6,1,SEPA6,1,2022-06-14 20:31:09,,3,0
1219108165290487,497552806126144,2019,15,1,1,4403.0,1.0,1,PATRM,1,PATRM,1,2022-06-14 20:31:09,,3,0
1219108166290487,497552806126144,2019,15,1,1,4403.0,2.0,1,PATRM,1,PATRM,3,2022-06-14 20:31:09,,3,0
1219108167290487,497552806126144,2019,15,1,1,4403.0,3.0,1,PATRM,1,PATRM,2,2022-06-14 20:31:09,,3,0
1219108168290487,497552806126144,2019,15,1,1,4403.0,4.0,1,PATRM,1,PATRM,1,2022-06-14 20:31:09,,3,0
1219108169290487,497552806126144,2019,15,1,1,4403.0,1.0,1,SEMA15,1,SEMA15,1,2022-06-14 20:31:09,,3,0
1219108170290487,497552806126144,2019,15,1,1,4403.0,2.0,1,SEMA15,1,SEMA15,2,2022-06-14 20:31:09,,3,0
1219108171290487,497552806126144,2019,15,1,1,4403.0,3.0,1,SEMA15,1,SEMA15,1,2022-06-14 20:31:09,,3,0
1219108172290487,497552806126144,2019,15,1,1,4403.0,4.0,1,SEMA15,1,SEMA15,1,2022-06-14 20:31:09,,3,0
1219108444290487,497552810126144,2019,15,1,1,4508.0,1.0,1,RUELO,1,RUELO,2,2022-06-14 20:31:10,,3,0
1219108445290487,497552810126144,2019,15,1,1,4508.0,2.0,1,RUELO,1,RUELO,1,2022-06-14 20:31:10,,3,0
1219108446290487,497552810126144,2019,15,1,1,4508.0,3.0,1,RUELO,1,RUELO,2,2022-06-14 20:31:10,,3,0
1219108447290487,497552810126144,2019,15,1,1,4508.0,4.0,1,RUELO,1,RUELO,2,2022-06-14 20:31:10,,3,0
1219108448290487,497552810126144,2019,15,1,1,4508.0,2.0,1,TIHE2,1,TIHE2,1,2022-06-14 20:31:10,,3,0
1219108599290487,497552813126144,2019,15,1,1,5831.0,1.0,1,PSCA,1,PSCA,30,2022-06-14 20:31:10,,3,0
1219108600290487,497552813126144,2019,15,1,1,5831.0,2.0,1,PSCA,1,PSCA,17,2022-06-14 20:31:10,,3,0
1219108601290487,497552813126144,2019,15,1,1,5831.0,3.0,1,PSCA,1,PSCA,22,2022-06-14 20:31:10,,3,0
1219108602290487,497552813126144,2019,15,1,1,5831.0,4.0,1,PSCA,1,PSCA,7,2022-06-14 20:31:10,,3,0
1219108603290487,497552813126144,2019,15,1,1,5831.0,1.0,1,SCTE,1,SCTE,50,2022-06-14 20:31:10,,3,0
1219108604290487,497552813126144,2019,15,1,1,5831.0,2.0,1,SCTE,1,SCTE,40,2022-06-14 20:31:10,,3,0
1219108605290487,497552813126144,2019,15,1,1,5831.0,3.0,1,SCTE,1,SCTE,75,2022-06-14 20:31:10,,3,0
1219108606290487,497552813126144,2019,15,1,1,5831.0,4.0,1,SCTE,1,SCTE,75,2022-06-14 20:31:10,,3,0
1219108749290487,497552814126144,2019,15,1,1,4951.0,4.0,1,PESE3,1,PESE3,13,2022-06-14 20:31:10,,3,0
1219108750290487,497552814126144,2019,15,1,1,4951.0,1.0,1,SEMA15,1,SEMA15,2,2022-06-14 20:31:10,,3,0
1219108751290487,497552814126144,2019,15,1,1,4951.0,2.0,1,SEMA15,1,SEMA15,1,2022-06-14 20:31:10,,3,0
1219108752290487,497552814126144,2019,15,1,1,4951.0,3.0,1,SEMA15,1,SEMA15,1,2022-06-14 20:31:10,,3,0
1219108753290487,497552814126144,2019,15,1,1,4951.0,4.0,1,SEMA15,1,SEMA15,1,2022-06-14 20:31:10,,3,0
1219108746290487,497552814126144,2019,15,1,1,4951.0,1.0,1,PESE3,1,PESE3,21,2022-06-14 20:31:10,,3,0
1219108747290487,497552814126144,2019,15,1,1,4951.0,2.0,1,PESE3,1,PESE3,4,2022-06-14 20:31:10,,3,0
1219108748290487,497552814126144,2019,15,1,1,4951.0,3.0,1,PESE3,1,PESE3,3,2022-06-14 20:31:10,,3,0
1219108885290487,497552815126144,2019,15,1,1,4738.0,1.0,1,CLHI3,1,CLHI3,33,2022-06-14 20:31:11,,3,0
1219108886290487,497552815126144,2019,15,1,1,4738.0,2.0,1,CLHI3,1,CLHI3,6,2022-06-14 20:31:11,,3,0
1219108887290487,497552815126144,2019,15,1,1,4738.0,3.0,1,CLHI3,1,CLHI3,27,2022-06-14 20:31:11,,3,0
1219108888290487,497552815126144,2019,15,1,1,4738.0,4.0,1,CLHI3,1,CLHI3,61,2022-06-14 20:31:11,,3,0
1219108889290487,497552815126144,2019,15,1,1,4738.0,1.0,1,HEGA,1,HEGA,27,2022-06-14 20:31:11,,3,0
1219108890290487,497552815126144,2019,15,1,1,4738.0,2.0,1,HEGA,1,HEGA,13,2022-06-14 20:31:11,,3,0
1219102473290487,497553542126144,2019,15,1,9,1832.0,1.0,1,PSGU,1,PSGU,15,2022-06-14 20:31:01,,3,0
1219102474290487,497553542126144,2019,15,1,9,1832.0,2.0,1,PSGU,1,PSGU,30,2022-06-14 20:31:01,,3,0
1219102475290487,497553542126144,2019,15,1,9,1832.0,4.0,1,PSGU,1,PSGU,5,2022-06-14 20:31:01,,3,0
1219102602290487,497553543126144,2019,15,1,9,1834.0,2.0,1,LACA2,1,LACA2,1,2022-06-14 20:31:01,,3,0
1219102746290487,497553550126144,2019,15,1,9,1842.0,1.0,1,PSCA,1,PSCA,8,2022-06-14 20:31:01,,3,0
1219102747290487,497553550126144,2019,15,1,9,1842.0,2.0,1,PSCA,1,PSCA,3,2022-06-14 20:31:01,,3,0
1219102748290487,497553550126144,2019,15,1,9,1842.0,3.0,1,PSCA,1,PSCA,25,2022-06-14 20:31:01,,3,0
1219102749290487,497553550126144,2019,15,1,9,1842.0,4.0,1,PSCA,1,PSCA,70,2022-06-14 20:31:01,,3,0
1219102750290487,497553550126144,2019,15,1,9,1842.0,1.0,1,PSGU,1,PSGU,3,2022-06-14 20:31:01,,3,0
1219102751290487,497553550126144,2019,15,1,9,1842.0,2.0,1,PSGU,1,PSGU,20,2022-06-14 20:31:01,,3,0
1219102752290487,497553550126144,2019,15,1,9,1842.0,3.0,1,PSGU,1,PSGU,1,2022-06-14 20:31:01,,3,0
1219102753290487,497553550126144,2019,15,1,9,1842.0,4.0,1,PSGU,1,PSGU,4,2022-06-14 20:31:01,,3,0
1219102754290487,497553550126144,2019,15,1,9,1842.0,2.0,1,SCTE,1,SCTE,3,2022-06-14 20:31:01,,3,0
1219102755290487,497553550126144,2019,15,1,9,1842.0,3.0,1,SCTE,1,SCTE,1,2022-06-14 20:31:01,,3,0
1219102756290487,497553550126144,2019,15,1,9,1842.0,1.0,1,SEMA15,1,SEMA15,4,2022-06-14 20:31:01,,3,0
1219102758290487,497553550126144,2019,15,1,9,1842.0,4.0,1,TIHE2,1,TIHE2,1,2022-06-14 20:31:01,,3,0
1219102899290487,497553553126144,2019,15,1,9,1847.0,1.0,1,CLHI3,1,CLHI3,31,2022-06-14 20:31:01,,3,0
1219102900290487,497553553126144,2019,15,1,9,1847.0,2.0,1,CLHI3,1,CLHI3,16,2022-06-14 20:31:01,,3,0
1219102901290487,497553553126144,2019,15,1,9,1847.0,3.0,1,CLHI3,1,CLHI3,18,2022-06-14 20:31:01,,3,0
1219102902290487,497553553126144,2019,15,1,9,1847.0,4.0,1,CLHI3,1,CLHI3,26,2022-06-14 20:31:01,,3,0
1219102903290487,497553553126144,2019,15,1,9,1847.0,1.0,1,PSCA,1,PSCA,36,2022-06-14 20:31:01,,3,0
1219102904290487,497553553126144,2019,15,1,9,1847.0,2.0,1,PSCA,1,PSCA,31,2022-06-14 20:31:01,,3,0
1219102905290487,497553553126144,2019,15,1,9,1847.0,3.0,1,PSCA,1,PSCA,10,2022-06-14 20:31:01,,3,0
1219102906290487,497553553126144,2019,15,1,9,1847.0,4.0,1,PSCA,1,PSCA,34,2022-06-14 20:31:01,,3,0
1219102907290487,497553553126144,2019,15,1,9,1847.0,1.0,1,SEPA6,1,SEPA6,15,2022-06-14 20:31:01,,3,0
1219102908290487,497553553126144,2019,15,1,9,1847.0,2.0,1,SEPA6,1,SEPA6,45,2022-06-14 20:31:01,,3,0
1219102909290487,497553553126144,2019,15,1,9,1847.0,3.0,1,SEPA6,1,SEPA6,4,2022-06-14 20:31:01,,3,0
1219102910290487,497553553126144,2019,15,1,9,1847.0,4.0,1,SEPA6,1,SEPA6,22,2022-06-14 20:31:01,,3,0
1219102911290487,497553553126144,2019,15,1,9,1847.0,1.0,1,TIHE2,1,TIHE2,2,2022-06-14 20:31:01,,3,0
1219102912290487,497553553126144,2019,15,1,9,1847.0,2.0,1,TIHE2,1,TIHE2,2,2022-06-14 20:31:01,,3,0
1219102913290487,497553553126144,2019,15,1,9,1847.0,3.0,1,TIHE2,1,TIHE2,2,2022-06-14 20:31:01,,3,0
1219102914290487,497553553126144,2019,15,1,9,1847.0,4.0,1,TIHE2,1,TIHE2,2,2022-06-14 20:31:01,,3,0
1219103067290487,497553556126144,2019,15,1,9,1852.0,1.0,1,LACA2,1,LACA2,1,2022-06-14 20:31:02,,3,0
1219103068290487,497553556126144,2019,15,1,9,1852.0,1.0,2,LACA2,1,LACA2,1,2022-06-14 20:31:02,,3,0
1219103069290487,497553556126144,2019,15,1,9,1852.0,2.0,1,LACA2,1,LACA2,15,2022-06-14 20:31:02,,3,0
1219103070290487,497553556126144,2019,15,1,9,1852.0,3.0,1,LACA2,1,LACA2,1,2022-06-14 20:31:02,,3,0
1219103071290487,497553556126144,2019,15,1,9,1852.0,4.0,2,LACA2,1,LACA2,1,2022-06-14 20:31:02,,3,0
1219103072290487,497553556126144,2019,15,1,9,1852.0,1.0,1,PSGU,1,PSGU,1,2022-06-14 20:31:02,,3,0
1219103073290487,497553556126144,2019,15,1,9,1852.0,1.0,2,PSGU,1,PSGU,1,2022-06-14 20:31:02,,3,0
1219103074290487,497553556126144,2019,15,1,9,1852.0,2.0,1,PSGU,1,PSGU,1,2022-06-14 20:31:02,,3,0
1219103075290487,497553556126144,2019,15,1,9,1852.0,3.0,1,PSGU,1,PSGU,1,2022-06-14 20:31:02,,3,0
1219103076290487,497553556126144,2019,15,1,9,1852.0,4.0,2,PSGU,1,PSGU,1,2022-06-14 20:31:02,,3,0
1219103077290487,497553556126144,2019,15,1,9,1852.0,1.0,1,SCTE,1,SCTE,45,2022-06-14 20:31:02,,3,0
1219103078290487,497553556126144,2019,15,1,9,1852.0,1.0,2,SCTE,1,SCTE,2,2022-06-14 20:31:02,,3,0
1219103079290487,497553556126144,2019,15,1,9,1852.0,2.0,1,SCTE,1,SCTE,40,2022-06-14 20:31:02,,3,0
1219103080290487,497553556126144,2019,15,1,9,1852.0,3.0,1,SCTE,1,SCTE,55,2022-06-14 20:31:02,,3,0
1219103081290487,497553556126144,2019,15,1,9,1852.0,4.0,2,SCTE,1,SCTE,65,2022-06-14 20:31:02,,3,0
1219103224290487,497553557126144,2019,15,1,9,1853.0,1.0,1,AREL4,1,AREL4,2,2022-06-14 20:31:02,,3,0
1219103225290487,497553557126144,2019,15,1,9,1853.0,1.0,1,CLHI3,1,CLHI3,7,2022-06-14 20:31:02,,3,0
1219103226290487,497553557126144,2019,15,1,9,1853.0,1.0,2,CLHI3,1,CLHI3,1,2022-06-14 20:31:02,,3,0
1219103227290487,497553557126144,2019,15,1,9,1853.0,2.0,1,CLHI3,1,CLHI3,60,2022-06-14 20:31:02,,3,0
1219103228290487,497553557126144,2019,15,1,9,1853.0,4.0,2,CLHI3,1,CLHI3,20,2022-06-14 20:31:02,,3,0
1219103229290487,497553557126144,2019,15,1,9,1853.0,4.0,2,CYCO18,1,CYCO18,2,2022-06-14 20:31:02,,3,0
1219103230290487,497553557126144,2019,15,1,9,1853.0,1.0,1,FIRU4,1,FIRU4,7,2022-06-14 20:31:02,,3,0
1219103231290487,497553557126144,2019,15,1,9,1853.0,2.0,1,FIRU4,1,FIRU4,20,2022-06-14 20:31:02,,3,0
1219103232290487,497553557126144,2019,15,1,9,1853.0,2.0,1,HEGA,1,HEGA,2,2022-06-14 20:31:02,,3,0
1219103233290487,497553557126144,2019,15,1,9,1853.0,4.0,2,HEGA,1,HEGA,1,2022-06-14 20:31:02,,3,0
1219103234290487,497553557126144,2019,15,1,9,1853.0,1.0,1,MEQU,1,MEQU,50,2022-06-14 20:31:02,,3,0
1219103235290487,497553557126144,2019,15,1,9,1853.0,1.0,2,MEQU,1,MEQU,6,2022-06-14 20:31:02,,3,0
1219103236290487,497553557126144,2019,15,1,9,1853.0,4.0,2,MEQU,1,MEQU,60,2022-06-14 20:31:02,,3,0
1219103237290487,497553557126144,2019,15,1,9,1853.0,1.0,1,PSCA,1,PSCA,80,2022-06-14 20:31:02,,3,0
1219103238290487,497553557126144,2019,15,1,9,1853.0,1.0,2,PSCA,1,PSCA,4,2022-06-14 20:31:02,,3,0
1219103239290487,497553557126144,2019,15,1,9,1853.0,2.0,1,PSCA,1,PSCA,50,2022-06-14 20:31:02,,3,0
1219103240290487,497553557126144,2019,15,1,9,1853.0,4.0,2,PSCA,1,PSCA,65,2022-06-14 20:31:02,,3,0
1219103241290487,497553557126144,2019,15,1,9,1853.0,1.0,1,SEPA6,1,SEPA6,6,2022-06-14 20:31:02,,3,0
1219103242290487,497553557126144,2019,15,1,9,1853.0,2.0,1,SEPA6,1,SEPA6,2,2022-06-14 20:31:02,,3,0
1219103243290487,497553557126144,2019,15,1,9,1853.0,4.0,2,SEPA6,1,SEPA6,9,2022-06-14 20:31:02,,3,0
1219103244290487,497553557126144,2019,15,1,9,1853.0,1.0,1,SPCA2,1,SPCA2,6,2022-06-14 20:31:02,,3,0
1219103245290487,497553557126144,2019,15,1,9,1853.0,2.0,1,SPCA2,1,SPCA2,4,2022-06-14 20:31:02,,3,0
1219103246290487,497553557126144,2019,15,1,9,1853.0,2.0,1,TIHE2,1,TIHE2,1,2022-06-14 20:31:02,,3,0
1219103386290487,497553560126144,2019,15,1,9,1858.0,3.0,3,HEGA,1,HEGA,2,2022-06-14 20:31:02,,3,0
1219103387290487,497553560126144,2019,15,1,9,1858.0,1.0,1,LESC2,1,LESC2,6,2022-06-14 20:31:02,,3,0
1219103388290487,497553560126144,2019,15,1,9,1858.0,1.0,1,PSCA,1,PSCA,21,2022-06-14 20:31:02,,3,0
1219103389290487,497553560126144,2019,15,1,9,1858.0,3.0,1,PSCA,1,PSCA,19,2022-06-14 20:31:02,,3,0
1219103390290487,497553560126144,2019,15,1,9,1858.0,3.0,3,PSCA,1,PSCA,67,2022-06-14 20:31:02,,3,0
1219103391290487,497553560126144,2019,15,1,9,1858.0,1.0,1,TIHE2,1,TIHE2,15,2022-06-14 20:31:02,,3,0
1219103392290487,497553560126144,2019,15,1,9,1858.0,3.0,3,TIHE2,1,TIHE2,2,2022-06-14 20:31:02,,3,0
1219103490290487,497553561126144,2019,15,1,9,1859.0,2.0,2,AREL4,1,AREL4,3,2022-06-14 20:31:02,,3,0
1219103491290487,497553561126144,2019,15,1,9,1859.0,1.0,2,CLHI3,1,CLHI3,2,2022-06-14 20:31:02,,3,0
1219103492290487,497553561126144,2019,15,1,9,1859.0,2.0,2,CLHI3,1,CLHI3,30,2022-06-14 20:31:02,,3,0
1219103493290487,497553561126144,2019,15,1,9,1859.0,4.0,2,CLHI3,1,CLHI3,11,2022-06-14 20:31:02,,3,0
1219103494290487,497553561126144,2019,15,1,9,1859.0,4.0,2,MEQU,1,MEQU,27,2022-06-14 20:31:02,,3,0
1219103495290487,497553561126144,2019,15,1,9,1859.0,1.0,2,SPCA2,1,SPCA2,2,2022-06-14 20:31:02,,3,0
1219103496290487,497553561126144,2019,15,1,9,1859.0,2.0,2,SPCA2,1,SPCA2,1,2022-06-14 20:31:02,,3,0
1219103497290487,497553561126144,2019,15,1,9,1859.0,4.0,2,SPCA2,1,SPCA2,13,2022-06-14 20:31:02,,3,0
1219103615290487,497553565126144,2019,15,1,9,1865.0,2.0,1,AREL4,1,AREL4,1,2022-06-14 20:31:02,,3,0
1219103616290487,497553565126144,2019,15,1,9,1865.0,3.0,1,AREL4,1,AREL4,1,2022-06-14 20:31:02,,3,0
1219103617290487,497553565126144,2019,15,1,9,1865.0,4.0,1,AREL4,1,AREL4,1,2022-06-14 20:31:02,,3,0
1219103618290487,497553565126144,2019,15,1,9,1865.0,2.0,1,CLHI3,1,CLHI3,2,2022-06-14 20:31:02,,3,0
1219103619290487,497553565126144,2019,15,1,9,1865.0,3.0,1,CLHI3,1,CLHI3,4,2022-06-14 20:31:02,,3,0
1219103620290487,497553565126144,2019,15,1,9,1865.0,4.0,1,CLHI3,1,CLHI3,1,2022-06-14 20:31:02,,3,0
1219103625290487,497553565126144,2019,15,1,9,1865.0,2.0,1,MICA20,1,MICA20,1,2022-06-14 20:31:02,,3,0
1219103626290487,497553565126144,2019,15,1,9,1865.0,3.0,1,MICA20,1,MICA20,3,2022-06-14 20:31:02,,3,0
1219103627290487,497553565126144,2019,15,1,9,1865.0,4.0,1,MICA20,1,MICA20,1,2022-06-14 20:31:02,,3,0
1219103754290487,497553567126144,2019,15,1,9,1868.0,2.0,1,GRRO,1,GRRO,8,2022-06-14 20:31:02,,3,0
1219103755290487,497553567126144,2019,15,1,9,1868.0,4.0,1,GRRO,1,GRRO,1,2022-06-14 20:31:02,,3,0
1219103756290487,497553567126144,2019,15,1,9,1868.0,1.0,1,LACA2,1,LACA2,2,2022-06-14 20:31:02,,3,0
1219103757290487,497553567126144,2019,15,1,9,1868.0,3.0,1,LACA2,1,LACA2,1,2022-06-14 20:31:02,,3,0
1219103758290487,497553567126144,2019,15,1,9,1868.0,1.0,1,PSGU,1,PSGU,1,2022-06-14 20:31:02,,3,0
1219103759290487,497553567126144,2019,15,1,9,1868.0,2.0,1,PSGU,1,PSGU,1,2022-06-14 20:31:02,,3,0
1219103760290487,497553567126144,2019,15,1,9,1868.0,3.0,1,PSGU,1,PSGU,1,2022-06-14 20:31:02,,3,0
1219103761290487,497553567126144,2019,15,1,9,1868.0,1.0,1,SCTE,1,SCTE,29,2022-06-14 20:31:02,,3,0
1219103762290487,497553567126144,2019,15,1,9,1868.0,2.0,1,SCTE,1,SCTE,21,2022-06-14 20:31:02,,3,0
1219104013290487,497553569126144,2019,15,1,1,4955.0,1.0,1,TIHE2,1,TIHE2,1,2022-06-14 20:31:02,,3,0
1219104283290487,497553572126144,2019,15,1,1,4898.0,1.0,1,LELE10,1,LELE10,18,2022-06-14 20:31:03,,3,0
1219104284290487,497553572126144,2019,15,1,1,4898.0,2.0,1,LELE10,1,LELE10,4,2022-06-14 20:31:03,,3,0
1219104285290487,497553572126144,2019,15,1,1,4898.0,4.0,1,LELE10,1,LELE10,42,2022-06-14 20:31:03,,3,0
1219104286290487,497553572126144,2019,15,1,1,4898.0,1.0,1,SCTE,1,SCTE,16,2022-06-14 20:31:03,,3,0
1219104287290487,497553572126144,2019,15,1,1,4898.0,4.0,1,SCTE,1,SCTE,2,2022-06-14 20:31:03,,3,0
1219104394290487,497553575126144,2019,15,1,1,2409.0,1.0,1,PATRM,1,PATRM,15,2022-06-14 20:31:03,,3,0
1219104395290487,497553575126144,2019,15,1,1,2409.0,2.0,1,PATRM,1,PATRM,10,2022-06-14 20:31:03,,3,0
1219104396290487,497553575126144,2019,15,1,1,2409.0,3.0,1,PATRM,1,PATRM,20,2022-06-14 20:31:03,,3,0
1219104397290487,497553575126144,2019,15,1,1,2409.0,4.0,1,PATRM,1,PATRM,6,2022-06-14 20:31:03,,3,0
1219104551290487,497553580126144,2019,15,1,1,2415.0,4.0,1,GRRO,1,GRRO,15,2022-06-14 20:31:03,,3,0
1219104552290487,497553580126144,2019,15,1,1,2415.0,1.0,1,PESE3,1,PESE3,80,2022-06-14 20:31:03,,3,0
1219104553290487,497553580126144,2019,15,1,1,2415.0,2.0,1,PESE3,1,PESE3,95,2022-06-14 20:31:03,,3,0
1219104554290487,497553580126144,2019,15,1,1,2415.0,3.0,1,PESE3,1,PESE3,45,2022-06-14 20:31:03,,3,0
1219104555290487,497553580126144,2019,15,1,1,2415.0,4.0,1,PESE3,1,PESE3,95,2022-06-14 20:31:03,,3,0
1219104690290487,497553582126144,2019,15,1,1,2418.0,3.0,2,SPCA2,1,SPCA2,5,2022-06-14 20:31:03,,3,0
1219104890290487,497553587126144,2019,15,1,1,2424.0,2.0,2,AREL4,1,AREL4,73,2022-06-14 20:31:03,,3,0
1219104891290487,497553587126144,2019,15,1,1,2424.0,3.0,2,AREL4,1,AREL4,7,2022-06-14 20:31:03,,3,0
1219104892290487,497553587126144,2019,15,1,1,2424.0,2.0,2,CLHI3,1,CLHI3,3,2022-06-14 20:31:03,,3,0
1219104893290487,497553587126144,2019,15,1,1,2424.0,3.0,2,CLHI3,1,CLHI3,1,2022-06-14 20:31:03,,3,0
1219104894290487,497553587126144,2019,15,1,1,2424.0,2.0,2,MECA9,1,MECA9,67,2022-06-14 20:31:03,,3,0
366375530489998,47825610010497,2010,15,1,1,4372.0,2.0,1,PESE3,1,PESE3,65,2015-12-21 18:15:39,2021-06-04 15:05:17,2,0
366375531489998,47825610010497,2010,15,1,1,4372.0,3.0,1,PESE3,1,PESE3,85,2015-12-21 18:15:39,2021-06-04 15:05:17,2,0
366375532489998,47825610010497,2010,15,1,1,4372.0,4.0,1,PESE3,1,PESE3,93,2015-12-21 18:15:39,2021-06-04 15:05:17,2,0
366323084489998,47825614010497,2010,15,1,1,5469.0,1.0,1,GRRO,1,GRRO,20,2015-12-18 18:11:56,2021-06-04 15:05:17,2,0
366323085489998,47825614010497,2010,15,1,1,5469.0,3.0,1,GRRO,1,GRRO,60,2015-12-18 18:11:56,2021-06-04 15:05:17,2,0
366323086489998,47825614010497,2010,15,1,1,5469.0,2.0,1,LACA2,1,LACA2,10,2015-12-18 18:11:56,2021-06-04 15:05:17,2,0
366323087489998,47825614010497,2010,15,1,1,5469.0,3.0,1,LACA2,1,LACA2,25,2015-12-18 18:11:56,2021-06-04 15:05:17,2,0
366323088489998,47825614010497,2010,15,1,1,5469.0,4.0,1,LACA2,1,LACA2,3,2015-12-18 18:11:56,2021-06-04 15:05:17,2,0
366323089489998,47825614010497,2010,15,1,1,5469.0,1.0,1,PESE3,1,PESE3,85,2015-12-18 18:11:56,2021-06-04 15:05:17,2,0
366323090489998,47825614010497,2010,15,1,1,5469.0,2.0,1,PESE3,1,PESE3,65,2015-12-18 18:11:56,2021-06-04 15:05:17,2,0
366323091489998,47825614010497,2010,15,1,1,5469.0,3.0,1,PESE3,1,PESE3,90,2015-12-18 18:11:56,2021-06-04 15:05:17,2,0
366323092489998,47825614010497,2010,15,1,1,5469.0,4.0,1,PESE3,1,PESE3,90,2015-12-18 18:11:56,2021-06-04 15:05:17,2,0
365902582489998,47825617010497,2010,15,1,1,5675.0,1.0,1,PESE3,1,PESE3,3,2015-12-17 12:40:13,2021-06-04 15:05:17,2,0
365902583489998,47825617010497,2010,15,1,1,5675.0,2.0,1,PESE3,1,PESE3,2,2015-12-17 12:40:13,2021-06-04 15:05:17,2,0
365902584489998,47825617010497,2010,15,1,1,5675.0,3.0,1,PESE3,1,PESE3,1,2015-12-17 12:40:13,2021-06-04 15:05:17,2,0
365902585489998,47825617010497,2010,15,1,1,5675.0,4.0,1,PESE3,1,PESE3,2,2015-12-17 12:40:13,2021-06-04 15:05:17,2,0
366323207489998,47825624010497,2010,15,1,1,5432.0,2.0,1,LACA2,1,LACA2,2,2015-12-18 18:11:56,2021-06-04 15:05:17,2,0
366323208489998,47825624010497,2010,15,1,1,5432.0,3.0,1,LACA2,1,LACA2,3,2015-12-18 18:11:56,2021-06-04 15:05:17,2,0
366323209489998,47825624010497,2010,15,1,1,5432.0,1.0,1,PESE3,1,PESE3,48,2015-12-18 18:11:56,2021-06-04 15:05:17,2,0
366323210489998,47825624010497,2010,15,1,1,5432.0,2.0,1,PESE3,1,PESE3,60,2015-12-18 18:11:56,2021-06-04 15:05:17,2,0
366323211489998,47825624010497,2010,15,1,1,5432.0,3.0,1,PESE3,1,PESE3,58,2015-12-18 18:11:56,2021-06-04 15:05:17,2,0
366323212489998,47825624010497,2010,15,1,1,5432.0,4.0,1,PESE3,1,PESE3,65,2015-12-18 18:11:56,2021-06-04 15:05:17,2,0
366323326489998,47825627010497,2010,15,1,1,4839.0,1.0,1,CYCO18,1,CYCO18,2,2015-12-18 18:11:56,2021-06-04 15:05:17,2,0
366323327489998,47825627010497,2010,15,1,1,4839.0,2.0,1,MECA9,1,MECA9,2,2015-12-18 18:11:56,2021-06-04 15:05:17,2,0
366323328489998,47825627010497,2010,15,1,1,4839.0,3.0,1,MECA9,1,MECA9,1,2015-12-18 18:11:56,2021-06-04 15:05:17,2,0
366323329489998,47825627010497,2010,15,1,1,4839.0,1.0,1,PSCA,1,PSCA,2,2015-12-18 18:11:56,2021-06-04 15:05:17,2,0
366323330489998,47825627010497,2010,15,1,1,4839.0,2.0,1,PSCA,1,PSCA,8,2015-12-18 18:11:56,2021-06-04 15:05:17,2,0
366323331489998,47825627010497,2010,15,1,1,4839.0,3.0,1,PSCA,1,PSCA,5,2015-12-18 18:11:56,2021-06-04 15:05:17,2,0
366323332489998,47825627010497,2010,15,1,1,4839.0,4.0,1,PSCA,1,PSCA,2,2015-12-18 18:11:56,2021-06-04 15:05:17,2,0
366323333489998,47825627010497,2010,15,1,1,4839.0,3.0,1,PSGU,1,PSGU,1,2015-12-18 18:11:56,2021-06-04 15:05:17,2,0
366323455489998,47825629010497,2010,15,1,1,4232.0,4.0,1,LACA2,1,LACA2,1,2015-12-18 18:11:57,2021-06-04 15:05:17,2,0
366323456489998,47825629010497,2010,15,1,1,4232.0,1.0,1,PESE3,1,PESE3,40,2015-12-18 18:11:57,2021-06-04 15:05:17,2,0
366323457489998,47825629010497,2010,15,1,1,4232.0,2.0,1,PESE3,1,PESE3,20,2015-12-18 18:11:57,2021-06-04 15:05:17,2,0
366323458489998,47825629010497,2010,15,1,1,4232.0,3.0,1,PESE3,1,PESE3,10,2015-12-18 18:11:57,2021-06-04 15:05:17,2,0
366323459489998,47825629010497,2010,15,1,1,4232.0,4.0,1,PESE3,1,PESE3,29,2015-12-18 18:11:57,2021-06-04 15:05:17,2,0
365903086489998,47825633010497,2010,15,1,1,4830.0,1.0,1,PESE3,1,PESE3,1,2015-12-17 12:40:14,2021-06-04 15:05:17,2,0
365903087489998,47825633010497,2010,15,1,1,4830.0,2.0,1,PESE3,1,PESE3,1,2015-12-17 12:40:14,2021-06-04 15:05:17,2,0
365903088489998,47825633010497,2010,15,1,1,4830.0,3.0,1,PESE3,1,PESE3,1,2015-12-17 12:40:14,2021-06-04 15:05:17,2,0
365903089489998,47825633010497,2010,15,1,1,4830.0,4.0,1,PESE3,1,PESE3,3,2015-12-17 12:40:14,2021-06-04 15:05:17,2,0
366342465489998,47825636010497,2010,15,1,1,5281.0,1.0,1,PESE3,1,PESE3,28,2015-12-21 11:34:03,2021-06-04 15:05:17,2,0
366342466489998,47825636010497,2010,15,1,1,5281.0,2.0,1,PESE3,1,PESE3,73,2015-12-21 11:34:03,2021-06-04 15:05:17,2,0
366342467489998,47825636010497,2010,15,1,1,5281.0,3.0,1,PESE3,1,PESE3,5,2015-12-21 11:34:03,2021-06-04 15:05:17,2,0
366342468489998,47825636010497,2010,15,1,1,5281.0,4.0,1,PESE3,1,PESE3,8,2015-12-21 11:34:03,2021-06-04 15:05:17,2,0
366323735489998,47825642010497,2010,15,1,1,5626.0,2.0,1,CLHI3,1,CLHI3,2,2015-12-18 18:11:57,2021-06-04 15:05:17,2,0
366323736489998,47825642010497,2010,15,1,1,5626.0,3.0,1,CLHI3,1,CLHI3,1,2015-12-18 18:11:57,2021-06-04 15:05:17,2,0
366323737489998,47825642010497,2010,15,1,1,5626.0,4.0,1,CLHI3,1,CLHI3,2,2015-12-18 18:11:57,2021-06-04 15:05:17,2,0
366323738489998,47825642010497,2010,15,1,1,5626.0,3.0,1,LACA2,1,LACA2,1,2015-12-18 18:11:57,2021-06-04 15:05:17,2,0
366323739489998,47825642010497,2010,15,1,1,5626.0,1.0,1,MECA9,1,MECA9,5,2015-12-18 18:11:57,2021-06-04 15:05:17,2,0
366323740489998,47825642010497,2010,15,1,1,5626.0,2.0,1,MECA9,1,MECA9,65,2015-12-18 18:11:57,2021-06-04 15:05:17,2,0
366323741489998,47825642010497,2010,15,1,1,5626.0,3.0,1,MECA9,1,MECA9,7,2015-12-18 18:11:57,2021-06-04 15:05:17,2,0
366323742489998,47825642010497,2010,15,1,1,5626.0,4.0,1,MECA9,1,MECA9,55,2015-12-18 18:11:57,2021-06-04 15:05:17,2,0
366323743489998,47825642010497,2010,15,1,1,5626.0,1.0,1,PSCA,1,PSCA,2,2015-12-18 18:11:57,2021-06-04 15:05:17,2,0
366323744489998,47825642010497,2010,15,1,1,5626.0,2.0,1,PSCA,1,PSCA,23,2015-12-18 18:11:57,2021-06-04 15:05:17,2,0
366323745489998,47825642010497,2010,15,1,1,5626.0,3.0,1,PSCA,1,PSCA,1,2015-12-18 18:11:57,2021-06-04 15:05:17,2,0
366323746489998,47825642010497,2010,15,1,1,5626.0,4.0,1,PSCA,1,PSCA,35,2015-12-18 18:11:57,2021-06-04 15:05:17,2,0
365903464489998,47825643010497,2010,15,1,1,4937.0,1.0,1,MECA9,1,MECA9,1,2015-12-17 12:40:15,2021-06-04 15:05:17,2,0
365903587489998,47825646010497,2010,15,1,1,5347.0,1.0,1,PSCA,1,PSCA,2,2015-12-17 12:40:15,2021-06-04 15:05:17,2,0
365903588489998,47825646010497,2010,15,1,1,5347.0,2.0,1,PSCA,1,PSCA,3,2015-12-17 12:40:15,2021-06-04 15:05:17,2,0
365903589489998,47825646010497,2010,15,1,1,5347.0,3.0,1,PSCA,1,PSCA,4,2015-12-17 12:40:15,2021-06-04 15:05:17,2,0
365903590489998,47825646010497,2010,15,1,1,5347.0,4.0,1,PSCA,1,PSCA,35,2015-12-17 12:40:15,2021-06-04 15:05:17,2,0
365903591489998,47825646010497,2010,15,1,1,5347.0,1.0,1,SEPA6,1,SEPA6,15,2015-12-17 12:40:15,2021-06-04 15:05:17,2,0
365903592489998,47825646010497,2010,15,1,1,5347.0,2.0,1,SEPA6,1,SEPA6,20,2015-12-17 12:40:15,2021-06-04 15:05:17,2,0
365903593489998,47825646010497,2010,15,1,1,5347.0,3.0,1,SEPA6,1,SEPA6,15,2015-12-17 12:40:15,2021-06-04 15:05:17,2,0
365903594489998,47825646010497,2010,15,1,1,5347.0,4.0,1,SEPA6,1,SEPA6,7,2015-12-17 12:40:15,2021-06-04 15:05:17,2,0
365903595489998,47825646010497,2010,15,1,1,5347.0,1.0,1,TIHE2,1,TIHE2,1,2015-12-17 12:40:15,2021-06-04 15:05:17,2,0
365903596489998,47825646010497,2010,15,1,1,5347.0,2.0,1,TIHE2,1,TIHE2,2,2015-12-17 12:40:15,2021-06-04 15:05:17,2,0
365903597489998,47825646010497,2010,15,1,1,5347.0,3.0,1,TIHE2,1,TIHE2,2,2015-12-17 12:40:15,2021-06-04 15:05:17,2,0
365903724489998,47825647010497,2010,15,1,1,4403.0,1.0,1,PAMO5,1,PATRM,1,2015-12-17 12:40:15,2021-06-04 15:05:17,2,0
365903725489998,47825647010497,2010,15,1,1,4403.0,2.0,1,PAMO5,1,PATRM,3,2015-12-17 12:40:15,2021-06-04 15:05:17,2,0
365903726489998,47825647010497,2010,15,1,1,4403.0,4.0,1,PAMO5,1,PATRM,2,2015-12-17 12:40:15,2021-06-04 15:05:17,2,0
366324004489998,47825653010497,2010,15,1,1,4508.0,1.0,1,PAMO5,1,PATRM,1,2015-12-18 18:11:58,2021-06-04 15:05:17,2,0
366324005489998,47825653010497,2010,15,1,1,4508.0,1.0,1,RUELO,1,RUELO,1,2015-12-18 18:11:58,2021-06-04 15:05:17,2,0
366324006489998,47825653010497,2010,15,1,1,4508.0,2.0,1,RUELO,1,RUELO,1,2015-12-18 18:11:58,2021-06-04 15:05:17,2,0
366324007489998,47825653010497,2010,15,1,1,4508.0,4.0,1,RUELO,1,RUELO,1,2015-12-18 18:11:58,2021-06-04 15:05:17,2,0
366324137489998,47825658010497,2010,15,1,1,4951.0,1.0,1,PESE3,1,PESE3,24,2015-12-18 18:11:58,2021-06-04 15:05:17,2,0
366324138489998,47825658010497,2010,15,1,1,4951.0,2.0,1,PESE3,1,PESE3,6,2015-12-18 18:11:58,2021-06-04 15:05:17,2,0
366324139489998,47825658010497,2010,15,1,1,4951.0,4.0,1,PESE3,1,PESE3,64,2015-12-18 18:11:58,2021-06-04 15:05:17,2,0
365904243489998,47825659010497,2010,15,1,1,4738.0,1.0,1,HEGA,1,HEGA,3,2015-12-17 12:40:17,2021-06-04 15:05:17,2,0
365904244489998,47825659010497,2010,15,1,1,4738.0,3.0,1,HEGA,1,HEGA,5,2015-12-17 12:40:17,2021-06-04 15:05:17,2,0
365904245489998,47825659010497,2010,15,1,1,4738.0,4.0,1,HEGA,1,HEGA,2,2015-12-17 12:40:17,2021-06-04 15:05:17,2,0
365904246489998,47825659010497,2010,15,1,1,4738.0,1.0,1,PSCA,1,PSCA,1,2015-12-17 12:40:17,2021-06-04 15:05:17,2,0
365904247489998,47825659010497,2010,15,1,1,4738.0,2.0,1,PSCA,1,PSCA,2,2015-12-17 12:40:17,2021-06-04 15:05:17,2,0
365904248489998,47825659010497,2010,15,1,1,4738.0,3.0,1,PSCA,1,PSCA,1,2015-12-17 12:40:17,2021-06-04 15:05:17,2,0
365904249489998,47825659010497,2010,15,1,1,4738.0,2.0,1,PSGU,1,PSGU,6,2015-12-17 12:40:17,2021-06-04 15:05:17,2,0
365904250489998,47825659010497,2010,15,1,1,4738.0,3.0,1,PSGU,1,PSGU,8,2015-12-17 12:40:17,2021-06-04 15:05:17,2,0
365904251489998,47825659010497,2010,15,1,1,4738.0,4.0,1,PSGU,1,PSGU,4,2015-12-17 12:40:17,2021-06-04 15:05:17,2,0
365904252489998,47825659010497,2010,15,1,1,4738.0,1.0,1,SCTE,1,SCTE,75,2015-12-17 12:40:17,2021-06-04 15:05:17,2,0
365904253489998,47825659010497,2010,15,1,1,4738.0,3.0,1,SCTE,1,SCTE,15,2015-12-17 12:40:17,2021-06-04 15:05:17,2,0
365904254489998,47825659010497,2010,15,1,1,4738.0,4.0,1,SCTE,1,SCTE,37,2015-12-17 12:40:17,2021-06-04 15:05:17,2,0
365904255489998,47825659010497,2010,15,1,1,4738.0,3.0,1,TIHE2,1,TIHE2,1,2015-12-17 12:40:17,2021-06-04 15:05:17,2,0
365904382489998,47825662010497,2010,15,1,1,5262.0,1.0,1,CLHI3,1,CLHI3,42,2015-12-17 12:40:17,2021-06-04 15:05:17,2,0
365904383489998,47825662010497,2010,15,1,1,5262.0,2.0,1,CLHI3,1,CLHI3,5,2015-12-17 12:40:17,2021-06-04 15:05:17,2,0
365904384489998,47825662010497,2010,15,1,1,5262.0,3.0,1,CLHI3,1,CLHI3,20,2015-12-17 12:40:17,2021-06-04 15:05:17,2,0
365904385489998,47825662010497,2010,15,1,1,5262.0,4.0,1,CLHI3,1,CLHI3,17,2015-12-17 12:40:17,2021-06-04 15:05:17,2,0
365904386489998,47825662010497,2010,15,1,1,5262.0,1.0,1,FAMO,1,FAMO,15,2015-12-17 12:40:17,2021-06-04 15:05:17,2,0
365904387489998,47825662010497,2010,15,1,1,5262.0,1.0,1,MECA9,1,MECA9,15,2015-12-17 12:40:17,2021-06-04 15:05:17,2,0
365904388489998,47825662010497,2010,15,1,1,5262.0,3.0,1,MECA9,1,MECA9,7,2015-12-17 12:40:17,2021-06-04 15:05:17,2,0
365904389489998,47825662010497,2010,15,1,1,5262.0,4.0,1,MECA9,1,MECA9,8,2015-12-17 12:40:17,2021-06-04 15:05:17,2,0
365904390489998,47825662010497,2010,15,1,1,5262.0,1.0,1,PSCA,1,PSCA,10,2015-12-17 12:40:17,2021-06-04 15:05:17,2,0
365904391489998,47825662010497,2010,15,1,1,5262.0,3.0,1,PSCA,1,PSCA,5,2015-12-17 12:40:17,2021-06-04 15:05:17,2,0
365904392489998,47825662010497,2010,15,1,1,5262.0,1.0,1,PSGU,1,PSGU,3,2015-12-17 12:40:17,2021-06-04 15:05:17,2,0
365904393489998,47825662010497,2010,15,1,1,5262.0,2.0,1,PSGU,1,PSGU,30,2015-12-17 12:40:17,2021-06-04 15:05:17,2,0
365904533489998,47825664010497,2010,15,1,1,5246.0,1.0,1,CLHI3,1,CLHI3,2,2015-12-17 12:40:17,2021-06-04 15:05:17,2,0
365904534489998,47825664010497,2010,15,1,1,5246.0,2.0,1,CLHI3,1,CLHI3,2,2015-12-17 12:40:17,2021-06-04 15:05:17,2,0
365904535489998,47825664010497,2010,15,1,1,5246.0,3.0,1,CLHI3,1,CLHI3,5,2015-12-17 12:40:17,2021-06-04 15:05:17,2,0
365904536489998,47825664010497,2010,15,1,1,5246.0,4.0,1,CLHI3,1,CLHI3,1,2015-12-17 12:40:17,2021-06-04 15:05:17,2,0
365904537489998,47825664010497,2010,15,1,1,5246.0,1.0,1,MECA9,1,MECA9,23,2015-12-17 12:40:17,2021-06-04 15:05:17,2,0
365904538489998,47825664010497,2010,15,1,1,5246.0,2.0,1,MECA9,1,MECA9,50,2015-12-17 12:40:17,2021-06-04 15:05:17,2,0
365904539489998,47825664010497,2010,15,1,1,5246.0,3.0,1,MECA9,1,MECA9,30,2015-12-17 12:40:17,2021-06-04 15:05:17,2,0
365904540489998,47825664010497,2010,15,1,1,5246.0,4.0,1,MECA9,1,MECA9,45,2015-12-17 12:40:17,2021-06-04 15:05:17,2,0
365904541489998,47825664010497,2010,15,1,1,5246.0,1.0,1,PSCA,1,PSCA,58,2015-12-17 12:40:17,2021-06-04 15:05:17,2,0
365904542489998,47825664010497,2010,15,1,1,5246.0,2.0,1,PSCA,1,PSCA,75,2015-12-17 12:40:17,2021-06-04 15:05:17,2,0
365904543489998,47825664010497,2010,15,1,1,5246.0,3.0,1,PSCA,1,PSCA,40,2015-12-17 12:40:17,2021-06-04 15:05:18,2,0
365904544489998,47825664010497,2010,15,1,1,5246.0,4.0,1,PSCA,1,PSCA,87,2015-12-17 12:40:17,2021-06-04 15:05:18,2,0
365904672489998,47825667010497,2010,15,1,1,4994.0,2.0,2,LACA2,1,LACA2,3,2015-12-17 12:40:17,2021-06-04 15:05:18,2,0
365904673489998,47825667010497,2010,15,1,1,4994.0,2.0,2,LELE10,1,LELE10,1,2015-12-17 12:40:17,2021-06-04 15:05:18,2,0
365904674489998,47825667010497,2010,15,1,1,4994.0,2.0,2,PSGU,1,PSGU,1,2015-12-17 12:40:17,2021-06-04 15:05:18,2,0
1219108891290487,497552815126144,2019,15,1,1,4738.0,3.0,1,HEGA,1,HEGA,1,2022-06-14 20:31:11,,3,0
1219108892290487,497552815126144,2019,15,1,1,4738.0,4.0,1,HEGA,1,HEGA,6,2022-06-14 20:31:11,,3,0
1219108893290487,497552815126144,2019,15,1,1,4738.0,1.0,1,PATRM,1,PATRM,2,2022-06-14 20:31:11,,3,0
1219108894290487,497552815126144,2019,15,1,1,4738.0,1.0,1,PSCA,1,PSCA,4,2022-06-14 20:31:11,,3,0
1219108895290487,497552815126144,2019,15,1,1,4738.0,2.0,1,PSCA,1,PSCA,6,2022-06-14 20:31:11,,3,0
1219108896290487,497552815126144,2019,15,1,1,4738.0,3.0,1,PSCA,1,PSCA,6,2022-06-14 20:31:11,,3,0
1219108897290487,497552815126144,2019,15,1,1,4738.0,4.0,1,PSCA,1,PSCA,5,2022-06-14 20:31:11,,3,0
1219108898290487,497552815126144,2019,15,1,1,4738.0,2.0,1,PSGU,1,PSGU,27,2022-06-14 20:31:11,,3,0
1219108899290487,497552815126144,2019,15,1,1,4738.0,3.0,1,PSGU,1,PSGU,21,2022-06-14 20:31:11,,3,0
1219108900290487,497552815126144,2019,15,1,1,4738.0,4.0,1,PSGU,1,PSGU,12,2022-06-14 20:31:11,,3,0
1219108901290487,497552815126144,2019,15,1,1,4738.0,1.0,1,SCTE,1,SCTE,75,2022-06-14 20:31:11,,3,0
1219108902290487,497552815126144,2019,15,1,1,4738.0,2.0,1,SCTE,1,SCTE,7,2022-06-14 20:31:11,,3,0
1219108903290487,497552815126144,2019,15,1,1,4738.0,3.0,1,SCTE,1,SCTE,20,2022-06-14 20:31:11,,3,0
1219108904290487,497552815126144,2019,15,1,1,4738.0,4.0,1,SCTE,1,SCTE,30,2022-06-14 20:31:11,,3,0
1219108905290487,497552815126144,2019,15,1,1,4738.0,2.0,1,SPCA2,1,SPCA2,1,2022-06-14 20:31:11,,3,0
1219108906290487,497552815126144,2019,15,1,1,4738.0,1.0,1,TIHE2,1,TIHE2,20,2022-06-14 20:31:11,,3,0
1219108907290487,497552815126144,2019,15,1,1,4738.0,2.0,1,TIHE2,1,TIHE2,28,2022-06-14 20:31:11,,3,0
1219108908290487,497552815126144,2019,15,1,1,4738.0,3.0,1,TIHE2,1,TIHE2,5,2022-06-14 20:31:11,,3,0
1219108909290487,497552815126144,2019,15,1,1,4738.0,4.0,1,TIHE2,1,TIHE2,5,2022-06-14 20:31:11,,3,0
1219109074290487,497552817126144,2019,15,1,1,5262.0,1.0,1,CLHI3,1,CLHI3,16,2022-06-14 20:31:11,,3,0
1219109075290487,497552817126144,2019,15,1,1,5262.0,2.0,1,CLHI3,1,CLHI3,1,2022-06-14 20:31:11,,3,0
1219109076290487,497552817126144,2019,15,1,1,5262.0,3.0,1,CLHI3,1,CLHI3,2,2022-06-14 20:31:11,,3,0
1219109077290487,497552817126144,2019,15,1,1,5262.0,2.0,1,CYCO18,1,CYCO18,4,2022-06-14 20:31:11,,3,0
1219109078290487,497552817126144,2019,15,1,1,5262.0,3.0,1,CYCO18,1,CYCO18,4,2022-06-14 20:31:11,,3,0
1219109079290487,497552817126144,2019,15,1,1,5262.0,1.0,1,PSCA,1,PSCA,20,2022-06-14 20:31:11,,3,0
1219109080290487,497552817126144,2019,15,1,1,5262.0,2.0,1,PSCA,1,PSCA,4,2022-06-14 20:31:11,,3,0
1219109081290487,497552817126144,2019,15,1,1,5262.0,1.0,1,PSGU,1,PSGU,10,2022-06-14 20:31:11,,3,0
1219109082290487,497552817126144,2019,15,1,1,5262.0,2.0,1,PSGU,1,PSGU,18,2022-06-14 20:31:11,,3,0
1219109083290487,497552817126144,2019,15,1,1,5262.0,1.0,1,SPCA2,1,SPCA2,1,2022-06-14 20:31:11,,3,0
1219109084290487,497552817126144,2019,15,1,1,5262.0,2.0,1,SPCA2,1,SPCA2,4,2022-06-14 20:31:11,,3,0
1219109085290487,497552817126144,2019,15,1,1,5262.0,3.0,1,SPCA2,1,SPCA2,6,2022-06-14 20:31:11,,3,0
1219109194290487,497552819126144,2019,15,1,1,5246.0,1.0,1,CLHI3,1,CLHI3,3,2022-06-14 20:31:11,,3,0
1219109195290487,497552819126144,2019,15,1,1,5246.0,2.0,1,CLHI3,1,CLHI3,3,2022-06-14 20:31:11,,3,0
1219109196290487,497552819126144,2019,15,1,1,5246.0,3.0,1,CLHI3,1,CLHI3,3,2022-06-14 20:31:11,,3,0
1219109197290487,497552819126144,2019,15,1,1,5246.0,1.0,1,MECA9,1,MECA9,70,2022-06-14 20:31:11,,3,0
1219109198290487,497552819126144,2019,15,1,1,5246.0,2.0,1,MECA9,1,MECA9,80,2022-06-14 20:31:11,,3,0
1219109199290487,497552819126144,2019,15,1,1,5246.0,3.0,1,MECA9,1,MECA9,65,2022-06-14 20:31:11,,3,0
1219109200290487,497552819126144,2019,15,1,1,5246.0,4.0,1,MECA9,1,MECA9,85,2022-06-14 20:31:11,,3,0
1219109201290487,497552819126144,2019,15,1,1,5246.0,1.0,1,PSCA,1,PSCA,40,2022-06-14 20:31:11,,3,0
1219109202290487,497552819126144,2019,15,1,1,5246.0,2.0,1,PSCA,1,PSCA,60,2022-06-14 20:31:11,,3,0
365904718489998,47825672010497,2010,15,1,1,4404.0,1.0,1,CLHI3,1,CLHI3,36,2015-12-17 12:40:18,2021-06-04 15:05:18,2,0
365904719489998,47825672010497,2010,15,1,1,4404.0,2.0,1,CLHI3,1,CLHI3,15,2015-12-17 12:40:18,2021-06-04 15:05:18,2,0
365904720489998,47825672010497,2010,15,1,1,4404.0,3.0,1,CLHI3,1,CLHI3,30,2015-12-17 12:40:18,2021-06-04 15:05:18,2,0
365904721489998,47825672010497,2010,15,1,1,4404.0,4.0,1,CLHI3,1,CLHI3,20,2015-12-17 12:40:18,2021-06-04 15:05:18,2,0
365904722489998,47825672010497,2010,15,1,1,4404.0,1.0,1,MECA9,1,MECA9,1,2015-12-17 12:40:18,2021-06-04 15:05:18,2,0
365904723489998,47825672010497,2010,15,1,1,4404.0,2.0,1,MECA9,1,MECA9,1,2015-12-17 12:40:18,2021-06-04 15:05:18,2,0
365904724489998,47825672010497,2010,15,1,1,4404.0,3.0,1,MECA9,1,MECA9,1,2015-12-17 12:40:18,2021-06-04 15:05:18,2,0
365904725489998,47825672010497,2010,15,1,1,4404.0,1.0,1,PSCA,1,PSCA,20,2015-12-17 12:40:18,2021-06-04 15:05:18,2,0
365904726489998,47825672010497,2010,15,1,1,4404.0,2.0,1,PSCA,1,PSCA,12,2015-12-17 12:40:18,2021-06-04 15:05:18,2,0
365904727489998,47825672010497,2010,15,1,1,4404.0,3.0,1,PSCA,1,PSCA,18,2015-12-17 12:40:18,2021-06-04 15:05:18,2,0
365904728489998,47825672010497,2010,15,1,1,4404.0,4.0,1,PSCA,1,PSCA,10,2015-12-17 12:40:18,2021-06-04 15:05:18,2,0
365904729489998,47825672010497,2010,15,1,1,4404.0,1.0,1,SEPA6,1,SEPA6,1,2015-12-17 12:40:18,2021-06-04 15:05:18,2,0
365904730489998,47825672010497,2010,15,1,1,4404.0,2.0,1,SPCA2,1,SPCA2,15,2015-12-17 12:40:18,2021-06-04 15:05:18,2,0
365904731489998,47825672010497,2010,15,1,1,4404.0,4.0,1,TIHE2,1,TIHE2,2,2015-12-17 12:40:18,2021-06-04 15:05:18,2,0
365904857489998,47825683010497,2010,15,1,1,4121.0,1.0,1,LACA2,1,LACA2,1,2015-12-17 12:40:18,2021-06-04 15:05:17,2,0
365904858489998,47825683010497,2010,15,1,1,4121.0,2.0,1,LACA2,1,LACA2,1,2015-12-17 12:40:18,2021-06-04 15:05:17,2,0
365904859489998,47825683010497,2010,15,1,1,4121.0,1.0,1,RUNI4,1,RUNI4,1,2015-12-17 12:40:18,2021-06-04 15:05:17,2,0
366324280489998,47825686010497,2010,15,1,1,5565.0,1.0,1,CLHI3,1,CLHI3,35,2015-12-18 18:11:58,2021-06-04 15:05:17,2,0
366324281489998,47825686010497,2010,15,1,1,5565.0,2.0,1,CLHI3,1,CLHI3,6,2015-12-18 18:11:58,2021-06-04 15:05:17,2,0
366324282489998,47825686010497,2010,15,1,1,5565.0,3.0,1,CLHI3,1,CLHI3,33,2015-12-18 18:11:58,2021-06-04 15:05:17,2,0
366324283489998,47825686010497,2010,15,1,1,5565.0,4.0,1,CLHI3,1,CLHI3,2,2015-12-18 18:11:58,2021-06-04 15:05:17,2,0
366324284489998,47825686010497,2010,15,1,1,5565.0,1.0,1,MICA20,1,MICA20,1,2015-12-18 18:11:58,2021-06-04 15:05:17,2,0
366324285489998,47825686010497,2010,15,1,1,5565.0,1.0,1,PSCA,1,PSCA,9,2015-12-18 18:11:58,2021-06-04 15:05:17,2,0
366324286489998,47825686010497,2010,15,1,1,5565.0,3.0,1,PSCA,1,PSCA,25,2015-12-18 18:11:58,2021-06-04 15:05:17,2,0
366324287489998,47825686010497,2010,15,1,1,5565.0,1.0,1,PSGU,1,PSGU,4,2015-12-18 18:11:58,2021-06-04 15:05:17,2,0
366324288489998,47825686010497,2010,15,1,1,5565.0,2.0,1,PSGU,1,PSGU,18,2015-12-18 18:11:58,2021-06-04 15:05:17,2,0
366324289489998,47825686010497,2010,15,1,1,5565.0,4.0,1,PSGU,1,PSGU,2,2015-12-18 18:11:58,2021-06-04 15:05:17,2,0
366324419489998,47825689010497,2010,15,1,1,4814.0,1.0,1,SEMA15,1,SEMA15,15,2015-12-18 18:11:59,2021-06-04 15:05:17,2,0
366324420489998,47825689010497,2010,15,1,1,4814.0,2.0,1,SEMA15,1,SEMA15,5,2015-12-18 18:11:59,2021-06-04 15:05:17,2,0
366324421489998,47825689010497,2010,15,1,1,4814.0,3.0,1,SEMA15,1,SEMA15,11,2015-12-18 18:11:59,2021-06-04 15:05:17,2,0
366324422489998,47825689010497,2010,15,1,1,4814.0,4.0,1,SEMA15,1,SEMA15,8,2015-12-18 18:11:59,2021-06-04 15:05:17,2,0
365905252489998,47825690010497,2010,15,1,1,4127.0,1.0,1,LACA2,1,LACA2,1,2015-12-17 12:40:19,2021-06-04 15:05:17,2,0
365905253489998,47825690010497,2010,15,1,1,4127.0,2.0,1,LACA2,1,LACA2,1,2015-12-17 12:40:19,2021-06-04 15:05:17,2,0
365905254489998,47825690010497,2010,15,1,1,4127.0,3.0,1,LACA2,1,LACA2,1,2015-12-17 12:40:19,2021-06-04 15:05:17,2,0
365905255489998,47825690010497,2010,15,1,1,4127.0,3.0,1,LELE10,1,LELE10,6,2015-12-17 12:40:19,2021-06-04 15:05:17,2,0
366324563489998,47825692010497,2010,15,1,1,4722.0,2.0,2,HEGA,1,HEGA,1,2015-12-18 18:11:59,2021-06-04 15:05:17,2,0
366324564489998,47825692010497,2010,15,1,1,4722.0,2.0,2,PSCA,1,PSCA,2,2015-12-18 18:11:59,2021-06-04 15:05:17,2,0
366324565489998,47825692010497,2010,15,1,1,4722.0,2.0,2,SCTE,1,SCTE,35,2015-12-18 18:11:59,2021-06-04 15:05:17,2,0
366324566489998,47825692010497,2010,15,1,1,4722.0,2.0,2,SEPA6,1,SEPA6,1,2015-12-18 18:11:59,2021-06-04 15:05:17,2,0
365921847489998,47825693010497,2010,15,1,1,4102.0,1.0,1,PSCA,1,PSCA,90,2015-12-17 18:43:37,2021-06-04 15:05:17,2,0
365921848489998,47825693010497,2010,15,1,1,4102.0,2.0,1,PSCA,1,PSCA,90,2015-12-17 18:43:37,2021-06-04 15:05:17,2,0
365921849489998,47825693010497,2010,15,1,1,4102.0,3.0,1,PSCA,1,PSCA,97,2015-12-17 18:43:37,2021-06-04 15:05:17,2,0
365921850489998,47825693010497,2010,15,1,1,4102.0,4.0,1,PSCA,1,PSCA,80,2015-12-17 18:43:37,2021-06-04 15:05:17,2,0
365921851489998,47825693010497,2010,15,1,1,4102.0,1.0,1,SEPA6,1,SEPA6,12,2015-12-17 18:43:37,2021-06-04 15:05:17,2,0
365921852489998,47825693010497,2010,15,1,1,4102.0,2.0,1,SEPA6,1,SEPA6,5,2015-12-17 18:43:37,2021-06-04 15:05:17,2,0
365921853489998,47825693010497,2010,15,1,1,4102.0,3.0,1,SEPA6,1,SEPA6,12,2015-12-17 18:43:37,2021-06-04 15:05:17,2,0
365921854489998,47825693010497,2010,15,1,1,4102.0,4.0,1,SEPA6,1,SEPA6,5,2015-12-17 18:43:37,2021-06-04 15:05:17,2,0
366324600489998,47825701010497,2010,15,1,1,5825.0,1.0,1,FIMI2,1,FIMI2,55,2015-12-18 18:11:59,2021-06-04 15:05:17,2,0
366324601489998,47825701010497,2010,15,1,1,5825.0,2.0,1,HEGA,1,HEGA,5,2015-12-18 18:11:59,2021-06-04 15:05:17,2,0
366324602489998,47825701010497,2010,15,1,1,5825.0,1.0,1,MECA9,1,MECA9,60,2015-12-18 18:11:59,2021-06-04 15:05:17,2,0
366324603489998,47825701010497,2010,15,1,1,5825.0,2.0,1,MECA9,1,MECA9,90,2015-12-18 18:11:59,2021-06-04 15:05:17,2,0
366324604489998,47825701010497,2010,15,1,1,5825.0,3.0,1,MECA9,1,MECA9,90,2015-12-18 18:11:59,2021-06-04 15:05:17,2,0
366324605489998,47825701010497,2010,15,1,1,5825.0,4.0,1,MECA9,1,MECA9,65,2015-12-18 18:11:59,2021-06-04 15:05:17,2,0
366324606489998,47825701010497,2010,15,1,1,5825.0,1.0,1,PSCA,1,PSCA,35,2015-12-18 18:11:59,2021-06-04 15:05:17,2,0
366324607489998,47825701010497,2010,15,1,1,5825.0,3.0,1,PSCA,1,PSCA,1,2015-12-18 18:11:59,2021-06-04 15:05:17,2,0
366324608489998,47825701010497,2010,15,1,1,5825.0,4.0,1,PSCA,1,PSCA,40,2015-12-18 18:11:59,2021-06-04 15:05:17,2,0
365905778489998,47825710010497,2010,15,1,1,4527.0,1.0,1,CLHI3,1,CLHI3,1,2015-12-17 12:40:20,2021-06-04 15:05:17,2,0
365905779489998,47825710010497,2010,15,1,1,4527.0,2.0,1,CLHI3,1,CLHI3,1,2015-12-17 12:40:20,2021-06-04 15:05:17,2,0
365905780489998,47825710010497,2010,15,1,1,4527.0,3.0,1,CLHI3,1,CLHI3,1,2015-12-17 12:40:20,2021-06-04 15:05:17,2,0
365905781489998,47825710010497,2010,15,1,1,4527.0,1.0,1,MECA9,1,MECA9,4,2015-12-17 12:40:20,2021-06-04 15:05:17,2,0
365905782489998,47825710010497,2010,15,1,1,4527.0,2.0,1,MECA9,1,MECA9,2,2015-12-17 12:40:20,2021-06-04 15:05:17,2,0
365905783489998,47825710010497,2010,15,1,1,4527.0,3.0,1,MECA9,1,MECA9,3,2015-12-17 12:40:20,2021-06-04 15:05:17,2,0
365905784489998,47825710010497,2010,15,1,1,4527.0,1.0,1,PSCA,1,PSCA,1,2015-12-17 12:40:20,2021-06-04 15:05:17,2,0
366324736489998,47825714010497,2010,15,1,1,5406.0,1.0,1,CLHI3,1,CLHI3,23,2015-12-18 18:11:59,2021-06-04 15:05:17,2,0
366324737489998,47825714010497,2010,15,1,1,5406.0,2.0,2,CLHI3,1,CLHI3,20,2015-12-18 18:11:59,2021-06-04 15:05:17,2,0
366324738489998,47825714010497,2010,15,1,1,5406.0,3.0,1,CLHI3,1,CLHI3,40,2015-12-18 18:11:59,2021-06-04 15:05:17,2,0
366324739489998,47825714010497,2010,15,1,1,5406.0,4.0,1,CLHI3,1,CLHI3,28,2015-12-18 18:11:59,2021-06-04 15:05:17,2,0
366324740489998,47825714010497,2010,15,1,1,5406.0,1.0,1,HEGA,1,HEGA,1,2015-12-18 18:11:59,2021-06-04 15:05:17,2,0
366324741489998,47825714010497,2010,15,1,1,5406.0,2.0,2,HEGA,1,HEGA,1,2015-12-18 18:11:59,2021-06-04 15:05:17,2,0
366324742489998,47825714010497,2010,15,1,1,5406.0,3.0,1,HEGA,1,HEGA,1,2015-12-18 18:11:59,2021-06-04 15:05:17,2,0
366324743489998,47825714010497,2010,15,1,1,5406.0,4.0,1,HEGA,1,HEGA,1,2015-12-18 18:11:59,2021-06-04 15:05:17,2,0
366324744489998,47825714010497,2010,15,1,1,5406.0,1.0,1,PSCA,1,PSCA,20,2015-12-18 18:11:59,2021-06-04 15:05:17,2,0
366324745489998,47825714010497,2010,15,1,1,5406.0,2.0,2,PSCA,1,PSCA,9,2015-12-18 18:11:59,2021-06-04 15:05:17,2,0
366324746489998,47825714010497,2010,15,1,1,5406.0,3.0,1,PSCA,1,PSCA,5,2015-12-18 18:11:59,2021-06-04 15:05:17,2,0
366324747489998,47825714010497,2010,15,1,1,5406.0,4.0,1,PSCA,1,PSCA,5,2015-12-18 18:11:59,2021-06-04 15:05:17,2,0
366324748489998,47825714010497,2010,15,1,1,5406.0,1.0,1,SCTE,1,SCTE,1,2015-12-18 18:11:59,2021-06-04 15:05:17,2,0
366324749489998,47825714010497,2010,15,1,1,5406.0,2.0,2,SCTE,1,SCTE,1,2015-12-18 18:11:59,2021-06-04 15:05:17,2,0
366324750489998,47825714010497,2010,15,1,1,5406.0,3.0,1,SCTE,1,SCTE,8,2015-12-18 18:11:59,2021-06-04 15:05:17,2,0
366324751489998,47825714010497,2010,15,1,1,5406.0,4.0,1,SCTE,1,SCTE,7,2015-12-18 18:11:59,2021-06-04 15:05:17,2,0
365906074489998,47825720010497,2010,15,1,1,5198.0,1.0,1,HEGA,1,HEGA,8,2015-12-17 12:40:21,2021-06-04 15:05:17,2,0
365906075489998,47825720010497,2010,15,1,1,5198.0,2.0,1,HEGA,1,HEGA,1,2015-12-17 12:40:21,2021-06-04 15:05:17,2,0
365906076489998,47825720010497,2010,15,1,1,5198.0,3.0,1,HEGA,1,HEGA,4,2015-12-17 12:40:21,2021-06-04 15:05:17,2,0
365906077489998,47825720010497,2010,15,1,1,5198.0,4.0,1,HEGA,1,HEGA,2,2015-12-17 12:40:21,2021-06-04 15:05:17,2,0
365906078489998,47825720010497,2010,15,1,1,5198.0,1.0,1,PSCA,1,PSCA,3,2015-12-17 12:40:21,2021-06-04 15:05:17,2,0
365906079489998,47825720010497,2010,15,1,1,5198.0,2.0,1,PSCA,1,PSCA,1,2015-12-17 12:40:21,2021-06-04 15:05:17,2,0
365906080489998,47825720010497,2010,15,1,1,5198.0,3.0,1,PSCA,1,PSCA,1,2015-12-17 12:40:21,2021-06-04 15:05:17,2,0
365906081489998,47825720010497,2010,15,1,1,5198.0,4.0,1,PSCA,1,PSCA,1,2015-12-17 12:40:21,2021-06-04 15:05:17,2,0
365906082489998,47825720010497,2010,15,1,1,5198.0,1.0,1,RUAR2,1,RUAR2,1,2015-12-17 12:40:21,2021-06-04 15:05:17,2,0
366325015489998,47825723010497,2010,15,1,1,5896.0,1.0,1,PSCA,1,PSCA,60,2015-12-18 18:12:00,2021-06-04 15:05:17,2,0
366325016489998,47825723010497,2010,15,1,1,5896.0,2.0,1,PSCA,1,PSCA,70,2015-12-18 18:12:00,2021-06-04 15:05:17,2,0
366325017489998,47825723010497,2010,15,1,1,5896.0,3.0,1,PSCA,1,PSCA,75,2015-12-18 18:12:00,2021-06-04 15:05:17,2,0
366325018489998,47825723010497,2010,15,1,1,5896.0,4.0,1,PSCA,1,PSCA,90,2015-12-18 18:12:00,2021-06-04 15:05:17,2,0
365906455489998,47825725010497,2010,15,1,1,4158.0,1.0,1,MOFA,1,MOFA,3,2015-12-17 12:40:21,2021-06-04 15:05:17,2,0
365906456489998,47825725010497,2010,15,1,1,4158.0,3.0,1,MOFA,1,MOFA,25,2015-12-17 12:40:21,2021-06-04 15:05:17,2,0
365906457489998,47825725010497,2010,15,1,1,4158.0,4.0,1,MOFA,1,MOFA,25,2015-12-17 12:40:21,2021-06-04 15:05:17,2,0
365906552489998,47825730010497,2010,15,1,1,5062.0,1.0,1,MOFA,1,MOFA,23,2015-12-17 12:40:21,2021-06-04 15:05:17,2,0
365906553489998,47825730010497,2010,15,1,1,5062.0,2.0,1,MOFA,1,MOFA,20,2015-12-17 12:40:21,2021-06-04 15:05:17,2,0
365906554489998,47825730010497,2010,15,1,1,5062.0,3.0,1,MOFA,1,MOFA,20,2015-12-17 12:40:21,2021-06-04 15:05:17,2,0
365906555489998,47825730010497,2010,15,1,1,5062.0,4.0,1,MOFA,1,MOFA,20,2015-12-17 12:40:21,2021-06-04 15:05:17,2,0
365906556489998,47825730010497,2010,15,1,1,5062.0,1.0,1,RUELO,1,RUELO,4,2015-12-17 12:40:21,2021-06-04 15:05:17,2,0
365906557489998,47825730010497,2010,15,1,1,5062.0,2.0,1,RUELO,1,RUELO,1,2015-12-17 12:40:21,2021-06-04 15:05:17,2,0
365906558489998,47825730010497,2010,15,1,1,5062.0,3.0,1,RUELO,1,RUELO,7,2015-12-17 12:40:21,2021-06-04 15:05:17,2,0
365906559489998,47825730010497,2010,15,1,1,5062.0,4.0,1,RUELO,1,RUELO,20,2015-12-17 12:40:21,2021-06-04 15:05:17,2,0
365906687489998,47825732010497,2010,15,1,1,4700.0,1.0,1,MOFA,1,MOFA,2,2015-12-17 12:40:22,2021-06-04 15:05:17,2,0
366325142489998,47825733010497,2010,15,1,1,5553.0,1.0,1,MOFA,1,MOFA,15,2015-12-18 18:12:00,2021-06-04 15:05:17,2,0
366325143489998,47825733010497,2010,15,1,1,5553.0,2.0,1,MOFA,1,MOFA,1,2015-12-18 18:12:00,2021-06-04 15:05:17,2,0
366325144489998,47825733010497,2010,15,1,1,5553.0,3.0,1,MOFA,1,MOFA,1,2015-12-18 18:12:00,2021-06-04 15:05:17,2,0
366325278489998,47825743010497,2010,15,1,1,5450.0,1.0,1,GRRO,1,GRRO,4,2015-12-18 18:12:00,2021-06-04 15:05:17,2,0
366325279489998,47825743010497,2010,15,1,1,5450.0,2.0,1,GRRO,1,GRRO,4,2015-12-18 18:12:00,2021-06-04 15:05:17,2,0
366325280489998,47825743010497,2010,15,1,1,5450.0,3.0,1,GRRO,1,GRRO,2,2015-12-18 18:12:00,2021-06-04 15:05:17,2,0
366325281489998,47825743010497,2010,15,1,1,5450.0,1.0,1,PSGU,1,PSGU,12,2015-12-18 18:12:00,2021-06-04 15:05:17,2,0
366325282489998,47825743010497,2010,15,1,1,5450.0,2.0,1,PSGU,1,PSGU,25,2015-12-18 18:12:00,2021-06-04 15:05:17,2,0
366325283489998,47825743010497,2010,15,1,1,5450.0,3.0,1,PSGU,1,PSGU,55,2015-12-18 18:12:00,2021-06-04 15:05:17,2,0
366325284489998,47825743010497,2010,15,1,1,5450.0,4.0,1,PSGU,1,PSGU,50,2015-12-18 18:12:00,2021-06-04 15:05:17,2,0
366325413489998,47825745010497,2010,15,1,1,5263.0,1.0,1,LACA2,1,LACA2,1,2015-12-18 18:12:00,2021-06-04 15:05:17,2,0
366325414489998,47825745010497,2010,15,1,1,5263.0,2.0,1,LACA2,1,LACA2,8,2015-12-18 18:12:00,2021-06-04 15:05:17,2,0
366325415489998,47825745010497,2010,15,1,1,5263.0,3.0,1,LACA2,1,LACA2,4,2015-12-18 18:12:00,2021-06-04 15:05:17,2,0
1219104895290487,497553587126144,2019,15,1,1,2424.0,3.0,2,MECA9,1,MECA9,42,2022-06-14 20:31:03,,3,0
1219104896290487,497553587126144,2019,15,1,1,2424.0,2.0,2,PSCA,1,PSCA,8,2022-06-14 20:31:03,,3,0
1219104897290487,497553587126144,2019,15,1,1,2424.0,3.0,2,PSCA,1,PSCA,58,2022-06-14 20:31:03,,3,0
1219104969290487,497553588126144,2019,15,1,1,2425.0,1.0,1,PSCA,1,PSCA,20,2022-06-14 20:31:03,,3,0
1219104970290487,497553588126144,2019,15,1,1,2425.0,2.0,1,PSCA,1,PSCA,1,2022-06-14 20:31:03,,3,0
1219104971290487,497553588126144,2019,15,1,1,2425.0,4.0,1,PSCA,1,PSCA,1,2022-06-14 20:31:03,,3,0
1219104972290487,497553588126144,2019,15,1,1,2425.0,1.0,1,SEPA6,1,SEPA6,49,2022-06-14 20:31:03,,3,0
1219104973290487,497553588126144,2019,15,1,1,2425.0,2.0,1,SEPA6,1,SEPA6,36,2022-06-14 20:31:03,,3,0
1219102757290487,497553550126144,2019,15,1,9,1842.0,2.0,1,SEMA15,1,SEMA15,1,2022-06-14 20:31:01,,3,0
1219104974290487,497553588126144,2019,15,1,1,2425.0,3.0,1,SEPA6,1,SEPA6,46,2022-06-14 20:31:03,,3,0
1219104975290487,497553588126144,2019,15,1,1,2425.0,4.0,1,SEPA6,1,SEPA6,42,2022-06-14 20:31:03,,3,0
1219104976290487,497553588126144,2019,15,1,1,2425.0,1.0,1,TIHE2,1,TIHE2,1,2022-06-14 20:31:03,,3,0
1219105451290487,497553595126144,2019,15,1,1,5225.0,1.0,1,LACA2,1,LACA2,24,2022-06-14 20:31:04,,3,0
1219105452290487,497553595126144,2019,15,1,1,5225.0,3.0,1,LACA2,1,LACA2,3,2022-06-14 20:31:04,,3,0
1219105453290487,497553595126144,2019,15,1,1,5225.0,4.0,1,LACA2,1,LACA2,72,2022-06-14 20:31:04,,3,0
1219105454290487,497553595126144,2019,15,1,1,5225.0,1.0,1,PESE3,1,PESE3,43,2022-06-14 20:31:04,,3,0
1219105455290487,497553595126144,2019,15,1,1,5225.0,3.0,1,PESE3,1,PESE3,15,2022-06-14 20:31:04,,3,0
1219105456290487,497553595126144,2019,15,1,1,5225.0,4.0,1,PESE3,1,PESE3,14,2022-06-14 20:31:04,,3,0
1219105734290487,497553610126144,2019,15,1,1,2427.0,1.0,1,PESE3,1,PESE3,12,2022-06-14 20:31:05,,3,0
1219105735290487,497553610126144,2019,15,1,1,2427.0,2.0,1,PESE3,1,PESE3,3,2022-06-14 20:31:05,,3,0
1219105736290487,497553610126144,2019,15,1,1,2427.0,3.0,1,PESE3,1,PESE3,10,2022-06-14 20:31:05,,3,0
1219105737290487,497553610126144,2019,15,1,1,2427.0,4.0,1,PESE3,1,PESE3,32,2022-06-14 20:31:05,,3,0
1219105738290487,497553610126144,2019,15,1,1,2427.0,1.0,1,SEMA15,1,SEMA15,1,2022-06-14 20:31:05,,3,0
1219105739290487,497553610126144,2019,15,1,1,2427.0,2.0,1,SEMA15,1,SEMA15,1,2022-06-14 20:31:05,,3,0
1219105740290487,497553610126144,2019,15,1,1,2427.0,3.0,1,SEMA15,1,SEMA15,1,2022-06-14 20:31:05,,3,0
1219105741290487,497553610126144,2019,15,1,1,2427.0,4.0,1,SEMA15,1,SEMA15,1,2022-06-14 20:31:05,,3,0
1219105865290487,497553611126144,2019,15,1,1,2428.0,1.0,1,CLHI3,1,CLHI3,2,2022-06-14 20:31:05,,3,0
1219105866290487,497553611126144,2019,15,1,1,2428.0,2.0,1,CLHI3,1,CLHI3,1,2022-06-14 20:31:05,,3,0
1219105867290487,497553611126144,2019,15,1,1,2428.0,4.0,1,CLHI3,1,CLHI3,1,2022-06-14 20:31:05,,3,0
1219105868290487,497553611126144,2019,15,1,1,2428.0,1.0,1,HEGA,1,HEGA,5,2022-06-14 20:31:05,,3,0
1219105869290487,497553611126144,2019,15,1,1,2428.0,2.0,1,HEGA,1,HEGA,15,2022-06-14 20:31:05,,3,0
1219105870290487,497553611126144,2019,15,1,1,2428.0,4.0,1,HEGA,1,HEGA,8,2022-06-14 20:31:05,,3,0
1219105871290487,497553611126144,2019,15,1,1,2428.0,1.0,1,PSCA,1,PSCA,5,2022-06-14 20:31:05,,3,0
1219105872290487,497553611126144,2019,15,1,1,2428.0,2.0,1,PSCA,1,PSCA,8,2022-06-14 20:31:05,,3,0
1219105873290487,497553611126144,2019,15,1,1,2428.0,4.0,1,PSCA,1,PSCA,2,2022-06-14 20:31:05,,3,0
1219105980290487,497553613126144,2019,15,1,1,2431.0,1.0,1,CLHI3,1,CLHI3,23,2022-06-14 20:31:05,,3,0
1219105981290487,497553613126144,2019,15,1,1,2431.0,2.0,1,CLHI3,1,CLHI3,24,2022-06-14 20:31:05,,3,0
1219105982290487,497553613126144,2019,15,1,1,2431.0,3.0,1,CLHI3,1,CLHI3,13,2022-06-14 20:31:05,,3,0
1219105983290487,497553613126144,2019,15,1,1,2431.0,4.0,1,CLHI3,1,CLHI3,22,2022-06-14 20:31:05,,3,0
1219105984290487,497553613126144,2019,15,1,1,2431.0,1.0,1,PSCA,1,PSCA,6,2022-06-14 20:31:05,,3,0
1219105985290487,497553613126144,2019,15,1,1,2431.0,2.0,1,PSCA,1,PSCA,3,2022-06-14 20:31:05,,3,0
1219105986290487,497553613126144,2019,15,1,1,2431.0,3.0,1,PSCA,1,PSCA,7,2022-06-14 20:31:05,,3,0
1219105987290487,497553613126144,2019,15,1,1,2431.0,4.0,1,PSCA,1,PSCA,18,2022-06-14 20:31:05,,3,0
1219105988290487,497553613126144,2019,15,1,1,2431.0,1.0,1,SEPA6,1,SEPA6,37,2022-06-14 20:31:05,,3,0
1219105989290487,497553613126144,2019,15,1,1,2431.0,2.0,1,SEPA6,1,SEPA6,33,2022-06-14 20:31:05,,3,0
1219105990290487,497553613126144,2019,15,1,1,2431.0,3.0,1,SEPA6,1,SEPA6,41,2022-06-14 20:31:05,,3,0
1219105991290487,497553613126144,2019,15,1,1,2431.0,4.0,1,SEPA6,1,SEPA6,24,2022-06-14 20:31:05,,3,0
1219105992290487,497553613126144,2019,15,1,1,2431.0,1.0,1,TIHE2,1,TIHE2,5,2022-06-14 20:31:05,,3,0
1219105993290487,497553613126144,2019,15,1,1,2431.0,2.0,1,TIHE2,1,TIHE2,3,2022-06-14 20:31:05,,3,0
1219105994290487,497553613126144,2019,15,1,1,2431.0,3.0,1,TIHE2,1,TIHE2,5,2022-06-14 20:31:05,,3,0
1219105995290487,497553613126144,2019,15,1,1,2431.0,4.0,1,TIHE2,1,TIHE2,3,2022-06-14 20:31:05,,3,0
1219106190290487,497553623126144,2019,15,1,1,2443.0,2.0,1,CLHI3,1,CLHI3,37,2022-06-14 20:31:06,,3,0
1219106191290487,497553623126144,2019,15,1,1,2443.0,4.0,1,CLHI3,1,CLHI3,1,2022-06-14 20:31:06,,3,0
1219090457290487,497552577126144,2019,15,1,1,2460.0,2.0,1,PSGU,1,PSGU,3,2022-06-14 20:30:41,,3,0
1219090458290487,497552577126144,2019,15,1,1,2460.0,4.0,1,PSGU,1,PSGU,2,2022-06-14 20:30:41,,3,0
1219090459290487,497552577126144,2019,15,1,1,2460.0,1.0,1,SCTE,1,SCTE,40,2022-06-14 20:30:41,,3,0
1219090460290487,497552577126144,2019,15,1,1,2460.0,3.0,1,SCTE,1,SCTE,35,2022-06-14 20:30:41,,3,0
1219090461290487,497552577126144,2019,15,1,1,2460.0,4.0,1,SCTE,1,SCTE,30,2022-06-14 20:30:41,,3,0
1219090462290487,497552577126144,2019,15,1,1,2460.0,3.0,1,SPCA2,1,SPCA2,1,2022-06-14 20:30:41,,3,0
1219090463290487,497552577126144,2019,15,1,1,2460.0,1.0,1,TIHE2,1,TIHE2,11,2022-06-14 20:30:41,,3,0
1219090464290487,497552577126144,2019,15,1,1,2460.0,2.0,1,TIHE2,1,TIHE2,2,2022-06-14 20:30:41,,3,0
1219090465290487,497552577126144,2019,15,1,1,2460.0,3.0,1,TIHE2,1,TIHE2,1,2022-06-14 20:30:41,,3,0
1219090466290487,497552577126144,2019,15,1,1,2460.0,4.0,1,TIHE2,1,TIHE2,3,2022-06-14 20:30:41,,3,0
1219090671290487,497552583126144,2019,15,1,1,2470.0,1.0,1,CLHI3,1,CLHI3,1,2022-06-14 20:30:42,,3,0
1219090672290487,497552583126144,2019,15,1,1,2470.0,2.0,2,CLHI3,1,CLHI3,1,2022-06-14 20:30:42,,3,0
1219090673290487,497552583126144,2019,15,1,1,2470.0,3.0,1,CLHI3,1,CLHI3,6,2022-06-14 20:30:42,,3,0
1219090674290487,497552583126144,2019,15,1,1,2470.0,4.0,1,CLHI3,1,CLHI3,1,2022-06-14 20:30:42,,3,0
1219090675290487,497552583126144,2019,15,1,1,2470.0,3.0,1,MECA9,1,MECA9,2,2022-06-14 20:30:42,,3,0
1219090676290487,497552583126144,2019,15,1,1,2470.0,1.0,1,PSCA,1,PSCA,56,2022-06-14 20:30:42,,3,0
1219090677290487,497552583126144,2019,15,1,1,2470.0,2.0,2,PSCA,1,PSCA,22,2022-06-14 20:30:42,,3,0
1219090678290487,497552583126144,2019,15,1,1,2470.0,3.0,1,PSCA,1,PSCA,85,2022-06-14 20:30:42,,3,0
1219090679290487,497552583126144,2019,15,1,1,2470.0,4.0,1,PSCA,1,PSCA,75,2022-06-14 20:30:42,,3,0
1219090942290487,497552586126144,2019,15,1,1,2473.0,4.0,1,SEMA15,1,SEMA15,5,2022-06-14 20:30:42,,3,0
1219091075290487,497552588126144,2019,15,1,1,2476.0,1.0,1,CLHI3,1,CLHI3,1,2022-06-14 20:30:43,,3,0
1219091076290487,497552588126144,2019,15,1,1,2476.0,2.0,1,CLHI3,1,CLHI3,2,2022-06-14 20:30:43,,3,0
1219091077290487,497552588126144,2019,15,1,1,2476.0,3.0,1,CLHI3,1,CLHI3,1,2022-06-14 20:30:43,,3,0
1219091078290487,497552588126144,2019,15,1,1,2476.0,4.0,1,CLHI3,1,CLHI3,1,2022-06-14 20:30:43,,3,0
1219091079290487,497552588126144,2019,15,1,1,2476.0,1.0,1,MECA9,1,MECA9,40,2022-06-14 20:30:43,,3,0
1219091080290487,497552588126144,2019,15,1,1,2476.0,2.0,1,MECA9,1,MECA9,60,2022-06-14 20:30:43,,3,0
1219091081290487,497552588126144,2019,15,1,1,2476.0,3.0,1,MECA9,1,MECA9,50,2022-06-14 20:30:43,,3,0
1219091082290487,497552588126144,2019,15,1,1,2476.0,4.0,1,MECA9,1,MECA9,50,2022-06-14 20:30:43,,3,0
1219091083290487,497552588126144,2019,15,1,1,2476.0,3.0,1,PSCA,1,PSCA,10,2022-06-14 20:30:43,,3,0
1219091084290487,497552588126144,2019,15,1,1,2476.0,4.0,1,PSCA,1,PSCA,45,2022-06-14 20:30:43,,3,0
1219091217290487,497552591126144,2019,15,1,1,2479.0,1.0,1,PESE3,1,PESE3,1,2022-06-14 20:30:43,,3,0
1219091218290487,497552591126144,2019,15,1,1,2479.0,2.0,1,PESE3,1,PESE3,3,2022-06-14 20:30:43,,3,0
1219091219290487,497552591126144,2019,15,1,1,2479.0,1.0,1,SEMA15,1,SEMA15,1,2022-06-14 20:30:43,,3,0
1219091220290487,497552591126144,2019,15,1,1,2479.0,2.0,1,SEMA15,1,SEMA15,1,2022-06-14 20:30:43,,3,0
1219091292290487,497552594126144,2019,15,1,1,2483.0,2.0,1,RUELO,1,RUELO,1,2022-06-14 20:30:43,,3,0
1219091293290487,497552594126144,2019,15,1,1,2483.0,3.0,1,RUELO,1,RUELO,1,2022-06-14 20:30:43,,3,0
1219091445290487,497552596126144,2019,15,1,1,2485.0,2.0,1,PESE3,1,PESE3,14,2022-06-14 20:30:44,,3,0
1219091446290487,497552596126144,2019,15,1,1,2485.0,1.0,1,SEMA15,1,SEMA15,2,2022-06-14 20:30:44,,3,0
1219091447290487,497552596126144,2019,15,1,1,2485.0,2.0,1,SEMA15,1,SEMA15,1,2022-06-14 20:30:44,,3,0
1219091448290487,497552596126144,2019,15,1,1,2485.0,3.0,1,SEMA15,1,SEMA15,1,2022-06-14 20:30:44,,3,0
1219091449290487,497552596126144,2019,15,1,1,2485.0,4.0,1,SEMA15,1,SEMA15,1,2022-06-14 20:30:44,,3,0
1219091589290487,497552598126144,2019,15,1,1,2489.0,2.0,1,FIMI2,1,FIMI2,1,2022-06-14 20:30:44,,3,0
1219091590290487,497552598126144,2019,15,1,1,2489.0,1.0,1,MECA9,1,MECA9,3,2022-06-14 20:30:44,,3,0
1219091591290487,497552598126144,2019,15,1,1,2489.0,2.0,1,MECA9,1,MECA9,2,2022-06-14 20:30:44,,3,0
1219091592290487,497552598126144,2019,15,1,1,2489.0,3.0,1,MECA9,1,MECA9,1,2022-06-14 20:30:44,,3,0
1219091593290487,497552598126144,2019,15,1,1,2489.0,4.0,1,MECA9,1,MECA9,5,2022-06-14 20:30:44,,3,0
366320207489998,47825304010497,2010,15,1,1,2373.0,3.0,1,PESE3,1,PESE3,1,2015-12-18 18:11:51,2021-06-04 15:05:17,2,0
366320317489998,47825307010497,2010,15,1,1,2476.0,2.0,1,CLHI3,1,CLHI3,1,2015-12-18 18:11:51,2021-06-04 15:05:17,2,0
366320318489998,47825307010497,2010,15,1,1,2476.0,3.0,1,CLHI3,1,CLHI3,5,2015-12-18 18:11:51,2021-06-04 15:05:17,2,0
366320319489998,47825307010497,2010,15,1,1,2476.0,4.0,1,CLHI3,1,CLHI3,3,2015-12-18 18:11:51,2021-06-04 15:05:17,2,0
366320320489998,47825307010497,2010,15,1,1,2476.0,1.0,1,MECA9,1,MECA9,7,2015-12-18 18:11:51,2021-06-04 15:05:17,2,0
366320321489998,47825307010497,2010,15,1,1,2476.0,2.0,1,MECA9,1,MECA9,42,2015-12-18 18:11:51,2021-06-04 15:05:17,2,0
366320322489998,47825307010497,2010,15,1,1,2476.0,3.0,1,MECA9,1,MECA9,20,2015-12-18 18:11:51,2021-06-04 15:05:17,2,0
366320323489998,47825307010497,2010,15,1,1,2476.0,4.0,1,MECA9,1,MECA9,40,2015-12-18 18:11:51,2021-06-04 15:05:17,2,0
366320324489998,47825307010497,2010,15,1,1,2476.0,1.0,1,PSCA,1,PSCA,1,2015-12-18 18:11:51,2021-06-04 15:05:17,2,0
366320325489998,47825307010497,2010,15,1,1,2476.0,2.0,1,PSCA,1,PSCA,1,2015-12-18 18:11:51,2021-06-04 15:05:17,2,0
366320326489998,47825307010497,2010,15,1,1,2476.0,3.0,1,PSCA,1,PSCA,3,2015-12-18 18:11:51,2021-06-04 15:05:17,2,0
366320327489998,47825307010497,2010,15,1,1,2476.0,4.0,1,PSCA,1,PSCA,20,2015-12-18 18:11:51,2021-06-04 15:05:17,2,0
365897301489998,47825312010497,2010,15,1,1,2486.0,1.0,1,FIMI2,1,FIMI2,6,2015-12-17 12:40:02,2021-06-04 15:05:17,2,0
365897302489998,47825312010497,2010,15,1,1,2486.0,2.0,1,LACA2,1,LACA2,2,2015-12-17 12:40:02,2021-06-04 15:05:17,2,0
365897303489998,47825312010497,2010,15,1,1,2486.0,3.0,1,LACA2,1,LACA2,2,2015-12-17 12:40:02,2021-06-04 15:05:17,2,0
365897304489998,47825312010497,2010,15,1,1,2486.0,2.0,1,LELE10,1,LELE10,5,2015-12-17 12:40:02,2021-06-04 15:05:17,2,0
365897305489998,47825312010497,2010,15,1,1,2486.0,3.0,1,LELE10,1,LELE10,11,2015-12-17 12:40:02,2021-06-04 15:05:17,2,0
365897306489998,47825312010497,2010,15,1,1,2486.0,4.0,1,LELE10,1,LELE10,11,2015-12-17 12:40:02,2021-06-04 15:05:17,2,0
365897426489998,47825314010497,2010,15,1,1,2523.0,1.0,2,CLHI3,1,CLHI3,1,2015-12-17 12:40:03,2021-06-04 15:05:17,2,0
365897427489998,47825314010497,2010,15,1,1,2523.0,4.0,2,CLHI3,1,CLHI3,1,2015-12-17 12:40:03,2021-06-04 15:05:17,2,0
365897428489998,47825314010497,2010,15,1,1,2523.0,1.0,2,FAMO,1,FAMO,1,2015-12-17 12:40:03,2021-06-04 15:05:17,2,0
365897429489998,47825314010497,2010,15,1,1,2523.0,3.0,2,FAMO,1,FAMO,1,2015-12-17 12:40:03,2021-06-04 15:05:17,2,0
365897430489998,47825314010497,2010,15,1,1,2523.0,4.0,2,FAMO,1,FAMO,1,2015-12-17 12:40:03,2021-06-04 15:05:17,2,0
365897431489998,47825314010497,2010,15,1,1,2523.0,1.0,2,MECA9,1,MECA9,1,2015-12-17 12:40:03,2021-06-04 15:05:17,2,0
1219095888290487,497552705126144,2019,15,1,3,1385.0,3.0,1,CLHI3,1,CLHI3,1,2022-06-14 20:30:53,,3,0
1219095889290487,497552705126144,2019,15,1,3,1385.0,4.0,1,CLHI3,1,CLHI3,5,2022-06-14 20:30:53,,3,0
1219095890290487,497552705126144,2019,15,1,3,1385.0,4.0,1,PATRM,1,PATRM,4,2022-06-14 20:30:53,,3,0
1219095891290487,497552705126144,2019,15,1,3,1385.0,2.0,1,PSGU,1,PSGU,12,2022-06-14 20:30:53,,3,0
1219095892290487,497552705126144,2019,15,1,3,1385.0,3.0,1,PSGU,1,PSGU,25,2022-06-14 20:30:53,,3,0
1219095893290487,497552705126144,2019,15,1,3,1385.0,4.0,1,PSGU,1,PSGU,23,2022-06-14 20:30:53,,3,0
1219095894290487,497552705126144,2019,15,1,3,1385.0,4.0,1,SCTE,1,SCTE,40,2022-06-14 20:30:53,,3,0
1219095895290487,497552705126144,2019,15,1,3,1385.0,4.0,1,SPCA2,1,SPCA2,8,2022-06-14 20:30:53,,3,0
1219096079290487,497552713126144,2019,15,1,9,1971.0,2.0,1,RUAR2,1,RUAR2,1,2022-06-14 20:30:53,,3,0
1219096080290487,497552713126144,2019,15,1,9,1971.0,3.0,1,RUAR2,1,RUAR2,1,2022-06-14 20:30:53,,3,0
1219096081290487,497552713126144,2019,15,1,9,1971.0,4.0,1,RUAR2,1,RUAR2,1,2022-06-14 20:30:53,,3,0
1219096082290487,497552713126144,2019,15,1,9,1971.0,1.0,1,SEMA15,1,SEMA15,1,2022-06-14 20:30:53,,3,0
1219096083290487,497552713126144,2019,15,1,9,1971.0,4.0,1,SEMA15,1,SEMA15,1,2022-06-14 20:30:53,,3,0
1219096313290487,497552737126144,2019,15,1,9,2021.0,1.0,1,LACA2,1,LACA2,1,2022-06-14 20:30:54,,3,0
1219096314290487,497552737126144,2019,15,1,9,2021.0,2.0,1,LELE10,1,LELE10,18,2022-06-14 20:30:54,,3,0
1219096315290487,497552737126144,2019,15,1,9,2021.0,3.0,1,LELE10,1,LELE10,1,2022-06-14 20:30:54,,3,0
1219096632290487,497552751126144,2019,15,1,3,1394.0,3.0,1,FAMO,1,FAMO,1,2022-06-14 20:30:54,,3,0
1219096633290487,497552751126144,2019,15,1,3,1394.0,3.0,1,FIMI2,1,FIMI2,4,2022-06-14 20:30:54,,3,0
1219096634290487,497552751126144,2019,15,1,3,1394.0,4.0,1,FIMI2,1,FIMI2,1,2022-06-14 20:30:54,,3,0
1219096635290487,497552751126144,2019,15,1,3,1394.0,3.0,1,LACA2,1,LACA2,1,2022-06-14 20:30:54,,3,0
1219096636290487,497552751126144,2019,15,1,3,1394.0,1.0,1,LELE10,1,LELE10,1,2022-06-14 20:30:54,,3,0
1219096637290487,497552751126144,2019,15,1,3,1394.0,3.0,1,LELE10,1,LELE10,1,2022-06-14 20:30:54,,3,0
1219096638290487,497552751126144,2019,15,1,3,1394.0,4.0,1,LELE10,1,LELE10,1,2022-06-14 20:30:54,,3,0
1219096639290487,497552751126144,2019,15,1,3,1394.0,3.0,1,PSCA,1,PSCA,5,2022-06-14 20:30:54,,3,0
1219096640290487,497552751126144,2019,15,1,3,1394.0,1.0,1,SCTE,1,SCTE,8,2022-06-14 20:30:54,,3,0
1219096641290487,497552751126144,2019,15,1,3,1394.0,3.0,1,SCTE,1,SCTE,2,2022-06-14 20:30:54,,3,0
1219096642290487,497552751126144,2019,15,1,3,1394.0,4.0,1,SCTE,1,SCTE,1,2022-06-14 20:30:54,,3,0
1219096744290487,497552753126144,2019,15,1,3,1397.0,1.0,1,AREL4,1,AREL4,3,2022-06-14 20:30:54,,3,0
1219096745290487,497552753126144,2019,15,1,3,1397.0,2.0,1,AREL4,1,AREL4,25,2022-06-14 20:30:54,,3,0
1219096746290487,497552753126144,2019,15,1,3,1397.0,3.0,1,AREL4,1,AREL4,7,2022-06-14 20:30:54,,3,0
1219096747290487,497552753126144,2019,15,1,3,1397.0,4.0,1,AREL4,1,AREL4,5,2022-06-14 20:30:54,,3,0
1219096751290487,497552753126144,2019,15,1,3,1397.0,1.0,1,CLHI3,1,CLHI3,2,2022-06-14 20:30:54,,3,0
1219096752290487,497552753126144,2019,15,1,3,1397.0,2.0,1,CLHI3,1,CLHI3,2,2022-06-14 20:30:54,,3,0
1219096753290487,497552753126144,2019,15,1,3,1397.0,3.0,1,CLHI3,1,CLHI3,1,2022-06-14 20:30:54,,3,0
1219096754290487,497552753126144,2019,15,1,3,1397.0,4.0,1,CLHI3,1,CLHI3,3,2022-06-14 20:30:54,,3,0
1219096755290487,497552753126144,2019,15,1,3,1397.0,2.0,1,FAMO,1,FAMO,18,2022-06-14 20:30:54,,3,0
1219096756290487,497552753126144,2019,15,1,3,1397.0,1.0,1,PSCA,1,PSCA,2,2022-06-14 20:30:54,,3,0
1219096757290487,497552753126144,2019,15,1,3,1397.0,2.0,1,PSCA,1,PSCA,3,2022-06-14 20:30:54,,3,0
1219096758290487,497552753126144,2019,15,1,3,1397.0,3.0,1,PSCA,1,PSCA,85,2022-06-14 20:30:54,,3,0
1219096759290487,497552753126144,2019,15,1,3,1397.0,4.0,1,PSCA,1,PSCA,45,2022-06-14 20:30:54,,3,0
1219096760290487,497552753126144,2019,15,1,3,1397.0,1.0,1,PSGU,1,PSGU,1,2022-06-14 20:30:54,,3,0
1219096761290487,497552753126144,2019,15,1,3,1397.0,2.0,1,PSGU,1,PSGU,3,2022-06-14 20:30:54,,3,0
1219096903290487,497552756126144,2019,15,1,3,1402.0,1.0,1,CLHI3,1,CLHI3,1,2022-06-14 20:30:54,,3,0
1219096904290487,497552756126144,2019,15,1,3,1402.0,2.0,1,CLHI3,1,CLHI3,10,2022-06-14 20:30:54,,3,0
1219096905290487,497552756126144,2019,15,1,3,1402.0,3.0,1,CLHI3,1,CLHI3,1,2022-06-14 20:30:54,,3,0
1219096906290487,497552756126144,2019,15,1,3,1402.0,1.0,1,PATRM,1,PATRM,1,2022-06-14 20:30:54,,3,0
1219096907290487,497552756126144,2019,15,1,3,1402.0,2.0,1,PATRM,1,PATRM,1,2022-06-14 20:30:54,,3,0
1219096908290487,497552756126144,2019,15,1,3,1402.0,3.0,1,PATRM,1,PATRM,1,2022-06-14 20:30:54,,3,0
1219096909290487,497552756126144,2019,15,1,3,1402.0,2.0,1,PSCA,1,PSCA,46,2022-06-14 20:30:54,,3,0
1219096910290487,497552756126144,2019,15,1,3,1402.0,3.0,1,PSCA,1,PSCA,40,2022-06-14 20:30:54,,3,0
1219096911290487,497552756126144,2019,15,1,3,1402.0,1.0,1,RUAR2,1,RUAR2,1,2022-06-14 20:30:54,,3,0
1219096912290487,497552756126144,2019,15,1,3,1402.0,2.0,1,RUAR2,1,RUAR2,3,2022-06-14 20:30:54,,3,0
1219096913290487,497552756126144,2019,15,1,3,1402.0,3.0,1,SCTE,1,SCTE,20,2022-06-14 20:30:54,,3,0
1219097031290487,497552758126144,2019,15,1,3,1406.0,1.0,1,CLHI3,1,CLHI3,1,2022-06-14 20:30:54,,3,0
1219097032290487,497552758126144,2019,15,1,3,1406.0,2.0,1,CLHI3,1,CLHI3,1,2022-06-14 20:30:54,,3,0
1219097033290487,497552758126144,2019,15,1,3,1406.0,3.0,2,CLHI3,1,CLHI3,1,2022-06-14 20:30:54,,3,0
1219097034290487,497552758126144,2019,15,1,3,1406.0,4.0,1,CLHI3,1,CLHI3,3,2022-06-14 20:30:54,,3,0
1219097035290487,497552758126144,2019,15,1,3,1406.0,4.0,1,GRRO,1,GRRO,3,2022-06-14 20:30:54,,3,0
1219097036290487,497552758126144,2019,15,1,3,1406.0,1.0,1,PSCA,1,PSCA,8,2022-06-14 20:30:54,,3,0
1219097037290487,497552758126144,2019,15,1,3,1406.0,2.0,1,PSCA,1,PSCA,12,2022-06-14 20:30:54,,3,0
1219097038290487,497552758126144,2019,15,1,3,1406.0,3.0,2,PSCA,1,PSCA,1,2022-06-14 20:30:54,,3,0
1219097039290487,497552758126144,2019,15,1,3,1406.0,4.0,1,PSCA,1,PSCA,20,2022-06-14 20:30:54,,3,0
1219097040290487,497552758126144,2019,15,1,3,1406.0,2.0,1,PSGU,1,PSGU,2,2022-06-14 20:30:54,,3,0
1219097041290487,497552758126144,2019,15,1,3,1406.0,4.0,1,PSGU,1,PSGU,1,2022-06-14 20:30:54,,3,0
1219097042290487,497552758126144,2019,15,1,3,1406.0,1.0,1,SCTE,1,SCTE,3,2022-06-14 20:30:54,,3,0
1219097043290487,497552758126144,2019,15,1,3,1406.0,2.0,1,SCTE,1,SCTE,3,2022-06-14 20:30:54,,3,0
1219097044290487,497552758126144,2019,15,1,3,1406.0,3.0,2,SCTE,1,SCTE,35,2022-06-14 20:30:54,,3,0
1219097045290487,497552758126144,2019,15,1,3,1406.0,4.0,1,SCTE,1,SCTE,5,2022-06-14 20:30:54,,3,0
1219097190290487,497552760126144,2019,15,1,3,1409.0,1.0,1,LELE10,1,LELE10,18,2022-06-14 20:30:55,,3,0
1219097191290487,497552760126144,2019,15,1,3,1409.0,2.0,1,LELE10,1,LELE10,10,2022-06-14 20:30:55,,3,0
1219097192290487,497552760126144,2019,15,1,3,1409.0,3.0,1,LELE10,1,LELE10,10,2022-06-14 20:30:55,,3,0
1219097193290487,497552760126144,2019,15,1,3,1409.0,4.0,1,LELE10,1,LELE10,45,2022-06-14 20:30:55,,3,0
1219097194290487,497552760126144,2019,15,1,3,1409.0,1.0,1,PSGU,1,PSGU,1,2022-06-14 20:30:55,,3,0
1219097195290487,497552760126144,2019,15,1,3,1409.0,3.0,1,PSGU,1,PSGU,2,2022-06-14 20:30:55,,3,0
1219097196290487,497552760126144,2019,15,1,3,1409.0,4.0,1,PSGU,1,PSGU,1,2022-06-14 20:30:55,,3,0
1219097197290487,497552760126144,2019,15,1,3,1409.0,4.0,1,SCTE,1,SCTE,1,2022-06-14 20:30:55,,3,0
1219097342290487,497552764126144,2019,15,1,3,1415.0,2.0,1,AREL4,1,AREL4,85,2022-06-14 20:30:55,,3,0
1219097343290487,497552764126144,2019,15,1,3,1415.0,3.0,1,AREL4,1,AREL4,3,2022-06-14 20:30:55,,3,0
1219097344290487,497552764126144,2019,15,1,3,1415.0,4.0,1,AREL4,1,AREL4,15,2022-06-14 20:30:55,,3,0
1219097345290487,497552764126144,2019,15,1,3,1415.0,1.0,1,CENO,1,CENO,8,2022-06-14 20:30:55,,3,0
1219097346290487,497552764126144,2019,15,1,3,1415.0,3.0,1,CENO,1,CENO,5,2022-06-14 20:30:55,,3,0
1219097347290487,497552764126144,2019,15,1,3,1415.0,4.0,1,CENO,1,CENO,6,2022-06-14 20:30:55,,3,0
1219097350290487,497552764126144,2019,15,1,3,1415.0,4.0,1,CLHI3,1,CLHI3,1,2022-06-14 20:30:55,,3,0
1219097351290487,497552764126144,2019,15,1,3,1415.0,1.0,1,FAMO,1,FAMO,75,2022-06-14 20:30:55,,3,0
1219097352290487,497552764126144,2019,15,1,3,1415.0,2.0,1,FAMO,1,FAMO,75,2022-06-14 20:30:55,,3,0
1219097353290487,497552764126144,2019,15,1,3,1415.0,3.0,1,FAMO,1,FAMO,30,2022-06-14 20:30:55,,3,0
1219097354290487,497552764126144,2019,15,1,3,1415.0,4.0,1,FAMO,1,FAMO,10,2022-06-14 20:30:55,,3,0
1219097355290487,497552764126144,2019,15,1,3,1415.0,4.0,1,FIMI2,1,FIMI2,2,2022-06-14 20:30:55,,3,0
1219097356290487,497552764126144,2019,15,1,3,1415.0,3.0,1,PSCA,1,PSCA,8,2022-06-14 20:30:55,,3,0
1219097493290487,497552765126144,2019,15,1,3,1417.0,1.0,1,LELE10,1,LELE10,50,2022-06-14 20:30:55,,3,0
1219097494290487,497552765126144,2019,15,1,3,1417.0,2.0,1,LELE10,1,LELE10,45,2022-06-14 20:30:55,,3,0
1219097495290487,497552765126144,2019,15,1,3,1417.0,3.0,1,LELE10,1,LELE10,35,2022-06-14 20:30:55,,3,0
1219097496290487,497552765126144,2019,15,1,3,1417.0,4.0,1,LELE10,1,LELE10,45,2022-06-14 20:30:55,,3,0
1219097635290487,497552766126144,2019,15,1,3,1418.0,1.0,1,CLHI3,1,CLHI3,1,2022-06-14 20:30:55,,3,0
1219097636290487,497552766126144,2019,15,1,3,1418.0,2.0,1,CLHI3,1,CLHI3,1,2022-06-14 20:30:55,,3,0
1219097637290487,497552766126144,2019,15,1,3,1418.0,3.0,1,CLHI3,1,CLHI3,2,2022-06-14 20:30:55,,3,0
1219097638290487,497552766126144,2019,15,1,3,1418.0,2.0,1,PSCA,1,PSCA,1,2022-06-14 20:30:55,,3,0
1219097764290487,497552767126144,2019,15,1,3,1420.0,1.0,1,GRRO,1,GRRO,1,2022-06-14 20:30:55,,3,0
1219097765290487,497552767126144,2019,15,1,3,1420.0,2.0,1,GRRO,1,GRRO,1,2022-06-14 20:30:55,,3,0
1219097766290487,497552767126144,2019,15,1,3,1420.0,3.0,1,GRRO,1,GRRO,10,2022-06-14 20:30:55,,3,0
1219097767290487,497552767126144,2019,15,1,3,1420.0,4.0,1,GRRO,1,GRRO,2,2022-06-14 20:30:55,,3,0
1219097768290487,497552767126144,2019,15,1,3,1420.0,2.0,1,LACA2,1,LACA2,3,2022-06-14 20:30:55,,3,0
1219097769290487,497552767126144,2019,15,1,3,1420.0,2.0,1,PATRM,1,PATRM,1,2022-06-14 20:30:55,,3,0
1219097770290487,497552767126144,2019,15,1,3,1420.0,4.0,1,PATRM,1,PATRM,6,2022-06-14 20:30:55,,3,0
1219097771290487,497552767126144,2019,15,1,3,1420.0,1.0,1,PSCA,1,PSCA,90,2022-06-14 20:30:55,,3,0
1219097772290487,497552767126144,2019,15,1,3,1420.0,2.0,1,PSCA,1,PSCA,7,2022-06-14 20:30:55,,3,0
1219097773290487,497552767126144,2019,15,1,3,1420.0,3.0,1,PSCA,1,PSCA,60,2022-06-14 20:30:55,,3,0
1219097774290487,497552767126144,2019,15,1,3,1420.0,4.0,1,PSCA,1,PSCA,67,2022-06-14 20:30:55,,3,0
1219097775290487,497552767126144,2019,15,1,3,1420.0,2.0,1,SCTE,1,SCTE,80,2022-06-14 20:30:55,,3,0
1219097917290487,497552770126144,2019,15,1,3,1425.0,2.0,1,AREL4,1,AREL4,1,2022-06-14 20:30:55,,3,0
1219097918290487,497552770126144,2019,15,1,3,1425.0,3.0,1,AREL4,1,AREL4,1,2022-06-14 20:30:55,,3,0
1219097921290487,497552770126144,2019,15,1,3,1425.0,2.0,1,LELE10,1,LELE10,1,2022-06-14 20:30:55,,3,0
1219097922290487,497552770126144,2019,15,1,3,1425.0,3.0,1,LELE10,1,LELE10,1,2022-06-14 20:30:55,,3,0
1220018229290487,497552776126144,2019,15,1,3,1433.0,1.0,1,AREL4,1,AREL4,1,2022-06-15 18:14:18,,3,0
1220018230290487,497552776126144,2019,15,1,3,1433.0,1.0,2,AREL4,1,AREL4,6,2022-06-15 18:14:18,,3,0
1220018231290487,497552776126144,2019,15,1,3,1433.0,2.0,1,AREL4,1,AREL4,4,2022-06-15 18:14:18,,3,0
1220018232290487,497552776126144,2019,15,1,3,1433.0,3.0,2,AREL4,1,AREL4,35,2022-06-15 18:14:18,,3,0
1220018233290487,497552776126144,2019,15,1,3,1433.0,4.0,1,AREL4,1,AREL4,2,2022-06-15 18:14:18,,3,0
1220018236290487,497552776126144,2019,15,1,3,1433.0,1.0,1,CLHI3,1,CLHI3,1,2022-06-15 18:14:18,,3,0
1220018237290487,497552776126144,2019,15,1,3,1433.0,1.0,2,CLHI3,1,CLHI3,1,2022-06-15 18:14:18,,3,0
1220018238290487,497552776126144,2019,15,1,3,1433.0,2.0,1,CLHI3,1,CLHI3,1,2022-06-15 18:14:18,,3,0
1220018239290487,497552776126144,2019,15,1,3,1433.0,3.0,2,CLHI3,1,CLHI3,2,2022-06-15 18:14:18,,3,0
1220018240290487,497552776126144,2019,15,1,3,1433.0,4.0,1,CLHI3,1,CLHI3,3,2022-06-15 18:14:18,,3,0
1220018241290487,497552776126144,2019,15,1,3,1433.0,3.0,2,FAMO,1,FAMO,40,2022-06-15 18:14:18,,3,0
1219122763290487,497553742126144,2019,15,1,7,1077.0,1.0,1,LACA2,1,LACA2,3,2022-06-14 20:31:34,,3,0
1219122764290487,497553742126144,2019,15,1,7,1077.0,3.0,1,LACA2,1,LACA2,4,2022-06-14 20:31:34,,3,0
1219122765290487,497553742126144,2019,15,1,7,1077.0,4.0,1,LACA2,1,LACA2,1,2022-06-14 20:31:34,,3,0
1219122766290487,497553742126144,2019,15,1,7,1077.0,1.0,1,PSCA,1,PSCA,65,2022-06-14 20:31:34,,3,0
1219122767290487,497553742126144,2019,15,1,7,1077.0,2.0,1,PSCA,1,PSCA,73,2022-06-14 20:31:34,,3,0
1219122768290487,497553742126144,2019,15,1,7,1077.0,3.0,1,PSCA,1,PSCA,18,2022-06-14 20:31:34,,3,0
1219122769290487,497553742126144,2019,15,1,7,1077.0,4.0,1,PSCA,1,PSCA,27,2022-06-14 20:31:34,,3,0
1219122770290487,497553742126144,2019,15,1,7,1077.0,1.0,1,PSGU,1,PSGU,3,2022-06-14 20:31:34,,3,0
1219122771290487,497553742126144,2019,15,1,7,1077.0,3.0,1,PSGU,1,PSGU,8,2022-06-14 20:31:34,,3,0
1219122772290487,497553742126144,2019,15,1,7,1077.0,4.0,1,PSGU,1,PSGU,1,2022-06-14 20:31:34,,3,0
1219122918290487,497553743126144,2019,15,1,7,1080.0,1.0,1,HEGA,1,HEGA,55,2022-06-14 20:31:34,,3,0
1219122919290487,497553743126144,2019,15,1,7,1080.0,3.0,1,HEGA,1,HEGA,21,2022-06-14 20:31:34,,3,0
1219122920290487,497553743126144,2019,15,1,7,1080.0,4.0,1,HEGA,1,HEGA,6,2022-06-14 20:31:34,,3,0
1219122921290487,497553743126144,2019,15,1,7,1080.0,4.0,1,PSCA,1,PSCA,2,2022-06-14 20:31:34,,3,0
1219100541290487,497553479126144,2019,15,1,1,2400.0,1.0,1,SEPA6,1,SEPA6,50,2022-06-14 20:30:58,,3,0
1219100542290487,497553479126144,2019,15,1,1,2400.0,2.0,1,SEPA6,1,SEPA6,5,2022-06-14 20:30:58,,3,0
1219100543290487,497553479126144,2019,15,1,1,2400.0,3.0,1,SEPA6,1,SEPA6,3,2022-06-14 20:30:58,,3,0
1219100544290487,497553479126144,2019,15,1,1,2400.0,4.0,1,SEPA6,1,SEPA6,10,2022-06-14 20:30:58,,3,0
1219100693290487,497553482126144,2019,15,1,1,2403.0,1.0,1,PESE3,1,PESE3,3,2022-06-14 20:30:59,,3,0
1219100694290487,497553482126144,2019,15,1,1,2403.0,2.0,1,PESE3,1,PESE3,14,2022-06-14 20:30:59,,3,0
1219100695290487,497553482126144,2019,15,1,1,2403.0,3.0,1,PESE3,1,PESE3,1,2022-06-14 20:30:59,,3,0
1219100696290487,497553482126144,2019,15,1,1,2403.0,4.0,1,PESE3,1,PESE3,3,2022-06-14 20:30:59,,3,0
1219100822290487,497553483126144,2019,15,1,1,2406.0,1.0,1,CLHI3,1,CLHI3,81,2022-06-14 20:30:59,,3,0
1219100823290487,497553483126144,2019,15,1,1,2406.0,2.0,1,CLHI3,1,CLHI3,76,2022-06-14 20:30:59,,3,0
1219100824290487,497553483126144,2019,15,1,1,2406.0,3.0,1,CLHI3,1,CLHI3,75,2022-06-14 20:30:59,,3,0
1219100825290487,497553483126144,2019,15,1,1,2406.0,4.0,1,CLHI3,1,CLHI3,62,2022-06-14 20:30:59,,3,0
1219100826290487,497553483126144,2019,15,1,1,2406.0,1.0,1,PSCA,1,PSCA,14,2022-06-14 20:30:59,,3,0
1219100827290487,497553483126144,2019,15,1,1,2406.0,2.0,1,PSCA,1,PSCA,43,2022-06-14 20:30:59,,3,0
1219100828290487,497553483126144,2019,15,1,1,2406.0,3.0,1,PSCA,1,PSCA,52,2022-06-14 20:30:59,,3,0
1219100829290487,497553483126144,2019,15,1,1,2406.0,4.0,1,PSCA,1,PSCA,51,2022-06-14 20:30:59,,3,0
1219100830290487,497553483126144,2019,15,1,1,2406.0,1.0,1,SEPA6,1,SEPA6,36,2022-06-14 20:30:59,,3,0
1219100831290487,497553483126144,2019,15,1,1,2406.0,2.0,1,SEPA6,1,SEPA6,38,2022-06-14 20:30:59,,3,0
1219100832290487,497553483126144,2019,15,1,1,2406.0,3.0,1,SEPA6,1,SEPA6,16,2022-06-14 20:30:59,,3,0
1219100833290487,497553483126144,2019,15,1,1,2406.0,4.0,1,SEPA6,1,SEPA6,42,2022-06-14 20:30:59,,3,0
1219100834290487,497553483126144,2019,15,1,1,2406.0,1.0,1,TIHE2,1,TIHE2,4,2022-06-14 20:30:59,,3,0
1219100835290487,497553483126144,2019,15,1,1,2406.0,2.0,1,TIHE2,1,TIHE2,2,2022-06-14 20:30:59,,3,0
1219100836290487,497553483126144,2019,15,1,1,2406.0,3.0,1,TIHE2,1,TIHE2,1,2022-06-14 20:30:59,,3,0
1219100837290487,497553483126144,2019,15,1,1,2406.0,4.0,1,TIHE2,1,TIHE2,2,2022-06-14 20:30:59,,3,0
1219101020290487,497553493126144,2019,15,1,1,4695.0,1.0,1,CLHI3,1,CLHI3,35,2022-06-14 20:30:59,,3,0
1219101021290487,497553493126144,2019,15,1,1,4695.0,2.0,1,CLHI3,1,CLHI3,15,2022-06-14 20:30:59,,3,0
1219101022290487,497553493126144,2019,15,1,1,4695.0,3.0,1,CLHI3,1,CLHI3,20,2022-06-14 20:30:59,,3,0
1219101023290487,497553493126144,2019,15,1,1,4695.0,4.0,1,CLHI3,1,CLHI3,22,2022-06-14 20:30:59,,3,0
1219101024290487,497553493126144,2019,15,1,1,4695.0,1.0,1,HEGA,1,HEGA,70,2022-06-14 20:30:59,,3,0
1219101025290487,497553493126144,2019,15,1,1,4695.0,2.0,1,HEGA,1,HEGA,90,2022-06-14 20:30:59,,3,0
1219101026290487,497553493126144,2019,15,1,1,4695.0,3.0,1,HEGA,1,HEGA,55,2022-06-14 20:30:59,,3,0
1219101027290487,497553493126144,2019,15,1,1,4695.0,4.0,1,HEGA,1,HEGA,8,2022-06-14 20:30:59,,3,0
1219101028290487,497553493126144,2019,15,1,1,4695.0,1.0,1,PSCA,1,PSCA,75,2022-06-14 20:30:59,,3,0
1219101029290487,497553493126144,2019,15,1,1,4695.0,2.0,1,PSCA,1,PSCA,90,2022-06-14 20:30:59,,3,0
1219101030290487,497553493126144,2019,15,1,1,4695.0,3.0,1,PSCA,1,PSCA,85,2022-06-14 20:30:59,,3,0
1219101031290487,497553493126144,2019,15,1,1,4695.0,4.0,1,PSCA,1,PSCA,85,2022-06-14 20:30:59,,3,0
1219101331290487,497553500126144,2019,15,1,1,4709.0,1.0,1,CLHI3,1,CLHI3,9,2022-06-14 20:30:59,,3,0
1219101332290487,497553500126144,2019,15,1,1,4709.0,2.0,1,CLHI3,1,CLHI3,20,2022-06-14 20:30:59,,3,0
1219106192290487,497553623126144,2019,15,1,1,2443.0,2.0,1,FAMO,1,FAMO,7,2022-06-14 20:31:06,,3,0
1219106193290487,497553623126144,2019,15,1,1,2443.0,2.0,1,HEGA,1,HEGA,3,2022-06-14 20:31:06,,3,0
1219106194290487,497553623126144,2019,15,1,1,2443.0,1.0,1,MECA9,1,MECA9,48,2022-06-14 20:31:06,,3,0
1219106195290487,497553623126144,2019,15,1,1,2443.0,2.0,1,MECA9,1,MECA9,2,2022-06-14 20:31:06,,3,0
1219106196290487,497553623126144,2019,15,1,1,2443.0,3.0,1,MECA9,1,MECA9,68,2022-06-14 20:31:06,,3,0
1219106197290487,497553623126144,2019,15,1,1,2443.0,4.0,1,MECA9,1,MECA9,72,2022-06-14 20:31:06,,3,0
1219106198290487,497553623126144,2019,15,1,1,2443.0,2.0,1,MICA20,1,MICA20,1,2022-06-14 20:31:06,,3,0
1219106199290487,497553623126144,2019,15,1,1,2443.0,1.0,1,PSCA,1,PSCA,77,2022-06-14 20:31:06,,3,0
1219106200290487,497553623126144,2019,15,1,1,2443.0,2.0,1,PSCA,1,PSCA,46,2022-06-14 20:31:06,,3,0
1219106201290487,497553623126144,2019,15,1,1,2443.0,3.0,1,PSCA,1,PSCA,9,2022-06-14 20:31:06,,3,0
1219106202290487,497553623126144,2019,15,1,1,2443.0,4.0,1,PSCA,1,PSCA,42,2022-06-14 20:31:06,,3,0
1219106203290487,497553623126144,2019,15,1,1,2443.0,2.0,1,SEPA6,1,SEPA6,1,2022-06-14 20:31:06,,3,0
1219107037290487,497553639126144,2019,15,1,1,2808.0,1.0,1,CLHI3,1,CLHI3,12,2022-06-14 20:31:07,,3,0
1219107038290487,497553639126144,2019,15,1,1,2808.0,2.0,1,CLHI3,1,CLHI3,1,2022-06-14 20:31:07,,3,0
1219107039290487,497553639126144,2019,15,1,1,2808.0,3.0,1,CLHI3,1,CLHI3,3,2022-06-14 20:31:07,,3,0
1219107040290487,497553639126144,2019,15,1,1,2808.0,4.0,1,CLHI3,1,CLHI3,1,2022-06-14 20:31:07,,3,0
1219107041290487,497553639126144,2019,15,1,1,2808.0,1.0,1,PSCA,1,PSCA,4,2022-06-14 20:31:07,,3,0
1219107042290487,497553639126144,2019,15,1,1,2808.0,2.0,1,PSCA,1,PSCA,2,2022-06-14 20:31:07,,3,0
1219107043290487,497553639126144,2019,15,1,1,2808.0,3.0,1,PSCA,1,PSCA,14,2022-06-14 20:31:07,,3,0
1219107044290487,497553639126144,2019,15,1,1,2808.0,4.0,1,PSCA,1,PSCA,27,2022-06-14 20:31:07,,3,0
1219107045290487,497553639126144,2019,15,1,1,2808.0,3.0,1,TIHE2,1,TIHE2,1,2022-06-14 20:31:07,,3,0
1219107046290487,497553639126144,2019,15,1,1,2808.0,4.0,1,TIHE2,1,TIHE2,8,2022-06-14 20:31:07,,3,0
1219107193290487,497553641126144,2019,15,1,1,2813.0,3.0,1,PATRM,1,PATRM,5,2022-06-14 20:31:07,,3,0
1219107194290487,497553641126144,2019,15,1,1,2813.0,4.0,1,PATRM,1,PATRM,1,2022-06-14 20:31:07,,3,0
1219107195290487,497553641126144,2019,15,1,1,2813.0,1.0,1,PSGU,1,PSGU,1,2022-06-14 20:31:07,,3,0
1219107197290487,497553641126144,2019,15,1,1,2813.0,1.0,1,SCTE,1,SCTE,15,2022-06-14 20:31:07,,3,0
1219107198290487,497553641126144,2019,15,1,1,2813.0,2.0,1,SCTE,1,SCTE,27,2022-06-14 20:31:07,,3,0
1219107199290487,497553641126144,2019,15,1,1,2813.0,3.0,1,SCTE,1,SCTE,53,2022-06-14 20:31:07,,3,0
1219107200290487,497553641126144,2019,15,1,1,2813.0,4.0,1,SCTE,1,SCTE,24,2022-06-14 20:31:07,,3,0
1219107443290487,497553647126144,2019,15,1,1,2822.0,2.0,1,SCTE,1,SCTE,4,2022-06-14 20:31:08,,3,0
1219107575290487,497553649126144,2019,15,1,1,2826.0,1.0,1,CLHI3,1,CLHI3,1,2022-06-14 20:31:08,,3,0
1219107576290487,497553649126144,2019,15,1,1,2826.0,2.0,1,CLHI3,1,CLHI3,1,2022-06-14 20:31:08,,3,0
1219107577290487,497553649126144,2019,15,1,1,2826.0,4.0,1,CLHI3,1,CLHI3,3,2022-06-14 20:31:08,,3,0
1219107708290487,497553650126144,2019,15,1,1,2827.0,1.0,1,LACA2,1,LACA2,11,2022-06-14 20:31:08,,3,0
1219107709290487,497553650126144,2019,15,1,1,2827.0,2.0,1,LACA2,1,LACA2,3,2022-06-14 20:31:08,,3,0
1219107710290487,497553650126144,2019,15,1,1,2827.0,3.0,1,LACA2,1,LACA2,6,2022-06-14 20:31:08,,3,0
1219107711290487,497553650126144,2019,15,1,1,2827.0,4.0,1,LACA2,1,LACA2,64,2022-06-14 20:31:08,,3,0
1219107712290487,497553650126144,2019,15,1,1,2827.0,1.0,1,SCTE,1,SCTE,24,2022-06-14 20:31:08,,3,0
1219107713290487,497553650126144,2019,15,1,1,2827.0,2.0,1,SCTE,1,SCTE,18,2022-06-14 20:31:08,,3,0
1219107714290487,497553650126144,2019,15,1,1,2827.0,3.0,1,SCTE,1,SCTE,60,2022-06-14 20:31:08,,3,0
1219107715290487,497553650126144,2019,15,1,1,2827.0,4.0,1,SCTE,1,SCTE,4,2022-06-14 20:31:08,,3,0
1219119018290487,497553652126144,2019,15,1,1,2831.0,2.0,1,SCTE,1,SCTE,1,2022-06-14 20:31:27,,3,0
1219119019290487,497553652126144,2019,15,1,1,2831.0,4.0,1,SCTE,1,SCTE,2,2022-06-14 20:31:27,,3,0
1219119156290487,497553654126144,2019,15,1,1,2835.0,3.0,3,GRRO,1,GRRO,28,2022-06-14 20:31:28,,3,0
1219119157290487,497553654126144,2019,15,1,1,2835.0,3.0,3,LACA2,1,LACA2,24,2022-06-14 20:31:28,,3,0
1219119202290487,497553656126144,2019,15,1,1,2838.0,2.0,1,SCTE,1,SCTE,10,2022-06-14 20:31:28,,3,0
1219119408290487,497553668126144,2019,15,1,1,2858.0,1.0,1,LELE10,1,LELE10,5,2022-06-14 20:31:28,,3,0
1219119409290487,497553668126144,2019,15,1,1,2858.0,4.0,1,LELE10,1,LELE10,1,2022-06-14 20:31:28,,3,0
1219119410290487,497553668126144,2019,15,1,1,2858.0,1.0,1,PSGU,1,PSGU,1,2022-06-14 20:31:28,,3,0
1219119411290487,497553668126144,2019,15,1,1,2858.0,2.0,1,PSGU,1,PSGU,1,2022-06-14 20:31:28,,3,0
1219119412290487,497553668126144,2019,15,1,1,2858.0,3.0,1,PSGU,1,PSGU,1,2022-06-14 20:31:28,,3,0
1219119413290487,497553668126144,2019,15,1,1,2858.0,4.0,1,PSGU,1,PSGU,1,2022-06-14 20:31:28,,3,0
1219119414290487,497553668126144,2019,15,1,1,2858.0,1.0,1,SCTE,1,SCTE,95,2022-06-14 20:31:28,,3,0
1219119415290487,497553668126144,2019,15,1,1,2858.0,2.0,1,SCTE,1,SCTE,95,2022-06-14 20:31:28,,3,0
1219119416290487,497553668126144,2019,15,1,1,2858.0,3.0,1,SCTE,1,SCTE,98,2022-06-14 20:31:28,,3,0
1219119417290487,497553668126144,2019,15,1,1,2858.0,4.0,1,SCTE,1,SCTE,98,2022-06-14 20:31:28,,3,0
1219119549290487,497553670126144,2019,15,1,1,2861.0,2.0,1,LACA2,1,LACA2,1,2022-06-14 20:31:28,,3,0
1219119550290487,497553670126144,2019,15,1,1,2861.0,3.0,1,LACA2,1,LACA2,1,2022-06-14 20:31:28,,3,0
1219119551290487,497553670126144,2019,15,1,1,2861.0,4.0,1,LACA2,1,LACA2,1,2022-06-14 20:31:28,,3,0
1219119552290487,497553670126144,2019,15,1,1,2861.0,1.0,1,LELE10,1,LELE10,8,2022-06-14 20:31:28,,3,0
1219119553290487,497553670126144,2019,15,1,1,2861.0,2.0,1,LELE10,1,LELE10,72,2022-06-14 20:31:28,,3,0
1219119554290487,497553670126144,2019,15,1,1,2861.0,3.0,1,LELE10,1,LELE10,65,2022-06-14 20:31:28,,3,0
1219119555290487,497553670126144,2019,15,1,1,2861.0,4.0,1,LELE10,1,LELE10,21,2022-06-14 20:31:28,,3,0
1219119688290487,497553673126144,2019,15,1,1,5626.0,1.0,1,AREL4,1,AREL4,1,2022-06-14 20:31:28,,3,0
1219119689290487,497553673126144,2019,15,1,1,5626.0,2.0,1,AREL4,1,AREL4,7,2022-06-14 20:31:28,,3,0
1219119690290487,497553673126144,2019,15,1,1,5626.0,3.0,1,AREL4,1,AREL4,2,2022-06-14 20:31:28,,3,0
1219119691290487,497553673126144,2019,15,1,1,5626.0,4.0,1,AREL4,1,AREL4,5,2022-06-14 20:31:28,,3,0
1219119693290487,497553673126144,2019,15,1,1,5626.0,1.0,1,CLHI3,1,CLHI3,3,2022-06-14 20:31:28,,3,0
1219119694290487,497553673126144,2019,15,1,1,5626.0,2.0,1,CLHI3,1,CLHI3,7,2022-06-14 20:31:28,,3,0
1219119695290487,497553673126144,2019,15,1,1,5626.0,3.0,1,CLHI3,1,CLHI3,4,2022-06-14 20:31:28,,3,0
1219119696290487,497553673126144,2019,15,1,1,5626.0,4.0,1,CLHI3,1,CLHI3,3,2022-06-14 20:31:28,,3,0
366325416489998,47825745010497,2010,15,1,1,5263.0,1.0,1,PSGU,1,PSGU,2,2015-12-18 18:12:00,2021-06-04 15:05:17,2,0
366325417489998,47825745010497,2010,15,1,1,5263.0,2.0,1,PSGU,1,PSGU,7,2015-12-18 18:12:00,2021-06-04 15:05:17,2,0
366325418489998,47825745010497,2010,15,1,1,5263.0,3.0,1,PSGU,1,PSGU,5,2015-12-18 18:12:00,2021-06-04 15:05:17,2,0
366325419489998,47825745010497,2010,15,1,1,5263.0,4.0,1,PSGU,1,PSGU,2,2015-12-18 18:12:00,2021-06-04 15:05:17,2,0
365907346489998,47825750010497,2010,15,1,1,5059.0,1.0,1,PSGU,1,PSGU,3,2015-12-17 12:40:23,2021-06-04 15:05:17,2,0
365907347489998,47825750010497,2010,15,1,1,5059.0,4.0,1,PSGU,1,PSGU,2,2015-12-17 12:40:23,2021-06-04 15:05:17,2,0
366326173489998,47825778010497,2010,15,1,1,4898.0,1.0,1,LELE10,1,LELE10,8,2015-12-18 18:12:02,2021-06-04 15:05:17,2,0
366326174489998,47825778010497,2010,15,1,1,4898.0,2.0,1,LELE10,1,LELE10,1,2015-12-18 18:12:02,2021-06-04 15:05:17,2,0
366326175489998,47825778010497,2010,15,1,1,4898.0,4.0,1,LELE10,1,LELE10,28,2015-12-18 18:12:02,2021-06-04 15:05:17,2,0
366326176489998,47825778010497,2010,15,1,1,4898.0,1.0,1,SCTE,1,SCTE,9,2015-12-18 18:12:02,2021-06-04 15:05:17,2,0
365908572489998,47825784010497,2010,15,1,1,5225.0,1.0,1,LACA2,1,LACA2,3,2015-12-17 12:40:25,2021-06-04 15:05:17,2,0
365908573489998,47825784010497,2010,15,1,1,5225.0,3.0,1,LACA2,1,LACA2,1,2015-12-17 12:40:25,2021-06-04 15:05:17,2,0
365908574489998,47825784010497,2010,15,1,1,5225.0,4.0,1,LACA2,1,LACA2,7,2015-12-17 12:40:25,2021-06-04 15:05:17,2,0
366335354489998,48193744010497,2010,15,1,1,2415.0,4.0,1,GRRO,1,GRRO,1,2015-12-18 18:12:18,2021-06-04 15:05:17,2,0
366335355489998,48193744010497,2010,15,1,1,2415.0,1.0,1,PESE3,1,PESE3,24,2015-12-18 18:12:18,2021-06-04 15:05:17,2,0
366335356489998,48193744010497,2010,15,1,1,2415.0,2.0,1,PESE3,1,PESE3,65,2015-12-18 18:12:18,2021-06-04 15:05:17,2,0
366335357489998,48193744010497,2010,15,1,1,2415.0,3.0,1,PESE3,1,PESE3,5,2015-12-18 18:12:18,2021-06-04 15:05:17,2,0
366335358489998,48193744010497,2010,15,1,1,2415.0,4.0,1,PESE3,1,PESE3,78,2015-12-18 18:12:18,2021-06-04 15:05:17,2,0
1641354311290487,48466809010497,2010,15,1,3,1344.0,1.0,1,LELE10,1,LELE10,1,2024-06-21 17:38:51,,2,0
1641354333290487,48466809010497,2010,15,1,3,1344.0,2.0,1,LELE10,1,LELE10,25,2024-06-21 17:38:51,,2,0
1641354356290487,48466809010497,2010,15,1,3,1344.0,3.0,1,SCTE,1,SCTE,1,2024-06-21 17:38:51,,2,0
1641354455290487,48466809010497,2010,15,1,3,1344.0,2.0,1,LACA2,1,LACA2,3,2024-06-21 17:38:51,,2,0
1641354365290487,48466809010497,2010,15,1,3,1344.0,2.0,1,CLHI3,1,CLHI3,1,2024-06-21 17:38:51,,2,0
1641354394290487,48466809010497,2010,15,1,3,1344.0,3.0,1,LELE10,1,LELE10,20,2024-06-21 17:38:51,,2,0
1641354250290487,48466810010497,2010,15,1,3,1402.0,3.0,1,PSGU,1,PSGU,3,2024-06-21 17:38:51,,2,0
1641354322290487,48466810010497,2010,15,1,3,1402.0,2.0,1,PSGU,1,PSGU,9,2024-06-21 17:38:51,,2,0
1641354395290487,48466810010497,2010,15,1,3,1402.0,3.0,1,LACA2,1,LACA2,2,2024-06-21 17:38:51,,2,0
1641354397290487,48466810010497,2010,15,1,3,1402.0,1.0,1,GRRO,1,GRRO,1,2024-06-21 17:38:51,,2,0
1641354410290487,48466810010497,2010,15,1,3,1402.0,2.0,1,SPCA2,1,SPCA2,1,2024-06-21 17:38:51,,2,0
1641354417290487,48466810010497,2010,15,1,3,1402.0,1.0,1,PSCA,1,PSCA,2,2024-06-21 17:38:51,,2,0
1641354442290487,48466810010497,2010,15,1,3,1402.0,2.0,1,CLHI3,1,CLHI3,3,2024-06-21 17:38:51,,2,0
1641354463290487,48466810010497,2010,15,1,3,1402.0,3.0,1,SPCA2,1,SPCA2,1,2024-06-21 17:38:51,,2,0
1641354187290487,48466810010497,2010,15,1,3,1402.0,3.0,1,CLHI3,1,CLHI3,15,2024-06-21 17:38:51,,2,0
1641354193290487,48466810010497,2010,15,1,3,1402.0,1.0,1,CLHI3,1,CLHI3,3,2024-06-21 17:38:51,,2,0
1641354220290487,48466810010497,2010,15,1,3,1402.0,1.0,1,LACA2,1,LACA2,1,2024-06-21 17:38:51,,2,0
1641354226290487,48466810010497,2010,15,1,3,1402.0,3.0,1,PSCA,1,PSCA,5,2024-06-21 17:38:51,,2,0
1641354235290487,48466811010497,2010,15,1,3,1406.0,4.0,1,PSCA,1,PSCA,15,2024-06-21 17:38:51,,2,0
1641354249290487,48466811010497,2010,15,1,3,1406.0,4.0,1,SCTE,1,SCTE,1,2024-06-21 17:38:51,,2,0
1641354253290487,48466811010497,2010,15,1,3,1406.0,1.0,1,PSCA,1,PSCA,6,2024-06-21 17:38:51,,2,0
1641354272290487,48466811010497,2010,15,1,3,1406.0,1.0,1,PSGU,1,PSGU,2,2024-06-21 17:38:51,,2,0
1641354366290487,48466811010497,2010,15,1,3,1406.0,1.0,1,SCTE,1,SCTE,8,2024-06-21 17:38:51,,2,0
1641354370290487,48466811010497,2010,15,1,3,1406.0,4.0,1,PSGU,1,PSGU,1,2024-06-21 17:38:51,,2,0
1641354373290487,48466811010497,2010,15,1,3,1406.0,1.0,1,CLHI3,1,CLHI3,1,2024-06-21 17:38:51,,2,0
1641354392290487,48466811010497,2010,15,1,3,1406.0,4.0,1,LACA2,1,LACA2,1,2024-06-21 17:38:51,,2,0
1641354433290487,48466811010497,2010,15,1,3,1406.0,2.0,1,PSGU,1,PSGU,2,2024-06-21 17:38:51,,2,0
1641354436290487,48466811010497,2010,15,1,3,1406.0,2.0,1,GRRO,1,GRRO,1,2024-06-21 17:38:51,,2,0
1641354188290487,48466811010497,2010,15,1,3,1406.0,4.0,1,CLHI3,1,CLHI3,4,2024-06-21 17:38:51,,2,0
1641354198290487,48466811010497,2010,15,1,3,1406.0,3.0,2,SCTE,1,SCTE,3,2024-06-21 17:38:51,,2,0
1641354221290487,48466811010497,2010,15,1,3,1406.0,2.0,1,PSCA,1,PSCA,20,2024-06-21 17:38:51,,2,0
1641354342290487,48466812010497,2010,15,1,3,1407.0,4.0,1,PSGU,1,PSGU,1,2024-06-21 17:38:51,,2,0
1641354358290487,48466812010497,2010,15,1,3,1407.0,4.0,1,SCTE,1,SCTE,1,2024-06-21 17:38:51,,2,0
1641354407290487,48466812010497,2010,15,1,3,1407.0,2.0,1,PSGU,1,PSGU,1,2024-06-21 17:38:51,,2,0
1641354212290487,48466812010497,2010,15,1,3,1407.0,4.0,1,LACA2,1,LACA2,1,2024-06-21 17:38:51,,2,0
1641354255290487,48466813010497,2010,15,1,3,1420.0,4.0,1,LACA2,1,LACA2,1,2024-06-21 17:38:51,,2,0
1641354263290487,48466813010497,2010,15,1,3,1420.0,3.0,1,LACA2,1,LACA2,1,2024-06-21 17:38:51,,2,0
1641354276290487,48466813010497,2010,15,1,3,1420.0,2.0,1,GRRO,1,GRRO,2,2024-06-21 17:38:51,,2,0
1641354319290487,48466813010497,2010,15,1,3,1420.0,3.0,1,GRRO,1,GRRO,3,2024-06-21 17:38:51,,2,0
1641354324290487,48466813010497,2010,15,1,3,1420.0,4.0,1,PSCA,1,PSCA,12,2024-06-21 17:38:51,,2,0
1641354341290487,48466813010497,2010,15,1,3,1420.0,3.0,1,PSCA,1,PSCA,12,2024-06-21 17:38:51,,2,0
1641354357290487,48466813010497,2010,15,1,3,1420.0,1.0,1,LACA2,1,LACA2,1,2024-06-21 17:38:51,,2,0
1641354375290487,48466813010497,2010,15,1,3,1420.0,1.0,1,GRRO,1,GRRO,1,2024-06-21 17:38:51,,2,0
1641354411290487,48466813010497,2010,15,1,3,1420.0,2.0,1,SCTE,1,SCTE,2,2024-06-21 17:38:51,,2,0
1641354414290487,48466813010497,2010,15,1,3,1420.0,1.0,1,PSCA,1,PSCA,25,2024-06-21 17:38:51,,2,0
1641354189290487,48466813010497,2010,15,1,3,1420.0,2.0,1,PSCA,1,PSCA,2,2024-06-21 17:38:51,,2,0
1641354208290487,48466813010497,2010,15,1,3,1420.0,2.0,1,LACA2,1,LACA2,3,2024-06-21 17:38:51,,2,0
1641354318290487,48466814010497,2010,15,1,3,1417.0,1.0,1,LACA2,1,LACA2,1,2024-06-21 17:38:51,,2,0
1641354372290487,48466814010497,2010,15,1,3,1417.0,3.0,1,LELE10,1,LELE10,2,2024-06-21 17:38:51,,2,0
1641354393290487,48466814010497,2010,15,1,3,1417.0,1.0,1,LELE10,1,LELE10,1,2024-06-21 17:38:51,,2,0
1641354444290487,48466814010497,2010,15,1,3,1417.0,2.0,1,LACA2,1,LACA2,3,2024-06-21 17:38:51,,2,0
1641354201290487,48466814010497,2010,15,1,3,1417.0,2.0,1,LELE10,1,LELE10,1,2024-06-21 17:38:51,,2,0
1641354203290487,48466814010497,2010,15,1,3,1417.0,3.0,1,LACA2,1,LACA2,2,2024-06-21 17:38:51,,2,0
1641354246290487,48466815010497,2010,15,1,3,1418.0,2.0,1,CLHI3,1,CLHI3,2,2024-06-21 17:38:51,,2,0
1641354381290487,48466815010497,2010,15,1,3,1418.0,2.0,1,PSGU,1,PSGU,1,2024-06-21 17:38:51,,2,0
1641354423290487,48466815010497,2010,15,1,3,1418.0,4.0,1,CLHI3,1,CLHI3,3,2024-06-21 17:38:51,,2,0
1641354425290487,48466815010497,2010,15,1,3,1418.0,3.0,1,CLHI3,1,CLHI3,5,2024-06-21 17:38:51,,2,0
1641354428290487,48466815010497,2010,15,1,3,1418.0,1.0,1,CLHI3,1,CLHI3,5,2024-06-21 17:38:51,,2,0
1641354199290487,48466816010497,2010,15,1,3,1425.0,3.0,2,LELE10,1,LELE10,1,2024-06-21 17:38:51,,2,0
1641354296290487,48466817010497,2010,15,1,3,1442.0,3.0,1,LELE10,1,LELE10,4,2024-06-21 17:38:51,,2,0
1641354331290487,48466817010497,2010,15,1,3,1442.0,1.0,1,LELE10,1,LELE10,5,2024-06-21 17:38:51,,2,0
1641354350290487,48466817010497,2010,15,1,3,1442.0,4.0,1,LACA2,1,LACA2,1,2024-06-21 17:38:51,,2,0
1641354374290487,48466817010497,2010,15,1,3,1442.0,2.0,1,LELE10,1,LELE10,5,2024-06-21 17:38:51,,2,0
1641354384290487,48466817010497,2010,15,1,3,1442.0,4.0,1,LELE10,1,LELE10,10,2024-06-21 17:38:51,,2,0
1641354416290487,48466817010497,2010,15,1,3,1442.0,3.0,1,LACA2,1,LACA2,1,2024-06-21 17:38:51,,2,0
1641354238290487,48466818010497,2010,15,1,3,1448.0,1.0,1,FAMO,1,FAMO,2,2024-06-21 17:38:51,,2,0
1641354257290487,48466818010497,2010,15,1,3,1448.0,1.0,1,PSGU,1,PSGU,1,2024-06-21 17:38:51,,2,0
1641354306290487,48466818010497,2010,15,1,3,1448.0,1.0,1,LACA2,1,LACA2,1,2024-06-21 17:38:51,,2,0
1641354334290487,48466818010497,2010,15,1,3,1448.0,3.0,2,LELE10,1,LELE10,1,2024-06-21 17:38:51,,2,0
1641354355290487,48466818010497,2010,15,1,3,1448.0,1.0,1,LELE10,1,LELE10,1,2024-06-21 17:38:51,,2,0
1641354402290487,48466818010497,2010,15,1,3,1448.0,2.0,1,LELE10,1,LELE10,2,2024-06-21 17:38:51,,2,0
1641354440290487,48466818010497,2010,15,1,3,1448.0,2.0,1,SPCA2,1,SPCA2,2,2024-06-21 17:38:51,,2,0
1641354269290487,48466819010497,2010,15,1,3,1457.0,1.0,1,CLHI3,1,CLHI3,2,2024-06-21 17:38:51,,2,0
1641354287290487,48466819010497,2010,15,1,3,1457.0,2.0,1,CLHI3,1,CLHI3,3,2024-06-21 17:38:51,,2,0
1641354301290487,48466819010497,2010,15,1,3,1457.0,4.0,1,CLHI3,1,CLHI3,2,2024-06-21 17:38:51,,2,0
1641354343290487,48466819010497,2010,15,1,3,1457.0,1.0,1,LACA2,1,LACA2,2,2024-06-21 17:38:51,,2,0
1641354367290487,48466819010497,2010,15,1,3,1457.0,3.0,1,CLHI3,1,CLHI3,3,2024-06-21 17:38:51,,2,0
1641354369290487,48466819010497,2010,15,1,3,1457.0,2.0,1,PSGU,1,PSGU,1,2024-06-21 17:38:51,,2,0
1641354419290487,48466819010497,2010,15,1,3,1457.0,3.0,1,LACA2,1,LACA2,4,2024-06-21 17:38:51,,2,0
1641354420290487,48466819010497,2010,15,1,3,1457.0,3.0,1,SEPA6,1,SEPA6,10,2024-06-21 17:38:51,,2,0
1641354213290487,48466819010497,2010,15,1,3,1457.0,2.0,1,LACA2,1,LACA2,2,2024-06-21 17:38:51,,2,0
1641354233290487,48466820010497,2010,15,1,3,1460.0,2.0,1,SCTE,1,SCTE,10,2024-06-21 17:38:51,,2,0
1641354259290487,48466820010497,2010,15,1,3,1460.0,2.0,1,LELE10,1,LELE10,1,2024-06-21 17:38:51,,2,0
1641354282290487,48466820010497,2010,15,1,3,1460.0,2.0,1,LACA2,1,LACA2,1,2024-06-21 17:38:51,,2,0
1641354362290487,48466820010497,2010,15,1,3,1460.0,1.0,1,SCTE,1,SCTE,2,2024-06-21 17:38:51,,2,0
1641354390290487,48466820010497,2010,15,1,3,1460.0,3.0,1,SCTE,1,SCTE,1,2024-06-21 17:38:51,,2,0
1641354401290487,48466820010497,2010,15,1,3,1460.0,1.0,1,PSCA,1,PSCA,1,2024-06-21 17:38:51,,2,0
1641354209290487,48466820010497,2010,15,1,3,1460.0,4.0,1,SCTE,1,SCTE,1,2024-06-21 17:38:51,,2,0
1641354240290487,48466821010497,2010,15,1,3,1484.0,1.0,1,HEGA,1,HEGA,1,2024-06-21 17:38:51,,2,0
1641354241290487,48466821010497,2010,15,1,3,1484.0,2.0,1,CLHI3,1,CLHI3,25,2024-06-21 17:38:51,,2,0
1641354248290487,48466821010497,2010,15,1,3,1484.0,2.0,1,PSCA,1,PSCA,1,2024-06-21 17:38:51,,2,0
1641354251290487,48466821010497,2010,15,1,3,1484.0,4.0,1,PSCA,1,PSCA,35,2024-06-21 17:38:51,,2,0
1641354274290487,48466821010497,2010,15,1,3,1484.0,3.0,1,HEGA,1,HEGA,1,2024-06-21 17:38:51,,2,0
1641354278290487,48466821010497,2010,15,1,3,1484.0,1.0,1,SPCA2,1,SPCA2,15,2024-06-21 17:38:51,,2,0
1641354317290487,48466821010497,2010,15,1,3,1484.0,4.0,1,CLHI3,1,CLHI3,20,2024-06-21 17:38:51,,2,0
1641354352290487,48466821010497,2010,15,1,3,1484.0,3.0,1,LACA2,1,LACA2,1,2024-06-21 17:38:51,,2,0
1641354386290487,48466821010497,2010,15,1,3,1484.0,3.0,1,CLHI3,1,CLHI3,16,2024-06-21 17:38:51,,2,0
1641354432290487,48466821010497,2010,15,1,3,1484.0,2.0,1,HEGA,1,HEGA,1,2024-06-21 17:38:51,,2,0
1641354438290487,48466821010497,2010,15,1,3,1484.0,3.0,1,PSGU,1,PSGU,3,2024-06-21 17:38:51,,2,0
1641354216290487,48466821010497,2010,15,1,3,1484.0,1.0,1,CLHI3,1,CLHI3,6,2024-06-21 17:38:51,,2,0
1641354270290487,48466822010497,2010,15,1,3,1365.0,1.0,1,CLHI3,1,CLHI3,2,2024-06-21 17:38:51,,2,0
1641354308290487,48466822010497,2010,15,1,3,1365.0,2.0,1,CLHI3,1,CLHI3,4,2024-06-21 17:38:51,,2,0
1641354323290487,48466822010497,2010,15,1,3,1365.0,1.0,1,LACA2,1,LACA2,1,2024-06-21 17:38:51,,2,0
1641354326290487,48466822010497,2010,15,1,3,1365.0,4.0,1,LACA2,1,LACA2,4,2024-06-21 17:38:51,,2,0
1641354328290487,48466822010497,2010,15,1,3,1365.0,3.0,1,LACA2,1,LACA2,3,2024-06-21 17:38:51,,2,0
1641354329290487,48466822010497,2010,15,1,3,1365.0,4.0,1,CLHI3,1,CLHI3,8,2024-06-21 17:38:51,,2,0
1641354347290487,48466822010497,2010,15,1,3,1365.0,1.0,1,PSCA,1,PSCA,4,2024-06-21 17:38:51,,2,0
1641354353290487,48466822010497,2010,15,1,3,1365.0,2.0,1,LACA2,1,LACA2,1,2024-06-21 17:38:51,,2,0
1641354359290487,48466822010497,2010,15,1,3,1365.0,2.0,1,GRRO,1,GRRO,1,2024-06-21 17:38:51,,2,0
1641354426290487,48466822010497,2010,15,1,3,1365.0,2.0,1,PSCA,1,PSCA,1,2024-06-21 17:38:51,,2,0
1641354197290487,48466822010497,2010,15,1,3,1365.0,3.0,1,CLHI3,1,CLHI3,2,2024-06-21 17:38:51,,2,0
1641354264290487,48466823010497,2010,15,1,3,1369.0,3.0,2,SCTE,1,SCTE,1,2024-06-21 17:38:51,,2,0
1641354285290487,48466823010497,2010,15,1,3,1369.0,1.0,1,PSCA,1,PSCA,1,2024-06-21 17:38:51,,2,0
1641354335290487,48466823010497,2010,15,1,3,1369.0,4.0,1,CLHI3,1,CLHI3,6,2024-06-21 17:38:51,,2,0
1641354348290487,48466823010497,2010,15,1,3,1369.0,3.0,2,CLHI3,1,CLHI3,3,2024-06-21 17:38:51,,2,0
1641354376290487,48466823010497,2010,15,1,3,1369.0,3.0,1,CLHI3,1,CLHI3,1,2024-06-21 17:38:51,,2,0
1219119697290487,497553673126144,2019,15,1,1,5626.0,2.0,1,FIMI2,1,FIMI2,2,2022-06-14 20:31:28,,3,0
1219119698290487,497553673126144,2019,15,1,1,5626.0,3.0,1,LACA2,1,LACA2,1,2022-06-14 20:31:28,,3,0
1219119699290487,497553673126144,2019,15,1,1,5626.0,1.0,1,MECA9,1,MECA9,8,2022-06-14 20:31:28,,3,0
1219119700290487,497553673126144,2019,15,1,1,5626.0,2.0,1,MECA9,1,MECA9,6,2022-06-14 20:31:28,,3,0
1219119701290487,497553673126144,2019,15,1,1,5626.0,3.0,1,MECA9,1,MECA9,45,2022-06-14 20:31:28,,3,0
1219119702290487,497553673126144,2019,15,1,1,5626.0,4.0,1,MECA9,1,MECA9,30,2022-06-14 20:31:28,,3,0
1219119703290487,497553673126144,2019,15,1,1,5626.0,1.0,1,PSCA,1,PSCA,16,2022-06-14 20:31:28,,3,0
1219119704290487,497553673126144,2019,15,1,1,5626.0,2.0,1,PSCA,1,PSCA,70,2022-06-14 20:31:28,,3,0
1219119705290487,497553673126144,2019,15,1,1,5626.0,3.0,1,PSCA,1,PSCA,2,2022-06-14 20:31:28,,3,0
1219119706290487,497553673126144,2019,15,1,1,5626.0,4.0,1,PSCA,1,PSCA,60,2022-06-14 20:31:28,,3,0
1219119845290487,497553674126144,2019,15,1,1,4937.0,3.0,1,RUGL5,1,RUGL5,1,2022-06-14 20:31:28,,3,0
1219119986290487,497553676126144,2019,15,1,1,5347.0,1.0,1,CLHI3,1,CLHI3,1,2022-06-14 20:31:28,,3,0
1219119987290487,497553676126144,2019,15,1,1,5347.0,2.0,1,CLHI3,1,CLHI3,1,2022-06-14 20:31:28,,3,0
1219119988290487,497553676126144,2019,15,1,1,5347.0,3.0,1,CLHI3,1,CLHI3,1,2022-06-14 20:31:28,,3,0
1219119989290487,497553676126144,2019,15,1,1,5347.0,4.0,1,CLHI3,1,CLHI3,1,2022-06-14 20:31:28,,3,0
1219117194290487,497552982126144,2019,15,1,1,2569.0,4.0,1,CLHI3,1,CLHI3,1,2022-06-14 20:31:25,,3,0
1219117195290487,497552982126144,2019,15,1,1,2569.0,1.0,1,PSCA,1,PSCA,90,2022-06-14 20:31:25,,3,0
1219117196290487,497552982126144,2019,15,1,1,2569.0,2.0,1,PSCA,1,PSCA,90,2022-06-14 20:31:25,,3,0
1219117197290487,497552982126144,2019,15,1,1,2569.0,3.0,1,PSCA,1,PSCA,95,2022-06-14 20:31:25,,3,0
1219117198290487,497552982126144,2019,15,1,1,2569.0,4.0,1,PSCA,1,PSCA,95,2022-06-14 20:31:25,,3,0
1219117330290487,497552983126144,2019,15,1,1,2570.0,1.0,2,CLHI3,1,CLHI3,1,2022-06-14 20:31:25,,3,0
1219117331290487,497552983126144,2019,15,1,1,2570.0,2.0,2,CLHI3,1,CLHI3,9,2022-06-14 20:31:25,,3,0
1219117332290487,497552983126144,2019,15,1,1,2570.0,3.0,2,CLHI3,1,CLHI3,1,2022-06-14 20:31:25,,3,0
1219117333290487,497552983126144,2019,15,1,1,2570.0,4.0,2,CLHI3,1,CLHI3,2,2022-06-14 20:31:25,,3,0
1219117334290487,497552983126144,2019,15,1,1,2570.0,3.0,2,HEGA,1,HEGA,16,2022-06-14 20:31:25,,3,0
1219117335290487,497552983126144,2019,15,1,1,2570.0,1.0,2,MECA9,1,MECA9,1,2022-06-14 20:31:25,,3,0
1219117336290487,497552983126144,2019,15,1,1,2570.0,2.0,2,MECA9,1,MECA9,6,2022-06-14 20:31:25,,3,0
1219117337290487,497552983126144,2019,15,1,1,2570.0,4.0,2,MECA9,1,MECA9,1,2022-06-14 20:31:25,,3,0
1219117338290487,497552983126144,2019,15,1,1,2570.0,2.0,2,PSCA,1,PSCA,3,2022-06-14 20:31:25,,3,0
1219117339290487,497552983126144,2019,15,1,1,2570.0,3.0,2,PSCA,1,PSCA,2,2022-06-14 20:31:25,,3,0
1219117340290487,497552983126144,2019,15,1,1,2570.0,1.0,2,TIHE2,1,TIHE2,3,2022-06-14 20:31:25,,3,0
1219117341290487,497552983126144,2019,15,1,1,2570.0,2.0,2,TIHE2,1,TIHE2,1,2022-06-14 20:31:25,,3,0
1219117342290487,497552983126144,2019,15,1,1,2570.0,4.0,2,TIHE2,1,TIHE2,1,2022-06-14 20:31:25,,3,0
1219117474290487,497552985126144,2019,15,1,1,2596.0,1.0,1,CLHI3,1,CLHI3,1,2022-06-14 20:31:25,,3,0
1219117475290487,497552985126144,2019,15,1,1,2596.0,2.0,1,CLHI3,1,CLHI3,1,2022-06-14 20:31:25,,3,0
1219117476290487,497552985126144,2019,15,1,1,2596.0,3.0,1,CLHI3,1,CLHI3,2,2022-06-14 20:31:25,,3,0
1219117477290487,497552985126144,2019,15,1,1,2596.0,4.0,1,CLHI3,1,CLHI3,2,2022-06-14 20:31:25,,3,0
1219117478290487,497552985126144,2019,15,1,1,2596.0,1.0,1,HEGA,1,HEGA,2,2022-06-14 20:31:25,,3,0
1219117479290487,497552985126144,2019,15,1,1,2596.0,4.0,1,HEGA,1,HEGA,1,2022-06-14 20:31:25,,3,0
1219117480290487,497552985126144,2019,15,1,1,2596.0,1.0,1,MECA9,1,MECA9,8,2022-06-14 20:31:25,,3,0
1219117481290487,497552985126144,2019,15,1,1,2596.0,2.0,1,MECA9,1,MECA9,23,2022-06-14 20:31:25,,3,0
1219117482290487,497552985126144,2019,15,1,1,2596.0,3.0,1,MECA9,1,MECA9,18,2022-06-14 20:31:25,,3,0
1219117483290487,497552985126144,2019,15,1,1,2596.0,4.0,1,MECA9,1,MECA9,3,2022-06-14 20:31:25,,3,0
1219117484290487,497552985126144,2019,15,1,1,2596.0,1.0,1,PSCA,1,PSCA,1,2022-06-14 20:31:25,,3,0
1219117485290487,497552985126144,2019,15,1,1,2596.0,2.0,1,PSCA,1,PSCA,9,2022-06-14 20:31:25,,3,0
1219117486290487,497552985126144,2019,15,1,1,2596.0,3.0,1,PSCA,1,PSCA,2,2022-06-14 20:31:25,,3,0
1219117487290487,497552985126144,2019,15,1,1,2596.0,4.0,1,PSCA,1,PSCA,2,2022-06-14 20:31:25,,3,0
1219117488290487,497552985126144,2019,15,1,1,2596.0,1.0,1,RUELO,1,RUELO,12,2022-06-14 20:31:25,,3,0
1219117489290487,497552985126144,2019,15,1,1,2596.0,2.0,1,RUELO,1,RUELO,3,2022-06-14 20:31:25,,3,0
1219117490290487,497552985126144,2019,15,1,1,2596.0,4.0,1,RUELO,1,RUELO,9,2022-06-14 20:31:25,,3,0
1219117491290487,497552985126144,2019,15,1,1,2596.0,1.0,1,TIHE2,1,TIHE2,3,2022-06-14 20:31:25,,3,0
1219117492290487,497552985126144,2019,15,1,1,2596.0,2.0,1,TIHE2,1,TIHE2,3,2022-06-14 20:31:25,,3,0
1219117493290487,497552985126144,2019,15,1,1,2596.0,3.0,1,TIHE2,1,TIHE2,1,2022-06-14 20:31:25,,3,0
1219117494290487,497552985126144,2019,15,1,1,2596.0,4.0,1,TIHE2,1,TIHE2,4,2022-06-14 20:31:25,,3,0
1219117767290487,497552988126144,2019,15,1,1,2599.0,2.0,1,PATRM,1,PATRM,1,2022-06-14 20:31:26,,3,0
1219117768290487,497552988126144,2019,15,1,1,2599.0,3.0,1,PATRM,1,PATRM,1,2022-06-14 20:31:26,,3,0
1219117769290487,497552988126144,2019,15,1,1,2599.0,1.0,1,SEMA15,1,SEMA15,1,2022-06-14 20:31:26,,3,0
1219117770290487,497552988126144,2019,15,1,1,2599.0,2.0,1,SEMA15,1,SEMA15,1,2022-06-14 20:31:26,,3,0
1219117771290487,497552988126144,2019,15,1,1,2599.0,3.0,1,SEMA15,1,SEMA15,1,2022-06-14 20:31:26,,3,0
1219117772290487,497552988126144,2019,15,1,1,2599.0,4.0,1,SEMA15,1,SEMA15,1,2022-06-14 20:31:26,,3,0
1219118065290487,497552997126144,2019,15,1,1,4527.0,1.0,1,CLHI3,1,CLHI3,36,2022-06-14 20:31:26,,3,0
1219118066290487,497552997126144,2019,15,1,1,4527.0,2.0,1,CLHI3,1,CLHI3,2,2022-06-14 20:31:26,,3,0
1219118067290487,497552997126144,2019,15,1,1,4527.0,3.0,1,CLHI3,1,CLHI3,19,2022-06-14 20:31:26,,3,0
1219118068290487,497552997126144,2019,15,1,1,4527.0,4.0,1,CLHI3,1,CLHI3,2,2022-06-14 20:31:26,,3,0
1219118069290487,497552997126144,2019,15,1,1,4527.0,1.0,1,MECA9,1,MECA9,34,2022-06-14 20:31:26,,3,0
1219118070290487,497552997126144,2019,15,1,1,4527.0,2.0,1,MECA9,1,MECA9,4,2022-06-14 20:31:26,,3,0
1219118071290487,497552997126144,2019,15,1,1,4527.0,3.0,1,MECA9,1,MECA9,14,2022-06-14 20:31:26,,3,0
1219118072290487,497552997126144,2019,15,1,1,4527.0,4.0,1,MECA9,1,MECA9,3,2022-06-14 20:31:26,,3,0
1219118073290487,497552997126144,2019,15,1,1,4527.0,1.0,1,PSCA,1,PSCA,1,2022-06-14 20:31:26,,3,0
1219118074290487,497552997126144,2019,15,1,1,4527.0,3.0,1,PSCA,1,PSCA,1,2022-06-14 20:31:26,,3,0
1219118075290487,497552997126144,2019,15,1,1,4527.0,1.0,1,TIHE2,1,TIHE2,1,2022-06-14 20:31:26,,3,0
1219118076290487,497552997126144,2019,15,1,1,4527.0,2.0,1,TIHE2,1,TIHE2,1,2022-06-14 20:31:26,,3,0
1219118077290487,497552997126144,2019,15,1,1,4527.0,3.0,1,TIHE2,1,TIHE2,1,2022-06-14 20:31:26,,3,0
1219118223290487,497553002126144,2019,15,1,1,2159.0,4.0,1,PSCA,1,PSCA,16,2022-06-14 20:31:26,,3,0
1219118224290487,497553002126144,2019,15,1,1,2159.0,1.0,1,PSGU,1,PSGU,25,2022-06-14 20:31:26,,3,0
1219118225290487,497553002126144,2019,15,1,1,2159.0,2.0,1,PSGU,1,PSGU,3,2022-06-14 20:31:26,,3,0
1219118226290487,497553002126144,2019,15,1,1,2159.0,3.0,1,PSGU,1,PSGU,65,2022-06-14 20:31:26,,3,0
1219118227290487,497553002126144,2019,15,1,1,2159.0,4.0,1,PSGU,1,PSGU,35,2022-06-14 20:31:26,,3,0
1219118228290487,497553002126144,2019,15,1,1,2159.0,4.0,1,SCTE,1,SCTE,3,2022-06-14 20:31:26,,3,0
1219118368290487,497553004126144,2019,15,1,1,2167.0,1.0,1,CLHI3,1,CLHI3,3,2022-06-14 20:31:26,,3,0
1219118369290487,497553004126144,2019,15,1,1,2167.0,2.0,1,CLHI3,1,CLHI3,1,2022-06-14 20:31:26,,3,0
1219118370290487,497553004126144,2019,15,1,1,2167.0,3.0,1,CLHI3,1,CLHI3,3,2022-06-14 20:31:26,,3,0
1219118371290487,497553004126144,2019,15,1,1,2167.0,1.0,1,PSCA,1,PSCA,7,2022-06-14 20:31:26,,3,0
1219118372290487,497553004126144,2019,15,1,1,2167.0,3.0,1,PSCA,1,PSCA,35,2022-06-14 20:31:26,,3,0
1219118373290487,497553004126144,2019,15,1,1,2167.0,1.0,1,TIHE2,1,TIHE2,1,2022-06-14 20:31:26,,3,0
1219118374290487,497553004126144,2019,15,1,1,2167.0,2.0,1,TIHE2,1,TIHE2,4,2022-06-14 20:31:26,,3,0
1219118375290487,497553004126144,2019,15,1,1,2167.0,3.0,1,TIHE2,1,TIHE2,1,2022-06-14 20:31:26,,3,0
1219118376290487,497553004126144,2019,15,1,1,2167.0,4.0,1,TIHE2,1,TIHE2,2,2022-06-14 20:31:26,,3,0
1219118563290487,497553018126144,2019,15,1,1,2191.0,1.0,1,CLHI3,1,CLHI3,2,2022-06-14 20:31:27,,3,0
1219118564290487,497553018126144,2019,15,1,1,2191.0,2.0,1,CLHI3,1,CLHI3,3,2022-06-14 20:31:27,,3,0
1219118565290487,497553018126144,2019,15,1,1,2191.0,3.0,1,CLHI3,1,CLHI3,2,2022-06-14 20:31:27,,3,0
1219118566290487,497553018126144,2019,15,1,1,2191.0,4.0,1,CLHI3,1,CLHI3,4,2022-06-14 20:31:27,,3,0
1219118567290487,497553018126144,2019,15,1,1,2191.0,2.0,1,PSCA,1,PSCA,3,2022-06-14 20:31:27,,3,0
1219118568290487,497553018126144,2019,15,1,1,2191.0,2.0,1,SEPA6,1,SEPA6,3,2022-06-14 20:31:27,,3,0
1219118569290487,497553018126144,2019,15,1,1,2191.0,1.0,1,TIHE2,1,TIHE2,3,2022-06-14 20:31:27,,3,0
1219118570290487,497553018126144,2019,15,1,1,2191.0,2.0,1,TIHE2,1,TIHE2,2,2022-06-14 20:31:27,,3,0
1219118571290487,497553018126144,2019,15,1,1,2191.0,3.0,1,TIHE2,1,TIHE2,3,2022-06-14 20:31:27,,3,0
1641354382290487,48466823010497,2010,15,1,3,1369.0,2.0,2,CLHI3,1,CLHI3,3,2024-06-21 17:38:51,,2,0
1641354387290487,48466823010497,2010,15,1,3,1369.0,1.0,1,CLHI3,1,CLHI3,1,2024-06-21 17:38:51,,2,0
1641354396290487,48466823010497,2010,15,1,3,1369.0,4.0,1,PSCA,1,PSCA,4,2024-06-21 17:38:51,,2,0
1641354404290487,48466823010497,2010,15,1,3,1369.0,4.0,1,PSGU,1,PSGU,1,2024-06-21 17:38:51,,2,0
1641354429290487,48466823010497,2010,15,1,3,1369.0,3.0,1,SCTE,1,SCTE,1,2024-06-21 17:38:51,,2,0
1641354449290487,48466823010497,2010,15,1,3,1369.0,2.0,2,PSCA,1,PSCA,8,2024-06-21 17:38:51,,2,0
1641354454290487,48466823010497,2010,15,1,3,1369.0,3.0,2,PSCA,1,PSCA,12,2024-06-21 17:38:51,,2,0
1641354202290487,48466823010497,2010,15,1,3,1369.0,3.0,1,PSCA,1,PSCA,3,2024-06-21 17:38:51,,2,0
1641354307290487,48466824010497,2010,15,1,3,1394.0,3.0,1,LELE10,1,LELE10,18,2024-06-21 17:38:51,,2,0
1641354339290487,48466824010497,2010,15,1,3,1394.0,3.0,1,PSGU,1,PSGU,1,2024-06-21 17:38:51,,2,0
1641354418290487,48466824010497,2010,15,1,3,1394.0,3.0,1,PSCA,1,PSCA,1,2024-06-21 17:38:51,,2,0
1641354424290487,48466824010497,2010,15,1,3,1394.0,3.0,1,CLHI3,1,CLHI3,1,2024-06-21 17:38:51,,2,0
1641354207290487,48466824010497,2010,15,1,3,1394.0,3.0,1,LACA2,1,LACA2,1,2024-06-21 17:38:51,,2,0
1641354214290487,48466824010497,2010,15,1,3,1394.0,1.0,1,LELE10,1,LELE10,1,2024-06-21 17:38:51,,2,0
1641354242290487,48466826010497,2010,15,1,3,1415.0,4.0,1,CLHI3,1,CLHI3,5,2024-06-21 17:38:51,,2,0
1641354340290487,48466826010497,2010,15,1,3,1415.0,2.0,1,LACA2,1,LACA2,3,2024-06-21 17:38:51,,2,0
1641354409290487,48466826010497,2010,15,1,3,1415.0,3.0,1,PSCA,1,PSCA,2,2024-06-21 17:38:51,,2,0
1641354457290487,48466826010497,2010,15,1,3,1415.0,2.0,1,CLHI3,1,CLHI3,7,2024-06-21 17:38:51,,2,0
1641354243290487,48466827010497,2010,15,1,3,1433.0,4.0,1,PSCA,1,PSCA,30,2024-06-21 17:38:51,,2,0
1641354295290487,48466827010497,2010,15,1,3,1433.0,2.0,1,CLHI3,1,CLHI3,1,2024-06-21 17:38:51,,2,0
1641354300290487,48466827010497,2010,15,1,3,1433.0,3.0,2,CLHI3,1,CLHI3,5,2024-06-21 17:38:51,,2,0
1641354305290487,48466827010497,2010,15,1,3,1433.0,2.0,1,PSCA,1,PSCA,60,2024-06-21 17:38:51,,2,0
1641354330290487,48466827010497,2010,15,1,3,1433.0,1.0,1,PSCA,1,PSCA,7,2024-06-21 17:38:51,,2,0
1641354400290487,48466827010497,2010,15,1,3,1433.0,1.0,2,PSCA,1,PSCA,1,2024-06-21 17:38:51,,2,0
1641354405290487,48466827010497,2010,15,1,3,1433.0,3.0,2,LACA2,1,LACA2,5,2024-06-21 17:38:51,,2,0
1641354421290487,48466827010497,2010,15,1,3,1433.0,1.0,2,CLHI3,1,CLHI3,1,2024-06-21 17:38:51,,2,0
1641354446290487,48466827010497,2010,15,1,3,1433.0,4.0,1,CLHI3,1,CLHI3,2,2024-06-21 17:38:51,,2,0
1641354447290487,48466827010497,2010,15,1,3,1433.0,1.0,1,CLHI3,1,CLHI3,1,2024-06-21 17:38:51,,2,0
1641354464290487,48466827010497,2010,15,1,3,1433.0,3.0,2,PSGU,1,PSGU,1,2024-06-21 17:38:51,,2,0
1641354244290487,48466828010497,2010,15,1,3,1479.0,1.0,1,SEPA6,1,SEPA6,6,2024-06-21 17:38:51,,2,0
1641354247290487,48466828010497,2010,15,1,3,1479.0,3.0,1,SEPA6,1,SEPA6,5,2024-06-21 17:38:51,,2,0
1641354279290487,48466828010497,2010,15,1,3,1479.0,2.0,1,PSCA,1,PSCA,80,2024-06-21 17:38:51,,2,0
1641354284290487,48466828010497,2010,15,1,3,1479.0,1.0,1,PSCA,1,PSCA,45,2024-06-21 17:38:51,,2,0
1641354292290487,48466828010497,2010,15,1,3,1479.0,3.0,1,LACA2,1,LACA2,35,2024-06-21 17:38:51,,2,0
1641354304290487,48466828010497,2010,15,1,3,1479.0,3.0,1,CLHI3,1,CLHI3,12,2024-06-21 17:38:51,,2,0
1641354363290487,48466828010497,2010,15,1,3,1479.0,1.0,1,CLHI3,1,CLHI3,15,2024-06-21 17:38:51,,2,0
1641354388290487,48466828010497,2010,15,1,3,1479.0,4.0,1,SEPA6,1,SEPA6,2,2024-06-21 17:38:51,,2,0
1641354389290487,48466828010497,2010,15,1,3,1479.0,1.0,1,PSGU,1,PSGU,1,2024-06-21 17:38:51,,2,0
1641354431290487,48466828010497,2010,15,1,3,1479.0,1.0,1,LACA2,1,LACA2,3,2024-06-21 17:38:51,,2,0
1641354437290487,48466828010497,2010,15,1,3,1479.0,3.0,1,PSCA,1,PSCA,60,2024-06-21 17:38:51,,2,0
1641354459290487,48466828010497,2010,15,1,3,1479.0,2.0,1,CLHI3,1,CLHI3,6,2024-06-21 17:38:51,,2,0
1641354194290487,48466828010497,2010,15,1,3,1479.0,4.0,1,CLHI3,1,CLHI3,12,2024-06-21 17:38:51,,2,0
1641354196290487,48466828010497,2010,15,1,3,1479.0,4.0,1,PSCA,1,PSCA,3,2024-06-21 17:38:51,,2,0
1641354229290487,48466829010497,2010,15,1,3,1523.0,1.0,1,GRRO,1,GRRO,1,2024-06-21 17:38:51,,2,0
1641354273290487,48466829010497,2010,15,1,3,1523.0,2.0,1,PSGU,1,PSGU,1,2024-06-21 17:38:51,,2,0
1641354286290487,48466829010497,2010,15,1,3,1523.0,4.0,3,LACA2,1,LACA2,8,2024-06-21 17:38:51,,2,0
1641354321290487,48466829010497,2010,15,1,3,1523.0,2.0,1,SCTE,1,SCTE,2,2024-06-21 17:38:51,,2,0
1641354327290487,48466829010497,2010,15,1,3,1523.0,1.0,1,LACA2,1,LACA2,1,2024-06-21 17:38:51,,2,0
1641354344290487,48466829010497,2010,15,1,3,1523.0,4.0,3,PSCA,1,PSCA,8,2024-06-21 17:38:51,,2,0
1641354361290487,48466829010497,2010,15,1,3,1523.0,2.0,1,PSCA,1,PSCA,5,2024-06-21 17:38:51,,2,0
1641354383290487,48466829010497,2010,15,1,3,1523.0,2.0,1,LACA2,1,LACA2,5,2024-06-21 17:38:51,,2,0
1641354408290487,48466829010497,2010,15,1,3,1523.0,1.0,1,PSCA,1,PSCA,45,2024-06-21 17:38:51,,2,0
1641354450290487,48466829010497,2010,15,1,3,1523.0,1.0,1,SCTE,1,SCTE,1,2024-06-21 17:38:51,,2,0
1641354184290487,48466829010497,2010,15,1,3,1523.0,2.0,1,LELE10,1,LELE10,3,2024-06-21 17:38:51,,2,0
1641354190290487,48466829010497,2010,15,1,3,1523.0,1.0,1,LELE10,1,LELE10,2,2024-06-21 17:38:51,,2,0
1641354231290487,48466830010497,2010,15,1,9,1852.0,1.0,1,LACA2,1,LACA2,6,2024-06-21 17:38:51,,2,0
1641354236290487,48466830010497,2010,15,1,9,1852.0,2.0,1,LACA2,1,LACA2,18,2024-06-21 17:38:51,,2,0
1641354262290487,48466830010497,2010,15,1,9,1852.0,1.0,1,PSGU,1,PSGU,1,2024-06-21 17:38:51,,2,0
1641354268290487,48466830010497,2010,15,1,9,1852.0,3.0,1,PSGU,1,PSGU,4,2024-06-21 17:38:51,,2,0
1641354302290487,48466830010497,2010,15,1,9,1852.0,2.0,1,SCTE,1,SCTE,1,2024-06-21 17:38:51,,2,0
1641354303290487,48466830010497,2010,15,1,9,1852.0,4.0,3,LACA2,1,LACA2,60,2024-06-21 17:38:51,,2,0
1641354338290487,48466830010497,2010,15,1,9,1852.0,3.0,1,LACA2,1,LACA2,30,2024-06-21 17:38:51,,2,0
1641354364290487,48466830010497,2010,15,1,9,1852.0,1.0,2,PSGU,1,PSGU,1,2024-06-21 17:38:51,,2,0
1641354368290487,48466830010497,2010,15,1,9,1852.0,1.0,2,LACA2,1,LACA2,1,2024-06-21 17:38:51,,2,0
1641354391290487,48466830010497,2010,15,1,9,1852.0,4.0,3,SCTE,1,SCTE,8,2024-06-21 17:38:51,,2,0
1641354406290487,48466830010497,2010,15,1,9,1852.0,1.0,3,LACA2,1,LACA2,1,2024-06-21 17:38:51,,2,0
1641354435290487,48466830010497,2010,15,1,9,1852.0,2.0,1,PSGU,1,PSGU,4,2024-06-21 17:38:51,,2,0
1641354441290487,48466830010497,2010,15,1,9,1852.0,4.0,3,PSGU,1,PSGU,10,2024-06-21 17:38:51,,2,0
1641354210290487,48466830010497,2010,15,1,9,1852.0,1.0,3,PSGU,1,PSGU,1,2024-06-21 17:38:51,,2,0
1641354217290487,48466830010497,2010,15,1,9,1852.0,3.0,1,SCTE,1,SCTE,3,2024-06-21 17:38:51,,2,0
1641354260290487,48466831010497,2010,15,1,9,1858.0,3.0,3,LESC2,1,LESC2,4,2024-06-21 17:38:51,,2,0
1641354266290487,48466831010497,2010,15,1,9,1858.0,3.0,3,TIHE2,1,TIHE2,4,2024-06-21 17:38:51,,2,0
1641354281290487,48466831010497,2010,15,1,9,1858.0,4.0,1,TIHE2,1,TIHE2,4,2024-06-21 17:38:51,,2,0
1641354290290487,48466831010497,2010,15,1,9,1858.0,1.0,1,TIHE2,1,TIHE2,3,2024-06-21 17:38:51,,2,0
1641354291290487,48466831010497,2010,15,1,9,1858.0,1.0,1,PSCA,1,PSCA,2,2024-06-21 17:38:51,,2,0
1641354298290487,48466831010497,2010,15,1,9,1858.0,3.0,3,PSCA,1,PSCA,12,2024-06-21 17:38:51,,2,0
1641354336290487,48466831010497,2010,15,1,9,1858.0,2.0,1,LESC2,1,LESC2,12,2024-06-21 17:38:51,,2,0
1641354349290487,48466831010497,2010,15,1,9,1858.0,2.0,1,TIHE2,1,TIHE2,3,2024-06-21 17:38:51,,2,0
1641354434290487,48466831010497,2010,15,1,9,1858.0,3.0,1,TIHE2,1,TIHE2,1,2024-06-21 17:38:51,,2,0
1641354453290487,48466831010497,2010,15,1,9,1858.0,3.0,1,LESC2,1,LESC2,1,2024-06-21 17:38:51,,2,0
1641354185290487,48466831010497,2010,15,1,9,1858.0,1.0,1,LESC2,1,LESC2,4,2024-06-21 17:38:51,,2,0
1641354186290487,48466831010497,2010,15,1,9,1858.0,2.0,1,PSCA,1,PSCA,3,2024-06-21 17:38:51,,2,0
1641354211290487,48466831010497,2010,15,1,9,1858.0,4.0,1,PSCA,1,PSCA,3,2024-06-21 17:38:51,,2,0
1641354223290487,48466831010497,2010,15,1,9,1858.0,3.0,1,PSCA,1,PSCA,3,2024-06-21 17:38:51,,2,0
1641354320290487,48466832010497,2010,15,1,9,1834.0,2.0,1,LACA2,1,LACA2,1,2024-06-21 17:38:51,,2,0
1641354461290487,48466832010497,2010,15,1,9,1834.0,4.0,1,LACA2,1,LACA2,2,2024-06-21 17:38:51,,2,0
1641354195290487,48466832010497,2010,15,1,9,1834.0,1.0,1,LACA2,1,LACA2,2,2024-06-21 17:38:51,,2,0
1641354267290487,48466833010497,2010,15,1,1,2261.0,2.0,1,PSCA,1,PSCA,75,2024-06-21 17:38:51,,2,0
1641354288290487,48466833010497,2010,15,1,1,2261.0,1.0,1,PSCA,1,PSCA,75,2024-06-21 17:38:51,,2,0
1641354422290487,48466833010497,2010,15,1,1,2261.0,4.0,1,PSCA,1,PSCA,75,2024-06-21 17:38:51,,2,0
1641354439290487,48466833010497,2010,15,1,1,2261.0,1.0,1,CLHI3,1,CLHI3,1,2024-06-21 17:38:51,,2,0
1641354218290487,48466833010497,2010,15,1,1,2261.0,3.0,1,PSCA,1,PSCA,70,2024-06-21 17:38:51,,2,0
1641354245290487,48466836010497,2010,15,1,1,2497.0,1.0,1,CLHI3,1,CLHI3,3,2024-06-21 17:38:51,,2,0
1641354314290487,48466836010497,2010,15,1,1,2497.0,2.0,2,SEPA6,1,SEPA6,4,2024-06-21 17:38:51,,2,0
1641354346290487,48466836010497,2010,15,1,1,2497.0,4.0,1,SEPA6,1,SEPA6,3,2024-06-21 17:38:51,,2,0
1641354371290487,48466836010497,2010,15,1,1,2497.0,3.0,1,PSCA,1,PSCA,25,2024-06-21 17:38:51,,2,0
1641354380290487,48466836010497,2010,15,1,1,2497.0,1.0,1,SEPA6,1,SEPA6,11,2024-06-21 17:38:51,,2,0
1641354398290487,48466836010497,2010,15,1,1,2497.0,3.0,1,CLHI3,1,CLHI3,1,2024-06-21 17:38:51,,2,0
1641354413290487,48466836010497,2010,15,1,1,2497.0,4.0,1,PSCA,1,PSCA,4,2024-06-21 17:38:51,,2,0
1641354448290487,48466836010497,2010,15,1,1,2497.0,4.0,1,CLHI3,1,CLHI3,2,2024-06-21 17:38:51,,2,0
1641354460290487,48466836010497,2010,15,1,1,2497.0,3.0,1,SEPA6,1,SEPA6,3,2024-06-21 17:38:51,,2,0
1641354462290487,48466836010497,2010,15,1,1,2497.0,1.0,1,PSCA,1,PSCA,3,2024-06-21 17:38:51,,2,0
1641354225290487,48466836010497,2010,15,1,1,2497.0,2.0,2,PSCA,1,PSCA,65,2024-06-21 17:38:51,,2,0
1641354312290487,48466837010497,2010,15,1,1,2524.0,3.0,1,PSCA,1,PSCA,2,2024-06-21 17:38:51,,2,0
1641354351290487,48466837010497,2010,15,1,1,2524.0,4.0,1,PSCA,1,PSCA,3,2024-06-21 17:38:51,,2,0
1641354403290487,48466837010497,2010,15,1,1,2524.0,2.0,1,PSCA,1,PSCA,3,2024-06-21 17:38:51,,2,0
1641354427290487,48466837010497,2010,15,1,1,2524.0,1.0,1,PSCA,1,PSCA,2,2024-06-21 17:38:51,,2,0
1641354254290487,48466838010497,2010,15,1,1,2569.0,2.0,1,PSCA,1,PSCA,14,2024-06-21 17:38:51,,2,0
1641354261290487,48466838010497,2010,15,1,1,2569.0,4.0,1,PSCA,1,PSCA,14,2024-06-21 17:38:51,,2,0
1641354277290487,48466838010497,2010,15,1,1,2569.0,3.0,1,CLHI3,1,CLHI3,1,2024-06-21 17:38:51,,2,0
1641354289290487,48466838010497,2010,15,1,1,2569.0,1.0,1,PSCA,1,PSCA,20,2024-06-21 17:38:51,,2,0
1641354293290487,48466838010497,2010,15,1,1,2569.0,1.0,1,CLHI3,1,CLHI3,1,2024-06-21 17:38:51,,2,0
1641354309290487,48466838010497,2010,15,1,1,2569.0,2.0,1,CLHI3,1,CLHI3,2,2024-06-21 17:38:51,,2,0
1641354200290487,48466838010497,2010,15,1,1,2569.0,2.0,1,PSGU,1,PSGU,2,2024-06-21 17:38:51,,2,0
1641354222290487,48466838010497,2010,15,1,1,2569.0,3.0,1,PSCA,1,PSCA,5,2024-06-21 17:38:51,,2,0
1641354228290487,48466839010497,2010,15,1,1,2504.0,1.0,1,PSCA,1,PSCA,70,2024-06-21 17:38:51,,2,0
1641354252290487,48466839010497,2010,15,1,1,2504.0,2.0,1,CLHI3,1,CLHI3,4,2024-06-21 17:38:51,,2,0
1641354256290487,48466839010497,2010,15,1,1,2504.0,3.0,1,CLHI3,1,CLHI3,2,2024-06-21 17:38:51,,2,0
1641354313290487,48466839010497,2010,15,1,1,2504.0,3.0,1,PSCA,1,PSCA,70,2024-06-21 17:38:51,,2,0
1641354445290487,48466839010497,2010,15,1,1,2504.0,1.0,1,CLHI3,1,CLHI3,4,2024-06-21 17:38:51,,2,0
1641354458290487,48466839010497,2010,15,1,1,2504.0,4.0,1,PSCA,1,PSCA,55,2024-06-21 17:38:51,,2,0
1641354205290487,48466839010497,2010,15,1,1,2504.0,2.0,1,PSCA,1,PSCA,75,2024-06-21 17:38:51,,2,0
1641354224290487,48466839010497,2010,15,1,1,2504.0,4.0,1,CLHI3,1,CLHI3,2,2024-06-21 17:38:51,,2,0
1641354227290487,48466840010497,2010,15,1,1,2615.0,1.0,1,PSCA,1,PSCA,4,2024-06-21 17:38:51,,2,0
1641354232290487,48466840010497,2010,15,1,1,2615.0,4.0,1,PSCA,1,PSCA,1,2024-06-21 17:38:51,,2,0
1641354297290487,48466840010497,2010,15,1,1,2615.0,3.0,1,PSCA,1,PSCA,1,2024-06-21 17:38:51,,2,0
1641354299290487,48466840010497,2010,15,1,1,2615.0,4.0,1,SEPA6,1,SEPA6,2,2024-06-21 17:38:51,,2,0
1641354354290487,48466840010497,2010,15,1,1,2615.0,2.0,1,PSCA,1,PSCA,6,2024-06-21 17:38:51,,2,0
1641354443290487,48466840010497,2010,15,1,1,2615.0,2.0,1,SEPA6,1,SEPA6,6,2024-06-21 17:38:51,,2,0
1641354219290487,48466840010497,2010,15,1,1,2615.0,3.0,1,SEPA6,1,SEPA6,2,2024-06-21 17:38:51,,2,0
1641354265290487,48466841010497,2010,15,1,1,2628.0,1.0,1,RUAR2,1,RUAR2,50,2024-06-21 17:38:51,,2,0
1641354271290487,48466841010497,2010,15,1,1,2628.0,3.0,1,RUAR2,1,RUAR2,32,2024-06-21 17:38:51,,2,0
1641354332290487,48466841010497,2010,15,1,1,2628.0,4.0,1,RUAR2,1,RUAR2,40,2024-06-21 17:38:51,,2,0
1641354192290487,48466841010497,2010,15,1,1,2628.0,2.0,1,RUAR2,1,RUAR2,52,2024-06-21 17:38:51,,2,0
1641354230290487,48466842010497,2010,15,1,1,2609.0,3.0,1,PSCA,1,PSCA,1,2024-06-21 17:38:51,,2,0
1641354283290487,48466842010497,2010,15,1,1,2609.0,2.0,1,HEGA,1,HEGA,1,2024-06-21 17:38:51,,2,0
1641354345290487,48466842010497,2010,15,1,1,2609.0,4.0,1,PSCA,1,PSCA,1,2024-06-21 17:38:51,,2,0
1219109203290487,497552819126144,2019,15,1,1,5246.0,3.0,1,PSCA,1,PSCA,70,2022-06-14 20:31:11,,3,0
1219109204290487,497552819126144,2019,15,1,1,5246.0,4.0,1,PSCA,1,PSCA,75,2022-06-14 20:31:11,,3,0
1219109344290487,497552822126144,2019,15,1,1,4994.0,2.0,2,LELE10,1,LELE10,1,2022-06-14 20:31:11,,3,0
1219109382290487,497552823126144,2019,15,1,1,4535.0,4.0,1,CLHI3,1,CLHI3,1,2022-06-14 20:31:11,,3,0
1219109383290487,497552823126144,2019,15,1,1,4535.0,1.0,1,TIHE2,1,TIHE2,1,2022-06-14 20:31:11,,3,0
1219109384290487,497552823126144,2019,15,1,1,4535.0,2.0,1,TIHE2,1,TIHE2,1,2022-06-14 20:31:11,,3,0
1219109385290487,497552823126144,2019,15,1,1,4535.0,3.0,1,TIHE2,1,TIHE2,1,2022-06-14 20:31:11,,3,0
1219109386290487,497552823126144,2019,15,1,1,4535.0,4.0,1,TIHE2,1,TIHE2,1,2022-06-14 20:31:11,,3,0
1219109531290487,497552826126144,2019,15,1,1,4404.0,1.0,1,CLHI3,1,CLHI3,40,2022-06-14 20:31:12,,3,0
1219109532290487,497552826126144,2019,15,1,1,4404.0,2.0,1,CLHI3,1,CLHI3,20,2022-06-14 20:31:12,,3,0
1219109533290487,497552826126144,2019,15,1,1,4404.0,3.0,1,CLHI3,1,CLHI3,45,2022-06-14 20:31:12,,3,0
1219109534290487,497552826126144,2019,15,1,1,4404.0,4.0,1,CLHI3,1,CLHI3,20,2022-06-14 20:31:12,,3,0
1219109535290487,497552826126144,2019,15,1,1,4404.0,2.0,1,CYCO18,1,CYCO18,1,2022-06-14 20:31:12,,3,0
1219109536290487,497552826126144,2019,15,1,1,4404.0,1.0,1,MECA9,1,MECA9,1,2022-06-14 20:31:12,,3,0
1219109537290487,497552826126144,2019,15,1,1,4404.0,2.0,1,MECA9,1,MECA9,1,2022-06-14 20:31:12,,3,0
1219109538290487,497552826126144,2019,15,1,1,4404.0,3.0,1,MECA9,1,MECA9,1,2022-06-14 20:31:12,,3,0
1219109539290487,497552826126144,2019,15,1,1,4404.0,1.0,1,PSCA,1,PSCA,40,2022-06-14 20:31:12,,3,0
1219109540290487,497552826126144,2019,15,1,1,4404.0,2.0,1,PSCA,1,PSCA,35,2022-06-14 20:31:12,,3,0
1219109541290487,497552826126144,2019,15,1,1,4404.0,3.0,1,PSCA,1,PSCA,50,2022-06-14 20:31:12,,3,0
1219109542290487,497552826126144,2019,15,1,1,4404.0,4.0,1,PSCA,1,PSCA,45,2022-06-14 20:31:12,,3,0
1219109543290487,497552826126144,2019,15,1,1,4404.0,1.0,1,PSGU,1,PSGU,4,2022-06-14 20:31:12,,3,0
1219109544290487,497552826126144,2019,15,1,1,4404.0,2.0,1,PSGU,1,PSGU,20,2022-06-14 20:31:12,,3,0
1219109545290487,497552826126144,2019,15,1,1,4404.0,2.0,1,SEPA6,1,SEPA6,1,2022-06-14 20:31:12,,3,0
1219109546290487,497552826126144,2019,15,1,1,4404.0,1.0,1,SPCA2,1,SPCA2,1,2022-06-14 20:31:12,,3,0
1219109547290487,497552826126144,2019,15,1,1,4404.0,2.0,1,SPCA2,1,SPCA2,6,2022-06-14 20:31:12,,3,0
1219109548290487,497552826126144,2019,15,1,1,4404.0,4.0,1,SPCA2,1,SPCA2,2,2022-06-14 20:31:12,,3,0
1219109549290487,497552826126144,2019,15,1,1,4404.0,1.0,1,TIHE2,1,TIHE2,1,2022-06-14 20:31:12,,3,0
1219109550290487,497552826126144,2019,15,1,1,4404.0,2.0,1,TIHE2,1,TIHE2,3,2022-06-14 20:31:12,,3,0
1641354415290487,48466842010497,2010,15,1,1,2609.0,1.0,1,HEGA,1,HEGA,1,2024-06-21 17:38:51,,2,0
1641354204290487,48466842010497,2010,15,1,1,2609.0,3.0,1,HEGA,1,HEGA,2,2024-06-21 17:38:51,,2,0
365875482489998,49612445010497,2010,15,1,7,1049.0,1.0,1,PSCA,1,PSCA,85,2015-12-17 12:39:07,2021-06-04 15:05:17,2,0
365875483489998,49612445010497,2010,15,1,7,1049.0,2.0,1,PSCA,1,PSCA,85,2015-12-17 12:39:07,2021-06-04 15:05:17,2,0
365875551489998,49612449010497,2010,15,1,7,1059.0,1.0,1,LACA2,1,LACA2,45,2015-12-17 12:39:08,2021-06-04 15:05:17,2,0
365875552489998,49612449010497,2010,15,1,7,1059.0,2.0,2,LACA2,1,LACA2,3,2015-12-17 12:39:08,2021-06-04 15:05:17,2,0
365875553489998,49612449010497,2010,15,1,7,1059.0,3.0,1,LACA2,1,LACA2,40,2015-12-17 12:39:08,2021-06-04 15:05:17,2,0
365875554489998,49612449010497,2010,15,1,7,1059.0,4.0,1,LACA2,1,LACA2,30,2015-12-17 12:39:08,2021-06-04 15:05:17,2,0
365875555489998,49612449010497,2010,15,1,7,1059.0,1.0,1,PSGU,1,PSGU,11,2015-12-17 12:39:08,2021-06-04 15:05:17,2,0
365875556489998,49612449010497,2010,15,1,7,1059.0,2.0,2,PSGU,1,PSGU,40,2015-12-17 12:39:08,2021-06-04 15:05:17,2,0
365875557489998,49612449010497,2010,15,1,7,1059.0,3.0,1,PSGU,1,PSGU,15,2015-12-17 12:39:08,2021-06-04 15:05:17,2,0
365875558489998,49612449010497,2010,15,1,7,1059.0,4.0,1,PSGU,1,PSGU,4,2015-12-17 12:39:08,2021-06-04 15:05:17,2,0
365875716489998,49612453010497,2010,15,1,7,1070.0,1.0,1,AREL4,1,AREL4,6,2015-12-17 12:39:08,2021-06-04 15:05:17,2,0
365875717489998,49612453010497,2010,15,1,7,1070.0,2.0,1,AREL4,1,AREL4,1,2015-12-17 12:39:08,2021-06-04 15:05:17,2,0
365875718489998,49612453010497,2010,15,1,7,1070.0,3.0,1,AREL4,1,AREL4,3,2015-12-17 12:39:08,2021-06-04 15:05:17,2,0
365875719489998,49612453010497,2010,15,1,7,1070.0,4.0,1,AREL4,1,AREL4,1,2015-12-17 12:39:08,2021-06-04 15:05:17,2,0
365875720489998,49612453010497,2010,15,1,7,1070.0,1.0,1,CLHI3,1,CLHI3,35,2015-12-17 12:39:08,2021-06-04 15:05:17,2,0
365875721489998,49612453010497,2010,15,1,7,1070.0,2.0,1,CLHI3,1,CLHI3,45,2015-12-17 12:39:08,2021-06-04 15:05:17,2,0
365875722489998,49612453010497,2010,15,1,7,1070.0,3.0,1,CLHI3,1,CLHI3,30,2015-12-17 12:39:08,2021-06-04 15:05:17,2,0
365875723489998,49612453010497,2010,15,1,7,1070.0,4.0,1,CLHI3,1,CLHI3,30,2015-12-17 12:39:08,2021-06-04 15:05:17,2,0
365875724489998,49612453010497,2010,15,1,7,1070.0,1.0,1,LACA2,1,LACA2,25,2015-12-17 12:39:08,2021-06-04 15:05:17,2,0
365875725489998,49612453010497,2010,15,1,7,1070.0,1.0,1,PSGU,1,PSGU,80,2015-12-17 12:39:08,2021-06-04 15:05:17,2,0
365875726489998,49612453010497,2010,15,1,7,1070.0,2.0,1,PSGU,1,PSGU,75,2015-12-17 12:39:08,2021-06-04 15:05:17,2,0
365875727489998,49612453010497,2010,15,1,7,1070.0,3.0,1,PSGU,1,PSGU,55,2015-12-17 12:39:08,2021-06-04 15:05:17,2,0
365875728489998,49612453010497,2010,15,1,7,1070.0,4.0,1,PSGU,1,PSGU,75,2015-12-17 12:39:08,2021-06-04 15:05:17,2,0
365875879489998,49612455010497,2010,15,1,7,1076.0,1.0,1,PSCA,1,PSCA,1,2015-12-17 12:39:08,2021-06-04 15:05:17,2,0
365875880489998,49612455010497,2010,15,1,7,1076.0,2.0,1,PSCA,1,PSCA,2,2015-12-17 12:39:08,2021-06-04 15:05:17,2,0
365875881489998,49612455010497,2010,15,1,7,1076.0,3.0,1,PSCA,1,PSCA,6,2015-12-17 12:39:08,2021-06-04 15:05:17,2,0
365875882489998,49612455010497,2010,15,1,7,1076.0,4.0,1,PSCA,1,PSCA,1,2015-12-17 12:39:08,2021-06-04 15:05:17,2,0
365876011489998,49612457010497,2010,15,1,7,1080.0,1.0,1,HEGA,1,HEGA,65,2015-12-17 12:39:09,2021-06-04 15:05:17,2,0
365876012489998,49612457010497,2010,15,1,7,1080.0,3.0,1,HEGA,1,HEGA,10,2015-12-17 12:39:09,2021-06-04 15:05:17,2,0
365876013489998,49612457010497,2010,15,1,7,1080.0,4.0,1,HEGA,1,HEGA,5,2015-12-17 12:39:09,2021-06-04 15:05:17,2,0
365876014489998,49612457010497,2010,15,1,7,1080.0,4.0,1,PSCA,1,PSCA,1,2015-12-17 12:39:09,2021-06-04 15:05:17,2,0
365876115489998,49612458010497,2010,15,1,7,1081.0,1.0,1,AREL4,1,AREL4,1,2015-12-17 12:39:09,2021-06-04 15:05:17,2,0
365876116489998,49612458010497,2010,15,1,7,1081.0,2.0,1,AREL4,1,AREL4,10,2015-12-17 12:39:09,2021-06-04 15:05:17,2,0
365876117489998,49612458010497,2010,15,1,7,1081.0,1.0,1,PSCA,1,PSCA,85,2015-12-17 12:39:09,2021-06-04 15:05:17,2,0
365876118489998,49612458010497,2010,15,1,7,1081.0,2.0,1,PSCA,1,PSCA,65,2015-12-17 12:39:09,2021-06-04 15:05:17,2,0
365876119489998,49612458010497,2010,15,1,7,1081.0,3.0,1,PSCA,1,PSCA,80,2015-12-17 12:39:09,2021-06-04 15:05:17,2,0
365876120489998,49612458010497,2010,15,1,7,1081.0,4.0,1,PSCA,1,PSCA,85,2015-12-17 12:39:09,2021-06-04 15:05:17,2,0
365876242489998,49612462010497,2010,15,1,7,1095.0,1.0,1,PSCA,1,PSCA,5,2015-12-17 12:39:09,2021-06-04 15:05:17,2,0
365876243489998,49612462010497,2010,15,1,7,1095.0,2.0,1,PSCA,1,PSCA,2,2015-12-17 12:39:09,2021-06-04 15:05:17,2,0
365876244489998,49612462010497,2010,15,1,7,1095.0,3.0,1,PSCA,1,PSCA,2,2015-12-17 12:39:09,2021-06-04 15:05:17,2,0
365876245489998,49612462010497,2010,15,1,7,1095.0,4.0,1,PSCA,1,PSCA,3,2015-12-17 12:39:09,2021-06-04 15:05:17,2,0
365876375489998,49612470010497,2010,15,1,7,1115.0,4.0,2,GRRO,1,GRRO,10,2015-12-17 12:39:10,2021-06-04 15:05:17,2,0
365876376489998,49612470010497,2010,15,1,7,1115.0,4.0,2,LACA2,1,LACA2,2,2015-12-17 12:39:10,2021-06-04 15:05:17,2,0
365876377489998,49612470010497,2010,15,1,7,1115.0,3.0,2,PSCA,1,PSCA,1,2015-12-17 12:39:10,2021-06-04 15:05:17,2,0
365876378489998,49612470010497,2010,15,1,7,1115.0,4.0,2,PSCA,1,PSCA,20,2015-12-17 12:39:10,2021-06-04 15:05:17,2,0
365876442489998,49612472010497,2010,15,1,7,1120.0,1.0,1,PSCA,1,PSCA,95,2015-12-17 12:39:10,2021-06-04 15:05:17,2,0
365876443489998,49612472010497,2010,15,1,7,1120.0,2.0,1,PSCA,1,PSCA,50,2015-12-17 12:39:10,2021-06-04 15:05:17,2,0
365876444489998,49612472010497,2010,15,1,7,1120.0,3.0,1,PSCA,1,PSCA,40,2015-12-17 12:39:10,2021-06-04 15:05:17,2,0
365876445489998,49612472010497,2010,15,1,7,1120.0,4.0,1,PSCA,1,PSCA,85,2015-12-17 12:39:10,2021-06-04 15:05:17,2,0
365876561489998,49612473010497,2010,15,1,7,1121.0,2.0,2,CLHI3,1,CLHI3,12,2015-12-17 12:39:10,2021-06-04 15:05:17,2,0
365876562489998,49612473010497,2010,15,1,7,1121.0,2.0,2,PSCA,1,PSCA,2,2015-12-17 12:39:10,2021-06-04 15:05:17,2,0
365876606489998,49612479010497,2010,15,1,7,1136.0,1.0,1,CLHI3,1,CLHI3,9,2015-12-17 12:39:10,2021-06-04 15:05:17,2,0
365876607489998,49612479010497,2010,15,1,7,1136.0,3.0,1,CLHI3,1,CLHI3,30,2015-12-17 12:39:10,2021-06-04 15:05:17,2,0
365876608489998,49612479010497,2010,15,1,7,1136.0,4.0,1,CLHI3,1,CLHI3,35,2015-12-17 12:39:10,2021-06-04 15:05:17,2,0
365876609489998,49612479010497,2010,15,1,7,1136.0,1.0,1,MECA9,1,MECA9,16,2015-12-17 12:39:10,2021-06-04 15:05:17,2,0
365876610489998,49612479010497,2010,15,1,7,1136.0,4.0,1,MECA9,1,MECA9,1,2015-12-17 12:39:10,2021-06-04 15:05:17,2,0
365876611489998,49612479010497,2010,15,1,7,1136.0,1.0,1,PSCA,1,PSCA,11,2015-12-17 12:39:10,2021-06-04 15:05:17,2,0
365876612489998,49612479010497,2010,15,1,7,1136.0,3.0,1,PSCA,1,PSCA,6,2015-12-17 12:39:10,2021-06-04 15:05:17,2,0
365876613489998,49612479010497,2010,15,1,7,1136.0,4.0,1,PSCA,1,PSCA,40,2015-12-17 12:39:10,2021-06-04 15:05:17,2,0
1641354399290487,48466842010497,2010,15,1,1,2609.0,4.0,1,HEGA,1,HEGA,1,2024-06-21 17:38:51,,2,0
365876719489998,49612480010497,2010,15,1,7,1140.0,1.0,1,GRRO,1,GRRO,3,2015-12-17 12:39:11,2021-06-04 15:05:17,2,0
365876720489998,49612480010497,2010,15,1,7,1140.0,2.0,1,GRRO,1,GRRO,2,2015-12-17 12:39:11,2021-06-04 15:05:17,2,0
365876721489998,49612480010497,2010,15,1,7,1140.0,3.0,1,GRRO,1,GRRO,1,2015-12-17 12:39:11,2021-06-04 15:05:17,2,0
365876722489998,49612480010497,2010,15,1,7,1140.0,4.0,1,GRRO,1,GRRO,2,2015-12-17 12:39:11,2021-06-04 15:05:17,2,0
365876723489998,49612480010497,2010,15,1,7,1140.0,1.0,1,LACA2,1,LACA2,2,2015-12-17 12:39:11,2021-06-04 15:05:17,2,0
365876724489998,49612480010497,2010,15,1,7,1140.0,2.0,1,LACA2,1,LACA2,1,2015-12-17 12:39:11,2021-06-04 15:05:17,2,0
365876725489998,49612480010497,2010,15,1,7,1140.0,3.0,1,LACA2,1,LACA2,1,2015-12-17 12:39:11,2021-06-04 15:05:17,2,0
365876726489998,49612480010497,2010,15,1,7,1140.0,1.0,1,PSCA,1,PSCA,9,2015-12-17 12:39:11,2021-06-04 15:05:17,2,0
365876727489998,49612480010497,2010,15,1,7,1140.0,2.0,1,PSCA,1,PSCA,45,2015-12-17 12:39:11,2021-06-04 15:05:17,2,0
365876728489998,49612480010497,2010,15,1,7,1140.0,3.0,1,PSCA,1,PSCA,3,2015-12-17 12:39:11,2021-06-04 15:05:17,2,0
1219109551290487,497552826126144,2019,15,1,1,4404.0,4.0,1,TIHE2,1,TIHE2,4,2022-06-14 20:31:12,,3,0
1219109730290487,497552833126144,2019,15,1,3,1484.0,1.0,1,AREL4,1,AREL4,1,2022-06-14 20:31:12,,3,0
1219109731290487,497552833126144,2019,15,1,3,1484.0,3.0,1,AREL4,1,AREL4,1,2022-06-14 20:31:12,,3,0
1219109732290487,497552833126144,2019,15,1,3,1484.0,4.0,2,AREL4,1,AREL4,2,2022-06-14 20:31:12,,3,0
1219109737290487,497552833126144,2019,15,1,3,1484.0,1.0,1,CLHI3,1,CLHI3,12,2022-06-14 20:31:12,,3,0
1219109738290487,497552833126144,2019,15,1,3,1484.0,2.0,1,CLHI3,1,CLHI3,8,2022-06-14 20:31:12,,3,0
1219109739290487,497552833126144,2019,15,1,3,1484.0,3.0,1,CLHI3,1,CLHI3,7,2022-06-14 20:31:12,,3,0
1219109740290487,497552833126144,2019,15,1,3,1484.0,4.0,2,CLHI3,1,CLHI3,16,2022-06-14 20:31:12,,3,0
1219109741290487,497552833126144,2019,15,1,3,1484.0,1.0,1,HEGA,1,HEGA,3,2022-06-14 20:31:12,,3,0
1219109742290487,497552833126144,2019,15,1,3,1484.0,2.0,1,HEGA,1,HEGA,2,2022-06-14 20:31:12,,3,0
1219109743290487,497552833126144,2019,15,1,3,1484.0,3.0,1,HEGA,1,HEGA,1,2022-06-14 20:31:12,,3,0
1219109744290487,497552833126144,2019,15,1,3,1484.0,4.0,2,HEGA,1,HEGA,1,2022-06-14 20:31:12,,3,0
1219109745290487,497552833126144,2019,15,1,3,1484.0,2.0,1,MEQU,1,MEQU,27,2022-06-14 20:31:12,,3,0
1219109746290487,497552833126144,2019,15,1,3,1484.0,3.0,1,MEQU,1,MEQU,45,2022-06-14 20:31:12,,3,0
1219109747290487,497552833126144,2019,15,1,3,1484.0,2.0,1,PSCA,1,PSCA,2,2022-06-14 20:31:12,,3,0
1219109748290487,497552833126144,2019,15,1,3,1484.0,3.0,1,PSCA,1,PSCA,8,2022-06-14 20:31:12,,3,0
1219109749290487,497552833126144,2019,15,1,3,1484.0,4.0,2,PSCA,1,PSCA,4,2022-06-14 20:31:12,,3,0
1219109931290487,497552842126144,2019,15,1,3,1508.0,2.0,2,LELE10,1,LELE10,15,2022-06-14 20:31:12,,3,0
1219109932290487,497552842126144,2019,15,1,3,1508.0,3.0,2,LELE10,1,LELE10,20,2022-06-14 20:31:12,,3,0
1219109997290487,497552843126144,2019,15,1,3,1510.0,2.0,2,FIMI2,1,FIMI2,40,2022-06-14 20:31:12,,3,0
1219109998290487,497552843126144,2019,15,1,3,1510.0,2.0,2,LELE10,1,LELE10,70,2022-06-14 20:31:12,,3,0
1219109999290487,497552843126144,2019,15,1,3,1510.0,2.0,2,PATRM,1,PATRM,5,2022-06-14 20:31:12,,3,0
1219110045290487,497552845126144,2019,15,1,3,1516.0,1.0,1,CLHI3,1,CLHI3,5,2022-06-14 20:31:13,,3,0
1219110046290487,497552845126144,2019,15,1,3,1516.0,2.0,1,CLHI3,1,CLHI3,1,2022-06-14 20:31:13,,3,0
1219110047290487,497552845126144,2019,15,1,3,1516.0,3.0,1,CLHI3,1,CLHI3,1,2022-06-14 20:31:13,,3,0
1219110048290487,497552845126144,2019,15,1,3,1516.0,4.0,1,CLHI3,1,CLHI3,8,2022-06-14 20:31:13,,3,0
1219110049290487,497552845126144,2019,15,1,3,1516.0,4.0,1,FIMI2,1,FIMI2,1,2022-06-14 20:31:13,,3,0
1219110050290487,497552845126144,2019,15,1,3,1516.0,1.0,1,LACA2,1,LACA2,20,2022-06-14 20:31:13,,3,0
1219110051290487,497552845126144,2019,15,1,3,1516.0,2.0,1,LACA2,1,LACA2,1,2022-06-14 20:31:13,,3,0
1219110052290487,497552845126144,2019,15,1,3,1516.0,4.0,1,LACA2,1,LACA2,40,2022-06-14 20:31:13,,3,0
1219110053290487,497552845126144,2019,15,1,3,1516.0,1.0,1,PSCA,1,PSCA,18,2022-06-14 20:31:13,,3,0
1219110054290487,497552845126144,2019,15,1,3,1516.0,2.0,1,PSCA,1,PSCA,1,2022-06-14 20:31:13,,3,0
1219110055290487,497552845126144,2019,15,1,3,1516.0,1.0,1,SEPA6,1,SEPA6,5,2022-06-14 20:31:13,,3,0
1219110056290487,497552845126144,2019,15,1,3,1516.0,4.0,1,SEPA6,1,SEPA6,3,2022-06-14 20:31:13,,3,0
1219110203290487,497552847126144,2019,15,1,3,1523.0,1.0,1,LACA2,1,LACA2,1,2022-06-14 20:31:13,,3,0
1219110204290487,497552847126144,2019,15,1,3,1523.0,2.0,1,LACA2,1,LACA2,2,2022-06-14 20:31:13,,3,0
1219110205290487,497552847126144,2019,15,1,3,1523.0,3.0,1,LACA2,1,LACA2,1,2022-06-14 20:31:13,,3,0
1219110206290487,497552847126144,2019,15,1,3,1523.0,4.0,2,LACA2,1,LACA2,3,2022-06-14 20:31:13,,3,0
1219110207290487,497552847126144,2019,15,1,3,1523.0,1.0,1,LELE10,1,LELE10,2,2022-06-14 20:31:13,,3,0
1219110208290487,497552847126144,2019,15,1,3,1523.0,2.0,1,LELE10,1,LELE10,1,2022-06-14 20:31:13,,3,0
1219110210290487,497552847126144,2019,15,1,3,1523.0,1.0,1,PSCA,1,PSCA,60,2022-06-14 20:31:13,,3,0
1219110211290487,497552847126144,2019,15,1,3,1523.0,2.0,1,PSCA,1,PSCA,3,2022-06-14 20:31:13,,3,0
1219110212290487,497552847126144,2019,15,1,3,1523.0,3.0,1,PSCA,1,PSCA,8,2022-06-14 20:31:13,,3,0
1219110213290487,497552847126144,2019,15,1,3,1523.0,4.0,2,PSCA,1,PSCA,35,2022-06-14 20:31:13,,3,0
1219110214290487,497552847126144,2019,15,1,3,1523.0,2.0,1,SCTE,1,SCTE,5,2022-06-14 20:31:13,,3,0
1219110215290487,497552847126144,2019,15,1,3,1523.0,3.0,1,SCTE,1,SCTE,10,2022-06-14 20:31:13,,3,0
1219110349290487,497552849126144,2019,15,1,3,1529.0,1.0,1,LELE10,1,LELE10,80,2022-06-14 20:31:13,,3,0
1219110350290487,497552849126144,2019,15,1,3,1529.0,2.0,1,LELE10,1,LELE10,55,2022-06-14 20:31:13,,3,0
1219110351290487,497552849126144,2019,15,1,3,1529.0,3.0,1,LELE10,1,LELE10,80,2022-06-14 20:31:13,,3,0
1219110352290487,497552849126144,2019,15,1,3,1529.0,4.0,1,LELE10,1,LELE10,80,2022-06-14 20:31:13,,3,0
1219110585290487,497552876126144,2019,15,1,1,4121.0,1.0,1,LACA2,1,LACA2,2,2022-06-14 20:31:14,,3,0
1219110586290487,497552876126144,2019,15,1,1,4121.0,2.0,1,LACA2,1,LACA2,1,2022-06-14 20:31:14,,3,0
1219110587290487,497552876126144,2019,15,1,1,4121.0,4.0,1,LACA2,1,LACA2,2,2022-06-14 20:31:14,,3,0
1219110588290487,497552876126144,2019,15,1,1,4121.0,1.0,1,RUNI4,1,RUNI4,2,2022-06-14 20:31:14,,3,0
1219110589290487,497552876126144,2019,15,1,1,4121.0,2.0,1,RUNI4,1,RUNI4,1,2022-06-14 20:31:14,,3,0
1219110590290487,497552876126144,2019,15,1,1,4121.0,3.0,1,RUNI4,1,RUNI4,1,2022-06-14 20:31:14,,3,0
1219110591290487,497552876126144,2019,15,1,1,4121.0,4.0,1,RUNI4,1,RUNI4,1,2022-06-14 20:31:14,,3,0
1219110592290487,497552876126144,2019,15,1,1,4121.0,1.0,1,SEMA15,1,SEMA15,1,2022-06-14 20:31:14,,3,0
365878677489998,49612622010497,2010,15,1,9,1877.0,2.0,1,TIHE2,1,TIHE2,1,2015-12-17 12:39:16,2021-06-04 15:05:17,2,0
365878678489998,49612622010497,2010,15,1,9,1877.0,3.0,1,TIHE2,1,TIHE2,1,2015-12-17 12:39:16,2021-06-04 15:05:17,2,0
365878679489998,49612622010497,2010,15,1,9,1877.0,4.0,1,TIHE2,1,TIHE2,6,2015-12-17 12:39:16,2021-06-04 15:05:17,2,0
365878822489998,49612625010497,2010,15,1,9,1883.0,1.0,1,CLHI3,1,CLHI3,1,2015-12-17 12:39:16,2021-06-04 15:05:17,2,0
365878823489998,49612625010497,2010,15,1,9,1883.0,1.0,1,TIHE2,1,TIHE2,1,2015-12-17 12:39:16,2021-06-04 15:05:17,2,0
365878824489998,49612625010497,2010,15,1,9,1883.0,2.0,1,TIHE2,1,TIHE2,1,2015-12-17 12:39:16,2021-06-04 15:05:17,2,0
365878825489998,49612625010497,2010,15,1,9,1883.0,3.0,1,TIHE2,1,TIHE2,1,2015-12-17 12:39:16,2021-06-04 15:05:17,2,0
365878826489998,49612625010497,2010,15,1,9,1883.0,4.0,1,TIHE2,1,TIHE2,2,2015-12-17 12:39:16,2021-06-04 15:05:17,2,0
365878961489998,49612628010497,2010,15,1,9,1889.0,1.0,1,CLHI3,1,CLHI3,8,2015-12-17 12:39:17,2021-06-04 15:05:17,2,0
365878962489998,49612628010497,2010,15,1,9,1889.0,2.0,1,CLHI3,1,CLHI3,45,2015-12-17 12:39:17,2021-06-04 15:05:17,2,0
365878963489998,49612628010497,2010,15,1,9,1889.0,3.0,2,CLHI3,1,CLHI3,12,2015-12-17 12:39:17,2021-06-04 15:05:17,2,0
365878964489998,49612628010497,2010,15,1,9,1889.0,4.0,1,CLHI3,1,CLHI3,15,2015-12-17 12:39:17,2021-06-04 15:05:17,2,0
365878965489998,49612628010497,2010,15,1,9,1889.0,1.0,1,HEGA,1,HEGA,3,2015-12-17 12:39:17,2021-06-04 15:05:17,2,0
365878966489998,49612628010497,2010,15,1,9,1889.0,2.0,1,HEGA,1,HEGA,20,2015-12-17 12:39:17,2021-06-04 15:05:17,2,0
365878967489998,49612628010497,2010,15,1,9,1889.0,3.0,2,HEGA,1,HEGA,15,2015-12-17 12:39:17,2021-06-04 15:05:17,2,0
365878968489998,49612628010497,2010,15,1,9,1889.0,4.0,1,HEGA,1,HEGA,2,2015-12-17 12:39:17,2021-06-04 15:05:17,2,0
365878969489998,49612628010497,2010,15,1,9,1889.0,1.0,1,PSCA,1,PSCA,80,2015-12-17 12:39:17,2021-06-04 15:05:17,2,0
365878970489998,49612628010497,2010,15,1,9,1889.0,2.0,1,PSCA,1,PSCA,80,2015-12-17 12:39:17,2021-06-04 15:05:17,2,0
365878971489998,49612628010497,2010,15,1,9,1889.0,3.0,2,PSCA,1,PSCA,15,2015-12-17 12:39:17,2021-06-04 15:05:17,2,0
365878972489998,49612628010497,2010,15,1,9,1889.0,4.0,1,PSCA,1,PSCA,85,2015-12-17 12:39:17,2021-06-04 15:05:17,2,0
365878973489998,49612628010497,2010,15,1,9,1889.0,2.0,1,SPCA2,1,SPCA2,5,2015-12-17 12:39:17,2021-06-04 15:05:17,2,0
365878974489998,49612628010497,2010,15,1,9,1889.0,4.0,1,SPCA2,1,SPCA2,10,2015-12-17 12:39:17,2021-06-04 15:05:17,2,0
365878975489998,49612628010497,2010,15,1,9,1889.0,1.0,1,TIHE2,1,TIHE2,3,2015-12-17 12:39:17,2021-06-04 15:05:17,2,0
365878976489998,49612628010497,2010,15,1,9,1889.0,3.0,2,TIHE2,1,TIHE2,8,2015-12-17 12:39:17,2021-06-04 15:05:17,2,0
365878977489998,49612628010497,2010,15,1,9,1889.0,4.0,1,TIHE2,1,TIHE2,1,2015-12-17 12:39:17,2021-06-04 15:05:17,2,0
365879117489998,49612630010497,2010,15,1,9,1895.0,1.0,1,CLHI3,1,CLHI3,2,2015-12-17 12:39:17,2021-06-04 15:05:17,2,0
365879118489998,49612630010497,2010,15,1,9,1895.0,2.0,1,CLHI3,1,CLHI3,1,2015-12-17 12:39:17,2021-06-04 15:05:17,2,0
365879119489998,49612630010497,2010,15,1,9,1895.0,3.0,1,CLHI3,1,CLHI3,3,2015-12-17 12:39:17,2021-06-04 15:05:17,2,0
365879120489998,49612630010497,2010,15,1,9,1895.0,4.0,1,CLHI3,1,CLHI3,20,2015-12-17 12:39:17,2021-06-04 15:05:17,2,0
365879121489998,49612630010497,2010,15,1,9,1895.0,4.0,1,HEGA,1,HEGA,5,2015-12-17 12:39:17,2021-06-04 15:05:17,2,0
365879122489998,49612630010497,2010,15,1,9,1895.0,1.0,1,PSCA,1,PSCA,11,2015-12-17 12:39:17,2021-06-04 15:05:17,2,0
365879123489998,49612630010497,2010,15,1,9,1895.0,2.0,1,PSCA,1,PSCA,3,2015-12-17 12:39:17,2021-06-04 15:05:17,2,0
365879124489998,49612630010497,2010,15,1,9,1895.0,3.0,1,PSCA,1,PSCA,20,2015-12-17 12:39:17,2021-06-04 15:05:17,2,0
365879125489998,49612630010497,2010,15,1,9,1895.0,4.0,1,PSCA,1,PSCA,25,2015-12-17 12:39:17,2021-06-04 15:05:17,2,0
365879126489998,49612630010497,2010,15,1,9,1895.0,1.0,1,PSGU,1,PSGU,8,2015-12-17 12:39:17,2021-06-04 15:05:17,2,0
365879127489998,49612630010497,2010,15,1,9,1895.0,2.0,1,PSGU,1,PSGU,2,2015-12-17 12:39:17,2021-06-04 15:05:17,2,0
365879128489998,49612630010497,2010,15,1,9,1895.0,3.0,1,PSGU,1,PSGU,15,2015-12-17 12:39:17,2021-06-04 15:05:17,2,0
365879129489998,49612630010497,2010,15,1,9,1895.0,1.0,1,SPCA2,1,SPCA2,20,2015-12-17 12:39:17,2021-06-04 15:05:17,2,0
365879130489998,49612630010497,2010,15,1,9,1895.0,2.0,1,SPCA2,1,SPCA2,28,2015-12-17 12:39:17,2021-06-04 15:05:17,2,0
365879131489998,49612630010497,2010,15,1,9,1895.0,3.0,1,SPCA2,1,SPCA2,5,2015-12-17 12:39:17,2021-06-04 15:05:17,2,0
365879132489998,49612630010497,2010,15,1,9,1895.0,4.0,1,SPCA2,1,SPCA2,3,2015-12-17 12:39:17,2021-06-04 15:05:17,2,0
365879133489998,49612630010497,2010,15,1,9,1895.0,4.0,1,TIHE2,1,TIHE2,8,2015-12-17 12:39:17,2021-06-04 15:05:17,2,0
365879272489998,49612632010497,2010,15,1,9,1900.0,1.0,1,AREL4,1,AREL4,10,2015-12-17 12:39:18,2021-06-04 15:05:17,2,0
365879273489998,49612632010497,2010,15,1,9,1900.0,2.0,1,AREL4,1,AREL4,65,2015-12-17 12:39:18,2021-06-04 15:05:17,2,0
365879274489998,49612632010497,2010,15,1,9,1900.0,4.0,1,AREL4,1,AREL4,90,2015-12-17 12:39:18,2021-06-04 15:05:17,2,0
365879275489998,49612632010497,2010,15,1,9,1900.0,1.0,1,CLHI3,1,CLHI3,35,2015-12-17 12:39:18,2021-06-04 15:05:17,2,0
365879276489998,49612632010497,2010,15,1,9,1900.0,2.0,1,CLHI3,1,CLHI3,35,2015-12-17 12:39:18,2021-06-04 15:05:17,2,0
365879277489998,49612632010497,2010,15,1,9,1900.0,1.0,1,MICA20,1,MICA20,1,2015-12-17 12:39:18,2021-06-04 15:05:17,2,0
365879278489998,49612632010497,2010,15,1,9,1900.0,2.0,1,MICA20,1,MICA20,1,2015-12-17 12:39:18,2021-06-04 15:05:17,2,0
365879279489998,49612632010497,2010,15,1,9,1900.0,4.0,1,MICA20,1,MICA20,1,2015-12-17 12:39:18,2021-06-04 15:05:17,2,0
365879280489998,49612632010497,2010,15,1,9,1900.0,1.0,1,PSGU,1,PSGU,5,2015-12-17 12:39:18,2021-06-04 15:05:17,2,0
365879281489998,49612632010497,2010,15,1,9,1900.0,2.0,1,PSGU,1,PSGU,15,2015-12-17 12:39:18,2021-06-04 15:05:17,2,0
365879282489998,49612632010497,2010,15,1,9,1900.0,1.0,1,SPCA2,1,SPCA2,1,2015-12-17 12:39:18,2021-06-04 15:05:17,2,0
365879283489998,49612632010497,2010,15,1,9,1900.0,2.0,1,SPCA2,1,SPCA2,2,2015-12-17 12:39:18,2021-06-04 15:05:17,2,0
365879284489998,49612632010497,2010,15,1,9,1900.0,4.0,1,SPCA2,1,SPCA2,2,2015-12-17 12:39:18,2021-06-04 15:05:17,2,0
365879666489998,49612642010497,2010,15,1,9,1924.0,1.0,1,BOFR2,1,BOFR2,1,2015-12-17 12:39:19,2021-06-04 15:05:17,2,0
365879667489998,49612642010497,2010,15,1,9,1924.0,2.0,1,BOFR2,1,BOFR2,2,2015-12-17 12:39:19,2021-06-04 15:05:17,2,0
365879668489998,49612642010497,2010,15,1,9,1924.0,3.0,1,BOFR2,1,BOFR2,1,2015-12-17 12:39:19,2021-06-04 15:05:17,2,0
365879669489998,49612642010497,2010,15,1,9,1924.0,4.0,1,BOFR2,1,BOFR2,1,2015-12-17 12:39:19,2021-06-04 15:05:17,2,0
365879670489998,49612642010497,2010,15,1,9,1924.0,1.0,1,CLHI3,1,CLHI3,1,2015-12-17 12:39:19,2021-06-04 15:05:17,2,0
365879671489998,49612642010497,2010,15,1,9,1924.0,3.0,1,CLHI3,1,CLHI3,1,2015-12-17 12:39:19,2021-06-04 15:05:17,2,0
365879672489998,49612642010497,2010,15,1,9,1924.0,1.0,1,HEGA,1,HEGA,2,2015-12-17 12:39:19,2021-06-04 15:05:17,2,0
365879673489998,49612642010497,2010,15,1,9,1924.0,2.0,1,HEGA,1,HEGA,11,2015-12-17 12:39:19,2021-06-04 15:05:17,2,0
365879674489998,49612642010497,2010,15,1,9,1924.0,3.0,1,HEGA,1,HEGA,5,2015-12-17 12:39:19,2021-06-04 15:05:17,2,0
365879675489998,49612642010497,2010,15,1,9,1924.0,4.0,1,HEGA,1,HEGA,1,2015-12-17 12:39:19,2021-06-04 15:05:17,2,0
365879676489998,49612642010497,2010,15,1,9,1924.0,1.0,1,TIHE2,1,TIHE2,3,2015-12-17 12:39:19,2021-06-04 15:05:17,2,0
365879677489998,49612642010497,2010,15,1,9,1924.0,2.0,1,TIHE2,1,TIHE2,4,2015-12-17 12:39:19,2021-06-04 15:05:17,2,0
365879678489998,49612642010497,2010,15,1,9,1924.0,3.0,1,TIHE2,1,TIHE2,6,2015-12-17 12:39:19,2021-06-04 15:05:17,2,0
365879679489998,49612642010497,2010,15,1,9,1924.0,4.0,1,TIHE2,1,TIHE2,1,2015-12-17 12:39:19,2021-06-04 15:05:17,2,0
365879814489998,49612644010497,2010,15,1,9,1929.0,1.0,1,AREL4,1,AREL4,40,2015-12-17 12:39:19,2021-06-04 15:05:17,2,0
365879815489998,49612644010497,2010,15,1,9,1929.0,2.0,1,AREL4,1,AREL4,65,2015-12-17 12:39:19,2021-06-04 15:05:17,2,0
365879816489998,49612644010497,2010,15,1,9,1929.0,3.0,1,AREL4,1,AREL4,45,2015-12-17 12:39:19,2021-06-04 15:05:17,2,0
365879817489998,49612644010497,2010,15,1,9,1929.0,4.0,2,AREL4,1,AREL4,15,2015-12-17 12:39:19,2021-06-04 15:05:17,2,0
365879818489998,49612644010497,2010,15,1,9,1929.0,1.0,1,CLHI3,1,CLHI3,2,2015-12-17 12:39:19,2021-06-04 15:05:17,2,0
365879819489998,49612644010497,2010,15,1,9,1929.0,2.0,1,CLHI3,1,CLHI3,1,2015-12-17 12:39:19,2021-06-04 15:05:17,2,0
365879820489998,49612644010497,2010,15,1,9,1929.0,3.0,1,CLHI3,1,CLHI3,1,2015-12-17 12:39:19,2021-06-04 15:05:17,2,0
365879821489998,49612644010497,2010,15,1,9,1929.0,4.0,2,CLHI3,1,CLHI3,1,2015-12-17 12:39:19,2021-06-04 15:05:17,2,0
365879822489998,49612644010497,2010,15,1,9,1929.0,1.0,1,LACA2,1,LACA2,12,2015-12-17 12:39:19,2021-06-04 15:05:17,2,0
365879823489998,49612644010497,2010,15,1,9,1929.0,4.0,2,LACA2,1,LACA2,70,2015-12-17 12:39:19,2021-06-04 15:05:17,2,0
365879824489998,49612644010497,2010,15,1,9,1929.0,1.0,1,PSGU,1,PSGU,8,2015-12-17 12:39:19,2021-06-04 15:05:17,2,0
365879825489998,49612644010497,2010,15,1,9,1929.0,2.0,1,PSGU,1,PSGU,6,2015-12-17 12:39:19,2021-06-04 15:05:17,2,0
365879826489998,49612644010497,2010,15,1,9,1929.0,3.0,1,PSGU,1,PSGU,21,2015-12-17 12:39:19,2021-06-04 15:05:17,2,0
365879827489998,49612644010497,2010,15,1,9,1929.0,4.0,2,PSGU,1,PSGU,40,2015-12-17 12:39:19,2021-06-04 15:05:17,2,0
365879828489998,49612644010497,2010,15,1,9,1929.0,1.0,1,SCTE,1,SCTE,5,2015-12-17 12:39:19,2021-06-04 15:05:17,2,0
365879829489998,49612644010497,2010,15,1,9,1929.0,1.0,1,SPCA2,1,SPCA2,7,2015-12-17 12:39:19,2021-06-04 15:05:17,2,0
365879830489998,49612644010497,2010,15,1,9,1929.0,3.0,1,SPCA2,1,SPCA2,2,2015-12-17 12:39:19,2021-06-04 15:05:17,2,0
365879831489998,49612644010497,2010,15,1,9,1929.0,4.0,2,SPCA2,1,SPCA2,4,2015-12-17 12:39:19,2021-06-04 15:05:17,2,0
365879966489998,49612651010497,2010,15,1,9,1949.0,1.0,1,MOFA,1,MOFA,15,2015-12-17 12:39:19,2021-06-04 15:05:17,2,0
365879967489998,49612651010497,2010,15,1,9,1949.0,2.0,1,MOFA,1,MOFA,12,2015-12-17 12:39:19,2021-06-04 15:05:17,2,0
365879968489998,49612651010497,2010,15,1,9,1949.0,3.0,1,MOFA,1,MOFA,45,2015-12-17 12:39:19,2021-06-04 15:05:17,2,0
365879969489998,49612651010497,2010,15,1,9,1949.0,4.0,1,MOFA,1,MOFA,15,2015-12-17 12:39:19,2021-06-04 15:05:17,2,0
365880082489998,49612652010497,2010,15,1,9,1952.0,1.0,1,AREL4,1,AREL4,85,2015-12-17 12:39:19,2021-06-04 15:05:17,2,0
365880083489998,49612652010497,2010,15,1,9,1952.0,2.0,1,AREL4,1,AREL4,80,2015-12-17 12:39:19,2021-06-04 15:05:17,2,0
365880084489998,49612652010497,2010,15,1,9,1952.0,4.0,1,AREL4,1,AREL4,85,2015-12-17 12:39:19,2021-06-04 15:05:17,2,0
365880085489998,49612652010497,2010,15,1,9,1952.0,1.0,1,CLHI3,1,CLHI3,2,2015-12-17 12:39:19,2021-06-04 15:05:17,2,0
365880086489998,49612652010497,2010,15,1,9,1952.0,2.0,1,CLHI3,1,CLHI3,2,2015-12-17 12:39:19,2021-06-04 15:05:17,2,0
365880087489998,49612652010497,2010,15,1,9,1952.0,4.0,1,CLHI3,1,CLHI3,2,2015-12-17 12:39:20,2021-06-04 15:05:17,2,0
365880088489998,49612652010497,2010,15,1,9,1952.0,1.0,1,SPCA2,1,SPCA2,1,2015-12-17 12:39:20,2021-06-04 15:05:17,2,0
365880184489998,49612674010497,2010,15,1,1,2163.0,1.0,1,CLHI3,1,CLHI3,1,2015-12-17 12:39:20,2021-06-04 15:05:17,2,0
365880185489998,49612674010497,2010,15,1,1,2163.0,1.0,1,PSCA,1,PSCA,70,2015-12-17 12:39:20,2021-06-04 15:05:17,2,0
365880186489998,49612674010497,2010,15,1,1,2163.0,2.0,1,PSCA,1,PSCA,90,2015-12-17 12:39:20,2021-06-04 15:05:17,2,0
365880187489998,49612674010497,2010,15,1,1,2163.0,3.0,1,PSCA,1,PSCA,85,2015-12-17 12:39:20,2021-06-04 15:05:17,2,0
365880188489998,49612674010497,2010,15,1,1,2163.0,4.0,1,PSCA,1,PSCA,80,2015-12-17 12:39:20,2021-06-04 15:05:17,2,0
365880189489998,49612674010497,2010,15,1,1,2163.0,2.0,1,SCTE,1,SCTE,18,2015-12-17 12:39:20,2021-06-04 15:05:17,2,0
365880303489998,49612675010497,2010,15,1,1,2167.0,1.0,1,CLHI3,1,CLHI3,1,2015-12-17 12:39:20,2021-06-04 15:05:17,2,0
365880304489998,49612675010497,2010,15,1,1,2167.0,2.0,1,CLHI3,1,CLHI3,1,2015-12-17 12:39:20,2021-06-04 15:05:17,2,0
365880305489998,49612675010497,2010,15,1,1,2167.0,3.0,1,CLHI3,1,CLHI3,1,2015-12-17 12:39:20,2021-06-04 15:05:17,2,0
365880306489998,49612675010497,2010,15,1,1,2167.0,4.0,1,CLHI3,1,CLHI3,1,2015-12-17 12:39:20,2021-06-04 15:05:17,2,0
365880307489998,49612675010497,2010,15,1,1,2167.0,1.0,1,PSCA,1,PSCA,7,2015-12-17 12:39:20,2021-06-04 15:05:17,2,0
365880308489998,49612675010497,2010,15,1,1,2167.0,3.0,1,PSCA,1,PSCA,30,2015-12-17 12:39:20,2021-06-04 15:05:17,2,0
365880309489998,49612675010497,2010,15,1,1,2167.0,1.0,1,TIHE2,1,TIHE2,1,2015-12-17 12:39:20,2021-06-04 15:05:17,2,0
365880310489998,49612675010497,2010,15,1,1,2167.0,2.0,1,TIHE2,1,TIHE2,1,2015-12-17 12:39:20,2021-06-04 15:05:17,2,0
365880311489998,49612675010497,2010,15,1,1,2167.0,3.0,1,TIHE2,1,TIHE2,1,2015-12-17 12:39:20,2021-06-04 15:05:17,2,0
365880312489998,49612675010497,2010,15,1,1,2167.0,4.0,1,TIHE2,1,TIHE2,1,2015-12-17 12:39:20,2021-06-04 15:05:17,2,0
365880580489998,49612685010497,2010,15,1,1,2208.0,1.0,1,MECA9,1,MECA9,2,2015-12-17 12:39:21,2021-06-04 15:05:17,2,0
365880581489998,49612685010497,2010,15,1,1,2208.0,3.0,1,MECA9,1,MECA9,1,2015-12-17 12:39:21,2021-06-04 15:05:17,2,0
365880582489998,49612685010497,2010,15,1,1,2208.0,4.0,1,MECA9,1,MECA9,1,2015-12-17 12:39:21,2021-06-04 15:05:17,2,0
365880583489998,49612685010497,2010,15,1,1,2208.0,1.0,1,SEPA6,1,SEPA6,2,2015-12-17 12:39:21,2021-06-04 15:05:17,2,0
365880584489998,49612685010497,2010,15,1,1,2208.0,2.0,1,SEPA6,1,SEPA6,1,2015-12-17 12:39:21,2021-06-04 15:05:17,2,0
365880585489998,49612685010497,2010,15,1,1,2208.0,3.0,1,SEPA6,1,SEPA6,5,2015-12-17 12:39:21,2021-06-04 15:05:17,2,0
365880586489998,49612685010497,2010,15,1,1,2208.0,4.0,1,SEPA6,1,SEPA6,1,2015-12-17 12:39:21,2021-06-04 15:05:17,2,0
365880713489998,49612691010497,2010,15,1,1,2230.0,1.0,1,HEGA,1,HEGA,85,2015-12-17 12:39:21,2021-06-04 15:05:17,2,0
365880714489998,49612691010497,2010,15,1,1,2230.0,2.0,1,HEGA,1,HEGA,90,2015-12-17 12:39:21,2021-06-04 15:05:17,2,0
365880715489998,49612691010497,2010,15,1,1,2230.0,3.0,1,HEGA,1,HEGA,85,2015-12-17 12:39:21,2021-06-04 15:05:17,2,0
365880716489998,49612691010497,2010,15,1,1,2230.0,4.0,1,HEGA,1,HEGA,93,2015-12-17 12:39:21,2021-06-04 15:05:17,2,0
365880717489998,49612691010497,2010,15,1,1,2230.0,1.0,1,MECA9,1,MECA9,1,2015-12-17 12:39:21,2021-06-04 15:05:17,2,0
365880718489998,49612691010497,2010,15,1,1,2230.0,3.0,1,MECA9,1,MECA9,1,2015-12-17 12:39:21,2021-06-04 15:05:17,2,0
365880719489998,49612691010497,2010,15,1,1,2230.0,4.0,1,MECA9,1,MECA9,1,2015-12-17 12:39:21,2021-06-04 15:05:17,2,0
365880720489998,49612691010497,2010,15,1,1,2230.0,1.0,1,PSCA,1,PSCA,7,2015-12-17 12:39:21,2021-06-04 15:05:17,2,0
365880721489998,49612691010497,2010,15,1,1,2230.0,2.0,1,PSCA,1,PSCA,15,2015-12-17 12:39:21,2021-06-04 15:05:17,2,0
365880722489998,49612691010497,2010,15,1,1,2230.0,3.0,1,PSCA,1,PSCA,10,2015-12-17 12:39:21,2021-06-04 15:05:17,2,0
365880723489998,49612691010497,2010,15,1,1,2230.0,4.0,1,PSCA,1,PSCA,4,2015-12-17 12:39:21,2021-06-04 15:05:17,2,0
365880724489998,49612691010497,2010,15,1,1,2230.0,3.0,1,SEPA6,1,SEPA6,1,2015-12-17 12:39:21,2021-06-04 15:05:17,2,0
365881047489998,49612697010497,2010,15,1,1,2248.0,4.0,2,PSCA,1,PSCA,1,2015-12-17 12:39:22,2021-06-04 15:05:17,2,0
365881048489998,49612697010497,2010,15,1,1,2248.0,4.0,2,RUAR2,1,RUAR2,1,2015-12-17 12:39:22,2021-06-04 15:05:17,2,0
365881049489998,49612697010497,2010,15,1,1,2248.0,4.0,2,SEMA15,1,SEMA15,1,2015-12-17 12:39:22,2021-06-04 15:05:17,2,0
365881083489998,49612700010497,2010,15,1,1,2256.0,1.0,1,MOFA,1,MOFA,1,2015-12-17 12:39:22,2021-06-04 15:05:17,2,0
365881084489998,49612700010497,2010,15,1,1,2256.0,1.0,1,PSCA,1,PSCA,18,2015-12-17 12:39:22,2021-06-04 15:05:17,2,0
365881085489998,49612700010497,2010,15,1,1,2256.0,2.0,1,PSCA,1,PSCA,30,2015-12-17 12:39:22,2021-06-04 15:05:17,2,0
365881086489998,49612700010497,2010,15,1,1,2256.0,3.0,1,PSCA,1,PSCA,27,2015-12-17 12:39:22,2021-06-04 15:05:17,2,0
365881087489998,49612700010497,2010,15,1,1,2256.0,4.0,1,PSCA,1,PSCA,2,2015-12-17 12:39:22,2021-06-04 15:05:17,2,0
365881088489998,49612700010497,2010,15,1,1,2256.0,3.0,1,PSGU,1,PSGU,15,2015-12-17 12:39:22,2021-06-04 15:05:17,2,0
365881089489998,49612700010497,2010,15,1,1,2256.0,2.0,1,RUNI4,1,RUNI4,2,2015-12-17 12:39:22,2021-06-04 15:05:17,2,0
365881090489998,49612700010497,2010,15,1,1,2256.0,3.0,1,RUNI4,1,RUNI4,13,2015-12-17 12:39:22,2021-06-04 15:05:17,2,0
365881219489998,49612705010497,2010,15,1,1,2271.0,2.0,1,CLHI3,1,CLHI3,1,2015-12-17 12:39:22,2021-06-04 15:05:17,2,0
365881220489998,49612705010497,2010,15,1,1,2271.0,3.0,1,CLHI3,1,CLHI3,1,2015-12-17 12:39:22,2021-06-04 15:05:17,2,0
365881221489998,49612705010497,2010,15,1,1,2271.0,4.0,1,CLHI3,1,CLHI3,1,2015-12-17 12:39:22,2021-06-04 15:05:17,2,0
365881222489998,49612705010497,2010,15,1,1,2271.0,2.0,1,PSCA,1,PSCA,1,2015-12-17 12:39:22,2021-06-04 15:05:17,2,0
365881223489998,49612705010497,2010,15,1,1,2271.0,4.0,1,PSCA,1,PSCA,1,2015-12-17 12:39:22,2021-06-04 15:05:17,2,0
365881224489998,49612705010497,2010,15,1,1,2271.0,1.0,1,PSGU,1,PSGU,1,2015-12-17 12:39:22,2021-06-04 15:05:17,2,0
365881225489998,49612705010497,2010,15,1,1,2271.0,2.0,1,PSGU,1,PSGU,1,2015-12-17 12:39:22,2021-06-04 15:05:17,2,0
365881226489998,49612705010497,2010,15,1,1,2271.0,4.0,1,PSGU,1,PSGU,1,2015-12-17 12:39:22,2021-06-04 15:05:17,2,0
365881227489998,49612705010497,2010,15,1,1,2271.0,2.0,1,SPCA2,1,SPCA2,1,2015-12-17 12:39:22,2021-06-04 15:05:17,2,0
365881344489998,49612727010497,2010,15,1,1,2317.0,2.0,1,CLHI3,1,CLHI3,1,2015-12-17 12:39:23,2021-06-04 15:05:17,2,0
365881345489998,49612727010497,2010,15,1,1,2317.0,1.0,1,PSCA,1,PSCA,1,2015-12-17 12:39:23,2021-06-04 15:05:17,2,0
365881346489998,49612727010497,2010,15,1,1,2317.0,2.0,1,PSCA,1,PSCA,2,2015-12-17 12:39:23,2021-06-04 15:05:17,2,0
365881474489998,49612730010497,2010,15,1,1,2323.0,1.0,1,CLHI3,1,CLHI3,6,2015-12-17 12:39:23,2021-06-04 15:05:17,2,0
365881475489998,49612730010497,2010,15,1,1,2323.0,2.0,1,CLHI3,1,CLHI3,6,2015-12-17 12:39:23,2021-06-04 15:05:17,2,0
365881476489998,49612730010497,2010,15,1,1,2323.0,3.0,1,CLHI3,1,CLHI3,25,2015-12-17 12:39:23,2021-06-04 15:05:17,2,0
365881477489998,49612730010497,2010,15,1,1,2323.0,4.0,1,CLHI3,1,CLHI3,4,2015-12-17 12:39:23,2021-06-04 15:05:17,2,0
365881478489998,49612730010497,2010,15,1,1,2323.0,2.0,1,MECA9,1,MECA9,8,2015-12-17 12:39:23,2021-06-04 15:05:17,2,0
365881479489998,49612730010497,2010,15,1,1,2323.0,3.0,1,MECA9,1,MECA9,11,2015-12-17 12:39:23,2021-06-04 15:05:17,2,0
365881480489998,49612730010497,2010,15,1,1,2323.0,4.0,1,MECA9,1,MECA9,10,2015-12-17 12:39:23,2021-06-04 15:05:17,2,0
365881481489998,49612730010497,2010,15,1,1,2323.0,1.0,1,PSCA,1,PSCA,8,2015-12-17 12:39:23,2021-06-04 15:05:17,2,0
365881482489998,49612730010497,2010,15,1,1,2323.0,2.0,1,PSCA,1,PSCA,4,2015-12-17 12:39:23,2021-06-04 15:05:17,2,0
365881483489998,49612730010497,2010,15,1,1,2323.0,3.0,1,PSCA,1,PSCA,30,2015-12-17 12:39:23,2021-06-04 15:05:17,2,0
365881484489998,49612730010497,2010,15,1,1,2323.0,4.0,1,PSCA,1,PSCA,18,2015-12-17 12:39:23,2021-06-04 15:05:17,2,0
365881485489998,49612730010497,2010,15,1,1,2323.0,4.0,1,TIHE2,1,TIHE2,1,2015-12-17 12:39:23,2021-06-04 15:05:17,2,0
365881618489998,49612736010497,2010,15,1,1,2335.0,1.0,1,RUAR2,1,RUAR2,5,2015-12-17 12:39:23,2021-06-04 15:05:17,2,0
365881619489998,49612736010497,2010,15,1,1,2335.0,2.0,1,RUAR2,1,RUAR2,2,2015-12-17 12:39:23,2021-06-04 15:05:17,2,0
365881620489998,49612736010497,2010,15,1,1,2335.0,3.0,1,RUAR2,1,RUAR2,2,2015-12-17 12:39:23,2021-06-04 15:05:17,2,0
365881621489998,49612736010497,2010,15,1,1,2335.0,4.0,1,RUAR2,1,RUAR2,1,2015-12-17 12:39:23,2021-06-04 15:05:17,2,0
365881758489998,49612743010497,2010,15,1,1,2354.0,1.0,1,SEMA15,1,SEMA15,80,2015-12-17 12:39:24,2021-06-04 15:05:17,2,0
365881759489998,49612743010497,2010,15,1,1,2354.0,2.0,1,SEMA15,1,SEMA15,75,2015-12-17 12:39:24,2021-06-04 15:05:17,2,0
365881760489998,49612743010497,2010,15,1,1,2354.0,3.0,1,SEMA15,1,SEMA15,60,2015-12-17 12:39:24,2021-06-04 15:05:17,2,0
365881761489998,49612743010497,2010,15,1,1,2354.0,4.0,1,SEMA15,1,SEMA15,32,2015-12-17 12:39:24,2021-06-04 15:05:17,2,0
365881887489998,49612744010497,2010,15,1,1,2358.0,2.0,2,CLHI3,1,CLHI3,2,2015-12-17 12:39:24,2021-06-04 15:05:17,2,0
365881888489998,49612744010497,2010,15,1,1,2358.0,2.0,2,MICA20,1,MICA20,2,2015-12-17 12:39:24,2021-06-04 15:05:17,2,0
365881889489998,49612744010497,2010,15,1,1,2358.0,2.0,2,PSGU,1,PSGU,18,2015-12-17 12:39:24,2021-06-04 15:05:17,2,0
365881890489998,49612744010497,2010,15,1,1,2358.0,2.0,2,SPCA2,1,SPCA2,1,2015-12-17 12:39:24,2021-06-04 15:05:17,2,0
365881922489998,49612746010497,2010,15,1,1,2360.0,1.0,1,SEMA15,1,SEMA15,2,2015-12-17 12:39:24,2021-06-04 15:05:17,2,0
365881923489998,49612746010497,2010,15,1,1,2360.0,2.0,1,SEMA15,1,SEMA15,2,2015-12-17 12:39:24,2021-06-04 15:05:17,2,0
365881924489998,49612746010497,2010,15,1,1,2360.0,3.0,1,SEMA15,1,SEMA15,1,2015-12-17 12:39:24,2021-06-04 15:05:17,2,0
365881925489998,49612746010497,2010,15,1,1,2360.0,4.0,1,SEMA15,1,SEMA15,2,2015-12-17 12:39:24,2021-06-04 15:05:17,2,0
365882180489998,49612751010497,2010,15,1,1,2376.0,4.0,1,TIHE2,1,TIHE2,1,2015-12-17 12:39:24,2021-06-04 15:05:17,2,0
365882307489998,49612754010497,2010,15,1,1,2382.0,1.0,1,CLHI3,1,CLHI3,2,2015-12-17 12:39:25,2021-06-04 15:05:17,2,0
365882308489998,49612754010497,2010,15,1,1,2382.0,2.0,1,CLHI3,1,CLHI3,1,2015-12-17 12:39:25,2021-06-04 15:05:17,2,0
365882309489998,49612754010497,2010,15,1,1,2382.0,3.0,1,CLHI3,1,CLHI3,4,2015-12-17 12:39:25,2021-06-04 15:05:17,2,0
365882310489998,49612754010497,2010,15,1,1,2382.0,4.0,1,CLHI3,1,CLHI3,4,2015-12-17 12:39:25,2021-06-04 15:05:17,2,0
365882311489998,49612754010497,2010,15,1,1,2382.0,3.0,1,HEGA,1,HEGA,10,2015-12-17 12:39:25,2021-06-04 15:05:17,2,0
365882312489998,49612754010497,2010,15,1,1,2382.0,1.0,1,MECA9,1,MECA9,7,2015-12-17 12:39:25,2021-06-04 15:05:17,2,0
365882313489998,49612754010497,2010,15,1,1,2382.0,2.0,1,MECA9,1,MECA9,35,2015-12-17 12:39:25,2021-06-04 15:05:17,2,0
365882314489998,49612754010497,2010,15,1,1,2382.0,4.0,1,MECA9,1,MECA9,4,2015-12-17 12:39:25,2021-06-04 15:05:17,2,0
365882315489998,49612754010497,2010,15,1,1,2382.0,1.0,1,PSCA,1,PSCA,65,2015-12-17 12:39:25,2021-06-04 15:05:17,2,0
365882316489998,49612754010497,2010,15,1,1,2382.0,2.0,1,PSCA,1,PSCA,70,2015-12-17 12:39:25,2021-06-04 15:05:17,2,0
365882317489998,49612754010497,2010,15,1,1,2382.0,3.0,1,PSCA,1,PSCA,85,2015-12-17 12:39:25,2021-06-04 15:05:17,2,0
365882318489998,49612754010497,2010,15,1,1,2382.0,4.0,1,PSCA,1,PSCA,90,2015-12-17 12:39:25,2021-06-04 15:05:17,2,0
365882319489998,49612754010497,2010,15,1,1,2382.0,1.0,1,TIHE2,1,TIHE2,1,2015-12-17 12:39:25,2021-06-04 15:05:17,2,0
365882320489998,49612754010497,2010,15,1,1,2382.0,3.0,1,TIHE2,1,TIHE2,1,2015-12-17 12:39:25,2021-06-04 15:05:17,2,0
365882569489998,49612762010497,2010,15,1,1,2400.0,1.0,1,PSCA,1,PSCA,1,2015-12-17 12:39:25,2021-06-04 15:05:17,2,0
365882570489998,49612762010497,2010,15,1,1,2400.0,2.0,1,PSCA,1,PSCA,16,2015-12-17 12:39:25,2021-06-04 15:05:17,2,0
365882571489998,49612762010497,2010,15,1,1,2400.0,3.0,1,PSCA,1,PSCA,4,2015-12-17 12:39:25,2021-06-04 15:05:17,2,0
365882572489998,49612762010497,2010,15,1,1,2400.0,4.0,1,PSCA,1,PSCA,2,2015-12-17 12:39:25,2021-06-04 15:05:17,2,0
365882573489998,49612762010497,2010,15,1,1,2400.0,1.0,1,SEPA6,1,SEPA6,16,2015-12-17 12:39:25,2021-06-04 15:05:17,2,0
365882574489998,49612762010497,2010,15,1,1,2400.0,2.0,1,SEPA6,1,SEPA6,6,2015-12-17 12:39:25,2021-06-04 15:05:17,2,0
365882575489998,49612762010497,2010,15,1,1,2400.0,3.0,1,SEPA6,1,SEPA6,3,2015-12-17 12:39:25,2021-06-04 15:05:17,2,0
365882576489998,49612762010497,2010,15,1,1,2400.0,4.0,1,SEPA6,1,SEPA6,6,2015-12-17 12:39:25,2021-06-04 15:05:17,2,0
365882577489998,49612762010497,2010,15,1,1,2400.0,2.0,1,TIHE2,1,TIHE2,1,2015-12-17 12:39:25,2021-06-04 15:05:17,2,0
365882713489998,49612765010497,2010,15,1,1,2403.0,1.0,1,PESE3,1,PESE3,1,2015-12-17 12:39:26,2021-06-04 15:05:17,2,0
365882714489998,49612765010497,2010,15,1,1,2403.0,2.0,1,PESE3,1,PESE3,42,2015-12-17 12:39:26,2021-06-04 15:05:17,2,0
365882715489998,49612765010497,2010,15,1,1,2403.0,3.0,1,PESE3,1,PESE3,1,2015-12-17 12:39:26,2021-06-04 15:05:17,2,0
365882716489998,49612765010497,2010,15,1,1,2403.0,4.0,1,PESE3,1,PESE3,2,2015-12-17 12:39:26,2021-06-04 15:05:17,2,0
365882833489998,49612766010497,2010,15,1,1,2406.0,2.0,1,CLHI3,1,CLHI3,18,2015-12-17 12:39:26,2021-06-04 15:05:17,2,0
365882834489998,49612766010497,2010,15,1,1,2406.0,3.0,1,CLHI3,1,CLHI3,30,2015-12-17 12:39:26,2021-06-04 15:05:17,2,0
365882835489998,49612766010497,2010,15,1,1,2406.0,4.0,1,CLHI3,1,CLHI3,12,2015-12-17 12:39:26,2021-06-04 15:05:17,2,0
365882836489998,49612766010497,2010,15,1,1,2406.0,1.0,1,PSCA,1,PSCA,20,2015-12-17 12:39:26,2021-06-04 15:05:17,2,0
365882837489998,49612766010497,2010,15,1,1,2406.0,2.0,1,PSCA,1,PSCA,40,2015-12-17 12:39:26,2021-06-04 15:05:17,2,0
365882838489998,49612766010497,2010,15,1,1,2406.0,3.0,1,PSCA,1,PSCA,35,2015-12-17 12:39:26,2021-06-04 15:05:17,2,0
365882839489998,49612766010497,2010,15,1,1,2406.0,4.0,1,PSCA,1,PSCA,20,2015-12-17 12:39:26,2021-06-04 15:05:17,2,0
365882840489998,49612766010497,2010,15,1,1,2406.0,1.0,1,SEPA6,1,SEPA6,35,2015-12-17 12:39:26,2021-06-04 15:05:17,2,0
365882841489998,49612766010497,2010,15,1,1,2406.0,2.0,1,SEPA6,1,SEPA6,25,2015-12-17 12:39:26,2021-06-04 15:05:17,2,0
365882842489998,49612766010497,2010,15,1,1,2406.0,3.0,1,SEPA6,1,SEPA6,25,2015-12-17 12:39:26,2021-06-04 15:05:17,2,0
365882843489998,49612766010497,2010,15,1,1,2406.0,4.0,1,SEPA6,1,SEPA6,40,2015-12-17 12:39:26,2021-06-04 15:05:17,2,0
365882844489998,49612766010497,2010,15,1,1,2406.0,1.0,1,TIHE2,1,TIHE2,30,2015-12-17 12:39:26,2021-06-04 15:05:17,2,0
365882832489998,49612766010497,2010,15,1,1,2406.0,1.0,1,CLHI3,1,CLHI3,8,2015-12-17 12:39:26,2021-06-04 15:05:17,2,0
365882845489998,49612766010497,2010,15,1,1,2406.0,2.0,1,TIHE2,1,TIHE2,1,2015-12-17 12:39:26,2021-06-04 15:05:17,2,0
365882846489998,49612766010497,2010,15,1,1,2406.0,3.0,1,TIHE2,1,TIHE2,1,2015-12-17 12:39:26,2021-06-04 15:05:17,2,0
365882847489998,49612766010497,2010,15,1,1,2406.0,4.0,1,TIHE2,1,TIHE2,5,2015-12-17 12:39:26,2021-06-04 15:05:17,2,0
365921719489998,49612775010497,2010,15,1,1,2424.0,2.0,2,CLHI3,1,CLHI3,4,2015-12-17 18:00:47,2021-06-04 15:05:17,2,0
365921720489998,49612775010497,2010,15,1,1,2424.0,2.0,2,MECA9,1,MECA9,70,2015-12-17 18:00:47,2021-06-04 15:05:17,2,0
365921721489998,49612775010497,2010,15,1,1,2424.0,3.0,2,MECA9,1,MECA9,48,2015-12-17 18:00:47,2021-06-04 15:05:17,2,0
365921722489998,49612775010497,2010,15,1,1,2424.0,4.0,3,MECA9,1,MECA9,6,2015-12-17 18:00:47,2021-06-04 15:05:17,2,0
365921723489998,49612775010497,2010,15,1,1,2424.0,2.0,2,PSCA,1,PSCA,30,2015-12-17 18:00:47,2021-06-04 15:05:17,2,0
365921724489998,49612775010497,2010,15,1,1,2424.0,3.0,2,PSCA,1,PSCA,18,2015-12-17 18:00:47,2021-06-04 15:05:17,2,0
1219110593290487,497552876126144,2019,15,1,1,4121.0,2.0,1,SEMA15,1,SEMA15,1,2022-06-14 20:31:14,,3,0
1219110594290487,497552876126144,2019,15,1,1,4121.0,3.0,1,SEMA15,1,SEMA15,1,2022-06-14 20:31:14,,3,0
1219110720290487,497552877126144,2019,15,1,1,5565.0,1.0,1,CLHI3,1,CLHI3,78,2022-06-14 20:31:15,,3,0
1219110721290487,497552877126144,2019,15,1,1,5565.0,2.0,1,CLHI3,1,CLHI3,50,2022-06-14 20:31:15,,3,0
1219110722290487,497552877126144,2019,15,1,1,5565.0,3.0,1,CLHI3,1,CLHI3,26,2022-06-14 20:31:15,,3,0
1219110723290487,497552877126144,2019,15,1,1,5565.0,4.0,1,CLHI3,1,CLHI3,4,2022-06-14 20:31:15,,3,0
1219110724290487,497552877126144,2019,15,1,1,5565.0,1.0,1,MICA20,1,MICA20,3,2022-06-14 20:31:15,,3,0
1219110725290487,497552877126144,2019,15,1,1,5565.0,2.0,1,MICA20,1,MICA20,41,2022-06-14 20:31:15,,3,0
1219110726290487,497552877126144,2019,15,1,1,5565.0,4.0,1,MICA20,1,MICA20,9,2022-06-14 20:31:15,,3,0
1219110727290487,497552877126144,2019,15,1,1,5565.0,1.0,1,PSCA,1,PSCA,18,2022-06-14 20:31:15,,3,0
1219110728290487,497552877126144,2019,15,1,1,5565.0,3.0,1,PSCA,1,PSCA,27,2022-06-14 20:31:15,,3,0
1219110729290487,497552877126144,2019,15,1,1,5565.0,4.0,1,PSCA,1,PSCA,6,2022-06-14 20:31:15,,3,0
1219110730290487,497552877126144,2019,15,1,1,5565.0,1.0,1,PSGU,1,PSGU,6,2022-06-14 20:31:15,,3,0
1219110731290487,497552877126144,2019,15,1,1,5565.0,2.0,1,PSGU,1,PSGU,4,2022-06-14 20:31:15,,3,0
1219110732290487,497552877126144,2019,15,1,1,5565.0,3.0,1,PSGU,1,PSGU,6,2022-06-14 20:31:15,,3,0
1219110733290487,497552877126144,2019,15,1,1,5565.0,4.0,1,PSGU,1,PSGU,3,2022-06-14 20:31:15,,3,0
1219110734290487,497552877126144,2019,15,1,1,5565.0,2.0,1,TIHE2,1,TIHE2,10,2022-06-14 20:31:15,,3,0
1219110735290487,497552877126144,2019,15,1,1,5565.0,4.0,1,TIHE2,1,TIHE2,46,2022-06-14 20:31:15,,3,0
1219110894290487,497552880126144,2019,15,1,1,4814.0,2.0,1,SEMA15,1,SEMA15,1,2022-06-14 20:31:15,,3,0
1219110895290487,497552880126144,2019,15,1,1,4814.0,3.0,1,SEMA15,1,SEMA15,1,2022-06-14 20:31:15,,3,0
1219110896290487,497552880126144,2019,15,1,1,4814.0,4.0,1,SEMA15,1,SEMA15,1,2022-06-14 20:31:15,,3,0
1219111033290487,497552881126144,2019,15,1,1,4127.0,2.0,1,LACA2,1,LACA2,1,2022-06-14 20:31:15,,3,0
1219111034290487,497552881126144,2019,15,1,1,4127.0,3.0,1,LACA2,1,LACA2,1,2022-06-14 20:31:15,,3,0
1219111133290487,497552883126144,2019,15,1,1,4722.0,2.0,2,HEGA,1,HEGA,2,2022-06-14 20:31:15,,3,0
1219111134290487,497552883126144,2019,15,1,1,4722.0,2.0,2,PSCA,1,PSCA,9,2022-06-14 20:31:15,,3,0
1219111135290487,497552883126144,2019,15,1,1,4722.0,2.0,2,SCTE,1,SCTE,49,2022-06-14 20:31:15,,3,0
1219111136290487,497552883126144,2019,15,1,1,4722.0,2.0,2,SPCA2,1,SPCA2,1,2022-06-14 20:31:15,,3,0
1219111174290487,497552884126144,2019,15,1,1,4102.0,1.0,1,PSCA,1,PSCA,85,2022-06-14 20:31:15,,3,0
1219111175290487,497552884126144,2019,15,1,1,4102.0,2.0,1,PSCA,1,PSCA,99,2022-06-14 20:31:15,,3,0
1219111176290487,497552884126144,2019,15,1,1,4102.0,3.0,1,PSCA,1,PSCA,95,2022-06-14 20:31:15,,3,0
1219111177290487,497552884126144,2019,15,1,1,4102.0,4.0,1,PSCA,1,PSCA,70,2022-06-14 20:31:15,,3,0
1219111178290487,497552884126144,2019,15,1,1,4102.0,1.0,1,SEPA6,1,SEPA6,3,2022-06-14 20:31:15,,3,0
1219111179290487,497552884126144,2019,15,1,1,4102.0,2.0,1,SEPA6,1,SEPA6,8,2022-06-14 20:31:15,,3,0
1219111180290487,497552884126144,2019,15,1,1,4102.0,3.0,1,SEPA6,1,SEPA6,2,2022-06-14 20:31:15,,3,0
1219111181290487,497552884126144,2019,15,1,1,4102.0,4.0,1,SEPA6,1,SEPA6,6,2022-06-14 20:31:15,,3,0
1219111331290487,497552889126144,2019,15,1,1,5825.0,1.0,1,CLHI3,1,CLHI3,1,2022-06-14 20:31:16,,3,0
1219111332290487,497552889126144,2019,15,1,1,5825.0,2.0,1,CLHI3,1,CLHI3,1,2022-06-14 20:31:16,,3,0
1219111333290487,497552889126144,2019,15,1,1,5825.0,3.0,1,CLHI3,1,CLHI3,1,2022-06-14 20:31:16,,3,0
1219111334290487,497552889126144,2019,15,1,1,5825.0,1.0,1,FIMI2,1,FIMI2,55,2022-06-14 20:31:16,,3,0
1219111335290487,497552889126144,2019,15,1,1,5825.0,2.0,1,HEGA,1,HEGA,5,2022-06-14 20:31:16,,3,0
1219111336290487,497552889126144,2019,15,1,1,5825.0,1.0,1,MECA9,1,MECA9,78,2022-06-14 20:31:16,,3,0
1219111337290487,497552889126144,2019,15,1,1,5825.0,2.0,1,MECA9,1,MECA9,88,2022-06-14 20:31:16,,3,0
1219111338290487,497552889126144,2019,15,1,1,5825.0,3.0,1,MECA9,1,MECA9,95,2022-06-14 20:31:16,,3,0
1219111339290487,497552889126144,2019,15,1,1,5825.0,4.0,1,MECA9,1,MECA9,45,2022-06-14 20:31:16,,3,0
1219111340290487,497552889126144,2019,15,1,1,5825.0,1.0,1,MICA20,1,MICA20,5,2022-06-14 20:31:16,,3,0
1219111341290487,497552889126144,2019,15,1,1,5825.0,2.0,1,MICA20,1,MICA20,2,2022-06-14 20:31:16,,3,0
1219111342290487,497552889126144,2019,15,1,1,5825.0,4.0,1,MICA20,1,MICA20,1,2022-06-14 20:31:16,,3,0
1219111343290487,497552889126144,2019,15,1,1,5825.0,1.0,1,PSCA,1,PSCA,61,2022-06-14 20:31:16,,3,0
1219111344290487,497552889126144,2019,15,1,1,5825.0,2.0,1,PSCA,1,PSCA,1,2022-06-14 20:31:16,,3,0
1219111345290487,497552889126144,2019,15,1,1,5825.0,3.0,1,PSCA,1,PSCA,1,2022-06-14 20:31:16,,3,0
1219111346290487,497552889126144,2019,15,1,1,5825.0,4.0,1,PSCA,1,PSCA,57,2022-06-14 20:31:16,,3,0
1219111485290487,497552890126144,2019,15,1,1,4185.0,1.0,1,PSCA,1,PSCA,98,2022-06-14 20:31:16,,3,0
1219111486290487,497552890126144,2019,15,1,1,4185.0,2.0,1,PSCA,1,PSCA,98,2022-06-14 20:31:16,,3,0
1219111487290487,497552890126144,2019,15,1,1,4185.0,3.0,1,PSCA,1,PSCA,85,2022-06-14 20:31:16,,3,0
1219111488290487,497552890126144,2019,15,1,1,4185.0,4.0,1,PSCA,1,PSCA,98,2022-06-14 20:31:16,,3,0
1219111489290487,497552890126144,2019,15,1,1,4185.0,1.0,1,TIHE2,1,TIHE2,1,2022-06-14 20:31:16,,3,0
1219111490290487,497552890126144,2019,15,1,1,4185.0,2.0,1,TIHE2,1,TIHE2,1,2022-06-14 20:31:16,,3,0
1219111491290487,497552890126144,2019,15,1,1,4185.0,3.0,1,TIHE2,1,TIHE2,1,2022-06-14 20:31:16,,3,0
1219111492290487,497552890126144,2019,15,1,1,4185.0,4.0,1,TIHE2,1,TIHE2,1,2022-06-14 20:31:16,,3,0
1219111633290487,497552893126144,2019,15,1,1,5124.0,3.0,1,CENO,1,CENO,3,2022-06-14 20:31:16,,3,0
1219111634290487,497552893126144,2019,15,1,1,5124.0,1.0,1,CLHI3,1,CLHI3,2,2022-06-14 20:31:16,,3,0
1219111635290487,497552893126144,2019,15,1,1,5124.0,2.0,1,CLHI3,1,CLHI3,26,2022-06-14 20:31:16,,3,0
1219111636290487,497552893126144,2019,15,1,1,5124.0,3.0,1,CLHI3,1,CLHI3,8,2022-06-14 20:31:16,,3,0
1219111637290487,497552893126144,2019,15,1,1,5124.0,2.0,1,HEGA,1,HEGA,2,2022-06-14 20:31:16,,3,0
1219111638290487,497552893126144,2019,15,1,1,5124.0,1.0,1,PSCA,1,PSCA,17,2022-06-14 20:31:16,,3,0
1219111639290487,497552893126144,2019,15,1,1,5124.0,2.0,1,PSCA,1,PSCA,67,2022-06-14 20:31:16,,3,0
1219111640290487,497552893126144,2019,15,1,1,5124.0,3.0,1,PSCA,1,PSCA,23,2022-06-14 20:31:16,,3,0
1219111641290487,497552893126144,2019,15,1,1,5124.0,1.0,1,RUELO,1,RUELO,7,2022-06-14 20:31:16,,3,0
1219111642290487,497552893126144,2019,15,1,1,5124.0,2.0,1,RUELO,1,RUELO,21,2022-06-14 20:31:16,,3,0
1219111643290487,497552893126144,2019,15,1,1,5124.0,3.0,1,RUELO,1,RUELO,4,2022-06-14 20:31:16,,3,0
1219111644290487,497552893126144,2019,15,1,1,5124.0,1.0,1,TIHE2,1,TIHE2,3,2022-06-14 20:31:16,,3,0
1219110209290487,497552847126144,2019,15,1,3,1523.0,3.0,1,LELE10,1,LELE10,8,2022-06-14 20:31:13,,3,0
1219111645290487,497552893126144,2019,15,1,1,5124.0,2.0,1,TIHE2,1,TIHE2,3,2022-06-14 20:31:16,,3,0
1219111646290487,497552893126144,2019,15,1,1,5124.0,3.0,1,TIHE2,1,TIHE2,3,2022-06-14 20:31:16,,3,0
1219111755290487,497552894126144,2019,15,1,1,4640.0,4.0,1,RUAR2,1,RUAR2,2,2022-06-14 20:31:16,,3,0
1219111991290487,497552897126144,2019,15,1,1,2573.0,1.0,1,SEMA15,1,SEMA15,1,2022-06-14 20:31:17,,3,0
1219111992290487,497552897126144,2019,15,1,1,2573.0,2.0,1,SEMA15,1,SEMA15,1,2022-06-14 20:31:17,,3,0
365883247489998,49612776010497,2010,15,1,1,2425.0,1.0,1,PSCA,1,PSCA,14,2015-12-17 12:39:27,2021-06-04 15:05:17,2,0
365883248489998,49612776010497,2010,15,1,1,2425.0,2.0,1,PSCA,1,PSCA,4,2015-12-17 12:39:27,2021-06-04 15:05:17,2,0
365883249489998,49612776010497,2010,15,1,1,2425.0,1.0,1,SEPA6,1,SEPA6,1,2015-12-17 12:39:27,2021-06-04 15:05:17,2,0
365883250489998,49612776010497,2010,15,1,1,2425.0,2.0,1,SEPA6,1,SEPA6,3,2015-12-17 12:39:27,2021-06-04 15:05:17,2,0
365883251489998,49612776010497,2010,15,1,1,2425.0,3.0,1,SEPA6,1,SEPA6,4,2015-12-17 12:39:27,2021-06-04 15:05:17,2,0
365883252489998,49612776010497,2010,15,1,1,2425.0,4.0,1,SEPA6,1,SEPA6,4,2015-12-17 12:39:27,2021-06-04 15:05:17,2,0
365883380489998,49612779010497,2010,15,1,1,2431.0,1.0,1,CLHI3,1,CLHI3,65,2015-12-17 12:39:28,2021-06-04 15:05:17,2,0
365883381489998,49612779010497,2010,15,1,1,2431.0,2.0,1,CLHI3,1,CLHI3,6,2015-12-17 12:39:28,2021-06-04 15:05:17,2,0
365883382489998,49612779010497,2010,15,1,1,2431.0,3.0,1,CLHI3,1,CLHI3,11,2015-12-17 12:39:28,2021-06-04 15:05:17,2,0
365883383489998,49612779010497,2010,15,1,1,2431.0,4.0,1,CLHI3,1,CLHI3,18,2015-12-17 12:39:28,2021-06-04 15:05:17,2,0
365883384489998,49612779010497,2010,15,1,1,2431.0,3.0,1,MECA9,1,MECA9,3,2015-12-17 12:39:28,2021-06-04 15:05:17,2,0
365883385489998,49612779010497,2010,15,1,1,2431.0,4.0,1,MECA9,1,MECA9,2,2015-12-17 12:39:28,2021-06-04 15:05:17,2,0
365883386489998,49612779010497,2010,15,1,1,2431.0,2.0,1,PSCA,1,PSCA,1,2015-12-17 12:39:28,2021-06-04 15:05:17,2,0
365883387489998,49612779010497,2010,15,1,1,2431.0,3.0,1,PSCA,1,PSCA,2,2015-12-17 12:39:28,2021-06-04 15:05:17,2,0
365883388489998,49612779010497,2010,15,1,1,2431.0,4.0,1,PSCA,1,PSCA,5,2015-12-17 12:39:28,2021-06-04 15:05:17,2,0
365883389489998,49612779010497,2010,15,1,1,2431.0,1.0,1,SEPA6,1,SEPA6,68,2015-12-17 12:39:28,2021-06-04 15:05:17,2,0
365883390489998,49612779010497,2010,15,1,1,2431.0,2.0,1,SEPA6,1,SEPA6,9,2015-12-17 12:39:28,2021-06-04 15:05:17,2,0
365883391489998,49612779010497,2010,15,1,1,2431.0,3.0,1,SEPA6,1,SEPA6,35,2015-12-17 12:39:28,2021-06-04 15:05:17,2,0
365883392489998,49612779010497,2010,15,1,1,2431.0,4.0,1,SEPA6,1,SEPA6,22,2015-12-17 12:39:28,2021-06-04 15:05:17,2,0
365883518489998,49612786010497,2010,15,1,1,2443.0,2.0,1,CLHI3,1,CLHI3,1,2015-12-17 12:39:28,2021-06-04 15:05:17,2,0
365883519489998,49612786010497,2010,15,1,1,2443.0,2.0,1,HEGA,1,HEGA,1,2015-12-17 12:39:28,2021-06-04 15:05:17,2,0
365883520489998,49612786010497,2010,15,1,1,2443.0,1.0,1,MECA9,1,MECA9,36,2015-12-17 12:39:28,2021-06-04 15:05:17,2,0
1219115068290487,497552951126144,2019,15,1,1,2530.0,4.0,1,PSCA,1,PSCA,9,2022-06-14 20:31:22,,3,0
1219115069290487,497552951126144,2019,15,1,1,2530.0,1.0,1,PSGU,1,PSGU,2,2022-06-14 20:31:22,,3,0
1219115070290487,497552951126144,2019,15,1,1,2530.0,2.0,1,PSGU,1,PSGU,11,2022-06-14 20:31:22,,3,0
1219115071290487,497552951126144,2019,15,1,1,2530.0,3.0,1,PSGU,1,PSGU,3,2022-06-14 20:31:22,,3,0
1219114503290487,497552945126144,2019,15,1,1,2520.0,2.0,1,SPCA2,1,SPCA2,1,2022-06-14 20:31:22,,3,0
1219114504290487,497552945126144,2019,15,1,1,2520.0,4.0,1,SPCA2,1,SPCA2,1,2022-06-14 20:31:22,,3,0
1219114646290487,497552946126144,2019,15,1,1,2523.0,1.0,2,MECA9,1,MECA9,2,2022-06-14 20:31:22,,3,0
1219114647290487,497552946126144,2019,15,1,1,2523.0,4.0,2,MECA9,1,MECA9,45,2022-06-14 20:31:22,,3,0
1219114648290487,497552946126144,2019,15,1,1,2523.0,1.0,2,PSCA,1,PSCA,1,2022-06-14 20:31:22,,3,0
1219114649290487,497552946126144,2019,15,1,1,2523.0,4.0,2,PSCA,1,PSCA,30,2022-06-14 20:31:22,,3,0
1219114716290487,497552947126144,2019,15,1,1,2524.0,1.0,1,CLHI3,1,CLHI3,1,2022-06-14 20:31:22,,3,0
1219114717290487,497552947126144,2019,15,1,1,2524.0,1.0,1,PSCA,1,PSCA,3,2022-06-14 20:31:22,,3,0
1219114718290487,497552947126144,2019,15,1,1,2524.0,2.0,1,PSCA,1,PSCA,9,2022-06-14 20:31:22,,3,0
1219114719290487,497552947126144,2019,15,1,1,2524.0,3.0,1,PSCA,1,PSCA,4,2022-06-14 20:31:22,,3,0
1219114720290487,497552947126144,2019,15,1,1,2524.0,4.0,1,PSCA,1,PSCA,7,2022-06-14 20:31:22,,3,0
1219114721290487,497552947126144,2019,15,1,1,2524.0,3.0,1,RUELO,1,RUELO,1,2022-06-14 20:31:22,,3,0
1219114874290487,497552950126144,2019,15,1,1,2527.0,1.0,1,CLHI3,1,CLHI3,25,2022-06-14 20:31:22,,3,0
1219114875290487,497552950126144,2019,15,1,1,2527.0,2.0,1,CLHI3,1,CLHI3,15,2022-06-14 20:31:22,,3,0
1219114876290487,497552950126144,2019,15,1,1,2527.0,3.0,1,CLHI3,1,CLHI3,35,2022-06-14 20:31:22,,3,0
1219114877290487,497552950126144,2019,15,1,1,2527.0,4.0,1,CLHI3,1,CLHI3,35,2022-06-14 20:31:22,,3,0
1219114878290487,497552950126144,2019,15,1,1,2527.0,1.0,1,HEGA,1,HEGA,8,2022-06-14 20:31:22,,3,0
1219114879290487,497552950126144,2019,15,1,1,2527.0,2.0,1,HEGA,1,HEGA,6,2022-06-14 20:31:22,,3,0
1219114880290487,497552950126144,2019,15,1,1,2527.0,3.0,1,HEGA,1,HEGA,4,2022-06-14 20:31:22,,3,0
1219114881290487,497552950126144,2019,15,1,1,2527.0,4.0,1,HEGA,1,HEGA,15,2022-06-14 20:31:22,,3,0
1219114882290487,497552950126144,2019,15,1,1,2527.0,2.0,1,PATRM,1,PATRM,1,2022-06-14 20:31:22,,3,0
1219114883290487,497552950126144,2019,15,1,1,2527.0,1.0,1,PSCA,1,PSCA,1,2022-06-14 20:31:22,,3,0
1219114884290487,497552950126144,2019,15,1,1,2527.0,2.0,1,PSCA,1,PSCA,1,2022-06-14 20:31:22,,3,0
1219114885290487,497552950126144,2019,15,1,1,2527.0,4.0,1,PSCA,1,PSCA,1,2022-06-14 20:31:22,,3,0
1219114886290487,497552950126144,2019,15,1,1,2527.0,3.0,1,SCTE,1,SCTE,1,2022-06-14 20:31:22,,3,0
1219114887290487,497552950126144,2019,15,1,1,2527.0,2.0,1,SPCA2,1,SPCA2,1,2022-06-14 20:31:22,,3,0
1219114888290487,497552950126144,2019,15,1,1,2527.0,3.0,1,SPCA2,1,SPCA2,2,2022-06-14 20:31:22,,3,0
1219115049290487,497552951126144,2019,15,1,1,2530.0,1.0,1,CLHI3,1,CLHI3,3,2022-06-14 20:31:22,,3,0
1219115050290487,497552951126144,2019,15,1,1,2530.0,2.0,1,CLHI3,1,CLHI3,1,2022-06-14 20:31:22,,3,0
1219115051290487,497552951126144,2019,15,1,1,2530.0,3.0,1,CLHI3,1,CLHI3,1,2022-06-14 20:31:22,,3,0
1219115052290487,497552951126144,2019,15,1,1,2530.0,4.0,1,CLHI3,1,CLHI3,8,2022-06-14 20:31:22,,3,0
1219115053290487,497552951126144,2019,15,1,1,2530.0,1.0,1,FAMO,1,FAMO,93,2022-06-14 20:31:22,,3,0
1219115054290487,497552951126144,2019,15,1,1,2530.0,2.0,1,FAMO,1,FAMO,95,2022-06-14 20:31:22,,3,0
1219115055290487,497552951126144,2019,15,1,1,2530.0,3.0,1,FAMO,1,FAMO,91,2022-06-14 20:31:22,,3,0
1219115056290487,497552951126144,2019,15,1,1,2530.0,4.0,1,FAMO,1,FAMO,90,2022-06-14 20:31:22,,3,0
1219115057290487,497552951126144,2019,15,1,1,2530.0,1.0,1,LACA2,1,LACA2,3,2022-06-14 20:31:22,,3,0
1219115058290487,497552951126144,2019,15,1,1,2530.0,2.0,1,LACA2,1,LACA2,4,2022-06-14 20:31:22,,3,0
1219115059290487,497552951126144,2019,15,1,1,2530.0,3.0,1,LACA2,1,LACA2,2,2022-06-14 20:31:22,,3,0
1219115060290487,497552951126144,2019,15,1,1,2530.0,4.0,1,LACA2,1,LACA2,2,2022-06-14 20:31:22,,3,0
1219115061290487,497552951126144,2019,15,1,1,2530.0,1.0,1,MECA9,1,MECA9,20,2022-06-14 20:31:22,,3,0
1219115062290487,497552951126144,2019,15,1,1,2530.0,2.0,1,MECA9,1,MECA9,32,2022-06-14 20:31:22,,3,0
1219115063290487,497552951126144,2019,15,1,1,2530.0,3.0,1,MECA9,1,MECA9,28,2022-06-14 20:31:22,,3,0
1219115064290487,497552951126144,2019,15,1,1,2530.0,4.0,1,MECA9,1,MECA9,34,2022-06-14 20:31:22,,3,0
1219115072290487,497552951126144,2019,15,1,1,2530.0,4.0,1,PSGU,1,PSGU,2,2022-06-14 20:31:22,,3,0
1219115508290487,497552960126144,2019,15,1,1,2541.0,1.0,1,SEMA15,1,SEMA15,1,2022-06-14 20:31:23,,3,0
1219115509290487,497552960126144,2019,15,1,1,2541.0,2.0,1,SEMA15,1,SEMA15,1,2022-06-14 20:31:23,,3,0
1219115510290487,497552960126144,2019,15,1,1,2541.0,4.0,1,SEMA15,1,SEMA15,1,2022-06-14 20:31:23,,3,0
1219115647290487,497552962126144,2019,15,1,1,2544.0,1.0,1,CLHI3,1,CLHI3,35,2022-06-14 20:31:23,,3,0
1219115648290487,497552962126144,2019,15,1,1,2544.0,4.0,1,CLHI3,1,CLHI3,4,2022-06-14 20:31:23,,3,0
1219115649290487,497552962126144,2019,15,1,1,2544.0,1.0,1,FAMO,1,FAMO,1,2022-06-14 20:31:23,,3,0
1219115650290487,497552962126144,2019,15,1,1,2544.0,4.0,1,FAMO,1,FAMO,1,2022-06-14 20:31:23,,3,0
1219115651290487,497552962126144,2019,15,1,1,2544.0,4.0,1,MECA9,1,MECA9,5,2022-06-14 20:31:23,,3,0
1219115652290487,497552962126144,2019,15,1,1,2544.0,1.0,1,PSCA,1,PSCA,90,2022-06-14 20:31:23,,3,0
1219115653290487,497552962126144,2019,15,1,1,2544.0,4.0,1,PSCA,1,PSCA,4,2022-06-14 20:31:23,,3,0
1220079150290487,497552965126144,2019,15,1,1,2547.0,2.0,1,SEMA15,1,SEMA15,1,2022-06-16 11:35:54,,3,0
1220079151290487,497552965126144,2019,15,1,1,2547.0,3.0,1,SEMA15,1,SEMA15,1,2022-06-16 11:35:54,,3,0
1220079152290487,497552965126144,2019,15,1,1,2547.0,4.0,1,SEMA15,1,SEMA15,1,2022-06-16 11:35:54,,3,0
1219116043290487,497552967126144,2019,15,1,1,2550.0,1.0,1,CLHI3,1,CLHI3,2,2022-06-14 20:31:23,,3,0
1219116044290487,497552967126144,2019,15,1,1,2550.0,2.0,1,CLHI3,1,CLHI3,1,2022-06-14 20:31:23,,3,0
1219116045290487,497552967126144,2019,15,1,1,2550.0,4.0,1,CLHI3,1,CLHI3,1,2022-06-14 20:31:23,,3,0
1219116046290487,497552967126144,2019,15,1,1,2550.0,1.0,1,MECA9,1,MECA9,57,2022-06-14 20:31:23,,3,0
1219116047290487,497552967126144,2019,15,1,1,2550.0,2.0,1,MECA9,1,MECA9,50,2022-06-14 20:31:23,,3,0
1219116048290487,497552967126144,2019,15,1,1,2550.0,4.0,1,MECA9,1,MECA9,65,2022-06-14 20:31:23,,3,0
1219116049290487,497552967126144,2019,15,1,1,2550.0,1.0,1,PSCA,1,PSCA,3,2022-06-14 20:31:23,,3,0
1219116050290487,497552967126144,2019,15,1,1,2550.0,2.0,1,PSCA,1,PSCA,1,2022-06-14 20:31:23,,3,0
1219116051290487,497552967126144,2019,15,1,1,2550.0,4.0,1,PSCA,1,PSCA,7,2022-06-14 20:31:23,,3,0
1219116148290487,497552968126144,2019,15,1,1,2551.0,1.0,1,PSCA,1,PSCA,1,2022-06-14 20:31:23,,3,0
1219116149290487,497552968126144,2019,15,1,1,2551.0,1.0,1,RUAR2,1,RUAR2,1,2022-06-14 20:31:23,,3,0
1219116311290487,497552971126144,2019,15,1,1,2554.0,2.0,1,FIMI2,1,FIMI2,75,2022-06-14 20:31:23,,3,0
1219116312290487,497552971126144,2019,15,1,1,2554.0,4.0,1,LACA2,1,LACA2,1,2022-06-14 20:31:23,,3,0
1219116313290487,497552971126144,2019,15,1,1,2554.0,1.0,1,LELE10,1,LELE10,30,2022-06-14 20:31:23,,3,0
1219116314290487,497552971126144,2019,15,1,1,2554.0,2.0,1,LELE10,1,LELE10,20,2022-06-14 20:31:23,,3,0
1219116315290487,497552971126144,2019,15,1,1,2554.0,3.0,1,LELE10,1,LELE10,13,2022-06-14 20:31:23,,3,0
1219116316290487,497552971126144,2019,15,1,1,2554.0,4.0,1,LELE10,1,LELE10,1,2022-06-14 20:31:23,,3,0
1219116317290487,497552971126144,2019,15,1,1,2554.0,2.0,1,MEAZ,1,MEAZ,4,2022-06-14 20:31:23,,3,0
1219116446290487,497552972126144,2019,15,1,1,2556.0,2.0,2,MECA9,1,MECA9,28,2022-06-14 20:31:23,,3,0
1219116447290487,497552972126144,2019,15,1,1,2556.0,2.0,2,PSCA,1,PSCA,9,2022-06-14 20:31:23,,3,0
1219116487290487,497552973126144,2019,15,1,1,2557.0,1.0,1,PSCA,1,PSCA,95,2022-06-14 20:31:23,,3,0
1219116488290487,497552973126144,2019,15,1,1,2557.0,2.0,1,PSCA,1,PSCA,80,2022-06-14 20:31:23,,3,0
1219116489290487,497552973126144,2019,15,1,1,2557.0,3.0,1,PSCA,1,PSCA,71,2022-06-14 20:31:23,,3,0
1219116490290487,497552973126144,2019,15,1,1,2557.0,4.0,1,PSCA,1,PSCA,35,2022-06-14 20:31:23,,3,0
1219116491290487,497552973126144,2019,15,1,1,2557.0,1.0,1,SEPA6,1,SEPA6,21,2022-06-14 20:31:23,,3,0
1219116492290487,497552973126144,2019,15,1,1,2557.0,2.0,1,SEPA6,1,SEPA6,77,2022-06-14 20:31:23,,3,0
1219116493290487,497552973126144,2019,15,1,1,2557.0,3.0,1,SEPA6,1,SEPA6,61,2022-06-14 20:31:23,,3,0
1219116494290487,497552973126144,2019,15,1,1,2557.0,4.0,1,SEPA6,1,SEPA6,42,2022-06-14 20:31:23,,3,0
1219116652290487,497552977126144,2019,15,1,1,2563.0,1.0,1,CLHI3,1,CLHI3,13,2022-06-14 20:31:24,,3,0
1219116653290487,497552977126144,2019,15,1,1,2563.0,2.0,1,CLHI3,1,CLHI3,17,2022-06-14 20:31:24,,3,0
1219116654290487,497552977126144,2019,15,1,1,2563.0,3.0,1,CLHI3,1,CLHI3,9,2022-06-14 20:31:24,,3,0
1219116655290487,497552977126144,2019,15,1,1,2563.0,4.0,1,CLHI3,1,CLHI3,71,2022-06-14 20:31:24,,3,0
1219116656290487,497552977126144,2019,15,1,1,2563.0,1.0,1,FAMO,1,FAMO,75,2022-06-14 20:31:24,,3,0
1219116657290487,497552977126144,2019,15,1,1,2563.0,2.0,1,FAMO,1,FAMO,3,2022-06-14 20:31:24,,3,0
1219116658290487,497552977126144,2019,15,1,1,2563.0,3.0,1,FAMO,1,FAMO,1,2022-06-14 20:31:24,,3,0
1219116659290487,497552977126144,2019,15,1,1,2563.0,4.0,1,FAMO,1,FAMO,52,2022-06-14 20:31:24,,3,0
1219116660290487,497552977126144,2019,15,1,1,2563.0,3.0,1,MECA9,1,MECA9,6,2022-06-14 20:31:24,,3,0
1219116661290487,497552977126144,2019,15,1,1,2563.0,1.0,1,PSCA,1,PSCA,87,2022-06-14 20:31:24,,3,0
1219116662290487,497552977126144,2019,15,1,1,2563.0,2.0,1,PSCA,1,PSCA,66,2022-06-14 20:31:24,,3,0
1219116663290487,497552977126144,2019,15,1,1,2563.0,3.0,1,PSCA,1,PSCA,41,2022-06-14 20:31:24,,3,0
1219111993290487,497552897126144,2019,15,1,1,2573.0,3.0,1,SEMA15,1,SEMA15,1,2022-06-14 20:31:17,,3,0
1219111994290487,497552897126144,2019,15,1,1,2573.0,4.0,1,SEMA15,1,SEMA15,1,2022-06-14 20:31:17,,3,0
1219112124290487,497552898126144,2019,15,1,1,2575.0,1.0,1,LACA2,1,LACA2,3,2022-06-14 20:31:17,,3,0
1219112125290487,497552898126144,2019,15,1,1,2575.0,2.0,1,PSCA,1,PSCA,3,2022-06-14 20:31:17,,3,0
1219112126290487,497552898126144,2019,15,1,1,2575.0,1.0,1,SCTE,1,SCTE,9,2022-06-14 20:31:17,,3,0
1219112127290487,497552898126144,2019,15,1,1,2575.0,2.0,1,SCTE,1,SCTE,2,2022-06-14 20:31:17,,3,0
1219112128290487,497552898126144,2019,15,1,1,2575.0,3.0,1,SCTE,1,SCTE,1,2022-06-14 20:31:17,,3,0
1219112232290487,497552899126144,2019,15,1,1,2576.0,1.0,1,MECA9,1,MECA9,12,2022-06-14 20:31:17,,3,0
1219112233290487,497552899126144,2019,15,1,1,2576.0,2.0,1,MECA9,1,MECA9,42,2022-06-14 20:31:17,,3,0
1219112234290487,497552899126144,2019,15,1,1,2576.0,3.0,1,MECA9,1,MECA9,33,2022-06-14 20:31:17,,3,0
1219112235290487,497552899126144,2019,15,1,1,2576.0,4.0,1,MECA9,1,MECA9,47,2022-06-14 20:31:17,,3,0
1219112236290487,497552899126144,2019,15,1,1,2576.0,1.0,1,PSCA,1,PSCA,3,2022-06-14 20:31:17,,3,0
1219112237290487,497552899126144,2019,15,1,1,2576.0,2.0,1,PSCA,1,PSCA,1,2022-06-14 20:31:17,,3,0
1219112238290487,497552899126144,2019,15,1,1,2576.0,3.0,1,PSCA,1,PSCA,1,2022-06-14 20:31:17,,3,0
1219112239290487,497552899126144,2019,15,1,1,2576.0,4.0,1,PSCA,1,PSCA,1,2022-06-14 20:31:17,,3,0
1219112371290487,497552900126144,2019,15,1,1,2577.0,1.0,1,PATRM,1,PATRM,1,2022-06-14 20:31:17,,3,0
1219112372290487,497552900126144,2019,15,1,1,2577.0,2.0,1,PATRM,1,PATRM,2,2022-06-14 20:31:17,,3,0
1219112373290487,497552900126144,2019,15,1,1,2577.0,1.0,1,RUELO,1,RUELO,1,2022-06-14 20:31:17,,3,0
1219112374290487,497552900126144,2019,15,1,1,2577.0,2.0,1,RUELO,1,RUELO,3,2022-06-14 20:31:17,,3,0
1219112375290487,497552900126144,2019,15,1,1,2577.0,3.0,1,RUELO,1,RUELO,1,2022-06-14 20:31:17,,3,0
1219112376290487,497552900126144,2019,15,1,1,2577.0,4.0,1,RUELO,1,RUELO,1,2022-06-14 20:31:17,,3,0
1219112519290487,497552904126144,2019,15,1,1,2582.0,3.0,1,CLHI3,1,CLHI3,1,2022-06-14 20:31:17,,3,0
1219112520290487,497552904126144,2019,15,1,1,2582.0,4.0,1,CLHI3,1,CLHI3,1,2022-06-14 20:31:17,,3,0
1219112521290487,497552904126144,2019,15,1,1,2582.0,1.0,1,MECA9,1,MECA9,10,2022-06-14 20:31:17,,3,0
1219112522290487,497552904126144,2019,15,1,1,2582.0,2.0,1,MECA9,1,MECA9,18,2022-06-14 20:31:17,,3,0
1219112523290487,497552904126144,2019,15,1,1,2582.0,3.0,1,MECA9,1,MECA9,25,2022-06-14 20:31:17,,3,0
1219112524290487,497552904126144,2019,15,1,1,2582.0,4.0,1,MECA9,1,MECA9,21,2022-06-14 20:31:17,,3,0
1219112525290487,497552904126144,2019,15,1,1,2582.0,1.0,1,PSCA,1,PSCA,4,2022-06-14 20:31:17,,3,0
1219112526290487,497552904126144,2019,15,1,1,2582.0,2.0,1,PSCA,1,PSCA,1,2022-06-14 20:31:17,,3,0
1219112527290487,497552904126144,2019,15,1,1,2582.0,3.0,1,PSCA,1,PSCA,11,2022-06-14 20:31:17,,3,0
1219112528290487,497552904126144,2019,15,1,1,2582.0,4.0,1,PSCA,1,PSCA,3,2022-06-14 20:31:17,,3,0
1219112666290487,497552905126144,2019,15,1,1,2583.0,1.0,1,PSCA,1,PSCA,1,2022-06-14 20:31:17,,3,0
1219112667290487,497552905126144,2019,15,1,1,2583.0,2.0,1,PSCA,1,PSCA,1,2022-06-14 20:31:17,,3,0
1219112668290487,497552905126144,2019,15,1,1,2583.0,3.0,1,PSCA,1,PSCA,1,2022-06-14 20:31:17,,3,0
1219112669290487,497552905126144,2019,15,1,1,2583.0,4.0,1,PSCA,1,PSCA,2,2022-06-14 20:31:17,,3,0
1219112671290487,497552905126144,2019,15,1,1,2583.0,1.0,1,SEPA6,1,SEPA6,7,2022-06-14 20:31:17,,3,0
1219112672290487,497552905126144,2019,15,1,1,2583.0,2.0,1,SEPA6,1,SEPA6,9,2022-06-14 20:31:17,,3,0
1219112673290487,497552905126144,2019,15,1,1,2583.0,3.0,1,SEPA6,1,SEPA6,2,2022-06-14 20:31:17,,3,0
1219112674290487,497552905126144,2019,15,1,1,2583.0,4.0,1,SEPA6,1,SEPA6,2,2022-06-14 20:31:17,,3,0
1219112826290487,497552910126144,2019,15,1,1,2589.0,1.0,1,PSCA,1,PSCA,75,2022-06-14 20:31:17,,3,0
1219112827290487,497552910126144,2019,15,1,1,2589.0,2.0,2,PSCA,1,PSCA,14,2022-06-14 20:31:17,,3,0
1219112828290487,497552910126144,2019,15,1,1,2589.0,3.0,1,PSCA,1,PSCA,75,2022-06-14 20:31:17,,3,0
1219112829290487,497552910126144,2019,15,1,1,2589.0,4.0,1,PSCA,1,PSCA,91,2022-06-14 20:31:17,,3,0
1219112830290487,497552910126144,2019,15,1,1,2589.0,2.0,2,RUELO,1,RUELO,2,2022-06-14 20:31:17,,3,0
1219112831290487,497552910126144,2019,15,1,1,2589.0,1.0,1,SEPA6,1,SEPA6,3,2022-06-14 20:31:17,,3,0
1219112974290487,497552913126144,2019,15,1,1,2592.0,1.0,1,CENO,1,CENO,2,2022-06-14 20:31:18,,3,0
1219112975290487,497552913126144,2019,15,1,1,2592.0,2.0,1,CENO,1,CENO,1,2022-06-14 20:31:18,,3,0
1219112976290487,497552913126144,2019,15,1,1,2592.0,3.0,1,CENO,1,CENO,1,2022-06-14 20:31:18,,3,0
1219112977290487,497552913126144,2019,15,1,1,2592.0,4.0,1,CENO,1,CENO,1,2022-06-14 20:31:18,,3,0
1219112978290487,497552913126144,2019,15,1,1,2592.0,1.0,1,CLHI3,1,CLHI3,14,2022-06-14 20:31:18,,3,0
1219112979290487,497552913126144,2019,15,1,1,2592.0,2.0,1,CLHI3,1,CLHI3,3,2022-06-14 20:31:18,,3,0
1219112980290487,497552913126144,2019,15,1,1,2592.0,3.0,1,CLHI3,1,CLHI3,6,2022-06-14 20:31:18,,3,0
1219112981290487,497552913126144,2019,15,1,1,2592.0,4.0,1,CLHI3,1,CLHI3,30,2022-06-14 20:31:18,,3,0
1219112982290487,497552913126144,2019,15,1,1,2592.0,1.0,1,HEGA,1,HEGA,21,2022-06-14 20:31:18,,3,0
1219112983290487,497552913126144,2019,15,1,1,2592.0,2.0,1,HEGA,1,HEGA,3,2022-06-14 20:31:18,,3,0
1219112984290487,497552913126144,2019,15,1,1,2592.0,3.0,1,HEGA,1,HEGA,9,2022-06-14 20:31:18,,3,0
1219112985290487,497552913126144,2019,15,1,1,2592.0,4.0,1,HEGA,1,HEGA,8,2022-06-14 20:31:18,,3,0
1219112986290487,497552913126144,2019,15,1,1,2592.0,1.0,1,PSCA,1,PSCA,11,2022-06-14 20:31:18,,3,0
1219114239290487,497552942126144,2019,15,1,1,2517.0,1.0,1,RUELO,1,RUELO,1,2022-06-14 20:31:21,,3,0
1219114240290487,497552942126144,2019,15,1,1,2517.0,3.0,1,RUELO,1,RUELO,1,2022-06-14 20:31:21,,3,0
1219114241290487,497552942126144,2019,15,1,1,2517.0,4.0,1,RUELO,1,RUELO,1,2022-06-14 20:31:21,,3,0
1219114242290487,497552942126144,2019,15,1,1,2517.0,2.0,1,TIHE2,1,TIHE2,1,2022-06-14 20:31:21,,3,0
1219114370290487,497552944126144,2019,15,1,1,2519.0,1.0,1,SEMA15,1,SEMA15,1,2022-06-14 20:31:22,,3,0
1219114371290487,497552944126144,2019,15,1,1,2519.0,2.0,1,SEMA15,1,SEMA15,1,2022-06-14 20:31:22,,3,0
1219114372290487,497552944126144,2019,15,1,1,2519.0,3.0,1,SEMA15,1,SEMA15,1,2022-06-14 20:31:22,,3,0
1219114373290487,497552944126144,2019,15,1,1,2519.0,4.0,1,SEMA15,1,SEMA15,1,2022-06-14 20:31:22,,3,0
1219112987290487,497552913126144,2019,15,1,1,2592.0,2.0,1,PSCA,1,PSCA,15,2022-06-14 20:31:18,,3,0
1219112988290487,497552913126144,2019,15,1,1,2592.0,3.0,1,PSCA,1,PSCA,10,2022-06-14 20:31:18,,3,0
1219112989290487,497552913126144,2019,15,1,1,2592.0,4.0,1,PSCA,1,PSCA,9,2022-06-14 20:31:18,,3,0
1219112990290487,497552913126144,2019,15,1,1,2592.0,1.0,1,SPCA2,1,SPCA2,1,2022-06-14 20:31:18,,3,0
1219112991290487,497552913126144,2019,15,1,1,2592.0,2.0,1,SPCA2,1,SPCA2,1,2022-06-14 20:31:18,,3,0
1219113285290487,497552920126144,2019,15,1,1,2286.0,1.0,1,PATRM,1,PATRM,1,2022-06-14 20:31:18,,3,0
1219113286290487,497552920126144,2019,15,1,1,2286.0,2.0,1,PATRM,1,PATRM,1,2022-06-14 20:31:18,,3,0
1219113445290487,497552923126144,2019,15,1,1,2291.0,1.0,1,CLHI3,1,CLHI3,40,2022-06-14 20:31:21,,3,0
1219113446290487,497552923126144,2019,15,1,1,2291.0,2.0,1,CLHI3,1,CLHI3,22,2022-06-14 20:31:21,,3,0
1219113447290487,497552923126144,2019,15,1,1,2291.0,3.0,1,CLHI3,1,CLHI3,6,2022-06-14 20:31:21,,3,0
1219113448290487,497552923126144,2019,15,1,1,2291.0,4.0,1,CLHI3,1,CLHI3,26,2022-06-14 20:31:21,,3,0
1219113449290487,497552923126144,2019,15,1,1,2291.0,1.0,1,PSCA,1,PSCA,30,2022-06-14 20:31:21,,3,0
1219113450290487,497552923126144,2019,15,1,1,2291.0,2.0,1,PSCA,1,PSCA,84,2022-06-14 20:31:21,,3,0
1219113451290487,497552923126144,2019,15,1,1,2291.0,3.0,1,PSCA,1,PSCA,26,2022-06-14 20:31:21,,3,0
1219113452290487,497552923126144,2019,15,1,1,2291.0,4.0,1,PSCA,1,PSCA,88,2022-06-14 20:31:21,,3,0
1219113615290487,497552928126144,2019,15,1,1,2297.0,1.0,1,SEMA15,1,SEMA15,2,2022-06-14 20:31:21,,3,0
1219113616290487,497552928126144,2019,15,1,1,2297.0,2.0,1,SEMA15,1,SEMA15,3,2022-06-14 20:31:21,,3,0
1219113617290487,497552928126144,2019,15,1,1,2297.0,3.0,1,SEMA15,1,SEMA15,2,2022-06-14 20:31:21,,3,0
1219113618290487,497552928126144,2019,15,1,1,2297.0,4.0,1,SEMA15,1,SEMA15,2,2022-06-14 20:31:21,,3,0
1219113781290487,497552936126144,2019,15,1,1,2307.0,1.0,1,PATRM,1,PATRM,2,2022-06-14 20:31:21,,3,0
1219113782290487,497552936126144,2019,15,1,1,2307.0,2.0,1,PATRM,1,PATRM,8,2022-06-14 20:31:21,,3,0
1219113783290487,497552936126144,2019,15,1,1,2307.0,3.0,1,PATRM,1,PATRM,1,2022-06-14 20:31:21,,3,0
1219113784290487,497552936126144,2019,15,1,1,2307.0,4.0,1,PATRM,1,PATRM,7,2022-06-14 20:31:21,,3,0
1219113945290487,497552940126144,2019,15,1,1,2312.0,4.0,1,RUGL5,1,RUGL5,1,2022-06-14 20:31:21,,3,0
1219114097290487,497552941126144,2019,15,1,1,2516.0,4.0,1,CLHI3,1,CLHI3,1,2022-06-14 20:31:21,,3,0
1219114098290487,497552941126144,2019,15,1,1,2516.0,1.0,1,FAMO,1,FAMO,21,2022-06-14 20:31:21,,3,0
1219114099290487,497552941126144,2019,15,1,1,2516.0,2.0,1,FAMO,1,FAMO,36,2022-06-14 20:31:21,,3,0
1219114100290487,497552941126144,2019,15,1,1,2516.0,4.0,1,FAMO,1,FAMO,55,2022-06-14 20:31:21,,3,0
1219114101290487,497552941126144,2019,15,1,1,2516.0,3.0,1,LELE10,1,LELE10,4,2022-06-14 20:31:21,,3,0
1219114102290487,497552941126144,2019,15,1,1,2516.0,4.0,1,LELE10,1,LELE10,4,2022-06-14 20:31:21,,3,0
1219114103290487,497552941126144,2019,15,1,1,2516.0,4.0,1,PSCA,1,PSCA,1,2022-06-14 20:31:21,,3,0
1219114502290487,497552945126144,2019,15,1,1,2520.0,2.0,1,SCTE,1,SCTE,4,2022-06-14 20:31:22,,3,0
1219086037290487,497553337126144,2019,15,1,1,2714.0,1.0,1,SEMA15,1,SEMA15,1,2022-06-14 20:30:31,,3,0
1219086038290487,497553337126144,2019,15,1,1,2714.0,2.0,1,SEMA15,1,SEMA15,1,2022-06-14 20:30:31,,3,0
1219086039290487,497553337126144,2019,15,1,1,2714.0,3.0,1,SEMA15,1,SEMA15,2,2022-06-14 20:30:31,,3,0
1219086040290487,497553337126144,2019,15,1,1,2714.0,4.0,1,SEMA15,1,SEMA15,2,2022-06-14 20:30:31,,3,0
1219086316290487,497553345126144,2019,15,1,9,1745.0,1.0,1,CLHI3,1,CLHI3,5,2022-06-14 20:30:32,,3,0
1219086317290487,497553345126144,2019,15,1,9,1745.0,4.0,1,CLHI3,1,CLHI3,1,2022-06-14 20:30:32,,3,0
1219086318290487,497553345126144,2019,15,1,9,1745.0,4.0,1,FAMO,1,FAMO,67,2022-06-14 20:30:32,,3,0
1219086319290487,497553345126144,2019,15,1,9,1745.0,4.0,1,GRRO,1,GRRO,2,2022-06-14 20:30:32,,3,0
1219086320290487,497553345126144,2019,15,1,9,1745.0,4.0,1,LACA2,1,LACA2,1,2022-06-14 20:30:32,,3,0
1219086321290487,497553345126144,2019,15,1,9,1745.0,1.0,1,SCTE,1,SCTE,17,2022-06-14 20:30:32,,3,0
1219086322290487,497553345126144,2019,15,1,9,1745.0,2.0,1,SCTE,1,SCTE,12,2022-06-14 20:30:32,,3,0
1219086323290487,497553345126144,2019,15,1,9,1745.0,3.0,1,SCTE,1,SCTE,25,2022-06-14 20:30:32,,3,0
1219086324290487,497553345126144,2019,15,1,9,1745.0,4.0,1,SCTE,1,SCTE,4,2022-06-14 20:30:32,,3,0
1219086477290487,497553346126144,2019,15,1,9,1751.0,1.0,1,CLHI3,1,CLHI3,35,2022-06-14 20:30:32,,3,0
1219086478290487,497553346126144,2019,15,1,9,1751.0,2.0,1,CLHI3,1,CLHI3,1,2022-06-14 20:30:32,,3,0
1219086479290487,497553346126144,2019,15,1,9,1751.0,3.0,1,CLHI3,1,CLHI3,35,2022-06-14 20:30:32,,3,0
1219086480290487,497553346126144,2019,15,1,9,1751.0,4.0,1,CLHI3,1,CLHI3,20,2022-06-14 20:30:32,,3,0
1219086481290487,497553346126144,2019,15,1,9,1751.0,2.0,1,PSCA,1,PSCA,1,2022-06-14 20:30:32,,3,0
1219086482290487,497553346126144,2019,15,1,9,1751.0,3.0,1,PSCA,1,PSCA,1,2022-06-14 20:30:32,,3,0
1219086483290487,497553346126144,2019,15,1,9,1751.0,4.0,1,PSCA,1,PSCA,2,2022-06-14 20:30:32,,3,0
1219086484290487,497553346126144,2019,15,1,9,1751.0,1.0,1,PSGU,1,PSGU,15,2022-06-14 20:30:32,,3,0
1219086485290487,497553346126144,2019,15,1,9,1751.0,2.0,1,PSGU,1,PSGU,1,2022-06-14 20:30:32,,3,0
1219086486290487,497553346126144,2019,15,1,9,1751.0,3.0,1,PSGU,1,PSGU,28,2022-06-14 20:30:32,,3,0
1219086487290487,497553346126144,2019,15,1,9,1751.0,1.0,1,SCTE,1,SCTE,32,2022-06-14 20:30:32,,3,0
1219086488290487,497553346126144,2019,15,1,9,1751.0,2.0,1,SCTE,1,SCTE,35,2022-06-14 20:30:32,,3,0
1219086489290487,497553346126144,2019,15,1,9,1751.0,3.0,1,SCTE,1,SCTE,20,2022-06-14 20:30:32,,3,0
365894487489998,47825253010497,2010,15,1,1,2146.0,2.0,1,PSGU,1,PSGU,1,2015-12-17 12:39:56,2021-06-04 15:05:17,2,0
365894488489998,47825253010497,2010,15,1,1,2146.0,3.0,1,PSGU,1,PSGU,1,2015-12-17 12:39:56,2021-06-04 15:05:17,2,0
365894489489998,47825253010497,2010,15,1,1,2146.0,2.0,1,SEPA6,1,SEPA6,1,2015-12-17 12:39:56,2021-06-04 15:05:17,2,0
365894490489998,47825253010497,2010,15,1,1,2146.0,3.0,1,SEPA6,1,SEPA6,35,2015-12-17 12:39:56,2021-06-04 15:05:17,2,0
365894610489998,47825254010497,2010,15,1,1,2159.0,2.0,1,PSCA,1,PSCA,1,2015-12-17 12:39:57,2021-06-04 15:05:17,2,0
365894611489998,47825254010497,2010,15,1,1,2159.0,4.0,1,PSCA,1,PSCA,12,2015-12-17 12:39:57,2021-06-04 15:05:17,2,0
365894612489998,47825254010497,2010,15,1,1,2159.0,1.0,1,PSGU,1,PSGU,7,2015-12-17 12:39:57,2021-06-04 15:05:17,2,0
365894613489998,47825254010497,2010,15,1,1,2159.0,2.0,1,PSGU,1,PSGU,3,2015-12-17 12:39:57,2021-06-04 15:05:17,2,0
365894614489998,47825254010497,2010,15,1,1,2159.0,3.0,1,PSGU,1,PSGU,15,2015-12-17 12:39:57,2021-06-04 15:05:17,2,0
365894615489998,47825254010497,2010,15,1,1,2159.0,4.0,1,PSGU,1,PSGU,1,2015-12-17 12:39:57,2021-06-04 15:05:17,2,0
365894616489998,47825254010497,2010,15,1,1,2159.0,4.0,1,RUNI4,1,RUNI4,1,2015-12-17 12:39:57,2021-06-04 15:05:17,2,0
366319099489998,47825255010497,2010,15,1,1,2191.0,1.0,1,CLHI3,1,CLHI3,8,2015-12-18 18:11:49,2021-06-04 15:05:17,2,0
366319100489998,47825255010497,2010,15,1,1,2191.0,2.0,1,CLHI3,1,CLHI3,8,2015-12-18 18:11:49,2021-06-04 15:05:17,2,0
366319101489998,47825255010497,2010,15,1,1,2191.0,3.0,1,CLHI3,1,CLHI3,4,2015-12-18 18:11:49,2021-06-04 15:05:17,2,0
366319102489998,47825255010497,2010,15,1,1,2191.0,4.0,1,CLHI3,1,CLHI3,4,2015-12-18 18:11:49,2021-06-04 15:05:17,2,0
366319103489998,47825255010497,2010,15,1,1,2191.0,2.0,1,PSCA,1,PSCA,1,2015-12-18 18:11:49,2021-06-04 15:05:17,2,0
366319104489998,47825255010497,2010,15,1,1,2191.0,2.0,1,SEPA6,1,SEPA6,3,2015-12-18 18:11:49,2021-06-04 15:05:17,2,0
366319105489998,47825255010497,2010,15,1,1,2191.0,1.0,1,TIHE2,1,TIHE2,1,2015-12-18 18:11:49,2021-06-04 15:05:17,2,0
366319106489998,47825255010497,2010,15,1,1,2191.0,3.0,1,TIHE2,1,TIHE2,2,2015-12-18 18:11:49,2021-06-04 15:05:17,2,0
366319240489998,47825256010497,2010,15,1,1,2187.0,2.0,1,TIHE2,1,TIHE2,3,2015-12-18 18:11:49,2021-06-04 15:05:17,2,0
366319241489998,47825256010497,2010,15,1,1,2187.0,3.0,1,TIHE2,1,TIHE2,1,2015-12-18 18:11:49,2021-06-04 15:05:17,2,0
365895017489998,47825258010497,2010,15,1,1,2212.0,1.0,1,HEGA,1,HEGA,40,2015-12-17 12:39:57,2021-06-04 15:05:17,2,0
365895018489998,47825258010497,2010,15,1,1,2212.0,2.0,1,HEGA,1,HEGA,95,2015-12-17 12:39:57,2021-06-04 15:05:17,2,0
365895019489998,47825258010497,2010,15,1,1,2212.0,3.0,1,HEGA,1,HEGA,55,2015-12-17 12:39:57,2021-06-04 15:05:17,2,0
365895020489998,47825258010497,2010,15,1,1,2212.0,4.0,1,HEGA,1,HEGA,58,2015-12-17 12:39:57,2021-06-04 15:05:17,2,0
365895021489998,47825258010497,2010,15,1,1,2212.0,3.0,1,PSCA,1,PSCA,2,2015-12-17 12:39:57,2021-06-04 15:05:17,2,0
365895022489998,47825258010497,2010,15,1,1,2212.0,4.0,1,PSCA,1,PSCA,1,2015-12-17 12:39:57,2021-06-04 15:05:17,2,0
365895023489998,47825258010497,2010,15,1,1,2212.0,1.0,1,SEPA6,1,SEPA6,2,2015-12-17 12:39:57,2021-06-04 15:05:17,2,0
365895024489998,47825258010497,2010,15,1,1,2212.0,2.0,1,SEPA6,1,SEPA6,1,2015-12-17 12:39:57,2021-06-04 15:05:17,2,0
365895025489998,47825258010497,2010,15,1,1,2212.0,3.0,1,SEPA6,1,SEPA6,5,2015-12-17 12:39:57,2021-06-04 15:05:17,2,0
365895026489998,47825258010497,2010,15,1,1,2212.0,4.0,1,SEPA6,1,SEPA6,18,2015-12-17 12:39:57,2021-06-04 15:05:17,2,0
365895027489998,47825258010497,2010,15,1,1,2212.0,1.0,1,TIHE2,1,TIHE2,2,2015-12-17 12:39:57,2021-06-04 15:05:17,2,0
365895028489998,47825258010497,2010,15,1,1,2212.0,2.0,1,TIHE2,1,TIHE2,2,2015-12-17 12:39:57,2021-06-04 15:05:17,2,0
365895029489998,47825258010497,2010,15,1,1,2212.0,3.0,1,TIHE2,1,TIHE2,2,2015-12-17 12:39:57,2021-06-04 15:05:17,2,0
365895030489998,47825258010497,2010,15,1,1,2212.0,4.0,1,TIHE2,1,TIHE2,1,2015-12-17 12:39:57,2021-06-04 15:05:17,2,0
366319379489998,47825261010497,2010,15,1,1,2266.0,1.0,1,CLHI3,1,CLHI3,21,2015-12-18 18:11:49,2021-06-04 15:05:17,2,0
366319380489998,47825261010497,2010,15,1,1,2266.0,2.0,1,CLHI3,1,CLHI3,3,2015-12-18 18:11:49,2021-06-04 15:05:17,2,0
366319381489998,47825261010497,2010,15,1,1,2266.0,1.0,1,MECA9,1,MECA9,1,2015-12-18 18:11:49,2021-06-04 15:05:17,2,0
366319382489998,47825261010497,2010,15,1,1,2266.0,2.0,1,MECA9,1,MECA9,1,2015-12-18 18:11:49,2021-06-04 15:05:17,2,0
366319383489998,47825261010497,2010,15,1,1,2266.0,1.0,1,PSCA,1,PSCA,18,2015-12-18 18:11:49,2021-06-04 15:05:17,2,0
366319384489998,47825261010497,2010,15,1,1,2266.0,2.0,1,PSCA,1,PSCA,1,2015-12-18 18:11:49,2021-06-04 15:05:17,2,0
365895237489998,47825264010497,2010,15,1,1,2343.0,1.0,1,PESE3,1,PESE3,5,2015-12-17 12:39:58,2021-06-04 15:05:17,2,0
365895238489998,47825264010497,2010,15,1,1,2343.0,4.0,1,PESE3,1,PESE3,1,2015-12-17 12:39:58,2021-06-04 15:05:17,2,0
366343004489998,47825266010497,2010,15,1,1,2349.0,1.0,1,PESE3,1,PESE3,80,2015-12-21 10:54:41,2021-06-04 15:05:17,2,0
366343005489998,47825266010497,2010,15,1,1,2349.0,2.0,1,PESE3,1,PESE3,45,2015-12-21 10:54:41,2021-06-04 15:05:17,2,0
366343006489998,47825266010497,2010,15,1,1,2349.0,3.0,1,PESE3,1,PESE3,95,2015-12-21 10:54:41,2021-06-04 15:05:17,2,0
366343007489998,47825266010497,2010,15,1,1,2349.0,4.0,1,PESE3,1,PESE3,26,2015-12-21 10:54:41,2021-06-04 15:05:17,2,0
366319563489998,47825268010497,2010,15,1,1,2385.0,1.0,1,PESE3,1,PESE3,4,2015-12-18 18:11:50,2021-06-04 15:05:17,2,0
366319564489998,47825268010497,2010,15,1,1,2385.0,4.0,1,PESE3,1,PESE3,35,2015-12-18 18:11:50,2021-06-04 15:05:17,2,0
366374993489998,47825271010497,2010,15,1,1,2379.0,1.0,1,LACA2,1,LACA2,60,2015-12-21 18:15:38,2021-06-04 15:05:17,2,0
366374994489998,47825271010497,2010,15,1,1,2379.0,2.0,1,LACA2,1,LACA2,8,2015-12-21 18:15:38,2021-06-04 15:05:17,2,0
366374995489998,47825271010497,2010,15,1,1,2379.0,3.0,1,LACA2,1,LACA2,18,2015-12-21 18:15:38,2021-06-04 15:05:17,2,0
366374996489998,47825271010497,2010,15,1,1,2379.0,4.0,1,LACA2,1,LACA2,8,2015-12-21 18:15:38,2021-06-04 15:05:17,2,0
366374997489998,47825271010497,2010,15,1,1,2379.0,1.0,1,PESE3,1,PESE3,25,2015-12-21 18:15:38,2021-06-04 15:05:17,2,0
366374998489998,47825271010497,2010,15,1,1,2379.0,2.0,1,PESE3,1,PESE3,80,2015-12-21 18:15:38,2021-06-04 15:05:17,2,0
366374999489998,47825271010497,2010,15,1,1,2379.0,3.0,1,PESE3,1,PESE3,78,2015-12-21 18:15:38,2021-06-04 15:05:17,2,0
366375000489998,47825271010497,2010,15,1,1,2379.0,4.0,1,PESE3,1,PESE3,85,2015-12-21 18:15:38,2021-06-04 15:05:17,2,0
366319660489998,47825272010497,2010,15,1,1,2418.0,4.0,1,FIMI2,1,FIMI2,5,2015-12-18 18:11:50,2021-06-04 15:05:17,2,0
366319661489998,47825272010497,2010,15,1,1,2418.0,3.0,3,SEPA6,1,SEPA6,2,2015-12-18 18:11:50,2021-06-04 15:05:17,2,0
366319662489998,47825272010497,2010,15,1,1,2418.0,3.0,3,SPCA2,1,SPCA2,1,2015-12-18 18:11:50,2021-06-04 15:05:17,2,0
366375123489998,47825275010497,2010,15,1,1,2409.0,1.0,1,PAMO5,1,PATRM,25,2015-12-21 18:15:38,2021-06-04 15:05:17,2,0
366375124489998,47825275010497,2010,15,1,1,2409.0,2.0,1,PAMO5,1,PATRM,10,2015-12-21 18:15:38,2021-06-04 15:05:17,2,0
366375125489998,47825275010497,2010,15,1,1,2409.0,3.0,1,PAMO5,1,PATRM,13,2015-12-21 18:15:38,2021-06-04 15:05:17,2,0
366375126489998,47825275010497,2010,15,1,1,2409.0,4.0,1,PAMO5,1,PATRM,5,2015-12-21 18:15:38,2021-06-04 15:05:17,2,0
365896103489998,47825278010497,2010,15,1,1,2437.0,2.0,2,CLHI3,1,CLHI3,1,2015-12-17 12:40:00,2021-06-04 15:05:17,2,0
365896104489998,47825278010497,2010,15,1,1,2437.0,3.0,2,CLHI3,1,CLHI3,3,2015-12-17 12:40:00,2021-06-04 15:05:17,2,0
365896105489998,47825278010497,2010,15,1,1,2437.0,3.0,2,MECA9,1,MECA9,3,2015-12-17 12:40:00,2021-06-04 15:05:17,2,0
365896106489998,47825278010497,2010,15,1,1,2437.0,2.0,2,PSCA,1,PSCA,1,2015-12-17 12:40:00,2021-06-04 15:05:17,2,0
365896107489998,47825278010497,2010,15,1,1,2437.0,3.0,2,PSCA,1,PSCA,2,2015-12-17 12:40:00,2021-06-04 15:05:17,2,0
365896108489998,47825278010497,2010,15,1,1,2437.0,4.0,2,PSCA,1,PSCA,12,2015-12-17 12:40:00,2021-06-04 15:05:17,2,0
365896109489998,47825278010497,2010,15,1,1,2437.0,3.0,2,SEPA6,1,SEPA6,1,2015-12-17 12:40:00,2021-06-04 15:05:17,2,0
365896110489998,47825278010497,2010,15,1,1,2437.0,3.0,2,TIHE2,1,TIHE2,1,2015-12-17 12:40:00,2021-06-04 15:05:17,2,0
365896111489998,47825278010497,2010,15,1,1,2437.0,4.0,2,TIHE2,1,TIHE2,2,2015-12-17 12:40:00,2021-06-04 15:05:17,2,0
366319842489998,47825279010497,2010,15,1,1,2428.0,1.0,1,HEGA,1,HEGA,1,2015-12-18 18:11:50,2021-06-04 15:05:17,2,0
366319843489998,47825279010497,2010,15,1,1,2428.0,2.0,1,HEGA,1,HEGA,1,2015-12-18 18:11:50,2021-06-04 15:05:17,2,0
366319844489998,47825279010497,2010,15,1,1,2428.0,1.0,1,PSCA,1,PSCA,1,2015-12-18 18:11:50,2021-06-04 15:05:17,2,0
366319845489998,47825279010497,2010,15,1,1,2428.0,2.0,1,PSCA,1,PSCA,6,2015-12-18 18:11:50,2021-06-04 15:05:17,2,0
366364393489998,47825283010497,2010,15,1,1,2286.0,1.0,1,PAMO5,1,PATRM,3,2015-12-21 17:40:22,2021-06-04 15:05:17,2,0
366364394489998,47825283010497,2010,15,1,1,2286.0,3.0,1,PAMO5,1,PATRM,2,2015-12-21 17:40:22,2021-06-04 15:05:17,2,0
366364395489998,47825283010497,2010,15,1,1,2286.0,4.0,1,PAMO5,1,PATRM,5,2015-12-21 17:40:22,2021-06-04 15:05:17,2,0
366319941489998,47825284010497,2010,15,1,1,2291.0,1.0,1,CLHI3,1,CLHI3,18,2015-12-18 18:11:50,2021-06-04 15:05:17,2,0
366319942489998,47825284010497,2010,15,1,1,2291.0,2.0,1,CLHI3,1,CLHI3,11,2015-12-18 18:11:50,2021-06-04 15:05:17,2,0
366319943489998,47825284010497,2010,15,1,1,2291.0,3.0,1,CLHI3,1,CLHI3,2,2015-12-18 18:11:50,2021-06-04 15:05:17,2,0
366319944489998,47825284010497,2010,15,1,1,2291.0,4.0,1,CLHI3,1,CLHI3,9,2015-12-18 18:11:50,2021-06-04 15:05:17,2,0
366319945489998,47825284010497,2010,15,1,1,2291.0,1.0,1,PSCA,1,PSCA,15,2015-12-18 18:11:50,2021-06-04 15:05:17,2,0
366319946489998,47825284010497,2010,15,1,1,2291.0,2.0,1,PSCA,1,PSCA,33,2015-12-18 18:11:50,2021-06-04 15:05:17,2,0
366319947489998,47825284010497,2010,15,1,1,2291.0,3.0,1,PSCA,1,PSCA,11,2015-12-18 18:11:50,2021-06-04 15:05:17,2,0
366319948489998,47825284010497,2010,15,1,1,2291.0,4.0,1,PSCA,1,PSCA,60,2015-12-18 18:11:50,2021-06-04 15:05:17,2,0
366375256489998,47825285010497,2010,15,1,1,2307.0,1.0,1,PAMO5,1,PATRM,65,2015-12-21 18:15:38,2021-06-04 15:05:17,2,0
366375257489998,47825285010497,2010,15,1,1,2307.0,2.0,1,PAMO5,1,PATRM,23,2015-12-21 18:15:38,2021-06-04 15:05:17,2,0
366375258489998,47825285010497,2010,15,1,1,2307.0,3.0,1,PAMO5,1,PATRM,4,2015-12-21 18:15:38,2021-06-04 15:05:17,2,0
366375259489998,47825285010497,2010,15,1,1,2307.0,4.0,1,PAMO5,1,PATRM,18,2015-12-21 18:15:38,2021-06-04 15:05:17,2,0
366320206489998,47825304010497,2010,15,1,1,2373.0,2.0,1,PESE3,1,PESE3,4,2015-12-18 18:11:51,2021-06-04 15:05:17,2,0
365883521489998,49612786010497,2010,15,1,1,2443.0,3.0,1,MECA9,1,MECA9,60,2015-12-17 12:39:28,2021-06-04 15:05:17,2,0
365883522489998,49612786010497,2010,15,1,1,2443.0,4.0,1,MECA9,1,MECA9,65,2015-12-17 12:39:28,2021-06-04 15:05:17,2,0
365883523489998,49612786010497,2010,15,1,1,2443.0,1.0,1,PSCA,1,PSCA,25,2015-12-17 12:39:28,2021-06-04 15:05:17,2,0
365883524489998,49612786010497,2010,15,1,1,2443.0,2.0,1,PSCA,1,PSCA,30,2015-12-17 12:39:28,2021-06-04 15:05:17,2,0
365883525489998,49612786010497,2010,15,1,1,2443.0,3.0,1,PSCA,1,PSCA,2,2015-12-17 12:39:28,2021-06-04 15:05:17,2,0
365883526489998,49612786010497,2010,15,1,1,2443.0,4.0,1,PSCA,1,PSCA,25,2015-12-17 12:39:28,2021-06-04 15:05:17,2,0
365883653489998,49612791010497,2010,15,1,1,2457.0,4.0,1,PSCA,1,PSCA,1,2015-12-17 12:39:28,2021-06-04 15:05:17,2,0
365883654489998,49612791010497,2010,15,1,1,2457.0,1.0,1,TIHE2,1,TIHE2,1,2015-12-17 12:39:28,2021-06-04 15:05:17,2,0
365883655489998,49612791010497,2010,15,1,1,2457.0,2.0,1,TIHE2,1,TIHE2,4,2015-12-17 12:39:28,2021-06-04 15:05:17,2,0
365883656489998,49612791010497,2010,15,1,1,2457.0,4.0,1,TIHE2,1,TIHE2,11,2015-12-17 12:39:28,2021-06-04 15:05:17,2,0
365883791489998,49612792010497,2010,15,1,1,2460.0,1.0,1,PSCA,1,PSCA,10,2015-12-17 12:39:28,2021-06-04 15:05:17,2,0
365883792489998,49612792010497,2010,15,1,1,2460.0,2.0,1,PSCA,1,PSCA,3,2015-12-17 12:39:28,2021-06-04 15:05:17,2,0
365883793489998,49612792010497,2010,15,1,1,2460.0,3.0,1,PSCA,1,PSCA,1,2015-12-17 12:39:28,2021-06-04 15:05:17,2,0
365883794489998,49612792010497,2010,15,1,1,2460.0,4.0,1,PSCA,1,PSCA,35,2015-12-17 12:39:28,2021-06-04 15:05:17,2,0
365883795489998,49612792010497,2010,15,1,1,2460.0,1.0,1,SCTE,1,SCTE,35,2015-12-17 12:39:28,2021-06-04 15:05:17,2,0
365883796489998,49612792010497,2010,15,1,1,2460.0,2.0,1,SCTE,1,SCTE,1,2015-12-17 12:39:28,2021-06-04 15:05:17,2,0
365883797489998,49612792010497,2010,15,1,1,2460.0,3.0,1,SCTE,1,SCTE,12,2015-12-17 12:39:28,2021-06-04 15:05:17,2,0
365883798489998,49612792010497,2010,15,1,1,2460.0,4.0,1,SCTE,1,SCTE,12,2015-12-17 12:39:28,2021-06-04 15:05:17,2,0
365883799489998,49612792010497,2010,15,1,1,2460.0,1.0,1,TIHE2,1,TIHE2,6,2015-12-17 12:39:28,2021-06-04 15:05:17,2,0
365883800489998,49612792010497,2010,15,1,1,2460.0,2.0,1,TIHE2,1,TIHE2,3,2015-12-17 12:39:28,2021-06-04 15:05:17,2,0
365883801489998,49612792010497,2010,15,1,1,2460.0,3.0,1,TIHE2,1,TIHE2,20,2015-12-17 12:39:28,2021-06-04 15:05:17,2,0
365883802489998,49612792010497,2010,15,1,1,2460.0,4.0,1,TIHE2,1,TIHE2,1,2015-12-17 12:39:28,2021-06-04 15:05:17,2,0
365883932489998,49612793010497,2010,15,1,1,2464.0,1.0,1,CLHI3,1,CLHI3,25,2015-12-17 12:39:29,2021-06-04 15:05:17,2,0
365883933489998,49612793010497,2010,15,1,1,2464.0,2.0,1,CLHI3,1,CLHI3,3,2015-12-17 12:39:29,2021-06-04 15:05:17,2,0
1219116664290487,497552977126144,2019,15,1,1,2563.0,4.0,1,PSCA,1,PSCA,1,2022-06-14 20:31:24,,3,0
1219116665290487,497552977126144,2019,15,1,1,2563.0,4.0,1,PSGU,1,PSGU,38,2022-06-14 20:31:24,,3,0
1219116803290487,497552978126144,2019,15,1,1,2564.0,1.0,1,CLHI3,1,CLHI3,4,2022-06-14 20:31:24,,3,0
1219116804290487,497552978126144,2019,15,1,1,2564.0,3.0,1,CLHI3,1,CLHI3,11,2022-06-14 20:31:24,,3,0
1219116805290487,497552978126144,2019,15,1,1,2564.0,4.0,1,CLHI3,1,CLHI3,12,2022-06-14 20:31:24,,3,0
1219116806290487,497552978126144,2019,15,1,1,2564.0,4.0,1,HEGA,1,HEGA,48,2022-06-14 20:31:24,,3,0
1219116807290487,497552978126144,2019,15,1,1,2564.0,1.0,1,MECA9,1,MECA9,22,2022-06-14 20:31:24,,3,0
1219116808290487,497552978126144,2019,15,1,1,2564.0,3.0,1,MECA9,1,MECA9,4,2022-06-14 20:31:24,,3,0
1219116809290487,497552978126144,2019,15,1,1,2564.0,4.0,1,MECA9,1,MECA9,6,2022-06-14 20:31:24,,3,0
1219116810290487,497552978126144,2019,15,1,1,2564.0,1.0,1,PSCA,1,PSCA,63,2022-06-14 20:31:24,,3,0
1219116811290487,497552978126144,2019,15,1,1,2564.0,3.0,1,PSCA,1,PSCA,60,2022-06-14 20:31:24,,3,0
1219116812290487,497552978126144,2019,15,1,1,2564.0,4.0,1,PSCA,1,PSCA,49,2022-06-14 20:31:24,,3,0
1219116813290487,497552978126144,2019,15,1,1,2564.0,1.0,1,RUELO,1,RUELO,1,2022-06-14 20:31:24,,3,0
1219117060290487,497552981126144,2019,15,1,1,2567.0,4.0,1,RUNI4,1,RUNI4,1,2022-06-14 20:31:25,,3,0
1219117061290487,497552981126144,2019,15,1,1,2567.0,1.0,1,SEMA15,1,SEMA15,1,2022-06-14 20:31:25,,3,0
1219117062290487,497552981126144,2019,15,1,1,2567.0,2.0,1,SEMA15,1,SEMA15,2,2022-06-14 20:31:25,,3,0
1219117063290487,497552981126144,2019,15,1,1,2567.0,3.0,1,SEMA15,1,SEMA15,1,2022-06-14 20:31:25,,3,0
1219117064290487,497552981126144,2019,15,1,1,2567.0,4.0,1,SEMA15,1,SEMA15,1,2022-06-14 20:31:25,,3,0
1219117192290487,497552982126144,2019,15,1,1,2569.0,1.0,1,CLHI3,1,CLHI3,1,2022-06-14 20:31:25,,3,0
1219117193290487,497552982126144,2019,15,1,1,2569.0,2.0,1,CLHI3,1,CLHI3,1,2022-06-14 20:31:25,,3,0
1219115065290487,497552951126144,2019,15,1,1,2530.0,1.0,1,PSCA,1,PSCA,14,2022-06-14 20:31:22,,3,0
1219115066290487,497552951126144,2019,15,1,1,2530.0,2.0,1,PSCA,1,PSCA,26,2022-06-14 20:31:22,,3,0
1219115067290487,497552951126144,2019,15,1,1,2530.0,3.0,1,PSCA,1,PSCA,1,2022-06-14 20:31:22,,3,0
1219091594290487,497552598126144,2019,15,1,1,2489.0,2.0,1,PSCA,1,PSCA,1,2022-06-14 20:30:44,,3,0
1219091595290487,497552598126144,2019,15,1,1,2489.0,3.0,1,PSCA,1,PSCA,1,2022-06-14 20:30:44,,3,0
1219091596290487,497552598126144,2019,15,1,1,2489.0,1.0,1,RHTO10,1,RHTO10,3,2022-06-14 20:30:44,,3,0
1219091597290487,497552598126144,2019,15,1,1,2489.0,3.0,1,RHTO10,1,RHTO10,3,2022-06-14 20:30:44,,3,0
1219091598290487,497552598126144,2019,15,1,1,2489.0,4.0,1,RHTO10,1,RHTO10,3,2022-06-14 20:30:44,,3,0
1219091732290487,497552599126144,2019,15,1,1,2490.0,4.0,2,PSCA,1,PSCA,4,2022-06-14 20:30:44,,3,0
1219091733290487,497552599126144,2019,15,1,1,2490.0,1.0,1,TIHE2,1,TIHE2,2,2022-06-14 20:30:44,,3,0
1219091734290487,497552599126144,2019,15,1,1,2490.0,2.0,1,TIHE2,1,TIHE2,9,2022-06-14 20:30:44,,3,0
1219091735290487,497552599126144,2019,15,1,1,2490.0,3.0,1,TIHE2,1,TIHE2,2,2022-06-14 20:30:44,,3,0
1219091736290487,497552599126144,2019,15,1,1,2490.0,4.0,2,TIHE2,1,TIHE2,18,2022-06-14 20:30:44,,3,0
1219091878290487,497552601126144,2019,15,1,1,2492.0,1.0,1,SEMA15,1,SEMA15,1,2022-06-14 20:30:45,,3,0
1219091879290487,497552601126144,2019,15,1,1,2492.0,2.0,1,SEMA15,1,SEMA15,1,2022-06-14 20:30:45,,3,0
1219091880290487,497552601126144,2019,15,1,1,2492.0,3.0,1,SEMA15,1,SEMA15,1,2022-06-14 20:30:45,,3,0
1219091881290487,497552601126144,2019,15,1,1,2492.0,4.0,1,SEMA15,1,SEMA15,1,2022-06-14 20:30:45,,3,0
1219092010290487,497552602126144,2019,15,1,1,2493.0,3.0,1,CLHI3,1,CLHI3,1,2022-06-14 20:30:45,,3,0
1219092011290487,497552602126144,2019,15,1,1,2493.0,1.0,1,PSCA,1,PSCA,1,2022-06-14 20:30:45,,3,0
1219092012290487,497552602126144,2019,15,1,1,2493.0,2.0,1,PSCA,1,PSCA,25,2022-06-14 20:30:45,,3,0
1219092013290487,497552602126144,2019,15,1,1,2493.0,3.0,1,PSCA,1,PSCA,12,2022-06-14 20:30:45,,3,0
1219092014290487,497552602126144,2019,15,1,1,2493.0,4.0,1,PSCA,1,PSCA,9,2022-06-14 20:30:45,,3,0
1219092015290487,497552602126144,2019,15,1,1,2493.0,1.0,1,PSGU,1,PSGU,10,2022-06-14 20:30:45,,3,0
1219092016290487,497552602126144,2019,15,1,1,2493.0,4.0,1,RUAR2,1,RUAR2,1,2022-06-14 20:30:45,,3,0
1219092017290487,497552602126144,2019,15,1,1,2493.0,1.0,1,SCTE,1,SCTE,1,2022-06-14 20:30:45,,3,0
1219092018290487,497552602126144,2019,15,1,1,2493.0,2.0,1,SCTE,1,SCTE,10,2022-06-14 20:30:45,,3,0
1219092019290487,497552602126144,2019,15,1,1,2493.0,3.0,1,SCTE,1,SCTE,8,2022-06-14 20:30:45,,3,0
1219092020290487,497552602126144,2019,15,1,1,2493.0,4.0,1,SCTE,1,SCTE,2,2022-06-14 20:30:45,,3,0
1219092021290487,497552602126144,2019,15,1,1,2493.0,1.0,1,TIHE2,1,TIHE2,2,2022-06-14 20:30:45,,3,0
1219092022290487,497552602126144,2019,15,1,1,2493.0,3.0,1,TIHE2,1,TIHE2,1,2022-06-14 20:30:45,,3,0
1219092166290487,497552604126144,2019,15,1,1,2497.0,3.0,1,CLHI3,1,CLHI3,35,2022-06-14 20:30:46,,3,0
1219092167290487,497552604126144,2019,15,1,1,2497.0,4.0,1,CLHI3,1,CLHI3,32,2022-06-14 20:30:46,,3,0
1219092168290487,497552604126144,2019,15,1,1,2497.0,1.0,1,PSCA,1,PSCA,22,2022-06-14 20:30:46,,3,0
1219092169290487,497552604126144,2019,15,1,1,2497.0,2.0,2,PSCA,1,PSCA,70,2022-06-14 20:30:46,,3,0
1219092170290487,497552604126144,2019,15,1,1,2497.0,3.0,1,PSCA,1,PSCA,55,2022-06-14 20:30:46,,3,0
1219092171290487,497552604126144,2019,15,1,1,2497.0,4.0,1,PSCA,1,PSCA,15,2022-06-14 20:30:46,,3,0
1219092172290487,497552604126144,2019,15,1,1,2497.0,1.0,1,SEPA6,1,SEPA6,8,2022-06-14 20:30:46,,3,0
1219092173290487,497552604126144,2019,15,1,1,2497.0,2.0,2,SEPA6,1,SEPA6,3,2022-06-14 20:30:46,,3,0
1219092174290487,497552604126144,2019,15,1,1,2497.0,3.0,1,SEPA6,1,SEPA6,10,2022-06-14 20:30:46,,3,0
1219092175290487,497552604126144,2019,15,1,1,2497.0,4.0,1,SEPA6,1,SEPA6,1,2022-06-14 20:30:46,,3,0
1219092176290487,497552604126144,2019,15,1,1,2497.0,1.0,1,TIHE2,1,TIHE2,2,2022-06-14 20:30:46,,3,0
1219092177290487,497552604126144,2019,15,1,1,2497.0,2.0,2,TIHE2,1,TIHE2,2,2022-06-14 20:30:46,,3,0
1219092178290487,497552604126144,2019,15,1,1,2497.0,4.0,1,TIHE2,1,TIHE2,1,2022-06-14 20:30:46,,3,0
1219092164290487,497552604126144,2019,15,1,1,2497.0,1.0,1,CLHI3,1,CLHI3,25,2022-06-14 20:30:46,,3,0
1219092165290487,497552604126144,2019,15,1,1,2497.0,2.0,2,CLHI3,1,CLHI3,8,2022-06-14 20:30:46,,3,0
1219092364290487,497552607126144,2019,15,1,1,2500.0,2.0,2,LACA2,1,LACA2,3,2022-06-14 20:30:48,,3,0
1219092365290487,497552607126144,2019,15,1,1,2500.0,1.0,1,PATRM,1,PATRM,1,2022-06-14 20:30:48,,3,0
1219092366290487,497552607126144,2019,15,1,1,2500.0,3.0,1,PATRM,1,PATRM,2,2022-06-14 20:30:48,,3,0
1219092367290487,497552607126144,2019,15,1,1,2500.0,4.0,1,PATRM,1,PATRM,3,2022-06-14 20:30:48,,3,0
1219092368290487,497552607126144,2019,15,1,1,2500.0,1.0,1,RUAR2,1,RUAR2,1,2022-06-14 20:30:48,,3,0
1219092369290487,497552607126144,2019,15,1,1,2500.0,3.0,1,RUAR2,1,RUAR2,1,2022-06-14 20:30:48,,3,0
1219092370290487,497552607126144,2019,15,1,1,2500.0,4.0,1,RUAR2,1,RUAR2,1,2022-06-14 20:30:48,,3,0
1219092514290487,497552609126144,2019,15,1,1,2504.0,1.0,1,CLHI3,1,CLHI3,40,2022-06-14 20:30:48,,3,0
1219092515290487,497552609126144,2019,15,1,1,2504.0,2.0,1,CLHI3,1,CLHI3,45,2022-06-14 20:30:48,,3,0
1219092516290487,497552609126144,2019,15,1,1,2504.0,3.0,1,CLHI3,1,CLHI3,40,2022-06-14 20:30:48,,3,0
1219092517290487,497552609126144,2019,15,1,1,2504.0,4.0,1,CLHI3,1,CLHI3,26,2022-06-14 20:30:48,,3,0
1219092518290487,497552609126144,2019,15,1,1,2504.0,1.0,1,PSCA,1,PSCA,92,2022-06-14 20:30:48,,3,0
1219092519290487,497552609126144,2019,15,1,1,2504.0,2.0,1,PSCA,1,PSCA,85,2022-06-14 20:30:48,,3,0
1219092520290487,497552609126144,2019,15,1,1,2504.0,3.0,1,PSCA,1,PSCA,85,2022-06-14 20:30:48,,3,0
1219092521290487,497552609126144,2019,15,1,1,2504.0,4.0,1,PSCA,1,PSCA,90,2022-06-14 20:30:48,,3,0
1219092662290487,497552612126144,2019,15,1,1,2507.0,1.0,1,SEMA15,1,SEMA15,2,2022-06-14 20:30:48,,3,0
1219092663290487,497552612126144,2019,15,1,1,2507.0,2.0,1,SEMA15,1,SEMA15,1,2022-06-14 20:30:48,,3,0
1219092664290487,497552612126144,2019,15,1,1,2507.0,3.0,1,SEMA15,1,SEMA15,1,2022-06-14 20:30:48,,3,0
1219092665290487,497552612126144,2019,15,1,1,2507.0,4.0,1,SEMA15,1,SEMA15,1,2022-06-14 20:30:48,,3,0
1219092878290487,497552633126144,2019,15,1,3,1344.0,2.0,1,FIMI2,1,FIMI2,15,2022-06-14 20:30:49,,3,0
1219092879290487,497552633126144,2019,15,1,3,1344.0,3.0,1,FIMI2,1,FIMI2,15,2022-06-14 20:30:49,,3,0
1219092880290487,497552633126144,2019,15,1,3,1344.0,2.0,1,LACA2,1,LACA2,1,2022-06-14 20:30:49,,3,0
1219092881290487,497552633126144,2019,15,1,3,1344.0,3.0,1,LACA2,1,LACA2,1,2022-06-14 20:30:49,,3,0
1219092882290487,497552633126144,2019,15,1,3,1344.0,1.0,1,LELE10,1,LELE10,1,2022-06-14 20:30:49,,3,0
1219092883290487,497552633126144,2019,15,1,3,1344.0,2.0,1,LELE10,1,LELE10,35,2022-06-14 20:30:49,,3,0
1219092884290487,497552633126144,2019,15,1,3,1344.0,3.0,1,LELE10,1,LELE10,45,2022-06-14 20:30:49,,3,0
1219092885290487,497552633126144,2019,15,1,3,1344.0,1.0,1,PATRM,1,PATRM,1,2022-06-14 20:30:49,,3,0
1219092886290487,497552633126144,2019,15,1,3,1344.0,2.0,1,PATRM,1,PATRM,1,2022-06-14 20:30:49,,3,0
1219092887290487,497552633126144,2019,15,1,3,1344.0,3.0,1,PATRM,1,PATRM,1,2022-06-14 20:30:49,,3,0
1219092888290487,497552633126144,2019,15,1,3,1344.0,2.0,1,PSCA,1,PSCA,3,2022-06-14 20:30:49,,3,0
1219092889290487,497552633126144,2019,15,1,3,1344.0,2.0,1,SCTE,1,SCTE,10,2022-06-14 20:30:49,,3,0
1219092890290487,497552633126144,2019,15,1,3,1344.0,3.0,1,SCTE,1,SCTE,10,2022-06-14 20:30:49,,3,0
1219092990290487,497552634126144,2019,15,1,3,1347.0,1.0,1,LELE10,1,LELE10,45,2022-06-14 20:30:49,,3,0
1219092991290487,497552634126144,2019,15,1,3,1347.0,3.0,1,LELE10,1,LELE10,70,2022-06-14 20:30:49,,3,0
1219092992290487,497552634126144,2019,15,1,3,1347.0,1.0,1,SCTE,1,SCTE,6,2022-06-14 20:30:49,,3,0
1219092993290487,497552634126144,2019,15,1,3,1347.0,3.0,1,SCTE,1,SCTE,23,2022-06-14 20:30:49,,3,0
1219093072290487,497552638126144,2019,15,1,9,1924.0,1.0,1,CLHI3,1,CLHI3,1,2022-06-14 20:30:49,,3,0
1219093073290487,497552638126144,2019,15,1,9,1924.0,2.0,1,CLHI3,1,CLHI3,1,2022-06-14 20:30:49,,3,0
1219093074290487,497552638126144,2019,15,1,9,1924.0,3.0,1,CLHI3,1,CLHI3,7,2022-06-14 20:30:49,,3,0
1219093075290487,497552638126144,2019,15,1,9,1924.0,1.0,1,HEGA,1,HEGA,1,2022-06-14 20:30:49,,3,0
1219093076290487,497552638126144,2019,15,1,9,1924.0,2.0,1,HEGA,1,HEGA,6,2022-06-14 20:30:49,,3,0
1219093077290487,497552638126144,2019,15,1,9,1924.0,3.0,1,HEGA,1,HEGA,2,2022-06-14 20:30:49,,3,0
1219093078290487,497552638126144,2019,15,1,9,1924.0,4.0,1,HEGA,1,HEGA,1,2022-06-14 20:30:49,,3,0
1219093079290487,497552638126144,2019,15,1,9,1924.0,1.0,1,TIHE2,1,TIHE2,7,2022-06-14 20:30:49,,3,0
1219093080290487,497552638126144,2019,15,1,9,1924.0,2.0,1,TIHE2,1,TIHE2,9,2022-06-14 20:30:49,,3,0
1219093081290487,497552638126144,2019,15,1,9,1924.0,3.0,1,TIHE2,1,TIHE2,6,2022-06-14 20:30:49,,3,0
1219093082290487,497552638126144,2019,15,1,9,1924.0,4.0,1,TIHE2,1,TIHE2,3,2022-06-14 20:30:49,,3,0
1219093228290487,497552640126144,2019,15,1,9,1929.0,1.0,1,AREL4,1,AREL4,67,2022-06-14 20:30:49,,3,0
1219093229290487,497552640126144,2019,15,1,9,1929.0,2.0,1,AREL4,1,AREL4,91,2022-06-14 20:30:49,,3,0
1219093230290487,497552640126144,2019,15,1,9,1929.0,3.0,1,AREL4,1,AREL4,52,2022-06-14 20:30:49,,3,0
1219093231290487,497552640126144,2019,15,1,9,1929.0,4.0,1,AREL4,1,AREL4,5,2022-06-14 20:30:49,,3,0
1219093232290487,497552640126144,2019,15,1,9,1929.0,1.0,1,CLHI3,1,CLHI3,1,2022-06-14 20:30:49,,3,0
1219093233290487,497552640126144,2019,15,1,9,1929.0,4.0,1,CLHI3,1,CLHI3,2,2022-06-14 20:30:49,,3,0
1219093234290487,497552640126144,2019,15,1,9,1929.0,4.0,1,LACA2,1,LACA2,9,2022-06-14 20:30:49,,3,0
1219093235290487,497552640126144,2019,15,1,9,1929.0,2.0,1,PSCA,1,PSCA,14,2022-06-14 20:30:49,,3,0
1219093236290487,497552640126144,2019,15,1,9,1929.0,1.0,1,PSGU,1,PSGU,5,2022-06-14 20:30:49,,3,0
1219093237290487,497552640126144,2019,15,1,9,1929.0,3.0,1,PSGU,1,PSGU,8,2022-06-14 20:30:49,,3,0
1219093238290487,497552640126144,2019,15,1,9,1929.0,4.0,1,PSGU,1,PSGU,8,2022-06-14 20:30:49,,3,0
1219093239290487,497552640126144,2019,15,1,9,1929.0,3.0,1,SCTE,1,SCTE,1,2022-06-14 20:30:49,,3,0
1219086490290487,497553346126144,2019,15,1,9,1751.0,4.0,1,SCTE,1,SCTE,30,2022-06-14 20:30:32,,3,0
1219086646290487,497553348126144,2019,15,1,9,1757.0,1.0,1,LACA2,1,LACA2,1,2022-06-14 20:30:32,,3,0
1219086647290487,497553348126144,2019,15,1,9,1757.0,2.0,1,LACA2,1,LACA2,1,2022-06-14 20:30:32,,3,0
1219086648290487,497553348126144,2019,15,1,9,1757.0,4.0,1,LACA2,1,LACA2,1,2022-06-14 20:30:32,,3,0
1219086649290487,497553348126144,2019,15,1,9,1757.0,1.0,1,LELE10,1,LELE10,6,2022-06-14 20:30:32,,3,0
1219086650290487,497553348126144,2019,15,1,9,1757.0,2.0,1,LELE10,1,LELE10,2,2022-06-14 20:30:32,,3,0
1219086651290487,497553348126144,2019,15,1,9,1757.0,4.0,1,LELE10,1,LELE10,1,2022-06-14 20:30:32,,3,0
1219086652290487,497553348126144,2019,15,1,9,1757.0,2.0,1,PSCA,1,PSCA,1,2022-06-14 20:30:32,,3,0
1219086653290487,497553348126144,2019,15,1,9,1757.0,3.0,1,PSCA,1,PSCA,6,2022-06-14 20:30:32,,3,0
1219086654290487,497553348126144,2019,15,1,9,1757.0,3.0,1,PSGU,1,PSGU,1,2022-06-14 20:30:32,,3,0
1219086655290487,497553348126144,2019,15,1,9,1757.0,1.0,1,SCTE,1,SCTE,76,2022-06-14 20:30:32,,3,0
1219086656290487,497553348126144,2019,15,1,9,1757.0,2.0,1,SCTE,1,SCTE,64,2022-06-14 20:30:32,,3,0
1219086657290487,497553348126144,2019,15,1,9,1757.0,3.0,1,SCTE,1,SCTE,6,2022-06-14 20:30:32,,3,0
1219086658290487,497553348126144,2019,15,1,9,1757.0,4.0,1,SCTE,1,SCTE,3,2022-06-14 20:30:32,,3,0
1219086809290487,497553354126144,2019,15,1,9,1770.0,1.0,1,LACA2,1,LACA2,1,2022-06-14 20:30:33,,3,0
1219086810290487,497553354126144,2019,15,1,9,1770.0,3.0,1,LACA2,1,LACA2,1,2022-06-14 20:30:33,,3,0
1219086811290487,497553354126144,2019,15,1,9,1770.0,1.0,1,PSCA,1,PSCA,1,2022-06-14 20:30:33,,3,0
1219086812290487,497553354126144,2019,15,1,9,1770.0,4.0,1,PSGU,1,PSGU,1,2022-06-14 20:30:33,,3,0
1219086813290487,497553354126144,2019,15,1,9,1770.0,1.0,1,SCTE,1,SCTE,1,2022-06-14 20:30:33,,3,0
1219086814290487,497553354126144,2019,15,1,9,1770.0,2.0,1,SCTE,1,SCTE,4,2022-06-14 20:30:33,,3,0
1219086815290487,497553354126144,2019,15,1,9,1770.0,3.0,1,SCTE,1,SCTE,1,2022-06-14 20:30:33,,3,0
1219086816290487,497553354126144,2019,15,1,9,1770.0,4.0,1,SCTE,1,SCTE,1,2022-06-14 20:30:33,,3,0
1219086939290487,497553355126144,2019,15,1,1,5263.0,2.0,2,LACA2,1,LACA2,4,2022-06-14 20:30:33,,3,0
1219086940290487,497553355126144,2019,15,1,1,5263.0,2.0,2,PSGU,1,PSGU,7,2022-06-14 20:30:33,,3,0
1219087129290487,497553358126144,2019,15,1,1,5059.0,4.0,1,HEGA,1,HEGA,1,2022-06-14 20:30:33,,3,0
1219087130290487,497553358126144,2019,15,1,1,5059.0,1.0,1,PSGU,1,PSGU,5,2022-06-14 20:30:33,,3,0
1219087131290487,497553358126144,2019,15,1,1,5059.0,3.0,1,PSGU,1,PSGU,1,2022-06-14 20:30:33,,3,0
1219087132290487,497553358126144,2019,15,1,1,5059.0,4.0,1,PSGU,1,PSGU,1,2022-06-14 20:30:33,,3,0
1219087870290487,497553380126144,2019,15,1,1,2737.0,1.0,1,CLHI3,1,CLHI3,1,2022-06-14 20:30:34,,3,0
1219087871290487,497553380126144,2019,15,1,1,2737.0,2.0,1,CLHI3,1,CLHI3,1,2022-06-14 20:30:34,,3,0
1219087872290487,497553380126144,2019,15,1,1,2737.0,3.0,1,CLHI3,1,CLHI3,1,2022-06-14 20:30:34,,3,0
1219088168290487,497553386126144,2019,15,1,1,2747.0,4.0,1,PSCA,1,PSCA,1,2022-06-14 20:30:34,,3,0
1219088169290487,497553386126144,2019,15,1,1,2747.0,2.0,1,TIHE2,1,TIHE2,1,2022-06-14 20:30:34,,3,0
1219088170290487,497553386126144,2019,15,1,1,2747.0,4.0,1,TIHE2,1,TIHE2,1,2022-06-14 20:30:34,,3,0
1219088324290487,497553393126144,2019,15,1,1,2757.0,2.0,1,LACA2,1,LACA2,1,2022-06-14 20:30:34,,3,0
1219088707290487,497553397126144,2019,15,1,1,2763.0,1.0,1,TIHE2,1,TIHE2,1,2022-06-14 20:30:36,,3,0
1219088708290487,497553397126144,2019,15,1,1,2763.0,4.0,1,TIHE2,1,TIHE2,1,2022-06-14 20:30:36,,3,0
1219088850290487,497553398126144,2019,15,1,1,2764.0,1.0,1,PSCA,1,PSCA,1,2022-06-14 20:30:36,,3,0
1219088851290487,497553398126144,2019,15,1,1,2764.0,3.0,1,PSCA,1,PSCA,1,2022-06-14 20:30:36,,3,0
1219088996290487,497553400126144,2019,15,1,1,2768.0,1.0,1,CENO,1,CENO,43,2022-06-14 20:30:36,,3,0
1219088997290487,497553400126144,2019,15,1,1,2768.0,2.0,1,CENO,1,CENO,28,2022-06-14 20:30:36,,3,0
1219088998290487,497553400126144,2019,15,1,1,2768.0,3.0,1,CENO,1,CENO,44,2022-06-14 20:30:36,,3,0
1219088999290487,497553400126144,2019,15,1,1,2768.0,4.0,1,CENO,1,CENO,30,2022-06-14 20:30:36,,3,0
1219089282290487,497553407126144,2019,15,1,1,2780.0,2.0,2,LACA2,1,LACA2,2,2022-06-14 20:30:37,,3,0
1219089283290487,497553407126144,2019,15,1,1,2780.0,2.0,2,LELE10,1,LELE10,22,2022-06-14 20:30:37,,3,0
1219089284290487,497553407126144,2019,15,1,1,2780.0,2.0,2,SCTE,1,SCTE,23,2022-06-14 20:30:37,,3,0
1219089603290487,497553416126144,2019,15,1,7,1198.0,4.0,3,LELE10,1,LELE10,3,2022-06-14 20:30:38,,3,0
1219089646290487,497553418126144,2019,15,1,7,1203.0,2.0,1,FIMI2,1,FIMI2,6,2022-06-14 20:30:38,,3,0
1219089647290487,497553418126144,2019,15,1,7,1203.0,3.0,1,FIMI2,1,FIMI2,1,2022-06-14 20:30:38,,3,0
1219089648290487,497553418126144,2019,15,1,7,1203.0,4.0,1,FIMI2,1,FIMI2,1,2022-06-14 20:30:38,,3,0
1219089649290487,497553418126144,2019,15,1,7,1203.0,3.0,1,GRRO,1,GRRO,2,2022-06-14 20:30:38,,3,0
1219089650290487,497553418126144,2019,15,1,7,1203.0,1.0,1,PSCA,1,PSCA,3,2022-06-14 20:30:38,,3,0
1219089651290487,497553418126144,2019,15,1,7,1203.0,2.0,1,PSCA,1,PSCA,22,2022-06-14 20:30:38,,3,0
1219089652290487,497553418126144,2019,15,1,7,1203.0,3.0,1,PSCA,1,PSCA,71,2022-06-14 20:30:38,,3,0
1219089653290487,497553418126144,2019,15,1,7,1203.0,4.0,1,PSCA,1,PSCA,86,2022-06-14 20:30:38,,3,0
1219089654290487,497553418126144,2019,15,1,7,1203.0,1.0,1,SCTE,1,SCTE,5,2022-06-14 20:30:38,,3,0
1219089655290487,497553418126144,2019,15,1,7,1203.0,4.0,1,SCTE,1,SCTE,1,2022-06-14 20:30:38,,3,0
1219099206290487,497553443126144,2019,15,1,1,2354.0,1.0,1,SEMA15,1,SEMA15,15,2022-06-14 20:30:57,,3,0
1219099207290487,497553443126144,2019,15,1,1,2354.0,2.0,1,SEMA15,1,SEMA15,1,2022-06-14 20:30:57,,3,0
1219099208290487,497553443126144,2019,15,1,1,2354.0,3.0,1,SEMA15,1,SEMA15,1,2022-06-14 20:30:57,,3,0
1219099209290487,497553443126144,2019,15,1,1,2354.0,4.0,1,SEMA15,1,SEMA15,2,2022-06-14 20:30:57,,3,0
1219099340290487,497553445126144,2019,15,1,1,2358.0,2.0,2,CLHI3,1,CLHI3,2,2022-06-14 20:30:57,,3,0
1219099341290487,497553445126144,2019,15,1,1,2358.0,2.0,2,MECA9,1,MECA9,1,2022-06-14 20:30:57,,3,0
1219099342290487,497553445126144,2019,15,1,1,2358.0,2.0,2,MICA20,1,MICA20,3,2022-06-14 20:30:57,,3,0
1219099343290487,497553445126144,2019,15,1,1,2358.0,2.0,2,PSGU,1,PSGU,15,2022-06-14 20:30:57,,3,0
1219099344290487,497553445126144,2019,15,1,1,2358.0,2.0,2,SEPA6,1,SEPA6,1,2022-06-14 20:30:57,,3,0
1219099389290487,497553447126144,2019,15,1,1,2360.0,1.0,1,SEMA15,1,SEMA15,53,2022-06-14 20:30:57,,3,0
1219099390290487,497553447126144,2019,15,1,1,2360.0,2.0,1,SEMA15,1,SEMA15,57,2022-06-14 20:30:57,,3,0
1219099391290487,497553447126144,2019,15,1,1,2360.0,3.0,1,SEMA15,1,SEMA15,36,2022-06-14 20:30:57,,3,0
1219099392290487,497553447126144,2019,15,1,1,2360.0,4.0,1,SEMA15,1,SEMA15,33,2022-06-14 20:30:57,,3,0
1219099703290487,497553459126144,2019,15,1,1,2376.0,4.0,1,CLHI3,1,CLHI3,1,2022-06-14 20:30:57,,3,0
1219099704290487,497553459126144,2019,15,1,1,2376.0,4.0,1,TIHE2,1,TIHE2,1,2022-06-14 20:30:57,,3,0
1219099843290487,497553463126144,2019,15,1,1,2382.0,1.0,1,CLHI3,1,CLHI3,12,2022-06-14 20:30:58,,3,0
1219099844290487,497553463126144,2019,15,1,1,2382.0,2.0,1,CLHI3,1,CLHI3,45,2022-06-14 20:30:58,,3,0
1219099845290487,497553463126144,2019,15,1,1,2382.0,3.0,1,CLHI3,1,CLHI3,60,2022-06-14 20:30:58,,3,0
1219099846290487,497553463126144,2019,15,1,1,2382.0,4.0,1,CLHI3,1,CLHI3,75,2022-06-14 20:30:58,,3,0
1219099847290487,497553463126144,2019,15,1,1,2382.0,1.0,1,MECA9,1,MECA9,15,2022-06-14 20:30:58,,3,0
1219099848290487,497553463126144,2019,15,1,1,2382.0,2.0,1,MECA9,1,MECA9,26,2022-06-14 20:30:58,,3,0
1219099849290487,497553463126144,2019,15,1,1,2382.0,4.0,1,MECA9,1,MECA9,9,2022-06-14 20:30:58,,3,0
1219099850290487,497553463126144,2019,15,1,1,2382.0,1.0,1,PSCA,1,PSCA,73,2022-06-14 20:30:58,,3,0
1219099851290487,497553463126144,2019,15,1,1,2382.0,2.0,1,PSCA,1,PSCA,62,2022-06-14 20:30:58,,3,0
1219099852290487,497553463126144,2019,15,1,1,2382.0,3.0,1,PSCA,1,PSCA,90,2022-06-14 20:30:58,,3,0
1219099853290487,497553463126144,2019,15,1,1,2382.0,4.0,1,PSCA,1,PSCA,90,2022-06-14 20:30:58,,3,0
1219099998290487,497553466126144,2019,15,1,1,2385.0,4.0,1,GRRO,1,GRRO,10,2022-06-14 20:30:58,,3,0
1219099999290487,497553466126144,2019,15,1,1,2385.0,1.0,1,PESE3,1,PESE3,5,2022-06-14 20:30:58,,3,0
1219100000290487,497553466126144,2019,15,1,1,2385.0,4.0,1,PESE3,1,PESE3,85,2022-06-14 20:30:58,,3,0
1219100382290487,497553475126144,2019,15,1,1,2395.0,3.0,1,PESE3,1,PESE3,75,2022-06-14 20:30:58,,3,0
1219100383290487,497553475126144,2019,15,1,1,2395.0,4.0,1,PESE3,1,PESE3,1,2022-06-14 20:30:58,,3,0
1219100384290487,497553475126144,2019,15,1,1,2395.0,1.0,1,SEMA15,1,SEMA15,9,2022-06-14 20:30:58,,3,0
1219100385290487,497553475126144,2019,15,1,1,2395.0,2.0,1,SEMA15,1,SEMA15,1,2022-06-14 20:30:58,,3,0
1219100386290487,497553475126144,2019,15,1,1,2395.0,3.0,1,SEMA15,1,SEMA15,1,2022-06-14 20:30:58,,3,0
1219100387290487,497553475126144,2019,15,1,1,2395.0,4.0,1,SEMA15,1,SEMA15,13,2022-06-14 20:30:58,,3,0
1219100535290487,497553479126144,2019,15,1,1,2400.0,1.0,1,CLHI3,1,CLHI3,1,2022-06-14 20:30:58,,3,0
1219100536290487,497553479126144,2019,15,1,1,2400.0,4.0,1,CLHI3,1,CLHI3,1,2022-06-14 20:30:58,,3,0
1219100537290487,497553479126144,2019,15,1,1,2400.0,1.0,1,PSCA,1,PSCA,1,2022-06-14 20:30:58,,3,0
1219100538290487,497553479126144,2019,15,1,1,2400.0,2.0,1,PSCA,1,PSCA,7,2022-06-14 20:30:58,,3,0
1219100539290487,497553479126144,2019,15,1,1,2400.0,3.0,1,PSCA,1,PSCA,3,2022-06-14 20:30:58,,3,0
1219100540290487,497553479126144,2019,15,1,1,2400.0,4.0,1,PSCA,1,PSCA,10,2022-06-14 20:30:58,,3,0
1219119990290487,497553676126144,2019,15,1,1,5347.0,1.0,1,PSCA,1,PSCA,3,2022-06-14 20:31:28,,3,0
1219119991290487,497553676126144,2019,15,1,1,5347.0,2.0,1,PSCA,1,PSCA,6,2022-06-14 20:31:28,,3,0
1219119992290487,497553676126144,2019,15,1,1,5347.0,3.0,1,PSCA,1,PSCA,5,2022-06-14 20:31:28,,3,0
1219119993290487,497553676126144,2019,15,1,1,5347.0,4.0,1,PSCA,1,PSCA,60,2022-06-14 20:31:28,,3,0
1219119994290487,497553676126144,2019,15,1,1,5347.0,1.0,1,SEPA6,1,SEPA6,30,2022-06-14 20:31:28,,3,0
1219119995290487,497553676126144,2019,15,1,1,5347.0,2.0,1,SEPA6,1,SEPA6,10,2022-06-14 20:31:28,,3,0
1219119996290487,497553676126144,2019,15,1,1,5347.0,3.0,1,SEPA6,1,SEPA6,5,2022-06-14 20:31:28,,3,0
1219119997290487,497553676126144,2019,15,1,1,5347.0,1.0,1,TIHE2,1,TIHE2,1,2022-06-14 20:31:28,,3,0
1219119998290487,497553676126144,2019,15,1,1,5347.0,2.0,1,TIHE2,1,TIHE2,3,2022-06-14 20:31:28,,3,0
1219119999290487,497553676126144,2019,15,1,1,5347.0,3.0,1,TIHE2,1,TIHE2,1,2022-06-14 20:31:28,,3,0
1219120154290487,497553680126144,2019,15,1,9,1872.0,4.0,2,CENO,1,CENO,35,2022-06-14 20:31:29,,3,0
1219120155290487,497553680126144,2019,15,1,9,1872.0,3.0,2,HEGA,1,HEGA,1,2022-06-14 20:31:29,,3,0
1219120156290487,497553680126144,2019,15,1,9,1872.0,4.0,2,HEGA,1,HEGA,1,2022-06-14 20:31:29,,3,0
1219120157290487,497553680126144,2019,15,1,9,1872.0,3.0,2,PSCA,1,PSCA,1,2022-06-14 20:31:29,,3,0
1219120158290487,497553680126144,2019,15,1,9,1872.0,4.0,2,PSCA,1,PSCA,1,2022-06-14 20:31:29,,3,0
1219120159290487,497553680126144,2019,15,1,9,1872.0,1.0,2,RUAR2,1,RUAR2,1,2022-06-14 20:31:29,,3,0
1219120160290487,497553680126144,2019,15,1,9,1872.0,3.0,2,RUAR2,1,RUAR2,1,2022-06-14 20:31:29,,3,0
1219120161290487,497553680126144,2019,15,1,9,1872.0,2.0,2,ULEU,1,ULEU,1,2022-06-14 20:31:29,,3,0
1219120162290487,497553680126144,2019,15,1,9,1872.0,3.0,2,ULEU,1,ULEU,9,2022-06-14 20:31:29,,3,0
1219120163290487,497553680126144,2019,15,1,9,1872.0,4.0,2,ULEU,1,ULEU,1,2022-06-14 20:31:29,,3,0
1219120295290487,497553684126144,2019,15,1,9,1877.0,1.0,1,TIHE2,1,TIHE2,2,2022-06-14 20:31:29,,3,0
1219120296290487,497553684126144,2019,15,1,9,1877.0,2.0,1,TIHE2,1,TIHE2,1,2022-06-14 20:31:29,,3,0
1219120297290487,497553684126144,2019,15,1,9,1877.0,3.0,1,TIHE2,1,TIHE2,2,2022-06-14 20:31:29,,3,0
1219120298290487,497553684126144,2019,15,1,9,1877.0,4.0,1,TIHE2,1,TIHE2,5,2022-06-14 20:31:29,,3,0
1219120448290487,497553687126144,2019,15,1,9,1883.0,1.0,1,TIHE2,1,TIHE2,3,2022-06-14 20:31:29,,3,0
1219120449290487,497553687126144,2019,15,1,9,1883.0,2.0,1,TIHE2,1,TIHE2,6,2022-06-14 20:31:29,,3,0
365883934489998,49612793010497,2010,15,1,1,2464.0,3.0,1,CLHI3,1,CLHI3,4,2015-12-17 12:39:29,2021-06-04 15:05:17,2,0
365883935489998,49612793010497,2010,15,1,1,2464.0,4.0,1,CLHI3,1,CLHI3,15,2015-12-17 12:39:29,2021-06-04 15:05:17,2,0
365883936489998,49612793010497,2010,15,1,1,2464.0,1.0,1,PSCA,1,PSCA,40,2015-12-17 12:39:29,2021-06-04 15:05:17,2,0
365883937489998,49612793010497,2010,15,1,1,2464.0,2.0,1,PSCA,1,PSCA,55,2015-12-17 12:39:29,2021-06-04 15:05:17,2,0
365883938489998,49612793010497,2010,15,1,1,2464.0,3.0,1,PSCA,1,PSCA,30,2015-12-17 12:39:29,2021-06-04 15:05:17,2,0
365883939489998,49612793010497,2010,15,1,1,2464.0,4.0,1,PSCA,1,PSCA,30,2015-12-17 12:39:29,2021-06-04 15:05:17,2,0
365883940489998,49612793010497,2010,15,1,1,2464.0,2.0,1,TIHE2,1,TIHE2,2,2015-12-17 12:39:29,2021-06-04 15:05:17,2,0
365884068489998,49612797010497,2010,15,1,1,2473.0,1.0,1,PATRM,1,PATRM,1,2015-12-17 12:39:29,2021-06-04 15:05:17,2,0
365884069489998,49612797010497,2010,15,1,1,2473.0,2.0,1,PATRM,1,PATRM,1,2015-12-17 12:39:29,2021-06-04 15:05:17,2,0
365884070489998,49612797010497,2010,15,1,1,2473.0,1.0,1,SEMA15,1,SEMA15,4,2015-12-17 12:39:29,2021-06-04 15:05:17,2,0
365884071489998,49612797010497,2010,15,1,1,2473.0,3.0,1,SEMA15,1,SEMA15,4,2015-12-17 12:39:29,2021-06-04 15:05:17,2,0
365884072489998,49612797010497,2010,15,1,1,2473.0,4.0,1,SEMA15,1,SEMA15,12,2015-12-17 12:39:29,2021-06-04 15:05:17,2,0
365884188489998,49612800010497,2010,15,1,1,2482.0,1.0,1,PSGU,1,PSGU,1,2015-12-17 12:39:29,2021-06-04 15:05:17,2,0
365884379489998,49612804010497,2010,15,1,1,2490.0,1.0,1,MECA9,1,MECA9,2,2015-12-17 12:39:30,2021-06-04 15:05:17,2,0
365884380489998,49612804010497,2010,15,1,1,2490.0,2.0,1,MECA9,1,MECA9,2,2015-12-17 12:39:30,2021-06-04 15:05:17,2,0
365884381489998,49612804010497,2010,15,1,1,2490.0,3.0,1,MECA9,1,MECA9,2,2015-12-17 12:39:30,2021-06-04 15:05:17,2,0
365884382489998,49612804010497,2010,15,1,1,2490.0,4.0,2,MECA9,1,MECA9,8,2015-12-17 12:39:30,2021-06-04 15:05:17,2,0
365884383489998,49612804010497,2010,15,1,1,2490.0,1.0,1,PSCA,1,PSCA,1,2015-12-17 12:39:30,2021-06-04 15:05:17,2,0
365884515489998,49612806010497,2010,15,1,1,2500.0,2.0,1,LACA2,1,LACA2,1,2015-12-17 12:39:30,2021-06-04 15:05:17,2,0
365884516489998,49612806010497,2010,15,1,1,2500.0,1.0,1,PATRM,1,PATRM,4,2015-12-17 12:39:30,2021-06-04 15:05:17,2,0
365884517489998,49612806010497,2010,15,1,1,2500.0,3.0,2,PATRM,1,PATRM,1,2015-12-17 12:39:30,2021-06-04 15:05:17,2,0
365884518489998,49612806010497,2010,15,1,1,2500.0,4.0,2,PATRM,1,PATRM,1,2015-12-17 12:39:30,2021-06-04 15:05:17,2,0
365884653489998,49612826010497,2010,15,1,1,2544.0,1.0,1,CLHI3,1,CLHI3,2,2015-12-17 12:39:31,2021-06-04 15:05:17,2,0
365884654489998,49612826010497,2010,15,1,1,2544.0,2.0,1,CLHI3,1,CLHI3,18,2015-12-17 12:39:31,2021-06-04 15:05:17,2,0
365884655489998,49612826010497,2010,15,1,1,2544.0,4.0,1,CLHI3,1,CLHI3,20,2015-12-17 12:39:31,2021-06-04 15:05:17,2,0
365884656489998,49612826010497,2010,15,1,1,2544.0,4.0,1,MECA9,1,MECA9,25,2015-12-17 12:39:31,2021-06-04 15:05:17,2,0
365884657489998,49612826010497,2010,15,1,1,2544.0,1.0,1,PSCA,1,PSCA,90,2015-12-17 12:39:31,2021-06-04 15:05:17,2,0
365884658489998,49612826010497,2010,15,1,1,2544.0,2.0,1,PSCA,1,PSCA,70,2015-12-17 12:39:31,2021-06-04 15:05:17,2,0
365884908489998,49612832010497,2010,15,1,1,2557.0,1.0,1,PSCA,1,PSCA,45,2015-12-17 12:39:31,2021-06-04 15:05:17,2,0
365884909489998,49612832010497,2010,15,1,1,2557.0,2.0,1,PSCA,1,PSCA,25,2015-12-17 12:39:31,2021-06-04 15:05:17,2,0
365884910489998,49612832010497,2010,15,1,1,2557.0,3.0,1,PSCA,1,PSCA,55,2015-12-17 12:39:31,2021-06-04 15:05:17,2,0
365884911489998,49612832010497,2010,15,1,1,2557.0,4.0,1,PSCA,1,PSCA,40,2015-12-17 12:39:31,2021-06-04 15:05:17,2,0
365884912489998,49612832010497,2010,15,1,1,2557.0,1.0,1,SEPA6,1,SEPA6,8,2015-12-17 12:39:31,2021-06-04 15:05:17,2,0
365884913489998,49612832010497,2010,15,1,1,2557.0,2.0,1,SEPA6,1,SEPA6,30,2015-12-17 12:39:31,2021-06-04 15:05:17,2,0
365884914489998,49612832010497,2010,15,1,1,2557.0,3.0,1,SEPA6,1,SEPA6,6,2015-12-17 12:39:31,2021-06-04 15:05:17,2,0
365884915489998,49612832010497,2010,15,1,1,2557.0,4.0,1,SEPA6,1,SEPA6,14,2015-12-17 12:39:31,2021-06-04 15:05:17,2,0
365885039489998,49612835010497,2010,15,1,1,2564.0,3.0,1,CLHI3,1,CLHI3,1,2015-12-17 12:39:31,2021-06-04 15:05:17,2,0
365885040489998,49612835010497,2010,15,1,1,2564.0,1.0,1,MECA9,1,MECA9,6,2015-12-17 12:39:31,2021-06-04 15:05:17,2,0
365885041489998,49612835010497,2010,15,1,1,2564.0,2.0,1,MECA9,1,MECA9,3,2015-12-17 12:39:31,2021-06-04 15:05:17,2,0
365885042489998,49612835010497,2010,15,1,1,2564.0,3.0,1,MECA9,1,MECA9,1,2015-12-17 12:39:31,2021-06-04 15:05:17,2,0
365885043489998,49612835010497,2010,15,1,1,2564.0,1.0,1,PSCA,1,PSCA,74,2015-12-17 12:39:31,2021-06-04 15:05:17,2,0
365885044489998,49612835010497,2010,15,1,1,2564.0,2.0,1,PSCA,1,PSCA,85,2015-12-17 12:39:31,2021-06-04 15:05:17,2,0
365885045489998,49612835010497,2010,15,1,1,2564.0,3.0,1,PSCA,1,PSCA,60,2015-12-17 12:39:31,2021-06-04 15:05:17,2,0
365885203489998,49612843010497,2010,15,1,1,2577.0,2.0,1,RUELO,1,RUELO,4,2015-12-17 12:39:32,2021-06-04 15:05:17,2,0
365885204489998,49612843010497,2010,15,1,1,2577.0,3.0,1,RUELO,1,RUELO,1,2015-12-17 12:39:32,2021-06-04 15:05:17,2,0
365885205489998,49612843010497,2010,15,1,1,2577.0,4.0,1,RUELO,1,RUELO,1,2015-12-17 12:39:32,2021-06-04 15:05:17,2,0
365885206489998,49612843010497,2010,15,1,1,2577.0,2.0,1,PATRM,1,PATRM,5,2015-12-17 12:39:32,2021-06-04 15:05:17,2,0
365885207489998,49612843010497,2010,15,1,1,2577.0,3.0,1,PATRM,1,PATRM,2,2015-12-17 12:39:32,2021-06-04 15:05:17,2,0
365885327489998,49612846010497,2010,15,1,1,2583.0,1.0,1,PSCA,1,PSCA,1,2015-12-17 12:39:32,2021-06-04 15:05:17,2,0
365885328489998,49612846010497,2010,15,1,1,2583.0,2.0,1,PSCA,1,PSCA,1,2015-12-17 12:39:32,2021-06-04 15:05:17,2,0
365885329489998,49612846010497,2010,15,1,1,2583.0,3.0,1,PSCA,1,PSCA,1,2015-12-17 12:39:32,2021-06-04 15:05:17,2,0
365885330489998,49612846010497,2010,15,1,1,2583.0,4.0,1,PSCA,1,PSCA,2,2015-12-17 12:39:32,2021-06-04 15:05:17,2,0
365885331489998,49612846010497,2010,15,1,1,2583.0,1.0,1,SEPA6,1,SEPA6,3,2015-12-17 12:39:32,2021-06-04 15:05:17,2,0
365885332489998,49612846010497,2010,15,1,1,2583.0,2.0,1,SEPA6,1,SEPA6,5,2015-12-17 12:39:32,2021-06-04 15:05:17,2,0
365885333489998,49612846010497,2010,15,1,1,2583.0,3.0,1,SEPA6,1,SEPA6,1,2015-12-17 12:39:32,2021-06-04 15:05:17,2,0
365885464489998,49612853010497,2010,15,1,1,2592.0,1.0,1,HEGA,1,HEGA,1,2015-12-17 12:39:32,2021-06-04 15:05:17,2,0
365885465489998,49612853010497,2010,15,1,1,2592.0,2.0,1,HEGA,1,HEGA,1,2015-12-17 12:39:32,2021-06-04 15:05:17,2,0
365885466489998,49612853010497,2010,15,1,1,2592.0,3.0,1,HEGA,1,HEGA,1,2015-12-17 12:39:32,2021-06-04 15:05:17,2,0
365885467489998,49612853010497,2010,15,1,1,2592.0,1.0,1,PSCA,1,PSCA,2,2015-12-17 12:39:32,2021-06-04 15:05:17,2,0
365885468489998,49612853010497,2010,15,1,1,2592.0,2.0,1,PSCA,1,PSCA,12,2015-12-17 12:39:32,2021-06-04 15:05:17,2,0
365885469489998,49612853010497,2010,15,1,1,2592.0,3.0,1,PSCA,1,PSCA,2,2015-12-17 12:39:32,2021-06-04 15:05:17,2,0
365885598489998,49612856010497,2010,15,1,1,2608.0,1.0,1,CLHI3,1,CLHI3,2,2015-12-17 12:39:33,2021-06-04 15:05:17,2,0
365885599489998,49612856010497,2010,15,1,1,2608.0,2.0,1,CLHI3,1,CLHI3,45,2015-12-17 12:39:33,2021-06-04 15:05:17,2,0
365885600489998,49612856010497,2010,15,1,1,2608.0,3.0,1,CLHI3,1,CLHI3,6,2015-12-17 12:39:33,2021-06-04 15:05:17,2,0
365885601489998,49612856010497,2010,15,1,1,2608.0,4.0,1,CLHI3,1,CLHI3,35,2015-12-17 12:39:33,2021-06-04 15:05:17,2,0
365885602489998,49612856010497,2010,15,1,1,2608.0,1.0,1,MECA9,1,MECA9,7,2015-12-17 12:39:33,2021-06-04 15:05:17,2,0
365885603489998,49612856010497,2010,15,1,1,2608.0,2.0,1,MECA9,1,MECA9,5,2015-12-17 12:39:33,2021-06-04 15:05:17,2,0
365885604489998,49612856010497,2010,15,1,1,2608.0,3.0,1,MECA9,1,MECA9,3,2015-12-17 12:39:33,2021-06-04 15:05:17,2,0
365885605489998,49612856010497,2010,15,1,1,2608.0,4.0,1,MECA9,1,MECA9,9,2015-12-17 12:39:33,2021-06-04 15:05:17,2,0
365885606489998,49612856010497,2010,15,1,1,2608.0,1.0,1,PSCA,1,PSCA,2,2015-12-17 12:39:33,2021-06-04 15:05:17,2,0
365885607489998,49612856010497,2010,15,1,1,2608.0,2.0,1,PSCA,1,PSCA,2,2015-12-17 12:39:33,2021-06-04 15:05:17,2,0
365885608489998,49612856010497,2010,15,1,1,2608.0,3.0,1,PSCA,1,PSCA,1,2015-12-17 12:39:33,2021-06-04 15:05:17,2,0
365885735489998,49612858010497,2010,15,1,1,2614.0,1.0,1,MECA9,1,MECA9,35,2015-12-17 12:39:33,2021-06-04 15:05:17,2,0
365885736489998,49612858010497,2010,15,1,1,2614.0,2.0,1,MECA9,1,MECA9,45,2015-12-17 12:39:33,2021-06-04 15:05:17,2,0
365885737489998,49612858010497,2010,15,1,1,2614.0,3.0,1,MECA9,1,MECA9,40,2015-12-17 12:39:33,2021-06-04 15:05:17,2,0
365885738489998,49612858010497,2010,15,1,1,2614.0,4.0,1,MECA9,1,MECA9,30,2015-12-17 12:39:33,2021-06-04 15:05:17,2,0
365885739489998,49612858010497,2010,15,1,1,2614.0,1.0,1,PSCA,1,PSCA,80,2015-12-17 12:39:33,2021-06-04 15:05:17,2,0
365885740489998,49612858010497,2010,15,1,1,2614.0,2.0,1,PSCA,1,PSCA,28,2015-12-17 12:39:33,2021-06-04 15:05:17,2,0
365885741489998,49612858010497,2010,15,1,1,2614.0,3.0,1,PSCA,1,PSCA,75,2015-12-17 12:39:33,2021-06-04 15:05:17,2,0
365885742489998,49612858010497,2010,15,1,1,2614.0,4.0,1,PSCA,1,PSCA,90,2015-12-17 12:39:33,2021-06-04 15:05:17,2,0
365885867489998,49612861010497,2010,15,1,1,2621.0,3.0,2,HEGA,1,HEGA,2,2015-12-17 12:39:33,2021-06-04 15:05:17,2,0
365885868489998,49612861010497,2010,15,1,1,2621.0,3.0,2,PSCA,1,PSCA,1,2015-12-17 12:39:33,2021-06-04 15:05:17,2,0
365885901489998,49612864010497,2010,15,1,1,2624.0,1.0,1,HEGA,1,HEGA,1,2015-12-17 12:39:33,2021-06-04 15:05:17,2,0
365885902489998,49612864010497,2010,15,1,1,2624.0,3.0,1,HEGA,1,HEGA,1,2015-12-17 12:39:33,2021-06-04 15:05:17,2,0
365885903489998,49612864010497,2010,15,1,1,2624.0,1.0,1,PSCA,1,PSCA,2,2015-12-17 12:39:33,2021-06-04 15:05:17,2,0
365885904489998,49612864010497,2010,15,1,1,2624.0,2.0,1,PSCA,1,PSCA,1,2015-12-17 12:39:33,2021-06-04 15:05:17,2,0
365885905489998,49612864010497,2010,15,1,1,2624.0,3.0,1,PSCA,1,PSCA,12,2015-12-17 12:39:33,2021-06-04 15:05:17,2,0
365885906489998,49612864010497,2010,15,1,1,2624.0,4.0,1,PSCA,1,PSCA,1,2015-12-17 12:39:33,2021-06-04 15:05:17,2,0
365886159489998,49612866010497,2010,15,1,1,2627.0,1.0,1,CLHI3,1,CLHI3,20,2015-12-17 12:39:34,2021-06-04 15:05:17,2,0
365886160489998,49612866010497,2010,15,1,1,2627.0,2.0,1,CLHI3,1,CLHI3,3,2015-12-17 12:39:34,2021-06-04 15:05:17,2,0
365886161489998,49612866010497,2010,15,1,1,2627.0,3.0,1,CLHI3,1,CLHI3,2,2015-12-17 12:39:34,2021-06-04 15:05:17,2,0
365886162489998,49612866010497,2010,15,1,1,2627.0,4.0,1,CLHI3,1,CLHI3,13,2015-12-17 12:39:34,2021-06-04 15:05:17,2,0
365886163489998,49612866010497,2010,15,1,1,2627.0,1.0,1,PSCA,1,PSCA,25,2015-12-17 12:39:34,2021-06-04 15:05:17,2,0
365886164489998,49612866010497,2010,15,1,1,2627.0,2.0,1,PSCA,1,PSCA,55,2015-12-17 12:39:34,2021-06-04 15:05:17,2,0
365886165489998,49612866010497,2010,15,1,1,2627.0,3.0,1,PSCA,1,PSCA,20,2015-12-17 12:39:34,2021-06-04 15:05:17,2,0
365886166489998,49612866010497,2010,15,1,1,2627.0,4.0,1,PSCA,1,PSCA,5,2015-12-17 12:39:34,2021-06-04 15:05:17,2,0
365886167489998,49612866010497,2010,15,1,1,2627.0,4.0,1,TIHE2,1,TIHE2,16,2015-12-17 12:39:34,2021-06-04 15:05:17,2,0
365886302489998,49612872010497,2010,15,1,1,2640.0,1.0,1,HEGA,1,HEGA,70,2015-12-17 12:39:34,2021-06-04 15:05:17,2,0
365886303489998,49612872010497,2010,15,1,1,2640.0,2.0,1,HEGA,1,HEGA,80,2015-12-17 12:39:34,2021-06-04 15:05:17,2,0
365886304489998,49612872010497,2010,15,1,1,2640.0,3.0,1,HEGA,1,HEGA,45,2015-12-17 12:39:34,2021-06-04 15:05:17,2,0
365886305489998,49612872010497,2010,15,1,1,2640.0,4.0,1,HEGA,1,HEGA,75,2015-12-17 12:39:34,2021-06-04 15:05:17,2,0
365886306489998,49612872010497,2010,15,1,1,2640.0,1.0,1,MOFA,1,MOFA,60,2015-12-17 12:39:34,2021-06-04 15:05:17,2,0
365886307489998,49612872010497,2010,15,1,1,2640.0,2.0,1,MOFA,1,MOFA,1,2015-12-17 12:39:34,2021-06-04 15:05:17,2,0
365886308489998,49612872010497,2010,15,1,1,2640.0,3.0,1,MOFA,1,MOFA,15,2015-12-17 12:39:34,2021-06-04 15:05:17,2,0
365886309489998,49612872010497,2010,15,1,1,2640.0,4.0,1,MOFA,1,MOFA,15,2015-12-17 12:39:34,2021-06-04 15:05:17,2,0
365886435489998,49612875010497,2010,15,1,1,2655.0,2.0,1,CLHI3,1,CLHI3,1,2015-12-17 12:39:35,2021-06-04 15:05:17,2,0
365886556489998,49612882010497,2010,15,1,1,2678.0,1.0,1,GRRO,1,GRRO,41,2015-12-17 12:39:35,2021-06-04 15:05:17,2,0
365886557489998,49612882010497,2010,15,1,1,2678.0,3.0,2,GRRO,1,GRRO,15,2015-12-17 12:39:35,2021-06-04 15:05:17,2,0
365886558489998,49612882010497,2010,15,1,1,2678.0,4.0,1,GRRO,1,GRRO,90,2015-12-17 12:39:35,2021-06-04 15:05:17,2,0
365886559489998,49612882010497,2010,15,1,1,2678.0,1.0,1,PSGU,1,PSGU,75,2015-12-17 12:39:35,2021-06-04 15:05:17,2,0
365886560489998,49612882010497,2010,15,1,1,2678.0,2.0,2,PSGU,1,PSGU,65,2015-12-17 12:39:35,2021-06-04 15:05:17,2,0
365886561489998,49612882010497,2010,15,1,1,2678.0,3.0,2,PSGU,1,PSGU,55,2015-12-17 12:39:35,2021-06-04 15:05:17,2,0
365886562489998,49612882010497,2010,15,1,1,2678.0,4.0,1,PSGU,1,PSGU,5,2015-12-17 12:39:35,2021-06-04 15:05:17,2,0
365886937489998,49612893010497,2010,15,1,1,2702.0,2.0,2,PSGU,1,PSGU,35,2015-12-17 12:39:36,2021-06-04 15:05:17,2,0
365886938489998,49612893010497,2010,15,1,1,2702.0,3.0,2,PSGU,1,PSGU,90,2015-12-17 12:39:36,2021-06-04 15:05:17,2,0
365886939489998,49612893010497,2010,15,1,1,2702.0,2.0,2,SCTE,1,SCTE,30,2015-12-17 12:39:36,2021-06-04 15:05:17,2,0
365887261489998,49612912010497,2010,15,1,1,2747.0,2.0,1,MECA9,1,MECA9,1,2015-12-17 12:39:37,2021-06-04 15:05:17,2,0
1219093240290487,497552640126144,2019,15,1,9,1929.0,1.0,1,SPCA2,1,SPCA2,39,2022-06-14 20:30:49,,3,0
1219093241290487,497552640126144,2019,15,1,9,1929.0,2.0,1,SPCA2,1,SPCA2,6,2022-06-14 20:30:49,,3,0
1219093242290487,497552640126144,2019,15,1,9,1929.0,3.0,1,SPCA2,1,SPCA2,46,2022-06-14 20:30:49,,3,0
1219093243290487,497552640126144,2019,15,1,9,1929.0,4.0,1,SPCA2,1,SPCA2,70,2022-06-14 20:30:49,,3,0
1219093410290487,497552647126144,2019,15,1,9,1937.0,1.0,1,LACA2,1,LACA2,1,2022-06-14 20:30:50,,3,0
1219093692290487,497552651126144,2019,15,1,9,1947.0,1.0,1,CLHI3,1,CLHI3,50,2022-06-14 20:30:50,,3,0
1219093693290487,497552651126144,2019,15,1,9,1947.0,2.0,1,CLHI3,1,CLHI3,60,2022-06-14 20:30:50,,3,0
1219093694290487,497552651126144,2019,15,1,9,1947.0,3.0,1,CLHI3,1,CLHI3,60,2022-06-14 20:30:50,,3,0
1219093695290487,497552651126144,2019,15,1,9,1947.0,4.0,1,CLHI3,1,CLHI3,60,2022-06-14 20:30:50,,3,0
1219093696290487,497552651126144,2019,15,1,9,1947.0,1.0,1,PSCA,1,PSCA,70,2022-06-14 20:30:50,,3,0
1219093697290487,497552651126144,2019,15,1,9,1947.0,2.0,1,PSCA,1,PSCA,75,2022-06-14 20:30:50,,3,0
1219093698290487,497552651126144,2019,15,1,9,1947.0,3.0,1,PSCA,1,PSCA,55,2022-06-14 20:30:50,,3,0
1219093699290487,497552651126144,2019,15,1,9,1947.0,4.0,1,PSCA,1,PSCA,50,2022-06-14 20:30:50,,3,0
1219093844290487,497552652126144,2019,15,1,9,1949.0,1.0,1,MOFA,1,MOFA,35,2022-06-14 20:30:50,,3,0
1219093845290487,497552652126144,2019,15,1,9,1949.0,2.0,1,MOFA,1,MOFA,25,2022-06-14 20:30:50,,3,0
1219093846290487,497552652126144,2019,15,1,9,1949.0,3.0,1,MOFA,1,MOFA,61,2022-06-14 20:30:50,,3,0
1219093847290487,497552652126144,2019,15,1,9,1949.0,4.0,1,MOFA,1,MOFA,27,2022-06-14 20:30:50,,3,0
1219093967290487,497552653126144,2019,15,1,9,1952.0,1.0,1,AREL4,1,AREL4,90,2022-06-14 20:30:50,,3,0
1219093968290487,497552653126144,2019,15,1,9,1952.0,2.0,1,AREL4,1,AREL4,90,2022-06-14 20:30:50,,3,0
1219093969290487,497552653126144,2019,15,1,9,1952.0,3.0,1,AREL4,1,AREL4,95,2022-06-14 20:30:50,,3,0
1219093970290487,497552653126144,2019,15,1,9,1952.0,4.0,1,AREL4,1,AREL4,80,2022-06-14 20:30:50,,3,0
1219093971290487,497552653126144,2019,15,1,9,1952.0,1.0,1,CLHI3,1,CLHI3,1,2022-06-14 20:30:50,,3,0
1219093972290487,497552653126144,2019,15,1,9,1952.0,2.0,1,CLHI3,1,CLHI3,1,2022-06-14 20:30:50,,3,0
1219093973290487,497552653126144,2019,15,1,9,1952.0,3.0,1,CLHI3,1,CLHI3,6,2022-06-14 20:30:50,,3,0
1219093974290487,497552653126144,2019,15,1,9,1952.0,4.0,1,CLHI3,1,CLHI3,1,2022-06-14 20:30:50,,3,0
1219093975290487,497552653126144,2019,15,1,9,1952.0,4.0,1,PSGU,1,PSGU,17,2022-06-14 20:30:50,,3,0
1219093976290487,497552653126144,2019,15,1,9,1952.0,1.0,1,SPCA2,1,SPCA2,4,2022-06-14 20:30:50,,3,0
1219093977290487,497552653126144,2019,15,1,9,1952.0,3.0,1,SPCA2,1,SPCA2,1,2022-06-14 20:30:50,,3,0
1219093978290487,497552653126144,2019,15,1,9,1952.0,4.0,1,SPCA2,1,SPCA2,6,2022-06-14 20:30:50,,3,0
1219094129290487,497552659126144,2019,15,1,1,5712.0,1.0,1,CLHI3,1,CLHI3,1,2022-06-14 20:30:51,,3,0
1219094130290487,497552659126144,2019,15,1,1,5712.0,3.0,1,CLHI3,1,CLHI3,4,2022-06-14 20:30:51,,3,0
1219094131290487,497552659126144,2019,15,1,1,5712.0,4.0,1,CLHI3,1,CLHI3,2,2022-06-14 20:30:51,,3,0
1219094132290487,497552659126144,2019,15,1,1,5712.0,1.0,1,PSGU,1,PSGU,25,2022-06-14 20:30:51,,3,0
1219094133290487,497552659126144,2019,15,1,1,5712.0,4.0,1,PSGU,1,PSGU,17,2022-06-14 20:30:51,,3,0
1219094134290487,497552659126144,2019,15,1,1,5712.0,1.0,1,SEPA6,1,SEPA6,2,2022-06-14 20:30:51,,3,0
1219094135290487,497552659126144,2019,15,1,1,5712.0,4.0,1,SEPA6,1,SEPA6,2,2022-06-14 20:30:51,,3,0
1219094257290487,497552663126144,2019,15,1,3,1365.0,1.0,1,AREL4,1,AREL4,15,2022-06-14 20:30:51,,3,0
1219094258290487,497552663126144,2019,15,1,3,1365.0,2.0,1,AREL4,1,AREL4,3,2022-06-14 20:30:51,,3,0
1219094259290487,497552663126144,2019,15,1,3,1365.0,1.0,1,CLHI3,1,CLHI3,1,2022-06-14 20:30:51,,3,0
1219094260290487,497552663126144,2019,15,1,3,1365.0,2.0,1,CLHI3,1,CLHI3,3,2022-06-14 20:30:51,,3,0
1219094261290487,497552663126144,2019,15,1,3,1365.0,2.0,1,MEQU,1,MEQU,70,2022-06-14 20:30:51,,3,0
1219094331290487,497552664126144,2019,15,1,3,1369.0,1.0,1,CLHI3,1,CLHI3,1,2022-06-14 20:30:51,,3,0
1219094332290487,497552664126144,2019,15,1,3,1369.0,3.0,1,CLHI3,1,CLHI3,1,2022-06-14 20:30:51,,3,0
1219094333290487,497552664126144,2019,15,1,3,1369.0,3.0,2,CLHI3,1,CLHI3,1,2022-06-14 20:30:51,,3,0
1219094334290487,497552664126144,2019,15,1,3,1369.0,4.0,1,CLHI3,1,CLHI3,3,2022-06-14 20:30:51,,3,0
1219094335290487,497552664126144,2019,15,1,3,1369.0,4.0,1,FAMO,1,FAMO,22,2022-06-14 20:30:51,,3,0
1219094336290487,497552664126144,2019,15,1,3,1369.0,2.0,2,FIMI2,1,FIMI2,1,2022-06-14 20:30:51,,3,0
1219094337290487,497552664126144,2019,15,1,3,1369.0,1.0,1,PSCA,1,PSCA,8,2022-06-14 20:30:51,,3,0
1219094338290487,497552664126144,2019,15,1,3,1369.0,2.0,2,PSCA,1,PSCA,85,2022-06-14 20:30:51,,3,0
1219094339290487,497552664126144,2019,15,1,3,1369.0,3.0,1,PSCA,1,PSCA,3,2022-06-14 20:30:51,,3,0
1219094340290487,497552664126144,2019,15,1,3,1369.0,3.0,2,PSCA,1,PSCA,35,2022-06-14 20:30:51,,3,0
1219094341290487,497552664126144,2019,15,1,3,1369.0,4.0,1,PSCA,1,PSCA,10,2022-06-14 20:30:51,,3,0
1219094528290487,497552669126144,2019,15,1,3,1379.0,1.0,1,CLHI3,1,CLHI3,5,2022-06-14 20:30:51,,3,0
1219094529290487,497552669126144,2019,15,1,3,1379.0,2.0,1,CLHI3,1,CLHI3,2,2022-06-14 20:30:51,,3,0
1219094530290487,497552669126144,2019,15,1,3,1379.0,3.0,1,CLHI3,1,CLHI3,1,2022-06-14 20:30:51,,3,0
1219094531290487,497552669126144,2019,15,1,3,1379.0,2.0,1,FAMO,1,FAMO,85,2022-06-14 20:30:51,,3,0
1219094532290487,497552669126144,2019,15,1,3,1379.0,3.0,1,FAMO,1,FAMO,1,2022-06-14 20:30:51,,3,0
1219094533290487,497552669126144,2019,15,1,3,1379.0,3.0,1,GRRO,1,GRRO,1,2022-06-14 20:30:51,,3,0
1219094534290487,497552669126144,2019,15,1,3,1379.0,2.0,1,PSCA,1,PSCA,85,2022-06-14 20:30:51,,3,0
1219094535290487,497552669126144,2019,15,1,3,1379.0,3.0,1,PSCA,1,PSCA,35,2022-06-14 20:30:51,,3,0
1219094536290487,497552669126144,2019,15,1,3,1379.0,4.0,1,PSCA,1,PSCA,30,2022-06-14 20:30:51,,3,0
1219094537290487,497552669126144,2019,15,1,3,1379.0,1.0,1,PSGU,1,PSGU,6,2022-06-14 20:30:51,,3,0
1219094538290487,497552669126144,2019,15,1,3,1379.0,1.0,1,SCTE,1,SCTE,48,2022-06-14 20:30:51,,3,0
1219094539290487,497552669126144,2019,15,1,3,1379.0,2.0,1,SCTE,1,SCTE,7,2022-06-14 20:30:51,,3,0
1219094540290487,497552669126144,2019,15,1,3,1379.0,3.0,1,SCTE,1,SCTE,30,2022-06-14 20:30:51,,3,0
1219094541290487,497552669126144,2019,15,1,3,1379.0,4.0,1,SCTE,1,SCTE,65,2022-06-14 20:30:51,,3,0
1219094542290487,497552669126144,2019,15,1,3,1379.0,3.0,1,SPCA2,1,SPCA2,1,2022-06-14 20:30:51,,3,0
1219094703290487,497552676126144,2019,15,1,1,5469.0,1.0,1,GRRO,1,GRRO,40,2022-06-14 20:30:51,,3,0
1219094704290487,497552676126144,2019,15,1,1,5469.0,2.0,1,GRRO,1,GRRO,3,2022-06-14 20:30:51,,3,0
1219094705290487,497552676126144,2019,15,1,1,5469.0,3.0,1,GRRO,1,GRRO,70,2022-06-14 20:30:51,,3,0
1219094706290487,497552676126144,2019,15,1,1,5469.0,1.0,1,LACA2,1,LACA2,1,2022-06-14 20:30:51,,3,0
1219094707290487,497552676126144,2019,15,1,1,5469.0,3.0,1,LACA2,1,LACA2,5,2022-06-14 20:30:51,,3,0
1219094708290487,497552676126144,2019,15,1,1,5469.0,4.0,1,LACA2,1,LACA2,40,2022-06-14 20:30:51,,3,0
1219094709290487,497552676126144,2019,15,1,1,5469.0,3.0,1,LELE10,1,LELE10,3,2022-06-14 20:30:51,,3,0
1219094710290487,497552676126144,2019,15,1,1,5469.0,1.0,1,PESE3,1,PESE3,95,2022-06-14 20:30:51,,3,0
1219094711290487,497552676126144,2019,15,1,1,5469.0,2.0,1,PESE3,1,PESE3,95,2022-06-14 20:30:51,,3,0
1219094712290487,497552676126144,2019,15,1,1,5469.0,3.0,1,PESE3,1,PESE3,95,2022-06-14 20:30:51,,3,0
1219094713290487,497552676126144,2019,15,1,1,5469.0,4.0,1,PESE3,1,PESE3,90,2022-06-14 20:30:51,,3,0
1219094850290487,497552679126144,2019,15,1,1,5675.0,1.0,1,SEMA15,1,SEMA15,55,2022-06-14 20:30:52,,3,0
1219094851290487,497552679126144,2019,15,1,1,5675.0,2.0,1,SEMA15,1,SEMA15,50,2022-06-14 20:30:52,,3,0
1219094852290487,497552679126144,2019,15,1,1,5675.0,3.0,1,SEMA15,1,SEMA15,5,2022-06-14 20:30:52,,3,0
1219094853290487,497552679126144,2019,15,1,1,5675.0,4.0,1,SEMA15,1,SEMA15,70,2022-06-14 20:30:52,,3,0
1219095000290487,497552684126144,2019,15,1,1,4839.0,1.0,1,CLHI3,1,CLHI3,3,2022-06-14 20:30:52,,3,0
1219095001290487,497552684126144,2019,15,1,1,4839.0,2.0,1,CLHI3,1,CLHI3,5,2022-06-14 20:30:52,,3,0
1219095002290487,497552684126144,2019,15,1,1,4839.0,3.0,1,CLHI3,1,CLHI3,7,2022-06-14 20:30:52,,3,0
1219095003290487,497552684126144,2019,15,1,1,4839.0,4.0,1,CLHI3,1,CLHI3,2,2022-06-14 20:30:52,,3,0
1219095004290487,497552684126144,2019,15,1,1,4839.0,1.0,1,CYCO18,1,CYCO18,9,2022-06-14 20:30:52,,3,0
1219095005290487,497552684126144,2019,15,1,1,4839.0,1.0,1,HEGA,1,HEGA,2,2022-06-14 20:30:52,,3,0
1219095006290487,497552684126144,2019,15,1,1,4839.0,2.0,1,HEGA,1,HEGA,3,2022-06-14 20:30:52,,3,0
1219095007290487,497552684126144,2019,15,1,1,4839.0,2.0,1,MECA9,1,MECA9,3,2022-06-14 20:30:52,,3,0
1219095008290487,497552684126144,2019,15,1,1,4839.0,3.0,1,MECA9,1,MECA9,5,2022-06-14 20:30:52,,3,0
1219095009290487,497552684126144,2019,15,1,1,4839.0,1.0,1,MICA20,1,MICA20,3,2022-06-14 20:30:52,,3,0
1219095010290487,497552684126144,2019,15,1,1,4839.0,3.0,1,MICA20,1,MICA20,2,2022-06-14 20:30:52,,3,0
1219095011290487,497552684126144,2019,15,1,1,4839.0,1.0,1,PSCA,1,PSCA,16,2022-06-14 20:30:52,,3,0
1219095012290487,497552684126144,2019,15,1,1,4839.0,2.0,1,PSCA,1,PSCA,70,2022-06-14 20:30:52,,3,0
1219095013290487,497552684126144,2019,15,1,1,4839.0,3.0,1,PSCA,1,PSCA,40,2022-06-14 20:30:52,,3,0
1219095014290487,497552684126144,2019,15,1,1,4839.0,4.0,1,PSCA,1,PSCA,23,2022-06-14 20:30:52,,3,0
1219095157290487,497552686126144,2019,15,1,1,4232.0,1.0,1,PESE3,1,PESE3,75,2022-06-14 20:30:52,,3,0
1219095158290487,497552686126144,2019,15,1,1,4232.0,2.0,1,PESE3,1,PESE3,90,2022-06-14 20:30:52,,3,0
1219095159290487,497552686126144,2019,15,1,1,4232.0,3.0,1,PESE3,1,PESE3,60,2022-06-14 20:30:52,,3,0
1219095160290487,497552686126144,2019,15,1,1,4232.0,4.0,1,PESE3,1,PESE3,50,2022-06-14 20:30:52,,3,0
1219095295290487,497552688126144,2019,15,1,1,5027.0,1.0,1,GRRO,1,GRRO,10,2022-06-14 20:30:52,,3,0
1219095296290487,497552688126144,2019,15,1,1,5027.0,2.0,1,GRRO,1,GRRO,5,2022-06-14 20:30:52,,3,0
1219095297290487,497552688126144,2019,15,1,1,5027.0,3.0,1,GRRO,1,GRRO,20,2022-06-14 20:30:52,,3,0
1219095298290487,497552688126144,2019,15,1,1,5027.0,4.0,1,GRRO,1,GRRO,15,2022-06-14 20:30:52,,3,0
1219095299290487,497552688126144,2019,15,1,1,5027.0,1.0,1,PESE3,1,PESE3,80,2022-06-14 20:30:52,,3,0
1219095300290487,497552688126144,2019,15,1,1,5027.0,2.0,1,PESE3,1,PESE3,90,2022-06-14 20:30:52,,3,0
1219095301290487,497552688126144,2019,15,1,1,5027.0,3.0,1,PESE3,1,PESE3,90,2022-06-14 20:30:52,,3,0
1219095302290487,497552688126144,2019,15,1,1,5027.0,4.0,1,PESE3,1,PESE3,90,2022-06-14 20:30:52,,3,0
1219095570290487,497552690126144,2019,15,1,1,4830.0,1.0,1,SEMA15,1,SEMA15,3,2022-06-14 20:30:52,,3,0
1219095571290487,497552690126144,2019,15,1,1,4830.0,2.0,1,SEMA15,1,SEMA15,6,2022-06-14 20:30:52,,3,0
1219095572290487,497552690126144,2019,15,1,1,4830.0,3.0,1,SEMA15,1,SEMA15,2,2022-06-14 20:30:52,,3,0
1219095573290487,497552690126144,2019,15,1,1,4830.0,4.0,1,SEMA15,1,SEMA15,4,2022-06-14 20:30:52,,3,0
1219095704290487,497552693126144,2019,15,1,1,5281.0,2.0,1,GRRO,1,GRRO,20,2022-06-14 20:30:52,,3,0
1219095705290487,497552693126144,2019,15,1,1,5281.0,3.0,1,LACA2,1,LACA2,1,2022-06-14 20:30:52,,3,0
1219095706290487,497552693126144,2019,15,1,1,5281.0,1.0,1,PESE3,1,PESE3,60,2022-06-14 20:30:52,,3,0
1219095707290487,497552693126144,2019,15,1,1,5281.0,2.0,1,PESE3,1,PESE3,90,2022-06-14 20:30:52,,3,0
1219095708290487,497552693126144,2019,15,1,1,5281.0,3.0,1,PESE3,1,PESE3,45,2022-06-14 20:30:52,,3,0
1219095709290487,497552693126144,2019,15,1,1,5281.0,4.0,1,PESE3,1,PESE3,5,2022-06-14 20:30:52,,3,0
1219095710290487,497552693126144,2019,15,1,1,5281.0,3.0,1,SEMA15,1,SEMA15,1,2022-06-14 20:30:52,,3,0
1219095711290487,497552693126144,2019,15,1,1,5281.0,4.0,1,SEMA15,1,SEMA15,2,2022-06-14 20:30:52,,3,0
1219095885290487,497552705126144,2019,15,1,3,1385.0,4.0,1,AREL4,1,AREL4,1,2022-06-14 20:30:53,,3,0
1219095886290487,497552705126144,2019,15,1,3,1385.0,1.0,1,CLHI3,1,CLHI3,2,2022-06-14 20:30:53,,3,0
1219095887290487,497552705126144,2019,15,1,3,1385.0,2.0,1,CLHI3,1,CLHI3,8,2022-06-14 20:30:53,,3,0
1219120450290487,497553687126144,2019,15,1,9,1883.0,3.0,1,TIHE2,1,TIHE2,3,2022-06-14 20:31:29,,3,0
1219120451290487,497553687126144,2019,15,1,9,1883.0,4.0,1,TIHE2,1,TIHE2,8,2022-06-14 20:31:29,,3,0
1219120605290487,497553691126144,2019,15,1,9,1889.0,1.0,1,CLHI3,1,CLHI3,20,2022-06-14 20:31:29,,3,0
1219120606290487,497553691126144,2019,15,1,9,1889.0,2.0,1,CLHI3,1,CLHI3,35,2022-06-14 20:31:29,,3,0
1219120607290487,497553691126144,2019,15,1,9,1889.0,3.0,2,CLHI3,1,CLHI3,7,2022-06-14 20:31:29,,3,0
1219120608290487,497553691126144,2019,15,1,9,1889.0,4.0,1,CLHI3,1,CLHI3,40,2022-06-14 20:31:29,,3,0
1219120609290487,497553691126144,2019,15,1,9,1889.0,1.0,1,HEGA,1,HEGA,10,2022-06-14 20:31:29,,3,0
1219120610290487,497553691126144,2019,15,1,9,1889.0,2.0,1,HEGA,1,HEGA,30,2022-06-14 20:31:29,,3,0
1219120611290487,497553691126144,2019,15,1,9,1889.0,3.0,2,HEGA,1,HEGA,8,2022-06-14 20:31:29,,3,0
1219120612290487,497553691126144,2019,15,1,9,1889.0,4.0,1,HEGA,1,HEGA,12,2022-06-14 20:31:29,,3,0
1219120613290487,497553691126144,2019,15,1,9,1889.0,1.0,1,PSCA,1,PSCA,60,2022-06-14 20:31:29,,3,0
1219120614290487,497553691126144,2019,15,1,9,1889.0,2.0,1,PSCA,1,PSCA,75,2022-06-14 20:31:29,,3,0
1219120615290487,497553691126144,2019,15,1,9,1889.0,3.0,2,PSCA,1,PSCA,7,2022-06-14 20:31:29,,3,0
1219120616290487,497553691126144,2019,15,1,9,1889.0,4.0,1,PSCA,1,PSCA,80,2022-06-14 20:31:29,,3,0
1219120617290487,497553691126144,2019,15,1,9,1889.0,2.0,1,SPCA2,1,SPCA2,6,2022-06-14 20:31:29,,3,0
1219120618290487,497553691126144,2019,15,1,9,1889.0,4.0,1,SPCA2,1,SPCA2,9,2022-06-14 20:31:29,,3,0
1219120619290487,497553691126144,2019,15,1,9,1889.0,1.0,1,TIHE2,1,TIHE2,2,2022-06-14 20:31:29,,3,0
1219120620290487,497553691126144,2019,15,1,9,1889.0,3.0,2,TIHE2,1,TIHE2,8,2022-06-14 20:31:29,,3,0
1219120621290487,497553691126144,2019,15,1,9,1889.0,4.0,1,TIHE2,1,TIHE2,1,2022-06-14 20:31:29,,3,0
1219120781290487,497553695126144,2019,15,1,9,1895.0,1.0,1,CLHI3,1,CLHI3,5,2022-06-14 20:31:29,,3,0
1219120782290487,497553695126144,2019,15,1,9,1895.0,2.0,1,CLHI3,1,CLHI3,3,2022-06-14 20:31:29,,3,0
1219120783290487,497553695126144,2019,15,1,9,1895.0,3.0,1,CLHI3,1,CLHI3,3,2022-06-14 20:31:29,,3,0
1219120784290487,497553695126144,2019,15,1,9,1895.0,4.0,1,CLHI3,1,CLHI3,13,2022-06-14 20:31:29,,3,0
1219120785290487,497553695126144,2019,15,1,9,1895.0,1.0,1,HEGA,1,HEGA,92,2022-06-14 20:31:29,,3,0
1219120786290487,497553695126144,2019,15,1,9,1895.0,2.0,1,HEGA,1,HEGA,95,2022-06-14 20:31:29,,3,0
1219120787290487,497553695126144,2019,15,1,9,1895.0,3.0,1,HEGA,1,HEGA,97,2022-06-14 20:31:29,,3,0
1219120788290487,497553695126144,2019,15,1,9,1895.0,4.0,1,HEGA,1,HEGA,73,2022-06-14 20:31:29,,3,0
1219120789290487,497553695126144,2019,15,1,9,1895.0,1.0,1,PSCA,1,PSCA,2,2022-06-14 20:31:29,,3,0
1219120790290487,497553695126144,2019,15,1,9,1895.0,2.0,1,PSCA,1,PSCA,5,2022-06-14 20:31:29,,3,0
1219120791290487,497553695126144,2019,15,1,9,1895.0,3.0,1,PSCA,1,PSCA,15,2022-06-14 20:31:29,,3,0
1219120792290487,497553695126144,2019,15,1,9,1895.0,4.0,1,PSCA,1,PSCA,15,2022-06-14 20:31:29,,3,0
1219120793290487,497553695126144,2019,15,1,9,1895.0,1.0,1,PSGU,1,PSGU,4,2022-06-14 20:31:29,,3,0
1219120794290487,497553695126144,2019,15,1,9,1895.0,3.0,1,PSGU,1,PSGU,4,2022-06-14 20:31:29,,3,0
1219120795290487,497553695126144,2019,15,1,9,1895.0,4.0,1,PSGU,1,PSGU,2,2022-06-14 20:31:29,,3,0
1219120796290487,497553695126144,2019,15,1,9,1895.0,1.0,1,SPCA2,1,SPCA2,21,2022-06-14 20:31:29,,3,0
1219120797290487,497553695126144,2019,15,1,9,1895.0,2.0,1,SPCA2,1,SPCA2,28,2022-06-14 20:31:29,,3,0
1219120798290487,497553695126144,2019,15,1,9,1895.0,3.0,1,SPCA2,1,SPCA2,1,2022-06-14 20:31:29,,3,0
1219120799290487,497553695126144,2019,15,1,9,1895.0,4.0,1,SPCA2,1,SPCA2,1,2022-06-14 20:31:29,,3,0
1219120800290487,497553695126144,2019,15,1,9,1895.0,1.0,1,TIHE2,1,TIHE2,1,2022-06-14 20:31:29,,3,0
1219120946290487,497553698126144,2019,15,1,9,1900.0,1.0,1,AREL4,1,AREL4,20,2022-06-14 20:31:30,,3,0
1219120947290487,497553698126144,2019,15,1,9,1900.0,2.0,1,AREL4,1,AREL4,50,2022-06-14 20:31:30,,3,0
1219120948290487,497553698126144,2019,15,1,9,1900.0,3.0,1,AREL4,1,AREL4,65,2022-06-14 20:31:30,,3,0
1219120949290487,497553698126144,2019,15,1,9,1900.0,4.0,1,AREL4,1,AREL4,85,2022-06-14 20:31:30,,3,0
1219120950290487,497553698126144,2019,15,1,9,1900.0,2.0,1,CLHI3,1,CLHI3,8,2022-06-14 20:31:30,,3,0
1219120951290487,497553698126144,2019,15,1,9,1900.0,3.0,1,CLHI3,1,CLHI3,10,2022-06-14 20:31:30,,3,0
1219120952290487,497553698126144,2019,15,1,9,1900.0,4.0,1,CLHI3,1,CLHI3,3,2022-06-14 20:31:30,,3,0
1219120953290487,497553698126144,2019,15,1,9,1900.0,1.0,1,MICA20,1,MICA20,1,2022-06-14 20:31:30,,3,0
1219120954290487,497553698126144,2019,15,1,9,1900.0,2.0,1,MICA20,1,MICA20,6,2022-06-14 20:31:30,,3,0
1219120955290487,497553698126144,2019,15,1,9,1900.0,3.0,1,MICA20,1,MICA20,3,2022-06-14 20:31:30,,3,0
1219120956290487,497553698126144,2019,15,1,9,1900.0,4.0,1,MICA20,1,MICA20,3,2022-06-14 20:31:30,,3,0
1219120957290487,497553698126144,2019,15,1,9,1900.0,2.0,1,PSGU,1,PSGU,1,2022-06-14 20:31:30,,3,0
1219120958290487,497553698126144,2019,15,1,9,1900.0,3.0,1,PSGU,1,PSGU,6,2022-06-14 20:31:30,,3,0
1219120959290487,497553698126144,2019,15,1,9,1900.0,4.0,1,PSGU,1,PSGU,1,2022-06-14 20:31:30,,3,0
1219120960290487,497553698126144,2019,15,1,9,1900.0,2.0,1,SPCA2,1,SPCA2,6,2022-06-14 20:31:30,,3,0
1219120961290487,497553698126144,2019,15,1,9,1900.0,3.0,1,SPCA2,1,SPCA2,16,2022-06-14 20:31:30,,3,0
1219120962290487,497553698126144,2019,15,1,9,1900.0,4.0,1,SPCA2,1,SPCA2,1,2022-06-14 20:31:30,,3,0
1219121431290487,497553708126144,2019,15,1,9,1914.0,2.0,1,LACA2,1,LACA2,3,2022-06-14 20:31:30,,3,0
1219121432290487,497553708126144,2019,15,1,9,1914.0,4.0,1,LACA2,1,LACA2,1,2022-06-14 20:31:30,,3,0
1219121717290487,497553712126144,2019,15,1,7,1081.0,1.0,1,AREL4,1,AREL4,3,2022-06-14 20:31:32,,3,0
1219121718290487,497553712126144,2019,15,1,7,1081.0,2.0,1,AREL4,1,AREL4,8,2022-06-14 20:31:32,,3,0
1219121719290487,497553712126144,2019,15,1,7,1081.0,4.0,1,AREL4,1,AREL4,3,2022-06-14 20:31:32,,3,0
1219121720290487,497553712126144,2019,15,1,7,1081.0,1.0,1,PSCA,1,PSCA,90,2022-06-14 20:31:32,,3,0
1219121721290487,497553712126144,2019,15,1,7,1081.0,2.0,1,PSCA,1,PSCA,95,2022-06-14 20:31:32,,3,0
1219121722290487,497553712126144,2019,15,1,7,1081.0,3.0,1,PSCA,1,PSCA,90,2022-06-14 20:31:32,,3,0
1219121723290487,497553712126144,2019,15,1,7,1081.0,4.0,1,PSCA,1,PSCA,90,2022-06-14 20:31:32,,3,0
1219121872290487,497553718126144,2019,15,1,7,1095.0,1.0,1,PSCA,1,PSCA,20,2022-06-14 20:31:32,,3,0
1219121873290487,497553718126144,2019,15,1,7,1095.0,2.0,1,PSCA,1,PSCA,3,2022-06-14 20:31:32,,3,0
1219121874290487,497553718126144,2019,15,1,7,1095.0,3.0,1,PSCA,1,PSCA,7,2022-06-14 20:31:32,,3,0
1219121875290487,497553718126144,2019,15,1,7,1095.0,4.0,1,PSCA,1,PSCA,12,2022-06-14 20:31:32,,3,0
1219122046290487,497553729126144,2019,15,1,7,1055.0,2.0,2,AREL4,1,AREL4,9,2022-06-14 20:31:33,,3,0
1219122047290487,497553729126144,2019,15,1,7,1055.0,2.0,2,CLHI3,1,CLHI3,1,2022-06-14 20:31:33,,3,0
1219122048290487,497553729126144,2019,15,1,7,1055.0,2.0,2,PSCA,1,PSCA,4,2022-06-14 20:31:33,,3,0
1219122095290487,497553732126144,2019,15,1,7,1059.0,1.0,1,LACA2,1,LACA2,10,2022-06-14 20:31:33,,3,0
1219122096290487,497553732126144,2019,15,1,7,1059.0,2.0,2,LACA2,1,LACA2,1,2022-06-14 20:31:33,,3,0
1219122097290487,497553732126144,2019,15,1,7,1059.0,3.0,1,LACA2,1,LACA2,7,2022-06-14 20:31:33,,3,0
1219122098290487,497553732126144,2019,15,1,7,1059.0,4.0,1,LACA2,1,LACA2,3,2022-06-14 20:31:33,,3,0
1219122099290487,497553732126144,2019,15,1,7,1059.0,1.0,1,PSGU,1,PSGU,28,2022-06-14 20:31:33,,3,0
1219122100290487,497553732126144,2019,15,1,7,1059.0,2.0,2,PSGU,1,PSGU,30,2022-06-14 20:31:33,,3,0
1219122101290487,497553732126144,2019,15,1,7,1059.0,3.0,1,PSGU,1,PSGU,25,2022-06-14 20:31:33,,3,0
1219122102290487,497553732126144,2019,15,1,7,1059.0,4.0,1,PSGU,1,PSGU,2,2022-06-14 20:31:33,,3,0
1219122251290487,497553733126144,2019,15,1,7,1060.0,1.0,1,AREL4,1,AREL4,1,2022-06-14 20:31:33,,3,0
1219122252290487,497553733126144,2019,15,1,7,1060.0,2.0,1,AREL4,1,AREL4,5,2022-06-14 20:31:33,,3,0
1219122253290487,497553733126144,2019,15,1,7,1060.0,3.0,1,AREL4,1,AREL4,1,2022-06-14 20:31:33,,3,0
1219122254290487,497553733126144,2019,15,1,7,1060.0,4.0,1,AREL4,1,AREL4,16,2022-06-14 20:31:33,,3,0
1219122255290487,497553733126144,2019,15,1,7,1060.0,1.0,1,CLHI3,1,CLHI3,2,2022-06-14 20:31:33,,3,0
1219122256290487,497553733126144,2019,15,1,7,1060.0,3.0,1,CLHI3,1,CLHI3,1,2022-06-14 20:31:33,,3,0
1219122257290487,497553733126144,2019,15,1,7,1060.0,4.0,1,CLHI3,1,CLHI3,1,2022-06-14 20:31:33,,3,0
1219122258290487,497553733126144,2019,15,1,7,1060.0,1.0,1,LACA2,1,LACA2,26,2022-06-14 20:31:33,,3,0
1219122259290487,497553733126144,2019,15,1,7,1060.0,1.0,1,LELE10,1,LELE10,3,2022-06-14 20:31:33,,3,0
1219122260290487,497553733126144,2019,15,1,7,1060.0,3.0,1,LELE10,1,LELE10,4,2022-06-14 20:31:33,,3,0
1219122261290487,497553733126144,2019,15,1,7,1060.0,4.0,1,LELE10,1,LELE10,2,2022-06-14 20:31:33,,3,0
1219122262290487,497553733126144,2019,15,1,7,1060.0,1.0,1,PSCA,1,PSCA,3,2022-06-14 20:31:33,,3,0
1219122263290487,497553733126144,2019,15,1,7,1060.0,2.0,1,PSCA,1,PSCA,25,2022-06-14 20:31:33,,3,0
1219122264290487,497553733126144,2019,15,1,7,1060.0,3.0,1,PSCA,1,PSCA,20,2022-06-14 20:31:33,,3,0
1219122265290487,497553733126144,2019,15,1,7,1060.0,4.0,1,PSCA,1,PSCA,62,2022-06-14 20:31:33,,3,0
1219122266290487,497553733126144,2019,15,1,7,1060.0,1.0,1,PSGU,1,PSGU,1,2022-06-14 20:31:33,,3,0
1219122267290487,497553733126144,2019,15,1,7,1060.0,2.0,1,SCTE,1,SCTE,1,2022-06-14 20:31:33,,3,0
1219122268290487,497553733126144,2019,15,1,7,1060.0,4.0,1,SCTE,1,SCTE,13,2022-06-14 20:31:33,,3,0
1219122269290487,497553733126144,2019,15,1,7,1060.0,4.0,1,SPCA2,1,SPCA2,1,2022-06-14 20:31:33,,3,0
1219122433290487,497553738126144,2019,15,1,7,1070.0,1.0,1,AREL4,1,AREL4,9,2022-06-14 20:31:33,,3,0
1219122434290487,497553738126144,2019,15,1,7,1070.0,2.0,1,AREL4,1,AREL4,7,2022-06-14 20:31:33,,3,0
1219122435290487,497553738126144,2019,15,1,7,1070.0,3.0,1,AREL4,1,AREL4,27,2022-06-14 20:31:33,,3,0
1219122436290487,497553738126144,2019,15,1,7,1070.0,4.0,1,AREL4,1,AREL4,1,2022-06-14 20:31:33,,3,0
1219122437290487,497553738126144,2019,15,1,7,1070.0,1.0,1,CLHI3,1,CLHI3,16,2022-06-14 20:31:33,,3,0
1219122438290487,497553738126144,2019,15,1,7,1070.0,2.0,1,CLHI3,1,CLHI3,34,2022-06-14 20:31:33,,3,0
1219122439290487,497553738126144,2019,15,1,7,1070.0,3.0,1,CLHI3,1,CLHI3,7,2022-06-14 20:31:33,,3,0
1219122440290487,497553738126144,2019,15,1,7,1070.0,4.0,1,CLHI3,1,CLHI3,15,2022-06-14 20:31:33,,3,0
1219122441290487,497553738126144,2019,15,1,7,1070.0,4.0,1,HEGA,1,HEGA,2,2022-06-14 20:31:33,,3,0
1219122442290487,497553738126144,2019,15,1,7,1070.0,1.0,1,LACA2,1,LACA2,1,2022-06-14 20:31:33,,3,0
1219122443290487,497553738126144,2019,15,1,7,1070.0,1.0,1,PSGU,1,PSGU,51,2022-06-14 20:31:33,,3,0
1219122444290487,497553738126144,2019,15,1,7,1070.0,2.0,1,PSGU,1,PSGU,30,2022-06-14 20:31:33,,3,0
1219122445290487,497553738126144,2019,15,1,7,1070.0,3.0,1,PSGU,1,PSGU,18,2022-06-14 20:31:33,,3,0
1219122446290487,497553738126144,2019,15,1,7,1070.0,4.0,1,PSGU,1,PSGU,55,2022-06-14 20:31:33,,3,0
1219122605290487,497553741126144,2019,15,1,7,1076.0,2.0,1,PSCA,1,PSCA,10,2022-06-14 20:31:33,,3,0
1219122606290487,497553741126144,2019,15,1,7,1076.0,3.0,1,PSCA,1,PSCA,15,2022-06-14 20:31:33,,3,0
1219122607290487,497553741126144,2019,15,1,7,1076.0,4.0,1,PSCA,1,PSCA,6,2022-06-14 20:31:33,,3,0
1219122755290487,497553742126144,2019,15,1,7,1077.0,1.0,1,AREL4,1,AREL4,34,2022-06-14 20:31:34,,3,0
1219122756290487,497553742126144,2019,15,1,7,1077.0,2.0,1,AREL4,1,AREL4,30,2022-06-14 20:31:34,,3,0
1219122757290487,497553742126144,2019,15,1,7,1077.0,3.0,1,AREL4,1,AREL4,20,2022-06-14 20:31:34,,3,0
1219122758290487,497553742126144,2019,15,1,7,1077.0,4.0,1,AREL4,1,AREL4,26,2022-06-14 20:31:34,,3,0
1219122759290487,497553742126144,2019,15,1,7,1077.0,1.0,1,CLHI3,1,CLHI3,4,2022-06-14 20:31:34,,3,0
1219122760290487,497553742126144,2019,15,1,7,1077.0,2.0,1,CLHI3,1,CLHI3,6,2022-06-14 20:31:34,,3,0
1219122761290487,497553742126144,2019,15,1,7,1077.0,3.0,1,CLHI3,1,CLHI3,15,2022-06-14 20:31:34,,3,0
1219122762290487,497553742126144,2019,15,1,7,1077.0,4.0,1,CLHI3,1,CLHI3,4,2022-06-14 20:31:34,,3,0
365887262489998,49612912010497,2010,15,1,1,2747.0,4.0,1,MECA9,1,MECA9,1,2015-12-17 12:39:37,2021-06-04 15:05:17,2,0
365887524489998,49612920010497,2010,15,1,1,2763.0,4.0,1,TIHE2,1,TIHE2,1,2015-12-17 12:39:37,2021-06-04 15:05:17,2,0
365887784489998,49612929010497,2010,15,1,1,2808.0,1.0,1,MECA9,1,MECA9,1,2015-12-17 12:39:38,2021-06-04 15:05:17,2,0
365887785489998,49612929010497,2010,15,1,1,2808.0,2.0,1,MECA9,1,MECA9,1,2015-12-17 12:39:38,2021-06-04 15:05:17,2,0
365887786489998,49612929010497,2010,15,1,1,2808.0,4.0,1,MECA9,1,MECA9,1,2015-12-17 12:39:38,2021-06-04 15:05:17,2,0
365887787489998,49612929010497,2010,15,1,1,2808.0,1.0,1,PSCA,1,PSCA,3,2015-12-17 12:39:38,2021-06-04 15:05:17,2,0
365887788489998,49612929010497,2010,15,1,1,2808.0,2.0,1,PSCA,1,PSCA,1,2015-12-17 12:39:38,2021-06-04 15:05:17,2,0
365887789489998,49612929010497,2010,15,1,1,2808.0,3.0,1,PSCA,1,PSCA,3,2015-12-17 12:39:38,2021-06-04 15:05:17,2,0
365887790489998,49612929010497,2010,15,1,1,2808.0,4.0,1,PSCA,1,PSCA,15,2015-12-17 12:39:38,2021-06-04 15:05:17,2,0
365887918489998,49612931010497,2010,15,1,1,2813.0,1.0,1,LACA2,1,LACA2,1,2015-12-17 12:39:38,2021-06-04 15:05:17,2,0
365887919489998,49612931010497,2010,15,1,1,2813.0,2.0,1,LACA2,1,LACA2,1,2015-12-17 12:39:38,2021-06-04 15:05:17,2,0
365887920489998,49612931010497,2010,15,1,1,2813.0,3.0,1,LACA2,1,LACA2,1,2015-12-17 12:39:38,2021-06-04 15:05:17,2,0
365887921489998,49612931010497,2010,15,1,1,2813.0,3.0,1,PATRM,1,PATRM,10,2015-12-17 12:39:38,2021-06-04 15:05:17,2,0
365887922489998,49612931010497,2010,15,1,1,2813.0,4.0,1,PATRM,1,PATRM,1,2015-12-17 12:39:38,2021-06-04 15:05:17,2,0
365887923489998,49612931010497,2010,15,1,1,2813.0,1.0,1,PSGU,1,PSGU,1,2015-12-17 12:39:38,2021-06-04 15:05:17,2,0
365887924489998,49612931010497,2010,15,1,1,2813.0,1.0,1,SCTE,1,SCTE,60,2015-12-17 12:39:38,2021-06-04 15:05:17,2,0
365887925489998,49612931010497,2010,15,1,1,2813.0,2.0,1,SCTE,1,SCTE,40,2015-12-17 12:39:38,2021-06-04 15:05:17,2,0
365887926489998,49612931010497,2010,15,1,1,2813.0,3.0,1,SCTE,1,SCTE,66,2015-12-17 12:39:38,2021-06-04 15:05:17,2,0
365887927489998,49612931010497,2010,15,1,1,2813.0,4.0,1,SCTE,1,SCTE,85,2015-12-17 12:39:38,2021-06-04 15:05:17,2,0
365888047489998,49612933010497,2010,15,1,1,2822.0,1.0,1,RUAR2,1,RUAR2,1,2015-12-17 12:39:38,2021-06-04 15:05:17,2,0
365888048489998,49612933010497,2010,15,1,1,2822.0,2.0,1,SCTE,1,SCTE,7,2015-12-17 12:39:38,2021-06-04 15:05:17,2,0
365888166489998,49612939010497,2010,15,1,1,2858.0,1.0,1,SCTE,1,SCTE,68,2015-12-17 12:39:39,2021-06-04 15:05:17,2,0
365888167489998,49612939010497,2010,15,1,1,2858.0,2.0,1,SCTE,1,SCTE,85,2015-12-17 12:39:39,2021-06-04 15:05:17,2,0
365888168489998,49612939010497,2010,15,1,1,2858.0,3.0,1,SCTE,1,SCTE,35,2015-12-17 12:39:39,2021-06-04 15:05:17,2,0
365888259489998,49612940010497,2010,15,1,1,2861.0,1.0,1,LACA2,1,LACA2,2,2015-12-17 12:39:39,2021-06-04 15:05:17,2,0
365888260489998,49612940010497,2010,15,1,1,2861.0,3.0,1,LACA2,1,LACA2,1,2015-12-17 12:39:39,2021-06-04 15:05:17,2,0
365888261489998,49612940010497,2010,15,1,1,2861.0,1.0,1,LELE10,1,LELE10,45,2015-12-17 12:39:39,2021-06-04 15:05:17,2,0
365888262489998,49612940010497,2010,15,1,1,2861.0,2.0,1,LELE10,1,LELE10,60,2015-12-17 12:39:39,2021-06-04 15:05:17,2,0
365888263489998,49612940010497,2010,15,1,1,2861.0,3.0,1,LELE10,1,LELE10,50,2015-12-17 12:39:39,2021-06-04 15:05:17,2,0
365888264489998,49612940010497,2010,15,1,1,2861.0,4.0,1,LELE10,1,LELE10,30,2015-12-17 12:39:39,2021-06-04 15:05:17,2,0
1219090137290487,497552568126144,2019,15,1,1,2449.0,2.0,1,CLHI3,1,CLHI3,2,2022-06-14 20:30:39,,3,0
1219090138290487,497552568126144,2019,15,1,1,2449.0,3.0,1,CLHI3,1,CLHI3,1,2022-06-14 20:30:39,,3,0
1219090139290487,497552568126144,2019,15,1,1,2449.0,3.0,1,LACA2,1,LACA2,2,2022-06-14 20:30:39,,3,0
1219090140290487,497552568126144,2019,15,1,1,2449.0,4.0,1,LACA2,1,LACA2,2,2022-06-14 20:30:39,,3,0
1219090141290487,497552568126144,2019,15,1,1,2449.0,1.0,1,MECA9,1,MECA9,2,2022-06-14 20:30:39,,3,0
1219090142290487,497552568126144,2019,15,1,1,2449.0,2.0,1,MECA9,1,MECA9,2,2022-06-14 20:30:39,,3,0
1219090143290487,497552568126144,2019,15,1,1,2449.0,3.0,1,MECA9,1,MECA9,48,2022-06-14 20:30:39,,3,0
1219090144290487,497552568126144,2019,15,1,1,2449.0,4.0,1,MECA9,1,MECA9,1,2022-06-14 20:30:39,,3,0
1219090145290487,497552568126144,2019,15,1,1,2449.0,1.0,1,PSCA,1,PSCA,34,2022-06-14 20:30:39,,3,0
1219090146290487,497552568126144,2019,15,1,1,2449.0,2.0,1,PSCA,1,PSCA,88,2022-06-14 20:30:39,,3,0
1219090147290487,497552568126144,2019,15,1,1,2449.0,3.0,1,PSCA,1,PSCA,71,2022-06-14 20:30:39,,3,0
1219090148290487,497552568126144,2019,15,1,1,2449.0,4.0,1,PSCA,1,PSCA,26,2022-06-14 20:30:39,,3,0
1219090149290487,497552568126144,2019,15,1,1,2449.0,4.0,1,SPCA2,1,SPCA2,1,2022-06-14 20:30:39,,3,0
1219090449290487,497552577126144,2019,15,1,1,2460.0,1.0,1,CLHI3,1,CLHI3,17,2022-06-14 20:30:41,,3,0
1219090450290487,497552577126144,2019,15,1,1,2460.0,2.0,1,CLHI3,1,CLHI3,2,2022-06-14 20:30:41,,3,0
1219090451290487,497552577126144,2019,15,1,1,2460.0,3.0,1,CLHI3,1,CLHI3,18,2022-06-14 20:30:41,,3,0
1219090452290487,497552577126144,2019,15,1,1,2460.0,4.0,1,CLHI3,1,CLHI3,26,2022-06-14 20:30:41,,3,0
1219090453290487,497552577126144,2019,15,1,1,2460.0,1.0,1,PSCA,1,PSCA,23,2022-06-14 20:30:41,,3,0
1219090454290487,497552577126144,2019,15,1,1,2460.0,2.0,1,PSCA,1,PSCA,13,2022-06-14 20:30:41,,3,0
1219090455290487,497552577126144,2019,15,1,1,2460.0,3.0,1,PSCA,1,PSCA,7,2022-06-14 20:30:41,,3,0
1219090456290487,497552577126144,2019,15,1,1,2460.0,4.0,1,PSCA,1,PSCA,52,2022-06-14 20:30:41,,3,0
1219085881290487,497553333126144,2019,15,1,1,2709.0,3.0,1,PSCA,1,PSCA,15,2022-06-14 20:30:31,,3,0
1219085882290487,497553333126144,2019,15,1,1,2709.0,4.0,1,PSCA,1,PSCA,6,2022-06-14 20:30:31,,3,0
1219085883290487,497553333126144,2019,15,1,1,2709.0,2.0,1,SCTE,1,SCTE,12,2022-06-14 20:30:31,,3,0
1219077926290487,497553096126144,2019,15,1,9,1649.0,1.0,1,GRRO,1,GRRO,6,2022-06-14 20:30:20,,3,0
1219077927290487,497553096126144,2019,15,1,9,1649.0,3.0,1,GRRO,1,GRRO,35,2022-06-14 20:30:20,,3,0
1219077928290487,497553096126144,2019,15,1,9,1649.0,4.0,1,GRRO,1,GRRO,45,2022-06-14 20:30:20,,3,0
1219077929290487,497553096126144,2019,15,1,9,1649.0,1.0,1,LACA2,1,LACA2,1,2022-06-14 20:30:20,,3,0
1219077930290487,497553096126144,2019,15,1,9,1649.0,2.0,1,LACA2,1,LACA2,1,2022-06-14 20:30:20,,3,0
1219077931290487,497553096126144,2019,15,1,9,1649.0,3.0,1,LACA2,1,LACA2,1,2022-06-14 20:30:20,,3,0
1219077932290487,497553096126144,2019,15,1,9,1649.0,4.0,1,LACA2,1,LACA2,1,2022-06-14 20:30:20,,3,0
1219077933290487,497553096126144,2019,15,1,9,1649.0,4.0,1,LELE10,1,LELE10,1,2022-06-14 20:30:20,,3,0
1219077934290487,497553096126144,2019,15,1,9,1649.0,1.0,1,PSCA,1,PSCA,3,2022-06-14 20:30:20,,3,0
1219077935290487,497553096126144,2019,15,1,9,1649.0,2.0,1,PSCA,1,PSCA,10,2022-06-14 20:30:20,,3,0
1219077936290487,497553096126144,2019,15,1,9,1649.0,3.0,1,PSCA,1,PSCA,10,2022-06-14 20:30:20,,3,0
1219077937290487,497553096126144,2019,15,1,9,1649.0,4.0,1,PSCA,1,PSCA,12,2022-06-14 20:30:20,,3,0
1219077938290487,497553096126144,2019,15,1,9,1649.0,4.0,1,PSGU,1,PSGU,1,2022-06-14 20:30:20,,3,0
1219077939290487,497553096126144,2019,15,1,9,1649.0,1.0,1,SCTE,1,SCTE,15,2022-06-14 20:30:20,,3,0
1219077940290487,497553096126144,2019,15,1,9,1649.0,2.0,1,SCTE,1,SCTE,1,2022-06-14 20:30:20,,3,0
1219077941290487,497553096126144,2019,15,1,9,1649.0,3.0,1,SCTE,1,SCTE,30,2022-06-14 20:30:20,,3,0
1219077942290487,497553096126144,2019,15,1,9,1649.0,4.0,1,SCTE,1,SCTE,22,2022-06-14 20:30:20,,3,0
1219078077290487,497553098126144,2019,15,1,9,1653.0,1.0,1,LACA2,1,LACA2,19,2022-06-14 20:30:20,,3,0
1219078078290487,497553098126144,2019,15,1,9,1653.0,2.0,1,LACA2,1,LACA2,3,2022-06-14 20:30:20,,3,0
1219078079290487,497553098126144,2019,15,1,9,1653.0,3.0,1,LACA2,1,LACA2,2,2022-06-14 20:30:20,,3,0
1219078080290487,497553098126144,2019,15,1,9,1653.0,4.0,1,LACA2,1,LACA2,1,2022-06-14 20:30:20,,3,0
1219078081290487,497553098126144,2019,15,1,9,1653.0,1.0,1,PSCA,1,PSCA,11,2022-06-14 20:30:20,,3,0
1219078082290487,497553098126144,2019,15,1,9,1653.0,2.0,1,PSCA,1,PSCA,7,2022-06-14 20:30:20,,3,0
1219078083290487,497553098126144,2019,15,1,9,1653.0,3.0,1,PSCA,1,PSCA,19,2022-06-14 20:30:20,,3,0
1219078084290487,497553098126144,2019,15,1,9,1653.0,4.0,1,PSCA,1,PSCA,2,2022-06-14 20:30:20,,3,0
1219078085290487,497553098126144,2019,15,1,9,1653.0,1.0,1,SCTE,1,SCTE,23,2022-06-14 20:30:20,,3,0
1219078086290487,497553098126144,2019,15,1,9,1653.0,2.0,1,SCTE,1,SCTE,50,2022-06-14 20:30:20,,3,0
1219078087290487,497553098126144,2019,15,1,9,1653.0,3.0,1,SCTE,1,SCTE,11,2022-06-14 20:30:20,,3,0
1219078088290487,497553098126144,2019,15,1,9,1653.0,4.0,1,SCTE,1,SCTE,15,2022-06-14 20:30:20,,3,0
1219078222290487,497553099126144,2019,15,1,9,1655.0,3.0,1,CLHI3,1,CLHI3,1,2022-06-14 20:30:21,,3,0
1219078223290487,497553099126144,2019,15,1,9,1655.0,1.0,1,PSCA,1,PSCA,11,2022-06-14 20:30:21,,3,0
1219078224290487,497553099126144,2019,15,1,9,1655.0,2.0,1,PSCA,1,PSCA,25,2022-06-14 20:30:21,,3,0
1219078225290487,497553099126144,2019,15,1,9,1655.0,3.0,1,PSCA,1,PSCA,50,2022-06-14 20:30:21,,3,0
1219078226290487,497553099126144,2019,15,1,9,1655.0,4.0,1,PSCA,1,PSCA,80,2022-06-14 20:30:21,,3,0
1219078227290487,497553099126144,2019,15,1,9,1655.0,2.0,1,TIHE2,1,TIHE2,1,2022-06-14 20:30:21,,3,0
1219078375290487,497553105126144,2019,15,1,9,1667.0,1.0,1,LACA2,1,LACA2,2,2022-06-14 20:30:21,,3,0
1219078376290487,497553105126144,2019,15,1,9,1667.0,1.0,1,LELE10,1,LELE10,4,2022-06-14 20:30:21,,3,0
1219078377290487,497553105126144,2019,15,1,9,1667.0,3.0,1,LELE10,1,LELE10,11,2022-06-14 20:30:21,,3,0
1219078506290487,497553107126144,2019,15,1,9,1672.0,3.0,2,CLHI3,1,CLHI3,23,2022-06-14 20:30:21,,3,0
1219078507290487,497553107126144,2019,15,1,9,1672.0,3.0,2,TIHE2,1,TIHE2,14,2022-06-14 20:30:21,,3,0
1219078549290487,497553109126144,2019,15,1,1,5406.0,1.0,1,CLHI3,1,CLHI3,50,2022-06-14 20:30:21,,3,0
1219078550290487,497553109126144,2019,15,1,1,5406.0,2.0,2,CLHI3,1,CLHI3,65,2022-06-14 20:30:21,,3,0
1219078551290487,497553109126144,2019,15,1,1,5406.0,3.0,1,CLHI3,1,CLHI3,40,2022-06-14 20:30:21,,3,0
1219078552290487,497553109126144,2019,15,1,1,5406.0,4.0,1,CLHI3,1,CLHI3,40,2022-06-14 20:30:21,,3,0
1219078553290487,497553109126144,2019,15,1,1,5406.0,1.0,1,HEGA,1,HEGA,5,2022-06-14 20:30:21,,3,0
1219078554290487,497553109126144,2019,15,1,1,5406.0,2.0,2,HEGA,1,HEGA,1,2022-06-14 20:30:21,,3,0
1219078555290487,497553109126144,2019,15,1,1,5406.0,3.0,1,HEGA,1,HEGA,1,2022-06-14 20:30:21,,3,0
1219078556290487,497553109126144,2019,15,1,1,5406.0,4.0,1,HEGA,1,HEGA,1,2022-06-14 20:30:21,,3,0
1219078557290487,497553109126144,2019,15,1,1,5406.0,1.0,1,PSCA,1,PSCA,10,2022-06-14 20:30:21,,3,0
1219078558290487,497553109126144,2019,15,1,1,5406.0,2.0,2,PSCA,1,PSCA,7,2022-06-14 20:30:21,,3,0
1219078559290487,497553109126144,2019,15,1,1,5406.0,3.0,1,PSCA,1,PSCA,1,2022-06-14 20:30:21,,3,0
1219078560290487,497553109126144,2019,15,1,1,5406.0,4.0,1,PSCA,1,PSCA,4,2022-06-14 20:30:21,,3,0
1219078561290487,497553109126144,2019,15,1,1,5406.0,3.0,1,SCTE,1,SCTE,5,2022-06-14 20:30:21,,3,0
1219078562290487,497553109126144,2019,15,1,1,5406.0,4.0,1,SCTE,1,SCTE,2,2022-06-14 20:30:21,,3,0
1219078738290487,497553115126144,2019,15,1,1,5198.0,1.0,1,HEGA,1,HEGA,45,2022-06-14 20:30:21,,3,0
1219078739290487,497553115126144,2019,15,1,1,5198.0,2.0,1,HEGA,1,HEGA,8,2022-06-14 20:30:21,,3,0
1219078740290487,497553115126144,2019,15,1,1,5198.0,3.0,1,HEGA,1,HEGA,25,2022-06-14 20:30:21,,3,0
1219078741290487,497553115126144,2019,15,1,1,5198.0,4.0,1,HEGA,1,HEGA,3,2022-06-14 20:30:21,,3,0
1219078742290487,497553115126144,2019,15,1,1,5198.0,4.0,1,MOFA,1,MOFA,1,2022-06-14 20:30:21,,3,0
1219078743290487,497553115126144,2019,15,1,1,5198.0,1.0,1,PSCA,1,PSCA,4,2022-06-14 20:30:21,,3,0
1219078744290487,497553115126144,2019,15,1,1,5198.0,2.0,1,PSCA,1,PSCA,1,2022-06-14 20:30:21,,3,0
1219078745290487,497553115126144,2019,15,1,1,5198.0,3.0,1,PSCA,1,PSCA,2,2022-06-14 20:30:21,,3,0
1219078746290487,497553115126144,2019,15,1,1,5198.0,4.0,1,PSCA,1,PSCA,2,2022-06-14 20:30:21,,3,0
1219078747290487,497553115126144,2019,15,1,1,5198.0,1.0,1,RUAR2,1,RUAR2,2,2022-06-14 20:30:21,,3,0
1219078748290487,497553115126144,2019,15,1,1,5198.0,3.0,1,RUELO,1,RUELO,1,2022-06-14 20:30:21,,3,0
1219078749290487,497553115126144,2019,15,1,1,5198.0,4.0,1,RUELO,1,RUELO,2,2022-06-14 20:30:21,,3,0
1219078750290487,497553115126144,2019,15,1,1,5198.0,2.0,1,SEPA6,1,SEPA6,1,2022-06-14 20:30:21,,3,0
1219078918290487,497553124126144,2019,15,1,1,2230.0,1.0,1,HEGA,1,HEGA,98,2022-06-14 20:30:22,,3,0
1219078919290487,497553124126144,2019,15,1,1,2230.0,2.0,1,HEGA,1,HEGA,95,2022-06-14 20:30:22,,3,0
1219078920290487,497553124126144,2019,15,1,1,2230.0,3.0,1,HEGA,1,HEGA,45,2022-06-14 20:30:22,,3,0
1219078921290487,497553124126144,2019,15,1,1,2230.0,4.0,1,HEGA,1,HEGA,95,2022-06-14 20:30:22,,3,0
1219078922290487,497553124126144,2019,15,1,1,2230.0,1.0,1,PSCA,1,PSCA,11,2022-06-14 20:30:22,,3,0
1219078923290487,497553124126144,2019,15,1,1,2230.0,2.0,1,PSCA,1,PSCA,35,2022-06-14 20:30:22,,3,0
1219078924290487,497553124126144,2019,15,1,1,2230.0,3.0,1,PSCA,1,PSCA,10,2022-06-14 20:30:22,,3,0
1219078925290487,497553124126144,2019,15,1,1,2230.0,4.0,1,PSCA,1,PSCA,5,2022-06-14 20:30:22,,3,0
1219078926290487,497553124126144,2019,15,1,1,2230.0,3.0,1,SEPA6,1,SEPA6,1,2022-06-14 20:30:22,,3,0
1219079204290487,497553129126144,2019,15,1,1,2237.0,2.0,1,GRRO,1,GRRO,1,2022-06-14 20:30:22,,3,0
1219079205290487,497553129126144,2019,15,1,1,2237.0,2.0,1,SEMA15,1,SEMA15,1,2022-06-14 20:30:22,,3,0
1219079434290487,497553136126144,2019,15,1,1,2248.0,4.0,2,MOFA,1,MOFA,1,2022-06-14 20:30:22,,3,0
1219079435290487,497553136126144,2019,15,1,1,2248.0,4.0,2,PSGU,1,PSGU,1,2022-06-14 20:30:22,,3,0
1219079483290487,497553140126144,2019,15,1,1,2655.0,1.0,1,CLHI3,1,CLHI3,15,2022-06-14 20:30:22,,3,0
1219079484290487,497553140126144,2019,15,1,1,2655.0,2.0,1,CLHI3,1,CLHI3,12,2022-06-14 20:30:22,,3,0
1219079485290487,497553140126144,2019,15,1,1,2655.0,3.0,1,CLHI3,1,CLHI3,5,2022-06-14 20:30:22,,3,0
1219079486290487,497553140126144,2019,15,1,1,2655.0,4.0,1,CLHI3,1,CLHI3,9,2022-06-14 20:30:22,,3,0
1219079783290487,497553150126144,2019,15,1,1,2670.0,4.0,1,CLHI3,1,CLHI3,2,2022-06-14 20:30:23,,3,0
1219079784290487,497553150126144,2019,15,1,1,2670.0,2.0,1,PSCA,1,PSCA,73,2022-06-14 20:30:23,,3,0
1219079785290487,497553150126144,2019,15,1,1,2670.0,4.0,1,PSCA,1,PSCA,6,2022-06-14 20:30:23,,3,0
1219079786290487,497553150126144,2019,15,1,1,2670.0,1.0,1,PSGU,1,PSGU,22,2022-06-14 20:30:23,,3,0
1219079787290487,497553150126144,2019,15,1,1,2670.0,2.0,1,PSGU,1,PSGU,2,2022-06-14 20:30:23,,3,0
1219079788290487,497553150126144,2019,15,1,1,2670.0,3.0,1,PSGU,1,PSGU,10,2022-06-14 20:30:23,,3,0
1219079789290487,497553150126144,2019,15,1,1,2670.0,4.0,1,PSGU,1,PSGU,24,2022-06-14 20:30:23,,3,0
1219079931290487,497553152126144,2019,15,1,1,2672.0,1.0,1,MOFA,1,MOFA,2,2022-06-14 20:30:23,,3,0
1219079932290487,497553152126144,2019,15,1,1,2672.0,2.0,1,MOFA,1,MOFA,1,2022-06-14 20:30:23,,3,0
1219079933290487,497553152126144,2019,15,1,1,2672.0,3.0,1,MOFA,1,MOFA,1,2022-06-14 20:30:23,,3,0
1219079934290487,497553152126144,2019,15,1,1,2672.0,4.0,1,MOFA,1,MOFA,4,2022-06-14 20:30:23,,3,0
1219080084290487,497553157126144,2019,15,1,1,2678.0,1.0,1,GRRO,1,GRRO,55,2022-06-14 20:30:23,,3,0
1219080085290487,497553157126144,2019,15,1,1,2678.0,3.0,2,GRRO,1,GRRO,15,2022-06-14 20:30:23,,3,0
1219080086290487,497553157126144,2019,15,1,1,2678.0,4.0,1,GRRO,1,GRRO,89,2022-06-14 20:30:23,,3,0
1219080087290487,497553157126144,2019,15,1,1,2678.0,1.0,1,PSGU,1,PSGU,86,2022-06-14 20:30:23,,3,0
1219080088290487,497553157126144,2019,15,1,1,2678.0,2.0,2,PSGU,1,PSGU,86,2022-06-14 20:30:23,,3,0
1219080089290487,497553157126144,2019,15,1,1,2678.0,3.0,2,PSGU,1,PSGU,85,2022-06-14 20:30:23,,3,0
1219080090290487,497553157126144,2019,15,1,1,2678.0,4.0,1,PSGU,1,PSGU,14,2022-06-14 20:30:23,,3,0
1220020418290487,497553159126144,2019,15,1,1,2680.0,1.0,1,CLHI3,1,CLHI3,85,2022-06-15 18:31:14,,3,0
1220020419290487,497553159126144,2019,15,1,1,2680.0,2.0,1,CLHI3,1,CLHI3,18,2022-06-15 18:31:14,,3,0
1220020420290487,497553159126144,2019,15,1,1,2680.0,3.0,1,CLHI3,1,CLHI3,55,2022-06-15 18:31:14,,3,0
1219077887290487,497553095126144,2019,15,1,9,1647.0,4.0,2,TIHE2,1,TIHE2,1,2022-06-14 20:30:20,,3,0
1220020421290487,497553159126144,2019,15,1,1,2680.0,4.0,1,CLHI3,1,CLHI3,1,2022-06-15 18:31:14,,3,0
1220020422290487,497553159126144,2019,15,1,1,2680.0,1.0,1,PSCA,1,PSCA,5,2022-06-15 18:31:14,,3,0
1220020423290487,497553159126144,2019,15,1,1,2680.0,2.0,1,PSCA,1,PSCA,55,2022-06-15 18:31:14,,3,0
1220020424290487,497553159126144,2019,15,1,1,2680.0,3.0,1,PSCA,1,PSCA,18,2022-06-15 18:31:14,,3,0
1220020425290487,497553159126144,2019,15,1,1,2680.0,4.0,1,PSCA,1,PSCA,5,2022-06-15 18:31:14,,3,0
1220020426290487,497553159126144,2019,15,1,1,2680.0,1.0,1,PSGU,1,PSGU,15,2022-06-15 18:31:14,,3,0
1220020427290487,497553159126144,2019,15,1,1,2680.0,3.0,1,PSGU,1,PSGU,11,2022-06-15 18:31:14,,3,0
1220020428290487,497553159126144,2019,15,1,1,2680.0,2.0,1,SCTE,1,SCTE,4,2022-06-15 18:31:14,,3,0
1219080531290487,497553169126144,2019,15,1,1,2695.0,1.0,1,MOFA,1,MOFA,30,2022-06-14 20:30:24,,3,0
1219080532290487,497553169126144,2019,15,1,1,2695.0,2.0,1,MOFA,1,MOFA,15,2022-06-14 20:30:24,,3,0
1219080533290487,497553169126144,2019,15,1,1,2695.0,3.0,1,MOFA,1,MOFA,40,2022-06-14 20:30:24,,3,0
1219080534290487,497553169126144,2019,15,1,1,2695.0,4.0,1,MOFA,1,MOFA,10,2022-06-14 20:30:24,,3,0
1219080841290487,497553175126144,2019,15,1,7,1105.0,1.0,1,LELE10,1,LELE10,80,2022-06-14 20:30:24,,3,0
1219080842290487,497553175126144,2019,15,1,7,1105.0,2.0,1,LELE10,1,LELE10,25,2022-06-14 20:30:24,,3,0
1219080843290487,497553175126144,2019,15,1,7,1105.0,3.0,1,LELE10,1,LELE10,92,2022-06-14 20:30:24,,3,0
1219080844290487,497553175126144,2019,15,1,7,1105.0,4.0,1,LELE10,1,LELE10,60,2022-06-14 20:30:24,,3,0
1219081154290487,497553180126144,2019,15,1,7,1115.0,1.0,1,GRRO,1,GRRO,16,2022-06-14 20:30:24,,3,0
1219081155290487,497553180126144,2019,15,1,7,1115.0,2.0,1,GRRO,1,GRRO,2,2022-06-14 20:30:24,,3,0
1219081156290487,497553180126144,2019,15,1,7,1115.0,4.0,1,GRRO,1,GRRO,28,2022-06-14 20:30:24,,3,0
1219084881290487,497553292126144,2019,15,1,1,2266.0,1.0,1,CLHI3,1,CLHI3,3,2022-06-14 20:30:29,,3,0
1219084882290487,497553292126144,2019,15,1,1,2266.0,2.0,1,CLHI3,1,CLHI3,3,2022-06-14 20:30:29,,3,0
1219084883290487,497553292126144,2019,15,1,1,2266.0,1.0,1,PSCA,1,PSCA,45,2022-06-14 20:30:29,,3,0
1219084884290487,497553292126144,2019,15,1,1,2266.0,2.0,1,PSCA,1,PSCA,5,2022-06-14 20:30:29,,3,0
1219084960290487,497553295126144,2019,15,1,1,2271.0,1.0,1,CLHI3,1,CLHI3,1,2022-06-14 20:30:30,,3,0
1219084961290487,497553295126144,2019,15,1,1,2271.0,2.0,1,CLHI3,1,CLHI3,1,2022-06-14 20:30:30,,3,0
1219084962290487,497553295126144,2019,15,1,1,2271.0,3.0,1,CLHI3,1,CLHI3,1,2022-06-14 20:30:30,,3,0
1219084963290487,497553295126144,2019,15,1,1,2271.0,4.0,1,CLHI3,1,CLHI3,1,2022-06-14 20:30:30,,3,0
1219084964290487,497553295126144,2019,15,1,1,2271.0,1.0,1,PSCA,1,PSCA,2,2022-06-14 20:30:30,,3,0
1219084965290487,497553295126144,2019,15,1,1,2271.0,2.0,1,PSCA,1,PSCA,5,2022-06-14 20:30:30,,3,0
1219084966290487,497553295126144,2019,15,1,1,2271.0,4.0,1,PSCA,1,PSCA,3,2022-06-14 20:30:30,,3,0
1219084967290487,497553295126144,2019,15,1,1,2271.0,1.0,1,PSGU,1,PSGU,1,2022-06-14 20:30:30,,3,0
1219084968290487,497553295126144,2019,15,1,1,2271.0,2.0,1,PSGU,1,PSGU,1,2022-06-14 20:30:30,,3,0
1219084969290487,497553295126144,2019,15,1,1,2271.0,1.0,1,SPCA2,1,SPCA2,1,2022-06-14 20:30:30,,3,0
1219084970290487,497553295126144,2019,15,1,1,2271.0,2.0,1,SPCA2,1,SPCA2,1,2022-06-14 20:30:30,,3,0
1219084971290487,497553295126144,2019,15,1,1,2271.0,4.0,1,SPCA2,1,SPCA2,1,2022-06-14 20:30:30,,3,0
1219085129290487,497553304126144,2019,15,1,1,2317.0,1.0,1,CLHI3,1,CLHI3,3,2022-06-14 20:30:30,,3,0
1219085130290487,497553304126144,2019,15,1,1,2317.0,2.0,1,CLHI3,1,CLHI3,5,2022-06-14 20:30:30,,3,0
1219085131290487,497553304126144,2019,15,1,1,2317.0,3.0,1,CLHI3,1,CLHI3,3,2022-06-14 20:30:30,,3,0
1219085132290487,497553304126144,2019,15,1,1,2317.0,1.0,1,PSCA,1,PSCA,1,2022-06-14 20:30:30,,3,0
1219085133290487,497553304126144,2019,15,1,1,2317.0,2.0,1,PSCA,1,PSCA,3,2022-06-14 20:30:30,,3,0
1219085134290487,497553304126144,2019,15,1,1,2317.0,3.0,1,PSCA,1,PSCA,1,2022-06-14 20:30:30,,3,0
1219085135290487,497553304126144,2019,15,1,1,2317.0,1.0,1,RUELO,1,RUELO,5,2022-06-14 20:30:30,,3,0
1219085136290487,497553304126144,2019,15,1,1,2317.0,3.0,1,TIHE2,1,TIHE2,2,2022-06-14 20:30:30,,3,0
1219085303290487,497553311126144,2019,15,1,1,2326.0,1.0,1,PESE3,1,PESE3,2,2022-06-14 20:30:30,,3,0
1219085304290487,497553311126144,2019,15,1,1,2326.0,2.0,1,PESE3,1,PESE3,14,2022-06-14 20:30:30,,3,0
1219085305290487,497553311126144,2019,15,1,1,2326.0,3.0,1,PESE3,1,PESE3,1,2022-06-14 20:30:30,,3,0
1219085306290487,497553311126144,2019,15,1,1,2326.0,4.0,1,PESE3,1,PESE3,1,2022-06-14 20:30:30,,3,0
1219085473290487,497553317126144,2019,15,1,1,2335.0,4.0,1,PATRM,1,PATRM,6,2022-06-14 20:30:30,,3,0
1219085474290487,497553317126144,2019,15,1,1,2335.0,1.0,1,RUAR2,1,RUAR2,4,2022-06-14 20:30:30,,3,0
1219085475290487,497553317126144,2019,15,1,1,2335.0,2.0,1,RUAR2,1,RUAR2,5,2022-06-14 20:30:30,,3,0
1219085476290487,497553317126144,2019,15,1,1,2335.0,3.0,1,RUAR2,1,RUAR2,3,2022-06-14 20:30:30,,3,0
1219085477290487,497553317126144,2019,15,1,1,2335.0,4.0,1,RUAR2,1,RUAR2,2,2022-06-14 20:30:30,,3,0
1219085662290487,497553327126144,2019,15,1,1,2702.0,2.0,2,PSGU,1,PSGU,28,2022-06-14 20:30:31,,3,0
1219085663290487,497553327126144,2019,15,1,1,2702.0,3.0,2,PSGU,1,PSGU,83,2022-06-14 20:30:31,,3,0
1219085664290487,497553327126144,2019,15,1,1,2702.0,2.0,2,SCTE,1,SCTE,64,2022-06-14 20:30:31,,3,0
1219085665290487,497553327126144,2019,15,1,1,2702.0,3.0,2,SCTE,1,SCTE,2,2022-06-14 20:30:31,,3,0
1219085875290487,497553333126144,2019,15,1,1,2709.0,1.0,1,CLHI3,1,CLHI3,25,2022-06-14 20:30:31,,3,0
1219085876290487,497553333126144,2019,15,1,1,2709.0,2.0,1,CLHI3,1,CLHI3,22,2022-06-14 20:30:31,,3,0
1219085877290487,497553333126144,2019,15,1,1,2709.0,3.0,1,CLHI3,1,CLHI3,35,2022-06-14 20:30:31,,3,0
1219085878290487,497553333126144,2019,15,1,1,2709.0,4.0,1,CLHI3,1,CLHI3,55,2022-06-14 20:30:31,,3,0
1219085879290487,497553333126144,2019,15,1,1,2709.0,1.0,1,PSCA,1,PSCA,22,2022-06-14 20:30:31,,3,0
1219085880290487,497553333126144,2019,15,1,1,2709.0,2.0,1,PSCA,1,PSCA,25,2022-06-14 20:30:31,,3,0
365876729489998,49612480010497,2010,15,1,7,1140.0,4.0,1,PSCA,1,PSCA,60,2015-12-17 12:39:11,2021-06-04 15:05:17,2,0
365876853489998,49612481010497,2010,15,1,7,1141.0,1.0,1,CLHI3,1,CLHI3,3,2015-12-17 12:39:11,2021-06-04 15:05:17,2,0
365876854489998,49612481010497,2010,15,1,7,1141.0,4.0,1,CLHI3,1,CLHI3,1,2015-12-17 12:39:11,2021-06-04 15:05:17,2,0
365876855489998,49612481010497,2010,15,1,7,1141.0,1.0,1,LACA2,1,LACA2,1,2015-12-17 12:39:11,2021-06-04 15:05:17,2,0
365876856489998,49612481010497,2010,15,1,7,1141.0,2.0,1,LACA2,1,LACA2,1,2015-12-17 12:39:11,2021-06-04 15:05:17,2,0
365876857489998,49612481010497,2010,15,1,7,1141.0,1.0,1,MECA9,1,MECA9,4,2015-12-17 12:39:11,2021-06-04 15:05:17,2,0
365876858489998,49612481010497,2010,15,1,7,1141.0,2.0,1,MECA9,1,MECA9,1,2015-12-17 12:39:11,2021-06-04 15:05:17,2,0
365876859489998,49612481010497,2010,15,1,7,1141.0,3.0,1,MECA9,1,MECA9,10,2015-12-17 12:39:11,2021-06-04 15:05:17,2,0
365876860489998,49612481010497,2010,15,1,7,1141.0,4.0,1,MECA9,1,MECA9,3,2015-12-17 12:39:11,2021-06-04 15:05:17,2,0
365876861489998,49612481010497,2010,15,1,7,1141.0,1.0,1,PSCA,1,PSCA,65,2015-12-17 12:39:11,2021-06-04 15:05:17,2,0
365876862489998,49612481010497,2010,15,1,7,1141.0,2.0,1,PSCA,1,PSCA,65,2015-12-17 12:39:11,2021-06-04 15:05:17,2,0
365876863489998,49612481010497,2010,15,1,7,1141.0,3.0,1,PSCA,1,PSCA,55,2015-12-17 12:39:11,2021-06-04 15:05:17,2,0
365876864489998,49612481010497,2010,15,1,7,1141.0,4.0,1,PSCA,1,PSCA,80,2015-12-17 12:39:11,2021-06-04 15:05:17,2,0
365877016489998,49612513010497,2010,15,1,3,1379.0,1.0,1,CLHI3,1,CLHI3,7,2015-12-17 12:39:12,2021-06-04 15:05:17,2,0
365877017489998,49612513010497,2010,15,1,3,1379.0,2.0,1,CLHI3,1,CLHI3,1,2015-12-17 12:39:12,2021-06-04 15:05:17,2,0
365877018489998,49612513010497,2010,15,1,3,1379.0,3.0,1,CLHI3,1,CLHI3,3,2015-12-17 12:39:12,2021-06-04 15:05:17,2,0
365877019489998,49612513010497,2010,15,1,3,1379.0,4.0,1,CLHI3,1,CLHI3,7,2015-12-17 12:39:12,2021-06-04 15:05:17,2,0
365877020489998,49612513010497,2010,15,1,3,1379.0,2.0,1,FAMO,1,FAMO,60,2015-12-17 12:39:12,2021-06-04 15:05:17,2,0
365877021489998,49612513010497,2010,15,1,3,1379.0,1.0,1,GRRO,1,GRRO,1,2015-12-17 12:39:12,2021-06-04 15:05:17,2,0
365877022489998,49612513010497,2010,15,1,3,1379.0,1.0,1,PSCA,1,PSCA,18,2015-12-17 12:39:12,2021-06-04 15:05:17,2,0
365877023489998,49612513010497,2010,15,1,3,1379.0,2.0,1,PSCA,1,PSCA,76,2015-12-17 12:39:12,2021-06-04 15:05:17,2,0
365877024489998,49612513010497,2010,15,1,3,1379.0,3.0,1,PSCA,1,PSCA,35,2015-12-17 12:39:12,2021-06-04 15:05:17,2,0
365877025489998,49612513010497,2010,15,1,3,1379.0,4.0,1,PSCA,1,PSCA,48,2015-12-17 12:39:12,2021-06-04 15:05:17,2,0
365877026489998,49612513010497,2010,15,1,3,1379.0,1.0,1,PSGU,1,PSGU,5,2015-12-17 12:39:12,2021-06-04 15:05:17,2,0
365877027489998,49612513010497,2010,15,1,3,1379.0,1.0,1,SCTE,1,SCTE,28,2015-12-17 12:39:12,2021-06-04 15:05:17,2,0
365877028489998,49612513010497,2010,15,1,3,1379.0,2.0,1,SCTE,1,SCTE,2,2015-12-17 12:39:12,2021-06-04 15:05:17,2,0
365877029489998,49612513010497,2010,15,1,3,1379.0,3.0,1,SCTE,1,SCTE,65,2015-12-17 12:39:12,2021-06-04 15:05:17,2,0
365877030489998,49612513010497,2010,15,1,3,1379.0,4.0,1,SCTE,1,SCTE,35,2015-12-17 12:39:12,2021-06-04 15:05:17,2,0
365877195489998,49612530010497,2010,15,1,3,1451.0,3.0,2,CLHI3,1,CLHI3,2,2015-12-17 12:39:12,2021-06-04 15:05:17,2,0
365877196489998,49612530010497,2010,15,1,3,1451.0,3.0,2,FAMO,1,FAMO,1,2015-12-17 12:39:12,2021-06-04 15:05:17,2,0
365877197489998,49612530010497,2010,15,1,3,1451.0,3.0,2,LELE10,1,LELE10,3,2015-12-17 12:39:12,2021-06-04 15:05:17,2,0
365877198489998,49612530010497,2010,15,1,3,1451.0,3.0,2,PSCA,1,PSCA,2,2015-12-17 12:39:12,2021-06-04 15:05:17,2,0
365877199489998,49612530010497,2010,15,1,3,1451.0,3.0,2,SCTE,1,SCTE,8,2015-12-17 12:39:12,2021-06-04 15:05:17,2,0
365877238489998,49612540010497,2010,15,1,3,1477.0,1.0,1,LELE10,1,LELE10,12,2015-12-17 12:39:13,2021-06-04 15:05:17,2,0
365877239489998,49612540010497,2010,15,1,3,1477.0,2.0,1,LELE10,1,LELE10,6,2015-12-17 12:39:13,2021-06-04 15:05:17,2,0
365877240489998,49612540010497,2010,15,1,3,1477.0,3.0,1,LELE10,1,LELE10,10,2015-12-17 12:39:13,2021-06-04 15:05:17,2,0
365877241489998,49612540010497,2010,15,1,3,1477.0,4.0,1,LELE10,1,LELE10,9,2015-12-17 12:39:13,2021-06-04 15:05:17,2,0
365877411489998,49612580010497,2010,15,1,9,1745.0,4.0,1,LACA2,1,LACA2,2,2015-12-17 12:39:13,2021-06-04 15:05:17,2,0
365877412489998,49612580010497,2010,15,1,9,1745.0,1.0,1,SCTE,1,SCTE,35,2015-12-17 12:39:13,2021-06-04 15:05:17,2,0
365877413489998,49612580010497,2010,15,1,9,1745.0,2.0,1,SCTE,1,SCTE,65,2015-12-17 12:39:13,2021-06-04 15:05:17,2,0
365877414489998,49612580010497,2010,15,1,9,1745.0,3.0,1,SCTE,1,SCTE,65,2015-12-17 12:39:13,2021-06-04 15:05:17,2,0
365877415489998,49612580010497,2010,15,1,9,1745.0,4.0,1,SCTE,1,SCTE,8,2015-12-17 12:39:13,2021-06-04 15:05:17,2,0
365877543489998,49612581010497,2010,15,1,9,1751.0,1.0,1,CLHI3,1,CLHI3,40,2015-12-17 12:39:14,2021-06-04 15:05:17,2,0
365877544489998,49612581010497,2010,15,1,9,1751.0,2.0,1,CLHI3,1,CLHI3,3,2015-12-17 12:39:14,2021-06-04 15:05:17,2,0
365877545489998,49612581010497,2010,15,1,9,1751.0,3.0,1,CLHI3,1,CLHI3,30,2015-12-17 12:39:14,2021-06-04 15:05:17,2,0
365877546489998,49612581010497,2010,15,1,9,1751.0,4.0,1,CLHI3,1,CLHI3,16,2015-12-17 12:39:14,2021-06-04 15:05:17,2,0
365877547489998,49612581010497,2010,15,1,9,1751.0,3.0,1,LACA2,1,LACA2,1,2015-12-17 12:39:14,2021-06-04 15:05:17,2,0
365877548489998,49612581010497,2010,15,1,9,1751.0,3.0,1,PATRM,1,PATRM,1,2015-12-17 12:39:14,2021-06-04 15:05:17,2,0
365877549489998,49612581010497,2010,15,1,9,1751.0,2.0,1,PSCA,1,PSCA,1,2015-12-17 12:39:14,2021-06-04 15:05:17,2,0
365877550489998,49612581010497,2010,15,1,9,1751.0,3.0,1,PSCA,1,PSCA,1,2015-12-17 12:39:14,2021-06-04 15:05:17,2,0
365877551489998,49612581010497,2010,15,1,9,1751.0,4.0,1,PSCA,1,PSCA,1,2015-12-17 12:39:14,2021-06-04 15:05:17,2,0
365877552489998,49612581010497,2010,15,1,9,1751.0,1.0,1,PSGU,1,PSGU,20,2015-12-17 12:39:14,2021-06-04 15:05:17,2,0
365877553489998,49612581010497,2010,15,1,9,1751.0,3.0,1,PSGU,1,PSGU,26,2015-12-17 12:39:14,2021-06-04 15:05:17,2,0
365877554489998,49612581010497,2010,15,1,9,1751.0,1.0,1,SCTE,1,SCTE,25,2015-12-17 12:39:14,2021-06-04 15:05:17,2,0
365877555489998,49612581010497,2010,15,1,9,1751.0,2.0,1,SCTE,1,SCTE,20,2015-12-17 12:39:14,2021-06-04 15:05:17,2,0
365877556489998,49612581010497,2010,15,1,9,1751.0,3.0,1,SCTE,1,SCTE,26,2015-12-17 12:39:14,2021-06-04 15:05:17,2,0
365877557489998,49612581010497,2010,15,1,9,1751.0,4.0,1,SCTE,1,SCTE,30,2015-12-17 12:39:14,2021-06-04 15:05:17,2,0
365877694489998,49612582010497,2010,15,1,9,1757.0,3.0,1,AREL4,1,AREL4,4,2015-12-17 12:39:14,2021-06-04 15:05:17,2,0
365877695489998,49612582010497,2010,15,1,9,1757.0,4.0,1,LACA2,1,LACA2,1,2015-12-17 12:39:14,2021-06-04 15:05:17,2,0
365877696489998,49612582010497,2010,15,1,9,1757.0,3.0,1,PSCA,1,PSCA,1,2015-12-17 12:39:14,2021-06-04 15:05:17,2,0
365877697489998,49612582010497,2010,15,1,9,1757.0,3.0,1,PSGU,1,PSGU,1,2015-12-17 12:39:14,2021-06-04 15:05:17,2,0
365877698489998,49612582010497,2010,15,1,9,1757.0,1.0,1,SCTE,1,SCTE,25,2015-12-17 12:39:14,2021-06-04 15:05:17,2,0
365877699489998,49612582010497,2010,15,1,9,1757.0,2.0,1,SCTE,1,SCTE,30,2015-12-17 12:39:14,2021-06-04 15:05:17,2,0
365877700489998,49612582010497,2010,15,1,9,1757.0,3.0,1,SCTE,1,SCTE,22,2015-12-17 12:39:14,2021-06-04 15:05:17,2,0
365877701489998,49612582010497,2010,15,1,9,1757.0,4.0,1,SCTE,1,SCTE,4,2015-12-17 12:39:14,2021-06-04 15:05:17,2,0
365877827489998,49612583010497,2010,15,1,9,1770.0,4.0,1,SCTE,1,SCTE,45,2015-12-17 12:39:14,2021-06-04 15:05:17,2,0
365877946489998,49612585010497,2010,15,1,9,1782.0,2.0,1,CLHI3,1,CLHI3,1,2015-12-17 12:39:14,2021-06-04 15:05:17,2,0
365877947489998,49612585010497,2010,15,1,9,1782.0,3.0,1,CLHI3,1,CLHI3,1,2015-12-17 12:39:14,2021-06-04 15:05:17,2,0
365877948489998,49612585010497,2010,15,1,9,1782.0,2.0,1,TIHE2,1,TIHE2,2,2015-12-17 12:39:14,2021-06-04 15:05:17,2,0
365877949489998,49612585010497,2010,15,1,9,1782.0,3.0,1,TIHE2,1,TIHE2,1,2015-12-17 12:39:14,2021-06-04 15:05:17,2,0
365877950489998,49612585010497,2010,15,1,9,1782.0,4.0,1,TIHE2,1,TIHE2,1,2015-12-17 12:39:14,2021-06-04 15:05:17,2,0
365878077489998,49612588010497,2010,15,1,9,1802.0,1.0,1,LACA2,1,LACA2,1,2015-12-17 12:39:15,2021-06-04 15:05:17,2,0
365878078489998,49612588010497,2010,15,1,9,1802.0,2.0,1,LACA2,1,LACA2,2,2015-12-17 12:39:15,2021-06-04 15:05:17,2,0
365878079489998,49612588010497,2010,15,1,9,1802.0,3.0,1,LACA2,1,LACA2,1,2015-12-17 12:39:15,2021-06-04 15:05:17,2,0
365878080489998,49612588010497,2010,15,1,9,1802.0,3.0,1,PSCA,1,PSCA,1,2015-12-17 12:39:15,2021-06-04 15:05:17,2,0
365878081489998,49612588010497,2010,15,1,9,1802.0,1.0,1,PSGU,1,PSGU,6,2015-12-17 12:39:15,2021-06-04 15:05:17,2,0
365878082489998,49612588010497,2010,15,1,9,1802.0,2.0,1,PSGU,1,PSGU,42,2015-12-17 12:39:15,2021-06-04 15:05:17,2,0
365878083489998,49612588010497,2010,15,1,9,1802.0,3.0,1,PSGU,1,PSGU,10,2015-12-17 12:39:15,2021-06-04 15:05:17,2,0
365878084489998,49612588010497,2010,15,1,9,1802.0,1.0,1,SCTE,1,SCTE,5,2015-12-17 12:39:15,2021-06-04 15:05:17,2,0
365878085489998,49612588010497,2010,15,1,9,1802.0,2.0,1,SCTE,1,SCTE,1,2015-12-17 12:39:15,2021-06-04 15:05:17,2,0
365878086489998,49612588010497,2010,15,1,9,1802.0,3.0,1,SCTE,1,SCTE,8,2015-12-17 12:39:15,2021-06-04 15:05:17,2,0
365878190489998,49612591010497,2010,15,1,9,1812.0,2.0,1,PSCA,1,PSCA,40,2015-12-17 12:39:15,2021-06-04 15:05:17,2,0
365878191489998,49612591010497,2010,15,1,9,1812.0,3.0,1,PSCA,1,PSCA,3,2015-12-17 12:39:15,2021-06-04 15:05:17,2,0
365878192489998,49612591010497,2010,15,1,9,1812.0,2.0,1,PSGU,1,PSGU,1,2015-12-17 12:39:15,2021-06-04 15:05:17,2,0
365878193489998,49612591010497,2010,15,1,9,1812.0,3.0,1,PSGU,1,PSGU,8,2015-12-17 12:39:15,2021-06-04 15:05:17,2,0
365878194489998,49612591010497,2010,15,1,9,1812.0,2.0,1,SCTE,1,SCTE,10,2015-12-17 12:39:15,2021-06-04 15:05:17,2,0
365878195489998,49612591010497,2010,15,1,9,1812.0,3.0,1,SCTE,1,SCTE,4,2015-12-17 12:39:15,2021-06-04 15:05:17,2,0
365878289489998,49612594010497,2010,15,1,9,1817.0,1.0,1,CLHI3,1,CLHI3,1,2015-12-17 12:39:15,2021-06-04 15:05:17,2,0
365878290489998,49612594010497,2010,15,1,9,1817.0,3.0,2,CLHI3,1,CLHI3,10,2015-12-17 12:39:15,2021-06-04 15:05:17,2,0
365878291489998,49612594010497,2010,15,1,9,1817.0,1.0,1,PSCA,1,PSCA,65,2015-12-17 12:39:15,2021-06-04 15:05:17,2,0
365878292489998,49612594010497,2010,15,1,9,1817.0,2.0,1,PSCA,1,PSCA,75,2015-12-17 12:39:15,2021-06-04 15:05:17,2,0
365878293489998,49612594010497,2010,15,1,9,1817.0,3.0,2,PSCA,1,PSCA,8,2015-12-17 12:39:15,2021-06-04 15:05:17,2,0
365878294489998,49612594010497,2010,15,1,9,1817.0,4.0,1,PSCA,1,PSCA,55,2015-12-17 12:39:15,2021-06-04 15:05:17,2,0
365878295489998,49612594010497,2010,15,1,9,1817.0,3.0,2,SEPA6,1,SEPA6,18,2015-12-17 12:39:15,2021-06-04 15:05:17,2,0
365878417489998,49612602010497,2010,15,1,9,1832.0,1.0,1,LELE10,1,LELE10,6,2015-12-17 12:39:15,2021-06-04 15:05:17,2,0
365878418489998,49612602010497,2010,15,1,9,1832.0,4.0,1,LELE10,1,LELE10,35,2015-12-17 12:39:15,2021-06-04 15:05:17,2,0
365878419489998,49612602010497,2010,15,1,9,1832.0,1.0,1,PSGU,1,PSGU,8,2015-12-17 12:39:15,2021-06-04 15:05:17,2,0
365878481489998,49612608010497,2010,15,1,9,1847.0,1.0,1,CLHI3,1,CLHI3,30,2015-12-17 12:39:16,2021-06-04 15:05:17,2,0
365878482489998,49612608010497,2010,15,1,9,1847.0,2.0,1,CLHI3,1,CLHI3,6,2015-12-17 12:39:16,2021-06-04 15:05:17,2,0
365878483489998,49612608010497,2010,15,1,9,1847.0,3.0,1,CLHI3,1,CLHI3,6,2015-12-17 12:39:16,2021-06-04 15:05:17,2,0
365878484489998,49612608010497,2010,15,1,9,1847.0,4.0,1,CLHI3,1,CLHI3,15,2015-12-17 12:39:16,2021-06-04 15:05:17,2,0
365878485489998,49612608010497,2010,15,1,9,1847.0,1.0,1,PSCA,1,PSCA,15,2015-12-17 12:39:16,2021-06-04 15:05:17,2,0
365878486489998,49612608010497,2010,15,1,9,1847.0,2.0,1,PSCA,1,PSCA,17,2015-12-17 12:39:16,2021-06-04 15:05:17,2,0
365878487489998,49612608010497,2010,15,1,9,1847.0,3.0,1,PSCA,1,PSCA,9,2015-12-17 12:39:16,2021-06-04 15:05:17,2,0
365878488489998,49612608010497,2010,15,1,9,1847.0,4.0,1,PSCA,1,PSCA,20,2015-12-17 12:39:16,2021-06-04 15:05:17,2,0
365878489489998,49612608010497,2010,15,1,9,1847.0,1.0,1,SEPA6,1,SEPA6,8,2015-12-17 12:39:16,2021-06-04 15:05:17,2,0
365878490489998,49612608010497,2010,15,1,9,1847.0,2.0,1,SEPA6,1,SEPA6,15,2015-12-17 12:39:16,2021-06-04 15:05:17,2,0
365878491489998,49612608010497,2010,15,1,9,1847.0,3.0,1,SEPA6,1,SEPA6,2,2015-12-17 12:39:16,2021-06-04 15:05:17,2,0
365878492489998,49612608010497,2010,15,1,9,1847.0,4.0,1,SEPA6,1,SEPA6,20,2015-12-17 12:39:16,2021-06-04 15:05:17,2,0
365878493489998,49612608010497,2010,15,1,9,1847.0,1.0,1,TIHE2,1,TIHE2,4,2015-12-17 12:39:16,2021-06-04 15:05:17,2,0
365878494489998,49612608010497,2010,15,1,9,1847.0,2.0,1,TIHE2,1,TIHE2,1,2015-12-17 12:39:16,2021-06-04 15:05:17,2,0
365878495489998,49612608010497,2010,15,1,9,1847.0,3.0,1,TIHE2,1,TIHE2,2,2015-12-17 12:39:16,2021-06-04 15:05:17,2,0
365878496489998,49612608010497,2010,15,1,9,1847.0,4.0,1,TIHE2,1,TIHE2,2,2015-12-17 12:39:16,2021-06-04 15:05:17,2,0
365878635489998,49612612010497,2010,15,1,9,1859.0,2.0,3,CLHI3,1,CLHI3,45,2015-12-17 12:39:16,2021-06-04 15:05:17,2,0
365878636489998,49612612010497,2010,15,1,9,1859.0,2.0,3,HEGA,1,HEGA,1,2015-12-17 12:39:16,2021-06-04 15:05:17,2,0
365878637489998,49612612010497,2010,15,1,9,1859.0,2.0,3,PSGU,1,PSGU,2,2015-12-17 12:39:16,2021-06-04 15:05:17,2,0
365878676489998,49612622010497,2010,15,1,9,1877.0,1.0,1,TIHE2,1,TIHE2,2,2015-12-17 12:39:16,2021-06-04 15:05:17,2,0
1219118730290487,497553025126144,2019,15,1,1,2204.0,1.0,1,HEGA,1,HEGA,2,2022-06-14 20:31:27,,3,0
1219118880290487,497553027126144,2019,15,1,1,2208.0,3.0,1,HEGA,1,HEGA,1,2022-06-14 20:31:27,,3,0
1219118881290487,497553027126144,2019,15,1,1,2208.0,4.0,1,HEGA,1,HEGA,1,2022-06-14 20:31:27,,3,0
1219118882290487,497553027126144,2019,15,1,1,2208.0,1.0,1,SEPA6,1,SEPA6,2,2022-06-14 20:31:27,,3,0
1219118883290487,497553027126144,2019,15,1,1,2208.0,3.0,1,SEPA6,1,SEPA6,3,2022-06-14 20:31:27,,3,0
1219118884290487,497553027126144,2019,15,1,1,2208.0,1.0,1,TIHE2,1,TIHE2,2,2022-06-14 20:31:27,,3,0
1219118885290487,497553027126144,2019,15,1,1,2208.0,2.0,1,TIHE2,1,TIHE2,1,2022-06-14 20:31:27,,3,0
1219118886290487,497553027126144,2019,15,1,1,2208.0,3.0,1,TIHE2,1,TIHE2,1,2022-06-14 20:31:27,,3,0
1219118887290487,497553027126144,2019,15,1,1,2208.0,4.0,1,TIHE2,1,TIHE2,1,2022-06-14 20:31:27,,3,0
1219075499290487,497553030126144,2019,15,1,1,2212.0,1.0,1,CLHI3,1,CLHI3,1,2022-06-14 20:30:14,,3,0
1219075500290487,497553030126144,2019,15,1,1,2212.0,4.0,1,CLHI3,1,CLHI3,2,2022-06-14 20:30:14,,3,0
1219075501290487,497553030126144,2019,15,1,1,2212.0,1.0,1,HEGA,1,HEGA,66,2022-06-14 20:30:14,,3,0
1219075502290487,497553030126144,2019,15,1,1,2212.0,2.0,1,HEGA,1,HEGA,85,2022-06-14 20:30:14,,3,0
1219075503290487,497553030126144,2019,15,1,1,2212.0,3.0,1,HEGA,1,HEGA,64,2022-06-14 20:30:14,,3,0
1219075504290487,497553030126144,2019,15,1,1,2212.0,4.0,1,HEGA,1,HEGA,63,2022-06-14 20:30:14,,3,0
1219075505290487,497553030126144,2019,15,1,1,2212.0,1.0,1,PSCA,1,PSCA,1,2022-06-14 20:30:14,,3,0
1219075506290487,497553030126144,2019,15,1,1,2212.0,2.0,1,PSCA,1,PSCA,3,2022-06-14 20:30:14,,3,0
1219075507290487,497553030126144,2019,15,1,1,2212.0,3.0,1,PSCA,1,PSCA,2,2022-06-14 20:30:14,,3,0
1219075508290487,497553030126144,2019,15,1,1,2212.0,4.0,1,PSCA,1,PSCA,1,2022-06-14 20:30:14,,3,0
1219075509290487,497553030126144,2019,15,1,1,2212.0,1.0,1,SEPA6,1,SEPA6,6,2022-06-14 20:30:14,,3,0
1219118572290487,497553018126144,2019,15,1,1,2191.0,4.0,1,TIHE2,1,TIHE2,1,2022-06-14 20:31:27,,3,0
1219075510290487,497553030126144,2019,15,1,1,2212.0,3.0,1,SEPA6,1,SEPA6,23,2022-06-14 20:30:14,,3,0
1219075511290487,497553030126144,2019,15,1,1,2212.0,4.0,1,SEPA6,1,SEPA6,11,2022-06-14 20:30:14,,3,0
1219075512290487,497553030126144,2019,15,1,1,2212.0,1.0,1,TIHE2,1,TIHE2,8,2022-06-14 20:30:14,,3,0
1219075513290487,497553030126144,2019,15,1,1,2212.0,2.0,1,TIHE2,1,TIHE2,1,2022-06-14 20:30:14,,3,0
1219075514290487,497553030126144,2019,15,1,1,2212.0,3.0,1,TIHE2,1,TIHE2,4,2022-06-14 20:30:14,,3,0
1219075515290487,497553030126144,2019,15,1,1,2212.0,4.0,1,TIHE2,1,TIHE2,7,2022-06-14 20:30:14,,3,0
1219075669290487,497553033126144,2019,15,1,1,2609.0,1.0,1,HEGA,1,HEGA,5,2022-06-14 20:30:15,,3,0
