CN,PLT_CN,INVYR,STATECD,UNITCD,COUNTYCD,PLOT,SUBP,CONDID,VEG_FLDSPCD,UNIQUE_SP_NBR,VEG_SPCD,COVER_PCT,CREATED_DATE,MODIFIED_DATE,CYCLE,SUBCYCLE
489656737126144,373687449489998,2017,19,1,5,20218.0,3.0,1,LOMA6,1,LOMA6,2,2017-10-31 14:02:35,,7,4
489656738126144,373687449489998,2017,19,1,5,20218.0,4.0,1,LOMA6,1,LOMA6,4,2017-10-31 14:02:35,,7,4
489656739126144,373687449489998,2017,19,1,5,20218.0,1.0,1,ROMU,1,ROMU,1,2017-10-31 14:02:35,,7,4
489656740126144,373687449489998,2017,19,1,5,20218.0,3.0,1,ROMU,1,ROMU,7,2017-10-31 14:02:35,,7,4
489656741126144,373687449489998,2017,19,1,5,20218.0,4.0,1,ROMU,1,ROMU,1,2017-10-31 14:02:35,,7,4
489659976126144,373687307489998,2017,19,1,97,20015.0,1.0,1,ALPE4,1,ALPE4,5,2017-10-31 14:02:55,,7,4
489659977126144,373687307489998,2017,19,1,97,20015.0,2.0,1,ALPE4,1,ALPE4,1,2017-10-31 14:02:55,,7,4
489659978126144,373687307489998,2017,19,1,97,20015.0,3.0,1,ALPE4,1,ALPE4,3,2017-10-31 14:02:55,,7,4
489659979126144,373687307489998,2017,19,1,97,20015.0,4.0,1,ALPE4,1,ALPE4,2,2017-10-31 14:02:55,,7,4
489659980126144,373687307489998,2017,19,1,97,20015.0,1.0,1,ROMU,1,ROMU,10,2017-10-31 14:02:55,,7,4
489659981126144,373687307489998,2017,19,1,97,20015.0,2.0,1,ROMU,1,ROMU,6,2017-10-31 14:02:55,,7,4
489659982126144,373687307489998,2017,19,1,97,20015.0,3.0,1,ROMU,1,ROMU,8,2017-10-31 14:02:55,,7,4
489659983126144,373687307489998,2017,19,1,97,20015.0,4.0,1,ROMU,1,ROMU,11,2017-10-31 14:02:55,,7,4
489660214126144,373687452489998,2017,19,1,43,20100.0,1.0,1,ALPE4,1,ALPE4,2,2017-10-31 14:02:56,,7,4
489660215126144,373687452489998,2017,19,1,43,20100.0,2.0,1,ALPE4,1,ALPE4,5,2017-10-31 14:02:56,,7,4
489660216126144,373687452489998,2017,19,1,43,20100.0,3.0,1,ALPE4,1,ALPE4,10,2017-10-31 14:02:56,,7,4
489660217126144,373687452489998,2017,19,1,43,20100.0,4.0,1,ALPE4,1,ALPE4,1,2017-10-31 14:02:56,,7,4
489660218126144,373687452489998,2017,19,1,43,20100.0,3.0,1,CIAR4,1,CIAR4,1,2017-10-31 14:02:56,,7,4
489660219126144,373687452489998,2017,19,1,43,20100.0,4.0,1,CIVU,1,CIVU,1,2017-10-31 14:02:56,,7,4
489660369126144,373687486489998,2017,19,2,101,20059.0,1.0,2,LYNU,1,LYNU,1,2017-10-31 14:02:57,,7,4
489660370126144,373687486489998,2017,19,2,101,20059.0,3.0,3,ROMU,1,ROMU,1,2017-10-31 14:02:57,,7,4
489658772126144,373687092489998,2017,19,3,145,20057.0,2.0,1,ROMU,1,ROMU,5,2017-10-31 14:02:48,,7,4
489658773126144,373687092489998,2017,19,3,145,20057.0,3.0,1,ROMU,1,ROMU,1,2017-10-31 14:02:48,,7,4
489661150126144,373687025489998,2017,19,1,23,20114.0,2.0,1,LOMA6,1,LOMA6,1,2017-10-31 14:03:02,,7,4
489661151126144,373687025489998,2017,19,1,23,20114.0,3.0,1,LOMA6,1,LOMA6,1,2017-10-31 14:03:02,,7,4
489661152126144,373687025489998,2017,19,1,23,20114.0,1.0,1,ROMU,1,ROMU,2,2017-10-31 14:03:02,,7,4
489661153126144,373687025489998,2017,19,1,23,20114.0,2.0,1,ROMU,1,ROMU,1,2017-10-31 14:03:02,,7,4
489661154126144,373687025489998,2017,19,1,23,20114.0,3.0,1,ROMU,1,ROMU,7,2017-10-31 14:03:02,,7,4
489661155126144,373687025489998,2017,19,1,23,20114.0,4.0,2,ROMU,1,ROMU,1,2017-10-31 14:03:02,,7,4
489661156126144,373687025489998,2017,19,1,23,20114.0,2.0,1,ULPU,1,ULPU,1,2017-10-31 14:03:02,,7,4
489657593126144,373686741489998,2017,19,3,193,20225.0,1.0,1,BETH,1,BETH,1,2017-10-31 14:02:41,,7,4
489657594126144,373686741489998,2017,19,3,193,20225.0,4.0,1,BETH,1,BETH,1,2017-10-31 14:02:41,,7,4
489657595126144,373686741489998,2017,19,3,193,20225.0,2.0,1,PHAR3,1,PHAR3,50,2017-10-31 14:02:41,,7,4
489657596126144,373686741489998,2017,19,3,193,20225.0,1.0,1,ROMU,1,ROMU,2,2017-10-31 14:02:41,,7,4
489657597126144,373686741489998,2017,19,3,193,20225.0,2.0,1,ROMU,1,ROMU,2,2017-10-31 14:02:41,,7,4
489657598126144,373686741489998,2017,19,3,193,20225.0,3.0,1,ROMU,1,ROMU,2,2017-10-31 14:02:41,,7,4
489657599126144,373686741489998,2017,19,3,193,20225.0,4.0,1,ROMU,1,ROMU,2,2017-10-31 14:02:41,,7,4
489658985126144,373687276489998,2017,19,2,153,20048.0,1.0,1,PHAR3,1,PHAR3,51,2017-10-31 14:02:50,,7,4
489658986126144,373687276489998,2017,19,2,153,20048.0,2.0,1,PHAR3,1,PHAR3,80,2017-10-31 14:02:50,,7,4
489658987126144,373687276489998,2017,19,2,153,20048.0,3.0,1,PHAR3,1,PHAR3,8,2017-10-31 14:02:50,,7,4
1807205380290487,1285454285290487,2024,19,2,101,20059.0,1.0,2,PHAR3,1,PHAR3,1,2025-03-06 11:14:51,,8,4
1807205381290487,1285454285290487,2024,19,2,101,20059.0,2.0,2,PHAR3,1,PHAR3,15,2025-03-06 11:14:51,,8,4
1807205382290487,1285454285290487,2024,19,2,101,20059.0,3.0,1,ROMU,1,ROMU,1,2025-03-06 11:14:51,,8,4
1807206095290487,1285454075290487,2024,19,2,153,20048.0,1.0,1,ALPE4,1,ALPE4,1,2025-03-06 11:14:53,,8,4
1807206096290487,1285454075290487,2024,19,2,153,20048.0,2.0,1,ALPE4,1,ALPE4,1,2025-03-06 11:14:53,,8,4
1807206097290487,1285454075290487,2024,19,2,153,20048.0,3.0,1,LOMA6,1,LOMA6,1,2025-03-06 11:14:53,,8,4
1807206098290487,1285454075290487,2024,19,2,153,20048.0,4.0,1,LOMA6,1,LOMA6,1,2025-03-06 11:14:53,,8,4
1807206099290487,1285454075290487,2024,19,2,153,20048.0,1.0,1,PHAR3,1,PHAR3,60,2025-03-06 11:14:53,,8,4
1807206100290487,1285454075290487,2024,19,2,153,20048.0,2.0,1,PHAR3,1,PHAR3,5,2025-03-06 11:14:53,,8,4
1807206101290487,1285454075290487,2024,19,2,153,20048.0,3.0,1,PHAR3,1,PHAR3,1,2025-03-06 11:14:53,,8,4
1807206102290487,1285454075290487,2024,19,2,153,20048.0,4.0,1,PHAR3,1,PHAR3,75,2025-03-06 11:14:53,,8,4
1807205611290487,1285454322290487,2024,19,1,103,20022.0,2.0,2,ALPE4,1,ALPE4,1,2025-03-06 11:14:52,,8,4
1807205612290487,1285454322290487,2024,19,1,103,20022.0,2.0,2,BETH,1,BETH,1,2025-03-06 11:14:52,,8,4
1807205613290487,1285454322290487,2024,19,1,103,20022.0,2.0,2,CEOR7,1,CEOR7,75,2025-03-06 11:14:52,,8,4
1807205614290487,1285454322290487,2024,19,1,103,20022.0,2.0,2,HEMA3,1,HEMA3,1,2025-03-06 11:14:52,,8,4
1807205615290487,1285454322290487,2024,19,1,103,20022.0,2.0,2,LIVU,1,LIVU,1,2025-03-06 11:14:52,,8,4
1807205616290487,1285454322290487,2024,19,1,103,20022.0,2.0,2,LOMA6,1,LOMA6,8,2025-03-06 11:14:52,,8,4
1807205617290487,1285454322290487,2024,19,1,103,20022.0,2.0,2,LONIC,1,LONIC,2,2025-03-06 11:14:52,,8,4
1807205618290487,1285454322290487,2024,19,1,103,20022.0,2.0,2,ROMU,1,ROMU,2,2025-03-06 11:14:52,,8,4
1807205619290487,1285454322290487,2024,19,1,103,20022.0,2.0,2,VIOP,1,VIOP,1,2025-03-06 11:14:52,,8,4
1807204801290487,1285453834290487,2024,19,1,171,20075.0,1.0,1,ALPE4,1,ALPE4,1,2025-03-06 11:14:50,,8,4
1807204802290487,1285453834290487,2024,19,1,171,20075.0,1.0,2,ALPE4,1,ALPE4,1,2025-03-06 11:14:50,,8,4
1807204803290487,1285453834290487,2024,19,1,171,20075.0,2.0,1,ALPE4,1,ALPE4,5,2025-03-06 11:14:50,,8,4
1807204804290487,1285453834290487,2024,19,1,171,20075.0,3.0,1,ALPE4,1,ALPE4,1,2025-03-06 11:14:50,,8,4
1807204805290487,1285453834290487,2024,19,1,171,20075.0,4.0,2,ALPE4,1,ALPE4,1,2025-03-06 11:14:50,,8,4
489656736126144,373687449489998,2017,19,1,5,20218.0,1.0,1,LOMA6,1,LOMA6,2,2017-10-31 14:02:35,,7,4
1807204806290487,1285453834290487,2024,19,1,171,20075.0,4.0,2,BETH,1,BETH,1,2025-03-06 11:14:50,,8,4
1807205037290487,1285453980290487,2024,19,2,49,20078.0,2.0,1,LOMA6,1,LOMA6,1,2025-03-06 11:14:50,,8,4
1807205903290487,1285453789290487,2024,19,3,47,20136.0,3.0,2,ALPE4,1,ALPE4,1,2025-03-06 11:14:53,,8,4
1807205904290487,1285453789290487,2024,19,3,47,20136.0,3.0,2,ELUM,1,ELUM,1,2025-03-06 11:14:53,,8,4
1807205905290487,1285453789290487,2024,19,3,47,20136.0,3.0,2,LOMA6,1,LOMA6,8,2025-03-06 11:14:53,,8,4
1807205906290487,1285453789290487,2024,19,3,47,20136.0,3.0,2,LONIC,1,LONIC,3,2025-03-06 11:14:53,,8,4
1807205230290487,1285454068290487,2024,19,1,131,20001.0,2.0,2,RHCA3,1,RHCA3,25,2025-03-06 11:14:51,,8,4
1807205231290487,1285454068290487,2024,19,1,131,20001.0,2.0,2,ROMU,1,ROMU,1,2025-03-06 11:14:51,,8,4
1807207689290487,1285454251290487,2024,19,1,43,20100.0,1.0,1,ALPE4,1,ALPE4,1,2025-03-06 11:14:59,,8,4
1807207690290487,1285454251290487,2024,19,1,43,20100.0,2.0,1,ALPE4,1,ALPE4,3,2025-03-06 11:14:59,,8,4
1807207691290487,1285454251290487,2024,19,1,43,20100.0,3.0,1,ALPE4,1,ALPE4,1,2025-03-06 11:14:59,,8,4
1807207692290487,1285454251290487,2024,19,1,43,20100.0,4.0,1,ALPE4,1,ALPE4,2,2025-03-06 11:14:59,,8,4
1807207693290487,1285454251290487,2024,19,1,43,20100.0,1.0,1,ROMU,1,ROMU,1,2025-03-06 11:14:59,,8,4
1807207335290487,1285453824290487,2024,19,1,23,20114.0,2.0,1,ELUM,1,ELUM,2,2025-03-06 11:14:58,,8,4
1807207336290487,1285453824290487,2024,19,1,23,20114.0,2.0,1,LOMA6,1,LOMA6,2,2025-03-06 11:14:58,,8,4
1807207337290487,1285453824290487,2024,19,1,23,20114.0,1.0,1,ROMU,1,ROMU,9,2025-03-06 11:14:58,,8,4
1807207338290487,1285453824290487,2024,19,1,23,20114.0,2.0,1,ROMU,1,ROMU,5,2025-03-06 11:14:58,,8,4
1807207339290487,1285453824290487,2024,19,1,23,20114.0,3.0,1,ROMU,1,ROMU,10,2025-03-06 11:14:58,,8,4
1807207340290487,1285453824290487,2024,19,1,23,20114.0,4.0,1,ROMU,1,ROMU,5,2025-03-06 11:14:58,,8,4
1888294711290487,1542780893290487,2025,19,3,73,20065.0,4.0,2,ELUM,1,ELUM,7,2025-08-15 10:35:51,,8,5
1888294712290487,1542780893290487,2025,19,3,73,20065.0,1.0,1,LOMA6,1,LOMA6,2,2025-08-15 10:35:51,,8,5
1888294713290487,1542780893290487,2025,19,3,73,20065.0,2.0,1,LOMA6,1,LOMA6,2,2025-08-15 10:35:51,,8,5
1888295574290487,1542781035290487,2025,19,1,171,20205.0,1.0,1,PHAR3,1,PHAR3,4,2025-08-15 10:35:55,,8,5
1888295575290487,1542781035290487,2025,19,1,171,20205.0,2.0,1,PHAR3,1,PHAR3,4,2025-08-15 10:35:55,,8,5
1888295576290487,1542781035290487,2025,19,1,171,20205.0,3.0,1,PHAR3,1,PHAR3,1,2025-08-15 10:35:55,,8,5
1888295577290487,1542781035290487,2025,19,1,171,20205.0,4.0,1,PHAR3,1,PHAR3,12,2025-08-15 10:35:55,,8,5
1888295711290487,1542781039290487,2025,19,1,171,20005.0,1.0,2,ELUM,1,ELUM,10,2025-08-15 10:35:55,,8,5
1888295712290487,1542781039290487,2025,19,1,171,20005.0,2.0,2,ELUM,1,ELUM,25,2025-08-15 10:35:55,,8,5
1888295713290487,1542781039290487,2025,19,1,171,20005.0,1.0,2,LOMA6,1,LOMA6,34,2025-08-15 10:35:55,,8,5
1888295714290487,1542781039290487,2025,19,1,171,20005.0,2.0,2,LOMA6,1,LOMA6,80,2025-08-15 10:35:55,,8,5
1888295715290487,1542781039290487,2025,19,1,171,20005.0,1.0,2,ROMU,1,ROMU,2,2025-08-15 10:35:55,,8,5
1888295716290487,1542781039290487,2025,19,1,171,20005.0,2.0,2,ROMU,1,ROMU,2,2025-08-15 10:35:55,,8,5
1888295085290487,1542781192290487,2025,19,2,115,20089.0,1.0,1,ALPE4,1,ALPE4,3,2025-08-15 10:35:53,,8,5
1888295086290487,1542781192290487,2025,19,2,115,20089.0,2.0,1,ALPE4,1,ALPE4,2,2025-08-15 10:35:53,,8,5
1888295087290487,1542781192290487,2025,19,2,115,20089.0,1.0,1,LOMA6,1,LOMA6,1,2025-08-15 10:35:53,,8,5
1888295088290487,1542781192290487,2025,19,2,115,20089.0,2.0,1,LOMA6,1,LOMA6,1,2025-08-15 10:35:53,,8,5
1888295089290487,1542781192290487,2025,19,2,115,20089.0,3.0,1,LOMA6,1,LOMA6,6,2025-08-15 10:35:53,,8,5
1888295090290487,1542781192290487,2025,19,2,115,20089.0,4.0,1,LOMA6,1,LOMA6,4,2025-08-15 10:35:53,,8,5
1888295091290487,1542781192290487,2025,19,2,115,20089.0,1.0,1,PHAR3,1,PHAR3,3,2025-08-15 10:35:53,,8,5
1888295092290487,1542781192290487,2025,19,2,115,20089.0,2.0,1,PHAR3,1,PHAR3,3,2025-08-15 10:35:53,,8,5
1888295093290487,1542781192290487,2025,19,2,115,20089.0,4.0,1,PHAR3,1,PHAR3,40,2025-08-15 10:35:53,,8,5
1888295094290487,1542781192290487,2025,19,2,115,20089.0,1.0,1,ROMU,1,ROMU,2,2025-08-15 10:35:53,,8,5
1888295095290487,1542781192290487,2025,19,2,115,20089.0,2.0,1,ROMU,1,ROMU,3,2025-08-15 10:35:53,,8,5
1888295096290487,1542781192290487,2025,19,2,115,20089.0,3.0,1,ROMU,1,ROMU,2,2025-08-15 10:35:53,,8,5
1888295097290487,1542781192290487,2025,19,2,115,20089.0,4.0,1,ROMU,1,ROMU,7,2025-08-15 10:35:53,,8,5
1888295008290487,1542781190290487,2025,19,1,61,20045.0,1.0,1,ALPE4,1,ALPE4,3,2025-08-15 10:35:53,,8,5
1888295009290487,1542781190290487,2025,19,1,61,20045.0,3.0,1,ALPE4,1,ALPE4,2,2025-08-15 10:35:53,,8,5
1888295010290487,1542781190290487,2025,19,1,61,20045.0,1.0,1,CIVU,1,CIVU,1,2025-08-15 10:35:53,,8,5
1888295011290487,1542781190290487,2025,19,1,61,20045.0,3.0,1,CIVU,1,CIVU,1,2025-08-15 10:35:53,,8,5
1888295012290487,1542781190290487,2025,19,1,61,20045.0,1.0,1,PHAR3,1,PHAR3,1,2025-08-15 10:35:53,,8,5
1888295013290487,1542781190290487,2025,19,1,61,20045.0,1.0,1,ROMU,1,ROMU,19,2025-08-15 10:35:53,,8,5
1888295014290487,1542781190290487,2025,19,1,61,20045.0,3.0,1,ROMU,1,ROMU,3,2025-08-15 10:35:53,,8,5
1888296547290487,1542780877290487,2025,19,3,159,20085.0,1.0,1,LOMA6,1,LOMA6,1,2025-08-15 10:35:58,,8,5
1888296548290487,1542780877290487,2025,19,3,159,20085.0,2.0,1,LOMA6,1,LOMA6,1,2025-08-15 10:35:58,,8,5
1888296549290487,1542780877290487,2025,19,3,159,20085.0,4.0,1,LOMA6,1,LOMA6,1,2025-08-15 10:35:58,,8,5
1888296550290487,1542780877290487,2025,19,3,159,20085.0,1.0,1,ROMU,1,ROMU,1,2025-08-15 10:35:58,,8,5
1888296551290487,1542780877290487,2025,19,3,159,20085.0,2.0,1,ROMU,1,ROMU,1,2025-08-15 10:35:58,,8,5
1888296552290487,1542780877290487,2025,19,3,159,20085.0,4.0,1,ROMU,1,ROMU,1,2025-08-15 10:35:58,,8,5
1888296553290487,1542780877290487,2025,19,3,159,20085.0,2.0,1,ROPS,1,ROPS,3,2025-08-15 10:35:58,,8,5
1888296554290487,1542780877290487,2025,19,3,159,20085.0,4.0,1,ROPS,1,ROPS,10,2025-08-15 10:35:58,,8,5
1888296726290487,1542781009290487,2025,19,2,139,20008.0,1.0,1,ALPE4,1,ALPE4,1,2025-08-15 10:35:58,,8,5
1888296727290487,1542781009290487,2025,19,2,139,20008.0,2.0,1,ALPE4,1,ALPE4,1,2025-08-15 10:35:58,,8,5
1888296728290487,1542781009290487,2025,19,2,139,20008.0,1.0,1,PHAR3,1,PHAR3,93,2025-08-15 10:35:58,,8,5
1888296729290487,1542781009290487,2025,19,2,139,20008.0,2.0,1,PHAR3,1,PHAR3,60,2025-08-15 10:35:58,,8,5
1888296730290487,1542781009290487,2025,19,2,139,20008.0,3.0,1,PHAR3,1,PHAR3,99,2025-08-15 10:35:58,,8,5
1888296731290487,1542781009290487,2025,19,2,139,20008.0,4.0,1,PHAR3,1,PHAR3,98,2025-08-15 10:35:58,,8,5
1888297372290487,1542781114290487,2025,19,2,95,20115.0,1.0,1,PHAR3,1,PHAR3,90,2025-08-15 10:36:00,,8,5
1888297373290487,1542781114290487,2025,19,2,95,20115.0,2.0,1,PHAR3,1,PHAR3,97,2025-08-15 10:36:00,,8,5
1888297374290487,1542781114290487,2025,19,2,95,20115.0,3.0,1,PHAR3,1,PHAR3,99,2025-08-15 10:36:00,,8,5
1888297375290487,1542781114290487,2025,19,2,95,20115.0,4.0,1,PHAR3,1,PHAR3,98,2025-08-15 10:36:01,,8,5
1888298703290487,1542780675290487,2025,19,4,161,20208.0,4.0,1,CEOR7,1,CEOR7,1,2025-08-15 10:36:04,,8,5
1888298704290487,1542780675290487,2025,19,4,161,20208.0,2.0,1,LOMA6,1,LOMA6,15,2025-08-15 10:36:04,,8,5
1888298705290487,1542780675290487,2025,19,4,161,20208.0,3.0,1,LOMA6,1,LOMA6,20,2025-08-15 10:36:04,,8,5
1888298706290487,1542780675290487,2025,19,4,161,20208.0,4.0,1,LOMA6,1,LOMA6,15,2025-08-15 10:36:04,,8,5
1888298707290487,1542780675290487,2025,19,4,161,20208.0,2.0,1,LONIC,1,LONIC,1,2025-08-15 10:36:04,,8,5
1888298708290487,1542780675290487,2025,19,4,161,20208.0,4.0,1,LONIC,1,LONIC,3,2025-08-15 10:36:04,,8,5
1888298709290487,1542780675290487,2025,19,4,161,20208.0,3.0,1,PHAR3,1,PHAR3,1,2025-08-15 10:36:04,,8,5
1888298710290487,1542780675290487,2025,19,4,161,20208.0,4.0,1,PHAR3,1,PHAR3,1,2025-08-15 10:36:04,,8,5
1888298711290487,1542780675290487,2025,19,4,161,20208.0,3.0,1,RHCA3,1,RHCA3,1,2025-08-15 10:36:04,,8,5
1888298712290487,1542780675290487,2025,19,4,161,20208.0,4.0,1,RHCA3,1,RHCA3,5,2025-08-15 10:36:04,,8,5
1888298713290487,1542780675290487,2025,19,4,161,20208.0,3.0,1,VIOP,1,VIOP,5,2025-08-15 10:36:04,,8,5
1889031102290487,1542780471290487,2025,19,2,185,20113.0,2.0,1,LOMA6,1,LOMA6,1,2025-08-21 08:13:25,,8,5
1889031103290487,1542780471290487,2025,19,2,185,20113.0,3.0,1,LOMA6,1,LOMA6,1,2025-08-21 08:13:25,,8,5
1889031104290487,1542780471290487,2025,19,2,185,20113.0,4.0,1,LOMA6,1,LOMA6,1,2025-08-21 08:13:25,,8,5
1889031105290487,1542780471290487,2025,19,2,185,20113.0,1.0,1,ROMU,1,ROMU,4,2025-08-21 08:13:25,,8,5
1889031106290487,1542780471290487,2025,19,2,185,20113.0,2.0,1,ROMU,1,ROMU,1,2025-08-21 08:13:25,,8,5
1889031107290487,1542780471290487,2025,19,2,185,20113.0,3.0,1,ROMU,1,ROMU,9,2025-08-21 08:13:25,,8,5
1889031108290487,1542780471290487,2025,19,2,185,20113.0,4.0,1,ROMU,1,ROMU,8,2025-08-21 08:13:25,,8,5
243466983010661,168924364010661,2010,19,2,177,20008.0,1.0,1,ROMU,1,ROMU,2,2011-01-10 15:30:45,,6,2
243466984010661,168924364010661,2010,19,2,177,20008.0,2.0,1,ROMU,1,ROMU,1,2011-01-10 15:30:45,,6,2
243466965010661,168922721010661,2010,19,2,135,20077.0,3.0,2,LONIC,1,LONIC,1,2011-01-10 15:30:45,,6,2
243466966010661,168922721010661,2010,19,2,135,20077.0,3.0,2,ROMU,1,ROMU,1,2011-01-10 15:30:45,,6,2
243466893010661,168922948010661,2010,19,2,53,20103.0,4.0,2,ROMU,1,ROMU,1,2011-01-10 15:30:45,,6,2
243466894010661,168922948010661,2010,19,2,53,20103.0,4.0,2,ROPS,1,ROPS,1,2011-01-10 15:30:45,,6,2
243466952010661,168922713010661,2010,19,2,123,20045.0,1.0,1,ROMU,1,ROMU,3,2011-01-10 15:30:45,,6,2
243466953010661,168922713010661,2010,19,2,123,20045.0,2.0,1,ROMU,1,ROMU,7,2011-01-10 15:30:45,,6,2
243466954010661,168922713010661,2010,19,2,123,20045.0,3.0,1,ROMU,1,ROMU,3,2011-01-10 15:30:45,,6,2
243466955010661,168922713010661,2010,19,2,123,20045.0,4.0,1,ROMU,1,ROMU,2,2011-01-10 15:30:45,,6,2
243466977010661,168923284010661,2010,19,3,175,20207.0,4.0,2,LONIC,1,LONIC,6,2011-01-10 15:30:45,,6,2
243466978010661,168923284010661,2010,19,3,175,20207.0,3.0,2,PHAR3,1,PHAR3,1,2011-01-10 15:30:45,,6,2
243466979010661,168923284010661,2010,19,3,175,20207.0,3.0,2,ROMU,1,ROMU,1,2011-01-10 15:30:45,,6,2
243466980010661,168923284010661,2010,19,3,175,20207.0,4.0,2,ROMU,1,ROMU,5,2011-01-10 15:30:45,,6,2
243466981010661,168923284010661,2010,19,3,175,20207.0,3.0,2,ROPS,1,ROPS,99,2011-01-10 15:30:45,,6,2
243466982010661,168923284010661,2010,19,3,175,20207.0,4.0,2,ROPS,1,ROPS,97,2011-01-10 15:30:45,,6,2
243466883010661,168922445010661,2010,19,1,11,20097.0,1.0,2,PHAR3,1,PHAR3,1,2011-01-10 15:30:44,,6,2
243466884010661,168922445010661,2010,19,1,11,20097.0,3.0,2,PHAR3,1,PHAR3,1,2011-01-10 15:30:44,,6,2
243466956010661,168923842010661,2010,19,3,129,20008.0,1.0,1,ALPE4,1,ALPE4,2,2011-01-10 15:30:45,,6,2
243466957010661,168923842010661,2010,19,3,129,20008.0,2.0,1,ALPE4,1,ALPE4,2,2011-01-10 15:30:45,,6,2
243466958010661,168923842010661,2010,19,3,129,20008.0,3.0,1,ALPE4,1,ALPE4,1,2011-01-10 15:30:45,,6,2
243466959010661,168923842010661,2010,19,3,129,20008.0,1.0,1,POCU6,1,POCU6,7,2011-01-10 15:30:45,,6,2
243466887010661,168922409010661,2010,19,1,43,20104.0,3.0,1,CIVU,1,CIVU,1,2011-01-10 15:30:44,,6,2
243466888010661,168922409010661,2010,19,1,43,20104.0,4.0,1,CIVU,1,CIVU,1,2011-01-10 15:30:44,,6,2
243466889010661,168922409010661,2010,19,1,43,20104.0,1.0,1,ROMU,1,ROMU,4,2011-01-10 15:30:44,,6,2
243466890010661,168922409010661,2010,19,1,43,20104.0,2.0,1,ROMU,1,ROMU,1,2011-01-10 15:30:44,,6,2
243466891010661,168922409010661,2010,19,1,43,20104.0,3.0,1,ROMU,1,ROMU,1,2011-01-10 15:30:44,,6,2
243466892010661,168922409010661,2010,19,1,43,20104.0,4.0,1,ROMU,1,ROMU,2,2011-01-10 15:30:45,,6,2
243466885010661,168922409010661,2010,19,1,43,20104.0,1.0,1,CIVU,1,CIVU,1,2011-01-10 15:30:44,,6,2
243466886010661,168922409010661,2010,19,1,43,20104.0,2.0,1,CIVU,1,CIVU,2,2011-01-10 15:30:44,,6,2
243466896010661,168924226010661,2010,19,3,71,20089.0,2.0,2,ELUM,1,ELUM,5,2011-01-10 15:30:45,,6,2
243466897010661,168924226010661,2010,19,3,71,20089.0,1.0,1,LONIC,1,LONIC,15,2011-01-10 15:30:45,,6,2
243466898010661,168924226010661,2010,19,3,71,20089.0,2.0,2,LONIC,1,LONIC,15,2011-01-10 15:30:45,,6,2
243466899010661,168924226010661,2010,19,3,71,20089.0,3.0,1,LONIC,1,LONIC,75,2011-01-10 15:30:45,,6,2
243466900010661,168924226010661,2010,19,3,71,20089.0,4.0,1,LONIC,1,LONIC,60,2011-01-10 15:30:45,,6,2
243466901010661,168924226010661,2010,19,3,71,20089.0,2.0,2,ULPU,1,ULPU,1,2011-01-10 15:30:45,,6,2
243466960010661,168924346010661,2010,19,3,133,20080.0,1.0,1,ROPS,1,ROPS,8,2011-01-10 15:30:45,,6,2
243466961010661,168924346010661,2010,19,3,133,20080.0,2.0,1,ROPS,1,ROPS,6,2011-01-10 15:30:45,,6,2
243466962010661,168924346010661,2010,19,3,133,20080.0,3.0,1,ROPS,1,ROPS,45,2011-01-10 15:30:45,,6,2
243466963010661,168924346010661,2010,19,3,133,20080.0,4.0,1,ROPS,1,ROPS,1,2011-01-10 15:30:45,,6,2
243466964010661,168924346010661,2010,19,3,133,20080.0,4.0,2,ROPS,1,ROPS,2,2011-01-10 15:30:45,,6,2
243466970010661,168923880010661,2010,19,4,141,20136.0,4.0,2,RHCA3,1,RHCA3,1,2011-01-10 15:30:45,,6,2
243466991010661,168922625010661,2010,19,1,191,20122.0,1.0,1,LOTA,1,LOTA,2,2011-01-10 15:30:45,,6,2
243466992010661,168922625010661,2010,19,1,191,20122.0,2.0,1,LOTA,1,LOTA,15,2011-01-10 15:30:45,,6,2
243466993010661,168922625010661,2010,19,1,191,20122.0,1.0,1,PHAR3,1,PHAR3,1,2011-01-10 15:30:45,,6,2
243466994010661,168922625010661,2010,19,1,191,20122.0,2.0,1,PHAR3,1,PHAR3,1,2011-01-10 15:30:45,,6,2
243466995010661,168922625010661,2010,19,1,191,20122.0,1.0,1,RHCA3,1,RHCA3,1,2011-01-10 15:30:45,,6,2
243466996010661,168922625010661,2010,19,1,191,20122.0,2.0,1,RHCA3,1,RHCA3,11,2011-01-10 15:30:45,,6,2
243466878010661,168922727010661,2010,19,2,7,20063.0,3.0,1,PHAR3,1,PHAR3,1,2011-01-10 15:30:44,,6,2
243466879010661,168922727010661,2010,19,2,7,20063.0,1.0,1,ROMU,1,ROMU,5,2011-01-10 15:30:44,,6,2
243466880010661,168922727010661,2010,19,2,7,20063.0,2.0,1,ROMU,1,ROMU,4,2011-01-10 15:30:44,,6,2
243466881010661,168922727010661,2010,19,2,7,20063.0,3.0,1,ROMU,1,ROMU,1,2011-01-10 15:30:44,,6,2
243466882010661,168922727010661,2010,19,2,7,20063.0,4.0,1,ROMU,1,ROMU,2,2011-01-10 15:30:44,,6,2
243466930010661,168922197010661,2010,19,2,111,20046.0,2.0,2,LOMO2,1,LOMO2,1,2011-01-10 15:30:45,,6,2
243466931010661,168922197010661,2010,19,2,111,20046.0,1.0,1,ROMU,1,ROMU,1,2011-01-10 15:30:45,,6,2
243466932010661,168922197010661,2010,19,2,111,20046.0,2.0,2,ROMU,1,ROMU,6,2011-01-10 15:30:45,,6,2
243466933010661,168922197010661,2010,19,2,111,20046.0,3.0,1,ROMU,1,ROMU,1,2011-01-10 15:30:45,,6,2
243466934010661,168922197010661,2010,19,2,111,20046.0,4.0,1,ROMU,1,ROMU,1,2011-01-10 15:30:45,,6,2
243466907010661,168922045010661,2010,19,1,97,20106.0,2.0,2,ALPE4,1,ALPE4,2,2011-01-10 15:30:45,,6,2
243466908010661,168922045010661,2010,19,1,97,20106.0,3.0,2,ALPE4,1,ALPE4,10,2011-01-10 15:30:45,,6,2
243466909010661,168922045010661,2010,19,1,97,20106.0,2.0,2,LONIC,1,LONIC,35,2011-01-10 15:30:45,,6,2
243466910010661,168922045010661,2010,19,1,97,20106.0,3.0,2,LONIC,1,LONIC,2,2011-01-10 15:30:45,,6,2
243466911010661,168922045010661,2010,19,1,97,20106.0,1.0,2,ROMU,1,ROMU,5,2011-01-10 15:30:45,,6,2
243466912010661,168922045010661,2010,19,1,97,20106.0,2.0,2,ROMU,1,ROMU,20,2011-01-10 15:30:45,,6,2
1888294714290487,1542780893290487,2025,19,3,73,20065.0,3.0,1,LOMA6,1,LOMA6,2,2025-08-15 10:35:51,,8,5
1888294715290487,1542780893290487,2025,19,3,73,20065.0,4.0,1,LOMA6,1,LOMA6,1,2025-08-15 10:35:51,,8,5
1888294716290487,1542780893290487,2025,19,3,73,20065.0,4.0,2,LOMA6,1,LOMA6,55,2025-08-15 10:35:51,,8,5
1888296433290487,1542780707290487,2025,19,3,165,20206.0,3.0,2,PHAR3,1,PHAR3,20,2025-08-15 10:35:57,,8,5
430372103489998,304151307489998,2016,19,2,77,20008.0,1.0,1,ULPU,1,ULPU,3,2016-09-20 08:47:35,,7,3
430372104489998,304151307489998,2016,19,2,77,20008.0,2.0,1,ULPU,1,ULPU,65,2016-09-20 08:47:35,,7,3
430373464489998,304151547489998,2016,19,1,191,20122.0,1.0,1,ALPE4,1,ALPE4,3,2016-09-20 08:47:43,,7,3
430373465489998,304151547489998,2016,19,1,191,20122.0,2.0,1,ALPE4,1,ALPE4,2,2016-09-20 08:47:43,,7,3
430373466489998,304151547489998,2016,19,1,191,20122.0,1.0,1,LONIC,1,LONIC,2,2016-09-20 08:47:43,,7,3
430373467489998,304151547489998,2016,19,1,191,20122.0,2.0,1,LONIC,1,LONIC,10,2016-09-20 08:47:43,,7,3
430373468489998,304151547489998,2016,19,1,191,20122.0,2.0,1,PHAR3,1,PHAR3,1,2016-09-20 08:47:43,,7,3
430373469489998,304151547489998,2016,19,1,191,20122.0,2.0,1,RHCA3,1,RHCA3,6,2016-09-20 08:47:43,,7,3
430373540489998,304151580489998,2016,19,1,103,20113.0,1.0,1,ALPE4,1,ALPE4,1,2016-09-20 08:47:44,,7,3
430373541489998,304151580489998,2016,19,1,103,20113.0,1.0,1,LOMA6,1,LOMA6,55,2016-09-20 08:47:44,,7,3
430373542489998,304151580489998,2016,19,1,103,20113.0,2.0,1,LOMA6,1,LOMA6,1,2016-09-20 08:47:44,,7,3
430373543489998,304151580489998,2016,19,1,103,20113.0,4.0,1,LOMA6,1,LOMA6,55,2016-09-20 08:47:44,,7,3
430373544489998,304151580489998,2016,19,1,103,20113.0,1.0,1,ROMU,1,ROMU,2,2016-09-20 08:47:44,,7,3
430373545489998,304151580489998,2016,19,1,103,20113.0,4.0,1,ROMU,1,ROMU,2,2016-09-20 08:47:44,,7,3
430374630489998,304151094489998,2016,19,3,133,20116.0,2.0,1,CEOR7,1,CEOR7,1,2016-09-20 08:47:50,,7,3
430374631489998,304151094489998,2016,19,3,133,20116.0,4.0,1,CEOR7,1,CEOR7,1,2016-09-20 08:47:50,,7,3
430374632489998,304151094489998,2016,19,3,133,20116.0,1.0,1,LOMA6,1,LOMA6,1,2016-09-20 08:47:50,,7,3
430374821489998,304151195489998,2016,19,3,145,20048.0,1.0,1,LOMA6,1,LOMA6,1,2016-09-20 08:47:50,,7,3
430372407489998,304151675489998,2016,19,1,113,20133.0,2.0,2,ALPE4,1,ALPE4,4,2016-09-20 08:47:37,,7,3
430372408489998,304151675489998,2016,19,1,113,20133.0,2.0,2,LONIC,1,LONIC,38,2016-09-20 08:47:37,,7,3
430372409489998,304151675489998,2016,19,1,113,20133.0,2.0,2,ROMU,1,ROMU,1,2016-09-20 08:47:37,,7,3
430372410489998,304151675489998,2016,19,1,113,20133.0,2.0,2,ULPU,1,ULPU,28,2016-09-20 08:47:37,,7,3
430372450489998,304151689489998,2016,19,2,111,20046.0,1.0,1,ROMU,1,ROMU,3,2016-09-20 08:47:38,,7,3
430372451489998,304151689489998,2016,19,2,111,20046.0,2.0,2,ROMU,1,ROMU,50,2016-09-20 08:47:38,,7,3
430372452489998,304151689489998,2016,19,2,111,20046.0,3.0,1,ROMU,1,ROMU,25,2016-09-20 08:47:38,,7,3
430372453489998,304151689489998,2016,19,2,111,20046.0,4.0,1,ROMU,1,ROMU,5,2016-09-20 08:47:38,,7,3
430373973489998,304151240489998,2016,19,2,135,20061.0,2.0,2,ALPE4,1,ALPE4,3,2016-09-20 08:47:46,,7,3
430373974489998,304151240489998,2016,19,2,135,20061.0,3.0,2,ALPE4,1,ALPE4,1,2016-09-20 08:47:46,,7,3
430373975489998,304151240489998,2016,19,2,135,20061.0,2.0,2,LOMA6,1,LOMA6,1,2016-09-20 08:47:46,,7,3
430373976489998,304151240489998,2016,19,2,135,20061.0,1.0,2,ROMU,1,ROMU,3,2016-09-20 08:47:46,,7,3
430373977489998,304151240489998,2016,19,2,135,20061.0,2.0,2,ROMU,1,ROMU,3,2016-09-20 08:47:46,,7,3
430373978489998,304151240489998,2016,19,2,135,20061.0,3.0,2,ROMU,1,ROMU,6,2016-09-20 08:47:46,,7,3
430371745489998,304151617489998,2016,19,1,5,20128.0,3.0,2,LONIC,1,LONIC,7,2016-09-20 08:47:32,,7,3
430371746489998,304151617489998,2016,19,1,5,20128.0,1.0,2,ROMU,1,ROMU,1,2016-09-20 08:47:32,,7,3
430371747489998,304151617489998,2016,19,1,5,20128.0,3.0,2,ROMU,1,ROMU,1,2016-09-20 08:47:32,,7,3
430371748489998,304151617489998,2016,19,1,5,20128.0,4.0,2,ROMU,1,ROMU,1,2016-09-20 08:47:32,,7,3
430374268489998,304151594489998,2016,19,2,179,20073.0,1.0,1,ROMU,1,ROMU,8,2016-09-20 08:47:48,,7,3
430374269489998,304151594489998,2016,19,2,179,20073.0,3.0,1,ROMU,1,ROMU,4,2016-09-20 08:47:48,,7,3
430374270489998,304151594489998,2016,19,2,179,20073.0,4.0,1,ROMU,1,ROMU,3,2016-09-20 08:47:48,,7,3
430375314489998,304151701489998,2016,19,2,183,20205.0,4.0,1,LYNU,1,LYNU,1,2016-09-20 08:47:53,,7,3
430375315489998,304151701489998,2016,19,2,183,20205.0,4.0,2,LYNU,1,LYNU,40,2016-09-20 08:47:53,,7,3
430375316489998,304151701489998,2016,19,2,183,20205.0,1.0,1,ROMU,1,ROMU,2,2016-09-20 08:47:53,,7,3
430375317489998,304151701489998,2016,19,2,183,20205.0,3.0,2,ROMU,1,ROMU,1,2016-09-20 08:47:53,,7,3
489658210126144,373687431489998,2017,19,2,95,20047.0,2.0,1,ALPE4,1,ALPE4,2,2017-10-31 14:02:45,,7,4
489658211126144,373687431489998,2017,19,2,95,20047.0,3.0,2,ELUM,1,ELUM,50,2017-10-31 14:02:45,,7,4
489658212126144,373687431489998,2017,19,2,95,20047.0,1.0,1,LOMA6,1,LOMA6,62,2017-10-31 14:02:45,,7,4
489658213126144,373687431489998,2017,19,2,95,20047.0,2.0,1,LOMA6,1,LOMA6,50,2017-10-31 14:02:45,,7,4
489658214126144,373687431489998,2017,19,2,95,20047.0,3.0,2,LOMA6,1,LOMA6,30,2017-10-31 14:02:45,,7,4
489658215126144,373687431489998,2017,19,2,95,20047.0,4.0,1,LOMA6,1,LOMA6,65,2017-10-31 14:02:45,,7,4
489658216126144,373687431489998,2017,19,2,95,20047.0,3.0,2,PHAR3,1,PHAR3,5,2017-10-31 14:02:45,,7,4
489658217126144,373687431489998,2017,19,2,95,20047.0,3.0,2,ROMU,1,ROMU,5,2017-10-31 14:02:45,,7,4
489658358126144,373687450489998,2017,19,1,43,20122.0,1.0,1,ALPE4,1,ALPE4,2,2017-10-31 14:02:45,,7,4
489658359126144,373687450489998,2017,19,1,43,20122.0,3.0,1,ALPE4,1,ALPE4,1,2017-10-31 14:02:45,,7,4
489658360126144,373687450489998,2017,19,1,43,20122.0,1.0,1,BETH,1,BETH,4,2017-10-31 14:02:45,,7,4
489658361126144,373687450489998,2017,19,1,43,20122.0,2.0,1,BETH,1,BETH,2,2017-10-31 14:02:45,,7,4
489658362126144,373687450489998,2017,19,1,43,20122.0,3.0,1,BETH,1,BETH,3,2017-10-31 14:02:45,,7,4
489658363126144,373687450489998,2017,19,1,43,20122.0,1.0,1,ROMU,1,ROMU,1,2017-10-31 14:02:45,,7,4
489658364126144,373687450489998,2017,19,1,43,20122.0,2.0,1,ROMU,1,ROMU,1,2017-10-31 14:02:45,,7,4
489658365126144,373687450489998,2017,19,1,43,20122.0,3.0,1,ROMU,1,ROMU,1,2017-10-31 14:02:45,,7,4
489657233126144,373687269489998,2017,19,1,131,20001.0,2.0,2,RHCA3,1,RHCA3,7,2017-10-31 14:02:39,,7,4
489657286126144,373687304489998,2017,19,2,57,20093.0,3.0,1,BEVU,1,BEVU,1,2017-10-31 14:02:39,,7,4
489657287126144,373687304489998,2017,19,2,57,20093.0,4.0,1,BEVU,1,BEVU,2,2017-10-31 14:02:39,,7,4
489657288126144,373687304489998,2017,19,2,57,20093.0,1.0,1,CEOR7,1,CEOR7,11,2017-10-31 14:02:39,,7,4
489657289126144,373687304489998,2017,19,2,57,20093.0,2.0,1,CEOR7,1,CEOR7,40,2017-10-31 14:02:39,,7,4
489657290126144,373687304489998,2017,19,2,57,20093.0,3.0,1,CEOR7,1,CEOR7,15,2017-10-31 14:02:39,,7,4
489657291126144,373687304489998,2017,19,2,57,20093.0,4.0,1,CEOR7,1,CEOR7,40,2017-10-31 14:02:39,,7,4
489657292126144,373687304489998,2017,19,2,57,20093.0,1.0,1,ELUM,1,ELUM,22,2017-10-31 14:02:39,,7,4
489657293126144,373687304489998,2017,19,2,57,20093.0,2.0,1,ELUM,1,ELUM,70,2017-10-31 14:02:39,,7,4
489657294126144,373687304489998,2017,19,2,57,20093.0,3.0,1,ELUM,1,ELUM,20,2017-10-31 14:02:39,,7,4
489657295126144,373687304489998,2017,19,2,57,20093.0,4.0,1,ELUM,1,ELUM,30,2017-10-31 14:02:39,,7,4
489657296126144,373687304489998,2017,19,2,57,20093.0,1.0,1,LOMA6,1,LOMA6,2,2017-10-31 14:02:39,,7,4
489657297126144,373687304489998,2017,19,2,57,20093.0,2.0,1,LOMA6,1,LOMA6,2,2017-10-31 14:02:39,,7,4
489657298126144,373687304489998,2017,19,2,57,20093.0,3.0,1,LOMA6,1,LOMA6,1,2017-10-31 14:02:39,,7,4
489657299126144,373687304489998,2017,19,2,57,20093.0,4.0,1,LOMA6,1,LOMA6,3,2017-10-31 14:02:39,,7,4
489657300126144,373687304489998,2017,19,2,57,20093.0,1.0,1,ROMU,1,ROMU,45,2017-10-31 14:02:39,,7,4
489657301126144,373687304489998,2017,19,2,57,20093.0,2.0,1,ROMU,1,ROMU,45,2017-10-31 14:02:39,,7,4
489657302126144,373687304489998,2017,19,2,57,20093.0,3.0,1,ROMU,1,ROMU,6,2017-10-31 14:02:39,,7,4
489657303126144,373687304489998,2017,19,2,57,20093.0,4.0,1,ROMU,1,ROMU,45,2017-10-31 14:02:39,,7,4
489659460126144,373687035489998,2017,19,1,171,20075.0,4.0,1,BETH,1,BETH,1,2017-10-31 14:02:53,,7,4
489659606126144,373687071489998,2017,19,1,13,20024.0,3.0,2,ALPE4,1,ALPE4,1,2017-10-31 14:02:53,,7,4
489659607126144,373687071489998,2017,19,1,13,20024.0,3.0,2,LOMA6,1,LOMA6,1,2017-10-31 14:02:53,,7,4
489659608126144,373687071489998,2017,19,1,13,20024.0,4.0,2,LOMA6,1,LOMA6,5,2017-10-31 14:02:53,,7,4
489659609126144,373687071489998,2017,19,1,13,20024.0,1.0,2,PHAR3,1,PHAR3,10,2017-10-31 14:02:53,,7,4
489659610126144,373687071489998,2017,19,1,13,20024.0,3.0,2,PHAR3,1,PHAR3,3,2017-10-31 14:02:53,,7,4
489659611126144,373687071489998,2017,19,1,13,20024.0,3.0,2,ROMU,1,ROMU,1,2017-10-31 14:02:53,,7,4
489659612126144,373687071489998,2017,19,1,13,20024.0,4.0,2,ROMU,1,ROMU,1,2017-10-31 14:02:53,,7,4
489659613126144,373687071489998,2017,19,1,13,20024.0,1.0,2,ULPU,1,ULPU,2,2017-10-31 14:02:53,,7,4
489659614126144,373687071489998,2017,19,1,13,20024.0,4.0,2,ULPU,1,ULPU,5,2017-10-31 14:02:53,,7,4
489656735126144,373687449489998,2017,19,1,5,20218.0,2.0,1,ALPE4,1,ALPE4,1,2017-10-31 14:02:35,,7,4
243466949010661,168922707010661,2010,19,2,123,20078.0,4.0,1,PHAR3,1,PHAR3,2,2011-01-10 15:30:45,,6,2
78225711020004,245627509010661,2012,19,2,95,20115.0,3.0,1,PHAR3,1,PHAR3,95,2012-11-20 10:33:58,,6,4
78225712020004,245627509010661,2012,19,2,95,20115.0,4.0,1,PHAR3,1,PHAR3,70,2012-11-20 10:33:58,,6,4
78220300020004,245627010010661,2012,19,4,109,20005.0,1.0,1,HEMA3,1,HEMA3,2,2012-11-20 10:33:28,,6,4
78220301020004,245627010010661,2012,19,4,109,20005.0,1.0,1,LONIC,1,LONIC,3,2012-11-20 10:33:28,,6,4
78220302020004,245627010010661,2012,19,4,109,20005.0,3.0,1,PHAR3,1,PHAR3,1,2012-11-20 10:33:28,,6,4
78220303020004,245627010010661,2012,19,4,109,20005.0,1.0,1,RHCA3,1,RHCA3,4,2012-11-20 10:33:28,,6,4
78220304020004,245627010010661,2012,19,4,109,20005.0,3.0,1,RHCA3,1,RHCA3,5,2012-11-20 10:33:28,,6,4
231895393020004,14514634020004,2013,19,1,89,20050.0,1.0,1,CIAR4,1,CIAR4,1,2014-01-24 14:01:07,,6,5
231895394020004,14514634020004,2013,19,1,89,20050.0,3.0,1,CIAR4,1,CIAR4,1,2014-01-24 14:01:07,,6,5
231895395020004,14514634020004,2013,19,1,89,20050.0,4.0,1,CIAR4,1,CIAR4,1,2014-01-24 14:01:07,,6,5
231895396020004,14514634020004,2013,19,1,89,20050.0,1.0,1,CIVU,1,CIVU,1,2014-01-24 14:01:07,,6,5
231895397020004,14514634020004,2013,19,1,89,20050.0,3.0,1,CIVU,1,CIVU,1,2014-01-24 14:01:07,,6,5
231895398020004,14514634020004,2013,19,1,89,20050.0,4.0,1,CIVU,1,CIVU,0,2014-01-24 14:01:07,,6,5
231895399020004,14514634020004,2013,19,1,89,20050.0,1.0,1,RHCA3,1,RHCA3,0,2014-01-24 14:01:07,,6,5
231895400020004,14514634020004,2013,19,1,89,20050.0,3.0,1,RHCA3,1,RHCA3,8,2014-01-24 14:01:07,,6,5
231895401020004,14514634020004,2013,19,1,89,20050.0,4.0,1,RHCA3,1,RHCA3,0,2014-01-24 14:01:07,,6,5
231901265020004,14515333020004,2013,19,2,179,20028.0,3.0,2,ROMU,1,ROMU,5,2014-01-24 14:02:10,,6,5
231898487020004,14514740020004,2013,19,2,39,20010.0,4.0,1,ALPE4,1,ALPE4,1,2014-01-24 14:01:40,,6,5
231898614020004,14514744020004,2013,19,2,53,20207.0,4.0,2,ROMU,1,ROMU,1,2014-01-24 14:01:41,,6,5
231896127020004,14514514020004,2013,19,3,129,20085.0,2.0,2,PHAR3,1,PHAR3,3,2014-01-24 14:01:16,,6,5
231898900020004,14515142020004,2013,19,1,55,20211.0,4.0,2,ALPE4,1,ALPE4,60,2014-01-24 14:01:43,,6,5
231898901020004,14515142020004,2013,19,1,55,20211.0,4.0,2,PHAR3,1,PHAR3,1,2014-01-24 14:01:43,,6,5
231898902020004,14515142020004,2013,19,1,55,20211.0,4.0,2,ROMU,1,ROMU,2,2014-01-24 14:01:43,,6,5
231898949020004,14515160020004,2013,19,1,191,20017.0,2.0,2,ALPE4,1,ALPE4,5,2014-01-24 14:01:43,,6,5
231898950020004,14515160020004,2013,19,1,191,20017.0,2.0,2,ROMU,1,ROMU,1,2014-01-24 14:01:43,,6,5
231899031020004,14515226020004,2013,19,2,177,20001.0,1.0,1,ELUM,1,ELUM,0,2014-01-24 14:01:45,,6,5
231899032020004,14515226020004,2013,19,2,177,20001.0,2.0,1,ELUM,1,ELUM,3,2014-01-24 14:01:45,,6,5
231899033020004,14515226020004,2013,19,2,177,20001.0,3.0,1,ELUM,1,ELUM,3,2014-01-24 14:01:45,,6,5
231899034020004,14515226020004,2013,19,2,177,20001.0,4.0,1,ELUM,1,ELUM,0,2014-01-24 14:01:45,,6,5
231899035020004,14515226020004,2013,19,2,177,20001.0,1.0,1,LOMA6,1,LOMA6,1,2014-01-24 14:01:45,,6,5
231899036020004,14515226020004,2013,19,2,177,20001.0,2.0,1,LOMA6,1,LOMA6,0,2014-01-24 14:01:45,,6,5
231899037020004,14515226020004,2013,19,2,177,20001.0,3.0,1,LOMA6,1,LOMA6,0,2014-01-24 14:01:45,,6,5
231899038020004,14515226020004,2013,19,2,177,20001.0,4.0,1,LOMA6,1,LOMA6,0,2014-01-24 14:01:45,,6,5
231899039020004,14515226020004,2013,19,2,177,20001.0,1.0,1,ROMU,1,ROMU,3,2014-01-24 14:01:45,,6,5
231899040020004,14515226020004,2013,19,2,177,20001.0,2.0,1,ROMU,1,ROMU,5,2014-01-24 14:01:45,,6,5
231899041020004,14515226020004,2013,19,2,177,20001.0,3.0,1,ROMU,1,ROMU,1,2014-01-24 14:01:45,,6,5
231899042020004,14515226020004,2013,19,2,177,20001.0,4.0,1,ROMU,1,ROMU,1,2014-01-24 14:01:45,,6,5
231896916020004,14514538020004,2013,19,3,155,20102.0,1.0,1,PHAR3,1,PHAR3,10,2014-01-24 14:01:23,,6,5
231896917020004,14514538020004,2013,19,3,155,20102.0,3.0,1,PHAR3,1,PHAR3,1,2014-01-24 14:01:23,,6,5
243466950010661,168922707010661,2010,19,2,123,20078.0,1.0,1,ROMU,1,ROMU,1,2011-01-10 15:30:45,,6,2
243466951010661,168922707010661,2010,19,2,123,20078.0,4.0,1,ROMU,1,ROMU,1,2011-01-10 15:30:45,,6,2
243466922010661,168922183010661,2010,19,2,111,20083.0,1.0,1,LONIC,1,LONIC,7,2011-01-10 15:30:45,,6,2
243466923010661,168922183010661,2010,19,2,111,20083.0,2.0,1,LONIC,1,LONIC,5,2011-01-10 15:30:45,,6,2
243466924010661,168922183010661,2010,19,2,111,20083.0,3.0,1,LONIC,1,LONIC,5,2011-01-10 15:30:45,,6,2
243466925010661,168922183010661,2010,19,2,111,20083.0,4.0,1,LONIC,1,LONIC,2,2011-01-10 15:30:45,,6,2
243466926010661,168922183010661,2010,19,2,111,20083.0,1.0,1,ROMU,1,ROMU,2,2011-01-10 15:30:45,,6,2
243466927010661,168922183010661,2010,19,2,111,20083.0,2.0,1,ROMU,1,ROMU,2,2011-01-10 15:30:45,,6,2
243466928010661,168922183010661,2010,19,2,111,20083.0,3.0,1,ROMU,1,ROMU,5,2011-01-10 15:30:45,,6,2
243466929010661,168922183010661,2010,19,2,111,20083.0,4.0,1,ROMU,1,ROMU,3,2011-01-10 15:30:45,,6,2
243466919010661,168922339010661,2010,19,1,103,20012.0,1.0,1,PHAR3,1,PHAR3,41,2011-01-10 15:30:45,,6,2
243466920010661,168922339010661,2010,19,1,103,20012.0,2.0,1,PHAR3,1,PHAR3,6,2011-01-10 15:30:45,,6,2
243466921010661,168922339010661,2010,19,1,103,20012.0,3.0,1,PHAR3,1,PHAR3,46,2011-01-10 15:30:45,,6,2
10992562020004,220869996010661,2011,19,1,13,20024.0,4.0,2,LOMA6,1,LOMA6,1,2011-12-01 09:11:27,,6,3
10992563020004,220869996010661,2011,19,1,13,20024.0,1.0,2,PHAR3,1,PHAR3,1,2011-12-01 09:11:27,,6,3
10992564020004,220869996010661,2011,19,1,13,20024.0,3.0,2,PHAR3,1,PHAR3,4,2011-12-01 09:11:27,,6,3
10992565020004,220869996010661,2011,19,1,13,20024.0,4.0,2,PHAR3,1,PHAR3,1,2011-12-01 09:11:27,,6,3
10992566020004,220869996010661,2011,19,1,13,20024.0,3.0,2,ROMU,1,ROMU,1,2011-12-01 09:11:27,,6,3
10992567020004,220869996010661,2011,19,1,13,20024.0,4.0,2,ROMU,1,ROMU,1,2011-12-01 09:11:27,,6,3
10992568020004,220869996010661,2011,19,1,13,20024.0,4.0,2,ULPU,1,ULPU,1,2011-12-01 09:11:27,,6,3
10992593020004,220870008010661,2011,19,2,135,20032.0,1.0,1,ROMU,1,ROMU,10,2011-12-01 09:11:27,,6,3
10992594020004,220870008010661,2011,19,2,135,20032.0,2.0,1,ROMU,1,ROMU,15,2011-12-01 09:11:27,,6,3
10992595020004,220870008010661,2011,19,2,135,20032.0,3.0,1,ROMU,1,ROMU,20,2011-12-01 09:11:27,,6,3
10992596020004,220870008010661,2011,19,2,135,20032.0,4.0,1,ROMU,1,ROMU,15,2011-12-01 09:11:27,,6,3
10992597020004,220870008010661,2011,19,2,135,20032.0,1.0,1,ROPS,1,ROPS,10,2011-12-01 09:11:27,,6,3
243466948010661,168922707010661,2010,19,2,123,20078.0,3.0,1,PHAR3,1,PHAR3,1,2011-01-10 15:30:45,,6,2
10992598020004,220870008010661,2011,19,2,135,20032.0,2.0,1,ROPS,1,ROPS,90,2011-12-01 09:11:27,,6,3
10992599020004,220870008010661,2011,19,2,135,20032.0,3.0,1,ROPS,1,ROPS,15,2011-12-01 09:11:27,,6,3
10992600020004,220870008010661,2011,19,2,135,20032.0,4.0,1,ROPS,1,ROPS,20,2011-12-01 09:11:27,,6,3
10992617020004,220870016010661,2011,19,2,7,20039.0,1.0,1,ROMU,1,ROMU,2,2011-12-01 09:11:27,,6,3
10992618020004,220870016010661,2011,19,2,7,20039.0,2.0,1,ROMU,1,ROMU,4,2011-12-01 09:11:27,,6,3
10992619020004,220870016010661,2011,19,2,7,20039.0,3.0,1,ROMU,1,ROMU,2,2011-12-01 09:11:27,,6,3
10992620020004,220870016010661,2011,19,2,7,20039.0,4.0,1,ROMU,1,ROMU,1,2011-12-01 09:11:27,,6,3
10992725020004,220870068010661,2011,19,2,123,20057.0,1.0,1,ROMU,1,ROMU,2,2011-12-01 09:11:28,,6,3
10992726020004,220870068010661,2011,19,2,123,20057.0,3.0,1,ROMU,1,ROMU,1,2011-12-01 09:11:28,,6,3
10992727020004,220870068010661,2011,19,2,123,20057.0,4.0,1,ROMU,1,ROMU,1,2011-12-01 09:11:28,,6,3
10992926020004,220870166010661,2011,19,2,95,20047.0,2.0,1,ALPE4,1,ALPE4,2,2011-12-01 09:11:31,,6,3
10992927020004,220870166010661,2011,19,2,95,20047.0,3.0,1,ELUM,1,ELUM,40,2011-12-01 09:11:31,,6,3
10992928020004,220870166010661,2011,19,2,95,20047.0,1.0,1,LOMA6,1,LOMA6,42,2011-12-01 09:11:31,,6,3
10992929020004,220870166010661,2011,19,2,95,20047.0,2.0,1,LOMA6,1,LOMA6,55,2011-12-01 09:11:31,,6,3
10992930020004,220870166010661,2011,19,2,95,20047.0,3.0,1,LOMA6,1,LOMA6,5,2011-12-01 09:11:31,,6,3
10992931020004,220870166010661,2011,19,2,95,20047.0,4.0,1,LOMA6,1,LOMA6,75,2011-12-01 09:11:31,,6,3
10992932020004,220870166010661,2011,19,2,95,20047.0,1.0,1,ROMU,1,ROMU,1,2011-12-01 09:11:31,,6,3
10992933020004,220870166010661,2011,19,2,95,20047.0,2.0,1,ROMU,1,ROMU,1,2011-12-01 09:11:31,,6,3
10992934020004,220870166010661,2011,19,2,95,20047.0,3.0,1,ROMU,1,ROMU,1,2011-12-01 09:11:31,,6,3
10995346020004,220868886010661,2011,19,3,155,20229.0,1.0,1,ALPE4,1,ALPE4,5,2011-12-01 09:11:56,,6,3
10995347020004,220868886010661,2011,19,3,155,20229.0,2.0,1,ALPE4,1,ALPE4,20,2011-12-01 09:11:56,,6,3
10995348020004,220868886010661,2011,19,3,155,20229.0,3.0,1,ALPE4,1,ALPE4,7,2011-12-01 09:11:56,,6,3
10995349020004,220868886010661,2011,19,3,155,20229.0,1.0,1,PHAR3,1,PHAR3,20,2011-12-01 09:11:56,,6,3
10995350020004,220868886010661,2011,19,3,155,20229.0,2.0,1,PHAR3,1,PHAR3,5,2011-12-01 09:11:56,,6,3
10995351020004,220868886010661,2011,19,3,155,20229.0,3.0,1,PHAR3,1,PHAR3,2,2011-12-01 09:11:56,,6,3
10995352020004,220868886010661,2011,19,3,155,20229.0,4.0,1,PHAR3,1,PHAR3,2,2011-12-01 09:11:56,,6,3
10995466020004,220868942010661,2011,19,3,47,20136.0,3.0,2,LONIC,1,LONIC,3,2011-12-01 09:11:57,,6,3
10993313020004,220870350010661,2011,19,1,43,20067.0,1.0,1,PHAR3,1,PHAR3,3,2011-12-01 09:11:35,,6,3
10993715020004,220870540010661,2011,19,1,113,20124.0,2.0,1,ELUM,1,ELUM,1,2011-12-01 09:11:40,,6,3
10993716020004,220870540010661,2011,19,1,113,20124.0,1.0,1,LOBE,1,LOBE,25,2011-12-01 09:11:40,,6,3
10993717020004,220870540010661,2011,19,1,113,20124.0,2.0,1,LOBE,1,LOBE,18,2011-12-01 09:11:40,,6,3
10993718020004,220870540010661,2011,19,1,113,20124.0,3.0,1,LOBE,1,LOBE,8,2011-12-01 09:11:40,,6,3
10993719020004,220870540010661,2011,19,1,113,20124.0,2.0,1,PHAR3,1,PHAR3,2,2011-12-01 09:11:40,,6,3
10993720020004,220870540010661,2011,19,1,113,20124.0,3.0,1,PHAR3,1,PHAR3,3,2011-12-01 09:11:40,,6,3
10993721020004,220870540010661,2011,19,1,113,20124.0,1.0,1,ROMU,1,ROMU,8,2011-12-01 09:11:40,,6,3
10993722020004,220870540010661,2011,19,1,113,20124.0,2.0,1,ROMU,1,ROMU,6,2011-12-01 09:11:40,,6,3
10993723020004,220870540010661,2011,19,1,113,20124.0,3.0,1,ROMU,1,ROMU,5,2011-12-01 09:11:40,,6,3
10991663020004,220869576010661,2011,19,2,153,20070.0,2.0,1,ELUM,1,ELUM,1,2011-12-01 09:11:16,,6,3
10991664020004,220869576010661,2011,19,2,153,20070.0,3.0,1,ELUM,1,ELUM,1,2011-12-01 09:11:16,,6,3
10991665020004,220869576010661,2011,19,2,153,20070.0,4.0,1,ELUM,1,ELUM,2,2011-12-01 09:11:16,,6,3
10991666020004,220869576010661,2011,19,2,153,20070.0,2.0,1,LONIC,1,LONIC,5,2011-12-01 09:11:16,,6,3
10991667020004,220869576010661,2011,19,2,153,20070.0,4.0,1,LONIC,1,LONIC,7,2011-12-01 09:11:16,,6,3
10991668020004,220869576010661,2011,19,2,153,20070.0,1.0,1,PHAR3,1,PHAR3,25,2011-12-01 09:11:16,,6,3
10991669020004,220869576010661,2011,19,2,153,20070.0,2.0,1,PHAR3,1,PHAR3,20,2011-12-01 09:11:16,,6,3
10991670020004,220869576010661,2011,19,2,153,20070.0,2.0,1,ROMU,1,ROMU,2,2011-12-01 09:11:16,,6,3
10991671020004,220869576010661,2011,19,2,153,20070.0,4.0,1,ROMU,1,ROMU,2,2011-12-01 09:11:16,,6,3
10991696020004,220869588010661,2011,19,2,181,20035.0,1.0,1,LONIC,1,LONIC,3,2011-12-01 09:11:17,,6,3
10991697020004,220869588010661,2011,19,2,181,20035.0,2.0,1,LONIC,1,LONIC,1,2011-12-01 09:11:17,,6,3
10991698020004,220869588010661,2011,19,2,181,20035.0,1.0,1,PHAR3,1,PHAR3,2,2011-12-01 09:11:17,,6,3
10991699020004,220869588010661,2011,19,2,181,20035.0,2.0,1,PHAR3,1,PHAR3,1,2011-12-01 09:11:17,,6,3
10991700020004,220869588010661,2011,19,2,181,20035.0,3.0,1,PHAR3,1,PHAR3,4,2011-12-01 09:11:17,,6,3
10991701020004,220869588010661,2011,19,2,181,20035.0,2.0,1,ROMU,1,ROMU,1,2011-12-01 09:11:17,,6,3
10993949020004,220870650010661,2011,19,2,57,20093.0,1.0,1,BETH,1,BETH,1,2011-12-01 09:11:42,,6,3
10993950020004,220870650010661,2011,19,2,57,20093.0,2.0,1,BETH,1,BETH,1,2011-12-01 09:11:42,,6,3
10993951020004,220870650010661,2011,19,2,57,20093.0,4.0,1,BETH,1,BETH,1,2011-12-01 09:11:42,,6,3
10993952020004,220870650010661,2011,19,2,57,20093.0,1.0,1,CEOR7,1,CEOR7,35,2011-12-01 09:11:42,,6,3
10993714020004,220870540010661,2011,19,1,113,20124.0,2.0,1,BETH,1,BETH,5,2011-12-01 09:11:40,,6,3
10993953020004,220870650010661,2011,19,2,57,20093.0,2.0,1,CEOR7,1,CEOR7,30,2011-12-01 09:11:42,,6,3
10993954020004,220870650010661,2011,19,2,57,20093.0,3.0,1,CEOR7,1,CEOR7,15,2011-12-01 09:11:42,,6,3
10993955020004,220870650010661,2011,19,2,57,20093.0,4.0,1,CEOR7,1,CEOR7,30,2011-12-01 09:11:42,,6,3
10993956020004,220870650010661,2011,19,2,57,20093.0,1.0,1,ELUM,1,ELUM,10,2011-12-01 09:11:42,,6,3
10993957020004,220870650010661,2011,19,2,57,20093.0,2.0,1,ELUM,1,ELUM,20,2011-12-01 09:11:42,,6,3
10993958020004,220870650010661,2011,19,2,57,20093.0,3.0,1,ELUM,1,ELUM,10,2011-12-01 09:11:42,,6,3
10993959020004,220870650010661,2011,19,2,57,20093.0,4.0,1,ELUM,1,ELUM,30,2011-12-01 09:11:42,,6,3
10993960020004,220870650010661,2011,19,2,57,20093.0,2.0,1,LONIC,1,LONIC,10,2011-12-01 09:11:42,,6,3
10993961020004,220870650010661,2011,19,2,57,20093.0,4.0,1,LONIC,1,LONIC,1,2011-12-01 09:11:42,,6,3
10993962020004,220870650010661,2011,19,2,57,20093.0,1.0,1,ROMU,1,ROMU,25,2011-12-01 09:11:42,,6,3
10993963020004,220870650010661,2011,19,2,57,20093.0,2.0,1,ROMU,1,ROMU,15,2011-12-01 09:11:42,,6,3
10993964020004,220870650010661,2011,19,2,57,20093.0,3.0,1,ROMU,1,ROMU,5,2011-12-01 09:11:42,,6,3
10993314020004,220870350010661,2011,19,1,43,20067.0,2.0,1,PHAR3,1,PHAR3,1,2011-12-01 09:11:35,,6,3
10993315020004,220870350010661,2011,19,1,43,20067.0,4.0,1,PHAR3,1,PHAR3,10,2011-12-01 09:11:35,,6,3
10993487020004,220870434010661,2011,19,1,5,20218.0,4.0,1,LONIC,1,LONIC,1,2011-12-01 09:11:37,,6,3
10993488020004,220870434010661,2011,19,1,5,20218.0,3.0,1,PHAR3,1,PHAR3,1,2011-12-01 09:11:37,,6,3
10993489020004,220870434010661,2011,19,1,5,20218.0,3.0,1,ROMU,1,ROMU,1,2011-12-01 09:11:37,,6,3
10993490020004,220870434010661,2011,19,1,5,20218.0,4.0,1,ROMU,1,ROMU,1,2011-12-01 09:11:37,,6,3
10993567020004,220870470010661,2011,19,2,101,20059.0,3.0,3,ROMU,1,ROMU,1,2011-12-01 09:11:38,,6,3
10991403020004,220869458010661,2011,19,2,49,20064.0,4.0,2,PHAR3,1,PHAR3,1,2011-12-01 09:11:14,,6,3
10991404020004,220869458010661,2011,19,2,49,20064.0,4.0,3,PHAR3,1,PHAR3,1,2011-12-01 09:11:14,,6,3
10991445020004,220869478010661,2011,19,2,121,20103.0,1.0,1,ROMU,1,ROMU,5,2011-12-01 09:11:14,,6,3
10991446020004,220869478010661,2011,19,2,121,20103.0,2.0,1,ROMU,1,ROMU,3,2011-12-01 09:11:14,,6,3
10991447020004,220869478010661,2011,19,2,121,20103.0,3.0,1,ROMU,1,ROMU,25,2011-12-01 09:11:14,,6,3
10991448020004,220869478010661,2011,19,2,121,20103.0,4.0,1,ROMU,1,ROMU,2,2011-12-01 09:11:14,,6,3
10991457020004,220869482010661,2011,19,3,175,20208.0,1.0,1,ROMU,1,ROMU,1,2011-12-01 09:11:14,,6,3
10991458020004,220869482010661,2011,19,3,175,20208.0,2.0,1,ROMU,1,ROMU,1,2011-12-01 09:11:14,,6,3
10991459020004,220869482010661,2011,19,3,175,20208.0,4.0,1,ROMU,1,ROMU,1,2011-12-01 09:11:14,,6,3
10993590020004,220870480010661,2011,19,2,177,20028.0,3.0,2,PHAR3,1,PHAR3,5,2011-12-01 09:11:38,,6,3
10991582020004,220869542010661,2011,19,2,15,20132.0,2.0,1,BETH,1,BETH,1,2011-12-01 09:11:16,,6,3
10991583020004,220869542010661,2011,19,2,15,20132.0,4.0,1,BETH,1,BETH,1,2011-12-01 09:11:16,,6,3
10991584020004,220869542010661,2011,19,2,15,20132.0,1.0,1,LOMA6,1,LOMA6,1,2011-12-01 09:11:16,,6,3
10991585020004,220869542010661,2011,19,2,15,20132.0,2.0,1,LOMA6,1,LOMA6,2,2011-12-01 09:11:16,,6,3
10991586020004,220869542010661,2011,19,2,15,20132.0,3.0,1,LOMA6,1,LOMA6,1,2011-12-01 09:11:16,,6,3
10991587020004,220869542010661,2011,19,2,15,20132.0,4.0,1,LOMA6,1,LOMA6,3,2011-12-01 09:11:16,,6,3
10991588020004,220869542010661,2011,19,2,15,20132.0,1.0,1,RHCA3,1,RHCA3,1,2011-12-01 09:11:16,,6,3
10991589020004,220869542010661,2011,19,2,15,20132.0,2.0,1,RHCA3,1,RHCA3,1,2011-12-01 09:11:16,,6,3
10991590020004,220869542010661,2011,19,2,15,20132.0,4.0,1,RHCA3,1,RHCA3,3,2011-12-01 09:11:16,,6,3
10991591020004,220869542010661,2011,19,2,15,20132.0,1.0,1,ROMU,1,ROMU,1,2011-12-01 09:11:16,,6,3
10991592020004,220869542010661,2011,19,2,15,20132.0,2.0,1,ROMU,1,ROMU,1,2011-12-01 09:11:16,,6,3
10991593020004,220869542010661,2011,19,2,15,20132.0,3.0,1,ROMU,1,ROMU,1,2011-12-01 09:11:16,,6,3
10991594020004,220869542010661,2011,19,2,15,20132.0,4.0,1,ROMU,1,ROMU,2,2011-12-01 09:11:16,,6,3
10993711020004,220870540010661,2011,19,1,113,20124.0,2.0,1,ALPE4,1,ALPE4,2,2011-12-01 09:11:40,,6,3
10993712020004,220870540010661,2011,19,1,113,20124.0,3.0,1,ALPE4,1,ALPE4,1,2011-12-01 09:11:40,,6,3
10993713020004,220870540010661,2011,19,1,113,20124.0,1.0,1,BETH,1,BETH,2,2011-12-01 09:11:40,,6,3
10993965020004,220870650010661,2011,19,2,57,20093.0,4.0,1,ROMU,1,ROMU,25,2011-12-01 09:11:42,,6,3
10993978020004,220870656010661,2011,19,1,97,20015.0,1.0,1,ALPE4,1,ALPE4,15,2011-12-01 09:11:43,,6,3
10993979020004,220870656010661,2011,19,1,97,20015.0,2.0,1,ALPE4,1,ALPE4,2,2011-12-01 09:11:43,,6,3
10993980020004,220870656010661,2011,19,1,97,20015.0,3.0,1,ALPE4,1,ALPE4,15,2011-12-01 09:11:43,,6,3
10993981020004,220870656010661,2011,19,1,97,20015.0,4.0,1,ALPE4,1,ALPE4,50,2011-12-01 09:11:43,,6,3
10993982020004,220870656010661,2011,19,1,97,20015.0,1.0,1,ROMU,1,ROMU,20,2011-12-01 09:11:43,,6,3
10993983020004,220870656010661,2011,19,1,97,20015.0,2.0,1,ROMU,1,ROMU,1,2011-12-01 09:11:43,,6,3
10993984020004,220870656010661,2011,19,1,97,20015.0,3.0,1,ROMU,1,ROMU,4,2011-12-01 09:11:43,,6,3
10993985020004,220870656010661,2011,19,1,97,20015.0,4.0,1,ROMU,1,ROMU,2,2011-12-01 09:11:43,,6,3
10993994020004,220870660010661,2011,19,1,97,20070.0,3.0,2,CIVU,1,CIVU,1,2011-12-01 09:11:43,,6,3
10994029020004,220870676010661,2011,19,1,105,20080.0,1.0,1,LYNU,1,LYNU,35,2011-12-01 09:11:43,,6,3
10994030020004,220870676010661,2011,19,1,105,20080.0,2.0,2,LYNU,1,LYNU,2,2011-12-01 09:11:43,,6,3
10994031020004,220870676010661,2011,19,1,105,20080.0,3.0,2,LYNU,1,LYNU,10,2011-12-01 09:11:43,,6,3
10994032020004,220870676010661,2011,19,1,105,20080.0,4.0,1,LYNU,1,LYNU,7,2011-12-01 09:11:43,,6,3
10994033020004,220870676010661,2011,19,1,105,20080.0,1.0,1,PHAR3,1,PHAR3,85,2011-12-01 09:11:43,,6,3
10994034020004,220870676010661,2011,19,1,105,20080.0,2.0,2,PHAR3,1,PHAR3,85,2011-12-01 09:11:43,,6,3
10994035020004,220870676010661,2011,19,1,105,20080.0,3.0,2,PHAR3,1,PHAR3,1,2011-12-01 09:11:43,,6,3
10994036020004,220870676010661,2011,19,1,105,20080.0,4.0,1,PHAR3,1,PHAR3,10,2011-12-01 09:11:43,,6,3
10991981020004,220869724010661,2011,19,2,169,20006.0,3.0,2,LONIC,1,LONIC,1,2011-12-01 09:11:20,,6,3
10991982020004,220869724010661,2011,19,2,169,20006.0,3.0,2,PHAR3,1,PHAR3,1,2011-12-01 09:11:20,,6,3
10992028020004,220869746010661,2011,19,2,153,20048.0,1.0,1,ALPE4,1,ALPE4,1,2011-12-01 09:11:21,,6,3
10992029020004,220869746010661,2011,19,2,153,20048.0,4.0,1,ALPE4,1,ALPE4,5,2011-12-01 09:11:21,,6,3
10992030020004,220869746010661,2011,19,2,153,20048.0,1.0,1,PHAR3,1,PHAR3,50,2011-12-01 09:11:21,,6,3
10992031020004,220869746010661,2011,19,2,153,20048.0,2.0,1,PHAR3,1,PHAR3,60,2011-12-01 09:11:21,,6,3
10992032020004,220869746010661,2011,19,2,153,20048.0,3.0,1,PHAR3,1,PHAR3,6,2011-12-01 09:11:21,,6,3
10992033020004,220869746010661,2011,19,2,153,20048.0,4.0,1,PHAR3,1,PHAR3,55,2011-12-01 09:11:21,,6,3
10992081020004,220869768010661,2011,19,1,131,20032.0,4.0,2,RHCA3,1,RHCA3,20,2011-12-01 09:11:21,,6,3
10992196020004,220869822010661,2011,19,2,53,20082.0,1.0,1,ROMU,1,ROMU,7,2011-12-01 09:11:23,,6,3
10992197020004,220869822010661,2011,19,2,53,20082.0,2.0,1,ROMU,1,ROMU,6,2011-12-01 09:11:23,,6,3
10992198020004,220869822010661,2011,19,2,53,20082.0,4.0,1,ROMU,1,ROMU,4,2011-12-01 09:11:23,,6,3
10994359020004,220868404010661,2011,19,3,137,20027.0,3.0,1,ELUM,1,ELUM,12,2011-12-01 09:11:46,,6,3
10994360020004,220868404010661,2011,19,3,137,20027.0,2.0,1,PHAR3,1,PHAR3,2,2011-12-01 09:11:46,,6,3
10994361020004,220868404010661,2011,19,3,137,20027.0,1.0,1,ROPS,1,ROPS,5,2011-12-01 09:11:46,,6,3
10994362020004,220868404010661,2011,19,3,137,20027.0,2.0,1,ROPS,1,ROPS,2,2011-12-01 09:11:46,,6,3
10992381020004,220869912010661,2011,19,1,171,20075.0,4.0,1,BETH,1,BETH,1,2011-12-01 09:11:25,,6,3
10992382020004,220869912010661,2011,19,1,171,20075.0,4.0,1,ROMU,1,ROMU,1,2011-12-01 09:11:25,,6,3
10992388020004,220869914010661,2011,19,2,127,20114.0,1.0,1,PHAR3,1,PHAR3,15,2011-12-01 09:11:25,,6,3
10992389020004,220869914010661,2011,19,2,127,20114.0,2.0,1,PHAR3,1,PHAR3,5,2011-12-01 09:11:25,,6,3
10992390020004,220869914010661,2011,19,2,127,20114.0,3.0,1,PHAR3,1,PHAR3,15,2011-12-01 09:11:25,,6,3
10992391020004,220869914010661,2011,19,2,127,20114.0,4.0,1,PHAR3,1,PHAR3,25,2011-12-01 09:11:25,,6,3
10994666020004,220868554010661,2011,19,2,125,20110.0,1.0,1,CIVU,1,CIVU,1,2011-12-01 09:11:49,,6,3
10994667020004,220868554010661,2011,19,2,125,20110.0,2.0,1,CIVU,1,CIVU,1,2011-12-01 09:11:49,,6,3
10994668020004,220868554010661,2011,19,2,125,20110.0,4.0,1,LONIC,1,LONIC,1,2011-12-01 09:11:49,,6,3
10994669020004,220868554010661,2011,19,2,125,20110.0,1.0,1,PHAR3,1,PHAR3,1,2011-12-01 09:11:49,,6,3
10994670020004,220868554010661,2011,19,2,125,20110.0,3.0,1,PHAR3,1,PHAR3,1,2011-12-01 09:11:49,,6,3
10994671020004,220868554010661,2011,19,2,125,20110.0,2.0,1,ROMU,1,ROMU,1,2011-12-01 09:11:49,,6,3
10994672020004,220868554010661,2011,19,2,125,20110.0,4.0,1,ROMU,1,ROMU,4,2011-12-01 09:11:49,,6,3
78220497020004,245627027010661,2012,19,3,73,20065.0,2.0,1,ELUM,1,ELUM,1,2012-11-20 10:33:29,,6,4
78220499020004,245627027010661,2012,19,3,73,20065.0,3.0,1,ELUM,1,ELUM,1,2012-11-20 10:33:29,,6,4
78220500020004,245627027010661,2012,19,3,73,20065.0,4.0,2,ELUM,1,ELUM,15,2012-11-20 10:33:29,,6,4
78220501020004,245627027010661,2012,19,3,73,20065.0,1.0,1,LONIC,1,LONIC,1,2012-11-20 10:33:29,,6,4
78220503020004,245627027010661,2012,19,3,73,20065.0,2.0,1,LONIC,1,LONIC,1,2012-11-20 10:33:29,,6,4
78220504020004,245627027010661,2012,19,3,73,20065.0,3.0,1,LONIC,1,LONIC,2,2012-11-20 10:33:29,,6,4
78220505020004,245627027010661,2012,19,3,73,20065.0,4.0,1,LONIC,1,LONIC,1,2012-11-20 10:33:29,,6,4
78220506020004,245627027010661,2012,19,3,73,20065.0,4.0,2,LONIC,1,LONIC,65,2012-11-20 10:33:29,,6,4
78226712020004,245627588010661,2012,19,2,115,20089.0,1.0,1,LONIC,1,LONIC,1,2012-11-20 10:34:03,,6,4
78226714020004,245627588010661,2012,19,2,115,20089.0,3.0,1,LONIC,1,LONIC,1,2012-11-20 10:34:03,,6,4
78226716020004,245627588010661,2012,19,2,115,20089.0,1.0,1,PHAR3,1,PHAR3,3,2012-11-20 10:34:03,,6,4
78226717020004,245627588010661,2012,19,2,115,20089.0,2.0,1,PHAR3,1,PHAR3,10,2012-11-20 10:34:03,,6,4
78226718020004,245627588010661,2012,19,2,115,20089.0,3.0,1,PHAR3,1,PHAR3,1,2012-11-20 10:34:03,,6,4
222848333010661,102096733010661,2008,19,2,177,20001.0,2.0,1,LOMA6,1,LOMA6,1,2010-03-01 10:42:34,2012-02-28 07:12:25,5,5
222848335010661,102096733010661,2008,19,2,177,20001.0,2.0,1,ROMU,1,ROMU,5,2010-03-01 10:42:34,2012-02-28 07:13:21,5,5
222848332010661,102096733010661,2008,19,2,177,20001.0,3.0,1,ELUM,1,ELUM,1,2010-03-01 10:42:34,2012-02-28 07:12:01,5,5
222848336010661,102096733010661,2008,19,2,177,20001.0,3.0,1,ROMU,1,ROMU,1,2010-03-01 10:42:34,2012-02-28 07:13:21,5,5
222848294010661,102097375010661,2008,19,1,89,20050.0,1.0,1,CIVU,1,CIVU,1,2010-03-01 10:42:33,2012-02-29 11:15:30,5,5
222848298010661,102097375010661,2008,19,1,89,20050.0,1.0,1,PHAR3,1,PHAR3,1,2010-03-01 10:42:33,2012-02-28 07:05:46,5,5
222848299010661,102097375010661,2008,19,1,89,20050.0,2.0,1,PHAR3,1,PHAR3,10,2010-03-01 10:42:33,2012-02-28 07:06:26,5,5
222848295010661,102097375010661,2008,19,1,89,20050.0,3.0,1,CIVU,1,CIVU,1,2010-03-01 10:42:33,2012-02-28 07:07:26,5,5
222848297010661,102097375010661,2008,19,1,89,20050.0,3.0,1,LONIC,1,LONIC,1,2010-03-01 10:42:33,2012-02-28 07:02:41,5,5
222848300010661,102097375010661,2008,19,1,89,20050.0,3.0,1,RHCA3,1,RHCA3,10,2010-03-01 10:42:33,2012-02-28 07:06:00,5,5
222848296010661,102097375010661,2008,19,1,89,20050.0,4.0,1,CIVU,1,CIVU,1,2010-03-01 10:42:33,2012-02-28 07:06:00,5,5
222848248010661,102097987010661,2008,19,2,39,20010.0,4.0,1,ALPE4,1,ALPE4,1,2010-03-01 10:42:33,2012-02-29 11:15:30,5,5
222848252010661,102098107010661,2008,19,2,49,20048.0,1.0,1,BETH,1,BETH,1,2010-03-01 10:42:33,2012-02-28 07:11:37,5,5
222848254010661,102098107010661,2008,19,2,49,20048.0,1.0,1,LOMA6,1,LOMA6,1,2010-03-01 10:42:33,2012-02-28 07:13:21,5,5
222848255010661,102098107010661,2008,19,2,49,20048.0,2.0,1,LOMA6,1,LOMA6,5,2010-03-01 10:42:33,2012-02-28 07:13:21,5,5
222848253010661,102098107010661,2008,19,2,49,20048.0,3.0,1,BETH,1,BETH,1,2010-03-01 10:42:33,2012-02-28 07:11:37,5,5
222848256010661,102098107010661,2008,19,2,49,20048.0,3.0,1,LOMA6,1,LOMA6,10,2010-03-01 10:42:33,2012-02-28 07:13:21,5,5
222848258010661,102098107010661,2008,19,2,49,20048.0,3.0,1,ROMU,1,ROMU,5,2010-03-01 10:42:33,2012-02-28 07:12:53,5,5
222848257010661,102098107010661,2008,19,2,49,20048.0,4.0,1,LOMA6,1,LOMA6,5,2010-03-01 10:42:33,2012-02-28 07:13:21,5,5
222848259010661,102098107010661,2008,19,2,49,20048.0,4.0,1,ROMU,1,ROMU,1,2010-03-01 10:42:33,2012-02-28 07:12:53,5,5
222848347010661,102096901010661,2008,19,1,191,20202.0,1.0,1,PHAR3,1,PHAR3,10,2010-03-01 10:42:34,2012-02-28 07:12:06,5,5
222848350010661,102096901010661,2008,19,1,191,20202.0,1.0,1,ROMU,1,ROMU,1,2010-03-01 10:42:34,2012-02-28 07:14:51,5,5
78226719020004,245627588010661,2012,19,2,115,20089.0,4.0,1,PHAR3,1,PHAR3,45,2012-11-20 10:34:03,,6,4
78226720020004,245627588010661,2012,19,2,115,20089.0,1.0,1,ROMU,1,ROMU,3,2012-11-20 10:34:03,,6,4
78226721020004,245627588010661,2012,19,2,115,20089.0,2.0,1,ROMU,1,ROMU,1,2012-11-20 10:34:03,,6,4
78226722020004,245627588010661,2012,19,2,115,20089.0,3.0,1,ROMU,1,ROMU,4,2012-11-20 10:34:03,,6,4
78226723020004,245627588010661,2012,19,2,115,20089.0,4.0,1,ROMU,1,ROMU,5,2012-11-20 10:34:03,,6,4
78227140020004,245627632010661,2012,19,2,139,20008.0,1.0,1,PHAR3,1,PHAR3,95,2012-11-20 10:34:06,,6,4
78227142020004,245627632010661,2012,19,2,139,20008.0,2.0,1,PHAR3,1,PHAR3,50,2012-11-20 10:34:06,,6,4
78227143020004,245627632010661,2012,19,2,139,20008.0,3.0,1,PHAR3,1,PHAR3,99,2012-11-20 10:34:06,,6,4
78227145020004,245627632010661,2012,19,2,139,20008.0,4.0,1,PHAR3,1,PHAR3,95,2012-11-20 10:34:06,,6,4
78227575020004,245627661010661,2012,19,1,61,20045.0,1.0,1,ALPE4,1,ALPE4,15,2012-11-20 10:34:08,,6,4
78227577020004,245627661010661,2012,19,1,61,20045.0,3.0,1,ALPE4,1,ALPE4,20,2012-11-20 10:34:08,,6,4
78227579020004,245627661010661,2012,19,1,61,20045.0,1.0,1,ROMU,1,ROMU,20,2012-11-20 10:34:08,,6,4
78227580020004,245627661010661,2012,19,1,61,20045.0,3.0,1,ROMU,1,ROMU,2,2012-11-20 10:34:08,,6,4
78215412020004,245626577010661,2012,19,3,85,20057.0,2.0,1,ALPE4,1,ALPE4,11,2012-11-20 10:32:58,,6,4
78227867020004,245627690010661,2012,19,1,97,20113.0,2.0,2,ALPE4,1,ALPE4,1,2012-11-20 10:34:11,,6,4
78227868020004,245627690010661,2012,19,1,97,20113.0,2.0,2,LONIC,1,LONIC,1,2012-11-20 10:34:11,,6,4
78227869020004,245627690010661,2012,19,1,97,20113.0,2.0,2,ROMU,1,ROMU,1,2012-11-20 10:34:11,,6,4
78222402020004,245627215010661,2012,19,2,53,20017.0,1.0,1,LONIC,1,LONIC,3,2012-11-20 10:33:39,,6,4
78222403020004,245627215010661,2012,19,2,53,20017.0,3.0,1,LONIC,1,LONIC,1,2012-11-20 10:33:39,,6,4
78222404020004,245627215010661,2012,19,2,53,20017.0,4.0,1,LONIC,1,LONIC,1,2012-11-20 10:33:39,,6,4
78222405020004,245627215010661,2012,19,2,53,20017.0,2.0,1,PHAR3,1,PHAR3,5,2012-11-20 10:33:39,,6,4
78222407020004,245627215010661,2012,19,2,53,20017.0,1.0,1,ROMU,1,ROMU,5,2012-11-20 10:33:39,,6,4
78222408020004,245627215010661,2012,19,2,53,20017.0,2.0,1,ROMU,1,ROMU,18,2012-11-20 10:33:39,,6,4
78222409020004,245627215010661,2012,19,2,53,20017.0,3.0,1,ROMU,1,ROMU,1,2012-11-20 10:33:39,,6,4
78222410020004,245627215010661,2012,19,2,53,20017.0,4.0,1,ROMU,1,ROMU,1,2012-11-20 10:33:39,,6,4
78218196020004,245626806010661,2012,19,3,133,20053.0,2.0,1,CIVU,1,CIVU,1,2012-11-20 10:33:17,,6,4
78224309020004,245627380010661,2012,19,1,171,20205.0,1.0,1,PHAR3,1,PHAR3,2,2012-11-20 10:33:49,,6,4
78224311020004,245627380010661,2012,19,1,171,20205.0,2.0,1,PHAR3,1,PHAR3,3,2012-11-20 10:33:49,,6,4
78224312020004,245627380010661,2012,19,1,171,20205.0,3.0,1,PHAR3,1,PHAR3,2,2012-11-20 10:33:49,,6,4
78224313020004,245627380010661,2012,19,1,171,20205.0,4.0,1,PHAR3,1,PHAR3,2,2012-11-20 10:33:49,,6,4
78219319020004,245626900010661,2012,19,4,161,20208.0,2.0,2,LONIC,1,LONIC,6,2012-11-20 10:33:22,,6,4
78219321020004,245626900010661,2012,19,4,161,20208.0,4.0,2,LONIC,1,LONIC,10,2012-11-20 10:33:22,,6,4
78219322020004,245626900010661,2012,19,4,161,20208.0,2.0,2,RHCA3,1,RHCA3,2,2012-11-20 10:33:22,,6,4
78219324020004,245626900010661,2012,19,4,161,20208.0,3.0,2,RHCA3,1,RHCA3,3,2012-11-20 10:33:22,,6,4
78219325020004,245626900010661,2012,19,4,161,20208.0,4.0,2,RHCA3,1,RHCA3,15,2012-11-20 10:33:22,,6,4
78220122020004,245626983010661,2012,19,2,77,20019.0,1.0,2,LONIC,1,LONIC,5,2012-11-20 10:33:26,,6,4
78220123020004,245626983010661,2012,19,2,77,20019.0,2.0,2,LONIC,1,LONIC,75,2012-11-20 10:33:26,,6,4
78220124020004,245626983010661,2012,19,2,77,20019.0,4.0,2,LONIC,1,LONIC,55,2012-11-20 10:33:26,,6,4
78220125020004,245626983010661,2012,19,2,77,20019.0,1.0,2,PHAR3,1,PHAR3,25,2012-11-20 10:33:26,,6,4
78220126020004,245626983010661,2012,19,2,77,20019.0,2.0,2,PHAR3,1,PHAR3,1,2012-11-20 10:33:26,,6,4
78220127020004,245626983010661,2012,19,2,77,20019.0,4.0,2,PHAR3,1,PHAR3,1,2012-11-20 10:33:26,,6,4
78220128020004,245626983010661,2012,19,2,77,20019.0,1.0,2,ROMU,1,ROMU,1,2012-11-20 10:33:26,,6,4
78220129020004,245626983010661,2012,19,2,77,20019.0,2.0,2,ROMU,1,ROMU,20,2012-11-20 10:33:26,,6,4
78220130020004,245626983010661,2012,19,2,77,20019.0,2.0,2,ULPU,1,ULPU,15,2012-11-20 10:33:26,,6,4
78225709020004,245627509010661,2012,19,2,95,20115.0,1.0,1,PHAR3,1,PHAR3,3,2012-11-20 10:33:58,,6,4
78225710020004,245627509010661,2012,19,2,95,20115.0,2.0,1,PHAR3,1,PHAR3,75,2012-11-20 10:33:58,,6,4
231896918020004,14514538020004,2013,19,3,155,20102.0,4.0,1,PHAR3,1,PHAR3,1,2014-01-24 14:01:23,,6,5
231899577020004,14514803020004,2013,19,2,153,20021.0,2.0,2,LOMA6,1,LOMA6,1,2014-01-24 14:01:50,,6,5
231899578020004,14514803020004,2013,19,2,153,20021.0,3.0,2,LOMA6,1,LOMA6,1,2014-01-24 14:01:50,,6,5
231899579020004,14514803020004,2013,19,2,153,20021.0,4.0,2,LOMA6,1,LOMA6,1,2014-01-24 14:01:50,,6,5
231899580020004,14514803020004,2013,19,2,153,20021.0,2.0,2,ROMU,1,ROMU,0,2014-01-24 14:01:50,,6,5
231899581020004,14514803020004,2013,19,2,153,20021.0,3.0,2,ROMU,1,ROMU,1,2014-01-24 14:01:50,,6,5
231899582020004,14514803020004,2013,19,2,153,20021.0,4.0,2,ROMU,1,ROMU,0,2014-01-24 14:01:50,,6,5
231899881020004,14515193020004,2013,19,2,111,20104.0,2.0,2,ELUM,1,ELUM,5,2014-01-24 14:01:54,,6,5
231899882020004,14515193020004,2013,19,2,111,20104.0,3.0,2,ELUM,1,ELUM,0,2014-01-24 14:01:54,,6,5
231899883020004,14515193020004,2013,19,2,111,20104.0,2.0,2,LOMA6,1,LOMA6,1,2014-01-24 14:01:54,,6,5
231899884020004,14515193020004,2013,19,2,111,20104.0,3.0,2,LOMA6,1,LOMA6,1,2014-01-24 14:01:54,,6,5
231899885020004,14515193020004,2013,19,2,111,20104.0,2.0,2,ROMU,1,ROMU,0,2014-01-24 14:01:54,,6,5
231899886020004,14515193020004,2013,19,2,111,20104.0,3.0,2,ROMU,1,ROMU,1,2014-01-24 14:01:54,,6,5
231899887020004,14515193020004,2013,19,2,111,20104.0,2.0,2,ROPS,1,ROPS,0,2014-01-24 14:01:54,,6,5
231899888020004,14515193020004,2013,19,2,111,20104.0,3.0,2,ROPS,1,ROPS,25,2014-01-24 14:01:54,,6,5
231897351020004,14515199020004,2013,19,1,61,20211.0,1.0,1,ALPE4,1,ALPE4,60,2014-01-24 14:01:28,,6,5
231897352020004,14515199020004,2013,19,1,61,20211.0,2.0,1,ALPE4,1,ALPE4,3,2014-01-24 14:01:28,,6,5
231897353020004,14515199020004,2013,19,1,61,20211.0,3.0,1,ALPE4,1,ALPE4,5,2014-01-24 14:01:28,,6,5
231897354020004,14515199020004,2013,19,1,61,20211.0,4.0,1,ALPE4,1,ALPE4,20,2014-01-24 14:01:28,,6,5
231897355020004,14515199020004,2013,19,1,61,20211.0,1.0,1,LOMA6,1,LOMA6,0,2014-01-24 14:01:28,,6,5
231897356020004,14515199020004,2013,19,1,61,20211.0,2.0,1,LOMA6,1,LOMA6,1,2014-01-24 14:01:28,,6,5
231897357020004,14515199020004,2013,19,1,61,20211.0,3.0,1,LOMA6,1,LOMA6,0,2014-01-24 14:01:28,,6,5
231897358020004,14515199020004,2013,19,1,61,20211.0,4.0,1,LOMA6,1,LOMA6,1,2014-01-24 14:01:28,,6,5
231897359020004,14515199020004,2013,19,1,61,20211.0,1.0,1,PHAR3,1,PHAR3,2,2014-01-24 14:01:28,,6,5
231897360020004,14515199020004,2013,19,1,61,20211.0,2.0,1,PHAR3,1,PHAR3,0,2014-01-24 14:01:28,,6,5
231897361020004,14515199020004,2013,19,1,61,20211.0,3.0,1,PHAR3,1,PHAR3,0,2014-01-24 14:01:28,,6,5
231897362020004,14515199020004,2013,19,1,61,20211.0,4.0,1,PHAR3,1,PHAR3,0,2014-01-24 14:01:28,,6,5
231897363020004,14515199020004,2013,19,1,61,20211.0,1.0,1,ROMU,1,ROMU,0,2014-01-24 14:01:28,,6,5
231897364020004,14515199020004,2013,19,1,61,20211.0,2.0,1,ROMU,1,ROMU,35,2014-01-24 14:01:28,,6,5
231897365020004,14515199020004,2013,19,1,61,20211.0,3.0,1,ROMU,1,ROMU,0,2014-01-24 14:01:28,,6,5
231897366020004,14515199020004,2013,19,1,61,20211.0,4.0,1,ROMU,1,ROMU,2,2014-01-24 14:01:28,,6,5
276071310489998,168260211020004,2014,19,1,5,20005.0,1.0,1,ALPE4,1,ALPE4,1,2014-09-05 13:21:13,,7,1
276071311489998,168260211020004,2014,19,1,5,20005.0,2.0,1,ALPE4,1,ALPE4,2,2014-09-05 13:21:13,,7,1
276071312489998,168260211020004,2014,19,1,5,20005.0,3.0,1,ALPE4,1,ALPE4,1,2014-09-05 13:21:13,,7,1
276071313489998,168260211020004,2014,19,1,5,20005.0,4.0,1,ALPE4,1,ALPE4,1,2014-09-05 13:21:13,,7,1
276071314489998,168260211020004,2014,19,1,5,20005.0,1.0,1,LONIC,1,LONIC,5,2014-09-05 13:21:13,,7,1
276072237489998,168260230020004,2014,19,1,11,20046.0,4.0,2,ROMU,1,ROMU,8,2014-09-05 13:21:16,,7,1
276069954489998,168259882020004,2014,19,2,49,20106.0,1.0,1,LOMA6,1,LOMA6,2,2014-09-05 13:21:07,,7,1
276069955489998,168259882020004,2014,19,2,49,20106.0,2.0,1,LOMA6,1,LOMA6,5,2014-09-05 13:21:07,,7,1
276069956489998,168259882020004,2014,19,2,49,20106.0,4.0,1,LOMA6,1,LOMA6,1,2014-09-05 13:21:07,,7,1
276069957489998,168259882020004,2014,19,2,49,20106.0,1.0,1,ROMU,1,ROMU,1,2014-09-05 13:21:07,,7,1
276069958489998,168259882020004,2014,19,2,49,20106.0,2.0,1,ROMU,1,ROMU,2,2014-09-05 13:21:07,,7,1
276070683489998,168259952020004,2014,19,2,125,20075.0,2.0,2,LONIC,1,LONIC,1,2014-09-05 13:21:10,,7,1
276070684489998,168259952020004,2014,19,2,125,20075.0,2.0,2,ROMU,1,ROMU,2,2014-09-05 13:21:10,,7,1
276070776489998,168260169020004,2014,19,2,177,20045.0,3.0,2,ALPE4,1,ALPE4,2,2014-09-05 13:21:10,,7,1
276070777489998,168260169020004,2014,19,2,177,20045.0,3.0,2,ROMU,1,ROMU,5,2014-09-05 13:21:10,,7,1
352376420489998,168259247020004,2015,19,3,85,20121.0,4.0,1,ALPE4,1,ALPE4,1,2015-10-27 09:32:35,,7,2
352379370489998,168259705020004,2015,19,3,145,20119.0,2.0,1,ROMU,1,ROMU,2,2015-10-27 09:32:53,,7,2
352379371489998,168259705020004,2015,19,3,145,20119.0,4.0,1,ROMU,1,ROMU,5,2015-10-27 09:32:53,,7,2
352379519489998,168260015020004,2015,19,1,97,20055.0,1.0,1,ALPE4,1,ALPE4,10,2015-10-27 09:32:53,,7,2
352379520489998,168260015020004,2015,19,1,97,20055.0,2.0,1,ALPE4,1,ALPE4,10,2015-10-27 09:32:53,,7,2
352379521489998,168260015020004,2015,19,1,97,20055.0,4.0,1,ALPE4,1,ALPE4,10,2015-10-27 09:32:53,,7,2
352379522489998,168260015020004,2015,19,1,97,20055.0,4.0,1,LOMA6,1,LOMA6,4,2015-10-27 09:32:53,,7,2
352379523489998,168260015020004,2015,19,1,97,20055.0,1.0,1,ROMU,1,ROMU,4,2015-10-27 09:32:53,,7,2
352379524489998,168260015020004,2015,19,1,97,20055.0,2.0,1,ROMU,1,ROMU,2,2015-10-27 09:32:53,,7,2
352379525489998,168260015020004,2015,19,1,97,20055.0,3.0,1,ROMU,1,ROMU,2,2015-10-27 09:32:53,,7,2
352379526489998,168260015020004,2015,19,1,97,20055.0,4.0,1,ROMU,1,ROMU,2,2015-10-27 09:32:53,,7,2
352377274489998,245794647489998,2015,19,1,171,20202.0,1.0,1,PHAR3,1,PHAR3,15,2015-10-27 09:32:41,,7,2
352377275489998,245794647489998,2015,19,1,171,20202.0,2.0,1,PHAR3,1,PHAR3,43,2015-10-27 09:32:41,,7,2
352377276489998,245794647489998,2015,19,1,171,20202.0,4.0,1,PHAR3,1,PHAR3,5,2015-10-27 09:32:41,,7,2
352377443489998,245794731489998,2015,19,1,11,20141.0,2.0,1,ALPE4,1,ALPE4,1,2015-10-27 09:32:42,,7,2
352377444489998,245794731489998,2015,19,1,11,20141.0,1.0,1,LOMA6,1,LOMA6,1,2015-10-27 09:32:42,,7,2
352377445489998,245794731489998,2015,19,1,11,20141.0,4.0,1,ROMU,1,ROMU,1,2015-10-27 09:32:42,,7,2
352377718489998,168259728020004,2015,19,2,15,20104.0,1.0,1,PHAR3,1,PHAR3,16,2015-10-27 09:32:43,,7,2
352377719489998,168259728020004,2015,19,2,15,20104.0,2.0,1,PHAR3,1,PHAR3,5,2015-10-27 09:32:43,,7,2
352377720489998,168259728020004,2015,19,2,15,20104.0,3.0,1,PHAR3,1,PHAR3,48,2015-10-27 09:32:43,,7,2
352377721489998,168259728020004,2015,19,2,15,20104.0,4.0,1,PHAR3,1,PHAR3,2,2015-10-27 09:32:43,,7,2
352378008489998,245794480489998,2015,19,2,117,20087.0,1.0,1,LONIC,1,LONIC,1,2015-10-27 09:32:45,,7,2
352378009489998,245794480489998,2015,19,2,117,20087.0,1.0,1,ROMU,1,ROMU,20,2015-10-27 09:32:45,,7,2
352378010489998,245794480489998,2015,19,2,117,20087.0,2.0,1,ROMU,1,ROMU,20,2015-10-27 09:32:45,,7,2
352378011489998,245794480489998,2015,19,2,117,20087.0,3.0,1,ROMU,1,ROMU,20,2015-10-27 09:32:45,,7,2
352378012489998,245794480489998,2015,19,2,117,20087.0,4.0,1,ROMU,1,ROMU,11,2015-10-27 09:32:45,,7,2
352378294489998,245794681489998,2015,19,1,103,20012.0,1.0,1,PHAR3,1,PHAR3,82,2015-10-27 09:32:46,,7,2
352378295489998,245794681489998,2015,19,1,103,20012.0,2.0,1,PHAR3,1,PHAR3,49,2015-10-27 09:32:46,,7,2
352378296489998,245794681489998,2015,19,1,103,20012.0,3.0,1,PHAR3,1,PHAR3,72,2015-10-27 09:32:46,,7,2
352379060489998,245794494489998,2015,19,1,89,20022.0,1.0,1,LONIC,1,LONIC,1,2015-10-27 09:32:50,,7,2
430372096489998,304151307489998,2016,19,2,77,20008.0,1.0,1,LOMA6,1,LOMA6,5,2016-09-20 08:47:35,,7,3
430372097489998,304151307489998,2016,19,2,77,20008.0,2.0,1,LOMA6,1,LOMA6,1,2016-09-20 08:47:35,,7,3
430372098489998,304151307489998,2016,19,2,77,20008.0,4.0,1,LOMA6,1,LOMA6,6,2016-09-20 08:47:35,,7,3
430372099489998,304151307489998,2016,19,2,77,20008.0,2.0,1,PHAR3,1,PHAR3,2,2016-09-20 08:47:35,,7,3
430372100489998,304151307489998,2016,19,2,77,20008.0,1.0,1,ROMU,1,ROMU,3,2016-09-20 08:47:35,,7,3
430372101489998,304151307489998,2016,19,2,77,20008.0,2.0,1,ROMU,1,ROMU,2,2016-09-20 08:47:35,,7,3
430372102489998,304151307489998,2016,19,2,77,20008.0,4.0,1,ROMU,1,ROMU,6,2016-09-20 08:47:35,,7,3
917137542290487,719404301290487,2021,19,1,11,20046.0,4.0,2,PHAR3,1,PHAR3,4,2021-10-18 16:19:31,,8,1
917137543290487,719404301290487,2021,19,1,11,20046.0,4.0,2,ROMU,1,ROMU,7,2021-10-18 16:19:31,,8,1
1682752170290487,1093486206290487,2023,19,2,179,20073.0,1.0,1,ROMU,1,ROMU,13,2024-10-07 10:23:37,,8,3
1682752171290487,1093486206290487,2023,19,2,179,20073.0,3.0,1,ROMU,1,ROMU,35,2024-10-07 10:23:37,,8,3
1682752172290487,1093486206290487,2023,19,2,179,20073.0,4.0,1,ROMU,1,ROMU,4,2024-10-07 10:23:37,,8,3
1682752314290487,1093486229290487,2023,19,1,5,20128.0,3.0,2,CEOR7,1,CEOR7,1,2024-10-07 10:23:37,,8,3
1682752315290487,1093486229290487,2023,19,1,5,20128.0,4.0,2,CEOR7,1,CEOR7,1,2024-10-07 10:23:37,,8,3
1682752316290487,1093486229290487,2023,19,1,5,20128.0,3.0,2,LONIC,1,LONIC,11,2024-10-07 10:23:37,,8,3
1682752317290487,1093486229290487,2023,19,1,5,20128.0,1.0,2,ROMU,1,ROMU,3,2024-10-07 10:23:37,,8,3
1682752318290487,1093486229290487,2023,19,1,5,20128.0,3.0,2,ROMU,1,ROMU,2,2024-10-07 10:23:37,,8,3
1682752319290487,1093486229290487,2023,19,1,5,20128.0,4.0,2,ROMU,1,ROMU,7,2024-10-07 10:23:37,,8,3
1682755359290487,1093486192290487,2023,19,1,103,20113.0,1.0,2,ALPE4,1,ALPE4,1,2024-10-07 10:23:48,,8,3
1682755360290487,1093486192290487,2023,19,1,103,20113.0,1.0,2,CEOR7,1,CEOR7,1,2024-10-07 10:23:48,,8,3
1682755361290487,1093486192290487,2023,19,1,103,20113.0,1.0,2,LOMA6,1,LOMA6,18,2024-10-07 10:23:48,,8,3
1682755362290487,1093486192290487,2023,19,1,103,20113.0,2.0,2,LOMA6,1,LOMA6,2,2024-10-07 10:23:48,,8,3
1682755363290487,1093486192290487,2023,19,1,103,20113.0,4.0,2,LOMA6,1,LOMA6,80,2024-10-07 10:23:48,,8,3
1682755364290487,1093486192290487,2023,19,1,103,20113.0,1.0,2,ROMU,1,ROMU,2,2024-10-07 10:23:48,,8,3
1682755365290487,1093486192290487,2023,19,1,103,20113.0,2.0,2,ROMU,1,ROMU,1,2024-10-07 10:23:48,,8,3
1682755366290487,1093486192290487,2023,19,1,103,20113.0,4.0,2,ROMU,1,ROMU,5,2024-10-07 10:23:48,,8,3
1682755526290487,1093486313290487,2023,19,2,183,20205.0,1.0,1,LONIC,1,LONIC,1,2024-10-07 10:23:49,,8,3
1682755527290487,1093486313290487,2023,19,2,183,20205.0,2.0,1,LONIC,1,LONIC,2,2024-10-07 10:23:49,,8,3
1682755528290487,1093486313290487,2023,19,2,183,20205.0,3.0,2,LONIC,1,LONIC,1,2024-10-07 10:23:49,,8,3
1682755529290487,1093486313290487,2023,19,2,183,20205.0,4.0,1,LYNU,1,LYNU,1,2024-10-07 10:23:49,,8,3
1682755530290487,1093486313290487,2023,19,2,183,20205.0,4.0,2,LYNU,1,LYNU,80,2024-10-07 10:23:49,,8,3
1682755531290487,1093486313290487,2023,19,2,183,20205.0,3.0,2,PHAR3,1,PHAR3,1,2024-10-07 10:23:49,,8,3
1682755532290487,1093486313290487,2023,19,2,183,20205.0,1.0,1,ROMU,1,ROMU,1,2024-10-07 10:23:49,,8,3
1682755533290487,1093486313290487,2023,19,2,183,20205.0,3.0,2,ROMU,1,ROMU,1,2024-10-07 10:23:49,,8,3
1682752629290487,1093485766290487,2023,19,3,71,20075.0,4.0,2,ULPU,1,ULPU,1,2024-10-07 10:23:39,,8,3
1682753624290487,1093485706290487,2023,19,3,133,20116.0,1.0,1,ALPE4,1,ALPE4,65,2024-10-07 10:23:43,,8,3
1682753625290487,1093485706290487,2023,19,3,133,20116.0,3.0,1,ALPE4,1,ALPE4,20,2024-10-07 10:23:43,,8,3
1682753626290487,1093485706290487,2023,19,3,133,20116.0,4.0,1,ALPE4,1,ALPE4,48,2024-10-07 10:23:43,,8,3
1682753627290487,1093485706290487,2023,19,3,133,20116.0,2.0,1,CEOR7,1,CEOR7,1,2024-10-07 10:23:43,,8,3
1682753628290487,1093485706290487,2023,19,3,133,20116.0,3.0,1,CEOR7,1,CEOR7,1,2024-10-07 10:23:43,,8,3
1682753629290487,1093485706290487,2023,19,3,133,20116.0,4.0,1,CEOR7,1,CEOR7,1,2024-10-07 10:23:43,,8,3
1682753630290487,1093485706290487,2023,19,3,133,20116.0,1.0,1,LOMA6,1,LOMA6,1,2024-10-07 10:23:43,,8,3
1682753631290487,1093485706290487,2023,19,3,133,20116.0,4.0,1,LOMA6,1,LOMA6,1,2024-10-07 10:23:43,,8,3
1682753632290487,1093485706290487,2023,19,3,133,20116.0,1.0,1,ROMU,1,ROMU,1,2024-10-07 10:23:43,,8,3
1682750897290487,1093485807290487,2023,19,3,145,20048.0,1.0,1,LOMA6,1,LOMA6,3,2024-10-07 10:23:28,,8,3
1682751272290487,1093486287290487,2023,19,1,113,20133.0,2.0,2,ALPE4,1,ALPE4,5,2024-10-07 10:23:32,,8,3
1682751273290487,1093486287290487,2023,19,1,113,20133.0,2.0,2,LOMA6,1,LOMA6,2,2024-10-07 10:23:32,,8,3
1682751274290487,1093486287290487,2023,19,1,113,20133.0,2.0,2,LONIC,1,LONIC,40,2024-10-07 10:23:32,,8,3
1682751275290487,1093486287290487,2023,19,1,113,20133.0,2.0,2,PHAR3,1,PHAR3,4,2024-10-07 10:23:32,,8,3
1682751276290487,1093486287290487,2023,19,1,113,20133.0,2.0,2,ROMU,1,ROMU,3,2024-10-07 10:23:32,,8,3
1682751277290487,1093486287290487,2023,19,1,113,20133.0,2.0,2,ULPU,1,ULPU,35,2024-10-07 10:23:32,,8,3
1682754291290487,1093485852290487,2023,19,2,135,20061.0,1.0,2,ALPE4,1,ALPE4,1,2024-10-07 10:23:45,,8,3
1682754292290487,1093485852290487,2023,19,2,135,20061.0,2.0,2,ALPE4,1,ALPE4,1,2024-10-07 10:23:45,,8,3
1682754293290487,1093485852290487,2023,19,2,135,20061.0,3.0,2,ALPE4,1,ALPE4,1,2024-10-07 10:23:45,,8,3
1682754294290487,1093485852290487,2023,19,2,135,20061.0,1.0,2,LOMA6,1,LOMA6,1,2024-10-07 10:23:45,,8,3
1682754295290487,1093485852290487,2023,19,2,135,20061.0,2.0,2,LOMA6,1,LOMA6,1,2024-10-07 10:23:45,,8,3
1682754296290487,1093485852290487,2023,19,2,135,20061.0,3.0,2,LOMA6,1,LOMA6,1,2024-10-07 10:23:45,,8,3
1682754297290487,1093485852290487,2023,19,2,135,20061.0,1.0,2,LONIC,1,LONIC,6,2024-10-07 10:23:45,,8,3
1682754298290487,1093485852290487,2023,19,2,135,20061.0,2.0,2,LONIC,1,LONIC,4,2024-10-07 10:23:45,,8,3
1682754299290487,1093485852290487,2023,19,2,135,20061.0,3.0,2,LONIC,1,LONIC,5,2024-10-07 10:23:45,,8,3
1682754300290487,1093485852290487,2023,19,2,135,20061.0,1.0,2,ROMU,1,ROMU,1,2024-10-07 10:23:45,,8,3
1682754301290487,1093485852290487,2023,19,2,135,20061.0,2.0,2,ROMU,1,ROMU,8,2024-10-07 10:23:45,,8,3
1682754302290487,1093485852290487,2023,19,2,135,20061.0,3.0,2,ROMU,1,ROMU,3,2024-10-07 10:23:45,,8,3
1682754435290487,1093485919290487,2023,19,2,77,20008.0,1.0,1,LOMA6,1,LOMA6,17,2024-10-07 10:23:45,,8,3
1682754436290487,1093485919290487,2023,19,2,77,20008.0,2.0,1,LOMA6,1,LOMA6,4,2024-10-07 10:23:45,,8,3
1682754437290487,1093485919290487,2023,19,2,77,20008.0,4.0,1,LOMA6,1,LOMA6,3,2024-10-07 10:23:45,,8,3
1682754438290487,1093485919290487,2023,19,2,77,20008.0,1.0,1,LONIC,1,LONIC,1,2024-10-07 10:23:45,,8,3
1682754439290487,1093485919290487,2023,19,2,77,20008.0,2.0,1,LONIC,1,LONIC,28,2024-10-07 10:23:45,,8,3
1682754440290487,1093485919290487,2023,19,2,77,20008.0,4.0,1,LONIC,1,LONIC,3,2024-10-07 10:23:45,,8,3
1682754441290487,1093485919290487,2023,19,2,77,20008.0,1.0,1,PHAR3,1,PHAR3,2,2024-10-07 10:23:45,,8,3
1682754442290487,1093485919290487,2023,19,2,77,20008.0,2.0,1,PHAR3,1,PHAR3,1,2024-10-07 10:23:45,,8,3
1682754443290487,1093485919290487,2023,19,2,77,20008.0,4.0,1,PHAR3,1,PHAR3,1,2024-10-07 10:23:45,,8,3
1682754444290487,1093485919290487,2023,19,2,77,20008.0,1.0,1,ROMU,1,ROMU,1,2024-10-07 10:23:45,,8,3
1682754445290487,1093485919290487,2023,19,2,77,20008.0,2.0,1,ULPU,1,ULPU,40,2024-10-07 10:23:45,,8,3
1682754769290487,1093486301290487,2023,19,2,111,20046.0,1.0,1,LONIC,1,LONIC,1,2024-10-07 10:23:46,,8,3
1682754770290487,1093486301290487,2023,19,2,111,20046.0,2.0,2,LONIC,1,LONIC,1,2024-10-07 10:23:46,,8,3
1682754771290487,1093486301290487,2023,19,2,111,20046.0,3.0,1,LONIC,1,LONIC,1,2024-10-07 10:23:46,,8,3
1682754772290487,1093486301290487,2023,19,2,111,20046.0,4.0,1,LONIC,1,LONIC,1,2024-10-07 10:23:46,,8,3
1682754773290487,1093486301290487,2023,19,2,111,20046.0,1.0,1,ROMU,1,ROMU,1,2024-10-07 10:23:46,,8,3
489658988126144,373687276489998,2017,19,2,153,20048.0,4.0,1,PHAR3,1,PHAR3,70,2017-10-31 14:02:50,,7,4
489659199126144,373687523489998,2017,19,1,103,20022.0,2.0,2,ALPE4,1,ALPE4,2,2017-10-31 14:02:51,,7,4
1682752169290487,1093486206290487,2023,19,2,179,20073.0,4.0,1,LONIC,1,LONIC,4,2024-10-07 10:23:37,,8,3
489659200126144,373687523489998,2017,19,1,103,20022.0,2.0,2,CEOR7,1,CEOR7,50,2017-10-31 14:02:51,,7,4
489659201126144,373687523489998,2017,19,1,103,20022.0,2.0,2,LIVU,1,LIVU,1,2017-10-31 14:02:51,,7,4
489659202126144,373687523489998,2017,19,1,103,20022.0,2.0,2,LOMA6,1,LOMA6,12,2017-10-31 14:02:51,,7,4
489659203126144,373687523489998,2017,19,1,103,20022.0,2.0,2,LONIC,1,LONIC,2,2017-10-31 14:02:51,,7,4
489657925126144,373687107489998,2017,19,2,15,20132.0,2.0,1,BETH,1,BETH,1,2017-10-31 14:02:43,,7,4
489657926126144,373687107489998,2017,19,2,15,20132.0,4.0,1,BETH,1,BETH,1,2017-10-31 14:02:43,,7,4
489657927126144,373687107489998,2017,19,2,15,20132.0,1.0,1,LOMA6,1,LOMA6,1,2017-10-31 14:02:43,,7,4
489657928126144,373687107489998,2017,19,2,15,20132.0,2.0,1,LOMA6,1,LOMA6,2,2017-10-31 14:02:43,,7,4
489657929126144,373687107489998,2017,19,2,15,20132.0,3.0,1,LOMA6,1,LOMA6,2,2017-10-31 14:02:43,,7,4
489657930126144,373687107489998,2017,19,2,15,20132.0,4.0,1,LOMA6,1,LOMA6,7,2017-10-31 14:02:43,,7,4
489657931126144,373687107489998,2017,19,2,15,20132.0,3.0,1,LONIC,1,LONIC,1,2017-10-31 14:02:43,,7,4
489657932126144,373687107489998,2017,19,2,15,20132.0,4.0,1,LONIC,1,LONIC,1,2017-10-31 14:02:43,,7,4
489657933126144,373687107489998,2017,19,2,15,20132.0,1.0,1,RHCA3,1,RHCA3,2,2017-10-31 14:02:43,,7,4
489657934126144,373687107489998,2017,19,2,15,20132.0,2.0,1,RHCA3,1,RHCA3,1,2017-10-31 14:02:43,,7,4
489657935126144,373687107489998,2017,19,2,15,20132.0,3.0,1,RHCA3,1,RHCA3,1,2017-10-31 14:02:43,,7,4
489657936126144,373687107489998,2017,19,2,15,20132.0,4.0,1,RHCA3,1,RHCA3,1,2017-10-31 14:02:43,,7,4
489657937126144,373687107489998,2017,19,2,15,20132.0,1.0,1,ROMU,1,ROMU,1,2017-10-31 14:02:43,,7,4
489657938126144,373687107489998,2017,19,2,15,20132.0,2.0,1,ROMU,1,ROMU,1,2017-10-31 14:02:43,,7,4
489657939126144,373687107489998,2017,19,2,15,20132.0,3.0,1,ROMU,1,ROMU,1,2017-10-31 14:02:43,,7,4
489657940126144,373687107489998,2017,19,2,15,20132.0,4.0,1,ROMU,1,ROMU,3,2017-10-31 14:02:43,,7,4
489656404126144,373686990489998,2017,19,3,47,20136.0,3.0,2,ELUM,1,ELUM,1,2017-10-31 14:02:31,,7,4
489656405126144,373686990489998,2017,19,3,47,20136.0,3.0,2,LOMA6,1,LOMA6,3,2017-10-31 14:02:31,,7,4
489656406126144,373686990489998,2017,19,3,47,20136.0,3.0,2,LONIC,1,LONIC,3,2017-10-31 14:02:31,,7,4
562781689126144,444190897489998,2018,19,2,77,20019.0,2.0,2,CIAR4,1,CIAR4,1,2018-11-09 13:31:30,,7,5
562781690126144,444190897489998,2018,19,2,77,20019.0,2.0,2,LOMA6,1,LOMA6,40,2018-11-09 13:31:30,,7,5
562781691126144,444190897489998,2018,19,2,77,20019.0,4.0,2,LOMA6,1,LOMA6,40,2018-11-09 13:31:30,,7,5
562781692126144,444190897489998,2018,19,2,77,20019.0,1.0,2,PHAR3,1,PHAR3,30,2018-11-09 13:31:30,,7,5
562781693126144,444190897489998,2018,19,2,77,20019.0,1.0,2,ROMU,1,ROMU,4,2018-11-09 13:31:30,,7,5
562781694126144,444190897489998,2018,19,2,77,20019.0,2.0,2,ROMU,1,ROMU,1,2018-11-09 13:31:30,,7,5
562781695126144,444190897489998,2018,19,2,77,20019.0,2.0,2,ULPU,1,ULPU,20,2018-11-09 13:31:30,,7,5
562781696126144,444190897489998,2018,19,2,77,20019.0,4.0,2,ULPU,1,ULPU,1,2018-11-09 13:31:30,,7,5
562781952126144,444191215489998,2018,19,2,95,20115.0,1.0,1,PHAR3,1,PHAR3,75,2018-11-09 13:31:32,,7,5
562781953126144,444191215489998,2018,19,2,95,20115.0,2.0,1,PHAR3,1,PHAR3,85,2018-11-09 13:31:32,,7,5
562781954126144,444191215489998,2018,19,2,95,20115.0,3.0,1,PHAR3,1,PHAR3,85,2018-11-09 13:31:32,,7,5
562781955126144,444191215489998,2018,19,2,95,20115.0,4.0,1,PHAR3,1,PHAR3,60,2018-11-09 13:31:32,,7,5
562784827126144,444190992489998,2018,19,3,73,20065.0,1.0,1,ELUM,1,ELUM,1,2018-11-09 13:31:42,,7,5
562784828126144,444190992489998,2018,19,3,73,20065.0,2.0,1,ELUM,1,ELUM,1,2018-11-09 13:31:42,,7,5
562784829126144,444190992489998,2018,19,3,73,20065.0,3.0,1,ELUM,1,ELUM,1,2018-11-09 13:31:42,,7,5
562784830126144,444190992489998,2018,19,3,73,20065.0,4.0,2,ELUM,1,ELUM,20,2018-11-09 13:31:42,,7,5
562784831126144,444190992489998,2018,19,3,73,20065.0,1.0,1,LOMA6,1,LOMA6,9,2018-11-09 13:31:42,,7,5
562784832126144,444190992489998,2018,19,3,73,20065.0,2.0,1,LOMA6,1,LOMA6,2,2018-11-09 13:31:42,,7,5
562784833126144,444190992489998,2018,19,3,73,20065.0,3.0,1,LOMA6,1,LOMA6,9,2018-11-09 13:31:42,,7,5
562784834126144,444190992489998,2018,19,3,73,20065.0,4.0,1,LOMA6,1,LOMA6,1,2018-11-09 13:31:42,,7,5
562784835126144,444190992489998,2018,19,3,73,20065.0,4.0,2,LOMA6,1,LOMA6,60,2018-11-09 13:31:42,,7,5
562785307126144,444190772489998,2018,19,4,161,20208.0,2.0,2,HEMA3,1,HEMA3,1,2018-11-09 13:31:43,,7,5
562785308126144,444190772489998,2018,19,4,161,20208.0,4.0,2,HEMA3,1,HEMA3,1,2018-11-09 13:31:43,,7,5
562785309126144,444190772489998,2018,19,4,161,20208.0,2.0,2,LOMA6,1,LOMA6,6,2018-11-09 13:31:43,,7,5
562785310126144,444190772489998,2018,19,4,161,20208.0,3.0,2,LOMA6,1,LOMA6,4,2018-11-09 13:31:43,,7,5
562785311126144,444190772489998,2018,19,4,161,20208.0,4.0,2,LOMA6,1,LOMA6,8,2018-11-09 13:31:43,,7,5
562785312126144,444190772489998,2018,19,4,161,20208.0,4.0,2,LONIC,1,LONIC,4,2018-11-09 13:31:43,,7,5
562785313126144,444190772489998,2018,19,4,161,20208.0,2.0,2,PHAR3,1,PHAR3,1,2018-11-09 13:31:43,,7,5
562785314126144,444190772489998,2018,19,4,161,20208.0,3.0,2,PHAR3,1,PHAR3,1,2018-11-09 13:31:43,,7,5
562785315126144,444190772489998,2018,19,4,161,20208.0,2.0,2,RHCA3,1,RHCA3,2,2018-11-09 13:31:43,,7,5
562785316126144,444190772489998,2018,19,4,161,20208.0,3.0,2,RHCA3,1,RHCA3,2,2018-11-09 13:31:43,,7,5
222848348010661,102096901010661,2008,19,1,191,20202.0,2.0,1,PHAR3,1,PHAR3,15,2010-03-01 10:42:34,2012-02-28 07:12:06,5,5
222848349010661,102096901010661,2008,19,1,191,20202.0,3.0,1,PHAR3,1,PHAR3,2,2010-03-01 10:42:34,2012-02-28 07:12:06,5,5
222848311010661,102096973010661,2008,19,2,95,20081.0,1.0,1,ALPE4,1,ALPE4,5,2010-03-01 10:42:33,2012-02-28 07:11:40,5,5
222848316010661,102096973010661,2008,19,2,95,20081.0,1.0,1,ROMU,1,ROMU,1,2010-03-01 10:42:33,2012-02-28 07:13:27,5,5
222848312010661,102096973010661,2008,19,2,95,20081.0,2.0,1,ALPE4,1,ALPE4,20,2010-03-01 10:42:33,2012-02-28 07:11:40,5,5
222848317010661,102096973010661,2008,19,2,95,20081.0,2.0,1,ROMU,1,ROMU,1,2010-03-01 10:42:33,2012-02-28 07:13:27,5,5
222848313010661,102096973010661,2008,19,2,95,20081.0,3.0,1,ALPE4,1,ALPE4,1,2010-03-01 10:42:33,2012-02-28 07:11:40,5,5
222848318010661,102096973010661,2008,19,2,95,20081.0,3.0,1,ROMU,1,ROMU,1,2010-03-01 10:42:33,2012-02-28 07:13:27,5,5
222848314010661,102096973010661,2008,19,2,95,20081.0,4.0,1,ALPE4,1,ALPE4,1,2010-03-01 10:42:33,2012-02-28 07:11:40,5,5
222848315010661,102096973010661,2008,19,2,95,20081.0,4.0,1,BETH,1,BETH,1,2010-03-01 10:42:33,2012-02-28 07:12:06,5,5
222848319010661,102096973010661,2008,19,2,95,20081.0,4.0,1,ROMU,1,ROMU,1,2010-03-01 10:42:33,2012-02-28 07:13:27,5,5
222848250010661,102099403010661,2008,19,1,43,20141.0,2.0,2,HEMA3,1,HEMA3,2,2010-03-01 10:42:33,2012-02-28 07:13:50,5,5
222848279010661,102099886010661,2008,19,1,67,20033.0,4.0,2,LOMO2,1,LOMO2,5,2010-03-01 10:42:33,2012-02-28 07:12:04,5,5
222848280010661,102099886010661,2008,19,1,67,20033.0,4.0,2,PHAR3,1,PHAR3,5,2010-03-01 10:42:33,2012-02-28 07:12:28,5,5
222848339010661,102097036010661,2008,19,2,179,20046.0,1.0,1,PHAR3,1,PHAR3,1,2010-03-01 10:42:34,2012-02-28 07:13:50,5,5
222848343010661,102097036010661,2008,19,2,179,20046.0,1.0,1,ROMU,1,ROMU,8,2010-03-01 10:42:34,2012-02-28 07:14:19,5,5
222848337010661,102097036010661,2008,19,2,179,20046.0,2.0,1,LOMA6,1,LOMA6,1,2010-03-01 10:42:34,2012-02-28 07:13:24,5,5
222848340010661,102097036010661,2008,19,2,179,20046.0,2.0,1,PHAR3,1,PHAR3,1,2010-03-01 10:42:34,2012-02-28 07:13:50,5,5
222848344010661,102097036010661,2008,19,2,179,20046.0,2.0,1,ROMU,1,ROMU,20,2010-03-01 10:42:34,2012-02-28 07:14:19,5,5
222848338010661,102097036010661,2008,19,2,179,20046.0,3.0,1,LOMA6,1,LOMA6,1,2010-03-01 10:42:34,2012-02-28 07:13:24,5,5
222848341010661,102097036010661,2008,19,2,179,20046.0,3.0,1,PHAR3,1,PHAR3,1,2010-03-01 10:42:34,2012-02-28 07:13:50,5,5
222848345010661,102097036010661,2008,19,2,179,20046.0,3.0,1,ROMU,1,ROMU,10,2010-03-01 10:42:34,2012-02-28 07:14:19,5,5
222848342010661,102097036010661,2008,19,2,179,20046.0,4.0,1,PHAR3,1,PHAR3,1,2010-03-01 10:42:34,2012-02-28 07:13:50,5,5
222848346010661,102097036010661,2008,19,2,179,20046.0,4.0,1,ROMU,1,ROMU,1,2010-03-01 10:42:34,2012-02-28 07:14:19,5,5
222848249010661,102099715010661,2008,19,1,43,20135.0,2.0,2,PHAR3,1,PHAR3,20,2010-03-01 10:42:33,2012-02-28 07:11:39,5,5
222848266010661,102097999010661,2008,19,2,53,20207.0,3.0,1,ROMU,1,ROMU,7,2010-03-01 10:42:33,2012-02-28 07:06:26,5,5
225475791010661,108490360010661,2009,19,2,49,20106.0,1.0,1,CIVU,1,CIVU,1,2010-05-27 12:33:04,2012-02-29 11:15:31,6,1
225475790010661,108490360010661,2009,19,2,49,20106.0,2.0,1,2GRAM,4,PHAR3,2,2010-05-27 12:33:04,2012-02-28 07:02:49,6,1
225475792010661,108490360010661,2009,19,2,49,20106.0,2.0,1,ROMU,1,ROMU,1,2010-05-27 12:33:04,2012-02-28 07:07:35,6,1
225475772010661,108490348010661,2009,19,2,15,20104.0,3.0,1,PHAR3,1,PHAR3,1,2010-05-27 12:33:04,2012-02-28 07:07:35,6,1
225476083010661,108489195010661,2009,19,2,95,20003.0,1.0,1,CIVU,1,CIVU,1,2010-05-27 12:33:07,2012-02-28 07:07:20,6,1
225476088010661,108489195010661,2009,19,2,95,20003.0,1.0,1,ROMU,1,ROMU,2,2010-05-27 12:33:07,2012-02-28 07:06:34,6,1
225476084010661,108489195010661,2009,19,2,95,20003.0,2.0,1,CIVU,1,CIVU,1,2010-05-27 12:33:07,2012-02-28 07:07:20,6,1
225476085010661,108489195010661,2009,19,2,95,20003.0,2.0,1,PHAR3,1,PHAR3,1,2010-05-27 12:33:07,2012-02-28 07:06:49,6,1
225476089010661,108489195010661,2009,19,2,95,20003.0,2.0,1,ROMU,1,ROMU,2,2010-05-27 12:33:07,2012-02-28 07:06:49,6,1
225476086010661,108489195010661,2009,19,2,95,20003.0,3.0,1,PHAR3,1,PHAR3,1,2010-05-27 12:33:07,2012-02-28 07:05:53,6,1
225476090010661,108489195010661,2009,19,2,95,20003.0,3.0,1,ROMU,1,ROMU,1,2010-05-27 12:33:07,2012-02-28 07:07:20,6,1
225476087010661,108489195010661,2009,19,2,95,20003.0,4.0,1,PHAR3,1,PHAR3,1,2010-05-27 12:33:07,2012-02-28 07:05:53,6,1
225476091010661,108489195010661,2009,19,2,95,20003.0,4.0,1,ROMU,1,ROMU,2,2010-05-27 12:33:07,2012-02-28 07:06:34,6,1
225476063010661,108489183010661,2009,19,1,11,20046.0,4.0,2,PHAR3,1,PHAR3,2,2010-05-27 12:33:07,2012-02-28 07:07:35,6,1
243466913010661,168922045010661,2010,19,1,97,20106.0,3.0,2,ROMU,1,ROMU,10,2011-01-10 15:30:45,,6,2
243466990010661,168923042010661,2010,19,2,181,20102.0,3.0,2,ROMU,1,ROMU,1,2011-01-10 15:30:45,,6,2
243466997010661,168922635010661,2010,19,1,191,20020.0,1.0,1,ALPE4,1,ALPE4,15,2011-01-10 15:30:45,,6,2
243466998010661,168922635010661,2010,19,1,191,20020.0,2.0,1,ALPE4,1,ALPE4,18,2011-01-10 15:30:45,,6,2
243466999010661,168922635010661,2010,19,1,191,20020.0,3.0,1,ALPE4,1,ALPE4,2,2011-01-10 15:30:45,,6,2
243467000010661,168922635010661,2010,19,1,191,20020.0,1.0,1,LONIC,1,LONIC,1,2011-01-10 15:30:45,,6,2
243467001010661,168922635010661,2010,19,1,191,20020.0,3.0,1,LONIC,1,LONIC,1,2011-01-10 15:30:45,,6,2
243467002010661,168922635010661,2010,19,1,191,20020.0,4.0,1,LONIC,1,LONIC,5,2011-01-10 15:30:45,,6,2
243467003010661,168922635010661,2010,19,1,191,20020.0,1.0,1,PHAR3,1,PHAR3,1,2011-01-10 15:30:45,,6,2
243467004010661,168922635010661,2010,19,1,191,20020.0,2.0,1,PHAR3,1,PHAR3,30,2011-01-10 15:30:45,,6,2
243467005010661,168922635010661,2010,19,1,191,20020.0,3.0,1,PHAR3,1,PHAR3,2,2011-01-10 15:30:45,,6,2
243467006010661,168922635010661,2010,19,1,191,20020.0,1.0,1,ROMU,1,ROMU,1,2011-01-10 15:30:45,,6,2
243467007010661,168922635010661,2010,19,1,191,20020.0,2.0,1,ROMU,1,ROMU,2,2011-01-10 15:30:45,,6,2
243467008010661,168922635010661,2010,19,1,191,20020.0,3.0,1,ROMU,1,ROMU,1,2011-01-10 15:30:45,,6,2
243467009010661,168922635010661,2010,19,1,191,20020.0,4.0,1,ROMU,1,ROMU,75,2011-01-10 15:30:45,,6,2
243466938010661,168922441010661,2010,19,1,113,20133.0,2.0,2,ALPE4,1,ALPE4,26,2011-01-10 15:30:45,,6,2
243466939010661,168922441010661,2010,19,1,113,20133.0,2.0,2,LOTA,1,LOTA,11,2011-01-10 15:30:45,,6,2
243466940010661,168922441010661,2010,19,1,113,20133.0,2.0,2,ROMU,1,ROMU,1,2011-01-10 15:30:45,,6,2
243466941010661,168922441010661,2010,19,1,113,20133.0,2.0,2,ULPU,1,ULPU,36,2011-01-10 15:30:45,,6,2
243466987010661,168922497010661,2010,19,2,179,20073.0,1.0,1,ROMU,1,ROMU,3,2011-01-10 15:30:45,,6,2
243466988010661,168922497010661,2010,19,2,179,20073.0,3.0,1,ROMU,1,ROMU,1,2011-01-10 15:30:45,,6,2
243466989010661,168922497010661,2010,19,2,179,20073.0,4.0,1,ROMU,1,ROMU,1,2011-01-10 15:30:45,,6,2
243466946010661,168922707010661,2010,19,2,123,20078.0,1.0,1,PHAR3,1,PHAR3,1,2011-01-10 15:30:45,,6,2
243466947010661,168922707010661,2010,19,2,123,20078.0,2.0,1,PHAR3,1,PHAR3,2,2011-01-10 15:30:45,,6,2
1535252038290487,815100437290487,2022,19,1,89,20022.0,1.0,1,LONIC,1,LONIC,1,2023-12-11 08:39:49,,8,2
1535252248290487,815100752290487,2022,19,1,103,20012.0,1.0,1,PHAU7,1,PHAU7,85,2023-12-11 08:39:49,,8,2
1535252249290487,815100752290487,2022,19,1,103,20012.0,2.0,1,PHAU7,1,PHAU7,85,2023-12-11 08:39:49,,8,2
1535252250290487,815100752290487,2022,19,1,103,20012.0,3.0,1,PHAU7,1,PHAU7,85,2023-12-11 08:39:49,,8,2
1535252406290487,815100833290487,2022,19,1,11,20141.0,2.0,1,ALPE4,1,ALPE4,1,2023-12-11 08:39:50,,8,2
1535252407290487,815100833290487,2022,19,1,11,20141.0,3.0,1,ALPE4,1,ALPE4,1,2023-12-11 08:39:50,,8,2
1535252408290487,815100833290487,2022,19,1,11,20141.0,4.0,1,ALPE4,1,ALPE4,1,2023-12-11 08:39:50,,8,2
1535252409290487,815100833290487,2022,19,1,11,20141.0,1.0,1,LOMA6,1,LOMA6,1,2023-12-11 08:39:50,,8,2
1535252410290487,815100833290487,2022,19,1,11,20141.0,4.0,1,LOMA6,1,LOMA6,1,2023-12-11 08:39:50,,8,2
1535252411290487,815100833290487,2022,19,1,11,20141.0,4.0,1,ROMU,1,ROMU,1,2023-12-11 08:39:50,,8,2
1535252770290487,815100400290487,2022,19,4,69,20130.0,1.0,1,PHAR3,1,PHAR3,55,2023-12-11 08:39:51,,8,2
1535252771290487,815100400290487,2022,19,4,69,20130.0,3.0,1,PHAR3,1,PHAR3,1,2023-12-11 08:39:51,,8,2
1535252877290487,815100487290487,2022,19,2,15,20104.0,1.0,1,CIVU,1,CIVU,4,2023-12-11 08:39:51,,8,2
1535252878290487,815100487290487,2022,19,2,15,20104.0,2.0,1,CIVU,1,CIVU,1,2023-12-11 08:39:51,,8,2
1535252879290487,815100487290487,2022,19,2,15,20104.0,1.0,1,PHAR3,1,PHAR3,4,2023-12-11 08:39:51,,8,2
1535252880290487,815100487290487,2022,19,2,15,20104.0,2.0,1,PHAR3,1,PHAR3,4,2023-12-11 08:39:51,,8,2
1535252881290487,815100487290487,2022,19,2,15,20104.0,4.0,1,PHAR3,1,PHAR3,2,2023-12-11 08:39:51,,8,2
1535253057290487,815100632290487,2022,19,2,153,20081.0,4.0,2,PHAR3,1,PHAR3,30,2023-12-11 08:39:51,,8,2
1535253122290487,815100695290487,2022,19,1,171,20202.0,1.0,1,ALPE4,1,ALPE4,8,2023-12-11 08:39:52,,8,2
1535253123290487,815100695290487,2022,19,1,171,20202.0,2.0,1,ALPE4,1,ALPE4,3,2023-12-11 08:39:52,,8,2
1535253124290487,815100695290487,2022,19,1,171,20202.0,3.0,1,ALPE4,1,ALPE4,2,2023-12-11 08:39:52,,8,2
1535253125290487,815100695290487,2022,19,1,171,20202.0,4.0,1,ALPE4,1,ALPE4,3,2023-12-11 08:39:52,,8,2
1535253126290487,815100695290487,2022,19,1,171,20202.0,1.0,1,PHAR3,1,PHAR3,1,2023-12-11 08:39:52,,8,2
1535253127290487,815100695290487,2022,19,1,171,20202.0,2.0,1,PHAR3,1,PHAR3,45,2023-12-11 08:39:52,,8,2
1535253128290487,815100695290487,2022,19,1,171,20202.0,3.0,1,PHAR3,1,PHAR3,1,2023-12-11 08:39:52,,8,2
1535253129290487,815100695290487,2022,19,1,171,20202.0,4.0,1,PHAR3,1,PHAR3,1,2023-12-11 08:39:52,,8,2
1535253130290487,815100695290487,2022,19,1,171,20202.0,1.0,1,ROMU,1,ROMU,2,2023-12-11 08:39:52,,8,2
1535253131290487,815100695290487,2022,19,1,171,20202.0,2.0,1,ROMU,1,ROMU,1,2023-12-11 08:39:52,,8,2
1535250709290487,815100683290487,2022,19,1,97,20055.0,1.0,1,ALPE4,1,ALPE4,3,2023-12-11 08:39:41,,8,2
1535250710290487,815100683290487,2022,19,1,97,20055.0,2.0,1,ALPE4,1,ALPE4,3,2023-12-11 08:39:41,,8,2
1535250711290487,815100683290487,2022,19,1,97,20055.0,3.0,1,ALPE4,1,ALPE4,3,2023-12-11 08:39:41,,8,2
1535250712290487,815100683290487,2022,19,1,97,20055.0,4.0,1,ALPE4,1,ALPE4,4,2023-12-11 08:39:41,,8,2
1535250713290487,815100683290487,2022,19,1,97,20055.0,1.0,1,LOMA6,1,LOMA6,2,2023-12-11 08:39:41,,8,2
1535250714290487,815100683290487,2022,19,1,97,20055.0,2.0,1,LOMA6,1,LOMA6,4,2023-12-11 08:39:41,,8,2
1535250715290487,815100683290487,2022,19,1,97,20055.0,3.0,1,LOMA6,1,LOMA6,1,2023-12-11 08:39:41,,8,2
1535250716290487,815100683290487,2022,19,1,97,20055.0,4.0,1,LOMA6,1,LOMA6,5,2023-12-11 08:39:41,,8,2
1535250717290487,815100683290487,2022,19,1,97,20055.0,1.0,1,LONIC,1,LONIC,1,2023-12-11 08:39:41,,8,2
1535250718290487,815100683290487,2022,19,1,97,20055.0,1.0,1,PHAR3,1,PHAR3,1,2023-12-11 08:39:41,,8,2
1535250719290487,815100683290487,2022,19,1,97,20055.0,3.0,1,PHAR3,1,PHAR3,1,2023-12-11 08:39:41,,8,2
1535250720290487,815100683290487,2022,19,1,97,20055.0,1.0,1,ROMU,1,ROMU,2,2023-12-11 08:39:41,,8,2
1535250721290487,815100683290487,2022,19,1,97,20055.0,2.0,1,ROMU,1,ROMU,3,2023-12-11 08:39:41,,8,2
1535250722290487,815100683290487,2022,19,1,97,20055.0,4.0,1,ROMU,1,ROMU,2,2023-12-11 08:39:41,,8,2
1535253907290487,815100407290487,2022,19,2,117,20087.0,1.0,1,LOMA6,1,LOMA6,5,2023-12-11 08:39:54,,8,2
1535253908290487,815100407290487,2022,19,2,117,20087.0,2.0,1,LOMA6,1,LOMA6,20,2023-12-11 08:39:54,,8,2
1535253909290487,815100407290487,2022,19,2,117,20087.0,3.0,1,LOMA6,1,LOMA6,5,2023-12-11 08:39:54,,8,2
1535253910290487,815100407290487,2022,19,2,117,20087.0,4.0,1,LOMA6,1,LOMA6,5,2023-12-11 08:39:54,,8,2
1535253911290487,815100407290487,2022,19,2,117,20087.0,1.0,1,ROMU,1,ROMU,40,2023-12-11 08:39:54,,8,2
1535253912290487,815100407290487,2022,19,2,117,20087.0,2.0,1,ROMU,1,ROMU,45,2023-12-11 08:39:54,,8,2
1535253913290487,815100407290487,2022,19,2,117,20087.0,3.0,1,ROMU,1,ROMU,35,2023-12-11 08:39:54,,8,2
1535253914290487,815100407290487,2022,19,2,117,20087.0,4.0,1,ROMU,1,ROMU,50,2023-12-11 08:39:54,,8,2
1682752164290487,1093486206290487,2023,19,2,179,20073.0,4.0,1,ALPE4,1,ALPE4,7,2024-10-07 10:23:37,,8,3
1682752165290487,1093486206290487,2023,19,2,179,20073.0,1.0,1,LOMA6,1,LOMA6,1,2024-10-07 10:23:37,,8,3
1682752166290487,1093486206290487,2023,19,2,179,20073.0,4.0,1,LOMA6,1,LOMA6,1,2024-10-07 10:23:37,,8,3
1682752167290487,1093486206290487,2023,19,2,179,20073.0,1.0,1,LONIC,1,LONIC,35,2024-10-07 10:23:37,,8,3
1682752168290487,1093486206290487,2023,19,2,179,20073.0,3.0,1,LONIC,1,LONIC,20,2024-10-07 10:23:37,,8,3
562785317126144,444190772489998,2018,19,4,161,20208.0,4.0,2,RHCA3,1,RHCA3,6,2018-11-09 13:31:43,,7,5
562785318126144,444190772489998,2018,19,4,161,20208.0,2.0,2,VIOP,1,VIOP,6,2018-11-09 13:31:43,,7,5
562785319126144,444190772489998,2018,19,4,161,20208.0,3.0,2,VIOP,1,VIOP,4,2018-11-09 13:31:43,,7,5
562785320126144,444190772489998,2018,19,4,161,20208.0,4.0,2,VIOP,1,VIOP,1,2018-11-09 13:31:43,,7,5
562785463126144,444190804489998,2018,19,3,165,20206.0,3.0,2,PHAR3,1,PHAR3,20,2018-11-09 13:31:43,,7,5
562782585126144,444191294489998,2018,19,2,115,20089.0,1.0,1,LOMA6,1,LOMA6,3,2018-11-09 13:31:35,,7,5
562782586126144,444191294489998,2018,19,2,115,20089.0,2.0,1,LOMA6,1,LOMA6,2,2018-11-09 13:31:35,,7,5
562782587126144,444191294489998,2018,19,2,115,20089.0,3.0,1,LOMA6,1,LOMA6,3,2018-11-09 13:31:35,,7,5
562782588126144,444191294489998,2018,19,2,115,20089.0,4.0,1,LOMA6,1,LOMA6,2,2018-11-09 13:31:35,,7,5
562782589126144,444191294489998,2018,19,2,115,20089.0,1.0,1,PHAR3,1,PHAR3,1,2018-11-09 13:31:35,,7,5
562782590126144,444191294489998,2018,19,2,115,20089.0,2.0,1,PHAR3,1,PHAR3,40,2018-11-09 13:31:35,,7,5
1682754774290487,1093486301290487,2023,19,2,111,20046.0,2.0,2,ROMU,1,ROMU,13,2024-10-07 10:23:46,,8,3
1682754775290487,1093486301290487,2023,19,2,111,20046.0,3.0,1,ROMU,1,ROMU,20,2024-10-07 10:23:46,,8,3
1682754776290487,1093486301290487,2023,19,2,111,20046.0,4.0,1,ROMU,1,ROMU,10,2024-10-07 10:23:46,,8,3
1807202437290487,1285453906290487,2024,19,2,15,20132.0,2.0,1,BETH,1,BETH,1,2025-03-06 11:14:42,,8,4
1807202438290487,1285453906290487,2024,19,2,15,20132.0,4.0,1,BETH,1,BETH,1,2025-03-06 11:14:42,,8,4
1807202439290487,1285453906290487,2024,19,2,15,20132.0,1.0,1,LOMA6,1,LOMA6,1,2025-03-06 11:14:42,,8,4
1807202440290487,1285453906290487,2024,19,2,15,20132.0,2.0,1,LOMA6,1,LOMA6,1,2025-03-06 11:14:42,,8,4
1807202441290487,1285453906290487,2024,19,2,15,20132.0,3.0,1,LOMA6,1,LOMA6,1,2025-03-06 11:14:42,,8,4
1807202442290487,1285453906290487,2024,19,2,15,20132.0,4.0,1,LOMA6,1,LOMA6,1,2025-03-06 11:14:42,,8,4
1807202443290487,1285453906290487,2024,19,2,15,20132.0,1.0,1,RHCA3,1,RHCA3,1,2025-03-06 11:14:42,,8,4
1807202444290487,1285453906290487,2024,19,2,15,20132.0,1.0,1,ROMU,1,ROMU,1,2025-03-06 11:14:42,,8,4
1807202445290487,1285453906290487,2024,19,2,15,20132.0,2.0,1,ROMU,1,ROMU,1,2025-03-06 11:14:42,,8,4
1807202446290487,1285453906290487,2024,19,2,15,20132.0,4.0,1,ROMU,1,ROMU,1,2025-03-06 11:14:42,,8,4
1807202667290487,1285454020290487,2024,19,2,49,20064.0,4.0,2,ALPE4,1,ALPE4,1,2025-03-06 11:14:43,,8,4
1807202668290487,1285454020290487,2024,19,2,49,20064.0,4.0,3,ALPE4,1,ALPE4,1,2025-03-06 11:14:43,,8,4
1807202669290487,1285454020290487,2024,19,2,49,20064.0,4.0,2,LOMA6,1,LOMA6,1,2025-03-06 11:14:43,,8,4
1807202670290487,1285454020290487,2024,19,2,49,20064.0,4.0,2,PHAR3,1,PHAR3,2,2025-03-06 11:14:43,,8,4
1807202671290487,1285454020290487,2024,19,2,49,20064.0,4.0,3,PHAR3,1,PHAR3,1,2025-03-06 11:14:43,,8,4
1807202282290487,1285453600290487,2024,19,3,129,20099.0,4.0,3,PHAR3,1,PHAR3,14,2025-03-06 11:14:40,,8,4
1807202841290487,1285454248290487,2024,19,1,5,20218.0,2.0,1,ALPE4,1,ALPE4,1,2025-03-06 11:14:44,,8,4
1807202842290487,1285454248290487,2024,19,1,5,20218.0,3.0,1,ALPE4,1,ALPE4,1,2025-03-06 11:14:44,,8,4
1807202843290487,1285454248290487,2024,19,1,5,20218.0,1.0,1,CEOR7,1,CEOR7,1,2025-03-06 11:14:44,,8,4
1807202844290487,1285454248290487,2024,19,1,5,20218.0,3.0,1,CEOR7,1,CEOR7,1,2025-03-06 11:14:44,,8,4
1807202845290487,1285454248290487,2024,19,1,5,20218.0,4.0,1,CEOR7,1,CEOR7,1,2025-03-06 11:14:44,,8,4
1807202846290487,1285454248290487,2024,19,1,5,20218.0,1.0,1,LOMA6,1,LOMA6,5,2025-03-06 11:14:44,,8,4
1807202847290487,1285454248290487,2024,19,1,5,20218.0,2.0,1,LOMA6,1,LOMA6,1,2025-03-06 11:14:44,,8,4
1807202848290487,1285454248290487,2024,19,1,5,20218.0,3.0,1,LOMA6,1,LOMA6,4,2025-03-06 11:14:44,,8,4
222848277010661,102096475010661,2008,19,1,61,20211.0,3.0,1,ROMU,1,ROMU,1,2010-03-01 10:42:33,2012-02-29 11:15:30,5,5
222848273010661,102096475010661,2008,19,1,61,20211.0,4.0,1,ALPE4,1,ALPE4,5,2010-03-01 10:42:33,2012-02-28 07:05:46,5,5
222848278010661,102096475010661,2008,19,1,61,20211.0,4.0,1,ROMU,1,ROMU,13,2010-03-01 10:42:33,2012-02-28 07:06:56,5,5
222848284010661,102096586010661,2008,19,2,87,20014.0,1.0,1,LOMA6,1,LOMA6,1,2010-03-01 10:42:33,2012-02-28 07:13:21,5,5
222848287010661,102096586010661,2008,19,2,87,20014.0,1.0,1,ROMU,1,ROMU,10,2010-03-01 10:42:33,2012-02-28 07:12:01,5,5
222848285010661,102096586010661,2008,19,2,87,20014.0,2.0,1,LOMA6,1,LOMA6,1,2010-03-01 10:42:33,2012-02-28 07:13:21,5,5
222848288010661,102096586010661,2008,19,2,87,20014.0,2.0,1,ROMU,1,ROMU,2,2010-03-01 10:42:33,2012-02-28 07:12:01,5,5
222848286010661,102096586010661,2008,19,2,87,20014.0,3.0,1,LOMA6,1,LOMA6,1,2010-03-01 10:42:33,2012-02-28 07:13:21,5,5
222848289010661,102096586010661,2008,19,2,87,20014.0,3.0,1,ROMU,1,ROMU,1,2010-03-01 10:42:33,2012-02-28 07:12:01,5,5
222848283010661,102096586010661,2008,19,2,87,20014.0,4.0,1,ELUM,1,ELUM,1,2010-03-01 10:42:33,2012-02-28 07:14:45,5,5
222848334010661,102096733010661,2008,19,2,177,20001.0,1.0,1,ROMU,1,ROMU,30,2010-03-01 10:42:34,2012-02-28 07:13:21,5,5
222848331010661,102096733010661,2008,19,2,177,20001.0,2.0,1,ELUM,1,ELUM,2,2010-03-01 10:42:34,2012-02-28 07:12:01,5,5
225476064010661,108489183010661,2009,19,1,11,20046.0,4.0,2,ROMU,1,ROMU,4,2010-05-27 12:33:07,2012-02-28 07:07:35,6,1
225476978010661,108488617010661,2009,19,1,97,20055.0,1.0,1,ALPE4,1,ALPE4,2,2010-05-27 12:33:14,2012-02-28 07:06:21,6,1
225476982010661,108488617010661,2009,19,1,97,20055.0,1.0,1,PHAR3,1,PHAR3,1,2010-05-27 12:33:14,2012-02-28 07:07:05,6,1
225476984010661,108488617010661,2009,19,1,97,20055.0,1.0,1,ROMU,1,ROMU,1,2010-05-27 12:33:14,2012-02-28 07:07:05,6,1
225476979010661,108488617010661,2009,19,1,97,20055.0,2.0,1,ALPE4,1,ALPE4,1,2010-05-27 12:33:14,2012-02-28 07:06:34,6,1
225476985010661,108488617010661,2009,19,1,97,20055.0,2.0,1,ROMU,1,ROMU,1,2010-05-27 12:33:14,2012-02-28 07:07:35,6,1
225476980010661,108488617010661,2009,19,1,97,20055.0,3.0,1,ALPE4,1,ALPE4,1,2010-05-27 12:33:14,2012-02-28 07:07:20,6,1
225476983010661,108488617010661,2009,19,1,97,20055.0,3.0,1,PHAR3,1,PHAR3,1,2010-05-27 12:33:14,2012-02-28 07:07:35,6,1
225476986010661,108488617010661,2009,19,1,97,20055.0,3.0,1,ROMU,1,ROMU,1,2010-05-27 12:33:14,2012-02-28 07:07:05,6,1
225476981010661,108488617010661,2009,19,1,97,20055.0,4.0,1,ALPE4,1,ALPE4,1,2010-05-27 12:33:14,2012-02-28 07:06:34,6,1
225476987010661,108488617010661,2009,19,1,97,20055.0,4.0,1,ROMU,1,ROMU,2,2010-05-27 12:33:14,2012-02-28 07:06:49,6,1
225476647010661,108489604010661,2009,19,1,13,20015.0,4.0,2,CIAR4,1,CIAR4,1,2010-05-27 12:33:11,2012-02-28 07:14:51,6,1
225476648010661,108489604010661,2009,19,1,13,20015.0,4.0,2,LOMA6,1,LOMA6,1,2010-05-27 12:33:11,2012-02-28 07:12:33,6,1
225476649010661,108489604010661,2009,19,1,13,20015.0,4.0,2,LONIC,1,LONIC,2,2010-05-27 12:33:11,2012-02-28 07:13:53,6,1
225476650010661,108489604010661,2009,19,1,13,20015.0,4.0,2,ULPU,1,ULPU,10,2010-05-27 12:33:11,2012-02-28 07:11:40,6,1
225475154010661,108489904010661,2009,19,2,117,20001.0,2.0,1,PHAR3,1,PHAR3,37,2010-05-27 12:32:59,2012-02-28 07:13:55,6,1
225475157010661,108489904010661,2009,19,2,117,20001.0,2.0,1,ROMU,1,ROMU,1,2010-05-27 12:32:59,2012-02-28 07:11:43,6,1
225475155010661,108489904010661,2009,19,2,117,20001.0,3.0,1,PHAR3,1,PHAR3,65,2010-05-27 12:32:59,2012-02-28 07:13:55,6,1
222848272010661,102096475010661,2008,19,1,61,20211.0,3.0,1,ALPE4,1,ALPE4,4,2010-03-01 10:42:33,2012-02-28 07:06:26,5,5
562782591126144,444191294489998,2018,19,2,115,20089.0,4.0,1,PHAR3,1,PHAR3,25,2018-11-09 13:31:35,,7,5
562782592126144,444191294489998,2018,19,2,115,20089.0,1.0,1,ROMU,1,ROMU,3,2018-11-09 13:31:35,,7,5
562782593126144,444191294489998,2018,19,2,115,20089.0,2.0,1,ROMU,1,ROMU,2,2018-11-09 13:31:35,,7,5
562782594126144,444191294489998,2018,19,2,115,20089.0,3.0,1,ROMU,1,ROMU,1,2018-11-09 13:31:35,,7,5
562782595126144,444191294489998,2018,19,2,115,20089.0,4.0,1,ROMU,1,ROMU,3,2018-11-09 13:31:35,,7,5
562785695126144,444191109489998,2018,19,2,139,20008.0,1.0,1,PHAR3,1,PHAR3,70,2018-11-09 13:31:44,,7,5
562785696126144,444191109489998,2018,19,2,139,20008.0,2.0,1,PHAR3,1,PHAR3,55,2018-11-09 13:31:44,,7,5
562785697126144,444191109489998,2018,19,2,139,20008.0,3.0,1,PHAR3,1,PHAR3,80,2018-11-09 13:31:44,,7,5
562785698126144,444191109489998,2018,19,2,139,20008.0,4.0,1,PHAR3,1,PHAR3,85,2018-11-09 13:31:44,,7,5
562785849126144,444191139489998,2018,19,1,171,20005.0,1.0,2,ELUM,1,ELUM,20,2018-11-09 13:31:45,,7,5
562785850126144,444191139489998,2018,19,1,171,20005.0,2.0,2,ELUM,1,ELUM,75,2018-11-09 13:31:45,,7,5
562785851126144,444191139489998,2018,19,1,171,20005.0,4.0,3,ELUM,1,ELUM,2,2018-11-09 13:31:45,,7,5
562785852126144,444191139489998,2018,19,1,171,20005.0,1.0,2,LOMA6,1,LOMA6,25,2018-11-09 13:31:45,,7,5
562785853126144,444191139489998,2018,19,1,171,20005.0,2.0,2,LOMA6,1,LOMA6,30,2018-11-09 13:31:45,,7,5
562785854126144,444191139489998,2018,19,1,171,20005.0,4.0,3,LOMA6,1,LOMA6,8,2018-11-09 13:31:45,,7,5
562785855126144,444191139489998,2018,19,1,171,20005.0,4.0,3,PHAR3,1,PHAR3,32,2018-11-09 13:31:45,,7,5
562785856126144,444191139489998,2018,19,1,171,20005.0,1.0,2,ROMU,1,ROMU,1,2018-11-09 13:31:45,,7,5
562785857126144,444191139489998,2018,19,1,171,20005.0,2.0,2,ROMU,1,ROMU,4,2018-11-09 13:31:45,,7,5
562785858126144,444191139489998,2018,19,1,171,20005.0,4.0,3,ROMU,1,ROMU,1,2018-11-09 13:31:45,,7,5
562786041126144,444191292489998,2018,19,1,61,20045.0,1.0,1,ALPE4,1,ALPE4,8,2018-11-09 13:31:45,,7,5
562786042126144,444191292489998,2018,19,1,61,20045.0,3.0,1,ALPE4,1,ALPE4,3,2018-11-09 13:31:45,,7,5
562786043126144,444191292489998,2018,19,1,61,20045.0,3.0,1,CIVU,1,CIVU,1,2018-11-09 13:31:45,,7,5
562786044126144,444191292489998,2018,19,1,61,20045.0,1.0,1,ROMU,1,ROMU,2,2018-11-09 13:31:45,,7,5
562786045126144,444191292489998,2018,19,1,61,20045.0,3.0,1,ROMU,1,ROMU,1,2018-11-09 13:31:45,,7,5
562783193126144,444190565489998,2018,19,2,185,20113.0,1.0,1,LONIC,1,LONIC,1,2018-11-09 13:31:37,,7,5
562783194126144,444190565489998,2018,19,2,185,20113.0,3.0,1,LONIC,1,LONIC,1,2018-11-09 13:31:37,,7,5
562783195126144,444190565489998,2018,19,2,185,20113.0,1.0,1,ROMU,1,ROMU,4,2018-11-09 13:31:37,,7,5
562783196126144,444190565489998,2018,19,2,185,20113.0,2.0,1,ROMU,1,ROMU,1,2018-11-09 13:31:37,,7,5
562783197126144,444190565489998,2018,19,2,185,20113.0,3.0,1,ROMU,1,ROMU,45,2018-11-09 13:31:37,,7,5
562783198126144,444190565489998,2018,19,2,185,20113.0,4.0,1,ROMU,1,ROMU,25,2018-11-09 13:31:37,,7,5
562783954126144,444191135489998,2018,19,1,171,20205.0,1.0,1,PHAR3,1,PHAR3,1,2018-11-09 13:31:39,,7,5
562783955126144,444191135489998,2018,19,1,171,20205.0,2.0,1,PHAR3,1,PHAR3,4,2018-11-09 13:31:39,,7,5
562783956126144,444191135489998,2018,19,1,171,20205.0,3.0,1,PHAR3,1,PHAR3,1,2018-11-09 13:31:39,,7,5
562783957126144,444191135489998,2018,19,1,171,20205.0,4.0,1,PHAR3,1,PHAR3,2,2018-11-09 13:31:39,,7,5
707839462126144,511199978126144,2019,19,3,47,20082.0,1.0,1,LONIC,1,LONIC,20,2019-10-21 13:09:47,,7,6
707839463126144,511199978126144,2019,19,3,47,20082.0,2.0,1,LONIC,1,LONIC,50,2019-10-21 13:09:47,,7,6
707839464126144,511199978126144,2019,19,3,47,20082.0,4.0,1,LONIC,1,LONIC,3,2019-10-21 13:09:47,,7,6
707839465126144,511199978126144,2019,19,3,47,20082.0,4.0,1,PHAR3,1,PHAR3,20,2019-10-21 13:09:47,,7,6
707839466126144,511199978126144,2019,19,3,47,20082.0,2.0,1,ULPU,1,ULPU,2,2019-10-21 13:09:47,,7,6
707839467126144,511199978126144,2019,19,3,47,20082.0,4.0,1,ULPU,1,ULPU,30,2019-10-21 13:09:47,,7,6
707837009126144,511199253126144,2019,19,1,191,20017.0,2.0,2,ALPE4,1,ALPE4,2,2019-10-21 13:09:38,,7,6
707837010126144,511199253126144,2019,19,1,191,20017.0,2.0,2,RHCA3,1,RHCA3,1,2019-10-21 13:09:38,,7,6
707837011126144,511199253126144,2019,19,1,191,20017.0,2.0,2,ROMU,1,ROMU,1,2019-10-21 13:09:38,,7,6
707835215126144,511199985126144,2019,19,3,85,20057.0,1.0,1,ALPE4,1,ALPE4,35,2019-10-21 13:09:30,,7,6
707835216126144,511199985126144,2019,19,3,85,20057.0,2.0,1,ALPE4,1,ALPE4,65,2019-10-21 13:09:30,,7,6
707835217126144,511199985126144,2019,19,3,85,20057.0,3.0,1,ALPE4,1,ALPE4,2,2019-10-21 13:09:30,,7,6
707835218126144,511199985126144,2019,19,3,85,20057.0,4.0,1,LOMA6,1,LOMA6,1,2019-10-21 13:09:30,,7,6
707835405126144,511199057126144,2019,19,1,97,20113.0,2.0,2,ALPE4,1,ALPE4,10,2019-10-21 13:09:31,,7,6
707835406126144,511199057126144,2019,19,1,97,20113.0,2.0,2,LOMA6,1,LOMA6,5,2019-10-21 13:09:31,,7,6
707835407126144,511199057126144,2019,19,1,97,20113.0,2.0,2,ROMU,1,ROMU,4,2019-10-21 13:09:31,,7,6
707838252126144,511199980126144,2019,19,3,133,20053.0,2.0,1,BETH,1,BETH,1,2019-10-21 13:09:43,,7,6
707838253126144,511199980126144,2019,19,3,133,20053.0,4.0,1,BETH,1,BETH,1,2019-10-21 13:09:43,,7,6
707836286126144,511199626126144,2019,19,2,77,20041.0,3.0,2,ELUM,1,ELUM,28,2019-10-21 13:09:35,,7,6
707836287126144,511199626126144,2019,19,2,77,20041.0,3.0,2,LOMA6,1,LOMA6,1,2019-10-21 13:09:35,,7,6
707836288126144,511199626126144,2019,19,2,77,20041.0,3.0,2,PHAR3,1,PHAR3,11,2019-10-21 13:09:35,,7,6
707836289126144,511199626126144,2019,19,2,77,20041.0,3.0,2,ROMU,1,ROMU,1,2019-10-21 13:09:35,,7,6
917117073290487,570335974126144,2020,19,1,43,20087.0,1.0,1,ALPE4,1,ALPE4,20,2021-10-18 12:47:17,,7,7
917117074290487,570335974126144,2020,19,1,43,20087.0,2.0,1,ALPE4,1,ALPE4,15,2021-10-18 12:47:17,,7,7
917117075290487,570335974126144,2020,19,1,43,20087.0,3.0,1,ALPE4,1,ALPE4,46,2021-10-18 12:47:17,,7,7
917117076290487,570335974126144,2020,19,1,43,20087.0,4.0,1,ALPE4,1,ALPE4,4,2021-10-18 12:47:17,,7,7
917117077290487,570335974126144,2020,19,1,43,20087.0,2.0,1,LONIC,1,LONIC,1,2021-10-18 12:47:17,,7,7
917117078290487,570335974126144,2020,19,1,43,20087.0,2.0,1,PHAR3,1,PHAR3,4,2021-10-18 12:47:17,,7,7
917117079290487,570335974126144,2020,19,1,43,20087.0,4.0,1,PHAR3,1,PHAR3,1,2021-10-18 12:47:17,,7,7
917117080290487,570335974126144,2020,19,1,43,20087.0,4.0,1,ROMU,1,ROMU,1,2021-10-18 12:47:17,,7,7
917114608290487,570336305126144,2020,19,2,153,20021.0,1.0,1,CIVU,1,CIVU,4,2021-10-18 12:47:10,,7,7
917114609290487,570336305126144,2020,19,2,153,20021.0,2.0,1,CIVU,1,CIVU,1,2021-10-18 12:47:10,,7,7
917114610290487,570336305126144,2020,19,2,153,20021.0,3.0,2,LONIC,1,LONIC,3,2021-10-18 12:47:10,,7,7
917114611290487,570336305126144,2020,19,2,153,20021.0,4.0,2,LONIC,1,LONIC,3,2021-10-18 12:47:10,,7,7
917115071290487,570336085126144,2020,19,2,179,20028.0,3.0,2,CIVU,1,CIVU,1,2021-10-18 12:47:11,,7,7
917115072290487,570336085126144,2020,19,2,179,20028.0,3.0,2,ROMU,1,ROMU,9,2021-10-18 12:47:11,,7,7
917113480290487,570335888126144,2020,19,1,61,20211.0,1.0,1,ALPE4,1,ALPE4,5,2021-10-18 12:47:05,,7,7
917113481290487,570335888126144,2020,19,1,61,20211.0,2.0,1,ALPE4,1,ALPE4,15,2021-10-18 12:47:05,,7,7
917113482290487,570335888126144,2020,19,1,61,20211.0,3.0,1,ALPE4,1,ALPE4,5,2021-10-18 12:47:05,,7,7
243466902010661,168923356010661,2010,19,2,77,20008.0,4.0,2,LOTA,1,LOTA,2,2011-01-10 15:30:45,,6,2
243466903010661,168923356010661,2010,19,2,77,20008.0,2.0,2,PHAR3,1,PHAR3,1,2011-01-10 15:30:45,,6,2
243466904010661,168923356010661,2010,19,2,77,20008.0,2.0,2,ROMU,1,ROMU,1,2011-01-10 15:30:45,,6,2
243466905010661,168923356010661,2010,19,2,77,20008.0,4.0,2,ROMU,1,ROMU,1,2011-01-10 15:30:45,,6,2
243466906010661,168923356010661,2010,19,2,77,20008.0,2.0,2,ULPU,1,ULPU,27,2011-01-10 15:30:45,,6,2
243466871010661,168922395010661,2010,19,1,5,20121.0,2.0,1,ALPE4,1,ALPE4,4,2011-01-10 15:30:44,,6,2
243466872010661,168922395010661,2010,19,1,5,20121.0,3.0,1,LONIC,1,LONIC,1,2011-01-10 15:30:44,,6,2
243466873010661,168922395010661,2010,19,1,5,20121.0,3.0,1,LYNU,1,LYNU,1,2011-01-10 15:30:44,,6,2
243466874010661,168922395010661,2010,19,1,5,20121.0,3.0,1,RHCA3,1,RHCA3,3,2011-01-10 15:30:44,,6,2
243466870010661,168922395010661,2010,19,1,5,20121.0,1.0,1,ALPE4,1,ALPE4,1,2011-01-10 15:30:44,,6,2
243466875010661,168922395010661,2010,19,1,5,20121.0,2.0,1,ROMU,1,ROMU,1,2011-01-10 15:30:44,,6,2
243466876010661,168922395010661,2010,19,1,5,20121.0,3.0,1,ROMU,1,ROMU,1,2011-01-10 15:30:44,,6,2
243466877010661,168922395010661,2010,19,1,5,20121.0,4.0,2,ROMU,1,ROMU,5,2011-01-10 15:30:44,,6,2
243466942010661,168922928010661,2010,19,2,117,20087.0,1.0,1,ROMU,1,ROMU,16,2011-01-10 15:30:45,,6,2
243466943010661,168922928010661,2010,19,2,117,20087.0,2.0,1,ROMU,1,ROMU,6,2011-01-10 15:30:45,,6,2
243466944010661,168922928010661,2010,19,2,117,20087.0,3.0,1,ROMU,1,ROMU,11,2011-01-10 15:30:45,,6,2
243466945010661,168922928010661,2010,19,2,117,20087.0,4.0,1,ROMU,1,ROMU,6,2011-01-10 15:30:45,,6,2
243467010010661,168923180010661,2010,19,4,195,20085.0,2.0,1,LONIC,1,LONIC,1,2011-01-10 15:30:45,,6,2
243467011010661,168923180010661,2010,19,4,195,20085.0,1.0,1,PHAR3,1,PHAR3,1,2011-01-10 15:30:45,,6,2
243467012010661,168923180010661,2010,19,4,195,20085.0,2.0,1,PHAR3,1,PHAR3,1,2011-01-10 15:30:45,,6,2
243466974010661,168923382010661,2010,19,3,173,20053.0,1.0,1,PHAR3,1,PHAR3,3,2011-01-10 15:30:45,,6,2
243466975010661,168923382010661,2010,19,3,173,20053.0,1.0,1,ROMU,1,ROMU,1,2011-01-10 15:30:45,,6,2
243466976010661,168923382010661,2010,19,3,173,20053.0,4.0,1,ROMU,1,ROMU,1,2011-01-10 15:30:45,,6,2
243466967010661,168922083010661,2010,19,2,139,20200.0,3.0,1,ALPE4,1,ALPE4,1,2011-01-10 15:30:45,,6,2
243466968010661,168922083010661,2010,19,2,139,20200.0,4.0,1,ALPE4,1,ALPE4,2,2011-01-10 15:30:45,,6,2
243466969010661,168922083010661,2010,19,2,139,20200.0,3.0,1,ROMU,1,ROMU,1,2011-01-10 15:30:45,,6,2
243466895010661,168922845010661,2010,19,1,67,20063.0,2.0,1,PHAR3,1,PHAR3,2,2011-01-10 15:30:45,,6,2
243466914010661,168924266010661,2010,19,2,101,20022.0,1.0,1,PHAR3,1,PHAR3,1,2011-01-10 15:30:45,,6,2
243466915010661,168924266010661,2010,19,2,101,20022.0,2.0,1,PHAR3,1,PHAR3,1,2011-01-10 15:30:45,,6,2
243466916010661,168924266010661,2010,19,2,101,20022.0,4.0,1,PHAR3,1,PHAR3,1,2011-01-10 15:30:45,,6,2
243466917010661,168924266010661,2010,19,2,101,20022.0,1.0,1,ROMU,1,ROMU,1,2011-01-10 15:30:45,,6,2
243466918010661,168924266010661,2010,19,2,101,20022.0,4.0,1,ROMU,1,ROMU,2,2011-01-10 15:30:45,,6,2
243466971010661,168922681010661,2010,19,1,171,20202.0,1.0,1,PHAR3,1,PHAR3,1,2011-01-10 15:30:45,,6,2
243466972010661,168922681010661,2010,19,1,171,20202.0,2.0,1,PHAR3,1,PHAR3,1,2011-01-10 15:30:45,,6,2
243466973010661,168922681010661,2010,19,1,171,20202.0,1.0,1,ROMU,1,ROMU,1,2011-01-10 15:30:45,,6,2
243466935010661,168922313010661,2010,19,1,113,20097.0,3.0,2,ALPE4,1,ALPE4,5,2011-01-10 15:30:45,,6,2
243466936010661,168922313010661,2010,19,1,113,20097.0,3.0,2,LONIC,1,LONIC,2,2011-01-10 15:30:45,,6,2
243466937010661,168922313010661,2010,19,1,113,20097.0,3.0,2,ROMU,1,ROMU,5,2011-01-10 15:30:45,,6,2
243466985010661,168924364010661,2010,19,2,177,20008.0,3.0,1,ROMU,1,ROMU,5,2011-01-10 15:30:45,,6,2
243466986010661,168924364010661,2010,19,2,177,20008.0,4.0,1,ROMU,1,ROMU,3,2011-01-10 15:30:45,,6,2
222848159010661,102499206010661,2007,19,2,7,20021.0,1.0,1,ROMU,1,ROMU,5,2010-03-01 10:42:26,2012-02-28 07:13:10,5,4
222848160010661,102499206010661,2007,19,2,7,20021.0,2.0,1,ROMU,1,ROMU,5,2010-03-01 10:42:26,2012-02-28 07:13:10,5,4
222848161010661,102499206010661,2007,19,2,7,20021.0,3.0,1,ROMU,1,ROMU,5,2010-03-01 10:42:26,2012-02-28 07:13:10,5,4
222848162010661,102499206010661,2007,19,2,7,20021.0,4.0,1,ROMU,1,ROMU,5,2010-03-01 10:42:26,2012-02-28 07:13:10,5,4
222848199010661,102498177010661,2007,19,1,97,20113.0,2.0,2,ALPE4,1,ALPE4,5,2010-03-01 10:42:27,2012-02-28 07:06:16,5,4
222848200010661,102498177010661,2007,19,1,97,20113.0,2.0,2,PHAR3,1,PHAR3,1,2010-03-01 10:42:27,2012-02-29 11:15:28,5,4
222848171010661,102501429010661,2007,19,1,43,20156.0,3.0,2,ALPE4,1,ALPE4,10,2010-03-01 10:42:26,2012-02-28 07:11:27,5,4
222848173010661,102501429010661,2007,19,1,43,20156.0,3.0,2,ROMU,1,ROMU,5,2010-03-01 10:42:26,2012-02-28 07:14:05,5,4
222848172010661,102501429010661,2007,19,1,43,20156.0,4.0,2,ALPE4,1,ALPE4,85,2010-03-01 10:42:26,2012-02-28 07:11:27,5,4
222848201010661,102500223010661,2007,19,4,109,20005.0,1.0,1,LOMO2,1,LOMO2,1,2010-03-01 10:42:27,2012-02-28 07:06:29,5,4
222848203010661,102500223010661,2007,19,4,109,20005.0,1.0,1,RHCA3,1,RHCA3,5,2010-03-01 10:42:27,2012-02-28 07:06:03,5,4
222848202010661,102500223010661,2007,19,4,109,20005.0,2.0,1,LOMO2,1,LOMO2,1,2010-03-01 10:42:27,2012-02-28 07:05:49,5,4
222848204010661,102500223010661,2007,19,4,109,20005.0,3.0,1,RHCA3,1,RHCA3,5,2010-03-01 10:42:27,2012-02-28 07:06:29,5,4
222848239010661,102499098010661,2007,19,1,171,20205.0,1.0,1,PHAR3,1,PHAR3,10,2010-03-01 10:42:27,2012-02-28 07:05:49,5,4
222848240010661,102499098010661,2007,19,1,171,20205.0,2.0,1,PHAR3,1,PHAR3,8,2010-03-01 10:42:27,2012-02-28 07:06:29,5,4
222848241010661,102499098010661,2007,19,1,171,20205.0,3.0,1,PHAR3,1,PHAR3,7,2010-03-01 10:42:27,2012-02-28 07:06:44,5,4
222848242010661,102499098010661,2007,19,1,171,20205.0,4.0,1,PHAR3,1,PHAR3,5,2010-03-01 10:42:27,2012-02-28 07:06:44,5,4
222848197010661,102501582010661,2007,19,3,85,20057.0,1.0,1,ALPE4,1,ALPE4,1,2010-03-01 10:42:27,2012-02-29 11:15:28,5,4
222848198010661,102501582010661,2007,19,3,85,20057.0,3.0,1,ALPE4,1,ALPE4,1,2010-03-01 10:42:27,2012-02-29 11:15:28,5,4
222848181010661,102500274010661,2007,19,3,73,20065.0,4.0,1,LONIC,1,LONIC,1,2010-03-01 10:42:26,2012-02-28 07:02:56,5,4
234803227010661,102500274010661,2007,19,3,73,20065.0,4.0,2,LONIC,1,LONIC,20,2010-03-01 10:42:26,2012-02-28 07:02:56,5,4
222848174010661,102499674010661,2007,19,2,53,20017.0,1.0,1,ROMU,1,ROMU,5,2010-03-01 10:42:26,2012-02-28 07:14:34,5,4
222848175010661,102499674010661,2007,19,2,53,20017.0,2.0,1,ROMU,1,ROMU,20,2010-03-01 10:42:26,2012-02-28 07:14:34,5,4
222848176010661,102499674010661,2007,19,2,53,20017.0,3.0,1,ROMU,1,ROMU,5,2010-03-01 10:42:26,2012-02-28 07:14:34,5,4
222848205010661,102498402010661,2007,19,2,111,20072.0,1.0,1,ALPE4,1,ALPE4,2,2010-03-01 10:42:27,2012-02-28 07:14:05,5,4
222848207010661,102498402010661,2007,19,2,111,20072.0,1.0,1,ROMU,1,ROMU,10,2010-03-01 10:42:27,2012-02-28 07:11:27,5,4
222848208010661,102498402010661,2007,19,2,111,20072.0,2.0,1,ROMU,1,ROMU,8,2010-03-01 10:42:27,2012-02-28 07:11:27,5,4
222848209010661,102498402010661,2007,19,2,111,20072.0,3.0,1,ROMU,1,ROMU,10,2010-03-01 10:42:27,2012-02-28 07:11:27,5,4
222848206010661,102498402010661,2007,19,2,111,20072.0,4.0,1,ALPE4,1,ALPE4,2,2010-03-01 10:42:27,2012-02-28 07:14:05,5,4
222848210010661,102498402010661,2007,19,2,111,20072.0,4.0,1,ROMU,1,ROMU,3,2010-03-01 10:42:27,2012-02-28 07:11:27,5,4
222848163010661,102499245010661,2007,19,1,17,20040.0,1.0,1,HEMA3,1,HEMA3,7,2010-03-01 10:42:26,2012-02-28 07:12:16,5,4
222848167010661,102499245010661,2007,19,1,17,20040.0,1.0,1,PHAR3,1,PHAR3,8,2010-03-01 10:42:26,2012-02-28 07:11:53,5,4
222848164010661,102499245010661,2007,19,1,17,20040.0,2.0,1,HEMA3,1,HEMA3,2,2010-03-01 10:42:26,2012-02-28 07:12:16,5,4
222848168010661,102499245010661,2007,19,1,17,20040.0,2.0,1,PHAR3,1,PHAR3,20,2010-03-01 10:42:26,2012-02-28 07:11:53,5,4
222848165010661,102499245010661,2007,19,1,17,20040.0,3.0,1,HEMA3,1,HEMA3,7,2010-03-01 10:42:26,2012-02-28 07:12:16,5,4
222848169010661,102499245010661,2007,19,1,17,20040.0,3.0,1,PHAR3,1,PHAR3,7,2010-03-01 10:42:26,2012-02-28 07:11:53,5,4
222848166010661,102499245010661,2007,19,1,17,20040.0,4.0,1,HEMA3,1,HEMA3,3,2010-03-01 10:42:26,2012-02-28 07:12:16,5,4
222848170010661,102499245010661,2007,19,1,17,20040.0,4.0,1,PHAR3,1,PHAR3,60,2010-03-01 10:42:26,2012-02-28 07:11:53,5,4
222848216010661,102498498010661,2007,19,2,115,20089.0,4.0,1,PHAR3,1,PHAR3,5,2010-03-01 10:42:27,2012-02-28 07:07:14,5,4
222848220010661,102498498010661,2007,19,2,115,20089.0,4.0,1,ROMU,1,ROMU,1,2010-03-01 10:42:27,2012-02-29 11:15:28,5,4
222848217010661,102498498010661,2007,19,2,115,20089.0,1.0,1,ROMU,1,ROMU,1,2010-03-01 10:42:27,2012-02-29 11:15:33,5,4
222848218010661,102498498010661,2007,19,2,115,20089.0,2.0,1,ROMU,1,ROMU,2,2010-03-01 10:42:27,2012-02-28 07:07:30,5,4
222848215010661,102498498010661,2007,19,2,115,20089.0,3.0,1,PHAR3,1,PHAR3,1,2010-03-01 10:42:27,2012-02-28 07:05:49,5,4
222848219010661,102498498010661,2007,19,2,115,20089.0,3.0,1,ROMU,1,ROMU,5,2010-03-01 10:42:27,2012-02-28 07:05:49,5,4
222848243010661,102498816010661,2007,19,2,179,20202.0,4.0,2,ELUM,1,ELUM,4,2010-03-01 10:42:27,2012-02-28 07:11:53,5,4
222848244010661,102498816010661,2007,19,2,179,20202.0,4.0,2,LOMA6,1,LOMA6,15,2010-03-01 10:42:27,2012-02-28 07:12:45,5,4
222848245010661,102498816010661,2007,19,2,179,20202.0,4.0,2,ROMU,1,ROMU,6,2010-03-01 10:42:27,2012-02-28 07:14:06,5,4
222848230010661,102500562010661,2007,19,4,161,20208.0,2.0,2,LOMO2,1,LOMO2,5,2010-03-01 10:42:27,2012-02-28 07:07:15,5,4
222848232010661,102500562010661,2007,19,4,161,20208.0,2.0,2,RHCA3,1,RHCA3,4,2010-03-01 10:42:27,2012-02-28 07:07:15,5,4
222848233010661,102500562010661,2007,19,4,161,20208.0,3.0,2,RHCA3,1,RHCA3,1,2010-03-01 10:42:27,2012-02-28 07:06:03,5,4
222848231010661,102500562010661,2007,19,4,161,20208.0,4.0,2,LOMO2,1,LOMO2,1,2010-03-01 10:42:27,2012-02-28 07:06:16,5,4
222848234010661,102500562010661,2007,19,4,161,20208.0,4.0,2,RHCA3,1,RHCA3,1,2010-03-01 10:42:27,2012-02-28 07:06:03,5,4
222848184010661,102500295010661,2007,19,2,77,20019.0,1.0,2,LOTA,1,LOTA,2,2010-03-01 10:42:27,2012-02-28 07:03:03,5,4
222848187010661,102500295010661,2007,19,2,77,20019.0,1.0,2,PHAR3,1,PHAR3,20,2010-03-01 10:42:27,2012-02-28 07:06:03,5,4
222848190010661,102500295010661,2007,19,2,77,20019.0,1.0,2,ROMU,1,ROMU,1,2010-03-01 10:42:27,2012-02-29 11:15:33,5,4
222848185010661,102500295010661,2007,19,2,77,20019.0,2.0,2,LOTA,1,LOTA,20,2010-03-01 10:42:27,2012-02-28 07:03:03,5,4
222848188010661,102500295010661,2007,19,2,77,20019.0,2.0,2,PHAR3,1,PHAR3,3,2010-03-01 10:42:27,2012-02-28 07:05:49,5,4
222848191010661,102500295010661,2007,19,2,77,20019.0,2.0,2,ROMU,1,ROMU,2,2010-03-01 10:42:27,2012-02-28 07:06:16,5,4
222848193010661,102500295010661,2007,19,2,77,20019.0,2.0,2,ULPU,1,ULPU,4,2010-03-01 10:42:27,2012-02-28 07:06:29,5,4
222848186010661,102500295010661,2007,19,2,77,20019.0,4.0,2,LOTA,1,LOTA,10,2010-03-01 10:42:27,2012-02-28 07:02:37,5,4
222848189010661,102500295010661,2007,19,2,77,20019.0,4.0,2,PHAR3,1,PHAR3,2,2010-03-01 10:42:27,2012-02-28 07:06:03,5,4
222848192010661,102500295010661,2007,19,2,77,20019.0,4.0,2,ROMU,1,ROMU,1,2010-03-01 10:42:27,2012-02-28 07:07:00,5,4
222848301010661,102098404010661,2008,19,4,91,20038.0,1.0,1,CEBI2,1,CESTM,5,2010-03-01 10:42:33,2012-02-28 07:13:47,5,5
222848309010661,102098404010661,2008,19,4,91,20038.0,1.0,1,ULPU,1,ULPU,1,2010-03-01 10:42:33,2012-02-28 07:14:45,5,5
222848303010661,102098404010661,2008,19,4,91,20038.0,2.0,1,ELUM,1,ELUM,1,2010-03-01 10:42:33,2012-02-28 07:12:01,5,5
222848304010661,102098404010661,2008,19,4,91,20038.0,2.0,1,LOBE,1,LOBE,1,2010-03-01 10:42:33,2012-02-28 07:11:36,5,5
222848306010661,102098404010661,2008,19,4,91,20038.0,2.0,1,LOMA6,1,LOMA6,5,2010-03-01 10:42:33,2012-02-28 07:14:16,5,5
222848307010661,102098404010661,2008,19,4,91,20038.0,2.0,1,LOMO2,1,LOMO2,5,2010-03-01 10:42:33,2012-02-28 07:13:47,5,5
222848305010661,102098404010661,2008,19,4,91,20038.0,3.0,1,LOBE,1,LOBE,2,2010-03-01 10:42:33,2012-02-28 07:11:36,5,5
222848308010661,102098404010661,2008,19,4,91,20038.0,3.0,1,RHCA3,1,RHCA3,1,2010-03-01 10:42:33,2012-02-28 07:11:36,5,5
222848310010661,102098404010661,2008,19,4,91,20038.0,3.0,1,ULPU,1,ULPU,10,2010-03-01 10:42:33,2012-02-28 07:14:45,5,5
222848302010661,102098404010661,2008,19,4,91,20038.0,4.0,1,CEBI2,1,CESTM,1,2010-03-01 10:42:33,2012-02-28 07:13:47,5,5
222848320010661,102096604010661,2008,19,2,111,20062.0,1.0,1,BETH,1,BETH,1,2010-03-01 10:42:33,2012-02-28 07:12:53,5,5
222848326010661,102096604010661,2008,19,2,111,20062.0,1.0,1,ROMU,1,ROMU,3,2010-03-01 10:42:33,2012-02-28 07:13:21,5,5
222848321010661,102096604010661,2008,19,2,111,20062.0,2.0,1,BETH,1,BETH,15,2010-03-01 10:42:33,2012-02-28 07:12:53,5,5
222848324010661,102096604010661,2008,19,2,111,20062.0,2.0,1,LOMA6,1,LOMA6,1,2010-03-01 10:42:33,2012-02-28 07:12:53,5,5
222848327010661,102096604010661,2008,19,2,111,20062.0,2.0,1,ROMU,1,ROMU,3,2010-03-01 10:42:33,2012-02-28 07:13:21,5,5
222848322010661,102096604010661,2008,19,2,111,20062.0,3.0,1,BETH,1,BETH,3,2010-03-01 10:42:33,2012-02-28 07:12:53,5,5
222848323010661,102096604010661,2008,19,2,111,20062.0,3.0,1,CEOR7,1,CEOR7,4,2010-03-01 10:42:33,2012-02-28 07:12:53,5,5
222848325010661,102096604010661,2008,19,2,111,20062.0,3.0,1,LOMA6,1,LOMA6,2,2010-03-01 10:42:33,2012-02-28 07:12:53,5,5
222848328010661,102096604010661,2008,19,2,111,20062.0,3.0,1,ROMU,1,ROMU,3,2010-03-01 10:42:33,2012-02-28 07:13:21,5,5
222848329010661,102096604010661,2008,19,2,111,20062.0,4.0,1,ROMU,1,ROMU,2,2010-03-01 10:42:33,2012-02-28 07:13:21,5,5
222848251010661,102096610010661,2008,19,1,43,20064.0,4.0,2,PHAR3,1,PHAR3,25,2010-03-01 10:42:33,2012-02-28 07:13:21,5,5
222848260010661,102097879010661,2008,19,2,53,20117.0,3.0,2,ROMU,1,ROMU,1,2010-03-01 10:42:33,2012-02-28 07:14:16,5,5
222848281010661,102098083010661,2008,19,2,79,20100.0,4.0,2,LOBE,1,LOBE,1,2010-03-01 10:42:33,2012-02-28 07:12:01,5,5
222848282010661,102098083010661,2008,19,2,79,20100.0,4.0,2,RHCA3,1,RHCA3,15,2010-03-01 10:42:33,2012-02-28 07:12:01,5,5
222848270010661,102096475010661,2008,19,1,61,20211.0,1.0,1,ALPE4,1,ALPE4,3,2010-03-01 10:42:33,2012-02-28 07:07:11,5,5
222848274010661,102096475010661,2008,19,1,61,20211.0,1.0,1,PHAR3,1,PHAR3,2,2010-03-01 10:42:33,2012-02-28 07:07:26,5,5
222848271010661,102096475010661,2008,19,1,61,20211.0,2.0,1,ALPE4,1,ALPE4,2,2010-03-01 10:42:33,2012-02-28 07:05:46,5,5
222848275010661,102096475010661,2008,19,1,61,20211.0,2.0,1,PHAR3,1,PHAR3,1,2010-03-01 10:42:33,2012-02-28 07:05:46,5,5
222848276010661,102096475010661,2008,19,1,61,20211.0,2.0,1,ROMU,1,ROMU,12,2010-03-01 10:42:33,2012-02-28 07:06:56,5,5
1807202849290487,1285454248290487,2024,19,1,5,20218.0,4.0,1,LOMA6,1,LOMA6,16,2025-03-06 11:14:44,,8,4
1807202850290487,1285454248290487,2024,19,1,5,20218.0,1.0,1,ROMU,1,ROMU,3,2025-03-06 11:14:44,,8,4
1807202851290487,1285454248290487,2024,19,1,5,20218.0,2.0,1,ROMU,1,ROMU,1,2025-03-06 11:14:44,,8,4
1807202852290487,1285454248290487,2024,19,1,5,20218.0,3.0,1,ROMU,1,ROMU,9,2025-03-06 11:14:44,,8,4
1807202853290487,1285454248290487,2024,19,1,5,20218.0,4.0,1,ROMU,1,ROMU,5,2025-03-06 11:14:44,,8,4
1807203035290487,1285454249290487,2024,19,1,43,20122.0,1.0,1,ALPE4,1,ALPE4,4,2025-03-06 11:14:44,,8,4
1807203036290487,1285454249290487,2024,19,1,43,20122.0,2.0,1,ALPE4,1,ALPE4,3,2025-03-06 11:14:44,,8,4
1807203037290487,1285454249290487,2024,19,1,43,20122.0,3.0,1,ALPE4,1,ALPE4,2,2025-03-06 11:14:44,,8,4
1807203038290487,1285454249290487,2024,19,1,43,20122.0,1.0,1,BETH,1,BETH,12,2025-03-06 11:14:44,,8,4
1807203039290487,1285454249290487,2024,19,1,43,20122.0,2.0,1,BETH,1,BETH,6,2025-03-06 11:14:44,,8,4
1807203040290487,1285454249290487,2024,19,1,43,20122.0,3.0,1,BETH,1,BETH,6,2025-03-06 11:14:44,,8,4
1807203041290487,1285454249290487,2024,19,1,43,20122.0,2.0,1,CIAR4,1,CIAR4,4,2025-03-06 11:14:44,,8,4
1807203042290487,1285454249290487,2024,19,1,43,20122.0,2.0,1,LOMA6,1,LOMA6,1,2025-03-06 11:14:44,,8,4
1807203043290487,1285454249290487,2024,19,1,43,20122.0,3.0,1,RHCA3,1,RHCA3,1,2025-03-06 11:14:44,,8,4
1807203044290487,1285454249290487,2024,19,1,43,20122.0,1.0,1,ROMU,1,ROMU,2,2025-03-06 11:14:44,,8,4
1807203045290487,1285454249290487,2024,19,1,43,20122.0,2.0,1,ROMU,1,ROMU,3,2025-03-06 11:14:44,,8,4
1807203046290487,1285454249290487,2024,19,1,43,20122.0,3.0,1,ROMU,1,ROMU,1,2025-03-06 11:14:44,,8,4
1807203392290487,1285453891290487,2024,19,3,145,20057.0,2.0,2,ROMU,1,ROMU,1,2025-03-06 11:14:46,,8,4
1807203570290487,1285454103290487,2024,19,2,57,20093.0,1.0,1,BEVU,1,BEVU,1,2025-03-06 11:14:46,,8,4
1807203571290487,1285454103290487,2024,19,2,57,20093.0,3.0,1,BEVU,1,BEVU,2,2025-03-06 11:14:46,,8,4
1807203572290487,1285454103290487,2024,19,2,57,20093.0,4.0,1,BEVU,1,BEVU,1,2025-03-06 11:14:46,,8,4
1807203573290487,1285454103290487,2024,19,2,57,20093.0,1.0,1,CEOR7,1,CEOR7,30,2025-03-06 11:14:46,,8,4
1807203574290487,1285454103290487,2024,19,2,57,20093.0,2.0,1,CEOR7,1,CEOR7,35,2025-03-06 11:14:46,,8,4
1807203575290487,1285454103290487,2024,19,2,57,20093.0,3.0,1,CEOR7,1,CEOR7,18,2025-03-06 11:14:46,,8,4
1807203576290487,1285454103290487,2024,19,2,57,20093.0,4.0,1,CEOR7,1,CEOR7,65,2025-03-06 11:14:46,,8,4
1807203577290487,1285454103290487,2024,19,2,57,20093.0,1.0,1,ELUM,1,ELUM,20,2025-03-06 11:14:46,,8,4
1807203578290487,1285454103290487,2024,19,2,57,20093.0,2.0,1,ELUM,1,ELUM,18,2025-03-06 11:14:46,,8,4
1807203579290487,1285454103290487,2024,19,2,57,20093.0,3.0,1,ELUM,1,ELUM,25,2025-03-06 11:14:46,,8,4
1807203580290487,1285454103290487,2024,19,2,57,20093.0,4.0,1,ELUM,1,ELUM,20,2025-03-06 11:14:46,,8,4
1807203581290487,1285454103290487,2024,19,2,57,20093.0,1.0,1,LOMA6,1,LOMA6,4,2025-03-06 11:14:46,,8,4
1807203582290487,1285454103290487,2024,19,2,57,20093.0,2.0,1,LOMA6,1,LOMA6,6,2025-03-06 11:14:46,,8,4
1807203583290487,1285454103290487,2024,19,2,57,20093.0,3.0,1,LOMA6,1,LOMA6,3,2025-03-06 11:14:46,,8,4
1807203584290487,1285454103290487,2024,19,2,57,20093.0,4.0,1,LOMA6,1,LOMA6,2,2025-03-06 11:14:46,,8,4
1807203585290487,1285454103290487,2024,19,2,57,20093.0,1.0,1,RHCA3,1,RHCA3,1,2025-03-06 11:14:46,,8,4
1807203586290487,1285454103290487,2024,19,2,57,20093.0,1.0,1,ROMU,1,ROMU,15,2025-03-06 11:14:46,,8,4
1807203587290487,1285454103290487,2024,19,2,57,20093.0,2.0,1,ROMU,1,ROMU,6,2025-03-06 11:14:46,,8,4
1807203588290487,1285454103290487,2024,19,2,57,20093.0,3.0,1,ROMU,1,ROMU,8,2025-03-06 11:14:46,,8,4
1807203589290487,1285454103290487,2024,19,2,57,20093.0,4.0,1,ROMU,1,ROMU,15,2025-03-06 11:14:46,,8,4
1807204117290487,1285453870290487,2024,19,1,13,20024.0,1.0,1,ALPE4,1,ALPE4,1,2025-03-06 11:14:48,,8,4
1807204118290487,1285453870290487,2024,19,1,13,20024.0,3.0,1,ALPE4,1,ALPE4,1,2025-03-06 11:14:48,,8,4
1807204119290487,1285453870290487,2024,19,1,13,20024.0,4.0,1,ALPE4,1,ALPE4,1,2025-03-06 11:14:48,,8,4
917113483290487,570335888126144,2020,19,1,61,20211.0,4.0,1,ALPE4,1,ALPE4,20,2021-10-18 12:47:05,,7,7
917113484290487,570335888126144,2020,19,1,61,20211.0,2.0,1,LOMA6,1,LOMA6,1,2021-10-18 12:47:05,,7,7
917113485290487,570335888126144,2020,19,1,61,20211.0,3.0,1,LOMA6,1,LOMA6,1,2021-10-18 12:47:05,,7,7
917113486290487,570335888126144,2020,19,1,61,20211.0,4.0,1,LOMA6,1,LOMA6,2,2021-10-18 12:47:05,,7,7
917113487290487,570335888126144,2020,19,1,61,20211.0,1.0,1,ROMU,1,ROMU,1,2021-10-18 12:47:05,,7,7
917113488290487,570335888126144,2020,19,1,61,20211.0,2.0,1,ROMU,1,ROMU,15,2021-10-18 12:47:05,,7,7
917113489290487,570335888126144,2020,19,1,61,20211.0,3.0,1,ROMU,1,ROMU,1,2021-10-18 12:47:05,,7,7
917113490290487,570335888126144,2020,19,1,61,20211.0,4.0,1,ROMU,1,ROMU,3,2021-10-18 12:47:05,,7,7
917113641290487,570335921126144,2020,19,2,111,20104.0,2.0,2,LONIC,1,LONIC,17,2021-10-18 12:47:06,,7,7
917113642290487,570335921126144,2020,19,2,111,20104.0,3.0,2,LONIC,1,LONIC,32,2021-10-18 12:47:06,,7,7
917113643290487,570335921126144,2020,19,2,111,20104.0,3.0,2,ROPS,1,ROPS,45,2021-10-18 12:47:06,,7,7
917113805290487,570336147126144,2020,19,1,89,20050.0,3.0,1,ALPE4,1,ALPE4,1,2021-10-18 12:47:07,,7,7
917113806290487,570336147126144,2020,19,1,89,20050.0,1.0,1,CIAR4,1,CIAR4,1,2021-10-18 12:47:07,,7,7
917113807290487,570336147126144,2020,19,1,89,20050.0,1.0,1,CIVU,1,CIVU,1,2021-10-18 12:47:07,,7,7
917113808290487,570336147126144,2020,19,1,89,20050.0,3.0,1,CIVU,1,CIVU,3,2021-10-18 12:47:07,,7,7
917113809290487,570336147126144,2020,19,1,89,20050.0,4.0,1,CIVU,1,CIVU,2,2021-10-18 12:47:07,,7,7
917113810290487,570336147126144,2020,19,1,89,20050.0,1.0,1,PHAR3,1,PHAR3,1,2021-10-18 12:47:07,,7,7
917113811290487,570336147126144,2020,19,1,89,20050.0,2.0,1,PHAR3,1,PHAR3,1,2021-10-18 12:47:07,,7,7
917113812290487,570336147126144,2020,19,1,89,20050.0,3.0,1,RHCA3,1,RHCA3,5,2021-10-18 12:47:07,,7,7
917113813290487,570336147126144,2020,19,1,89,20050.0,4.0,1,RHCA3,1,RHCA3,1,2021-10-18 12:47:07,,7,7
917113814290487,570336147126144,2020,19,1,89,20050.0,4.0,1,ROMU,1,ROMU,1,2021-10-18 12:47:07,,7,7
917115894290487,570335978126144,2020,19,1,55,20211.0,4.0,2,ALPE4,1,ALPE4,38,2021-10-18 12:47:14,,7,7
917115895290487,570335978126144,2020,19,1,55,20211.0,4.0,2,LONIC,1,LONIC,2,2021-10-18 12:47:14,,7,7
917115896290487,570335978126144,2020,19,1,55,20211.0,4.0,2,PHAR3,1,PHAR3,1,2021-10-18 12:47:14,,7,7
917115897290487,570335978126144,2020,19,1,55,20211.0,4.0,2,ROMU,1,ROMU,1,2021-10-18 12:47:14,,7,7
917116228290487,570336594126144,2020,19,3,129,20085.0,1.0,1,ELUM,1,ELUM,1,2021-10-18 12:47:15,,7,7
917116229290487,570336594126144,2020,19,3,129,20085.0,4.0,1,ELUM,1,ELUM,1,2021-10-18 12:47:15,,7,7
917114177290487,570336606126144,2020,19,4,35,20050.0,2.0,2,CIVU,1,CIVU,1,2021-10-18 12:47:08,,7,7
917116641290487,570336317126144,2020,19,2,53,20207.0,1.0,1,CIAR4,1,CIAR4,1,2021-10-18 12:47:16,,7,7
917116642290487,570336317126144,2020,19,2,53,20207.0,1.0,1,ROMU,1,ROMU,2,2021-10-18 12:47:16,,7,7
917116643290487,570336317126144,2020,19,2,53,20207.0,4.0,1,ROMU,1,ROMU,2,2021-10-18 12:47:16,,7,7
917138025290487,719404245290487,2021,19,1,5,20030.0,3.0,1,ALPE4,1,ALPE4,3,2021-10-18 16:19:33,,8,1
917138026290487,719404245290487,2021,19,1,5,20030.0,4.0,1,ALPE4,1,ALPE4,2,2021-10-18 16:19:33,,8,1
917138027290487,719404245290487,2021,19,1,5,20030.0,1.0,1,CEOR7,1,CEOR7,1,2021-10-18 16:19:33,,8,1
917138181290487,719404286290487,2021,19,1,5,20005.0,1.0,1,ALPE4,1,ALPE4,20,2021-10-18 16:19:34,,8,1
917138182290487,719404286290487,2021,19,1,5,20005.0,2.0,1,ALPE4,1,ALPE4,2,2021-10-18 16:19:34,,8,1
917138183290487,719404286290487,2021,19,1,5,20005.0,3.0,1,ALPE4,1,ALPE4,5,2021-10-18 16:19:34,,8,1
917138184290487,719404286290487,2021,19,1,5,20005.0,4.0,1,ALPE4,1,ALPE4,10,2021-10-18 16:19:34,,8,1
917138185290487,719404286290487,2021,19,1,5,20005.0,1.0,1,LONIC,1,LONIC,5,2021-10-18 16:19:34,,8,1
917138186290487,719404286290487,2021,19,1,5,20005.0,2.0,1,ROMU,1,ROMU,1,2021-10-18 16:19:34,,8,1
917139738290487,719404099290487,2021,19,2,125,20075.0,2.0,2,LONIC,1,LONIC,6,2021-10-18 16:19:38,,8,1
917139739290487,719404099290487,2021,19,2,125,20075.0,2.0,2,ROMU,1,ROMU,10,2021-10-18 16:19:38,,8,1
917138754290487,719404136290487,2021,19,2,139,20014.0,2.0,2,ELUM,1,ELUM,1,2021-10-18 16:19:35,,8,1
917138755290487,719404136290487,2021,19,2,139,20014.0,2.0,2,LYNU,1,LYNU,5,2021-10-18 16:19:35,,8,1
917138756290487,719404136290487,2021,19,2,139,20014.0,4.0,2,PHAR3,1,PHAR3,35,2021-10-18 16:19:35,,8,1
917138757290487,719404136290487,2021,19,2,139,20014.0,2.0,2,ROMU,1,ROMU,1,2021-10-18 16:19:35,,8,1
917140193290487,719404050290487,2021,19,2,49,20106.0,2.0,1,ELUM,1,ELUM,1,2021-10-18 16:19:40,,8,1
917140194290487,719404050290487,2021,19,2,49,20106.0,1.0,1,LOMA6,1,LOMA6,7,2021-10-18 16:19:40,,8,1
917140195290487,719404050290487,2021,19,2,49,20106.0,2.0,1,LOMA6,1,LOMA6,11,2021-10-18 16:19:40,,8,1
917140196290487,719404050290487,2021,19,2,49,20106.0,4.0,1,LOMA6,1,LOMA6,4,2021-10-18 16:19:40,,8,1
917140197290487,719404050290487,2021,19,2,49,20106.0,2.0,1,ROMU,1,ROMU,3,2021-10-18 16:19:40,,8,1
917140198290487,719404050290487,2021,19,2,49,20106.0,4.0,1,ROMU,1,ROMU,1,2021-10-18 16:19:40,,8,1
917137060290487,719404257290487,2021,19,2,177,20045.0,3.0,2,ALPE4,1,ALPE4,3,2021-10-18 16:19:29,,8,1
917137061290487,719404257290487,2021,19,2,177,20045.0,3.0,2,LONIC,1,LONIC,21,2021-10-18 16:19:29,,8,1
917137062290487,719404257290487,2021,19,2,177,20045.0,3.0,2,ROMU,1,ROMU,4,2021-10-18 16:19:29,,8,1
917137540290487,719404301290487,2021,19,1,11,20046.0,4.0,2,ALPE4,1,ALPE4,1,2021-10-18 16:19:31,,8,1
917137541290487,719404301290487,2021,19,1,11,20046.0,4.0,2,LOMA6,1,LOMA6,5,2021-10-18 16:19:31,,8,1
225475156010661,108489904010661,2009,19,2,117,20001.0,4.0,3,PHAR3,1,PHAR3,15,2010-05-27 12:32:59,2012-02-28 07:13:55,6,1
225475381010661,108490069010661,2009,19,2,117,20052.0,1.0,1,CIVU,1,CIVU,1,2010-05-27 12:33:01,2012-02-28 07:06:50,6,1
225475383010661,108490069010661,2009,19,2,117,20052.0,1.0,1,ROMU,1,ROMU,1,2010-05-27 12:33:01,2012-02-28 07:05:53,6,1
225475382010661,108490069010661,2009,19,2,117,20052.0,3.0,1,CIVU,1,CIVU,1,2010-05-27 12:33:01,2012-02-28 07:07:20,6,1
225475384010661,108490069010661,2009,19,2,117,20052.0,3.0,1,ROMU,1,ROMU,1,2010-05-27 12:33:01,2012-02-28 07:07:35,6,1
234803315010661,108490078010661,2009,19,2,39,20064.0,2.0,2,LOMA6,1,LOMA6,1,2010-05-27 12:33:01,2012-02-28 07:13:28,6,1
234803316010661,108490078010661,2009,19,2,39,20064.0,2.0,2,ROMU,1,ROMU,1,2010-05-27 12:33:01,2012-02-28 07:12:07,6,1
225475399010661,108490078010661,2009,19,2,39,20064.0,1.0,1,ROMU,1,ROMU,1,2010-05-27 12:33:01,2012-02-28 07:12:07,6,1
225475398010661,108490078010661,2009,19,2,39,20064.0,2.0,1,LOMA6,1,LOMA6,2,2010-05-27 12:33:01,2012-02-28 07:13:28,6,1
225475400010661,108490078010661,2009,19,2,39,20064.0,2.0,1,ROMU,1,ROMU,1,2010-05-27 12:33:01,2012-02-28 07:12:07,6,1
225475401010661,108490078010661,2009,19,2,39,20064.0,3.0,1,ROMU,1,ROMU,1,2010-05-27 12:33:01,2012-02-28 07:12:07,6,1
225475424010661,108490093010661,2009,19,2,53,20094.0,1.0,1,ROPS,1,ROPS,80,2010-05-27 12:33:02,2012-02-28 07:13:54,6,1
225475423010661,108490093010661,2009,19,2,53,20094.0,2.0,1,ROMU,1,ROMU,1,2010-05-27 12:33:02,2012-02-28 07:13:00,6,1
225475425010661,108490093010661,2009,19,2,53,20094.0,2.0,1,ROPS,1,ROPS,55,2010-05-27 12:33:02,2012-02-28 07:13:54,6,1
225475426010661,108490093010661,2009,19,2,53,20094.0,4.0,1,ROPS,1,ROPS,1,2010-05-27 12:33:02,2012-02-28 07:13:54,6,1
225477586010661,108489057010661,2009,19,2,183,20011.0,2.0,2,LOMA6,1,LOMA6,7,2010-05-27 12:33:18,2012-02-28 07:12:02,6,1
225477589010661,108489057010661,2009,19,2,183,20011.0,2.0,2,ROMU,1,ROMU,11,2010-05-27 12:33:18,2012-02-28 07:11:37,6,1
225477587010661,108489057010661,2009,19,2,183,20011.0,4.0,2,LOMA6,1,LOMA6,6,2010-05-27 12:33:18,2012-02-28 07:12:02,6,1
225477588010661,108489057010661,2009,19,2,183,20011.0,4.0,2,PHAR3,1,PHAR3,45,2010-05-27 12:33:18,2012-02-28 07:11:37,6,1
225477590010661,108489057010661,2009,19,2,183,20011.0,4.0,2,ROMU,1,ROMU,4,2010-05-27 12:33:18,2012-02-28 07:11:37,6,1
225473899010661,108491707010661,2009,19,2,39,20062.0,2.0,1,ROMU,1,ROMU,1,2010-05-27 12:32:51,2012-02-28 07:11:48,6,1
225473900010661,108491707010661,2009,19,2,39,20062.0,4.0,1,ROMU,1,ROMU,1,2010-05-27 12:32:51,2012-02-28 07:11:48,6,1
225477186010661,108488766010661,2009,19,2,57,20090.0,4.0,2,PHAR3,1,PHAR3,1,2010-05-27 12:33:15,2012-02-28 07:12:39,6,1
225477187010661,108488766010661,2009,19,2,57,20090.0,4.0,2,ROMU,1,ROMU,1,2010-05-27 12:33:15,2012-02-28 07:14:26,6,1
225476951010661,108488604010661,2009,19,1,97,20045.0,1.0,1,ALPE4,1,ALPE4,3,2010-05-27 12:33:13,2012-02-28 07:12:09,6,1
225476954010661,108488604010661,2009,19,1,97,20045.0,1.0,1,LOMA6,1,LOMA6,5,2010-05-27 12:33:13,2012-02-28 07:14:57,6,1
225476958010661,108488604010661,2009,19,1,97,20045.0,1.0,1,ROMU,1,ROMU,1,2010-05-27 12:33:13,2012-02-28 07:14:57,6,1
225476952010661,108488604010661,2009,19,1,97,20045.0,3.0,1,ALPE4,1,ALPE4,1,2010-05-27 12:33:13,2012-02-28 07:12:09,6,1
225476955010661,108488604010661,2009,19,1,97,20045.0,3.0,1,LOMA6,1,LOMA6,1,2010-05-27 12:33:13,2012-02-28 07:14:57,6,1
225476959010661,108488604010661,2009,19,1,97,20045.0,3.0,1,ROMU,1,ROMU,2,2010-05-27 12:33:13,2012-02-28 07:14:57,6,1
225476953010661,108488604010661,2009,19,1,97,20045.0,4.0,1,ALPE4,1,ALPE4,1,2010-05-27 12:33:13,2012-02-28 07:12:09,6,1
225476956010661,108488604010661,2009,19,1,97,20045.0,4.0,1,LOMA6,1,LOMA6,2,2010-05-27 12:33:13,2012-02-28 07:14:57,6,1
225476957010661,108488604010661,2009,19,1,97,20045.0,4.0,1,PHAR3,1,PHAR3,1,2010-05-27 12:33:13,2012-02-28 07:11:46,6,1
225476960010661,108488604010661,2009,19,1,97,20045.0,4.0,1,ROMU,1,ROMU,4,2010-05-27 12:33:13,2012-02-28 07:14:57,6,1
1807204120290487,1285453870290487,2024,19,1,13,20024.0,3.0,1,LOMA6,1,LOMA6,2,2025-03-06 11:14:48,,8,4
1807204121290487,1285453870290487,2024,19,1,13,20024.0,4.0,1,LOMA6,1,LOMA6,5,2025-03-06 11:14:48,,8,4
1807204122290487,1285453870290487,2024,19,1,13,20024.0,1.0,1,PHAR3,1,PHAR3,8,2025-03-06 11:14:48,,8,4
1807204123290487,1285453870290487,2024,19,1,13,20024.0,3.0,1,PHAR3,1,PHAR3,20,2025-03-06 11:14:48,,8,4
1807204124290487,1285453870290487,2024,19,1,13,20024.0,4.0,1,PHAR3,1,PHAR3,2,2025-03-06 11:14:48,,8,4
1807204125290487,1285453870290487,2024,19,1,13,20024.0,1.0,1,ROMU,1,ROMU,1,2025-03-06 11:14:48,,8,4
1807204126290487,1285453870290487,2024,19,1,13,20024.0,3.0,1,ROMU,1,ROMU,1,2025-03-06 11:14:48,,8,4
1807204127290487,1285453870290487,2024,19,1,13,20024.0,4.0,1,ROMU,1,ROMU,1,2025-03-06 11:14:48,,8,4
1807204128290487,1285453870290487,2024,19,1,13,20024.0,1.0,1,ULPU,1,ULPU,10,2025-03-06 11:14:48,,8,4
1807204129290487,1285453870290487,2024,19,1,13,20024.0,4.0,1,ULPU,1,ULPU,20,2025-03-06 11:14:48,,8,4
1807204390290487,1285454230290487,2024,19,2,95,20047.0,1.0,1,ALPE4,1,ALPE4,1,2025-03-06 11:14:49,,8,4
1807204391290487,1285454230290487,2024,19,2,95,20047.0,2.0,1,ALPE4,1,ALPE4,2,2025-03-06 11:14:49,,8,4
1807204392290487,1285454230290487,2024,19,2,95,20047.0,3.0,2,ALPE4,1,ALPE4,4,2025-03-06 11:14:49,,8,4
1807204393290487,1285454230290487,2024,19,2,95,20047.0,4.0,1,ALPE4,1,ALPE4,1,2025-03-06 11:14:49,,8,4
1807204394290487,1285454230290487,2024,19,2,95,20047.0,3.0,2,ELUM,1,ELUM,45,2025-03-06 11:14:49,,8,4
1807204395290487,1285454230290487,2024,19,2,95,20047.0,1.0,1,LOMA6,1,LOMA6,80,2025-03-06 11:14:49,,8,4
1807204396290487,1285454230290487,2024,19,2,95,20047.0,2.0,1,LOMA6,1,LOMA6,79,2025-03-06 11:14:49,,8,4
1807204397290487,1285454230290487,2024,19,2,95,20047.0,3.0,2,LOMA6,1,LOMA6,60,2025-03-06 11:14:49,,8,4
1807204398290487,1285454230290487,2024,19,2,95,20047.0,4.0,1,LOMA6,1,LOMA6,85,2025-03-06 11:14:49,,8,4
1807204399290487,1285454230290487,2024,19,2,95,20047.0,3.0,2,PHAR3,1,PHAR3,1,2025-03-06 11:14:49,,8,4
1807204400290487,1285454230290487,2024,19,2,95,20047.0,1.0,1,ROMU,1,ROMU,1,2025-03-06 11:14:49,,8,4
1807204401290487,1285454230290487,2024,19,2,95,20047.0,2.0,1,ROMU,1,ROMU,1,2025-03-06 11:14:49,,8,4
1807204402290487,1285454230290487,2024,19,2,95,20047.0,3.0,2,ROMU,1,ROMU,6,2025-03-06 11:14:49,,8,4
1807204403290487,1285454230290487,2024,19,2,95,20047.0,4.0,1,ROMU,1,ROMU,1,2025-03-06 11:14:49,,8,4
1807205378290487,1285454285290487,2024,19,2,101,20059.0,3.0,1,LOMA6,1,LOMA6,1,2025-03-06 11:14:51,,8,4
1807205379290487,1285454285290487,2024,19,2,101,20059.0,1.0,1,PHAR3,1,PHAR3,1,2025-03-06 11:14:51,,8,4
