CN,PLT_CN,INVYR,STATECD,UNITCD,COUNTYCD,PLOT,SUBP,CONDID,VEG_FLDSPCD,UNIQUE_SP_NBR,VEG_SPCD,COVER_PCT,CREATED_DATE,MODIFIED_DATE,CYCLE,SUBCYCLE
43175386010690,35371360010690,2009,16,3,29,86231.0,1.0,1,CIAR4,1,CIAR4,2,2011-08-23 17:37:11,,2,6
43175387010690,35371360010690,2009,16,3,29,86231.0,2.0,1,CIAR4,1,CIAR4,2,2011-08-23 17:37:11,,2,6
43175388010690,35371360010690,2009,16,3,29,86231.0,3.0,1,CIAR4,1,CIAR4,2,2011-08-23 17:37:11,,2,6
43175389010690,35371360010690,2009,16,3,29,86231.0,4.0,1,CIAR4,1,CIAR4,2,2011-08-23 17:37:11,,2,6
43169901010690,35372008010690,2009,16,1,55,85355.0,1.0,1,CEBI2,1,CESTM,2,2011-08-23 17:35:26,,2,6
43169902010690,35372008010690,2009,16,1,55,85355.0,2.0,1,CEBI2,1,CESTM,2,2011-08-23 17:35:26,,2,6
43169903010690,35372008010690,2009,16,1,55,85355.0,3.0,1,CEBI2,1,CESTM,2,2011-08-23 17:35:26,,2,6
43169904010690,35372008010690,2009,16,1,55,85355.0,4.0,1,CEBI2,1,CESTM,2,2011-08-23 17:35:26,,2,6
43169929010690,35372009010690,2009,16,1,55,87386.0,1.0,1,CEBI2,1,CESTM,2,2011-08-23 17:35:26,,2,6
43169930010690,35372009010690,2009,16,1,55,87386.0,2.0,1,CEBI2,1,CESTM,2,2011-08-23 17:35:26,,2,6
43169931010690,35372009010690,2009,16,1,55,87386.0,3.0,1,CEBI2,1,CESTM,2,2011-08-23 17:35:26,,2,6
43169932010690,35372009010690,2009,16,1,55,87386.0,4.0,1,CEBI2,1,CESTM,2,2011-08-23 17:35:26,,2,6
43168653010690,35372474010690,2009,16,1,79,81152.0,1.0,1,CEBI2,1,CESTM,2,2011-08-23 17:35:01,,2,6
43168654010690,35372474010690,2009,16,1,79,81152.0,4.0,1,CEBI2,1,CESTM,2,2011-08-23 17:35:01,,2,6
43168655010690,35372474010690,2009,16,1,79,81152.0,4.0,1,CIAR4,1,CIAR4,2,2011-08-23 17:35:01,,2,6
43172732010690,35371788010690,2009,16,1,49,82071.0,4.0,1,CEBI2,1,CESTM,2,2011-08-23 17:36:19,,2,6
43170050010690,35372025010690,2009,16,1,55,86531.0,3.0,1,CIAR4,1,CIAR4,2,2011-08-23 17:35:28,,2,6
43170078010690,35372027010690,2009,16,1,55,81515.0,3.0,2,LIDA,1,LIDA,2,2011-08-23 17:35:28,,2,6
43170079010690,35372027010690,2009,16,1,55,81515.0,2.0,2,CEBI2,1,CESTM,2,2011-08-23 17:35:28,,2,6
43170080010690,35372027010690,2009,16,1,55,81515.0,3.0,2,CEBI2,1,CESTM,2,2011-08-23 17:35:28,,2,6
43172911010690,35371806010690,2009,16,1,49,86858.0,4.0,1,SOAR2,1,SOAR2,2,2011-08-23 17:36:23,,2,6
43170181010690,35372048010690,2009,16,1,57,87145.0,1.0,1,CIAR4,1,CIAR4,2,2011-08-23 17:35:30,,2,6
43170182010690,35372048010690,2009,16,1,57,87145.0,2.0,1,CIAR4,1,CIAR4,2,2011-08-23 17:35:30,,2,6
43170183010690,35372048010690,2009,16,1,57,87145.0,3.0,1,CIAR4,1,CIAR4,2,2011-08-23 17:35:30,,2,6
43170184010690,35372048010690,2009,16,1,57,87145.0,4.0,1,CIAR4,1,CIAR4,2,2011-08-23 17:35:30,,2,6
43170200010690,35372050010690,2009,16,1,57,87614.0,1.0,1,CIAR4,1,CIAR4,2,2011-08-23 17:35:31,,2,6
43170201010690,35372050010690,2009,16,1,57,87614.0,2.0,1,CIAR4,1,CIAR4,2,2011-08-23 17:35:31,,2,6
43170202010690,35372050010690,2009,16,1,57,87614.0,3.0,1,CIAR4,1,CIAR4,2,2011-08-23 17:35:31,,2,6
43170203010690,35372050010690,2009,16,1,57,87614.0,4.0,1,CIAR4,1,CIAR4,2,2011-08-23 17:35:31,,2,6
43170204010690,35372050010690,2009,16,1,57,87614.0,1.0,1,HIAU,1,HIAU,2,2011-08-23 17:35:31,,2,6
43170205010690,35372050010690,2009,16,1,57,87614.0,3.0,1,HIAU,1,HIAU,2,2011-08-23 17:35:31,,2,6
43170206010690,35372050010690,2009,16,1,57,87614.0,4.0,1,HIAU,1,HIAU,2,2011-08-23 17:35:31,,2,6
43168945010690,35372501010690,2009,16,1,79,82010.0,3.0,1,CIAR4,1,CIAR4,2,2011-08-23 17:35:07,,2,6
43168946010690,35372501010690,2009,16,1,79,82010.0,3.0,1,HICA10,1,HICA10,2,2011-08-23 17:35:07,,2,6
43173090010690,35371825010690,2009,16,1,49,88509.0,2.0,1,CEBI2,1,CESTM,2,2011-08-23 17:36:26,,2,6
43168766010690,35372486010690,2009,16,1,79,84425.0,2.0,1,HICA10,1,HICA10,2,2011-08-23 17:35:03,,2,6
43171793010690,35371536010690,2009,16,1,35,81503.0,2.0,1,CIAR4,1,CIAR4,2,2011-08-23 17:35:58,,2,6
43184451010690,37275544010690,2010,16,1,17,83559.0,2.0,1,HICA10,1,HICA10,2,2011-08-23 18:00:41,,2,7
43184452010690,37275544010690,2010,16,1,17,83559.0,3.0,1,HICA10,1,HICA10,2,2011-08-23 18:00:41,,2,7
43179392010690,37275721010690,2010,16,1,35,84748.0,3.0,1,CIAR4,1,CIAR4,2,2011-08-23 17:58:45,,2,7
43178302010690,37275455010690,2010,16,1,9,83938.0,3.0,1,CEBI2,1,CESTM,2,2011-08-23 17:58:23,,2,7
43178303010690,37275455010690,2010,16,1,9,83938.0,1.0,1,CIAR4,1,CIAR4,2,2011-08-23 17:58:23,,2,7
43178304010690,37275455010690,2010,16,1,9,83938.0,2.0,1,CIAR4,1,CIAR4,2,2011-08-23 17:58:23,,2,7
43178305010690,37275455010690,2010,16,1,9,83938.0,3.0,1,CIAR4,1,CIAR4,2,2011-08-23 17:58:23,,2,7
43178306010690,37275455010690,2010,16,1,9,83938.0,1.0,1,HICA10,1,HICA10,2,2011-08-23 17:58:23,,2,7
43178307010690,37275455010690,2010,16,1,9,83938.0,2.0,1,HICA10,1,HICA10,2,2011-08-23 17:58:23,,2,7
43178308010690,37275455010690,2010,16,1,9,83938.0,3.0,1,HICA10,1,HICA10,2,2011-08-23 17:58:23,,2,7
43178309010690,37275455010690,2010,16,1,9,83938.0,4.0,1,HICA10,1,HICA10,2,2011-08-23 17:58:23,,2,7
43184046010690,37275458010690,2010,16,1,9,87420.0,1.0,1,HICA10,1,HICA10,2,2011-08-23 18:00:32,,2,7
43184526010690,37275552010690,2010,16,1,17,84363.0,2.0,1,CEBI2,1,CESTM,2,2011-08-23 18:00:43,,2,7
43184527010690,37275552010690,2010,16,1,17,84363.0,4.0,1,CEBI2,1,CESTM,2,2011-08-23 18:00:43,,2,7
43184554010690,37275553010690,2010,16,1,17,85699.0,1.0,1,HICA10,1,HICA10,2,2011-08-23 18:00:43,,2,7
43184555010690,37275553010690,2010,16,1,17,85699.0,2.0,1,HICA10,1,HICA10,2,2011-08-23 18:00:43,,2,7
43184556010690,37275553010690,2010,16,1,17,85699.0,3.0,1,HICA10,1,HICA10,2,2011-08-23 18:00:43,,2,7
43184557010690,37275553010690,2010,16,1,17,85699.0,4.0,1,HICA10,1,HICA10,2,2011-08-23 18:00:43,,2,7
43184588010690,37275556010690,2010,16,1,17,81015.0,1.0,1,CEBI2,1,CESTM,2,2011-08-23 18:00:43,,2,7
43184589010690,37275556010690,2010,16,1,17,81015.0,3.0,1,CEBI2,1,CESTM,2,2011-08-23 18:00:43,,2,7
43184792010690,37275589010690,2010,16,1,21,85285.0,4.0,2,CIAR4,1,CIAR4,2,2011-08-23 18:00:48,,2,7
43178821010690,37276077010690,2010,16,1,69,84292.0,1.0,1,CESO3,1,CESO3,2,2011-08-23 17:58:35,,2,7
43178822010690,37276077010690,2010,16,1,69,84292.0,2.0,1,CESO3,1,CESO3,2,2011-08-23 17:58:35,,2,7
43178823010690,37276077010690,2010,16,1,69,84292.0,3.0,1,CESO3,1,CESO3,2,2011-08-23 17:58:35,,2,7
43183205010690,37275980010690,2010,16,1,55,86502.0,2.0,1,CEBI2,1,CESTM,2,2011-08-23 18:00:12,,2,7
43183206010690,37275980010690,2010,16,1,55,86502.0,2.0,1,CIAR4,1,CIAR4,2,2011-08-23 18:00:12,,2,7
43179939010690,37276084010690,2010,16,1,69,83045.0,2.0,1,CIAR4,1,CIAR4,2,2011-08-23 17:58:58,,2,7
43183056010690,37275971010690,2010,16,1,55,82541.0,1.0,1,CEBI2,1,CESTM,2,2011-08-23 18:00:08,,2,7
43183057010690,37275971010690,2010,16,1,55,82541.0,2.0,1,CEBI2,1,CESTM,2,2011-08-23 18:00:08,,2,7
43183058010690,37275971010690,2010,16,1,55,82541.0,3.0,1,CEBI2,1,CESTM,2,2011-08-23 18:00:08,,2,7
43183059010690,37275971010690,2010,16,1,55,82541.0,4.0,1,CEBI2,1,CESTM,2,2011-08-23 18:00:08,,2,7
43183060010690,37275971010690,2010,16,1,55,82541.0,1.0,1,LIDA,1,LIDA,2,2011-08-23 18:00:08,,2,7
43183061010690,37275971010690,2010,16,1,55,82541.0,2.0,1,LIDA,1,LIDA,2,2011-08-23 18:00:08,,2,7
43183062010690,37275971010690,2010,16,1,55,82541.0,3.0,1,LIDA,1,LIDA,2,2011-08-23 18:00:08,,2,7
43183063010690,37275971010690,2010,16,1,55,82541.0,4.0,1,LIDA,1,LIDA,2,2011-08-23 18:00:08,,2,7
43183093010690,37275973010690,2010,16,1,55,84467.0,1.0,1,CEBI2,1,CESTM,2,2011-08-23 18:00:09,,2,7
43183094010690,37275973010690,2010,16,1,55,84467.0,2.0,1,CEBI2,1,CESTM,2,2011-08-23 18:00:09,,2,7
43183095010690,37275973010690,2010,16,1,55,84467.0,3.0,1,CEBI2,1,CESTM,2,2011-08-23 18:00:09,,2,7
43183096010690,37275973010690,2010,16,1,55,84467.0,4.0,1,CEBI2,1,CESTM,2,2011-08-23 18:00:09,,2,7
43183097010690,37275973010690,2010,16,1,55,84467.0,3.0,1,CIAR4,1,CIAR4,2,2011-08-23 18:00:09,,2,7
43182462010690,37275886010690,2010,16,1,49,83335.0,3.0,1,CIAR4,1,CIAR4,2,2011-08-23 17:59:55,,2,7
43183153010690,37275977010690,2010,16,1,55,81212.0,1.0,1,CIAR4,1,CIAR4,2,2011-08-23 18:00:11,,2,7
43183154010690,37275977010690,2010,16,1,55,81212.0,3.0,1,CIAR4,1,CIAR4,2,2011-08-23 18:00:11,,2,7
43183155010690,37275977010690,2010,16,1,55,81212.0,4.0,1,CIAR4,1,CIAR4,2,2011-08-23 18:00:11,,2,7
43179554010690,37275892010690,2010,16,1,49,85138.0,1.0,1,CEBI2,1,CESTM,2,2011-08-23 17:58:50,,2,7
43179555010690,37275892010690,2010,16,1,49,85138.0,2.0,1,CEBI2,1,CESTM,15,2011-08-23 17:58:50,,2,7
43179556010690,37275892010690,2010,16,1,49,85138.0,3.0,1,CEBI2,1,CESTM,10,2011-08-23 17:58:50,,2,7
43179557010690,37275892010690,2010,16,1,49,85138.0,4.0,1,CEBI2,1,CESTM,20,2011-08-23 17:58:50,,2,7
43178528010690,37275835010690,2010,16,3,43,80299.0,2.0,1,EUES,1,EUES,2,2011-08-23 17:58:28,,2,7
43183293010690,37275986010690,2010,16,1,57,80447.0,1.0,1,CIAR4,1,CIAR4,2,2011-08-23 18:00:13,,2,7
43183324010690,37275987010690,2010,16,1,57,83537.0,1.0,1,CIAR4,1,CIAR4,2,2011-08-23 18:00:14,,2,7
43179691010690,37275989010690,2010,16,1,57,86494.0,1.0,1,CIAR4,1,CIAR4,2,2011-08-23 17:58:53,,2,7
273661879489998,40389378010690,2013,16,1,17,86220.0,1.0,1,CESTM,1,CESTM,2,2014-08-07 12:47:54,,2,10
273658250489998,40389136010690,2013,16,1,9,86669.0,1.0,1,CIAR4,1,CIAR4,5,2014-08-07 12:47:44,,2,10
273658251489998,40389136010690,2013,16,1,9,86669.0,2.0,1,CIAR4,1,CIAR4,1,2014-08-07 12:47:44,,2,10
273658252489998,40389136010690,2013,16,1,9,86669.0,1.0,1,HICA10,1,HICA10,1,2014-08-07 12:47:44,,2,10
273658253489998,40389136010690,2013,16,1,9,86669.0,2.0,1,HICA10,1,HICA10,1,2014-08-07 12:47:44,,2,10
273658254489998,40389136010690,2013,16,1,9,86669.0,4.0,1,HICA10,1,HICA10,1,2014-08-07 12:47:44,,2,10
273658390489998,40389137010690,2013,16,1,9,80069.0,1.0,1,CIAR4,1,CIAR4,1,2014-08-07 12:47:45,,2,10
273658391489998,40389137010690,2013,16,1,9,80069.0,2.0,1,CIAR4,1,CIAR4,1,2014-08-07 12:47:45,,2,10
273658392489998,40389137010690,2013,16,1,9,80069.0,3.0,1,CIAR4,1,CIAR4,1,2014-08-07 12:47:45,,2,10
273658393489998,40389137010690,2013,16,1,9,80069.0,4.0,1,CIAR4,1,CIAR4,1,2014-08-07 12:47:45,,2,10
273658394489998,40389137010690,2013,16,1,9,80069.0,1.0,1,HICA10,1,HICA10,7,2014-08-07 12:47:45,,2,10
273658395489998,40389137010690,2013,16,1,9,80069.0,2.0,1,HICA10,1,HICA10,25,2014-08-07 12:47:45,,2,10
273658396489998,40389137010690,2013,16,1,9,80069.0,3.0,1,HICA10,1,HICA10,7,2014-08-07 12:47:45,,2,10
273658397489998,40389137010690,2013,16,1,9,80069.0,4.0,1,HICA10,1,HICA10,10,2014-08-07 12:47:45,,2,10
273662252489998,40389385010690,2013,16,1,17,86174.0,2.0,1,CESTM,1,CESTM,10,2014-08-07 12:47:55,,2,10
273658704489998,40389150010690,2013,16,1,9,81442.0,1.0,1,CIAR4,1,CIAR4,1,2014-08-07 12:47:46,,2,10
273658705489998,40389150010690,2013,16,1,9,81442.0,2.0,1,CIAR4,1,CIAR4,1,2014-08-07 12:47:46,,2,10
273658706489998,40389150010690,2013,16,1,9,81442.0,1.0,1,HICA10,1,HICA10,4,2014-08-07 12:47:46,,2,10
273658707489998,40389150010690,2013,16,1,9,81442.0,2.0,1,HICA10,1,HICA10,4,2014-08-07 12:47:46,,2,10
273658708489998,40389150010690,2013,16,1,9,81442.0,3.0,1,HICA10,1,HICA10,2,2014-08-07 12:47:46,,2,10
273658709489998,40389150010690,2013,16,1,9,81442.0,4.0,1,HICA10,1,HICA10,3,2014-08-07 12:47:46,,2,10
273668602489998,40389874010690,2013,16,1,35,82464.0,1.0,1,CESTM,1,CESTM,1,2014-08-07 12:48:10,,2,10
273668603489998,40389874010690,2013,16,1,35,82464.0,2.0,1,CESTM,1,CESTM,2,2014-08-07 12:48:10,,2,10
273668604489998,40389874010690,2013,16,1,35,82464.0,3.0,1,CESTM,1,CESTM,1,2014-08-07 12:48:10,,2,10
273668605489998,40389874010690,2013,16,1,35,82464.0,4.0,1,CESTM,1,CESTM,4,2014-08-07 12:48:10,,2,10
273668606489998,40389874010690,2013,16,1,35,82464.0,2.0,1,CIAR4,1,CIAR4,1,2014-08-07 12:48:10,,2,10
273668607489998,40389874010690,2013,16,1,35,82464.0,4.0,1,CIAR4,1,CIAR4,1,2014-08-07 12:48:10,,2,10
273668608489998,40389874010690,2013,16,1,35,82464.0,2.0,1,HICA10,1,HICA10,1,2014-08-07 12:48:10,,2,10
273684969489998,40390663010690,2013,16,1,55,84817.0,2.0,1,HICA10,1,HICA10,1,2014-08-07 12:48:44,,2,10
273685270489998,40390672010690,2013,16,1,55,83358.0,3.0,1,CESTM,1,CESTM,1,2014-08-07 12:48:45,,2,10
273685271489998,40390672010690,2013,16,1,55,83358.0,4.0,1,CESTM,1,CESTM,1,2014-08-07 12:48:45,,2,10
273691858489998,40391361010690,2013,16,1,79,81059.0,3.0,1,CIAR4,1,CIAR4,1,2014-08-07 12:49:02,,2,10
273691859489998,40391361010690,2013,16,1,79,81059.0,4.0,1,CIAR4,1,CIAR4,1,2014-08-07 12:49:02,,2,10
273691860489998,40391361010690,2013,16,1,79,81059.0,1.0,1,HICA10,1,HICA10,1,2014-08-07 12:49:02,,2,10
273691861489998,40391361010690,2013,16,1,79,81059.0,3.0,1,HICA10,1,HICA10,1,2014-08-07 12:49:02,,2,10
273691862489998,40391361010690,2013,16,1,79,81059.0,4.0,1,HICA10,1,HICA10,1,2014-08-07 12:49:02,,2,10
273678490489998,40390388010690,2013,16,1,49,80230.0,1.0,1,CESO3,1,CESO3,1,2014-08-07 12:48:31,,2,10
273678491489998,40390388010690,2013,16,1,49,80230.0,2.0,1,CESO3,1,CESO3,1,2014-08-07 12:48:31,,2,10
273678492489998,40390388010690,2013,16,1,49,80230.0,4.0,2,CESO3,1,CESO3,1,2014-08-07 12:48:31,,2,10
273678493489998,40390388010690,2013,16,1,49,80230.0,1.0,1,CESTM,1,CESTM,2,2014-08-07 12:48:31,,2,10
273678494489998,40390388010690,2013,16,1,49,80230.0,2.0,1,CESTM,1,CESTM,1,2014-08-07 12:48:31,,2,10
273678495489998,40390388010690,2013,16,1,49,80230.0,4.0,2,CESTM,1,CESTM,1,2014-08-07 12:48:31,,2,10
273684136489998,40390642010690,2013,16,1,55,88783.0,3.0,1,CESTM,1,CESTM,1,2014-08-07 12:48:42,,2,10
273684137489998,40390642010690,2013,16,1,55,88783.0,1.0,1,LIDA,1,LIDA,1,2014-08-07 12:48:42,,2,10
273684277489998,40390644010690,2013,16,1,55,82599.0,1.0,1,CESTM,1,CESTM,1,2014-08-07 12:48:43,,2,10
273684278489998,40390644010690,2013,16,1,55,82599.0,4.0,1,CESTM,1,CESTM,1,2014-08-07 12:48:43,,2,10
273684551489998,40390653010690,2013,16,1,55,87093.0,4.0,1,CIAR4,1,CIAR4,1,2014-08-07 12:48:43,,2,10
273685543489998,40390680010690,2013,16,1,57,80188.0,4.0,2,CIAR4,1,CIAR4,7,2014-08-07 12:48:45,,2,10
273685663489998,40390687010690,2013,16,1,57,87335.0,1.0,1,CIAR4,1,CIAR4,1,2014-08-07 12:48:46,,2,10
273685664489998,40390687010690,2013,16,1,57,87335.0,2.0,1,CIAR4,1,CIAR4,1,2014-08-07 12:48:46,,2,10
273685665489998,40390687010690,2013,16,1,57,87335.0,4.0,1,CIAR4,1,CIAR4,1,2014-08-07 12:48:46,,2,10
273685666489998,40390687010690,2013,16,1,57,87335.0,1.0,1,HICA10,1,HICA10,1,2014-08-07 12:48:46,,2,10
273685667489998,40390687010690,2013,16,1,57,87335.0,2.0,1,HICA10,1,HICA10,1,2014-08-07 12:48:46,,2,10
273685668489998,40390687010690,2013,16,1,57,87335.0,3.0,1,HICA10,1,HICA10,1,2014-08-07 12:48:46,,2,10
273685669489998,40390687010690,2013,16,1,57,87335.0,4.0,1,HICA10,1,HICA10,1,2014-08-07 12:48:46,,2,10
273685789489998,40390688010690,2013,16,1,57,87227.0,1.0,1,CESTM,1,CESTM,1,2014-08-07 12:48:47,,2,10
273685790489998,40390688010690,2013,16,1,57,87227.0,1.0,1,HIAU,1,HIAU,1,2014-08-07 12:48:47,,2,10
273685791489998,40390688010690,2013,16,1,57,87227.0,2.0,1,HIAU,1,HIAU,1,2014-08-07 12:48:47,,2,10
273685792489998,40390688010690,2013,16,1,57,87227.0,3.0,1,HIAU,1,HIAU,1,2014-08-07 12:48:47,,2,10
273692167489998,40391367010690,2013,16,1,79,84969.0,2.0,3,CIAR4,1,CIAR4,1,2014-08-07 12:49:03,,2,10
273692402489998,40391374010690,2013,16,1,79,87015.0,1.0,1,HICA10,1,HICA10,1,2014-08-07 12:49:03,,2,10
273692403489998,40391374010690,2013,16,1,79,87015.0,2.0,1,HICA10,1,HICA10,1,2014-08-07 12:49:03,,2,10
273692404489998,40391374010690,2013,16,1,79,87015.0,4.0,1,HICA10,1,HICA10,1,2014-08-07 12:49:03,,2,10
273682936489998,40390548010690,2013,16,1,49,80645.0,1.0,1,CESTM,1,CESTM,6,2014-08-07 12:48:40,,2,10
273682937489998,40390548010690,2013,16,1,49,80645.0,2.0,1,CESTM,1,CESTM,20,2014-08-07 12:48:40,,2,10
273682938489998,40390548010690,2013,16,1,49,80645.0,3.0,1,CESTM,1,CESTM,6,2014-08-07 12:48:40,,2,10
273682939489998,40390548010690,2013,16,1,49,80645.0,4.0,1,CESTM,1,CESTM,3,2014-08-07 12:48:40,,2,10
273691441489998,40391354010690,2013,16,1,79,88667.0,4.0,1,CIAR4,1,CIAR4,1,2014-08-07 12:49:01,,2,10
273662128489998,40389382010690,2013,16,1,17,80110.0,2.0,1,CESTM,1,CESTM,3,2014-08-07 12:47:55,,2,10
273664154489998,40389484010690,2013,16,3,19,84479.0,3.0,1,CIAR4,1,CIAR4,2,2014-08-07 12:47:59,,2,10
325664050489998,188770711020004,2014,16,1,35,82273.0,4.0,1,CIAR4,1,CIAR4,1,2015-05-20 13:00:39,,3,1
325638684489998,188770281020004,2014,16,1,35,85233.0,1.0,1,HICA10,1,HICA10,1,2015-05-20 12:59:40,,3,1
325638685489998,188770281020004,2014,16,1,35,85233.0,3.0,1,HICA10,1,HICA10,1,2015-05-20 12:59:40,,3,1
325638686489998,188770281020004,2014,16,1,35,85233.0,4.0,1,HICA10,1,HICA10,1,2015-05-20 12:59:40,,3,1
325652772489998,188770570020004,2014,16,1,35,87260.0,1.0,1,CIAR4,1,CIAR4,1,2015-05-20 13:00:15,,3,1
325652773489998,188770570020004,2014,16,1,35,87260.0,3.0,1,CIAR4,1,CIAR4,1,2015-05-20 13:00:15,,3,1
325652774489998,188770570020004,2014,16,1,35,87260.0,4.0,1,CIAR4,1,CIAR4,1,2015-05-20 13:00:15,,3,1
325652775489998,188770570020004,2014,16,1,35,87260.0,1.0,1,HICA10,1,HICA10,2,2015-05-20 13:00:15,,3,1
325642444489998,188770370020004,2014,16,1,9,86890.0,4.0,1,HICA10,1,HICA10,3,2015-05-20 12:59:52,,3,1
325643620489998,188770391020004,2014,16,1,9,82196.0,3.0,1,CIAR4,1,CIAR4,1,2015-05-20 12:59:54,,3,1
325643621489998,188770391020004,2014,16,1,9,82196.0,4.0,1,CIAR4,1,CIAR4,1,2015-05-20 12:59:54,,3,1
325645537489998,188770430020004,2014,16,1,17,84324.0,2.0,1,CESTM,1,CESTM,1,2015-05-20 12:59:59,,3,1
325645538489998,188770430020004,2014,16,1,17,84324.0,3.0,1,CESTM,1,CESTM,1,2015-05-20 12:59:59,,3,1
43179692010690,37275989010690,2010,16,1,57,86494.0,3.0,1,CIAR4,1,CIAR4,2,2011-08-23 17:58:53,,2,7
43183129010690,37275975010690,2010,16,1,55,81643.0,4.0,1,CEBI2,1,CESTM,2,2011-08-23 18:00:10,,2,7
43183130010690,37275975010690,2010,16,1,55,81643.0,3.0,1,ONAC,1,ONAC,2,2011-08-23 18:00:10,,2,7
43183270010690,37275984010690,2010,16,1,57,85633.0,1.0,1,CIAR4,1,CIAR4,2,2011-08-23 18:00:13,,2,7
43183271010690,37275984010690,2010,16,1,57,85633.0,3.0,1,CIAR4,1,CIAR4,2,2011-08-23 18:00:13,,2,7
43182395010690,37275874010690,2010,16,1,49,88226.0,1.0,1,CIAR4,1,CIAR4,2,2011-08-23 17:59:52,,2,7
43182396010690,37275874010690,2010,16,1,49,88226.0,2.0,1,CIAR4,1,CIAR4,2,2011-08-23 17:59:52,,2,7
43177892010690,37276219010690,2010,16,1,79,80522.0,1.0,1,HICA10,1,HICA10,2,2011-08-23 17:58:16,,2,7
43177893010690,37276219010690,2010,16,1,79,80522.0,2.0,1,HICA10,1,HICA10,2,2011-08-23 17:58:16,,2,7
43177894010690,37276219010690,2010,16,1,79,80522.0,3.0,1,HICA10,1,HICA10,2,2011-08-23 17:58:16,,2,7
1859634152290487,667906285126144,2022,16,1,49,85337.0,3.0,1,CIAR4,1,CIAR4,1,2025-05-20 11:22:30,,3,9
1859634153290487,667906285126144,2022,16,1,49,85337.0,4.0,1,CIAR4,1,CIAR4,1,2025-05-20 11:22:30,,3,9
1859625826290487,667906135126144,2022,16,1,57,82865.0,1.0,1,HICA10,1,HICA10,1,2025-05-20 11:22:23,,3,9
1859625827290487,667906135126144,2022,16,1,57,82865.0,2.0,1,HICA10,1,HICA10,1,2025-05-20 11:22:23,,3,9
1859625828290487,667906135126144,2022,16,1,57,82865.0,3.0,1,HICA10,1,HICA10,1,2025-05-20 11:22:23,,3,9
1859638071290487,667906334126144,2022,16,1,57,80074.0,2.0,1,CIAR4,1,CIAR4,1,2025-05-20 11:22:33,,3,9
1859651100290487,667906502126144,2022,16,1,79,84610.0,1.0,1,CIAR4,1,CIAR4,1,2025-05-20 11:22:39,,3,9
1859651101290487,667906502126144,2022,16,1,79,84610.0,2.0,1,CIAR4,1,CIAR4,1,2025-05-20 11:22:39,,3,9
1859651102290487,667906502126144,2022,16,1,79,84610.0,3.0,1,CIAR4,1,CIAR4,1,2025-05-20 11:22:39,,3,9
1859651103290487,667906502126144,2022,16,1,79,84610.0,4.0,3,CIAR4,1,CIAR4,2,2025-05-20 11:22:39,,3,9
1859651104290487,667906502126144,2022,16,1,79,84610.0,1.0,1,HICA10,1,HICA10,1,2025-05-20 11:22:39,,3,9
1859651105290487,667906502126144,2022,16,1,79,84610.0,2.0,1,HICA10,1,HICA10,2,2025-05-20 11:22:39,,3,9
1859651106290487,667906502126144,2022,16,1,79,84610.0,3.0,1,HICA10,1,HICA10,1,2025-05-20 11:22:39,,3,9
1859651107290487,667906502126144,2022,16,1,79,84610.0,4.0,3,HICA10,1,HICA10,1,2025-05-20 11:22:39,,3,9
1859631406290487,667906257126144,2022,16,1,49,85277.0,1.0,1,CRVU2,1,CRVU2,14,2025-05-20 11:22:28,,3,9
1859631407290487,667906257126144,2022,16,1,49,85277.0,3.0,1,CRVU2,1,CRVU2,5,2025-05-20 11:22:28,,3,9
1859650812290487,667906500126144,2022,16,1,55,80786.0,1.0,1,CESTM,1,CESTM,1,2025-05-20 11:22:39,,3,9
1859650813290487,667906500126144,2022,16,1,55,80786.0,2.0,1,CESTM,1,CESTM,15,2025-05-20 11:22:39,,3,9
1859650814290487,667906500126144,2022,16,1,55,80786.0,3.0,1,CESTM,1,CESTM,1,2025-05-20 11:22:39,,3,9
1859650815290487,667906500126144,2022,16,1,55,80786.0,4.0,1,CESTM,1,CESTM,3,2025-05-20 11:22:39,,3,9
1859650816290487,667906500126144,2022,16,1,55,80786.0,1.0,1,CIAR4,1,CIAR4,1,2025-05-20 11:22:39,,3,9
1859650817290487,667906500126144,2022,16,1,55,80786.0,4.0,1,CIAR4,1,CIAR4,1,2025-05-20 11:22:39,,3,9
1859650818290487,667906500126144,2022,16,1,55,80786.0,2.0,1,HICA10,1,HICA10,10,2025-05-20 11:22:39,,3,9
1859650819290487,667906500126144,2022,16,1,55,80786.0,3.0,1,HICA10,1,HICA10,3,2025-05-20 11:22:39,,3,9
1859643953290487,667906413126144,2022,16,1,17,83465.0,1.0,1,HICA10,1,HICA10,1,2025-05-20 11:22:36,,3,9
1859643954290487,667906413126144,2022,16,1,17,83465.0,2.0,1,HICA10,1,HICA10,1,2025-05-20 11:22:36,,3,9
1859643955290487,667906413126144,2022,16,1,17,83465.0,3.0,1,HICA10,1,HICA10,1,2025-05-20 11:22:36,,3,9
1859643956290487,667906413126144,2022,16,1,17,83465.0,4.0,1,HICA10,1,HICA10,1,2025-05-20 11:22:36,,3,9
1859639178290487,667906344126144,2022,16,1,79,81910.0,3.0,1,CIAR4,1,CIAR4,1,2025-05-20 11:22:33,,3,9
1859639179290487,667906344126144,2022,16,1,79,81910.0,4.0,1,CIAR4,1,CIAR4,1,2025-05-20 11:22:33,,3,9
1859685919290487,667907308126144,2023,16,1,21,85801.0,3.0,2,CESTM,1,CESTM,1,2025-05-20 11:22:59,,3,10
1859685965290487,667907309126144,2023,16,1,21,87599.0,1.0,1,CIAR4,1,CIAR4,1,2025-05-20 11:22:59,,3,10
1859685966290487,667907309126144,2023,16,1,21,87599.0,4.0,1,CIAR4,1,CIAR4,1,2025-05-20 11:22:59,,3,10
1859686311290487,667907312126144,2023,16,1,17,85684.0,4.0,1,CESTM,1,CESTM,1,2025-05-20 11:22:59,,3,10
1859686454290487,667907313126144,2023,16,1,35,82464.0,1.0,1,CESTM,1,CESTM,1,2025-05-20 11:22:59,,3,10
1859686455290487,667907313126144,2023,16,1,35,82464.0,2.0,1,CESTM,1,CESTM,1,2025-05-20 11:22:59,,3,10
1859686456290487,667907313126144,2023,16,1,35,82464.0,4.0,1,CESTM,1,CESTM,4,2025-05-20 11:22:59,,3,10
1859687204290487,667907319126144,2023,16,1,49,82101.0,4.0,1,CESTM,1,CESTM,1,2025-05-20 11:22:59,,3,10
1859687746290487,667907323126144,2023,16,2,39,88072.0,3.0,1,CIAR4,1,CIAR4,1,2025-05-20 11:22:59,,3,10
1859689816290487,667907350126144,2023,16,1,9,81442.0,1.0,1,CESTM,1,CESTM,1,2025-05-20 11:23:01,,3,10
1859689817290487,667907350126144,2023,16,1,9,81442.0,2.0,1,CIAR4,1,CIAR4,1,2025-05-20 11:23:01,,3,10
1859689820290487,667907350126144,2023,16,1,9,81442.0,1.0,1,HICA10,1,HICA10,1,2025-05-20 11:23:01,,3,10
1859689821290487,667907350126144,2023,16,1,9,81442.0,2.0,1,HICA10,1,HICA10,1,2025-05-20 11:23:01,,3,10
1859689822290487,667907350126144,2023,16,1,9,81442.0,3.0,1,HICA10,1,HICA10,1,2025-05-20 11:23:01,,3,10
1859689823290487,667907350126144,2023,16,1,9,81442.0,4.0,1,HICA10,1,HICA10,1,2025-05-20 11:23:01,,3,10
1859690110290487,667907352126144,2023,16,1,57,87227.0,1.0,1,CESTM,1,CESTM,1,2025-05-20 11:23:01,,3,10
1859690111290487,667907352126144,2023,16,1,57,87227.0,3.0,1,CESTM,1,CESTM,1,2025-05-20 11:23:01,,3,10
1859690112290487,667907352126144,2023,16,1,57,87227.0,3.0,1,CIAR4,1,CIAR4,1,2025-05-20 11:23:01,,3,10
1859690114290487,667907352126144,2023,16,1,57,87227.0,1.0,1,HICA10,1,HICA10,1,2025-05-20 11:23:01,,3,10
1859690115290487,667907352126144,2023,16,1,57,87227.0,2.0,1,HICA10,1,HICA10,3,2025-05-20 11:23:01,,3,10
1859691252290487,667907360126144,2023,16,1,79,80374.0,1.0,1,CESTM,1,CESTM,1,2025-05-20 11:23:01,,3,10
1859691253290487,667907360126144,2023,16,1,79,80374.0,4.0,1,CESTM,1,CESTM,1,2025-05-20 11:23:01,,3,10
1859691254290487,667907360126144,2023,16,1,79,80374.0,1.0,1,CIAR4,1,CIAR4,3,2025-05-20 11:23:01,,3,10
1859691255290487,667907360126144,2023,16,1,79,80374.0,3.0,1,CIAR4,1,CIAR4,3,2025-05-20 11:23:01,,3,10
1859691256290487,667907360126144,2023,16,1,79,80374.0,4.0,1,CIAR4,1,CIAR4,2,2025-05-20 11:23:01,,3,10
1859691407290487,667907363126144,2023,16,1,49,82433.0,1.0,1,CIAR4,1,CIAR4,1,2025-05-20 11:23:01,,3,10
1859691408290487,667907363126144,2023,16,1,49,82433.0,2.0,1,CIAR4,1,CIAR4,1,2025-05-20 11:23:01,,3,10
1859695244290487,667907415126144,2023,16,1,57,85220.0,1.0,1,CIAR4,1,CIAR4,1,2025-05-20 11:23:05,,3,10
1859696393290487,667907434126144,2023,16,1,17,86174.0,1.0,1,CESTM,1,CESTM,1,2025-05-20 11:23:06,,3,10
1859696394290487,667907434126144,2023,16,1,17,86174.0,2.0,1,CESTM,1,CESTM,2,2025-05-20 11:23:06,,3,10
1859696543290487,667907435126144,2023,16,1,17,83237.0,3.0,1,CESTM,1,CESTM,2,2025-05-20 11:23:06,,3,10
1859696544290487,667907435126144,2023,16,1,17,83237.0,1.0,1,CIAR4,1,CIAR4,1,2025-05-20 11:23:06,,3,10
1859697106290487,667907439126144,2023,16,1,21,86187.0,1.0,1,HICA10,1,HICA10,1,2025-05-20 11:23:06,,3,10
1859697107290487,667907439126144,2023,16,1,21,86187.0,2.0,1,HICA10,1,HICA10,1,2025-05-20 11:23:06,,3,10
1859697108290487,667907439126144,2023,16,1,21,86187.0,3.0,1,HICA10,1,HICA10,1,2025-05-20 11:23:06,,3,10
1859697109290487,667907439126144,2023,16,1,21,86187.0,4.0,1,HICA10,1,HICA10,1,2025-05-20 11:23:06,,3,10
1859697257290487,667907441126144,2023,16,1,35,80950.0,1.0,1,CIAR4,1,CIAR4,1,2025-05-20 11:23:06,,3,10
1859697258290487,667907441126144,2023,16,1,35,80950.0,2.0,1,CIAR4,1,CIAR4,1,2025-05-20 11:23:06,,3,10
1859697259290487,667907441126144,2023,16,1,35,80950.0,3.0,1,CIAR4,1,CIAR4,1,2025-05-20 11:23:06,,3,10
1859697260290487,667907441126144,2023,16,1,35,80950.0,4.0,1,CIAR4,1,CIAR4,1,2025-05-20 11:23:06,,3,10
1859697598290487,667907446126144,2023,16,1,49,80230.0,1.0,1,CESO3,1,CESO3,1,2025-05-20 11:23:06,,3,10
1859697599290487,667907446126144,2023,16,1,49,80230.0,2.0,1,CESO3,1,CESO3,2,2025-05-20 11:23:06,,3,10
1859697600290487,667907446126144,2023,16,1,49,80230.0,3.0,2,CESO3,1,CESO3,2,2025-05-20 11:23:06,,3,10
1859697601290487,667907446126144,2023,16,1,49,80230.0,4.0,2,CESO3,1,CESO3,1,2025-05-20 11:23:06,,3,10
1859697602290487,667907446126144,2023,16,1,49,80230.0,1.0,1,CESTM,1,CESTM,1,2025-05-20 11:23:06,,3,10
1859666117290487,667906969126144,2023,16,1,9,80069.0,1.0,1,HICA10,1,HICA10,2,2025-05-20 11:22:48,,3,10
1859666118290487,667906969126144,2023,16,1,9,80069.0,2.0,1,HICA10,1,HICA10,2,2025-05-20 11:22:48,,3,10
1859666119290487,667906969126144,2023,16,1,9,80069.0,3.0,1,HICA10,1,HICA10,1,2025-05-20 11:22:48,,3,10
1859667382290487,667906992126144,2023,16,1,79,86786.0,4.0,1,CESTM,1,CESTM,1,2025-05-20 11:22:49,,3,10
1859667383290487,667906992126144,2023,16,1,79,86786.0,3.0,1,CIAR4,1,CIAR4,1,2025-05-20 11:22:49,,3,10
1859667384290487,667906992126144,2023,16,1,79,86786.0,4.0,1,CIAR4,1,CIAR4,1,2025-05-20 11:22:49,,3,10
1859668858290487,667907019126144,2023,16,1,55,81390.0,1.0,1,CIAR4,1,CIAR4,1,2025-05-20 11:22:50,,3,10
1859668859290487,667907019126144,2023,16,1,55,81390.0,4.0,1,CIAR4,1,CIAR4,1,2025-05-20 11:22:50,,3,10
1859669444290487,667907024126144,2023,16,2,15,88486.0,1.0,1,CHJU,1,CHJU,1,2025-05-20 11:22:50,,3,10
1859670491290487,667907045126144,2023,16,1,49,83050.0,2.0,1,CIAR4,1,CIAR4,1,2025-05-20 11:22:51,,3,10
1859671774290487,667907064126144,2023,16,3,59,80920.0,3.0,1,CESTM,1,CESTM,1,2025-05-20 11:22:51,,3,10
1859671775290487,667907064126144,2023,16,3,59,80920.0,4.0,1,CESTM,1,CESTM,1,2025-05-20 11:22:51,,3,10
1859673030290487,667907084126144,2023,16,1,49,80645.0,2.0,1,CESTM,1,CESTM,19,2025-05-20 11:22:52,,3,10
1859673326290487,667907091126144,2023,16,1,49,80505.0,1.0,1,CESTM,1,CESTM,8,2025-05-20 11:22:52,,3,10
1859673327290487,667907091126144,2023,16,1,49,80505.0,2.0,1,CESTM,1,CESTM,3,2025-05-20 11:22:52,,3,10
1859673328290487,667907091126144,2023,16,1,49,80505.0,3.0,1,CESTM,1,CESTM,1,2025-05-20 11:22:52,,3,10
1859673329290487,667907091126144,2023,16,1,49,80505.0,4.0,1,CESTM,1,CESTM,5,2025-05-20 11:22:52,,3,10
1859673894290487,667907095126144,2023,16,1,79,86553.0,2.0,1,CESTM,1,CESTM,1,2025-05-20 11:22:53,,3,10
1859673895290487,667907095126144,2023,16,1,79,86553.0,1.0,1,CIAR4,1,CIAR4,1,2025-05-20 11:22:53,,3,10
1859673896290487,667907095126144,2023,16,1,79,86553.0,2.0,1,CIAR4,1,CIAR4,1,2025-05-20 11:22:53,,3,10
1859673897290487,667907095126144,2023,16,1,79,86553.0,4.0,1,CIAR4,1,CIAR4,1,2025-05-20 11:22:53,,3,10
1859673901290487,667907095126144,2023,16,1,79,86553.0,2.0,1,HICA10,1,HICA10,3,2025-05-20 11:22:53,,3,10
1859674743290487,667907102126144,2023,16,1,79,84969.0,1.0,1,CESTM,1,CESTM,1,2025-05-20 11:22:53,,3,10
1859674744290487,667907102126144,2023,16,1,79,84969.0,1.0,1,CIAR4,1,CIAR4,2,2025-05-20 11:22:53,,3,10
1859674745290487,667907102126144,2023,16,1,79,84969.0,2.0,1,CIAR4,1,CIAR4,1,2025-05-20 11:22:53,,3,10
1859674746290487,667907102126144,2023,16,1,79,84969.0,3.0,1,CIAR4,1,CIAR4,5,2025-05-20 11:22:53,,3,10
1859674747290487,667907102126144,2023,16,1,79,84969.0,4.0,1,CIAR4,1,CIAR4,2,2025-05-20 11:22:53,,3,10
1859674750290487,667907102126144,2023,16,1,79,84969.0,1.0,1,HICA10,1,HICA10,1,2025-05-20 11:22:53,,3,10
1859674751290487,667907102126144,2023,16,1,79,84969.0,2.0,1,HICA10,1,HICA10,1,2025-05-20 11:22:53,,3,10
1859674752290487,667907102126144,2023,16,1,79,84969.0,3.0,1,HICA10,1,HICA10,1,2025-05-20 11:22:53,,3,10
1859674753290487,667907102126144,2023,16,1,79,84969.0,4.0,1,HICA10,1,HICA10,1,2025-05-20 11:22:53,,3,10
1859675210290487,667907107126144,2023,16,3,59,84946.0,1.0,1,CIAR4,1,CIAR4,1,2025-05-20 11:22:53,,3,10
1859675211290487,667907107126144,2023,16,3,59,84946.0,4.0,1,CIAR4,1,CIAR4,1,2025-05-20 11:22:53,,3,10
1859675319290487,667907110126144,2023,16,1,79,88667.0,4.0,1,CESTM,1,CESTM,1,2025-05-20 11:22:53,,3,10
1859675903290487,667907117126144,2023,16,1,35,85184.0,1.0,1,CIAR4,1,CIAR4,1,2025-05-20 11:22:54,,3,10
1859676948290487,667907134126144,2023,16,3,59,80653.0,3.0,1,CESTM,1,CESTM,1,2025-05-20 11:22:54,,3,10
1859679291290487,667907178126144,2023,16,3,29,87638.0,1.0,1,CIAR4,1,CIAR4,1,2025-05-20 11:22:55,,3,10
1859679292290487,667907178126144,2023,16,3,29,87638.0,2.0,1,CIAR4,1,CIAR4,1,2025-05-20 11:22:55,,3,10
1859680636290487,667907223126144,2023,16,1,17,81097.0,2.0,2,CIAR4,1,CIAR4,1,2025-05-20 11:22:56,,3,10
1859680637290487,667907223126144,2023,16,1,17,81097.0,3.0,2,CIAR4,1,CIAR4,1,2025-05-20 11:22:56,,3,10
1859682999290487,667907271126144,2023,16,1,79,82957.0,1.0,1,CESTM,1,CESTM,1,2025-05-20 11:22:57,,3,10
1859683000290487,667907271126144,2023,16,1,79,82957.0,1.0,1,CIAR4,1,CIAR4,1,2025-05-20 11:22:57,,3,10
1859683001290487,667907271126144,2023,16,1,79,82957.0,1.0,1,HICA10,1,HICA10,2,2025-05-20 11:22:57,,3,10
1859683173290487,667907272126144,2023,16,1,79,82021.0,2.0,1,CIAR4,1,CIAR4,1,2025-05-20 11:22:58,,3,10
1859685003290487,667907288126144,2023,16,1,79,85477.0,1.0,1,CIAR4,1,CIAR4,1,2025-05-20 11:22:58,,3,10
1859685004290487,667907288126144,2023,16,1,79,85477.0,2.0,1,CIAR4,1,CIAR4,3,2025-05-20 11:22:58,,3,10
1859685005290487,667907288126144,2023,16,1,79,85477.0,3.0,1,CIAR4,1,CIAR4,1,2025-05-20 11:22:58,,3,10
1859685006290487,667907288126144,2023,16,1,79,85477.0,4.0,1,CIAR4,1,CIAR4,1,2025-05-20 11:22:58,,3,10
1859697603290487,667907446126144,2023,16,1,49,80230.0,3.0,2,CESTM,1,CESTM,1,2025-05-20 11:23:06,,3,10
1859698034290487,667907450126144,2023,16,2,15,83319.0,3.0,1,CESTM,1,CESTM,1,2025-05-20 11:23:06,,3,10
1859699286290487,667907468126144,2023,16,1,49,82202.0,1.0,1,CESTM,1,CESTM,1,2025-05-20 11:23:07,,3,10
1859699287290487,667907468126144,2023,16,1,49,82202.0,2.0,1,CESTM,1,CESTM,3,2025-05-20 11:23:07,,3,10
1859699288290487,667907468126144,2023,16,1,49,82202.0,3.0,1,CESTM,1,CESTM,4,2025-05-20 11:23:07,,3,10
1859700292290487,667907490126144,2023,16,1,49,85330.0,1.0,1,CESO3,1,CESO3,1,2025-05-20 11:23:07,,3,10
1859700293290487,667907490126144,2023,16,1,49,85330.0,1.0,1,CIAR4,1,CIAR4,2,2025-05-20 11:23:07,,3,10
1859700294290487,667907490126144,2023,16,1,49,85330.0,4.0,1,CIAR4,1,CIAR4,1,2025-05-20 11:23:07,,3,10
1859701156290487,667907502126144,2023,16,1,17,82606.0,1.0,1,CIAR4,1,CIAR4,1,2025-05-20 11:23:08,,3,10
1859701297290487,667907503126144,2023,16,1,55,82599.0,1.0,1,CESTM,1,CESTM,1,2025-05-20 11:23:08,,3,10
1859701298290487,667907503126144,2023,16,1,55,82599.0,4.0,1,CESTM,1,CESTM,2,2025-05-20 11:23:08,,3,10
1859701649290487,667907506126144,2023,16,1,79,81059.0,3.0,1,CESTM,1,CESTM,1,2025-05-20 11:23:08,,3,10
1859701650290487,667907506126144,2023,16,1,79,81059.0,4.0,1,CESTM,1,CESTM,4,2025-05-20 11:23:08,,3,10
1859701651290487,667907506126144,2023,16,1,79,81059.0,4.0,1,CIAR4,1,CIAR4,1,2025-05-20 11:23:08,,3,10
1859701652290487,667907506126144,2023,16,1,79,81059.0,4.0,1,HICA10,1,HICA10,1,2025-05-20 11:23:08,,3,10
1859701809290487,667907507126144,2023,16,1,79,80571.0,1.0,1,CIAR4,1,CIAR4,6,2025-05-20 11:23:08,,3,10
1859701810290487,667907507126144,2023,16,1,79,80571.0,2.0,1,CIAR4,1,CIAR4,5,2025-05-20 11:23:08,,3,10
1859701811290487,667907507126144,2023,16,1,79,80571.0,3.0,1,CIAR4,1,CIAR4,1,2025-05-20 11:23:08,,3,10
1859701812290487,667907507126144,2023,16,1,79,80571.0,4.0,1,CIAR4,1,CIAR4,3,2025-05-20 11:23:08,,3,10
1859709638290487,667907622126144,2023,16,3,59,88580.0,3.0,1,CESTM,1,CESTM,1,2025-05-20 11:23:12,,3,10
1859709639290487,667907622126144,2023,16,3,59,88580.0,1.0,1,CIAR4,1,CIAR4,1,2025-05-20 11:23:12,,3,10
1859709640290487,667907622126144,2023,16,3,59,88580.0,4.0,1,CIAR4,1,CIAR4,1,2025-05-20 11:23:12,,3,10
1859709926290487,667907627126144,2023,16,3,59,83797.0,3.0,1,CIAR4,1,CIAR4,1,2025-05-20 11:23:12,,3,10
1859713900290487,667907793126144,2023,16,3,19,84479.0,3.0,1,CIAR4,1,CIAR4,2,2025-05-20 11:23:16,,3,10
43177895010690,37276219010690,2010,16,1,79,80522.0,4.0,1,HICA10,1,HICA10,2,2011-08-23 17:58:16,,2,7
43177890010690,37276219010690,2010,16,1,79,80522.0,1.0,1,CIAR4,1,CIAR4,2,2011-08-23 17:58:16,,2,7
43177891010690,37276219010690,2010,16,1,79,80522.0,4.0,1,CIAR4,1,CIAR4,2,2011-08-23 17:58:16,,2,7
272766768489998,40390376010690,2012,16,1,49,80599.0,1.0,1,CESO3,1,CESO3,1,2014-07-31 10:12:59,,2,9
272766641489998,40390340010690,2012,16,1,49,85337.0,2.0,1,CIAR4,1,CIAR4,1,2014-07-31 10:12:58,,2,9
272766642489998,40390340010690,2012,16,1,49,85337.0,4.0,1,CIAR4,1,CIAR4,1,2014-07-31 10:12:59,,2,9
272766643489998,40390340010690,2012,16,1,49,85337.0,2.0,1,HICA10,1,HICA10,1,2014-07-31 10:12:59,,2,9
272766644489998,40390340010690,2012,16,1,49,85337.0,3.0,1,HICA10,1,HICA10,1,2014-07-31 10:12:59,,2,9
272766645489998,40390340010690,2012,16,1,49,85337.0,4.0,1,HICA10,1,HICA10,1,2014-07-31 10:12:59,,2,9
43134373010690,5391929010690,2005,16,1,55,88980.0,2.0,2,LIDA,1,LIDA,2,2011-08-23 17:14:23,,2,2
43134374010690,5391929010690,2005,16,1,55,88980.0,4.0,3,LIDA,1,LIDA,2,2011-08-23 17:14:23,,2,2
43134375010690,5391929010690,2005,16,1,55,88980.0,4.0,3,COAR4,1,COAR4,2,2011-08-23 17:14:23,,2,2
43134376010690,5391929010690,2005,16,1,55,88980.0,1.0,2,ONAC,1,ONAC,2,2011-08-23 17:14:23,,2,2
43134377010690,5391929010690,2005,16,1,55,88980.0,2.0,2,ONAC,1,ONAC,2,2011-08-23 17:14:23,,2,2
43134378010690,5391929010690,2005,16,1,55,88980.0,4.0,3,ONAC,1,ONAC,2,2011-08-23 17:14:23,,2,2
43132337010690,5396283010690,2005,16,1,79,81607.0,1.0,1,HICA10,1,HICA10,2,2011-08-23 17:13:54,,2,2
43132441010690,5396551010690,2005,16,1,79,82905.0,1.0,1,CEBI2,1,CESTM,2,2011-08-23 17:13:55,,2,2
43132442010690,5396551010690,2005,16,1,79,82905.0,1.0,1,CIAR4,1,CIAR4,2,2011-08-23 17:13:55,,2,2
43132443010690,5396551010690,2005,16,1,79,82905.0,2.0,1,CIAR4,1,CIAR4,2,2011-08-23 17:13:55,,2,2
43132444010690,5396551010690,2005,16,1,79,82905.0,3.0,1,CIAR4,1,CIAR4,2,2011-08-23 17:13:55,,2,2
43140536010690,31703098010690,2005,16,1,49,83335.0,3.0,1,ONAC,1,ONAC,2,2011-08-23 17:15:59,,2,99
43137890010690,5388717010690,2005,16,1,49,84964.0,3.0,1,CESO3,1,CESO3,2,2011-08-23 17:15:20,,2,2
43134479010690,5392262010690,2005,16,1,57,88241.0,3.0,1,CIAR4,1,CIAR4,2,2011-08-23 17:14:25,,2,2
43134480010690,5392262010690,2005,16,1,57,88241.0,1.0,1,HICA10,1,HICA10,2,2011-08-23 17:14:25,,2,2
43134481010690,5392262010690,2005,16,1,57,88241.0,3.0,1,HICA10,1,HICA10,2,2011-08-23 17:14:25,,2,2
43134482010690,5392262010690,2005,16,1,57,88241.0,4.0,1,HICA10,1,HICA10,2,2011-08-23 17:14:25,,2,2
43134433010690,5392167010690,2005,16,1,57,86139.0,1.0,1,CIAR4,1,CIAR4,2,2011-08-23 17:14:23,,2,2
43134434010690,5392167010690,2005,16,1,57,86139.0,2.0,1,CIAR4,1,CIAR4,2,2011-08-23 17:14:23,,2,2
43134435010690,5392167010690,2005,16,1,57,86139.0,3.0,1,CIAR4,1,CIAR4,2,2011-08-23 17:14:23,,2,2
43134436010690,5392167010690,2005,16,1,57,86139.0,4.0,1,CIAR4,1,CIAR4,2,2011-08-23 17:14:23,,2,2
43134506010690,5392395010690,2005,16,1,57,88798.0,1.0,1,CIAR4,1,CIAR4,2,2011-08-23 17:14:25,,2,2
43134507010690,5392395010690,2005,16,1,57,88798.0,2.0,1,CIAR4,1,CIAR4,2,2011-08-23 17:14:25,,2,2
43134471010690,5392244010690,2005,16,1,57,88067.0,3.0,2,CIAR4,1,CIAR4,2,2011-08-23 17:14:24,,2,2
43134472010690,5392244010690,2005,16,1,57,88067.0,4.0,2,CIAR4,1,CIAR4,2,2011-08-23 17:14:24,,2,2
43132311010690,5396251010690,2005,16,1,79,80473.0,1.0,1,CEBI2,1,CESTM,2,2011-08-23 17:13:54,,2,2
43132312010690,5396251010690,2005,16,1,79,80473.0,2.0,1,CEBI2,1,CESTM,2,2011-08-23 17:13:54,,2,2
43132313010690,5396251010690,2005,16,1,79,80473.0,3.0,1,CEBI2,1,CESTM,2,2011-08-23 17:13:54,,2,2
43132314010690,5396251010690,2005,16,1,79,80473.0,4.0,1,CEBI2,1,CESTM,2,2011-08-23 17:13:54,,2,2
43132418010690,5396497010690,2005,16,1,79,82588.0,4.0,1,HICA10,1,HICA10,2,2011-08-23 17:13:55,,2,2
43140602010690,31703433010690,2005,16,1,57,85633.0,4.0,1,CIAR4,1,CIAR4,2,2011-08-23 17:16:00,,2,99
43134183010690,5391458010690,2005,16,1,55,81789.0,1.0,1,CEBI2,1,CESTM,2,2011-08-23 17:14:20,,2,2
43134184010690,5391458010690,2005,16,1,55,81789.0,2.0,1,CEBI2,1,CESTM,2,2011-08-23 17:14:20,,2,2
43134185010690,5391458010690,2005,16,1,55,81789.0,3.0,1,CEBI2,1,CESTM,2,2011-08-23 17:14:20,,2,2
43134186010690,5391458010690,2005,16,1,55,81789.0,1.0,1,LIDA,1,LIDA,2,2011-08-23 17:14:20,,2,2
43134187010690,5391458010690,2005,16,1,55,81789.0,2.0,1,LIDA,1,LIDA,2,2011-08-23 17:14:21,,2,2
43132580010690,5396861010690,2005,16,1,79,84455.0,2.0,1,HICA10,1,HICA10,2,2011-08-23 17:13:57,,2,2
43140654010690,31703880010690,2005,16,1,79,80522.0,1.0,1,CANU4,1,CANU4,2,2011-08-23 17:16:00,,2,99
43140655010690,31703880010690,2005,16,1,79,80522.0,2.0,1,CANU4,1,CANU4,2,2011-08-23 17:16:00,,2,99
43140656010690,31703880010690,2005,16,1,79,80522.0,3.0,1,CANU4,1,CANU4,2,2011-08-23 17:16:00,,2,99
43140657010690,31703880010690,2005,16,1,79,80522.0,4.0,1,CANU4,1,CANU4,2,2011-08-23 17:16:00,,2,99
43149029010690,11791021010690,2006,16,1,9,85135.0,1.0,1,CIAR4,1,CIAR4,2,2011-08-23 17:20:36,,2,3
43149030010690,11791021010690,2006,16,1,9,85135.0,2.0,1,CIAR4,1,CIAR4,2,2011-08-23 17:20:36,,2,3
43149775010690,11793320010690,2006,16,1,17,84216.0,3.0,1,ONAC,1,ONAC,2,2011-08-23 17:20:49,,2,3
43149849010690,11793654010690,2006,16,1,17,85308.0,1.0,1,HICA10,1,HICA10,2,2011-08-23 17:20:50,,2,3
43149850010690,11793654010690,2006,16,1,17,85308.0,2.0,1,HICA10,1,HICA10,2,2011-08-23 17:20:50,,2,3
43149851010690,11793654010690,2006,16,1,17,85308.0,3.0,1,HICA10,1,HICA10,2,2011-08-23 17:20:50,,2,3
43149852010690,11793654010690,2006,16,1,17,85308.0,4.0,1,HICA10,1,HICA10,2,2011-08-23 17:20:50,,2,3
43147725010690,11797649010690,2006,16,1,35,82782.0,1.0,1,CIAR4,1,CIAR4,2,2011-08-23 17:20:10,,2,3
43147726010690,11797649010690,2006,16,1,35,82782.0,3.0,1,CIAR4,1,CIAR4,2,2011-08-23 17:20:10,,2,3
43147727010690,11797649010690,2006,16,1,35,82782.0,4.0,1,CIAR4,1,CIAR4,2,2011-08-23 17:20:10,,2,3
43147942010690,11798328010690,2006,16,1,35,88236.0,2.0,1,CIAR4,1,CIAR4,2,2011-08-23 17:20:14,,2,3
43147943010690,11798328010690,2006,16,1,35,88236.0,3.0,1,CIAR4,1,CIAR4,2,2011-08-23 17:20:14,,2,3
43147883010690,11798151010690,2006,16,1,35,86159.0,4.0,1,HICA10,1,HICA10,2,2011-08-23 17:20:13,,2,3
43149054010690,11791159010690,2006,16,1,9,85616.0,3.0,1,CIAR4,1,CIAR4,2,2011-08-23 17:20:37,,2,3
43149707010690,11793111010690,2006,16,1,17,82924.0,4.0,2,HICA10,1,HICA10,2,2011-08-23 17:20:47,,2,3
43146821010690,11794991010690,2006,16,1,21,87244.0,1.0,1,CANU4,1,CANU4,2,2011-08-23 17:19:54,,2,3
43146693010690,11794634010690,2006,16,1,21,81148.0,1.0,1,HICA10,1,HICA10,2,2011-08-23 17:19:52,,2,3
43146694010690,11794634010690,2006,16,1,21,81148.0,2.0,1,HICA10,1,HICA10,2,2011-08-23 17:19:52,,2,3
43146695010690,11794634010690,2006,16,1,21,81148.0,3.0,1,HICA10,1,HICA10,2,2011-08-23 17:19:52,,2,3
43146696010690,11794634010690,2006,16,1,21,81148.0,4.0,1,HICA10,1,HICA10,2,2011-08-23 17:19:52,,2,3
43146697010690,11794634010690,2006,16,1,21,81148.0,1.0,1,CEBI2,1,CESTM,2,2011-08-23 17:19:52,,2,3
43146698010690,11794634010690,2006,16,1,21,81148.0,2.0,1,CEBI2,1,CESTM,2,2011-08-23 17:19:52,,2,3
43146699010690,11794634010690,2006,16,1,21,81148.0,3.0,1,CEBI2,1,CESTM,2,2011-08-23 17:19:52,,2,3
43146700010690,11794634010690,2006,16,1,21,81148.0,4.0,1,CEBI2,1,CESTM,2,2011-08-23 17:19:52,,2,3
43130643010690,4718601010690,2004,16,1,17,84667.0,3.0,1,HICA10,1,HICA10,2,2011-08-23 17:11:03,,2,1
43130644010690,4718601010690,2004,16,1,17,84667.0,4.0,1,HICA10,1,HICA10,2,2011-08-23 17:11:03,,2,1
43128307010690,4723459010690,2004,16,1,35,87417.0,4.0,1,CIAR4,1,CIAR4,2,2011-08-23 17:10:22,,2,1
43128023010690,4722860010690,2004,16,1,35,83138.0,1.0,1,CANU4,1,CANU4,2,2011-08-23 17:10:19,,2,1
43129290010690,31702992010690,2004,16,1,49,80175.0,4.0,2,ONAC,1,ONAC,2,2011-08-23 17:10:41,,2,99
43126931010690,4733135010690,2004,16,1,61,81665.0,1.0,1,CIAR4,1,CIAR4,2,2011-08-23 17:10:02,,2,1
43126932010690,4733135010690,2004,16,1,61,81665.0,3.0,1,CIAR4,1,CIAR4,2,2011-08-23 17:10:02,,2,1
43126986010690,4733239010690,2004,16,1,61,88902.0,1.0,1,CESO3,1,CESO3,2,2011-08-23 17:10:02,,2,1
43126987010690,4733239010690,2004,16,1,61,88902.0,2.0,1,ONAC,1,ONAC,2,2011-08-23 17:10:02,,2,1
43126988010690,4733239010690,2004,16,1,61,88902.0,3.0,1,ONAC,1,ONAC,2,2011-08-23 17:10:02,,2,1
43126989010690,4733239010690,2004,16,1,61,88902.0,4.0,1,ONAC,1,ONAC,2,2011-08-23 17:10:02,,2,1
43130388010690,4717947010690,2004,16,2,15,86081.0,4.0,1,ONAC,1,ONAC,2,2011-08-23 17:10:59,,2,1
43130389010690,4717947010690,2004,16,2,15,86081.0,4.0,1,CHJU,1,CHJU,2,2011-08-23 17:10:59,,2,1
43127456010690,4721383010690,2004,16,3,29,87641.0,2.0,1,ONAC,1,ONAC,2,2011-08-23 17:10:09,,2,1
43127457010690,4721383010690,2004,16,3,29,87641.0,3.0,1,ONAC,1,ONAC,2,2011-08-23 17:10:09,,2,1
43127458010690,4721383010690,2004,16,3,29,87641.0,4.0,1,ONAC,1,ONAC,2,2011-08-23 17:10:09,,2,1
43124903010690,4727133010690,2004,16,1,49,82065.0,3.0,1,CEBI2,1,CESTM,2,2011-08-23 17:09:28,,2,1
43126205010690,4730885010690,2004,16,1,55,86049.0,1.0,1,HIAU,1,HIAU,2,2011-08-23 17:09:49,,2,1
43126206010690,4730885010690,2004,16,1,55,86049.0,2.0,1,HIAU,1,HIAU,2,2011-08-23 17:09:49,,2,1
43126207010690,4730885010690,2004,16,1,55,86049.0,3.0,1,HIAU,1,HIAU,2,2011-08-23 17:09:49,,2,1
43123244010690,4735389010690,2004,16,1,79,81032.0,4.0,1,CEBI2,1,CESTM,2,2011-08-23 17:08:58,,2,1
43123540010690,4736382010690,2004,16,1,79,86713.0,4.0,3,HIAU,1,HIAU,2,2011-08-23 17:09:03,,2,1
43123456010690,4736252010690,2004,16,1,79,85808.0,1.0,1,CIAR4,1,CIAR4,2,2011-08-23 17:09:02,,2,1
43123457010690,4736252010690,2004,16,1,79,85808.0,2.0,1,CIAR4,1,CIAR4,2,2011-08-23 17:09:02,,2,1
43123458010690,4736252010690,2004,16,1,79,85808.0,1.0,1,CEBI2,1,CESTM,2,2011-08-23 17:09:02,,2,1
43123792010690,4737064010690,2004,16,3,81,88910.0,1.0,1,CIAR4,1,CIAR4,2,2011-08-23 17:09:07,,2,1
43123793010690,4737064010690,2004,16,3,81,88910.0,2.0,1,CIAR4,1,CIAR4,2,2011-08-23 17:09:07,,2,1
43123794010690,4737064010690,2004,16,3,81,88910.0,3.0,1,CIAR4,1,CIAR4,2,2011-08-23 17:09:07,,2,1
43123795010690,4737064010690,2004,16,3,81,88910.0,4.0,1,CIAR4,1,CIAR4,2,2011-08-23 17:09:07,,2,1
43123694010690,4736756010690,2004,16,1,79,88601.0,1.0,1,HIAU,1,HIAU,2,2011-08-23 17:09:05,,2,1
43123695010690,4736756010690,2004,16,1,79,88601.0,3.0,1,HIAU,1,HIAU,2,2011-08-23 17:09:05,,2,1
43123696010690,4736756010690,2004,16,1,79,88601.0,4.0,1,HIAU,1,HIAU,2,2011-08-23 17:09:05,,2,1
43125275010690,4728610010690,2004,16,1,49,85627.0,2.0,1,CIAR4,1,CIAR4,2,2011-08-23 17:09:36,,2,1
43125276010690,4728610010690,2004,16,1,49,85627.0,3.0,1,CIAR4,1,CIAR4,2,2011-08-23 17:09:36,,2,1
43125277010690,4728610010690,2004,16,1,49,85627.0,2.0,1,CANU4,1,CANU4,2,2011-08-23 17:09:36,,2,1
43125278010690,4728610010690,2004,16,1,49,85627.0,3.0,1,CANU4,1,CANU4,2,2011-08-23 17:09:36,,2,1
43122610010690,4733636010690,2004,16,1,69,85565.0,1.0,1,CIAR4,1,CIAR4,2,2011-08-23 17:08:50,,2,1
43122611010690,4733636010690,2004,16,1,69,85565.0,2.0,1,CIAR4,1,CIAR4,2,2011-08-23 17:08:50,,2,1
43122612010690,4733636010690,2004,16,1,69,85565.0,3.0,1,CIAR4,1,CIAR4,2,2011-08-23 17:08:50,,2,1
43122613010690,4733636010690,2004,16,1,69,85565.0,4.0,1,CIAR4,1,CIAR4,2,2011-08-23 17:08:50,,2,1
43124891010690,4727116010690,2004,16,1,49,81867.0,1.0,1,CESO3,1,CESO3,2,2011-08-23 17:09:28,,2,1
43126523010690,4731637010690,2004,16,3,59,80730.0,1.0,1,CEBI2,1,CESTM,2,2011-08-23 17:09:54,,2,1
43126524010690,4731637010690,2004,16,3,59,80730.0,2.0,1,CEBI2,1,CESTM,2,2011-08-23 17:09:54,,2,1
43126225010690,4730939010690,2004,16,1,55,86267.0,1.0,1,CEBI2,1,CESTM,2,2011-08-23 17:09:49,,2,1
43126226010690,4730939010690,2004,16,1,55,86267.0,3.0,1,CEBI2,1,CESTM,2,2011-08-23 17:09:49,,2,1
43126227010690,4730939010690,2004,16,1,55,86267.0,3.0,1,HIAU,1,HIAU,2,2011-08-23 17:09:49,,2,1
43129300010690,31703075010690,2004,16,1,49,82071.0,2.0,1,CIAR4,1,CIAR4,2,2011-08-23 17:10:41,,2,99
43125032010690,4727530010690,2004,16,1,49,83525.0,1.0,1,CEBI2,1,CESTM,2,2011-08-23 17:09:30,,2,1
43125033010690,4727530010690,2004,16,1,49,83525.0,4.0,1,CEBI2,1,CESTM,2,2011-08-23 17:09:30,,2,1
43126666010690,4732173010690,2004,16,3,59,83174.0,2.0,1,CEBI2,1,CESTM,2,2011-08-23 17:09:57,,2,1
43126667010690,4732173010690,2004,16,3,59,83174.0,3.0,1,CEBI2,1,CESTM,2,2011-08-23 17:09:57,,2,1
43126668010690,4732173010690,2004,16,3,59,83174.0,4.0,1,CEBI2,1,CESTM,2,2011-08-23 17:09:57,,2,1
43126251010690,4730984010690,2004,16,1,55,86791.0,3.0,2,HIAU,1,HIAU,2,2011-08-23 17:09:50,,2,1
43123070010690,4734857010690,2004,16,2,73,87472.0,3.0,1,CIAR4,1,CIAR4,2,2011-08-23 17:08:55,,2,1
43123552010690,4736409010690,2004,16,1,79,86861.0,2.0,1,CIAR4,1,CIAR4,2,2011-08-23 17:09:03,,2,1
43126441010690,4731471010690,2004,16,1,57,88208.0,3.0,2,CIAR4,1,CIAR4,2,2011-08-23 17:09:53,,2,1
43126442010690,4731471010690,2004,16,1,57,88208.0,4.0,2,CIAR4,1,CIAR4,2,2011-08-23 17:09:53,,2,1
43126405010690,4731374010690,2004,16,1,57,86166.0,1.0,2,ONAC,1,ONAC,2,2011-08-23 17:09:52,,2,1
43126406010690,4731374010690,2004,16,1,57,86166.0,3.0,2,ONAC,1,ONAC,2,2011-08-23 17:09:52,,2,1
43126407010690,4731374010690,2004,16,1,57,86166.0,3.0,2,CEBI2,1,CESTM,2,2011-08-23 17:09:52,,2,1
43123312010690,4735680010690,2004,16,1,79,81906.0,2.0,1,CIAR4,1,CIAR4,2,2011-08-23 17:08:59,,2,1
43129692010690,4715698010690,2004,16,3,5,81847.0,1.0,1,CANU4,1,CANU4,2,2011-08-23 17:10:48,,2,1
43138499010690,5376849010690,2005,16,1,9,88809.0,2.0,1,CIAR4,1,CIAR4,2,2011-08-23 17:15:29,,2,2
43138446010690,5376798010690,2005,16,1,9,85748.0,2.0,1,CEBI2,1,CESTM,2,2011-08-23 17:15:28,,2,2
43138388010690,5376658010690,2005,16,1,9,80211.0,4.0,1,CANU4,1,CANU4,2,2011-08-23 17:15:27,,2,2
43139295010690,5378884010690,2005,16,1,17,85677.0,3.0,2,CEBI2,1,CESTM,2,2011-08-23 17:15:41,,2,2
43136215010690,5383552010690,2005,16,1,35,88930.0,4.0,1,HICA10,1,HICA10,2,2011-08-23 17:14:50,,2,2
43136211010690,5383552010690,2005,16,1,35,88930.0,3.0,1,CIAR4,1,CIAR4,2,2011-08-23 17:14:50,,2,2
43136212010690,5383552010690,2005,16,1,35,88930.0,4.0,1,CIAR4,1,CIAR4,2,2011-08-23 17:14:50,,2,2
43136213010690,5383552010690,2005,16,1,35,88930.0,2.0,1,HICA10,1,HICA10,2,2011-08-23 17:14:50,,2,2
43136214010690,5383552010690,2005,16,1,35,88930.0,3.0,1,HICA10,1,HICA10,2,2011-08-23 17:14:50,,2,2
43138436010690,5376763010690,2005,16,1,9,84463.0,4.0,1,LIVU2,1,LIVU2,2,2011-08-23 17:15:28,,2,2
43138437010690,5376763010690,2005,16,1,9,84463.0,4.0,1,CIAR4,1,CIAR4,2,2011-08-23 17:15:28,,2,2
43138466010690,5376816010690,2005,16,1,9,88615.0,1.0,1,CANU4,1,CANU4,2,2011-08-23 17:15:28,,2,2
43138467010690,5376816010690,2005,16,1,9,88615.0,2.0,1,CANU4,1,CANU4,2,2011-08-23 17:15:28,,2,2
43138468010690,5376816010690,2005,16,1,9,88615.0,3.0,1,CANU4,1,CANU4,2,2011-08-23 17:15:28,,2,2
43138469010690,5376816010690,2005,16,1,9,88615.0,4.0,1,CANU4,1,CANU4,2,2011-08-23 17:15:28,,2,2
43138470010690,5376816010690,2005,16,1,9,88615.0,1.0,1,CIAR4,1,CIAR4,2,2011-08-23 17:15:28,,2,2
43138471010690,5376816010690,2005,16,1,9,88615.0,3.0,1,CIAR4,1,CIAR4,2,2011-08-23 17:15:28,,2,2
43138472010690,5376816010690,2005,16,1,9,88615.0,4.0,1,CIAR4,1,CIAR4,2,2011-08-23 17:15:28,,2,2
43138400010690,5376692010690,2005,16,1,9,81881.0,1.0,1,CIAR4,1,CIAR4,2,2011-08-23 17:15:27,,2,2
43138401010690,5376692010690,2005,16,1,9,81881.0,3.0,1,CIAR4,1,CIAR4,2,2011-08-23 17:15:27,,2,2
43139237010690,5378809010690,2005,16,1,17,83732.0,1.0,1,HICA10,1,HICA10,2,2011-08-23 17:15:40,,2,2
43139238010690,5378809010690,2005,16,1,17,83732.0,2.0,1,HICA10,1,HICA10,2,2011-08-23 17:15:40,,2,2
43139239010690,5378809010690,2005,16,1,17,83732.0,3.0,1,HICA10,1,HICA10,2,2011-08-23 17:15:40,,2,2
43139240010690,5378809010690,2005,16,1,17,83732.0,4.0,1,HICA10,1,HICA10,2,2011-08-23 17:15:40,,2,2
43139241010690,5378809010690,2005,16,1,17,83732.0,2.0,1,CEBI2,1,CESTM,2,2011-08-23 17:15:40,,2,2
43139242010690,5378809010690,2005,16,1,17,83732.0,3.0,1,CEBI2,1,CESTM,2,2011-08-23 17:15:40,,2,2
43139243010690,5378809010690,2005,16,1,17,83732.0,4.0,1,CEBI2,1,CESTM,2,2011-08-23 17:15:40,,2,2
43139114010690,5378528010690,2005,16,1,17,81689.0,2.0,1,CEBI2,1,CESTM,2,2011-08-23 17:15:38,,2,2
43139115010690,5378528010690,2005,16,1,17,81689.0,4.0,1,CEBI2,1,CESTM,2,2011-08-23 17:15:38,,2,2
43139116010690,5378528010690,2005,16,1,17,81689.0,4.0,1,ONAC,1,ONAC,2,2011-08-23 17:15:38,,2,2
43139206010690,5378733010690,2005,16,1,17,83125.0,1.0,1,CEBI2,1,CESTM,2,2011-08-23 17:15:39,,2,2
43139207010690,5378733010690,2005,16,1,17,83125.0,2.0,1,CEBI2,1,CESTM,2,2011-08-23 17:15:39,,2,2
43139208010690,5378733010690,2005,16,1,17,83125.0,3.0,1,CEBI2,1,CESTM,2,2011-08-23 17:15:39,,2,2
43139209010690,5378733010690,2005,16,1,17,83125.0,4.0,1,CEBI2,1,CESTM,2,2011-08-23 17:15:39,,2,2
43139210010690,5378733010690,2005,16,1,17,83125.0,1.0,1,CIAR4,1,CIAR4,2,2011-08-23 17:15:39,,2,2
43139211010690,5378733010690,2005,16,1,17,83125.0,3.0,1,CIAR4,1,CIAR4,2,2011-08-23 17:15:39,,2,2
43139212010690,5378733010690,2005,16,1,17,83125.0,1.0,1,ONAC,1,ONAC,2,2011-08-23 17:15:39,,2,2
43139213010690,5378733010690,2005,16,1,17,83125.0,4.0,1,ONAC,1,ONAC,2,2011-08-23 17:15:39,,2,2
43139569010690,5379587010690,2005,16,3,19,87174.0,1.0,1,CIAR4,1,CIAR4,2,2011-08-23 17:15:44,,2,2
43138223010690,5376062010690,2005,16,3,5,80693.0,1.0,1,CIAR4,1,CIAR4,2,2011-08-23 17:15:25,,2,2
43138224010690,5376062010690,2005,16,3,5,80693.0,3.0,1,CIAR4,1,CIAR4,2,2011-08-23 17:15:25,,2,2
43139428010690,5379158010690,2005,16,3,19,82167.0,4.0,1,CANU4,1,CANU4,2,2011-08-23 17:15:42,,2,2
43139632010690,5379745010690,2005,16,1,21,81054.0,3.0,1,CIAR4,1,CIAR4,2,2011-08-23 17:15:45,,2,2
43139697010690,5380023010690,2005,16,1,21,85500.0,1.0,1,ONAC,1,ONAC,2,2011-08-23 17:15:46,,2,2
43139698010690,5380023010690,2005,16,1,21,85500.0,2.0,1,ONAC,1,ONAC,2,2011-08-23 17:15:46,,2,2
43139699010690,5380023010690,2005,16,1,21,85500.0,3.0,1,ONAC,1,ONAC,2,2011-08-23 17:15:46,,2,2
43139700010690,5380023010690,2005,16,1,21,85500.0,4.0,1,ONAC,1,ONAC,2,2011-08-23 17:15:46,,2,2
43139701010690,5380023010690,2005,16,1,21,85500.0,1.0,1,SEJA,1,SEJA,2,2011-08-23 17:15:46,,2,2
43139702010690,5380023010690,2005,16,1,21,85500.0,3.0,1,SEJA,1,SEJA,2,2011-08-23 17:15:46,,2,2
43139703010690,5380023010690,2005,16,1,21,85500.0,4.0,1,SEJA,1,SEJA,2,2011-08-23 17:15:46,,2,2
43136629010690,5384740010690,2005,16,3,37,86157.0,2.0,1,CIAR4,1,CIAR4,2,2011-08-23 17:14:58,,2,2
43136630010690,5384740010690,2005,16,3,37,86157.0,3.0,1,CIAR4,1,CIAR4,2,2011-08-23 17:14:58,,2,2
43136631010690,5384740010690,2005,16,3,37,86157.0,4.0,1,CIAR4,1,CIAR4,2,2011-08-23 17:14:58,,2,2
43139135010690,5378570010690,2005,16,1,17,81801.0,1.0,1,HICA10,1,HICA10,2,2011-08-23 17:15:38,,2,2
43139136010690,5378570010690,2005,16,1,17,81801.0,2.0,2,HICA10,1,HICA10,2,2011-08-23 17:15:38,,2,2
43139137010690,5378570010690,2005,16,1,17,81801.0,3.0,1,HICA10,1,HICA10,2,2011-08-23 17:15:38,,2,2
43139065010690,5378325010690,2005,16,1,17,80212.0,3.0,2,HICA10,1,HICA10,2,2011-08-23 17:15:37,,2,2
43139493010690,5379278010690,2005,16,3,19,82903.0,4.0,1,CIAR4,1,CIAR4,2,2011-08-23 17:15:43,,2,2
43134993010690,5394051010690,2005,16,1,61,82036.0,3.0,2,CESO3,1,CESO3,2,2011-08-23 17:14:33,,2,2
43134994010690,5394051010690,2005,16,1,61,82036.0,4.0,2,CESO3,1,CESO3,2,2011-08-23 17:14:33,,2,2
43134995010690,5394051010690,2005,16,1,61,82036.0,3.0,2,CIAR4,1,CIAR4,2,2011-08-23 17:14:33,,2,2
43134996010690,5394051010690,2005,16,1,61,82036.0,3.0,2,CANU4,1,CANU4,2,2011-08-23 17:14:33,,2,2
43140132010690,5381405010690,2005,16,3,29,86867.0,1.0,1,CIAR4,1,CIAR4,2,2011-08-23 17:15:53,,2,2
1627760119290487,355078362489998,2020,16,1,79,80685.0,1.0,1,HICA10,1,HICA10,1,2024-05-20 12:58:23,,3,7
1627760120290487,355078362489998,2020,16,1,79,80685.0,2.0,1,HICA10,1,HICA10,1,2024-05-20 12:58:23,,3,7
1627760121290487,355078362489998,2020,16,1,79,80685.0,3.0,1,HICA10,1,HICA10,1,2024-05-20 12:58:23,,3,7
1627744611290487,355078112489998,2020,16,1,79,86337.0,4.0,1,CIAR4,1,CIAR4,1,2024-05-20 12:57:42,,3,7
1627744612290487,355078112489998,2020,16,1,79,86337.0,1.0,1,HICA10,1,HICA10,1,2024-05-20 12:57:42,,3,7
1627744613290487,355078112489998,2020,16,1,79,86337.0,2.0,1,HICA10,1,HICA10,2,2024-05-20 12:57:42,,3,7
1627744614290487,355078112489998,2020,16,1,79,86337.0,3.0,1,HICA10,1,HICA10,1,2024-05-20 12:57:42,,3,7
1627744615290487,355078112489998,2020,16,1,79,86337.0,4.0,1,HICA10,1,HICA10,1,2024-05-20 12:57:42,,3,7
1627764842290487,355078426489998,2020,16,1,49,84345.0,2.0,1,CESTM,1,CESTM,1,2024-05-20 12:58:34,,3,7
1627755608290487,355078308489998,2020,16,1,49,84195.0,4.0,1,CIAR4,1,CIAR4,1,2024-05-20 12:58:12,,3,7
1627763183290487,355078401489998,2020,16,1,49,84460.0,2.0,1,HICA10,1,HICA10,1,2024-05-20 12:58:30,,3,7
43147852010690,11798013010690,2006,16,1,35,85733.0,3.0,1,CIAR4,1,CIAR4,2,2011-08-23 17:20:12,,2,3
43147116010690,11795924010690,2006,16,3,29,84785.0,1.0,1,ISTI,1,ISTI,2,2011-08-23 17:19:59,,2,3
43147117010690,11795924010690,2006,16,3,29,84785.0,2.0,1,ISTI,1,ISTI,2,2011-08-23 17:19:59,,2,3
43147118010690,11795924010690,2006,16,3,29,84785.0,3.0,1,ISTI,1,ISTI,2,2011-08-23 17:19:59,,2,3
43147119010690,11795924010690,2006,16,3,29,84785.0,4.0,1,ISTI,1,ISTI,2,2011-08-23 17:19:59,,2,3
43147902010690,11798226010690,2006,16,1,35,86379.0,4.0,1,CIAR4,1,CIAR4,2,2011-08-23 17:20:14,,2,3
43147991010690,11798477010690,2006,16,1,35,88494.0,3.0,1,CEBI2,1,CESTM,2,2011-08-23 17:20:15,,2,3
43147992010690,11798477010690,2006,16,1,35,88494.0,2.0,1,CIAR4,1,CIAR4,2,2011-08-23 17:20:15,,2,3
43148924010690,11790597010690,2006,16,3,7,80499.0,1.0,1,CIAR4,1,CIAR4,2,2011-08-23 17:20:33,,2,3
43148925010690,11790597010690,2006,16,3,7,80499.0,2.0,1,CIAR4,1,CIAR4,2,2011-08-23 17:20:33,,2,3
43148926010690,11790597010690,2006,16,3,7,80499.0,3.0,1,CIAR4,1,CIAR4,2,2011-08-23 17:20:33,,2,3
43148927010690,11790597010690,2006,16,3,7,80499.0,4.0,1,CIAR4,1,CIAR4,2,2011-08-23 17:20:33,,2,3
43149835010690,11793608010690,2006,16,1,17,85153.0,1.0,1,CEBI2,1,CESTM,2,2011-08-23 17:20:50,,2,3
43149836010690,11793608010690,2006,16,1,17,85153.0,3.0,1,CEBI2,1,CESTM,2,2011-08-23 17:20:50,,2,3
43143989010690,11801179010690,2006,16,3,41,88167.0,2.0,1,CIAR4,1,CIAR4,2,2011-08-23 17:19:00,,2,3
43147055010690,11795785010690,2006,16,3,29,82554.0,1.0,1,CIAR4,1,CIAR4,2,2011-08-23 17:19:58,,2,3
43147056010690,11795785010690,2006,16,3,29,82554.0,2.0,1,CIAR4,1,CIAR4,2,2011-08-23 17:19:58,,2,3
43147057010690,11795785010690,2006,16,3,29,82554.0,3.0,1,CIAR4,1,CIAR4,2,2011-08-23 17:19:58,,2,3
43143899010690,11800863010690,2006,16,2,39,86997.0,1.0,2,CHJU,1,CHJU,2,2011-08-23 17:18:57,,2,3
43144505010690,11802380010690,2006,16,1,49,81802.0,3.0,1,CEBI2,1,CESTM,2,2011-08-23 17:19:07,,2,3
43146352010690,11807643010690,2006,16,3,59,85990.0,1.0,1,CEBI2,1,CESTM,2,2011-08-23 17:19:41,,2,3
43146353010690,11807643010690,2006,16,3,59,85990.0,2.0,1,CEBI2,1,CESTM,2,2011-08-23 17:19:41,,2,3
43145737010690,11805885010690,2006,16,1,55,82760.0,1.0,1,CIAR4,1,CIAR4,2,2011-08-23 17:19:30,,2,3
43145738010690,11805885010690,2006,16,1,55,82760.0,2.0,1,CIAR4,1,CIAR4,2,2011-08-23 17:19:30,,2,3
43145739010690,11805885010690,2006,16,1,55,82760.0,3.0,1,CIAR4,1,CIAR4,2,2011-08-23 17:19:30,,2,3
43145740010690,11805885010690,2006,16,1,55,82760.0,4.0,1,CIAR4,1,CIAR4,2,2011-08-23 17:19:30,,2,3
43145741010690,11805885010690,2006,16,1,55,82760.0,2.0,1,CANU4,1,CANU4,2,2011-08-23 17:19:30,,2,3
43145742010690,11805885010690,2006,16,1,55,82760.0,3.0,1,CANU4,1,CANU4,2,2011-08-23 17:19:30,,2,3
43145743010690,11805885010690,2006,16,1,55,82760.0,4.0,1,CANU4,1,CANU4,2,2011-08-23 17:19:30,,2,3
43144002010690,11801215010690,2006,16,3,43,81589.0,4.0,1,CIAR4,1,CIAR4,2,2011-08-23 17:19:00,,2,3
43145756010690,11805923010690,2006,16,1,55,85182.0,1.0,1,HICA10,1,HICA10,2,2011-08-23 17:19:30,,2,3
43145757010690,11805923010690,2006,16,1,55,85182.0,3.0,1,HICA10,1,HICA10,2,2011-08-23 17:19:30,,2,3
43145758010690,11805923010690,2006,16,1,55,85182.0,4.0,1,HICA10,1,HICA10,2,2011-08-23 17:19:30,,2,3
43144468010690,11802294010690,2006,16,1,49,81101.0,1.0,1,CIAR4,1,CIAR4,2,2011-08-23 17:19:07,,2,3
43145901010690,11806267010690,2006,16,1,57,86006.0,1.0,1,CIAR4,1,CIAR4,2,2011-08-23 17:19:32,,2,3
43145902010690,11806267010690,2006,16,1,57,86006.0,2.0,1,CIAR4,1,CIAR4,2,2011-08-23 17:19:32,,2,3
43145903010690,11806267010690,2006,16,1,57,86006.0,3.0,1,CIAR4,1,CIAR4,2,2011-08-23 17:19:32,,2,3
43145874010690,11806216010690,2006,16,1,57,83153.0,1.0,1,CIAR4,1,CIAR4,2,2011-08-23 17:19:32,,2,3
43145875010690,11806216010690,2006,16,1,57,83153.0,2.0,1,CIAR4,1,CIAR4,2,2011-08-23 17:19:32,,2,3
43145876010690,11806216010690,2006,16,1,57,83153.0,3.0,1,CIAR4,1,CIAR4,2,2011-08-23 17:19:32,,2,3
43145877010690,11806216010690,2006,16,1,57,83153.0,4.0,1,CIAR4,1,CIAR4,2,2011-08-23 17:19:32,,2,3
1627818059290487,547769151126144,2021,16,1,49,84166.0,1.0,1,CIAR4,1,CIAR4,1,2024-05-20 13:00:26,,3,8
1627818060290487,547769151126144,2021,16,1,49,84166.0,2.0,1,CIAR4,1,CIAR4,1,2024-05-20 13:00:26,,3,8
1627818061290487,547769151126144,2021,16,1,49,84166.0,3.0,1,CIAR4,1,CIAR4,1,2024-05-20 13:00:26,,3,8
1627797431290487,547768846126144,2021,16,1,55,80154.0,1.0,1,CESTM,1,CESTM,1,2024-05-20 12:59:41,,3,8
1627797432290487,547768846126144,2021,16,1,55,80154.0,3.0,1,CESTM,1,CESTM,1,2024-05-20 12:59:41,,3,8
1627797433290487,547768846126144,2021,16,1,55,80154.0,4.0,1,CESTM,1,CESTM,1,2024-05-20 12:59:41,,3,8
1627797303290487,547768845126144,2021,16,1,55,86497.0,4.0,1,CESTM,1,CESTM,1,2024-05-20 12:59:41,,3,8
1627797304290487,547768845126144,2021,16,1,55,86497.0,4.0,1,HICA10,1,HICA10,1,2024-05-20 12:59:41,,3,8
1627820289290487,547769191126144,2021,16,1,79,81923.0,1.0,1,HICA10,1,HICA10,1,2024-05-20 13:00:29,,3,8
1627820290290487,547769191126144,2021,16,1,79,81923.0,2.0,1,HICA10,1,HICA10,1,2024-05-20 13:00:29,,3,8
1627820291290487,547769191126144,2021,16,1,79,81923.0,4.0,1,HICA10,1,HICA10,1,2024-05-20 13:00:29,,3,8
1627823941290487,547769234126144,2021,16,1,49,82258.0,3.0,2,HICA10,1,HICA10,1,2024-05-20 13:00:31,,3,8
1627820549290487,547769193126144,2021,16,1,55,81231.0,3.0,1,HIAU,1,HIAU,1,2024-05-20 13:00:29,,3,8
1627820550290487,547769193126144,2021,16,1,55,81231.0,4.0,1,HIAU,1,HIAU,1,2024-05-20 13:00:29,,3,8
1627797572290487,547768849126144,2021,16,1,55,82460.0,1.0,1,CESTM,1,CESTM,3,2024-05-20 12:59:41,,3,8
1627797573290487,547768849126144,2021,16,1,55,82460.0,2.0,1,CESTM,1,CESTM,8,2024-05-20 12:59:41,,3,8
1627797574290487,547768849126144,2021,16,1,55,82460.0,3.0,1,CESTM,1,CESTM,10,2024-05-20 12:59:41,,3,8
1627797575290487,547768849126144,2021,16,1,55,82460.0,4.0,1,CESTM,1,CESTM,6,2024-05-20 12:59:41,,3,8
1627797576290487,547768849126144,2021,16,1,55,82460.0,4.0,1,CHJU,1,CHJU,1,2024-05-20 12:59:41,,3,8
1627820809290487,547769195126144,2021,16,1,55,83880.0,1.0,1,CIAR4,1,CIAR4,1,2024-05-20 13:00:29,,3,8
1627820810290487,547769195126144,2021,16,1,55,83880.0,2.0,1,CIAR4,1,CIAR4,1,2024-05-20 13:00:29,,3,8
1627820811290487,547769195126144,2021,16,1,55,83880.0,4.0,1,CIAR4,1,CIAR4,5,2024-05-20 13:00:29,,3,8
1627820812290487,547769195126144,2021,16,1,55,83880.0,1.0,1,HICA10,1,HICA10,1,2024-05-20 13:00:29,,3,8
1627803150290487,547768962126144,2021,16,1,57,86639.0,2.0,1,HIAU,1,HIAU,1,2024-05-20 12:59:58,,3,8
1627803151290487,547768962126144,2021,16,1,57,86639.0,3.0,1,HIAU,1,HIAU,1,2024-05-20 12:59:58,,3,8
1627803152290487,547768962126144,2021,16,1,57,86639.0,4.0,1,HIAU,1,HIAU,1,2024-05-20 12:59:58,,3,8
1627803153290487,547768962126144,2021,16,1,57,86639.0,1.0,1,HICA10,1,HICA10,1,2024-05-20 12:59:58,,3,8
1627803154290487,547768962126144,2021,16,1,57,86639.0,2.0,1,HICA10,1,HICA10,1,2024-05-20 12:59:58,,3,8
1627803155290487,547768962126144,2021,16,1,57,86639.0,3.0,1,HICA10,1,HICA10,1,2024-05-20 12:59:58,,3,8
1627788648290487,547768662126144,2021,16,1,57,88341.0,4.0,1,HICA10,1,HICA10,1,2024-05-20 12:59:27,,3,8
1627790087290487,547768677126144,2021,16,1,57,80384.0,1.0,1,HICA10,1,HICA10,1,2024-05-20 12:59:28,,3,8
1627790088290487,547768677126144,2021,16,1,57,80384.0,3.0,1,HICA10,1,HICA10,1,2024-05-20 12:59:28,,3,8
1627821572290487,547769202126144,2021,16,1,79,81574.0,3.0,1,CIAR4,1,CIAR4,1,2024-05-20 13:00:29,,3,8
1627821573290487,547769202126144,2021,16,1,79,81574.0,1.0,1,HICA10,1,HICA10,1,2024-05-20 13:00:29,,3,8
1627821574290487,547769202126144,2021,16,1,79,81574.0,3.0,1,HICA10,1,HICA10,1,2024-05-20 13:00:29,,3,8
1627821575290487,547769202126144,2021,16,1,79,81574.0,4.0,1,HICA10,1,HICA10,1,2024-05-20 13:00:29,,3,8
1627827028290487,547769295126144,2021,16,3,59,88410.0,4.0,1,CESTM,1,CESTM,1,2024-05-20 13:00:33,,3,8
1627809269290487,547769043126144,2021,16,1,79,87151.0,2.0,1,CESTM,1,CESTM,1,2024-05-20 13:00:07,,3,8
1627809270290487,547769043126144,2021,16,1,79,87151.0,2.0,1,HIAU,1,HIAU,1,2024-05-20 13:00:07,,3,8
1627802519290487,547768956126144,2021,16,1,49,81513.0,2.0,1,CIAR4,1,CIAR4,1,2024-05-20 12:59:54,,3,8
1627807263290487,547769021126144,2021,16,1,49,80775.0,2.0,1,CIAR4,1,CIAR4,1,2024-05-20 13:00:03,,3,8
1627812641290487,547769085126144,2021,16,1,49,87441.0,3.0,1,HICA10,1,HICA10,1,2024-05-20 13:00:13,,3,8
1627808630290487,547769036126144,2021,16,1,55,88207.0,1.0,1,CESTM,1,CESTM,1,2024-05-20 13:00:07,,3,8
1627808631290487,547769036126144,2021,16,1,55,88207.0,2.0,1,CESTM,1,CESTM,3,2024-05-20 13:00:07,,3,8
1627808632290487,547769036126144,2021,16,1,55,88207.0,3.0,1,CESTM,1,CESTM,1,2024-05-20 13:00:07,,3,8
1627797049290487,547768842126144,2021,16,1,17,83211.0,1.0,1,CIAR4,1,CIAR4,1,2024-05-20 12:59:41,,3,8
1627797050290487,547768842126144,2021,16,1,17,83211.0,1.0,1,HICA10,1,HICA10,4,2024-05-20 12:59:41,,3,8
1627797051290487,547768842126144,2021,16,1,17,83211.0,2.0,1,HICA10,1,HICA10,1,2024-05-20 12:59:41,,3,8
43156722010690,12268486010690,2007,16,1,9,86116.0,4.0,1,CIAR4,1,CIAR4,2,2011-08-23 17:27:47,,2,4
43157491010690,12270727010690,2007,16,1,17,83352.0,2.0,2,CEBI2,1,CESTM,2,2011-08-23 17:28:01,,2,4
43156651010690,12268178010690,2007,16,1,9,80204.0,1.0,1,CIAR4,1,CIAR4,2,2011-08-23 17:27:45,,2,4
43156652010690,12268178010690,2007,16,1,9,80204.0,2.0,1,CIAR4,1,CIAR4,2,2011-08-23 17:27:45,,2,4
43156653010690,12268178010690,2007,16,1,9,80204.0,3.0,1,CIAR4,1,CIAR4,2,2011-08-23 17:27:45,,2,4
43156654010690,12268178010690,2007,16,1,9,80204.0,4.0,1,CIAR4,1,CIAR4,2,2011-08-23 17:27:45,,2,4
43157559010690,12270836010690,2007,16,1,17,84899.0,4.0,1,CEBI2,1,CESTM,2,2011-08-23 17:28:02,,2,4
43157560010690,12270836010690,2007,16,1,17,84899.0,4.0,1,CIAR4,1,CIAR4,2,2011-08-23 17:28:02,,2,4
43154399010690,12274943010690,2007,16,1,35,81216.0,1.0,1,CEBI2,1,CESTM,2,2011-08-23 17:27:03,,2,4
43154400010690,12274943010690,2007,16,1,35,81216.0,2.0,1,CEBI2,1,CESTM,2,2011-08-23 17:27:03,,2,4
43154923010690,12276375010690,2007,16,3,37,84175.0,2.0,1,LELA2,1,LELA2,3,2011-08-23 17:27:12,,2,4
43154543010690,12275208010690,2007,16,1,35,84473.0,3.0,1,CIAR4,1,CIAR4,2,2011-08-23 17:27:05,,2,4
43156851010690,12268910010690,2007,16,3,11,85727.0,1.0,1,CEBI2,1,CESTM,2,2011-08-23 17:27:49,,2,4
43158001010690,12272097010690,2007,16,1,21,81981.0,4.0,3,HIAU,1,HIAU,2,2011-08-23 17:28:09,,2,4
43154699010690,12275573010690,2007,16,1,35,87550.0,4.0,1,CIAR4,1,CIAR4,2,2011-08-23 17:27:08,,2,4
43154696010690,12275573010690,2007,16,1,35,87550.0,1.0,1,CIAR4,1,CIAR4,2,2011-08-23 17:27:08,,2,4
43154697010690,12275573010690,2007,16,1,35,87550.0,2.0,1,CIAR4,1,CIAR4,2,2011-08-23 17:27:08,,2,4
43154698010690,12275573010690,2007,16,1,35,87550.0,3.0,1,CIAR4,1,CIAR4,2,2011-08-23 17:27:08,,2,4
43157330010690,12270131010690,2007,16,2,15,88210.0,1.0,1,CANU4,1,CANU4,2,2011-08-23 17:27:57,,2,4
43157331010690,12270131010690,2007,16,2,15,88210.0,2.0,1,CANU4,1,CANU4,2,2011-08-23 17:27:57,,2,4
43157332010690,12270131010690,2007,16,2,15,88210.0,3.0,1,CANU4,1,CANU4,2,2011-08-23 17:27:57,,2,4
43157333010690,12270131010690,2007,16,2,15,88210.0,4.0,1,CANU4,1,CANU4,2,2011-08-23 17:27:57,,2,4
43154161010690,12274280010690,2007,16,3,33,80364.0,1.0,1,CIAR4,1,CIAR4,2,2011-08-23 17:26:59,,2,4
43154162010690,12274280010690,2007,16,3,33,80364.0,2.0,1,CIAR4,1,CIAR4,2,2011-08-23 17:26:59,,2,4
43154674010690,12275528010690,2007,16,1,35,87329.0,1.0,1,CIAR4,1,CIAR4,2,2011-08-23 17:27:07,,2,4
43154675010690,12275528010690,2007,16,1,35,87329.0,4.0,1,CIAR4,1,CIAR4,2,2011-08-23 17:27:07,,2,4
43152385010690,12281295010690,2007,16,1,49,87805.0,1.0,1,CEBI2,1,CESTM,2,2011-08-23 17:26:27,,2,4
43152386010690,12281295010690,2007,16,1,49,87805.0,4.0,1,CEBI2,1,CESTM,2,2011-08-23 17:26:27,,2,4
43153740010690,12285346010690,2007,16,1,69,83331.0,4.0,2,CESO3,1,CESO3,2,2011-08-23 17:26:53,,2,4
43155557010690,12278283010690,2007,16,3,43,88977.0,1.0,1,CIAR4,1,CIAR4,2,2011-08-23 17:27:25,,2,4
43155558010690,12278283010690,2007,16,3,43,88977.0,4.0,1,CIAR4,1,CIAR4,2,2011-08-23 17:27:25,,2,4
43152703010690,12282294010690,2007,16,1,55,83172.0,3.0,1,CIAR4,1,CIAR4,2,2011-08-23 17:26:33,,2,4
43152717010690,12282329010690,2007,16,1,55,83201.0,1.0,1,HICA10,1,HICA10,2,2011-08-23 17:26:34,,2,4
43152718010690,12282329010690,2007,16,1,55,83201.0,4.0,1,HICA10,1,HICA10,2,2011-08-23 17:26:34,,2,4
43151215010690,12287641010690,2007,16,1,79,82726.0,1.0,1,HICA10,1,HICA10,2,2011-08-23 17:26:06,,2,4
43151216010690,12287641010690,2007,16,1,79,82726.0,2.0,1,HICA10,1,HICA10,2,2011-08-23 17:26:06,,2,4
43151217010690,12287641010690,2007,16,1,79,82726.0,4.0,1,HICA10,1,HICA10,2,2011-08-23 17:26:06,,2,4
43152666010690,12282187010690,2007,16,1,55,81469.0,1.0,1,CEBI2,1,CESTM,2,2011-08-23 17:26:33,,2,4
43152667010690,12282187010690,2007,16,1,55,81469.0,3.0,1,CEBI2,1,CESTM,2,2011-08-23 17:26:33,,2,4
43152668010690,12282187010690,2007,16,1,55,81469.0,4.0,1,CEBI2,1,CESTM,2,2011-08-23 17:26:33,,2,4
43151413010690,12288270010690,2007,16,1,79,87613.0,3.0,1,CIAR4,1,CIAR4,2,2011-08-23 17:26:10,,2,4
43152981010690,12282980010690,2007,16,3,59,80915.0,2.0,1,CEBI2,1,CESTM,2,2011-08-23 17:26:37,,2,4
43156141010690,12279865010690,2007,16,1,49,83347.0,2.0,1,CIAR4,1,CIAR4,2,2011-08-23 17:27:36,,2,4
43157524010690,12270796010690,2007,16,1,17,84690.0,1.0,1,CEBI2,1,CESTM,2,2011-08-23 17:28:02,,2,4
43157525010690,12270796010690,2007,16,1,17,84690.0,2.0,1,CEBI2,1,CESTM,2,2011-08-23 17:28:02,,2,4
43157526010690,12270796010690,2007,16,1,17,84690.0,3.0,1,CEBI2,1,CESTM,2,2011-08-23 17:28:02,,2,4
43157527010690,12270796010690,2007,16,1,17,84690.0,2.0,1,LIDA,1,LIDA,2,2011-08-23 17:28:02,,2,4
43157662010690,12271035010690,2007,16,1,17,86135.0,3.0,1,CEBI2,1,CESTM,2,2011-08-23 17:28:04,,2,4
43154608010690,12275320010690,2007,16,1,35,85458.0,1.0,1,CIAR4,1,CIAR4,2,2011-08-23 17:27:06,,2,4
43154609010690,12275320010690,2007,16,1,35,85458.0,4.0,1,CIAR4,1,CIAR4,2,2011-08-23 17:27:06,,2,4
43167492010690,31355227010690,2008,16,1,17,85346.0,2.0,1,CIAR4,1,CIAR4,2,2011-08-23 17:33:03,,2,5
43165768010690,31359775010690,2008,16,1,35,88555.0,1.0,1,CIAR4,1,CIAR4,2,2011-08-23 17:32:32,,2,5
43165769010690,31359775010690,2008,16,1,35,88555.0,3.0,1,CIAR4,1,CIAR4,2,2011-08-23 17:32:32,,2,5
43165770010690,31359775010690,2008,16,1,35,88555.0,1.0,1,ONAC,1,ONAC,2,2011-08-23 17:32:32,,2,5
43165771010690,31359775010690,2008,16,1,35,88555.0,4.0,1,HICA10,1,HICA10,2,2011-08-23 17:32:32,,2,5
43166507010690,31352406010690,2008,16,3,5,88419.0,3.0,2,CIAR4,1,CIAR4,2,2011-08-23 17:32:47,,2,5
43166705010690,31352947010690,2008,16,1,9,86369.0,2.0,1,HICA10,1,HICA10,2,2011-08-23 17:32:51,,2,5
43167384010690,31354987010690,2008,16,1,17,83182.0,1.0,1,CEBI2,1,CESTM,2,2011-08-23 17:33:02,,2,5
43167553010690,31355405010690,2008,16,1,17,87360.0,1.0,1,HICA10,1,HICA10,2,2011-08-23 17:33:05,,2,5
43167554010690,31355405010690,2008,16,1,17,87360.0,2.0,1,HICA10,1,HICA10,2,2011-08-23 17:33:05,,2,5
43167555010690,31355405010690,2008,16,1,17,87360.0,3.0,1,HICA10,1,HICA10,2,2011-08-23 17:33:05,,2,5
43167556010690,31355405010690,2008,16,1,17,87360.0,4.0,1,HICA10,1,HICA10,2,2011-08-23 17:33:05,,2,5
43167557010690,31355405010690,2008,16,1,17,87360.0,4.0,1,CEBI2,1,CESTM,2,2011-08-23 17:33:05,,2,5
325640017489998,188770303020004,2014,16,1,35,85897.0,2.0,1,HICA10,1,HICA10,5,2015-05-20 12:59:44,,3,1
325663784489998,188770709020004,2014,16,1,35,82346.0,1.0,1,CIAR4,1,CIAR4,1,2015-05-20 13:00:39,,3,1
325663785489998,188770709020004,2014,16,1,35,82346.0,2.0,1,CIAR4,1,CIAR4,1,2015-05-20 13:00:39,,3,1
325663786489998,188770709020004,2014,16,1,35,82346.0,3.0,1,CIAR4,1,CIAR4,1,2015-05-20 13:00:39,,3,1
325663787489998,188770709020004,2014,16,1,35,82346.0,4.0,1,CIAR4,1,CIAR4,1,2015-05-20 13:00:39,,3,1
325649370489998,188770516020004,2014,16,1,35,86840.0,1.0,1,CESTM,1,CESTM,10,2015-05-20 13:00:08,,3,1
325649371489998,188770516020004,2014,16,1,35,86840.0,1.0,2,CESTM,1,CESTM,2,2015-05-20 13:00:08,,3,1
325649372489998,188770516020004,2014,16,1,35,86840.0,3.0,2,CESTM,1,CESTM,1,2015-05-20 13:00:08,,3,1
325649373489998,188770516020004,2014,16,1,35,86840.0,4.0,1,CESTM,1,CESTM,2,2015-05-20 13:00:08,,3,1
325649374489998,188770516020004,2014,16,1,35,86840.0,4.0,2,CESTM,1,CESTM,1,2015-05-20 13:00:08,,3,1
387628806489998,188770658020004,2014,16,1,35,87551.0,4.0,1,CIAR4,1,CIAR4,1,2016-05-20 10:34:08,,3,1
325663911489998,188770710020004,2014,16,1,35,87417.0,1.0,1,CIAR4,1,CIAR4,1,2015-05-20 13:00:39,,3,1
325663912489998,188770710020004,2014,16,1,35,87417.0,4.0,1,HICA10,1,HICA10,1,2015-05-20 13:00:39,,3,1
325643755489998,188770392020004,2014,16,1,49,86489.0,3.0,1,CIAR4,1,CIAR4,1,2015-05-20 12:59:54,,3,1
325636784489998,188770243020004,2014,16,1,61,81665.0,1.0,1,CIAR4,1,CIAR4,1,2015-05-20 12:59:33,,3,1
325664181489998,188770713020004,2014,16,1,61,88902.0,3.0,1,CESO3,1,CESO3,1,2015-05-20 13:00:39,,3,1
325664182489998,188770713020004,2014,16,1,61,88902.0,4.0,1,CESO3,1,CESO3,1,2015-05-20 13:00:39,,3,1
325649889489998,188770523020004,2014,16,1,49,82065.0,2.0,1,CEDI3,1,CEDI3,1,2015-05-20 13:00:09,,3,1
325649890489998,188770523020004,2014,16,1,49,82065.0,3.0,1,CEDI3,1,CEDI3,5,2015-05-20 13:00:09,,3,1
325664523489998,188770719020004,2014,16,1,49,88079.0,4.0,2,CESO3,1,CESO3,1,2015-05-20 13:00:40,,3,1
325643488489998,188770390020004,2014,16,1,55,86049.0,2.0,1,CESTM,1,CESTM,1,2015-05-20 12:59:54,,3,1
325643489489998,188770390020004,2014,16,1,55,86049.0,1.0,1,CIAR4,1,CIAR4,1,2015-05-20 12:59:54,,3,1
325643490489998,188770390020004,2014,16,1,55,86049.0,2.0,1,CIAR4,1,CIAR4,1,2015-05-20 12:59:54,,3,1
325643491489998,188770390020004,2014,16,1,55,86049.0,3.0,1,CIAR4,1,CIAR4,1,2015-05-20 12:59:54,,3,1
325643492489998,188770390020004,2014,16,1,55,86049.0,4.0,1,CIAR4,1,CIAR4,2,2015-05-20 12:59:54,,3,1
325647617489998,188770495020004,2014,16,1,79,81032.0,3.0,2,CESTM,1,CESTM,1,2015-05-20 13:00:04,,3,1
325647618489998,188770495020004,2014,16,1,79,81032.0,4.0,2,CESTM,1,CESTM,1,2015-05-20 13:00:04,,3,1
325669650489998,188770789020004,2014,16,1,79,86713.0,3.0,1,CESTM,1,CESTM,1,2015-05-20 13:00:50,,3,1
325681458489998,188771079020004,2014,16,3,81,81874.0,4.0,1,CESTM,1,CESTM,1,2015-05-20 13:01:15,,3,1
325681459489998,188771079020004,2014,16,3,81,81874.0,4.0,1,CIAR4,1,CIAR4,1,2015-05-20 13:01:15,,3,1
325650948489998,188770538020004,2014,16,1,69,85565.0,4.0,1,CIAR4,1,CIAR4,1,2015-05-20 13:00:11,,3,1
325655965489998,188770609020004,2014,16,1,55,86267.0,3.0,1,CESTM,1,CESTM,1,2015-05-20 13:00:22,,3,1
325655966489998,188770609020004,2014,16,1,55,86267.0,3.0,1,HICA10,1,HICA10,1,2015-05-20 13:00:22,,3,1
325638459489998,188770278020004,2014,16,1,55,81761.0,1.0,1,LIDA,1,LIDA,1,2015-05-20 12:59:40,,3,1
325638460489998,188770278020004,2014,16,1,55,81761.0,2.0,1,LIDA,1,LIDA,1,2015-05-20 12:59:40,,3,1
325645794489998,188770433020004,2014,16,1,55,86791.0,1.0,1,HICA10,1,HICA10,1,2015-05-20 12:59:59,,3,1
325645795489998,188770433020004,2014,16,1,55,86791.0,3.0,2,HICA10,1,HICA10,1,2015-05-20 12:59:59,,3,1
325645796489998,188770433020004,2014,16,1,55,86791.0,4.0,1,HICA10,1,HICA10,1,2015-05-20 12:59:59,,3,1
325673549489998,188770841020004,2014,16,3,59,82990.0,3.0,1,CHJU,1,CHJU,1,2015-05-20 13:00:58,,3,1
325656621489998,188770615020004,2014,16,1,57,84164.0,1.0,1,HICA10,1,HICA10,4,2015-05-20 13:00:23,,3,1
325656622489998,188770615020004,2014,16,1,57,84164.0,2.0,1,HICA10,1,HICA10,2,2015-05-20 13:00:23,,3,1
325656623489998,188770615020004,2014,16,1,57,84164.0,3.0,1,HICA10,1,HICA10,1,2015-05-20 13:00:23,,3,1
325656624489998,188770615020004,2014,16,1,57,84164.0,4.0,1,HICA10,1,HICA10,1,2015-05-20 13:00:23,,3,1
325669431489998,188770788020004,2014,16,1,79,88823.0,1.0,1,CESTM,1,CESTM,1,2015-05-20 13:00:50,,3,1
325669432489998,188770788020004,2014,16,1,79,88823.0,1.0,2,CESTM,1,CESTM,1,2015-05-20 13:00:50,,3,1
325669433489998,188770788020004,2014,16,1,79,88823.0,2.0,2,CESTM,1,CESTM,1,2015-05-20 13:00:50,,3,1
325669434489998,188770788020004,2014,16,1,79,88823.0,4.0,2,CESTM,1,CESTM,1,2015-05-20 13:00:50,,3,1
325669435489998,188770788020004,2014,16,1,79,88823.0,4.0,2,HICA10,1,HICA10,2,2015-05-20 13:00:50,,3,1
325662233489998,188770683020004,2014,16,1,57,86166.0,3.0,2,CESTM,1,CESTM,1,2015-05-20 13:00:35,,3,1
325662234489998,188770683020004,2014,16,1,57,86166.0,1.0,2,HICA10,1,HICA10,1,2015-05-20 13:00:35,,3,1
325648608489998,188770510020004,2014,16,1,79,81906.0,2.0,1,HICA10,1,HICA10,4,2015-05-20 13:00:06,,3,1
325670041489998,188770794020004,2014,16,1,79,88947.0,4.0,1,CIAR4,1,CIAR4,1,2015-05-20 13:00:51,,3,1
325670042489998,188770794020004,2014,16,1,79,88947.0,4.0,1,HICA10,1,HICA10,2,2015-05-20 13:00:51,,3,1
325652655489998,188770569020004,2014,16,1,35,80871.0,1.0,1,CIAR4,1,CIAR4,1,2015-05-20 13:00:15,,3,1
325652656489998,188770569020004,2014,16,1,35,80871.0,2.0,1,CIAR4,1,CIAR4,1,2015-05-20 13:00:15,,3,1
325652657489998,188770569020004,2014,16,1,35,80871.0,3.0,1,CIAR4,1,CIAR4,2,2015-05-20 13:00:15,,3,1
387716922489998,188771523020004,2015,16,1,9,85748.0,2.0,1,CESTM,1,CESTM,1,2016-05-23 10:37:05,,3,2
387707652489998,188771356020004,2015,16,1,9,80211.0,1.0,1,CIAR4,1,CIAR4,1,2016-05-23 10:36:44,,3,2
387707653489998,188771356020004,2015,16,1,9,80211.0,2.0,1,CIAR4,1,CIAR4,1,2016-05-23 10:36:44,,3,2
387707654489998,188771356020004,2015,16,1,9,80211.0,3.0,1,CIAR4,1,CIAR4,1,2016-05-23 10:36:44,,3,2
387707655489998,188771356020004,2015,16,1,9,80211.0,4.0,1,CIAR4,1,CIAR4,1,2016-05-23 10:36:44,,3,2
387707656489998,188771356020004,2015,16,1,9,80211.0,1.0,1,HICA10,1,HICA10,1,2016-05-23 10:36:44,,3,2
387707657489998,188771356020004,2015,16,1,9,80211.0,2.0,1,HICA10,1,HICA10,1,2016-05-23 10:36:44,,3,2
387707658489998,188771356020004,2015,16,1,9,80211.0,3.0,1,HICA10,1,HICA10,1,2016-05-23 10:36:44,,3,2
387713786489998,188771479020004,2015,16,1,35,86541.0,1.0,1,CIAR4,1,CIAR4,1,2016-05-23 10:36:58,,3,2
387713787489998,188771479020004,2015,16,1,35,86541.0,3.0,1,CIAR4,1,CIAR4,4,2016-05-23 10:36:58,,3,2
387713788489998,188771479020004,2015,16,1,35,86541.0,4.0,1,CIAR4,1,CIAR4,4,2016-05-23 10:36:58,,3,2
387717295489998,188771526020004,2015,16,1,9,84463.0,1.0,1,HICA10,1,HICA10,1,2016-05-23 10:37:05,,3,2
273684968489998,40390663010690,2013,16,1,55,84817.0,1.0,1,HICA10,1,HICA10,1,2014-08-07 12:48:44,,2,10
387717296489998,188771526020004,2015,16,1,9,84463.0,2.0,1,HICA10,1,HICA10,1,2016-05-23 10:37:05,,3,2
387717298489998,188771526020004,2015,16,1,9,84463.0,4.0,1,HICA10,1,HICA10,1,2016-05-23 10:37:05,,3,2
387717173489998,188771525020004,2015,16,1,9,81881.0,1.0,1,CIAR4,1,CIAR4,2,2016-05-23 10:37:05,,3,2
387717174489998,188771525020004,2015,16,1,9,81881.0,2.0,3,CIAR4,1,CIAR4,1,2016-05-23 10:37:05,,3,2
387717175489998,188771525020004,2015,16,1,9,81881.0,3.0,1,CIAR4,1,CIAR4,1,2016-05-23 10:37:05,,3,2
387717176489998,188771525020004,2015,16,1,9,81881.0,4.0,3,CIAR4,1,CIAR4,1,2016-05-23 10:37:05,,3,2
387728292489998,188771670020004,2015,16,1,17,83732.0,1.0,1,CEDI3,1,CEDI3,2,2016-05-23 10:37:28,,3,2
387728293489998,188771670020004,2015,16,1,17,83732.0,3.0,1,CEDI3,1,CEDI3,1,2016-05-23 10:37:28,,3,2
387717924489998,188771531020004,2015,16,1,17,81689.0,4.0,1,CEDI3,1,CEDI3,25,2016-05-23 10:37:06,,3,2
387706874489998,188771346020004,2015,16,1,17,83125.0,1.0,1,CESTM,1,CESTM,3,2016-05-23 10:36:43,,3,2
387706875489998,188771346020004,2015,16,1,17,83125.0,2.0,1,CESTM,1,CESTM,5,2016-05-23 10:36:43,,3,2
387706876489998,188771346020004,2015,16,1,17,83125.0,4.0,1,CESTM,1,CESTM,15,2016-05-23 10:36:43,,3,2
387712958489998,188771472020004,2015,16,1,21,85500.0,4.0,1,CESTM,1,CESTM,1,2016-05-23 10:36:56,,3,2
387707935489998,188771367020004,2015,16,1,61,82036.0,3.0,3,CESO3,1,CESO3,1,2016-05-23 10:36:45,,3,2
387707936489998,188771367020004,2015,16,1,61,82036.0,3.0,3,CIAR4,1,CIAR4,2,2016-05-23 10:36:45,,3,2
387712183489998,188771453020004,2015,16,1,61,88995.0,1.0,1,CIAR4,1,CIAR4,1,2016-05-23 10:36:55,,3,2
387712184489998,188771453020004,2015,16,1,61,88995.0,3.0,1,CIAR4,1,CIAR4,1,2016-05-23 10:36:55,,3,2
387716822489998,188771522020004,2015,16,1,55,86183.0,3.0,1,CESTM,1,CESTM,1,2016-05-23 10:37:04,,3,2
387716823489998,188771522020004,2015,16,1,55,86183.0,1.0,1,HICA10,1,HICA10,1,2016-05-23 10:37:04,,3,2
387716824489998,188771522020004,2015,16,1,55,86183.0,3.0,1,HICA10,1,HICA10,1,2016-05-23 10:37:04,,3,2
387716825489998,188771522020004,2015,16,1,55,86183.0,4.0,1,HICA10,1,HICA10,1,2016-05-23 10:37:04,,3,2
387718308489998,188771534020004,2015,16,1,79,84284.0,3.0,2,CIAR4,1,CIAR4,1,2016-05-23 10:37:07,,3,2
387714034489998,188771481020004,2015,16,1,49,80337.0,2.0,1,CEDI3,1,CEDI3,1,2016-05-23 10:36:59,,3,2
387740006489998,188771983020004,2015,16,3,43,88195.0,4.0,1,CANU4,1,CANU4,1,2016-05-23 10:37:54,,3,2
387732703489998,188771743020004,2015,16,3,59,88038.0,1.0,1,CESTM,1,CESTM,1,2016-05-23 10:37:37,,3,2
387707002489998,188771347020004,2015,16,1,55,83149.0,1.0,1,CESTM,1,CESTM,2,2016-05-23 10:36:43,,3,2
387707003489998,188771347020004,2015,16,1,55,83149.0,2.0,1,CESTM,1,CESTM,5,2016-05-23 10:36:43,,3,2
387707004489998,188771347020004,2015,16,1,55,83149.0,3.0,1,CESTM,1,CESTM,1,2016-05-23 10:36:43,,3,2
387707005489998,188771347020004,2015,16,1,55,83149.0,4.0,1,CESTM,1,CESTM,4,2016-05-23 10:36:43,,3,2
387707259489998,188771349020004,2015,16,1,55,88980.0,1.0,2,CESTM,1,CESTM,10,2016-05-23 10:36:44,,3,2
387707260489998,188771349020004,2015,16,1,55,88980.0,2.0,2,CESTM,1,CESTM,3,2016-05-23 10:36:44,,3,2
387707261489998,188771349020004,2015,16,1,55,88980.0,3.0,2,CESTM,1,CESTM,10,2016-05-23 10:36:44,,3,2
387710318489998,188771432020004,2015,16,1,79,82905.0,4.0,1,CESTM,1,CESTM,1,2016-05-23 10:36:51,,3,2
387710319489998,188771432020004,2015,16,1,79,82905.0,1.0,1,CIAR4,1,CIAR4,1,2016-05-23 10:36:51,,3,2
387710320489998,188771432020004,2015,16,1,79,82905.0,2.0,1,CIAR4,1,CIAR4,1,2016-05-23 10:36:51,,3,2
387710321489998,188771432020004,2015,16,1,79,82905.0,4.0,1,CIAR4,1,CIAR4,1,2016-05-23 10:36:51,,3,2
387702211489998,188771243020004,2015,16,1,49,83066.0,1.0,1,CIAR4,1,CIAR4,1,2016-05-23 10:36:32,,3,2
387712049489998,188771448020004,2015,16,3,59,80415.0,3.0,1,CHJU,1,CHJU,1,2016-05-23 10:36:54,,3,2
387732592489998,188771742020004,2015,16,3,59,82087.0,1.0,1,CHJU,1,CHJU,1,2016-05-23 10:37:37,,3,2
387707389489998,188771352020004,2015,16,1,55,85592.0,1.0,1,CESTM,1,CESTM,1,2016-05-23 10:36:44,,3,2
387699282489998,188771199020004,2015,16,1,57,86139.0,1.0,1,CIAR4,1,CIAR4,1,2016-05-23 10:36:23,,3,2
387705398489998,188771311020004,2015,16,1,57,88692.0,1.0,1,CIAR4,1,CIAR4,8,2016-05-23 10:36:39,,3,2
672304774126144,188774234020004,2018,16,1,79,85708.0,4.0,1,HICA10,1,HICA10,1,2019-06-18 15:52:25,,3,5
672304889126144,188774235020004,2018,16,1,79,81136.0,1.0,1,HICA10,1,HICA10,1,2019-06-18 15:52:25,,3,5
672304890126144,188774235020004,2018,16,1,79,81136.0,2.0,1,HICA10,1,HICA10,1,2019-06-18 15:52:25,,3,5
672304891126144,188774235020004,2018,16,1,79,81136.0,4.0,1,HICA10,1,HICA10,1,2019-06-18 15:52:25,,3,5
672294907126144,188774086020004,2018,16,1,69,85943.0,2.0,1,CESO3,1,CESO3,12,2019-06-18 15:52:17,,3,5
672320615126144,188774451020004,2018,16,3,59,83022.0,3.0,1,CESTM,1,CESTM,1,2019-06-18 15:52:37,,3,5
672289180126144,188773977020004,2018,16,1,55,83075.0,2.0,1,HICA10,1,HICA10,1,2019-06-18 15:52:12,,3,5
672289181126144,188773977020004,2018,16,1,55,83075.0,4.0,1,HICA10,1,HICA10,1,2019-06-18 15:52:12,,3,5
672316145126144,188774400020004,2018,16,1,79,84370.0,1.0,1,CIAR4,1,CIAR4,1,2019-06-18 15:52:35,,3,5
672316146126144,188774400020004,2018,16,1,79,84370.0,2.0,1,CIAR4,1,CIAR4,1,2019-06-18 15:52:35,,3,5
672294769126144,188774085020004,2018,16,1,69,88886.0,3.0,1,CIAR4,1,CIAR4,1,2019-06-18 15:52:17,,3,5
672294770126144,188774085020004,2018,16,1,69,88886.0,4.0,1,CIAR4,1,CIAR4,1,2019-06-18 15:52:17,,3,5
672313252126144,188774354020004,2018,16,1,49,82399.0,2.0,1,CIAR4,1,CIAR4,1,2019-06-18 15:52:33,,3,5
672328523126144,188774679020004,2018,16,3,43,87374.0,1.0,1,CANU4,1,CANU4,1,2019-06-18 15:52:43,,3,5
672315833126144,188774397020004,2018,16,1,55,85232.0,2.0,1,CESTM,1,CESTM,1,2019-06-18 15:52:35,,3,5
672315834126144,188774397020004,2018,16,1,55,85232.0,2.0,1,CIAR4,1,CIAR4,1,2019-06-18 15:52:35,,3,5
672315835126144,188774397020004,2018,16,1,55,85232.0,1.0,1,HICA10,1,HICA10,1,2019-06-18 15:52:35,,3,5
672315836126144,188774397020004,2018,16,1,55,85232.0,2.0,1,HICA10,1,HICA10,1,2019-06-18 15:52:35,,3,5
672315837126144,188774397020004,2018,16,1,55,85232.0,4.0,1,HICA10,1,HICA10,1,2019-06-18 15:52:35,,3,5
672303288126144,188774223020004,2018,16,1,55,84311.0,4.0,1,HICA10,1,HICA10,1,2019-06-18 15:52:24,,3,5
672294116126144,188774072020004,2018,16,1,55,88461.0,1.0,1,CESTM,1,CESTM,6,2019-06-18 15:52:17,,3,5
672294117126144,188774072020004,2018,16,1,55,88461.0,2.0,1,CESTM,1,CESTM,6,2019-06-18 15:52:17,,3,5
672294118126144,188774072020004,2018,16,1,55,88461.0,3.0,2,CESTM,1,CESTM,10,2019-06-18 15:52:17,,3,5
672294119126144,188774072020004,2018,16,1,55,88461.0,4.0,1,CESTM,1,CESTM,5,2019-06-18 15:52:17,,3,5
672283400126144,188773879020004,2018,16,1,57,80676.0,2.0,1,CIAR4,1,CIAR4,1,2019-06-18 15:52:03,,3,5
672283401126144,188773879020004,2018,16,1,57,80676.0,4.0,1,HICA10,1,HICA10,1,2019-06-18 15:52:03,,3,5
672304048126144,188774229020004,2018,16,1,57,87013.0,1.0,1,CIAR4,1,CIAR4,3,2019-06-18 15:52:25,,3,5
672304049126144,188774229020004,2018,16,1,57,87013.0,2.0,1,CIAR4,1,CIAR4,4,2019-06-18 15:52:25,,3,5
672304050126144,188774229020004,2018,16,1,57,87013.0,3.0,1,CIAR4,1,CIAR4,2,2019-06-18 15:52:25,,3,5
672304051126144,188774229020004,2018,16,1,57,87013.0,4.0,1,CIAR4,1,CIAR4,2,2019-06-18 15:52:25,,3,5
672304052126144,188774229020004,2018,16,1,57,87013.0,1.0,1,HICA10,1,HICA10,1,2019-06-18 15:52:25,,3,5
672298543126144,188774159020004,2018,16,1,79,84730.0,2.0,1,CIAR4,1,CIAR4,1,2019-06-18 15:52:21,,3,5
672298544126144,188774159020004,2018,16,1,79,84730.0,4.0,1,CIAR4,1,CIAR4,1,2019-06-18 15:52:21,,3,5
672298545126144,188774159020004,2018,16,1,79,84730.0,4.0,1,HICA10,1,HICA10,1,2019-06-18 15:52:21,,3,5
672296948126144,188774144020004,2018,16,1,79,82862.0,2.0,1,CIAR4,1,CIAR4,1,2019-06-18 15:52:19,,3,5
672296949126144,188774144020004,2018,16,1,79,82862.0,1.0,1,HICA10,1,HICA10,1,2019-06-18 15:52:19,,3,5
672296950126144,188774144020004,2018,16,1,79,82862.0,2.0,1,HICA10,1,HICA10,2,2019-06-18 15:52:19,,3,5
672296951126144,188774144020004,2018,16,1,79,82862.0,3.0,1,HICA10,1,HICA10,1,2019-06-18 15:52:19,,3,5
672296952126144,188774144020004,2018,16,1,79,82862.0,4.0,1,HICA10,1,HICA10,1,2019-06-18 15:52:19,,3,5
672283525126144,188773880020004,2018,16,1,79,80495.0,1.0,1,CIAR4,1,CIAR4,4,2019-06-18 15:52:04,,3,5
672283526126144,188773880020004,2018,16,1,79,80495.0,3.0,1,CIAR4,1,CIAR4,1,2019-06-18 15:52:04,,3,5
672283527126144,188773880020004,2018,16,1,79,80495.0,4.0,1,CIAR4,1,CIAR4,3,2019-06-18 15:52:04,,3,5
672283528126144,188773880020004,2018,16,1,79,80495.0,2.0,1,HICA10,1,HICA10,1,2019-06-18 15:52:04,,3,5
672311185126144,188774327020004,2018,16,1,57,86200.0,3.0,1,CESTM,1,CESTM,1,2019-06-18 15:52:30,,3,5
672322946126144,188774500020004,2018,16,3,59,81312.0,3.0,1,CESTM,1,CESTM,1,2019-06-18 15:52:39,,3,5
672305276126144,188774238020004,2018,16,1,79,85034.0,4.0,2,HICA10,1,HICA10,1,2019-06-18 15:52:26,,3,5
672316279126144,188774401020004,2018,16,1,79,82016.0,1.0,1,CIAR4,1,CIAR4,1,2019-06-18 15:52:35,,3,5
672316280126144,188774401020004,2018,16,1,79,82016.0,2.0,1,CIAR4,1,CIAR4,1,2019-06-18 15:52:35,,3,5
672316281126144,188774401020004,2018,16,1,79,82016.0,3.0,1,CIAR4,1,CIAR4,1,2019-06-18 15:52:35,,3,5
672316282126144,188774401020004,2018,16,1,79,82016.0,4.0,1,CIAR4,1,CIAR4,1,2019-06-18 15:52:35,,3,5
672288721126144,188773970020004,2018,16,1,49,82603.0,1.0,1,CIAR4,1,CIAR4,1,2019-06-18 15:52:12,,3,5
672288722126144,188773970020004,2018,16,1,49,82603.0,3.0,1,CIAR4,1,CIAR4,1,2019-06-18 15:52:12,,3,5
672288723126144,188773970020004,2018,16,1,49,82603.0,4.0,1,CIAR4,1,CIAR4,1,2019-06-18 15:52:12,,3,5
672310446126144,188774320020004,2018,16,1,17,86119.0,2.0,1,HICA10,1,HICA10,1,2019-06-18 15:52:29,,3,5
672310447126144,188774320020004,2018,16,1,17,86119.0,4.0,1,HICA10,1,HICA10,1,2019-06-18 15:52:29,,3,5
672299395126144,188774177020004,2018,16,1,21,87499.0,2.0,1,CIAR4,1,CIAR4,1,2019-06-18 15:52:21,,3,5
672299396126144,188774177020004,2018,16,1,21,87499.0,4.0,1,CIAR4,1,CIAR4,1,2019-06-18 15:52:21,,3,5
672310204126144,188774318020004,2018,16,1,17,82619.0,1.0,1,HICA10,1,HICA10,1,2019-06-18 15:52:29,,3,5
672310205126144,188774318020004,2018,16,1,17,82619.0,3.0,1,HICA10,1,HICA10,1,2019-06-18 15:52:29,,3,5
672310206126144,188774318020004,2018,16,1,17,82619.0,4.0,1,HICA10,1,HICA10,1,2019-06-18 15:52:29,,3,5
672304174126144,188774230020004,2018,16,1,49,82178.0,1.0,1,CHJU,1,CHJU,2,2019-06-18 15:52:25,,3,5
672304175126144,188774230020004,2018,16,1,49,82178.0,3.0,1,CHJU,1,CHJU,2,2019-06-18 15:52:25,,3,5
672303679126144,188774226020004,2018,16,1,9,85200.0,3.0,1,HICA10,1,HICA10,2,2019-06-18 15:52:24,,3,5
672303680126144,188774226020004,2018,16,1,9,85200.0,4.0,1,HICA10,1,HICA10,1,2019-06-18 15:52:24,,3,5
753262527290487,354844778489998,2019,16,1,9,80643.0,3.0,1,HICA10,1,HICA10,8,2020-06-15 17:29:17,,3,6
753262528290487,354844778489998,2019,16,1,9,80643.0,4.0,1,HICA10,1,HICA10,3,2020-06-15 17:29:17,,3,6
753237233290487,354845203489998,2019,16,1,17,84782.0,4.0,2,HICA10,1,HICA10,1,2020-06-15 17:28:55,,3,6
753237473290487,354845206489998,2019,16,1,17,83439.0,1.0,1,CIAR4,1,CIAR4,1,2020-06-15 17:28:55,,3,6
753269902290487,354844937489998,2019,16,1,17,88694.0,1.0,2,CIAR4,1,CIAR4,1,2020-06-15 17:29:22,,3,6
753269903290487,354844937489998,2019,16,1,17,88694.0,2.0,2,HIAU,1,HIAU,1,2020-06-15 17:29:22,,3,6
753269904290487,354844937489998,2019,16,1,17,88694.0,4.0,2,HIAU,1,HIAU,1,2020-06-15 17:29:22,,3,6
753269905290487,354844937489998,2019,16,1,17,88694.0,1.0,2,HICA10,1,HICA10,1,2020-06-15 17:29:22,,3,6
753269906290487,354844937489998,2019,16,1,17,88694.0,2.0,2,HICA10,1,HICA10,2,2020-06-15 17:29:22,,3,6
753269907290487,354844937489998,2019,16,1,17,88694.0,4.0,2,HICA10,1,HICA10,1,2020-06-15 17:29:22,,3,6
753256228290487,354845555489998,2019,16,3,33,82058.0,1.0,1,CANU4,1,CANU4,1,2020-06-15 17:29:11,,3,6
753228266290487,354845084489998,2019,16,1,35,82583.0,4.0,1,HICA10,1,HICA10,1,2020-06-15 17:28:46,,3,6
753238086290487,354845211489998,2019,16,1,35,88362.0,1.0,1,HICA10,1,HICA10,1,2020-06-15 17:28:56,,3,6
753241742290487,354845258489998,2019,16,1,17,82017.0,1.0,1,HICA10,1,HICA10,1,2020-06-15 17:28:59,,3,6
753241743290487,354845258489998,2019,16,1,17,82017.0,3.0,2,HICA10,1,HICA10,1,2020-06-15 17:28:59,,3,6
753241744290487,354845258489998,2019,16,1,17,82017.0,4.0,1,HICA10,1,HICA10,1,2020-06-15 17:28:59,,3,6
753243034290487,354845286489998,2019,16,1,17,87040.0,3.0,3,CIAR4,1,CIAR4,1,2020-06-15 17:29:01,,3,6
753243035290487,354845286489998,2019,16,1,17,87040.0,1.0,1,HICA10,1,HICA10,1,2020-06-15 17:29:01,,3,6
753243036290487,354845286489998,2019,16,1,17,87040.0,2.0,1,HICA10,1,HICA10,3,2020-06-15 17:29:01,,3,6
753243037290487,354845286489998,2019,16,1,17,87040.0,3.0,1,HICA10,1,HICA10,1,2020-06-15 17:29:01,,3,6
753243038290487,354845286489998,2019,16,1,17,87040.0,3.0,3,HICA10,1,HICA10,1,2020-06-15 17:29:01,,3,6
753243039290487,354845286489998,2019,16,1,17,87040.0,4.0,1,HICA10,1,HICA10,1,2020-06-15 17:29:01,,3,6
753258644290487,354845609489998,2019,16,3,19,87147.0,1.0,1,CANU4,1,CANU4,1,2020-06-15 17:29:13,,3,6
753258645290487,354845609489998,2019,16,3,19,87147.0,2.0,1,CANU4,1,CANU4,3,2020-06-15 17:29:13,,3,6
753258646290487,354845609489998,2019,16,3,19,87147.0,1.0,1,CESTM,1,CESTM,2,2020-06-15 17:29:13,,3,6
753258647290487,354845609489998,2019,16,3,19,87147.0,2.0,1,CESTM,1,CESTM,2,2020-06-15 17:29:13,,3,6
753258648290487,354845609489998,2019,16,3,19,87147.0,3.0,1,CESTM,1,CESTM,1,2020-06-15 17:29:13,,3,6
753258649290487,354845609489998,2019,16,3,19,87147.0,1.0,1,CIAR4,1,CIAR4,1,2020-06-15 17:29:13,,3,6
753258650290487,354845609489998,2019,16,3,19,87147.0,2.0,1,CIAR4,1,CIAR4,1,2020-06-15 17:29:13,,3,6
753258651290487,354845609489998,2019,16,3,19,87147.0,3.0,1,CIAR4,1,CIAR4,1,2020-06-15 17:29:13,,3,6
753262171290487,354844773489998,2019,16,1,21,85287.0,4.0,2,CIAR4,1,CIAR4,1,2020-06-15 17:29:16,,3,6
753262172290487,354844773489998,2019,16,1,21,85287.0,1.0,2,HICA10,1,HICA10,1,2020-06-15 17:29:16,,3,6
753262173290487,354844773489998,2019,16,1,21,85287.0,2.0,2,HICA10,1,HICA10,1,2020-06-15 17:29:16,,3,6
753262174290487,354844773489998,2019,16,1,21,85287.0,4.0,2,HICA10,1,HICA10,2,2020-06-15 17:29:16,,3,6
753225967290487,354845059489998,2019,16,1,21,80983.0,4.0,1,CIAR4,1,CIAR4,1,2020-06-15 17:28:43,,3,6
753225968290487,354845059489998,2019,16,1,21,80983.0,2.0,1,HICA10,1,HICA10,1,2020-06-15 17:28:43,,3,6
753225969290487,354845059489998,2019,16,1,21,80983.0,3.0,1,HICA10,1,HICA10,3,2020-06-15 17:28:43,,3,6
753225970290487,354845059489998,2019,16,1,21,80983.0,4.0,1,HICA10,1,HICA10,4,2020-06-15 17:28:43,,3,6
753236994290487,354845201489998,2019,16,1,21,84121.0,2.0,2,HICA10,1,HICA10,2,2020-06-15 17:28:55,,3,6
753225830290487,354845057489998,2019,16,1,35,86278.0,1.0,1,CIAR4,1,CIAR4,1,2020-06-15 17:28:43,,3,6
753225831290487,354845057489998,2019,16,1,35,86278.0,2.0,3,CIAR4,1,CIAR4,1,2020-06-15 17:28:43,,3,6
753225832290487,354845057489998,2019,16,1,35,86278.0,3.0,1,CIAR4,1,CIAR4,1,2020-06-15 17:28:43,,3,6
753225833290487,354845057489998,2019,16,1,35,86278.0,1.0,1,HICA10,1,HICA10,1,2020-06-15 17:28:43,,3,6
753225834290487,354845057489998,2019,16,1,35,86278.0,2.0,3,HICA10,1,HICA10,1,2020-06-15 17:28:43,,3,6
753225835290487,354845057489998,2019,16,1,35,86278.0,3.0,1,HICA10,1,HICA10,1,2020-06-15 17:28:43,,3,6
753225836290487,354845057489998,2019,16,1,35,86278.0,4.0,1,HICA10,1,HICA10,1,2020-06-15 17:28:43,,3,6
753237107290487,354845202489998,2019,16,1,17,85737.0,1.0,1,HICA10,1,HICA10,1,2020-06-15 17:28:55,,3,6
753237108290487,354845202489998,2019,16,1,17,85737.0,2.0,1,HICA10,1,HICA10,1,2020-06-15 17:28:55,,3,6
753237109290487,354845202489998,2019,16,1,17,85737.0,3.0,1,HICA10,1,HICA10,1,2020-06-15 17:28:55,,3,6
753237110290487,354845202489998,2019,16,1,17,85737.0,4.0,1,HICA10,1,HICA10,1,2020-06-15 17:28:55,,3,6
753226869290487,354845066489998,2019,16,1,35,82280.0,4.0,1,CIAR4,1,CIAR4,1,2020-06-15 17:28:44,,3,6
753238807290487,354845221489998,2019,16,1,49,88877.0,3.0,1,CIAR4,1,CIAR4,1,2020-06-15 17:28:57,,3,6
753238808290487,354845221489998,2019,16,1,49,88877.0,4.0,1,CIAR4,1,CIAR4,2,2020-06-15 17:28:57,,3,6
753225126290487,354845031489998,2019,16,3,59,82954.0,2.0,1,CHJU,1,CHJU,1,2020-06-15 17:28:41,,3,6
753247061290487,354845332489998,2019,16,3,59,86263.0,2.0,1,CESTM,1,CESTM,1,2020-06-15 17:29:04,,3,6
753240264290487,354845236489998,2019,16,1,49,81381.0,3.0,1,CESTM,1,CESTM,18,2020-06-15 17:28:58,,3,6
753244152290487,354845296489998,2019,16,1,79,83200.0,1.0,1,CIAR4,1,CIAR4,2,2020-06-15 17:29:02,,3,6
753244153290487,354845296489998,2019,16,1,79,83200.0,2.0,1,CIAR4,1,CIAR4,1,2020-06-15 17:29:02,,3,6
753244154290487,354845296489998,2019,16,1,79,83200.0,3.0,1,CIAR4,1,CIAR4,1,2020-06-15 17:29:02,,3,6
387705399489998,188771311020004,2015,16,1,57,88692.0,2.0,1,CIAR4,1,CIAR4,20,2016-05-23 10:36:39,,3,2
387705400489998,188771311020004,2015,16,1,57,88692.0,3.0,1,CIAR4,1,CIAR4,4,2016-05-23 10:36:39,,3,2
387705401489998,188771311020004,2015,16,1,57,88692.0,4.0,1,CIAR4,1,CIAR4,10,2016-05-23 10:36:39,,3,2
387722184489998,188771575020004,2015,16,1,79,80473.0,1.0,1,CESTM,1,CESTM,1,2016-05-23 10:37:15,,3,2
387722185489998,188771575020004,2015,16,1,79,80473.0,2.0,1,CESTM,1,CESTM,1,2016-05-23 10:37:15,,3,2
387722186489998,188771575020004,2015,16,1,79,80473.0,3.0,1,CESTM,1,CESTM,2,2016-05-23 10:37:15,,3,2
387722187489998,188771575020004,2015,16,1,79,80473.0,4.0,1,CESTM,1,CESTM,1,2016-05-23 10:37:15,,3,2
387728921489998,188771694020004,2015,16,1,55,81789.0,1.0,1,CESTM,1,CESTM,15,2016-05-23 10:37:29,,3,2
387728922489998,188771694020004,2015,16,1,55,81789.0,2.0,1,CESTM,1,CESTM,5,2016-05-23 10:37:29,,3,2
387728923489998,188771694020004,2015,16,1,55,81789.0,3.0,1,CESTM,1,CESTM,2,2016-05-23 10:37:29,,3,2
387729398489998,188771700020004,2015,16,1,79,84455.0,3.0,2,CESTM,1,CESTM,1,2016-05-23 10:37:30,,3,2
387729399489998,188771700020004,2015,16,1,79,84455.0,1.0,1,HICA10,1,HICA10,1,2016-05-23 10:37:30,,3,2
387729400489998,188771700020004,2015,16,1,79,84455.0,2.0,1,HICA10,1,HICA10,1,2016-05-23 10:37:30,,3,2
387729401489998,188771700020004,2015,16,1,79,84455.0,3.0,2,HICA10,1,HICA10,3,2016-05-23 10:37:30,,3,2
486650820489998,188772376020004,2016,16,1,17,84216.0,3.0,1,HICA10,1,HICA10,35,2017-09-11 12:09:54,,3,3
486651317489998,188772382020004,2016,16,1,35,84445.0,1.0,1,CIAR4,1,CIAR4,3,2017-09-11 12:09:55,,3,3
486651318489998,188772382020004,2016,16,1,35,84445.0,2.0,1,CIAR4,1,CIAR4,1,2017-09-11 12:09:55,,3,3
486651319489998,188772382020004,2016,16,1,35,84445.0,3.0,1,CIAR4,1,CIAR4,1,2017-09-11 12:09:55,,3,3
486651320489998,188772382020004,2016,16,1,35,84445.0,4.0,1,CIAR4,1,CIAR4,5,2017-09-11 12:09:55,,3,3
486636920489998,188772091020004,2016,16,1,35,86159.0,2.0,2,CIAR4,1,CIAR4,1,2017-09-11 12:09:26,,3,3
486636921489998,188772091020004,2016,16,1,35,86159.0,4.0,1,CIAR4,1,CIAR4,1,2017-09-11 12:09:26,,3,3
486636767489998,188772089020004,2016,16,1,9,81201.0,1.0,1,CEDI3,1,CEDI3,1,2017-09-11 12:09:26,,3,3
486636768489998,188772089020004,2016,16,1,9,81201.0,2.0,1,CEDI3,1,CEDI3,7,2017-09-11 12:09:26,,3,3
486636769489998,188772089020004,2016,16,1,9,81201.0,2.0,2,CEDI3,1,CEDI3,2,2017-09-11 12:09:26,,3,3
486636770489998,188772089020004,2016,16,1,9,81201.0,1.0,1,HICA10,1,HICA10,6,2017-09-11 12:09:26,,3,3
486636771489998,188772089020004,2016,16,1,9,81201.0,4.0,1,HICA10,1,HICA10,5,2017-09-11 12:09:26,,3,3
486666942489998,188772591020004,2016,16,1,9,85616.0,1.0,1,CIAR4,1,CIAR4,1,2017-09-11 12:10:21,,3,3
486666943489998,188772591020004,2016,16,1,9,85616.0,2.0,1,CIAR4,1,CIAR4,1,2017-09-11 12:10:21,,3,3
486666944489998,188772591020004,2016,16,1,9,85616.0,3.0,1,CIAR4,1,CIAR4,1,2017-09-11 12:10:21,,3,3
486666945489998,188772591020004,2016,16,1,9,85616.0,4.0,1,CIAR4,1,CIAR4,1,2017-09-11 12:10:21,,3,3
486650079489998,188772370020004,2016,16,1,21,87244.0,1.0,1,HICA10,1,HICA10,1,2017-09-11 12:09:53,,3,3
486650080489998,188772370020004,2016,16,1,21,87244.0,2.0,1,HICA10,1,HICA10,1,2017-09-11 12:09:53,,3,3
486650081489998,188772370020004,2016,16,1,21,87244.0,3.0,1,HICA10,1,HICA10,1,2017-09-11 12:09:53,,3,3
486650082489998,188772370020004,2016,16,1,21,87244.0,4.0,1,HICA10,1,HICA10,1,2017-09-11 12:09:53,,3,3
486661190489998,188772512020004,2016,16,1,21,81148.0,1.0,1,HICA10,1,HICA10,20,2017-09-11 12:10:12,,3,3
486661191489998,188772512020004,2016,16,1,21,81148.0,2.0,1,HICA10,1,HICA10,10,2017-09-11 12:10:12,,3,3
486661192489998,188772512020004,2016,16,1,21,81148.0,3.0,1,HICA10,1,HICA10,20,2017-09-11 12:10:12,,3,3
486661193489998,188772512020004,2016,16,1,21,81148.0,4.0,1,HICA10,1,HICA10,10,2017-09-11 12:10:12,,3,3
486650453489998,188772373020004,2016,16,1,21,83175.0,1.0,1,HICA10,1,HICA10,1,2017-09-11 12:09:53,,3,3
486650454489998,188772373020004,2016,16,1,21,83175.0,2.0,1,HICA10,1,HICA10,1,2017-09-11 12:09:53,,3,3
486650455489998,188772373020004,2016,16,1,21,83175.0,3.0,1,HICA10,1,HICA10,1,2017-09-11 12:09:53,,3,3
486650456489998,188772373020004,2016,16,1,21,83175.0,4.0,1,HICA10,1,HICA10,1,2017-09-11 12:09:53,,3,3
486650582489998,188772374020004,2016,16,1,21,84328.0,1.0,1,HICA10,1,HICA10,1,2017-09-11 12:09:53,,3,3
486648474489998,188772340020004,2016,16,1,35,88494.0,4.0,1,HICA10,1,HICA10,1,2017-09-11 12:09:50,,3,3
486672598489998,188772693020004,2016,16,1,35,84742.0,2.0,1,HICA10,1,HICA10,2,2017-09-11 12:10:31,,3,3
486637420489998,188772099020004,2016,16,1,49,81802.0,3.0,1,CESTM,1,CESTM,2,2017-09-11 12:09:27,,3,3
486637421489998,188772099020004,2016,16,1,49,81802.0,1.0,1,HICA10,1,HICA10,10,2017-09-11 12:09:27,,3,3
486643675489998,188772214020004,2016,16,1,69,82887.0,2.0,1,ONAC,1,ONAC,1,2017-09-11 12:09:41,,3,3
486673550489998,188772701020004,2016,16,3,59,85990.0,2.0,1,CESTM,1,CESTM,1,2017-09-11 12:10:33,,3,3
486670912489998,188772647020004,2016,16,3,59,82397.0,2.0,1,CESTM,1,CESTM,2,2017-09-11 12:10:28,,3,3
486653918489998,188772420020004,2016,16,1,55,82760.0,2.0,1,HIAU,1,HIAU,4,2017-09-11 12:09:59,,3,3
486653919489998,188772420020004,2016,16,1,55,82760.0,4.0,1,HIAU,1,HIAU,3,2017-09-11 12:09:59,,3,3
486653920489998,188772420020004,2016,16,1,55,82760.0,1.0,1,LIVU2,1,LIVU2,1,2017-09-11 12:09:59,,3,3
530721571126144,188772579020004,2016,16,1,49,86860.0,3.0,1,CIAR4,1,CIAR4,1,2018-04-12 16:34:16,,3,3
486654051489998,188772422020004,2016,16,1,55,85182.0,1.0,1,HICA10,1,HICA10,1,2017-09-11 12:09:59,,3,3
486654052489998,188772422020004,2016,16,1,55,85182.0,3.0,1,HICA10,1,HICA10,1,2017-09-11 12:09:59,,3,3
486654053489998,188772422020004,2016,16,1,55,85182.0,4.0,1,HICA10,1,HICA10,1,2017-09-11 12:10:00,,3,3
486645425489998,188772268020004,2016,16,1,57,86006.0,2.0,1,CIAR4,1,CIAR4,1,2017-09-11 12:09:44,,3,3
387717297489998,188771526020004,2015,16,1,9,84463.0,3.0,1,HICA10,1,HICA10,1,2016-05-23 10:37:05,,3,2
486639973489998,188772144020004,2016,16,1,79,87532.0,1.0,1,CIAR4,1,CIAR4,1,2017-09-11 12:09:33,,3,3
486639974489998,188772144020004,2016,16,1,79,87532.0,2.0,1,CIAR4,1,CIAR4,1,2017-09-11 12:09:33,,3,3
486639975489998,188772144020004,2016,16,1,79,87532.0,3.0,1,CIAR4,1,CIAR4,1,2017-09-11 12:09:33,,3,3
486635515489998,188772060020004,2016,16,1,79,86885.0,1.0,1,CIAR4,1,CIAR4,1,2017-09-11 12:09:22,,3,3
486635516489998,188772060020004,2016,16,1,79,86885.0,2.0,1,CIAR4,1,CIAR4,1,2017-09-11 12:09:22,,3,3
486635517489998,188772060020004,2016,16,1,79,86885.0,3.0,1,CIAR4,1,CIAR4,1,2017-09-11 12:09:22,,3,3
486635518489998,188772060020004,2016,16,1,79,86885.0,4.0,1,CIAR4,1,CIAR4,1,2017-09-11 12:09:22,,3,3
486635519489998,188772060020004,2016,16,1,79,86885.0,1.0,1,HICA10,1,HICA10,1,2017-09-11 12:09:22,,3,3
486635520489998,188772060020004,2016,16,1,79,86885.0,3.0,1,HICA10,1,HICA10,5,2017-09-11 12:09:22,,3,3
486635521489998,188772060020004,2016,16,1,79,86885.0,4.0,1,HICA10,1,HICA10,1,2017-09-11 12:09:22,,3,3
486647812489998,188772335020004,2016,16,1,79,84581.0,1.0,1,HICA10,1,HICA10,1,2017-09-11 12:09:49,,3,3
486647813489998,188772335020004,2016,16,1,79,84581.0,2.0,1,HICA10,1,HICA10,1,2017-09-11 12:09:49,,3,3
486647814489998,188772335020004,2016,16,1,79,84581.0,3.0,1,HICA10,1,HICA10,1,2017-09-11 12:09:49,,3,3
486666818489998,188772590020004,2016,16,1,79,86761.0,1.0,1,CESTM,1,CESTM,1,2017-09-11 12:10:21,,3,3
486666819489998,188772590020004,2016,16,1,79,86761.0,1.0,1,HICA10,1,HICA10,1,2017-09-11 12:10:21,,3,3
486666820489998,188772590020004,2016,16,1,79,86761.0,2.0,1,HICA10,1,HICA10,1,2017-09-11 12:10:21,,3,3
486666821489998,188772590020004,2016,16,1,79,86761.0,3.0,1,HICA10,1,HICA10,1,2017-09-11 12:10:21,,3,3
486637544489998,188772100020004,2016,16,1,49,80177.0,3.0,1,CESTM,1,CESTM,5,2017-09-11 12:09:28,,3,3
486637545489998,188772100020004,2016,16,1,49,80177.0,4.0,1,CESTM,1,CESTM,10,2017-09-11 12:09:28,,3,3
486654316489998,188772425020004,2016,16,1,9,88666.0,4.0,1,CESTM,1,CESTM,1,2017-09-11 12:10:00,,3,3
486654317489998,188772425020004,2016,16,1,9,88666.0,1.0,1,HICA10,1,HICA10,8,2017-09-11 12:10:00,,3,3
486654318489998,188772425020004,2016,16,1,9,88666.0,3.0,1,HICA10,1,HICA10,7,2017-09-11 12:10:00,,3,3
486654319489998,188772425020004,2016,16,1,9,88666.0,4.0,1,HICA10,1,HICA10,10,2017-09-11 12:10:00,,3,3
531072043126144,188773303020004,2017,16,1,9,80785.0,1.0,1,HICA10,1,HICA10,1,2018-04-18 14:07:16,,3,4
531072044126144,188773303020004,2017,16,1,9,80785.0,2.0,1,HICA10,1,HICA10,3,2018-04-18 14:07:16,,3,4
531072045126144,188773303020004,2017,16,1,9,80785.0,3.0,1,HICA10,1,HICA10,1,2018-04-18 14:07:16,,3,4
531072046126144,188773303020004,2017,16,1,9,80785.0,4.0,1,HICA10,1,HICA10,1,2018-04-18 14:07:16,,3,4
531063421126144,188773145020004,2017,16,1,9,86116.0,1.0,1,CESTM,1,CESTM,1,2018-04-18 14:07:06,,3,4
531063422126144,188773145020004,2017,16,1,9,86116.0,2.0,1,CESTM,1,CESTM,1,2018-04-18 14:07:06,,3,4
531063423126144,188773145020004,2017,16,1,9,86116.0,4.0,1,CESTM,1,CESTM,1,2018-04-18 14:07:06,,3,4
531063424126144,188773145020004,2017,16,1,9,86116.0,1.0,1,CIAR4,1,CIAR4,2,2018-04-18 14:07:06,,3,4
531063425126144,188773145020004,2017,16,1,9,86116.0,2.0,1,CIAR4,1,CIAR4,1,2018-04-18 14:07:06,,3,4
531063426126144,188773145020004,2017,16,1,9,86116.0,3.0,1,CIAR4,1,CIAR4,1,2018-04-18 14:07:06,,3,4
531063427126144,188773145020004,2017,16,1,9,86116.0,4.0,1,CIAR4,1,CIAR4,1,2018-04-18 14:07:06,,3,4
531063428126144,188773145020004,2017,16,1,9,86116.0,2.0,1,HICA10,1,HICA10,1,2018-04-18 14:07:06,,3,4
531072171126144,188773304020004,2017,16,1,9,86212.0,1.0,1,HICA10,1,HICA10,1,2018-04-18 14:07:16,,3,4
531072172126144,188773304020004,2017,16,1,9,86212.0,2.0,1,HICA10,1,HICA10,1,2018-04-18 14:07:16,,3,4
531072173126144,188773304020004,2017,16,1,9,86212.0,3.0,1,HICA10,1,HICA10,1,2018-04-18 14:07:16,,3,4
531075223126144,188773333020004,2017,16,1,17,83352.0,2.0,2,CESTM,1,CESTM,1,2018-04-18 14:07:19,,3,4
531056707126144,188773016020004,2017,16,1,35,81815.0,2.0,2,CIAR4,1,CIAR4,1,2018-04-18 14:06:54,,3,4
531062195126144,188773120020004,2017,16,1,9,80204.0,1.0,1,CESTM,1,CESTM,1,2018-04-18 14:07:05,,3,4
531062196126144,188773120020004,2017,16,1,9,80204.0,2.0,1,CESTM,1,CESTM,1,2018-04-18 14:07:05,,3,4
531062197126144,188773120020004,2017,16,1,9,80204.0,4.0,1,CESTM,1,CESTM,15,2018-04-18 14:07:05,,3,4
531062198126144,188773120020004,2017,16,1,9,80204.0,1.0,1,CIAR4,1,CIAR4,1,2018-04-18 14:07:05,,3,4
531062199126144,188773120020004,2017,16,1,9,80204.0,2.0,1,CIAR4,1,CIAR4,1,2018-04-18 14:07:05,,3,4
531062200126144,188773120020004,2017,16,1,9,80204.0,4.0,1,CIAR4,1,CIAR4,1,2018-04-18 14:07:05,,3,4
531063548126144,188773146020004,2017,16,1,9,80680.0,2.0,1,CIAR4,1,CIAR4,1,2018-04-18 14:07:06,,3,4
531063549126144,188773146020004,2017,16,1,9,80680.0,4.0,1,CIAR4,1,CIAR4,1,2018-04-18 14:07:06,,3,4
531062059126144,188773119020004,2017,16,1,17,81393.0,3.0,1,CIAR4,1,CIAR4,1,2018-04-18 14:07:05,,3,4
531062060126144,188773119020004,2017,16,1,17,81393.0,3.0,1,HICA10,1,HICA10,2,2018-04-18 14:07:05,,3,4
531084938126144,188773484020004,2017,16,1,17,80174.0,3.0,1,CIAR4,1,CIAR4,1,2018-04-18 14:07:28,,3,4
531059759126144,188773081020004,2017,16,1,17,84899.0,1.0,1,CESTM,1,CESTM,1,2018-04-18 14:07:00,,3,4
531059760126144,188773081020004,2017,16,1,17,84899.0,4.0,1,CESTM,1,CESTM,5,2018-04-18 14:07:00,,3,4
531096479126144,188773677020004,2017,16,3,33,82403.0,1.0,1,CIAR4,1,CIAR4,1,2018-04-18 14:07:39,,3,4
531096480126144,188773677020004,2017,16,3,33,82403.0,1.0,2,CIAR4,1,CIAR4,1,2018-04-18 14:07:39,,3,4
531077841126144,188773368020004,2017,16,1,35,81216.0,1.0,1,CESTM,1,CESTM,1,2018-04-18 14:07:21,,3,4
531077842126144,188773368020004,2017,16,1,35,81216.0,2.0,1,CESTM,1,CESTM,1,2018-04-18 14:07:21,,3,4
531077843126144,188773368020004,2017,16,1,35,81216.0,3.0,1,CESTM,1,CESTM,1,2018-04-18 14:07:21,,3,4
531077844126144,188773368020004,2017,16,1,35,81216.0,4.0,1,CESTM,1,CESTM,1,2018-04-18 14:07:21,,3,4
531090260126144,188773544020004,2017,16,3,37,84175.0,2.0,1,LELA2,1,LELA2,3,2018-04-18 14:07:34,,3,4
531079334126144,188773405020004,2017,16,1,35,84473.0,3.0,1,CIAR4,1,CIAR4,1,2018-04-18 14:07:23,,3,4
531078586126144,188773398020004,2017,16,1,17,80741.0,4.0,2,CIAR4,1,CIAR4,1,2018-04-18 14:07:23,,3,4
531079856126144,188773409020004,2017,16,1,21,83962.0,4.0,1,HICA10,1,HICA10,1,2018-04-18 14:07:23,,3,4
531080228126144,188773412020004,2017,16,1,35,87550.0,4.0,1,CIAR4,1,CIAR4,1,2018-04-18 14:07:24,,3,4
531099919126144,188773798020004,2017,16,3,19,85131.0,4.0,1,CEDI3,1,CEDI3,10,2018-04-18 14:07:43,,3,4
753244155290487,354845296489998,2019,16,1,79,83200.0,4.0,1,CIAR4,1,CIAR4,1,2020-06-15 17:29:02,,3,6
753230918290487,354845115489998,2019,16,1,79,83904.0,1.0,1,HICA10,1,HICA10,1,2020-06-15 17:28:49,,3,6
753230919290487,354845115489998,2019,16,1,79,83904.0,3.0,1,HICA10,1,HICA10,1,2020-06-15 17:28:49,,3,6
753230920290487,354845115489998,2019,16,1,79,83904.0,4.0,1,HICA10,1,HICA10,1,2020-06-15 17:28:49,,3,6
753247187290487,354845335489998,2019,16,3,59,84656.0,1.0,1,CESTM,1,CESTM,1,2020-06-15 17:29:04,,3,6
753247188290487,354845335489998,2019,16,3,59,84656.0,2.0,1,CESTM,1,CESTM,1,2020-06-15 17:29:04,,3,6
753247189290487,354845335489998,2019,16,3,59,84656.0,4.0,1,CESTM,1,CESTM,1,2020-06-15 17:29:04,,3,6
753250867290487,354845390489998,2019,16,3,59,81939.0,2.0,1,CESTM,1,CESTM,12,2020-06-15 17:29:07,,3,6
753250868290487,354845390489998,2019,16,3,59,81939.0,4.0,1,CESTM,1,CESTM,1,2020-06-15 17:29:07,,3,6
753267903290487,354844900489998,2019,16,1,55,85355.0,2.0,1,CESTM,1,CESTM,2,2020-06-15 17:29:21,,3,6
753267904290487,354844900489998,2019,16,1,55,85355.0,3.0,1,CESTM,1,CESTM,5,2020-06-15 17:29:21,,3,6
753267905290487,354844900489998,2019,16,1,55,85355.0,1.0,1,HIAU,1,HIAU,1,2020-06-15 17:29:21,,3,6
753267906290487,354844900489998,2019,16,1,55,85355.0,2.0,1,HICA10,1,HICA10,1,2020-06-15 17:29:21,,3,6
753267907290487,354844900489998,2019,16,1,55,85355.0,3.0,1,HICA10,1,HICA10,1,2020-06-15 17:29:21,,3,6
753231151290487,354845117489998,2019,16,1,79,81152.0,2.0,1,CEDI3,1,CEDI3,1,2020-06-15 17:28:49,,3,6
753244048290487,354845294489998,2019,16,1,79,83647.0,1.0,1,CESTM,1,CESTM,2,2020-06-15 17:29:01,,3,6
753244049290487,354845294489998,2019,16,1,79,83647.0,2.0,1,CESTM,1,CESTM,1,2020-06-15 17:29:01,,3,6
753249737290487,354845377489998,2019,16,1,49,82071.0,1.0,1,CESTM,1,CESTM,1,2020-06-15 17:29:06,,3,6
753249738290487,354845377489998,2019,16,1,49,82071.0,4.0,1,CESTM,1,CESTM,1,2020-06-15 17:29:06,,3,6
753229995290487,354845105489998,2019,16,1,55,81515.0,2.0,2,CESTM,1,CESTM,2,2020-06-15 17:28:48,,3,6
753238663290487,354845217489998,2019,16,1,49,83770.0,3.0,1,CIAR4,1,CIAR4,1,2020-06-15 17:28:57,,3,6
753238664290487,354845217489998,2019,16,1,49,83770.0,1.0,1,HICA10,1,HICA10,1,2020-06-15 17:28:57,,3,6
753238665290487,354845217489998,2019,16,1,49,83770.0,3.0,1,HICA10,1,HICA10,1,2020-06-15 17:28:57,,3,6
43128180010690,4723244010690,2004,16,1,35,85233.0,1.0,1,CANU4,1,CANU4,2,2011-08-23 17:10:21,,2,1
43128181010690,4723244010690,2004,16,1,35,85233.0,3.0,1,CANU4,1,CANU4,2,2011-08-23 17:10:21,,2,1
43128182010690,4723244010690,2004,16,1,35,85233.0,4.0,1,CANU4,1,CANU4,2,2011-08-23 17:10:21,,2,1
43128183010690,4723244010690,2004,16,1,35,85233.0,1.0,1,CIAR4,1,CIAR4,2,2011-08-23 17:10:21,,2,1
43130665010690,4718670010690,2004,16,1,17,84775.0,4.0,1,HIAU,1,HIAU,2,2011-08-23 17:11:04,,2,1
43130666010690,4718670010690,2004,16,1,17,84775.0,4.0,1,SEJA,1,SEJA,2,2011-08-23 17:11:04,,2,1
43130667010690,4718670010690,2004,16,1,17,84775.0,3.0,1,ONAC,1,ONAC,2,2011-08-23 17:11:04,,2,1
43130668010690,4718670010690,2004,16,1,17,84775.0,4.0,1,ONAC,1,ONAC,2,2011-08-23 17:11:04,,2,1
43130891010690,4719400010690,2004,16,3,19,84471.0,4.0,1,CIAR4,1,CIAR4,2,2011-08-23 17:11:08,,2,1
43130113010690,4717145010690,2004,16,3,13,85008.0,1.0,1,CIAR4,1,CIAR4,2,2011-08-23 17:10:55,,2,1
43130114010690,4717145010690,2004,16,3,13,85008.0,2.0,1,CIAR4,1,CIAR4,2,2011-08-23 17:10:55,,2,1
43130115010690,4717145010690,2004,16,3,13,85008.0,3.0,1,CIAR4,1,CIAR4,2,2011-08-23 17:10:55,,2,1
43130775010690,4719042010690,2004,16,1,17,87265.0,1.0,2,CEBI2,1,CESTM,2,2011-08-23 17:11:06,,2,1
43130776010690,4719042010690,2004,16,1,17,87265.0,3.0,2,CEBI2,1,CESTM,2,2011-08-23 17:11:06,,2,1
43130777010690,4719042010690,2004,16,1,17,87265.0,4.0,2,CEBI2,1,CESTM,2,2011-08-23 17:11:06,,2,1
43130988010690,4719667010690,2004,16,1,21,81011.0,1.0,1,HICA10,1,HICA10,2,2011-08-23 17:11:09,,2,1
43130989010690,4719667010690,2004,16,1,21,81011.0,3.0,1,HICA10,1,HICA10,2,2011-08-23 17:11:09,,2,1
43127968010690,4722681010690,2004,16,1,35,82346.0,3.0,1,CIAR4,1,CIAR4,2,2011-08-23 17:10:18,,2,1
43127969010690,4722681010690,2004,16,1,35,82346.0,4.0,1,CIAR4,1,CIAR4,2,2011-08-23 17:10:18,,2,1
43128197010690,4723264010690,2004,16,1,35,85717.0,1.0,1,CANU4,1,CANU4,2,2011-08-23 17:10:21,,2,1
43128198010690,4723264010690,2004,16,1,35,85717.0,3.0,1,CANU4,1,CANU4,2,2011-08-23 17:10:21,,2,1
753269284290487,354844923489998,2019,16,1,57,81266.0,1.0,1,CIAR4,1,CIAR4,1,2020-06-15 17:29:22,,3,6
753261920290487,354844771489998,2019,16,1,57,87145.0,1.0,1,CIAR4,1,CIAR4,1,2020-06-15 17:29:16,,3,6
753261921290487,354844771489998,2019,16,1,57,87145.0,4.0,1,CIAR4,1,CIAR4,1,2020-06-15 17:29:16,,3,6
753261922290487,354844771489998,2019,16,1,57,87145.0,1.0,1,HICA10,1,HICA10,1,2020-06-15 17:29:16,,3,6
753261923290487,354844771489998,2019,16,1,57,87145.0,2.0,2,HICA10,1,HICA10,1,2020-06-15 17:29:16,,3,6
753261924290487,354844771489998,2019,16,1,57,87145.0,3.0,1,HICA10,1,HICA10,1,2020-06-15 17:29:16,,3,6
753261925290487,354844771489998,2019,16,1,57,87145.0,4.0,1,HICA10,1,HICA10,1,2020-06-15 17:29:16,,3,6
753230788290487,354845113489998,2019,16,1,57,87614.0,1.0,1,CIAR4,1,CIAR4,1,2020-06-15 17:28:49,,3,6
753230789290487,354845113489998,2019,16,1,57,87614.0,2.0,1,CIAR4,1,CIAR4,1,2020-06-15 17:28:49,,3,6
753230790290487,354845113489998,2019,16,1,57,87614.0,3.0,1,CIAR4,1,CIAR4,1,2020-06-15 17:28:49,,3,6
753230791290487,354845113489998,2019,16,1,57,87614.0,4.0,1,CIAR4,1,CIAR4,1,2020-06-15 17:28:49,,3,6
753227135290487,354845068489998,2019,16,1,49,87150.0,2.0,1,CIAR4,1,CIAR4,1,2020-06-15 17:28:44,,3,6
753227136290487,354845068489998,2019,16,1,49,87150.0,4.0,1,CIAR4,1,CIAR4,1,2020-06-15 17:28:44,,3,6
753230673290487,354845112489998,2019,16,1,57,81838.0,2.0,1,HICA10,1,HICA10,1,2020-06-15 17:28:49,,3,6
753230674290487,354845112489998,2019,16,1,57,81838.0,4.0,1,HICA10,1,HICA10,1,2020-06-15 17:28:49,,3,6
753271484290487,354844981489998,2019,16,1,17,84047.0,1.0,1,CIAR4,1,CIAR4,1,2020-06-15 17:29:24,,3,6
753271485290487,354844981489998,2019,16,1,17,84047.0,4.0,1,HICA10,1,HICA10,1,2020-06-15 17:29:24,,3,6
753227001290487,354845067489998,2019,16,1,35,81503.0,2.0,1,HICA10,1,HICA10,1,2020-06-15 17:28:44,,3,6
1627748430290487,355078174489998,2020,16,1,9,84061.0,1.0,1,CHJU,1,CHJU,4,2024-05-20 12:57:57,,3,7
1627748431290487,355078174489998,2020,16,1,9,84061.0,2.0,1,CHJU,1,CHJU,10,2024-05-20 12:57:57,,3,7
1627748432290487,355078174489998,2020,16,1,9,84061.0,4.0,1,CHJU,1,CHJU,10,2024-05-20 12:57:57,,3,7
1627748433290487,355078174489998,2020,16,1,9,84061.0,3.0,1,HICA10,1,HICA10,1,2024-05-20 12:57:57,,3,7
1627766253290487,355078450489998,2020,16,1,17,82269.0,1.0,1,HICA10,1,HICA10,1,2024-05-20 12:58:38,,3,7
1627766254290487,355078450489998,2020,16,1,17,82269.0,3.0,1,HICA10,1,HICA10,1,2024-05-20 12:58:38,,3,7
1627754318290487,355078298489998,2020,16,1,17,83559.0,1.0,1,HICA10,1,HICA10,1,2024-05-20 12:58:09,,3,7
1627754319290487,355078298489998,2020,16,1,17,83559.0,2.0,1,HICA10,1,HICA10,1,2024-05-20 12:58:09,,3,7
1627754320290487,355078298489998,2020,16,1,17,83559.0,3.0,1,HICA10,1,HICA10,1,2024-05-20 12:58:09,,3,7
1627754321290487,355078298489998,2020,16,1,17,83559.0,4.0,1,HICA10,1,HICA10,1,2024-05-20 12:58:09,,3,7
1627747794290487,355078164489998,2020,16,1,17,82986.0,2.0,1,CIAR4,1,CIAR4,1,2024-05-20 12:57:54,,3,7
1627747795290487,355078164489998,2020,16,1,17,82986.0,1.0,1,HICA10,1,HICA10,1,2024-05-20 12:57:54,,3,7
1627747796290487,355078164489998,2020,16,1,17,82986.0,2.0,1,HICA10,1,HICA10,1,2024-05-20 12:57:54,,3,7
1627737697290487,355077999489998,2020,16,1,35,81599.0,2.0,1,CIAR4,1,CIAR4,1,2024-05-20 12:57:13,,3,7
1627737698290487,355077999489998,2020,16,1,35,81599.0,4.0,1,CIAR4,1,CIAR4,1,2024-05-20 12:57:13,,3,7
1627754841290487,355078302489998,2020,16,1,35,80270.0,3.0,1,CIAR4,1,CIAR4,1,2024-05-20 12:58:11,,3,7
1627754962290487,355078303489998,2020,16,1,35,84748.0,2.0,1,CIAR4,1,CIAR4,1,2024-05-20 12:58:11,,3,7
1627775055290487,355078578489998,2020,16,2,39,81625.0,1.0,1,LIDA,1,LIDA,1,2024-05-20 12:58:53,,3,7
1627775056290487,355078578489998,2020,16,2,39,81625.0,2.0,1,LIDA,1,LIDA,1,2024-05-20 12:58:53,,3,7
1627775057290487,355078578489998,2020,16,2,39,81625.0,3.0,1,LIDA,1,LIDA,2,2024-05-20 12:58:53,,3,7
1627775058290487,355078578489998,2020,16,2,39,81625.0,4.0,1,LIDA,1,LIDA,1,2024-05-20 12:58:53,,3,7
1627772087290487,355078539489998,2020,16,1,9,83938.0,3.0,1,CESTM,1,CESTM,1,2024-05-20 12:58:47,,3,7
1627772088290487,355078539489998,2020,16,1,9,83938.0,2.0,1,CIAR4,1,CIAR4,1,2024-05-20 12:58:47,,3,7
1627772089290487,355078539489998,2020,16,1,9,83938.0,1.0,1,HICA10,1,HICA10,15,2024-05-20 12:58:47,,3,7
1627772090290487,355078539489998,2020,16,1,9,83938.0,2.0,1,HICA10,1,HICA10,15,2024-05-20 12:58:47,,3,7
1627772091290487,355078539489998,2020,16,1,9,83938.0,3.0,1,HICA10,1,HICA10,20,2024-05-20 12:58:47,,3,7
1627772092290487,355078539489998,2020,16,1,9,83938.0,4.0,1,HICA10,1,HICA10,20,2024-05-20 12:58:47,,3,7
1627758942290487,355078351489998,2020,16,1,9,86300.0,1.0,1,CIAR4,1,CIAR4,1,2024-05-20 12:58:19,,3,7
1627758943290487,355078351489998,2020,16,1,9,86300.0,2.0,1,CIAR4,1,CIAR4,2,2024-05-20 12:58:19,,3,7
1627758944290487,355078351489998,2020,16,1,9,86300.0,3.0,1,CIAR4,1,CIAR4,1,2024-05-20 12:58:19,,3,7
1627758945290487,355078351489998,2020,16,1,9,86300.0,4.0,1,CIAR4,1,CIAR4,1,2024-05-20 12:58:19,,3,7
1627759060290487,355078352489998,2020,16,1,9,87420.0,1.0,1,CEDI3,1,CEDI3,1,2024-05-20 12:58:19,,3,7
1627759061290487,355078352489998,2020,16,1,9,87420.0,1.0,1,HICA10,1,HICA10,20,2024-05-20 12:58:19,,3,7
1627759062290487,355078352489998,2020,16,1,9,87420.0,2.0,1,HICA10,1,HICA10,1,2024-05-20 12:58:19,,3,7
1627748553290487,355078176489998,2020,16,1,9,85794.0,1.0,3,CIAR4,1,CIAR4,1,2024-05-20 12:57:57,,3,7
1627747898290487,355078167489998,2020,16,1,17,85699.0,1.0,1,HICA10,1,HICA10,1,2024-05-20 12:57:54,,3,7
1627747899290487,355078167489998,2020,16,1,17,85699.0,2.0,1,HICA10,1,HICA10,1,2024-05-20 12:57:54,,3,7
1627747900290487,355078167489998,2020,16,1,17,85699.0,3.0,1,HICA10,1,HICA10,1,2024-05-20 12:57:54,,3,7
1627747901290487,355078167489998,2020,16,1,17,85699.0,4.0,1,HICA10,1,HICA10,1,2024-05-20 12:57:54,,3,7
1627771367290487,355078531489998,2020,16,1,17,81015.0,1.0,1,CIAR4,1,CIAR4,1,2024-05-20 12:58:47,,3,7
1627771368290487,355078531489998,2020,16,1,17,81015.0,1.0,1,HICA10,1,HICA10,1,2024-05-20 12:58:47,,3,7
1627771369290487,355078531489998,2020,16,1,17,81015.0,3.0,1,HICA10,1,HICA10,1,2024-05-20 12:58:47,,3,7
1627771450290487,355078532489998,2020,16,1,17,88647.0,2.0,1,HICA10,1,HICA10,1,2024-05-20 12:58:47,,3,7
1627766669290487,355078455489998,2020,16,1,21,83764.0,1.0,1,HICA10,1,HICA10,1,2024-05-20 12:58:38,,3,7
1627766670290487,355078455489998,2020,16,1,21,83764.0,2.0,1,HICA10,1,HICA10,1,2024-05-20 12:58:38,,3,7
1627766671290487,355078455489998,2020,16,1,21,83764.0,3.0,1,HICA10,1,HICA10,1,2024-05-20 12:58:38,,3,7
1627766672290487,355078455489998,2020,16,1,21,83764.0,4.0,1,HICA10,1,HICA10,1,2024-05-20 12:58:38,,3,7
1627755074290487,355078304489998,2020,16,1,35,85985.0,1.0,1,CIAR4,1,CIAR4,1,2024-05-20 12:58:12,,3,7
1627755075290487,355078304489998,2020,16,1,35,85985.0,2.0,1,CIAR4,1,CIAR4,1,2024-05-20 12:58:12,,3,7
1627755076290487,355078304489998,2020,16,1,35,85985.0,3.0,1,CIAR4,1,CIAR4,1,2024-05-20 12:58:12,,3,7
1627755077290487,355078304489998,2020,16,1,35,85985.0,1.0,1,HICA10,1,HICA10,1,2024-05-20 12:58:12,,3,7
1627755078290487,355078304489998,2020,16,1,35,85985.0,2.0,1,HICA10,1,HICA10,1,2024-05-20 12:58:12,,3,7
1627755079290487,355078304489998,2020,16,1,35,85985.0,3.0,1,HICA10,1,HICA10,1,2024-05-20 12:58:12,,3,7
1627755080290487,355078304489998,2020,16,1,35,85985.0,4.0,1,HICA10,1,HICA10,1,2024-05-20 12:58:12,,3,7
1627745651290487,355078130489998,2020,16,1,21,85675.0,2.0,1,HICA10,1,HICA10,1,2024-05-20 12:57:46,,3,7
1627737585290487,355077998489998,2020,16,1,35,87538.0,1.0,1,CIAR4,1,CIAR4,1,2024-05-20 12:57:13,,3,7
1627737586290487,355077998489998,2020,16,1,35,87538.0,2.0,1,CIAR4,1,CIAR4,1,2024-05-20 12:57:13,,3,7
1627737587290487,355077998489998,2020,16,1,35,87538.0,3.0,1,CIAR4,1,CIAR4,1,2024-05-20 12:57:13,,3,7
1627737588290487,355077998489998,2020,16,1,35,87538.0,4.0,1,CIAR4,1,CIAR4,1,2024-05-20 12:57:13,,3,7
1627765875290487,355078446489998,2020,16,1,17,81702.0,1.0,1,HICA10,1,HICA10,1,2024-05-20 12:58:35,,3,7
1627765876290487,355078446489998,2020,16,1,17,81702.0,2.0,2,HICA10,1,HICA10,1,2024-05-20 12:58:35,,3,7
1627765877290487,355078446489998,2020,16,1,17,81702.0,3.0,2,HICA10,1,HICA10,1,2024-05-20 12:58:35,,3,7
531067007126144,188773221020004,2017,16,1,49,88312.0,4.0,1,HICA10,1,HICA10,1,2018-04-18 14:07:10,,3,4
531082641126144,188773444020004,2017,16,1,49,86411.0,3.0,2,CIAR4,1,CIAR4,1,2018-04-18 14:07:26,,3,4
531058312126144,188773047020004,2017,16,1,79,82552.0,1.0,1,HICA10,1,HICA10,1,2018-04-18 14:06:57,,3,4
531056547126144,188773014020004,2017,16,1,79,82726.0,1.0,1,CESTM,1,CESTM,1,2018-04-18 14:06:54,,3,4
531056548126144,188773014020004,2017,16,1,79,82726.0,1.0,1,HICA10,1,HICA10,4,2018-04-18 14:06:54,,3,4
531056549126144,188773014020004,2017,16,1,79,82726.0,2.0,1,HICA10,1,HICA10,5,2018-04-18 14:06:54,,3,4
531056550126144,188773014020004,2017,16,1,79,82726.0,3.0,1,HICA10,1,HICA10,3,2018-04-18 14:06:54,,3,4
531056551126144,188773014020004,2017,16,1,79,82726.0,4.0,1,HICA10,1,HICA10,1,2018-04-18 14:06:54,,3,4
531072747126144,188773310020004,2017,16,1,49,82416.0,1.0,1,CIAR4,1,CIAR4,1,2018-04-18 14:07:17,,3,4
531072748126144,188773310020004,2017,16,1,49,82416.0,3.0,1,CIAR4,1,CIAR4,1,2018-04-18 14:07:17,,3,4
531089758126144,188773539020004,2017,16,3,59,85090.0,3.0,1,CESTM,1,CESTM,1,2018-04-18 14:07:34,,3,4
531065906126144,188773211020004,2017,16,1,79,87613.0,3.0,1,CIAR4,1,CIAR4,1,2018-04-18 14:07:09,,3,4
531070939126144,188773286020004,2017,16,1,49,82474.0,1.0,1,CHJU,1,CHJU,7,2018-04-18 14:07:15,,3,4
531070940126144,188773286020004,2017,16,1,49,82474.0,3.0,1,CHJU,1,CHJU,1,2018-04-18 14:07:15,,3,4
531070941126144,188773286020004,2017,16,1,49,82474.0,4.0,1,CHJU,1,CHJU,11,2018-04-18 14:07:15,,3,4
531091973126144,188773581020004,2017,16,1,49,81563.0,1.0,1,CESTM,1,CESTM,15,2018-04-18 14:07:35,,3,4
531091974126144,188773581020004,2017,16,1,49,81563.0,4.0,1,CESTM,1,CESTM,1,2018-04-18 14:07:35,,3,4
531091975126144,188773581020004,2017,16,1,49,81563.0,4.0,1,HICA10,1,HICA10,1,2018-04-18 14:07:35,,3,4
531072643126144,188773309020004,2017,16,1,57,81598.0,3.0,1,HICA10,1,HICA10,1,2018-04-18 14:07:17,,3,4
531062326126144,188773121020004,2017,16,1,57,85840.0,1.0,1,CESO3,1,CESO3,1,2018-04-18 14:07:05,,3,4
531062327126144,188773121020004,2017,16,1,57,85840.0,2.0,1,CESO3,1,CESO3,1,2018-04-18 14:07:05,,3,4
531062328126144,188773121020004,2017,16,1,57,85840.0,4.0,1,CESO3,1,CESO3,15,2018-04-18 14:07:05,,3,4
531066159126144,188773213020004,2017,16,1,79,84768.0,2.0,1,CIAR4,1,CIAR4,1,2018-04-18 14:07:09,,3,4
531066160126144,188773213020004,2017,16,1,79,84768.0,3.0,1,CIAR4,1,CIAR4,1,2018-04-18 14:07:09,,3,4
531066161126144,188773213020004,2017,16,1,79,84768.0,4.0,1,CIAR4,1,CIAR4,1,2018-04-18 14:07:09,,3,4
531074330126144,188773323020004,2017,16,1,79,83937.0,1.0,1,CESTM,1,CESTM,1,2018-04-18 14:07:18,,3,4
531072292126144,188773305020004,2017,16,1,9,81530.0,1.0,1,CIAR4,1,CIAR4,30,2018-04-18 14:07:16,,3,4
531072293126144,188773305020004,2017,16,1,9,81530.0,2.0,1,CIAR4,1,CIAR4,2,2018-04-18 14:07:16,,3,4
531072294126144,188773305020004,2017,16,1,9,81530.0,3.0,1,CIAR4,1,CIAR4,20,2018-04-18 14:07:16,,3,4
531072295126144,188773305020004,2017,16,1,9,81530.0,4.0,1,CIAR4,1,CIAR4,25,2018-04-18 14:07:16,,3,4
531079199126144,188773403020004,2017,16,1,17,86135.0,1.0,1,CESTM,1,CESTM,2,2018-04-18 14:07:23,,3,4
531079200126144,188773403020004,2017,16,1,17,86135.0,3.0,1,CESTM,1,CESTM,3,2018-04-18 14:07:23,,3,4
531080355126144,188773413020004,2017,16,1,35,85458.0,1.0,1,CIAR4,1,CIAR4,1,2018-04-18 14:07:24,,3,4
531080356126144,188773413020004,2017,16,1,35,85458.0,4.0,1,CIAR4,1,CIAR4,1,2018-04-18 14:07:24,,3,4
672294329126144,188774075020004,2018,16,1,9,81311.0,3.0,1,CESTM,1,CESTM,1,2019-06-18 15:52:17,,3,5
672294330126144,188774075020004,2018,16,1,9,81311.0,1.0,1,CIAR4,1,CIAR4,1,2019-06-18 15:52:17,,3,5
672294331126144,188774075020004,2018,16,1,9,81311.0,3.0,1,CIAR4,1,CIAR4,1,2019-06-18 15:52:17,,3,5
672294332126144,188774075020004,2018,16,1,9,81311.0,4.0,1,CIAR4,1,CIAR4,1,2019-06-18 15:52:17,,3,5
672294333126144,188774075020004,2018,16,1,9,81311.0,3.0,1,HICA10,1,HICA10,1,2019-06-18 15:52:17,,3,5
672294334126144,188774075020004,2018,16,1,9,81311.0,4.0,1,HICA10,1,HICA10,1,2019-06-18 15:52:17,,3,5
672288070126144,188773959020004,2018,16,1,17,87929.0,2.0,1,HICA10,1,HICA10,1,2019-06-18 15:52:11,,3,5
672288071126144,188773959020004,2018,16,1,17,87929.0,3.0,1,HICA10,1,HICA10,1,2019-06-18 15:52:11,,3,5
672288072126144,188773959020004,2018,16,1,17,87929.0,4.0,1,HICA10,1,HICA10,1,2019-06-18 15:52:11,,3,5
672310331126144,188774319020004,2018,16,1,17,82072.0,1.0,1,HICA10,1,HICA10,1,2019-06-18 15:52:29,,3,5
672300576126144,188774189020004,2018,16,1,35,86782.0,1.0,1,CIAR4,1,CIAR4,4,2019-06-18 15:52:22,,3,5
672300577126144,188774189020004,2018,16,1,35,86782.0,2.0,1,CIAR4,1,CIAR4,3,2019-06-18 15:52:22,,3,5
672300578126144,188774189020004,2018,16,1,35,86782.0,3.0,1,CIAR4,1,CIAR4,1,2019-06-18 15:52:22,,3,5
672282124126144,188773861020004,2018,16,1,35,88555.0,2.0,1,CIAR4,1,CIAR4,1,2019-06-18 15:52:00,,3,5
672282125126144,188773861020004,2018,16,1,35,88555.0,3.0,1,CIAR4,1,CIAR4,1,2019-06-18 15:52:00,,3,5
672306061126144,188774251020004,2018,16,1,17,87097.0,4.0,1,CIAR4,1,CIAR4,2,2019-06-18 15:52:26,,3,5
672303806126144,188774227020004,2018,16,1,9,86898.0,3.0,1,HICA10,1,HICA10,1,2019-06-18 15:52:25,,3,5
672303807126144,188774227020004,2018,16,1,9,86898.0,4.0,1,HICA10,1,HICA10,1,2019-06-18 15:52:25,,3,5
672302712126144,188774217020004,2018,16,1,17,83182.0,1.0,1,HICA10,1,HICA10,1,2019-06-18 15:52:24,,3,5
672302713126144,188774217020004,2018,16,1,17,83182.0,3.0,1,HICA10,1,HICA10,1,2019-06-18 15:52:24,,3,5
672315173126144,188774392020004,2018,16,1,17,81038.0,2.0,1,HICA10,1,HICA10,1,2019-06-18 15:52:34,,3,5
672315174126144,188774392020004,2018,16,1,17,81038.0,3.0,1,HICA10,1,HICA10,1,2019-06-18 15:52:34,,3,5
672293975126144,188774068020004,2018,16,1,17,84783.0,1.0,1,HICA10,1,HICA10,1,2019-06-18 15:52:17,,3,5
672292810126144,188774047020004,2018,16,1,17,87360.0,4.0,1,CESTM,1,CESTM,4,2019-06-18 15:52:16,,3,5
672292811126144,188774047020004,2018,16,1,17,87360.0,1.0,1,HICA10,1,HICA10,2,2019-06-18 15:52:16,,3,5
672292812126144,188774047020004,2018,16,1,17,87360.0,2.0,2,HICA10,1,HICA10,1,2019-06-18 15:52:16,,3,5
672292813126144,188774047020004,2018,16,1,17,87360.0,3.0,1,HICA10,1,HICA10,2,2019-06-18 15:52:16,,3,5
672292814126144,188774047020004,2018,16,1,17,87360.0,4.0,1,HICA10,1,HICA10,1,2019-06-18 15:52:16,,3,5
672292548126144,188774045020004,2018,16,1,21,81576.0,1.0,1,HICA10,1,HICA10,1,2019-06-18 15:52:15,,3,5
672292549126144,188774045020004,2018,16,1,21,81576.0,3.0,2,HICA10,1,HICA10,1,2019-06-18 15:52:15,,3,5
672292550126144,188774045020004,2018,16,1,21,81576.0,4.0,1,HICA10,1,HICA10,1,2019-06-18 15:52:15,,3,5
672296700126144,188774139020004,2018,16,1,21,86193.0,3.0,1,HICA10,1,HICA10,1,2019-06-18 15:52:19,,3,5
672299521126144,188774178020004,2018,16,1,21,80162.0,1.0,1,HICA10,1,HICA10,1,2019-06-18 15:52:21,,3,5
672299522126144,188774178020004,2018,16,1,21,80162.0,2.0,1,HICA10,1,HICA10,1,2019-06-18 15:52:21,,3,5
672299523126144,188774178020004,2018,16,1,21,80162.0,3.0,1,HICA10,1,HICA10,1,2019-06-18 15:52:21,,3,5
672299524126144,188774178020004,2018,16,1,21,80162.0,4.0,1,HICA10,1,HICA10,1,2019-06-18 15:52:21,,3,5
672308433126144,188774280020004,2018,16,1,35,81521.0,2.0,1,HICA10,1,HICA10,1,2019-06-18 15:52:28,,3,5
672290667126144,188774007020004,2018,16,1,17,81448.0,1.0,1,HICA10,1,HICA10,1,2019-06-18 15:52:13,,3,5
672290668126144,188774007020004,2018,16,1,17,81448.0,2.0,1,HICA10,1,HICA10,1,2019-06-18 15:52:13,,3,5
672290669126144,188774007020004,2018,16,1,17,81448.0,2.0,2,HICA10,1,HICA10,1,2019-06-18 15:52:13,,3,5
672290670126144,188774007020004,2018,16,1,17,81448.0,3.0,1,HICA10,1,HICA10,1,2019-06-18 15:52:13,,3,5
672290671126144,188774007020004,2018,16,1,17,81448.0,4.0,1,HICA10,1,HICA10,1,2019-06-18 15:52:13,,3,5
672315301126144,188774393020004,2018,16,1,17,81591.0,3.0,1,HICA10,1,HICA10,1,2019-06-18 15:52:34,,3,5
672315302126144,188774393020004,2018,16,1,17,81591.0,4.0,1,HICA10,1,HICA10,1,2019-06-18 15:52:34,,3,5
672310082126144,188774317020004,2018,16,1,21,85508.0,1.0,1,HICA10,1,HICA10,1,2019-06-18 15:52:29,,3,5
672310706126144,188774322020004,2018,16,1,21,81093.0,1.0,1,HICA10,1,HICA10,1,2019-06-18 15:52:30,,3,5
672310707126144,188774322020004,2018,16,1,21,81093.0,3.0,1,HICA10,1,HICA10,1,2019-06-18 15:52:30,,3,5
672310952126144,188774325020004,2018,16,1,35,81338.0,2.0,2,CIAR4,1,CIAR4,1,2019-06-18 15:52:30,,3,5
672310953126144,188774325020004,2018,16,1,35,81338.0,4.0,2,CIAR4,1,CIAR4,1,2019-06-18 15:52:30,,3,5
672300045126144,188774185020004,2018,16,1,35,81543.0,2.0,1,HICA10,1,HICA10,15,2019-06-18 15:52:22,,3,5
672302844126144,188774218020004,2018,16,2,3,83958.0,1.0,1,CESTM,1,CESTM,1,2019-06-18 15:52:24,,3,5
672302845126144,188774218020004,2018,16,2,3,83958.0,1.0,1,CIAR4,1,CIAR4,2,2019-06-18 15:52:24,,3,5
672295368126144,188774091020004,2018,16,1,17,82253.0,1.0,1,HICA10,1,HICA10,1,2019-06-18 15:52:18,,3,5
672295369126144,188774091020004,2018,16,1,17,82253.0,2.0,1,HICA10,1,HICA10,1,2019-06-18 15:52:18,,3,5
672295370126144,188774091020004,2018,16,1,17,82253.0,3.0,1,HICA10,1,HICA10,1,2019-06-18 15:52:18,,3,5
672309960126144,188774316020004,2018,16,1,17,85129.0,4.0,1,HICA10,1,HICA10,1,2019-06-18 15:52:29,,3,5
672295743126144,188774108020004,2018,16,1,17,86179.0,1.0,1,CESTM,1,CESTM,1,2019-06-18 15:52:18,,3,5
672295744126144,188774108020004,2018,16,1,17,86179.0,3.0,2,CESTM,1,CESTM,1,2019-06-18 15:52:18,,3,5
672295745126144,188774108020004,2018,16,1,17,86179.0,3.0,2,CIAR4,1,CIAR4,1,2019-06-18 15:52:18,,3,5
672295746126144,188774108020004,2018,16,1,17,86179.0,1.0,1,HICA10,1,HICA10,1,2019-06-18 15:52:18,,3,5
672295747126144,188774108020004,2018,16,1,17,86179.0,2.0,1,HICA10,1,HICA10,1,2019-06-18 15:52:18,,3,5
672295748126144,188774108020004,2018,16,1,17,86179.0,3.0,2,HICA10,1,HICA10,3,2019-06-18 15:52:18,,3,5
672295749126144,188774108020004,2018,16,1,17,86179.0,4.0,1,HICA10,1,HICA10,2,2019-06-18 15:52:18,,3,5
672312860126144,188774351020004,2018,16,1,49,81661.0,1.0,1,CIAR4,1,CIAR4,1,2019-06-18 15:52:33,,3,5
672312861126144,188774351020004,2018,16,1,49,81661.0,2.0,1,CIAR4,1,CIAR4,2,2019-06-18 15:52:33,,3,5
672312862126144,188774351020004,2018,16,1,49,81661.0,3.0,1,CIAR4,1,CIAR4,8,2019-06-18 15:52:33,,3,5
672312863126144,188774351020004,2018,16,1,49,81661.0,4.0,2,CIAR4,1,CIAR4,2,2019-06-18 15:52:33,,3,5
672316588126144,188774406020004,2018,16,1,49,82379.0,2.0,1,CESTM,1,CESTM,1,2019-06-18 15:52:35,,3,5
672316589126144,188774406020004,2018,16,1,49,82379.0,3.0,1,CESTM,1,CESTM,1,2019-06-18 15:52:35,,3,5
672316590126144,188774406020004,2018,16,1,49,82379.0,2.0,1,CHJU,1,CHJU,2,2019-06-18 15:52:35,,3,5
672286753126144,188773938020004,2018,16,1,49,82648.0,1.0,1,CIAR4,1,CIAR4,1,2019-06-18 15:52:09,,3,5
672303414126144,188774224020004,2018,16,1,55,86562.0,2.0,1,HICA10,1,HICA10,1,2019-06-18 15:52:24,,3,5
672303415126144,188774224020004,2018,16,1,55,86562.0,4.0,1,HICA10,1,HICA10,1,2019-06-18 15:52:24,,3,5
672303165126144,188774221020004,2018,16,1,55,87190.0,1.0,1,HICA10,1,HICA10,1,2019-06-18 15:52:24,,3,5
672303166126144,188774221020004,2018,16,1,55,87190.0,2.0,1,HICA10,1,HICA10,1,2019-06-18 15:52:24,,3,5
672303167126144,188774221020004,2018,16,1,55,87190.0,3.0,1,HICA10,1,HICA10,1,2019-06-18 15:52:24,,3,5
672303168126144,188774221020004,2018,16,1,55,87190.0,4.0,1,HICA10,1,HICA10,1,2019-06-18 15:52:24,,3,5
672304511126144,188774232020004,2018,16,1,79,81996.0,2.0,1,HICA10,1,HICA10,1,2019-06-18 15:52:25,,3,5
672304512126144,188774232020004,2018,16,1,79,81996.0,4.0,1,HICA10,1,HICA10,1,2019-06-18 15:52:25,,3,5
672304302126144,188774231020004,2018,16,1,79,83491.0,1.0,1,HICA10,1,HICA10,1,2019-06-18 15:52:25,,3,5
672304303126144,188774231020004,2018,16,1,79,83491.0,3.0,1,HICA10,1,HICA10,1,2019-06-18 15:52:25,,3,5
672315965126144,188774398020004,2018,16,1,79,84432.0,1.0,1,HICA10,1,HICA10,1,2019-06-18 15:52:35,,3,5
672315966126144,188774398020004,2018,16,1,79,84432.0,2.0,1,HICA10,1,HICA10,1,2019-06-18 15:52:35,,3,5
672315967126144,188774398020004,2018,16,1,79,84432.0,2.0,2,HICA10,1,HICA10,1,2019-06-18 15:52:35,,3,5
672315968126144,188774398020004,2018,16,1,79,84432.0,3.0,2,HICA10,1,HICA10,1,2019-06-18 15:52:35,,3,5
672315969126144,188774398020004,2018,16,1,79,84432.0,4.0,1,HICA10,1,HICA10,1,2019-06-18 15:52:35,,3,5
672304772126144,188774234020004,2018,16,1,79,85708.0,1.0,1,HICA10,1,HICA10,1,2019-06-18 15:52:25,,3,5
672304773126144,188774234020004,2018,16,1,79,85708.0,2.0,1,HICA10,1,HICA10,1,2019-06-18 15:52:25,,3,5
1627765878290487,355078446489998,2020,16,1,17,81702.0,4.0,1,HICA10,1,HICA10,1,2024-05-20 12:58:35,,3,7
1627754203290487,355078297489998,2020,16,1,17,85828.0,1.0,1,HICA10,1,HICA10,1,2024-05-20 12:58:09,,3,7
1627754204290487,355078297489998,2020,16,1,17,85828.0,4.0,1,HICA10,1,HICA10,1,2024-05-20 12:58:09,,3,7
1627764398290487,355078411489998,2020,16,1,35,83902.0,1.0,1,HICA10,1,HICA10,1,2024-05-20 12:58:34,,3,7
1627764399290487,355078411489998,2020,16,1,35,83902.0,2.0,1,HICA10,1,HICA10,1,2024-05-20 12:58:34,,3,7
1627764400290487,355078411489998,2020,16,1,35,83902.0,3.0,1,HICA10,1,HICA10,1,2024-05-20 12:58:34,,3,7
1627764401290487,355078411489998,2020,16,1,35,83902.0,4.0,1,HICA10,1,HICA10,1,2024-05-20 12:58:34,,3,7
1627765398290487,355078442489998,2020,16,1,35,86256.0,4.0,3,CIAR4,1,CIAR4,4,2024-05-20 12:58:35,,3,7
1627765399290487,355078442489998,2020,16,1,35,86256.0,1.0,1,HICA10,1,HICA10,1,2024-05-20 12:58:35,,3,7
1627765400290487,355078442489998,2020,16,1,35,86256.0,3.0,1,HICA10,1,HICA10,1,2024-05-20 12:58:35,,3,7
1627749179290487,355078186489998,2020,16,1,61,83739.0,1.0,1,HICA10,1,HICA10,1,2024-05-20 12:57:57,,3,7
1627767809290487,355078472489998,2020,16,2,39,80023.0,1.0,1,CHJU,1,CHJU,15,2024-05-20 12:58:41,,3,7
1627767810290487,355078472489998,2020,16,2,39,80023.0,2.0,1,CHJU,1,CHJU,12,2024-05-20 12:58:41,,3,7
1627767811290487,355078472489998,2020,16,2,39,80023.0,3.0,1,CHJU,1,CHJU,14,2024-05-20 12:58:41,,3,7
1627767812290487,355078472489998,2020,16,2,39,80023.0,4.0,1,CHJU,1,CHJU,6,2024-05-20 12:58:41,,3,7
1627787334290487,355078865489998,2020,16,3,43,83968.0,3.0,2,CIAR4,1,CIAR4,1,2024-05-20 12:59:25,,3,7
1627769387290487,355078489489998,2020,16,1,49,82408.0,1.0,1,CIAR4,1,CIAR4,1,2024-05-20 12:58:43,,3,7
1627769388290487,355078489489998,2020,16,1,49,82408.0,2.0,1,CIAR4,1,CIAR4,1,2024-05-20 12:58:43,,3,7
1627769389290487,355078489489998,2020,16,1,49,82408.0,3.0,1,CIAR4,1,CIAR4,1,2024-05-20 12:58:43,,3,7
1627769390290487,355078489489998,2020,16,1,49,82408.0,4.0,1,CIAR4,1,CIAR4,1,2024-05-20 12:58:43,,3,7
1627769391290487,355078489489998,2020,16,1,49,82408.0,1.0,1,HICA10,1,HICA10,1,2024-05-20 12:58:43,,3,7
1627769392290487,355078489489998,2020,16,1,49,82408.0,4.0,1,HICA10,1,HICA10,1,2024-05-20 12:58:43,,3,7
1627751712290487,355078260489998,2020,16,1,49,88736.0,1.0,1,HIAU,1,HIAU,1,2024-05-20 12:58:04,,3,7
1627755878290487,355078311489998,2020,16,1,49,83137.0,4.0,1,CIAR4,1,CIAR4,1,2024-05-20 12:58:12,,3,7
1627758575290487,355078348489998,2020,16,1,55,86502.0,1.0,1,CESTM,1,CESTM,2,2024-05-20 12:58:19,,3,7
1627758576290487,355078348489998,2020,16,1,55,86502.0,2.0,1,CESTM,1,CESTM,1,2024-05-20 12:58:19,,3,7
1627758577290487,355078348489998,2020,16,1,55,86502.0,2.0,1,HICA10,1,HICA10,4,2024-05-20 12:58:19,,3,7
1627736790290487,355077985489998,2020,16,1,55,83263.0,1.0,1,CESTM,1,CESTM,1,2024-05-20 12:57:09,,3,7
1627736791290487,355077985489998,2020,16,1,55,83263.0,3.0,1,CESTM,1,CESTM,1,2024-05-20 12:57:09,,3,7
1627736792290487,355077985489998,2020,16,1,55,83263.0,4.0,1,CIAR4,1,CIAR4,1,2024-05-20 12:57:09,,3,7
1627736793290487,355077985489998,2020,16,1,55,83263.0,1.0,1,HICA10,1,HICA10,1,2024-05-20 12:57:09,,3,7
1627736794290487,355077985489998,2020,16,1,55,83263.0,2.0,1,HICA10,1,HICA10,1,2024-05-20 12:57:09,,3,7
1627736795290487,355077985489998,2020,16,1,55,83263.0,4.0,1,HICA10,1,HICA10,1,2024-05-20 12:57:09,,3,7
1627771818290487,355078537489998,2020,16,1,79,85779.0,1.0,1,HICA10,1,HICA10,1,2024-05-20 12:58:47,,3,7
1627771819290487,355078537489998,2020,16,1,79,85779.0,2.0,1,HICA10,1,HICA10,1,2024-05-20 12:58:47,,3,7
1627771820290487,355078537489998,2020,16,1,79,85779.0,3.0,1,HICA10,1,HICA10,1,2024-05-20 12:58:47,,3,7
1627759979290487,355078361489998,2020,16,1,79,88421.0,1.0,1,HICA10,1,HICA10,2,2024-05-20 12:58:23,,3,7
1627759855290487,355078360489998,2020,16,1,79,80750.0,2.0,1,HICA10,1,HICA10,1,2024-05-20 12:58:23,,3,7
1627759856290487,355078360489998,2020,16,1,79,80750.0,3.0,1,HICA10,1,HICA10,1,2024-05-20 12:58:23,,3,7
1627744055290487,355078102489998,2020,16,1,79,83756.0,1.0,1,HICA10,1,HICA10,1,2024-05-20 12:57:42,,3,7
1627744056290487,355078102489998,2020,16,1,79,83756.0,2.0,1,HICA10,1,HICA10,1,2024-05-20 12:57:42,,3,7
1627744057290487,355078102489998,2020,16,1,79,83756.0,4.0,1,HICA10,1,HICA10,1,2024-05-20 12:57:42,,3,7
43128199010690,4723264010690,2004,16,1,35,85717.0,4.0,1,CANU4,1,CANU4,2,2011-08-23 17:10:21,,2,1
43128253010690,4723363010690,2004,16,1,35,86840.0,1.0,2,CEBI2,1,CESTM,2,2011-08-23 17:10:22,,2,1
43128254010690,4723363010690,2004,16,1,35,86840.0,2.0,2,CEBI2,1,CESTM,2,2011-08-23 17:10:22,,2,1
43128255010690,4723363010690,2004,16,1,35,86840.0,3.0,2,CEBI2,1,CESTM,2,2011-08-23 17:10:22,,2,1
43128256010690,4723363010690,2004,16,1,35,86840.0,4.0,2,CEBI2,1,CESTM,2,2011-08-23 17:10:22,,2,1
43127850010690,4722309010690,2004,16,1,35,80728.0,2.0,1,SEJA,1,SEJA,2,2011-08-23 17:10:16,,2,1
43127851010690,4722309010690,2004,16,1,35,80728.0,2.0,1,ONAC,1,ONAC,2,2011-08-23 17:10:16,,2,1
43127852010690,4722309010690,2004,16,1,35,80728.0,4.0,1,ONAC,1,ONAC,2,2011-08-23 17:10:16,,2,1
43128041010690,4722943010690,2004,16,1,35,83368.0,1.0,1,CIAR4,1,CIAR4,2,2011-08-23 17:10:20,,2,1
43128042010690,4722943010690,2004,16,1,35,83368.0,2.0,1,CIAR4,1,CIAR4,2,2011-08-23 17:10:20,,2,1
43128043010690,4722943010690,2004,16,1,35,83368.0,3.0,1,CIAR4,1,CIAR4,2,2011-08-23 17:10:20,,2,1
43130641010690,4718601010690,2004,16,1,17,84667.0,1.0,1,HICA10,1,HICA10,2,2011-08-23 17:11:03,,2,1
43130642010690,4718601010690,2004,16,1,17,84667.0,2.0,1,HICA10,1,HICA10,2,2011-08-23 17:11:03,,2,1
1859650976290487,667906501126144,2022,16,1,9,87486.0,3.0,2,CIAR4,1,CIAR4,15,2025-05-20 11:22:39,,3,9
1859627149290487,667906163126144,2022,16,1,9,87580.0,1.0,1,CIAR4,1,CIAR4,1,2025-05-20 11:22:24,,3,9
1859627150290487,667906163126144,2022,16,1,9,87580.0,3.0,1,CIAR4,1,CIAR4,2,2025-05-20 11:22:24,,3,9
1859627151290487,667906163126144,2022,16,1,9,87580.0,4.0,1,CIAR4,1,CIAR4,1,2025-05-20 11:22:24,,3,9
1859637454290487,667906328126144,2022,16,1,9,87692.0,1.0,1,CIAR4,1,CIAR4,1,2025-05-20 11:22:32,,3,9
1627833311290487,547769502126144,2021,16,3,29,82234.0,2.0,1,CANU4,1,CANU4,1,2024-05-20 13:00:39,,3,8
1859637455290487,667906328126144,2022,16,1,9,87692.0,2.0,1,CIAR4,1,CIAR4,2,2025-05-20 11:22:32,,3,9
1859645484290487,667906428126144,2022,16,1,35,87974.0,2.0,1,CIAR4,1,CIAR4,1,2025-05-20 11:22:36,,3,9
1859645485290487,667906428126144,2022,16,1,35,87974.0,3.0,1,CIAR4,1,CIAR4,1,2025-05-20 11:22:36,,3,9
1859645486290487,667906428126144,2022,16,1,35,87974.0,4.0,1,CIAR4,1,CIAR4,1,2025-05-20 11:22:36,,3,9
1859634002290487,667906284126144,2022,16,1,35,84555.0,1.0,1,HICA10,1,HICA10,3,2025-05-20 11:22:29,,3,9
1859634003290487,667906284126144,2022,16,1,35,84555.0,2.0,1,HICA10,1,HICA10,5,2025-05-20 11:22:29,,3,9
1859623843290487,667906097126144,2022,16,1,17,85052.0,2.0,2,CIAR4,1,CIAR4,1,2025-05-20 11:22:22,,3,9
1859623844290487,667906097126144,2022,16,1,17,85052.0,4.0,2,CIAR4,1,CIAR4,1,2025-05-20 11:22:22,,3,9
1859651249290487,667906503126144,2022,16,1,9,85227.0,1.0,1,CIAR4,1,CIAR4,1,2025-05-20 11:22:39,,3,9
1859623904290487,667906098126144,2022,16,1,9,83887.0,1.0,1,HICA10,1,HICA10,5,2025-05-20 11:22:22,,3,9
1859623905290487,667906098126144,2022,16,1,9,83887.0,2.0,1,HICA10,1,HICA10,1,2025-05-20 11:22:22,,3,9
1859637843290487,667906332126144,2022,16,1,9,88122.0,1.0,1,CIAR4,1,CIAR4,1,2025-05-20 11:22:33,,3,9
1859637844290487,667906332126144,2022,16,1,9,88122.0,2.0,1,CIAR4,1,CIAR4,1,2025-05-20 11:22:33,,3,9
1859637845290487,667906332126144,2022,16,1,9,88122.0,3.0,1,CIAR4,1,CIAR4,1,2025-05-20 11:22:33,,3,9
1859637846290487,667906332126144,2022,16,1,9,88122.0,4.0,1,CIAR4,1,CIAR4,1,2025-05-20 11:22:33,,3,9
1859644449290487,667906417126144,2022,16,1,17,84192.0,2.0,1,HIAU,1,HIAU,20,2025-05-20 11:22:36,,3,9
1859644514290487,667906419126144,2022,16,1,35,88923.0,2.0,1,HICA10,1,HICA10,2,2025-05-20 11:22:36,,3,9
1859644515290487,667906419126144,2022,16,1,35,88923.0,4.0,1,HICA10,1,HICA10,2,2025-05-20 11:22:36,,3,9
1859646175290487,667906440126144,2022,16,2,15,88697.0,1.0,1,CHJU,1,CHJU,5,2025-05-20 11:22:37,,3,9
1859646176290487,667906440126144,2022,16,2,15,88697.0,4.0,1,CHJU,1,CHJU,4,2025-05-20 11:22:37,,3,9
1859665353290487,667906834126144,2022,16,3,29,85518.0,2.0,1,CIAR4,1,CIAR4,1,2025-05-20 11:22:48,,3,9
1859623298290487,667906088126144,2022,16,1,35,88964.0,1.0,1,CIAR4,1,CIAR4,1,2025-05-20 11:22:22,,3,9
1859623299290487,667906088126144,2022,16,1,35,88964.0,3.0,1,CIAR4,1,CIAR4,4,2025-05-20 11:22:22,,3,9
1859623300290487,667906088126144,2022,16,1,35,88964.0,4.0,1,CIAR4,1,CIAR4,1,2025-05-20 11:22:22,,3,9
1859633435290487,667906280126144,2022,16,1,35,81656.0,1.0,1,CIAR4,1,CIAR4,1,2025-05-20 11:22:29,,3,9
1859633436290487,667906280126144,2022,16,1,35,81656.0,3.0,1,CIAR4,1,CIAR4,1,2025-05-20 11:22:29,,3,9
1859633437290487,667906280126144,2022,16,1,35,81656.0,4.0,1,CIAR4,1,CIAR4,4,2025-05-20 11:22:29,,3,9
1859641686290487,667906373126144,2022,16,1,35,80885.0,1.0,1,CIAR4,1,CIAR4,1,2025-05-20 11:22:34,,3,9
1859641687290487,667906373126144,2022,16,1,35,80885.0,2.0,1,CIAR4,1,CIAR4,1,2025-05-20 11:22:34,,3,9
1859628352290487,667906214126144,2022,16,1,35,88706.0,2.0,2,CESTM,1,CESTM,1,2025-05-20 11:22:27,,3,9
1859628353290487,667906214126144,2022,16,1,35,88706.0,1.0,1,CIAR4,1,CIAR4,1,2025-05-20 11:22:27,,3,9
1859628354290487,667906214126144,2022,16,1,35,88706.0,2.0,2,CIAR4,1,CIAR4,1,2025-05-20 11:22:27,,3,9
1859628355290487,667906214126144,2022,16,1,35,88706.0,4.0,1,CIAR4,1,CIAR4,1,2025-05-20 11:22:27,,3,9
1859646426290487,667906442126144,2022,16,2,15,87853.0,1.0,1,CHJU,1,CHJU,1,2025-05-20 11:22:37,,3,9
1859646427290487,667906442126144,2022,16,2,15,87853.0,2.0,1,CHJU,1,CHJU,1,2025-05-20 11:22:37,,3,9
1859646428290487,667906442126144,2022,16,2,15,87853.0,4.0,1,CHJU,1,CHJU,1,2025-05-20 11:22:37,,3,9
1859627560290487,667906174126144,2022,16,1,17,82442.0,3.0,1,HICA10,1,HICA10,1,2025-05-20 11:22:24,,3,9
1859663552290487,667906802126144,2022,16,3,29,84677.0,1.0,1,CIAR4,1,CIAR4,1,2025-05-20 11:22:47,,3,9
1859633584290487,667906281126144,2022,16,1,35,85486.0,2.0,1,CIAR4,1,CIAR4,1,2025-05-20 11:22:29,,3,9
1859633585290487,667906281126144,2022,16,1,35,85486.0,2.0,1,HICA10,1,HICA10,1,2025-05-20 11:22:29,,3,9
1859619986290487,667906026126144,2022,16,1,35,81303.0,1.0,1,HICA10,1,HICA10,1,2025-05-20 11:22:20,,3,9
1859619987290487,667906026126144,2022,16,1,35,81303.0,2.0,1,HICA10,1,HICA10,1,2025-05-20 11:22:20,,3,9
1859634758290487,667906290126144,2022,16,1,49,80496.0,2.0,1,CIAR4,1,CIAR4,3,2025-05-20 11:22:30,,3,9
1859615796290487,667905945126144,2022,16,1,61,87822.0,1.0,1,CIAR4,1,CIAR4,2,2025-05-20 11:22:18,,3,9
1859615797290487,667905945126144,2022,16,1,61,87822.0,2.0,1,CIAR4,1,CIAR4,1,2025-05-20 11:22:18,,3,9
1859615798290487,667905945126144,2022,16,1,61,87822.0,3.0,1,CIAR4,1,CIAR4,12,2025-05-20 11:22:18,,3,9
1859615799290487,667905945126144,2022,16,1,61,87822.0,4.0,1,CIAR4,1,CIAR4,4,2025-05-20 11:22:18,,3,9
43164591010690,31356649010690,2008,16,1,21,87127.0,3.0,2,HICA10,1,HICA10,2,2011-08-23 17:32:13,,2,5
43164887010690,31357550010690,2008,16,3,29,81891.0,4.0,2,CANU4,1,CANU4,2,2011-08-23 17:32:18,,2,5
43165342010690,31358704010690,2008,16,1,35,81543.0,2.0,1,HICA10,1,HICA10,2,2011-08-23 17:32:25,,2,5
43167317010690,31354766010690,2008,16,1,17,82253.0,3.0,1,HICA10,1,HICA10,2,2011-08-23 17:33:01,,2,5
43167527010690,31355330010690,2008,16,1,17,86179.0,2.0,1,HICA10,1,HICA10,2,2011-08-23 17:33:04,,2,5
43167528010690,31355330010690,2008,16,1,17,86179.0,3.0,1,HICA10,1,HICA10,2,2011-08-23 17:33:04,,2,5
43167529010690,31355330010690,2008,16,1,17,86179.0,4.0,1,HICA10,1,HICA10,2,2011-08-23 17:33:04,,2,5
43167530010690,31355330010690,2008,16,1,17,86179.0,1.0,1,CIAR4,1,CIAR4,2,2011-08-23 17:33:04,,2,5
43167531010690,31355330010690,2008,16,1,17,86179.0,3.0,1,CIAR4,1,CIAR4,2,2011-08-23 17:33:04,,2,5
43167532010690,31355330010690,2008,16,1,17,86179.0,1.0,1,CEBI2,1,CESTM,2,2011-08-23 17:33:04,,2,5
43167526010690,31355330010690,2008,16,1,17,86179.0,1.0,1,HICA10,1,HICA10,2,2011-08-23 17:33:04,,2,5
43165674010690,31359445010690,2008,16,1,35,87789.0,2.0,1,CIAR4,1,CIAR4,2,2011-08-23 17:32:31,,2,5
43165675010690,31359445010690,2008,16,1,35,87789.0,3.0,1,CIAR4,1,CIAR4,2,2011-08-23 17:32:31,,2,5
43162510010690,31364247010690,2008,16,1,49,82931.0,3.0,2,CHJU,1,CHJU,2,2011-08-23 17:31:32,,2,5
43163211010690,31366557010690,2008,16,1,49,88298.0,1.0,1,CEBI2,1,CESTM,2,2011-08-23 17:31:47,,2,5
43164923010690,31357681010690,2008,16,3,29,85252.0,1.0,1,CIAR4,1,CIAR4,2,2011-08-23 17:32:18,,2,5
43164924010690,31357681010690,2008,16,3,29,85252.0,2.0,1,CIAR4,1,CIAR4,2,2011-08-23 17:32:18,,2,5
43164925010690,31357681010690,2008,16,3,29,85252.0,3.0,1,CIAR4,1,CIAR4,2,2011-08-23 17:32:18,,2,5
43164926010690,31357681010690,2008,16,3,29,85252.0,4.0,1,CIAR4,1,CIAR4,2,2011-08-23 17:32:18,,2,5
43163356010690,31366940010690,2008,16,3,51,80344.0,1.0,1,CIAR4,1,CIAR4,2,2011-08-23 17:31:49,,2,5
43163357010690,31366940010690,2008,16,3,51,80344.0,2.0,1,CIAR4,1,CIAR4,2,2011-08-23 17:31:49,,2,5
43163358010690,31366940010690,2008,16,3,51,80344.0,3.0,1,CIAR4,1,CIAR4,2,2011-08-23 17:31:49,,2,5
43163359010690,31366940010690,2008,16,3,51,80344.0,4.0,1,CIAR4,1,CIAR4,2,2011-08-23 17:31:49,,2,5
43163360010690,31366940010690,2008,16,3,51,80344.0,1.0,1,CANU4,1,CANU4,2,2011-08-23 17:31:49,,2,5
43163361010690,31366940010690,2008,16,3,51,80344.0,2.0,1,CANU4,1,CANU4,2,2011-08-23 17:31:49,,2,5
43163362010690,31366940010690,2008,16,3,51,80344.0,3.0,1,CANU4,1,CANU4,2,2011-08-23 17:31:49,,2,5
43163363010690,31366940010690,2008,16,3,51,80344.0,4.0,1,CANU4,1,CANU4,2,2011-08-23 17:31:49,,2,5
43163577010690,31367470010690,2008,16,1,55,86562.0,2.0,1,HICA10,1,HICA10,2,2011-08-23 17:31:52,,2,5
43163578010690,31367470010690,2008,16,1,55,86562.0,4.0,1,HICA10,1,HICA10,2,2011-08-23 17:31:52,,2,5
43160757010690,31372447010690,2008,16,1,79,84432.0,1.0,1,CIAR4,1,CIAR4,2,2011-08-23 17:31:01,,2,5
43160733010690,31372402010690,2008,16,1,79,84370.0,1.0,1,ONAC,1,ONAC,2,2011-08-23 17:31:01,,2,5
43160734010690,31372402010690,2008,16,1,79,84370.0,2.0,1,ONAC,1,ONAC,2,2011-08-23 17:31:01,,2,5
43160735010690,31372402010690,2008,16,1,79,84370.0,4.0,1,ONAC,1,ONAC,2,2011-08-23 17:31:01,,2,5
43160736010690,31372402010690,2008,16,1,79,84370.0,1.0,1,CIAR4,1,CIAR4,2,2011-08-23 17:31:01,,2,5
43160737010690,31372402010690,2008,16,1,79,84370.0,2.0,1,CIAR4,1,CIAR4,2,2011-08-23 17:31:01,,2,5
43160738010690,31372402010690,2008,16,1,79,84370.0,3.0,2,CIAR4,1,CIAR4,2,2011-08-23 17:31:01,,2,5
43160739010690,31372402010690,2008,16,1,79,84370.0,4.0,1,CIAR4,1,CIAR4,2,2011-08-23 17:31:01,,2,5
43163617010690,31367587010690,2008,16,1,55,87523.0,1.0,1,CEBI2,1,CESTM,2,2011-08-23 17:31:54,,2,5
43163618010690,31367587010690,2008,16,1,55,87523.0,2.0,1,CEBI2,1,CESTM,2,2011-08-23 17:31:54,,2,5
43163619010690,31367587010690,2008,16,1,55,87523.0,3.0,1,CEBI2,1,CESTM,2,2011-08-23 17:31:54,,2,5
43163648010690,31367645010690,2008,16,1,55,88461.0,1.0,1,CEBI2,1,CESTM,2,2011-08-23 17:31:54,,2,5
43163649010690,31367645010690,2008,16,1,55,88461.0,2.0,1,CEBI2,1,CESTM,2,2011-08-23 17:31:54,,2,5
43163650010690,31367645010690,2008,16,1,55,88461.0,4.0,1,CEBI2,1,CESTM,2,2011-08-23 17:31:54,,2,5
43163651010690,31367645010690,2008,16,1,55,88461.0,1.0,1,HICA10,1,HICA10,2,2011-08-23 17:31:54,,2,5
43163861010690,31368365010690,2008,16,3,59,81312.0,2.0,1,CEBI2,1,CESTM,2,2011-08-23 17:31:58,,2,5
43163862010690,31368365010690,2008,16,3,59,81312.0,3.0,1,CEBI2,1,CESTM,2,2011-08-23 17:31:58,,2,5
43160493010690,31371680010690,2008,16,1,79,80049.0,1.0,1,HICA10,1,HICA10,2,2011-08-23 17:30:56,,2,5
43164604010690,31356722010690,2008,16,1,21,87499.0,2.0,1,CIAR4,1,CIAR4,2,2011-08-23 17:32:13,,2,5
43164605010690,31356722010690,2008,16,1,21,87499.0,4.0,1,CIAR4,1,CIAR4,2,2011-08-23 17:32:13,,2,5
43165702010690,31359496010690,2008,16,1,35,88043.0,1.0,1,CIAR4,1,CIAR4,2,2011-08-23 17:32:31,,2,5
43166658010690,31352846010690,2008,16,1,9,85200.0,3.0,1,HICA10,1,HICA10,2,2011-08-23 17:32:50,,2,5
43176198010690,35371001010690,2009,16,1,9,80643.0,1.0,1,HICA10,1,HICA10,2,2011-08-23 17:37:28,,2,6
43176199010690,35371001010690,2009,16,1,9,80643.0,2.0,1,HICA10,1,HICA10,2,2011-08-23 17:37:28,,2,6
43176200010690,35371001010690,2009,16,1,9,80643.0,3.0,1,HICA10,1,HICA10,2,2011-08-23 17:37:28,,2,6
43176201010690,35371001010690,2009,16,1,9,80643.0,4.0,1,HICA10,1,HICA10,2,2011-08-23 17:37:28,,2,6
43174608010690,35371179010690,2009,16,1,17,88694.0,2.0,2,HICA10,1,HICA10,2,2011-08-23 17:36:56,,2,6
43176229010690,35371006010690,2009,16,1,9,80672.0,4.0,1,CIAR4,1,CIAR4,2,2011-08-23 17:37:29,,2,6
43176249010690,35371007010690,2009,16,1,9,85623.0,1.0,1,CIAR4,1,CIAR4,2,2011-08-23 17:37:29,,2,6
43176250010690,35371007010690,2009,16,1,9,85623.0,1.0,1,HICA10,1,HICA10,2,2011-08-23 17:37:29,,2,6
43176251010690,35371007010690,2009,16,1,9,85623.0,2.0,1,HICA10,1,HICA10,2,2011-08-23 17:37:29,,2,6
43175058010690,35371261010690,2009,16,1,21,80983.0,2.0,1,CEBI2,1,CESTM,2,2011-08-23 17:37:05,,2,6
43175059010690,35371261010690,2009,16,1,21,80983.0,3.0,1,CEBI2,1,CESTM,2,2011-08-23 17:37:05,,2,6
43175060010690,35371261010690,2009,16,1,21,80983.0,3.0,1,HICA10,1,HICA10,2,2011-08-23 17:37:05,,2,6
43175110010690,35371265010690,2009,16,1,21,83926.0,3.0,1,CIAR4,1,CIAR4,2,2011-08-23 17:37:06,,2,6
43173396010690,35371868010690,2009,16,1,49,80175.0,4.0,2,CIAR4,1,CIAR4,2,2011-08-23 17:36:30,,2,6
43170788010690,35372169010690,2009,16,1,61,87781.0,1.0,1,CESO3,1,CESO3,2,2011-08-23 17:35:43,,2,6
43170789010690,35372169010690,2009,16,1,61,87781.0,2.0,1,CESO3,1,CESO3,2,2011-08-23 17:35:43,,2,6
43170790010690,35372169010690,2009,16,1,61,87781.0,3.0,1,CESO3,1,CESO3,2,2011-08-23 17:35:43,,2,6
1627768997290487,355078486489998,2020,16,1,49,88874.0,2.0,1,CIAR4,1,CIAR4,1,2024-05-20 12:58:43,,3,7
1627768998290487,355078486489998,2020,16,1,49,88874.0,3.0,1,CIAR4,1,CIAR4,1,2024-05-20 12:58:43,,3,7
1627758440290487,355078346489998,2020,16,1,55,82541.0,1.0,1,CESTM,1,CESTM,1,2024-05-20 12:58:19,,3,7
1627758441290487,355078346489998,2020,16,1,55,82541.0,2.0,1,CESTM,1,CESTM,8,2024-05-20 12:58:19,,3,7
1627758442290487,355078346489998,2020,16,1,55,82541.0,3.0,1,CESTM,1,CESTM,5,2024-05-20 12:58:19,,3,7
1627758443290487,355078346489998,2020,16,1,55,82541.0,4.0,1,CESTM,1,CESTM,1,2024-05-20 12:58:19,,3,7
1627748033290487,355078168489998,2020,16,1,55,84467.0,3.0,1,CESTM,1,CESTM,1,2024-05-20 12:57:54,,3,7
1627771698290487,355078536489998,2020,16,1,79,86160.0,3.0,1,HICA10,1,HICA10,1,2024-05-20 12:58:47,,3,7
1627771699290487,355078536489998,2020,16,1,79,86160.0,4.0,1,HICA10,1,HICA10,1,2024-05-20 12:58:47,,3,7
1627769548290487,355078490489998,2020,16,1,49,83536.0,1.0,1,HICA10,1,HICA10,1,2024-05-20 12:58:44,,3,7
1627769549290487,355078490489998,2020,16,1,49,83536.0,2.0,1,HICA10,1,HICA10,1,2024-05-20 12:58:44,,3,7
1627769550290487,355078490489998,2020,16,1,49,83536.0,3.0,1,HICA10,1,HICA10,1,2024-05-20 12:58:44,,3,7
1627769551290487,355078490489998,2020,16,1,49,83536.0,4.0,1,HICA10,1,HICA10,1,2024-05-20 12:58:44,,3,7
1627752850290487,355078279489998,2020,16,1,49,87034.0,2.0,1,CIAR4,1,CIAR4,1,2024-05-20 12:58:08,,3,7
1627787708290487,355078868489998,2020,16,3,43,80299.0,1.0,1,EUES,1,EUES,1,2024-05-20 12:59:26,,3,7
1627787709290487,355078868489998,2020,16,3,43,80299.0,2.0,1,EUES,1,EUES,25,2024-05-20 12:59:26,,3,7
1627755339290487,355078306489998,2020,16,1,49,85815.0,4.0,1,HIAU,1,HIAU,1,2024-05-20 12:58:12,,3,7
1627748668290487,355078178489998,2020,16,1,57,84375.0,3.0,1,HICA10,1,HICA10,1,2024-05-20 12:57:57,,3,7
1627744480290487,355078110489998,2020,16,1,57,83537.0,1.0,1,CIAR4,1,CIAR4,1,2024-05-20 12:57:42,,3,7
1627744481290487,355078110489998,2020,16,1,57,83537.0,2.0,1,CIAR4,1,CIAR4,2,2024-05-20 12:57:42,,3,7
1627759500290487,355078355489998,2020,16,1,57,88425.0,4.0,1,CIAR4,1,CIAR4,1,2024-05-20 12:58:20,,3,7
1627759501290487,355078355489998,2020,16,1,57,88425.0,3.0,1,HICA10,1,HICA10,1,2024-05-20 12:58:20,,3,7
1627759502290487,355078355489998,2020,16,1,57,88425.0,4.0,1,HICA10,1,HICA10,1,2024-05-20 12:58:20,,3,7
1627772220290487,355078540489998,2020,16,1,79,80648.0,4.0,1,HICA10,1,HICA10,1,2024-05-20 12:58:47,,3,7
1627763909290487,355078407489998,2020,16,1,79,83759.0,1.0,1,HICA10,1,HICA10,3,2024-05-20 12:58:31,,3,7
1627763910290487,355078407489998,2020,16,1,79,83759.0,2.0,1,HICA10,1,HICA10,3,2024-05-20 12:58:31,,3,7
1627763911290487,355078407489998,2020,16,1,79,83759.0,3.0,1,HICA10,1,HICA10,2,2024-05-20 12:58:31,,3,7
1627763912290487,355078407489998,2020,16,1,79,83759.0,4.0,1,HICA10,1,HICA10,3,2024-05-20 12:58:31,,3,7
1627748789290487,355078179489998,2020,16,1,57,86494.0,1.0,1,HICA10,1,HICA10,1,2024-05-20 12:57:57,,3,7
1627748790290487,355078179489998,2020,16,1,57,86494.0,3.0,1,HICA10,1,HICA10,1,2024-05-20 12:57:57,,3,7
1627748791290487,355078179489998,2020,16,1,57,86494.0,4.0,1,HICA10,1,HICA10,1,2024-05-20 12:57:57,,3,7
1627742069290487,355078071489998,2020,16,3,59,83907.0,2.0,1,CHJU,1,CHJU,1,2024-05-20 12:57:34,,3,7
1627745517290487,355078126489998,2020,16,2,85,85652.0,1.0,1,CIAR4,1,CIAR4,1,2024-05-20 12:57:46,,3,7
1627745518290487,355078126489998,2020,16,2,85,85652.0,4.0,1,CIAR4,1,CIAR4,5,2024-05-20 12:57:46,,3,7
1627743927290487,355078100489998,2020,16,1,49,85693.0,3.0,1,CIAR4,1,CIAR4,1,2024-05-20 12:57:39,,3,7
1627743928290487,355078100489998,2020,16,1,49,85693.0,4.0,1,CIAR4,1,CIAR4,1,2024-05-20 12:57:39,,3,7
1627746013290487,355078135489998,2020,16,1,49,88998.0,3.0,1,CESTM,1,CESTM,1,2024-05-20 12:57:50,,3,7
1627746014290487,355078135489998,2020,16,1,49,88998.0,1.0,1,HICA10,1,HICA10,1,2024-05-20 12:57:50,,3,7
1627746015290487,355078135489998,2020,16,1,49,88998.0,2.0,1,HICA10,1,HICA10,1,2024-05-20 12:57:50,,3,7
1627746016290487,355078135489998,2020,16,1,49,88998.0,4.0,1,HICA10,1,HICA10,1,2024-05-20 12:57:50,,3,7
1627739368290487,355078024489998,2020,16,1,55,81643.0,1.0,1,HICA10,1,HICA10,1,2024-05-20 12:57:23,,3,7
1627739369290487,355078024489998,2020,16,1,55,81643.0,4.0,1,HICA10,1,HICA10,1,2024-05-20 12:57:23,,3,7
1627744330290487,355078109489998,2020,16,1,57,85633.0,1.0,1,HICA10,1,HICA10,1,2024-05-20 12:57:42,,3,7
1627744331290487,355078109489998,2020,16,1,57,85633.0,2.0,1,HICA10,1,HICA10,1,2024-05-20 12:57:42,,3,7
1627744332290487,355078109489998,2020,16,1,57,85633.0,3.0,1,HICA10,1,HICA10,1,2024-05-20 12:57:42,,3,7
1627755211290487,355078305489998,2020,16,1,49,88226.0,1.0,1,CIAR4,1,CIAR4,3,2024-05-20 12:58:12,,3,7
1627755212290487,355078305489998,2020,16,1,49,88226.0,2.0,1,CIAR4,1,CIAR4,6,2024-05-20 12:58:12,,3,7
1627755213290487,355078305489998,2020,16,1,49,88226.0,3.0,1,CIAR4,1,CIAR4,2,2024-05-20 12:58:12,,3,7
1627755214290487,355078305489998,2020,16,1,49,88226.0,4.0,1,CIAR4,1,CIAR4,2,2024-05-20 12:58:12,,3,7
1627754078290487,355078296489998,2020,16,1,21,85022.0,3.0,1,HICA10,1,HICA10,1,2024-05-20 12:58:09,,3,7
1627754079290487,355078296489998,2020,16,1,21,85022.0,4.0,1,HICA10,1,HICA10,1,2024-05-20 12:58:09,,3,7
1627760921290487,355078370489998,2020,16,1,49,83227.0,2.0,2,CHJU,1,CHJU,1,2024-05-20 12:58:26,,3,7
1627760922290487,355078370489998,2020,16,1,49,83227.0,4.0,1,CHJU,1,CHJU,1,2024-05-20 12:58:26,,3,7
1627743785290487,355078099489998,2020,16,1,79,80522.0,1.0,1,CESTM,1,CESTM,1,2024-05-20 12:57:39,,3,7
1627743786290487,355078099489998,2020,16,1,79,80522.0,3.0,1,CESTM,1,CESTM,1,2024-05-20 12:57:39,,3,7
1627743787290487,355078099489998,2020,16,1,79,80522.0,1.0,1,CIAR4,1,CIAR4,1,2024-05-20 12:57:39,,3,7
1627743788290487,355078099489998,2020,16,1,79,80522.0,2.0,1,CIAR4,1,CIAR4,1,2024-05-20 12:57:39,,3,7
1627743789290487,355078099489998,2020,16,1,79,80522.0,3.0,1,CIAR4,1,CIAR4,1,2024-05-20 12:57:39,,3,7
1627743790290487,355078099489998,2020,16,1,79,80522.0,4.0,1,CIAR4,1,CIAR4,1,2024-05-20 12:57:39,,3,7
1627743791290487,355078099489998,2020,16,1,79,80522.0,1.0,1,HICA10,1,HICA10,8,2024-05-20 12:57:39,,3,7
1627743792290487,355078099489998,2020,16,1,79,80522.0,2.0,1,HICA10,1,HICA10,12,2024-05-20 12:57:39,,3,7
1859615800290487,667905945126144,2022,16,1,61,87822.0,2.0,1,HICA10,1,HICA10,1,2025-05-20 11:22:18,,3,9
1859615801290487,667905945126144,2022,16,1,61,87822.0,4.0,1,HICA10,1,HICA10,1,2025-05-20 11:22:18,,3,9
1859646584290487,667906444126144,2022,16,2,39,80674.0,3.0,1,CHJU,1,CHJU,1,2025-05-20 11:22:37,,3,9
1859646585290487,667906444126144,2022,16,2,39,80674.0,4.0,1,CHJU,1,CHJU,1,2025-05-20 11:22:37,,3,9
1859645096290487,667906425126144,2022,16,2,15,80103.0,1.0,1,CHJU,1,CHJU,4,2025-05-20 11:22:36,,3,9
1859645097290487,667906425126144,2022,16,2,15,80103.0,2.0,1,CHJU,1,CHJU,1,2025-05-20 11:22:36,,3,9
1859645098290487,667906425126144,2022,16,2,15,80103.0,3.0,1,CHJU,1,CHJU,5,2025-05-20 11:22:36,,3,9
1859627014290487,667906161126144,2022,16,1,55,80588.0,1.0,1,CESTM,1,CESTM,1,2025-05-20 11:22:24,,3,9
1859627015290487,667906161126144,2022,16,1,55,80588.0,2.0,1,CESTM,1,CESTM,1,2025-05-20 11:22:24,,3,9
1859627016290487,667906161126144,2022,16,1,55,80588.0,4.0,1,CESTM,1,CESTM,1,2025-05-20 11:22:24,,3,9
1859627017290487,667906161126144,2022,16,1,55,80588.0,2.0,1,LIDA,1,LIDA,1,2025-05-20 11:22:24,,3,9
1859638593290487,667906339126144,2022,16,1,79,81410.0,2.0,1,CIAR4,1,CIAR4,1,2025-05-20 11:22:33,,3,9
1859617874290487,667905984126144,2022,16,3,41,80887.0,1.0,1,CANU4,1,CANU4,1,2025-05-20 11:22:19,,3,9
1859617875290487,667905984126144,2022,16,3,41,80887.0,4.0,1,CANU4,1,CANU4,1,2025-05-20 11:22:19,,3,9
1859634423290487,667906287126144,2022,16,1,49,86614.0,1.0,1,CIAR4,1,CIAR4,1,2025-05-20 11:22:30,,3,9
1859658139290487,667906623126144,2022,16,1,49,88884.0,1.0,1,CESTM,1,CESTM,4,2025-05-20 11:22:44,,3,9
1859625699290487,667906134126144,2022,16,1,55,80720.0,2.0,1,CESTM,1,CESTM,1,2025-05-20 11:22:23,,3,9
1859625700290487,667906134126144,2022,16,1,55,80720.0,3.0,1,CESTM,1,CESTM,1,2025-05-20 11:22:23,,3,9
1859625701290487,667906134126144,2022,16,1,55,80720.0,4.0,1,CESTM,1,CESTM,1,2025-05-20 11:22:23,,3,9
1859637310290487,667906326126144,2022,16,1,55,82770.0,3.0,2,HICA10,1,HICA10,1,2025-05-20 11:22:32,,3,9
1859657134290487,667906591126144,2022,16,3,59,88112.0,4.0,2,CESTM,1,CESTM,3,2025-05-20 11:22:43,,3,9
1859624452290487,667906113126144,2022,16,1,55,81193.0,1.0,1,HICA10,1,HICA10,2,2025-05-20 11:22:22,,3,9
1859624453290487,667906113126144,2022,16,1,55,81193.0,3.0,1,HICA10,1,HICA10,1,2025-05-20 11:22:22,,3,9
1859624454290487,667906113126144,2022,16,1,55,81193.0,4.0,1,HICA10,1,HICA10,2,2025-05-20 11:22:22,,3,9
43145999010690,11806468010690,2006,16,1,57,88890.0,1.0,1,CIAR4,1,CIAR4,2,2011-08-23 17:19:34,,2,3
43143287010690,11811906010690,2006,16,1,79,86885.0,3.0,1,CIAR4,1,CIAR4,2,2011-08-23 17:18:45,,2,3
43143288010690,11811906010690,2006,16,1,79,86885.0,4.0,1,CIAR4,1,CIAR4,2,2011-08-23 17:18:45,,2,3
43145961010690,11806379010690,2006,16,1,57,87449.0,1.0,1,HICA10,1,HICA10,2,2011-08-23 17:19:34,,2,3
43145962010690,11806379010690,2006,16,1,57,87449.0,2.0,1,HICA10,1,HICA10,2,2011-08-23 17:19:34,,2,3
43145963010690,11806379010690,2006,16,1,57,87449.0,3.0,1,HICA10,1,HICA10,2,2011-08-23 17:19:34,,2,3
43145964010690,11806379010690,2006,16,1,57,87449.0,4.0,1,HICA10,1,HICA10,2,2011-08-23 17:19:34,,2,3
43143123010690,11811425010690,2006,16,1,79,84581.0,1.0,1,CIAR4,1,CIAR4,2,2011-08-23 17:18:43,,2,3
43143124010690,11811425010690,2006,16,1,79,84581.0,3.0,1,CIAR4,1,CIAR4,2,2011-08-23 17:18:43,,2,3
43143146010690,11811514010690,2006,16,1,79,85075.0,3.0,2,CIAR4,1,CIAR4,2,2011-08-23 17:18:43,,2,3
43143147010690,11811514010690,2006,16,1,79,85075.0,4.0,1,CIAR4,1,CIAR4,2,2011-08-23 17:18:43,,2,3
43143148010690,11811514010690,2006,16,1,79,85075.0,3.0,2,HICA10,1,HICA10,2,2011-08-23 17:18:43,,2,3
43142363010690,11809047010690,2006,16,3,71,86976.0,1.0,1,EUES,1,EUES,2,2011-08-23 17:18:31,,2,3
43142364010690,11809047010690,2006,16,3,71,86976.0,3.0,1,EUES,1,EUES,2,2011-08-23 17:18:31,,2,3
43142365010690,11809047010690,2006,16,3,71,86976.0,4.0,1,EUES,1,EUES,2,2011-08-23 17:18:31,,2,3
43143277010690,11811851010690,2006,16,1,79,86761.0,2.0,1,CIAR4,1,CIAR4,2,2011-08-23 17:18:45,,2,3
43144238010690,11801759010690,2006,16,1,49,80177.0,1.0,1,CEBI2,1,CESTM,2,2011-08-23 17:19:03,,2,3
43144239010690,11801759010690,2006,16,1,49,80177.0,2.0,1,CEBI2,1,CESTM,2,2011-08-23 17:19:03,,2,3
43144240010690,11801759010690,2006,16,1,49,80177.0,3.0,1,CEBI2,1,CESTM,2,2011-08-23 17:19:03,,2,3
43144241010690,11801759010690,2006,16,1,49,80177.0,4.0,1,CEBI2,1,CESTM,2,2011-08-23 17:19:03,,2,3
43149796010690,11793450010690,2006,16,1,17,84510.0,1.0,1,HICA10,1,HICA10,2,2011-08-23 17:20:49,,2,3
43149797010690,11793450010690,2006,16,1,17,84510.0,2.0,1,HICA10,1,HICA10,2,2011-08-23 17:20:49,,2,3
43149798010690,11793450010690,2006,16,1,17,84510.0,3.0,1,HICA10,1,HICA10,2,2011-08-23 17:20:49,,2,3
43149799010690,11793450010690,2006,16,1,17,84510.0,4.0,1,HICA10,1,HICA10,2,2011-08-23 17:20:49,,2,3
43149800010690,11793450010690,2006,16,1,17,84510.0,4.0,1,CIAR4,1,CIAR4,2,2011-08-23 17:20:49,,2,3
43149092010690,11791273010690,2006,16,1,9,88666.0,1.0,1,CEBI2,1,CESTM,2,2011-08-23 17:20:38,,2,3
43149093010690,11791273010690,2006,16,1,9,88666.0,4.0,1,CIAR4,1,CIAR4,2,2011-08-23 17:20:38,,2,3
43149732010690,11793244010690,2006,16,1,17,83185.0,3.0,1,LIDA,1,LIDA,2,2011-08-23 17:20:48,,2,3
43149733010690,11793244010690,2006,16,1,17,83185.0,4.0,1,LIDA,1,LIDA,2,2011-08-23 17:20:48,,2,3
43149219010690,11791651010690,2006,16,3,13,80908.0,1.0,1,CIAR4,1,CIAR4,2,2011-08-23 17:20:39,,2,3
43149220010690,11791651010690,2006,16,3,13,80908.0,2.0,1,CIAR4,1,CIAR4,2,2011-08-23 17:20:39,,2,3
43149221010690,11791651010690,2006,16,3,13,80908.0,3.0,1,CIAR4,1,CIAR4,2,2011-08-23 17:20:39,,2,3
43149222010690,11791651010690,2006,16,3,13,80908.0,4.0,1,CIAR4,1,CIAR4,2,2011-08-23 17:20:39,,2,3
43158760010690,12267365010690,2007,16,2,3,83803.0,1.0,1,CIAR4,1,CIAR4,2,2011-08-23 17:28:25,,2,4
43158761010690,12267365010690,2007,16,2,3,83803.0,2.0,1,CIAR4,1,CIAR4,2,2011-08-23 17:28:25,,2,4
43158762010690,12267365010690,2007,16,2,3,83803.0,3.0,1,CIAR4,1,CIAR4,2,2011-08-23 17:28:25,,2,4
43157708010690,12271140010690,2007,16,1,17,86993.0,3.0,1,CIAR4,1,CIAR4,2,2011-08-23 17:28:04,,2,4
43156774010690,12268662010690,2007,16,1,9,88900.0,3.0,2,CIAR4,1,CIAR4,2,2011-08-23 17:27:48,,2,4
43156775010690,12268662010690,2007,16,1,9,88900.0,4.0,1,CIAR4,1,CIAR4,2,2011-08-23 17:27:48,,2,4
43156719010690,12268486010690,2007,16,1,9,86116.0,1.0,1,CIAR4,1,CIAR4,2,2011-08-23 17:27:47,,2,4
43156720010690,12268486010690,2007,16,1,9,86116.0,2.0,1,CIAR4,1,CIAR4,2,2011-08-23 17:27:47,,2,4
43156721010690,12268486010690,2007,16,1,9,86116.0,3.0,1,CIAR4,1,CIAR4,2,2011-08-23 17:27:47,,2,4
1627743793290487,355078099489998,2020,16,1,79,80522.0,3.0,1,HICA10,1,HICA10,20,2024-05-20 12:57:39,,3,7
1627743794290487,355078099489998,2020,16,1,79,80522.0,4.0,1,HICA10,1,HICA10,2,2024-05-20 12:57:39,,3,7
1627821190290487,547769199126144,2021,16,1,9,88758.0,3.0,1,CESTM,1,CESTM,1,2024-05-20 13:00:29,,3,8
1627821191290487,547769199126144,2021,16,1,9,88758.0,2.0,1,CIAR4,1,CIAR4,1,2024-05-20 13:00:29,,3,8
1627821192290487,547769199126144,2021,16,1,9,88758.0,2.0,1,HICA10,1,HICA10,3,2024-05-20 13:00:29,,3,8
1627805217290487,547768994126144,2021,16,1,17,82341.0,1.0,1,HICA10,1,HICA10,1,2024-05-20 13:00:01,,3,8
1627806050290487,547769001126144,2021,16,1,35,80647.0,2.0,1,CHJU,1,CHJU,2,2024-05-20 13:00:02,,3,8
1627806051290487,547769001126144,2021,16,1,35,80647.0,1.0,1,HICA10,1,HICA10,3,2024-05-20 13:00:02,,3,8
1627791963290487,547768731126144,2021,16,1,35,80313.0,3.0,1,CIAR4,1,CIAR4,3,2024-05-20 12:59:33,,3,8
1627808868290487,547769038126144,2021,16,1,9,82268.0,4.0,1,CESTM,1,CESTM,1,2024-05-20 13:00:07,,3,8
1627808869290487,547769038126144,2021,16,1,9,82268.0,1.0,1,CIAR4,1,CIAR4,12,2024-05-20 13:00:07,,3,8
1627808870290487,547769038126144,2021,16,1,9,82268.0,2.0,1,CIAR4,1,CIAR4,4,2024-05-20 13:00:07,,3,8
1627808871290487,547769038126144,2021,16,1,9,82268.0,3.0,1,CIAR4,1,CIAR4,15,2024-05-20 13:00:07,,3,8
1627808872290487,547769038126144,2021,16,1,9,82268.0,4.0,1,CIAR4,1,CIAR4,10,2024-05-20 13:00:07,,3,8
1627821444290487,547769201126144,2021,16,1,9,86461.0,3.0,1,HICA10,1,HICA10,1,2024-05-20 13:00:29,,3,8
1627808989290487,547769039126144,2021,16,1,9,85313.0,4.0,1,HICA10,1,HICA10,1,2024-05-20 13:00:07,,3,8
1627808990290487,547769039126144,2021,16,1,9,85313.0,4.0,2,HICA10,1,HICA10,2,2024-05-20 13:00:07,,3,8
1627820426290487,547769192126144,2021,16,1,17,81236.0,1.0,1,HICA10,1,HICA10,1,2024-05-20 13:00:29,,3,8
1627820427290487,547769192126144,2021,16,1,17,81236.0,2.0,2,HICA10,1,HICA10,1,2024-05-20 13:00:29,,3,8
1627820428290487,547769192126144,2021,16,1,17,81236.0,3.0,1,HICA10,1,HICA10,1,2024-05-20 13:00:29,,3,8
1627804653290487,547768989126144,2021,16,1,21,88300.0,1.0,1,HICA10,1,HICA10,1,2024-05-20 12:59:59,,3,8
1627804654290487,547768989126144,2021,16,1,21,88300.0,2.0,1,HICA10,1,HICA10,1,2024-05-20 12:59:59,,3,8
1627804655290487,547768989126144,2021,16,1,21,88300.0,3.0,1,HICA10,1,HICA10,1,2024-05-20 12:59:59,,3,8
1627804656290487,547768989126144,2021,16,1,21,88300.0,4.0,1,HICA10,1,HICA10,1,2024-05-20 12:59:59,,3,8
1627803990290487,547768975126144,2021,16,2,15,81411.0,1.0,1,CHJU,1,CHJU,3,2024-05-20 12:59:59,,3,8
1627803991290487,547768975126144,2021,16,2,15,81411.0,2.0,1,CHJU,1,CHJU,1,2024-05-20 12:59:59,,3,8
1627803992290487,547768975126144,2021,16,2,15,81411.0,3.0,1,CHJU,1,CHJU,1,2024-05-20 12:59:59,,3,8
1627803993290487,547768975126144,2021,16,2,15,81411.0,4.0,1,CHJU,1,CHJU,7,2024-05-20 12:59:59,,3,8
1627799401290487,547768892126144,2021,16,1,17,82587.0,2.0,1,CIAR4,1,CIAR4,1,2024-05-20 12:59:47,,3,8
1627799402290487,547768892126144,2021,16,1,17,82587.0,4.0,1,CIAR4,1,CIAR4,1,2024-05-20 12:59:47,,3,8
1627799403290487,547768892126144,2021,16,1,17,82587.0,2.0,1,HICA10,1,HICA10,1,2024-05-20 12:59:47,,3,8
1627805016290487,547768992126144,2021,16,1,21,83457.0,4.0,1,CIAR4,1,CIAR4,3,2024-05-20 13:00:01,,3,8
1627804412290487,547768986126144,2021,16,1,21,85101.0,3.0,1,HICA10,1,HICA10,1,2024-05-20 12:59:59,,3,8
1627833415290487,547769503126144,2021,16,3,29,80954.0,1.0,1,CIAR4,1,CIAR4,1,2024-05-20 13:00:39,,3,8
1627833416290487,547769503126144,2021,16,3,29,80954.0,4.0,1,CIAR4,1,CIAR4,1,2024-05-20 13:00:39,,3,8
1627802058290487,547768951126144,2021,16,1,35,85531.0,3.0,2,CIAR4,1,CIAR4,1,2024-05-20 12:59:54,,3,8
1627798745290487,547768874126144,2021,16,1,17,86709.0,1.0,1,HICA10,1,HICA10,1,2024-05-20 12:59:43,,3,8
1627798746290487,547768874126144,2021,16,1,17,86709.0,2.0,1,HICA10,1,HICA10,1,2024-05-20 12:59:43,,3,8
1627816253290487,547769128126144,2021,16,1,35,84086.0,1.0,1,CIAR4,1,CIAR4,5,2024-05-20 13:00:25,,3,8
1627816254290487,547769128126144,2021,16,1,35,84086.0,2.0,1,CIAR4,1,CIAR4,3,2024-05-20 13:00:25,,3,8
1627816255290487,547769128126144,2021,16,1,35,84086.0,3.0,1,CIAR4,1,CIAR4,2,2024-05-20 13:00:25,,3,8
1627816256290487,547769128126144,2021,16,1,35,84086.0,4.0,1,CIAR4,1,CIAR4,2,2024-05-20 13:00:25,,3,8
1627805769290487,547768999126144,2021,16,1,35,85299.0,2.0,1,CIAR4,1,CIAR4,3,2024-05-20 13:00:02,,3,8
1627805770290487,547768999126144,2021,16,1,35,85299.0,3.0,1,CIAR4,1,CIAR4,2,2024-05-20 13:00:02,,3,8
1627805771290487,547768999126144,2021,16,1,35,85299.0,4.0,1,HICA10,1,HICA10,1,2024-05-20 13:00:02,,3,8
1627790213290487,547768678126144,2021,16,1,35,86632.0,3.0,1,CIAR4,1,CIAR4,1,2024-05-20 12:59:28,,3,8
1627790214290487,547768678126144,2021,16,1,35,86632.0,1.0,1,HICA10,1,HICA10,1,2024-05-20 12:59:28,,3,8
1627823684290487,547769232126144,2021,16,1,49,80708.0,4.0,1,CESTM,1,CESTM,12,2024-05-20 13:00:31,,3,8
1627788929290487,547768667126144,2021,16,1,49,83267.0,4.0,1,CIAR4,1,CIAR4,1,2024-05-20 12:59:27,,3,8
1627806462290487,547769006126144,2021,16,1,49,83128.0,1.0,1,CIAR4,1,CIAR4,1,2024-05-20 13:00:02,,3,8
1627808740290487,547769037126144,2021,16,1,55,83084.0,1.0,1,CIAR4,1,CIAR4,1,2024-05-20 13:00:07,,3,8
43140133010690,5381405010690,2005,16,3,29,86867.0,2.0,1,CIAR4,1,CIAR4,2,2011-08-23 17:15:53,,2,2
43140134010690,5381405010690,2005,16,3,29,86867.0,3.0,1,CIAR4,1,CIAR4,2,2011-08-23 17:15:53,,2,2
43140135010690,5381405010690,2005,16,3,29,86867.0,4.0,1,CIAR4,1,CIAR4,2,2011-08-23 17:15:53,,2,2
43132468010690,5396568010690,2005,16,1,79,83593.0,1.0,1,HICA10,1,HICA10,2,2011-08-23 17:13:55,,2,2
43132469010690,5396568010690,2005,16,1,79,83593.0,3.0,1,HICA10,1,HICA10,2,2011-08-23 17:13:55,,2,2
43137816010690,5388496010690,2005,16,1,49,84264.0,1.0,1,HICA10,1,HICA10,2,2011-08-23 17:15:19,,2,2
43137817010690,5388496010690,2005,16,1,49,84264.0,3.0,1,HICA10,1,HICA10,2,2011-08-23 17:15:19,,2,2
43134202010690,5391498010690,2005,16,1,55,83149.0,1.0,1,CEBI2,1,CESTM,2,2011-08-23 17:14:21,,2,2
43134203010690,5391498010690,2005,16,1,55,83149.0,2.0,1,CEBI2,1,CESTM,2,2011-08-23 17:14:21,,2,2
43134204010690,5391498010690,2005,16,1,55,83149.0,4.0,1,CEBI2,1,CESTM,2,2011-08-23 17:14:21,,2,2
43134371010690,5391929010690,2005,16,1,55,88980.0,1.0,2,CEBI2,1,CESTM,2,2011-08-23 17:14:23,,2,2
43134372010690,5391929010690,2005,16,1,55,88980.0,2.0,2,CEBI2,1,CESTM,2,2011-08-23 17:14:23,,2,2
