CN,PLT_CN,INVYR,STATECD,UNITCD,COUNTYCD,PLOT,SUBP,CONDID,VEG_FLDSPCD,UNIQUE_SP_NBR,VEG_SPCD,COVER_PCT,CREATED_DATE,MODIFIED_DATE,CYCLE,SUBCYCLE
222850007010661,122557087010661,2007,24,4,19,1052.0,1.0,1,PHAU7,1,PHAU7,85,2010-03-01 10:53:47,2012-02-28 07:13:43,6,4
222850008010661,122557087010661,2007,24,4,19,1052.0,2.0,1,PHAU7,1,PHAU7,98,2010-03-01 10:53:47,2012-02-28 07:13:43,6,4
222850009010661,122557087010661,2007,24,4,19,1052.0,3.0,1,PHAU7,1,PHAU7,98,2010-03-01 10:53:47,2012-02-28 07:13:43,6,4
222850010010661,122557087010661,2007,24,4,19,1052.0,4.0,1,PHAU7,1,PHAU7,95,2010-03-01 10:53:47,2012-02-28 07:13:43,6,4
222850018010661,122558326010661,2007,24,2,21,1477.0,1.0,1,2SHRUB,3,ROMU,5,2010-03-01 10:53:47,2012-02-28 07:02:38,6,4
222850021010661,122558326010661,2007,24,2,21,1477.0,1.0,1,BETH,1,BETH,1,2010-03-01 10:53:47,2012-02-29 11:15:33,6,4
222850019010661,122558326010661,2007,24,2,21,1477.0,2.0,1,2SHRUB,3,ROMU,5,2010-03-01 10:53:47,2012-02-28 07:02:52,6,4
222850022010661,122558326010661,2007,24,2,21,1477.0,2.0,1,BETH,1,BETH,1,2010-03-01 10:53:47,2012-02-28 07:05:44,6,4
222850020010661,122558326010661,2007,24,2,21,1477.0,3.0,1,AIAL,1,AIAL,10,2010-03-01 10:53:47,2012-02-28 07:06:39,6,4
222850023010661,122558326010661,2007,24,2,21,1477.0,3.0,1,BETH,1,BETH,4,2010-03-01 10:53:47,2012-02-28 07:05:44,6,4
222850024010661,122558326010661,2007,24,2,21,1477.0,4.0,1,BETH,1,BETH,1,2010-03-01 10:53:47,2012-02-29 11:15:30,6,4
222850055010661,122557149010661,2007,24,3,37,1202.0,4.0,1,ROMU,1,ROMU,1,2010-03-01 10:53:48,2012-02-28 07:14:12,6,4
222850056010661,122557149010661,2007,24,3,37,1202.0,4.0,1,ROPS,1,ROPS,1,2010-03-01 10:53:48,2012-02-28 07:14:41,6,4
222850072010661,122557013010661,2007,24,4,47,214.0,2.0,1,MIVI,1,MIVI,1,2010-03-01 10:53:48,2012-02-28 07:12:21,6,4
222850059010661,122558352010661,2007,24,2,43,314.0,1.0,1,POBO10,1,POBO10,1,2010-03-01 10:53:48,2012-02-28 07:14:37,6,4
222850063010661,122558352010661,2007,24,2,43,314.0,1.0,1,ROMU,1,ROMU,1,2010-03-01 10:53:48,2012-02-28 07:12:19,6,4
222850058010661,122558352010661,2007,24,2,43,314.0,2.0,1,MIVI,1,MIVI,1,2010-03-01 10:53:48,2012-02-28 07:12:19,6,4
222850035010661,122558280010661,2007,24,2,31,1153.0,4.0,1,LOTA,1,LOTA,70,2010-03-01 10:53:47,2012-02-28 07:13:45,6,4
222850060010661,122558352010661,2007,24,2,43,314.0,2.0,1,POBO10,1,POBO10,2,2010-03-01 10:53:48,2012-02-28 07:14:37,6,4
222850064010661,122558352010661,2007,24,2,43,314.0,2.0,1,ROMU,1,ROMU,5,2010-03-01 10:53:48,2012-02-28 07:12:19,6,4
222850061010661,122558352010661,2007,24,2,43,314.0,3.0,1,POBO10,1,POBO10,1,2010-03-01 10:53:48,2012-02-28 07:14:37,6,4
222850057010661,122558352010661,2007,24,2,43,314.0,4.0,1,ALPE4,1,ALPE4,2,2010-03-01 10:53:48,2012-02-28 07:13:40,6,4
222850062010661,122558352010661,2007,24,2,43,314.0,4.0,1,POBO10,1,POBO10,2,2010-03-01 10:53:48,2012-02-28 07:14:37,6,4
222850065010661,122558352010661,2007,24,2,43,314.0,4.0,1,ROMU,1,ROMU,5,2010-03-01 10:53:48,2012-02-28 07:12:19,6,4
222850025010661,122558392010661,2007,24,5,23,296.0,2.0,1,BETH,1,BETH,10,2010-03-01 10:53:47,2012-02-28 07:11:34,6,4
222850027010661,122558392010661,2007,24,5,23,296.0,2.0,1,MIVI,1,MIVI,5,2010-03-01 10:53:47,2012-02-28 07:11:58,6,4
222850026010661,122558392010661,2007,24,5,23,296.0,3.0,1,BETH,1,BETH,5,2010-03-01 10:53:47,2012-02-28 07:11:34,6,4
222850028010661,122558392010661,2007,24,5,23,296.0,3.0,1,MIVI,1,MIVI,3,2010-03-01 10:53:47,2012-02-28 07:11:58,6,4
222850069010661,122558354010661,2007,24,2,43,939.0,2.0,2,2PLANT,6,ALPE4,1,2010-03-01 10:53:48,2012-02-29 11:15:30,6,4
222850070010661,122558354010661,2007,24,2,43,939.0,2.0,2,BETH,1,BETH,1,2010-03-01 10:53:48,2012-02-29 11:15:30,6,4
222850071010661,122558354010661,2007,24,2,43,939.0,2.0,2,ROPS,1,ROPS,1,2010-03-01 10:53:48,2012-02-29 11:15:33,6,4
222849956010661,122558448010661,2007,24,2,3,554.0,3.0,1,LOJA,1,LOJA,2,2010-03-01 10:53:47,2012-02-28 07:14:43,6,4
222849957010661,122558448010661,2007,24,2,3,554.0,3.0,1,ROPS,1,ROPS,10,2010-03-01 10:53:47,2012-02-28 07:12:00,6,4
222849985010661,122557069010661,2007,24,2,11,144.0,1.0,1,LOJA,1,LOJA,20,2010-03-01 10:53:47,2012-02-28 07:14:45,6,4
222849989010661,122557069010661,2007,24,2,11,144.0,1.0,1,ROMU,1,ROMU,1,2010-03-01 10:53:47,2012-02-28 07:13:47,6,4
222849986010661,122557069010661,2007,24,2,11,144.0,2.0,1,LOJA,1,LOJA,20,2010-03-01 10:53:47,2012-02-28 07:14:45,6,4
222849987010661,122557069010661,2007,24,2,11,144.0,3.0,1,LOJA,1,LOJA,2,2010-03-01 10:53:47,2012-02-28 07:14:45,6,4
222849988010661,122557069010661,2007,24,2,11,144.0,4.0,1,LOJA,1,LOJA,1,2010-03-01 10:53:47,2012-02-28 07:14:45,6,4
222849948010661,122558378010661,2007,24,5,1,1526.0,1.0,1,AIAL,1,AIAL,1,2010-03-01 10:53:47,2012-02-28 07:12:22,6,4
222849950010661,122558378010661,2007,24,5,1,1526.0,1.0,1,ROPS,1,ROPS,1,2010-03-01 10:53:47,2012-02-28 07:11:34,6,4
222849949010661,122558378010661,2007,24,5,1,1526.0,3.0,1,AIAL,1,AIAL,75,2010-03-01 10:53:47,2012-02-28 07:12:22,6,4
222849951010661,122558378010661,2007,24,5,1,1526.0,4.0,1,ROPS,1,ROPS,15,2010-03-01 10:53:47,2012-02-28 07:11:34,6,4
222849952010661,122558370010661,2007,24,5,1,1172.0,1.0,1,ALPE4,1,ALPE4,30,2010-03-01 10:53:47,2012-02-28 07:13:17,6,4
222849953010661,122558370010661,2007,24,5,1,1172.0,2.0,1,ALPE4,1,ALPE4,30,2010-03-01 10:53:47,2012-02-28 07:13:17,6,4
222849954010661,122558370010661,2007,24,5,1,1172.0,3.0,1,ALPE4,1,ALPE4,40,2010-03-01 10:53:47,2012-02-28 07:13:17,6,4
222849955010661,122558370010661,2007,24,5,1,1172.0,4.0,1,ALPE4,1,ALPE4,30,2010-03-01 10:53:47,2012-02-28 07:13:17,6,4
222850034010661,122558280010661,2007,24,2,31,1153.0,1.0,1,LOTA,1,LOTA,15,2010-03-01 10:53:47,2012-02-28 07:13:45,6,4
222850036010661,122558280010661,2007,24,2,31,1153.0,1.0,1,RHCA3,1,RHCA3,10,2010-03-01 10:53:47,2012-02-28 07:13:19,6,4
222850037010661,122558280010661,2007,24,2,31,1153.0,1.0,1,ROPS,1,ROPS,50,2010-03-01 10:53:47,2012-02-28 07:13:19,6,4
222850029010661,122558280010661,2007,24,2,31,1153.0,4.0,1,ALPE4,1,ALPE4,10,2010-03-01 10:53:47,2012-02-28 07:12:23,6,4
222850032010661,122558280010661,2007,24,2,31,1153.0,4.0,1,LOJA,1,LOJA,10,2010-03-01 10:53:47,2012-02-28 07:13:45,6,4
222850033010661,122558280010661,2007,24,2,31,1153.0,4.0,1,LOMO2,1,LOMO2,5,2010-03-01 10:53:47,2012-02-28 07:12:00,6,4
222850030010661,122558280010661,2007,24,2,31,1153.0,1.0,1,HEHE,1,HEHE,1,2010-03-01 10:53:47,2012-02-28 07:14:43,6,4
222850031010661,122558280010661,2007,24,2,31,1153.0,1.0,1,LOJA,1,LOJA,10,2010-03-01 10:53:47,2012-02-28 07:13:45,6,4
222850041010661,122557101010661,2007,24,2,35,1697.0,1.0,1,ELUM,1,ELUM,3,2010-03-01 10:53:48,2012-02-28 07:13:40,6,4
222850042010661,122557101010661,2007,24,2,35,1697.0,1.0,1,LOJA,1,LOJA,5,2010-03-01 10:53:48,2012-02-28 07:13:14,6,4
222850043010661,122557101010661,2007,24,2,35,1697.0,2.0,1,LOJA,1,LOJA,10,2010-03-01 10:53:48,2012-02-28 07:13:14,6,4
222850045010661,122557101010661,2007,24,2,35,1697.0,2.0,1,LYNU,1,LYNU,1,2010-03-01 10:53:48,2012-02-28 07:12:47,6,4
222850046010661,122557101010661,2007,24,2,35,1697.0,2.0,1,ROMU,1,ROMU,22,2010-03-01 10:53:48,2012-02-28 07:11:31,6,4
222850047010661,122557101010661,2007,24,2,35,1697.0,3.0,1,ROMU,1,ROMU,1,2010-03-01 10:53:48,2012-02-28 07:11:31,6,4
222850044010661,122557101010661,2007,24,2,35,1697.0,4.0,1,LOJA,1,LOJA,7,2010-03-01 10:53:48,2012-02-28 07:13:14,6,4
222849969010661,122558418010661,2007,24,2,5,353.0,1.0,1,ALPE4,1,ALPE4,7,2010-03-01 10:53:47,2012-02-28 07:12:30,6,4
222849972010661,122558418010661,2007,24,2,5,353.0,1.0,1,BETH,1,BETH,8,2010-03-01 10:53:47,2012-02-28 07:12:56,6,4
222849976010661,122558418010661,2007,24,2,5,353.0,1.0,1,LOJA,1,LOJA,3,2010-03-01 10:53:47,2012-02-28 07:12:56,6,4
222849980010661,122558418010661,2007,24,2,5,353.0,1.0,1,MIVI,1,MIVI,10,2010-03-01 10:53:47,2012-02-28 07:11:39,6,4
222849970010661,122558418010661,2007,24,2,5,353.0,2.0,1,ALPE4,1,ALPE4,40,2010-03-01 10:53:47,2012-02-28 07:12:30,6,4
222849973010661,122558418010661,2007,24,2,5,353.0,2.0,1,BETH,1,BETH,5,2010-03-01 10:53:47,2012-02-28 07:12:56,6,4
222849977010661,122558418010661,2007,24,2,5,353.0,2.0,1,LOJA,1,LOJA,12,2010-03-01 10:53:47,2012-02-28 07:12:56,6,4
222849981010661,122558418010661,2007,24,2,5,353.0,2.0,1,MIVI,1,MIVI,20,2010-03-01 10:53:47,2012-02-28 07:11:39,6,4
222849984010661,122558418010661,2007,24,2,5,353.0,2.0,1,ROMU,1,ROMU,12,2010-03-01 10:53:47,2012-02-28 07:13:51,6,4
222849974010661,122558418010661,2007,24,2,5,353.0,3.0,1,BETH,1,BETH,2,2010-03-01 10:53:47,2012-02-28 07:12:56,6,4
222849978010661,122558418010661,2007,24,2,5,353.0,3.0,1,LOJA,1,LOJA,1,2010-03-01 10:53:47,2012-02-28 07:12:56,6,4
222849982010661,122558418010661,2007,24,2,5,353.0,3.0,1,MIVI,1,MIVI,2,2010-03-01 10:53:47,2012-02-28 07:11:39,6,4
222849971010661,122558418010661,2007,24,2,5,353.0,4.0,1,ALPE4,1,ALPE4,1,2010-03-01 10:53:47,2012-02-28 07:12:30,6,4
222849975010661,122558418010661,2007,24,2,5,353.0,4.0,1,BETH,1,BETH,1,2010-03-01 10:53:47,2012-02-28 07:12:56,6,4
222849979010661,122558418010661,2007,24,2,5,353.0,4.0,1,LOJA,1,LOJA,1,2010-03-01 10:53:47,2012-02-28 07:12:56,6,4
222849983010661,122558418010661,2007,24,2,5,353.0,4.0,1,MIVI,1,MIVI,1,2010-03-01 10:53:47,2012-02-28 07:11:39,6,4
222849990010661,122558252010661,2007,24,2,13,98.0,1.0,1,ALPE4,1,ALPE4,1,2010-03-01 10:53:47,2012-02-28 07:13:50,6,4
222849996010661,122558252010661,2007,24,2,13,98.0,1.0,1,LOJA,1,LOJA,4,2010-03-01 10:53:47,2012-02-28 07:13:24,6,4
222850001010661,122558252010661,2007,24,2,13,98.0,1.0,1,MIVI,1,MIVI,2,2010-03-01 10:53:47,2012-02-28 07:12:04,6,4
222850002010661,122558252010661,2007,24,2,13,98.0,1.0,1,ROMU,1,ROMU,17,2010-03-01 10:53:47,2012-02-28 07:14:48,6,4
222849991010661,122558252010661,2007,24,2,13,98.0,2.0,1,ALPE4,1,ALPE4,20,2010-03-01 10:53:47,2012-02-28 07:13:50,6,4
222849994010661,122558252010661,2007,24,2,13,98.0,2.0,1,BETH,1,BETH,1,2010-03-01 10:53:47,2012-02-28 07:12:04,6,4
222849995010661,122558252010661,2007,24,2,13,98.0,2.0,1,CIAR4,1,CIAR4,1,2010-03-01 10:53:47,2012-02-28 07:12:55,6,4
222849997010661,122558252010661,2007,24,2,13,98.0,2.0,1,LOJA,1,LOJA,15,2010-03-01 10:53:47,2012-02-28 07:13:24,6,4
222850003010661,122558252010661,2007,24,2,13,98.0,2.0,1,ROMU,1,ROMU,35,2010-03-01 10:53:47,2012-02-28 07:14:48,6,4
222849992010661,122558252010661,2007,24,2,13,98.0,3.0,1,ALPE4,1,ALPE4,20,2010-03-01 10:53:47,2012-02-28 07:13:50,6,4
222849999010661,122558252010661,2007,24,2,13,98.0,3.0,1,LOMA6,1,LOMA6,1,2010-03-01 10:53:47,2012-02-28 07:13:50,6,4
222850004010661,122558252010661,2007,24,2,13,98.0,3.0,1,ROMU,1,ROMU,15,2010-03-01 10:53:47,2012-02-28 07:14:48,6,4
222849993010661,122558252010661,2007,24,2,13,98.0,4.0,1,ALPE4,1,ALPE4,10,2010-03-01 10:53:47,2012-02-28 07:13:50,6,4
222849998010661,122558252010661,2007,24,2,13,98.0,4.0,1,LOJA,1,LOJA,5,2010-03-01 10:53:47,2012-02-28 07:13:24,6,4
222850000010661,122558252010661,2007,24,2,13,98.0,4.0,1,LOMA6,1,LOMA6,1,2010-03-01 10:53:47,2012-02-28 07:13:50,6,4
222850005010661,122558252010661,2007,24,2,13,98.0,4.0,1,ROMU,1,ROMU,70,2010-03-01 10:53:47,2012-02-28 07:14:48,6,4
222850066010661,122558340010661,2007,24,2,43,660.0,3.0,1,ALPE4,1,ALPE4,4,2010-03-01 10:53:48,2012-02-28 07:12:30,6,4
222849876010661,171000806010661,2008,24,4,19,1413.0,3.0,2,LOJA,1,LOJA,80,2010-03-01 10:53:37,2012-02-28 07:14:39,6,5
222849879010661,171000806010661,2008,24,4,19,1413.0,3.0,2,ROPS,1,ROPS,10,2010-03-01 10:53:37,2012-02-28 07:12:20,6,5
222849877010661,171000806010661,2008,24,4,19,1413.0,4.0,2,LOJA,1,LOJA,65,2010-03-01 10:53:37,2012-02-28 07:14:39,6,5
222849878010661,171000806010661,2008,24,4,19,1413.0,4.0,2,ROMU,1,ROMU,3,2010-03-01 10:53:37,2012-02-28 07:13:43,6,5
222849880010661,171000806010661,2008,24,4,19,1413.0,4.0,2,ROPS,1,ROPS,5,2010-03-01 10:53:37,2012-02-28 07:12:20,6,5
152864434020004,171000849010661,2008,24,2,27,1238.0,4.0,1,CEOR,1,CEOR7,3,2012-12-07 10:11:46,,6,5
152864435020004,171000849010661,2008,24,2,27,1238.0,3.0,1,CEOR,1,CEOR7,10,2012-12-07 10:11:46,,6,5
152864436020004,171000849010661,2008,24,2,27,1238.0,2.0,1,CEOR,1,CEOR7,1,2012-12-07 10:11:46,,6,5
222850038010661,122558280010661,2007,24,2,31,1153.0,4.0,1,ROPS,1,ROPS,20,2010-03-01 10:53:47,2012-02-28 07:13:19,6,4
222849850010661,171000766010661,2008,24,2,5,1265.0,2.0,2,CEOR7,1,CEOR7,3,2010-03-01 10:53:37,2012-02-28 07:14:18,6,5
222849851010661,171000766010661,2008,24,2,5,1265.0,2.0,2,ELUM,1,ELUM,1,2010-03-01 10:53:37,2012-02-28 07:12:55,6,5
222849853010661,171000766010661,2008,24,2,5,1265.0,2.0,2,LOJA,1,LOJA,13,2010-03-01 10:53:37,2012-02-28 07:11:39,6,5
222849855010661,171000766010661,2008,24,2,5,1265.0,2.0,2,LOMO2,1,LOMO2,7,2010-03-01 10:53:37,2012-02-28 07:12:55,6,5
222849856010661,171000766010661,2008,24,2,5,1265.0,2.0,2,ROMU,1,ROMU,13,2010-03-01 10:53:37,2012-02-28 07:14:19,6,5
222849847010661,171000766010661,2008,24,2,5,1265.0,4.0,3,ACPL,1,ACPL,15,2010-03-01 10:53:37,2012-02-28 07:12:55,6,5
222849849010661,171000766010661,2008,24,2,5,1265.0,4.0,3,BETH,1,BETH,1,2010-03-01 10:53:37,2012-02-28 07:11:39,6,5
222849852010661,171000766010661,2008,24,2,5,1265.0,4.0,3,ELUM,1,ELUM,1,2010-03-01 10:53:37,2012-02-28 07:12:55,6,5
222849944010661,171000907010661,2008,24,4,47,1046.0,4.0,2,LOJA,1,LOJA,70,2010-03-01 10:53:38,2012-02-28 07:14:18,6,5
222849945010661,171000907010661,2008,24,4,47,1046.0,4.0,2,MIVI,1,MIVI,5,2010-03-01 10:53:38,2012-02-28 07:12:55,6,5
222849947010661,171000907010661,2008,24,4,47,1046.0,4.0,2,ROMU,1,ROMU,8,2010-03-01 10:53:38,2012-02-28 07:13:50,6,5
222849931010661,171001113010661,2008,24,2,31,1370.0,4.0,2,ALPE4,1,ALPE4,65,2010-03-01 10:53:37,2012-02-28 07:07:36,6,5
222849903010661,171000845010661,2008,24,2,27,1126.0,1.0,1,LOJA,1,LOJA,50,2010-03-01 10:53:37,2012-02-28 07:11:40,6,5
1695798437290487,1093593183290487,2023,24,2,13,753.0,4.0,3,MIVI,1,MIVI,65,2024-11-25 12:23:41,,9,3
1695798438290487,1093593183290487,2023,24,2,13,753.0,4.0,3,ROMU,1,ROMU,3,2024-11-25 12:23:41,,9,3
1695798480290487,1093593248290487,2023,24,4,19,573.0,3.0,2,LOJA,1,LOJA,3,2024-11-25 12:23:43,,9,3
1695798481290487,1093593248290487,2023,24,4,19,573.0,4.0,2,LOJA,1,LOJA,1,2024-11-25 12:23:43,,9,3
1695798482290487,1093593248290487,2023,24,4,19,573.0,4.0,2,MIVI,1,MIVI,2,2024-11-25 12:23:43,,9,3
1695325880290487,1093593156290487,2023,24,2,35,235.0,2.0,1,MIVI,1,MIVI,2,2024-11-25 08:37:05,,9,3
1695326485290487,1093593218290487,2023,24,2,5,438.0,1.0,1,BETH,1,BETH,6,2024-11-25 08:37:07,,9,3
1695326486290487,1093593218290487,2023,24,2,5,438.0,2.0,1,BETH,1,BETH,20,2024-11-25 08:37:07,,9,3
1695326487290487,1093593218290487,2023,24,2,5,438.0,3.0,1,BETH,1,BETH,2,2024-11-25 08:37:07,,9,3
1695326488290487,1093593218290487,2023,24,2,5,438.0,4.0,1,BETH,1,BETH,2,2024-11-25 08:37:07,,9,3
1695326489290487,1093593218290487,2023,24,2,5,438.0,1.0,1,CEOR7,1,CEOR7,3,2024-11-25 08:37:07,,9,3
1695326490290487,1093593218290487,2023,24,2,5,438.0,2.0,1,CEOR7,1,CEOR7,2,2024-11-25 08:37:07,,9,3
1695326491290487,1093593218290487,2023,24,2,5,438.0,3.0,1,CEOR7,1,CEOR7,1,2024-11-25 08:37:07,,9,3
1695326492290487,1093593218290487,2023,24,2,5,438.0,4.0,1,CEOR7,1,CEOR7,1,2024-11-25 08:37:07,,9,3
1281598081290487,719427379290487,2021,24,2,3,938.0,4.0,1,ELUM,1,ELUM,1,2023-01-18 14:11:38,,9,1
1695326493290487,1093593218290487,2023,24,2,5,438.0,1.0,1,ELUM,1,ELUM,7,2024-11-25 08:37:07,,9,3
1695326494290487,1093593218290487,2023,24,2,5,438.0,2.0,1,ELUM,1,ELUM,10,2024-11-25 08:37:07,,9,3
1695326495290487,1093593218290487,2023,24,2,5,438.0,3.0,1,ELUM,1,ELUM,25,2024-11-25 08:37:07,,9,3
1695326496290487,1093593218290487,2023,24,2,5,438.0,4.0,1,ELUM,1,ELUM,3,2024-11-25 08:37:07,,9,3
1695326497290487,1093593218290487,2023,24,2,5,438.0,1.0,1,LOJA,1,LOJA,2,2024-11-25 08:37:07,,9,3
1695326498290487,1093593218290487,2023,24,2,5,438.0,2.0,1,LOJA,1,LOJA,5,2024-11-25 08:37:07,,9,3
1695326499290487,1093593218290487,2023,24,2,5,438.0,3.0,1,LOJA,1,LOJA,2,2024-11-25 08:37:07,,9,3
1695326500290487,1093593218290487,2023,24,2,5,438.0,4.0,1,LOJA,1,LOJA,15,2024-11-25 08:37:07,,9,3
1695326501290487,1093593218290487,2023,24,2,5,438.0,1.0,1,MIVI,1,MIVI,7,2024-11-25 08:37:07,,9,3
1695326502290487,1093593218290487,2023,24,2,5,438.0,2.0,1,MIVI,1,MIVI,5,2024-11-25 08:37:07,,9,3
1695326503290487,1093593218290487,2023,24,2,5,438.0,3.0,1,MIVI,1,MIVI,1,2024-11-25 08:37:07,,9,3
247486823010661,168947852010661,2010,24,2,3,1557.0,1.0,1,ROMU,1,ROMU,1,2011-04-20 09:21:03,,7,2
247486824010661,168947852010661,2010,24,2,3,1557.0,2.0,1,ROMU,1,ROMU,1,2011-04-20 09:21:03,,7,2
247486867010661,168947884010661,2010,24,2,27,1118.0,4.0,2,BETH,1,BETH,1,2011-04-20 09:21:03,,7,2
247486868010661,168947884010661,2010,24,2,27,1118.0,4.0,2,LOJA,1,LOJA,1,2011-04-20 09:21:03,,7,2
247486869010661,168947884010661,2010,24,2,27,1118.0,4.0,2,MIVI,1,MIVI,15,2011-04-20 09:21:03,,7,2
247486870010661,168947884010661,2010,24,2,27,1118.0,4.0,2,ROMU,1,ROMU,6,2011-04-20 09:21:03,,7,2
247486854010661,168947916010661,2010,24,2,21,102.0,1.0,1,AIAL,1,AIAL,12,2011-04-20 09:21:03,,7,2
247486855010661,168947916010661,2010,24,2,21,102.0,2.0,1,AIAL,1,AIAL,30,2011-04-20 09:21:03,,7,2
247486856010661,168947916010661,2010,24,2,21,102.0,2.0,1,ALPE4,1,ALPE4,3,2011-04-20 09:21:03,,7,2
247486857010661,168947916010661,2010,24,2,21,102.0,3.0,1,ALPE4,1,ALPE4,1,2011-04-20 09:21:03,,7,2
247486858010661,168947916010661,2010,24,2,21,102.0,4.0,1,ALPE4,1,ALPE4,1,2011-04-20 09:21:03,,7,2
247486859010661,168947916010661,2010,24,2,21,102.0,1.0,1,MIVI,1,MIVI,1,2011-04-20 09:21:03,,7,2
247486860010661,168947916010661,2010,24,2,21,102.0,2.0,1,MIVI,1,MIVI,50,2011-04-20 09:21:03,,7,2
247486861010661,168947916010661,2010,24,2,21,102.0,3.0,1,MIVI,1,MIVI,7,2011-04-20 09:21:03,,7,2
247486862010661,168947916010661,2010,24,2,21,102.0,4.0,1,MIVI,1,MIVI,15,2011-04-20 09:21:03,,7,2
247486863010661,168947916010661,2010,24,2,21,102.0,4.0,1,PATO2,1,PATO2,15,2011-04-20 09:21:03,,7,2
247486864010661,168947916010661,2010,24,2,21,102.0,2.0,1,ROMU,1,ROMU,1,2011-04-20 09:21:03,,7,2
247486865010661,168947916010661,2010,24,2,21,102.0,3.0,1,ROPS,1,ROPS,1,2011-04-20 09:21:03,,7,2
247486866010661,168947916010661,2010,24,2,21,102.0,4.0,1,ROPS,1,ROPS,1,2011-04-20 09:21:03,,7,2
247486871010661,168947754010661,2010,24,2,29,1424.0,1.0,1,BETH,1,BETH,1,2011-04-20 09:21:03,,7,2
247486872010661,168947754010661,2010,24,2,29,1424.0,1.0,1,ELUM,1,ELUM,1,2011-04-20 09:21:03,,7,2
247486873010661,168947754010661,2010,24,2,29,1424.0,4.0,1,ELUM,1,ELUM,1,2011-04-20 09:21:03,,7,2
247486874010661,168947754010661,2010,24,2,29,1424.0,1.0,1,LOJA,1,LOJA,2,2011-04-20 09:21:03,,7,2
247486875010661,168947754010661,2010,24,2,29,1424.0,2.0,2,LOJA,1,LOJA,1,2011-04-20 09:21:03,,7,2
247486876010661,168947754010661,2010,24,2,29,1424.0,4.0,1,LOJA,1,LOJA,1,2011-04-20 09:21:03,,7,2
247486877010661,168947754010661,2010,24,2,29,1424.0,4.0,1,LONIC,1,LONIC,1,2011-04-20 09:21:03,,7,2
247486878010661,168947754010661,2010,24,2,29,1424.0,4.0,1,MIVI,1,MIVI,1,2011-04-20 09:21:03,,7,2
247486879010661,168947754010661,2010,24,2,29,1424.0,1.0,1,ROMU,1,ROMU,1,2011-04-20 09:21:03,,7,2
247486880010661,168947754010661,2010,24,2,29,1424.0,2.0,2,ROMU,1,ROMU,1,2011-04-20 09:21:03,,7,2
247486881010661,168947754010661,2010,24,2,29,1424.0,3.0,1,ROMU,1,ROMU,1,2011-04-20 09:21:03,,7,2
247486882010661,168947754010661,2010,24,2,29,1424.0,4.0,1,ROMU,1,ROMU,1,2011-04-20 09:21:03,,7,2
247486883010661,168947754010661,2010,24,2,29,1424.0,2.0,2,ROPS,1,ROPS,1,2011-04-20 09:21:03,,7,2
247486815010661,168947952010661,2010,24,5,1,1168.0,2.0,1,MIVI,1,MIVI,2,2011-04-20 09:21:03,,7,2
247486849010661,168947998010661,2010,24,2,11,192.0,1.0,1,LOJA,1,LOJA,20,2011-04-20 09:21:03,,7,2
247486850010661,168947998010661,2010,24,2,11,192.0,4.0,1,LOJA,1,LOJA,1,2011-04-20 09:21:03,,7,2
247486851010661,168947998010661,2010,24,2,11,192.0,1.0,1,MIVI,1,MIVI,15,2011-04-20 09:21:03,,7,2
1862754113290487,1285455709290487,2024,24,2,3,1532.0,4.0,1,ROMU,1,ROMU,15,2025-05-22 09:40:22,,9,4
1862754273290487,1285455759290487,2024,24,5,1,1277.0,3.0,1,AIAL,1,AIAL,30,2025-05-22 09:40:23,,9,4
1862754274290487,1285455759290487,2024,24,5,1,1277.0,4.0,1,LOMA6,1,LOMA6,1,2025-05-22 09:40:23,,9,4
1862754275290487,1285455759290487,2024,24,5,1,1277.0,3.0,1,MIVI,1,MIVI,20,2025-05-22 09:40:23,,9,4
1862754276290487,1285455759290487,2024,24,5,1,1277.0,3.0,1,ROMU,1,ROMU,1,2025-05-22 09:40:23,,9,4
1862754277290487,1285455759290487,2024,24,5,1,1277.0,4.0,1,ROMU,1,ROMU,7,2025-05-22 09:40:23,,9,4
1862754278290487,1285455759290487,2024,24,5,1,1277.0,1.0,1,ROPS,1,ROPS,12,2025-05-22 09:40:23,,9,4
1862754279290487,1285455759290487,2024,24,5,1,1277.0,4.0,1,ROPS,1,ROPS,35,2025-05-22 09:40:23,,9,4
1862754860290487,1285455700290487,2024,24,2,29,59.0,1.0,1,ALPE4,1,ALPE4,5,2025-05-22 09:40:25,,9,4
1862754861290487,1285455700290487,2024,24,2,29,59.0,2.0,1,ALPE4,1,ALPE4,5,2025-05-22 09:40:25,,9,4
1862754862290487,1285455700290487,2024,24,2,29,59.0,3.0,1,ALPE4,1,ALPE4,2,2025-05-22 09:40:25,,9,4
1862754863290487,1285455700290487,2024,24,2,29,59.0,4.0,1,ALPE4,1,ALPE4,1,2025-05-22 09:40:25,,9,4
1862754864290487,1285455700290487,2024,24,2,29,59.0,2.0,1,CEOR7,1,CEOR7,1,2025-05-22 09:40:25,,9,4
1862754865290487,1285455700290487,2024,24,2,29,59.0,3.0,1,CEOR7,1,CEOR7,7,2025-05-22 09:40:25,,9,4
1862754866290487,1285455700290487,2024,24,2,29,59.0,1.0,1,HEHE,1,HEHE,70,2025-05-22 09:40:25,,9,4
1862754867290487,1285455700290487,2024,24,2,29,59.0,2.0,1,HEHE,1,HEHE,40,2025-05-22 09:40:25,,9,4
1862754868290487,1285455700290487,2024,24,2,29,59.0,3.0,1,HEHE,1,HEHE,30,2025-05-22 09:40:25,,9,4
1862754869290487,1285455700290487,2024,24,2,29,59.0,4.0,1,HEHE,1,HEHE,25,2025-05-22 09:40:25,,9,4
1862754870290487,1285455700290487,2024,24,2,29,59.0,1.0,1,LOJA,1,LOJA,4,2025-05-22 09:40:25,,9,4
1862754871290487,1285455700290487,2024,24,2,29,59.0,2.0,1,LOJA,1,LOJA,6,2025-05-22 09:40:25,,9,4
1862754872290487,1285455700290487,2024,24,2,29,59.0,3.0,1,LOJA,1,LOJA,5,2025-05-22 09:40:25,,9,4
1862754873290487,1285455700290487,2024,24,2,29,59.0,4.0,1,LOJA,1,LOJA,10,2025-05-22 09:40:25,,9,4
1862754874290487,1285455700290487,2024,24,2,29,59.0,1.0,1,MIVI,1,MIVI,3,2025-05-22 09:40:25,,9,4
1862754875290487,1285455700290487,2024,24,2,29,59.0,4.0,1,MIVI,1,MIVI,25,2025-05-22 09:40:25,,9,4
1862754876290487,1285455700290487,2024,24,2,29,59.0,1.0,1,ROMU,1,ROMU,20,2025-05-22 09:40:25,,9,4
1862754877290487,1285455700290487,2024,24,2,29,59.0,2.0,1,ROMU,1,ROMU,20,2025-05-22 09:40:25,,9,4
1862754878290487,1285455700290487,2024,24,2,29,59.0,3.0,1,ROMU,1,ROMU,7,2025-05-22 09:40:25,,9,4
1862754879290487,1285455700290487,2024,24,2,29,59.0,4.0,1,ROMU,1,ROMU,45,2025-05-22 09:40:25,,9,4
1862754880290487,1285455700290487,2024,24,2,29,59.0,2.0,1,ROPS,1,ROPS,10,2025-05-22 09:40:25,,9,4
1862753869290487,1285455840290487,2024,24,2,29,1209.0,1.0,1,CEOR7,1,CEOR7,1,2025-05-22 09:40:21,,9,4
1862753870290487,1285455840290487,2024,24,2,29,1209.0,1.0,1,ELUM,1,ELUM,13,2025-05-22 09:40:21,,9,4
1862753871290487,1285455840290487,2024,24,2,29,1209.0,2.0,1,ELUM,1,ELUM,1,2025-05-22 09:40:21,,9,4
1862753872290487,1285455840290487,2024,24,2,29,1209.0,4.0,1,ELUM,1,ELUM,15,2025-05-22 09:40:21,,9,4
1862753873290487,1285455840290487,2024,24,2,29,1209.0,1.0,1,LOJA,1,LOJA,4,2025-05-22 09:40:21,,9,4
1862753874290487,1285455840290487,2024,24,2,29,1209.0,4.0,1,LOJA,1,LOJA,5,2025-05-22 09:40:21,,9,4
1862753875290487,1285455840290487,2024,24,2,29,1209.0,1.0,1,LOMA6,1,LOMA6,1,2025-05-22 09:40:21,,9,4
1862753876290487,1285455840290487,2024,24,2,29,1209.0,2.0,1,LOMA6,1,LOMA6,3,2025-05-22 09:40:21,,9,4
1862753877290487,1285455840290487,2024,24,2,29,1209.0,1.0,1,MIVI,1,MIVI,1,2025-05-22 09:40:21,,9,4
1862753878290487,1285455840290487,2024,24,2,29,1209.0,1.0,1,ROMU,1,ROMU,26,2025-05-22 09:40:21,,9,4
1862753879290487,1285455840290487,2024,24,2,29,1209.0,2.0,1,ROMU,1,ROMU,9,2025-05-22 09:40:21,,9,4
1862753880290487,1285455840290487,2024,24,2,29,1209.0,4.0,1,ROMU,1,ROMU,3,2025-05-22 09:40:21,,9,4
247486853010661,168947998010661,2010,24,2,11,192.0,4.0,1,ROMU,1,ROMU,1,2011-04-20 09:21:03,,7,2
247486898010661,168947660010661,2010,24,4,47,555.0,2.0,1,LOJA,1,LOJA,1,2011-04-20 09:21:03,,7,2
247486884010661,168948020010661,2010,24,2,31,472.0,1.0,1,ALPE4,1,ALPE4,4,2011-04-20 09:21:03,,7,2
247486885010661,168948020010661,2010,24,2,31,472.0,2.0,1,ALPE4,1,ALPE4,12,2011-04-20 09:21:03,,7,2
247486886010661,168948020010661,2010,24,2,31,472.0,2.0,1,BETH,1,BETH,1,2011-04-20 09:21:03,,7,2
247486887010661,168948020010661,2010,24,2,31,472.0,2.0,1,CEOR7,1,CEOR7,1,2011-04-20 09:21:03,,7,2
247486888010661,168948020010661,2010,24,2,31,472.0,1.0,1,LOJA,1,LOJA,4,2011-04-20 09:21:03,,7,2
247486889010661,168948020010661,2010,24,2,31,472.0,2.0,1,LOJA,1,LOJA,15,2011-04-20 09:21:03,,7,2
247486890010661,168948020010661,2010,24,2,31,472.0,1.0,1,LOMA6,1,LOMA6,5,2011-04-20 09:21:03,,7,2
247486891010661,168948020010661,2010,24,2,31,472.0,2.0,1,LOMA6,1,LOMA6,1,2011-04-20 09:21:03,,7,2
247486892010661,168948020010661,2010,24,2,31,472.0,1.0,1,ROMU,1,ROMU,10,2011-04-20 09:21:03,,7,2
247486893010661,168948020010661,2010,24,2,31,472.0,2.0,1,ROMU,1,ROMU,10,2011-04-20 09:21:03,,7,2
247486894010661,168948020010661,2010,24,2,31,472.0,1.0,1,ROPS,1,ROPS,6,2011-04-20 09:21:03,,7,2
32982578020004,221353517010661,2011,24,2,5,1619.0,1.0,2,ALPE4,1,ALPE4,1,2012-04-16 12:43:31,,7,3
32982579020004,221353517010661,2011,24,2,5,1619.0,1.0,2,CEOR7,1,CEOR7,2,2012-04-16 12:43:31,,7,3
32982580020004,221353517010661,2011,24,2,5,1619.0,1.0,2,LOJA,1,LOJA,1,2012-04-16 12:43:31,,7,3
32982581020004,221353517010661,2011,24,2,5,1619.0,4.0,2,LOJA,1,LOJA,7,2012-04-16 12:43:31,,7,3
32982582020004,221353517010661,2011,24,2,5,1619.0,1.0,2,MIVI,1,MIVI,34,2012-04-16 12:43:31,,7,3
32982583020004,221353517010661,2011,24,2,5,1619.0,1.0,2,ROMU,1,ROMU,1,2012-04-16 12:43:31,,7,3
32982584020004,221353517010661,2011,24,2,5,1619.0,4.0,2,ROMU,1,ROMU,1,2012-04-16 12:43:31,,7,3
32982847020004,221353567010661,2011,24,3,37,809.0,1.0,1,AIAL,1,AIAL,1,2012-04-16 12:43:33,,7,3
32982848020004,221353567010661,2011,24,3,37,809.0,3.0,1,LOJA,1,LOJA,10,2012-04-16 12:43:33,,7,3
32982849020004,221353567010661,2011,24,3,37,809.0,4.0,1,LOJA,1,LOJA,2,2012-04-16 12:43:33,,7,3
222849906010661,171000845010661,2008,24,2,27,1126.0,1.0,1,ROMU,1,ROMU,8,2010-03-01 10:53:37,2012-02-28 07:14:51,6,5
222849908010661,171000845010661,2008,24,2,27,1126.0,1.0,1,ROPS,1,ROPS,7,2010-03-01 10:53:37,2012-02-28 07:12:06,6,5
222849904010661,171000845010661,2008,24,2,27,1126.0,2.0,1,LOJA,1,LOJA,1,2010-03-01 10:53:37,2012-02-28 07:11:40,6,5
222849909010661,171000845010661,2008,24,2,27,1126.0,2.0,1,ROPS,1,ROPS,1,2010-03-01 10:53:37,2012-02-28 07:12:06,6,5
222849905010661,171000845010661,2008,24,2,27,1126.0,4.0,1,LOJA,1,LOJA,75,2010-03-01 10:53:37,2012-02-28 07:11:40,6,5
222849907010661,171000845010661,2008,24,2,27,1126.0,4.0,1,ROMU,1,ROMU,15,2010-03-01 10:53:37,2012-02-28 07:14:51,6,5
222849910010661,171000845010661,2008,24,2,27,1126.0,4.0,1,ROPS,1,ROPS,3,2010-03-01 10:53:37,2012-02-28 07:12:06,6,5
222849873010661,171000779010661,2008,24,2,11,596.0,4.0,3,LOJA,1,LOJA,20,2010-03-01 10:53:37,2012-02-28 07:14:48,6,5
222849848010661,171000766010661,2008,24,2,5,1265.0,2.0,2,ALPE4,1,ALPE4,3,2010-03-01 10:53:37,2012-02-28 07:12:55,6,5
152864437020004,171000849010661,2008,24,2,27,1238.0,1.0,1,CEOR,1,CEOR7,12,2012-12-07 10:11:46,,6,5
222849916010661,171000849010661,2008,24,2,27,1238.0,1.0,1,ALPE4,1,ALPE4,1,2010-03-01 10:53:37,2012-02-29 11:15:29,6,5
222849921010661,171000849010661,2008,24,2,27,1238.0,1.0,1,ROMU,1,ROMU,2,2010-03-01 10:53:37,2012-02-28 07:06:22,6,5
222849917010661,171000849010661,2008,24,2,27,1238.0,2.0,1,ALPE4,1,ALPE4,1,2010-03-01 10:53:37,2012-02-29 11:15:29,6,5
222849919010661,171000849010661,2008,24,2,27,1238.0,2.0,1,PATO2,1,PATO2,2,2010-03-01 10:53:37,2012-02-28 07:05:55,6,5
222849922010661,171000849010661,2008,24,2,27,1238.0,2.0,1,ROMU,1,ROMU,3,2010-03-01 10:53:37,2012-02-28 07:07:21,6,5
222849918010661,171000849010661,2008,24,2,27,1238.0,3.0,1,BETH,1,BETH,3,2010-03-01 10:53:37,2012-02-28 07:07:05,6,5
222849923010661,171000849010661,2008,24,2,27,1238.0,3.0,1,ROMU,1,ROMU,8,2010-03-01 10:53:37,2012-02-28 07:06:35,6,5
222849915010661,171000849010661,2008,24,2,27,1238.0,4.0,1,AIAL,1,AIAL,15,2010-03-01 10:53:37,2012-02-28 07:06:50,6,5
222849920010661,171000849010661,2008,24,2,27,1238.0,4.0,1,PATO2,1,PATO2,12,2010-03-01 10:53:37,2012-02-28 07:07:36,6,5
222849924010661,171000849010661,2008,24,2,27,1238.0,4.0,1,ROMU,1,ROMU,90,2010-03-01 10:53:37,2012-02-28 07:07:36,6,5
222849886010661,171001108010661,2008,24,4,19,583.0,1.0,1,LOJA,1,LOJA,1,2010-03-01 10:53:37,2012-02-29 11:15:31,6,5
222849887010661,171001108010661,2008,24,4,19,583.0,2.0,1,LOJA,1,LOJA,1,2010-03-01 10:53:37,2012-02-29 11:15:31,6,5
222849888010661,171001108010661,2008,24,4,19,583.0,3.0,1,LOJA,1,LOJA,1,2010-03-01 10:53:37,2012-02-29 11:15:31,6,5
222849889010661,171001108010661,2008,24,4,19,583.0,4.0,1,LOJA,1,LOJA,1,2010-03-01 10:53:37,2012-02-29 11:15:31,6,5
222849874010661,171000786010661,2008,24,2,13,1728.0,1.0,1,MIVI,1,MIVI,3,2010-03-01 10:53:37,2012-02-28 07:14:10,6,5
222849875010661,171000786010661,2008,24,2,13,1728.0,4.0,1,MIVI,1,MIVI,1,2010-03-01 10:53:37,2012-02-28 07:14:10,6,5
222849900010661,171000831010661,2008,24,5,23,860.0,1.0,1,ROPS,1,ROPS,60,2010-03-01 10:53:37,2012-02-28 07:13:16,6,5
222849899010661,171000831010661,2008,24,5,23,860.0,2.0,1,BETH,1,BETH,3,2010-03-01 10:53:37,2012-02-28 07:14:39,6,5
222849901010661,171000831010661,2008,24,5,23,860.0,3.0,1,ROPS,1,ROPS,2,2010-03-01 10:53:37,2012-02-28 07:13:16,6,5
222849902010661,171000831010661,2008,24,5,23,860.0,4.0,1,ROPS,1,ROPS,10,2010-03-01 10:53:37,2012-02-28 07:13:16,6,5
222849936010661,171000861010661,2008,24,2,33,1108.0,1.0,1,LOJA,1,LOJA,5,2010-03-01 10:53:37,2012-02-28 07:12:03,6,5
222849939010661,171000861010661,2008,24,2,33,1108.0,1.0,1,ROMU,1,ROMU,3,2010-03-01 10:53:37,2012-02-28 07:13:23,6,5
222849942010661,171000861010661,2008,24,2,33,1108.0,1.0,1,ULPU,1,ULPU,1,2010-03-01 10:53:37,2012-02-28 07:14:47,6,5
222849932010661,171000861010661,2008,24,2,33,1108.0,3.0,1,CEOR7,1,CEOR7,4,2010-03-01 10:53:37,2012-02-28 07:13:23,6,5
222849934010661,171000861010661,2008,24,2,33,1108.0,3.0,1,ELUM,1,ELUM,5,2010-03-01 10:53:37,2012-02-28 07:14:39,6,5
222849937010661,171000861010661,2008,24,2,33,1108.0,3.0,1,LOJA,1,LOJA,60,2010-03-01 10:53:37,2012-02-28 07:12:03,6,5
222849940010661,171000861010661,2008,24,2,33,1108.0,3.0,1,ROMU,1,ROMU,25,2010-03-01 10:53:37,2012-02-28 07:13:23,6,5
222849935010661,171000861010661,2008,24,2,33,1108.0,4.0,1,ELUM,1,ELUM,1,2010-03-01 10:53:37,2012-02-28 07:14:39,6,5
222849938010661,171000861010661,2008,24,2,33,1108.0,4.0,1,LOJA,1,LOJA,15,2010-03-01 10:53:37,2012-02-28 07:12:03,6,5
222849941010661,171000861010661,2008,24,2,33,1108.0,4.0,1,ROMU,1,ROMU,20,2010-03-01 10:53:37,2012-02-28 07:13:23,6,5
222849933010661,171000861010661,2008,24,2,33,1108.0,1.0,1,ELUM,1,ELUM,1,2010-03-01 10:53:37,2012-02-28 07:14:39,6,5
222849943010661,171000907010661,2008,24,4,47,1046.0,2.0,2,LOJA,1,LOJA,60,2010-03-01 10:53:38,2012-02-28 07:14:18,6,5
222849946010661,171000907010661,2008,24,4,47,1046.0,2.0,2,ROMU,1,ROMU,1,2010-03-01 10:53:38,2012-02-28 07:13:50,6,5
1281598082290487,719427379290487,2021,24,2,3,938.0,4.0,1,FRAL4,1,FRAL4,3,2023-01-18 14:11:38,,9,1
1281598083290487,719427379290487,2021,24,2,3,938.0,1.0,1,HEHE,1,HEHE,5,2023-01-18 14:11:38,,9,1
1281598084290487,719427379290487,2021,24,2,3,938.0,2.0,1,HEHE,1,HEHE,1,2023-01-18 14:11:38,,9,1
1281598085290487,719427379290487,2021,24,2,3,938.0,4.0,1,HEHE,1,HEHE,3,2023-01-18 14:11:38,,9,1
1281598086290487,719427379290487,2021,24,2,3,938.0,1.0,1,LOJA,1,LOJA,1,2023-01-18 14:11:38,,9,1
1281598087290487,719427379290487,2021,24,2,3,938.0,4.0,1,LOJA,1,LOJA,1,2023-01-18 14:11:38,,9,1
1281598088290487,719427379290487,2021,24,2,3,938.0,2.0,1,MIVI,1,MIVI,1,2023-01-18 14:11:38,,9,1
1281598089290487,719427379290487,2021,24,2,3,938.0,2.0,1,ROMU,1,ROMU,1,2023-01-18 14:11:38,,9,1
1281598090290487,719427379290487,2021,24,2,3,938.0,4.0,1,ROMU,1,ROMU,3,2023-01-18 14:11:38,,9,1
1281598436290487,719427314290487,2021,24,5,23,1429.0,4.0,2,ALPE4,1,ALPE4,3,2023-01-18 14:11:39,,9,1
1281598437290487,719427314290487,2021,24,5,23,1429.0,2.0,1,ROMU,1,ROMU,25,2023-01-18 14:11:39,,9,1
1281598438290487,719427314290487,2021,24,5,23,1429.0,2.0,1,ROPS,1,ROPS,25,2023-01-18 14:11:39,,9,1
1281598439290487,719427314290487,2021,24,5,23,1429.0,3.0,1,ROPS,1,ROPS,1,2023-01-18 14:11:39,,9,1
1281598440290487,719427314290487,2021,24,5,23,1429.0,4.0,2,ROPS,1,ROPS,1,2023-01-18 14:11:39,,9,1
1281598658290487,719427401290487,2021,24,2,31,422.0,3.0,1,MIVI,1,MIVI,1,2023-01-18 14:11:40,,9,1
1281598659290487,719427401290487,2021,24,2,31,422.0,4.0,1,MIVI,1,MIVI,65,2023-01-18 14:11:40,,9,1
1281598653290487,719427401290487,2021,24,2,31,422.0,3.0,1,ALPE4,1,ALPE4,1,2023-01-18 14:11:40,,9,1
1281598654290487,719427401290487,2021,24,2,31,422.0,4.0,1,ALPE4,1,ALPE4,12,2023-01-18 14:11:40,,9,1
1281598655290487,719427401290487,2021,24,2,31,422.0,3.0,1,BETH,1,BETH,1,2023-01-18 14:11:40,,9,1
1281598656290487,719427401290487,2021,24,2,31,422.0,4.0,1,BETH,1,BETH,1,2023-01-18 14:11:40,,9,1
1281598657290487,719427401290487,2021,24,2,31,422.0,1.0,1,MIVI,1,MIVI,1,2023-01-18 14:11:40,,9,1
1281599212290487,719427384290487,2021,24,2,25,1979.0,2.0,1,ALPE4,1,ALPE4,2,2023-01-18 14:11:41,,9,1
1281599213290487,719427384290487,2021,24,2,25,1979.0,3.0,1,ALPE4,1,ALPE4,1,2023-01-18 14:11:41,,9,1
1281599214290487,719427384290487,2021,24,2,25,1979.0,4.0,1,ALPE4,1,ALPE4,1,2023-01-18 14:11:41,,9,1
1281599215290487,719427384290487,2021,24,2,25,1979.0,1.0,1,BETH,1,BETH,1,2023-01-18 14:11:41,,9,1
1281599216290487,719427384290487,2021,24,2,25,1979.0,4.0,1,BETH,1,BETH,3,2023-01-18 14:11:41,,9,1
1281599217290487,719427384290487,2021,24,2,25,1979.0,1.0,1,CEOR7,1,CEOR7,2,2023-01-18 14:11:41,,9,1
1281599218290487,719427384290487,2021,24,2,25,1979.0,2.0,1,CEOR7,1,CEOR7,4,2023-01-18 14:11:41,,9,1
1281599219290487,719427384290487,2021,24,2,25,1979.0,3.0,1,CEOR7,1,CEOR7,2,2023-01-18 14:11:41,,9,1
1281599220290487,719427384290487,2021,24,2,25,1979.0,4.0,1,CEOR7,1,CEOR7,1,2023-01-18 14:11:41,,9,1
1281599221290487,719427384290487,2021,24,2,25,1979.0,4.0,1,ELUM,1,ELUM,18,2023-01-18 14:11:41,,9,1
1281599222290487,719427384290487,2021,24,2,25,1979.0,1.0,1,LIVU,1,LIVU,5,2023-01-18 14:11:41,,9,1
1281599223290487,719427384290487,2021,24,2,25,1979.0,3.0,1,LIVU,1,LIVU,15,2023-01-18 14:11:41,,9,1
1281599224290487,719427384290487,2021,24,2,25,1979.0,1.0,1,LOJA,1,LOJA,4,2023-01-18 14:11:41,,9,1
1281599225290487,719427384290487,2021,24,2,25,1979.0,2.0,1,LOJA,1,LOJA,1,2023-01-18 14:11:41,,9,1
1281599226290487,719427384290487,2021,24,2,25,1979.0,3.0,1,LOJA,1,LOJA,3,2023-01-18 14:11:41,,9,1
1281599227290487,719427384290487,2021,24,2,25,1979.0,4.0,1,LOJA,1,LOJA,6,2023-01-18 14:11:41,,9,1
1281599228290487,719427384290487,2021,24,2,25,1979.0,1.0,1,LOMA6,1,LOMA6,3,2023-01-18 14:11:41,,9,1
1281599229290487,719427384290487,2021,24,2,25,1979.0,1.0,1,MIVI,1,MIVI,60,2023-01-18 14:11:41,,9,1
1281599230290487,719427384290487,2021,24,2,25,1979.0,2.0,1,MIVI,1,MIVI,55,2023-01-18 14:11:41,,9,1
1281599231290487,719427384290487,2021,24,2,25,1979.0,3.0,1,MIVI,1,MIVI,50,2023-01-18 14:11:41,,9,1
1281599232290487,719427384290487,2021,24,2,25,1979.0,4.0,1,MIVI,1,MIVI,70,2023-01-18 14:11:41,,9,1
1281599233290487,719427384290487,2021,24,2,25,1979.0,1.0,1,ROMU,1,ROMU,10,2023-01-18 14:11:41,,9,1
1281599234290487,719427384290487,2021,24,2,25,1979.0,2.0,1,ROMU,1,ROMU,2,2023-01-18 14:11:41,,9,1
1281599235290487,719427384290487,2021,24,2,25,1979.0,3.0,1,ROMU,1,ROMU,3,2023-01-18 14:11:41,,9,1
1281599236290487,719427384290487,2021,24,2,25,1979.0,4.0,1,ROMU,1,ROMU,5,2023-01-18 14:11:41,,9,1
1549447830290487,815116601290487,2022,24,2,5,1565.0,3.0,1,ALPE4,1,ALPE4,1,2024-03-14 10:28:42,,9,2
1549447831290487,815116601290487,2022,24,2,5,1565.0,3.0,1,BETH,1,BETH,1,2024-03-14 10:28:42,,9,2
1549447832290487,815116601290487,2022,24,2,5,1565.0,1.0,1,MIVI,1,MIVI,18,2024-03-14 10:28:42,,9,2
1549447833290487,815116601290487,2022,24,2,5,1565.0,2.0,1,MIVI,1,MIVI,2,2024-03-14 10:28:42,,9,2
1549447834290487,815116601290487,2022,24,2,5,1565.0,3.0,1,MIVI,1,MIVI,16,2024-03-14 10:28:42,,9,2
1549447945290487,815116525290487,2022,24,2,33,424.0,2.0,1,MIVI,1,MIVI,1,2024-03-14 10:28:43,,9,2
1549447946290487,815116525290487,2022,24,2,33,424.0,4.0,1,MIVI,1,MIVI,1,2024-03-14 10:28:43,,9,2
1549447947290487,815116525290487,2022,24,2,33,424.0,2.0,1,ROMU,1,ROMU,1,2024-03-14 10:28:43,,9,2
1549448193290487,815116547290487,2022,24,2,29,1424.0,2.0,2,LOJA,1,LOJA,2,2024-03-14 10:28:45,,9,2
1549448194290487,815116547290487,2022,24,2,29,1424.0,2.0,2,MIVI,1,MIVI,1,2024-03-14 10:28:45,,9,2
1549448195290487,815116547290487,2022,24,2,29,1424.0,2.0,2,ROMU,1,ROMU,1,2024-03-14 10:28:45,,9,2
1549448570290487,815116569290487,2022,24,2,31,331.0,1.0,1,ALPE4,1,ALPE4,1,2024-03-14 10:28:46,,9,2
1549448571290487,815116569290487,2022,24,2,31,331.0,2.0,1,ALPE4,1,ALPE4,2,2024-03-14 10:28:46,,9,2
1549448572290487,815116569290487,2022,24,2,31,331.0,3.0,1,ALPE4,1,ALPE4,1,2024-03-14 10:28:46,,9,2
1549448573290487,815116569290487,2022,24,2,31,331.0,4.0,1,ALPE4,1,ALPE4,2,2024-03-14 10:28:46,,9,2
1549448574290487,815116569290487,2022,24,2,31,331.0,2.0,1,BETH,1,BETH,2,2024-03-14 10:28:46,,9,2
1549448575290487,815116569290487,2022,24,2,31,331.0,3.0,1,BETH,1,BETH,3,2024-03-14 10:28:46,,9,2
1549448576290487,815116569290487,2022,24,2,31,331.0,4.0,1,BETH,1,BETH,2,2024-03-14 10:28:46,,9,2
1549448577290487,815116569290487,2022,24,2,31,331.0,1.0,1,MIVI,1,MIVI,75,2024-03-14 10:28:46,,9,2
1549448578290487,815116569290487,2022,24,2,31,331.0,2.0,1,MIVI,1,MIVI,65,2024-03-14 10:28:46,,9,2
1549448579290487,815116569290487,2022,24,2,31,331.0,3.0,1,MIVI,1,MIVI,90,2024-03-14 10:28:46,,9,2
1549448580290487,815116569290487,2022,24,2,31,331.0,4.0,1,MIVI,1,MIVI,65,2024-03-14 10:28:46,,9,2
1549448581290487,815116569290487,2022,24,2,31,331.0,1.0,1,ROMU,1,ROMU,1,2024-03-14 10:28:46,,9,2
1549448582290487,815116569290487,2022,24,2,31,331.0,2.0,1,ROMU,1,ROMU,10,2024-03-14 10:28:46,,9,2
1549448583290487,815116569290487,2022,24,2,31,331.0,3.0,1,ROMU,1,ROMU,2,2024-03-14 10:28:46,,9,2
1549448584290487,815116569290487,2022,24,2,31,331.0,4.0,1,ROMU,1,ROMU,3,2024-03-14 10:28:46,,9,2
1549448965290487,815116514290487,2022,24,5,23,964.0,4.0,1,ALPE4,1,ALPE4,10,2024-03-14 10:28:48,,9,2
1549448966290487,815116514290487,2022,24,5,23,964.0,1.0,1,ROPS,1,ROPS,1,2024-03-14 10:28:48,,9,2
1549448967290487,815116514290487,2022,24,5,23,964.0,2.0,1,ROPS,1,ROPS,1,2024-03-14 10:28:48,,9,2
1549448377290487,815116641290487,2022,24,4,47,94.0,2.0,1,MIVI,1,MIVI,6,2024-03-14 10:28:46,,9,2
1549448378290487,815116641290487,2022,24,4,47,94.0,4.0,1,MIVI,1,MIVI,1,2024-03-14 10:28:46,,9,2
1695325997290487,1093593177290487,2023,24,2,21,102.0,1.0,1,MIVI,1,MIVI,1,2024-11-25 08:37:05,,9,3
1695325998290487,1093593177290487,2023,24,2,21,102.0,2.0,1,MIVI,1,MIVI,3,2024-11-25 08:37:05,,9,3
1695325999290487,1093593177290487,2023,24,2,21,102.0,3.0,1,MIVI,1,MIVI,3,2024-11-25 08:37:05,,9,3
1695326000290487,1093593177290487,2023,24,2,21,102.0,4.0,1,MIVI,1,MIVI,1,2024-11-25 08:37:05,,9,3
1695326001290487,1093593177290487,2023,24,2,21,102.0,2.0,1,ROMU,1,ROMU,1,2024-11-25 08:37:05,,9,3
1695325988290487,1093593177290487,2023,24,2,21,102.0,1.0,1,AIAL,1,AIAL,5,2024-11-25 08:37:05,,9,3
1695325989290487,1093593177290487,2023,24,2,21,102.0,2.0,1,AIAL,1,AIAL,35,2024-11-25 08:37:05,,9,3
1695325990290487,1093593177290487,2023,24,2,21,102.0,3.0,1,AIAL,1,AIAL,1,2024-11-25 08:37:05,,9,3
1695325991290487,1093593177290487,2023,24,2,21,102.0,4.0,1,AIAL,1,AIAL,1,2024-11-25 08:37:05,,9,3
1695325992290487,1093593177290487,2023,24,2,21,102.0,1.0,1,ALPE4,1,ALPE4,10,2024-11-25 08:37:05,,9,3
1695325993290487,1093593177290487,2023,24,2,21,102.0,2.0,1,ALPE4,1,ALPE4,30,2024-11-25 08:37:05,,9,3
1695325994290487,1093593177290487,2023,24,2,21,102.0,3.0,1,ALPE4,1,ALPE4,4,2024-11-25 08:37:05,,9,3
1695325995290487,1093593177290487,2023,24,2,21,102.0,4.0,1,ALPE4,1,ALPE4,2,2024-11-25 08:37:05,,9,3
1695325996290487,1093593177290487,2023,24,2,21,102.0,1.0,1,BETH,1,BETH,1,2024-11-25 08:37:05,,9,3
1695325411290487,1093593122290487,2023,24,4,39,200.0,3.0,1,LOJA,1,LOJA,5,2024-11-25 08:37:00,,9,3
1695325412290487,1093593122290487,2023,24,4,39,200.0,1.0,1,PHAU7,1,PHAU7,65,2024-11-25 08:37:00,,9,3
1695325413290487,1093593122290487,2023,24,4,39,200.0,3.0,1,PHAU7,1,PHAU7,35,2024-11-25 08:37:00,,9,3
1695325414290487,1093593122290487,2023,24,4,39,200.0,4.0,1,PHAU7,1,PHAU7,55,2024-11-25 08:37:00,,9,3
1695798434290487,1093593183290487,2023,24,2,13,753.0,4.0,3,ALPE4,1,ALPE4,1,2024-11-25 12:23:41,,9,3
1695798435290487,1093593183290487,2023,24,2,13,753.0,4.0,3,CEOR7,1,CEOR7,2,2024-11-25 12:23:41,,9,3
1695798436290487,1093593183290487,2023,24,2,13,753.0,4.0,3,LOJA,1,LOJA,7,2024-11-25 12:23:41,,9,3
32982863020004,221353569010661,2011,24,3,17,847.0,2.0,2,LOJA,1,LOJA,10,2012-04-16 12:43:33,,7,3
32982865020004,221353569010661,2011,24,3,17,847.0,2.0,2,LOMA6,1,LOMA6,10,2012-04-16 12:43:33,,7,3
32982866020004,221353569010661,2011,24,3,17,847.0,2.0,2,ROPS,1,ROPS,10,2012-04-16 12:43:33,,7,3
32983022020004,221353617010661,2011,24,2,25,141.0,1.0,1,LOJA,1,LOJA,30,2012-04-16 12:43:35,,7,3
32983023020004,221353617010661,2011,24,2,25,141.0,3.0,1,LOJA,1,LOJA,2,2012-04-16 12:43:35,,7,3
32983024020004,221353617010661,2011,24,2,25,141.0,4.0,1,LOJA,1,LOJA,10,2012-04-16 12:43:35,,7,3
32983025020004,221353617010661,2011,24,2,25,141.0,1.0,1,MIVI,1,MIVI,40,2012-04-16 12:43:35,,7,3
32983026020004,221353617010661,2011,24,2,25,141.0,3.0,1,MIVI,1,MIVI,99,2012-04-16 12:43:35,,7,3
32983027020004,221353617010661,2011,24,2,25,141.0,4.0,1,MIVI,1,MIVI,25,2012-04-16 12:43:35,,7,3
32983028020004,221353617010661,2011,24,2,25,141.0,1.0,1,ROMU,1,ROMU,10,2012-04-16 12:43:35,,7,3
32983029020004,221353617010661,2011,24,2,25,141.0,3.0,1,ROMU,1,ROMU,3,2012-04-16 12:43:35,,7,3
32983030020004,221353617010661,2011,24,2,25,141.0,4.0,1,ROMU,1,ROMU,3,2012-04-16 12:43:35,,7,3
32983313020004,221353677010661,2011,24,4,19,1339.0,2.0,1,ROMU,1,ROMU,5,2012-04-16 12:43:37,,7,3
32983315020004,221353677010661,2011,24,4,19,1339.0,3.0,1,ROMU,1,ROMU,1,2012-04-16 12:43:37,,7,3
32983478020004,221353699010661,2011,24,4,19,775.0,1.0,1,PHAU7,1,PHAU7,80,2012-04-16 12:43:38,,7,3
32983479020004,221353699010661,2011,24,4,19,775.0,2.0,1,PHAU7,1,PHAU7,70,2012-04-16 12:43:38,,7,3
32983480020004,221353699010661,2011,24,4,19,775.0,3.0,1,PHAU7,1,PHAU7,75,2012-04-16 12:43:38,,7,3
32983481020004,221353699010661,2011,24,4,19,775.0,4.0,1,PHAU7,1,PHAU7,83,2012-04-16 12:43:38,,7,3
32981245020004,221353309010661,2011,24,2,3,1532.0,4.0,1,AIAL,1,AIAL,1,2012-04-16 12:43:17,,7,3
32981258020004,221353309010661,2011,24,2,3,1532.0,3.0,1,ALPE4,1,ALPE4,1,2012-04-16 12:43:17,,7,3
32981259020004,221353309010661,2011,24,2,3,1532.0,1.0,1,LOJA,1,LOJA,4,2012-04-16 12:43:17,,7,3
32981260020004,221353309010661,2011,24,2,3,1532.0,2.0,1,LOJA,1,LOJA,3,2012-04-16 12:43:17,,7,3
32981261020004,221353309010661,2011,24,2,3,1532.0,3.0,1,LOJA,1,LOJA,2,2012-04-16 12:43:17,,7,3
32981262020004,221353309010661,2011,24,2,3,1532.0,4.0,1,LOJA,1,LOJA,7,2012-04-16 12:43:17,,7,3
32981263020004,221353309010661,2011,24,2,3,1532.0,1.0,1,ROMU,1,ROMU,1,2012-04-16 12:43:17,,7,3
32981264020004,221353309010661,2011,24,2,3,1532.0,2.0,1,ROMU,1,ROMU,1,2012-04-16 12:43:17,,7,3
32981265020004,221353309010661,2011,24,2,3,1532.0,3.0,1,ROMU,1,ROMU,1,2012-04-16 12:43:17,,7,3
32981266020004,221353309010661,2011,24,2,3,1532.0,4.0,1,ROMU,1,ROMU,1,2012-04-16 12:43:17,,7,3
32981363020004,221353321010661,2011,24,2,29,59.0,1.0,1,ALPE4,1,ALPE4,2,2012-04-16 12:43:20,,7,3
32981364020004,221353321010661,2011,24,2,29,59.0,4.0,1,ALPE4,1,ALPE4,1,2012-04-16 12:43:20,,7,3
32981365020004,221353321010661,2011,24,2,29,59.0,1.0,1,HEHE,1,HEHE,18,2012-04-16 12:43:20,,7,3
32981366020004,221353321010661,2011,24,2,29,59.0,2.0,1,HEHE,1,HEHE,2,2012-04-16 12:43:20,,7,3
32981367020004,221353321010661,2011,24,2,29,59.0,3.0,1,HEHE,1,HEHE,1,2012-04-16 12:43:20,,7,3
32981368020004,221353321010661,2011,24,2,29,59.0,4.0,1,HEHE,1,HEHE,1,2012-04-16 12:43:20,,7,3
32981369020004,221353321010661,2011,24,2,29,59.0,1.0,1,LOJA,1,LOJA,6,2012-04-16 12:43:20,,7,3
32981370020004,221353321010661,2011,24,2,29,59.0,2.0,1,LOJA,1,LOJA,5,2012-04-16 12:43:20,,7,3
32981371020004,221353321010661,2011,24,2,29,59.0,3.0,1,LOJA,1,LOJA,10,2012-04-16 12:43:20,,7,3
32981372020004,221353321010661,2011,24,2,29,59.0,4.0,1,LOJA,1,LOJA,50,2012-04-16 12:43:20,,7,3
32981373020004,221353321010661,2011,24,2,29,59.0,4.0,1,MIVI,1,MIVI,1,2012-04-16 12:43:20,,7,3
32981374020004,221353321010661,2011,24,2,29,59.0,1.0,1,ROMU,1,ROMU,28,2012-04-16 12:43:20,,7,3
32981375020004,221353321010661,2011,24,2,29,59.0,2.0,1,ROMU,1,ROMU,6,2012-04-16 12:43:20,,7,3
32981376020004,221353321010661,2011,24,2,29,59.0,3.0,1,ROMU,1,ROMU,12,2012-04-16 12:43:20,,7,3
32981377020004,221353321010661,2011,24,2,29,59.0,4.0,1,ROMU,1,ROMU,10,2012-04-16 12:43:20,,7,3
32981378020004,221353321010661,2011,24,2,29,59.0,2.0,1,ROPS,1,ROPS,17,2012-04-16 12:43:20,,7,3
32981379020004,221353321010661,2011,24,2,29,59.0,4.0,1,ROPS,1,ROPS,1,2012-04-16 12:43:20,,7,3
32981627020004,221353353010661,2011,24,2,5,353.0,1.0,1,ALPE4,1,ALPE4,1,2012-04-16 12:43:23,,7,3
32981628020004,221353353010661,2011,24,2,5,353.0,2.0,1,ALPE4,1,ALPE4,1,2012-04-16 12:43:23,,7,3
32981629020004,221353353010661,2011,24,2,5,353.0,3.0,1,ALPE4,1,ALPE4,1,2012-04-16 12:43:23,,7,3
32981630020004,221353353010661,2011,24,2,5,353.0,4.0,1,ALPE4,1,ALPE4,1,2012-04-16 12:43:23,,7,3
32981631020004,221353353010661,2011,24,2,5,353.0,1.0,1,BETH,1,BETH,2,2012-04-16 12:43:23,,7,3
32981633020004,221353353010661,2011,24,2,5,353.0,3.0,1,BETH,1,BETH,1,2012-04-16 12:43:23,,7,3
32981634020004,221353353010661,2011,24,2,5,353.0,4.0,1,BETH,1,BETH,1,2012-04-16 12:43:23,,7,3
32981635020004,221353353010661,2011,24,2,5,353.0,2.0,1,CEOR7,1,CEOR7,3,2012-04-16 12:43:23,,7,3
32981636020004,221353353010661,2011,24,2,5,353.0,3.0,1,CEOR7,1,CEOR7,1,2012-04-16 12:43:23,,7,3
32981637020004,221353353010661,2011,24,2,5,353.0,4.0,1,CEOR7,1,CEOR7,1,2012-04-16 12:43:23,,7,3
32981638020004,221353353010661,2011,24,2,5,353.0,1.0,1,LIVU,1,LIVU,2,2012-04-16 12:43:23,,7,3
32981639020004,221353353010661,2011,24,2,5,353.0,2.0,1,LIVU,1,LIVU,48,2012-04-16 12:43:23,,7,3
32981640020004,221353353010661,2011,24,2,5,353.0,3.0,1,LIVU,1,LIVU,4,2012-04-16 12:43:23,,7,3
32981641020004,221353353010661,2011,24,2,5,353.0,4.0,1,LIVU,1,LIVU,1,2012-04-16 12:43:23,,7,3
32981642020004,221353353010661,2011,24,2,5,353.0,1.0,1,LOJA,1,LOJA,1,2012-04-16 12:43:23,,7,3
32981643020004,221353353010661,2011,24,2,5,353.0,2.0,1,LOJA,1,LOJA,3,2012-04-16 12:43:23,,7,3
32981644020004,221353353010661,2011,24,2,5,353.0,3.0,1,LOJA,1,LOJA,1,2012-04-16 12:43:23,,7,3
32981645020004,221353353010661,2011,24,2,5,353.0,4.0,1,LOJA,1,LOJA,1,2012-04-16 12:43:23,,7,3
32981646020004,221353353010661,2011,24,2,5,353.0,2.0,1,LOMA6,1,LOMA6,1,2012-04-16 12:43:23,,7,3
32981647020004,221353353010661,2011,24,2,5,353.0,1.0,1,MIVI,1,MIVI,5,2012-04-16 12:43:23,,7,3
32981648020004,221353353010661,2011,24,2,5,353.0,2.0,1,MIVI,1,MIVI,10,2012-04-16 12:43:23,,7,3
32981649020004,221353353010661,2011,24,2,5,353.0,3.0,1,MIVI,1,MIVI,1,2012-04-16 12:43:23,,7,3
32981650020004,221353353010661,2011,24,2,5,353.0,4.0,1,MIVI,1,MIVI,1,2012-04-16 12:43:23,,7,3
32981651020004,221353353010661,2011,24,2,5,353.0,2.0,1,ROMU,1,ROMU,5,2012-04-16 12:43:23,,7,3
32981652020004,221353353010661,2011,24,2,5,353.0,4.0,1,ROMU,1,ROMU,1,2012-04-16 12:43:23,,7,3
32981690020004,221353359010661,2011,24,2,13,540.0,4.0,1,LIVU,1,LIVU,1,2012-04-16 12:43:23,,7,3
32981691020004,221353359010661,2011,24,2,13,540.0,1.0,1,LOJA,1,LOJA,5,2012-04-16 12:43:23,,7,3
32981692020004,221353359010661,2011,24,2,13,540.0,4.0,1,LOJA,1,LOJA,2,2012-04-16 12:43:23,,7,3
32981693020004,221353359010661,2011,24,2,13,540.0,1.0,1,LONIC,1,LONIC,1,2012-04-16 12:43:23,,7,3
32981694020004,221353359010661,2011,24,2,13,540.0,4.0,1,ROMU,1,ROMU,4,2012-04-16 12:43:23,,7,3
32981695020004,221353359010661,2011,24,2,13,540.0,4.0,1,ROPS,1,ROPS,3,2012-04-16 12:43:23,,7,3
32981826020004,221353385010661,2011,24,5,23,1148.0,1.0,1,LOMO2,1,LOMO2,2,2012-04-16 12:43:25,,7,3
32981827020004,221353385010661,2011,24,5,23,1148.0,2.0,1,ROMU,1,ROMU,2,2012-04-16 12:43:25,,7,3
32981898020004,221353393010661,2011,24,5,1,850.0,1.0,1,ALPE4,1,ALPE4,10,2012-04-16 12:43:25,,7,3
32981899020004,221353393010661,2011,24,5,1,850.0,3.0,1,ALPE4,1,ALPE4,3,2012-04-16 12:43:25,,7,3
32981900020004,221353393010661,2011,24,5,1,850.0,4.0,1,ALPE4,1,ALPE4,3,2012-04-16 12:43:25,,7,3
32981902020004,221353393010661,2011,24,5,1,850.0,1.0,1,BETH,1,BETH,3,2012-04-16 12:43:25,,7,3
32981903020004,221353393010661,2011,24,5,1,850.0,3.0,1,BETH,1,BETH,15,2012-04-16 12:43:25,,7,3
32981904020004,221353393010661,2011,24,5,1,850.0,1.0,1,ROMU,1,ROMU,8,2012-04-16 12:43:25,,7,3
32981906020004,221353393010661,2011,24,5,1,850.0,3.0,1,ROMU,1,ROMU,5,2012-04-16 12:43:25,,7,3
196300826020004,247056959010661,2012,24,2,21,1477.0,1.0,1,AIAL,1,AIAL,1,2013-04-26 10:06:31,,7,4
196300827020004,247056959010661,2012,24,2,21,1477.0,2.0,1,AIAL,1,AIAL,1,2013-04-26 10:06:31,,7,4
196300828020004,247056959010661,2012,24,2,21,1477.0,3.0,1,AIAL,1,AIAL,6,2013-04-26 10:06:31,,7,4
196300829020004,247056959010661,2012,24,2,21,1477.0,4.0,1,AIAL,1,AIAL,1,2013-04-26 10:06:31,,7,4
196300830020004,247056959010661,2012,24,2,21,1477.0,1.0,1,ALPE4,1,ALPE4,1,2013-04-26 10:06:31,,7,4
196300831020004,247056959010661,2012,24,2,21,1477.0,3.0,1,ALPE4,1,ALPE4,1,2013-04-26 10:06:31,,7,4
196300832020004,247056959010661,2012,24,2,21,1477.0,4.0,1,ALPE4,1,ALPE4,1,2013-04-26 10:06:31,,7,4
196300833020004,247056959010661,2012,24,2,21,1477.0,1.0,1,BETH,1,BETH,1,2013-04-26 10:06:31,,7,4
196300834020004,247056959010661,2012,24,2,21,1477.0,2.0,1,BETH,1,BETH,1,2013-04-26 10:06:31,,7,4
196300835020004,247056959010661,2012,24,2,21,1477.0,3.0,1,BETH,1,BETH,4,2013-04-26 10:06:31,,7,4
196300836020004,247056959010661,2012,24,2,21,1477.0,4.0,1,BETH,1,BETH,1,2013-04-26 10:06:31,,7,4
196300837020004,247056959010661,2012,24,2,21,1477.0,1.0,1,MIVI,1,MIVI,1,2013-04-26 10:06:31,,7,4
196300838020004,247056959010661,2012,24,2,21,1477.0,2.0,1,MIVI,1,MIVI,15,2013-04-26 10:06:31,,7,4
196300839020004,247056959010661,2012,24,2,21,1477.0,4.0,1,MIVI,1,MIVI,1,2013-04-26 10:06:31,,7,4
196300840020004,247056959010661,2012,24,2,21,1477.0,1.0,1,ROMU,1,ROMU,5,2013-04-26 10:06:31,,7,4
196300841020004,247056959010661,2012,24,2,21,1477.0,2.0,1,ROMU,1,ROMU,3,2013-04-26 10:06:31,,7,4
196300842020004,247056959010661,2012,24,2,21,1477.0,4.0,1,ROMU,1,ROMU,1,2013-04-26 10:06:31,,7,4
196300843020004,247056959010661,2012,24,2,21,1477.0,1.0,1,ROPS,1,ROPS,1,2013-04-26 10:06:31,,7,4
247486852010661,168947998010661,2010,24,2,11,192.0,4.0,1,MIVI,1,MIVI,4,2011-04-20 09:21:03,,7,2
196300972020004,247056980010661,2012,24,2,13,98.0,3.0,2,ALPE4,1,ALPE4,1,2013-04-26 10:06:32,,7,4
225601861010661,145006673010661,2009,24,5,1,527.0,1.0,1,ROMU,1,ROMU,2,2010-05-28 09:26:56,2012-02-28 07:14:25,7,1
225601858010661,145006673010661,2009,24,5,1,527.0,2.0,1,ALPE4,1,ALPE4,6,2010-05-28 09:26:56,2012-02-28 07:13:57,7,1
225601862010661,145006673010661,2009,24,5,1,527.0,2.0,1,ROMU,1,ROMU,23,2010-05-28 09:26:56,2012-02-28 07:14:25,7,1
225601859010661,145006673010661,2009,24,5,1,527.0,3.0,1,ALPE4,1,ALPE4,20,2010-05-28 09:26:56,2012-02-28 07:13:57,7,1
225601863010661,145006673010661,2009,24,5,1,527.0,3.0,1,ROMU,1,ROMU,2,2010-05-28 09:26:56,2012-02-28 07:14:25,7,1
225601860010661,145006673010661,2009,24,5,1,527.0,4.0,1,ALPE4,1,ALPE4,11,2010-05-28 09:26:56,2012-02-28 07:13:57,7,1
222849854010661,171000766010661,2008,24,2,5,1265.0,4.0,3,LOJA,1,LOJA,15,2010-03-01 10:53:37,2012-02-28 07:11:39,6,5
222849857010661,171000766010661,2008,24,2,5,1265.0,4.0,3,ROMU,1,ROMU,8,2010-03-01 10:53:37,2012-02-28 07:14:19,6,5
222849858010661,171000771010661,2008,24,2,5,861.0,1.0,1,BETH,1,BETH,2,2010-03-01 10:53:37,2012-02-28 07:14:49,6,5
222849862010661,171000771010661,2008,24,2,5,861.0,1.0,1,CEOR7,1,CEOR7,25,2010-03-01 10:53:37,2012-02-28 07:14:49,6,5
222849867010661,171000771010661,2008,24,2,5,861.0,1.0,1,MIVI,1,MIVI,10,2010-03-01 10:53:37,2012-02-28 07:12:56,6,5
222849859010661,171000771010661,2008,24,2,5,861.0,2.0,1,BETH,1,BETH,1,2010-03-01 10:53:37,2012-02-28 07:14:49,6,5
222849863010661,171000771010661,2008,24,2,5,861.0,2.0,1,CEOR7,1,CEOR7,75,2010-03-01 10:53:37,2012-02-28 07:14:49,6,5
222849868010661,171000771010661,2008,24,2,5,861.0,2.0,1,MIVI,1,MIVI,2,2010-03-01 10:53:37,2012-02-28 07:12:56,6,5
222849860010661,171000771010661,2008,24,2,5,861.0,3.0,1,BETH,1,BETH,1,2010-03-01 10:53:37,2012-02-28 07:14:49,6,5
222849864010661,171000771010661,2008,24,2,5,861.0,3.0,1,CEOR7,1,CEOR7,60,2010-03-01 10:53:37,2012-02-28 07:14:49,6,5
222849869010661,171000771010661,2008,24,2,5,861.0,3.0,1,MIVI,1,MIVI,1,2010-03-01 10:53:37,2012-02-28 07:12:56,6,5
222849871010661,171000771010661,2008,24,2,5,861.0,3.0,1,ROMU,1,ROMU,1,2010-03-01 10:53:37,2012-02-28 07:14:20,6,5
222849861010661,171000771010661,2008,24,2,5,861.0,4.0,1,BETH,1,BETH,3,2010-03-01 10:53:37,2012-02-28 07:14:49,6,5
222849865010661,171000771010661,2008,24,2,5,861.0,4.0,1,CEOR7,1,CEOR7,75,2010-03-01 10:53:37,2012-02-28 07:14:49,6,5
222849866010661,171000771010661,2008,24,2,5,861.0,4.0,1,LOJA,1,LOJA,10,2010-03-01 10:53:37,2012-02-28 07:12:56,6,5
222849870010661,171000771010661,2008,24,2,5,861.0,4.0,1,MIVI,1,MIVI,1,2010-03-01 10:53:37,2012-02-28 07:12:56,6,5
222849872010661,171000771010661,2008,24,2,5,861.0,4.0,1,ROMU,1,ROMU,2,2010-03-01 10:53:37,2012-02-28 07:14:20,6,5
222849891010661,171000824010661,2008,24,2,21,1848.0,1.0,1,AIAL,1,AIAL,1,2010-03-01 10:53:37,2012-02-28 07:12:05,6,5
222849894010661,171000824010661,2008,24,2,21,1848.0,1.0,1,ALPE4,1,ALPE4,11,2010-03-01 10:53:37,2012-02-28 07:12:56,6,5
222849898010661,171000824010661,2008,24,2,21,1848.0,1.0,1,ROMU,1,ROMU,1,2010-03-01 10:53:37,2012-02-28 07:12:30,6,5
222849892010661,171000824010661,2008,24,2,21,1848.0,2.0,1,AIAL,1,AIAL,1,2010-03-01 10:53:37,2012-02-28 07:12:05,6,5
222849895010661,171000824010661,2008,24,2,21,1848.0,2.0,1,ALPE4,1,ALPE4,7,2010-03-01 10:53:37,2012-02-28 07:12:56,6,5
222849896010661,171000824010661,2008,24,2,21,1848.0,3.0,1,ALPE4,1,ALPE4,40,2010-03-01 10:53:37,2012-02-28 07:12:56,6,5
222849890010661,171000824010661,2008,24,2,21,1848.0,4.0,1,ACPL,1,ACPL,2,2010-03-01 10:53:37,2012-02-28 07:12:30,6,5
222849893010661,171000824010661,2008,24,2,21,1848.0,4.0,1,AIAL,1,AIAL,1,2010-03-01 10:53:37,2012-02-28 07:12:05,6,5
222849897010661,171000824010661,2008,24,2,21,1848.0,4.0,1,ALPE4,1,ALPE4,40,2010-03-01 10:53:37,2012-02-28 07:12:56,6,5
225601857010661,145006673010661,2009,24,5,1,527.0,1.0,1,ALPE4,1,ALPE4,8,2010-05-28 09:26:56,2012-02-28 07:13:57,7,1
225601864010661,145006673010661,2009,24,5,1,527.0,4.0,1,ROMU,1,ROMU,1,2010-05-28 09:26:56,2012-02-28 07:14:25,7,1
225602351010661,145006447010661,2009,24,3,37,1323.0,1.0,1,ELUM,1,ELUM,1,2010-05-28 09:27:06,2012-02-28 07:13:29,7,1
225602354010661,145006447010661,2009,24,3,37,1323.0,1.0,1,LIVU,1,LIVU,1,2010-05-28 09:27:06,2012-02-28 07:13:29,7,1
225602356010661,145006447010661,2009,24,3,37,1323.0,1.0,1,LOJA,1,LOJA,33,2010-05-28 09:27:06,2012-02-28 07:12:08,7,1
225602360010661,145006447010661,2009,24,3,37,1323.0,1.0,1,ROMU,1,ROMU,40,2010-05-28 09:27:06,2012-02-28 07:13:29,7,1
225602352010661,145006447010661,2009,24,3,37,1323.0,2.0,1,ELUM,1,ELUM,1,2010-05-28 09:27:06,2012-02-28 07:13:29,7,1
225602355010661,145006447010661,2009,24,3,37,1323.0,2.0,1,LIVU,1,LIVU,1,2010-05-28 09:27:06,2012-02-28 07:13:29,7,1
225602357010661,145006447010661,2009,24,3,37,1323.0,2.0,1,LOJA,1,LOJA,25,2010-05-28 09:27:06,2012-02-28 07:12:08,7,1
225602361010661,145006447010661,2009,24,3,37,1323.0,2.0,1,ROMU,1,ROMU,2,2010-05-28 09:27:06,2012-02-28 07:13:29,7,1
225602353010661,145006447010661,2009,24,3,37,1323.0,3.0,1,ELUM,1,ELUM,1,2010-05-28 09:27:06,2012-02-28 07:13:29,7,1
225602358010661,145006447010661,2009,24,3,37,1323.0,3.0,1,LOJA,1,LOJA,10,2010-05-28 09:27:06,2012-02-28 07:12:08,7,1
225602362010661,145006447010661,2009,24,3,37,1323.0,3.0,1,ROMU,1,ROMU,1,2010-05-28 09:27:06,2012-02-28 07:13:29,7,1
225602359010661,145006447010661,2009,24,3,37,1323.0,4.0,1,LOJA,1,LOJA,38,2010-05-28 09:27:06,2012-02-28 07:12:08,7,1
225602363010661,145006447010661,2009,24,3,37,1323.0,4.0,1,ROMU,1,ROMU,2,2010-05-28 09:27:06,2012-02-28 07:13:29,7,1
225602543010661,145006529010661,2009,24,2,33,1783.0,4.0,1,LOJA,1,LOJA,1,2010-05-28 09:27:08,2012-02-28 07:12:25,7,1
225602538010661,145006529010661,2009,24,2,33,1783.0,1.0,1,BETH,1,BETH,1,2010-05-28 09:27:08,2012-02-28 07:13:00,7,1
225602540010661,145006529010661,2009,24,2,33,1783.0,1.0,1,LOJA,1,LOJA,1,2010-05-28 09:27:08,2012-02-28 07:12:25,7,1
225602539010661,145006529010661,2009,24,2,33,1783.0,2.0,1,BETH,1,BETH,1,2010-05-28 09:27:08,2012-02-28 07:13:00,7,1
225602541010661,145006529010661,2009,24,2,33,1783.0,2.0,1,LOJA,1,LOJA,1,2010-05-28 09:27:08,2012-02-28 07:12:25,7,1
225602544010661,145006529010661,2009,24,2,33,1783.0,2.0,1,MIVI,1,MIVI,1,2010-05-28 09:27:08,2012-02-28 07:14:53,7,1
225602542010661,145006529010661,2009,24,2,33,1783.0,3.0,1,LOJA,1,LOJA,1,2010-05-28 09:27:08,2012-02-28 07:12:25,7,1
152864479020004,145006581010661,2009,24,2,31,422.0,3.0,1,BEVU,1,BEVU,1,2012-12-07 10:11:47,,7,1
152864480020004,145006581010661,2009,24,2,31,422.0,4.0,1,LIVU,1,LIVU,2,2012-12-07 10:11:47,,7,1
152864481020004,145006581010661,2009,24,2,31,422.0,4.0,1,LOJA,1,LOJA,1,2012-12-07 10:11:47,,7,1
152864482020004,145006581010661,2009,24,2,31,422.0,4.0,1,ROMU,1,ROMU,2,2012-12-07 10:11:47,,7,1
152864478020004,145006581010661,2009,24,2,31,422.0,4.0,1,ALPE4,1,ALPE4,1,2012-12-07 10:11:47,,7,1
225602175010661,145006365010661,2009,24,4,47,94.0,2.0,1,LOJA,1,LOJA,2,2010-05-28 09:27:02,2012-02-28 07:14:22,7,1
225602176010661,145006365010661,2009,24,4,47,94.0,3.0,1,LOJA,1,LOJA,1,2010-05-28 09:27:02,2012-02-28 07:14:22,7,1
225602178010661,145006365010661,2009,24,4,47,94.0,3.0,1,MIVI,1,MIVI,1,2010-05-28 09:27:02,2012-02-28 07:13:53,7,1
225602177010661,145006365010661,2009,24,4,47,94.0,4.0,1,LOJA,1,LOJA,1,2010-05-28 09:27:02,2012-02-28 07:14:22,7,1
225602256010661,145006403010661,2009,24,4,19,615.0,2.0,1,LOJA,1,LOJA,1,2010-05-28 09:27:04,2012-02-28 07:11:43,7,1
225602602010661,145006557010661,2009,24,2,5,1645.0,1.0,1,ALPE4,1,ALPE4,1,2010-05-28 09:27:09,2012-02-28 07:13:48,7,1
225602608010661,145006557010661,2009,24,2,5,1645.0,1.0,1,CEOR7,1,CEOR7,20,2010-05-28 09:27:09,2012-02-28 07:12:02,7,1
225602612010661,145006557010661,2009,24,2,5,1645.0,1.0,1,LOJA,1,LOJA,1,2010-05-28 09:27:09,2012-02-28 07:14:17,7,1
225602616010661,145006557010661,2009,24,2,5,1645.0,1.0,1,MIVI,1,MIVI,18,2010-05-28 09:27:09,2012-02-28 07:14:17,7,1
225602619010661,145006557010661,2009,24,2,5,1645.0,1.0,1,ROMU,1,ROMU,2,2010-05-28 09:27:09,2012-02-28 07:12:25,7,1
225602603010661,145006557010661,2009,24,2,5,1645.0,2.0,1,ALPE4,1,ALPE4,1,2010-05-28 09:27:09,2012-02-28 07:13:48,7,1
225602609010661,145006557010661,2009,24,2,5,1645.0,2.0,1,CEOR7,1,CEOR7,3,2010-05-28 09:27:09,2012-02-28 07:12:02,7,1
225602613010661,145006557010661,2009,24,2,5,1645.0,2.0,1,LOJA,1,LOJA,3,2010-05-28 09:27:09,2012-02-28 07:14:17,7,1
225602617010661,145006557010661,2009,24,2,5,1645.0,2.0,1,MIVI,1,MIVI,4,2010-05-28 09:27:09,2012-02-28 07:14:17,7,1
225602620010661,145006557010661,2009,24,2,5,1645.0,2.0,1,ROMU,1,ROMU,3,2010-05-28 09:27:09,2012-02-28 07:12:25,7,1
259384891489998,14520148020004,2013,24,2,27,1238.0,1.0,1,ALPE4,1,ALPE4,10,2014-05-20 12:51:10,,7,5
259384892489998,14520148020004,2013,24,2,27,1238.0,2.0,1,ALPE4,1,ALPE4,2,2014-05-20 12:51:10,,7,5
196300973020004,247056980010661,2012,24,2,13,98.0,3.0,2,CEOR7,1,CEOR7,3,2013-04-26 10:06:32,,7,4
196300974020004,247056980010661,2012,24,2,13,98.0,3.0,2,LOMA6,1,LOMA6,4,2013-04-26 10:06:32,,7,4
196300975020004,247056980010661,2012,24,2,13,98.0,3.0,2,ROMU,1,ROMU,30,2013-04-26 10:06:32,,7,4
196301348020004,247056951010661,2012,24,2,43,939.0,2.0,2,ALPE4,1,ALPE4,5,2013-04-26 10:06:40,,7,4
196301349020004,247056951010661,2012,24,2,43,939.0,2.0,2,MIVI,1,MIVI,25,2013-04-26 10:06:40,,7,4
196301350020004,247056951010661,2012,24,2,43,939.0,4.0,2,MIVI,1,MIVI,1,2013-04-26 10:06:40,,7,4
196301351020004,247056951010661,2012,24,2,43,939.0,2.0,2,ROPS,1,ROPS,5,2013-04-26 10:06:40,,7,4
259384890489998,14520148020004,2013,24,2,27,1238.0,4.0,1,AIAL,1,AIAL,8,2014-05-20 12:51:10,,7,5
259384893489998,14520148020004,2013,24,2,27,1238.0,4.0,1,ALPE4,1,ALPE4,2,2014-05-20 12:51:10,,7,5
259384894489998,14520148020004,2013,24,2,27,1238.0,1.0,1,BETH,1,BETH,1,2014-05-20 12:51:10,,7,5
259384895489998,14520148020004,2013,24,2,27,1238.0,3.0,1,BETH,1,BETH,15,2014-05-20 12:51:10,,7,5
259384896489998,14520148020004,2013,24,2,27,1238.0,1.0,1,CEOR7,1,CEOR7,60,2014-05-20 12:51:10,,7,5
259384897489998,14520148020004,2013,24,2,27,1238.0,2.0,1,CEOR7,1,CEOR7,15,2014-05-20 12:51:10,,7,5
259384898489998,14520148020004,2013,24,2,27,1238.0,3.0,1,CEOR7,1,CEOR7,70,2014-05-20 12:51:10,,7,5
259384899489998,14520148020004,2013,24,2,27,1238.0,4.0,1,CEOR7,1,CEOR7,90,2014-05-20 12:51:10,,7,5
259384900489998,14520148020004,2013,24,2,27,1238.0,1.0,1,LOJA,1,LOJA,15,2014-05-20 12:51:10,,7,5
259384901489998,14520148020004,2013,24,2,27,1238.0,2.0,1,LOJA,1,LOJA,8,2014-05-20 12:51:10,,7,5
259384902489998,14520148020004,2013,24,2,27,1238.0,3.0,1,LOJA,1,LOJA,10,2014-05-20 12:51:10,,7,5
259384903489998,14520148020004,2013,24,2,27,1238.0,4.0,1,LOJA,1,LOJA,75,2014-05-20 12:51:10,,7,5
259384904489998,14520148020004,2013,24,2,27,1238.0,1.0,1,MIVI,1,MIVI,35,2014-05-20 12:51:10,,7,5
259384905489998,14520148020004,2013,24,2,27,1238.0,2.0,1,MIVI,1,MIVI,7,2014-05-20 12:51:10,,7,5
259384906489998,14520148020004,2013,24,2,27,1238.0,4.0,1,MIVI,1,MIVI,20,2014-05-20 12:51:10,,7,5
259384907489998,14520148020004,2013,24,2,27,1238.0,2.0,1,PATO2,1,PATO2,2,2014-05-20 12:51:10,,7,5
259384908489998,14520148020004,2013,24,2,27,1238.0,4.0,1,PATO2,1,PATO2,15,2014-05-20 12:51:10,,7,5
259384909489998,14520148020004,2013,24,2,27,1238.0,1.0,1,ROMU,1,ROMU,10,2014-05-20 12:51:10,,7,5
259384910489998,14520148020004,2013,24,2,27,1238.0,2.0,1,ROMU,1,ROMU,5,2014-05-20 12:51:10,,7,5
259384911489998,14520148020004,2013,24,2,27,1238.0,3.0,1,ROMU,1,ROMU,10,2014-05-20 12:51:10,,7,5
259384912489998,14520148020004,2013,24,2,27,1238.0,4.0,1,ROMU,1,ROMU,85,2014-05-20 12:51:10,,7,5
259385212489998,14520195020004,2013,24,3,17,827.0,4.0,1,CIVU,1,CIVU,1,2014-05-20 12:51:11,,7,5
259385213489998,14520195020004,2013,24,3,17,827.0,1.0,1,LOJA,1,LOJA,1,2014-05-20 12:51:11,,7,5
259385214489998,14520195020004,2013,24,3,17,827.0,2.0,1,LOJA,1,LOJA,15,2014-05-20 12:51:11,,7,5
259385215489998,14520195020004,2013,24,3,17,827.0,3.0,1,LOJA,1,LOJA,15,2014-05-20 12:51:11,,7,5
259385216489998,14520195020004,2013,24,3,17,827.0,2.0,1,ROMU,1,ROMU,4,2014-05-20 12:51:11,,7,5
259385217489998,14520195020004,2013,24,3,17,827.0,1.0,1,ROPS,1,ROPS,1,2014-05-20 12:51:11,,7,5
259385524489998,14520165020004,2013,24,5,23,548.0,1.0,1,ROPS,1,ROPS,3,2014-05-20 12:51:12,,7,5
259385525489998,14520165020004,2013,24,5,23,548.0,3.0,1,ROPS,1,ROPS,5,2014-05-20 12:51:12,,7,5
259385526489998,14520165020004,2013,24,5,23,548.0,4.0,1,ROPS,1,ROPS,5,2014-05-20 12:51:12,,7,5
259386023489998,14520172020004,2013,24,5,23,1634.0,3.0,2,ALPE4,1,ALPE4,4,2014-05-20 12:51:15,,7,5
259386024489998,14520172020004,2013,24,5,23,1634.0,3.0,2,BETH,1,BETH,1,2014-05-20 12:51:15,,7,5
259386025489998,14520172020004,2013,24,5,23,1634.0,3.0,2,LOMO2,1,LOMO2,33,2014-05-20 12:51:15,,7,5
259386026489998,14520172020004,2013,24,5,23,1634.0,3.0,2,ROMU,1,ROMU,6,2014-05-20 12:51:15,,7,5
259386279489998,14520317020004,2013,24,4,19,583.0,1.0,1,LOJA,1,LOJA,3,2014-05-20 12:51:18,,7,5
259386280489998,14520317020004,2013,24,4,19,583.0,2.0,1,LOJA,1,LOJA,1,2014-05-20 12:51:18,,7,5
259386281489998,14520317020004,2013,24,4,19,583.0,3.0,1,LOJA,1,LOJA,1,2014-05-20 12:51:18,,7,5
259386282489998,14520317020004,2013,24,4,19,583.0,4.0,1,LOJA,1,LOJA,6,2014-05-20 12:51:18,,7,5
259386876489998,14520216020004,2013,24,5,1,778.0,1.0,1,ALPE4,1,ALPE4,10,2014-05-20 12:51:19,,7,5
259386877489998,14520216020004,2013,24,5,1,778.0,2.0,1,ALPE4,1,ALPE4,3,2014-05-20 12:51:19,,7,5
259386878489998,14520216020004,2013,24,5,1,778.0,3.0,1,ALPE4,1,ALPE4,10,2014-05-20 12:51:19,,7,5
259386879489998,14520216020004,2013,24,5,1,778.0,4.0,1,ALPE4,1,ALPE4,25,2014-05-20 12:51:19,,7,5
259386880489998,14520216020004,2013,24,5,1,778.0,1.0,1,BETH,1,BETH,5,2014-05-20 12:51:19,,7,5
259386881489998,14520216020004,2013,24,5,1,778.0,2.0,1,BETH,1,BETH,4,2014-05-20 12:51:19,,7,5
259386882489998,14520216020004,2013,24,5,1,778.0,3.0,1,BETH,1,BETH,28,2014-05-20 12:51:19,,7,5
259386883489998,14520216020004,2013,24,5,1,778.0,4.0,1,BETH,1,BETH,5,2014-05-20 12:51:19,,7,5
259386884489998,14520216020004,2013,24,5,1,778.0,3.0,1,CEOR7,1,CEOR7,1,2014-05-20 12:51:19,,7,5
259386885489998,14520216020004,2013,24,5,1,778.0,4.0,1,CEOR7,1,CEOR7,65,2014-05-20 12:51:19,,7,5
259386886489998,14520216020004,2013,24,5,1,778.0,2.0,1,LOJA,1,LOJA,2,2014-05-20 12:51:19,,7,5
259386887489998,14520216020004,2013,24,5,1,778.0,1.0,1,MIVI,1,MIVI,25,2014-05-20 12:51:19,,7,5
259386888489998,14520216020004,2013,24,5,1,778.0,4.0,1,MIVI,1,MIVI,25,2014-05-20 12:51:19,,7,5
259386889489998,14520216020004,2013,24,5,1,778.0,1.0,1,ROMU,1,ROMU,1,2014-05-20 12:51:19,,7,5
259386890489998,14520216020004,2013,24,5,1,778.0,2.0,1,ROMU,1,ROMU,10,2014-05-20 12:51:19,,7,5
259386891489998,14520216020004,2013,24,5,1,778.0,4.0,1,ROMU,1,ROMU,25,2014-05-20 12:51:19,,7,5
259386892489998,14520216020004,2013,24,5,1,778.0,1.0,1,ROPS,1,ROPS,5,2014-05-20 12:51:19,,7,5
259386893489998,14520216020004,2013,24,5,1,778.0,2.0,1,ROPS,1,ROPS,15,2014-05-20 12:51:19,,7,5
259386894489998,14520216020004,2013,24,5,1,778.0,3.0,1,ROPS,1,ROPS,5,2014-05-20 12:51:19,,7,5
259386895489998,14520216020004,2013,24,5,1,778.0,4.0,1,ROPS,1,ROPS,18,2014-05-20 12:51:19,,7,5
259387262489998,14520260020004,2013,24,2,43,1593.0,3.0,1,ELUM,1,ELUM,5,2014-05-20 12:51:20,,7,5
259387263489998,14520260020004,2013,24,2,43,1593.0,4.0,1,ELUM,1,ELUM,12,2014-05-20 12:51:20,,7,5
259387264489998,14520260020004,2013,24,2,43,1593.0,1.0,1,LOJA,1,LOJA,33,2014-05-20 12:51:20,,7,5
259387265489998,14520260020004,2013,24,2,43,1593.0,2.0,1,LOJA,1,LOJA,28,2014-05-20 12:51:20,,7,5
259387266489998,14520260020004,2013,24,2,43,1593.0,3.0,1,LOJA,1,LOJA,10,2014-05-20 12:51:20,,7,5
259387267489998,14520260020004,2013,24,2,43,1593.0,4.0,1,LOJA,1,LOJA,40,2014-05-20 12:51:20,,7,5
259387268489998,14520260020004,2013,24,2,43,1593.0,1.0,1,LOMO2,1,LOMO2,25,2014-05-20 12:51:20,,7,5
259387269489998,14520260020004,2013,24,2,43,1593.0,2.0,1,LOMO2,1,LOMO2,10,2014-05-20 12:51:20,,7,5
259387270489998,14520260020004,2013,24,2,43,1593.0,3.0,1,LOMO2,1,LOMO2,7,2014-05-20 12:51:20,,7,5
259387271489998,14520260020004,2013,24,2,43,1593.0,4.0,1,LOMO2,1,LOMO2,20,2014-05-20 12:51:20,,7,5
259387272489998,14520260020004,2013,24,2,43,1593.0,1.0,1,ROMU,1,ROMU,10,2014-05-20 12:51:20,,7,5
259387273489998,14520260020004,2013,24,2,43,1593.0,2.0,1,ROMU,1,ROMU,17,2014-05-20 12:51:20,,7,5
259387274489998,14520260020004,2013,24,2,43,1593.0,3.0,1,ROMU,1,ROMU,5,2014-05-20 12:51:20,,7,5
259387275489998,14520260020004,2013,24,2,43,1593.0,4.0,1,ROMU,1,ROMU,10,2014-05-20 12:51:20,,7,5
259387276489998,14520260020004,2013,24,2,43,1593.0,1.0,1,ROPS,1,ROPS,2,2014-05-20 12:51:20,,7,5
259387277489998,14520260020004,2013,24,2,43,1593.0,2.0,1,ROPS,1,ROPS,10,2014-05-20 12:51:20,,7,5
259387278489998,14520260020004,2013,24,2,43,1593.0,3.0,1,ROPS,1,ROPS,4,2014-05-20 12:51:20,,7,5
259387632489998,14520291020004,2013,24,2,31,1370.0,1.0,1,ALPE4,1,ALPE4,25,2014-05-20 12:51:20,,7,5
259387633489998,14520291020004,2013,24,2,31,1370.0,4.0,1,ALPE4,1,ALPE4,7,2014-05-20 12:51:20,,7,5
259387634489998,14520291020004,2013,24,2,31,1370.0,1.0,1,LOJA,1,LOJA,7,2014-05-20 12:51:20,,7,5
259387635489998,14520291020004,2013,24,2,31,1370.0,4.0,1,LOJA,1,LOJA,2,2014-05-20 12:51:20,,7,5
259387636489998,14520291020004,2013,24,2,31,1370.0,4.0,1,LONIC,1,LONIC,3,2014-05-20 12:51:20,,7,5
259387637489998,14520291020004,2013,24,2,31,1370.0,1.0,1,MIVI,1,MIVI,62,2014-05-20 12:51:20,,7,5
259387638489998,14520291020004,2013,24,2,31,1370.0,4.0,1,MIVI,1,MIVI,2,2014-05-20 12:51:20,,7,5
318965637489998,168262021020004,2014,24,5,23,1429.0,1.0,1,ALPE4,1,ALPE4,1,2015-04-20 09:54:20,,8,1
318965638489998,168262021020004,2014,24,5,23,1429.0,3.0,1,ROPS,1,ROPS,5,2015-04-20 09:54:20,,8,1
318964307489998,168262149020004,2014,24,2,31,422.0,2.0,1,ALPE4,1,ALPE4,2,2015-04-20 09:54:13,,8,1
318964308489998,168262149020004,2014,24,2,31,422.0,3.0,1,ALPE4,1,ALPE4,3,2015-04-20 09:54:13,,8,1
318964309489998,168262149020004,2014,24,2,31,422.0,4.0,1,ALPE4,1,ALPE4,8,2015-04-20 09:54:13,,8,1
318964310489998,168262149020004,2014,24,2,31,422.0,3.0,1,BEVU,1,BEVU,1,2015-04-20 09:54:13,,8,1
318964311489998,168262149020004,2014,24,2,31,422.0,4.0,1,BEVU,1,BEVU,1,2015-04-20 09:54:13,,8,1
318964312489998,168262149020004,2014,24,2,31,422.0,4.0,1,LOJA,1,LOJA,8,2015-04-20 09:54:13,,8,1
318964313489998,168262149020004,2014,24,2,31,422.0,3.0,1,ROMU,1,ROMU,1,2015-04-20 09:54:13,,8,1
318965138489998,168262066020004,2014,24,5,1,1626.0,2.0,1,AIAL,1,AIAL,40,2015-04-20 09:54:17,,8,1
318965139489998,168262066020004,2014,24,5,1,1626.0,1.0,1,ALPE4,1,ALPE4,10,2015-04-20 09:54:17,,8,1
318965140489998,168262066020004,2014,24,5,1,1626.0,2.0,1,ALPE4,1,ALPE4,5,2015-04-20 09:54:17,,8,1
318965141489998,168262066020004,2014,24,5,1,1626.0,4.0,2,ALPE4,1,ALPE4,33,2015-04-20 09:54:17,,8,1
318965142489998,168262066020004,2014,24,5,1,1626.0,1.0,1,BETH,1,BETH,5,2015-04-20 09:54:17,,8,1
318965143489998,168262066020004,2014,24,5,1,1626.0,2.0,1,BETH,1,BETH,5,2015-04-20 09:54:17,,8,1
318965144489998,168262066020004,2014,24,5,1,1626.0,3.0,2,LIVU,1,LIVU,2,2015-04-20 09:54:17,,8,1
318965145489998,168262066020004,2014,24,5,1,1626.0,4.0,2,LIVU,1,LIVU,1,2015-04-20 09:54:17,,8,1
318965146489998,168262066020004,2014,24,5,1,1626.0,1.0,1,LOJA,1,LOJA,17,2015-04-20 09:54:17,,8,1
318965147489998,168262066020004,2014,24,5,1,1626.0,2.0,1,LOJA,1,LOJA,2,2015-04-20 09:54:17,,8,1
318965148489998,168262066020004,2014,24,5,1,1626.0,3.0,2,LOJA,1,LOJA,33,2015-04-20 09:54:17,,8,1
318965149489998,168262066020004,2014,24,5,1,1626.0,1.0,1,MIVI,1,MIVI,90,2015-04-20 09:54:17,,8,1
318965150489998,168262066020004,2014,24,5,1,1626.0,2.0,1,MIVI,1,MIVI,65,2015-04-20 09:54:17,,8,1
318965151489998,168262066020004,2014,24,5,1,1626.0,3.0,2,MIVI,1,MIVI,2,2015-04-20 09:54:17,,8,1
318965152489998,168262066020004,2014,24,5,1,1626.0,4.0,2,MIVI,1,MIVI,10,2015-04-20 09:54:17,,8,1
318965153489998,168262066020004,2014,24,5,1,1626.0,3.0,2,ROMU,1,ROMU,25,2015-04-20 09:54:17,,8,1
318965154489998,168262066020004,2014,24,5,1,1626.0,1.0,1,ROPS,1,ROPS,15,2015-04-20 09:54:17,,8,1
318965155489998,168262066020004,2014,24,5,1,1626.0,2.0,1,ROPS,1,ROPS,15,2015-04-20 09:54:17,,8,1
382320949489998,168262192020004,2015,24,4,47,94.0,1.0,1,LOJA,1,LOJA,1,2016-03-24 13:09:45,,8,2
382320950489998,168262192020004,2015,24,4,47,94.0,2.0,1,LOJA,1,LOJA,1,2016-03-24 13:09:45,,8,2
382320951489998,168262192020004,2015,24,4,47,94.0,3.0,1,LOJA,1,LOJA,1,2016-03-24 13:09:45,,8,2
382321109489998,245525835489998,2015,24,2,29,1424.0,1.0,1,BETH,1,BETH,1,2016-03-24 13:09:47,,8,2
382321110489998,245525835489998,2015,24,2,29,1424.0,1.0,1,ELUM,1,ELUM,1,2016-03-24 13:09:47,,8,2
382321111489998,245525835489998,2015,24,2,29,1424.0,1.0,1,LOJA,1,LOJA,25,2016-03-24 13:09:47,,8,2
382321112489998,245525835489998,2015,24,2,29,1424.0,2.0,2,LOJA,1,LOJA,3,2016-03-24 13:09:47,,8,2
382321113489998,245525835489998,2015,24,2,29,1424.0,3.0,1,LOJA,1,LOJA,1,2016-03-24 13:09:47,,8,2
382321114489998,245525835489998,2015,24,2,29,1424.0,4.0,1,LOJA,1,LOJA,35,2016-03-24 13:09:47,,8,2
382321115489998,245525835489998,2015,24,2,29,1424.0,1.0,1,MIVI,1,MIVI,1,2016-03-24 13:09:47,,8,2
382321116489998,245525835489998,2015,24,2,29,1424.0,2.0,2,MIVI,1,MIVI,1,2016-03-24 13:09:47,,8,2
382321117489998,245525835489998,2015,24,2,29,1424.0,4.0,1,MIVI,1,MIVI,1,2016-03-24 13:09:47,,8,2
382321118489998,245525835489998,2015,24,2,29,1424.0,1.0,1,ROMU,1,ROMU,5,2016-03-24 13:09:47,,8,2
382321119489998,245525835489998,2015,24,2,29,1424.0,2.0,2,ROMU,1,ROMU,1,2016-03-24 13:09:47,,8,2
382321120489998,245525835489998,2015,24,2,29,1424.0,3.0,1,ROMU,1,ROMU,1,2016-03-24 13:09:47,,8,2
225602606010661,145006557010661,2009,24,2,5,1645.0,3.0,1,BETH,1,BETH,1,2010-05-28 09:27:09,2012-02-28 07:13:22,7,1
225602610010661,145006557010661,2009,24,2,5,1645.0,3.0,1,CEOR7,1,CEOR7,3,2010-05-28 09:27:09,2012-02-28 07:12:02,7,1
225602614010661,145006557010661,2009,24,2,5,1645.0,3.0,1,LOJA,1,LOJA,1,2010-05-28 09:27:09,2012-02-28 07:14:17,7,1
225602618010661,145006557010661,2009,24,2,5,1645.0,3.0,1,MIVI,1,MIVI,1,2010-05-28 09:27:09,2012-02-28 07:14:17,7,1
225602621010661,145006557010661,2009,24,2,5,1645.0,3.0,1,ROMU,1,ROMU,1,2010-05-28 09:27:09,2012-02-28 07:12:25,7,1
225602605010661,145006557010661,2009,24,2,5,1645.0,4.0,1,ALPE4,1,ALPE4,1,2010-05-28 09:27:09,2012-02-28 07:13:48,7,1
225602607010661,145006557010661,2009,24,2,5,1645.0,4.0,1,BETH,1,BETH,1,2010-05-28 09:27:09,2012-02-28 07:13:22,7,1
225602611010661,145006557010661,2009,24,2,5,1645.0,4.0,1,CEOR7,1,CEOR7,1,2010-05-28 09:27:09,2012-02-28 07:12:02,7,1
225602615010661,145006557010661,2009,24,2,5,1645.0,4.0,1,LOJA,1,LOJA,1,2010-05-28 09:27:09,2012-02-28 07:14:17,7,1
225602622010661,145006557010661,2009,24,2,5,1645.0,4.0,1,ROMU,1,ROMU,1,2010-05-28 09:27:09,2012-02-28 07:12:25,7,1
225601751010661,145006629010661,2009,24,2,31,374.0,1.0,1,ALPE4,1,ALPE4,1,2010-05-28 09:26:54,2012-02-28 07:11:37,7,1
225601755010661,145006629010661,2009,24,2,31,374.0,1.0,1,LOJA,1,LOJA,1,2010-05-28 09:26:54,2012-02-28 07:12:26,7,1
225601757010661,145006629010661,2009,24,2,31,374.0,1.0,1,MIVI,1,MIVI,3,2010-05-28 09:26:54,2012-02-28 07:13:48,7,1
225601753010661,145006629010661,2009,24,2,31,374.0,2.0,1,BETH,1,BETH,1,2010-05-28 09:26:54,2012-02-28 07:12:02,7,1
225601758010661,145006629010661,2009,24,2,31,374.0,2.0,1,MIVI,1,MIVI,15,2010-05-28 09:26:54,2012-02-28 07:13:48,7,1
225601752010661,145006629010661,2009,24,2,31,374.0,3.0,2,ALPE4,1,ALPE4,1,2010-05-28 09:26:54,2012-02-28 07:11:37,7,1
225601754010661,145006629010661,2009,24,2,31,374.0,3.0,2,BETH,1,BETH,1,2010-05-28 09:26:54,2012-02-28 07:12:02,7,1
225601756010661,145006629010661,2009,24,2,31,374.0,3.0,2,LOJA,1,LOJA,1,2010-05-28 09:26:54,2012-02-28 07:12:26,7,1
225601759010661,145006629010661,2009,24,2,31,374.0,3.0,2,MIVI,1,MIVI,3,2010-05-28 09:26:54,2012-02-28 07:13:48,7,1
225601760010661,145006629010661,2009,24,2,31,374.0,3.0,2,ROMU,1,ROMU,1,2010-05-28 09:26:54,2012-02-28 07:11:37,7,1
225601940010661,145006705010661,2009,24,5,23,1020.0,1.0,1,ROPS,1,ROPS,15,2010-05-28 09:26:58,2012-02-28 07:12:54,7,1
225601937010661,145006705010661,2009,24,5,23,1020.0,2.0,1,BETH,1,BETH,1,2010-05-28 09:26:58,2012-02-28 07:11:37,7,1
225601939010661,145006705010661,2009,24,5,23,1020.0,2.0,1,ROMU,1,ROMU,2,2010-05-28 09:26:58,2012-02-28 07:11:38,7,1
225601938010661,145006705010661,2009,24,5,23,1020.0,4.0,1,BETH,1,BETH,1,2010-05-28 09:26:58,2012-02-28 07:11:37,7,1
225601941010661,145006705010661,2009,24,5,23,1020.0,4.0,1,ROPS,1,ROPS,10,2010-05-28 09:26:58,2012-02-28 07:12:54,7,1
225601814010661,145006655010661,2009,24,2,21,365.0,1.0,1,ALPE4,1,ALPE4,70,2010-05-28 09:26:55,2012-02-28 07:13:22,7,1
225601815010661,145006655010661,2009,24,2,21,365.0,2.0,1,ALPE4,1,ALPE4,63,2010-05-28 09:26:55,2012-02-28 07:13:22,7,1
225601816010661,145006655010661,2009,24,2,21,365.0,3.0,1,ALPE4,1,ALPE4,25,2010-05-28 09:26:55,2012-02-28 07:13:22,7,1
225601817010661,145006655010661,2009,24,2,21,365.0,4.0,1,ALPE4,1,ALPE4,57,2010-05-28 09:26:55,2012-02-28 07:13:22,7,1
225601818010661,145006655010661,2009,24,2,21,365.0,4.0,1,POCU6,1,POCU6,2,2010-05-28 09:26:55,2012-02-28 07:12:54,7,1
225601848010661,145006669010661,2009,24,5,1,761.0,3.0,1,MIVI,1,MIVI,1,2010-05-28 09:26:55,2012-02-28 07:14:17,7,1
152864483020004,145006679010661,2009,24,5,1,1626.0,2.0,1,AIAL,1,AIAL,6,2012-12-07 10:11:47,,7,1
152864484020004,145006679010661,2009,24,5,1,1626.0,4.0,2,ALPE4,1,ALPE4,5,2012-12-07 10:11:47,,7,1
152864485020004,145006679010661,2009,24,5,1,1626.0,3.0,2,ALPE4,1,ALPE4,1,2012-12-07 10:11:47,,7,1
152864486020004,145006679010661,2009,24,5,1,1626.0,2.0,1,ALPE4,1,ALPE4,4,2012-12-07 10:11:47,,7,1
152864487020004,145006679010661,2009,24,5,1,1626.0,1.0,1,ALPE4,1,ALPE4,2,2012-12-07 10:11:47,,7,1
152864488020004,145006679010661,2009,24,5,1,1626.0,2.0,1,BETH,1,BETH,1,2012-12-07 10:11:47,,7,1
152864489020004,145006679010661,2009,24,5,1,1626.0,1.0,1,BETH,1,BETH,3,2012-12-07 10:11:47,,7,1
152864490020004,145006679010661,2009,24,5,1,1626.0,3.0,2,LOJA,1,LOJA,18,2012-12-07 10:11:47,,7,1
152864491020004,145006679010661,2009,24,5,1,1626.0,2.0,1,LOJA,1,LOJA,5,2012-12-07 10:11:47,,7,1
152864492020004,145006679010661,2009,24,5,1,1626.0,1.0,1,LOJA,1,LOJA,15,2012-12-07 10:11:47,,7,1
152864493020004,145006679010661,2009,24,5,1,1626.0,4.0,2,MIVI,1,MIVI,1,2012-12-07 10:11:47,,7,1
152864494020004,145006679010661,2009,24,5,1,1626.0,2.0,1,MIVI,1,MIVI,1,2012-12-07 10:11:47,,7,1
152864495020004,145006679010661,2009,24,5,1,1626.0,1.0,1,MIVI,1,MIVI,30,2012-12-07 10:11:47,,7,1
152864496020004,145006679010661,2009,24,5,1,1626.0,4.0,2,ROMU,1,ROMU,1,2012-12-07 10:11:47,,7,1
152864497020004,145006679010661,2009,24,5,1,1626.0,3.0,2,ROMU,1,ROMU,35,2012-12-07 10:11:47,,7,1
152864498020004,145006679010661,2009,24,5,1,1626.0,2.0,1,ROMU,1,ROMU,1,2012-12-07 10:11:47,,7,1
152864499020004,145006679010661,2009,24,5,1,1626.0,1.0,1,ROMU,1,ROMU,3,2012-12-07 10:11:47,,7,1
152864500020004,145006679010661,2009,24,5,1,1626.0,4.0,2,ROPS,1,ROPS,5,2012-12-07 10:11:47,,7,1
152864501020004,145006679010661,2009,24,5,1,1626.0,2.0,1,ROPS,1,ROPS,10,2012-12-07 10:11:47,,7,1
152864502020004,145006679010661,2009,24,5,1,1626.0,1.0,1,ROPS,1,ROPS,1,2012-12-07 10:11:47,,7,1
225602006010661,145006735010661,2009,24,2,31,544.0,2.0,2,LOJA,1,LOJA,1,2010-05-28 09:26:59,2012-02-28 07:12:03,7,1
152864459020004,145006547010661,2009,24,2,5,926.0,4.0,1,ALPE4,1,ALPE4,1,2012-12-07 10:11:47,,7,1
152864460020004,145006547010661,2009,24,2,5,926.0,3.0,1,ALPE4,1,ALPE4,1,2012-12-07 10:11:47,,7,1
152864461020004,145006547010661,2009,24,2,5,926.0,2.0,1,ALPE4,1,ALPE4,4,2012-12-07 10:11:47,,7,1
152864462020004,145006547010661,2009,24,2,5,926.0,1.0,1,ALPE4,1,ALPE4,1,2012-12-07 10:11:47,,7,1
152864463020004,145006547010661,2009,24,2,5,926.0,3.0,1,BEVU,1,BEVU,4,2012-12-07 10:11:47,,7,1
152864464020004,145006547010661,2009,24,2,5,926.0,2.0,1,BEVU,1,BEVU,4,2012-12-07 10:11:47,,7,1
152864465020004,145006547010661,2009,24,2,5,926.0,3.0,1,LIVU,1,LIVU,1,2012-12-07 10:11:47,,7,1
152864466020004,145006547010661,2009,24,2,5,926.0,2.0,1,LIVU,1,LIVU,5,2012-12-07 10:11:47,,7,1
152864467020004,145006547010661,2009,24,2,5,926.0,4.0,1,LOJA,1,LOJA,5,2012-12-07 10:11:47,,7,1
152864468020004,145006547010661,2009,24,2,5,926.0,3.0,1,LOJA,1,LOJA,20,2012-12-07 10:11:47,,7,1
152864469020004,145006547010661,2009,24,2,5,926.0,2.0,1,LOJA,1,LOJA,1,2012-12-07 10:11:47,,7,1
152864470020004,145006547010661,2009,24,2,5,926.0,1.0,1,LOJA,1,LOJA,30,2012-12-07 10:11:47,,7,1
152864471020004,145006547010661,2009,24,2,5,926.0,2.0,1,LONIC,1,LONIC,2,2012-12-07 10:11:47,,7,1
152864472020004,145006547010661,2009,24,2,5,926.0,4.0,1,RHCA3,1,RHCA3,1,2012-12-07 10:11:47,,7,1
152864473020004,145006547010661,2009,24,2,5,926.0,1.0,1,RHCA3,1,RHCA3,2,2012-12-07 10:11:47,,7,1
152864474020004,145006547010661,2009,24,2,5,926.0,4.0,1,ROMU,1,ROMU,15,2012-12-07 10:11:47,,7,1
152864475020004,145006547010661,2009,24,2,5,926.0,3.0,1,ROMU,1,ROMU,20,2012-12-07 10:11:47,,7,1
152864476020004,145006547010661,2009,24,2,5,926.0,2.0,1,ROMU,1,ROMU,40,2012-12-07 10:11:47,,7,1
152864477020004,145006547010661,2009,24,2,5,926.0,1.0,1,ROMU,1,ROMU,75,2012-12-07 10:11:47,,7,1
225602034010661,145006747010661,2009,24,5,1,312.0,1.0,1,ALPE4,1,ALPE4,25,2010-05-28 09:27:00,2012-02-28 07:13:02,7,1
225602035010661,145006747010661,2009,24,5,1,312.0,2.0,1,ALPE4,1,ALPE4,1,2010-05-28 09:27:00,2012-02-28 07:13:02,7,1
225602036010661,145006747010661,2009,24,5,1,312.0,4.0,1,ALPE4,1,ALPE4,11,2010-05-28 09:27:00,2012-02-28 07:13:02,7,1
225602037010661,145006747010661,2009,24,5,1,312.0,4.0,1,ROPS,1,ROPS,4,2010-05-28 09:27:00,2012-02-28 07:11:44,7,1
247486895010661,168947822010661,2010,24,3,37,511.0,1.0,1,LIVU,1,LIVU,1,2011-04-20 09:21:03,,7,2
247486896010661,168947822010661,2010,24,3,37,511.0,1.0,1,LOJA,1,LOJA,20,2011-04-20 09:21:03,,7,2
247486897010661,168947822010661,2010,24,3,37,511.0,1.0,1,ROMU,1,ROMU,1,2011-04-20 09:21:03,,7,2
247486826010661,168947838010661,2010,24,2,5,927.0,2.0,1,ALPE4,1,ALPE4,1,2011-04-20 09:21:03,,7,2
247486827010661,168947838010661,2010,24,2,5,927.0,3.0,1,ALPE4,1,ALPE4,1,2011-04-20 09:21:03,,7,2
247486828010661,168947838010661,2010,24,2,5,927.0,4.0,1,ALPE4,1,ALPE4,1,2011-04-20 09:21:03,,7,2
247486829010661,168947838010661,2010,24,2,5,927.0,1.0,1,BETH,1,BETH,10,2011-04-20 09:21:03,,7,2
247486830010661,168947838010661,2010,24,2,5,927.0,2.0,1,BETH,1,BETH,3,2011-04-20 09:21:03,,7,2
247486831010661,168947838010661,2010,24,2,5,927.0,3.0,1,BETH,1,BETH,2,2011-04-20 09:21:03,,7,2
247486832010661,168947838010661,2010,24,2,5,927.0,4.0,1,BETH,1,BETH,9,2011-04-20 09:21:03,,7,2
247486833010661,168947838010661,2010,24,2,5,927.0,1.0,1,CEOR7,1,CEOR7,2,2011-04-20 09:21:03,,7,2
247486834010661,168947838010661,2010,24,2,5,927.0,2.0,1,CEOR7,1,CEOR7,2,2011-04-20 09:21:03,,7,2
247486835010661,168947838010661,2010,24,2,5,927.0,3.0,1,CEOR7,1,CEOR7,1,2011-04-20 09:21:03,,7,2
247486836010661,168947838010661,2010,24,2,5,927.0,4.0,1,CEOR7,1,CEOR7,2,2011-04-20 09:21:03,,7,2
247486837010661,168947838010661,2010,24,2,5,927.0,1.0,1,LOJA,1,LOJA,37,2011-04-20 09:21:03,,7,2
247486838010661,168947838010661,2010,24,2,5,927.0,2.0,1,LOJA,1,LOJA,9,2011-04-20 09:21:03,,7,2
247486839010661,168947838010661,2010,24,2,5,927.0,3.0,1,LOJA,1,LOJA,5,2011-04-20 09:21:03,,7,2
247486840010661,168947838010661,2010,24,2,5,927.0,4.0,1,LOJA,1,LOJA,4,2011-04-20 09:21:03,,7,2
247486841010661,168947838010661,2010,24,2,5,927.0,1.0,1,MIVI,1,MIVI,3,2011-04-20 09:21:03,,7,2
247486842010661,168947838010661,2010,24,2,5,927.0,2.0,1,MIVI,1,MIVI,2,2011-04-20 09:21:03,,7,2
247486843010661,168947838010661,2010,24,2,5,927.0,3.0,1,MIVI,1,MIVI,2,2011-04-20 09:21:03,,7,2
247486844010661,168947838010661,2010,24,2,5,927.0,4.0,1,MIVI,1,MIVI,35,2011-04-20 09:21:03,,7,2
247486845010661,168947838010661,2010,24,2,5,927.0,1.0,1,ROMU,1,ROMU,1,2011-04-20 09:21:03,,7,2
247486846010661,168947838010661,2010,24,2,5,927.0,2.0,1,ROMU,1,ROMU,1,2011-04-20 09:21:03,,7,2
247486847010661,168947838010661,2010,24,2,5,927.0,3.0,1,ROMU,1,ROMU,1,2011-04-20 09:21:03,,7,2
247486848010661,168947838010661,2010,24,2,5,927.0,4.0,1,ROMU,1,ROMU,1,2011-04-20 09:21:03,,7,2
247486825010661,168947838010661,2010,24,2,5,927.0,1.0,1,ALPE4,1,ALPE4,2,2011-04-20 09:21:03,,7,2
247486816010661,168947852010661,2010,24,2,3,1557.0,4.0,1,CEOR7,1,CEOR7,1,2011-04-20 09:21:03,,7,2
247486817010661,168947852010661,2010,24,2,3,1557.0,2.0,1,ELAN,1,ELAN,1,2011-04-20 09:21:03,,7,2
247486818010661,168947852010661,2010,24,2,3,1557.0,1.0,1,LIVU,1,LIVU,1,2011-04-20 09:21:03,,7,2
247486819010661,168947852010661,2010,24,2,3,1557.0,1.0,1,LOJA,1,LOJA,3,2011-04-20 09:21:03,,7,2
247486820010661,168947852010661,2010,24,2,3,1557.0,4.0,1,LOJA,1,LOJA,4,2011-04-20 09:21:03,,7,2
247486821010661,168947852010661,2010,24,2,3,1557.0,2.0,1,MIVI,1,MIVI,8,2011-04-20 09:21:03,,7,2
247486822010661,168947852010661,2010,24,2,3,1557.0,4.0,1,MIVI,1,MIVI,15,2011-04-20 09:21:03,,7,2
225602604010661,145006557010661,2009,24,2,5,1645.0,3.0,1,ALPE4,1,ALPE4,1,2010-05-28 09:27:09,2012-02-28 07:13:48,7,1
382321121489998,245525835489998,2015,24,2,29,1424.0,4.0,1,ROMU,1,ROMU,7,2016-03-24 13:09:47,,8,2
382321372489998,168262023020004,2015,24,5,23,964.0,4.0,1,ALPE4,1,ALPE4,10,2016-03-24 13:09:49,,8,2
382321373489998,168262023020004,2015,24,5,23,964.0,1.0,1,ROPS,1,ROPS,3,2016-03-24 13:09:49,,8,2
382321374489998,168262023020004,2015,24,5,23,964.0,4.0,1,ROPS,1,ROPS,25,2016-03-24 13:09:49,,8,2
382321662489998,245525799489998,2015,24,2,5,552.0,3.0,1,ALPE4,1,ALPE4,1,2016-03-24 13:09:51,,8,2
382321663489998,245525799489998,2015,24,2,5,552.0,4.0,1,BETH,1,BETH,6,2016-03-24 13:09:51,,8,2
382321664489998,245525799489998,2015,24,2,5,552.0,1.0,1,MIVI,1,MIVI,95,2016-03-24 13:09:51,,8,2
382321665489998,245525799489998,2015,24,2,5,552.0,3.0,1,MIVI,1,MIVI,60,2016-03-24 13:09:51,,8,2
382321666489998,245525799489998,2015,24,2,5,552.0,4.0,1,MIVI,1,MIVI,60,2016-03-24 13:09:51,,8,2
382321667489998,245525799489998,2015,24,2,5,552.0,1.0,1,ROMU,1,ROMU,1,2016-03-24 13:09:51,,8,2
382321668489998,245525799489998,2015,24,2,5,552.0,3.0,1,ROMU,1,ROMU,1,2016-03-24 13:09:51,,8,2
382321669489998,245525799489998,2015,24,2,5,552.0,4.0,1,ROMU,1,ROMU,2,2016-03-24 13:09:51,,8,2
382321830489998,168262175020004,2015,24,4,39,1093.0,1.0,1,MIVI,1,MIVI,1,2016-03-24 13:09:53,,8,2
382321831489998,168262175020004,2015,24,4,39,1093.0,2.0,1,MIVI,1,MIVI,1,2016-03-24 13:09:53,,8,2
382321832489998,168262175020004,2015,24,4,39,1093.0,3.0,1,MIVI,1,MIVI,1,2016-03-24 13:09:53,,8,2
382321833489998,168262175020004,2015,24,4,39,1093.0,4.0,1,MIVI,1,MIVI,1,2016-03-24 13:09:53,,8,2
382322517489998,245525846489998,2015,24,2,31,331.0,2.0,1,ALPE4,1,ALPE4,1,2016-03-24 13:09:58,,8,2
382322518489998,245525846489998,2015,24,2,31,331.0,4.0,1,ALPE4,1,ALPE4,1,2016-03-24 13:09:58,,8,2
382322519489998,245525846489998,2015,24,2,31,331.0,2.0,1,BETH,1,BETH,1,2016-03-24 13:09:58,,8,2
382322520489998,245525846489998,2015,24,2,31,331.0,2.0,1,CEOR7,1,CEOR7,1,2016-03-24 13:09:58,,8,2
382322521489998,245525846489998,2015,24,2,31,331.0,3.0,1,CEOR7,1,CEOR7,1,2016-03-24 13:09:58,,8,2
382322522489998,245525846489998,2015,24,2,31,331.0,3.0,1,LOJA,1,LOJA,1,2016-03-24 13:09:58,,8,2
382322523489998,245525846489998,2015,24,2,31,331.0,1.0,1,MIVI,1,MIVI,93,2016-03-24 13:09:58,,8,2
382322524489998,245525846489998,2015,24,2,31,331.0,2.0,1,MIVI,1,MIVI,90,2016-03-24 13:09:58,,8,2
382322525489998,245525846489998,2015,24,2,31,331.0,3.0,1,MIVI,1,MIVI,65,2016-03-24 13:09:58,,8,2
382322526489998,245525846489998,2015,24,2,31,331.0,4.0,1,MIVI,1,MIVI,75,2016-03-24 13:09:58,,8,2
382322527489998,245525846489998,2015,24,2,31,331.0,1.0,1,ROMU,1,ROMU,1,2016-03-24 13:09:58,,8,2
382322528489998,245525846489998,2015,24,2,31,331.0,2.0,1,ROMU,1,ROMU,1,2016-03-24 13:09:58,,8,2
382322529489998,245525846489998,2015,24,2,31,331.0,3.0,1,ROMU,1,ROMU,1,2016-03-24 13:09:58,,8,2
382322530489998,245525846489998,2015,24,2,31,331.0,4.0,1,ROMU,1,ROMU,1,2016-03-24 13:09:58,,8,2
463332461489998,304151933489998,2016,24,4,19,573.0,3.0,2,LOJA,1,LOJA,1,2017-03-29 12:58:55,,8,3
463332462489998,304151933489998,2016,24,4,19,573.0,4.0,2,LOJA,1,LOJA,1,2017-03-29 12:58:55,,8,3
463332572489998,304151868489998,2016,24,2,13,753.0,2.0,2,ALPE4,1,ALPE4,7,2017-03-29 12:58:56,,8,3
463332573489998,304151868489998,2016,24,2,13,753.0,2.0,2,LOJA,1,LOJA,50,2017-03-29 12:58:56,,8,3
463332574489998,304151868489998,2016,24,2,13,753.0,2.0,2,MIVI,1,MIVI,1,2017-03-29 12:58:56,,8,3
533408215126144,373998282489998,2017,24,2,29,59.0,2.0,1,ALPE4,1,ALPE4,1,2018-04-26 13:04:30,,8,4
533408216126144,373998282489998,2017,24,2,29,59.0,3.0,1,ALPE4,1,ALPE4,1,2018-04-26 13:04:30,,8,4
533408217126144,373998282489998,2017,24,2,29,59.0,4.0,1,ALPE4,1,ALPE4,1,2018-04-26 13:04:30,,8,4
533408218126144,373998282489998,2017,24,2,29,59.0,1.0,1,HEHE,1,HEHE,50,2018-04-26 13:04:30,,8,4
533408219126144,373998282489998,2017,24,2,29,59.0,2.0,1,HEHE,1,HEHE,35,2018-04-26 13:04:30,,8,4
533408220126144,373998282489998,2017,24,2,29,59.0,3.0,1,HEHE,1,HEHE,2,2018-04-26 13:04:30,,8,4
533408221126144,373998282489998,2017,24,2,29,59.0,4.0,1,HEHE,1,HEHE,20,2018-04-26 13:04:30,,8,4
533408222126144,373998282489998,2017,24,2,29,59.0,1.0,1,LOJA,1,LOJA,7,2018-04-26 13:04:30,,8,4
533408223126144,373998282489998,2017,24,2,29,59.0,2.0,1,LOJA,1,LOJA,10,2018-04-26 13:04:30,,8,4
533408224126144,373998282489998,2017,24,2,29,59.0,3.0,1,LOJA,1,LOJA,11,2018-04-26 13:04:30,,8,4
533408225126144,373998282489998,2017,24,2,29,59.0,4.0,1,LOJA,1,LOJA,15,2018-04-26 13:04:30,,8,4
533408226126144,373998282489998,2017,24,2,29,59.0,1.0,1,MIVI,1,MIVI,9,2018-04-26 13:04:30,,8,4
533408227126144,373998282489998,2017,24,2,29,59.0,4.0,1,MIVI,1,MIVI,9,2018-04-26 13:04:30,,8,4
533408228126144,373998282489998,2017,24,2,29,59.0,1.0,1,ROMU,1,ROMU,11,2018-04-26 13:04:30,,8,4
533408229126144,373998282489998,2017,24,2,29,59.0,2.0,1,ROMU,1,ROMU,10,2018-04-26 13:04:30,,8,4
533408230126144,373998282489998,2017,24,2,29,59.0,3.0,1,ROMU,1,ROMU,3,2018-04-26 13:04:30,,8,4
463332575489998,304151868489998,2016,24,2,13,753.0,2.0,2,ROMU,1,ROMU,1,2017-03-29 12:58:56,,8,3
463331124489998,304151938489998,2016,24,4,39,1806.0,1.0,1,AIAL,1,AIAL,1,2017-03-29 12:58:45,,8,3
463331125489998,304151938489998,2016,24,4,39,1806.0,2.0,1,AIAL,1,AIAL,1,2017-03-29 12:58:45,,8,3
463331445489998,304151903489998,2016,24,2,5,438.0,1.0,1,BETH,1,BETH,1,2017-03-29 12:58:47,,8,3
463331446489998,304151903489998,2016,24,2,5,438.0,2.0,1,BETH,1,BETH,3,2017-03-29 12:58:47,,8,3
463331447489998,304151903489998,2016,24,2,5,438.0,3.0,1,BETH,1,BETH,1,2017-03-29 12:58:47,,8,3
463331448489998,304151903489998,2016,24,2,5,438.0,4.0,1,BETH,1,BETH,1,2017-03-29 12:58:47,,8,3
463331449489998,304151903489998,2016,24,2,5,438.0,1.0,1,CEOR7,1,CEOR7,1,2017-03-29 12:58:47,,8,3
463331450489998,304151903489998,2016,24,2,5,438.0,2.0,1,CEOR7,1,CEOR7,1,2017-03-29 12:58:47,,8,3
463331451489998,304151903489998,2016,24,2,5,438.0,3.0,1,CEOR7,1,CEOR7,1,2017-03-29 12:58:47,,8,3
463331452489998,304151903489998,2016,24,2,5,438.0,4.0,1,CEOR7,1,CEOR7,1,2017-03-29 12:58:47,,8,3
463331453489998,304151903489998,2016,24,2,5,438.0,1.0,1,ELUM,1,ELUM,2,2017-03-29 12:58:47,,8,3
463331454489998,304151903489998,2016,24,2,5,438.0,2.0,1,ELUM,1,ELUM,1,2017-03-29 12:58:47,,8,3
463331455489998,304151903489998,2016,24,2,5,438.0,3.0,1,ELUM,1,ELUM,3,2017-03-29 12:58:47,,8,3
463331456489998,304151903489998,2016,24,2,5,438.0,4.0,1,ELUM,1,ELUM,1,2017-03-29 12:58:48,,8,3
463331457489998,304151903489998,2016,24,2,5,438.0,1.0,1,LOJA,1,LOJA,1,2017-03-29 12:58:48,,8,3
463331458489998,304151903489998,2016,24,2,5,438.0,2.0,1,LOJA,1,LOJA,1,2017-03-29 12:58:48,,8,3
463331459489998,304151903489998,2016,24,2,5,438.0,3.0,1,LOJA,1,LOJA,1,2017-03-29 12:58:48,,8,3
463331460489998,304151903489998,2016,24,2,5,438.0,4.0,1,LOJA,1,LOJA,5,2017-03-29 12:58:48,,8,3
463331461489998,304151903489998,2016,24,2,5,438.0,1.0,1,MIVI,1,MIVI,5,2017-03-29 12:58:48,,8,3
463331462489998,304151903489998,2016,24,2,5,438.0,2.0,1,MIVI,1,MIVI,17,2017-03-29 12:58:48,,8,3
463331463489998,304151903489998,2016,24,2,5,438.0,3.0,1,MIVI,1,MIVI,3,2017-03-29 12:58:48,,8,3
463331464489998,304151903489998,2016,24,2,5,438.0,4.0,1,MIVI,1,MIVI,1,2017-03-29 12:58:48,,8,3
463331465489998,304151903489998,2016,24,2,5,438.0,1.0,1,ROMU,1,ROMU,1,2017-03-29 12:58:48,,8,3
463331466489998,304151903489998,2016,24,2,5,438.0,2.0,1,ROMU,1,ROMU,1,2017-03-29 12:58:48,,8,3
463331467489998,304151903489998,2016,24,2,5,438.0,3.0,1,ROMU,1,ROMU,1,2017-03-29 12:58:48,,8,3
463331468489998,304151903489998,2016,24,2,5,438.0,4.0,1,ROMU,1,ROMU,1,2017-03-29 12:58:48,,8,3
463331292489998,304151807489998,2016,24,4,39,200.0,1.0,1,LOJA,1,LOJA,1,2017-03-29 12:58:47,,8,3
463331293489998,304151807489998,2016,24,4,39,200.0,3.0,1,LOJA,1,LOJA,1,2017-03-29 12:58:47,,8,3
463331294489998,304151807489998,2016,24,4,39,200.0,4.0,1,LOJA,1,LOJA,1,2017-03-29 12:58:47,,8,3
463331295489998,304151807489998,2016,24,4,39,200.0,1.0,1,PHAU7,1,PHAU7,75,2017-03-29 12:58:47,,8,3
463331296489998,304151807489998,2016,24,4,39,200.0,3.0,1,PHAU7,1,PHAU7,70,2017-03-29 12:58:47,,8,3
463331297489998,304151807489998,2016,24,4,39,200.0,4.0,1,PHAU7,1,PHAU7,37,2017-03-29 12:58:47,,8,3
533408214126144,373998282489998,2017,24,2,29,59.0,1.0,1,ALPE4,1,ALPE4,1,2018-04-26 13:04:30,,8,4
533408231126144,373998282489998,2017,24,2,29,59.0,4.0,1,ROMU,1,ROMU,13,2018-04-26 13:04:30,,8,4
533408232126144,373998282489998,2017,24,2,29,59.0,2.0,1,ROPS,1,ROPS,15,2018-04-26 13:04:30,,8,4
533408233126144,373998282489998,2017,24,2,29,59.0,4.0,1,ROPS,1,ROPS,5,2018-04-26 13:04:30,,8,4
533408488126144,373998318489998,2017,24,5,23,1449.0,3.0,1,ROMU,1,ROMU,1,2018-04-26 13:04:31,,8,4
533408678126144,373998422489998,2017,24,2,29,1209.0,1.0,1,ELUM,1,ELUM,5,2018-04-26 13:04:31,,8,4
533408679126144,373998422489998,2017,24,2,29,1209.0,2.0,1,ELUM,1,ELUM,1,2018-04-26 13:04:31,,8,4
533408680126144,373998422489998,2017,24,2,29,1209.0,4.0,1,ELUM,1,ELUM,14,2018-04-26 13:04:31,,8,4
533408681126144,373998422489998,2017,24,2,29,1209.0,1.0,1,LOJA,1,LOJA,2,2018-04-26 13:04:31,,8,4
533408682126144,373998422489998,2017,24,2,29,1209.0,2.0,1,LOJA,1,LOJA,1,2018-04-26 13:04:31,,8,4
533408683126144,373998422489998,2017,24,2,29,1209.0,4.0,1,LOJA,1,LOJA,8,2018-04-26 13:04:31,,8,4
533408684126144,373998422489998,2017,24,2,29,1209.0,1.0,1,LOMA6,1,LOMA6,1,2018-04-26 13:04:31,,8,4
533408685126144,373998422489998,2017,24,2,29,1209.0,2.0,1,LOMA6,1,LOMA6,3,2018-04-26 13:04:31,,8,4
533408686126144,373998422489998,2017,24,2,29,1209.0,1.0,1,MIVI,1,MIVI,1,2018-04-26 13:04:31,,8,4
533408687126144,373998422489998,2017,24,2,29,1209.0,1.0,1,ROMU,1,ROMU,5,2018-04-26 13:04:31,,8,4
533408688126144,373998422489998,2017,24,2,29,1209.0,2.0,1,ROMU,1,ROMU,1,2018-04-26 13:04:31,,8,4
533408689126144,373998422489998,2017,24,2,29,1209.0,4.0,1,ROMU,1,ROMU,5,2018-04-26 13:04:31,,8,4
533407319126144,373998291489998,2017,24,2,3,1532.0,4.0,1,AIAL,1,AIAL,1,2018-04-26 13:04:27,,8,4
533407320126144,373998291489998,2017,24,2,3,1532.0,4.0,1,ALPE4,1,ALPE4,2,2018-04-26 13:04:27,,8,4
533407321126144,373998291489998,2017,24,2,3,1532.0,4.0,1,HEHE,1,HEHE,1,2018-04-26 13:04:27,,8,4
533407322126144,373998291489998,2017,24,2,3,1532.0,1.0,1,LOJA,1,LOJA,8,2018-04-26 13:04:27,,8,4
533407323126144,373998291489998,2017,24,2,3,1532.0,2.0,1,LOJA,1,LOJA,1,2018-04-26 13:04:27,,8,4
533407324126144,373998291489998,2017,24,2,3,1532.0,3.0,1,LOJA,1,LOJA,1,2018-04-26 13:04:27,,8,4
533407325126144,373998291489998,2017,24,2,3,1532.0,4.0,1,LOJA,1,LOJA,8,2018-04-26 13:04:27,,8,4
533407326126144,373998291489998,2017,24,2,3,1532.0,2.0,1,MIVI,1,MIVI,3,2018-04-26 13:04:27,,8,4
533407327126144,373998291489998,2017,24,2,3,1532.0,3.0,1,MIVI,1,MIVI,1,2018-04-26 13:04:27,,8,4
533407328126144,373998291489998,2017,24,2,3,1532.0,1.0,1,ROMU,1,ROMU,2,2018-04-26 13:04:27,,8,4
533407329126144,373998291489998,2017,24,2,3,1532.0,2.0,1,ROMU,1,ROMU,1,2018-04-26 13:04:27,,8,4
1695326505290487,1093593218290487,2023,24,2,5,438.0,1.0,1,ROMU,1,ROMU,1,2024-11-25 08:37:07,,9,3
1695326506290487,1093593218290487,2023,24,2,5,438.0,2.0,1,ROMU,1,ROMU,3,2024-11-25 08:37:07,,9,3
1695326507290487,1093593218290487,2023,24,2,5,438.0,3.0,1,ROMU,1,ROMU,1,2024-11-25 08:37:07,,9,3
1695326508290487,1093593218290487,2023,24,2,5,438.0,4.0,1,ROMU,1,ROMU,2,2024-11-25 08:37:07,,9,3
1862754093290487,1285455709290487,2024,24,2,3,1532.0,1.0,1,ALPE4,1,ALPE4,10,2025-05-22 09:40:22,,9,4
1862754094290487,1285455709290487,2024,24,2,3,1532.0,2.0,1,ALPE4,1,ALPE4,1,2025-05-22 09:40:22,,9,4
1862754095290487,1285455709290487,2024,24,2,3,1532.0,3.0,1,ALPE4,1,ALPE4,3,2025-05-22 09:40:22,,9,4
1862754096290487,1285455709290487,2024,24,2,3,1532.0,4.0,1,ALPE4,1,ALPE4,2,2025-05-22 09:40:22,,9,4
1862754097290487,1285455709290487,2024,24,2,3,1532.0,1.0,1,CEOR7,1,CEOR7,1,2025-05-22 09:40:22,,9,4
1862754098290487,1285455709290487,2024,24,2,3,1532.0,2.0,1,CEOR7,1,CEOR7,1,2025-05-22 09:40:22,,9,4
1862754099290487,1285455709290487,2024,24,2,3,1532.0,3.0,1,CEOR7,1,CEOR7,1,2025-05-22 09:40:22,,9,4
1862754100290487,1285455709290487,2024,24,2,3,1532.0,4.0,1,CEOR7,1,CEOR7,3,2025-05-22 09:40:22,,9,4
1862754101290487,1285455709290487,2024,24,2,3,1532.0,1.0,1,HEHE,1,HEHE,1,2025-05-22 09:40:22,,9,4
1862754102290487,1285455709290487,2024,24,2,3,1532.0,4.0,1,HEHE,1,HEHE,6,2025-05-22 09:40:22,,9,4
1862754103290487,1285455709290487,2024,24,2,3,1532.0,1.0,1,LOJA,1,LOJA,45,2025-05-22 09:40:22,,9,4
1862754104290487,1285455709290487,2024,24,2,3,1532.0,2.0,1,LOJA,1,LOJA,20,2025-05-22 09:40:22,,9,4
1862754105290487,1285455709290487,2024,24,2,3,1532.0,3.0,1,LOJA,1,LOJA,5,2025-05-22 09:40:22,,9,4
1862754106290487,1285455709290487,2024,24,2,3,1532.0,4.0,1,LOJA,1,LOJA,35,2025-05-22 09:40:22,,9,4
1862754107290487,1285455709290487,2024,24,2,3,1532.0,1.0,1,MIVI,1,MIVI,1,2025-05-22 09:40:22,,9,4
1862754108290487,1285455709290487,2024,24,2,3,1532.0,2.0,1,MIVI,1,MIVI,5,2025-05-22 09:40:22,,9,4
1695326504290487,1093593218290487,2023,24,2,5,438.0,4.0,1,MIVI,1,MIVI,5,2024-11-25 08:37:07,,9,3
1862754109290487,1285455709290487,2024,24,2,3,1532.0,4.0,1,MIVI,1,MIVI,1,2025-05-22 09:40:22,,9,4
1862754110290487,1285455709290487,2024,24,2,3,1532.0,1.0,1,ROMU,1,ROMU,40,2025-05-22 09:40:22,,9,4
1862754111290487,1285455709290487,2024,24,2,3,1532.0,2.0,1,ROMU,1,ROMU,20,2025-05-22 09:40:22,,9,4
1862754112290487,1285455709290487,2024,24,2,3,1532.0,3.0,1,ROMU,1,ROMU,3,2025-05-22 09:40:22,,9,4
533407330126144,373998291489998,2017,24,2,3,1532.0,3.0,1,ROMU,1,ROMU,1,2018-04-26 13:04:27,,8,4
533407331126144,373998291489998,2017,24,2,3,1532.0,4.0,1,ROMU,1,ROMU,1,2018-04-26 13:04:27,,8,4
533407500126144,373998341489998,2017,24,5,1,1277.0,3.0,1,AIAL,1,AIAL,25,2018-04-26 13:04:27,,8,4
533407501126144,373998341489998,2017,24,5,1,1277.0,3.0,1,ALPE4,1,ALPE4,1,2018-04-26 13:04:27,,8,4
533407502126144,373998341489998,2017,24,5,1,1277.0,1.0,1,LONIC,1,LONIC,1,2018-04-26 13:04:27,,8,4
533407503126144,373998341489998,2017,24,5,1,1277.0,1.0,1,MIVI,1,MIVI,3,2018-04-26 13:04:27,,8,4
533407504126144,373998341489998,2017,24,5,1,1277.0,3.0,1,MIVI,1,MIVI,10,2018-04-26 13:04:27,,8,4
533407505126144,373998341489998,2017,24,5,1,1277.0,1.0,1,ROMU,1,ROMU,1,2018-04-26 13:04:27,,8,4
533407506126144,373998341489998,2017,24,5,1,1277.0,4.0,1,ROMU,1,ROMU,3,2018-04-26 13:04:27,,8,4
533407507126144,373998341489998,2017,24,5,1,1277.0,1.0,1,ROPS,1,ROPS,18,2018-04-26 13:04:27,,8,4
533407508126144,373998341489998,2017,24,5,1,1277.0,2.0,1,ROPS,1,ROPS,1,2018-04-26 13:04:27,,8,4
533407509126144,373998341489998,2017,24,5,1,1277.0,4.0,1,ROPS,1,ROPS,25,2018-04-26 13:04:27,,8,4
533407787126144,373998349489998,2017,24,2,21,284.0,1.0,1,AIAL,1,AIAL,1,2018-04-26 13:04:29,,8,4
533407788126144,373998349489998,2017,24,2,21,284.0,3.0,1,AIAL,1,AIAL,1,2018-04-26 13:04:29,,8,4
533407789126144,373998349489998,2017,24,2,21,284.0,4.0,1,AIAL,1,AIAL,1,2018-04-26 13:04:29,,8,4
533407790126144,373998349489998,2017,24,2,21,284.0,3.0,1,BETH,1,BETH,3,2018-04-26 13:04:29,,8,4
533407791126144,373998349489998,2017,24,2,21,284.0,1.0,1,CEOR7,1,CEOR7,1,2018-04-26 13:04:29,,8,4
533407792126144,373998349489998,2017,24,2,21,284.0,3.0,1,CEOR7,1,CEOR7,1,2018-04-26 13:04:29,,8,4
533407793126144,373998349489998,2017,24,2,21,284.0,1.0,1,LOJA,1,LOJA,1,2018-04-26 13:04:29,,8,4
533407794126144,373998349489998,2017,24,2,21,284.0,3.0,1,LOJA,1,LOJA,1,2018-04-26 13:04:29,,8,4
533407795126144,373998349489998,2017,24,2,21,284.0,4.0,1,LOJA,1,LOJA,1,2018-04-26 13:04:29,,8,4
533407796126144,373998349489998,2017,24,2,21,284.0,1.0,1,MIVI,1,MIVI,30,2018-04-26 13:04:29,,8,4
533407797126144,373998349489998,2017,24,2,21,284.0,3.0,1,MIVI,1,MIVI,3,2018-04-26 13:04:29,,8,4
533407798126144,373998349489998,2017,24,2,21,284.0,4.0,1,MIVI,1,MIVI,3,2018-04-26 13:04:29,,8,4
533407799126144,373998349489998,2017,24,2,21,284.0,3.0,1,ROMU,1,ROMU,1,2018-04-26 13:04:29,,8,4
533407800126144,373998349489998,2017,24,2,21,284.0,1.0,1,ROPS,1,ROPS,1,2018-04-26 13:04:29,,8,4
639529531126144,445525798489998,2018,24,2,43,939.0,2.0,2,ALPE4,1,ALPE4,5,2019-04-04 11:04:15,,8,5
639529532126144,445525798489998,2018,24,2,43,939.0,2.0,2,MIVI,1,MIVI,25,2019-04-04 11:04:15,,8,5
639529533126144,445525798489998,2018,24,2,43,939.0,2.0,2,ROPS,1,ROPS,20,2019-04-04 11:04:15,,8,5
740948539290487,511232745126144,2019,24,2,21,1477.0,3.0,1,AIAL,1,AIAL,6,2020-04-14 14:14:14,,8,6
740948540290487,511232745126144,2019,24,2,21,1477.0,2.0,1,ALPE4,1,ALPE4,1,2020-04-14 14:14:14,,8,6
740948541290487,511232745126144,2019,24,2,21,1477.0,3.0,1,ALPE4,1,ALPE4,3,2020-04-14 14:14:14,,8,6
740948542290487,511232745126144,2019,24,2,21,1477.0,1.0,1,BETH,1,BETH,3,2020-04-14 14:14:14,,8,6
740948543290487,511232745126144,2019,24,2,21,1477.0,2.0,1,BETH,1,BETH,2,2020-04-14 14:14:14,,8,6
740948544290487,511232745126144,2019,24,2,21,1477.0,3.0,1,BETH,1,BETH,9,2020-04-14 14:14:14,,8,6
740948545290487,511232745126144,2019,24,2,21,1477.0,4.0,1,BETH,1,BETH,4,2020-04-14 14:14:14,,8,6
740948546290487,511232745126144,2019,24,2,21,1477.0,1.0,1,ROMU,1,ROMU,1,2020-04-14 14:14:14,,8,6
740948547290487,511232745126144,2019,24,2,21,1477.0,2.0,1,ROMU,1,ROMU,6,2020-04-14 14:14:14,,8,6
740948548290487,511232745126144,2019,24,2,21,1477.0,3.0,1,ROMU,1,ROMU,1,2020-04-14 14:14:14,,8,6
740948549290487,511232745126144,2019,24,2,21,1477.0,4.0,1,ROMU,1,ROMU,1,2020-04-14 14:14:14,,8,6
740948799290487,511232724126144,2019,24,2,13,98.0,3.0,2,BETH,1,BETH,1,2020-04-14 14:14:16,,8,6
740948800290487,511232724126144,2019,24,2,13,98.0,3.0,2,CEOR7,1,CEOR7,7,2020-04-14 14:14:16,,8,6
740948801290487,511232724126144,2019,24,2,13,98.0,3.0,2,LOMA6,1,LOMA6,17,2020-04-14 14:14:16,,8,6
740948802290487,511232724126144,2019,24,2,13,98.0,3.0,2,ROMU,1,ROMU,15,2020-04-14 14:14:16,,8,6
740948861290487,511232757126144,2019,24,5,1,778.0,1.0,1,AIAL,1,AIAL,3,2020-04-14 14:14:17,,8,6
740948862290487,511232757126144,2019,24,5,1,778.0,2.0,1,AIAL,1,AIAL,5,2020-04-14 14:14:17,,8,6
740948863290487,511232757126144,2019,24,5,1,778.0,3.0,1,AIAL,1,AIAL,10,2020-04-14 14:14:17,,8,6
740948864290487,511232757126144,2019,24,5,1,778.0,1.0,1,ALPE4,1,ALPE4,3,2020-04-14 14:14:17,,8,6
740948865290487,511232757126144,2019,24,5,1,778.0,2.0,1,ALPE4,1,ALPE4,1,2020-04-14 14:14:17,,8,6
740948866290487,511232757126144,2019,24,5,1,778.0,3.0,1,ALPE4,1,ALPE4,1,2020-04-14 14:14:17,,8,6
740948867290487,511232757126144,2019,24,5,1,778.0,4.0,1,ALPE4,1,ALPE4,3,2020-04-14 14:14:17,,8,6
740948868290487,511232757126144,2019,24,5,1,778.0,1.0,1,BETH,1,BETH,8,2020-04-14 14:14:17,,8,6
740948869290487,511232757126144,2019,24,5,1,778.0,2.0,1,BETH,1,BETH,5,2020-04-14 14:14:17,,8,6
740948870290487,511232757126144,2019,24,5,1,778.0,3.0,1,BETH,1,BETH,20,2020-04-14 14:14:17,,8,6
740948871290487,511232757126144,2019,24,5,1,778.0,4.0,1,BETH,1,BETH,1,2020-04-14 14:14:17,,8,6
740948872290487,511232757126144,2019,24,5,1,778.0,4.0,1,CEOR7,1,CEOR7,35,2020-04-14 14:14:17,,8,6
740948873290487,511232757126144,2019,24,5,1,778.0,4.0,1,LOJA,1,LOJA,10,2020-04-14 14:14:17,,8,6
740948874290487,511232757126144,2019,24,5,1,778.0,1.0,1,MIVI,1,MIVI,85,2020-04-14 14:14:17,,8,6
740948875290487,511232757126144,2019,24,5,1,778.0,2.0,1,MIVI,1,MIVI,35,2020-04-14 14:14:17,,8,6
740948876290487,511232757126144,2019,24,5,1,778.0,3.0,1,MIVI,1,MIVI,12,2020-04-14 14:14:17,,8,6
740948877290487,511232757126144,2019,24,5,1,778.0,4.0,1,MIVI,1,MIVI,35,2020-04-14 14:14:17,,8,6
740948878290487,511232757126144,2019,24,5,1,778.0,1.0,1,ROMU,1,ROMU,2,2020-04-14 14:14:17,,8,6
740948879290487,511232757126144,2019,24,5,1,778.0,2.0,1,ROMU,1,ROMU,1,2020-04-14 14:14:17,,8,6
740948880290487,511232757126144,2019,24,5,1,778.0,4.0,1,ROMU,1,ROMU,10,2020-04-14 14:14:17,,8,6
740948881290487,511232757126144,2019,24,5,1,778.0,1.0,1,ROPS,1,ROPS,1,2020-04-14 14:14:17,,8,6
740948882290487,511232757126144,2019,24,5,1,778.0,2.0,1,ROPS,1,ROPS,3,2020-04-14 14:14:17,,8,6
740948883290487,511232757126144,2019,24,5,1,778.0,4.0,1,ROPS,1,ROPS,10,2020-04-14 14:14:17,,8,6
1220804124290487,570397842126144,2020,24,2,43,1593.0,1.0,1,ALPE4,1,ALPE4,1,2022-06-23 12:52:13,,8,7
1220804125290487,570397842126144,2020,24,2,43,1593.0,2.0,1,ALPE4,1,ALPE4,1,2022-06-23 12:52:13,,8,7
1220804126290487,570397842126144,2020,24,2,43,1593.0,3.0,1,ALPE4,1,ALPE4,1,2022-06-23 12:52:13,,8,7
1220804127290487,570397842126144,2020,24,2,43,1593.0,4.0,1,ALPE4,1,ALPE4,1,2022-06-23 12:52:13,,8,7
1220804128290487,570397842126144,2020,24,2,43,1593.0,1.0,1,CEOR7,1,CEOR7,1,2022-06-23 12:52:13,,8,7
1220804129290487,570397842126144,2020,24,2,43,1593.0,2.0,1,CEOR7,1,CEOR7,2,2022-06-23 12:52:13,,8,7
1220804130290487,570397842126144,2020,24,2,43,1593.0,3.0,1,CEOR7,1,CEOR7,1,2022-06-23 12:52:13,,8,7
1220804131290487,570397842126144,2020,24,2,43,1593.0,4.0,1,CEOR7,1,CEOR7,1,2022-06-23 12:52:13,,8,7
1220804132290487,570397842126144,2020,24,2,43,1593.0,1.0,1,ELUM,1,ELUM,20,2022-06-23 12:52:13,,8,7
1220804133290487,570397842126144,2020,24,2,43,1593.0,2.0,1,ELUM,1,ELUM,5,2022-06-23 12:52:13,,8,7
1220804134290487,570397842126144,2020,24,2,43,1593.0,3.0,1,ELUM,1,ELUM,25,2022-06-23 12:52:13,,8,7
1220804135290487,570397842126144,2020,24,2,43,1593.0,4.0,1,ELUM,1,ELUM,65,2022-06-23 12:52:13,,8,7
1220804136290487,570397842126144,2020,24,2,43,1593.0,1.0,1,LOJA,1,LOJA,7,2022-06-23 12:52:13,,8,7
1220804137290487,570397842126144,2020,24,2,43,1593.0,2.0,1,LOJA,1,LOJA,8,2022-06-23 12:52:13,,8,7
1220804138290487,570397842126144,2020,24,2,43,1593.0,3.0,1,LOJA,1,LOJA,20,2022-06-23 12:52:13,,8,7
1220804139290487,570397842126144,2020,24,2,43,1593.0,4.0,1,LOJA,1,LOJA,10,2022-06-23 12:52:13,,8,7
1220804140290487,570397842126144,2020,24,2,43,1593.0,1.0,1,ROMU,1,ROMU,6,2022-06-23 12:52:13,,8,7
1220804141290487,570397842126144,2020,24,2,43,1593.0,2.0,1,ROMU,1,ROMU,20,2022-06-23 12:52:13,,8,7
1220804142290487,570397842126144,2020,24,2,43,1593.0,3.0,1,ROMU,1,ROMU,15,2022-06-23 12:52:13,,8,7
1220804143290487,570397842126144,2020,24,2,43,1593.0,4.0,1,ROMU,1,ROMU,5,2022-06-23 12:52:13,,8,7
1220804144290487,570397842126144,2020,24,2,43,1593.0,1.0,1,ROPS,1,ROPS,10,2022-06-23 12:52:13,,8,7
1220804145290487,570397842126144,2020,24,2,43,1593.0,2.0,1,ROPS,1,ROPS,7,2022-06-23 12:52:13,,8,7
1220804146290487,570397842126144,2020,24,2,43,1593.0,3.0,1,ROPS,1,ROPS,3,2022-06-23 12:52:13,,8,7
1220804147290487,570397842126144,2020,24,2,43,1593.0,4.0,1,ROPS,1,ROPS,9,2022-06-23 12:52:13,,8,7
1220803753290487,570397821126144,2020,24,2,31,1370.0,1.0,1,ALPE4,1,ALPE4,1,2022-06-23 12:52:12,,8,7
1220803754290487,570397821126144,2020,24,2,31,1370.0,1.0,1,LONIC,1,LONIC,1,2022-06-23 12:52:12,,8,7
1220803755290487,570397821126144,2020,24,2,31,1370.0,4.0,1,LONIC,1,LONIC,1,2022-06-23 12:52:12,,8,7
1220803756290487,570397821126144,2020,24,2,31,1370.0,1.0,1,MIVI,1,MIVI,24,2022-06-23 12:52:12,,8,7
1220803757290487,570397821126144,2020,24,2,31,1370.0,4.0,1,MIVI,1,MIVI,1,2022-06-23 12:52:12,,8,7
1220803282290487,570397731126144,2020,24,4,19,583.0,1.0,1,LOJA,1,LOJA,1,2022-06-23 12:52:10,,8,7
1220803283290487,570397731126144,2020,24,4,19,583.0,2.0,1,LOJA,1,LOJA,1,2022-06-23 12:52:10,,8,7
1220803284290487,570397731126144,2020,24,4,19,583.0,3.0,1,LOJA,1,LOJA,1,2022-06-23 12:52:10,,8,7
1220803285290487,570397731126144,2020,24,4,19,583.0,4.0,1,LOJA,1,LOJA,2,2022-06-23 12:52:10,,8,7
1220803478290487,570397859126144,2020,24,5,23,548.0,3.0,1,BETH,1,BETH,1,2022-06-23 12:52:11,,8,7
1220803479290487,570397859126144,2020,24,5,23,548.0,1.0,1,ROPS,1,ROPS,3,2022-06-23 12:52:11,,8,7
1220803480290487,570397859126144,2020,24,5,23,548.0,3.0,1,ROPS,1,ROPS,1,2022-06-23 12:52:11,,8,7
1220803481290487,570397859126144,2020,24,5,23,548.0,4.0,1,ROPS,1,ROPS,1,2022-06-23 12:52:11,,8,7
1281598238290487,719427301290487,2021,24,2,33,1669.0,1.0,1,MIVI,1,MIVI,30,2023-01-18 14:11:38,,9,1
1281598239290487,719427301290487,2021,24,2,33,1669.0,3.0,3,MIVI,1,MIVI,1,2023-01-18 14:11:38,,9,1
1281598240290487,719427301290487,2021,24,2,33,1669.0,4.0,1,MIVI,1,MIVI,7,2023-01-18 14:11:38,,9,1
1281597920290487,719427342290487,2021,24,5,1,1626.0,2.0,2,AIAL,1,AIAL,30,2023-01-18 14:11:37,,9,1
1281597921290487,719427342290487,2021,24,5,1,1626.0,1.0,1,ALPE4,1,ALPE4,10,2023-01-18 14:11:37,,9,1
1281597922290487,719427342290487,2021,24,5,1,1626.0,2.0,2,ALPE4,1,ALPE4,15,2023-01-18 14:11:37,,9,1
1281597923290487,719427342290487,2021,24,5,1,1626.0,3.0,2,ALPE4,1,ALPE4,1,2023-01-18 14:11:37,,9,1
1281597924290487,719427342290487,2021,24,5,1,1626.0,4.0,2,ALPE4,1,ALPE4,15,2023-01-18 14:11:37,,9,1
1281597925290487,719427342290487,2021,24,5,1,1626.0,1.0,1,BETH,1,BETH,15,2023-01-18 14:11:37,,9,1
1281597926290487,719427342290487,2021,24,5,1,1626.0,2.0,2,BETH,1,BETH,10,2023-01-18 14:11:37,,9,1
1281597927290487,719427342290487,2021,24,5,1,1626.0,1.0,1,CEOR7,1,CEOR7,15,2023-01-18 14:11:37,,9,1
1281597928290487,719427342290487,2021,24,5,1,1626.0,3.0,2,CEOR7,1,CEOR7,20,2023-01-18 14:11:37,,9,1
1281597929290487,719427342290487,2021,24,5,1,1626.0,1.0,1,MIVI,1,MIVI,85,2023-01-18 14:11:37,,9,1
1281597930290487,719427342290487,2021,24,5,1,1626.0,2.0,2,MIVI,1,MIVI,90,2023-01-18 14:11:37,,9,1
1281597931290487,719427342290487,2021,24,5,1,1626.0,3.0,2,MIVI,1,MIVI,40,2023-01-18 14:11:37,,9,1
1281597932290487,719427342290487,2021,24,5,1,1626.0,4.0,2,MIVI,1,MIVI,10,2023-01-18 14:11:37,,9,1
1281597933290487,719427342290487,2021,24,5,1,1626.0,1.0,1,ROMU,1,ROMU,10,2023-01-18 14:11:37,,9,1
1281597934290487,719427342290487,2021,24,5,1,1626.0,3.0,2,ROMU,1,ROMU,25,2023-01-18 14:11:37,,9,1
1281597935290487,719427342290487,2021,24,5,1,1626.0,1.0,1,ROPS,1,ROPS,3,2023-01-18 14:11:37,,9,1
1281597936290487,719427342290487,2021,24,5,1,1626.0,2.0,2,ROPS,1,ROPS,15,2023-01-18 14:11:37,,9,1
1281598078290487,719427379290487,2021,24,2,3,938.0,1.0,1,CEOR7,1,CEOR7,10,2023-01-18 14:11:38,,9,1
1281598079290487,719427379290487,2021,24,2,3,938.0,2.0,1,CEOR7,1,CEOR7,3,2023-01-18 14:11:38,,9,1
1281598080290487,719427379290487,2021,24,2,3,938.0,4.0,1,CEOR7,1,CEOR7,10,2023-01-18 14:11:38,,9,1
1965303280290487,1542795036290487,2025,24,2,33,1290.0,1.0,1,CEOR7,1,CEOR7,1,2026-05-18 10:00:29,,9,5
1965304246290487,1542795008290487,2025,24,2,43,939.0,2.0,2,ALPE4,1,ALPE4,10,2026-05-18 10:00:33,,9,5
1965304247290487,1542795008290487,2025,24,2,43,939.0,2.0,2,BETH,1,BETH,5,2026-05-18 10:00:33,,9,5
1965304248290487,1542795008290487,2025,24,2,43,939.0,2.0,2,MIVI,1,MIVI,70,2026-05-18 10:00:33,,9,5
1965304249290487,1542795008290487,2025,24,2,43,939.0,2.0,2,ROPS,1,ROPS,12,2026-05-18 10:00:33,,9,5
