CN,PLT_CN,INVYR,STATECD,UNITCD,COUNTYCD,PLOT,SUBP,CONDID,VEG_FLDSPCD,UNIQUE_SP_NBR,VEG_SPCD,COVER_PCT,CREATED_DATE,MODIFIED_DATE,CYCLE,SUBCYCLE
534752176126144,375837693489998,2017,34,1,37,463.0,1.0,1,CEOR7,1,CEOR7,1,2018-05-10 13:17:01,,7,4
534752177126144,375837693489998,2017,34,1,37,463.0,2.0,1,CEOR7,1,CEOR7,1,2018-05-10 13:17:01,,7,4
534752178126144,375837693489998,2017,34,1,37,463.0,4.0,1,CEOR7,1,CEOR7,1,2018-05-10 13:17:01,,7,4
534752179126144,375837693489998,2017,34,1,37,463.0,1.0,1,LIVU,1,LIVU,1,2018-05-10 13:17:01,,7,4
534752180126144,375837693489998,2017,34,1,37,463.0,4.0,1,LIVU,1,LIVU,1,2018-05-10 13:17:01,,7,4
534752181126144,375837693489998,2017,34,1,37,463.0,1.0,1,LOMO2,1,LOMO2,1,2018-05-10 13:17:01,,7,4
534752182126144,375837693489998,2017,34,1,37,463.0,2.0,1,LOMO2,1,LOMO2,1,2018-05-10 13:17:01,,7,4
534752183126144,375837693489998,2017,34,1,37,463.0,3.0,1,LOMO2,1,LOMO2,1,2018-05-10 13:17:01,,7,4
534752184126144,375837693489998,2017,34,1,37,463.0,4.0,1,LOMO2,1,LOMO2,1,2018-05-10 13:17:01,,7,4
534752185126144,375837693489998,2017,34,1,37,463.0,1.0,1,RHCA3,1,RHCA3,4,2018-05-10 13:17:01,,7,4
534752186126144,375837693489998,2017,34,1,37,463.0,2.0,1,RHCA3,1,RHCA3,7,2018-05-10 13:17:01,,7,4
534752187126144,375837693489998,2017,34,1,37,463.0,4.0,1,RHCA3,1,RHCA3,9,2018-05-10 13:17:01,,7,4
534752188126144,375837693489998,2017,34,1,37,463.0,1.0,1,ROMU,1,ROMU,1,2018-05-10 13:17:01,,7,4
534752189126144,375837693489998,2017,34,1,37,463.0,2.0,1,ROMU,1,ROMU,2,2018-05-10 13:17:01,,7,4
534752190126144,375837693489998,2017,34,1,37,463.0,4.0,1,ROMU,1,ROMU,1,2018-05-10 13:17:01,,7,4
534752439126144,375837701489998,2017,34,1,37,324.0,1.0,1,ALPE4,1,ALPE4,1,2018-05-10 13:17:01,,7,4
534752440126144,375837701489998,2017,34,1,37,324.0,2.0,1,ALPE4,1,ALPE4,1,2018-05-10 13:17:01,,7,4
534752441126144,375837701489998,2017,34,1,37,324.0,3.0,1,ALPE4,1,ALPE4,1,2018-05-10 13:17:01,,7,4
534752442126144,375837701489998,2017,34,1,37,324.0,4.0,1,ALPE4,1,ALPE4,1,2018-05-10 13:17:01,,7,4
534752443126144,375837701489998,2017,34,1,37,324.0,1.0,1,BETH,1,BETH,3,2018-05-10 13:17:01,,7,4
534752444126144,375837701489998,2017,34,1,37,324.0,2.0,1,BETH,1,BETH,1,2018-05-10 13:17:01,,7,4
534752445126144,375837701489998,2017,34,1,37,324.0,3.0,1,BETH,1,BETH,1,2018-05-10 13:17:01,,7,4
534752446126144,375837701489998,2017,34,1,37,324.0,4.0,1,BETH,1,BETH,1,2018-05-10 13:17:01,,7,4
534752447126144,375837701489998,2017,34,1,37,324.0,1.0,1,CEOR7,1,CEOR7,10,2018-05-10 13:17:01,,7,4
534752448126144,375837701489998,2017,34,1,37,324.0,2.0,1,CEOR7,1,CEOR7,60,2018-05-10 13:17:01,,7,4
534752449126144,375837701489998,2017,34,1,37,324.0,3.0,1,CEOR7,1,CEOR7,5,2018-05-10 13:17:01,,7,4
534752450126144,375837701489998,2017,34,1,37,324.0,4.0,1,CEOR7,1,CEOR7,5,2018-05-10 13:17:01,,7,4
534752451126144,375837701489998,2017,34,1,37,324.0,2.0,1,ELUM,1,ELUM,7,2018-05-10 13:17:01,,7,4
534752452126144,375837701489998,2017,34,1,37,324.0,2.0,1,LIVU,1,LIVU,1,2018-05-10 13:17:01,,7,4
534752453126144,375837701489998,2017,34,1,37,324.0,3.0,1,LIVU,1,LIVU,1,2018-05-10 13:17:01,,7,4
534752454126144,375837701489998,2017,34,1,37,324.0,1.0,1,LOMO2,1,LOMO2,3,2018-05-10 13:17:01,,7,4
534752455126144,375837701489998,2017,34,1,37,324.0,2.0,1,LOMO2,1,LOMO2,10,2018-05-10 13:17:01,,7,4
534752456126144,375837701489998,2017,34,1,37,324.0,3.0,1,LOMO2,1,LOMO2,8,2018-05-10 13:17:01,,7,4
534752457126144,375837701489998,2017,34,1,37,324.0,4.0,1,LOMO2,1,LOMO2,7,2018-05-10 13:17:01,,7,4
534752458126144,375837701489998,2017,34,1,37,324.0,1.0,1,MIVI,1,MIVI,1,2018-05-10 13:17:01,,7,4
534752459126144,375837701489998,2017,34,1,37,324.0,4.0,1,MIVI,1,MIVI,1,2018-05-10 13:17:01,,7,4
534752460126144,375837701489998,2017,34,1,37,324.0,1.0,1,RHCA3,1,RHCA3,1,2018-05-10 13:17:01,,7,4
534752461126144,375837701489998,2017,34,1,37,324.0,2.0,1,RHCA3,1,RHCA3,2,2018-05-10 13:17:01,,7,4
534752462126144,375837701489998,2017,34,1,37,324.0,3.0,1,RHCA3,1,RHCA3,5,2018-05-10 13:17:01,,7,4
534752463126144,375837701489998,2017,34,1,37,324.0,1.0,1,ROMU,1,ROMU,15,2018-05-10 13:17:01,,7,4
534752464126144,375837701489998,2017,34,1,37,324.0,2.0,1,ROMU,1,ROMU,3,2018-05-10 13:17:01,,7,4
534752465126144,375837701489998,2017,34,1,37,324.0,3.0,1,ROMU,1,ROMU,6,2018-05-10 13:17:01,,7,4
534752466126144,375837701489998,2017,34,1,37,324.0,4.0,1,ROMU,1,ROMU,3,2018-05-10 13:17:01,,7,4
380297840489998,264094615489998,2015,34,1,35,600.0,1.0,1,ALPE4,1,ALPE4,3,2016-03-14 09:58:35,,7,2
380297841489998,264094615489998,2015,34,1,35,600.0,2.0,1,ALPE4,1,ALPE4,1,2016-03-14 09:58:35,,7,2
380297842489998,264094615489998,2015,34,1,35,600.0,3.0,1,ALPE4,1,ALPE4,1,2016-03-14 09:58:35,,7,2
380297843489998,264094615489998,2015,34,1,35,600.0,4.0,1,ALPE4,1,ALPE4,1,2016-03-14 09:58:35,,7,2
380297844489998,264094615489998,2015,34,1,35,600.0,3.0,1,BETH,1,BETH,1,2016-03-14 09:58:35,,7,2
380297845489998,264094615489998,2015,34,1,35,600.0,1.0,1,CEOR7,1,CEOR7,1,2016-03-14 09:58:35,,7,2
380297846489998,264094615489998,2015,34,1,35,600.0,3.0,1,CEOR7,1,CEOR7,1,2016-03-14 09:58:35,,7,2
380297847489998,264094615489998,2015,34,1,35,600.0,4.0,1,CEOR7,1,CEOR7,3,2016-03-14 09:58:35,,7,2
380297848489998,264094615489998,2015,34,1,35,600.0,1.0,1,LOJA,1,LOJA,2,2016-03-14 09:58:35,,7,2
380297849489998,264094615489998,2015,34,1,35,600.0,2.0,1,LOJA,1,LOJA,1,2016-03-14 09:58:35,,7,2
380297850489998,264094615489998,2015,34,1,35,600.0,4.0,1,LOJA,1,LOJA,14,2016-03-14 09:58:35,,7,2
380297851489998,264094615489998,2015,34,1,35,600.0,1.0,1,LOMO2,1,LOMO2,1,2016-03-14 09:58:35,,7,2
380297852489998,264094615489998,2015,34,1,35,600.0,3.0,1,LOMO2,1,LOMO2,1,2016-03-14 09:58:35,,7,2
380297853489998,264094615489998,2015,34,1,35,600.0,1.0,1,MIVI,1,MIVI,2,2016-03-14 09:58:35,,7,2
380297854489998,264094615489998,2015,34,1,35,600.0,4.0,1,MIVI,1,MIVI,7,2016-03-14 09:58:35,,7,2
380297855489998,264094615489998,2015,34,1,35,600.0,1.0,1,ROMU,1,ROMU,4,2016-03-14 09:58:35,,7,2
380297856489998,264094615489998,2015,34,1,35,600.0,4.0,1,ROMU,1,ROMU,1,2016-03-14 09:58:35,,7,2
467133941489998,304207856489998,2016,34,1,27,485.0,4.0,1,BETH,1,BETH,1,2017-04-17 08:12:27,,7,3
467133942489998,304207856489998,2016,34,1,27,485.0,4.0,1,ROMU,1,ROMU,1,2017-04-17 08:12:27,,7,3
467134686489998,304207867489998,2016,34,1,37,444.0,2.0,1,ALPE4,1,ALPE4,1,2017-04-17 08:12:34,,7,3
467134687489998,304207867489998,2016,34,1,37,444.0,3.0,1,ALPE4,1,ALPE4,1,2017-04-17 08:12:34,,7,3
467134688489998,304207867489998,2016,34,1,37,444.0,4.0,1,ALPE4,1,ALPE4,1,2017-04-17 08:12:34,,7,3
467134689489998,304207867489998,2016,34,1,37,444.0,1.0,1,BETH,1,BETH,32,2017-04-17 08:12:34,,7,3
467134690489998,304207867489998,2016,34,1,37,444.0,2.0,1,BETH,1,BETH,28,2017-04-17 08:12:34,,7,3
467134691489998,304207867489998,2016,34,1,37,444.0,3.0,1,BETH,1,BETH,22,2017-04-17 08:12:34,,7,3
467134692489998,304207867489998,2016,34,1,37,444.0,4.0,1,BETH,1,BETH,50,2017-04-17 08:12:34,,7,3
467134693489998,304207867489998,2016,34,1,37,444.0,1.0,1,CEOR7,1,CEOR7,1,2017-04-17 08:12:34,,7,3
467134694489998,304207867489998,2016,34,1,37,444.0,2.0,1,CEOR7,1,CEOR7,1,2017-04-17 08:12:34,,7,3
467134695489998,304207867489998,2016,34,1,37,444.0,3.0,1,CEOR7,1,CEOR7,1,2017-04-17 08:12:34,,7,3
467134696489998,304207867489998,2016,34,1,37,444.0,4.0,1,CEOR7,1,CEOR7,3,2017-04-17 08:12:34,,7,3
467134697489998,304207867489998,2016,34,1,37,444.0,2.0,1,CIVU,1,CIVU,1,2017-04-17 08:12:34,,7,3
467134698489998,304207867489998,2016,34,1,37,444.0,3.0,1,LIVU,1,LIVU,1,2017-04-17 08:12:34,,7,3
467134699489998,304207867489998,2016,34,1,37,444.0,4.0,1,LIVU,1,LIVU,1,2017-04-17 08:12:34,,7,3
467134700489998,304207867489998,2016,34,1,37,444.0,1.0,1,MIVI,1,MIVI,3,2017-04-17 08:12:34,,7,3
467134701489998,304207867489998,2016,34,1,37,444.0,2.0,1,MIVI,1,MIVI,1,2017-04-17 08:12:34,,7,3
467134702489998,304207867489998,2016,34,1,37,444.0,3.0,1,MIVI,1,MIVI,1,2017-04-17 08:12:34,,7,3
467134703489998,304207867489998,2016,34,1,37,444.0,4.0,1,MIVI,1,MIVI,1,2017-04-17 08:12:34,,7,3
467134704489998,304207867489998,2016,34,1,37,444.0,1.0,1,ROMU,1,ROMU,1,2017-04-17 08:12:34,,7,3
467134705489998,304207867489998,2016,34,1,37,444.0,3.0,1,ROMU,1,ROMU,1,2017-04-17 08:12:34,,7,3
467134706489998,304207867489998,2016,34,1,37,444.0,4.0,1,ROMU,1,ROMU,1,2017-04-17 08:12:35,,7,3
467134997489998,304207925489998,2016,34,1,9,710.0,1.0,1,PHAU7,1,PHAU7,3,2017-04-17 08:12:36,,7,3
467135445489998,304207836489998,2016,34,1,19,1004.0,1.0,2,ACPL,1,ACPL,1,2017-04-17 08:12:40,,7,3
467135446489998,304207836489998,2016,34,1,19,1004.0,1.0,2,ALPE4,1,ALPE4,1,2017-04-17 08:12:40,,7,3
467135447489998,304207836489998,2016,34,1,19,1004.0,1.0,2,CEOR7,1,CEOR7,1,2017-04-17 08:12:40,,7,3
467135448489998,304207836489998,2016,34,1,19,1004.0,1.0,2,HEHE,1,HEHE,1,2017-04-17 08:12:40,,7,3
467135449489998,304207836489998,2016,34,1,19,1004.0,1.0,2,LIVU,1,LIVU,5,2017-04-17 08:12:40,,7,3
467135450489998,304207836489998,2016,34,1,19,1004.0,1.0,2,LOJA,1,LOJA,15,2017-04-17 08:12:40,,7,3
467135451489998,304207836489998,2016,34,1,19,1004.0,3.0,2,LOJA,1,LOJA,3,2017-04-17 08:12:40,,7,3
534752175126144,375837693489998,2017,34,1,37,463.0,4.0,1,BETH,1,BETH,3,2018-05-10 13:17:01,,7,4
467135452489998,304207836489998,2016,34,1,19,1004.0,1.0,2,MIVI,1,MIVI,1,2017-04-17 08:12:40,,7,3
467135453489998,304207836489998,2016,34,1,19,1004.0,3.0,2,MIVI,1,MIVI,3,2017-04-17 08:12:40,,7,3
467135454489998,304207836489998,2016,34,1,19,1004.0,1.0,2,ROMU,1,ROMU,3,2017-04-17 08:12:40,,7,3
467135455489998,304207836489998,2016,34,1,19,1004.0,3.0,2,ROMU,1,ROMU,16,2017-04-17 08:12:40,,7,3
467135456489998,304207836489998,2016,34,1,19,1004.0,1.0,2,VIOP,1,VIOP,1,2017-04-17 08:12:40,,7,3
467135794489998,304207940489998,2016,34,1,35,1165.0,1.0,1,CEOR7,1,CEOR7,1,2017-04-17 08:12:44,,7,3
222856803010661,171000701010661,2008,34,1,27,193.0,2.0,1,MIVI,1,MIVI,3,2010-03-01 11:10:38,2012-02-28 07:12:20,5,5
222856804010661,171000701010661,2008,34,1,27,193.0,2.0,1,ROMU,1,ROMU,2,2010-03-01 11:10:38,2012-02-28 07:12:20,5,5
222856792010661,171000701010661,2008,34,1,27,193.0,3.0,1,ALPE4,1,ALPE4,1,2010-03-01 11:10:38,2012-02-28 07:11:57,5,5
222856796010661,171000701010661,2008,34,1,27,193.0,3.0,1,BETH,1,BETH,2,2010-03-01 11:10:38,2012-02-28 07:11:32,5,5
222856800010661,171000701010661,2008,34,1,27,193.0,3.0,1,CEOR7,1,CEOR7,1,2010-03-01 11:10:38,2012-02-28 07:13:42,5,5
222856793010661,171000701010661,2008,34,1,27,193.0,4.0,1,ALPE4,1,ALPE4,2,2010-03-01 11:10:38,2012-02-28 07:11:57,5,5
222856797010661,171000701010661,2008,34,1,27,193.0,4.0,1,BETH,1,BETH,5,2010-03-01 11:10:38,2012-02-28 07:11:32,5,5
222856801010661,171000701010661,2008,34,1,27,193.0,4.0,1,CEOR7,1,CEOR7,1,2010-03-01 11:10:38,2012-02-28 07:13:42,5,5
222856805010661,171000701010661,2008,34,1,27,193.0,4.0,1,ROMU,1,ROMU,2,2010-03-01 11:10:38,2012-02-28 07:12:20,5,5
222856806010661,171000703010661,2008,34,1,29,990.0,1.0,1,ELAN,1,ELAN,15,2010-03-01 11:10:38,2012-02-28 07:12:20,5,5
222856808010661,171000703010661,2008,34,1,29,990.0,1.0,1,LOJA,1,LOJA,10,2010-03-01 11:10:38,2012-02-28 07:13:42,5,5
222856812010661,171000703010661,2008,34,1,29,990.0,1.0,1,PHAR3,1,PHAR3,1,2010-03-01 11:10:38,2012-02-28 07:12:48,5,5
222856807010661,171000703010661,2008,34,1,29,990.0,2.0,1,ELAN,1,ELAN,2,2010-03-01 11:10:38,2012-02-28 07:12:20,5,5
222856809010661,171000703010661,2008,34,1,29,990.0,2.0,1,LOJA,1,LOJA,30,2010-03-01 11:10:38,2012-02-28 07:13:42,5,5
222856813010661,171000703010661,2008,34,1,29,990.0,2.0,1,PHAR3,1,PHAR3,1,2010-03-01 11:10:38,2012-02-28 07:12:48,5,5
222856814010661,171000703010661,2008,34,1,29,990.0,2.0,1,ROMU,1,ROMU,3,2010-03-01 11:10:38,2012-02-28 07:12:20,5,5
222856810010661,171000703010661,2008,34,1,29,990.0,4.0,1,LOJA,1,LOJA,40,2010-03-01 11:10:38,2012-02-28 07:13:42,5,5
222856811010661,171000703010661,2008,34,1,29,990.0,4.0,1,MIVI,1,MIVI,2,2010-03-01 11:10:38,2012-02-28 07:11:57,5,5
222856815010661,171000703010661,2008,34,1,29,990.0,4.0,1,ROMU,1,ROMU,5,2010-03-01 11:10:38,2012-02-28 07:12:20,5,5
152864433020004,171000677010661,2008,34,1,19,1177.0,3.0,2,2GRAM,1,MIVI,90,2012-12-07 10:11:46,,5,5
222856785010661,171000677010661,2008,34,1,19,1177.0,3.0,2,BETH,1,BETH,22,2010-03-01 11:10:38,2012-02-28 07:05:55,5,5
222856786010661,171000677010661,2008,34,1,19,1177.0,3.0,2,LOJA,1,LOJA,5,2010-03-01 11:10:38,2012-02-28 07:06:22,5,5
222856787010661,171000677010661,2008,34,1,19,1177.0,3.0,2,LOMO2,1,LOMO2,2,2010-03-01 11:10:38,2012-02-28 07:06:50,5,5
222856788010661,171000677010661,2008,34,1,19,1177.0,3.0,2,ROMU,1,ROMU,18,2010-03-01 11:10:38,2012-02-28 07:06:50,5,5
222856821010661,171000720010661,2008,34,1,33,863.0,1.0,2,LOJA,1,LOJA,1,2010-03-01 11:10:38,2012-02-28 07:07:21,5,5
222856822010661,171000720010661,2008,34,1,33,863.0,1.0,2,ROMU,1,ROMU,1,2010-03-01 11:10:38,2012-02-29 11:15:31,5,5
222856823010661,171000723010661,2008,34,1,33,1199.0,2.0,2,EUES,1,EUES,3,2010-03-01 11:10:38,2012-02-28 07:14:18,5,5
222856824010661,171000730010661,2008,34,1,35,1041.0,2.0,2,ALPE4,1,ALPE4,20,2010-03-01 11:10:38,2012-02-28 07:14:47,5,5
222856825010661,171000730010661,2008,34,1,35,1041.0,2.0,2,BETH,1,BETH,3,2010-03-01 11:10:38,2012-02-28 07:14:18,5,5
222856826010661,171000730010661,2008,34,1,35,1041.0,2.0,2,LOJA,1,LOJA,45,2010-03-01 11:10:38,2012-02-28 07:12:55,5,5
222856827010661,171000730010661,2008,34,1,35,1041.0,2.0,2,ROMU,1,ROMU,25,2010-03-01 11:10:38,2012-02-28 07:13:23,5,5
222856834010661,171001102010661,2008,34,1,41,39.0,3.0,2,ELUM,1,ELUM,1,2010-03-01 11:10:38,2012-02-28 07:11:39,5,5
222856835010661,171001102010661,2008,34,1,41,39.0,3.0,2,LOJA,1,LOJA,2,2010-03-01 11:10:38,2012-02-28 07:11:39,5,5
222856837010661,171001102010661,2008,34,1,41,39.0,3.0,2,LOTA,1,LOTA,5,2010-03-01 11:10:38,2012-02-28 07:13:24,5,5
222856839010661,171001102010661,2008,34,1,41,39.0,3.0,2,MIVI,1,MIVI,30,2010-03-01 11:10:38,2012-02-28 07:13:50,5,5
222856841010661,171001102010661,2008,34,1,41,39.0,3.0,2,ROMU,1,ROMU,20,2010-03-01 11:10:38,2012-02-28 07:13:50,5,5
222856829010661,171001102010661,2008,34,1,41,39.0,4.0,2,ALPE4,1,ALPE4,5,2010-03-01 11:10:38,2012-02-28 07:12:55,5,5
222856831010661,171001102010661,2008,34,1,41,39.0,4.0,2,BETH,1,BETH,2,2010-03-01 11:10:38,2012-02-28 07:14:47,5,5
222856833010661,171001102010661,2008,34,1,41,39.0,4.0,2,CEOR7,1,CEOR7,1,2010-03-01 11:10:38,2012-02-28 07:13:23,5,5
222856836010661,171001102010661,2008,34,1,41,39.0,4.0,2,LOJA,1,LOJA,1,2010-03-01 11:10:38,2012-02-28 07:11:39,5,5
222856838010661,171001102010661,2008,34,1,41,39.0,4.0,2,LOTA,1,LOTA,3,2010-03-01 11:10:38,2012-02-28 07:13:24,5,5
222856840010661,171001102010661,2008,34,1,41,39.0,4.0,2,MIVI,1,MIVI,75,2010-03-01 11:10:38,2012-02-28 07:13:50,5,5
222856842010661,171001102010661,2008,34,1,41,39.0,4.0,2,ROMU,1,ROMU,5,2010-03-01 11:10:38,2012-02-28 07:13:50,5,5
222856828010661,171001102010661,2008,34,1,41,39.0,3.0,2,ALPE4,1,ALPE4,5,2010-03-01 11:10:38,2012-02-28 07:12:55,5,5
222856830010661,171001102010661,2008,34,1,41,39.0,3.0,2,BETH,1,BETH,10,2010-03-01 11:10:38,2012-02-28 07:14:47,5,5
222856832010661,171001102010661,2008,34,1,41,39.0,3.0,2,CEOR7,1,CEOR7,30,2010-03-01 11:10:38,2012-02-28 07:13:23,5,5
222856776010661,171000647010661,2008,34,1,5,542.0,4.0,2,LOJA,1,LOJA,5,2010-03-01 11:10:38,2012-02-28 07:13:26,5,5
222856777010661,171000647010661,2008,34,1,5,542.0,4.0,2,MIVI,1,MIVI,25,2010-03-01 11:10:38,2012-02-28 07:11:40,5,5
222856778010661,171000647010661,2008,34,1,5,542.0,4.0,2,RHCA3,1,RHCA3,7,2010-03-01 11:10:38,2012-02-28 07:13:52,5,5
222856779010661,171000647010661,2008,34,1,5,542.0,4.0,2,ROMU,1,ROMU,10,2010-03-01 11:10:38,2012-02-28 07:14:21,5,5
225387777010661,145007061010661,2009,34,1,37,748.0,1.0,1,BETH,1,BETH,1,2010-05-26 09:14:54,2012-02-29 11:15:31,6,1
225387778010661,145007061010661,2009,34,1,37,748.0,2.0,1,BETH,1,BETH,1,2010-05-26 09:14:54,2012-02-29 11:15:31,6,1
225387781010661,145007061010661,2009,34,1,37,748.0,2.0,1,ROMU,1,ROMU,1,2010-05-26 09:14:54,2012-02-29 11:15:31,6,1
225387779010661,145007061010661,2009,34,1,37,748.0,3.0,1,BETH,1,BETH,1,2010-05-26 09:14:54,2012-02-29 11:15:31,6,1
225387780010661,145007061010661,2009,34,1,37,748.0,4.0,1,BETH,1,BETH,1,2010-05-26 09:14:54,2012-02-28 07:06:20,6,1
225387782010661,145007061010661,2009,34,1,37,748.0,4.0,1,ROMU,1,ROMU,1,2010-05-26 09:14:54,2012-02-29 11:15:31,6,1
225387808010661,145007073010661,2009,34,1,41,993.0,3.0,1,BETH,1,BETH,10,2010-05-26 09:14:55,2012-02-28 07:12:03,6,1
225387813010661,145007073010661,2009,34,1,41,993.0,3.0,1,ROMU,1,ROMU,5,2010-05-26 09:14:55,2012-02-28 07:13:50,6,1
225387809010661,145007073010661,2009,34,1,41,993.0,4.0,1,BETH,1,BETH,8,2010-05-26 09:14:55,2012-02-28 07:12:03,6,1
225387814010661,145007073010661,2009,34,1,41,993.0,4.0,1,ROMU,1,ROMU,20,2010-05-26 09:14:55,2012-02-28 07:13:50,6,1
225387807010661,145007073010661,2009,34,1,41,993.0,1.0,1,BETH,1,BETH,10,2010-05-26 09:14:55,2012-02-28 07:12:03,6,1
225387810010661,145007073010661,2009,34,1,41,993.0,1.0,1,LONIC,1,LONIC,2,2010-05-26 09:14:55,2012-02-28 07:12:28,6,1
225387811010661,145007073010661,2009,34,1,41,993.0,1.0,1,ROMU,1,ROMU,15,2010-05-26 09:14:55,2012-02-28 07:13:50,6,1
225387812010661,145007073010661,2009,34,1,41,993.0,2.0,1,ROMU,1,ROMU,20,2010-05-26 09:14:55,2012-02-28 07:13:50,6,1
225387236010661,145007145010661,2009,34,1,5,207.0,1.0,2,ROMU,1,ROMU,1,2010-05-26 09:14:45,2012-02-28 07:12:37,6,1
225387232010661,145007145010661,2009,34,1,5,207.0,2.0,3,ELUM,1,ELUM,1,2010-05-26 09:14:45,2012-02-28 07:13:56,6,1
225387235010661,145007145010661,2009,34,1,5,207.0,2.0,3,MIVI,1,MIVI,1,2010-05-26 09:14:45,2012-02-28 07:11:44,6,1
225387237010661,145007145010661,2009,34,1,5,207.0,2.0,3,ROMU,1,ROMU,1,2010-05-26 09:14:45,2012-02-28 07:12:37,6,1
225387233010661,145007145010661,2009,34,1,5,207.0,3.0,2,LOJA,1,LOJA,1,2010-05-26 09:14:45,2012-02-28 07:14:55,6,1
225387234010661,145007145010661,2009,34,1,5,207.0,4.0,2,LOJA,1,LOJA,3,2010-05-26 09:14:45,2012-02-28 07:14:55,6,1
225387878010661,145007103010661,2009,34,1,41,998.0,1.0,1,ALPE4,1,ALPE4,3,2010-05-26 09:14:56,2012-02-28 07:14:55,6,1
225387881010661,145007103010661,2009,34,1,41,998.0,1.0,1,BETH,1,BETH,5,2010-05-26 09:14:56,2012-02-28 07:12:09,6,1
225387882010661,145007103010661,2009,34,1,41,998.0,2.0,1,BETH,1,BETH,12,2010-05-26 09:14:56,2012-02-28 07:12:09,6,1
225387890010661,145007103010661,2009,34,1,41,998.0,2.0,1,ROMU,1,ROMU,2,2010-05-26 09:14:56,2012-02-28 07:14:55,6,1
225387879010661,145007103010661,2009,34,1,41,998.0,3.0,2,ALPE4,1,ALPE4,5,2010-05-26 09:14:56,2012-02-28 07:14:55,6,1
225387883010661,145007103010661,2009,34,1,41,998.0,3.0,2,BETH,1,BETH,1,2010-05-26 09:14:56,2012-02-28 07:12:09,6,1
225387886010661,145007103010661,2009,34,1,41,998.0,3.0,2,LOJA,1,LOJA,2,2010-05-26 09:14:56,2012-02-28 07:11:44,6,1
225387888010661,145007103010661,2009,34,1,41,998.0,3.0,2,LOMO2,1,LOMO2,5,2010-05-26 09:14:56,2012-02-28 07:13:30,6,1
225387891010661,145007103010661,2009,34,1,41,998.0,3.0,2,ROMU,1,ROMU,8,2010-05-26 09:14:56,2012-02-28 07:14:55,6,1
225387880010661,145007103010661,2009,34,1,41,998.0,4.0,2,ALPE4,1,ALPE4,15,2010-05-26 09:14:56,2012-02-28 07:14:55,6,1
225387884010661,145007103010661,2009,34,1,41,998.0,4.0,2,BETH,1,BETH,7,2010-05-26 09:14:56,2012-02-28 07:12:09,6,1
225387885010661,145007103010661,2009,34,1,41,998.0,4.0,2,CEOR7,1,CEOR7,1,2010-05-26 09:14:56,2012-02-28 07:11:44,6,1
225387887010661,145007103010661,2009,34,1,41,998.0,4.0,2,LOJA,1,LOJA,30,2010-05-26 09:14:56,2012-02-28 07:11:44,6,1
225387889010661,145007103010661,2009,34,1,41,998.0,4.0,2,LOMO2,1,LOMO2,15,2010-05-26 09:14:56,2012-02-28 07:13:30,6,1
225387892010661,145007103010661,2009,34,1,41,998.0,4.0,2,ROMU,1,ROMU,10,2010-05-26 09:14:56,2012-02-28 07:14:55,6,1
225387723010661,145007035010661,2009,34,1,33,460.0,4.0,1,ROMU,1,ROMU,1,2010-05-26 09:14:53,2012-02-28 07:11:44,6,1
245793393010661,168988677010661,2010,34,1,25,950.0,4.0,1,ALPE4,1,ALPE4,10,2011-02-28 11:44:07,,6,2
245793394010661,168988677010661,2010,34,1,25,950.0,1.0,1,ELUM,1,ELUM,1,2011-02-28 11:44:07,,6,2
245793395010661,168988677010661,2010,34,1,25,950.0,1.0,3,ELUM,1,ELUM,1,2011-02-28 11:44:07,,6,2
245793396010661,168988677010661,2010,34,1,25,950.0,1.0,1,LOJA,1,LOJA,1,2011-02-28 11:44:07,,6,2
245793397010661,168988677010661,2010,34,1,25,950.0,1.0,3,LOJA,1,LOJA,1,2011-02-28 11:44:07,,6,2
245793398010661,168988677010661,2010,34,1,25,950.0,4.0,1,LOJA,1,LOJA,1,2011-02-28 11:44:07,,6,2
245793399010661,168988677010661,2010,34,1,25,950.0,4.0,1,MIVI,1,MIVI,10,2011-02-28 11:44:07,,6,2
245793400010661,168988677010661,2010,34,1,25,950.0,2.0,3,ROPS,1,ROPS,1,2011-02-28 11:44:07,,6,2
245793401010661,168988771010661,2010,34,1,35,1165.0,1.0,1,CEBI2,1,CESTM,30,2011-02-28 11:44:07,,6,2
245793402010661,168988771010661,2010,34,1,35,1165.0,4.0,1,CEBI2,1,CESTM,1,2011-02-28 11:44:07,,6,2
245793403010661,168988771010661,2010,34,1,35,1165.0,1.0,1,LOJA,1,LOJA,1,2011-02-28 11:44:07,,6,2
245793404010661,168988771010661,2010,34,1,35,1165.0,2.0,1,LOJA,1,LOJA,1,2011-02-28 11:44:07,,6,2
245793405010661,168988771010661,2010,34,1,35,1165.0,4.0,1,LOJA,1,LOJA,40,2011-02-28 11:44:07,,6,2
245793406010661,168988771010661,2010,34,1,35,1165.0,1.0,1,ROMU,1,ROMU,7,2011-02-28 11:44:07,,6,2
245793407010661,168988771010661,2010,34,1,35,1165.0,2.0,1,ROMU,1,ROMU,5,2011-02-28 11:44:07,,6,2
245793408010661,168988771010661,2010,34,1,35,1165.0,4.0,1,ROMU,1,ROMU,15,2011-02-28 11:44:07,,6,2
245793409010661,168988833010661,2010,34,1,35,99.0,3.0,2,ALPE4,1,ALPE4,1,2011-02-28 11:44:07,,6,2
245793410010661,168988833010661,2010,34,1,35,99.0,3.0,2,BETH,1,BETH,1,2011-02-28 11:44:07,,6,2
245793411010661,168988833010661,2010,34,1,35,99.0,3.0,2,LIVU,1,LIVU,1,2011-02-28 11:44:07,,6,2
245793412010661,168988833010661,2010,34,1,35,99.0,3.0,2,LOJA,1,LOJA,10,2011-02-28 11:44:07,,6,2
245793413010661,168988833010661,2010,34,1,35,99.0,3.0,2,MIVI,1,MIVI,5,2011-02-28 11:44:07,,6,2
245793390010661,168988775010661,2010,34,1,21,593.0,4.0,1,ELUM,1,ELUM,1,2011-02-28 11:44:07,,6,2
245793391010661,168988775010661,2010,34,1,21,593.0,1.0,1,MIVI,1,MIVI,1,2011-02-28 11:44:07,,6,2
1232383824290487,602955456126144,2020,34,1,5,743.0,2.0,2,ELUM,1,ELUM,8,2022-08-08 15:07:32,,8,2
1232383825290487,602955456126144,2020,34,1,5,743.0,3.0,1,ELUM,1,ELUM,1,2022-08-08 15:07:32,,8,2
1232383826290487,602955456126144,2020,34,1,5,743.0,4.0,1,ELUM,1,ELUM,3,2022-08-08 15:07:32,,8,2
1232383827290487,602955456126144,2020,34,1,5,743.0,1.0,1,FRAL4,1,FRAL4,1,2022-08-08 15:07:32,,8,2
1232383828290487,602955456126144,2020,34,1,5,743.0,2.0,2,FRAL4,1,FRAL4,5,2022-08-08 15:07:32,,8,2
1232383829290487,602955456126144,2020,34,1,5,743.0,1.0,1,LIVU,1,LIVU,2,2022-08-08 15:07:32,,8,2
1232383830290487,602955456126144,2020,34,1,5,743.0,2.0,2,LIVU,1,LIVU,4,2022-08-08 15:07:32,,8,2
1232383831290487,602955456126144,2020,34,1,5,743.0,1.0,1,LOJA,1,LOJA,3,2022-08-08 15:07:32,,8,2
1232383832290487,602955456126144,2020,34,1,5,743.0,2.0,2,LOJA,1,LOJA,1,2022-08-08 15:07:32,,8,2
1232383833290487,602955456126144,2020,34,1,5,743.0,3.0,1,LOJA,1,LOJA,1,2022-08-08 15:07:32,,8,2
1232383834290487,602955456126144,2020,34,1,5,743.0,4.0,1,LOJA,1,LOJA,1,2022-08-08 15:07:32,,8,2
1232383835290487,602955456126144,2020,34,1,5,743.0,1.0,1,LONIC,1,LONIC,1,2022-08-08 15:07:32,,8,2
1232383836290487,602955456126144,2020,34,1,5,743.0,2.0,2,LONIC,1,LONIC,1,2022-08-08 15:07:32,,8,2
1232383837290487,602955456126144,2020,34,1,5,743.0,4.0,1,LONIC,1,LONIC,1,2022-08-08 15:07:32,,8,2
1232383838290487,602955456126144,2020,34,1,5,743.0,1.0,1,MIVI,1,MIVI,60,2022-08-08 15:07:32,,8,2
1232383839290487,602955456126144,2020,34,1,5,743.0,2.0,2,MIVI,1,MIVI,20,2022-08-08 15:07:32,,8,2
1232383840290487,602955456126144,2020,34,1,5,743.0,3.0,1,MIVI,1,MIVI,8,2022-08-08 15:07:32,,8,2
1232383841290487,602955456126144,2020,34,1,5,743.0,4.0,1,MIVI,1,MIVI,55,2022-08-08 15:07:32,,8,2
1232383842290487,602955456126144,2020,34,1,5,743.0,1.0,1,ROMU,1,ROMU,2,2022-08-08 15:07:32,,8,2
1232383843290487,602955456126144,2020,34,1,5,743.0,2.0,2,ROMU,1,ROMU,2,2022-08-08 15:07:32,,8,2
1232383844290487,602955456126144,2020,34,1,5,743.0,3.0,1,ROMU,1,ROMU,2,2022-08-08 15:07:32,,8,2
1232383845290487,602955456126144,2020,34,1,5,743.0,4.0,1,ROMU,1,ROMU,7,2022-08-08 15:07:32,,8,2
1232384025290487,602955519126144,2020,34,1,31,257.0,1.0,1,BETH,1,BETH,2,2022-08-08 15:07:32,,8,2
1232384026290487,602955519126144,2020,34,1,31,257.0,2.0,1,BETH,1,BETH,10,2022-08-08 15:07:32,,8,2
1232384027290487,602955519126144,2020,34,1,31,257.0,1.0,1,CEOR7,1,CEOR7,1,2022-08-08 15:07:32,,8,2
1232384028290487,602955519126144,2020,34,1,31,257.0,2.0,1,LIVU,1,LIVU,1,2022-08-08 15:07:32,,8,2
1232384029290487,602955519126144,2020,34,1,31,257.0,2.0,1,ROMU,1,ROMU,1,2022-08-08 15:07:32,,8,2
1315653556290487,719908651290487,2021,34,1,7,133.0,2.0,2,HEHE,1,HEHE,33,2023-05-30 11:41:01,,8,3
1315653557290487,719908651290487,2021,34,1,7,133.0,2.0,2,LOJA,1,LOJA,1,2023-05-30 11:41:01,,8,3
1315653558290487,719908651290487,2021,34,1,7,133.0,2.0,2,RHCA3,1,RHCA3,5,2023-05-30 11:41:01,,8,3
1315653607290487,719908678290487,2021,34,1,27,485.0,4.0,1,ALPE4,1,ALPE4,1,2023-05-30 11:41:01,,8,3
1315653608290487,719908678290487,2021,34,1,27,485.0,4.0,1,BETH,1,BETH,1,2023-05-30 11:41:01,,8,3
1315653609290487,719908678290487,2021,34,1,27,485.0,4.0,1,ROMU,1,ROMU,1,2023-05-30 11:41:01,,8,3
1315651570290487,719908689290487,2021,34,1,37,444.0,1.0,1,ALPE4,1,ALPE4,1,2023-05-30 11:40:54,,8,3
1845221991290487,1285460205290487,2024,34,1,37,748.0,3.0,1,BETH,1,BETH,1,2025-04-23 11:21:00,,9,1
1845221992290487,1285460205290487,2024,34,1,37,748.0,4.0,1,BETH,1,BETH,2,2025-04-23 11:21:00,,9,1
1845221993290487,1285460205290487,2024,34,1,37,748.0,4.0,1,ROMU,1,ROMU,1,2025-04-23 11:21:00,,9,1
1845222164290487,1285460227290487,2024,34,1,21,852.0,1.0,1,ELUM,1,ELUM,45,2025-04-23 11:21:00,,9,1
1845222165290487,1285460227290487,2024,34,1,21,852.0,3.0,1,ELUM,1,ELUM,24,2025-04-23 11:21:00,,9,1
1845222166290487,1285460227290487,2024,34,1,21,852.0,4.0,1,ELUM,1,ELUM,3,2025-04-23 11:21:00,,9,1
1845222167290487,1285460227290487,2024,34,1,21,852.0,1.0,1,LOJA,1,LOJA,40,2025-04-23 11:21:00,,9,1
1845222168290487,1285460227290487,2024,34,1,21,852.0,3.0,1,LOJA,1,LOJA,80,2025-04-23 11:21:00,,9,1
1845222169290487,1285460227290487,2024,34,1,21,852.0,4.0,1,LOJA,1,LOJA,2,2025-04-23 11:21:00,,9,1
1845222170290487,1285460227290487,2024,34,1,21,852.0,4.0,1,MIVI,1,MIVI,3,2025-04-23 11:21:00,,9,1
1845222171290487,1285460227290487,2024,34,1,21,852.0,1.0,1,ROMU,1,ROMU,1,2025-04-23 11:21:00,,9,1
1845222172290487,1285460227290487,2024,34,1,21,852.0,3.0,1,ROMU,1,ROMU,1,2025-04-23 11:21:00,,9,1
1845223252290487,1285460265290487,2024,34,1,3,313.0,1.0,1,ACPL,1,ACPL,2,2025-04-23 11:21:04,,9,1
1845223253290487,1285460265290487,2024,34,1,3,313.0,1.0,1,ALPE4,1,ALPE4,1,2025-04-23 11:21:04,,9,1
1845223254290487,1285460265290487,2024,34,1,3,313.0,1.0,1,BETH,1,BETH,1,2025-04-23 11:21:04,,9,1
1845221666290487,1285460224290487,2024,34,1,11,643.0,1.0,1,PHAU7,1,PHAU7,6,2025-04-23 11:20:58,,9,1
1845221667290487,1285460224290487,2024,34,1,11,643.0,2.0,1,PHAU7,1,PHAU7,4,2025-04-23 11:20:58,,9,1
1845222964290487,1285460057290487,2024,34,1,1,999.0,4.0,1,ELUM,1,ELUM,4,2025-04-23 11:21:03,,8,6
1845222961290487,1285460057290487,2024,34,1,1,999.0,2.0,1,BETH,1,BETH,1,2025-04-23 11:21:03,,8,6
1845222962290487,1285460057290487,2024,34,1,1,999.0,4.0,1,CEOR7,1,CEOR7,1,2025-04-23 11:21:03,,8,6
1845222963290487,1285460057290487,2024,34,1,1,999.0,1.0,1,ELUM,1,ELUM,1,2025-04-23 11:21:03,,8,6
1845221436290487,1285460033290487,2024,34,1,41,34.0,1.0,1,BETH,1,BETH,80,2025-04-23 11:20:58,,8,6
1845221437290487,1285460033290487,2024,34,1,41,34.0,2.0,1,BETH,1,BETH,85,2025-04-23 11:20:58,,8,6
1845221438290487,1285460033290487,2024,34,1,41,34.0,4.0,1,BETH,1,BETH,24,2025-04-23 11:20:58,,8,6
1845221439290487,1285460033290487,2024,34,1,41,34.0,1.0,1,MIVI,1,MIVI,2,2025-04-23 11:20:58,,8,6
1845221440290487,1285460033290487,2024,34,1,41,34.0,2.0,1,MIVI,1,MIVI,4,2025-04-23 11:20:58,,8,6
1845221441290487,1285460033290487,2024,34,1,41,34.0,3.0,1,MIVI,1,MIVI,1,2025-04-23 11:20:58,,8,6
1845221442290487,1285460033290487,2024,34,1,41,34.0,4.0,1,MIVI,1,MIVI,11,2025-04-23 11:20:58,,8,6
1845221443290487,1285460033290487,2024,34,1,41,34.0,1.0,1,ROMU,1,ROMU,2,2025-04-23 11:20:58,,8,6
1845221444290487,1285460033290487,2024,34,1,41,34.0,2.0,1,ROMU,1,ROMU,5,2025-04-23 11:20:58,,8,6
1845221445290487,1285460033290487,2024,34,1,41,34.0,4.0,1,ROMU,1,ROMU,1,2025-04-23 11:20:58,,8,6
1845221446290487,1285460033290487,2024,34,1,41,34.0,1.0,1,SPJA,1,SPJA,1,2025-04-23 11:20:58,,8,6
1845221447290487,1285460033290487,2024,34,1,41,34.0,2.0,1,SPJA,1,SPJA,1,2025-04-23 11:20:58,,8,6
1957208700290487,1543050378290487,2025,34,1,31,257.0,1.0,1,BETH,1,BETH,6,2026-04-13 12:54:38,,9,2
1957208701290487,1543050378290487,2025,34,1,31,257.0,2.0,1,BETH,1,BETH,16,2026-04-13 12:54:38,,9,2
1957208702290487,1543050378290487,2025,34,1,31,257.0,1.0,1,CEOR7,1,CEOR7,1,2026-04-13 12:54:38,,9,2
1957208703290487,1543050378290487,2025,34,1,31,257.0,2.0,1,LIVU,1,LIVU,2,2026-04-13 12:54:38,,9,2
1957208704290487,1543050378290487,2025,34,1,31,257.0,1.0,1,MIVI,1,MIVI,1,2026-04-13 12:54:38,,9,2
1957208705290487,1543050378290487,2025,34,1,31,257.0,2.0,1,MIVI,1,MIVI,65,2026-04-13 12:54:38,,9,2
1957208706290487,1543050378290487,2025,34,1,31,257.0,4.0,1,MIVI,1,MIVI,1,2026-04-13 12:54:38,,9,2
1957209017290487,1543050519290487,2025,34,1,5,743.0,1.0,1,BETH,1,BETH,25,2026-04-13 12:54:39,,9,2
1957209018290487,1543050519290487,2025,34,1,5,743.0,2.0,2,BETH,1,BETH,6,2026-04-13 12:54:39,,9,2
1957209019290487,1543050519290487,2025,34,1,5,743.0,3.0,1,BETH,1,BETH,1,2026-04-13 12:54:39,,9,2
1957209020290487,1543050519290487,2025,34,1,5,743.0,4.0,1,BETH,1,BETH,3,2026-04-13 12:54:39,,9,2
1957209021290487,1543050519290487,2025,34,1,5,743.0,1.0,1,ELUM,1,ELUM,3,2026-04-13 12:54:39,,9,2
1957209022290487,1543050519290487,2025,34,1,5,743.0,2.0,2,ELUM,1,ELUM,10,2026-04-13 12:54:39,,9,2
1801586426290487,1097566654290487,2023,34,1,5,405.0,2.0,1,LOMO2,1,LOMO2,1,2025-02-25 07:42:47,,8,5
1801586427290487,1097566654290487,2023,34,1,5,405.0,2.0,1,MIVI,1,MIVI,1,2025-02-25 07:42:47,,8,5
1801586764290487,1097566528290487,2023,34,1,33,79.0,1.0,1,CEOR7,1,CEOR7,1,2025-02-25 07:42:48,,8,5
1801586765290487,1097566528290487,2023,34,1,33,79.0,4.0,1,CEOR7,1,CEOR7,50,2025-02-25 07:42:48,,8,5
1801586766290487,1097566528290487,2023,34,1,33,79.0,4.0,1,ELUM,1,ELUM,1,2025-02-25 07:42:48,,8,5
1801586767290487,1097566528290487,2023,34,1,33,79.0,2.0,1,LIVU,1,LIVU,1,2025-02-25 07:42:48,,8,5
1801586768290487,1097566528290487,2023,34,1,33,79.0,2.0,1,LOJA,1,LOJA,3,2025-02-25 07:42:48,,8,5
1801586769290487,1097566528290487,2023,34,1,33,79.0,4.0,1,LOJA,1,LOJA,35,2025-02-25 07:42:48,,8,5
1801586770290487,1097566528290487,2023,34,1,33,79.0,4.0,1,LOMA6,1,LOMA6,2,2025-02-25 07:42:48,,8,5
1801586771290487,1097566528290487,2023,34,1,33,79.0,4.0,1,MIVI,1,MIVI,2,2025-02-25 07:42:48,,8,5
1801586772290487,1097566528290487,2023,34,1,33,79.0,4.0,1,ROMU,1,ROMU,7,2025-02-25 07:42:48,,8,5
1845221990290487,1285460205290487,2024,34,1,37,748.0,2.0,1,BETH,1,BETH,1,2025-04-23 11:21:00,,9,1
1957209023290487,1543050519290487,2025,34,1,5,743.0,3.0,1,ELUM,1,ELUM,1,2026-04-13 12:54:39,,9,2
1957209024290487,1543050519290487,2025,34,1,5,743.0,4.0,1,ELUM,1,ELUM,6,2026-04-13 12:54:39,,9,2
1957209025290487,1543050519290487,2025,34,1,5,743.0,1.0,1,LIVU,1,LIVU,2,2026-04-13 12:54:39,,9,2
1957209026290487,1543050519290487,2025,34,1,5,743.0,2.0,2,LIVU,1,LIVU,2,2026-04-13 12:54:39,,9,2
1957209027290487,1543050519290487,2025,34,1,5,743.0,1.0,1,LOJA,1,LOJA,3,2026-04-13 12:54:39,,9,2
1957209028290487,1543050519290487,2025,34,1,5,743.0,2.0,2,LOJA,1,LOJA,1,2026-04-13 12:54:39,,9,2
1957209029290487,1543050519290487,2025,34,1,5,743.0,3.0,1,LOJA,1,LOJA,1,2026-04-13 12:54:39,,9,2
1957209030290487,1543050519290487,2025,34,1,5,743.0,4.0,1,LOJA,1,LOJA,3,2026-04-13 12:54:39,,9,2
1957209031290487,1543050519290487,2025,34,1,5,743.0,1.0,1,LOMO2,1,LOMO2,1,2026-04-13 12:54:39,,9,2
1957209032290487,1543050519290487,2025,34,1,5,743.0,2.0,2,LOMO2,1,LOMO2,1,2026-04-13 12:54:39,,9,2
1957209033290487,1543050519290487,2025,34,1,5,743.0,4.0,1,LOMO2,1,LOMO2,1,2026-04-13 12:54:39,,9,2
1957209034290487,1543050519290487,2025,34,1,5,743.0,1.0,1,MIVI,1,MIVI,15,2026-04-13 12:54:39,,9,2
1957209035290487,1543050519290487,2025,34,1,5,743.0,2.0,2,MIVI,1,MIVI,30,2026-04-13 12:54:39,,9,2
1957209036290487,1543050519290487,2025,34,1,5,743.0,3.0,1,MIVI,1,MIVI,6,2026-04-13 12:54:39,,9,2
1957209037290487,1543050519290487,2025,34,1,5,743.0,4.0,1,MIVI,1,MIVI,20,2026-04-13 12:54:39,,9,2
1957209038290487,1543050519290487,2025,34,1,5,743.0,1.0,1,ROMU,1,ROMU,35,2026-04-13 12:54:39,,9,2
1957209039290487,1543050519290487,2025,34,1,5,743.0,2.0,2,ROMU,1,ROMU,3,2026-04-13 12:54:39,,9,2
1957209040290487,1543050519290487,2025,34,1,5,743.0,3.0,1,ROMU,1,ROMU,1,2026-04-13 12:54:39,,9,2
1957209041290487,1543050519290487,2025,34,1,5,743.0,4.0,1,ROMU,1,ROMU,65,2026-04-13 12:54:39,,9,2
1957209333290487,1543050430290487,2025,34,1,37,123.0,1.0,1,MIVI,1,MIVI,1,2026-04-13 12:54:39,,9,2
1957210442290487,1543050428290487,2025,34,1,35,600.0,1.0,1,ACPL,1,ACPL,1,2026-04-13 12:54:42,,9,2
1957210443290487,1543050428290487,2025,34,1,35,600.0,4.0,1,ACPL,1,ACPL,6,2026-04-13 12:54:42,,9,2
1957210444290487,1543050428290487,2025,34,1,35,600.0,1.0,1,ALPE4,1,ALPE4,1,2026-04-13 12:54:42,,9,2
1957210445290487,1543050428290487,2025,34,1,35,600.0,2.0,1,ALPE4,1,ALPE4,1,2026-04-13 12:54:42,,9,2
1957210446290487,1543050428290487,2025,34,1,35,600.0,3.0,1,ALPE4,1,ALPE4,1,2026-04-13 12:54:42,,9,2
1957210447290487,1543050428290487,2025,34,1,35,600.0,4.0,1,ALPE4,1,ALPE4,1,2026-04-13 12:54:42,,9,2
1957210448290487,1543050428290487,2025,34,1,35,600.0,3.0,1,BETH,1,BETH,1,2026-04-13 12:54:42,,9,2
1957210449290487,1543050428290487,2025,34,1,35,600.0,1.0,1,CEOR7,1,CEOR7,1,2026-04-13 12:54:42,,9,2
1957210450290487,1543050428290487,2025,34,1,35,600.0,2.0,1,CEOR7,1,CEOR7,1,2026-04-13 12:54:42,,9,2
1957210451290487,1543050428290487,2025,34,1,35,600.0,3.0,1,CEOR7,1,CEOR7,1,2026-04-13 12:54:42,,9,2
1957210452290487,1543050428290487,2025,34,1,35,600.0,4.0,1,CEOR7,1,CEOR7,1,2026-04-13 12:54:42,,9,2
1957210453290487,1543050428290487,2025,34,1,35,600.0,1.0,1,LONIC,1,LONIC,1,2026-04-13 12:54:42,,9,2
1957210454290487,1543050428290487,2025,34,1,35,600.0,2.0,1,LONIC,1,LONIC,1,2026-04-13 12:54:42,,9,2
1957210455290487,1543050428290487,2025,34,1,35,600.0,4.0,1,LONIC,1,LONIC,1,2026-04-13 12:54:42,,9,2
1957210456290487,1543050428290487,2025,34,1,35,600.0,1.0,1,MIVI,1,MIVI,5,2026-04-13 12:54:42,,9,2
1957210457290487,1543050428290487,2025,34,1,35,600.0,2.0,1,MIVI,1,MIVI,1,2026-04-13 12:54:42,,9,2
1957210458290487,1543050428290487,2025,34,1,35,600.0,3.0,1,MIVI,1,MIVI,1,2026-04-13 12:54:42,,9,2
1957210459290487,1543050428290487,2025,34,1,35,600.0,4.0,1,MIVI,1,MIVI,1,2026-04-13 12:54:42,,9,2
1957210460290487,1543050428290487,2025,34,1,35,600.0,1.0,1,ROMU,1,ROMU,1,2026-04-13 12:54:42,,9,2
188830600020004,247061786010661,2012,34,1,23,983.0,3.0,2,MIVI,1,MIVI,16,2013-03-18 13:15:51,,6,4
188830601020004,247061786010661,2012,34,1,23,983.0,4.0,2,MIVI,1,MIVI,1,2013-03-18 13:15:51,,6,4
188830602020004,247061786010661,2012,34,1,23,983.0,1.0,2,ROMU,1,ROMU,6,2013-03-18 13:15:51,,6,4
188830603020004,247061786010661,2012,34,1,23,983.0,3.0,2,ROMU,1,ROMU,5,2013-03-18 13:15:51,,6,4
188830604020004,247061786010661,2012,34,1,23,983.0,4.0,2,ROMU,1,ROMU,1,2013-03-18 13:15:51,,6,4
188830773020004,247061797010661,2012,34,1,5,405.0,2.0,1,LOJA,1,LOJA,5,2013-03-18 13:15:52,,6,4
188830961020004,247061760010661,2012,34,1,19,637.0,4.0,1,ALPE4,1,ALPE4,1,2013-03-18 13:15:54,,6,4
1315651571290487,719908689290487,2021,34,1,37,444.0,2.0,1,ALPE4,1,ALPE4,1,2023-05-30 11:40:54,,8,3
1315651572290487,719908689290487,2021,34,1,37,444.0,3.0,1,ALPE4,1,ALPE4,1,2023-05-30 11:40:54,,8,3
1315651573290487,719908689290487,2021,34,1,37,444.0,4.0,1,ALPE4,1,ALPE4,1,2023-05-30 11:40:54,,8,3
1315651574290487,719908689290487,2021,34,1,37,444.0,1.0,1,BETH,1,BETH,16,2023-05-30 11:40:54,,8,3
1315651575290487,719908689290487,2021,34,1,37,444.0,2.0,1,BETH,1,BETH,40,2023-05-30 11:40:54,,8,3
1315651576290487,719908689290487,2021,34,1,37,444.0,3.0,1,BETH,1,BETH,45,2023-05-30 11:40:54,,8,3
1315651577290487,719908689290487,2021,34,1,37,444.0,4.0,1,BETH,1,BETH,57,2023-05-30 11:40:54,,8,3
1315651578290487,719908689290487,2021,34,1,37,444.0,1.0,1,CEOR7,1,CEOR7,1,2023-05-30 11:40:54,,8,3
1315651579290487,719908689290487,2021,34,1,37,444.0,2.0,1,CEOR7,1,CEOR7,1,2023-05-30 11:40:54,,8,3
1315651580290487,719908689290487,2021,34,1,37,444.0,3.0,1,CEOR7,1,CEOR7,5,2023-05-30 11:40:54,,8,3
1315651581290487,719908689290487,2021,34,1,37,444.0,4.0,1,CEOR7,1,CEOR7,4,2023-05-30 11:40:54,,8,3
1315651582290487,719908689290487,2021,34,1,37,444.0,1.0,1,LIVU,1,LIVU,1,2023-05-30 11:40:54,,8,3
1315651583290487,719908689290487,2021,34,1,37,444.0,3.0,1,LOJA,1,LOJA,1,2023-05-30 11:40:54,,8,3
1315651584290487,719908689290487,2021,34,1,37,444.0,4.0,1,LOJA,1,LOJA,1,2023-05-30 11:40:54,,8,3
1315651585290487,719908689290487,2021,34,1,37,444.0,3.0,1,LOMA6,1,LOMA6,1,2023-05-30 11:40:54,,8,3
1315651586290487,719908689290487,2021,34,1,37,444.0,4.0,1,LOMA6,1,LOMA6,1,2023-05-30 11:40:54,,8,3
1315651587290487,719908689290487,2021,34,1,37,444.0,1.0,1,MIVI,1,MIVI,63,2023-05-30 11:40:54,,8,3
1315651588290487,719908689290487,2021,34,1,37,444.0,2.0,1,MIVI,1,MIVI,1,2023-05-30 11:40:54,,8,3
1315651589290487,719908689290487,2021,34,1,37,444.0,3.0,1,MIVI,1,MIVI,18,2023-05-30 11:40:54,,8,3
1315651590290487,719908689290487,2021,34,1,37,444.0,4.0,1,MIVI,1,MIVI,1,2023-05-30 11:40:54,,8,3
1315651591290487,719908689290487,2021,34,1,37,444.0,1.0,1,ROMU,1,ROMU,1,2023-05-30 11:40:54,,8,3
1315651592290487,719908689290487,2021,34,1,37,444.0,2.0,1,ROMU,1,ROMU,1,2023-05-30 11:40:54,,8,3
1315651593290487,719908689290487,2021,34,1,37,444.0,3.0,1,ROMU,1,ROMU,1,2023-05-30 11:40:54,,8,3
1315651594290487,719908689290487,2021,34,1,37,444.0,4.0,1,ROMU,1,ROMU,1,2023-05-30 11:40:54,,8,3
467135795489998,304207940489998,2016,34,1,35,1165.0,1.0,1,LOJA,1,LOJA,1,2017-04-17 08:12:44,,7,3
467135796489998,304207940489998,2016,34,1,35,1165.0,2.0,1,LOJA,1,LOJA,1,2017-04-17 08:12:44,,7,3
467135797489998,304207940489998,2016,34,1,35,1165.0,4.0,1,LOJA,1,LOJA,3,2017-04-17 08:12:44,,7,3
467135798489998,304207940489998,2016,34,1,35,1165.0,1.0,1,LOMO2,1,LOMO2,1,2017-04-17 08:12:44,,7,3
467135799489998,304207940489998,2016,34,1,35,1165.0,2.0,1,LOMO2,1,LOMO2,1,2017-04-17 08:12:44,,7,3
467135800489998,304207940489998,2016,34,1,35,1165.0,1.0,1,ROMU,1,ROMU,2,2017-04-17 08:12:44,,7,3
467135801489998,304207940489998,2016,34,1,35,1165.0,2.0,1,ROMU,1,ROMU,4,2017-04-17 08:12:44,,7,3
467135802489998,304207940489998,2016,34,1,35,1165.0,4.0,1,ROMU,1,ROMU,2,2017-04-17 08:12:44,,7,3
467136200489998,304207963489998,2016,34,1,25,694.0,1.0,1,CEOR7,1,CEOR7,1,2017-04-17 08:12:48,,7,3
467136201489998,304207963489998,2016,34,1,25,694.0,3.0,1,CEOR7,1,CEOR7,11,2017-04-17 08:12:48,,7,3
467136202489998,304207963489998,2016,34,1,25,694.0,1.0,1,LOJA,1,LOJA,7,2017-04-17 08:12:48,,7,3
467136203489998,304207963489998,2016,34,1,25,694.0,2.0,1,LOJA,1,LOJA,5,2017-04-17 08:12:48,,7,3
467136204489998,304207963489998,2016,34,1,25,694.0,3.0,1,LOJA,1,LOJA,18,2017-04-17 08:12:48,,7,3
467136205489998,304207963489998,2016,34,1,25,694.0,4.0,1,LOJA,1,LOJA,1,2017-04-17 08:12:48,,7,3
467136206489998,304207963489998,2016,34,1,25,694.0,1.0,1,ROMU,1,ROMU,1,2017-04-17 08:12:48,,7,3
467136207489998,304207963489998,2016,34,1,25,694.0,1.0,1,ROPS,1,ROPS,10,2017-04-17 08:12:48,,7,3
467136208489998,304207963489998,2016,34,1,25,694.0,2.0,1,ROPS,1,ROPS,6,2017-04-17 08:12:48,,7,3
467136209489998,304207963489998,2016,34,1,25,694.0,3.0,1,ROPS,1,ROPS,62,2017-04-17 08:12:48,,7,3
534751593126144,375837771489998,2017,34,1,29,1008.0,1.0,1,MIVI,1,MIVI,1,2018-05-10 13:16:58,,7,4
534752609126144,375837707489998,2017,34,1,27,115.0,4.0,1,ALPE4,1,ALPE4,1,2018-05-10 13:17:01,,7,4
534752610126144,375837707489998,2017,34,1,27,115.0,1.0,1,BETH,1,BETH,1,2018-05-10 13:17:01,,7,4
534752611126144,375837707489998,2017,34,1,27,115.0,3.0,1,BETH,1,BETH,1,2018-05-10 13:17:01,,7,4
534752612126144,375837707489998,2017,34,1,27,115.0,4.0,1,BETH,1,BETH,5,2018-05-10 13:17:01,,7,4
534752613126144,375837707489998,2017,34,1,27,115.0,1.0,1,CEOR7,1,CEOR7,1,2018-05-10 13:17:01,,7,4
534752614126144,375837707489998,2017,34,1,27,115.0,3.0,1,CEOR7,1,CEOR7,1,2018-05-10 13:17:01,,7,4
534752616126144,375837707489998,2017,34,1,27,115.0,1.0,1,LOJA,1,LOJA,1,2018-05-10 13:17:01,,7,4
534752617126144,375837707489998,2017,34,1,27,115.0,4.0,1,LOJA,1,LOJA,1,2018-05-10 13:17:01,,7,4
534752618126144,375837707489998,2017,34,1,27,115.0,1.0,1,MIVI,1,MIVI,1,2018-05-10 13:17:01,,7,4
534752619126144,375837707489998,2017,34,1,27,115.0,2.0,1,MIVI,1,MIVI,19,2018-05-10 13:17:01,,7,4
534752620126144,375837707489998,2017,34,1,27,115.0,3.0,1,MIVI,1,MIVI,39,2018-05-10 13:17:01,,7,4
534752621126144,375837707489998,2017,34,1,27,115.0,4.0,1,MIVI,1,MIVI,41,2018-05-10 13:17:01,,7,4
534752622126144,375837707489998,2017,34,1,27,115.0,1.0,1,ROMU,1,ROMU,1,2018-05-10 13:17:01,,7,4
534752623126144,375837707489998,2017,34,1,27,115.0,3.0,1,ROMU,1,ROMU,1,2018-05-10 13:17:01,,7,4
534752624126144,375837707489998,2017,34,1,27,115.0,4.0,1,ROMU,1,ROMU,1,2018-05-10 13:17:01,,7,4
534753065126144,375837639489998,2017,34,1,27,58.0,4.0,1,CEOR7,1,CEOR7,1,2018-05-10 13:17:03,,7,4
534753066126144,375837639489998,2017,34,1,27,58.0,1.0,1,LIVU,1,LIVU,3,2018-05-10 13:17:03,,7,4
534753067126144,375837639489998,2017,34,1,27,58.0,2.0,1,LIVU,1,LIVU,2,2018-05-10 13:17:03,,7,4
534753068126144,375837639489998,2017,34,1,27,58.0,3.0,1,LIVU,1,LIVU,1,2018-05-10 13:17:03,,7,4
534753069126144,375837639489998,2017,34,1,27,58.0,1.0,1,LOJA,1,LOJA,3,2018-05-10 13:17:03,,7,4
534753070126144,375837639489998,2017,34,1,27,58.0,2.0,1,LOJA,1,LOJA,1,2018-05-10 13:17:03,,7,4
534753071126144,375837639489998,2017,34,1,27,58.0,3.0,1,LOJA,1,LOJA,3,2018-05-10 13:17:03,,7,4
534753072126144,375837639489998,2017,34,1,27,58.0,4.0,1,LOJA,1,LOJA,1,2018-05-10 13:17:03,,7,4
534753073126144,375837639489998,2017,34,1,27,58.0,1.0,1,LOMO2,1,LOMO2,19,2018-05-10 13:17:03,,7,4
534753074126144,375837639489998,2017,34,1,27,58.0,2.0,1,LOMO2,1,LOMO2,25,2018-05-10 13:17:03,,7,4
534753075126144,375837639489998,2017,34,1,27,58.0,3.0,1,LOMO2,1,LOMO2,10,2018-05-10 13:17:03,,7,4
534753076126144,375837639489998,2017,34,1,27,58.0,4.0,1,LOMO2,1,LOMO2,1,2018-05-10 13:17:03,,7,4
534753077126144,375837639489998,2017,34,1,27,58.0,1.0,1,ROMU,1,ROMU,2,2018-05-10 13:17:03,,7,4
534753078126144,375837639489998,2017,34,1,27,58.0,2.0,1,ROMU,1,ROMU,1,2018-05-10 13:17:03,,7,4
534753079126144,375837639489998,2017,34,1,27,58.0,3.0,1,ROMU,1,ROMU,3,2018-05-10 13:17:03,,7,4
534753080126144,375837639489998,2017,34,1,27,58.0,4.0,1,ROMU,1,ROMU,1,2018-05-10 13:17:03,,7,4
534753057126144,375837639489998,2017,34,1,27,58.0,1.0,1,ALPE4,1,ALPE4,3,2018-05-10 13:17:03,,7,4
534753058126144,375837639489998,2017,34,1,27,58.0,2.0,1,ALPE4,1,ALPE4,2,2018-05-10 13:17:03,,7,4
534753059126144,375837639489998,2017,34,1,27,58.0,3.0,1,ALPE4,1,ALPE4,3,2018-05-10 13:17:03,,7,4
534753060126144,375837639489998,2017,34,1,27,58.0,2.0,1,BETH,1,BETH,1,2018-05-10 13:17:03,,7,4
534753061126144,375837639489998,2017,34,1,27,58.0,3.0,1,BETH,1,BETH,1,2018-05-10 13:17:03,,7,4
534753062126144,375837639489998,2017,34,1,27,58.0,1.0,1,CEOR7,1,CEOR7,5,2018-05-10 13:17:03,,7,4
534753063126144,375837639489998,2017,34,1,27,58.0,2.0,1,CEOR7,1,CEOR7,5,2018-05-10 13:17:03,,7,4
534753064126144,375837639489998,2017,34,1,27,58.0,3.0,1,CEOR7,1,CEOR7,7,2018-05-10 13:17:03,,7,4
534753245126144,375837640489998,2017,34,1,27,941.0,4.0,2,ALPE4,1,ALPE4,1,2018-05-10 13:17:03,,7,4
534753246126144,375837640489998,2017,34,1,27,941.0,4.0,2,BETH,1,BETH,2,2018-05-10 13:17:03,,7,4
534753247126144,375837640489998,2017,34,1,27,941.0,4.0,2,CEOR7,1,CEOR7,1,2018-05-10 13:17:03,,7,4
534753248126144,375837640489998,2017,34,1,27,941.0,4.0,2,HEMA3,1,HEMA3,2,2018-05-10 13:17:03,,7,4
534753249126144,375837640489998,2017,34,1,27,941.0,4.0,2,LOJA,1,LOJA,1,2018-05-10 13:17:03,,7,4
534753250126144,375837640489998,2017,34,1,27,941.0,4.0,2,LOMA6,1,LOMA6,3,2018-05-10 13:17:03,,7,4
534753251126144,375837640489998,2017,34,1,27,941.0,4.0,2,LOMO2,1,LOMO2,3,2018-05-10 13:17:03,,7,4
534753252126144,375837640489998,2017,34,1,27,941.0,4.0,2,ROMU,1,ROMU,4,2018-05-10 13:17:03,,7,4
534750928126144,375837783489998,2017,34,1,31,740.0,2.0,1,BETH,1,BETH,1,2018-05-10 13:16:54,,7,4
534750929126144,375837783489998,2017,34,1,31,740.0,3.0,1,BETH,1,BETH,1,2018-05-10 13:16:54,,7,4
534750930126144,375837783489998,2017,34,1,31,740.0,1.0,1,CEOR7,1,CEOR7,1,2018-05-10 13:16:54,,7,4
534750931126144,375837783489998,2017,34,1,31,740.0,3.0,1,CEOR7,1,CEOR7,1,2018-05-10 13:16:54,,7,4
662233075126144,445572641489998,2018,34,1,19,1177.0,3.0,2,BETH,1,BETH,20,2019-05-13 14:21:07,,7,5
662233076126144,445572641489998,2018,34,1,19,1177.0,3.0,2,CEOR7,1,CEOR7,1,2019-05-13 14:21:07,,7,5
662233077126144,445572641489998,2018,34,1,19,1177.0,3.0,2,LIVU,1,LIVU,2,2019-05-13 14:21:07,,7,5
662233078126144,445572641489998,2018,34,1,19,1177.0,3.0,2,LONIC,1,LONIC,20,2019-05-13 14:21:07,,7,5
662233079126144,445572641489998,2018,34,1,19,1177.0,3.0,2,ROMU,1,ROMU,25,2019-05-13 14:21:07,,7,5
662233932126144,445572681489998,2018,34,1,5,405.0,2.0,1,LONIC,1,LONIC,1,2019-05-13 14:21:10,,7,5
662234735126144,445572555489998,2018,34,1,33,79.0,2.0,1,CEOR7,1,CEOR7,1,2019-05-13 14:21:12,,7,5
662234736126144,445572555489998,2018,34,1,33,79.0,4.0,1,CEOR7,1,CEOR7,40,2019-05-13 14:21:12,,7,5
662234737126144,445572555489998,2018,34,1,33,79.0,4.0,1,ELUM,1,ELUM,1,2019-05-13 14:21:12,,7,5
662234738126144,445572555489998,2018,34,1,33,79.0,2.0,1,LONIC,1,LONIC,1,2019-05-13 14:21:12,,7,5
662234739126144,445572555489998,2018,34,1,33,79.0,4.0,1,LONIC,1,LONIC,40,2019-05-13 14:21:12,,7,5
662234740126144,445572555489998,2018,34,1,33,79.0,4.0,1,ROMU,1,ROMU,6,2019-05-13 14:21:12,,7,5
662235231126144,445572585489998,2018,34,1,19,637.0,4.0,1,ALPE4,1,ALPE4,1,2019-05-13 14:21:13,,7,5
662235232126144,445572585489998,2018,34,1,19,637.0,4.0,1,CEOR7,1,CEOR7,1,2019-05-13 14:21:13,,7,5
662235233126144,445572585489998,2018,34,1,19,637.0,2.0,1,LONIC,1,LONIC,1,2019-05-13 14:21:13,,7,5
662235234126144,445572585489998,2018,34,1,19,637.0,4.0,1,LONIC,1,LONIC,8,2019-05-13 14:21:13,,7,5
662235235126144,445572585489998,2018,34,1,19,637.0,4.0,1,ROMU,1,ROMU,20,2019-05-13 14:21:13,,7,5
740945696290487,511304667126144,2019,34,1,1,999.0,2.0,1,BETH,1,BETH,1,2020-04-14 14:12:58,,7,6
740945697290487,511304667126144,2019,34,1,1,999.0,4.0,1,CEOR7,1,CEOR7,1,2020-04-14 14:12:58,,7,6
740945698290487,511304667126144,2019,34,1,1,999.0,1.0,1,ELUM,1,ELUM,1,2020-04-14 14:12:58,,7,6
740945699290487,511304667126144,2019,34,1,1,999.0,3.0,1,ELUM,1,ELUM,1,2020-04-14 14:12:58,,7,6
740945700290487,511304667126144,2019,34,1,1,999.0,4.0,1,ELUM,1,ELUM,8,2020-04-14 14:12:58,,7,6
740946276290487,511304675126144,2019,34,1,33,863.0,3.0,3,ROMU,1,ROMU,1,2020-04-14 14:13:00,,7,6
740946925290487,511304693126144,2019,34,1,41,34.0,1.0,1,BETH,1,BETH,50,2020-04-14 14:13:02,,7,6
740946926290487,511304693126144,2019,34,1,41,34.0,2.0,1,BETH,1,BETH,75,2020-04-14 14:13:02,,7,6
740946927290487,511304693126144,2019,34,1,41,34.0,4.0,1,BETH,1,BETH,10,2020-04-14 14:13:02,,7,6
740946928290487,511304693126144,2019,34,1,41,34.0,1.0,1,ELUM,1,ELUM,1,2020-04-14 14:13:02,,7,6
740946929290487,511304693126144,2019,34,1,41,34.0,1.0,1,MIVI,1,MIVI,2,2020-04-14 14:13:02,,7,6
740946930290487,511304693126144,2019,34,1,41,34.0,2.0,1,MIVI,1,MIVI,1,2020-04-14 14:13:02,,7,6
740946931290487,511304693126144,2019,34,1,41,34.0,4.0,1,MIVI,1,MIVI,3,2020-04-14 14:13:02,,7,6
740946932290487,511304693126144,2019,34,1,41,34.0,1.0,1,ROMU,1,ROMU,1,2020-04-14 14:13:02,,7,6
740946933290487,511304693126144,2019,34,1,41,34.0,2.0,1,ROMU,1,ROMU,4,2020-04-14 14:13:02,,7,6
740946934290487,511304693126144,2019,34,1,41,34.0,4.0,1,ROMU,1,ROMU,1,2020-04-14 14:13:02,,7,6
740946935290487,511304693126144,2019,34,1,41,34.0,2.0,1,SPJA,1,SPJA,1,2020-04-14 14:13:02,,7,6
740945941290487,511304833126144,2019,34,1,21,852.0,1.0,1,ELUM,1,ELUM,9,2020-04-14 14:12:59,,8,1
740945942290487,511304833126144,2019,34,1,21,852.0,3.0,1,ELUM,1,ELUM,17,2020-04-14 14:12:59,,8,1
740945943290487,511304833126144,2019,34,1,21,852.0,4.0,1,ELUM,1,ELUM,3,2020-04-14 14:12:59,,8,1
740945944290487,511304833126144,2019,34,1,21,852.0,1.0,1,LOJA,1,LOJA,35,2020-04-14 14:12:59,,8,1
740945945290487,511304833126144,2019,34,1,21,852.0,3.0,1,LOJA,1,LOJA,40,2020-04-14 14:12:59,,8,1
740945946290487,511304833126144,2019,34,1,21,852.0,4.0,1,LOJA,1,LOJA,2,2020-04-14 14:12:59,,8,1
740945947290487,511304833126144,2019,34,1,21,852.0,1.0,1,ROMU,1,ROMU,1,2020-04-14 14:12:59,,8,1
740945948290487,511304833126144,2019,34,1,21,852.0,3.0,1,ROMU,1,ROMU,1,2020-04-14 14:12:59,,8,1
740945949290487,511304833126144,2019,34,1,21,852.0,4.0,1,ROMU,1,ROMU,4,2020-04-14 14:12:59,,8,1
740946065290487,511304851126144,2019,34,1,11,643.0,1.0,1,PHAU7,1,PHAU7,5,2020-04-14 14:12:59,,8,1
740946066290487,511304851126144,2019,34,1,11,643.0,2.0,1,PHAU7,1,PHAU7,45,2020-04-14 14:12:59,,8,1
740947589290487,511304814126144,2019,34,1,3,313.0,1.0,1,ACPL,1,ACPL,2,2020-04-14 14:13:04,,8,1
740947590290487,511304814126144,2019,34,1,3,313.0,1.0,1,ALPE4,1,ALPE4,1,2020-04-14 14:13:04,,8,1
740947591290487,511304814126144,2019,34,1,3,313.0,3.0,1,BETH,1,BETH,1,2020-04-14 14:13:04,,8,1
740947592290487,511304814126144,2019,34,1,3,313.0,3.0,1,MIVI,1,MIVI,1,2020-04-14 14:13:04,,8,1
740947688290487,511304876126144,2019,34,1,37,748.0,2.0,1,BETH,1,BETH,1,2020-04-14 14:13:04,,8,1
740947689290487,511304876126144,2019,34,1,37,748.0,3.0,1,BETH,1,BETH,1,2020-04-14 14:13:04,,8,1
740947690290487,511304876126144,2019,34,1,37,748.0,4.0,1,BETH,1,BETH,2,2020-04-14 14:13:04,,8,1
740947691290487,511304876126144,2019,34,1,37,748.0,4.0,1,ROMU,1,ROMU,1,2020-04-14 14:13:04,,8,1
740946755290487,511304837126144,2019,34,1,5,207.0,4.0,2,LOJA,1,LOJA,1,2020-04-14 14:13:02,,8,1
740947278290487,511304842126144,2019,34,1,7,953.0,1.0,1,CEOR7,1,CEOR7,1,2020-04-14 14:13:03,,8,1
740947279290487,511304842126144,2019,34,1,7,953.0,3.0,1,CEOR7,1,CEOR7,1,2020-04-14 14:13:03,,8,1
740947280290487,511304842126144,2019,34,1,7,953.0,1.0,1,MIVI,1,MIVI,1,2020-04-14 14:13:03,,8,1
1232385609290487,602955531126144,2020,34,1,35,600.0,1.0,1,ACPL,1,ACPL,1,2022-08-08 15:07:38,,8,2
1232385610290487,602955531126144,2020,34,1,35,600.0,2.0,1,ACPL,1,ACPL,1,2022-08-08 15:07:38,,8,2
1232385611290487,602955531126144,2020,34,1,35,600.0,4.0,1,ACPL,1,ACPL,8,2022-08-08 15:07:38,,8,2
1232385612290487,602955531126144,2020,34,1,35,600.0,1.0,1,AIAL,1,AIAL,1,2022-08-08 15:07:38,,8,2
1232385613290487,602955531126144,2020,34,1,35,600.0,3.0,1,AIAL,1,AIAL,1,2022-08-08 15:07:38,,8,2
188830962020004,247061760010661,2012,34,1,19,637.0,4.0,1,CEOR7,1,CEOR7,1,2013-03-18 13:15:54,,6,4
188830963020004,247061760010661,2012,34,1,19,637.0,4.0,1,CIAR4,1,CIAR4,1,2013-03-18 13:15:54,,6,4
188830964020004,247061760010661,2012,34,1,19,637.0,4.0,1,LOJA,1,LOJA,1,2013-03-18 13:15:54,,6,4
188830965020004,247061760010661,2012,34,1,19,637.0,4.0,1,LOMO2,1,LOMO2,2,2013-03-18 13:15:54,,6,4
188830966020004,247061760010661,2012,34,1,19,637.0,4.0,1,MIVI,1,MIVI,15,2013-03-18 13:15:54,,6,4
188830967020004,247061760010661,2012,34,1,19,637.0,3.0,1,ROMU,1,ROMU,2,2013-03-18 13:15:54,,6,4
188830968020004,247061760010661,2012,34,1,19,637.0,4.0,1,ROMU,1,ROMU,45,2013-03-18 13:15:54,,6,4
188831144020004,247061693010661,2012,34,1,27,58.0,1.0,1,ALPE4,1,ALPE4,22,2013-03-18 13:15:55,,6,4
188831145020004,247061693010661,2012,34,1,27,58.0,2.0,1,ALPE4,1,ALPE4,8,2013-03-18 13:15:55,,6,4
188831146020004,247061693010661,2012,34,1,27,58.0,3.0,1,ALPE4,1,ALPE4,10,2013-03-18 13:15:55,,6,4
188831147020004,247061693010661,2012,34,1,27,58.0,2.0,1,BETH,1,BETH,1,2013-03-18 13:15:55,,6,4
188831148020004,247061693010661,2012,34,1,27,58.0,3.0,1,BETH,1,BETH,2,2013-03-18 13:15:55,,6,4
188831149020004,247061693010661,2012,34,1,27,58.0,4.0,1,BETH,1,BETH,1,2013-03-18 13:15:55,,6,4
188831150020004,247061693010661,2012,34,1,27,58.0,1.0,1,CEOR7,1,CEOR7,1,2013-03-18 13:15:55,,6,4
188831151020004,247061693010661,2012,34,1,27,58.0,2.0,1,CEOR7,1,CEOR7,3,2013-03-18 13:15:55,,6,4
188831152020004,247061693010661,2012,34,1,27,58.0,3.0,1,CEOR7,1,CEOR7,4,2013-03-18 13:15:55,,6,4
188831153020004,247061693010661,2012,34,1,27,58.0,4.0,1,CEOR7,1,CEOR7,1,2013-03-18 13:15:55,,6,4
188831154020004,247061693010661,2012,34,1,27,58.0,1.0,1,ELUM,1,ELUM,1,2013-03-18 13:15:55,,6,4
188831155020004,247061693010661,2012,34,1,27,58.0,1.0,1,LIVU,1,LIVU,2,2013-03-18 13:15:55,,6,4
188831156020004,247061693010661,2012,34,1,27,58.0,2.0,1,LIVU,1,LIVU,1,2013-03-18 13:15:55,,6,4
188831157020004,247061693010661,2012,34,1,27,58.0,3.0,1,LIVU,1,LIVU,15,2013-03-18 13:15:55,,6,4
188831158020004,247061693010661,2012,34,1,27,58.0,1.0,1,LOJA,1,LOJA,2,2013-03-18 13:15:55,,6,4
188831159020004,247061693010661,2012,34,1,27,58.0,2.0,1,LOJA,1,LOJA,1,2013-03-18 13:15:55,,6,4
188831160020004,247061693010661,2012,34,1,27,58.0,3.0,1,LOJA,1,LOJA,1,2013-03-18 13:15:55,,6,4
188831161020004,247061693010661,2012,34,1,27,58.0,4.0,1,LOJA,1,LOJA,1,2013-03-18 13:15:55,,6,4
188831162020004,247061693010661,2012,34,1,27,58.0,1.0,1,LOMO2,1,LOMO2,27,2013-03-18 13:15:55,,6,4
188831163020004,247061693010661,2012,34,1,27,58.0,2.0,1,LOMO2,1,LOMO2,45,2013-03-18 13:15:55,,6,4
188831164020004,247061693010661,2012,34,1,27,58.0,3.0,1,LOMO2,1,LOMO2,30,2013-03-18 13:15:55,,6,4
188831165020004,247061693010661,2012,34,1,27,58.0,4.0,1,LOMO2,1,LOMO2,2,2013-03-18 13:15:55,,6,4
188831166020004,247061693010661,2012,34,1,27,58.0,2.0,1,MIVI,1,MIVI,1,2013-03-18 13:15:55,,6,4
188831167020004,247061693010661,2012,34,1,27,58.0,1.0,1,ROMU,1,ROMU,5,2013-03-18 13:15:55,,6,4
188831168020004,247061693010661,2012,34,1,27,58.0,2.0,1,ROMU,1,ROMU,5,2013-03-18 13:15:55,,6,4
188831169020004,247061693010661,2012,34,1,27,58.0,3.0,1,ROMU,1,ROMU,10,2013-03-18 13:15:55,,6,4
188831170020004,247061693010661,2012,34,1,27,58.0,4.0,1,ROMU,1,ROMU,2,2013-03-18 13:15:55,,6,4
188831296020004,247061694010661,2012,34,1,27,941.0,4.0,2,ACPL,1,ACPL,1,2013-03-18 13:15:56,,6,4
188831297020004,247061694010661,2012,34,1,27,941.0,4.0,2,ALPE4,1,ALPE4,10,2013-03-18 13:15:56,,6,4
188831298020004,247061694010661,2012,34,1,27,941.0,4.0,2,BETH,1,BETH,1,2013-03-18 13:15:56,,6,4
188831299020004,247061694010661,2012,34,1,27,941.0,4.0,2,CEOR7,1,CEOR7,2,2013-03-18 13:15:56,,6,4
188831300020004,247061694010661,2012,34,1,27,941.0,4.0,2,HEMA3,1,HEMA3,1,2013-03-18 13:15:56,,6,4
188831301020004,247061694010661,2012,34,1,27,941.0,4.0,2,LIVU,1,LIVU,1,2013-03-18 13:15:56,,6,4
188831302020004,247061694010661,2012,34,1,27,941.0,4.0,2,LOJA,1,LOJA,5,2013-03-18 13:15:56,,6,4
188831303020004,247061694010661,2012,34,1,27,941.0,4.0,2,LOMA6,1,LOMA6,4,2013-03-18 13:15:56,,6,4
188831304020004,247061694010661,2012,34,1,27,941.0,4.0,2,LOMO2,1,LOMO2,5,2013-03-18 13:15:56,,6,4
188831305020004,247061694010661,2012,34,1,27,941.0,4.0,2,ROMU,1,ROMU,3,2013-03-18 13:15:56,,6,4
259377030489998,14524478020004,2013,34,1,1,999.0,2.0,1,BETH,1,BETH,1,2014-05-20 07:06:36,,6,5
259377031489998,14524478020004,2013,34,1,1,999.0,4.0,1,CEOR7,1,CEOR7,1,2014-05-20 07:06:36,,6,5
259377032489998,14524478020004,2013,34,1,1,999.0,1.0,1,ELUM,1,ELUM,1,2014-05-20 07:06:36,,6,5
259377033489998,14524478020004,2013,34,1,1,999.0,4.0,1,ELUM,1,ELUM,1,2014-05-20 07:06:36,,6,5
259377034489998,14524478020004,2013,34,1,1,999.0,4.0,1,LOJA,1,LOJA,1,2014-05-20 07:06:36,,6,5
259079967489998,14524400020004,2013,34,1,19,1177.0,3.0,2,BETH,1,BETH,21,2014-05-12 11:26:10,,6,5
259079968489998,14524400020004,2013,34,1,19,1177.0,3.0,2,CEOR7,1,CEOR7,1,2014-05-12 11:26:10,,6,5
259079969489998,14524400020004,2013,34,1,19,1177.0,3.0,2,LIVU,1,LIVU,2,2014-05-12 11:26:10,,6,5
259079970489998,14524400020004,2013,34,1,19,1177.0,3.0,2,LOJA,1,LOJA,55,2014-05-12 11:26:10,,6,5
259079971489998,14524400020004,2013,34,1,19,1177.0,3.0,2,LOMO2,1,LOMO2,4,2014-05-12 11:26:10,,6,5
259079972489998,14524400020004,2013,34,1,19,1177.0,3.0,2,MIVI,1,MIVI,40,2014-05-12 11:26:10,,6,5
259079973489998,14524400020004,2013,34,1,19,1177.0,3.0,2,ROMU,1,ROMU,15,2014-05-12 11:26:10,,6,5
259081868489998,14524396020004,2013,34,1,41,34.0,1.0,1,BETH,1,BETH,45,2014-05-12 11:26:29,,6,5
259081869489998,14524396020004,2013,34,1,41,34.0,2.0,1,BETH,1,BETH,57,2014-05-12 11:26:29,,6,5
259081870489998,14524396020004,2013,34,1,41,34.0,4.0,1,BETH,1,BETH,21,2014-05-12 11:26:29,,6,5
259081871489998,14524396020004,2013,34,1,41,34.0,1.0,1,MIVI,1,MIVI,4,2014-05-12 11:26:29,,6,5
259081872489998,14524396020004,2013,34,1,41,34.0,2.0,1,MIVI,1,MIVI,10,2014-05-12 11:26:29,,6,5
259081873489998,14524396020004,2013,34,1,41,34.0,4.0,1,MIVI,1,MIVI,15,2014-05-12 11:26:29,,6,5
259081874489998,14524396020004,2013,34,1,41,34.0,1.0,1,ROMU,1,ROMU,7,2014-05-12 11:26:29,,6,5
259081875489998,14524396020004,2013,34,1,41,34.0,2.0,1,ROMU,1,ROMU,8,2014-05-12 11:26:29,,6,5
259081876489998,14524396020004,2013,34,1,41,34.0,4.0,1,ROMU,1,ROMU,1,2014-05-12 11:26:29,,6,5
317118296489998,171866977020004,2014,34,1,11,643.0,1.0,1,PHAU7,1,PHAU7,5,2015-04-06 12:18:59,,7,1
317118297489998,171866977020004,2014,34,1,11,643.0,2.0,1,PHAU7,1,PHAU7,60,2015-04-06 12:18:59,,7,1
317118488489998,171866995020004,2014,34,1,5,553.0,3.0,1,LIVU,1,LIVU,1,2015-04-06 12:19:00,,7,1
317118489489998,171866995020004,2014,34,1,5,553.0,4.0,1,LIVU,1,LIVU,10,2015-04-06 12:19:00,,7,1
317118490489998,171866995020004,2014,34,1,5,553.0,4.0,1,LOJA,1,LOJA,50,2015-04-06 12:19:00,,7,1
317118491489998,171866995020004,2014,34,1,5,553.0,1.0,1,MIVI,1,MIVI,30,2015-04-06 12:19:00,,7,1
317118492489998,171866995020004,2014,34,1,5,553.0,3.0,1,MIVI,1,MIVI,40,2015-04-06 12:19:00,,7,1
317118493489998,171866995020004,2014,34,1,5,553.0,4.0,1,MIVI,1,MIVI,10,2015-04-06 12:19:00,,7,1
317118494489998,171866995020004,2014,34,1,5,553.0,4.0,1,ROMU,1,ROMU,1,2015-04-06 12:19:00,,7,1
317119045489998,171866947020004,2014,34,1,37,748.0,1.0,1,BETH,1,BETH,1,2015-04-06 12:19:02,,7,1
317119046489998,171866947020004,2014,34,1,37,748.0,2.0,1,BETH,1,BETH,2,2015-04-06 12:19:02,,7,1
317119047489998,171866947020004,2014,34,1,37,748.0,3.0,1,BETH,1,BETH,3,2015-04-06 12:19:02,,7,1
317119048489998,171866947020004,2014,34,1,37,748.0,4.0,1,BETH,1,BETH,3,2015-04-06 12:19:02,,7,1
317119049489998,171866947020004,2014,34,1,37,748.0,4.0,1,ROMU,1,ROMU,1,2015-04-06 12:19:02,,7,1
317119618489998,171866981020004,2014,34,1,21,852.0,4.0,1,CIAR4,1,CIAR4,1,2015-04-06 12:19:04,,7,1
317119619489998,171866981020004,2014,34,1,21,852.0,1.0,1,LOJA,1,LOJA,33,2015-04-06 12:19:04,,7,1
317119620489998,171866981020004,2014,34,1,21,852.0,3.0,1,LOJA,1,LOJA,70,2015-04-06 12:19:04,,7,1
317119621489998,171866981020004,2014,34,1,21,852.0,4.0,1,LOJA,1,LOJA,1,2015-04-06 12:19:04,,7,1
317119622489998,171866981020004,2014,34,1,21,852.0,1.0,1,ROMU,1,ROMU,5,2015-04-06 12:19:04,,7,1
317119623489998,171866981020004,2014,34,1,21,852.0,3.0,1,ROMU,1,ROMU,1,2015-04-06 12:19:04,,7,1
317119624489998,171866981020004,2014,34,1,21,852.0,4.0,1,ROMU,1,ROMU,1,2015-04-06 12:19:04,,7,1
317119857489998,171867036020004,2014,34,1,3,313.0,3.0,1,BETH,1,BETH,1,2015-04-06 12:19:05,,7,1
317119858489998,171867036020004,2014,34,1,3,313.0,3.0,1,MIVI,1,MIVI,1,2015-04-06 12:19:05,,7,1
380299030489998,264094678489998,2015,34,1,5,743.0,1.0,1,BETH,1,BETH,10,2016-03-14 09:58:42,,7,2
380299031489998,264094678489998,2015,34,1,5,743.0,2.0,1,BETH,1,BETH,4,2016-03-14 09:58:42,,7,2
380299032489998,264094678489998,2015,34,1,5,743.0,3.0,1,BETH,1,BETH,1,2016-03-14 09:58:42,,7,2
380299033489998,264094678489998,2015,34,1,5,743.0,4.0,1,BETH,1,BETH,2,2016-03-14 09:58:42,,7,2
380299034489998,264094678489998,2015,34,1,5,743.0,2.0,1,CESTM,1,CESTM,1,2016-03-14 09:58:42,,7,2
380299035489998,264094678489998,2015,34,1,5,743.0,2.0,1,ELUM,1,ELUM,4,2016-03-14 09:58:42,,7,2
380299036489998,264094678489998,2015,34,1,5,743.0,4.0,1,ELUM,1,ELUM,1,2016-03-14 09:58:42,,7,2
380299037489998,264094678489998,2015,34,1,5,743.0,1.0,1,LOJA,1,LOJA,20,2016-03-14 09:58:42,,7,2
380299038489998,264094678489998,2015,34,1,5,743.0,2.0,1,LOJA,1,LOJA,20,2016-03-14 09:58:42,,7,2
380299039489998,264094678489998,2015,34,1,5,743.0,3.0,1,LOJA,1,LOJA,10,2016-03-14 09:58:42,,7,2
380299040489998,264094678489998,2015,34,1,5,743.0,4.0,1,LOJA,1,LOJA,30,2016-03-14 09:58:42,,7,2
380299041489998,264094678489998,2015,34,1,5,743.0,2.0,1,LOMA6,1,LOMA6,2,2016-03-14 09:58:42,,7,2
380299042489998,264094678489998,2015,34,1,5,743.0,3.0,1,LOMA6,1,LOMA6,5,2016-03-14 09:58:42,,7,2
380299043489998,264094678489998,2015,34,1,5,743.0,4.0,1,LOMO2,1,LOMO2,1,2016-03-14 09:58:42,,7,2
380299044489998,264094678489998,2015,34,1,5,743.0,1.0,1,MIVI,1,MIVI,9,2016-03-14 09:58:42,,7,2
380299045489998,264094678489998,2015,34,1,5,743.0,2.0,1,MIVI,1,MIVI,10,2016-03-14 09:58:42,,7,2
380299046489998,264094678489998,2015,34,1,5,743.0,3.0,1,MIVI,1,MIVI,5,2016-03-14 09:58:42,,7,2
380299047489998,264094678489998,2015,34,1,5,743.0,4.0,1,MIVI,1,MIVI,5,2016-03-14 09:58:42,,7,2
380299048489998,264094678489998,2015,34,1,5,743.0,1.0,1,ROMU,1,ROMU,12,2016-03-14 09:58:42,,7,2
380299049489998,264094678489998,2015,34,1,5,743.0,2.0,1,ROMU,1,ROMU,4,2016-03-14 09:58:42,,7,2
380299050489998,264094678489998,2015,34,1,5,743.0,4.0,1,ROMU,1,ROMU,2,2016-03-14 09:58:42,,7,2
380297386489998,264094577489998,2015,34,1,31,257.0,3.0,1,ALPE4,1,ALPE4,1,2016-03-14 09:58:30,,7,2
380297387489998,264094577489998,2015,34,1,31,257.0,4.0,1,ALPE4,1,ALPE4,1,2016-03-14 09:58:30,,7,2
380297388489998,264094577489998,2015,34,1,31,257.0,1.0,1,BETH,1,BETH,5,2016-03-14 09:58:30,,7,2
380297389489998,264094577489998,2015,34,1,31,257.0,2.0,1,BETH,1,BETH,17,2016-03-14 09:58:30,,7,2
380297390489998,264094577489998,2015,34,1,31,257.0,3.0,1,BETH,1,BETH,1,2016-03-14 09:58:30,,7,2
380297391489998,264094577489998,2015,34,1,31,257.0,1.0,1,CEOR7,1,CEOR7,1,2016-03-14 09:58:30,,7,2
380297392489998,264094577489998,2015,34,1,31,257.0,2.0,1,CEOR7,1,CEOR7,1,2016-03-14 09:58:30,,7,2
380297393489998,264094577489998,2015,34,1,31,257.0,3.0,1,CEOR7,1,CEOR7,3,2016-03-14 09:58:30,,7,2
380297394489998,264094577489998,2015,34,1,31,257.0,4.0,1,CEOR7,1,CEOR7,1,2016-03-14 09:58:30,,7,2
380297395489998,264094577489998,2015,34,1,31,257.0,2.0,1,MIVI,1,MIVI,63,2016-03-14 09:58:30,,7,2
380297396489998,264094577489998,2015,34,1,31,257.0,2.0,1,ROMU,1,ROMU,6,2016-03-14 09:58:30,,7,2
380297836489998,264094615489998,2015,34,1,35,600.0,1.0,1,ACPL,1,ACPL,1,2016-03-14 09:58:35,,7,2
380297837489998,264094615489998,2015,34,1,35,600.0,2.0,1,ACPL,1,ACPL,1,2016-03-14 09:58:35,,7,2
380297838489998,264094615489998,2015,34,1,35,600.0,4.0,1,ACPL,1,ACPL,9,2016-03-14 09:58:35,,7,2
380297839489998,264094615489998,2015,34,1,35,600.0,3.0,1,AIAL,1,AIAL,1,2016-03-14 09:58:35,,7,2
188830599020004,247061786010661,2012,34,1,23,983.0,4.0,2,LOMO2,1,LOMO2,5,2013-03-18 13:15:51,,6,4
534752167126144,375837693489998,2017,34,1,37,463.0,1.0,1,AIAL,1,AIAL,1,2018-05-10 13:17:01,,7,4
534752168126144,375837693489998,2017,34,1,37,463.0,2.0,1,AIAL,1,AIAL,5,2018-05-10 13:17:01,,7,4
534752169126144,375837693489998,2017,34,1,37,463.0,1.0,1,ALPE4,1,ALPE4,2,2018-05-10 13:17:01,,7,4
534752170126144,375837693489998,2017,34,1,37,463.0,2.0,1,ALPE4,1,ALPE4,1,2018-05-10 13:17:01,,7,4
534752171126144,375837693489998,2017,34,1,37,463.0,4.0,1,ALPE4,1,ALPE4,9,2018-05-10 13:17:01,,7,4
534752172126144,375837693489998,2017,34,1,37,463.0,1.0,1,BETH,1,BETH,5,2018-05-10 13:17:01,,7,4
534752173126144,375837693489998,2017,34,1,37,463.0,2.0,1,BETH,1,BETH,1,2018-05-10 13:17:01,,7,4
534752174126144,375837693489998,2017,34,1,37,463.0,3.0,1,BETH,1,BETH,1,2018-05-10 13:17:01,,7,4
1232385614290487,602955531126144,2020,34,1,35,600.0,1.0,1,ALPE4,1,ALPE4,1,2022-08-08 15:07:38,,8,2
1232385615290487,602955531126144,2020,34,1,35,600.0,2.0,1,ALPE4,1,ALPE4,1,2022-08-08 15:07:38,,8,2
1232385616290487,602955531126144,2020,34,1,35,600.0,3.0,1,ALPE4,1,ALPE4,1,2022-08-08 15:07:38,,8,2
1232385617290487,602955531126144,2020,34,1,35,600.0,1.0,1,BETH,1,BETH,1,2022-08-08 15:07:38,,8,2
1232385618290487,602955531126144,2020,34,1,35,600.0,3.0,1,BETH,1,BETH,1,2022-08-08 15:07:38,,8,2
1232385619290487,602955531126144,2020,34,1,35,600.0,4.0,1,BETH,1,BETH,1,2022-08-08 15:07:38,,8,2
1232385620290487,602955531126144,2020,34,1,35,600.0,1.0,1,CEOR7,1,CEOR7,1,2022-08-08 15:07:38,,8,2
1232385621290487,602955531126144,2020,34,1,35,600.0,3.0,1,CEOR7,1,CEOR7,1,2022-08-08 15:07:38,,8,2
1232385622290487,602955531126144,2020,34,1,35,600.0,4.0,1,CEOR7,1,CEOR7,1,2022-08-08 15:07:38,,8,2
1232385623290487,602955531126144,2020,34,1,35,600.0,1.0,1,LOJA,1,LOJA,1,2022-08-08 15:07:38,,8,2
1232385624290487,602955531126144,2020,34,1,35,600.0,2.0,1,LOJA,1,LOJA,1,2022-08-08 15:07:38,,8,2
1232385625290487,602955531126144,2020,34,1,35,600.0,4.0,1,LOJA,1,LOJA,3,2022-08-08 15:07:38,,8,2
1232385626290487,602955531126144,2020,34,1,35,600.0,1.0,1,LOMO2,1,LOMO2,1,2022-08-08 15:07:38,,8,2
1232385627290487,602955531126144,2020,34,1,35,600.0,1.0,1,MIVI,1,MIVI,5,2022-08-08 15:07:38,,8,2
1232385628290487,602955531126144,2020,34,1,35,600.0,2.0,1,MIVI,1,MIVI,1,2022-08-08 15:07:38,,8,2
1232385629290487,602955531126144,2020,34,1,35,600.0,4.0,1,MIVI,1,MIVI,8,2022-08-08 15:07:38,,8,2
1232385630290487,602955531126144,2020,34,1,35,600.0,1.0,1,ROMU,1,ROMU,1,2022-08-08 15:07:38,,8,2
1232385631290487,602955531126144,2020,34,1,35,600.0,4.0,1,ROMU,1,ROMU,1,2022-08-08 15:07:38,,8,2
1232383819290487,602955456126144,2020,34,1,5,743.0,1.0,1,BETH,1,BETH,15,2022-08-08 15:07:32,,8,2
1232383820290487,602955456126144,2020,34,1,5,743.0,2.0,2,BETH,1,BETH,6,2022-08-08 15:07:32,,8,2
1232383821290487,602955456126144,2020,34,1,5,743.0,3.0,1,BETH,1,BETH,1,2022-08-08 15:07:32,,8,2
1232383822290487,602955456126144,2020,34,1,5,743.0,4.0,1,BETH,1,BETH,4,2022-08-08 15:07:32,,8,2
534752615126144,375837707489998,2017,34,1,27,115.0,4.0,1,CEOR7,1,CEOR7,1,2018-05-10 13:17:01,,7,4
222856904010661,122559486010661,2007,34,1,21,274.0,4.0,1,CEOR7,1,CEOR7,10,2010-03-01 11:10:46,2012-02-28 07:12:21,5,4
222856907010661,122559486010661,2007,34,1,21,274.0,4.0,1,LIVU,1,LIVU,10,2010-03-01 11:10:46,2012-02-28 07:12:21,5,4
222856911010661,122559486010661,2007,34,1,21,274.0,4.0,1,LOJA,1,LOJA,5,2010-03-01 11:10:46,2012-02-28 07:11:58,5,4
222856913010661,122559486010661,2007,34,1,21,274.0,4.0,1,LOMA6,1,LOMA6,3,2010-03-01 11:10:46,2012-02-28 07:13:16,5,4
222856917010661,122559486010661,2007,34,1,21,274.0,4.0,1,MIVI,1,MIVI,3,2010-03-01 11:10:46,2012-02-28 07:12:49,5,4
222856921010661,122559486010661,2007,34,1,21,274.0,4.0,1,ROMU,1,ROMU,75,2010-03-01 11:10:46,2012-02-28 07:11:33,5,4
222856949010661,122558562010661,2007,34,1,25,1105.0,3.0,1,MIVI,1,MIVI,10,2010-03-01 11:10:46,2012-02-28 07:14:11,5,4
222856953010661,122558562010661,2007,34,1,25,1105.0,3.0,1,ROMU,1,ROMU,10,2010-03-01 11:10:46,2012-02-28 07:14:40,5,4
222856937010661,122558562010661,2007,34,1,25,1105.0,4.0,1,ALPE4,1,ALPE4,3,2010-03-01 11:10:46,2012-02-28 07:11:33,5,4
222856943010661,122558562010661,2007,34,1,25,1105.0,4.0,1,LIVU,1,LIVU,3,2010-03-01 11:10:46,2012-02-28 07:11:58,5,4
222856947010661,122558562010661,2007,34,1,25,1105.0,4.0,1,LOJA,1,LOJA,1,2010-03-01 11:10:46,2012-02-28 07:12:21,5,4
222856950010661,122558562010661,2007,34,1,25,1105.0,4.0,1,MIVI,1,MIVI,1,2010-03-01 11:10:46,2012-02-28 07:14:11,5,4
222856954010661,122558562010661,2007,34,1,25,1105.0,4.0,1,ROMU,1,ROMU,3,2010-03-01 11:10:46,2012-02-28 07:14:40,5,4
222856956010661,122558562010661,2007,34,1,25,1105.0,4.0,1,ROPS,1,ROPS,33,2010-03-01 11:10:46,2012-02-28 07:14:40,5,4
222856934010661,122558562010661,2007,34,1,25,1105.0,1.0,1,ALPE4,1,ALPE4,8,2010-03-01 11:10:46,2012-02-28 07:11:33,5,4
222856938010661,122558562010661,2007,34,1,25,1105.0,1.0,1,BETH,1,BETH,2,2010-03-01 11:10:46,2012-02-28 07:13:16,5,4
222856944010661,122558562010661,2007,34,1,25,1105.0,1.0,1,LOJA,1,LOJA,2,2010-03-01 11:10:46,2012-02-28 07:12:21,5,4
222856948010661,122558562010661,2007,34,1,25,1105.0,1.0,1,MIVI,1,MIVI,15,2010-03-01 11:10:46,2012-02-28 07:14:11,5,4
222856951010661,122558562010661,2007,34,1,25,1105.0,1.0,1,ROMU,1,ROMU,8,2010-03-01 11:10:46,2012-02-28 07:14:40,5,4
222856933010661,122558562010661,2007,34,1,25,1105.0,2.0,1,ACPL,1,ACPL,40,2010-03-01 11:10:46,2012-02-28 07:14:11,5,4
222856935010661,122558562010661,2007,34,1,25,1105.0,2.0,1,ALPE4,1,ALPE4,10,2010-03-01 11:10:46,2012-02-28 07:11:33,5,4
222856940010661,122558562010661,2007,34,1,25,1105.0,2.0,1,CEOR7,1,CEOR7,50,2010-03-01 11:10:46,2012-02-28 07:12:49,5,4
222856942010661,122558562010661,2007,34,1,25,1105.0,2.0,1,LIVU,1,LIVU,5,2010-03-01 11:10:46,2012-02-28 07:11:58,5,4
222856945010661,122558562010661,2007,34,1,25,1105.0,2.0,1,LOJA,1,LOJA,2,2010-03-01 11:10:46,2012-02-28 07:12:21,5,4
222856952010661,122558562010661,2007,34,1,25,1105.0,2.0,1,ROMU,1,ROMU,8,2010-03-01 11:10:46,2012-02-28 07:14:40,5,4
222856955010661,122558562010661,2007,34,1,25,1105.0,2.0,1,ROPS,1,ROPS,5,2010-03-01 11:10:46,2012-02-28 07:14:40,5,4
222856936010661,122558562010661,2007,34,1,25,1105.0,3.0,1,ALPE4,1,ALPE4,1,2010-03-01 11:10:46,2012-02-28 07:11:33,5,4
222856939010661,122558562010661,2007,34,1,25,1105.0,3.0,1,BETH,1,BETH,1,2010-03-01 11:10:46,2012-02-28 07:13:16,5,4
222856941010661,122558562010661,2007,34,1,25,1105.0,3.0,1,CEOR7,1,CEOR7,5,2010-03-01 11:10:46,2012-02-28 07:12:49,5,4
222856946010661,122558562010661,2007,34,1,25,1105.0,3.0,1,LOJA,1,LOJA,8,2010-03-01 11:10:46,2012-02-28 07:12:21,5,4
222857011010661,122559675010661,2007,34,1,41,1120.0,1.0,1,ALPE4,1,ALPE4,20,2010-03-01 11:10:46,2012-02-28 07:11:58,5,4
222857013010661,122559675010661,2007,34,1,41,1120.0,3.0,1,ALPE4,1,ALPE4,5,2010-03-01 11:10:46,2012-02-28 07:11:58,5,4
222857016010661,122559675010661,2007,34,1,41,1120.0,3.0,1,LOMO2,1,LOMO2,1,2010-03-01 11:10:46,2012-02-28 07:11:58,5,4
222857020010661,122559675010661,2007,34,1,41,1120.0,3.0,1,ROMU,1,ROMU,5,2010-03-01 11:10:46,2012-02-28 07:12:22,5,4
222857014010661,122559675010661,2007,34,1,41,1120.0,4.0,1,ALPE4,1,ALPE4,20,2010-03-01 11:10:46,2012-02-28 07:11:58,5,4
222857017010661,122559675010661,2007,34,1,41,1120.0,4.0,1,LOMO2,1,LOMO2,3,2010-03-01 11:10:46,2012-02-28 07:11:58,5,4
222857021010661,122559675010661,2007,34,1,41,1120.0,4.0,1,ROMU,1,ROMU,1,2010-03-01 11:10:46,2012-02-28 07:12:22,5,4
222857018010661,122559675010661,2007,34,1,41,1120.0,1.0,1,ROMU,1,ROMU,10,2010-03-01 11:10:46,2012-02-28 07:12:22,5,4
222857012010661,122559675010661,2007,34,1,41,1120.0,2.0,1,ALPE4,1,ALPE4,5,2010-03-01 11:10:46,2012-02-28 07:11:58,5,4
222857015010661,122559675010661,2007,34,1,41,1120.0,2.0,1,LOJA,1,LOJA,1,2010-03-01 11:10:46,2012-02-28 07:12:22,5,4
222857019010661,122559675010661,2007,34,1,41,1120.0,2.0,1,ROMU,1,ROMU,70,2010-03-01 11:10:46,2012-02-28 07:12:22,5,4
222856843010661,122559500010661,2007,34,1,5,447.0,2.0,1,MIVI,1,MIVI,1,2010-03-01 11:10:46,2012-02-28 07:11:37,5,4
222856844010661,122559500010661,2007,34,1,5,447.0,4.0,1,MIVI,1,MIVI,15,2010-03-01 11:10:46,2012-02-28 07:11:37,5,4
222856794010661,171000701010661,2008,34,1,27,193.0,1.0,1,BETH,1,BETH,1,2010-03-01 11:10:38,2012-02-28 07:11:32,5,5
222856798010661,171000701010661,2008,34,1,27,193.0,1.0,1,CEOR7,1,CEOR7,1,2010-03-01 11:10:38,2012-02-28 07:13:42,5,5
222856790010661,171000701010661,2008,34,1,27,193.0,2.0,1,ACPL,1,ACPL,20,2010-03-01 11:10:38,2012-02-28 07:11:57,5,5
222856791010661,171000701010661,2008,34,1,27,193.0,2.0,1,ALPE4,1,ALPE4,5,2010-03-01 11:10:38,2012-02-28 07:11:57,5,5
222856795010661,171000701010661,2008,34,1,27,193.0,2.0,1,BETH,1,BETH,6,2010-03-01 11:10:38,2012-02-28 07:11:32,5,5
222856799010661,171000701010661,2008,34,1,27,193.0,2.0,1,CEOR7,1,CEOR7,1,2010-03-01 11:10:38,2012-02-28 07:13:42,5,5
222856802010661,171000701010661,2008,34,1,27,193.0,2.0,1,LIVU,1,LIVU,1,2010-03-01 11:10:38,2012-02-28 07:12:48,5,5
1315651373290487,719908785290487,2021,34,1,25,694.0,4.0,2,LOJA,1,LOJA,1,2023-05-30 11:40:52,,8,3
1315652026290487,719908658290487,2021,34,1,19,1004.0,1.0,2,HEHE,1,HEHE,1,2023-05-30 11:40:55,,8,3
1315652027290487,719908658290487,2021,34,1,19,1004.0,3.0,2,HEHE,1,HEHE,1,2023-05-30 11:40:55,,8,3
1315652028290487,719908658290487,2021,34,1,19,1004.0,1.0,2,LIVU,1,LIVU,2,2023-05-30 11:40:55,,8,3
1315652029290487,719908658290487,2021,34,1,19,1004.0,1.0,2,LOJA,1,LOJA,1,2023-05-30 11:40:55,,8,3
1315652030290487,719908658290487,2021,34,1,19,1004.0,3.0,2,LOJA,1,LOJA,2,2023-05-30 11:40:55,,8,3
1315652031290487,719908658290487,2021,34,1,19,1004.0,1.0,2,MIVI,1,MIVI,1,2023-05-30 11:40:55,,8,3
1315652032290487,719908658290487,2021,34,1,19,1004.0,3.0,2,MIVI,1,MIVI,10,2023-05-30 11:40:55,,8,3
1315652033290487,719908658290487,2021,34,1,19,1004.0,3.0,2,POCU6,1,POCU6,1,2023-05-30 11:40:55,,8,3
1315652034290487,719908658290487,2021,34,1,19,1004.0,1.0,2,ROMU,1,ROMU,1,2023-05-30 11:40:55,,8,3
1315652035290487,719908658290487,2021,34,1,19,1004.0,3.0,2,ROMU,1,ROMU,3,2023-05-30 11:40:55,,8,3
1315653006290487,719908762290487,2021,34,1,35,1165.0,1.0,1,CEOR7,1,CEOR7,1,2023-05-30 11:40:59,,8,3
1315653007290487,719908762290487,2021,34,1,35,1165.0,1.0,1,ELUM,1,ELUM,1,2023-05-30 11:40:59,,8,3
1315653008290487,719908762290487,2021,34,1,35,1165.0,2.0,1,ELUM,1,ELUM,1,2023-05-30 11:40:59,,8,3
1315653009290487,719908762290487,2021,34,1,35,1165.0,4.0,1,ELUM,1,ELUM,2,2023-05-30 11:40:59,,8,3
1315653010290487,719908762290487,2021,34,1,35,1165.0,1.0,1,LOJA,1,LOJA,2,2023-05-30 11:40:59,,8,3
1315653011290487,719908762290487,2021,34,1,35,1165.0,2.0,1,LOJA,1,LOJA,4,2023-05-30 11:40:59,,8,3
1315653012290487,719908762290487,2021,34,1,35,1165.0,4.0,1,LOJA,1,LOJA,4,2023-05-30 11:40:59,,8,3
1315653013290487,719908762290487,2021,34,1,35,1165.0,1.0,1,LOMO2,1,LOMO2,1,2023-05-30 11:40:59,,8,3
1315653014290487,719908762290487,2021,34,1,35,1165.0,2.0,1,LOMO2,1,LOMO2,1,2023-05-30 11:40:59,,8,3
1315653015290487,719908762290487,2021,34,1,35,1165.0,4.0,1,LOMO2,1,LOMO2,1,2023-05-30 11:40:59,,8,3
1315653016290487,719908762290487,2021,34,1,35,1165.0,1.0,1,MIVI,1,MIVI,5,2023-05-30 11:40:59,,8,3
1315653017290487,719908762290487,2021,34,1,35,1165.0,2.0,1,MIVI,1,MIVI,45,2023-05-30 11:40:59,,8,3
1315653018290487,719908762290487,2021,34,1,35,1165.0,4.0,1,MIVI,1,MIVI,40,2023-05-30 11:40:59,,8,3
1315653019290487,719908762290487,2021,34,1,35,1165.0,1.0,1,ROMU,1,ROMU,1,2023-05-30 11:40:59,,8,3
1315652456290487,719908668290487,2021,34,1,33,278.0,2.0,1,BETH,1,BETH,1,2023-05-30 11:40:57,,8,3
1315652457290487,719908668290487,2021,34,1,33,278.0,1.0,1,LOJA,1,LOJA,21,2023-05-30 11:40:57,,8,3
1315652458290487,719908668290487,2021,34,1,33,278.0,2.0,1,LOJA,1,LOJA,56,2023-05-30 11:40:57,,8,3
1315652459290487,719908668290487,2021,34,1,33,278.0,4.0,1,LOJA,1,LOJA,50,2023-05-30 11:40:57,,8,3
1315652460290487,719908668290487,2021,34,1,33,278.0,1.0,1,MIVI,1,MIVI,1,2023-05-30 11:40:57,,8,3
1315652461290487,719908668290487,2021,34,1,33,278.0,2.0,1,MIVI,1,MIVI,1,2023-05-30 11:40:57,,8,3
1315652462290487,719908668290487,2021,34,1,33,278.0,4.0,1,PHAU7,1,PHAU7,25,2023-05-30 11:40:57,,8,3
1315652463290487,719908668290487,2021,34,1,33,278.0,1.0,1,ROMU,1,ROMU,8,2023-05-30 11:40:57,,8,3
1315652464290487,719908668290487,2021,34,1,33,278.0,2.0,1,ROMU,1,ROMU,3,2023-05-30 11:40:57,,8,3
1315652465290487,719908668290487,2021,34,1,33,278.0,4.0,1,ROMU,1,ROMU,2,2023-05-30 11:40:57,,8,3
1673297122290487,815141213290487,2022,34,1,29,1008.0,1.0,1,ELUM,1,ELUM,1,2024-08-30 06:43:28,,8,4
1673297123290487,815141213290487,2022,34,1,29,1008.0,1.0,1,MIVI,1,MIVI,1,2024-08-30 06:43:28,,8,4
1673297121290487,815141213290487,2022,34,1,29,1008.0,1.0,1,CEOR7,1,CEOR7,1,2024-08-30 06:43:28,,8,4
1673297221290487,815141225290487,2022,34,1,31,740.0,3.0,1,BETH,1,BETH,2,2024-08-30 06:43:29,,8,4
1673297222290487,815141225290487,2022,34,1,31,740.0,2.0,1,CEOR7,1,CEOR7,1,2024-08-30 06:43:29,,8,4
1673297223290487,815141225290487,2022,34,1,31,740.0,1.0,1,MIVI,1,MIVI,1,2024-08-30 06:43:29,,8,4
1673297224290487,815141225290487,2022,34,1,31,740.0,3.0,1,MIVI,1,MIVI,1,2024-08-30 06:43:29,,8,4
1673297702290487,815141135290487,2022,34,1,37,463.0,1.0,1,AIAL,1,AIAL,1,2024-08-30 06:43:31,,8,4
1673297703290487,815141135290487,2022,34,1,37,463.0,2.0,1,AIAL,1,AIAL,3,2024-08-30 06:43:31,,8,4
1673297704290487,815141135290487,2022,34,1,37,463.0,1.0,1,ALPE4,1,ALPE4,8,2024-08-30 06:43:31,,8,4
1673297706290487,815141135290487,2022,34,1,37,463.0,4.0,1,ALPE4,1,ALPE4,39,2024-08-30 06:43:31,,8,4
1673297707290487,815141135290487,2022,34,1,37,463.0,1.0,1,BETH,1,BETH,4,2024-08-30 06:43:31,,8,4
1673297708290487,815141135290487,2022,34,1,37,463.0,2.0,1,BETH,1,BETH,2,2024-08-30 06:43:31,,8,4
1673297709290487,815141135290487,2022,34,1,37,463.0,3.0,1,BETH,1,BETH,1,2024-08-30 06:43:31,,8,4
1673297710290487,815141135290487,2022,34,1,37,463.0,4.0,1,BETH,1,BETH,3,2024-08-30 06:43:31,,8,4
1673297711290487,815141135290487,2022,34,1,37,463.0,1.0,1,CEOR7,1,CEOR7,2,2024-08-30 06:43:31,,8,4
1673297712290487,815141135290487,2022,34,1,37,463.0,2.0,1,CEOR7,1,CEOR7,1,2024-08-30 06:43:31,,8,4
1673297713290487,815141135290487,2022,34,1,37,463.0,3.0,1,CEOR7,1,CEOR7,1,2024-08-30 06:43:31,,8,4
1673297714290487,815141135290487,2022,34,1,37,463.0,4.0,1,CEOR7,1,CEOR7,1,2024-08-30 06:43:31,,8,4
1673297715290487,815141135290487,2022,34,1,37,463.0,1.0,1,LOMO2,1,LOMO2,1,2024-08-30 06:43:31,,8,4
1673297716290487,815141135290487,2022,34,1,37,463.0,2.0,1,LOMO2,1,LOMO2,1,2024-08-30 06:43:31,,8,4
1673297717290487,815141135290487,2022,34,1,37,463.0,1.0,1,ROMU,1,ROMU,1,2024-08-30 06:43:31,,8,4
1232383823290487,602955456126144,2020,34,1,5,743.0,1.0,1,ELUM,1,ELUM,3,2022-08-08 15:07:32,,8,2
1673297718290487,815141135290487,2022,34,1,37,463.0,2.0,1,ROMU,1,ROMU,1,2024-08-30 06:43:31,,8,4
1673297719290487,815141135290487,2022,34,1,37,463.0,4.0,1,ROMU,1,ROMU,1,2024-08-30 06:43:31,,8,4
1673298033290487,815141143290487,2022,34,1,37,324.0,1.0,1,ALPE4,1,ALPE4,3,2024-08-30 06:43:32,,8,4
1673298034290487,815141143290487,2022,34,1,37,324.0,2.0,1,ALPE4,1,ALPE4,85,2024-08-30 06:43:32,,8,4
1673298035290487,815141143290487,2022,34,1,37,324.0,3.0,1,ALPE4,1,ALPE4,10,2024-08-30 06:43:32,,8,4
1673298036290487,815141143290487,2022,34,1,37,324.0,4.0,1,ALPE4,1,ALPE4,40,2024-08-30 06:43:32,,8,4
1673298037290487,815141143290487,2022,34,1,37,324.0,1.0,1,BETH,1,BETH,1,2024-08-30 06:43:32,,8,4
1673298038290487,815141143290487,2022,34,1,37,324.0,2.0,1,BETH,1,BETH,3,2024-08-30 06:43:32,,8,4
1673298039290487,815141143290487,2022,34,1,37,324.0,3.0,1,BETH,1,BETH,1,2024-08-30 06:43:32,,8,4
1673298040290487,815141143290487,2022,34,1,37,324.0,4.0,1,BETH,1,BETH,1,2024-08-30 06:43:32,,8,4
1673298041290487,815141143290487,2022,34,1,37,324.0,1.0,1,CEOR7,1,CEOR7,35,2024-08-30 06:43:32,,8,4
1673298042290487,815141143290487,2022,34,1,37,324.0,2.0,1,CEOR7,1,CEOR7,75,2024-08-30 06:43:32,,8,4
1673298043290487,815141143290487,2022,34,1,37,324.0,3.0,1,CEOR7,1,CEOR7,3,2024-08-30 06:43:32,,8,4
1673298044290487,815141143290487,2022,34,1,37,324.0,4.0,1,CEOR7,1,CEOR7,10,2024-08-30 06:43:32,,8,4
1673298045290487,815141143290487,2022,34,1,37,324.0,1.0,1,ELUM,1,ELUM,1,2024-08-30 06:43:32,,8,4
1673298046290487,815141143290487,2022,34,1,37,324.0,2.0,1,ELUM,1,ELUM,4,2024-08-30 06:43:32,,8,4
1673298047290487,815141143290487,2022,34,1,37,324.0,4.0,1,ELUM,1,ELUM,1,2024-08-30 06:43:32,,8,4
1673298048290487,815141143290487,2022,34,1,37,324.0,1.0,1,LONIC,1,LONIC,4,2024-08-30 06:43:32,,8,4
1673298049290487,815141143290487,2022,34,1,37,324.0,2.0,1,LONIC,1,LONIC,1,2024-08-30 06:43:32,,8,4
1673298050290487,815141143290487,2022,34,1,37,324.0,3.0,1,LONIC,1,LONIC,25,2024-08-30 06:43:32,,8,4
1673298051290487,815141143290487,2022,34,1,37,324.0,4.0,1,LONIC,1,LONIC,3,2024-08-30 06:43:32,,8,4
1673298052290487,815141143290487,2022,34,1,37,324.0,1.0,1,MIVI,1,MIVI,5,2024-08-30 06:43:32,,8,4
1673298053290487,815141143290487,2022,34,1,37,324.0,4.0,1,MIVI,1,MIVI,8,2024-08-30 06:43:32,,8,4
1673298054290487,815141143290487,2022,34,1,37,324.0,1.0,1,RHCA3,1,RHCA3,4,2024-08-30 06:43:32,,8,4
1673298055290487,815141143290487,2022,34,1,37,324.0,3.0,1,RHCA3,1,RHCA3,12,2024-08-30 06:43:32,,8,4
1673298056290487,815141143290487,2022,34,1,37,324.0,4.0,1,RHCA3,1,RHCA3,1,2024-08-30 06:43:32,,8,4
1673298057290487,815141143290487,2022,34,1,37,324.0,1.0,1,ROMU,1,ROMU,5,2024-08-30 06:43:32,,8,4
1673298058290487,815141143290487,2022,34,1,37,324.0,2.0,1,ROMU,1,ROMU,10,2024-08-30 06:43:32,,8,4
1673298059290487,815141143290487,2022,34,1,37,324.0,3.0,1,ROMU,1,ROMU,8,2024-08-30 06:43:32,,8,4
1673298060290487,815141143290487,2022,34,1,37,324.0,4.0,1,ROMU,1,ROMU,2,2024-08-30 06:43:32,,8,4
1673298309290487,815141082290487,2022,34,1,27,941.0,4.0,3,ALPE4,1,ALPE4,2,2024-08-30 06:43:33,,8,4
1673298310290487,815141082290487,2022,34,1,27,941.0,4.0,3,BETH,1,BETH,1,2024-08-30 06:43:33,,8,4
1673298311290487,815141082290487,2022,34,1,27,941.0,4.0,3,CEOR7,1,CEOR7,1,2024-08-30 06:43:33,,8,4
1673298312290487,815141082290487,2022,34,1,27,941.0,4.0,3,HEMA3,1,HEMA3,1,2024-08-30 06:43:33,,8,4
1673298313290487,815141082290487,2022,34,1,27,941.0,4.0,3,LOJA,1,LOJA,5,2024-08-30 06:43:33,,8,4
1673298314290487,815141082290487,2022,34,1,27,941.0,4.0,3,LOMA6,1,LOMA6,5,2024-08-30 06:43:33,,8,4
1673298315290487,815141082290487,2022,34,1,27,941.0,4.0,3,LOMO2,1,LOMO2,1,2024-08-30 06:43:33,,8,4
1673298316290487,815141082290487,2022,34,1,27,941.0,4.0,3,ROMU,1,ROMU,2,2024-08-30 06:43:33,,8,4
1801586936290487,1097566558290487,2023,34,1,19,637.0,4.0,1,CEOR7,1,CEOR7,3,2025-02-25 07:42:48,,8,5
1801586937290487,1097566558290487,2023,34,1,19,637.0,4.0,1,ELUM,1,ELUM,1,2025-02-25 07:42:48,,8,5
1801586938290487,1097566558290487,2023,34,1,19,637.0,4.0,1,LOJA,1,LOJA,15,2025-02-25 07:42:48,,8,5
1801586939290487,1097566558290487,2023,34,1,19,637.0,3.0,1,LOMO2,1,LOMO2,1,2025-02-25 07:42:48,,8,5
1801586940290487,1097566558290487,2023,34,1,19,637.0,1.0,1,PHAR3,1,PHAR3,85,2025-02-25 07:42:48,,8,5
1801586941290487,1097566558290487,2023,34,1,19,637.0,2.0,1,PHAR3,1,PHAR3,30,2025-02-25 07:42:48,,8,5
1801586942290487,1097566558290487,2023,34,1,19,637.0,3.0,1,PHAR3,1,PHAR3,90,2025-02-25 07:42:48,,8,5
1801586943290487,1097566558290487,2023,34,1,19,637.0,4.0,1,PHAR3,1,PHAR3,2,2025-02-25 07:42:48,,8,5
1801586944290487,1097566558290487,2023,34,1,19,637.0,2.0,1,ROMU,1,ROMU,1,2025-02-25 07:42:48,,8,5
1801586945290487,1097566558290487,2023,34,1,19,637.0,4.0,1,ROMU,1,ROMU,55,2025-02-25 07:42:48,,8,5
1801585525290487,1097566614290487,2023,34,1,19,1177.0,1.0,1,BETH,1,BETH,1,2025-02-25 07:42:44,,8,5
1801585526290487,1097566614290487,2023,34,1,19,1177.0,3.0,1,BETH,1,BETH,12,2025-02-25 07:42:44,,8,5
1801585527290487,1097566614290487,2023,34,1,19,1177.0,1.0,1,CEOR7,1,CEOR7,5,2025-02-25 07:42:44,,8,5
1801585528290487,1097566614290487,2023,34,1,19,1177.0,3.0,1,CEOR7,1,CEOR7,1,2025-02-25 07:42:44,,8,5
1801585529290487,1097566614290487,2023,34,1,19,1177.0,1.0,1,ELUM,1,ELUM,50,2025-02-25 07:42:44,,8,5
1801585530290487,1097566614290487,2023,34,1,19,1177.0,1.0,1,LIVU,1,LIVU,1,2025-02-25 07:42:44,,8,5
1801585531290487,1097566614290487,2023,34,1,19,1177.0,3.0,1,LIVU,1,LIVU,2,2025-02-25 07:42:44,,8,5
1801585532290487,1097566614290487,2023,34,1,19,1177.0,1.0,1,LOJA,1,LOJA,60,2025-02-25 07:42:44,,8,5
1801585533290487,1097566614290487,2023,34,1,19,1177.0,3.0,1,LOJA,1,LOJA,30,2025-02-25 07:42:44,,8,5
1801585534290487,1097566614290487,2023,34,1,19,1177.0,1.0,1,LOMO2,1,LOMO2,3,2025-02-25 07:42:44,,8,5
1801585535290487,1097566614290487,2023,34,1,19,1177.0,3.0,1,LOMO2,1,LOMO2,4,2025-02-25 07:42:44,,8,5
1801585536290487,1097566614290487,2023,34,1,19,1177.0,1.0,1,MIVI,1,MIVI,4,2025-02-25 07:42:44,,8,5
1801585537290487,1097566614290487,2023,34,1,19,1177.0,3.0,1,MIVI,1,MIVI,1,2025-02-25 07:42:44,,8,5
1801585538290487,1097566614290487,2023,34,1,19,1177.0,1.0,1,ROMU,1,ROMU,15,2025-02-25 07:42:44,,8,5
1801585539290487,1097566614290487,2023,34,1,19,1177.0,3.0,1,ROMU,1,ROMU,72,2025-02-25 07:42:44,,8,5
1801585522290487,1097566614290487,2023,34,1,19,1177.0,3.0,1,ACPL,1,ACPL,1,2025-02-25 07:42:44,,8,5
1673297705290487,815141135290487,2022,34,1,37,463.0,2.0,1,ALPE4,1,ALPE4,5,2024-08-30 06:43:31,,8,4
1801585523290487,1097566614290487,2023,34,1,19,1177.0,1.0,1,ALPE4,1,ALPE4,2,2025-02-25 07:42:44,,8,5
1801585524290487,1097566614290487,2023,34,1,19,1177.0,3.0,1,ALPE4,1,ALPE4,1,2025-02-25 07:42:44,,8,5
1801586424290487,1097566654290487,2023,34,1,5,405.0,2.0,1,CEOR7,1,CEOR7,1,2025-02-25 07:42:47,,8,5
1801586425290487,1097566654290487,2023,34,1,5,405.0,4.0,1,CEOR7,1,CEOR7,1,2025-02-25 07:42:47,,8,5
245793416010661,168988903010661,2010,34,1,41,37.0,3.0,1,ALPE4,1,ALPE4,1,2011-02-28 11:44:07,,6,2
222856994010661,122559619010661,2007,34,1,37,324.0,1.0,1,CEOR7,1,CEOR7,3,2010-03-01 11:10:46,2012-02-28 07:14:37,5,4
222856999010661,122559619010661,2007,34,1,37,324.0,1.0,1,LOJA,1,LOJA,1,2010-03-01 11:10:46,2012-02-28 07:13:13,5,4
222857000010661,122559619010661,2007,34,1,37,324.0,1.0,1,LOMO2,1,LOMO2,3,2010-03-01 11:10:46,2012-02-28 07:11:55,5,4
222857003010661,122559619010661,2007,34,1,37,324.0,1.0,1,MIVI,1,MIVI,30,2010-03-01 11:10:46,2012-02-28 07:14:37,5,4
222857005010661,122559619010661,2007,34,1,37,324.0,1.0,1,ROMU,1,ROMU,8,2010-03-01 11:10:46,2012-02-28 07:13:40,5,4
222856991010661,122559619010661,2007,34,1,37,324.0,2.0,1,ALPE4,1,ALPE4,5,2010-03-01 11:10:46,2012-02-28 07:14:08,5,4
222856995010661,122559619010661,2007,34,1,37,324.0,2.0,1,CEOR7,1,CEOR7,10,2010-03-01 11:10:46,2012-02-28 07:14:37,5,4
222856996010661,122559619010661,2007,34,1,37,324.0,2.0,1,ELUM,1,ELUM,20,2010-03-01 11:10:46,2012-02-28 07:11:31,5,4
222856997010661,122559619010661,2007,34,1,37,324.0,2.0,1,FRAL4,1,FRAL4,5,2010-03-01 11:10:46,2012-02-28 07:14:37,5,4
222857006010661,122559619010661,2007,34,1,37,324.0,2.0,1,ROMU,1,ROMU,15,2010-03-01 11:10:46,2012-02-28 07:13:40,5,4
222856998010661,122559619010661,2007,34,1,37,324.0,3.0,1,FRAL4,1,FRAL4,3,2010-03-01 11:10:46,2012-02-28 07:14:37,5,4
222857001010661,122559619010661,2007,34,1,37,324.0,3.0,1,LOMO2,1,LOMO2,5,2010-03-01 11:10:46,2012-02-28 07:11:55,5,4
222857007010661,122559619010661,2007,34,1,37,324.0,3.0,1,ROMU,1,ROMU,18,2010-03-01 11:10:46,2012-02-28 07:13:40,5,4
222856992010661,122559619010661,2007,34,1,37,324.0,4.0,1,ALPE4,1,ALPE4,5,2010-03-01 11:10:46,2012-02-28 07:14:08,5,4
222857002010661,122559619010661,2007,34,1,37,324.0,4.0,1,LOMO2,1,LOMO2,20,2010-03-01 11:10:46,2012-02-28 07:11:55,5,4
222857004010661,122559619010661,2007,34,1,37,324.0,4.0,1,MIVI,1,MIVI,10,2010-03-01 11:10:46,2012-02-28 07:14:37,5,4
222857008010661,122559619010661,2007,34,1,37,324.0,4.0,1,ROMU,1,ROMU,5,2010-03-01 11:10:46,2012-02-28 07:13:40,5,4
222856990010661,122559619010661,2007,34,1,37,324.0,1.0,1,ALPE4,1,ALPE4,10,2010-03-01 11:10:46,2012-02-28 07:14:08,5,4
222856880010661,122559613010661,2007,34,1,11,155.0,3.0,2,LOJA,1,LOJA,2,2010-03-01 11:10:46,2012-02-28 07:13:43,5,4
222856881010661,122559613010661,2007,34,1,11,155.0,3.0,2,ROMU,1,ROMU,17,2010-03-01 11:10:46,2012-02-28 07:14:40,5,4
222856931010661,122558656010661,2007,34,1,23,983.0,1.0,2,ROMU,1,ROMU,5,2010-03-01 11:10:46,2012-02-28 07:05:44,5,4
222856930010661,122558656010661,2007,34,1,23,983.0,3.0,2,LOJA,1,LOJA,1,2010-03-01 11:10:46,2012-02-29 11:15:33,5,4
222856932010661,122558656010661,2007,34,1,23,983.0,3.0,2,ROMU,1,ROMU,3,2010-03-01 11:10:46,2012-02-28 07:06:39,5,4
222856897010661,122559486010661,2007,34,1,21,274.0,1.0,1,ALPE4,1,ALPE4,50,2010-03-01 11:10:46,2012-02-28 07:12:21,5,4
222856901010661,122559486010661,2007,34,1,21,274.0,1.0,1,CEOR7,1,CEOR7,2,2010-03-01 11:10:46,2012-02-28 07:12:21,5,4
222856905010661,122559486010661,2007,34,1,21,274.0,1.0,1,LIVU,1,LIVU,1,2010-03-01 11:10:46,2012-02-28 07:12:21,5,4
222856908010661,122559486010661,2007,34,1,21,274.0,1.0,1,LOJA,1,LOJA,10,2010-03-01 11:10:46,2012-02-28 07:11:58,5,4
222856912010661,122559486010661,2007,34,1,21,274.0,1.0,1,LOMA6,1,LOMA6,2,2010-03-01 11:10:46,2012-02-28 07:13:16,5,4
222856914010661,122559486010661,2007,34,1,21,274.0,1.0,1,MIVI,1,MIVI,3,2010-03-01 11:10:46,2012-02-28 07:12:49,5,4
222856918010661,122559486010661,2007,34,1,21,274.0,1.0,1,ROMU,1,ROMU,60,2010-03-01 11:10:46,2012-02-28 07:11:33,5,4
222856898010661,122559486010661,2007,34,1,21,274.0,2.0,1,ALPE4,1,ALPE4,5,2010-03-01 11:10:46,2012-02-28 07:12:21,5,4
222856902010661,122559486010661,2007,34,1,21,274.0,2.0,1,CEOR7,1,CEOR7,5,2010-03-01 11:10:46,2012-02-28 07:12:21,5,4
222856909010661,122559486010661,2007,34,1,21,274.0,2.0,1,LOJA,1,LOJA,5,2010-03-01 11:10:46,2012-02-28 07:11:58,5,4
222856915010661,122559486010661,2007,34,1,21,274.0,2.0,1,MIVI,1,MIVI,5,2010-03-01 11:10:46,2012-02-28 07:12:49,5,4
222856919010661,122559486010661,2007,34,1,21,274.0,2.0,1,ROMU,1,ROMU,60,2010-03-01 11:10:46,2012-02-28 07:11:33,5,4
222856899010661,122559486010661,2007,34,1,21,274.0,3.0,1,ALPE4,1,ALPE4,8,2010-03-01 11:10:46,2012-02-28 07:12:21,5,4
222856903010661,122559486010661,2007,34,1,21,274.0,3.0,1,CEOR7,1,CEOR7,3,2010-03-01 11:10:46,2012-02-28 07:12:21,5,4
222856906010661,122559486010661,2007,34,1,21,274.0,3.0,1,LIVU,1,LIVU,5,2010-03-01 11:10:46,2012-02-28 07:12:21,5,4
222856910010661,122559486010661,2007,34,1,21,274.0,3.0,1,LOJA,1,LOJA,8,2010-03-01 11:10:46,2012-02-28 07:11:58,5,4
222856916010661,122559486010661,2007,34,1,21,274.0,3.0,1,MIVI,1,MIVI,3,2010-03-01 11:10:46,2012-02-28 07:12:49,5,4
222856920010661,122559486010661,2007,34,1,21,274.0,3.0,1,ROMU,1,ROMU,55,2010-03-01 11:10:46,2012-02-28 07:11:33,5,4
222856900010661,122559486010661,2007,34,1,21,274.0,4.0,1,ALPE4,1,ALPE4,8,2010-03-01 11:10:46,2012-02-28 07:12:21,5,4
222856883010661,122559663010661,2007,34,1,19,551.0,1.0,1,ALPE4,1,ALPE4,1,2010-03-01 11:10:46,2012-02-28 07:11:33,5,4
222856885010661,122559663010661,2007,34,1,19,551.0,1.0,1,BETH,1,BETH,1,2010-03-01 11:10:46,2012-02-28 07:13:43,5,4
222856889010661,122559663010661,2007,34,1,19,551.0,1.0,1,LOJA,1,LOJA,25,2010-03-01 11:10:46,2012-02-28 07:14:40,5,4
222856892010661,122559663010661,2007,34,1,19,551.0,1.0,1,MIVI,1,MIVI,35,2010-03-01 11:10:46,2012-02-28 07:14:11,5,4
222856895010661,122559663010661,2007,34,1,19,551.0,1.0,1,ROMU,1,ROMU,20,2010-03-01 11:10:46,2012-02-28 07:13:16,5,4
222856882010661,122559663010661,2007,34,1,19,551.0,2.0,1,AIAL,1,AIAL,3,2010-03-01 11:10:46,2012-02-28 07:12:49,5,4
222856884010661,122559663010661,2007,34,1,19,551.0,2.0,1,ALPE4,1,ALPE4,4,2010-03-01 11:10:46,2012-02-28 07:11:33,5,4
222856886010661,122559663010661,2007,34,1,19,551.0,2.0,1,BETH,1,BETH,3,2010-03-01 11:10:46,2012-02-28 07:13:43,5,4
222856890010661,122559663010661,2007,34,1,19,551.0,2.0,1,LOJA,1,LOJA,1,2010-03-01 11:10:46,2012-02-28 07:14:40,5,4
222856893010661,122559663010661,2007,34,1,19,551.0,2.0,1,MIVI,1,MIVI,30,2010-03-01 11:10:46,2012-02-28 07:14:11,5,4
222856887010661,122559663010661,2007,34,1,19,551.0,4.0,1,BETH,1,BETH,2,2010-03-01 11:10:46,2012-02-28 07:13:43,5,4
222856888010661,122559663010661,2007,34,1,19,551.0,4.0,1,ELUM,1,ELUM,7,2010-03-01 11:10:46,2012-02-28 07:13:16,5,4
222856891010661,122559663010661,2007,34,1,19,551.0,4.0,1,LOJA,1,LOJA,3,2010-03-01 11:10:46,2012-02-28 07:14:40,5,4
222856894010661,122559663010661,2007,34,1,19,551.0,4.0,1,MIVI,1,MIVI,2,2010-03-01 11:10:46,2012-02-28 07:14:11,5,4
222856896010661,122559663010661,2007,34,1,19,551.0,4.0,1,ROMU,1,ROMU,5,2010-03-01 11:10:46,2012-02-28 07:13:16,5,4
222856985010661,122558496010661,2007,34,1,29,980.0,1.0,1,ACPL,1,ACPL,5,2010-03-01 11:10:46,2012-02-28 07:14:11,5,4
222856987010661,122558496010661,2007,34,1,29,980.0,1.0,1,LOJA,1,LOJA,40,2010-03-01 11:10:46,2012-02-28 07:14:11,5,4
222856989010661,122558496010661,2007,34,1,29,980.0,1.0,1,ROMU,1,ROMU,1,2010-03-01 11:10:46,2012-02-28 07:14:40,5,4
222856986010661,122558496010661,2007,34,1,29,980.0,3.0,1,ACPL,1,ACPL,1,2010-03-01 11:10:46,2012-02-28 07:14:11,5,4
222856988010661,122558496010661,2007,34,1,29,980.0,3.0,1,LOJA,1,LOJA,1,2010-03-01 11:10:46,2012-02-28 07:14:11,5,4
222856866010661,122559685010661,2007,34,1,9,385.0,2.0,1,PHAU7,1,PHAU7,90,2010-03-01 11:10:46,2012-02-28 07:13:16,5,4
222856862010661,122559685010661,2007,34,1,9,385.0,4.0,1,LOJA,1,LOJA,20,2010-03-01 11:10:46,2012-02-28 07:12:21,5,4
222856864010661,122559685010661,2007,34,1,9,385.0,4.0,1,LOMO2,1,LOMO2,20,2010-03-01 11:10:46,2012-02-28 07:12:21,5,4
222856867010661,122559685010661,2007,34,1,9,385.0,4.0,1,PHAU7,1,PHAU7,10,2010-03-01 11:10:46,2012-02-28 07:13:16,5,4
222856869010661,122559685010661,2007,34,1,9,385.0,4.0,1,ROMU,1,ROMU,20,2010-03-01 11:10:46,2012-02-28 07:11:33,5,4
222856861010661,122559685010661,2007,34,1,9,385.0,1.0,1,LOJA,1,LOJA,60,2010-03-01 11:10:46,2012-02-28 07:12:21,5,4
222856863010661,122559685010661,2007,34,1,9,385.0,1.0,1,LOMO2,1,LOMO2,30,2010-03-01 11:10:46,2012-02-28 07:12:21,5,4
222856865010661,122559685010661,2007,34,1,9,385.0,1.0,1,PHAU7,1,PHAU7,40,2010-03-01 11:10:46,2012-02-28 07:13:16,5,4
222856868010661,122559685010661,2007,34,1,9,385.0,1.0,1,ROMU,1,ROMU,1,2010-03-01 11:10:46,2012-02-28 07:11:33,5,4
222857009010661,122559673010661,2007,34,1,41,438.0,2.0,1,MIVI,1,MIVI,6,2010-03-01 11:10:46,2012-02-28 07:12:21,5,4
222857010010661,122559673010661,2007,34,1,41,438.0,2.0,1,ROMU,1,ROMU,1,2010-03-01 11:10:46,2012-02-28 07:12:49,5,4
222856858010661,122559506010661,2007,34,1,5,405.0,1.0,1,LOJA,1,LOJA,1,2010-03-01 11:10:46,2012-02-29 11:15:29,5,4
222856859010661,122559506010661,2007,34,1,5,405.0,2.0,1,LOJA,1,LOJA,4,2010-03-01 11:10:46,2012-02-28 07:07:24,5,4
222856860010661,122559506010661,2007,34,1,5,405.0,4.0,1,LOJA,1,LOJA,1,2010-03-01 11:10:46,2012-02-28 07:05:44,5,4
222856974010661,122559727010661,2007,34,1,27,58.0,1.0,1,2SHRUB,3,LONIC,80,2010-03-01 11:10:46,2012-02-28 07:03:05,5,4
222856978010661,122559727010661,2007,34,1,27,58.0,1.0,1,ALPE4,1,ALPE4,10,2010-03-01 11:10:46,2012-02-28 07:06:11,5,4
222856983010661,122559727010661,2007,34,1,27,58.0,1.0,1,ROMU,1,ROMU,1,2010-03-01 11:10:46,2012-02-28 07:06:39,5,4
222856975010661,122559727010661,2007,34,1,27,58.0,2.0,1,2SHRUB,3,LONIC,45,2010-03-01 11:10:46,2012-02-28 07:03:05,5,4
222856980010661,122559727010661,2007,34,1,27,58.0,2.0,1,BETH,1,BETH,1,2010-03-01 11:10:46,2012-02-29 11:15:29,5,4
222856976010661,122559727010661,2007,34,1,27,58.0,3.0,1,2SHRUB,3,LONIC,35,2010-03-01 11:10:46,2012-02-28 07:02:59,5,4
222856979010661,122559727010661,2007,34,1,27,58.0,3.0,1,ALPE4,1,ALPE4,15,2010-03-01 11:10:46,2012-02-28 07:06:53,5,4
222856982010661,122559727010661,2007,34,1,27,58.0,3.0,1,LOJA,1,LOJA,1,2010-03-01 11:10:46,2012-02-29 11:15:33,5,4
222856984010661,122559727010661,2007,34,1,27,58.0,3.0,1,ROMU,1,ROMU,1,2010-03-01 11:10:46,2012-02-29 11:15:29,5,4
152864429020004,122559727010661,2007,34,1,27,58.0,3.0,1,CEOR,1,CEOR7,4,2012-12-07 10:11:45,,5,4
152864430020004,122559727010661,2007,34,1,27,58.0,2.0,1,CEOR,1,CEOR7,1,2012-12-07 10:11:46,,5,4
152864431020004,122559727010661,2007,34,1,27,58.0,1.0,1,CEOR,1,CEOR7,1,2012-12-07 10:11:46,,5,4
222856977010661,122559727010661,2007,34,1,27,58.0,4.0,1,2SHRUB,3,LONIC,1,2010-03-01 11:10:46,2012-02-29 11:15:29,5,4
222856981010661,122559727010661,2007,34,1,27,58.0,4.0,1,BETH,1,BETH,1,2010-03-01 11:10:46,2012-02-29 11:15:29,5,4
245793417010661,168988903010661,2010,34,1,41,37.0,4.0,1,ALPE4,1,ALPE4,1,2011-02-28 11:44:07,,6,2
245793418010661,168988903010661,2010,34,1,41,37.0,3.0,1,BETH,1,BETH,1,2011-02-28 11:44:07,,6,2
245793419010661,168988903010661,2010,34,1,41,37.0,3.0,1,LOMA6,1,LOMA6,1,2011-02-28 11:44:07,,6,2
245793420010661,168988903010661,2010,34,1,41,37.0,3.0,1,ROMU,1,ROMU,3,2011-02-28 11:44:07,,6,2
245793414010661,168988903010661,2010,34,1,41,37.0,2.0,1,ACPL,1,ACPL,22,2011-02-28 11:44:07,,6,2
245793415010661,168988903010661,2010,34,1,41,37.0,2.0,1,ALPE4,1,ALPE4,1,2011-02-28 11:44:07,,6,2
31531746020004,221354451010661,2011,34,1,9,710.0,3.0,1,PHAU7,1,PHAU7,5,2012-03-27 06:49:41,,6,3
31531752020004,221354453010661,2011,34,1,25,694.0,3.0,1,ALPE4,1,ALPE4,1,2012-03-27 06:49:41,,6,3
31531753020004,221354453010661,2011,34,1,25,694.0,1.0,1,LOJA,1,LOJA,5,2012-03-27 06:49:41,,6,3
31531754020004,221354453010661,2011,34,1,25,694.0,2.0,1,LOJA,1,LOJA,1,2012-03-27 06:49:41,,6,3
31531755020004,221354453010661,2011,34,1,25,694.0,3.0,1,LOJA,1,LOJA,1,2012-03-27 06:49:41,,6,3
31531756020004,221354453010661,2011,34,1,25,694.0,4.0,1,LOJA,1,LOJA,1,2012-03-27 06:49:41,,6,3
31531757020004,221354453010661,2011,34,1,25,694.0,1.0,1,ROPS,1,ROPS,5,2012-03-27 06:49:41,,6,3
31531758020004,221354453010661,2011,34,1,25,694.0,2.0,1,ROPS,1,ROPS,1,2012-03-27 06:49:41,,6,3
31531759020004,221354453010661,2011,34,1,25,694.0,3.0,1,ROPS,1,ROPS,80,2012-03-27 06:49:41,,6,3
31531067020004,221354163010661,2011,34,1,9,385.0,1.0,1,LOJA,1,LOJA,45,2012-03-27 06:49:21,,6,3
31531068020004,221354163010661,2011,34,1,9,385.0,3.0,3,LOJA,1,LOJA,10,2012-03-27 06:49:21,,6,3
31531069020004,221354163010661,2011,34,1,9,385.0,4.0,1,LOJA,1,LOJA,12,2012-03-27 06:49:21,,6,3
31531070020004,221354163010661,2011,34,1,9,385.0,4.0,3,LOJA,1,LOJA,50,2012-03-27 06:49:21,,6,3
31531071020004,221354163010661,2011,34,1,9,385.0,1.0,1,PHAU7,1,PHAU7,15,2012-03-27 06:49:21,,6,3
31531072020004,221354163010661,2011,34,1,9,385.0,1.0,1,ROMU,1,ROMU,10,2012-03-27 06:49:21,,6,3
31531073020004,221354163010661,2011,34,1,9,385.0,3.0,3,ROMU,1,ROMU,30,2012-03-27 06:49:21,,6,3
31531074020004,221354163010661,2011,34,1,9,385.0,4.0,1,ROMU,1,ROMU,14,2012-03-27 06:49:21,,6,3
31531075020004,221354163010661,2011,34,1,9,385.0,4.0,3,ROMU,1,ROMU,55,2012-03-27 06:49:21,,6,3
31531100020004,221354175010661,2011,34,1,41,438.0,2.0,1,ROMU,1,ROMU,1,2012-03-27 06:49:23,,6,3
31531109020004,221354179010661,2011,34,1,37,324.0,1.0,1,ALPE4,1,ALPE4,1,2012-03-27 06:49:23,,6,3
31531110020004,221354179010661,2011,34,1,37,324.0,4.0,1,ALPE4,1,ALPE4,1,2012-03-27 06:49:23,,6,3
31531111020004,221354179010661,2011,34,1,37,324.0,1.0,1,BETH,1,BETH,1,2012-03-27 06:49:23,,6,3
31531112020004,221354179010661,2011,34,1,37,324.0,4.0,1,BETH,1,BETH,1,2012-03-27 06:49:23,,6,3
31531113020004,221354179010661,2011,34,1,37,324.0,1.0,1,CEOR7,1,CEOR7,1,2012-03-27 06:49:23,,6,3
31531114020004,221354179010661,2011,34,1,37,324.0,2.0,1,CEOR7,1,CEOR7,10,2012-03-27 06:49:23,,6,3
31531115020004,221354179010661,2011,34,1,37,324.0,4.0,1,CEOR7,1,CEOR7,1,2012-03-27 06:49:23,,6,3
31531116020004,221354179010661,2011,34,1,37,324.0,2.0,1,ELUM,1,ELUM,40,2012-03-27 06:49:23,,6,3
31531117020004,221354179010661,2011,34,1,37,324.0,2.0,1,LOMO2,1,LOMO2,10,2012-03-27 06:49:23,,6,3
31531118020004,221354179010661,2011,34,1,37,324.0,3.0,1,LOMO2,1,LOMO2,10,2012-03-27 06:49:23,,6,3
31531119020004,221354179010661,2011,34,1,37,324.0,4.0,1,LOMO2,1,LOMO2,10,2012-03-27 06:49:23,,6,3
31531120020004,221354179010661,2011,34,1,37,324.0,1.0,1,ROMU,1,ROMU,30,2012-03-27 06:49:23,,6,3
31531121020004,221354179010661,2011,34,1,37,324.0,2.0,1,ROMU,1,ROMU,20,2012-03-27 06:49:23,,6,3
31531122020004,221354179010661,2011,34,1,37,324.0,3.0,1,ROMU,1,ROMU,10,2012-03-27 06:49:23,,6,3
31531123020004,221354179010661,2011,34,1,37,324.0,4.0,1,ROMU,1,ROMU,1,2012-03-27 06:49:23,,6,3
31531179020004,221354205010661,2011,34,1,41,794.0,4.0,1,ALPE4,1,ALPE4,1,2012-03-27 06:49:25,,6,3
31531180020004,221354205010661,2011,34,1,41,794.0,1.0,1,BETH,1,BETH,1,2012-03-27 06:49:25,,6,3
31531181020004,221354205010661,2011,34,1,41,794.0,2.0,1,BETH,1,BETH,1,2012-03-27 06:49:25,,6,3
31531182020004,221354205010661,2011,34,1,41,794.0,3.0,1,BETH,1,BETH,1,2012-03-27 06:49:25,,6,3
31531183020004,221354205010661,2011,34,1,41,794.0,4.0,1,BETH,1,BETH,1,2012-03-27 06:49:25,,6,3
31531184020004,221354205010661,2011,34,1,41,794.0,1.0,1,ROMU,1,ROMU,1,2012-03-27 06:49:25,,6,3
31531185020004,221354205010661,2011,34,1,41,794.0,2.0,1,ROMU,1,ROMU,1,2012-03-27 06:49:25,,6,3
31531186020004,221354205010661,2011,34,1,41,794.0,4.0,1,ROMU,1,ROMU,10,2012-03-27 06:49:25,,6,3
31531244020004,221354233010661,2011,34,1,33,278.0,1.0,1,LOJA,1,LOJA,40,2012-03-27 06:49:27,,6,3
31531245020004,221354233010661,2011,34,1,33,278.0,2.0,1,LOJA,1,LOJA,40,2012-03-27 06:49:27,,6,3
31531246020004,221354233010661,2011,34,1,33,278.0,4.0,1,LOJA,1,LOJA,42,2012-03-27 06:49:27,,6,3
31531247020004,221354233010661,2011,34,1,33,278.0,1.0,1,MIVI,1,MIVI,40,2012-03-27 06:49:27,,6,3
31531248020004,221354233010661,2011,34,1,33,278.0,2.0,1,MIVI,1,MIVI,10,2012-03-27 06:49:27,,6,3
31531249020004,221354233010661,2011,34,1,33,278.0,4.0,1,MIVI,1,MIVI,1,2012-03-27 06:49:27,,6,3
31531250020004,221354233010661,2011,34,1,33,278.0,1.0,1,ROMU,1,ROMU,4,2012-03-27 06:49:27,,6,3
31531251020004,221354233010661,2011,34,1,33,278.0,2.0,1,ROMU,1,ROMU,3,2012-03-27 06:49:27,,6,3
31531252020004,221354233010661,2011,34,1,33,278.0,4.0,1,ROMU,1,ROMU,5,2012-03-27 06:49:27,,6,3
31531420020004,221354315010661,2011,34,1,35,883.0,1.0,1,ALPE4,1,ALPE4,1,2012-03-27 06:49:33,,6,3
31531421020004,221354315010661,2011,34,1,35,883.0,3.0,1,ALPE4,1,ALPE4,10,2012-03-27 06:49:33,,6,3
31531422020004,221354315010661,2011,34,1,35,883.0,3.0,1,BETH,1,BETH,1,2012-03-27 06:49:33,,6,3
31531423020004,221354315010661,2011,34,1,35,883.0,1.0,1,CEOR7,1,CEOR7,1,2012-03-27 06:49:33,,6,3
31531424020004,221354315010661,2011,34,1,35,883.0,3.0,1,CEOR7,1,CEOR7,10,2012-03-27 06:49:33,,6,3
31531425020004,221354315010661,2011,34,1,35,883.0,1.0,1,ELUM,1,ELUM,1,2012-03-27 06:49:33,,6,3
31531426020004,221354315010661,2011,34,1,35,883.0,1.0,1,LOJA,1,LOJA,10,2012-03-27 06:49:33,,6,3
31531427020004,221354315010661,2011,34,1,35,883.0,3.0,1,LOJA,1,LOJA,1,2012-03-27 06:49:33,,6,3
31531428020004,221354315010661,2011,34,1,35,883.0,1.0,1,MIVI,1,MIVI,1,2012-03-27 06:49:33,,6,3
31531429020004,221354315010661,2011,34,1,35,883.0,1.0,1,ROMU,1,ROMU,1,2012-03-27 06:49:33,,6,3
31531430020004,221354315010661,2011,34,1,35,883.0,3.0,1,ROMU,1,ROMU,20,2012-03-27 06:49:33,,6,3
31531461020004,221354329010661,2011,34,1,21,1216.0,1.0,1,ALPE4,1,ALPE4,3,2012-03-27 06:49:33,,6,3
31531462020004,221354329010661,2011,34,1,21,1216.0,2.0,1,ALPE4,1,ALPE4,2,2012-03-27 06:49:33,,6,3
31531463020004,221354329010661,2011,34,1,21,1216.0,1.0,1,CEOR7,1,CEOR7,20,2012-03-27 06:49:33,,6,3
31531464020004,221354329010661,2011,34,1,21,1216.0,2.0,1,CEOR7,1,CEOR7,10,2012-03-27 06:49:33,,6,3
31531465020004,221354329010661,2011,34,1,21,1216.0,1.0,1,ELUM,1,ELUM,1,2012-03-27 06:49:33,,6,3
31531466020004,221354329010661,2011,34,1,21,1216.0,2.0,1,ELUM,1,ELUM,50,2012-03-27 06:49:33,,6,3
31531467020004,221354329010661,2011,34,1,21,1216.0,1.0,1,LOJA,1,LOJA,1,2012-03-27 06:49:33,,6,3
31531468020004,221354329010661,2011,34,1,21,1216.0,2.0,1,LOJA,1,LOJA,5,2012-03-27 06:49:33,,6,3
31531469020004,221354329010661,2011,34,1,21,1216.0,1.0,1,LOMO2,1,LOMO2,1,2012-03-27 06:49:33,,6,3
31531470020004,221354329010661,2011,34,1,21,1216.0,2.0,1,LOMO2,1,LOMO2,2,2012-03-27 06:49:33,,6,3
31531471020004,221354329010661,2011,34,1,21,1216.0,1.0,1,ROMU,1,ROMU,2,2012-03-27 06:49:33,,6,3
31531472020004,221354329010661,2011,34,1,21,1216.0,2.0,1,ROMU,1,ROMU,3,2012-03-27 06:49:33,,6,3
31531594020004,221354389010661,2011,34,1,25,1105.0,2.0,1,ACPL,1,ACPL,30,2012-03-27 06:49:37,,6,3
31531595020004,221354389010661,2011,34,1,25,1105.0,1.0,1,ALPE4,1,ALPE4,1,2012-03-27 06:49:37,,6,3
31531596020004,221354389010661,2011,34,1,25,1105.0,2.0,1,ALPE4,1,ALPE4,2,2012-03-27 06:49:37,,6,3
31531597020004,221354389010661,2011,34,1,25,1105.0,3.0,1,ALPE4,1,ALPE4,1,2012-03-27 06:49:37,,6,3
31531598020004,221354389010661,2011,34,1,25,1105.0,4.0,1,ALPE4,1,ALPE4,1,2012-03-27 06:49:37,,6,3
31531599020004,221354389010661,2011,34,1,25,1105.0,1.0,1,BETH,1,BETH,1,2012-03-27 06:49:37,,6,3
31531600020004,221354389010661,2011,34,1,25,1105.0,2.0,1,BETH,1,BETH,2,2012-03-27 06:49:37,,6,3
31531601020004,221354389010661,2011,34,1,25,1105.0,3.0,1,BETH,1,BETH,1,2012-03-27 06:49:37,,6,3
31531602020004,221354389010661,2011,34,1,25,1105.0,2.0,1,CEOR7,1,CEOR7,10,2012-03-27 06:49:37,,6,3
31531603020004,221354389010661,2011,34,1,25,1105.0,3.0,1,CEOR7,1,CEOR7,1,2012-03-27 06:49:37,,6,3
31531604020004,221354389010661,2011,34,1,25,1105.0,1.0,1,LIVU,1,LIVU,1,2012-03-27 06:49:37,,6,3
31531605020004,221354389010661,2011,34,1,25,1105.0,2.0,1,LIVU,1,LIVU,1,2012-03-27 06:49:37,,6,3
31531606020004,221354389010661,2011,34,1,25,1105.0,4.0,1,LIVU,1,LIVU,1,2012-03-27 06:49:37,,6,3
31531607020004,221354389010661,2011,34,1,25,1105.0,1.0,1,LOJA,1,LOJA,5,2012-03-27 06:49:37,,6,3
31531608020004,221354389010661,2011,34,1,25,1105.0,2.0,1,LOJA,1,LOJA,3,2012-03-27 06:49:37,,6,3
31531609020004,221354389010661,2011,34,1,25,1105.0,3.0,1,LOJA,1,LOJA,5,2012-03-27 06:49:37,,6,3
31531610020004,221354389010661,2011,34,1,25,1105.0,4.0,1,LOJA,1,LOJA,1,2012-03-27 06:49:37,,6,3
31531611020004,221354389010661,2011,34,1,25,1105.0,1.0,1,ROMU,1,ROMU,1,2012-03-27 06:49:37,,6,3
31531612020004,221354389010661,2011,34,1,25,1105.0,2.0,1,ROMU,1,ROMU,1,2012-03-27 06:49:37,,6,3
31531613020004,221354389010661,2011,34,1,25,1105.0,3.0,1,ROMU,1,ROMU,5,2012-03-27 06:49:37,,6,3
245793392010661,168988775010661,2010,34,1,21,593.0,4.0,1,ROMU,1,ROMU,1,2011-02-28 11:44:07,,6,2
31531614020004,221354389010661,2011,34,1,25,1105.0,4.0,1,ROMU,1,ROMU,1,2012-03-27 06:49:37,,6,3
31531615020004,221354389010661,2011,34,1,25,1105.0,4.0,1,ROPS,1,ROPS,25,2012-03-27 06:49:37,,6,3
188829910020004,247061714010661,2012,34,1,41,630.0,4.0,2,BETH,1,BETH,15,2013-03-18 13:15:32,,6,4
188829911020004,247061714010661,2012,34,1,41,630.0,4.0,2,LOMO2,1,LOMO2,1,2013-03-18 13:15:32,,6,4
188829912020004,247061714010661,2012,34,1,41,630.0,4.0,2,ROMU,1,ROMU,12,2013-03-18 13:15:33,,6,4
188830142020004,247061751010661,2012,34,1,37,463.0,1.0,1,AIAL,1,AIAL,3,2013-03-18 13:15:44,,6,4
188830143020004,247061751010661,2012,34,1,37,463.0,2.0,1,AIAL,1,AIAL,9,2013-03-18 13:15:44,,6,4
188830144020004,247061751010661,2012,34,1,37,463.0,4.0,1,AIAL,1,AIAL,1,2013-03-18 13:15:44,,6,4
188830145020004,247061751010661,2012,34,1,37,463.0,1.0,1,ALPE4,1,ALPE4,45,2013-03-18 13:15:44,,6,4
188830146020004,247061751010661,2012,34,1,37,463.0,2.0,1,ALPE4,1,ALPE4,30,2013-03-18 13:15:44,,6,4
188830147020004,247061751010661,2012,34,1,37,463.0,3.0,1,ALPE4,1,ALPE4,1,2013-03-18 13:15:44,,6,4
188830148020004,247061751010661,2012,34,1,37,463.0,4.0,1,ALPE4,1,ALPE4,75,2013-03-18 13:15:44,,6,4
188830149020004,247061751010661,2012,34,1,37,463.0,1.0,1,BETH,1,BETH,6,2013-03-18 13:15:44,,6,4
188830150020004,247061751010661,2012,34,1,37,463.0,2.0,1,BETH,1,BETH,1,2013-03-18 13:15:44,,6,4
188830151020004,247061751010661,2012,34,1,37,463.0,3.0,1,BETH,1,BETH,2,2013-03-18 13:15:44,,6,4
188830152020004,247061751010661,2012,34,1,37,463.0,4.0,1,BETH,1,BETH,3,2013-03-18 13:15:44,,6,4
188830153020004,247061751010661,2012,34,1,37,463.0,1.0,1,CEOR7,1,CEOR7,2,2013-03-18 13:15:44,,6,4
188830154020004,247061751010661,2012,34,1,37,463.0,3.0,1,CEOR7,1,CEOR7,1,2013-03-18 13:15:44,,6,4
188830155020004,247061751010661,2012,34,1,37,463.0,4.0,1,CEOR7,1,CEOR7,1,2013-03-18 13:15:44,,6,4
188830156020004,247061751010661,2012,34,1,37,463.0,4.0,1,LIVU,1,LIVU,1,2013-03-18 13:15:44,,6,4
188830157020004,247061751010661,2012,34,1,37,463.0,1.0,1,LOMO2,1,LOMO2,1,2013-03-18 13:15:44,,6,4
188830158020004,247061751010661,2012,34,1,37,463.0,2.0,1,LOMO2,1,LOMO2,1,2013-03-18 13:15:44,,6,4
188830159020004,247061751010661,2012,34,1,37,463.0,1.0,1,MIVI,1,MIVI,4,2013-03-18 13:15:44,,6,4
188830160020004,247061751010661,2012,34,1,37,463.0,2.0,1,ROMU,1,ROMU,1,2013-03-18 13:15:44,,6,4
188830592020004,247061786010661,2012,34,1,23,983.0,3.0,2,CIAR4,1,CIAR4,1,2013-03-18 13:15:51,,6,4
188830593020004,247061786010661,2012,34,1,23,983.0,3.0,2,ELUM,1,ELUM,3,2013-03-18 13:15:51,,6,4
188830594020004,247061786010661,2012,34,1,23,983.0,1.0,2,LOJA,1,LOJA,1,2013-03-18 13:15:51,,6,4
188830595020004,247061786010661,2012,34,1,23,983.0,3.0,2,LOJA,1,LOJA,3,2013-03-18 13:15:51,,6,4
188830596020004,247061786010661,2012,34,1,23,983.0,4.0,2,LOJA,1,LOJA,1,2013-03-18 13:15:51,,6,4
188830597020004,247061786010661,2012,34,1,23,983.0,1.0,2,LOMO2,1,LOMO2,2,2013-03-18 13:15:51,,6,4
188830598020004,247061786010661,2012,34,1,23,983.0,3.0,2,LOMO2,1,LOMO2,2,2013-03-18 13:15:51,,6,4
222856993010661,122559619010661,2007,34,1,37,324.0,1.0,1,BETH,1,BETH,10,2010-03-01 11:10:46,2012-02-28 07:14:08,5,4
