CN,PLT_CN,INVYR,STATECD,UNITCD,COUNTYCD,PLOT,SUBP,CONDID,VEG_FLDSPCD,UNIQUE_SP_NBR,VEG_SPCD,COVER_PCT,CREATED_DATE,MODIFIED_DATE,CYCLE,SUBCYCLE
248649054010661,168995199010661,2010,39,2,73,5197.0,4.0,1,ELUM,1,ELUM,1,2011-05-12 07:47:35,,6,4
248649055010661,168995199010661,2010,39,2,73,5197.0,1.0,1,LOJA,1,LOJA,1,2011-05-12 07:47:35,,6,4
248649056010661,168995199010661,2010,39,2,73,5197.0,3.0,1,LOJA,1,LOJA,1,2011-05-12 07:47:35,,6,4
248649057010661,168995199010661,2010,39,2,73,5197.0,4.0,1,LOJA,1,LOJA,1,2011-05-12 07:47:35,,6,4
248649058010661,168995199010661,2010,39,2,73,5197.0,1.0,1,ROMU,1,ROMU,10,2011-05-12 07:47:35,,6,4
248649059010661,168995199010661,2010,39,2,73,5197.0,2.0,1,ROMU,1,ROMU,20,2011-05-12 07:47:35,,6,4
248649060010661,168995199010661,2010,39,2,73,5197.0,3.0,1,ROMU,1,ROMU,60,2011-05-12 07:47:35,,6,4
248649061010661,168995199010661,2010,39,2,73,5197.0,4.0,1,ROMU,1,ROMU,70,2011-05-12 07:47:35,,6,4
248649062010661,168995199010661,2010,39,2,73,5197.0,3.0,1,ROPS,1,ROPS,1,2011-05-12 07:47:35,,6,4
248648836010661,168995689010661,2010,39,1,1,4363.0,4.0,2,CEOR7,1,CEOR7,1,2011-05-12 07:47:34,,6,4
248648837010661,168995689010661,2010,39,1,1,4363.0,4.0,2,LOJA,1,LOJA,2,2011-05-12 07:47:34,,6,4
248648838010661,168995689010661,2010,39,1,1,4363.0,4.0,2,ROMU,1,ROMU,8,2011-05-12 07:47:34,,6,4
248648839010661,168995689010661,2010,39,1,1,4363.0,4.0,2,ROPS,1,ROPS,2,2011-05-12 07:47:34,,6,4
248648873010661,168994967010661,2010,39,3,13,986.0,2.0,1,ROMU,1,ROMU,1,2011-05-12 07:47:35,,6,4
248648874010661,168994967010661,2010,39,3,13,986.0,3.0,1,ROMU,1,ROMU,1,2011-05-12 07:47:35,,6,4
248648875010661,168994967010661,2010,39,3,13,986.0,4.0,1,ROMU,1,ROMU,4,2011-05-12 07:47:35,,6,4
248648840010661,168995793010661,2010,39,1,1,1044.0,4.0,2,ROMU,1,ROMU,1,2011-05-12 07:47:34,,6,4
248649048010661,168995445010661,2010,39,2,73,5262.0,2.0,1,BETH,1,BETH,1,2011-05-12 07:47:35,,6,4
248649049010661,168995445010661,2010,39,2,73,5262.0,2.0,1,ELUM,1,ELUM,1,2011-05-12 07:47:35,,6,4
248649050010661,168995445010661,2010,39,2,73,5262.0,2.0,1,LOJA,1,LOJA,1,2011-05-12 07:47:35,,6,4
248649051010661,168995445010661,2010,39,2,73,5262.0,3.0,1,LOJA,1,LOJA,8,2011-05-12 07:47:35,,6,4
248649052010661,168995445010661,2010,39,2,73,5262.0,2.0,1,ROMU,1,ROMU,3,2011-05-12 07:47:35,,6,4
248649053010661,168995445010661,2010,39,2,73,5262.0,3.0,1,ROMU,1,ROMU,3,2011-05-12 07:47:35,,6,4
248648876010661,168994903010661,2010,39,3,13,4879.0,1.0,1,ALPE4,1,ALPE4,20,2011-05-12 07:47:35,,6,4
248648877010661,168994903010661,2010,39,3,13,4879.0,2.0,1,ALPE4,1,ALPE4,22,2011-05-12 07:47:35,,6,4
248648878010661,168994903010661,2010,39,3,13,4879.0,3.0,1,ALPE4,1,ALPE4,10,2011-05-12 07:47:35,,6,4
248648879010661,168994903010661,2010,39,3,13,4879.0,4.0,1,ALPE4,1,ALPE4,7,2011-05-12 07:47:35,,6,4
248648880010661,168994903010661,2010,39,3,13,4879.0,1.0,1,LIVU,1,LIVU,1,2011-05-12 07:47:35,,6,4
248648881010661,168994903010661,2010,39,3,13,4879.0,1.0,1,LOBE,1,LOBE,2,2011-05-12 07:47:35,,6,4
248648882010661,168994903010661,2010,39,3,13,4879.0,4.0,1,LOBE,1,LOBE,30,2011-05-12 07:47:35,,6,4
248648883010661,168994903010661,2010,39,3,13,4879.0,4.0,1,LOJA,1,LOJA,1,2011-05-12 07:47:35,,6,4
248648884010661,168994903010661,2010,39,3,13,4879.0,4.0,1,LOMO2,1,LOMO2,25,2011-05-12 07:47:35,,6,4
248648885010661,168994903010661,2010,39,3,13,4879.0,3.0,1,ROMU,1,ROMU,3,2011-05-12 07:47:35,,6,4
248648886010661,168994903010661,2010,39,3,13,4879.0,4.0,1,ROMU,1,ROMU,3,2011-05-12 07:47:35,,6,4
248648887010661,168994903010661,2010,39,3,13,4879.0,4.0,1,ROPS,1,ROPS,3,2011-05-12 07:47:35,,6,4
248649031010661,168996193010661,2010,39,5,61,2063.0,1.0,1,AIAL,1,AIAL,1,2011-05-12 07:47:35,,6,4
248649032010661,168996193010661,2010,39,5,61,2063.0,2.0,1,AIAL,1,AIAL,1,2011-05-12 07:47:35,,6,4
248649033010661,168996193010661,2010,39,5,61,2063.0,3.0,1,AIAL,1,AIAL,4,2011-05-12 07:47:35,,6,4
248649034010661,168996193010661,2010,39,5,61,2063.0,1.0,1,ALPE4,1,ALPE4,7,2011-05-12 07:47:35,,6,4
248649035010661,168996193010661,2010,39,5,61,2063.0,2.0,1,ALPE4,1,ALPE4,27,2011-05-12 07:47:35,,6,4
248649036010661,168996193010661,2010,39,5,61,2063.0,3.0,1,ALPE4,1,ALPE4,60,2011-05-12 07:47:35,,6,4
248649037010661,168996193010661,2010,39,5,61,2063.0,4.0,1,ALPE4,1,ALPE4,35,2011-05-12 07:47:35,,6,4
248649038010661,168996193010661,2010,39,5,61,2063.0,2.0,1,LIVU,1,LIVU,1,2011-05-12 07:47:35,,6,4
248649039010661,168996193010661,2010,39,5,61,2063.0,1.0,1,LOMA6,1,LOMA6,7,2011-05-12 07:47:35,,6,4
248649040010661,168996193010661,2010,39,5,61,2063.0,2.0,1,LOMA6,1,LOMA6,14,2011-05-12 07:47:35,,6,4
248649041010661,168996193010661,2010,39,5,61,2063.0,3.0,1,LOMA6,1,LOMA6,13,2011-05-12 07:47:35,,6,4
248649042010661,168996193010661,2010,39,5,61,2063.0,4.0,1,LOMA6,1,LOMA6,2,2011-05-12 07:47:35,,6,4
248649043010661,168996193010661,2010,39,5,61,2063.0,3.0,1,ROMU,1,ROMU,2,2011-05-12 07:47:35,,6,4
248648859010661,168996353010661,2010,39,3,13,3399.0,3.0,2,ELAN,1,ELAN,7,2011-05-12 07:47:34,,6,4
31298598020004,222444813010661,2011,39,3,59,5447.0,1.0,2,ELUM,1,ELUM,3,2012-03-19 08:41:34,,6,5
31298599020004,222444813010661,2011,39,3,59,5447.0,2.0,3,ELUM,1,ELUM,2,2012-03-19 08:41:34,,6,5
31298600020004,222444813010661,2011,39,3,59,5447.0,4.0,2,ELUM,1,ELUM,1,2012-03-19 08:41:34,,6,5
31298601020004,222444813010661,2011,39,3,59,5447.0,4.0,2,MIVI,1,MIVI,13,2012-03-19 08:41:34,,6,5
31298602020004,222444813010661,2011,39,3,59,5447.0,1.0,2,ROMU,1,ROMU,45,2012-03-19 08:41:34,,6,5
31298603020004,222444813010661,2011,39,3,59,5447.0,2.0,3,ROMU,1,ROMU,75,2012-03-19 08:41:34,,6,5
31298604020004,222444813010661,2011,39,3,59,5447.0,4.0,2,ROMU,1,ROMU,65,2012-03-19 08:41:34,,6,5
31296349020004,222443859010661,2011,39,5,61,2287.0,1.0,1,ALPE4,1,ALPE4,1,2012-03-19 08:40:54,,6,5
31296350020004,222443859010661,2011,39,5,61,2287.0,2.0,1,ALPE4,1,ALPE4,1,2012-03-19 08:40:54,,6,5
31296351020004,222443859010661,2011,39,5,61,2287.0,4.0,1,ALPE4,1,ALPE4,1,2012-03-19 08:40:54,,6,5
31296352020004,222443859010661,2011,39,5,61,2287.0,1.0,1,CEOR7,1,CEOR7,1,2012-03-19 08:40:54,,6,5
31296353020004,222443859010661,2011,39,5,61,2287.0,2.0,1,CEOR7,1,CEOR7,1,2012-03-19 08:40:54,,6,5
31296354020004,222443859010661,2011,39,5,61,2287.0,4.0,1,CEOR7,1,CEOR7,1,2012-03-19 08:40:54,,6,5
31296355020004,222443859010661,2011,39,5,61,2287.0,1.0,1,LIVU,1,LIVU,3,2012-03-19 08:40:54,,6,5
31296356020004,222443859010661,2011,39,5,61,2287.0,2.0,1,LIVU,1,LIVU,1,2012-03-19 08:40:54,,6,5
31296357020004,222443859010661,2011,39,5,61,2287.0,4.0,1,LIVU,1,LIVU,2,2012-03-19 08:40:54,,6,5
31296358020004,222443859010661,2011,39,5,61,2287.0,1.0,1,LOMA6,1,LOMA6,80,2012-03-19 08:40:54,,6,5
31296359020004,222443859010661,2011,39,5,61,2287.0,2.0,1,LOMA6,1,LOMA6,55,2012-03-19 08:40:54,,6,5
31296360020004,222443859010661,2011,39,5,61,2287.0,4.0,1,LOMA6,1,LOMA6,25,2012-03-19 08:40:54,,6,5
31296361020004,222443859010661,2011,39,5,61,2287.0,1.0,1,ROMU,1,ROMU,1,2012-03-19 08:40:54,,6,5
31296362020004,222443859010661,2011,39,5,61,2287.0,2.0,1,ROMU,1,ROMU,1,2012-03-19 08:40:54,,6,5
31296363020004,222443859010661,2011,39,5,61,2287.0,4.0,1,ROMU,1,ROMU,1,2012-03-19 08:40:54,,6,5
31298629020004,222444825010661,2011,39,4,7,4589.0,1.0,1,ROMU,1,ROMU,2,2012-03-19 08:41:34,,6,5
31298630020004,222444825010661,2011,39,4,7,4589.0,2.0,1,ROMU,1,ROMU,1,2012-03-19 08:41:34,,6,5
31298631020004,222444825010661,2011,39,4,7,4589.0,3.0,1,ROMU,1,ROMU,30,2012-03-19 08:41:34,,6,5
31298656020004,222444837010661,2011,39,2,105,2390.0,1.0,1,AIAL,1,AIAL,2,2012-03-19 08:41:35,,6,5
31298657020004,222444837010661,2011,39,2,105,2390.0,3.0,1,AIAL,1,AIAL,2,2012-03-19 08:41:35,,6,5
31298658020004,222444837010661,2011,39,2,105,2390.0,3.0,1,LIVU,1,LIVU,1,2012-03-19 08:41:35,,6,5
31298659020004,222444837010661,2011,39,2,105,2390.0,1.0,1,LOJA,1,LOJA,30,2012-03-19 08:41:35,,6,5
31298660020004,222444837010661,2011,39,2,105,2390.0,2.0,1,LOJA,1,LOJA,35,2012-03-19 08:41:35,,6,5
31298661020004,222444837010661,2011,39,2,105,2390.0,3.0,1,LOJA,1,LOJA,55,2012-03-19 08:41:35,,6,5
31298662020004,222444837010661,2011,39,2,105,2390.0,4.0,1,LOJA,1,LOJA,15,2012-03-19 08:41:35,,6,5
31298663020004,222444837010661,2011,39,2,105,2390.0,2.0,1,MIVI,1,MIVI,7,2012-03-19 08:41:35,,6,5
31298664020004,222444837010661,2011,39,2,105,2390.0,1.0,1,ROMU,1,ROMU,15,2012-03-19 08:41:35,,6,5
31298665020004,222444837010661,2011,39,2,105,2390.0,2.0,1,ROMU,1,ROMU,5,2012-03-19 08:41:35,,6,5
31298666020004,222444837010661,2011,39,2,105,2390.0,3.0,1,ROMU,1,ROMU,45,2012-03-19 08:41:35,,6,5
31298667020004,222444837010661,2011,39,2,105,2390.0,4.0,1,ROMU,1,ROMU,2,2012-03-19 08:41:35,,6,5
31298668020004,222444837010661,2011,39,2,105,2390.0,1.0,1,ROPS,1,ROPS,1,2012-03-19 08:41:35,,6,5
31298669020004,222444837010661,2011,39,2,105,2390.0,3.0,1,ROPS,1,ROPS,2,2012-03-19 08:41:35,,6,5
31298700020004,222444851010661,2011,39,3,121,4839.0,3.0,2,LYNU,1,LYNU,15,2012-03-19 08:41:36,,6,5
31298701020004,222444851010661,2011,39,3,121,4839.0,3.0,2,ROMU,1,ROMU,35,2012-03-19 08:41:36,,6,5
31298706020004,222444853010661,2011,39,3,111,1370.0,1.0,1,AIAL,1,AIAL,4,2012-03-19 08:41:36,,6,5
31298707020004,222444853010661,2011,39,3,111,1370.0,1.0,1,ELUM,1,ELUM,9,2012-03-19 08:41:36,,6,5
31298708020004,222444853010661,2011,39,3,111,1370.0,4.0,1,MIVI,1,MIVI,10,2012-03-19 08:41:36,,6,5
31298709020004,222444853010661,2011,39,3,111,1370.0,2.0,1,ROMU,1,ROMU,15,2012-03-19 08:41:36,,6,5
31298710020004,222444853010661,2011,39,3,111,1370.0,3.0,1,ROMU,1,ROMU,13,2012-03-19 08:41:36,,6,5
31298711020004,222444853010661,2011,39,3,111,1370.0,4.0,1,ROMU,1,ROMU,13,2012-03-19 08:41:36,,6,5
31298797020004,222444893010661,2011,39,3,19,1299.0,2.0,1,ALPE4,1,ALPE4,1,2012-03-19 08:41:38,,6,5
31298798020004,222444893010661,2011,39,3,19,1299.0,3.0,1,ALPE4,1,ALPE4,2,2012-03-19 08:41:38,,6,5
31298799020004,222444893010661,2011,39,3,19,1299.0,4.0,1,ALPE4,1,ALPE4,1,2012-03-19 08:41:38,,6,5
31298800020004,222444893010661,2011,39,3,19,1299.0,4.0,1,BETH,1,BETH,1,2012-03-19 08:41:38,,6,5
31298801020004,222444893010661,2011,39,3,19,1299.0,1.0,1,ROMU,1,ROMU,19,2012-03-19 08:41:38,,6,5
31298064020004,222444599010661,2011,39,4,85,5371.0,3.0,1,BETH,1,BETH,1,2012-03-19 08:41:23,,6,5
31298065020004,222444599010661,2011,39,4,85,5371.0,4.0,1,ROMU,1,ROMU,2,2012-03-19 08:41:23,,6,5
31298138020004,222444633010661,2011,39,2,9,2196.0,1.0,1,LOJA,1,LOJA,20,2012-03-19 08:41:25,,6,5
31298139020004,222444633010661,2011,39,2,9,2196.0,1.0,1,ROMU,1,ROMU,5,2012-03-19 08:41:25,,6,5
31298236020004,222444679010661,2011,39,3,31,5340.0,1.0,1,AIAL,1,AIAL,8,2012-03-19 08:41:27,,6,5
31298237020004,222444679010661,2011,39,3,31,5340.0,3.0,1,AIAL,1,AIAL,45,2012-03-19 08:41:27,,6,5
31298238020004,222444679010661,2011,39,3,31,5340.0,1.0,1,ROMU,1,ROMU,22,2012-03-19 08:41:27,,6,5
31298239020004,222444679010661,2011,39,3,31,5340.0,2.0,1,ROMU,1,ROMU,4,2012-03-19 08:41:27,,6,5
31298240020004,222444679010661,2011,39,3,31,5340.0,3.0,1,ROMU,1,ROMU,2,2012-03-19 08:41:27,,6,5
31298241020004,222444679010661,2011,39,3,31,5340.0,3.0,1,ROPS,1,ROPS,4,2012-03-19 08:41:27,,6,5
31298242020004,222444679010661,2011,39,3,31,5340.0,3.0,2,ROPS,1,ROPS,2,2012-03-19 08:41:27,,6,5
31298243020004,222444679010661,2011,39,3,31,5340.0,4.0,2,ROPS,1,ROPS,3,2012-03-19 08:41:27,,6,5
31298260020004,222444687010661,2011,39,3,59,1105.0,4.0,1,BETH,1,BETH,1,2012-03-19 08:41:27,,6,5
31298261020004,222444687010661,2011,39,3,59,1105.0,1.0,1,ROMU,1,ROMU,2,2012-03-19 08:41:27,,6,5
31298262020004,222444687010661,2011,39,3,59,1105.0,2.0,1,ROMU,1,ROMU,23,2012-03-19 08:41:27,,6,5
31298263020004,222444687010661,2011,39,3,59,1105.0,3.0,1,ROMU,1,ROMU,4,2012-03-19 08:41:27,,6,5
31298264020004,222444687010661,2011,39,3,59,1105.0,4.0,1,ROMU,1,ROMU,13,2012-03-19 08:41:27,,6,5
31298363020004,222444729010661,2011,39,4,133,5732.0,1.0,1,ROMU,1,ROMU,2,2012-03-19 08:41:29,,6,5
31298364020004,222444729010661,2011,39,4,133,5732.0,2.0,1,ROMU,1,ROMU,1,2012-03-19 08:41:29,,6,5
31298373020004,222444733010661,2011,39,4,151,1945.0,3.0,1,LOBE,1,LOBE,1,2012-03-19 08:41:30,,6,5
31298374020004,222444733010661,2011,39,4,151,1945.0,1.0,1,ROMU,1,ROMU,1,2012-03-19 08:41:30,,6,5
31298375020004,222444733010661,2011,39,4,151,1945.0,3.0,1,ROMU,1,ROMU,1,2012-03-19 08:41:30,,6,5
31298376020004,222444733010661,2011,39,4,151,1945.0,4.0,1,ROMU,1,ROMU,1,2012-03-19 08:41:30,,6,5
31298397020004,222444743010661,2011,39,1,53,3317.0,1.0,1,AIAL,1,AIAL,2,2012-03-19 08:41:30,,6,5
31298398020004,222444743010661,2011,39,1,53,3317.0,2.0,1,AIAL,1,AIAL,55,2012-03-19 08:41:30,,6,5
31298399020004,222444743010661,2011,39,1,53,3317.0,3.0,1,AIAL,1,AIAL,2,2012-03-19 08:41:30,,6,5
31298400020004,222444743010661,2011,39,1,53,3317.0,4.0,1,AIAL,1,AIAL,13,2012-03-19 08:41:30,,6,5
31298401020004,222444743010661,2011,39,1,53,3317.0,1.0,1,LIVU,1,LIVU,1,2012-03-19 08:41:30,,6,5
31298402020004,222444743010661,2011,39,1,53,3317.0,2.0,1,LIVU,1,LIVU,1,2012-03-19 08:41:30,,6,5
31298403020004,222444743010661,2011,39,1,53,3317.0,3.0,1,LIVU,1,LIVU,1,2012-03-19 08:41:30,,6,5
31298404020004,222444743010661,2011,39,1,53,3317.0,4.0,1,LIVU,1,LIVU,3,2012-03-19 08:41:30,,6,5
31298405020004,222444743010661,2011,39,1,53,3317.0,1.0,1,LOJA,1,LOJA,4,2012-03-19 08:41:30,,6,5
31298406020004,222444743010661,2011,39,1,53,3317.0,2.0,1,LOJA,1,LOJA,4,2012-03-19 08:41:30,,6,5
31298407020004,222444743010661,2011,39,1,53,3317.0,3.0,1,LOJA,1,LOJA,3,2012-03-19 08:41:30,,6,5
31298408020004,222444743010661,2011,39,1,53,3317.0,4.0,1,LOJA,1,LOJA,8,2012-03-19 08:41:30,,6,5
31298409020004,222444743010661,2011,39,1,53,3317.0,1.0,1,LOMA6,1,LOMA6,12,2012-03-19 08:41:30,,6,5
31298410020004,222444743010661,2011,39,1,53,3317.0,2.0,1,LOMA6,1,LOMA6,1,2012-03-19 08:41:30,,6,5
31298411020004,222444743010661,2011,39,1,53,3317.0,3.0,1,LOMA6,1,LOMA6,3,2012-03-19 08:41:30,,6,5
31298412020004,222444743010661,2011,39,1,53,3317.0,4.0,1,LOMA6,1,LOMA6,5,2012-03-19 08:41:30,,6,5
31298413020004,222444743010661,2011,39,1,53,3317.0,1.0,1,ROMU,1,ROMU,3,2012-03-19 08:41:30,,6,5
31298414020004,222444743010661,2011,39,1,53,3317.0,2.0,1,ROMU,1,ROMU,38,2012-03-19 08:41:30,,6,5
31298415020004,222444743010661,2011,39,1,53,3317.0,3.0,1,ROMU,1,ROMU,3,2012-03-19 08:41:30,,6,5
31298416020004,222444743010661,2011,39,1,53,3317.0,4.0,1,ROMU,1,ROMU,2,2012-03-19 08:41:30,,6,5
31298417020004,222444743010661,2011,39,1,53,3317.0,1.0,1,ROPS,1,ROPS,5,2012-03-19 08:41:30,,6,5
31298418020004,222444743010661,2011,39,1,53,3317.0,2.0,1,ROPS,1,ROPS,18,2012-03-19 08:41:30,,6,5
31298419020004,222444743010661,2011,39,1,53,3317.0,3.0,1,ROPS,1,ROPS,7,2012-03-19 08:41:30,,6,5
31298420020004,222444743010661,2011,39,1,53,3317.0,4.0,1,ROPS,1,ROPS,12,2012-03-19 08:41:30,,6,5
31298437020004,222444751010661,2011,39,2,115,3790.0,1.0,1,BETH,1,BETH,1,2012-03-19 08:41:30,,6,5
31298438020004,222444751010661,2011,39,2,115,3790.0,4.0,1,BETH,1,BETH,5,2012-03-19 08:41:30,,6,5
31298439020004,222444751010661,2011,39,2,115,3790.0,1.0,1,ELUM,1,ELUM,2,2012-03-19 08:41:30,,6,5
31298440020004,222444751010661,2011,39,2,115,3790.0,2.0,1,ELUM,1,ELUM,5,2012-03-19 08:41:30,,6,5
31298441020004,222444751010661,2011,39,2,115,3790.0,3.0,1,ELUM,1,ELUM,10,2012-03-19 08:41:30,,6,5
31298442020004,222444751010661,2011,39,2,115,3790.0,4.0,1,ELUM,1,ELUM,1,2012-03-19 08:41:30,,6,5
31298443020004,222444751010661,2011,39,2,115,3790.0,4.0,1,LOJA,1,LOJA,2,2012-03-19 08:41:31,,6,5
31298444020004,222444751010661,2011,39,2,115,3790.0,1.0,1,ROMU,1,ROMU,5,2012-03-19 08:41:31,,6,5
248648955010661,168995369010661,2010,39,4,35,3577.0,4.0,1,ROMU,1,ROMU,1,2011-05-12 07:47:35,,6,4
248649007010661,168995175010661,2010,39,3,59,2204.0,2.0,1,ALPE4,1,ALPE4,1,2011-05-12 07:47:35,,6,4
248649008010661,168995175010661,2010,39,3,59,2204.0,1.0,1,ELUM,1,ELUM,13,2011-05-12 07:47:35,,6,4
248649009010661,168995175010661,2010,39,3,59,2204.0,2.0,1,ELUM,1,ELUM,19,2011-05-12 07:47:35,,6,4
248649010010661,168995175010661,2010,39,3,59,2204.0,3.0,1,ELUM,1,ELUM,25,2011-05-12 07:47:35,,6,4
248649011010661,168995175010661,2010,39,3,59,2204.0,4.0,1,ELUM,1,ELUM,15,2011-05-12 07:47:35,,6,4
248649012010661,168995175010661,2010,39,3,59,2204.0,2.0,1,PHAR3,1,PHAR3,4,2011-05-12 07:47:35,,6,4
248649013010661,168995175010661,2010,39,3,59,2204.0,4.0,1,PHAR3,1,PHAR3,2,2011-05-12 07:47:35,,6,4
248649014010661,168995175010661,2010,39,3,59,2204.0,1.0,1,ROMU,1,ROMU,3,2011-05-12 07:47:35,,6,4
248649015010661,168995175010661,2010,39,3,59,2204.0,2.0,1,ROMU,1,ROMU,55,2011-05-12 07:47:35,,6,4
248649016010661,168995175010661,2010,39,3,59,2204.0,3.0,1,ROMU,1,ROMU,2,2011-05-12 07:47:35,,6,4
248649017010661,168995175010661,2010,39,3,59,2204.0,4.0,1,ROMU,1,ROMU,1,2011-05-12 07:47:35,,6,4
248649248010661,168995353010661,2010,39,1,145,3201.0,4.0,2,LOJA,1,LOJA,20,2011-05-12 07:47:36,,6,4
248649249010661,168995353010661,2010,39,1,145,3201.0,4.0,2,ROMU,1,ROMU,1,2011-05-12 07:47:36,,6,4
248649170010661,168994971010661,2010,39,3,111,5066.0,1.0,1,MIVI,1,MIVI,1,2011-05-12 07:47:35,,6,4
248649171010661,168994971010661,2010,39,3,111,5066.0,1.0,1,ROMU,1,ROMU,2,2011-05-12 07:47:35,,6,4
248649172010661,168994971010661,2010,39,3,111,5066.0,2.0,1,ROMU,1,ROMU,6,2011-05-12 07:47:35,,6,4
248649173010661,168994971010661,2010,39,3,111,5066.0,3.0,1,ROMU,1,ROMU,4,2011-05-12 07:47:35,,6,4
248649174010661,168994971010661,2010,39,3,111,5066.0,4.0,1,ROMU,1,ROMU,1,2011-05-12 07:47:35,,6,4
248649224010661,168995597010661,2010,39,4,139,4347.0,3.0,2,ALPE4,1,ALPE4,2,2011-05-12 07:47:35,,6,4
248649225010661,168995597010661,2010,39,4,139,4347.0,3.0,2,LOBE,1,LOBE,1,2011-05-12 07:47:35,,6,4
248649226010661,168995597010661,2010,39,4,139,4347.0,3.0,2,ROMU,1,ROMU,45,2011-05-12 07:47:35,,6,4
248648849010661,168994983010661,2010,39,4,7,5540.0,2.0,2,ROMU,1,ROMU,1,2011-05-12 07:47:34,,6,4
248648850010661,168994983010661,2010,39,4,7,5540.0,4.0,2,ROMU,1,ROMU,1,2011-05-12 07:47:34,,6,4
248648841010661,168994989010661,2010,39,4,7,4086.0,1.0,1,ROMU,1,ROMU,1,2011-05-12 07:47:34,,6,4
248648842010661,168994989010661,2010,39,4,7,4086.0,2.0,1,ROMU,1,ROMU,15,2011-05-12 07:47:34,,6,4
248648843010661,168994989010661,2010,39,4,7,4086.0,4.0,1,ROMU,1,ROMU,5,2011-05-12 07:47:34,,6,4
248649290010661,168994921010661,2010,39,2,167,2121.0,1.0,1,MIVI,1,MIVI,1,2011-05-12 07:47:36,,6,4
248649291010661,168994921010661,2010,39,2,167,2121.0,2.0,1,MIVI,1,MIVI,1,2011-05-12 07:47:36,,6,4
248649292010661,168994921010661,2010,39,2,167,2121.0,4.0,1,MIVI,1,MIVI,1,2011-05-12 07:47:36,,6,4
248649293010661,168994921010661,2010,39,2,167,2121.0,2.0,1,ROMU,1,ROMU,1,2011-05-12 07:47:36,,6,4
211888358020004,247063703010661,2012,39,6,83,263.0,3.0,1,LOMO2,1,LOMO2,12,2013-07-15 11:52:36,,7,1
211888359020004,247063703010661,2012,39,6,83,263.0,3.0,2,LOMO2,1,LOMO2,1,2013-07-15 11:52:36,,7,1
211888360020004,247063703010661,2012,39,6,83,263.0,4.0,1,LOMO2,1,LOMO2,2,2013-07-15 11:52:36,,7,1
211888361020004,247063703010661,2012,39,6,83,263.0,4.0,2,LOMO2,1,LOMO2,6,2013-07-15 11:52:36,,7,1
211888362020004,247063703010661,2012,39,6,83,263.0,1.0,1,ROMU,1,ROMU,15,2013-07-15 11:52:36,,7,1
211888363020004,247063703010661,2012,39,6,83,263.0,2.0,1,ROMU,1,ROMU,20,2013-07-15 11:52:36,,7,1
211888364020004,247063703010661,2012,39,6,83,263.0,3.0,1,ROMU,1,ROMU,10,2013-07-15 11:52:36,,7,1
211888365020004,247063703010661,2012,39,6,83,263.0,3.0,2,ROMU,1,ROMU,1,2013-07-15 11:52:36,,7,1
211888366020004,247063703010661,2012,39,6,83,263.0,4.0,1,ROMU,1,ROMU,2,2013-07-15 11:52:36,,7,1
211888367020004,247063703010661,2012,39,6,83,263.0,4.0,2,ROMU,1,ROMU,5,2013-07-15 11:52:36,,7,1
211888675020004,247063945010661,2012,39,3,111,537.0,1.0,1,BETH,1,BETH,1,2013-07-15 11:52:39,,7,1
211888676020004,247063945010661,2012,39,3,111,537.0,3.0,1,BETH,1,BETH,1,2013-07-15 11:52:39,,7,1
211888677020004,247063945010661,2012,39,3,111,537.0,2.0,1,CEOR7,1,CEOR7,1,2013-07-15 11:52:39,,7,1
211888678020004,247063945010661,2012,39,3,111,537.0,1.0,1,ELUM,1,ELUM,12,2013-07-15 11:52:39,,7,1
211888679020004,247063945010661,2012,39,3,111,537.0,2.0,1,ELUM,1,ELUM,7,2013-07-15 11:52:39,,7,1
211888680020004,247063945010661,2012,39,3,111,537.0,3.0,1,ELUM,1,ELUM,15,2013-07-15 11:52:39,,7,1
211888681020004,247063945010661,2012,39,3,111,537.0,4.0,1,ELUM,1,ELUM,12,2013-07-15 11:52:39,,7,1
211888682020004,247063945010661,2012,39,3,111,537.0,1.0,1,LOJA,1,LOJA,6,2013-07-15 11:52:39,,7,1
211888683020004,247063945010661,2012,39,3,111,537.0,2.0,1,LOJA,1,LOJA,1,2013-07-15 11:52:39,,7,1
211888684020004,247063945010661,2012,39,3,111,537.0,3.0,1,LOJA,1,LOJA,5,2013-07-15 11:52:39,,7,1
211888685020004,247063945010661,2012,39,3,111,537.0,4.0,1,LOJA,1,LOJA,2,2013-07-15 11:52:39,,7,1
211888686020004,247063945010661,2012,39,3,111,537.0,1.0,1,ROMU,1,ROMU,15,2013-07-15 11:52:39,,7,1
211888687020004,247063945010661,2012,39,3,111,537.0,2.0,1,ROMU,1,ROMU,10,2013-07-15 11:52:39,,7,1
211888688020004,247063945010661,2012,39,3,111,537.0,3.0,1,ROMU,1,ROMU,35,2013-07-15 11:52:39,,7,1
211888689020004,247063945010661,2012,39,3,111,537.0,4.0,1,ROMU,1,ROMU,40,2013-07-15 11:52:39,,7,1
211888864020004,247063985010661,2012,39,4,29,209.0,4.0,2,AIAL,1,AIAL,70,2013-07-15 11:52:39,,7,1
211888865020004,247063985010661,2012,39,4,29,209.0,4.0,2,ELUM,1,ELUM,5,2013-07-15 11:52:39,,7,1
211888866020004,247063985010661,2012,39,4,29,209.0,4.0,2,LOMO2,1,LOMO2,50,2013-07-15 11:52:39,,7,1
211888867020004,247063985010661,2012,39,4,29,209.0,4.0,2,ROMU,1,ROMU,10,2013-07-15 11:52:39,,7,1
211888868020004,247063985010661,2012,39,4,29,209.0,4.0,2,ROPS,1,ROPS,9,2013-07-15 11:52:39,,7,1
211888914020004,247064001010661,2012,39,4,155,542.0,2.0,2,LOMO2,1,LOMO2,1,2013-07-15 11:52:40,,7,1
211891598020004,247063695010661,2012,39,1,145,33.0,2.0,1,AIAL,1,AIAL,5,2013-07-15 11:53:00,,7,1
211891599020004,247063695010661,2012,39,1,145,33.0,3.0,1,AIAL,1,AIAL,1,2013-07-15 11:53:00,,7,1
211891600020004,247063695010661,2012,39,1,145,33.0,4.0,1,LOJA,1,LOJA,1,2013-07-15 11:53:00,,7,1
211891601020004,247063695010661,2012,39,1,145,33.0,2.0,1,ROMU,1,ROMU,4,2013-07-15 11:53:00,,7,1
211891750020004,247063725010661,2012,39,2,73,197.0,1.0,1,ROMU,1,ROMU,2,2013-07-15 11:53:01,,7,1
211891751020004,247063725010661,2012,39,2,73,197.0,4.0,1,ROMU,1,ROMU,1,2013-07-15 11:53:01,,7,1
211884803020004,247063864010661,2012,39,3,59,225.0,1.0,1,ELUM,1,ELUM,2,2013-07-15 11:52:02,,7,1
211884804020004,247063864010661,2012,39,3,59,225.0,3.0,1,ELUM,1,ELUM,1,2013-07-15 11:52:02,,7,1
211884805020004,247063864010661,2012,39,3,59,225.0,3.0,1,LIVU,1,LIVU,3,2013-07-15 11:52:02,,7,1
211884806020004,247063864010661,2012,39,3,59,225.0,3.0,1,PHAR3,1,PHAR3,4,2013-07-15 11:52:02,,7,1
211884807020004,247063864010661,2012,39,3,59,225.0,2.0,1,ROMU,1,ROMU,5,2013-07-15 11:52:02,,7,1
211884808020004,247063864010661,2012,39,3,59,225.0,3.0,1,ROMU,1,ROMU,15,2013-07-15 11:52:02,,7,1
211884809020004,247063864010661,2012,39,3,59,225.0,4.0,1,ROMU,1,ROMU,1,2013-07-15 11:52:02,,7,1
211884983020004,247063962010661,2012,39,4,29,606.0,1.0,1,ALPE4,1,ALPE4,1,2013-07-15 11:52:04,,7,1
211884984020004,247063962010661,2012,39,4,29,606.0,2.0,2,ALPE4,1,ALPE4,7,2013-07-15 11:52:04,,7,1
211884985020004,247063962010661,2012,39,4,29,606.0,3.0,1,ALPE4,1,ALPE4,1,2013-07-15 11:52:04,,7,1
211884986020004,247063962010661,2012,39,4,29,606.0,1.0,1,ELUM,1,ELUM,4,2013-07-15 11:52:04,,7,1
211884987020004,247063962010661,2012,39,4,29,606.0,2.0,2,ELUM,1,ELUM,4,2013-07-15 11:52:04,,7,1
211884988020004,247063962010661,2012,39,4,29,606.0,3.0,1,ELUM,1,ELUM,20,2013-07-15 11:52:04,,7,1
211884989020004,247063962010661,2012,39,4,29,606.0,3.0,1,LOMO2,1,LOMO2,1,2013-07-15 11:52:04,,7,1
211884990020004,247063962010661,2012,39,4,29,606.0,4.0,1,LOMO2,1,LOMO2,6,2013-07-15 11:52:04,,7,1
211884991020004,247063962010661,2012,39,4,29,606.0,1.0,1,ROMU,1,ROMU,8,2013-07-15 11:52:04,,7,1
211884992020004,247063962010661,2012,39,4,29,606.0,2.0,2,ROMU,1,ROMU,55,2013-07-15 11:52:04,,7,1
211884993020004,247063962010661,2012,39,4,29,606.0,3.0,1,ROMU,1,ROMU,25,2013-07-15 11:52:04,,7,1
211884994020004,247063962010661,2012,39,4,29,606.0,4.0,1,ROMU,1,ROMU,8,2013-07-15 11:52:04,,7,1
211884995020004,247063962010661,2012,39,4,29,606.0,1.0,1,ROPS,1,ROPS,10,2013-07-15 11:52:04,,7,1
211884996020004,247063962010661,2012,39,4,29,606.0,4.0,1,ROPS,1,ROPS,40,2013-07-15 11:52:04,,7,1
211885206020004,247063227010661,2012,39,1,141,646.0,2.0,1,LOJA,1,LOJA,1,2013-07-15 11:52:07,,7,1
211885207020004,247063227010661,2012,39,1,141,646.0,3.0,1,LOJA,1,LOJA,1,2013-07-15 11:52:07,,7,1
211885208020004,247063227010661,2012,39,1,141,646.0,1.0,1,ROMU,1,ROMU,1,2013-07-15 11:52:07,,7,1
211885209020004,247063227010661,2012,39,1,141,646.0,2.0,1,ROMU,1,ROMU,1,2013-07-15 11:52:07,,7,1
211885210020004,247063227010661,2012,39,1,141,646.0,3.0,1,ROMU,1,ROMU,1,2013-07-15 11:52:07,,7,1
211885376020004,247063340010661,2012,39,5,61,506.0,1.0,1,ALPE4,1,ALPE4,6,2013-07-15 11:52:08,,7,1
211885377020004,247063340010661,2012,39,5,61,506.0,2.0,1,ALPE4,1,ALPE4,25,2013-07-15 11:52:08,,7,1
211885378020004,247063340010661,2012,39,5,61,506.0,3.0,1,ALPE4,1,ALPE4,1,2013-07-15 11:52:08,,7,1
211885379020004,247063340010661,2012,39,5,61,506.0,4.0,1,ALPE4,1,ALPE4,30,2013-07-15 11:52:08,,7,1
211885380020004,247063340010661,2012,39,5,61,506.0,3.0,1,LOJA,1,LOJA,2,2013-07-15 11:52:08,,7,1
211885381020004,247063340010661,2012,39,5,61,506.0,1.0,1,LOMA6,1,LOMA6,2,2013-07-15 11:52:08,,7,1
211885382020004,247063340010661,2012,39,5,61,506.0,2.0,1,LOMA6,1,LOMA6,2,2013-07-15 11:52:08,,7,1
211885383020004,247063340010661,2012,39,5,61,506.0,3.0,1,LOMA6,1,LOMA6,8,2013-07-15 11:52:08,,7,1
211885384020004,247063340010661,2012,39,5,61,506.0,4.0,1,LOMA6,1,LOMA6,1,2013-07-15 11:52:08,,7,1
211885385020004,247063340010661,2012,39,5,61,506.0,1.0,1,ROMU,1,ROMU,1,2013-07-15 11:52:08,,7,1
211885386020004,247063340010661,2012,39,5,61,506.0,4.0,1,ROMU,1,ROMU,1,2013-07-15 11:52:08,,7,1
211885630020004,247063892010661,2012,39,3,121,472.0,1.0,1,BETH,1,BETH,3,2013-07-15 11:52:11,,7,1
211885631020004,247063892010661,2012,39,3,121,472.0,2.0,1,BETH,1,BETH,5,2013-07-15 11:52:11,,7,1
211885632020004,247063892010661,2012,39,3,121,472.0,3.0,1,BETH,1,BETH,5,2013-07-15 11:52:11,,7,1
211885633020004,247063892010661,2012,39,3,121,472.0,4.0,1,BETH,1,BETH,6,2013-07-15 11:52:11,,7,1
211885634020004,247063892010661,2012,39,3,121,472.0,2.0,1,CEOR7,1,CEOR7,10,2013-07-15 11:52:11,,7,1
211885635020004,247063892010661,2012,39,3,121,472.0,3.0,1,CEOR7,1,CEOR7,62,2013-07-15 11:52:11,,7,1
211885636020004,247063892010661,2012,39,3,121,472.0,4.0,1,CEOR7,1,CEOR7,47,2013-07-15 11:52:11,,7,1
248649294010661,168994921010661,2010,39,2,167,2121.0,4.0,1,ROMU,1,ROMU,4,2011-05-12 07:47:36,,6,4
248649295010661,168994921010661,2010,39,2,167,2121.0,4.0,1,ROPS,1,ROPS,8,2011-05-12 07:47:36,,6,4
248649296010661,168994923010661,2010,39,2,167,3682.0,2.0,2,AIAL,1,AIAL,9,2011-05-12 07:47:36,,6,4
248649297010661,168994923010661,2010,39,2,167,3682.0,2.0,2,ALPE4,1,ALPE4,1,2011-05-12 07:47:36,,6,4
248649298010661,168994923010661,2010,39,2,167,3682.0,2.0,2,LOJA,1,LOJA,11,2011-05-12 07:47:36,,6,4
248649299010661,168994923010661,2010,39,2,167,3682.0,2.0,2,ROMU,1,ROMU,8,2011-05-12 07:47:36,,6,4
248649285010661,168994925010661,2010,39,2,167,3268.0,4.0,2,AIAL,1,AIAL,10,2011-05-12 07:47:36,,6,4
248649286010661,168994925010661,2010,39,2,167,3268.0,1.0,2,ROMU,1,ROMU,6,2011-05-12 07:47:36,,6,4
248649287010661,168994925010661,2010,39,2,167,3268.0,3.0,2,ROMU,1,ROMU,1,2011-05-12 07:47:36,,6,4
248649288010661,168994925010661,2010,39,2,167,3268.0,4.0,2,ROMU,1,ROMU,25,2011-05-12 07:47:36,,6,4
248649132010661,168995485010661,2010,39,4,93,1982.0,1.0,1,ALPE4,1,ALPE4,1,2011-05-12 07:47:35,,6,4
248649133010661,168995485010661,2010,39,4,93,1982.0,4.0,1,LIVU,1,LIVU,2,2011-05-12 07:47:35,,6,4
248649134010661,168995485010661,2010,39,4,93,1982.0,4.0,1,LONIC,1,LONIC,1,2011-05-12 07:47:35,,6,4
248649135010661,168995485010661,2010,39,4,93,1982.0,1.0,1,ROMU,1,ROMU,15,2011-05-12 07:47:35,,6,4
248649136010661,168995485010661,2010,39,4,93,1982.0,3.0,1,ROMU,1,ROMU,3,2011-05-12 07:47:35,,6,4
248649137010661,168995485010661,2010,39,4,93,1982.0,4.0,1,ROMU,1,ROMU,15,2011-05-12 07:47:35,,6,4
248649138010661,168995491010661,2010,39,4,93,2871.0,2.0,1,LOBE,1,LOBE,6,2011-05-12 07:47:35,,6,4
248649139010661,168995491010661,2010,39,4,93,2871.0,2.0,1,MIVI,1,MIVI,2,2011-05-12 07:47:35,,6,4
248649140010661,168995491010661,2010,39,4,93,2871.0,4.0,1,MIVI,1,MIVI,4,2011-05-12 07:47:35,,6,4
248649141010661,168995491010661,2010,39,4,93,2871.0,1.0,1,ROMU,1,ROMU,3,2011-05-12 07:47:35,,6,4
248649142010661,168995491010661,2010,39,4,93,2871.0,2.0,1,ROMU,1,ROMU,30,2011-05-12 07:47:35,,6,4
248649143010661,168995491010661,2010,39,4,93,2871.0,3.0,1,ROMU,1,ROMU,2,2011-05-12 07:47:35,,6,4
248649144010661,168995491010661,2010,39,4,93,2871.0,4.0,1,ROMU,1,ROMU,1,2011-05-12 07:47:35,,6,4
31298445020004,222444751010661,2011,39,2,115,3790.0,2.0,1,ROMU,1,ROMU,4,2012-03-19 08:41:31,,6,5
31298446020004,222444751010661,2011,39,2,115,3790.0,3.0,1,ROMU,1,ROMU,35,2012-03-19 08:41:31,,6,5
31298447020004,222444751010661,2011,39,2,115,3790.0,4.0,1,ROMU,1,ROMU,15,2012-03-19 08:41:31,,6,5
31296197020004,222443789010661,2011,39,6,91,2885.0,1.0,1,CIAR4,1,CIAR4,1,2012-03-19 08:40:52,,6,5
31296198020004,222443789010661,2011,39,6,91,2885.0,2.0,1,CIAR4,1,CIAR4,5,2012-03-19 08:40:52,,6,5
31296199020004,222443789010661,2011,39,6,91,2885.0,1.0,1,ELUM,1,ELUM,1,2012-03-19 08:40:52,,6,5
31296200020004,222443789010661,2011,39,6,91,2885.0,1.0,1,LOJA,1,LOJA,5,2012-03-19 08:40:52,,6,5
31296201020004,222443789010661,2011,39,6,91,2885.0,3.0,1,LOJA,1,LOJA,1,2012-03-19 08:40:52,,6,5
31296202020004,222443789010661,2011,39,6,91,2885.0,1.0,1,ROMU,1,ROMU,20,2012-03-19 08:40:52,,6,5
31298473020004,222444763010661,2011,39,2,167,1497.0,1.0,1,ELUM,1,ELUM,3,2012-03-19 08:41:31,,6,5
31298474020004,222444763010661,2011,39,2,167,1497.0,2.0,1,ELUM,1,ELUM,1,2012-03-19 08:41:31,,6,5
31298475020004,222444763010661,2011,39,2,167,1497.0,4.0,1,ELUM,1,ELUM,1,2012-03-19 08:41:31,,6,5
31298476020004,222444763010661,2011,39,2,167,1497.0,3.0,1,LONIC,1,LONIC,1,2012-03-19 08:41:31,,6,5
31298477020004,222444763010661,2011,39,2,167,1497.0,1.0,1,MIVI,1,MIVI,7,2012-03-19 08:41:31,,6,5
31298478020004,222444763010661,2011,39,2,167,1497.0,2.0,1,MIVI,1,MIVI,18,2012-03-19 08:41:31,,6,5
31298479020004,222444763010661,2011,39,2,167,1497.0,2.0,1,ROMU,1,ROMU,1,2012-03-19 08:41:31,,6,5
31298480020004,222444763010661,2011,39,2,167,1497.0,3.0,1,ROMU,1,ROMU,1,2012-03-19 08:41:31,,6,5
31298481020004,222444763010661,2011,39,2,167,1497.0,4.0,1,ROMU,1,ROMU,1,2012-03-19 08:41:31,,6,5
31298566020004,222444803010661,2011,39,3,67,1501.0,1.0,1,LOJA,1,LOJA,2,2012-03-19 08:41:33,,6,5
31298567020004,222444803010661,2011,39,3,67,1501.0,1.0,1,ROMU,1,ROMU,4,2012-03-19 08:41:33,,6,5
31298568020004,222444803010661,2011,39,3,67,1501.0,4.0,1,ROMU,1,ROMU,2,2012-03-19 08:41:33,,6,5
31298574020004,222444805010661,2011,39,3,67,2072.0,1.0,2,ALPE4,1,ALPE4,1,2012-03-19 08:41:33,,6,5
31298575020004,222444805010661,2011,39,3,67,2072.0,2.0,2,ALPE4,1,ALPE4,10,2012-03-19 08:41:33,,6,5
31298576020004,222444805010661,2011,39,3,67,2072.0,2.0,2,ROMU,1,ROMU,1,2012-03-19 08:41:33,,6,5
31298577020004,222444805010661,2011,39,3,67,2072.0,3.0,2,ROMU,1,ROMU,9,2012-03-19 08:41:33,,6,5
31298578020004,222444805010661,2011,39,3,67,2072.0,3.0,2,ROPS,1,ROPS,10,2012-03-19 08:41:33,,6,5
31298802020004,222444893010661,2011,39,3,19,1299.0,2.0,1,ROMU,1,ROMU,15,2012-03-19 08:41:38,,6,5
271087810489998,16232725020004,2013,39,5,49,2542.0,4.0,1,LIVU,1,LIVU,1,2014-07-22 13:20:18,,7,2
271087811489998,16232725020004,2013,39,5,49,2542.0,3.0,1,LOJA,1,LOJA,1,2014-07-22 13:20:18,,7,2
271087812489998,16232725020004,2013,39,5,49,2542.0,1.0,1,LONIC,1,LONIC,3,2014-07-22 13:20:18,,7,2
271087813489998,16232725020004,2013,39,5,49,2542.0,2.0,1,LONIC,1,LONIC,1,2014-07-22 13:20:18,,7,2
271087814489998,16232725020004,2013,39,5,49,2542.0,3.0,1,LONIC,1,LONIC,7,2014-07-22 13:20:18,,7,2
271087815489998,16232725020004,2013,39,5,49,2542.0,4.0,1,LONIC,1,LONIC,1,2014-07-22 13:20:18,,7,2
271087816489998,16232725020004,2013,39,5,49,2542.0,2.0,1,ROMU,1,ROMU,4,2014-07-22 13:20:18,,7,2
271087817489998,16232725020004,2013,39,5,49,2542.0,3.0,1,ROMU,1,ROMU,3,2014-07-22 13:20:18,,7,2
271087818489998,16232725020004,2013,39,5,49,2542.0,4.0,1,ROMU,1,ROMU,1,2014-07-22 13:20:18,,7,2
271088472489998,16232831020004,2013,39,3,59,2641.0,2.0,2,LIVU,1,LIVU,5,2014-07-22 13:20:19,,7,2
271088473489998,16232831020004,2013,39,3,59,2641.0,2.0,2,LOJA,1,LOJA,50,2014-07-22 13:20:19,,7,2
271088474489998,16232831020004,2013,39,3,59,2641.0,3.0,2,LOJA,1,LOJA,15,2014-07-22 13:20:19,,7,2
271088475489998,16232831020004,2013,39,3,59,2641.0,2.0,2,LONIC,1,LONIC,1,2014-07-22 13:20:19,,7,2
271088476489998,16232831020004,2013,39,3,59,2641.0,3.0,2,LONIC,1,LONIC,1,2014-07-22 13:20:19,,7,2
271088477489998,16232831020004,2013,39,3,59,2641.0,2.0,2,PHAR3,1,PHAR3,2,2014-07-22 13:20:19,,7,2
271088478489998,16232831020004,2013,39,3,59,2641.0,3.0,2,PHAR3,1,PHAR3,2,2014-07-22 13:20:19,,7,2
271088479489998,16232831020004,2013,39,3,59,2641.0,2.0,2,ROMU,1,ROMU,10,2014-07-22 13:20:19,,7,2
271088480489998,16232831020004,2013,39,3,59,2641.0,3.0,2,ROMU,1,ROMU,3,2014-07-22 13:20:19,,7,2
271088673489998,16232862020004,2013,39,1,145,2227.0,2.0,3,BETH,1,BETH,1,2014-07-22 13:20:20,,7,2
271088674489998,16232862020004,2013,39,1,145,2227.0,4.0,1,LIVU,1,LIVU,1,2014-07-22 13:20:20,,7,2
271088675489998,16232862020004,2013,39,1,145,2227.0,1.0,1,LOJA,1,LOJA,1,2014-07-22 13:20:20,,7,2
271088676489998,16232862020004,2013,39,1,145,2227.0,2.0,3,LOJA,1,LOJA,5,2014-07-22 13:20:20,,7,2
271088677489998,16232862020004,2013,39,1,145,2227.0,3.0,1,LOJA,1,LOJA,2,2014-07-22 13:20:20,,7,2
271088678489998,16232862020004,2013,39,1,145,2227.0,4.0,1,LOJA,1,LOJA,1,2014-07-22 13:20:20,,7,2
271088679489998,16232862020004,2013,39,1,145,2227.0,2.0,3,ROMU,1,ROMU,2,2014-07-22 13:20:20,,7,2
271088680489998,16232862020004,2013,39,1,145,2227.0,3.0,1,ROMU,1,ROMU,2,2014-07-22 13:20:20,,7,2
271088681489998,16232862020004,2013,39,1,145,2227.0,1.0,1,ROPS,1,ROPS,3,2014-07-22 13:20:20,,7,2
271088682489998,16232862020004,2013,39,1,145,2227.0,2.0,3,ROPS,1,ROPS,5,2014-07-22 13:20:20,,7,2
271101730489998,16232943020004,2013,39,3,157,1208.0,3.0,3,ELUM,1,ELUM,40,2014-07-22 13:20:52,,7,2
271101731489998,16232943020004,2013,39,3,157,1208.0,4.0,3,ELUM,1,ELUM,15,2014-07-22 13:20:52,,7,2
271101732489998,16232943020004,2013,39,3,157,1208.0,3.0,3,MIVI,1,MIVI,2,2014-07-22 13:20:52,,7,2
271101733489998,16232943020004,2013,39,3,157,1208.0,3.0,3,ROMU,1,ROMU,45,2014-07-22 13:20:52,,7,2
271101734489998,16232943020004,2013,39,3,157,1208.0,4.0,3,ROMU,1,ROMU,30,2014-07-22 13:20:52,,7,2
271101735489998,16232943020004,2013,39,3,157,1208.0,3.0,3,ROPS,1,ROPS,2,2014-07-22 13:20:52,,7,2
271089482489998,16233083020004,2013,39,2,167,2110.0,4.0,1,BETH,1,BETH,1,2014-07-22 13:20:22,,7,2
271089483489998,16233083020004,2013,39,2,167,2110.0,1.0,1,CEOR7,1,CEOR7,1,2014-07-22 13:20:22,,7,2
271089484489998,16233083020004,2013,39,2,167,2110.0,1.0,1,LOJA,1,LOJA,1,2014-07-22 13:20:22,,7,2
271089485489998,16233083020004,2013,39,2,167,2110.0,4.0,1,LOJA,1,LOJA,2,2014-07-22 13:20:22,,7,2
271089486489998,16233083020004,2013,39,2,167,2110.0,3.0,1,MIVI,1,MIVI,2,2014-07-22 13:20:22,,7,2
271089487489998,16233083020004,2013,39,2,167,2110.0,1.0,1,ROMU,1,ROMU,1,2014-07-22 13:20:22,,7,2
271089488489998,16233083020004,2013,39,2,167,2110.0,2.0,1,ROMU,1,ROMU,2,2014-07-22 13:20:22,,7,2
271089489489998,16233083020004,2013,39,2,167,2110.0,3.0,1,ROMU,1,ROMU,2,2014-07-22 13:20:22,,7,2
271089490489998,16233083020004,2013,39,2,167,2110.0,4.0,1,ROMU,1,ROMU,3,2014-07-22 13:20:22,,7,2
271090534489998,16232474020004,2013,39,5,17,2698.0,1.0,1,LIVU,1,LIVU,1,2014-07-22 13:20:24,,7,2
271090535489998,16232474020004,2013,39,5,17,2698.0,2.0,1,LIVU,1,LIVU,1,2014-07-22 13:20:24,,7,2
271090536489998,16232474020004,2013,39,5,17,2698.0,3.0,1,LIVU,1,LIVU,1,2014-07-22 13:20:24,,7,2
271090537489998,16232474020004,2013,39,5,17,2698.0,4.0,1,LIVU,1,LIVU,1,2014-07-22 13:20:24,,7,2
271090538489998,16232474020004,2013,39,5,17,2698.0,1.0,1,LOMA6,1,LOMA6,80,2014-07-22 13:20:24,,7,2
271090539489998,16232474020004,2013,39,5,17,2698.0,2.0,1,LOMA6,1,LOMA6,90,2014-07-22 13:20:24,,7,2
271090540489998,16232474020004,2013,39,5,17,2698.0,3.0,1,LOMA6,1,LOMA6,80,2014-07-22 13:20:24,,7,2
271090541489998,16232474020004,2013,39,5,17,2698.0,4.0,1,LOMA6,1,LOMA6,90,2014-07-22 13:20:24,,7,2
271090542489998,16232474020004,2013,39,5,17,2698.0,2.0,1,ROMU,1,ROMU,1,2014-07-22 13:20:24,,7,2
271090543489998,16232474020004,2013,39,5,17,2698.0,4.0,1,ROMU,1,ROMU,1,2014-07-22 13:20:24,,7,2
271090544489998,16232474020004,2013,39,5,17,2698.0,1.0,1,ROPS,1,ROPS,5,2014-07-22 13:20:24,,7,2
271090545489998,16232474020004,2013,39,5,17,2698.0,4.0,1,ROPS,1,ROPS,3,2014-07-22 13:20:24,,7,2
271091024489998,16232586020004,2013,39,6,51,5838.0,1.0,1,ROMU,1,ROMU,3,2014-07-22 13:20:25,,7,2
271102166489998,16232416020004,2013,39,4,139,3570.0,2.0,2,CEOR7,1,CEOR7,5,2014-07-22 13:20:54,,7,2
271102167489998,16232416020004,2013,39,4,139,3570.0,2.0,2,LIVU,1,LIVU,4,2014-07-22 13:20:54,,7,2
271091412489998,16232812020004,2013,39,3,59,4848.0,3.0,2,LOJA,1,LOJA,5,2014-07-22 13:20:26,,7,2
271091413489998,16232812020004,2013,39,3,59,4848.0,3.0,2,LONIC,1,LONIC,5,2014-07-22 13:20:26,,7,2
271091414489998,16232812020004,2013,39,3,59,4848.0,1.0,1,ROMU,1,ROMU,2,2014-07-22 13:20:26,,7,2
271091415489998,16232812020004,2013,39,3,59,4848.0,2.0,1,ROMU,1,ROMU,2,2014-07-22 13:20:26,,7,2
271091416489998,16232812020004,2013,39,3,59,4848.0,3.0,1,ROMU,1,ROMU,2,2014-07-22 13:20:26,,7,2
271091417489998,16232812020004,2013,39,3,59,4848.0,3.0,2,ROMU,1,ROMU,5,2014-07-22 13:20:26,,7,2
271091418489998,16232812020004,2013,39,3,59,4848.0,4.0,1,ROMU,1,ROMU,1,2014-07-22 13:20:26,,7,2
271091675489998,16232880020004,2013,39,3,59,1944.0,4.0,1,CIAR4,1,CIAR4,2,2014-07-22 13:20:27,,7,2
271091676489998,16232880020004,2013,39,3,59,1944.0,4.0,1,HEMA3,1,HEMA3,2,2014-07-22 13:20:27,,7,2
271091677489998,16232880020004,2013,39,3,59,1944.0,4.0,1,LONIC,1,LONIC,2,2014-07-22 13:20:27,,7,2
271091678489998,16232880020004,2013,39,3,59,1944.0,1.0,1,LYNU,1,LYNU,30,2014-07-22 13:20:27,,7,2
271091679489998,16232880020004,2013,39,3,59,1944.0,2.0,1,LYNU,1,LYNU,10,2014-07-22 13:20:27,,7,2
271091680489998,16232880020004,2013,39,3,59,1944.0,4.0,1,LYNU,1,LYNU,2,2014-07-22 13:20:27,,7,2
271091681489998,16232880020004,2013,39,3,59,1944.0,1.0,1,MIVI,1,MIVI,5,2014-07-22 13:20:27,,7,2
271091682489998,16232880020004,2013,39,3,59,1944.0,2.0,1,MIVI,1,MIVI,15,2014-07-22 13:20:27,,7,2
271091683489998,16232880020004,2013,39,3,59,1944.0,4.0,1,MIVI,1,MIVI,2,2014-07-22 13:20:27,,7,2
271091684489998,16232880020004,2013,39,3,59,1944.0,1.0,1,PHAR3,1,PHAR3,30,2014-07-22 13:20:27,,7,2
271091685489998,16232880020004,2013,39,3,59,1944.0,2.0,1,PHAR3,1,PHAR3,10,2014-07-22 13:20:27,,7,2
271091686489998,16232880020004,2013,39,3,59,1944.0,4.0,1,PHAR3,1,PHAR3,40,2014-07-22 13:20:27,,7,2
271091955489998,16232906020004,2013,39,2,105,3458.0,3.0,1,ALPE4,1,ALPE4,1,2014-07-22 13:20:28,,7,2
271091956489998,16232906020004,2013,39,2,105,3458.0,1.0,1,CEOR7,1,CEOR7,1,2014-07-22 13:20:28,,7,2
271091957489998,16232906020004,2013,39,2,105,3458.0,2.0,1,CEOR7,1,CEOR7,10,2014-07-22 13:20:28,,7,2
271091958489998,16232906020004,2013,39,2,105,3458.0,2.0,1,CIVU,1,CIVU,1,2014-07-22 13:20:28,,7,2
271091959489998,16232906020004,2013,39,2,105,3458.0,1.0,1,LOJA,1,LOJA,35,2014-07-22 13:20:28,,7,2
271091960489998,16232906020004,2013,39,2,105,3458.0,2.0,1,LOJA,1,LOJA,10,2014-07-22 13:20:28,,7,2
271091961489998,16232906020004,2013,39,2,105,3458.0,3.0,1,LOJA,1,LOJA,30,2014-07-22 13:20:28,,7,2
271091962489998,16232906020004,2013,39,2,105,3458.0,4.0,1,LOJA,1,LOJA,20,2014-07-22 13:20:28,,7,2
271091963489998,16232906020004,2013,39,2,105,3458.0,2.0,1,LYNU,1,LYNU,10,2014-07-22 13:20:28,,7,2
271091964489998,16232906020004,2013,39,2,105,3458.0,1.0,1,ROMU,1,ROMU,20,2014-07-22 13:20:28,,7,2
271091965489998,16232906020004,2013,39,2,105,3458.0,2.0,1,ROMU,1,ROMU,10,2014-07-22 13:20:28,,7,2
271091966489998,16232906020004,2013,39,2,105,3458.0,3.0,1,ROMU,1,ROMU,35,2014-07-22 13:20:28,,7,2
271091967489998,16232906020004,2013,39,2,105,3458.0,4.0,1,ROMU,1,ROMU,15,2014-07-22 13:20:28,,7,2
271092453489998,16232918020004,2013,39,3,111,3407.0,4.0,1,ALPE4,1,ALPE4,5,2014-07-22 13:20:28,,7,2
271092454489998,16232918020004,2013,39,3,111,3407.0,2.0,3,LIVU,1,LIVU,15,2014-07-22 13:20:28,,7,2
271092455489998,16232918020004,2013,39,3,111,3407.0,1.0,1,ROMU,1,ROMU,2,2014-07-22 13:20:28,,7,2
271092456489998,16232918020004,2013,39,3,111,3407.0,2.0,3,ROMU,1,ROMU,10,2014-07-22 13:20:28,,7,2
271092457489998,16232918020004,2013,39,3,111,3407.0,3.0,1,ROMU,1,ROMU,3,2014-07-22 13:20:28,,7,2
271092458489998,16232918020004,2013,39,3,111,3407.0,4.0,1,ROMU,1,ROMU,2,2014-07-22 13:20:28,,7,2
271092459489998,16232918020004,2013,39,3,111,3407.0,1.0,1,ROPS,1,ROPS,1,2014-07-22 13:20:28,,7,2
271092460489998,16232918020004,2013,39,3,111,3407.0,2.0,3,ROPS,1,ROPS,10,2014-07-22 13:20:28,,7,2
271092461489998,16232918020004,2013,39,3,111,3407.0,3.0,1,ROPS,1,ROPS,2,2014-07-22 13:20:28,,7,2
271093012489998,16233044020004,2013,39,2,73,4384.0,4.0,1,BETH,1,BETH,1,2014-07-22 13:20:29,,7,2
271093013489998,16233044020004,2013,39,2,73,4384.0,3.0,1,ELUM,1,ELUM,1,2014-07-22 13:20:29,,7,2
271093014489998,16233044020004,2013,39,2,73,4384.0,1.0,1,LIVU,1,LIVU,1,2014-07-22 13:20:29,,7,2
271093015489998,16233044020004,2013,39,2,73,4384.0,2.0,1,LIVU,1,LIVU,1,2014-07-22 13:20:29,,7,2
271093016489998,16233044020004,2013,39,2,73,4384.0,3.0,1,LIVU,1,LIVU,1,2014-07-22 13:20:29,,7,2
271093017489998,16233044020004,2013,39,2,73,4384.0,4.0,1,LIVU,1,LIVU,1,2014-07-22 13:20:29,,7,2
271093018489998,16233044020004,2013,39,2,73,4384.0,1.0,1,LOJA,1,LOJA,2,2014-07-22 13:20:29,,7,2
248648864010661,168996583010661,2010,39,3,13,4479.0,1.0,1,2SSB,1,LOJA,6,2011-05-12 07:47:34,,6,4
248648865010661,168996583010661,2010,39,3,13,4479.0,3.0,1,2SSB,1,LOJA,2,2011-05-12 07:47:34,,6,4
248648866010661,168996583010661,2010,39,3,13,4479.0,4.0,2,2SSB,1,LOJA,1,2011-05-12 07:47:34,,6,4
248648867010661,168996583010661,2010,39,3,13,4479.0,1.0,1,MIVI,1,MIVI,1,2011-05-12 07:47:35,,6,4
248648868010661,168996583010661,2010,39,3,13,4479.0,2.0,2,MIVI,1,MIVI,3,2011-05-12 07:47:35,,6,4
248648869010661,168996583010661,2010,39,3,13,4479.0,4.0,2,MIVI,1,MIVI,1,2011-05-12 07:47:35,,6,4
248648870010661,168996583010661,2010,39,3,13,4479.0,1.0,1,ROMU,1,ROMU,3,2011-05-12 07:47:35,,6,4
248648871010661,168996583010661,2010,39,3,13,4479.0,2.0,2,ROMU,1,ROMU,20,2011-05-12 07:47:35,,6,4
248648872010661,168996583010661,2010,39,3,13,4479.0,4.0,2,ROMU,1,ROMU,20,2011-05-12 07:47:35,,6,4
248649168010661,168996323010661,2010,39,6,107,4902.0,2.0,2,ALPE4,1,ALPE4,45,2011-05-12 07:47:35,,6,4
248649169010661,168996323010661,2010,39,6,107,4902.0,2.0,2,LOMA6,1,LOMA6,1,2011-05-12 07:47:35,,6,4
248649195010661,168995303010661,2010,39,3,119,4446.0,3.0,2,ROPS,1,ROPS,65,2011-05-12 07:47:35,,6,4
248649190010661,168995303010661,2010,39,3,119,4446.0,3.0,2,BETH,1,BETH,2,2011-05-12 07:47:35,,6,4
248649191010661,168995303010661,2010,39,3,119,4446.0,3.0,2,ELUM,1,ELUM,1,2011-05-12 07:47:35,,6,4
248649192010661,168995303010661,2010,39,3,119,4446.0,3.0,2,LOJA,1,LOJA,1,2011-05-12 07:47:35,,6,4
248649193010661,168995303010661,2010,39,3,119,4446.0,3.0,2,LONIC,1,LONIC,1,2011-05-12 07:47:35,,6,4
248649194010661,168995303010661,2010,39,3,119,4446.0,3.0,2,ROMU,1,ROMU,15,2011-05-12 07:47:35,,6,4
248649098010661,168996551010661,2010,39,6,83,5251.0,4.0,1,ALPE4,1,ALPE4,1,2011-05-12 07:47:35,,6,4
248649099010661,168996551010661,2010,39,6,83,5251.0,4.0,1,BEVU,1,BEVU,1,2011-05-12 07:47:35,,6,4
248649100010661,168996551010661,2010,39,6,83,5251.0,1.0,1,MIVI,1,MIVI,3,2011-05-12 07:47:35,,6,4
248649101010661,168996551010661,2010,39,6,83,5251.0,2.0,1,MIVI,1,MIVI,1,2011-05-12 07:47:35,,6,4
248649102010661,168996551010661,2010,39,6,83,5251.0,1.0,1,ROMU,1,ROMU,1,2011-05-12 07:47:35,,6,4
248649103010661,168996551010661,2010,39,6,83,5251.0,2.0,1,ROMU,1,ROMU,1,2011-05-12 07:47:35,,6,4
248649104010661,168996551010661,2010,39,6,83,5251.0,3.0,1,ROMU,1,ROMU,1,2011-05-12 07:47:35,,6,4
248649105010661,168996551010661,2010,39,6,83,5251.0,4.0,1,ROMU,1,ROMU,2,2011-05-12 07:47:35,,6,4
248649250010661,168996539010661,2010,39,4,153,3673.0,1.0,1,ALPE4,1,ALPE4,25,2011-05-12 07:47:36,,6,4
248649251010661,168996539010661,2010,39,4,153,3673.0,2.0,1,ALPE4,1,ALPE4,3,2011-05-12 07:47:36,,6,4
248649252010661,168996539010661,2010,39,4,153,3673.0,4.0,1,ALPE4,1,ALPE4,30,2011-05-12 07:47:36,,6,4
248649253010661,168996539010661,2010,39,4,153,3673.0,2.0,1,FRAL4,1,FRAL4,2,2011-05-12 07:47:36,,6,4
248649254010661,168996539010661,2010,39,4,153,3673.0,3.0,1,FRAL4,1,FRAL4,2,2011-05-12 07:47:36,,6,4
248649255010661,168996539010661,2010,39,4,153,3673.0,2.0,1,LOJA,1,LOJA,2,2011-05-12 07:47:36,,6,4
248649256010661,168996539010661,2010,39,4,153,3673.0,1.0,1,RHCA3,1,RHCA3,2,2011-05-12 07:47:36,,6,4
248649257010661,168996539010661,2010,39,4,153,3673.0,2.0,1,ROMU,1,ROMU,5,2011-05-12 07:47:36,,6,4
248649258010661,168996539010661,2010,39,4,153,3673.0,3.0,1,ROMU,1,ROMU,5,2011-05-12 07:47:36,,6,4
248649063010661,168995405010661,2010,39,3,75,1717.0,1.0,1,ALPE4,1,ALPE4,1,2011-05-12 07:47:35,,6,4
248649064010661,168995405010661,2010,39,3,75,1717.0,2.0,1,ALPE4,1,ALPE4,2,2011-05-12 07:47:35,,6,4
248649065010661,168995405010661,2010,39,3,75,1717.0,4.0,1,ALPE4,1,ALPE4,2,2011-05-12 07:47:35,,6,4
248649066010661,168995405010661,2010,39,3,75,1717.0,1.0,1,ELUM,1,ELUM,1,2011-05-12 07:47:35,,6,4
248649067010661,168995405010661,2010,39,3,75,1717.0,3.0,2,ELUM,1,ELUM,11,2011-05-12 07:47:35,,6,4
248649068010661,168995405010661,2010,39,3,75,1717.0,4.0,1,ELUM,1,ELUM,1,2011-05-12 07:47:35,,6,4
248649069010661,168995405010661,2010,39,3,75,1717.0,1.0,1,ROMU,1,ROMU,40,2011-05-12 07:47:35,,6,4
248649070010661,168995405010661,2010,39,3,75,1717.0,2.0,1,ROMU,1,ROMU,70,2011-05-12 07:47:35,,6,4
248649071010661,168995405010661,2010,39,3,75,1717.0,3.0,2,ROMU,1,ROMU,65,2011-05-12 07:47:35,,6,4
248649072010661,168995405010661,2010,39,3,75,1717.0,4.0,1,ROMU,1,ROMU,78,2011-05-12 07:47:35,,6,4
248649106010661,168996381010661,2010,39,4,85,3070.0,1.0,1,ROMU,1,ROMU,60,2011-05-12 07:47:35,,6,4
248649107010661,168996381010661,2010,39,4,85,3070.0,3.0,1,ROMU,1,ROMU,1,2011-05-12 07:47:35,,6,4
248649145010661,168996389010661,2010,39,4,103,4704.0,1.0,1,ALPE4,1,ALPE4,2,2011-05-12 07:47:35,,6,4
248649146010661,168996389010661,2010,39,4,103,4704.0,2.0,1,ALPE4,1,ALPE4,5,2011-05-12 07:47:35,,6,4
248649147010661,168996389010661,2010,39,4,103,4704.0,3.0,1,ALPE4,1,ALPE4,12,2011-05-12 07:47:35,,6,4
248649148010661,168996389010661,2010,39,4,103,4704.0,4.0,1,ALPE4,1,ALPE4,1,2011-05-12 07:47:35,,6,4
248649149010661,168996389010661,2010,39,4,103,4704.0,2.0,1,LOTA,1,LOTA,1,2011-05-12 07:47:35,,6,4
248649150010661,168996389010661,2010,39,4,103,4704.0,3.0,1,LOTA,1,LOTA,1,2011-05-12 07:47:35,,6,4
248649151010661,168996389010661,2010,39,4,103,4704.0,4.0,1,MIVI,1,MIVI,6,2011-05-12 07:47:35,,6,4
248649152010661,168996389010661,2010,39,4,103,4704.0,1.0,1,ROMU,1,ROMU,2,2011-05-12 07:47:35,,6,4
248649153010661,168996389010661,2010,39,4,103,4704.0,2.0,1,ROMU,1,ROMU,1,2011-05-12 07:47:35,,6,4
248649154010661,168996389010661,2010,39,4,103,4704.0,3.0,1,ROMU,1,ROMU,5,2011-05-12 07:47:35,,6,4
248649155010661,168996389010661,2010,39,4,103,4704.0,4.0,1,ROMU,1,ROMU,13,2011-05-12 07:47:35,,6,4
248649216010661,168996371010661,2010,39,4,133,2635.0,3.0,1,BETH,1,BETH,2,2011-05-12 07:47:35,,6,4
248649217010661,168996371010661,2010,39,4,133,2635.0,1.0,1,LOJA,1,LOJA,1,2011-05-12 07:47:35,,6,4
248649218010661,168996371010661,2010,39,4,133,2635.0,3.0,1,LOMO2,1,LOMO2,2,2011-05-12 07:47:35,,6,4
248649219010661,168996371010661,2010,39,4,133,2635.0,1.0,1,ROMU,1,ROMU,10,2011-05-12 07:47:35,,6,4
248649220010661,168996371010661,2010,39,4,133,2635.0,2.0,1,ROMU,1,ROMU,5,2011-05-12 07:47:35,,6,4
248649221010661,168996371010661,2010,39,4,133,2635.0,3.0,1,ROMU,1,ROMU,5,2011-05-12 07:47:35,,6,4
248649112010661,168996379010661,2010,39,1,87,1803.0,2.0,1,LOJA,1,LOJA,10,2011-05-12 07:47:35,,6,4
248649113010661,168996379010661,2010,39,1,87,1803.0,1.0,1,LOMA6,1,LOMA6,1,2011-05-12 07:47:35,,6,4
248649114010661,168996379010661,2010,39,1,87,1803.0,2.0,1,LOMA6,1,LOMA6,5,2011-05-12 07:47:35,,6,4
248649115010661,168996379010661,2010,39,1,87,1803.0,2.0,1,ROMU,1,ROMU,10,2011-05-12 07:47:35,,6,4
248649116010661,168996379010661,2010,39,1,87,1803.0,3.0,1,ROMU,1,ROMU,1,2011-05-12 07:47:35,,6,4
248649117010661,168996379010661,2010,39,1,87,1803.0,4.0,1,ROMU,1,ROMU,1,2011-05-12 07:47:35,,6,4
248648888010661,168995903010661,2010,39,1,15,3176.0,1.0,1,LOJA,1,LOJA,1,2011-05-12 07:47:35,,6,4
248648889010661,168995903010661,2010,39,1,15,3176.0,1.0,1,LOMA6,1,LOMA6,2,2011-05-12 07:47:35,,6,4
248648890010661,168995903010661,2010,39,1,15,3176.0,2.0,1,LOMA6,1,LOMA6,2,2011-05-12 07:47:35,,6,4
248648891010661,168995903010661,2010,39,1,15,3176.0,3.0,1,LOMA6,1,LOMA6,45,2011-05-12 07:47:35,,6,4
248648892010661,168995903010661,2010,39,1,15,3176.0,4.0,1,LOMA6,1,LOMA6,5,2011-05-12 07:47:35,,6,4
248648893010661,168995903010661,2010,39,1,15,3176.0,1.0,1,ROMU,1,ROMU,1,2011-05-12 07:47:35,,6,4
248648894010661,168995903010661,2010,39,1,15,3176.0,2.0,1,ROMU,1,ROMU,1,2011-05-12 07:47:35,,6,4
248648895010661,168995903010661,2010,39,1,15,3176.0,3.0,1,ROMU,1,ROMU,3,2011-05-12 07:47:35,,6,4
248648896010661,168995903010661,2010,39,1,15,3176.0,4.0,1,ROMU,1,ROMU,1,2011-05-12 07:47:35,,6,4
248648908010661,168995905010661,2010,39,1,25,5374.0,1.0,1,ALPE4,1,ALPE4,1,2011-05-12 07:47:35,,6,4
248648909010661,168995905010661,2010,39,1,25,5374.0,2.0,1,ALPE4,1,ALPE4,1,2011-05-12 07:47:35,,6,4
248648910010661,168995905010661,2010,39,1,25,5374.0,3.0,1,ALPE4,1,ALPE4,1,2011-05-12 07:47:35,,6,4
248648911010661,168995905010661,2010,39,1,25,5374.0,4.0,1,ALPE4,1,ALPE4,2,2011-05-12 07:47:35,,6,4
248648912010661,168995905010661,2010,39,1,25,5374.0,2.0,1,LOJA,1,LOJA,7,2011-05-12 07:47:35,,6,4
248648913010661,168995905010661,2010,39,1,25,5374.0,3.0,1,LOJA,1,LOJA,8,2011-05-12 07:47:35,,6,4
248648914010661,168995905010661,2010,39,1,25,5374.0,4.0,1,LOJA,1,LOJA,22,2011-05-12 07:47:35,,6,4
248648915010661,168995905010661,2010,39,1,25,5374.0,1.0,1,LOMA6,1,LOMA6,23,2011-05-12 07:47:35,,6,4
248648916010661,168995905010661,2010,39,1,25,5374.0,2.0,1,LOMA6,1,LOMA6,30,2011-05-12 07:47:35,,6,4
248648917010661,168995905010661,2010,39,1,25,5374.0,3.0,1,LOMA6,1,LOMA6,1,2011-05-12 07:47:35,,6,4
248648918010661,168995905010661,2010,39,1,25,5374.0,4.0,1,LOMA6,1,LOMA6,21,2011-05-12 07:47:35,,6,4
248648919010661,168995905010661,2010,39,1,25,5374.0,1.0,1,ROMU,1,ROMU,7,2011-05-12 07:47:35,,6,4
248648920010661,168995905010661,2010,39,1,25,5374.0,2.0,1,ROMU,1,ROMU,4,2011-05-12 07:47:35,,6,4
248648921010661,168995905010661,2010,39,1,25,5374.0,3.0,1,ROMU,1,ROMU,19,2011-05-12 07:47:35,,6,4
248648922010661,168995905010661,2010,39,1,25,5374.0,4.0,1,ROMU,1,ROMU,11,2011-05-12 07:47:35,,6,4
248648923010661,168995905010661,2010,39,1,25,5374.0,4.0,1,ROPS,1,ROPS,14,2011-05-12 07:47:35,,6,4
248649268010661,168995039010661,2010,39,3,157,5760.0,1.0,1,BETH,1,BETH,1,2011-05-12 07:47:36,,6,4
248649269010661,168995039010661,2010,39,3,157,5760.0,1.0,1,ELUM,1,ELUM,5,2011-05-12 07:47:36,,6,4
248649270010661,168995039010661,2010,39,3,157,5760.0,1.0,1,FRAL4,1,FRAL4,1,2011-05-12 07:47:36,,6,4
248649271010661,168995039010661,2010,39,3,157,5760.0,1.0,1,LIVU,1,LIVU,22,2011-05-12 07:47:36,,6,4
248649272010661,168995039010661,2010,39,3,157,5760.0,1.0,1,LOJA,1,LOJA,47,2011-05-12 07:47:36,,6,4
211886158020004,247063335010661,2012,39,5,17,722.0,4.0,3,ALPE4,1,ALPE4,1,2013-07-15 11:52:17,,7,1
211886159020004,247063335010661,2012,39,5,17,722.0,4.0,3,LOMA6,1,LOMA6,35,2013-07-15 11:52:17,,7,1
211886160020004,247063335010661,2012,39,5,17,722.0,4.0,3,ROMU,1,ROMU,1,2013-07-15 11:52:17,,7,1
211886161020004,247063335010661,2012,39,5,17,722.0,4.0,3,ROPS,1,ROPS,4,2013-07-15 11:52:17,,7,1
211886392020004,247063758010661,2012,39,6,83,604.0,2.0,1,BETH,1,BETH,10,2013-07-15 11:52:19,,7,1
211886393020004,247063758010661,2012,39,6,83,604.0,3.0,1,BETH,1,BETH,6,2013-07-15 11:52:19,,7,1
211886394020004,247063758010661,2012,39,6,83,604.0,4.0,1,BETH,1,BETH,5,2013-07-15 11:52:19,,7,1
211886395020004,247063758010661,2012,39,6,83,604.0,1.0,1,ELUM,1,ELUM,5,2013-07-15 11:52:19,,7,1
211886396020004,247063758010661,2012,39,6,83,604.0,4.0,1,ELUM,1,ELUM,1,2013-07-15 11:52:19,,7,1
211886397020004,247063758010661,2012,39,6,83,604.0,2.0,1,LOJA,1,LOJA,30,2013-07-15 11:52:19,,7,1
211886398020004,247063758010661,2012,39,6,83,604.0,3.0,1,LOJA,1,LOJA,2,2013-07-15 11:52:19,,7,1
211886399020004,247063758010661,2012,39,6,83,604.0,2.0,1,LOMA6,1,LOMA6,5,2013-07-15 11:52:19,,7,1
211886400020004,247063758010661,2012,39,6,83,604.0,3.0,1,LOMA6,1,LOMA6,2,2013-07-15 11:52:19,,7,1
211886401020004,247063758010661,2012,39,6,83,604.0,4.0,1,LOMA6,1,LOMA6,7,2013-07-15 11:52:19,,7,1
211886402020004,247063758010661,2012,39,6,83,604.0,2.0,1,LOMO2,1,LOMO2,7,2013-07-15 11:52:19,,7,1
211886403020004,247063758010661,2012,39,6,83,604.0,3.0,1,LOMO2,1,LOMO2,12,2013-07-15 11:52:19,,7,1
211886404020004,247063758010661,2012,39,6,83,604.0,4.0,1,LOMO2,1,LOMO2,3,2013-07-15 11:52:19,,7,1
211886405020004,247063758010661,2012,39,6,83,604.0,1.0,1,ROMU,1,ROMU,10,2013-07-15 11:52:19,,7,1
211886406020004,247063758010661,2012,39,6,83,604.0,2.0,1,ROMU,1,ROMU,15,2013-07-15 11:52:19,,7,1
211886407020004,247063758010661,2012,39,6,83,604.0,3.0,1,ROMU,1,ROMU,20,2013-07-15 11:52:19,,7,1
211886408020004,247063758010661,2012,39,6,83,604.0,4.0,1,ROMU,1,ROMU,30,2013-07-15 11:52:19,,7,1
211886409020004,247063758010661,2012,39,6,83,604.0,1.0,1,ROPS,1,ROPS,10,2013-07-15 11:52:19,,7,1
211886410020004,247063758010661,2012,39,6,83,604.0,2.0,1,ROPS,1,ROPS,3,2013-07-15 11:52:19,,7,1
211886411020004,247063758010661,2012,39,6,83,604.0,3.0,1,ROPS,1,ROPS,5,2013-07-15 11:52:19,,7,1
211886412020004,247063758010661,2012,39,6,83,604.0,4.0,1,ROPS,1,ROPS,5,2013-07-15 11:52:19,,7,1
211886587020004,247063849010661,2012,39,1,87,319.0,2.0,1,AIAL,1,AIAL,20,2013-07-15 11:52:21,,7,1
211886588020004,247063849010661,2012,39,1,87,319.0,2.0,1,CEOR7,1,CEOR7,1,2013-07-15 11:52:21,,7,1
211886589020004,247063849010661,2012,39,1,87,319.0,3.0,1,CEOR7,1,CEOR7,1,2013-07-15 11:52:21,,7,1
211886590020004,247063849010661,2012,39,1,87,319.0,4.0,1,CEOR7,1,CEOR7,1,2013-07-15 11:52:21,,7,1
211886591020004,247063849010661,2012,39,1,87,319.0,4.0,1,ELUM,1,ELUM,1,2013-07-15 11:52:21,,7,1
211886592020004,247063849010661,2012,39,1,87,319.0,1.0,1,LIVU,1,LIVU,2,2013-07-15 11:52:21,,7,1
211886593020004,247063849010661,2012,39,1,87,319.0,2.0,1,LIVU,1,LIVU,2,2013-07-15 11:52:21,,7,1
211886594020004,247063849010661,2012,39,1,87,319.0,4.0,1,LIVU,1,LIVU,5,2013-07-15 11:52:21,,7,1
211886595020004,247063849010661,2012,39,1,87,319.0,1.0,1,LOJA,1,LOJA,20,2013-07-15 11:52:21,,7,1
211886596020004,247063849010661,2012,39,1,87,319.0,2.0,1,LOJA,1,LOJA,10,2013-07-15 11:52:21,,7,1
211886597020004,247063849010661,2012,39,1,87,319.0,3.0,1,LOJA,1,LOJA,15,2013-07-15 11:52:21,,7,1
211886598020004,247063849010661,2012,39,1,87,319.0,4.0,1,LOJA,1,LOJA,10,2013-07-15 11:52:21,,7,1
211886599020004,247063849010661,2012,39,1,87,319.0,1.0,1,ROMU,1,ROMU,10,2013-07-15 11:52:21,,7,1
271093020489998,16233044020004,2013,39,2,73,4384.0,3.0,1,LOJA,1,LOJA,1,2014-07-22 13:20:29,,7,2
271093021489998,16233044020004,2013,39,2,73,4384.0,4.0,1,LOJA,1,LOJA,2,2014-07-22 13:20:29,,7,2
271093022489998,16233044020004,2013,39,2,73,4384.0,1.0,1,ROMU,1,ROMU,4,2014-07-22 13:20:29,,7,2
271093023489998,16233044020004,2013,39,2,73,4384.0,2.0,1,ROMU,1,ROMU,4,2014-07-22 13:20:29,,7,2
271093024489998,16233044020004,2013,39,2,73,4384.0,3.0,1,ROMU,1,ROMU,2,2014-07-22 13:20:29,,7,2
271093025489998,16233044020004,2013,39,2,73,4384.0,4.0,1,ROMU,1,ROMU,4,2014-07-22 13:20:29,,7,2
271093964489998,16233054020004,2013,39,4,153,3576.0,1.0,1,ALPE4,1,ALPE4,2,2014-07-22 13:20:31,,7,2
271100104489998,16232760020004,2013,39,1,141,5316.0,4.0,1,ROMU,1,ROMU,5,2014-07-22 13:20:49,,7,2
271100105489998,16232760020004,2013,39,1,141,5316.0,2.0,1,ROPS,1,ROPS,26,2014-07-22 13:20:49,,7,2
271100106489998,16232760020004,2013,39,1,141,5316.0,3.0,1,ROPS,1,ROPS,30,2014-07-22 13:20:49,,7,2
271100107489998,16232760020004,2013,39,1,141,5316.0,4.0,1,ROPS,1,ROPS,2,2014-07-22 13:20:49,,7,2
271100926489998,16232787020004,2013,39,2,115,1915.0,1.0,2,ELUM,1,ELUM,7,2014-07-22 13:20:50,,7,2
271100927489998,16232787020004,2013,39,2,115,1915.0,3.0,2,ELUM,1,ELUM,10,2014-07-22 13:20:50,,7,2
271100928489998,16232787020004,2013,39,2,115,1915.0,4.0,2,ELUM,1,ELUM,5,2014-07-22 13:20:50,,7,2
271100929489998,16232787020004,2013,39,2,115,1915.0,2.0,2,LIVU,1,LIVU,1,2014-07-22 13:20:50,,7,2
271100930489998,16232787020004,2013,39,2,115,1915.0,1.0,2,LOJA,1,LOJA,18,2014-07-22 13:20:50,,7,2
271100931489998,16232787020004,2013,39,2,115,1915.0,2.0,2,LOJA,1,LOJA,20,2014-07-22 13:20:50,,7,2
271100932489998,16232787020004,2013,39,2,115,1915.0,3.0,2,LOJA,1,LOJA,5,2014-07-22 13:20:50,,7,2
271100933489998,16232787020004,2013,39,2,115,1915.0,4.0,2,LOJA,1,LOJA,1,2014-07-22 13:20:50,,7,2
271100934489998,16232787020004,2013,39,2,115,1915.0,1.0,2,ROMU,1,ROMU,5,2014-07-22 13:20:50,,7,2
271100935489998,16232787020004,2013,39,2,115,1915.0,2.0,2,ROMU,1,ROMU,10,2014-07-22 13:20:50,,7,2
271100936489998,16232787020004,2013,39,2,115,1915.0,3.0,2,ROMU,1,ROMU,25,2014-07-22 13:20:50,,7,2
271100937489998,16232787020004,2013,39,2,115,1915.0,4.0,2,ROMU,1,ROMU,10,2014-07-22 13:20:50,,7,2
271100938489998,16232787020004,2013,39,2,115,1915.0,1.0,2,ROPS,1,ROPS,1,2014-07-22 13:20:50,,7,2
271087809489998,16232725020004,2013,39,5,49,2542.0,2.0,1,LIVU,1,LIVU,1,2014-07-22 13:20:18,,7,2
31298851020004,222444913010661,2011,39,3,67,1811.0,1.0,1,ROMU,1,ROMU,30,2012-03-19 08:41:39,,6,5
31298852020004,222444913010661,2011,39,3,67,1811.0,2.0,2,ROMU,1,ROMU,55,2012-03-19 08:41:39,,6,5
31298853020004,222444913010661,2011,39,3,67,1811.0,3.0,1,ROMU,1,ROMU,20,2012-03-19 08:41:39,,6,5
31298854020004,222444913010661,2011,39,3,67,1811.0,4.0,1,ROMU,1,ROMU,20,2012-03-19 08:41:39,,6,5
31298888020004,222444929010661,2011,39,2,167,3819.0,1.0,1,AIAL,1,AIAL,60,2012-03-19 08:41:39,,6,5
31298889020004,222444929010661,2011,39,2,167,3819.0,2.0,1,AIAL,1,AIAL,10,2012-03-19 08:41:39,,6,5
31298890020004,222444929010661,2011,39,2,167,3819.0,4.0,1,AIAL,1,AIAL,20,2012-03-19 08:41:39,,6,5
31298891020004,222444929010661,2011,39,2,167,3819.0,1.0,1,ALPE4,1,ALPE4,1,2012-03-19 08:41:39,,6,5
31298892020004,222444929010661,2011,39,2,167,3819.0,4.0,1,ALPE4,1,ALPE4,25,2012-03-19 08:41:39,,6,5
31298893020004,222444929010661,2011,39,2,167,3819.0,4.0,1,LOJA,1,LOJA,5,2012-03-19 08:41:39,,6,5
31298894020004,222444929010661,2011,39,2,167,3819.0,4.0,1,LOMA6,1,LOMA6,3,2012-03-19 08:41:39,,6,5
31298895020004,222444929010661,2011,39,2,167,3819.0,1.0,1,ROMU,1,ROMU,1,2012-03-19 08:41:39,,6,5
31298896020004,222444929010661,2011,39,2,167,3819.0,2.0,1,ROMU,1,ROMU,1,2012-03-19 08:41:39,,6,5
31298897020004,222444929010661,2011,39,2,167,3819.0,3.0,1,ROMU,1,ROMU,2,2012-03-19 08:41:39,,6,5
31298898020004,222444929010661,2011,39,2,167,3819.0,4.0,1,ROMU,1,ROMU,20,2012-03-19 08:41:39,,6,5
31298924020004,222444941010661,2011,39,3,81,5074.0,1.0,1,AIAL,1,AIAL,8,2012-03-19 08:41:40,,6,5
31298925020004,222444941010661,2011,39,3,81,5074.0,2.0,1,AIAL,1,AIAL,7,2012-03-19 08:41:40,,6,5
31298926020004,222444941010661,2011,39,3,81,5074.0,3.0,1,AIAL,1,AIAL,2,2012-03-19 08:41:40,,6,5
31298927020004,222444941010661,2011,39,3,81,5074.0,1.0,1,ELUM,1,ELUM,40,2012-03-19 08:41:40,,6,5
31298928020004,222444941010661,2011,39,3,81,5074.0,2.0,1,ELUM,1,ELUM,18,2012-03-19 08:41:40,,6,5
31298929020004,222444941010661,2011,39,3,81,5074.0,3.0,1,ELUM,1,ELUM,30,2012-03-19 08:41:40,,6,5
31298930020004,222444941010661,2011,39,3,81,5074.0,3.0,1,LOJA,1,LOJA,1,2012-03-19 08:41:40,,6,5
31298931020004,222444941010661,2011,39,3,81,5074.0,2.0,1,ROMU,1,ROMU,2,2012-03-19 08:41:40,,6,5
31298932020004,222444941010661,2011,39,3,81,5074.0,3.0,1,ROMU,1,ROMU,2,2012-03-19 08:41:40,,6,5
31298933020004,222444941010661,2011,39,3,81,5074.0,1.0,1,ROPS,1,ROPS,7,2012-03-19 08:41:40,,6,5
31298934020004,222444941010661,2011,39,3,81,5074.0,2.0,1,ROPS,1,ROPS,2,2012-03-19 08:41:40,,6,5
31298935020004,222444941010661,2011,39,3,81,5074.0,3.0,1,ROPS,1,ROPS,1,2012-03-19 08:41:40,,6,5
31295189020004,222443325010661,2011,39,6,21,2936.0,1.0,2,LOBE,1,LOBE,3,2012-03-19 08:40:34,,6,5
31295190020004,222443325010661,2011,39,6,21,2936.0,1.0,2,ROMU,1,ROMU,2,2012-03-19 08:40:34,,6,5
31295195020004,222443327010661,2011,39,6,173,3664.0,2.0,1,MIVI,1,MIVI,1,2012-03-19 08:40:34,,6,5
31295196020004,222443327010661,2011,39,6,173,3664.0,3.0,1,MIVI,1,MIVI,11,2012-03-19 08:40:34,,6,5
31295197020004,222443327010661,2011,39,6,173,3664.0,1.0,1,ROMU,1,ROMU,4,2012-03-19 08:40:34,,6,5
31295198020004,222443327010661,2011,39,6,173,3664.0,3.0,1,ROMU,1,ROMU,5,2012-03-19 08:40:34,,6,5
31298949020004,222444947010661,2011,39,3,13,5727.0,1.0,1,ALPE4,1,ALPE4,1,2012-03-19 08:41:40,,6,5
31298950020004,222444947010661,2011,39,3,13,5727.0,3.0,1,BETH,1,BETH,1,2012-03-19 08:41:40,,6,5
31298951020004,222444947010661,2011,39,3,13,5727.0,3.0,1,POSA4,1,POSA4,3,2012-03-19 08:41:40,,6,5
31298952020004,222444947010661,2011,39,3,13,5727.0,2.0,1,ROMU,1,ROMU,1,2012-03-19 08:41:40,,6,5
31298953020004,222444947010661,2011,39,3,13,5727.0,3.0,1,ROMU,1,ROMU,6,2012-03-19 08:41:40,,6,5
31298954020004,222444947010661,2011,39,3,13,5727.0,2.0,1,ROPS,1,ROPS,7,2012-03-19 08:41:40,,6,5
31298963020004,222444951010661,2011,39,3,13,3686.0,1.0,1,ALPE4,1,ALPE4,2,2012-03-19 08:41:40,,6,5
31298964020004,222444951010661,2011,39,3,13,3686.0,3.0,2,ALPE4,1,ALPE4,2,2012-03-19 08:41:40,,6,5
31298965020004,222444951010661,2011,39,3,13,3686.0,4.0,1,ALPE4,1,ALPE4,4,2012-03-19 08:41:40,,6,5
31298967020004,222444951010661,2011,39,3,13,3686.0,1.0,1,LOBE,1,LOBE,4,2012-03-19 08:41:40,,6,5
31298968020004,222444951010661,2011,39,3,13,3686.0,3.0,2,LOBE,1,LOBE,2,2012-03-19 08:41:40,,6,5
31298969020004,222444951010661,2011,39,3,13,3686.0,4.0,1,LOBE,1,LOBE,2,2012-03-19 08:41:40,,6,5
31298970020004,222444951010661,2011,39,3,13,3686.0,1.0,1,LOJA,1,LOJA,1,2012-03-19 08:41:40,,6,5
31298971020004,222444951010661,2011,39,3,13,3686.0,3.0,2,LOJA,1,LOJA,2,2012-03-19 08:41:40,,6,5
31298972020004,222444951010661,2011,39,3,13,3686.0,4.0,1,LOJA,1,LOJA,1,2012-03-19 08:41:40,,6,5
31298973020004,222444951010661,2011,39,3,13,3686.0,1.0,1,ROMU,1,ROMU,10,2012-03-19 08:41:40,,6,5
31298974020004,222444951010661,2011,39,3,13,3686.0,3.0,2,ROMU,1,ROMU,2,2012-03-19 08:41:40,,6,5
31298975020004,222444951010661,2011,39,3,13,3686.0,4.0,1,ROMU,1,ROMU,20,2012-03-19 08:41:40,,6,5
31298976020004,222444951010661,2011,39,3,13,3686.0,1.0,1,ROPS,1,ROPS,2,2012-03-19 08:41:40,,6,5
31298977020004,222444951010661,2011,39,3,13,3686.0,3.0,2,ROPS,1,ROPS,1,2012-03-19 08:41:40,,6,5
31298978020004,222444951010661,2011,39,3,13,3686.0,4.0,1,ROPS,1,ROPS,11,2012-03-19 08:41:40,,6,5
31299073020004,222444995010661,2011,39,2,127,4881.0,2.0,2,ROMU,1,ROMU,3,2012-03-19 08:41:42,,6,5
31299074020004,222444995010661,2011,39,2,127,4881.0,4.0,2,ROMU,1,ROMU,4,2012-03-19 08:41:42,,6,5
31299080020004,222444997010661,2011,39,2,73,1771.0,1.0,1,ROMU,1,ROMU,5,2012-03-19 08:41:43,,6,5
31299081020004,222444997010661,2011,39,2,73,1771.0,3.0,1,ROMU,1,ROMU,4,2012-03-19 08:41:43,,6,5
31299082020004,222444997010661,2011,39,2,73,1771.0,4.0,1,ROMU,1,ROMU,10,2012-03-19 08:41:43,,6,5
31299083020004,222444997010661,2011,39,2,73,1771.0,1.0,1,ROPS,1,ROPS,1,2012-03-19 08:41:43,,6,5
31299088020004,222444999010661,2011,39,2,9,1903.0,3.0,1,LOJA,1,LOJA,1,2012-03-19 08:41:43,,6,5
31299089020004,222444999010661,2011,39,2,9,1903.0,4.0,2,LOJA,1,LOJA,2,2012-03-19 08:41:43,,6,5
31299090020004,222444999010661,2011,39,2,9,1903.0,1.0,1,ROMU,1,ROMU,2,2012-03-19 08:41:43,,6,5
31299091020004,222444999010661,2011,39,2,9,1903.0,2.0,1,ROMU,1,ROMU,1,2012-03-19 08:41:43,,6,5
31299092020004,222444999010661,2011,39,2,9,1903.0,3.0,1,ROMU,1,ROMU,2,2012-03-19 08:41:43,,6,5
31299093020004,222444999010661,2011,39,2,9,1903.0,4.0,2,ROMU,1,ROMU,4,2012-03-19 08:41:43,,6,5
31295361020004,222443407010661,2011,39,1,25,2953.0,1.0,1,LOJA,1,LOJA,20,2012-03-19 08:40:39,,6,5
31295362020004,222443407010661,2011,39,1,25,2953.0,2.0,2,LOJA,1,LOJA,1,2012-03-19 08:40:39,,6,5
31295363020004,222443407010661,2011,39,1,25,2953.0,4.0,1,LOJA,1,LOJA,5,2012-03-19 08:40:39,,6,5
31295364020004,222443407010661,2011,39,1,25,2953.0,1.0,1,LOMA6,1,LOMA6,1,2012-03-19 08:40:39,,6,5
31295365020004,222443407010661,2011,39,1,25,2953.0,2.0,2,LOMA6,1,LOMA6,2,2012-03-19 08:40:39,,6,5
31295366020004,222443407010661,2011,39,1,25,2953.0,3.0,2,LOMA6,1,LOMA6,1,2012-03-19 08:40:39,,6,5
31295367020004,222443407010661,2011,39,1,25,2953.0,4.0,1,LOMA6,1,LOMA6,10,2012-03-19 08:40:39,,6,5
31295368020004,222443407010661,2011,39,1,25,2953.0,1.0,1,ROMU,1,ROMU,80,2012-03-19 08:40:39,,6,5
31295369020004,222443407010661,2011,39,1,25,2953.0,2.0,2,ROMU,1,ROMU,7,2012-03-19 08:40:39,,6,5
31295370020004,222443407010661,2011,39,1,25,2953.0,3.0,2,ROMU,1,ROMU,1,2012-03-19 08:40:39,,6,5
271093019489998,16233044020004,2013,39,2,73,4384.0,2.0,1,LOJA,1,LOJA,2,2014-07-22 13:20:29,,7,2
31295371020004,222443407010661,2011,39,1,25,2953.0,4.0,1,ROMU,1,ROMU,55,2012-03-19 08:40:39,,6,5
31296763020004,222444047010661,2011,39,6,147,4671.0,1.0,1,ALPE4,1,ALPE4,1,2012-03-19 08:40:59,,6,5
31296764020004,222444047010661,2011,39,6,147,4671.0,2.0,1,ROMU,1,ROMU,1,2012-03-19 08:40:59,,6,5
31299150020004,222445027010661,2011,39,1,15,4442.0,1.0,1,CEOR7,1,CEOR7,1,2012-03-19 08:41:43,,6,5
31299151020004,222445027010661,2011,39,1,15,4442.0,1.0,1,ELAN,1,ELAN,15,2012-03-19 08:41:43,,6,5
31299152020004,222445027010661,2011,39,1,15,4442.0,4.0,1,ELAN,1,ELAN,2,2012-03-19 08:41:43,,6,5
31299153020004,222445027010661,2011,39,1,15,4442.0,1.0,1,LOJA,1,LOJA,4,2012-03-19 08:41:44,,6,5
31299154020004,222445027010661,2011,39,1,15,4442.0,4.0,1,LOJA,1,LOJA,5,2012-03-19 08:41:44,,6,5
31299155020004,222445027010661,2011,39,1,15,4442.0,1.0,1,LOMA6,1,LOMA6,1,2012-03-19 08:41:44,,6,5
31299156020004,222445027010661,2011,39,1,15,4442.0,1.0,1,ROMU,1,ROMU,5,2012-03-19 08:41:44,,6,5
31299157020004,222445027010661,2011,39,1,15,4442.0,4.0,1,ROMU,1,ROMU,8,2012-03-19 08:41:44,,6,5
31299158020004,222445027010661,2011,39,1,15,4442.0,4.0,1,ROPS,1,ROPS,20,2012-03-19 08:41:44,,6,5
31299234020004,222445063010661,2011,39,5,165,2886.0,1.0,1,ALPE4,1,ALPE4,1,2012-03-19 08:41:44,,6,5
31298803020004,222444893010661,2011,39,3,19,1299.0,3.0,1,ROMU,1,ROMU,2,2012-03-19 08:41:38,,6,5
31298804020004,222444893010661,2011,39,3,19,1299.0,4.0,1,ROMU,1,ROMU,3,2012-03-19 08:41:38,,6,5
31298847020004,222444913010661,2011,39,3,67,1811.0,2.0,2,ELUM,1,ELUM,1,2012-03-19 08:41:39,,6,5
31298848020004,222444913010661,2011,39,3,67,1811.0,3.0,1,ELUM,1,ELUM,15,2012-03-19 08:41:39,,6,5
31298849020004,222444913010661,2011,39,3,67,1811.0,4.0,1,ELUM,1,ELUM,3,2012-03-19 08:41:39,,6,5
31298850020004,222444913010661,2011,39,3,67,1811.0,1.0,1,LOMA6,1,LOMA6,2,2012-03-19 08:41:39,,6,5
31299235020004,222445063010661,2011,39,5,165,2886.0,2.0,1,ALPE4,1,ALPE4,7,2012-03-19 08:41:44,,6,5
31299236020004,222445063010661,2011,39,5,165,2886.0,1.0,1,LOMA6,1,LOMA6,20,2012-03-19 08:41:44,,6,5
31299237020004,222445063010661,2011,39,5,165,2886.0,2.0,1,LOMA6,1,LOMA6,20,2012-03-19 08:41:44,,6,5
31299238020004,222445063010661,2011,39,5,165,2886.0,2.0,1,LYNU,1,LYNU,25,2012-03-19 08:41:44,,6,5
31295508020004,222443473010661,2011,39,3,111,3556.0,3.0,1,ALPE4,1,ALPE4,1,2012-03-19 08:40:43,,6,5
31295509020004,222443473010661,2011,39,3,111,3556.0,4.0,1,ALPE4,1,ALPE4,1,2012-03-19 08:40:43,,6,5
31295510020004,222443473010661,2011,39,3,111,3556.0,1.0,1,BETH,1,BETH,1,2012-03-19 08:40:43,,6,5
31295511020004,222443473010661,2011,39,3,111,3556.0,4.0,1,BETH,1,BETH,1,2012-03-19 08:40:43,,6,5
31295512020004,222443473010661,2011,39,3,111,3556.0,1.0,1,CEOR7,1,CEOR7,1,2012-03-19 08:40:43,,6,5
31295513020004,222443473010661,2011,39,3,111,3556.0,1.0,1,ROMU,1,ROMU,5,2012-03-19 08:40:43,,6,5
31295514020004,222443473010661,2011,39,3,111,3556.0,2.0,1,ROMU,1,ROMU,5,2012-03-19 08:40:43,,6,5
31295515020004,222443473010661,2011,39,3,111,3556.0,3.0,1,ROMU,1,ROMU,5,2012-03-19 08:40:43,,6,5
31295516020004,222443473010661,2011,39,3,111,3556.0,4.0,1,ROMU,1,ROMU,10,2012-03-19 08:40:43,,6,5
211886600020004,247063849010661,2012,39,1,87,319.0,2.0,1,ROMU,1,ROMU,5,2013-07-15 11:52:21,,7,1
211886601020004,247063849010661,2012,39,1,87,319.0,3.0,1,ROMU,1,ROMU,3,2013-07-15 11:52:21,,7,1
211886602020004,247063849010661,2012,39,1,87,319.0,4.0,1,ROMU,1,ROMU,12,2013-07-15 11:52:21,,7,1
211886739020004,247063873010661,2012,39,4,7,120.0,1.0,1,FRAL4,1,FRAL4,1,2013-07-15 11:52:22,,7,1
211886740020004,247063873010661,2012,39,4,7,120.0,2.0,1,FRAL4,1,FRAL4,2,2013-07-15 11:52:22,,7,1
211886742020004,247063873010661,2012,39,4,7,120.0,4.0,1,FRAL4,1,FRAL4,4,2013-07-15 11:52:22,,7,1
211886741020004,247063873010661,2012,39,4,7,120.0,3.0,1,FRAL4,1,FRAL4,2,2013-07-15 11:52:22,,7,1
211889360020004,247063915010661,2012,39,3,19,71.0,2.0,1,ALPE4,1,ALPE4,20,2013-07-15 11:52:45,,7,1
211889361020004,247063915010661,2012,39,3,19,71.0,3.0,1,ALPE4,1,ALPE4,1,2013-07-15 11:52:45,,7,1
211889362020004,247063915010661,2012,39,3,19,71.0,1.0,1,ROMU,1,ROMU,16,2013-07-15 11:52:45,,7,1
211889363020004,247063915010661,2012,39,3,19,71.0,2.0,1,ROMU,1,ROMU,5,2013-07-15 11:52:45,,7,1
211889364020004,247063915010661,2012,39,3,19,71.0,3.0,1,ROMU,1,ROMU,10,2013-07-15 11:52:45,,7,1
211889460020004,247063921010661,2012,39,3,19,378.0,1.0,1,ALPE4,1,ALPE4,9,2013-07-15 11:52:45,,7,1
211889461020004,247063921010661,2012,39,3,19,378.0,2.0,1,ALPE4,1,ALPE4,5,2013-07-15 11:52:45,,7,1
211889462020004,247063921010661,2012,39,3,19,378.0,3.0,1,ALPE4,1,ALPE4,3,2013-07-15 11:52:45,,7,1
211889463020004,247063921010661,2012,39,3,19,378.0,3.0,1,BETH,1,BETH,1,2013-07-15 11:52:45,,7,1
211889464020004,247063921010661,2012,39,3,19,378.0,1.0,1,CEOR7,1,CEOR7,1,2013-07-15 11:52:45,,7,1
211889465020004,247063921010661,2012,39,3,19,378.0,2.0,1,ELUM,1,ELUM,1,2013-07-15 11:52:45,,7,1
211889466020004,247063921010661,2012,39,3,19,378.0,1.0,1,LOMO2,1,LOMO2,12,2013-07-15 11:52:45,,7,1
211889467020004,247063921010661,2012,39,3,19,378.0,2.0,1,LOMO2,1,LOMO2,15,2013-07-15 11:52:45,,7,1
211889468020004,247063921010661,2012,39,3,19,378.0,3.0,1,LOMO2,1,LOMO2,16,2013-07-15 11:52:45,,7,1
211889469020004,247063921010661,2012,39,3,19,378.0,4.0,1,LOMO2,1,LOMO2,15,2013-07-15 11:52:45,,7,1
211889470020004,247063921010661,2012,39,3,19,378.0,1.0,1,LOTA,1,LOTA,5,2013-07-15 11:52:45,,7,1
211889471020004,247063921010661,2012,39,3,19,378.0,1.0,1,RHCA3,1,RHCA3,5,2013-07-15 11:52:45,,7,1
211889472020004,247063921010661,2012,39,3,19,378.0,2.0,1,RHCA3,1,RHCA3,1,2013-07-15 11:52:45,,7,1
211889473020004,247063921010661,2012,39,3,19,378.0,3.0,1,RHCA3,1,RHCA3,6,2013-07-15 11:52:45,,7,1
211889474020004,247063921010661,2012,39,3,19,378.0,1.0,1,ROMU,1,ROMU,6,2013-07-15 11:52:45,,7,1
211889475020004,247063921010661,2012,39,3,19,378.0,2.0,1,ROMU,1,ROMU,10,2013-07-15 11:52:45,,7,1
211889476020004,247063921010661,2012,39,3,19,378.0,3.0,1,ROMU,1,ROMU,15,2013-07-15 11:52:45,,7,1
211889477020004,247063921010661,2012,39,3,19,378.0,4.0,1,ROMU,1,ROMU,1,2013-07-15 11:52:45,,7,1
211889622020004,247063968010661,2012,39,3,67,363.0,1.0,1,ALPE4,1,ALPE4,1,2013-07-15 11:52:46,,7,1
211889623020004,247063968010661,2012,39,3,67,363.0,3.0,1,ALPE4,1,ALPE4,5,2013-07-15 11:52:46,,7,1
211889624020004,247063968010661,2012,39,3,67,363.0,4.0,1,ALPE4,1,ALPE4,1,2013-07-15 11:52:46,,7,1
211889625020004,247063968010661,2012,39,3,67,363.0,1.0,1,BETH,1,BETH,2,2013-07-15 11:52:46,,7,1
211889626020004,247063968010661,2012,39,3,67,363.0,3.0,1,BETH,1,BETH,1,2013-07-15 11:52:46,,7,1
211889627020004,247063968010661,2012,39,3,67,363.0,1.0,1,ROMU,1,ROMU,20,2013-07-15 11:52:46,,7,1
211889628020004,247063968010661,2012,39,3,67,363.0,2.0,1,ROMU,1,ROMU,31,2013-07-15 11:52:46,,7,1
211889629020004,247063968010661,2012,39,3,67,363.0,3.0,1,ROMU,1,ROMU,10,2013-07-15 11:52:46,,7,1
211889630020004,247063968010661,2012,39,3,67,363.0,4.0,1,ROMU,1,ROMU,10,2013-07-15 11:52:46,,7,1
211889756020004,247063973010661,2012,39,3,13,410.0,1.0,1,CIAR4,1,CIAR4,1,2013-07-15 11:52:46,,7,1
211885637020004,247063892010661,2012,39,3,121,472.0,1.0,1,ELUM,1,ELUM,30,2013-07-15 11:52:11,,7,1
211885638020004,247063892010661,2012,39,3,121,472.0,2.0,1,ELUM,1,ELUM,1,2013-07-15 11:52:11,,7,1
211885639020004,247063892010661,2012,39,3,121,472.0,3.0,1,ELUM,1,ELUM,1,2013-07-15 11:52:11,,7,1
211885640020004,247063892010661,2012,39,3,121,472.0,4.0,1,ELUM,1,ELUM,22,2013-07-15 11:52:11,,7,1
211885641020004,247063892010661,2012,39,3,121,472.0,4.0,2,ELUM,1,ELUM,1,2013-07-15 11:52:11,,7,1
211885642020004,247063892010661,2012,39,3,121,472.0,3.0,1,LOJA,1,LOJA,7,2013-07-15 11:52:11,,7,1
211885643020004,247063892010661,2012,39,3,121,472.0,4.0,1,LOJA,1,LOJA,1,2013-07-15 11:52:11,,7,1
211885644020004,247063892010661,2012,39,3,121,472.0,4.0,2,LOJA,1,LOJA,1,2013-07-15 11:52:11,,7,1
211885645020004,247063892010661,2012,39,3,121,472.0,1.0,1,LOMO2,1,LOMO2,1,2013-07-15 11:52:11,,7,1
211885646020004,247063892010661,2012,39,3,121,472.0,2.0,1,LOMO2,1,LOMO2,1,2013-07-15 11:52:11,,7,1
211885647020004,247063892010661,2012,39,3,121,472.0,4.0,1,LOMO2,1,LOMO2,5,2013-07-15 11:52:11,,7,1
211885648020004,247063892010661,2012,39,3,121,472.0,1.0,1,ROMU,1,ROMU,28,2013-07-15 11:52:11,,7,1
211885649020004,247063892010661,2012,39,3,121,472.0,2.0,1,ROMU,1,ROMU,20,2013-07-15 11:52:11,,7,1
211885650020004,247063892010661,2012,39,3,121,472.0,3.0,1,ROMU,1,ROMU,52,2013-07-15 11:52:11,,7,1
211885651020004,247063892010661,2012,39,3,121,472.0,4.0,1,ROMU,1,ROMU,43,2013-07-15 11:52:11,,7,1
211885652020004,247063892010661,2012,39,3,121,472.0,4.0,2,ROMU,1,ROMU,1,2013-07-15 11:52:11,,7,1
211885807020004,247063900010661,2012,39,2,167,563.0,2.0,1,LOJA,1,LOJA,3,2013-07-15 11:52:12,,7,1
211885808020004,247063900010661,2012,39,2,167,563.0,3.0,1,LOJA,1,LOJA,3,2013-07-15 11:52:12,,7,1
211885809020004,247063900010661,2012,39,2,167,563.0,4.0,1,LOJA,1,LOJA,2,2013-07-15 11:52:12,,7,1
211885956020004,247063938010661,2012,39,4,155,866.0,2.0,2,ROMU,1,ROMU,1,2013-07-15 11:52:13,,7,1
211889757020004,247063973010661,2012,39,3,13,410.0,2.0,1,CIAR4,1,CIAR4,1,2013-07-15 11:52:46,,7,1
211889758020004,247063973010661,2012,39,3,13,410.0,2.0,1,LOMO2,1,LOMO2,1,2013-07-15 11:52:46,,7,1
211889759020004,247063973010661,2012,39,3,13,410.0,4.0,1,LOMO2,1,LOMO2,5,2013-07-15 11:52:46,,7,1
211889760020004,247063973010661,2012,39,3,13,410.0,3.0,1,ROMU,1,ROMU,10,2013-07-15 11:52:46,,7,1
211889761020004,247063973010661,2012,39,3,13,410.0,4.0,1,ROMU,1,ROMU,7,2013-07-15 11:52:46,,7,1
211889762020004,247063973010661,2012,39,3,13,410.0,4.0,1,ROPS,1,ROPS,3,2013-07-15 11:52:46,,7,1
211890249020004,247063595010661,2012,39,1,1,599.0,3.0,1,ROMU,1,ROMU,7,2013-07-15 11:52:49,,7,1
211890250020004,247063595010661,2012,39,1,1,599.0,4.0,1,ROMU,1,ROMU,1,2013-07-15 11:52:49,,7,1
211887493020004,247063844010661,2012,39,1,53,778.0,2.0,1,ELUM,1,ELUM,1,2013-07-15 11:52:30,,7,1
211887494020004,247063844010661,2012,39,1,53,778.0,1.0,1,LOJA,1,LOJA,5,2013-07-15 11:52:30,,7,1
211887495020004,247063844010661,2012,39,1,53,778.0,2.0,1,LOJA,1,LOJA,37,2013-07-15 11:52:30,,7,1
211887496020004,247063844010661,2012,39,1,53,778.0,3.0,1,LOJA,1,LOJA,38,2013-07-15 11:52:30,,7,1
211887497020004,247063844010661,2012,39,1,53,778.0,4.0,1,LOJA,1,LOJA,14,2013-07-15 11:52:30,,7,1
211887498020004,247063844010661,2012,39,1,53,778.0,1.0,1,ROMU,1,ROMU,1,2013-07-15 11:52:30,,7,1
211887499020004,247063844010661,2012,39,1,53,778.0,2.0,1,ROMU,1,ROMU,1,2013-07-15 11:52:30,,7,1
211887500020004,247063844010661,2012,39,1,53,778.0,3.0,1,ROMU,1,ROMU,8,2013-07-15 11:52:30,,7,1
211887501020004,247063844010661,2012,39,1,53,778.0,4.0,1,ROMU,1,ROMU,9,2013-07-15 11:52:30,,7,1
211887642020004,247063879010661,2012,39,4,133,64.0,4.0,1,ALPE4,1,ALPE4,1,2013-07-15 11:52:31,,7,1
211887643020004,247063879010661,2012,39,4,133,64.0,2.0,1,BETH,1,BETH,3,2013-07-15 11:52:31,,7,1
211887644020004,247063879010661,2012,39,4,133,64.0,3.0,1,BETH,1,BETH,1,2013-07-15 11:52:31,,7,1
211887645020004,247063879010661,2012,39,4,133,64.0,4.0,1,BETH,1,BETH,1,2013-07-15 11:52:31,,7,1
211887646020004,247063879010661,2012,39,4,133,64.0,2.0,1,ROMU,1,ROMU,1,2013-07-15 11:52:31,,7,1
211887647020004,247063879010661,2012,39,4,133,64.0,3.0,1,ROMU,1,ROMU,2,2013-07-15 11:52:31,,7,1
211890502020004,247063836010661,2012,39,2,9,598.0,1.0,1,LIVU,1,LIVU,1,2013-07-15 11:52:52,,7,1
211890503020004,247063836010661,2012,39,2,9,598.0,1.0,1,LOJA,1,LOJA,2,2013-07-15 11:52:52,,7,1
211890504020004,247063836010661,2012,39,2,9,598.0,2.0,1,LOJA,1,LOJA,3,2013-07-15 11:52:52,,7,1
211890505020004,247063836010661,2012,39,2,9,598.0,3.0,1,LOJA,1,LOJA,1,2013-07-15 11:52:52,,7,1
211890506020004,247063836010661,2012,39,2,9,598.0,4.0,1,LOJA,1,LOJA,13,2013-07-15 11:52:52,,7,1
211890507020004,247063836010661,2012,39,2,9,598.0,1.0,1,LOMA6,1,LOMA6,2,2013-07-15 11:52:52,,7,1
211890508020004,247063836010661,2012,39,2,9,598.0,1.0,1,LOMO2,1,LOMO2,3,2013-07-15 11:52:52,,7,1
211890509020004,247063836010661,2012,39,2,9,598.0,2.0,1,LOMO2,1,LOMO2,23,2013-07-15 11:52:52,,7,1
211890510020004,247063836010661,2012,39,2,9,598.0,4.0,1,LOMO2,1,LOMO2,15,2013-07-15 11:52:52,,7,1
211890511020004,247063836010661,2012,39,2,9,598.0,1.0,1,ROMU,1,ROMU,6,2013-07-15 11:52:52,,7,1
211890512020004,247063836010661,2012,39,2,9,598.0,2.0,1,ROMU,1,ROMU,43,2013-07-15 11:52:52,,7,1
211890513020004,247063836010661,2012,39,2,9,598.0,3.0,1,ROMU,1,ROMU,35,2013-07-15 11:52:52,,7,1
152864570020004,144954517010661,2009,39,6,11,2083.0,2.0,2,ALPE4,1,ALPE4,12,2012-12-07 10:11:48,,6,3
225923358010661,144953387010661,2009,39,3,19,4382.0,1.0,1,AIAL,1,AIAL,1,2010-06-07 06:12:41,2012-02-28 07:14:00,6,3
225923361010661,144953387010661,2009,39,3,19,4382.0,1.0,1,ROMU,1,ROMU,4,2010-06-07 06:12:41,2012-02-28 07:13:33,6,3
225923362010661,144953387010661,2009,39,3,19,4382.0,2.0,2,ROMU,1,ROMU,1,2010-06-07 06:12:41,2012-02-28 07:13:33,6,3
225923359010661,144953387010661,2009,39,3,19,4382.0,3.0,1,AIAL,1,AIAL,50,2010-06-07 06:12:41,2012-02-28 07:14:01,6,3
225923360010661,144953387010661,2009,39,3,19,4382.0,3.0,1,ALPE4,1,ALPE4,16,2010-06-07 06:12:41,2012-02-28 07:14:30,6,3
225923363010661,144953387010661,2009,39,3,19,4382.0,3.0,1,ROMU,1,ROMU,1,2010-06-07 06:12:41,2012-02-28 07:13:33,6,3
225923364010661,144953387010661,2009,39,3,19,4382.0,4.0,1,ROMU,1,ROMU,10,2010-06-07 06:12:41,2012-02-28 07:13:33,6,3
225919125010661,144953817010661,2009,39,4,93,1414.0,1.0,1,ROMU,1,ROMU,3,2010-06-07 06:12:25,2012-02-28 07:11:49,6,3
225919126010661,144953817010661,2009,39,4,93,1414.0,2.0,1,ROMU,1,ROMU,3,2010-06-07 06:12:25,2012-02-28 07:11:49,6,3
225919127010661,144953817010661,2009,39,4,93,1414.0,4.0,1,ROMU,1,ROMU,2,2010-06-07 06:12:25,2012-02-28 07:11:49,6,3
152865033020004,144954313010661,2009,39,6,91,4513.0,4.0,3,ALPE4,1,ALPE4,1,2012-12-07 10:11:50,,6,3
152865034020004,144954313010661,2009,39,6,91,4513.0,2.0,1,ALPE4,1,ALPE4,5,2012-12-07 10:11:50,,6,3
152865035020004,144954313010661,2009,39,6,91,4513.0,1.0,1,ELUM,1,ELUM,3,2012-12-07 10:11:50,,6,3
152865036020004,144954313010661,2009,39,6,91,4513.0,2.0,1,LIVU,1,LIVU,1,2012-12-07 10:11:50,,6,3
152865037020004,144954313010661,2009,39,6,91,4513.0,4.0,3,LOMO2,1,LOMO2,20,2012-12-07 10:11:50,,6,3
152865038020004,144954313010661,2009,39,6,91,4513.0,2.0,1,LOMO2,1,LOMO2,15,2012-12-07 10:11:50,,6,3
152865039020004,144954313010661,2009,39,6,91,4513.0,1.0,1,LOMO2,1,LOMO2,25,2012-12-07 10:11:50,,6,3
152865040020004,144954313010661,2009,39,6,91,4513.0,1.0,1,MIVI,1,MIVI,1,2012-12-07 10:11:50,,6,3
152865041020004,144954313010661,2009,39,6,91,4513.0,4.0,3,ROMU,1,ROMU,1,2012-12-07 10:11:50,,6,3
152865042020004,144954313010661,2009,39,6,91,4513.0,2.0,1,ROMU,1,ROMU,1,2012-12-07 10:11:50,,6,3
152865043020004,144954313010661,2009,39,6,91,4513.0,1.0,1,ROMU,1,ROMU,1,2012-12-07 10:11:50,,6,3
225924054010661,144953697010661,2009,39,1,79,1074.0,2.0,1,LIVU,1,LIVU,2,2010-06-07 06:12:55,2012-02-28 07:13:56,6,3
225924055010661,144953697010661,2009,39,1,79,1074.0,2.0,1,LOJA,1,LOJA,15,2010-06-07 06:12:55,2012-02-28 07:13:02,6,3
225924056010661,144953697010661,2009,39,1,79,1074.0,2.0,1,LYNU,1,LYNU,1,2010-06-07 06:12:56,2012-02-28 07:11:44,6,3
225924057010661,144953697010661,2009,39,1,79,1074.0,2.0,1,ROMU,1,ROMU,2,2010-06-07 06:12:56,2012-02-28 07:14:55,6,3
225924058010661,144953697010661,2009,39,1,79,1074.0,4.0,1,ROMU,1,ROMU,1,2010-06-07 06:12:56,2012-02-28 07:14:55,6,3
225919976010661,144953923010661,2009,39,1,145,1257.0,1.0,1,ROMU,1,ROMU,1,2010-06-07 06:12:29,2012-02-28 07:14:55,6,3
225919975010661,144953923010661,2009,39,1,145,1257.0,3.0,1,LOJA,1,LOJA,1,2010-06-07 06:12:29,2012-02-28 07:12:36,6,3
31295529020004,222443479010661,2011,39,3,19,5024.0,3.0,1,ROMU,1,ROMU,5,2012-03-19 08:40:43,,6,5
31295530020004,222443479010661,2011,39,3,19,5024.0,3.0,1,ROPS,1,ROPS,2,2012-03-19 08:40:43,,6,5
31296908020004,222444117010661,2011,39,4,43,1882.0,1.0,1,ELUM,1,ELUM,3,2012-03-19 08:41:01,,6,5
31296909020004,222444117010661,2011,39,4,43,1882.0,2.0,1,ELUM,1,ELUM,4,2012-03-19 08:41:01,,6,5
31296910020004,222444117010661,2011,39,4,43,1882.0,3.0,1,ELUM,1,ELUM,5,2012-03-19 08:41:01,,6,5
31296911020004,222444117010661,2011,39,4,43,1882.0,4.0,1,ELUM,1,ELUM,22,2012-03-19 08:41:01,,6,5
31296912020004,222444117010661,2011,39,4,43,1882.0,1.0,1,LOMA6,1,LOMA6,2,2012-03-19 08:41:01,,6,5
31296913020004,222444117010661,2011,39,4,43,1882.0,2.0,1,LOMA6,1,LOMA6,23,2012-03-19 08:41:01,,6,5
31296914020004,222444117010661,2011,39,4,43,1882.0,3.0,1,LOMA6,1,LOMA6,3,2012-03-19 08:41:01,,6,5
31296915020004,222444117010661,2011,39,4,43,1882.0,4.0,1,LOMA6,1,LOMA6,7,2012-03-19 08:41:01,,6,5
31296916020004,222444117010661,2011,39,4,43,1882.0,3.0,1,ROMU,1,ROMU,1,2012-03-19 08:41:01,,6,5
31296917020004,222444117010661,2011,39,4,43,1882.0,4.0,1,ROMU,1,ROMU,1,2012-03-19 08:41:01,,6,5
31299259020004,222445073010661,2011,39,1,87,927.0,1.0,1,LOJA,1,LOJA,1,2012-03-19 08:41:45,,6,5
31299260020004,222445073010661,2011,39,1,87,927.0,3.0,1,LOJA,1,LOJA,15,2012-03-19 08:41:45,,6,5
31299261020004,222445073010661,2011,39,1,87,927.0,4.0,1,LOJA,1,LOJA,1,2012-03-19 08:41:45,,6,5
31299262020004,222445073010661,2011,39,1,87,927.0,3.0,1,LOMA6,1,LOMA6,1,2012-03-19 08:41:45,,6,5
31299263020004,222445073010661,2011,39,1,87,927.0,3.0,1,LONIC,1,LONIC,4,2012-03-19 08:41:45,,6,5
31299264020004,222445073010661,2011,39,1,87,927.0,1.0,1,ROMU,1,ROMU,1,2012-03-19 08:41:45,,6,5
31299265020004,222445073010661,2011,39,1,87,927.0,3.0,1,ROMU,1,ROMU,25,2012-03-19 08:41:45,,6,5
31299266020004,222445073010661,2011,39,1,87,927.0,4.0,1,ROMU,1,ROMU,2,2012-03-19 08:41:45,,6,5
31299267020004,222445073010661,2011,39,1,87,927.0,1.0,1,ROPS,1,ROPS,1,2012-03-19 08:41:45,,6,5
31299268020004,222445073010661,2011,39,1,87,927.0,2.0,1,ROPS,1,ROPS,7,2012-03-19 08:41:45,,6,5
31299269020004,222445073010661,2011,39,1,87,927.0,3.0,1,ROPS,1,ROPS,9,2012-03-19 08:41:45,,6,5
31299282020004,222445079010661,2011,39,2,127,2058.0,3.0,2,ROMU,1,ROMU,1,2012-03-19 08:41:46,,6,5
31299310020004,222445091010661,2011,39,2,73,12472.0,1.0,1,ELUM,1,ELUM,7,2012-03-19 08:41:46,,6,5
31299311020004,222445091010661,2011,39,2,73,12472.0,3.0,1,ELUM,1,ELUM,1,2012-03-19 08:41:46,,6,5
248648861010661,168996353010661,2010,39,3,13,3399.0,3.0,2,ROMU,1,ROMU,4,2011-05-12 07:47:34,,6,4
248648862010661,168996353010661,2010,39,3,13,3399.0,3.0,2,ROPS,1,ROPS,8,2011-05-12 07:47:34,,6,4
248648924010661,168995897010661,2010,39,5,27,3456.0,3.0,1,ALPE4,1,ALPE4,1,2011-05-12 07:47:35,,6,4
248648925010661,168995897010661,2010,39,5,27,3456.0,4.0,1,ALPE4,1,ALPE4,1,2011-05-12 07:47:35,,6,4
248648926010661,168995897010661,2010,39,5,27,3456.0,4.0,1,LIVU,1,LIVU,4,2011-05-12 07:47:35,,6,4
248648927010661,168995897010661,2010,39,5,27,3456.0,1.0,1,LOJA,1,LOJA,5,2011-05-12 07:47:35,,6,4
248648928010661,168995897010661,2010,39,5,27,3456.0,1.0,1,LOMA6,1,LOMA6,20,2011-05-12 07:47:35,,6,4
248648929010661,168995897010661,2010,39,5,27,3456.0,3.0,1,LOMA6,1,LOMA6,19,2011-05-12 07:47:35,,6,4
248648930010661,168995897010661,2010,39,5,27,3456.0,4.0,1,LOMA6,1,LOMA6,26,2011-05-12 07:47:35,,6,4
248648931010661,168995897010661,2010,39,5,27,3456.0,1.0,1,ROMU,1,ROMU,40,2011-05-12 07:47:35,,6,4
248648932010661,168995897010661,2010,39,5,27,3456.0,3.0,1,ROMU,1,ROMU,13,2011-05-12 07:47:35,,6,4
248648933010661,168995897010661,2010,39,5,27,3456.0,4.0,1,ROMU,1,ROMU,31,2011-05-12 07:47:35,,6,4
248649234010661,168995653010661,2010,39,1,141,5261.0,1.0,1,LOJA,1,LOJA,1,2011-05-12 07:47:35,,6,4
248649235010661,168995653010661,2010,39,1,141,5261.0,1.0,1,LOMA6,1,LOMA6,1,2011-05-12 07:47:35,,6,4
248649236010661,168995653010661,2010,39,1,141,5261.0,3.0,1,LOMA6,1,LOMA6,3,2011-05-12 07:47:35,,6,4
248649237010661,168995653010661,2010,39,1,141,5261.0,4.0,1,LOMA6,1,LOMA6,1,2011-05-12 07:47:35,,6,4
248649238010661,168995653010661,2010,39,1,141,5261.0,1.0,1,ROMU,1,ROMU,7,2011-05-12 07:47:35,,6,4
248649239010661,168995653010661,2010,39,1,141,5261.0,3.0,1,ROMU,1,ROMU,2,2011-05-12 07:47:35,,6,4
248649240010661,168995653010661,2010,39,1,141,5261.0,4.0,1,ROMU,1,ROMU,10,2011-05-12 07:47:35,,6,4
248648998010661,168996607010661,2010,39,3,59,1541.0,1.0,1,LOJA,1,LOJA,1,2011-05-12 07:47:35,,6,4
248648999010661,168996607010661,2010,39,3,59,1541.0,3.0,1,LOJA,1,LOJA,1,2011-05-12 07:47:35,,6,4
248649000010661,168996607010661,2010,39,3,59,1541.0,4.0,1,LOJA,1,LOJA,1,2011-05-12 07:47:35,,6,4
248649001010661,168996607010661,2010,39,3,59,1541.0,2.0,1,LONIC,1,LONIC,1,2011-05-12 07:47:35,,6,4
248649002010661,168996607010661,2010,39,3,59,1541.0,3.0,1,LONIC,1,LONIC,1,2011-05-12 07:47:35,,6,4
248649003010661,168996607010661,2010,39,3,59,1541.0,1.0,1,ROMU,1,ROMU,5,2011-05-12 07:47:35,,6,4
248649004010661,168996607010661,2010,39,3,59,1541.0,2.0,1,ROMU,1,ROMU,9,2011-05-12 07:47:35,,6,4
248649005010661,168996607010661,2010,39,3,59,1541.0,3.0,1,ROMU,1,ROMU,40,2011-05-12 07:47:35,,6,4
248649006010661,168996607010661,2010,39,3,59,1541.0,4.0,1,ROMU,1,ROMU,40,2011-05-12 07:47:35,,6,4
248649118010661,168996643010661,2010,39,6,91,4237.0,1.0,1,ALPE4,1,ALPE4,30,2011-05-12 07:47:35,,6,4
248649119010661,168996643010661,2010,39,6,91,4237.0,2.0,2,ALPE4,1,ALPE4,15,2011-05-12 07:47:35,,6,4
248649120010661,168996643010661,2010,39,6,91,4237.0,3.0,1,ALPE4,1,ALPE4,1,2011-05-12 07:47:35,,6,4
248649121010661,168996643010661,2010,39,6,91,4237.0,4.0,1,ALPE4,1,ALPE4,2,2011-05-12 07:47:35,,6,4
248649122010661,168996643010661,2010,39,6,91,4237.0,1.0,1,HEMA3,1,HEMA3,1,2011-05-12 07:47:35,,6,4
248649123010661,168996643010661,2010,39,6,91,4237.0,2.0,2,HEMA3,1,HEMA3,2,2011-05-12 07:47:35,,6,4
248649124010661,168996643010661,2010,39,6,91,4237.0,1.0,1,LOMA6,1,LOMA6,8,2011-05-12 07:47:35,,6,4
248649125010661,168996643010661,2010,39,6,91,4237.0,2.0,2,LOMA6,1,LOMA6,50,2011-05-12 07:47:35,,6,4
248649126010661,168996643010661,2010,39,6,91,4237.0,3.0,1,LOMA6,1,LOMA6,45,2011-05-12 07:47:35,,6,4
248649127010661,168996643010661,2010,39,6,91,4237.0,4.0,1,LOMA6,1,LOMA6,65,2011-05-12 07:47:35,,6,4
248649128010661,168996643010661,2010,39,6,91,4237.0,1.0,1,ROMU,1,ROMU,14,2011-05-12 07:47:35,,6,4
248649129010661,168996643010661,2010,39,6,91,4237.0,2.0,2,ROMU,1,ROMU,10,2011-05-12 07:47:35,,6,4
248649130010661,168996643010661,2010,39,6,91,4237.0,3.0,1,ROMU,1,ROMU,7,2011-05-12 07:47:35,,6,4
248649131010661,168996643010661,2010,39,6,91,4237.0,4.0,1,ROMU,1,ROMU,2,2011-05-12 07:47:35,,6,4
248648942010661,168996619010661,2010,39,3,31,4359.0,2.0,1,ALPE4,1,ALPE4,1,2011-05-12 07:47:35,,6,4
248648943010661,168996619010661,2010,39,3,31,4359.0,3.0,1,ALPE4,1,ALPE4,1,2011-05-12 07:47:35,,6,4
248648944010661,168996619010661,2010,39,3,31,4359.0,4.0,1,ALPE4,1,ALPE4,1,2011-05-12 07:47:35,,6,4
248648945010661,168996619010661,2010,39,3,31,4359.0,4.0,1,LYNU,1,LYNU,1,2011-05-12 07:47:35,,6,4
248648946010661,168996619010661,2010,39,3,31,4359.0,1.0,1,ROMU,1,ROMU,30,2011-05-12 07:47:35,,6,4
248648947010661,168996619010661,2010,39,3,31,4359.0,2.0,1,ROMU,1,ROMU,27,2011-05-12 07:47:35,,6,4
248648948010661,168996619010661,2010,39,3,31,4359.0,3.0,1,ROMU,1,ROMU,11,2011-05-12 07:47:35,,6,4
248648949010661,168996619010661,2010,39,3,31,4359.0,4.0,1,ROMU,1,ROMU,35,2011-05-12 07:47:35,,6,4
248648956010661,168996623010661,2010,39,6,41,3878.0,3.0,2,LOJA,1,LOJA,15,2011-05-12 07:47:35,,6,4
248648957010661,168996623010661,2010,39,6,41,3878.0,3.0,2,LYNU,1,LYNU,15,2011-05-12 07:47:35,,6,4
248648958010661,168996623010661,2010,39,6,41,3878.0,3.0,2,MIVI,1,MIVI,2,2011-05-12 07:47:35,,6,4
248648959010661,168996623010661,2010,39,6,41,3878.0,1.0,2,ROMU,1,ROMU,2,2011-05-12 07:47:35,,6,4
248648960010661,168996623010661,2010,39,6,41,3878.0,3.0,2,ROMU,1,ROMU,9,2011-05-12 07:47:35,,6,4
248648905010661,168996441010661,2010,39,6,21,5418.0,3.0,2,ALPE4,1,ALPE4,9,2011-05-12 07:47:35,,6,4
248648906010661,168996441010661,2010,39,6,21,5418.0,3.0,2,LOMA6,1,LOMA6,30,2011-05-12 07:47:35,,6,4
248648907010661,168996441010661,2010,39,6,21,5418.0,3.0,2,ROMU,1,ROMU,4,2011-05-12 07:47:35,,6,4
248649018010661,168996445010661,2010,39,5,61,4129.0,1.0,1,ALPE4,1,ALPE4,3,2011-05-12 07:47:35,,6,4
248649019010661,168996445010661,2010,39,5,61,4129.0,2.0,1,ALPE4,1,ALPE4,3,2011-05-12 07:47:35,,6,4
248649020010661,168996445010661,2010,39,5,61,4129.0,3.0,1,ALPE4,1,ALPE4,3,2011-05-12 07:47:35,,6,4
248649021010661,168996445010661,2010,39,5,61,4129.0,1.0,1,CEOR7,1,CEOR7,1,2011-05-12 07:47:35,,6,4
248649022010661,168996445010661,2010,39,5,61,4129.0,1.0,1,HEMA3,1,HEMA3,1,2011-05-12 07:47:35,,6,4
248649023010661,168996445010661,2010,39,5,61,4129.0,2.0,1,HEMA3,1,HEMA3,1,2011-05-12 07:47:35,,6,4
248649024010661,168996445010661,2010,39,5,61,4129.0,1.0,1,LOJA,1,LOJA,2,2011-05-12 07:47:35,,6,4
248649025010661,168996445010661,2010,39,5,61,4129.0,3.0,1,LOJA,1,LOJA,1,2011-05-12 07:47:35,,6,4
248649026010661,168996445010661,2010,39,5,61,4129.0,1.0,1,LOMA6,1,LOMA6,20,2011-05-12 07:47:35,,6,4
248649027010661,168996445010661,2010,39,5,61,4129.0,3.0,1,LOMA6,1,LOMA6,3,2011-05-12 07:47:35,,6,4
248649028010661,168996445010661,2010,39,5,61,4129.0,2.0,1,LYNU,1,LYNU,1,2011-05-12 07:47:35,,6,4
248649029010661,168996445010661,2010,39,5,61,4129.0,1.0,1,ROMU,1,ROMU,1,2011-05-12 07:47:35,,6,4
248649030010661,168996445010661,2010,39,5,61,4129.0,3.0,1,ROMU,1,ROMU,2,2011-05-12 07:47:35,,6,4
248649201010661,168995315010661,2010,39,2,127,4863.0,2.0,1,ELUM,1,ELUM,5,2011-05-12 07:47:35,,6,4
248649202010661,168995315010661,2010,39,2,127,4863.0,3.0,2,ELUM,1,ELUM,5,2011-05-12 07:47:35,,6,4
248649203010661,168995315010661,2010,39,2,127,4863.0,4.0,1,ELUM,1,ELUM,24,2011-05-12 07:47:35,,6,4
248649204010661,168995315010661,2010,39,2,127,4863.0,4.0,1,LIVU,1,LIVU,1,2011-05-12 07:47:35,,6,4
248649205010661,168995315010661,2010,39,2,127,4863.0,1.0,1,LOJA,1,LOJA,13,2011-05-12 07:47:35,,6,4
248649206010661,168995315010661,2010,39,2,127,4863.0,2.0,1,LOJA,1,LOJA,5,2011-05-12 07:47:35,,6,4
248649207010661,168995315010661,2010,39,2,127,4863.0,4.0,1,LOJA,1,LOJA,15,2011-05-12 07:47:35,,6,4
248649208010661,168995315010661,2010,39,2,127,4863.0,1.0,1,ROMU,1,ROMU,15,2011-05-12 07:47:35,,6,4
248649209010661,168995315010661,2010,39,2,127,4863.0,2.0,1,ROMU,1,ROMU,35,2011-05-12 07:47:35,,6,4
248649210010661,168995315010661,2010,39,2,127,4863.0,3.0,2,ROMU,1,ROMU,15,2011-05-12 07:47:35,,6,4
248649211010661,168995315010661,2010,39,2,127,4863.0,4.0,1,ROMU,1,ROMU,10,2011-05-12 07:47:35,,6,4
248649156010661,168996501010661,2010,39,4,103,3747.0,2.0,1,ROMU,1,ROMU,5,2011-05-12 07:47:35,,6,4
248649157010661,168996501010661,2010,39,4,103,3747.0,3.0,1,ROMU,1,ROMU,2,2011-05-12 07:47:35,,6,4
248649073010661,168995585010661,2010,39,4,77,3789.0,2.0,2,ALPE4,1,ALPE4,1,2011-05-12 07:47:35,,6,4
248649074010661,168995585010661,2010,39,4,77,3789.0,2.0,2,ROMU,1,ROMU,1,2011-05-12 07:47:35,,6,4
248649075010661,168995463010661,2010,39,1,79,4747.0,1.0,1,ROMU,1,ROMU,1,2011-05-12 07:47:35,,6,4
248649076010661,168995463010661,2010,39,1,79,4747.0,2.0,1,ROMU,1,ROMU,1,2011-05-12 07:47:35,,6,4
248649044010661,168994959010661,2010,39,3,67,3885.0,1.0,1,MIVI,1,MIVI,2,2011-05-12 07:47:35,,6,4
248649045010661,168994959010661,2010,39,3,67,3885.0,1.0,1,ROMU,1,ROMU,1,2011-05-12 07:47:35,,6,4
248649046010661,168994959010661,2010,39,3,67,3885.0,2.0,2,ROMU,1,ROMU,13,2011-05-12 07:47:35,,6,4
248649047010661,168994959010661,2010,39,3,67,3885.0,4.0,1,ROMU,1,ROMU,1,2011-05-12 07:47:35,,6,4
248649275010661,168995085010661,2010,39,2,167,3693.0,3.0,1,ELUM,1,ELUM,1,2011-05-12 07:47:36,,6,4
248649276010661,168995085010661,2010,39,2,167,3693.0,4.0,1,ELUM,1,ELUM,15,2011-05-12 07:47:36,,6,4
248649277010661,168995085010661,2010,39,2,167,3693.0,1.0,1,LOJA,1,LOJA,18,2011-05-12 07:47:36,,6,4
248649278010661,168995085010661,2010,39,2,167,3693.0,2.0,1,LOJA,1,LOJA,30,2011-05-12 07:47:36,,6,4
248649279010661,168995085010661,2010,39,2,167,3693.0,3.0,1,LOJA,1,LOJA,10,2011-05-12 07:47:36,,6,4
248649280010661,168995085010661,2010,39,2,167,3693.0,4.0,1,LOJA,1,LOJA,25,2011-05-12 07:47:36,,6,4
248649281010661,168995085010661,2010,39,2,167,3693.0,1.0,1,ROMU,1,ROMU,7,2011-05-12 07:47:36,,6,4
248649282010661,168995085010661,2010,39,2,167,3693.0,2.0,1,ROMU,1,ROMU,3,2011-05-12 07:47:36,,6,4
248649283010661,168995085010661,2010,39,2,167,3693.0,3.0,1,ROMU,1,ROMU,30,2011-05-12 07:47:36,,6,4
248649284010661,168995085010661,2010,39,2,167,3693.0,4.0,1,ROMU,1,ROMU,10,2011-05-12 07:47:36,,6,4
248648934010661,168994941010661,2010,39,4,29,1268.0,1.0,1,ALPE4,1,ALPE4,2,2011-05-12 07:47:35,,6,4
248648935010661,168994941010661,2010,39,4,29,1268.0,3.0,1,ALPE4,1,ALPE4,1,2011-05-12 07:47:35,,6,4
248648936010661,168994941010661,2010,39,4,29,1268.0,4.0,1,ALPE4,1,ALPE4,1,2011-05-12 07:47:35,,6,4
248648937010661,168994941010661,2010,39,4,29,1268.0,1.0,1,ROMU,1,ROMU,2,2011-05-12 07:47:35,,6,4
248648938010661,168994941010661,2010,39,4,29,1268.0,2.0,1,ROMU,1,ROMU,3,2011-05-12 07:47:35,,6,4
248648939010661,168994941010661,2010,39,4,29,1268.0,3.0,1,ROMU,1,ROMU,3,2011-05-12 07:47:35,,6,4
248648940010661,168994941010661,2010,39,4,29,1268.0,4.0,1,ROMU,1,ROMU,12,2011-05-12 07:47:35,,6,4
248648941010661,168994941010661,2010,39,4,29,1268.0,4.0,1,ROPS,1,ROPS,7,2011-05-12 07:47:35,,6,4
248648961010661,168995097010661,2010,39,1,53,3579.0,1.0,1,ELAN,1,ELAN,6,2011-05-12 07:47:35,,6,4
248648962010661,168995097010661,2010,39,1,53,3579.0,2.0,1,ELAN,1,ELAN,4,2011-05-12 07:47:35,,6,4
225919977010661,144953923010661,2009,39,1,145,1257.0,3.0,1,ROMU,1,ROMU,1,2010-06-07 06:12:29,2012-02-28 07:14:55,6,3
225917775010661,144954917010661,2009,39,2,167,908.0,1.0,1,LOJA,1,LOJA,15,2010-06-07 06:12:08,2012-02-28 07:14:55,6,3
225917780010661,144954917010661,2009,39,2,167,908.0,1.0,1,ROMU,1,ROMU,35,2010-06-07 06:12:08,2012-02-28 07:12:37,6,3
225917784010661,144954917010661,2009,39,2,167,908.0,1.0,1,ROPS,1,ROPS,10,2010-06-07 06:12:08,2012-02-28 07:13:02,6,3
225917774010661,144954917010661,2009,39,2,167,908.0,2.0,1,AIAL,1,AIAL,10,2010-06-07 06:12:08,2012-02-28 07:14:25,6,3
225917776010661,144954917010661,2009,39,2,167,908.0,2.0,1,LOJA,1,LOJA,7,2010-06-07 06:12:08,2012-02-28 07:14:55,6,3
225917779010661,144954917010661,2009,39,2,167,908.0,2.0,1,LYNU,1,LYNU,5,2010-06-07 06:12:08,2012-02-28 07:13:30,6,3
225917781010661,144954917010661,2009,39,2,167,908.0,2.0,1,ROMU,1,ROMU,20,2010-06-07 06:12:08,2012-02-28 07:12:37,6,3
225917785010661,144954917010661,2009,39,2,167,908.0,2.0,1,ROPS,1,ROPS,1,2010-06-07 06:12:08,2012-02-28 07:13:02,6,3
225917777010661,144954917010661,2009,39,2,167,908.0,3.0,1,LOJA,1,LOJA,60,2010-06-07 06:12:08,2012-02-28 07:14:55,6,3
225917782010661,144954917010661,2009,39,2,167,908.0,3.0,1,ROMU,1,ROMU,25,2010-06-07 06:12:08,2012-02-28 07:12:37,6,3
225917786010661,144954917010661,2009,39,2,167,908.0,3.0,1,ROPS,1,ROPS,10,2010-06-07 06:12:08,2012-02-28 07:13:02,6,3
225917778010661,144954917010661,2009,39,2,167,908.0,4.0,1,LOJA,1,LOJA,30,2010-06-07 06:12:08,2012-02-28 07:14:55,6,3
225917783010661,144954917010661,2009,39,2,167,908.0,4.0,1,ROMU,1,ROMU,60,2010-06-07 06:12:08,2012-02-28 07:12:37,6,3
225917787010661,144954917010661,2009,39,2,167,908.0,4.0,1,ROPS,1,ROPS,1,2010-06-07 06:12:08,2012-02-28 07:13:02,6,3
225923847010661,144953607010661,2009,39,4,153,2165.0,1.0,1,ALPE4,1,ALPE4,1,2010-06-07 06:12:51,2012-02-28 07:15:01,6,3
225923849010661,144953607010661,2009,39,4,153,2165.0,1.0,1,ROMU,1,ROMU,1,2010-06-07 06:12:51,2012-02-28 07:12:13,6,3
225923850010661,144953607010661,2009,39,4,153,2165.0,2.0,1,ROMU,1,ROMU,1,2010-06-07 06:12:51,2012-02-28 07:12:13,6,3
234803363010661,144953607010661,2009,39,4,153,2165.0,2.0,2,ROMU,1,ROMU,1,2010-06-07 06:12:51,2012-02-28 07:12:13,6,3
225923848010661,144953607010661,2009,39,4,153,2165.0,3.0,1,LOMA6,1,LOMA6,1,2010-06-07 06:12:51,2012-02-28 07:14:01,6,3
225923851010661,144953607010661,2009,39,4,153,2165.0,4.0,1,ROMU,1,ROMU,3,2010-06-07 06:12:51,2012-02-28 07:12:13,6,3
225918280010661,144954343010661,2009,39,5,165,3548.0,1.0,1,ALPE4,1,ALPE4,5,2010-06-07 06:12:14,2012-02-28 07:14:01,6,3
225918283010661,144954343010661,2009,39,5,165,3548.0,1.0,1,LOMA6,1,LOMA6,65,2010-06-07 06:12:14,2012-02-28 07:12:41,6,3
225918285010661,144954343010661,2009,39,5,165,3548.0,1.0,1,ROMU,1,ROMU,1,2010-06-07 06:12:14,2012-02-28 07:11:49,6,3
225918287010661,144954343010661,2009,39,5,165,3548.0,1.0,1,ROPS,1,ROPS,4,2010-06-07 06:12:14,2012-02-28 07:13:07,6,3
225918281010661,144954343010661,2009,39,5,165,3548.0,4.0,1,ALPE4,1,ALPE4,10,2010-06-07 06:12:14,2012-02-28 07:14:01,6,3
225918282010661,144954343010661,2009,39,5,165,3548.0,4.0,1,ELUM,1,ELUM,40,2010-06-07 06:12:14,2012-02-28 07:15:01,6,3
225918284010661,144954343010661,2009,39,5,165,3548.0,4.0,1,LOMA6,1,LOMA6,2,2010-06-07 06:12:14,2012-02-28 07:12:41,6,3
225918286010661,144954343010661,2009,39,5,165,3548.0,4.0,1,ROMU,1,ROMU,2,2010-06-07 06:12:14,2012-02-28 07:11:49,6,3
225918288010661,144954343010661,2009,39,5,165,3548.0,4.0,1,ROPS,1,ROPS,35,2010-06-07 06:12:14,2012-02-28 07:13:07,6,3
225923752010661,144953563010661,2009,39,1,53,4498.0,4.0,2,LOJA,1,LOJA,75,2010-06-07 06:12:49,2012-02-28 07:15:01,6,3
225923753010661,144953563010661,2009,39,1,53,4498.0,4.0,2,MIVI,1,MIVI,10,2010-06-07 06:12:49,2012-02-28 07:14:01,6,3
225923754010661,144953563010661,2009,39,1,53,4498.0,4.0,2,ROMU,1,ROMU,65,2010-06-07 06:12:49,2012-02-28 07:14:01,6,3
225923755010661,144953563010661,2009,39,1,53,4498.0,4.0,2,ROPS,1,ROPS,40,2010-06-07 06:12:49,2012-02-28 07:11:49,6,3
152864538020004,144953903010661,2009,39,1,141,3077.0,2.0,1,LOJA,1,LOJA,1,2012-12-07 10:11:47,,6,3
152864539020004,144953903010661,2009,39,1,141,3077.0,4.0,1,MIVI,1,MIVI,1,2012-12-07 10:11:47,,6,3
152864540020004,144953903010661,2009,39,1,141,3077.0,2.0,1,MIVI,1,MIVI,1,2012-12-07 10:11:47,,6,3
152864541020004,144953903010661,2009,39,1,141,3077.0,4.0,1,ROMU,1,ROMU,2,2012-12-07 10:11:47,,6,3
152864542020004,144953903010661,2009,39,1,141,3077.0,2.0,1,ROMU,1,ROMU,4,2012-12-07 10:11:47,,6,3
152864543020004,144953903010661,2009,39,1,141,3077.0,1.0,1,ROMU,1,ROMU,2,2012-12-07 10:11:47,,6,3
152864544020004,144953903010661,2009,39,1,141,3077.0,4.0,1,ROPS,1,ROPS,9,2012-12-07 10:11:47,,6,3
152864545020004,144953903010661,2009,39,1,141,3077.0,1.0,1,ROPS,1,ROPS,13,2012-12-07 10:11:47,,6,3
225923657010661,144953521010661,2009,39,3,31,2592.0,1.0,1,ROPS,1,ROPS,33,2010-06-07 06:12:47,2012-02-28 07:11:49,6,3
234803364010661,144953521010661,2009,39,3,31,2592.0,1.0,2,ROPS,1,ROPS,27,2010-06-07 06:12:47,2012-02-28 07:11:49,6,3
225923658010661,144953521010661,2009,39,3,31,2592.0,3.0,2,ROPS,1,ROPS,20,2010-06-07 06:12:47,2012-02-28 07:11:49,6,3
225923735010661,144953557010661,2009,39,2,9,3672.0,2.0,2,LOJA,1,LOJA,65,2010-06-07 06:12:49,2012-02-28 07:12:13,6,3
225923736010661,144953557010661,2009,39,2,9,3672.0,2.0,2,LONIC,1,LONIC,30,2010-06-07 06:12:49,2012-02-28 07:13:07,6,3
225923737010661,144953557010661,2009,39,2,9,3672.0,2.0,2,ROMU,1,ROMU,40,2010-06-07 06:12:49,2012-02-28 07:15:01,6,3
152864919020004,144953675010661,2009,39,2,9,2380.0,2.0,2,LOJA,1,LOJA,57,2012-12-07 10:11:50,,6,3
152864920020004,144953675010661,2009,39,2,9,2380.0,1.0,1,LOJA,1,LOJA,5,2012-12-07 10:11:50,,6,3
152864921020004,144953675010661,2009,39,2,9,2380.0,4.0,1,LOMA6,1,LOMA6,11,2012-12-07 10:11:50,,6,3
152864922020004,144953675010661,2009,39,2,9,2380.0,3.0,1,LOMA6,1,LOMA6,15,2012-12-07 10:11:50,,6,3
152864923020004,144953675010661,2009,39,2,9,2380.0,2.0,2,LOMA6,1,LOMA6,45,2012-12-07 10:11:50,,6,3
152864924020004,144953675010661,2009,39,2,9,2380.0,1.0,1,LOMA6,1,LOMA6,25,2012-12-07 10:11:50,,6,3
152864925020004,144953675010661,2009,39,2,9,2380.0,3.0,1,LYNU,1,LYNU,1,2012-12-07 10:11:50,,6,3
152864926020004,144953675010661,2009,39,2,9,2380.0,1.0,1,LYNU,1,LYNU,5,2012-12-07 10:11:50,,6,3
152864571020004,144953675010661,2009,39,2,9,2380.0,4.0,1,ROMU,1,ROMU,14,2012-12-07 10:11:48,,6,3
152864572020004,144953675010661,2009,39,2,9,2380.0,3.0,1,ROMU,1,ROMU,14,2012-12-07 10:11:48,,6,3
152864573020004,144953675010661,2009,39,2,9,2380.0,2.0,2,ROMU,1,ROMU,10,2012-12-07 10:11:48,,6,3
152864574020004,144953675010661,2009,39,2,9,2380.0,1.0,1,ROMU,1,ROMU,12,2012-12-07 10:11:48,,6,3
152864575020004,144953675010661,2009,39,2,9,2380.0,2.0,2,ROPS,1,ROPS,20,2012-12-07 10:11:48,,6,3
152864576020004,144953675010661,2009,39,2,9,2380.0,4.0,1,BETH,1,BETH,4,2012-12-07 10:11:48,,6,3
152864577020004,144953675010661,2009,39,2,9,2380.0,3.0,1,BETH,1,BETH,1,2012-12-07 10:11:48,,6,3
152864915020004,144953675010661,2009,39,2,9,2380.0,4.0,1,CEOR,1,CEOR7,1,2012-12-07 10:11:50,,6,3
152864916020004,144953675010661,2009,39,2,9,2380.0,2.0,2,LIVU,1,LIVU,12,2012-12-07 10:11:50,,6,3
152864917020004,144953675010661,2009,39,2,9,2380.0,4.0,1,LOJA,1,LOJA,5,2012-12-07 10:11:50,,6,3
152864918020004,144953675010661,2009,39,2,9,2380.0,3.0,1,LOJA,1,LOJA,2,2012-12-07 10:11:50,,6,3
225919028010661,144953779010661,2009,39,5,45,3219.0,1.0,1,MIVI,1,MIVI,1,2010-06-07 06:12:23,2012-02-28 07:15:01,6,3
225919030010661,144953779010661,2009,39,5,45,3219.0,1.0,1,ROMU,1,ROMU,1,2010-06-07 06:12:23,2012-02-28 07:14:30,6,3
225919025010661,144953779010661,2009,39,5,45,3219.0,2.0,1,LOJA,1,LOJA,1,2010-06-07 06:12:23,2012-02-28 07:11:49,6,3
225919029010661,144953779010661,2009,39,5,45,3219.0,2.0,1,MIVI,1,MIVI,1,2010-06-07 06:12:23,2012-02-28 07:15:01,6,3
225919031010661,144953779010661,2009,39,5,45,3219.0,2.0,1,ROMU,1,ROMU,1,2010-06-07 06:12:23,2012-02-28 07:14:30,6,3
225919024010661,144953779010661,2009,39,5,45,3219.0,3.0,1,LIVU,1,LIVU,1,2010-06-07 06:12:23,2012-02-28 07:11:49,6,3
152864981020004,144954347010661,2009,39,5,165,2505.0,2.0,1,ROMU,1,ROMU,1,2012-12-07 10:11:50,,6,3
248649273010661,168995039010661,2010,39,3,157,5760.0,1.0,1,LOMO2,1,LOMO2,7,2011-05-12 07:47:36,,6,4
248649274010661,168995039010661,2010,39,3,157,5760.0,1.0,1,ROMU,1,ROMU,19,2011-05-12 07:47:36,,6,4
248649197010661,168996303010661,2010,39,6,125,3198.0,2.0,2,ALPE4,1,ALPE4,17,2011-05-12 07:47:35,,6,4
248649198010661,168996303010661,2010,39,6,125,3198.0,2.0,2,ELUM,1,ELUM,1,2011-05-12 07:47:35,,6,4
248649199010661,168996303010661,2010,39,6,125,3198.0,2.0,2,LYNU,1,LYNU,14,2011-05-12 07:47:35,,6,4
248649200010661,168996303010661,2010,39,6,125,3198.0,2.0,2,ROMU,1,ROMU,4,2011-05-12 07:47:35,,6,4
248649196010661,168995073010661,2010,39,3,119,1829.0,4.0,2,ROPS,1,ROPS,1,2011-05-12 07:47:35,,6,4
248649222010661,168996127010661,2010,39,6,137,3204.0,2.0,2,LOMO2,1,LOMO2,1,2011-05-12 07:47:35,,6,4
248649223010661,168996127010661,2010,39,6,137,3204.0,2.0,2,ROMU,1,ROMU,7,2011-05-12 07:47:35,,6,4
248649289010661,168995075010661,2010,39,2,167,2673.0,2.0,2,LOJA,1,LOJA,75,2011-05-12 07:47:36,,6,4
248648898010661,168996187010661,2010,39,5,17,2027.0,2.0,1,ELUM,1,ELUM,2,2011-05-12 07:47:35,,6,4
248648899010661,168996187010661,2010,39,5,17,2027.0,4.0,1,ELUM,1,ELUM,29,2011-05-12 07:47:35,,6,4
248648900010661,168996187010661,2010,39,5,17,2027.0,1.0,1,LOMA6,1,LOMA6,70,2011-05-12 07:47:35,,6,4
248648901010661,168996187010661,2010,39,5,17,2027.0,2.0,1,LOMA6,1,LOMA6,90,2011-05-12 07:47:35,,6,4
248648902010661,168996187010661,2010,39,5,17,2027.0,4.0,1,LOMA6,1,LOMA6,2,2011-05-12 07:47:35,,6,4
248648903010661,168996187010661,2010,39,5,17,2027.0,2.0,1,RHCA3,1,RHCA3,2,2011-05-12 07:47:35,,6,4
248648904010661,168996187010661,2010,39,5,17,2027.0,2.0,1,ROMU,1,ROMU,1,2011-05-12 07:47:35,,6,4
248648897010661,168996187010661,2010,39,5,17,2027.0,1.0,1,ELUM,1,ELUM,1,2011-05-12 07:47:35,,6,4
248649094010661,168994893010661,2010,39,3,81,1557.0,1.0,1,ROMU,1,ROMU,35,2011-05-12 07:47:35,,6,4
248649095010661,168994893010661,2010,39,3,81,1557.0,2.0,1,ROMU,1,ROMU,25,2011-05-12 07:47:35,,6,4
248649096010661,168994893010661,2010,39,3,81,1557.0,3.0,2,ROMU,1,ROMU,2,2011-05-12 07:47:35,,6,4
248649097010661,168994893010661,2010,39,3,81,1557.0,4.0,1,ROMU,1,ROMU,6,2011-05-12 07:47:35,,6,4
248649090010661,168994893010661,2010,39,3,81,1557.0,1.0,1,BETH,1,BETH,1,2011-05-12 07:47:35,,6,4
248649091010661,168994893010661,2010,39,3,81,1557.0,2.0,1,BEVU,1,BEVU,1,2011-05-12 07:47:35,,6,4
248649092010661,168994893010661,2010,39,3,81,1557.0,4.0,1,FRAL4,1,FRAL4,1,2011-05-12 07:47:35,,6,4
248649093010661,168994893010661,2010,39,3,81,1557.0,4.0,1,LOJA,1,LOJA,2,2011-05-12 07:47:35,,6,4
248649244010661,168996029010661,2010,39,6,143,5716.0,2.0,2,ALPE4,1,ALPE4,75,2011-05-12 07:47:36,,6,4
248649245010661,168996029010661,2010,39,6,143,5716.0,2.0,2,BETH,1,BETH,1,2011-05-12 07:47:36,,6,4
248649246010661,168996029010661,2010,39,6,143,5716.0,2.0,2,LOJA,1,LOJA,2,2011-05-12 07:47:36,,6,4
248649247010661,168996029010661,2010,39,6,143,5716.0,2.0,2,ROMU,1,ROMU,4,2011-05-12 07:47:36,,6,4
248649175010661,168996081010661,2010,39,5,113,1116.0,2.0,1,AIAL,1,AIAL,1,2011-05-12 07:47:35,,6,4
248649176010661,168996081010661,2010,39,5,113,1116.0,1.0,1,ALPE4,1,ALPE4,1,2011-05-12 07:47:35,,6,4
248649177010661,168996081010661,2010,39,5,113,1116.0,2.0,1,ALPE4,1,ALPE4,1,2011-05-12 07:47:35,,6,4
248649178010661,168996081010661,2010,39,5,113,1116.0,3.0,1,ALPE4,1,ALPE4,1,2011-05-12 07:47:35,,6,4
248649179010661,168996081010661,2010,39,5,113,1116.0,4.0,1,ALPE4,1,ALPE4,1,2011-05-12 07:47:35,,6,4
248649180010661,168996081010661,2010,39,5,113,1116.0,3.0,1,BETH,1,BETH,5,2011-05-12 07:47:35,,6,4
248649181010661,168996081010661,2010,39,5,113,1116.0,2.0,1,LIVU,1,LIVU,1,2011-05-12 07:47:35,,6,4
248649182010661,168996081010661,2010,39,5,113,1116.0,1.0,1,LOMA6,1,LOMA6,38,2011-05-12 07:47:35,,6,4
382558243489998,171867977020004,2015,39,1,145,4951.0,3.0,1,CEOR7,1,CEOR7,1,2016-03-25 11:01:13,,7,4
248648964010661,168995097010661,2010,39,1,53,3579.0,4.0,1,ELAN,1,ELAN,3,2011-05-12 07:47:35,,6,4
248648965010661,168995097010661,2010,39,1,53,3579.0,1.0,1,LIVU,1,LIVU,1,2011-05-12 07:47:35,,6,4
248648966010661,168995097010661,2010,39,1,53,3579.0,2.0,1,LIVU,1,LIVU,2,2011-05-12 07:47:35,,6,4
248648967010661,168995097010661,2010,39,1,53,3579.0,3.0,1,LIVU,1,LIVU,1,2011-05-12 07:47:35,,6,4
248648968010661,168995097010661,2010,39,1,53,3579.0,4.0,1,LIVU,1,LIVU,11,2011-05-12 07:47:35,,6,4
248648969010661,168995097010661,2010,39,1,53,3579.0,1.0,1,LOJA,1,LOJA,5,2011-05-12 07:47:35,,6,4
248648970010661,168995097010661,2010,39,1,53,3579.0,2.0,1,LOJA,1,LOJA,1,2011-05-12 07:47:35,,6,4
248648971010661,168995097010661,2010,39,1,53,3579.0,3.0,1,LOJA,1,LOJA,72,2011-05-12 07:47:35,,6,4
248648972010661,168995097010661,2010,39,1,53,3579.0,4.0,1,LOJA,1,LOJA,5,2011-05-12 07:47:35,,6,4
248648973010661,168995097010661,2010,39,1,53,3579.0,1.0,1,MIVI,1,MIVI,1,2011-05-12 07:47:35,,6,4
248648974010661,168995097010661,2010,39,1,53,3579.0,2.0,1,MIVI,1,MIVI,1,2011-05-12 07:47:35,,6,4
248648975010661,168995097010661,2010,39,1,53,3579.0,3.0,1,MIVI,1,MIVI,2,2011-05-12 07:47:35,,6,4
248648976010661,168995097010661,2010,39,1,53,3579.0,4.0,1,MIVI,1,MIVI,4,2011-05-12 07:47:35,,6,4
248648977010661,168995097010661,2010,39,1,53,3579.0,1.0,1,ROMU,1,ROMU,8,2011-05-12 07:47:35,,6,4
248648978010661,168995097010661,2010,39,1,53,3579.0,2.0,1,ROMU,1,ROMU,30,2011-05-12 07:47:35,,6,4
248648979010661,168995097010661,2010,39,1,53,3579.0,3.0,1,ROMU,1,ROMU,13,2011-05-12 07:47:35,,6,4
248648980010661,168995097010661,2010,39,1,53,3579.0,4.0,1,ROMU,1,ROMU,11,2011-05-12 07:47:35,,6,4
248648981010661,168995097010661,2010,39,1,53,3579.0,1.0,1,ROPS,1,ROPS,18,2011-05-12 07:47:35,,6,4
248648860010661,168996353010661,2010,39,3,13,3399.0,3.0,2,LOTA,1,LOTA,3,2011-05-12 07:47:34,,6,4
248648844010661,168995099010661,2010,39,4,7,2059.0,3.0,2,LIVU,1,LIVU,2,2011-05-12 07:47:34,,6,4
248648845010661,168995099010661,2010,39,4,7,2059.0,3.0,2,LOBE,1,LOBE,10,2011-05-12 07:47:34,,6,4
248648846010661,168995099010661,2010,39,4,7,2059.0,3.0,2,LOJA,1,LOJA,35,2011-05-12 07:47:34,,6,4
248648847010661,168995099010661,2010,39,4,7,2059.0,4.0,2,PHAU7,1,PHAU7,2,2011-05-12 07:47:34,,6,4
248648848010661,168995099010661,2010,39,4,7,2059.0,3.0,2,ROMU,1,ROMU,10,2011-05-12 07:47:34,,6,4
248649108010661,168995107010661,2010,39,4,85,4436.0,2.0,1,LYSA2,1,LYSA2,1,2011-05-12 07:47:35,,6,4
248649109010661,168995107010661,2010,39,4,85,4436.0,2.0,1,PHAU7,1,PHAU7,60,2011-05-12 07:47:35,,6,4
31299312020004,222445091010661,2011,39,2,73,12472.0,4.0,1,ELUM,1,ELUM,16,2012-03-19 08:41:46,,6,5
31299313020004,222445091010661,2011,39,2,73,12472.0,4.0,1,LOJA,1,LOJA,1,2012-03-19 08:41:46,,6,5
31299314020004,222445091010661,2011,39,2,73,12472.0,1.0,1,ROMU,1,ROMU,5,2012-03-19 08:41:46,,6,5
31297088020004,222444195010661,2011,39,4,139,3016.0,1.0,1,BETH,1,BETH,1,2012-03-19 08:41:04,,6,5
31297089020004,222444195010661,2011,39,4,139,3016.0,2.0,2,LOMO2,1,LOMO2,2,2012-03-19 08:41:04,,6,5
31297090020004,222444195010661,2011,39,4,139,3016.0,1.0,1,ROMU,1,ROMU,10,2012-03-19 08:41:04,,6,5
31297091020004,222444195010661,2011,39,4,139,3016.0,2.0,2,ROMU,1,ROMU,3,2012-03-19 08:41:04,,6,5
31297092020004,222444195010661,2011,39,4,139,3016.0,3.0,1,ROMU,1,ROMU,2,2012-03-19 08:41:04,,6,5
31295732020004,222443573010661,2011,39,6,69,5636.0,2.0,1,ALPE4,1,ALPE4,1,2012-03-19 08:40:46,,6,5
31295733020004,222443573010661,2011,39,6,69,5636.0,3.0,1,ALPE4,1,ALPE4,1,2012-03-19 08:40:46,,6,5
31297104020004,222444199010661,2011,39,4,139,4286.0,3.0,1,ALPE4,1,ALPE4,1,2012-03-19 08:41:04,,6,5
31297105020004,222444199010661,2011,39,4,139,4286.0,4.0,1,ALPE4,1,ALPE4,1,2012-03-19 08:41:04,,6,5
31297106020004,222444199010661,2011,39,4,139,4286.0,1.0,1,ELUM,1,ELUM,1,2012-03-19 08:41:04,,6,5
31297107020004,222444199010661,2011,39,4,139,4286.0,1.0,1,ROMU,1,ROMU,3,2012-03-19 08:41:04,,6,5
31297108020004,222444199010661,2011,39,4,139,4286.0,2.0,1,ROMU,1,ROMU,2,2012-03-19 08:41:04,,6,5
31297109020004,222444199010661,2011,39,4,139,4286.0,3.0,1,ROMU,1,ROMU,1,2012-03-19 08:41:04,,6,5
31297110020004,222444199010661,2011,39,4,139,4286.0,4.0,1,ROMU,1,ROMU,2,2012-03-19 08:41:04,,6,5
31297238020004,222444261010661,2011,39,5,129,4055.0,4.0,1,LOMA6,1,LOMA6,1,2012-03-19 08:41:06,,6,5
31297239020004,222444261010661,2011,39,5,129,4055.0,1.0,1,ROMU,1,ROMU,1,2012-03-19 08:41:06,,6,5
31297240020004,222444261010661,2011,39,5,129,4055.0,4.0,1,ROMU,1,ROMU,30,2012-03-19 08:41:06,,6,5
31297235020004,222444261010661,2011,39,5,129,4055.0,1.0,1,LIVU,1,LIVU,1,2012-03-19 08:41:06,,6,5
31297236020004,222444261010661,2011,39,5,129,4055.0,4.0,1,LIVU,1,LIVU,1,2012-03-19 08:41:06,,6,5
31297237020004,222444261010661,2011,39,5,129,4055.0,1.0,1,LOMA6,1,LOMA6,2,2012-03-19 08:41:06,,6,5
31295888020004,222443647010661,2011,39,6,69,1991.0,1.0,1,BETH,1,BETH,4,2012-03-19 08:40:48,,6,5
31295889020004,222443647010661,2011,39,6,69,1991.0,2.0,1,BETH,1,BETH,9,2012-03-19 08:40:48,,6,5
31295890020004,222443647010661,2011,39,6,69,1991.0,3.0,2,BETH,1,BETH,3,2012-03-19 08:40:48,,6,5
31295891020004,222443647010661,2011,39,6,69,1991.0,3.0,2,FRAL4,1,FRAL4,7,2012-03-19 08:40:48,,6,5
31295892020004,222443647010661,2011,39,6,69,1991.0,4.0,1,FRAL4,1,FRAL4,20,2012-03-19 08:40:48,,6,5
31295893020004,222443647010661,2011,39,6,69,1991.0,2.0,1,ROMU,1,ROMU,1,2012-03-19 08:40:48,,6,5
31295923020004,222443661010661,2011,39,5,109,994.0,3.0,2,ALPE4,1,ALPE4,1,2012-03-19 08:40:49,,6,5
31295924020004,222443661010661,2011,39,5,109,994.0,4.0,2,ALPE4,1,ALPE4,1,2012-03-19 08:40:49,,6,5
31295925020004,222443661010661,2011,39,5,109,994.0,4.0,2,ELUM,1,ELUM,12,2012-03-19 08:40:49,,6,5
31295926020004,222443661010661,2011,39,5,109,994.0,3.0,2,HEMA3,1,HEMA3,1,2012-03-19 08:40:49,,6,5
31295927020004,222443661010661,2011,39,5,109,994.0,4.0,2,LOBE,1,LOBE,1,2012-03-19 08:40:49,,6,5
31295928020004,222443661010661,2011,39,5,109,994.0,3.0,2,LOJA,1,LOJA,1,2012-03-19 08:40:49,,6,5
31295929020004,222443661010661,2011,39,5,109,994.0,3.0,2,LOMA6,1,LOMA6,1,2012-03-19 08:40:49,,6,5
31295930020004,222443661010661,2011,39,5,109,994.0,4.0,2,LOMA6,1,LOMA6,20,2012-03-19 08:40:49,,6,5
31295931020004,222443661010661,2011,39,5,109,994.0,4.0,2,ROMU,1,ROMU,1,2012-03-19 08:40:49,,6,5
31295932020004,222443661010661,2011,39,5,109,994.0,3.0,2,ROPS,1,ROPS,1,2012-03-19 08:40:49,,6,5
31297284020004,222444281010661,2011,39,1,141,3089.0,3.0,1,AIAL,1,AIAL,1,2012-03-19 08:41:07,,6,5
31297285020004,222444281010661,2011,39,1,141,3089.0,3.0,1,LOJA,1,LOJA,2,2012-03-19 08:41:07,,6,5
31297286020004,222444281010661,2011,39,1,141,3089.0,1.0,1,ROMU,1,ROMU,15,2012-03-19 08:41:07,,6,5
31297287020004,222444281010661,2011,39,1,141,3089.0,2.0,1,ROMU,1,ROMU,45,2012-03-19 08:41:07,,6,5
31297288020004,222444281010661,2011,39,1,141,3089.0,3.0,1,ROMU,1,ROMU,15,2012-03-19 08:41:07,,6,5
31297289020004,222444281010661,2011,39,1,141,3089.0,4.0,1,ROMU,1,ROMU,8,2012-03-19 08:41:07,,6,5
31297306020004,222444289010661,2011,39,1,131,1398.0,3.0,1,ROMU,1,ROMU,1,2012-03-19 08:41:07,,6,5
31297307020004,222444289010661,2011,39,1,131,1398.0,1.0,1,ROPS,1,ROPS,1,2012-03-19 08:41:07,,6,5
31297308020004,222444289010661,2011,39,1,131,1398.0,2.0,1,ROPS,1,ROPS,15,2012-03-19 08:41:07,,6,5
31297309020004,222444289010661,2011,39,1,131,1398.0,4.0,1,ROPS,1,ROPS,4,2012-03-19 08:41:07,,6,5
31297322020004,222444295010661,2011,39,1,145,2282.0,4.0,1,LOJA,1,LOJA,1,2012-03-19 08:41:08,,6,5
31297323020004,222444295010661,2011,39,1,145,2282.0,2.0,1,ROMU,1,ROMU,1,2012-03-19 08:41:08,,6,5
31297324020004,222444295010661,2011,39,1,145,2282.0,3.0,1,ROMU,1,ROMU,1,2012-03-19 08:41:08,,6,5
31297325020004,222444295010661,2011,39,1,145,2282.0,4.0,1,ROMU,1,ROMU,28,2012-03-19 08:41:08,,6,5
31299315020004,222445091010661,2011,39,2,73,12472.0,2.0,1,ROMU,1,ROMU,1,2012-03-19 08:41:46,,6,5
31297331020004,222444297010661,2011,39,1,145,2326.0,1.0,1,AIAL,1,AIAL,1,2012-03-19 08:41:08,,6,5
31297332020004,222444297010661,2011,39,1,145,2326.0,2.0,1,AIAL,1,AIAL,2,2012-03-19 08:41:08,,6,5
31297333020004,222444297010661,2011,39,1,145,2326.0,4.0,1,AIAL,1,AIAL,1,2012-03-19 08:41:08,,6,5
31297334020004,222444297010661,2011,39,1,145,2326.0,1.0,1,ROMU,1,ROMU,1,2012-03-19 08:41:08,,6,5
31297335020004,222444297010661,2011,39,1,145,2326.0,2.0,1,ROMU,1,ROMU,1,2012-03-19 08:41:08,,6,5
31297336020004,222444297010661,2011,39,1,145,2326.0,3.0,1,ROMU,1,ROMU,1,2012-03-19 08:41:08,,6,5
31297337020004,222444297010661,2011,39,1,145,2326.0,4.0,1,ROMU,1,ROMU,1,2012-03-19 08:41:08,,6,5
31297459020004,222444357010661,2011,39,5,89,1958.0,3.0,3,ALPE4,1,ALPE4,1,2012-03-19 08:41:10,,6,5
31297460020004,222444357010661,2011,39,5,89,1958.0,2.0,2,BEVU,1,BEVU,1,2012-03-19 08:41:10,,6,5
31297461020004,222444357010661,2011,39,5,89,1958.0,3.0,3,CEOR7,1,CEOR7,1,2012-03-19 08:41:10,,6,5
31297462020004,222444357010661,2011,39,5,89,1958.0,4.0,3,CEOR7,1,CEOR7,1,2012-03-19 08:41:10,,6,5
31297463020004,222444357010661,2011,39,5,89,1958.0,2.0,2,ELUM,1,ELUM,6,2012-03-19 08:41:10,,6,5
31297464020004,222444357010661,2011,39,5,89,1958.0,3.0,3,LIVU,1,LIVU,1,2012-03-19 08:41:10,,6,5
31297465020004,222444357010661,2011,39,5,89,1958.0,2.0,1,LOJA,1,LOJA,2,2012-03-19 08:41:10,,6,5
31297466020004,222444357010661,2011,39,5,89,1958.0,2.0,2,LOJA,1,LOJA,1,2012-03-19 08:41:10,,6,5
31297467020004,222444357010661,2011,39,5,89,1958.0,2.0,2,LOMO2,1,LOMO2,11,2012-03-19 08:41:10,,6,5
31297468020004,222444357010661,2011,39,5,89,1958.0,3.0,3,LOMO2,1,LOMO2,1,2012-03-19 08:41:10,,6,5
248648963010661,168995097010661,2010,39,1,53,3579.0,3.0,1,ELAN,1,ELAN,1,2011-05-12 07:47:35,,6,4
31297469020004,222444357010661,2011,39,5,89,1958.0,3.0,3,ROMU,1,ROMU,13,2012-03-19 08:41:10,,6,5
31297470020004,222444357010661,2011,39,5,89,1958.0,4.0,3,ROMU,1,ROMU,1,2012-03-19 08:41:10,,6,5
211890831020004,247063990010661,2012,39,3,67,651.0,2.0,1,BETH,1,BETH,3,2013-07-15 11:52:54,,7,1
211890832020004,247063990010661,2012,39,3,67,651.0,3.0,1,BETH,1,BETH,1,2013-07-15 11:52:54,,7,1
211890833020004,247063990010661,2012,39,3,67,651.0,1.0,1,ELUM,1,ELUM,3,2013-07-15 11:52:54,,7,1
31299316020004,222445091010661,2011,39,2,73,12472.0,3.0,1,ROMU,1,ROMU,4,2012-03-19 08:41:46,,6,5
31299317020004,222445091010661,2011,39,2,73,12472.0,4.0,1,ROMU,1,ROMU,2,2012-03-19 08:41:46,,6,5
31295539020004,222443483010661,2011,39,4,7,5776.0,2.0,2,LOBE,1,LOBE,1,2012-03-19 08:40:43,,6,5
31295540020004,222443483010661,2011,39,4,7,5776.0,2.0,2,ROMU,1,ROMU,15,2012-03-19 08:40:43,,6,5
31295612020004,222443517010661,2011,39,6,51,5282.0,2.0,2,ALPE4,1,ALPE4,1,2012-03-19 08:40:45,,6,5
31295614020004,222443517010661,2011,39,6,51,5282.0,2.0,2,LOMA6,1,LOMA6,4,2012-03-19 08:40:45,,6,5
31296977020004,222444145010661,2011,39,6,33,4995.0,1.0,1,ALPE4,1,ALPE4,4,2012-03-19 08:41:02,,6,5
31296978020004,222444145010661,2011,39,6,33,4995.0,4.0,1,ALPE4,1,ALPE4,1,2012-03-19 08:41:02,,6,5
31296979020004,222444145010661,2011,39,6,33,4995.0,2.0,1,CIAR4,1,CIAR4,1,2012-03-19 08:41:02,,6,5
31296980020004,222444145010661,2011,39,6,33,4995.0,2.0,1,LOMA6,1,LOMA6,2,2012-03-19 08:41:02,,6,5
31296981020004,222444145010661,2011,39,6,33,4995.0,1.0,1,ROMU,1,ROMU,7,2012-03-19 08:41:02,,6,5
31296982020004,222444145010661,2011,39,6,33,4995.0,2.0,1,ROMU,1,ROMU,4,2012-03-19 08:41:02,,6,5
31296983020004,222444145010661,2011,39,6,33,4995.0,3.0,1,ROMU,1,ROMU,4,2012-03-19 08:41:02,,6,5
31296984020004,222444145010661,2011,39,6,33,4995.0,4.0,1,ROMU,1,ROMU,1,2012-03-19 08:41:02,,6,5
31296985020004,222444145010661,2011,39,6,33,4995.0,1.0,1,ROPS,1,ROPS,24,2012-03-19 08:41:02,,6,5
31296986020004,222444145010661,2011,39,6,33,4995.0,3.0,1,ROPS,1,ROPS,1,2012-03-19 08:41:02,,6,5
271093980489998,16233054020004,2013,39,4,153,3576.0,4.0,1,PHAR3,1,PHAR3,65,2014-07-22 13:20:31,,7,2
271093981489998,16233054020004,2013,39,4,153,3576.0,1.0,1,ROMU,1,ROMU,10,2014-07-22 13:20:31,,7,2
271093982489998,16233054020004,2013,39,4,153,3576.0,2.0,1,ROMU,1,ROMU,35,2014-07-22 13:20:31,,7,2
271093983489998,16233054020004,2013,39,4,153,3576.0,3.0,2,ROMU,1,ROMU,15,2014-07-22 13:20:31,,7,2
271093984489998,16233054020004,2013,39,4,153,3576.0,4.0,1,ROMU,1,ROMU,2,2014-07-22 13:20:31,,7,2
271094379489998,16232426020004,2013,39,5,113,4685.0,1.0,1,ALPE4,1,ALPE4,10,2014-07-22 13:20:32,,7,2
271094380489998,16232426020004,2013,39,5,113,4685.0,2.0,1,ALPE4,1,ALPE4,10,2014-07-22 13:20:32,,7,2
271094381489998,16232426020004,2013,39,5,113,4685.0,3.0,1,ALPE4,1,ALPE4,4,2014-07-22 13:20:32,,7,2
271094382489998,16232426020004,2013,39,5,113,4685.0,3.0,1,LOMA6,1,LOMA6,25,2014-07-22 13:20:32,,7,2
271094383489998,16232426020004,2013,39,5,113,4685.0,4.0,1,LOMA6,1,LOMA6,3,2014-07-22 13:20:32,,7,2
271094384489998,16232426020004,2013,39,5,113,4685.0,1.0,1,ROMU,1,ROMU,3,2014-07-22 13:20:32,,7,2
271094385489998,16232426020004,2013,39,5,113,4685.0,3.0,1,ROMU,1,ROMU,1,2014-07-22 13:20:32,,7,2
271094544489998,16232471020004,2013,39,1,1,5799.0,1.0,1,LOJA,1,LOJA,15,2014-07-22 13:20:33,,7,2
271094545489998,16232471020004,2013,39,1,1,5799.0,2.0,1,LOJA,1,LOJA,1,2014-07-22 13:20:33,,7,2
271094546489998,16232471020004,2013,39,1,1,5799.0,3.0,1,LOJA,1,LOJA,1,2014-07-22 13:20:33,,7,2
382558244489998,171867977020004,2015,39,1,145,4951.0,4.0,1,CEOR7,1,CEOR7,1,2016-03-25 11:01:13,,7,4
382558245489998,171867977020004,2015,39,1,145,4951.0,1.0,1,LONIC,1,LONIC,2,2016-03-25 11:01:13,,7,4
382558246489998,171867977020004,2015,39,1,145,4951.0,2.0,1,LONIC,1,LONIC,1,2016-03-25 11:01:13,,7,4
382558247489998,171867977020004,2015,39,1,145,4951.0,3.0,1,LONIC,1,LONIC,1,2016-03-25 11:01:13,,7,4
382558248489998,171867977020004,2015,39,1,145,4951.0,4.0,1,LONIC,1,LONIC,1,2016-03-25 11:01:13,,7,4
382558249489998,171867977020004,2015,39,1,145,4951.0,1.0,1,ROMU,1,ROMU,1,2016-03-25 11:01:13,,7,4
382558250489998,171867977020004,2015,39,1,145,4951.0,3.0,1,ROMU,1,ROMU,1,2016-03-25 11:01:13,,7,4
469335855489998,306266366489998,2016,39,1,25,3830.0,1.0,1,ALPE4,1,ALPE4,6,2017-05-11 07:04:16,,7,5
469335856489998,306266366489998,2016,39,1,25,3830.0,2.0,1,ALPE4,1,ALPE4,6,2017-05-11 07:04:16,,7,5
469335857489998,306266366489998,2016,39,1,25,3830.0,3.0,1,ALPE4,1,ALPE4,4,2017-05-11 07:04:16,,7,5
469335858489998,306266366489998,2016,39,1,25,3830.0,4.0,1,ALPE4,1,ALPE4,10,2017-05-11 07:04:16,,7,5
469335859489998,306266366489998,2016,39,1,25,3830.0,1.0,1,CEOR7,1,CEOR7,1,2017-05-11 07:04:16,,7,5
469335860489998,306266366489998,2016,39,1,25,3830.0,1.0,1,LOJA,1,LOJA,1,2017-05-11 07:04:16,,7,5
469335861489998,306266366489998,2016,39,1,25,3830.0,2.0,1,LOJA,1,LOJA,1,2017-05-11 07:04:16,,7,5
469335862489998,306266366489998,2016,39,1,25,3830.0,3.0,1,LOJA,1,LOJA,1,2017-05-11 07:04:16,,7,5
469335863489998,306266366489998,2016,39,1,25,3830.0,1.0,1,LOMA6,1,LOMA6,1,2017-05-11 07:04:16,,7,5
469335864489998,306266366489998,2016,39,1,25,3830.0,2.0,1,LOMA6,1,LOMA6,1,2017-05-11 07:04:16,,7,5
469335865489998,306266366489998,2016,39,1,25,3830.0,3.0,1,LOMA6,1,LOMA6,1,2017-05-11 07:04:16,,7,5
469335866489998,306266366489998,2016,39,1,25,3830.0,4.0,1,LOMA6,1,LOMA6,1,2017-05-11 07:04:16,,7,5
469335867489998,306266366489998,2016,39,1,25,3830.0,1.0,1,MIVI,1,MIVI,1,2017-05-11 07:04:16,,7,5
469335868489998,306266366489998,2016,39,1,25,3830.0,2.0,1,MIVI,1,MIVI,1,2017-05-11 07:04:16,,7,5
469335869489998,306266366489998,2016,39,1,25,3830.0,3.0,1,MIVI,1,MIVI,3,2017-05-11 07:04:16,,7,5
469335870489998,306266366489998,2016,39,1,25,3830.0,1.0,1,ROMU,1,ROMU,1,2017-05-11 07:04:16,,7,5
469335871489998,306266366489998,2016,39,1,25,3830.0,2.0,1,ROMU,1,ROMU,4,2017-05-11 07:04:16,,7,5
469335872489998,306266366489998,2016,39,1,25,3830.0,3.0,1,ROMU,1,ROMU,2,2017-05-11 07:04:16,,7,5
469335873489998,306266366489998,2016,39,1,25,3830.0,4.0,1,ROMU,1,ROMU,2,2017-05-11 07:04:16,,7,5
469336061489998,306266465489998,2016,39,3,59,2204.0,1.0,1,ALPE4,1,ALPE4,1,2017-05-11 07:04:18,,7,5
469336062489998,306266465489998,2016,39,3,59,2204.0,3.0,1,ALPE4,1,ALPE4,1,2017-05-11 07:04:18,,7,5
469336063489998,306266465489998,2016,39,3,59,2204.0,3.0,1,BETH,1,BETH,2,2017-05-11 07:04:18,,7,5
469336064489998,306266465489998,2016,39,3,59,2204.0,2.0,2,CIAR4,1,CIAR4,3,2017-05-11 07:04:18,,7,5
469336065489998,306266465489998,2016,39,3,59,2204.0,1.0,1,ELUM,1,ELUM,15,2017-05-11 07:04:18,,7,5
469336066489998,306266465489998,2016,39,3,59,2204.0,2.0,2,ELUM,1,ELUM,10,2017-05-11 07:04:18,,7,5
469336067489998,306266465489998,2016,39,3,59,2204.0,3.0,1,ELUM,1,ELUM,10,2017-05-11 07:04:18,,7,5
469336068489998,306266465489998,2016,39,3,59,2204.0,4.0,2,ELUM,1,ELUM,7,2017-05-11 07:04:18,,7,5
469336069489998,306266465489998,2016,39,3,59,2204.0,3.0,1,LOJA,1,LOJA,2,2017-05-11 07:04:18,,7,5
469336070489998,306266465489998,2016,39,3,59,2204.0,1.0,1,LONIC,1,LONIC,1,2017-05-11 07:04:18,,7,5
469336071489998,306266465489998,2016,39,3,59,2204.0,2.0,2,LONIC,1,LONIC,2,2017-05-11 07:04:18,,7,5
469336072489998,306266465489998,2016,39,3,59,2204.0,3.0,1,LONIC,1,LONIC,1,2017-05-11 07:04:18,,7,5
469336073489998,306266465489998,2016,39,3,59,2204.0,1.0,1,MIVI,1,MIVI,3,2017-05-11 07:04:18,,7,5
469336074489998,306266465489998,2016,39,3,59,2204.0,2.0,2,MIVI,1,MIVI,5,2017-05-11 07:04:18,,7,5
469336075489998,306266465489998,2016,39,3,59,2204.0,2.0,2,PHAR3,1,PHAR3,10,2017-05-11 07:04:18,,7,5
469336076489998,306266465489998,2016,39,3,59,2204.0,4.0,2,PHAR3,1,PHAR3,1,2017-05-11 07:04:18,,7,5
469336077489998,306266465489998,2016,39,3,59,2204.0,1.0,1,ROMU,1,ROMU,3,2017-05-11 07:04:18,,7,5
469336078489998,306266465489998,2016,39,3,59,2204.0,2.0,2,ROMU,1,ROMU,45,2017-05-11 07:04:18,,7,5
469336079489998,306266465489998,2016,39,3,59,2204.0,3.0,1,ROMU,1,ROMU,3,2017-05-11 07:04:18,,7,5
469336080489998,306266465489998,2016,39,3,59,2204.0,4.0,2,ROMU,1,ROMU,3,2017-05-11 07:04:18,,7,5
469336262489998,306266490489998,2016,39,1,145,4764.0,4.0,1,BETH,1,BETH,1,2017-05-11 07:04:19,,7,5
469336263489998,306266490489998,2016,39,1,145,4764.0,2.0,1,LOJA,1,LOJA,2,2017-05-11 07:04:19,,7,5
469336264489998,306266490489998,2016,39,1,145,4764.0,3.0,1,LOJA,1,LOJA,1,2017-05-11 07:04:19,,7,5
469336265489998,306266490489998,2016,39,1,145,4764.0,4.0,1,LOJA,1,LOJA,2,2017-05-11 07:04:19,,7,5
469336266489998,306266490489998,2016,39,1,145,4764.0,4.0,1,ROMU,1,ROMU,3,2017-05-11 07:04:19,,7,5
469336584489998,306266649489998,2016,39,6,41,3878.0,3.0,2,LOJA,1,LOJA,2,2017-05-11 07:04:21,,7,5
469336585489998,306266649489998,2016,39,6,41,3878.0,3.0,2,MIVI,1,MIVI,1,2017-05-11 07:04:21,,7,5
469336586489998,306266649489998,2016,39,6,41,3878.0,1.0,2,ROMU,1,ROMU,1,2017-05-11 07:04:21,,7,5
469336587489998,306266649489998,2016,39,6,41,3878.0,3.0,2,ROMU,1,ROMU,5,2017-05-11 07:04:21,,7,5
469336774489998,306266249489998,2016,39,6,159,1072.0,1.0,1,ALPE4,1,ALPE4,3,2017-05-11 07:04:22,,7,5
469336775489998,306266249489998,2016,39,6,159,1072.0,3.0,1,ALPE4,1,ALPE4,3,2017-05-11 07:04:22,,7,5
469336776489998,306266249489998,2016,39,6,159,1072.0,1.0,1,LONIC,1,LONIC,3,2017-05-11 07:04:22,,7,5
469336777489998,306266249489998,2016,39,6,159,1072.0,3.0,1,LONIC,1,LONIC,15,2017-05-11 07:04:22,,7,5
469336778489998,306266249489998,2016,39,6,159,1072.0,1.0,1,MIVI,1,MIVI,30,2017-05-11 07:04:22,,7,5
469336779489998,306266249489998,2016,39,6,159,1072.0,3.0,1,MIVI,1,MIVI,10,2017-05-11 07:04:22,,7,5
469336780489998,306266249489998,2016,39,6,159,1072.0,1.0,1,PHAR3,1,PHAR3,2,2017-05-11 07:04:22,,7,5
469336781489998,306266249489998,2016,39,6,159,1072.0,1.0,1,ROMU,1,ROMU,15,2017-05-11 07:04:22,,7,5
469336782489998,306266249489998,2016,39,6,159,1072.0,3.0,1,ROMU,1,ROMU,15,2017-05-11 07:04:22,,7,5
469336946489998,306266444489998,2016,39,5,89,1536.0,3.0,2,ROMU,1,ROMU,2,2017-05-11 07:04:24,,7,5
469337142489998,306266071489998,2016,39,1,87,1803.0,3.0,2,ROMU,1,ROMU,5,2017-05-11 07:04:26,,7,5
469337333489998,306266370489998,2016,39,6,175,5443.0,1.0,2,ALPE4,1,ALPE4,5,2017-05-11 07:04:28,,7,5
469337334489998,306266370489998,2016,39,6,175,5443.0,3.0,2,ALPE4,1,ALPE4,5,2017-05-11 07:04:28,,7,5
469337335489998,306266370489998,2016,39,6,175,5443.0,4.0,2,ALPE4,1,ALPE4,2,2017-05-11 07:04:28,,7,5
469337336489998,306266370489998,2016,39,6,175,5443.0,1.0,2,LYNU,1,LYNU,5,2017-05-11 07:04:28,,7,5
469337337489998,306266370489998,2016,39,6,175,5443.0,3.0,2,LYNU,1,LYNU,3,2017-05-11 07:04:28,,7,5
469337338489998,306266370489998,2016,39,6,175,5443.0,4.0,2,LYNU,1,LYNU,15,2017-05-11 07:04:28,,7,5
469337339489998,306266370489998,2016,39,6,175,5443.0,1.0,2,PHAR3,1,PHAR3,2,2017-05-11 07:04:28,,7,5
469337446489998,306266387489998,2016,39,4,77,3789.0,2.0,2,RHCA3,1,RHCA3,15,2017-05-11 07:04:28,,7,5
469337511489998,306266437489998,2016,39,2,73,5197.0,3.0,1,ELUM,1,ELUM,7,2017-05-11 07:04:29,,7,5
469337512489998,306266437489998,2016,39,2,73,5197.0,4.0,1,ELUM,1,ELUM,5,2017-05-11 07:04:29,,7,5
469337513489998,306266437489998,2016,39,2,73,5197.0,1.0,1,LOJA,1,LOJA,1,2017-05-11 07:04:29,,7,5
469337514489998,306266437489998,2016,39,2,73,5197.0,2.0,1,LOJA,1,LOJA,1,2017-05-11 07:04:29,,7,5
469337515489998,306266437489998,2016,39,2,73,5197.0,3.0,1,LOJA,1,LOJA,2,2017-05-11 07:04:29,,7,5
469337516489998,306266437489998,2016,39,2,73,5197.0,4.0,1,LOJA,1,LOJA,1,2017-05-11 07:04:29,,7,5
469337517489998,306266437489998,2016,39,2,73,5197.0,1.0,1,ROMU,1,ROMU,15,2017-05-11 07:04:29,,7,5
469337518489998,306266437489998,2016,39,2,73,5197.0,2.0,1,ROMU,1,ROMU,20,2017-05-11 07:04:29,,7,5
469337519489998,306266437489998,2016,39,2,73,5197.0,3.0,1,ROMU,1,ROMU,45,2017-05-11 07:04:29,,7,5
469337520489998,306266437489998,2016,39,2,73,5197.0,4.0,1,ROMU,1,ROMU,40,2017-05-11 07:04:29,,7,5
469337521489998,306266437489998,2016,39,2,73,5197.0,3.0,1,ROPS,1,ROPS,15,2017-05-11 07:04:29,,7,5
469337522489998,306266437489998,2016,39,2,73,5197.0,4.0,1,ROPS,1,ROPS,10,2017-05-11 07:04:29,,7,5
469337705489998,306266461489998,2016,39,3,59,2535.0,2.0,2,ROMU,1,ROMU,25,2017-05-11 07:04:31,,7,5
469337704489998,306266461489998,2016,39,3,59,2535.0,2.0,2,PHAR3,1,PHAR3,2,2017-05-11 07:04:31,,7,5
469337702489998,306266461489998,2016,39,3,59,2535.0,2.0,2,LOJA,1,LOJA,1,2017-05-11 07:04:31,,7,5
469337703489998,306266461489998,2016,39,3,59,2535.0,2.0,2,LONIC,1,LONIC,10,2017-05-11 07:04:31,,7,5
469337752489998,306266474489998,2016,39,4,85,4436.0,3.0,2,LYNU,1,LYNU,1,2017-05-11 07:04:31,,7,5
469337753489998,306266474489998,2016,39,4,85,4436.0,3.0,2,ROMU,1,ROMU,25,2017-05-11 07:04:31,,7,5
469337861489998,306266523489998,2016,39,2,73,2992.0,1.0,1,ALPE4,1,ALPE4,1,2017-05-11 07:04:32,,7,5
469337862489998,306266523489998,2016,39,2,73,2992.0,1.0,1,ELUM,1,ELUM,1,2017-05-11 07:04:32,,7,5
469337863489998,306266523489998,2016,39,2,73,2992.0,1.0,1,ROMU,1,ROMU,1,2017-05-11 07:04:32,,7,5
469337946489998,306266530489998,2016,39,2,167,2121.0,2.0,1,ALPE4,1,ALPE4,1,2017-05-11 07:04:33,,7,5
469337947489998,306266530489998,2016,39,2,167,2121.0,1.0,1,MIVI,1,MIVI,1,2017-05-11 07:04:33,,7,5
469337948489998,306266530489998,2016,39,2,167,2121.0,2.0,1,MIVI,1,MIVI,2,2017-05-11 07:04:33,,7,5
469337949489998,306266530489998,2016,39,2,167,2121.0,3.0,1,MIVI,1,MIVI,2,2017-05-11 07:04:33,,7,5
469337950489998,306266530489998,2016,39,2,167,2121.0,1.0,1,ROMU,1,ROMU,3,2017-05-11 07:04:33,,7,5
469337951489998,306266530489998,2016,39,2,167,2121.0,2.0,1,ROMU,1,ROMU,1,2017-05-11 07:04:33,,7,5
469337952489998,306266530489998,2016,39,2,167,2121.0,3.0,1,ROMU,1,ROMU,2,2017-05-11 07:04:33,,7,5
469337953489998,306266530489998,2016,39,2,167,2121.0,4.0,1,ROMU,1,ROMU,8,2017-05-11 07:04:33,,7,5
469337954489998,306266530489998,2016,39,2,167,2121.0,1.0,1,ROPS,1,ROPS,5,2017-05-11 07:04:33,,7,5
469337955489998,306266530489998,2016,39,2,167,2121.0,4.0,1,ROPS,1,ROPS,3,2017-05-11 07:04:33,,7,5
469338156489998,306266531489998,2016,39,2,167,3682.0,2.0,2,AIAL,1,AIAL,7,2017-05-11 07:04:33,,7,5
469338157489998,306266531489998,2016,39,2,167,3682.0,2.0,2,ALPE4,1,ALPE4,10,2017-05-11 07:04:33,,7,5
469338158489998,306266531489998,2016,39,2,167,3682.0,2.0,2,LOJA,1,LOJA,10,2017-05-11 07:04:33,,7,5
469338159489998,306266531489998,2016,39,2,167,3682.0,2.0,2,ROMU,1,ROMU,15,2017-05-11 07:04:33,,7,5
469338263489998,306266633489998,2016,39,3,13,4479.0,2.0,2,ALPE4,1,ALPE4,1,2017-05-11 07:04:35,,7,5
469338264489998,306266633489998,2016,39,3,13,4479.0,4.0,2,ALPE4,1,ALPE4,1,2017-05-11 07:04:35,,7,5
469338265489998,306266633489998,2016,39,3,13,4479.0,1.0,1,ROMU,1,ROMU,1,2017-05-11 07:04:35,,7,5
469338266489998,306266633489998,2016,39,3,13,4479.0,2.0,2,ROMU,1,ROMU,9,2017-05-11 07:04:35,,7,5
469338267489998,306266633489998,2016,39,3,13,4479.0,4.0,2,ROMU,1,ROMU,20,2017-05-11 07:04:35,,7,5
469332542489998,306266188489998,2016,39,5,27,3456.0,1.0,1,ALPE4,1,ALPE4,3,2017-05-11 07:03:51,,7,5
469332543489998,306266188489998,2016,39,5,27,3456.0,2.0,1,ALPE4,1,ALPE4,2,2017-05-11 07:03:51,,7,5
469332544489998,306266188489998,2016,39,5,27,3456.0,3.0,1,ALPE4,1,ALPE4,5,2017-05-11 07:03:51,,7,5
469332545489998,306266188489998,2016,39,5,27,3456.0,4.0,1,ALPE4,1,ALPE4,3,2017-05-11 07:03:51,,7,5
469332546489998,306266188489998,2016,39,5,27,3456.0,1.0,1,LOJA,1,LOJA,1,2017-05-11 07:03:51,,7,5
469332547489998,306266188489998,2016,39,5,27,3456.0,2.0,1,LOJA,1,LOJA,2,2017-05-11 07:03:51,,7,5
469332548489998,306266188489998,2016,39,5,27,3456.0,3.0,1,LOJA,1,LOJA,1,2017-05-11 07:03:51,,7,5
469332549489998,306266188489998,2016,39,5,27,3456.0,1.0,1,LOMA6,1,LOMA6,10,2017-05-11 07:03:51,,7,5
469332550489998,306266188489998,2016,39,5,27,3456.0,2.0,1,LOMA6,1,LOMA6,4,2017-05-11 07:03:51,,7,5
469332551489998,306266188489998,2016,39,5,27,3456.0,3.0,1,LOMA6,1,LOMA6,30,2017-05-11 07:03:51,,7,5
469332552489998,306266188489998,2016,39,5,27,3456.0,4.0,1,LOMA6,1,LOMA6,50,2017-05-11 07:03:51,,7,5
469332553489998,306266188489998,2016,39,5,27,3456.0,1.0,1,ROMU,1,ROMU,5,2017-05-11 07:03:51,,7,5
469332554489998,306266188489998,2016,39,5,27,3456.0,2.0,1,ROMU,1,ROMU,3,2017-05-11 07:03:51,,7,5
469332555489998,306266188489998,2016,39,5,27,3456.0,3.0,1,ROMU,1,ROMU,2,2017-05-11 07:03:51,,7,5
469332556489998,306266188489998,2016,39,5,27,3456.0,4.0,1,ROMU,1,ROMU,2,2017-05-11 07:03:51,,7,5
469332702489998,306266244489998,2016,39,6,147,4302.0,4.0,2,ALPE4,1,ALPE4,6,2017-05-11 07:03:53,,7,5
469332703489998,306266244489998,2016,39,6,147,4302.0,4.0,2,BETH,1,BETH,2,2017-05-11 07:03:53,,7,5
469332704489998,306266244489998,2016,39,6,147,4302.0,4.0,2,LONIC,1,LONIC,4,2017-05-11 07:03:53,,7,5
469332705489998,306266244489998,2016,39,6,147,4302.0,4.0,2,MIVI,1,MIVI,4,2017-05-11 07:03:53,,7,5
469332706489998,306266244489998,2016,39,6,147,4302.0,4.0,2,PHAR3,1,PHAR3,2,2017-05-11 07:03:53,,7,5
271094547489998,16232471020004,2013,39,1,1,5799.0,4.0,1,LOJA,1,LOJA,1,2014-07-22 13:20:33,,7,2
271094548489998,16232471020004,2013,39,1,1,5799.0,3.0,1,ROMU,1,ROMU,1,2014-07-22 13:20:33,,7,2
271094549489998,16232471020004,2013,39,1,1,5799.0,4.0,1,ROPS,1,ROPS,25,2014-07-22 13:20:33,,7,2
271102556489998,16233015020004,2013,39,3,119,1949.0,1.0,1,CIAR4,1,CIAR4,2,2014-07-22 13:20:56,,7,2
271102557489998,16233015020004,2013,39,3,119,1949.0,1.0,1,MIVI,1,MIVI,3,2014-07-22 13:20:56,,7,2
271102558489998,16233015020004,2013,39,3,119,1949.0,2.0,1,MIVI,1,MIVI,1,2014-07-22 13:20:56,,7,2
271102559489998,16233015020004,2013,39,3,119,1949.0,3.0,1,MIVI,1,MIVI,1,2014-07-22 13:20:56,,7,2
271102560489998,16233015020004,2013,39,3,119,1949.0,4.0,1,MIVI,1,MIVI,1,2014-07-22 13:20:56,,7,2
271102561489998,16233015020004,2013,39,3,119,1949.0,1.0,1,ROMU,1,ROMU,2,2014-07-22 13:20:56,,7,2
271102562489998,16233015020004,2013,39,3,119,1949.0,2.0,1,ROMU,1,ROMU,1,2014-07-22 13:20:56,,7,2
271102563489998,16233015020004,2013,39,3,119,1949.0,3.0,1,ROMU,1,ROMU,2,2014-07-22 13:20:56,,7,2
271102564489998,16233015020004,2013,39,3,119,1949.0,4.0,1,ROMU,1,ROMU,1,2014-07-22 13:20:56,,7,2
271103297489998,16233038020004,2013,39,4,99,5047.0,2.0,2,ALPE4,1,ALPE4,3,2014-07-22 13:20:57,,7,2
271103298489998,16233038020004,2013,39,4,99,5047.0,2.0,2,LONIC,1,LONIC,4,2014-07-22 13:20:57,,7,2
271103299489998,16233038020004,2013,39,4,99,5047.0,2.0,2,ROMU,1,ROMU,11,2014-07-22 13:20:57,,7,2
271095447489998,16233080020004,2013,39,2,105,1983.0,1.0,1,LOJA,1,LOJA,2,2014-07-22 13:20:36,,7,2
271095448489998,16233080020004,2013,39,2,105,1983.0,3.0,1,LOJA,1,LOJA,65,2014-07-22 13:20:36,,7,2
271095449489998,16233080020004,2013,39,2,105,1983.0,4.0,1,LOJA,1,LOJA,2,2014-07-22 13:20:36,,7,2
271096262489998,16232402020004,2013,39,1,131,2188.0,3.0,1,AIAL,1,AIAL,1,2014-07-22 13:20:38,,7,2
271096263489998,16232402020004,2013,39,1,131,2188.0,4.0,1,AIAL,1,AIAL,1,2014-07-22 13:20:38,,7,2
271096264489998,16232402020004,2013,39,1,131,2188.0,1.0,1,MIVI,1,MIVI,1,2014-07-22 13:20:38,,7,2
271096265489998,16232402020004,2013,39,1,131,2188.0,4.0,1,ROMU,1,ROMU,1,2014-07-22 13:20:38,,7,2
271103449489998,16232317020004,2013,39,1,141,5028.0,3.0,2,LOJA,1,LOJA,2,2014-07-22 13:20:59,,7,2
271103450489998,16232317020004,2013,39,1,141,5028.0,3.0,2,LOMA6,1,LOMA6,1,2014-07-22 13:20:59,,7,2
271103451489998,16232317020004,2013,39,1,141,5028.0,3.0,2,ROMU,1,ROMU,1,2014-07-22 13:20:59,,7,2
271103452489998,16232317020004,2013,39,1,141,5028.0,3.0,2,ROPS,1,ROPS,2,2014-07-22 13:20:59,,7,2
334970765489998,171867746020004,2014,39,1,15,3247.0,1.0,1,ALPE4,1,ALPE4,1,2015-06-01 11:14:37,,7,3
334970766489998,171867746020004,2014,39,1,15,3247.0,2.0,1,ALPE4,1,ALPE4,6,2015-06-01 11:14:37,,7,3
334970767489998,171867746020004,2014,39,1,15,3247.0,3.0,1,ALPE4,1,ALPE4,25,2015-06-01 11:14:37,,7,3
334970768489998,171867746020004,2014,39,1,15,3247.0,4.0,1,ALPE4,1,ALPE4,6,2015-06-01 11:14:37,,7,3
334970769489998,171867746020004,2014,39,1,15,3247.0,1.0,1,LOJA,1,LOJA,1,2015-06-01 11:14:37,,7,3
334970770489998,171867746020004,2014,39,1,15,3247.0,1.0,1,LOMA6,1,LOMA6,2,2015-06-01 11:14:37,,7,3
334970771489998,171867746020004,2014,39,1,15,3247.0,2.0,1,LOMA6,1,LOMA6,1,2015-06-01 11:14:37,,7,3
334970772489998,171867746020004,2014,39,1,15,3247.0,3.0,1,LOMA6,1,LOMA6,1,2015-06-01 11:14:37,,7,3
334970773489998,171867746020004,2014,39,1,15,3247.0,4.0,1,LOMA6,1,LOMA6,1,2015-06-01 11:14:37,,7,3
334970774489998,171867746020004,2014,39,1,15,3247.0,1.0,1,ROMU,1,ROMU,1,2015-06-01 11:14:37,,7,3
334970775489998,171867746020004,2014,39,1,15,3247.0,3.0,1,ROMU,1,ROMU,1,2015-06-01 11:14:37,,7,3
334970776489998,171867746020004,2014,39,1,15,3247.0,4.0,1,ROMU,1,ROMU,1,2015-06-01 11:14:37,,7,3
334971348489998,171867952020004,2014,39,2,115,3461.0,1.0,1,AIAL,1,AIAL,1,2015-06-01 11:14:43,,7,3
334971349489998,171867952020004,2014,39,2,115,3461.0,2.0,1,AIAL,1,AIAL,1,2015-06-01 11:14:43,,7,3
334971350489998,171867952020004,2014,39,2,115,3461.0,3.0,1,AIAL,1,AIAL,10,2015-06-01 11:14:43,,7,3
334971351489998,171867952020004,2014,39,2,115,3461.0,4.0,1,AIAL,1,AIAL,1,2015-06-01 11:14:43,,7,3
334971352489998,171867952020004,2014,39,2,115,3461.0,1.0,1,ELUM,1,ELUM,6,2015-06-01 11:14:43,,7,3
334971353489998,171867952020004,2014,39,2,115,3461.0,2.0,1,ELUM,1,ELUM,40,2015-06-01 11:14:43,,7,3
334971354489998,171867952020004,2014,39,2,115,3461.0,3.0,1,ELUM,1,ELUM,55,2015-06-01 11:14:43,,7,3
334971355489998,171867952020004,2014,39,2,115,3461.0,4.0,1,ELUM,1,ELUM,40,2015-06-01 11:14:43,,7,3
334971356489998,171867952020004,2014,39,2,115,3461.0,2.0,1,LOJA,1,LOJA,1,2015-06-01 11:14:43,,7,3
334971357489998,171867952020004,2014,39,2,115,3461.0,3.0,1,LOJA,1,LOJA,1,2015-06-01 11:14:43,,7,3
334971358489998,171867952020004,2014,39,2,115,3461.0,3.0,1,LONIC,1,LONIC,1,2015-06-01 11:14:43,,7,3
334971359489998,171867952020004,2014,39,2,115,3461.0,1.0,1,ROMU,1,ROMU,3,2015-06-01 11:14:43,,7,3
334971360489998,171867952020004,2014,39,2,115,3461.0,2.0,1,ROMU,1,ROMU,5,2015-06-01 11:14:43,,7,3
334971361489998,171867952020004,2014,39,2,115,3461.0,3.0,1,ROMU,1,ROMU,3,2015-06-01 11:14:43,,7,3
334971362489998,171867952020004,2014,39,2,115,3461.0,4.0,1,ROMU,1,ROMU,1,2015-06-01 11:14:43,,7,3
334971921489998,171868067020004,2014,39,2,73,3185.0,1.0,1,ELUM,1,ELUM,1,2015-06-01 11:14:45,,7,3
334971922489998,171868067020004,2014,39,2,73,3185.0,3.0,1,ELUM,1,ELUM,5,2015-06-01 11:14:45,,7,3
334971923489998,171868067020004,2014,39,2,73,3185.0,1.0,1,ROMU,1,ROMU,2,2015-06-01 11:14:45,,7,3
334971924489998,171868067020004,2014,39,2,73,3185.0,2.0,1,ROMU,1,ROMU,1,2015-06-01 11:14:45,,7,3
334971925489998,171868067020004,2014,39,2,73,3185.0,3.0,1,ROMU,1,ROMU,3,2015-06-01 11:14:45,,7,3
334971926489998,171868067020004,2014,39,2,73,3185.0,4.0,1,ROMU,1,ROMU,1,2015-06-01 11:14:45,,7,3
334972810489998,171867720020004,2014,39,6,11,2083.0,2.0,2,ALPE4,1,ALPE4,4,2015-06-01 11:14:52,,7,3
334972811489998,171867720020004,2014,39,6,11,2083.0,2.0,2,ROMU,1,ROMU,4,2015-06-01 11:14:52,,7,3
334972925489998,171867849020004,2014,39,4,55,1176.0,4.0,1,LIVU,1,LIVU,1,2015-06-01 11:14:54,,7,3
334972926489998,171867849020004,2014,39,4,55,1176.0,1.0,1,ROMU,1,ROMU,10,2015-06-01 11:14:54,,7,3
334972927489998,171867849020004,2014,39,4,55,1176.0,2.0,1,ROMU,1,ROMU,3,2015-06-01 11:14:54,,7,3
334972928489998,171867849020004,2014,39,4,55,1176.0,4.0,1,ROMU,1,ROMU,2,2015-06-01 11:14:54,,7,3
334973094489998,171867923020004,2014,39,1,87,2049.0,4.0,1,BEVU,1,BEVU,1,2015-06-01 11:14:55,,7,3
334973095489998,171867923020004,2014,39,1,87,2049.0,1.0,1,LOJA,1,LOJA,1,2015-06-01 11:14:55,,7,3
334973096489998,171867923020004,2014,39,1,87,2049.0,3.0,1,LOJA,1,LOJA,1,2015-06-01 11:14:55,,7,3
334973097489998,171867923020004,2014,39,1,87,2049.0,4.0,1,LOJA,1,LOJA,5,2015-06-01 11:14:55,,7,3
334973098489998,171867923020004,2014,39,1,87,2049.0,2.0,2,MIVI,1,MIVI,1,2015-06-01 11:14:55,,7,3
334973099489998,171867923020004,2014,39,1,87,2049.0,1.0,1,ROMU,1,ROMU,5,2015-06-01 11:14:55,,7,3
334973100489998,171867923020004,2014,39,1,87,2049.0,3.0,1,ROMU,1,ROMU,1,2015-06-01 11:14:55,,7,3
334973101489998,171867923020004,2014,39,1,87,2049.0,4.0,1,ROMU,1,ROMU,3,2015-06-01 11:14:55,,7,3
334973873489998,171868055020004,2014,39,1,53,2634.0,3.0,1,ALPE4,1,ALPE4,3,2015-06-01 11:14:59,,7,3
334973874489998,171868055020004,2014,39,1,53,2634.0,1.0,1,LIVU,1,LIVU,7,2015-06-01 11:14:59,,7,3
334973875489998,171868055020004,2014,39,1,53,2634.0,4.0,1,LIVU,1,LIVU,1,2015-06-01 11:14:59,,7,3
334973876489998,171868055020004,2014,39,1,53,2634.0,1.0,1,LOJA,1,LOJA,2,2015-06-01 11:14:59,,7,3
334973877489998,171868055020004,2014,39,1,53,2634.0,3.0,1,LOJA,1,LOJA,15,2015-06-01 11:14:59,,7,3
334973878489998,171868055020004,2014,39,1,53,2634.0,4.0,1,LOJA,1,LOJA,25,2015-06-01 11:14:59,,7,3
334973879489998,171868055020004,2014,39,1,53,2634.0,1.0,1,LOMA6,1,LOMA6,1,2015-06-01 11:14:59,,7,3
334973880489998,171868055020004,2014,39,1,53,2634.0,3.0,1,LOMA6,1,LOMA6,7,2015-06-01 11:14:59,,7,3
334973881489998,171868055020004,2014,39,1,53,2634.0,1.0,1,LOMO2,1,LOMO2,15,2015-06-01 11:14:59,,7,3
334973882489998,171868055020004,2014,39,1,53,2634.0,3.0,1,LOMO2,1,LOMO2,2,2015-06-01 11:14:59,,7,3
334973883489998,171868055020004,2014,39,1,53,2634.0,1.0,1,ROMU,1,ROMU,4,2015-06-01 11:14:59,,7,3
334973884489998,171868055020004,2014,39,1,53,2634.0,3.0,1,ROMU,1,ROMU,4,2015-06-01 11:14:59,,7,3
334973885489998,171868055020004,2014,39,1,53,2634.0,4.0,1,ROMU,1,ROMU,10,2015-06-01 11:14:59,,7,3
334973886489998,171868055020004,2014,39,1,53,2634.0,3.0,1,ROPS,1,ROPS,1,2015-06-01 11:14:59,,7,3
334974204489998,171868124020004,2014,39,3,157,1342.0,1.0,1,ALPE4,1,ALPE4,8,2015-06-01 11:15:01,,7,3
334974205489998,171868124020004,2014,39,3,157,1342.0,1.0,2,ALPE4,1,ALPE4,1,2015-06-01 11:15:01,,7,3
334974206489998,171868124020004,2014,39,3,157,1342.0,2.0,1,ALPE4,1,ALPE4,3,2015-06-01 11:15:01,,7,3
334974207489998,171868124020004,2014,39,3,157,1342.0,1.0,1,ROMU,1,ROMU,18,2015-06-01 11:15:01,,7,3
334974208489998,171868124020004,2014,39,3,157,1342.0,1.0,2,ROMU,1,ROMU,1,2015-06-01 11:15:01,,7,3
334974209489998,171868124020004,2014,39,3,157,1342.0,2.0,1,ROMU,1,ROMU,7,2015-06-01 11:15:01,,7,3
334974210489998,171868124020004,2014,39,3,157,1342.0,2.0,2,ROMU,1,ROMU,25,2015-06-01 11:15:01,,7,3
334974211489998,171868124020004,2014,39,3,157,1342.0,3.0,2,ROMU,1,ROMU,25,2015-06-01 11:15:01,,7,3
334974212489998,171868124020004,2014,39,3,157,1342.0,4.0,1,ROMU,1,ROMU,25,2015-06-01 11:15:01,,7,3
334964319489998,171867937020004,2014,39,3,19,2633.0,4.0,1,ALPE4,1,ALPE4,10,2015-06-01 11:13:27,,7,3
334964320489998,171867937020004,2014,39,3,19,2633.0,4.0,1,BETH,1,BETH,1,2015-06-01 11:13:27,,7,3
334964321489998,171867937020004,2014,39,3,19,2633.0,1.0,1,ROMU,1,ROMU,10,2015-06-01 11:13:27,,7,3
334964322489998,171867937020004,2014,39,3,19,2633.0,2.0,1,ROMU,1,ROMU,10,2015-06-01 11:13:27,,7,3
334964323489998,171867937020004,2014,39,3,19,2633.0,3.0,1,ROMU,1,ROMU,1,2015-06-01 11:13:27,,7,3
271093965489998,16233054020004,2013,39,4,153,3576.0,2.0,1,ALPE4,1,ALPE4,2,2014-07-22 13:20:31,,7,2
271093966489998,16233054020004,2013,39,4,153,3576.0,3.0,2,ALPE4,1,ALPE4,2,2014-07-22 13:20:31,,7,2
271093967489998,16233054020004,2013,39,4,153,3576.0,4.0,1,ALPE4,1,ALPE4,2,2014-07-22 13:20:31,,7,2
271093968489998,16233054020004,2013,39,4,153,3576.0,2.0,1,CIAR4,1,CIAR4,1,2014-07-22 13:20:31,,7,2
271093969489998,16233054020004,2013,39,4,153,3576.0,4.0,1,CIAR4,1,CIAR4,2,2014-07-22 13:20:31,,7,2
271093970489998,16233054020004,2013,39,4,153,3576.0,2.0,1,HEMA3,1,HEMA3,1,2014-07-22 13:20:31,,7,2
271093971489998,16233054020004,2013,39,4,153,3576.0,4.0,1,HEMA3,1,HEMA3,1,2014-07-22 13:20:31,,7,2
271093972489998,16233054020004,2013,39,4,153,3576.0,2.0,1,LIVU,1,LIVU,2,2014-07-22 13:20:31,,7,2
469332707489998,306266244489998,2016,39,6,147,4302.0,4.0,2,ROMU,1,ROMU,3,2017-05-11 07:03:53,,7,5
382559667489998,171867900020004,2015,39,3,119,1245.0,3.0,2,LIVU,1,LIVU,8,2016-03-25 11:01:26,,7,4
382559668489998,171867900020004,2015,39,3,119,1245.0,3.0,2,LOJA,1,LOJA,10,2016-03-25 11:01:26,,7,4
382559669489998,171867900020004,2015,39,3,119,1245.0,3.0,2,LYNU,1,LYNU,15,2016-03-25 11:01:26,,7,4
382559670489998,171867900020004,2015,39,3,119,1245.0,3.0,2,ROMU,1,ROMU,15,2016-03-25 11:01:26,,7,4
382559837489998,251630488489998,2015,39,5,57,2629.0,2.0,2,ALPE4,1,ALPE4,1,2016-03-25 11:01:29,,7,4
382559838489998,251630488489998,2015,39,5,57,2629.0,2.0,2,LOMA6,1,LOMA6,94,2016-03-25 11:01:29,,7,4
382559839489998,251630488489998,2015,39,5,57,2629.0,2.0,2,ROMU,1,ROMU,1,2016-03-25 11:01:29,,7,4
382559906489998,251630572489998,2015,39,2,127,5467.0,1.0,1,AIAL,1,AIAL,1,2016-03-25 11:01:30,,7,4
382559907489998,251630572489998,2015,39,2,127,5467.0,1.0,1,BETH,1,BETH,2,2016-03-25 11:01:30,,7,4
382559908489998,251630572489998,2015,39,2,127,5467.0,2.0,1,BETH,1,BETH,2,2016-03-25 11:01:30,,7,4
382559909489998,251630572489998,2015,39,2,127,5467.0,3.0,1,BETH,1,BETH,2,2016-03-25 11:01:30,,7,4
382559910489998,251630572489998,2015,39,2,127,5467.0,4.0,1,BETH,1,BETH,2,2016-03-25 11:01:30,,7,4
382559911489998,251630572489998,2015,39,2,127,5467.0,1.0,1,LOJA,1,LOJA,1,2016-03-25 11:01:30,,7,4
382559912489998,251630572489998,2015,39,2,127,5467.0,2.0,1,LOJA,1,LOJA,1,2016-03-25 11:01:30,,7,4
382559913489998,251630572489998,2015,39,2,127,5467.0,3.0,1,LOJA,1,LOJA,2,2016-03-25 11:01:30,,7,4
382559914489998,251630572489998,2015,39,2,127,5467.0,4.0,1,LOJA,1,LOJA,10,2016-03-25 11:01:30,,7,4
382559915489998,251630572489998,2015,39,2,127,5467.0,1.0,1,MIVI,1,MIVI,6,2016-03-25 11:01:30,,7,4
382559916489998,251630572489998,2015,39,2,127,5467.0,2.0,1,MIVI,1,MIVI,2,2016-03-25 11:01:30,,7,4
382559917489998,251630572489998,2015,39,2,127,5467.0,3.0,1,MIVI,1,MIVI,3,2016-03-25 11:01:30,,7,4
382559918489998,251630572489998,2015,39,2,127,5467.0,4.0,1,MIVI,1,MIVI,2,2016-03-25 11:01:30,,7,4
382559919489998,251630572489998,2015,39,2,127,5467.0,1.0,1,ROMU,1,ROMU,15,2016-03-25 11:01:30,,7,4
382559920489998,251630572489998,2015,39,2,127,5467.0,2.0,1,ROMU,1,ROMU,12,2016-03-25 11:01:30,,7,4
382559921489998,251630572489998,2015,39,2,127,5467.0,3.0,1,ROMU,1,ROMU,10,2016-03-25 11:01:30,,7,4
382559922489998,251630572489998,2015,39,2,127,5467.0,4.0,1,ROMU,1,ROMU,30,2016-03-25 11:01:30,,7,4
382560103489998,251630631489998,2015,39,2,73,5262.0,2.0,1,BETH,1,BETH,1,2016-03-25 11:01:31,,7,4
382560104489998,251630631489998,2015,39,2,73,5262.0,3.0,1,LOJA,1,LOJA,2,2016-03-25 11:01:31,,7,4
382560105489998,251630631489998,2015,39,2,73,5262.0,2.0,1,ROMU,1,ROMU,2,2016-03-25 11:01:31,,7,4
382560106489998,251630631489998,2015,39,2,73,5262.0,3.0,1,ROMU,1,ROMU,1,2016-03-25 11:01:31,,7,4
382558779489998,171867740020004,2015,39,1,71,5390.0,2.0,1,ALPE4,1,ALPE4,2,2016-03-25 11:01:18,,7,4
382558780489998,171867740020004,2015,39,1,71,5390.0,4.0,1,ALPE4,1,ALPE4,1,2016-03-25 11:01:18,,7,4
382558781489998,171867740020004,2015,39,1,71,5390.0,1.0,1,LOJA,1,LOJA,1,2016-03-25 11:01:18,,7,4
382558782489998,171867740020004,2015,39,1,71,5390.0,2.0,1,LOJA,1,LOJA,2,2016-03-25 11:01:18,,7,4
382558783489998,171867740020004,2015,39,1,71,5390.0,3.0,1,LOJA,1,LOJA,1,2016-03-25 11:01:18,,7,4
382558784489998,171867740020004,2015,39,1,71,5390.0,1.0,1,LOMA6,1,LOMA6,1,2016-03-25 11:01:18,,7,4
382558785489998,171867740020004,2015,39,1,71,5390.0,2.0,1,LOMA6,1,LOMA6,1,2016-03-25 11:01:18,,7,4
382558786489998,171867740020004,2015,39,1,71,5390.0,4.0,1,LOMA6,1,LOMA6,1,2016-03-25 11:01:18,,7,4
382558787489998,171867740020004,2015,39,1,71,5390.0,1.0,1,ROMU,1,ROMU,5,2016-03-25 11:01:18,,7,4
382558788489998,171867740020004,2015,39,1,71,5390.0,2.0,1,ROMU,1,ROMU,11,2016-03-25 11:01:18,,7,4
382558789489998,171867740020004,2015,39,1,71,5390.0,3.0,1,ROMU,1,ROMU,1,2016-03-25 11:01:18,,7,4
382558790489998,171867740020004,2015,39,1,71,5390.0,4.0,1,ROMU,1,ROMU,2,2016-03-25 11:01:18,,7,4
382558791489998,171867740020004,2015,39,1,71,5390.0,2.0,1,ROPS,1,ROPS,20,2016-03-25 11:01:18,,7,4
382558792489998,171867740020004,2015,39,1,71,5390.0,3.0,1,ROPS,1,ROPS,5,2016-03-25 11:01:18,,7,4
382561827489998,171867797020004,2015,39,3,31,1154.0,2.0,1,AIAL,1,AIAL,10,2016-03-25 11:01:49,,7,4
382561828489998,171867797020004,2015,39,3,31,1154.0,3.0,1,AIAL,1,AIAL,8,2016-03-25 11:01:49,,7,4
382561829489998,171867797020004,2015,39,3,31,1154.0,1.0,1,BETH,1,BETH,1,2016-03-25 11:01:49,,7,4
382561830489998,171867797020004,2015,39,3,31,1154.0,2.0,1,BETH,1,BETH,1,2016-03-25 11:01:49,,7,4
382561831489998,171867797020004,2015,39,3,31,1154.0,3.0,1,BETH,1,BETH,2,2016-03-25 11:01:50,,7,4
382561832489998,171867797020004,2015,39,3,31,1154.0,4.0,1,BETH,1,BETH,3,2016-03-25 11:01:50,,7,4
382561833489998,171867797020004,2015,39,3,31,1154.0,1.0,1,CEOR7,1,CEOR7,1,2016-03-25 11:01:50,,7,4
382561834489998,171867797020004,2015,39,3,31,1154.0,1.0,1,MIVI,1,MIVI,1,2016-03-25 11:01:50,,7,4
382561835489998,171867797020004,2015,39,3,31,1154.0,2.0,1,MIVI,1,MIVI,3,2016-03-25 11:01:50,,7,4
382561836489998,171867797020004,2015,39,3,31,1154.0,3.0,1,MIVI,1,MIVI,15,2016-03-25 11:01:50,,7,4
382561837489998,171867797020004,2015,39,3,31,1154.0,4.0,1,MIVI,1,MIVI,25,2016-03-25 11:01:50,,7,4
382561838489998,171867797020004,2015,39,3,31,1154.0,1.0,1,ROMU,1,ROMU,1,2016-03-25 11:01:50,,7,4
382561839489998,171867797020004,2015,39,3,31,1154.0,2.0,1,ROMU,1,ROMU,3,2016-03-25 11:01:50,,7,4
382561840489998,171867797020004,2015,39,3,31,1154.0,3.0,1,ROMU,1,ROMU,5,2016-03-25 11:01:50,,7,4
382561841489998,171867797020004,2015,39,3,31,1154.0,4.0,1,ROMU,1,ROMU,3,2016-03-25 11:01:50,,7,4
382559053489998,251630477489998,2015,39,5,61,2063.0,1.0,1,AIAL,1,AIAL,1,2016-03-25 11:01:21,,7,4
382559054489998,251630477489998,2015,39,5,61,2063.0,3.0,1,AIAL,1,AIAL,2,2016-03-25 11:01:21,,7,4
382559055489998,251630477489998,2015,39,5,61,2063.0,1.0,1,ALPE4,1,ALPE4,1,2016-03-25 11:01:21,,7,4
382559056489998,251630477489998,2015,39,5,61,2063.0,2.0,1,ALPE4,1,ALPE4,1,2016-03-25 11:01:21,,7,4
382559057489998,251630477489998,2015,39,5,61,2063.0,3.0,1,ALPE4,1,ALPE4,12,2016-03-25 11:01:21,,7,4
382559058489998,251630477489998,2015,39,5,61,2063.0,4.0,1,ALPE4,1,ALPE4,1,2016-03-25 11:01:21,,7,4
382559059489998,251630477489998,2015,39,5,61,2063.0,1.0,1,LOMA6,1,LOMA6,6,2016-03-25 11:01:21,,7,4
382559060489998,251630477489998,2015,39,5,61,2063.0,2.0,1,LOMA6,1,LOMA6,19,2016-03-25 11:01:21,,7,4
382559061489998,251630477489998,2015,39,5,61,2063.0,3.0,1,LOMA6,1,LOMA6,7,2016-03-25 11:01:21,,7,4
382559062489998,251630477489998,2015,39,5,61,2063.0,4.0,1,LOMA6,1,LOMA6,2,2016-03-25 11:01:21,,7,4
382559063489998,251630477489998,2015,39,5,61,2063.0,3.0,1,ROMU,1,ROMU,1,2016-03-25 11:01:21,,7,4
382559341489998,251630633489998,2015,39,2,73,1847.0,1.0,1,LIVU,1,LIVU,1,2016-03-25 11:01:24,,7,4
382559342489998,251630633489998,2015,39,2,73,1847.0,1.0,1,ROMU,1,ROMU,1,2016-03-25 11:01:24,,7,4
382559343489998,251630633489998,2015,39,2,73,1847.0,3.0,1,ROMU,1,ROMU,1,2016-03-25 11:01:24,,7,4
382559344489998,251630633489998,2015,39,2,73,1847.0,4.0,1,ROMU,1,ROMU,1,2016-03-25 11:01:24,,7,4
382560460489998,171867791020004,2015,39,3,157,3047.0,1.0,1,ROMU,1,ROMU,10,2016-03-25 11:01:35,,7,4
382560461489998,171867791020004,2015,39,3,157,3047.0,2.0,2,ROMU,1,ROMU,2,2016-03-25 11:01:35,,7,4
382560462489998,171867791020004,2015,39,3,157,3047.0,4.0,1,ROMU,1,ROMU,5,2016-03-25 11:01:35,,7,4
382556646489998,171867921020004,2015,39,1,87,2263.0,1.0,1,LOJA,1,LOJA,2,2016-03-25 11:00:46,,7,4
382556861489998,251630448489998,2015,39,1,25,5374.0,2.0,1,ALPE4,1,ALPE4,1,2016-03-25 11:00:51,,7,4
382556862489998,251630448489998,2015,39,1,25,5374.0,3.0,1,ALPE4,1,ALPE4,2,2016-03-25 11:00:51,,7,4
382556863489998,251630448489998,2015,39,1,25,5374.0,4.0,1,ALPE4,1,ALPE4,1,2016-03-25 11:00:51,,7,4
382556864489998,251630448489998,2015,39,1,25,5374.0,4.0,1,BETH,1,BETH,1,2016-03-25 11:00:51,,7,4
382556865489998,251630448489998,2015,39,1,25,5374.0,2.0,1,LOJA,1,LOJA,1,2016-03-25 11:00:51,,7,4
382556866489998,251630448489998,2015,39,1,25,5374.0,3.0,1,LOJA,1,LOJA,2,2016-03-25 11:00:51,,7,4
382556867489998,251630448489998,2015,39,1,25,5374.0,4.0,1,LOJA,1,LOJA,16,2016-03-25 11:00:51,,7,4
382556868489998,251630448489998,2015,39,1,25,5374.0,1.0,1,LOMA6,1,LOMA6,19,2016-03-25 11:00:51,,7,4
382556869489998,251630448489998,2015,39,1,25,5374.0,2.0,1,LOMA6,1,LOMA6,40,2016-03-25 11:00:51,,7,4
382556870489998,251630448489998,2015,39,1,25,5374.0,3.0,1,LOMA6,1,LOMA6,2,2016-03-25 11:00:51,,7,4
382556871489998,251630448489998,2015,39,1,25,5374.0,4.0,1,LOMA6,1,LOMA6,6,2016-03-25 11:00:51,,7,4
382556872489998,251630448489998,2015,39,1,25,5374.0,1.0,1,ROMU,1,ROMU,6,2016-03-25 11:00:51,,7,4
382556873489998,251630448489998,2015,39,1,25,5374.0,2.0,1,ROMU,1,ROMU,3,2016-03-25 11:00:51,,7,4
382556874489998,251630448489998,2015,39,1,25,5374.0,3.0,1,ROMU,1,ROMU,18,2016-03-25 11:00:51,,7,4
382556875489998,251630448489998,2015,39,1,25,5374.0,4.0,1,ROMU,1,ROMU,6,2016-03-25 11:00:51,,7,4
382556876489998,251630448489998,2015,39,1,25,5374.0,4.0,1,ROPS,1,ROPS,5,2016-03-25 11:00:51,,7,4
382557224489998,171867616020004,2015,39,5,135,1422.0,1.0,1,LOMA6,1,LOMA6,50,2016-03-25 11:00:58,,7,4
382557225489998,171867616020004,2015,39,5,135,1422.0,2.0,1,LOMA6,1,LOMA6,18,2016-03-25 11:00:59,,7,4
382557226489998,171867616020004,2015,39,5,135,1422.0,3.0,1,LOMA6,1,LOMA6,75,2016-03-25 11:00:59,,7,4
382557227489998,171867616020004,2015,39,5,135,1422.0,4.0,1,LOMA6,1,LOMA6,40,2016-03-25 11:00:59,,7,4
382557228489998,171867616020004,2015,39,5,135,1422.0,1.0,1,ROMU,1,ROMU,25,2016-03-25 11:00:59,,7,4
382557229489998,171867616020004,2015,39,5,135,1422.0,2.0,1,ROMU,1,ROMU,3,2016-03-25 11:00:59,,7,4
382557230489998,171867616020004,2015,39,5,135,1422.0,3.0,1,ROMU,1,ROMU,4,2016-03-25 11:00:59,,7,4
382557231489998,171867616020004,2015,39,5,135,1422.0,4.0,1,ROMU,1,ROMU,1,2016-03-25 11:00:59,,7,4
382557232489998,171867616020004,2015,39,5,135,1422.0,1.0,1,ROPS,1,ROPS,80,2016-03-25 11:00:59,,7,4
382557233489998,171867616020004,2015,39,5,135,1422.0,2.0,1,ROPS,1,ROPS,22,2016-03-25 11:00:59,,7,4
382557234489998,171867616020004,2015,39,5,135,1422.0,3.0,1,ROPS,1,ROPS,75,2016-03-25 11:00:59,,7,4
382557235489998,171867616020004,2015,39,5,135,1422.0,4.0,1,ROPS,1,ROPS,5,2016-03-25 11:00:59,,7,4
382560718489998,251630621489998,2015,39,3,111,2939.0,4.0,2,BETH,1,BETH,2,2016-03-25 11:01:38,,7,4
382560719489998,251630621489998,2015,39,3,111,2939.0,4.0,2,LOJA,1,LOJA,5,2016-03-25 11:01:38,,7,4
382560720489998,251630621489998,2015,39,3,111,2939.0,4.0,2,MIVI,1,MIVI,5,2016-03-25 11:01:38,,7,4
382560721489998,251630621489998,2015,39,3,111,2939.0,4.0,2,ROMU,1,ROMU,25,2016-03-25 11:01:38,,7,4
382560804489998,251630694489998,2015,39,1,25,2368.0,2.0,1,LOMA6,1,LOMA6,1,2016-03-25 11:01:39,,7,4
382560805489998,251630694489998,2015,39,1,25,2368.0,4.0,1,LOMA6,1,LOMA6,4,2016-03-25 11:01:39,,7,4
382560806489998,251630694489998,2015,39,1,25,2368.0,2.0,1,ROMU,1,ROMU,1,2016-03-25 11:01:39,,7,4
382560807489998,251630694489998,2015,39,1,25,2368.0,3.0,1,ROMU,1,ROMU,1,2016-03-25 11:01:39,,7,4
382560808489998,251630694489998,2015,39,1,25,2368.0,4.0,1,ROMU,1,ROMU,3,2016-03-25 11:01:39,,7,4
382557597489998,251630625489998,2015,39,1,53,1418.0,1.0,1,LOJA,1,LOJA,8,2016-03-25 11:01:06,,7,4
382557598489998,251630625489998,2015,39,1,53,1418.0,2.0,1,LOJA,1,LOJA,5,2016-03-25 11:01:06,,7,4
382557599489998,251630625489998,2015,39,1,53,1418.0,3.0,1,LOJA,1,LOJA,25,2016-03-25 11:01:06,,7,4
382557600489998,251630625489998,2015,39,1,53,1418.0,4.0,1,LOJA,1,LOJA,25,2016-03-25 11:01:06,,7,4
382557601489998,251630625489998,2015,39,1,53,1418.0,1.0,1,ROMU,1,ROMU,3,2016-03-25 11:01:06,,7,4
382557602489998,251630625489998,2015,39,1,53,1418.0,2.0,1,ROMU,1,ROMU,1,2016-03-25 11:01:06,,7,4
382557603489998,251630625489998,2015,39,1,53,1418.0,3.0,1,ROMU,1,ROMU,1,2016-03-25 11:01:06,,7,4
382557604489998,251630625489998,2015,39,1,53,1418.0,4.0,1,ROMU,1,ROMU,1,2016-03-25 11:01:06,,7,4
382561052489998,171867643020004,2015,39,5,57,2961.0,2.0,1,ALPE4,1,ALPE4,1,2016-03-25 11:01:42,,7,4
382561053489998,171867643020004,2015,39,5,57,2961.0,2.0,1,BETH,1,BETH,1,2016-03-25 11:01:42,,7,4
382561054489998,171867643020004,2015,39,5,57,2961.0,2.0,1,CEOR7,1,CEOR7,28,2016-03-25 11:01:42,,7,4
382561055489998,171867643020004,2015,39,5,57,2961.0,3.0,1,CEOR7,1,CEOR7,2,2016-03-25 11:01:42,,7,4
382561056489998,171867643020004,2015,39,5,57,2961.0,4.0,1,CEOR7,1,CEOR7,1,2016-03-25 11:01:42,,7,4
382561057489998,171867643020004,2015,39,5,57,2961.0,1.0,1,ELUM,1,ELUM,22,2016-03-25 11:01:42,,7,4
382561058489998,171867643020004,2015,39,5,57,2961.0,2.0,1,ELUM,1,ELUM,45,2016-03-25 11:01:42,,7,4
382561059489998,171867643020004,2015,39,5,57,2961.0,3.0,1,ELUM,1,ELUM,12,2016-03-25 11:01:42,,7,4
382561060489998,171867643020004,2015,39,5,57,2961.0,4.0,1,ELUM,1,ELUM,3,2016-03-25 11:01:42,,7,4
382561061489998,171867643020004,2015,39,5,57,2961.0,1.0,1,LOJA,1,LOJA,1,2016-03-25 11:01:42,,7,4
382561062489998,171867643020004,2015,39,5,57,2961.0,2.0,1,LOJA,1,LOJA,2,2016-03-25 11:01:42,,7,4
382561063489998,171867643020004,2015,39,5,57,2961.0,1.0,1,LOMA6,1,LOMA6,45,2016-03-25 11:01:42,,7,4
382561064489998,171867643020004,2015,39,5,57,2961.0,2.0,1,LOMA6,1,LOMA6,30,2016-03-25 11:01:42,,7,4
382561065489998,171867643020004,2015,39,5,57,2961.0,3.0,1,LOMA6,1,LOMA6,70,2016-03-25 11:01:42,,7,4
382561066489998,171867643020004,2015,39,5,57,2961.0,4.0,1,LOMA6,1,LOMA6,2,2016-03-25 11:01:42,,7,4
382561067489998,171867643020004,2015,39,5,57,2961.0,1.0,1,ROMU,1,ROMU,1,2016-03-25 11:01:42,,7,4
382561068489998,171867643020004,2015,39,5,57,2961.0,2.0,1,ROMU,1,ROMU,1,2016-03-25 11:01:42,,7,4
382557803489998,251630346489998,2015,39,2,163,1300.0,3.0,1,ELUM,1,ELUM,1,2016-03-25 11:01:08,,7,4
382557804489998,251630346489998,2015,39,2,163,1300.0,4.0,1,ROMU,1,ROMU,5,2016-03-25 11:01:08,,7,4
382557971489998,251630364489998,2015,39,4,103,4704.0,1.0,1,ALPE4,1,ALPE4,5,2016-03-25 11:01:09,,7,4
382557972489998,251630364489998,2015,39,4,103,4704.0,2.0,1,ALPE4,1,ALPE4,5,2016-03-25 11:01:09,,7,4
382557973489998,251630364489998,2015,39,4,103,4704.0,3.0,1,ALPE4,1,ALPE4,3,2016-03-25 11:01:09,,7,4
382557974489998,251630364489998,2015,39,4,103,4704.0,4.0,1,ALPE4,1,ALPE4,1,2016-03-25 11:01:09,,7,4
382557975489998,251630364489998,2015,39,4,103,4704.0,3.0,1,LONIC,1,LONIC,1,2016-03-25 11:01:09,,7,4
382557976489998,251630364489998,2015,39,4,103,4704.0,4.0,1,LONIC,1,LONIC,2,2016-03-25 11:01:09,,7,4
382557977489998,251630364489998,2015,39,4,103,4704.0,4.0,1,MIVI,1,MIVI,3,2016-03-25 11:01:09,,7,4
382557978489998,251630364489998,2015,39,4,103,4704.0,1.0,1,ROMU,1,ROMU,2,2016-03-25 11:01:09,,7,4
382557979489998,251630364489998,2015,39,4,103,4704.0,2.0,1,ROMU,1,ROMU,2,2016-03-25 11:01:09,,7,4
382557980489998,251630364489998,2015,39,4,103,4704.0,3.0,1,ROMU,1,ROMU,3,2016-03-25 11:01:09,,7,4
382557981489998,251630364489998,2015,39,4,103,4704.0,4.0,1,ROMU,1,ROMU,10,2016-03-25 11:01:09,,7,4
382561366489998,251630535489998,2015,39,6,65,3196.0,2.0,2,ALPE4,1,ALPE4,1,2016-03-25 11:01:44,,7,4
382561367489998,251630535489998,2015,39,6,65,3196.0,2.0,2,ROMU,1,ROMU,8,2016-03-25 11:01:44,,7,4
382561542489998,251630598489998,2015,39,3,31,1999.0,4.0,2,MIVI,1,MIVI,3,2016-03-25 11:01:46,,7,4
382561545489998,251630598489998,2015,39,3,31,1999.0,3.0,2,ROMU,1,ROMU,2,2016-03-25 11:01:46,,7,4
382561548489998,251630598489998,2015,39,3,31,1999.0,4.0,2,ROMU,1,ROMU,10,2016-03-25 11:01:46,,7,4
382558241489998,171867977020004,2015,39,1,145,4951.0,1.0,1,CEOR7,1,CEOR7,1,2016-03-25 11:01:13,,7,4
382558242489998,171867977020004,2015,39,1,145,4951.0,2.0,1,CEOR7,1,CEOR7,1,2016-03-25 11:01:13,,7,4
382561069489998,171867643020004,2015,39,5,57,2961.0,3.0,1,ROMU,1,ROMU,2,2016-03-25 11:01:42,,7,4
382561070489998,171867643020004,2015,39,5,57,2961.0,4.0,1,ROMU,1,ROMU,1,2016-03-25 11:01:42,,7,4
382557802489998,251630346489998,2015,39,2,163,1300.0,4.0,1,AIAL,1,AIAL,1,2016-03-25 11:01:08,,7,4
271093973489998,16233054020004,2013,39,4,153,3576.0,1.0,1,LYNU,1,LYNU,5,2014-07-22 13:20:31,,7,2
271093974489998,16233054020004,2013,39,4,153,3576.0,2.0,1,LYNU,1,LYNU,1,2014-07-22 13:20:31,,7,2
271093975489998,16233054020004,2013,39,4,153,3576.0,3.0,2,LYNU,1,LYNU,15,2014-07-22 13:20:31,,7,2
271093976489998,16233054020004,2013,39,4,153,3576.0,4.0,1,LYNU,1,LYNU,1,2014-07-22 13:20:31,,7,2
271093977489998,16233054020004,2013,39,4,153,3576.0,1.0,1,PHAR3,1,PHAR3,25,2014-07-22 13:20:31,,7,2
271093978489998,16233054020004,2013,39,4,153,3576.0,2.0,1,PHAR3,1,PHAR3,25,2014-07-22 13:20:31,,7,2
271093979489998,16233054020004,2013,39,4,153,3576.0,3.0,2,PHAR3,1,PHAR3,10,2014-07-22 13:20:31,,7,2
211890834020004,247063990010661,2012,39,3,67,651.0,2.0,1,ELUM,1,ELUM,5,2013-07-15 11:52:54,,7,1
211890835020004,247063990010661,2012,39,3,67,651.0,4.0,1,ELUM,1,ELUM,12,2013-07-15 11:52:54,,7,1
211890836020004,247063990010661,2012,39,3,67,651.0,2.0,1,LOMA6,1,LOMA6,1,2013-07-15 11:52:54,,7,1
211890837020004,247063990010661,2012,39,3,67,651.0,3.0,1,LOMA6,1,LOMA6,1,2013-07-15 11:52:54,,7,1
211890838020004,247063990010661,2012,39,3,67,651.0,1.0,1,LOMO2,1,LOMO2,4,2013-07-15 11:52:54,,7,1
211890839020004,247063990010661,2012,39,3,67,651.0,2.0,1,LOMO2,1,LOMO2,2,2013-07-15 11:52:54,,7,1
211890840020004,247063990010661,2012,39,3,67,651.0,3.0,1,LOMO2,1,LOMO2,1,2013-07-15 11:52:54,,7,1
211890841020004,247063990010661,2012,39,3,67,651.0,4.0,1,LOMO2,1,LOMO2,3,2013-07-15 11:52:54,,7,1
211890842020004,247063990010661,2012,39,3,67,651.0,1.0,1,MIVI,1,MIVI,12,2013-07-15 11:52:54,,7,1
211890843020004,247063990010661,2012,39,3,67,651.0,4.0,1,MIVI,1,MIVI,2,2013-07-15 11:52:54,,7,1
211890844020004,247063990010661,2012,39,3,67,651.0,1.0,1,ROMU,1,ROMU,35,2013-07-15 11:52:54,,7,1
211890845020004,247063990010661,2012,39,3,67,651.0,2.0,1,ROMU,1,ROMU,70,2013-07-15 11:52:54,,7,1
211890846020004,247063990010661,2012,39,3,67,651.0,3.0,1,ROMU,1,ROMU,25,2013-07-15 11:52:54,,7,1
211890847020004,247063990010661,2012,39,3,67,651.0,4.0,1,ROMU,1,ROMU,25,2013-07-15 11:52:54,,7,1
211891044020004,247063210010661,2012,39,5,165,644.0,1.0,1,ALPE4,1,ALPE4,6,2013-07-15 11:52:56,,7,1
211891045020004,247063210010661,2012,39,5,165,644.0,2.0,1,ALPE4,1,ALPE4,1,2013-07-15 11:52:56,,7,1
211891046020004,247063210010661,2012,39,5,165,644.0,3.0,1,ALPE4,1,ALPE4,1,2013-07-15 11:52:56,,7,1
211891047020004,247063210010661,2012,39,5,165,644.0,4.0,1,ALPE4,1,ALPE4,37,2013-07-15 11:52:56,,7,1
211891048020004,247063210010661,2012,39,5,165,644.0,1.0,1,LOMA6,1,LOMA6,20,2013-07-15 11:52:56,,7,1
211891049020004,247063210010661,2012,39,5,165,644.0,2.0,1,LOMA6,1,LOMA6,83,2013-07-15 11:52:56,,7,1
211891050020004,247063210010661,2012,39,5,165,644.0,3.0,1,LOMA6,1,LOMA6,55,2013-07-15 11:52:56,,7,1
211891051020004,247063210010661,2012,39,5,165,644.0,4.0,1,LOMA6,1,LOMA6,12,2013-07-15 11:52:56,,7,1
211891052020004,247063210010661,2012,39,5,165,644.0,1.0,1,ROMU,1,ROMU,1,2013-07-15 11:52:56,,7,1
211891053020004,247063210010661,2012,39,5,165,644.0,4.0,1,ROMU,1,ROMU,1,2013-07-15 11:52:56,,7,1
211887947020004,247063364010661,2012,39,6,11,41.0,1.0,1,ALPE4,1,ALPE4,7,2013-07-15 11:52:34,,7,1
211887948020004,247063364010661,2012,39,6,11,41.0,2.0,1,ALPE4,1,ALPE4,6,2013-07-15 11:52:34,,7,1
211887949020004,247063364010661,2012,39,6,11,41.0,3.0,1,ALPE4,1,ALPE4,14,2013-07-15 11:52:34,,7,1
211887950020004,247063364010661,2012,39,6,11,41.0,4.0,1,ALPE4,1,ALPE4,11,2013-07-15 11:52:34,,7,1
211887951020004,247063364010661,2012,39,6,11,41.0,4.0,1,ROMU,1,ROMU,11,2013-07-15 11:52:34,,7,1
211888178020004,247063599010661,2012,39,1,1,561.0,2.0,1,ROMU,1,ROMU,1,2013-07-15 11:52:35,,7,1
211888179020004,247063599010661,2012,39,1,1,561.0,4.0,1,ROMU,1,ROMU,1,2013-07-15 11:52:35,,7,1
211891264020004,247063358010661,2012,39,6,3,818.0,1.0,1,ALPE4,1,ALPE4,3,2013-07-15 11:52:57,,7,1
211891265020004,247063358010661,2012,39,6,3,818.0,2.0,1,ALPE4,1,ALPE4,4,2013-07-15 11:52:57,,7,1
211891266020004,247063358010661,2012,39,6,3,818.0,4.0,1,ALPE4,1,ALPE4,6,2013-07-15 11:52:57,,7,1
211891267020004,247063358010661,2012,39,6,3,818.0,1.0,1,CIAR4,1,CIAR4,2,2013-07-15 11:52:57,,7,1
211891268020004,247063358010661,2012,39,6,3,818.0,1.0,1,FRAL4,1,FRAL4,8,2013-07-15 11:52:57,,7,1
211891269020004,247063358010661,2012,39,6,3,818.0,2.0,1,FRAL4,1,FRAL4,6,2013-07-15 11:52:57,,7,1
211891270020004,247063358010661,2012,39,6,3,818.0,4.0,1,FRAL4,1,FRAL4,2,2013-07-15 11:52:57,,7,1
211891271020004,247063358010661,2012,39,6,3,818.0,1.0,1,LIVU,1,LIVU,6,2013-07-15 11:52:57,,7,1
211891272020004,247063358010661,2012,39,6,3,818.0,2.0,1,LIVU,1,LIVU,7,2013-07-15 11:52:57,,7,1
211891273020004,247063358010661,2012,39,6,3,818.0,1.0,1,LONIC,1,LONIC,9,2013-07-15 11:52:57,,7,1
211891274020004,247063358010661,2012,39,6,3,818.0,2.0,1,LONIC,1,LONIC,3,2013-07-15 11:52:57,,7,1
211891275020004,247063358010661,2012,39,6,3,818.0,4.0,1,LONIC,1,LONIC,8,2013-07-15 11:52:57,,7,1
211891276020004,247063358010661,2012,39,6,3,818.0,1.0,1,ROMU,1,ROMU,8,2013-07-15 11:52:57,,7,1
211891277020004,247063358010661,2012,39,6,3,818.0,4.0,1,ROMU,1,ROMU,6,2013-07-15 11:52:57,,7,1
211891278020004,247063358010661,2012,39,6,3,818.0,4.0,1,ROPS,1,ROPS,10,2013-07-15 11:52:57,,7,1
211884397020004,247063240010661,2012,39,3,67,345.0,4.0,1,CIAR4,1,CIAR4,1,2013-07-15 11:51:55,,7,1
211884398020004,247063240010661,2012,39,3,67,345.0,1.0,1,ROMU,1,ROMU,35,2013-07-15 11:51:55,,7,1
211884399020004,247063240010661,2012,39,3,67,345.0,2.0,1,ROMU,1,ROMU,25,2013-07-15 11:51:55,,7,1
211884400020004,247063240010661,2012,39,3,67,345.0,3.0,1,ROMU,1,ROMU,15,2013-07-15 11:51:55,,7,1
211884401020004,247063240010661,2012,39,3,67,345.0,4.0,1,ROMU,1,ROMU,25,2013-07-15 11:51:55,,7,1
211888350020004,247063703010661,2012,39,6,83,263.0,2.0,1,ALPE4,1,ALPE4,3,2013-07-15 11:52:36,,7,1
211888351020004,247063703010661,2012,39,6,83,263.0,3.0,1,ALPE4,1,ALPE4,5,2013-07-15 11:52:36,,7,1
211888352020004,247063703010661,2012,39,6,83,263.0,3.0,2,ALPE4,1,ALPE4,1,2013-07-15 11:52:36,,7,1
211888353020004,247063703010661,2012,39,6,83,263.0,4.0,1,ALPE4,1,ALPE4,6,2013-07-15 11:52:36,,7,1
211888354020004,247063703010661,2012,39,6,83,263.0,4.0,2,ALPE4,1,ALPE4,15,2013-07-15 11:52:36,,7,1
211888355020004,247063703010661,2012,39,6,83,263.0,3.0,1,LIVU,1,LIVU,1,2013-07-15 11:52:36,,7,1
211888356020004,247063703010661,2012,39,6,83,263.0,1.0,1,LOMO2,1,LOMO2,15,2013-07-15 11:52:36,,7,1
211888357020004,247063703010661,2012,39,6,83,263.0,2.0,1,LOMO2,1,LOMO2,3,2013-07-15 11:52:36,,7,1
334964325489998,171867937020004,2014,39,3,19,2633.0,4.0,1,ROPS,1,ROPS,1,2015-06-01 11:13:27,,7,3
334964918489998,171867795020004,2014,39,3,31,4050.0,4.0,1,LOJA,1,LOJA,3,2015-06-01 11:13:37,,7,3
334964919489998,171867795020004,2014,39,3,31,4050.0,1.0,1,MIVI,1,MIVI,5,2015-06-01 11:13:37,,7,3
334964920489998,171867795020004,2014,39,3,31,4050.0,2.0,1,MIVI,1,MIVI,3,2015-06-01 11:13:37,,7,3
334964921489998,171867795020004,2014,39,3,31,4050.0,3.0,1,MIVI,1,MIVI,10,2015-06-01 11:13:37,,7,3
334964922489998,171867795020004,2014,39,3,31,4050.0,4.0,1,MIVI,1,MIVI,20,2015-06-01 11:13:37,,7,3
334964923489998,171867795020004,2014,39,3,31,4050.0,1.0,1,ROMU,1,ROMU,10,2015-06-01 11:13:37,,7,3
334964924489998,171867795020004,2014,39,3,31,4050.0,2.0,1,ROMU,1,ROMU,5,2015-06-01 11:13:37,,7,3
334964925489998,171867795020004,2014,39,3,31,4050.0,3.0,1,ROMU,1,ROMU,25,2015-06-01 11:13:37,,7,3
334964926489998,171867795020004,2014,39,3,31,4050.0,4.0,1,ROMU,1,ROMU,3,2015-06-01 11:13:37,,7,3
334974897489998,171868145020004,2014,39,1,71,4274.0,1.0,1,ELUM,1,ELUM,1,2015-06-01 11:15:08,,7,3
334974898489998,171868145020004,2014,39,1,71,4274.0,3.0,2,ELUM,1,ELUM,6,2015-06-01 11:15:08,,7,3
334974899489998,171868145020004,2014,39,1,71,4274.0,4.0,1,ELUM,1,ELUM,7,2015-06-01 11:15:08,,7,3
334974900489998,171868145020004,2014,39,1,71,4274.0,3.0,2,LIVU,1,LIVU,1,2015-06-01 11:15:08,,7,3
334974901489998,171868145020004,2014,39,1,71,4274.0,4.0,1,LIVU,1,LIVU,1,2015-06-01 11:15:08,,7,3
334974902489998,171868145020004,2014,39,1,71,4274.0,2.0,1,LOJA,1,LOJA,3,2015-06-01 11:15:08,,7,3
334974903489998,171868145020004,2014,39,1,71,4274.0,3.0,2,LOJA,1,LOJA,1,2015-06-01 11:15:08,,7,3
334974904489998,171868145020004,2014,39,1,71,4274.0,4.0,1,LOJA,1,LOJA,4,2015-06-01 11:15:08,,7,3
334974905489998,171868145020004,2014,39,1,71,4274.0,1.0,1,LOMA6,1,LOMA6,8,2015-06-01 11:15:08,,7,3
334974906489998,171868145020004,2014,39,1,71,4274.0,2.0,1,LOMA6,1,LOMA6,1,2015-06-01 11:15:08,,7,3
334974907489998,171868145020004,2014,39,1,71,4274.0,3.0,2,LOMA6,1,LOMA6,2,2015-06-01 11:15:08,,7,3
334974908489998,171868145020004,2014,39,1,71,4274.0,4.0,1,LOMA6,1,LOMA6,11,2015-06-01 11:15:08,,7,3
334974909489998,171868145020004,2014,39,1,71,4274.0,1.0,1,ROMU,1,ROMU,13,2015-06-01 11:15:08,,7,3
334974910489998,171868145020004,2014,39,1,71,4274.0,2.0,1,ROMU,1,ROMU,4,2015-06-01 11:15:08,,7,3
334974911489998,171868145020004,2014,39,1,71,4274.0,3.0,2,ROMU,1,ROMU,4,2015-06-01 11:15:08,,7,3
334974912489998,171868145020004,2014,39,1,71,4274.0,4.0,1,ROMU,1,ROMU,11,2015-06-01 11:15:08,,7,3
334965366489998,171868044020004,2014,39,4,29,5665.0,2.0,2,ALPE4,1,ALPE4,2,2015-06-01 11:13:41,,7,3
334965367489998,171868044020004,2014,39,4,29,5665.0,2.0,2,LONIC,1,LONIC,2,2015-06-01 11:13:41,,7,3
334965368489998,171868044020004,2014,39,4,29,5665.0,2.0,2,ROMU,1,ROMU,5,2015-06-01 11:13:41,,7,3
334965498489998,171867451020004,2014,39,6,91,4513.0,2.0,1,ELUM,1,ELUM,1,2015-06-01 11:13:46,,7,3
334965499489998,171867451020004,2014,39,6,91,4513.0,2.0,1,LIVU,1,LIVU,1,2015-06-01 11:13:46,,7,3
334965500489998,171867451020004,2014,39,6,91,4513.0,1.0,1,LONIC,1,LONIC,18,2015-06-01 11:13:46,,7,3
334965501489998,171867451020004,2014,39,6,91,4513.0,2.0,1,LONIC,1,LONIC,11,2015-06-01 11:13:46,,7,3
334965502489998,171867451020004,2014,39,6,91,4513.0,4.0,1,LONIC,1,LONIC,35,2015-06-01 11:13:46,,7,3
334965503489998,171867451020004,2014,39,6,91,4513.0,1.0,1,ROMU,1,ROMU,4,2015-06-01 11:13:46,,7,3
334965504489998,171867451020004,2014,39,6,91,4513.0,2.0,1,ROMU,1,ROMU,2,2015-06-01 11:13:46,,7,3
334965505489998,171867451020004,2014,39,6,91,4513.0,4.0,1,ROMU,1,ROMU,1,2015-06-01 11:13:46,,7,3
334965784489998,171867601020004,2014,39,5,49,1720.0,4.0,1,ALPE4,1,ALPE4,5,2015-06-01 11:13:50,,7,3
334965785489998,171867601020004,2014,39,5,49,1720.0,1.0,1,ELUM,1,ELUM,20,2015-06-01 11:13:50,,7,3
334965786489998,171867601020004,2014,39,5,49,1720.0,2.0,1,ELUM,1,ELUM,1,2015-06-01 11:13:50,,7,3
334965787489998,171867601020004,2014,39,5,49,1720.0,4.0,1,ELUM,1,ELUM,37,2015-06-01 11:13:50,,7,3
334965788489998,171867601020004,2014,39,5,49,1720.0,2.0,1,LOMA6,1,LOMA6,90,2015-06-01 11:13:50,,7,3
334965789489998,171867601020004,2014,39,5,49,1720.0,4.0,1,LOMA6,1,LOMA6,1,2015-06-01 11:13:50,,7,3
334965790489998,171867601020004,2014,39,5,49,1720.0,4.0,1,ROMU,1,ROMU,1,2015-06-01 11:13:50,,7,3
334966069489998,171867917020004,2014,39,4,5,4827.0,1.0,1,ALPE4,1,ALPE4,2,2015-06-01 11:13:54,,7,3
334966070489998,171867917020004,2014,39,4,5,4827.0,2.0,1,ALPE4,1,ALPE4,2,2015-06-01 11:13:54,,7,3
334966071489998,171867917020004,2014,39,4,5,4827.0,3.0,1,ALPE4,1,ALPE4,2,2015-06-01 11:13:54,,7,3
334966072489998,171867917020004,2014,39,4,5,4827.0,1.0,1,MIVI,1,MIVI,2,2015-06-01 11:13:54,,7,3
334966073489998,171867917020004,2014,39,4,5,4827.0,2.0,1,MIVI,1,MIVI,2,2015-06-01 11:13:54,,7,3
334966074489998,171867917020004,2014,39,4,5,4827.0,3.0,1,MIVI,1,MIVI,2,2015-06-01 11:13:54,,7,3
334966075489998,171867917020004,2014,39,4,5,4827.0,1.0,1,ROMU,1,ROMU,5,2015-06-01 11:13:54,,7,3
334966076489998,171867917020004,2014,39,4,5,4827.0,2.0,1,ROMU,1,ROMU,3,2015-06-01 11:13:54,,7,3
334966077489998,171867917020004,2014,39,4,5,4827.0,3.0,1,ROMU,1,ROMU,3,2015-06-01 11:13:54,,7,3
334966522489998,171868088020004,2014,39,2,9,2380.0,3.0,2,BETH,1,BETH,1,2015-06-01 11:14:01,,7,3
334966523489998,171868088020004,2014,39,2,9,2380.0,4.0,2,BETH,1,BETH,3,2015-06-01 11:14:01,,7,3
334966524489998,171868088020004,2014,39,2,9,2380.0,2.0,1,LIVU,1,LIVU,5,2015-06-01 11:14:01,,7,3
334966525489998,171868088020004,2014,39,2,9,2380.0,3.0,2,LIVU,1,LIVU,2,2015-06-01 11:14:01,,7,3
334966526489998,171868088020004,2014,39,2,9,2380.0,1.0,1,LOJA,1,LOJA,15,2015-06-01 11:14:01,,7,3
334966527489998,171868088020004,2014,39,2,9,2380.0,2.0,1,LOJA,1,LOJA,25,2015-06-01 11:14:01,,7,3
334966528489998,171868088020004,2014,39,2,9,2380.0,3.0,2,LOJA,1,LOJA,5,2015-06-01 11:14:01,,7,3
334966529489998,171868088020004,2014,39,2,9,2380.0,4.0,2,LOJA,1,LOJA,5,2015-06-01 11:14:01,,7,3
334966530489998,171868088020004,2014,39,2,9,2380.0,1.0,1,LONIC,1,LONIC,25,2015-06-01 11:14:01,,7,3
334966531489998,171868088020004,2014,39,2,9,2380.0,2.0,1,LONIC,1,LONIC,15,2015-06-01 11:14:01,,7,3
334966532489998,171868088020004,2014,39,2,9,2380.0,3.0,2,LONIC,1,LONIC,8,2015-06-01 11:14:01,,7,3
334966533489998,171868088020004,2014,39,2,9,2380.0,4.0,2,LONIC,1,LONIC,5,2015-06-01 11:14:01,,7,3
334966534489998,171868088020004,2014,39,2,9,2380.0,3.0,2,LYNU,1,LYNU,1,2015-06-01 11:14:01,,7,3
225918883010661,144954633010661,2009,39,6,51,2139.0,4.0,1,ALPE4,1,ALPE4,7,2010-06-07 06:12:20,2012-02-28 07:14:46,6,3
222860335010661,76389114010538,2007,39,2,115,769.0,1.0,1,LOMO2,1,LOMO2,2,2010-03-01 11:15:12,2012-02-28 07:14:41,6,1
222860337010661,76389114010538,2007,39,2,115,769.0,1.0,1,ROMU,1,ROMU,2,2010-03-01 11:15:12,2012-02-28 07:13:17,6,1
222860332010661,76389114010538,2007,39,2,115,769.0,2.0,1,ELUM,1,ELUM,2,2010-03-01 11:15:12,2012-02-28 07:13:16,6,1
222860336010661,76389114010538,2007,39,2,115,769.0,2.0,1,LOMO2,1,LOMO2,2,2010-03-01 11:15:12,2012-02-28 07:14:41,6,1
222860338010661,76389114010538,2007,39,2,115,769.0,2.0,1,ROMU,1,ROMU,1,2010-03-01 11:15:12,2012-02-28 07:13:17,6,1
222860333010661,76389114010538,2007,39,2,115,769.0,3.0,1,ELUM,1,ELUM,3,2010-03-01 11:15:12,2012-02-28 07:13:16,6,1
222860339010661,76389114010538,2007,39,2,115,769.0,3.0,1,ROMU,1,ROMU,1,2010-03-01 11:15:12,2012-02-28 07:13:17,6,1
222860334010661,76389114010538,2007,39,2,115,769.0,4.0,1,ELUM,1,ELUM,4,2010-03-01 11:15:12,2012-02-28 07:13:17,6,1
222860340010661,76389114010538,2007,39,2,115,769.0,4.0,1,ROMU,1,ROMU,1,2010-03-01 11:15:12,2012-02-28 07:13:17,6,1
222860372010661,76389380010538,2007,39,3,157,525.0,4.0,2,ALPE4,1,ALPE4,6,2010-03-01 11:15:12,2012-02-28 07:12:50,6,1
222860373010661,76389380010538,2007,39,3,157,525.0,4.0,2,CIAR4,1,CIAR4,4,2010-03-01 11:15:12,2012-02-28 07:11:58,6,1
222860374010661,76389380010538,2007,39,3,157,525.0,4.0,2,ROMU,1,ROMU,2,2010-03-01 11:15:12,2012-02-28 07:13:17,6,1
222860375010661,76389380010538,2007,39,3,157,525.0,4.0,2,ROPS,1,ROPS,4,2010-03-01 11:15:12,2012-02-28 07:11:58,6,1
222859990010661,76388826010538,2007,39,1,1,561.0,2.0,1,ROMU,1,ROMU,1,2010-03-01 11:15:11,2012-02-29 11:15:30,6,1
222859991010661,76388826010538,2007,39,1,1,561.0,4.0,1,ROMU,1,ROMU,1,2010-03-01 11:15:11,2012-02-29 11:15:30,6,1
222859992010661,76388826010538,2007,39,1,1,561.0,4.0,1,ROPS,1,ROPS,1,2010-03-01 11:15:11,2012-02-29 11:15:30,6,1
222860376010661,76389402010538,2007,39,3,157,295.0,2.0,2,CIAR4,1,CIAR4,1,2010-03-01 11:15:12,2012-02-29 11:15:29,6,1
222860040010661,76389196010538,2007,39,3,13,869.0,2.0,1,ELUM,1,ELUM,4,2010-03-01 11:15:11,2012-02-28 07:13:13,6,1
222860046010661,76389196010538,2007,39,3,13,869.0,2.0,1,ROMU,1,ROMU,1,2010-03-01 11:15:11,2012-02-28 07:13:40,6,1
222860050010661,76389196010538,2007,39,3,13,869.0,2.0,1,ROPS,1,ROPS,3,2010-03-01 11:15:11,2012-02-28 07:14:08,6,1
222860041010661,76389196010538,2007,39,3,13,869.0,3.0,1,ELUM,1,ELUM,4,2010-03-01 11:15:11,2012-02-28 07:13:13,6,1
222860047010661,76389196010538,2007,39,3,13,869.0,3.0,1,ROMU,1,ROMU,6,2010-03-01 11:15:11,2012-02-28 07:13:40,6,1
222860051010661,76389196010538,2007,39,3,13,869.0,3.0,1,ROPS,1,ROPS,7,2010-03-01 11:15:11,2012-02-28 07:14:08,6,1
222860042010661,76389196010538,2007,39,3,13,869.0,4.0,1,ELUM,1,ELUM,6,2010-03-01 11:15:11,2012-02-28 07:13:13,6,1
222860043010661,76389196010538,2007,39,3,13,869.0,4.0,1,LOBE,1,LOBE,4,2010-03-01 11:15:11,2012-02-28 07:11:31,6,1
222860044010661,76389196010538,2007,39,3,13,869.0,4.0,1,POCU6,1,POCU6,1,2010-03-01 11:15:11,2012-02-28 07:12:19,6,1
222860048010661,76389196010538,2007,39,3,13,869.0,4.0,1,ROMU,1,ROMU,4,2010-03-01 11:15:11,2012-02-28 07:13:40,6,1
222860052010661,76389196010538,2007,39,3,13,869.0,4.0,1,ROPS,1,ROPS,7,2010-03-01 11:15:11,2012-02-28 07:14:08,6,1
222860039010661,76389196010538,2007,39,3,13,869.0,1.0,1,ELUM,1,ELUM,3,2010-03-01 11:15:11,2012-02-28 07:13:13,6,1
222860045010661,76389196010538,2007,39,3,13,869.0,1.0,1,ROMU,1,ROMU,6,2010-03-01 11:15:11,2012-02-28 07:13:40,6,1
222860049010661,76389196010538,2007,39,3,13,869.0,1.0,1,ROPS,1,ROPS,1,2010-03-01 11:15:11,2012-02-28 07:14:08,6,1
222860038010661,76389196010538,2007,39,3,13,869.0,2.0,1,AIAL,1,AIAL,2,2010-03-01 11:15:11,2012-02-28 07:13:13,6,1
222860418010661,76389164010538,2007,39,2,167,563.0,4.0,1,ALPE4,1,ALPE4,1,2010-03-01 11:15:12,2012-02-28 07:13:13,6,1
222860419010661,76389164010538,2007,39,2,167,563.0,4.0,1,LOJA,1,LOJA,2,2010-03-01 11:15:12,2012-02-28 07:13:13,6,1
222860420010661,76389164010538,2007,39,2,167,563.0,4.0,1,PATO2,1,PATO2,2,2010-03-01 11:15:12,2012-02-28 07:13:13,6,1
222859998010661,76389428010538,2007,39,4,7,287.0,1.0,1,ROMU,1,ROMU,60,2010-03-01 11:15:11,2012-02-28 07:12:19,6,1
222859999010661,76389428010538,2007,39,4,7,287.0,2.0,1,ROMU,1,ROMU,35,2010-03-01 11:15:11,2012-02-28 07:12:19,6,1
222860000010661,76389428010538,2007,39,4,7,287.0,3.0,1,ROMU,1,ROMU,50,2010-03-01 11:15:11,2012-02-28 07:12:19,6,1
222860082010661,76389470010538,2007,39,4,29,606.0,1.0,1,ALPE4,1,ALPE4,2,2010-03-01 11:15:11,2012-02-28 07:06:56,6,1
222860086010661,76389470010538,2007,39,4,29,606.0,1.0,1,CIAR4,1,CIAR4,1,2010-03-01 11:15:11,2012-02-29 11:15:29,6,1
222860087010661,76389470010538,2007,39,4,29,606.0,1.0,1,ELAN,1,ELAN,2,2010-03-01 11:15:11,2012-02-28 07:07:11,6,1
222860093010661,76389470010538,2007,39,4,29,606.0,1.0,1,ROMU,1,ROMU,3,2010-03-01 11:15:11,2012-02-28 07:07:11,6,1
222860097010661,76389470010538,2007,39,4,29,606.0,1.0,1,ROPS,1,ROPS,12,2010-03-01 11:15:11,2012-02-28 07:06:55,6,1
222860083010661,76389470010538,2007,39,4,29,606.0,2.0,2,ALPE4,1,ALPE4,10,2010-03-01 11:15:11,2012-02-28 07:06:55,6,1
222860088010661,76389470010538,2007,39,4,29,606.0,2.0,2,ELAN,1,ELAN,2,2010-03-01 11:15:11,2012-02-28 07:07:26,6,1
222860094010661,76389470010538,2007,39,4,29,606.0,2.0,2,ROMU,1,ROMU,45,2010-03-01 11:15:11,2012-02-28 07:06:26,6,1
222860084010661,76389470010538,2007,39,4,29,606.0,3.0,1,ALPE4,1,ALPE4,1,2010-03-01 11:15:11,2012-02-29 11:15:29,6,1
222860089010661,76389470010538,2007,39,4,29,606.0,3.0,1,ELAN,1,ELAN,16,2010-03-01 11:15:11,2012-02-28 07:06:55,6,1
248649184010661,168996081010661,2010,39,5,113,1116.0,3.0,1,LOMA6,1,LOMA6,24,2011-05-12 07:47:35,,6,4
248649185010661,168996081010661,2010,39,5,113,1116.0,4.0,1,LOMA6,1,LOMA6,16,2011-05-12 07:47:35,,6,4
248649186010661,168996081010661,2010,39,5,113,1116.0,1.0,1,ROMU,1,ROMU,17,2011-05-12 07:47:35,,6,4
248649187010661,168996081010661,2010,39,5,113,1116.0,2.0,1,ROMU,1,ROMU,3,2011-05-12 07:47:35,,6,4
248649188010661,168996081010661,2010,39,5,113,1116.0,3.0,1,ROMU,1,ROMU,3,2011-05-12 07:47:35,,6,4
248649189010661,168996081010661,2010,39,5,113,1116.0,4.0,1,ROMU,1,ROMU,1,2011-05-12 07:47:35,,6,4
248648982010661,168995225010661,2010,39,1,53,1722.0,3.0,1,AIAL,1,AIAL,10,2011-05-12 07:47:35,,6,4
248648983010661,168995225010661,2010,39,1,53,1722.0,1.0,1,LOJA,1,LOJA,25,2011-05-12 07:47:35,,6,4
248648984010661,168995225010661,2010,39,1,53,1722.0,2.0,1,LOJA,1,LOJA,5,2011-05-12 07:47:35,,6,4
248648985010661,168995225010661,2010,39,1,53,1722.0,3.0,1,LOJA,1,LOJA,5,2011-05-12 07:47:35,,6,4
248648986010661,168995225010661,2010,39,1,53,1722.0,4.0,1,LOJA,1,LOJA,5,2011-05-12 07:47:35,,6,4
248648987010661,168995225010661,2010,39,1,53,1722.0,1.0,1,MIVI,1,MIVI,5,2011-05-12 07:47:35,,6,4
248648988010661,168995225010661,2010,39,1,53,1722.0,1.0,1,ROMU,1,ROMU,10,2011-05-12 07:47:35,,6,4
248648989010661,168995225010661,2010,39,1,53,1722.0,2.0,1,ROMU,1,ROMU,1,2011-05-12 07:47:35,,6,4
248648990010661,168995225010661,2010,39,1,53,1722.0,3.0,1,ROMU,1,ROMU,1,2011-05-12 07:47:35,,6,4
248648991010661,168995225010661,2010,39,1,53,1722.0,4.0,1,ROMU,1,ROMU,5,2011-05-12 07:47:35,,6,4
248648992010661,168995225010661,2010,39,1,53,1722.0,1.0,1,ROPS,1,ROPS,5,2011-05-12 07:47:35,,6,4
248649212010661,168995559010661,2010,39,1,131,1166.0,4.0,2,CEOR7,1,CEOR7,1,2011-05-12 07:47:35,,6,4
248649213010661,168995559010661,2010,39,1,131,1166.0,4.0,2,ELUM,1,ELUM,1,2011-05-12 07:47:35,,6,4
248649214010661,168995559010661,2010,39,1,131,1166.0,4.0,2,LOJA,1,LOJA,12,2011-05-12 07:47:35,,6,4
248649215010661,168995559010661,2010,39,1,131,1166.0,4.0,2,ROMU,1,ROMU,2,2011-05-12 07:47:35,,6,4
248649259010661,168994999010661,2010,39,4,155,4794.0,1.0,1,FRAL4,1,FRAL4,12,2011-05-12 07:47:36,,6,4
248649260010661,168994999010661,2010,39,4,155,4794.0,2.0,1,FRAL4,1,FRAL4,4,2011-05-12 07:47:36,,6,4
248649261010661,168994999010661,2010,39,4,155,4794.0,3.0,1,FRAL4,1,FRAL4,14,2011-05-12 07:47:36,,6,4
248649262010661,168994999010661,2010,39,4,155,4794.0,4.0,1,FRAL4,1,FRAL4,4,2011-05-12 07:47:36,,6,4
248649263010661,168994999010661,2010,39,4,155,4794.0,1.0,1,LYNU,1,LYNU,2,2011-05-12 07:47:36,,6,4
248649264010661,168994999010661,2010,39,4,155,4794.0,1.0,1,ROMU,1,ROMU,1,2011-05-12 07:47:36,,6,4
248649265010661,168994999010661,2010,39,4,155,4794.0,2.0,1,ROMU,1,ROMU,11,2011-05-12 07:47:36,,6,4
248649266010661,168994999010661,2010,39,4,155,4794.0,3.0,1,ROMU,1,ROMU,5,2011-05-12 07:47:36,,6,4
248649267010661,168994999010661,2010,39,4,155,4794.0,4.0,1,ROMU,1,ROMU,5,2011-05-12 07:47:36,,6,4
248649300010661,168995389010661,2010,39,4,169,5407.0,1.0,2,ALPE4,1,ALPE4,7,2011-05-12 07:47:36,,6,4
248649301010661,168995389010661,2010,39,4,169,5407.0,3.0,2,ALPE4,1,ALPE4,10,2011-05-12 07:47:36,,6,4
248649302010661,168995389010661,2010,39,4,169,5407.0,3.0,2,LOTA,1,LOTA,7,2011-05-12 07:47:36,,6,4
248649303010661,168995389010661,2010,39,4,169,5407.0,3.0,2,LYNU,1,LYNU,1,2011-05-12 07:47:36,,6,4
248649304010661,168995389010661,2010,39,4,169,5407.0,3.0,2,PHAR3,1,PHAR3,1,2011-05-12 07:47:36,,6,4
248649305010661,168995389010661,2010,39,4,169,5407.0,3.0,2,ROMU,1,ROMU,2,2011-05-12 07:47:36,,6,4
248648851010661,168995207010661,2010,39,2,9,5362.0,1.0,1,LIVU,1,LIVU,1,2011-05-12 07:47:34,,6,4
248648852010661,168995207010661,2010,39,2,9,5362.0,2.0,1,LIVU,1,LIVU,1,2011-05-12 07:47:34,,6,4
248648853010661,168995207010661,2010,39,2,9,5362.0,1.0,1,LOJA,1,LOJA,50,2011-05-12 07:47:34,,6,4
248648854010661,168995207010661,2010,39,2,9,5362.0,2.0,1,LOJA,1,LOJA,5,2011-05-12 07:47:34,,6,4
248648855010661,168995207010661,2010,39,2,9,5362.0,3.0,1,LOJA,1,LOJA,1,2011-05-12 07:47:34,,6,4
248648856010661,168995207010661,2010,39,2,9,5362.0,1.0,1,ROMU,1,ROMU,20,2011-05-12 07:47:34,,6,4
248648857010661,168995207010661,2010,39,2,9,5362.0,2.0,1,ROMU,1,ROMU,5,2011-05-12 07:47:34,,6,4
248648858010661,168995207010661,2010,39,2,9,5362.0,3.0,1,ROMU,1,ROMU,5,2011-05-12 07:47:34,,6,4
248649158010661,168995211010661,2010,39,2,105,3349.0,2.0,1,CEOR7,1,CEOR7,5,2011-05-12 07:47:35,,6,4
248649159010661,168995211010661,2010,39,2,105,3349.0,2.0,1,ELUM,1,ELUM,5,2011-05-12 07:47:35,,6,4
248649160010661,168995211010661,2010,39,2,105,3349.0,1.0,1,LOJA,1,LOJA,40,2011-05-12 07:47:35,,6,4
248649161010661,168995211010661,2010,39,2,105,3349.0,2.0,1,LOJA,1,LOJA,20,2011-05-12 07:47:35,,6,4
248649162010661,168995211010661,2010,39,2,105,3349.0,3.0,1,LOJA,1,LOJA,10,2011-05-12 07:47:35,,6,4
248649163010661,168995211010661,2010,39,2,105,3349.0,4.0,1,LOJA,1,LOJA,15,2011-05-12 07:47:35,,6,4
248649164010661,168995211010661,2010,39,2,105,3349.0,1.0,1,ROMU,1,ROMU,25,2011-05-12 07:47:35,,6,4
248649165010661,168995211010661,2010,39,2,105,3349.0,2.0,1,ROMU,1,ROMU,5,2011-05-12 07:47:35,,6,4
248649166010661,168995211010661,2010,39,2,105,3349.0,3.0,1,ROMU,1,ROMU,25,2011-05-12 07:47:35,,6,4
248649167010661,168995211010661,2010,39,2,105,3349.0,4.0,1,ROMU,1,ROMU,20,2011-05-12 07:47:35,,6,4
248648993010661,168996369010661,2010,39,4,55,1468.0,2.0,1,MIVI,1,MIVI,5,2011-05-12 07:47:35,,6,4
248648994010661,168996369010661,2010,39,4,55,1468.0,4.0,1,ROMU,1,ROMU,1,2011-05-12 07:47:35,,6,4
31297578020004,222444407010661,2011,39,5,45,2225.0,3.0,2,ALPE4,1,ALPE4,1,2012-03-19 08:41:12,,6,5
31297579020004,222444407010661,2011,39,5,45,2225.0,4.0,2,ALPE4,1,ALPE4,60,2012-03-19 08:41:12,,6,5
31297580020004,222444407010661,2011,39,5,45,2225.0,4.0,2,LIVU,1,LIVU,1,2012-03-19 08:41:12,,6,5
31297581020004,222444407010661,2011,39,5,45,2225.0,3.0,2,ROMU,1,ROMU,1,2012-03-19 08:41:12,,6,5
31297582020004,222444407010661,2011,39,5,45,2225.0,4.0,2,ROMU,1,ROMU,2,2012-03-19 08:41:12,,6,5
31297602020004,222444415010661,2011,39,2,163,2466.0,1.0,1,LOJA,1,LOJA,1,2012-03-19 08:41:13,,6,5
31297603020004,222444415010661,2011,39,2,163,2466.0,2.0,1,LOJA,1,LOJA,2,2012-03-19 08:41:13,,6,5
31297604020004,222444415010661,2011,39,2,163,2466.0,3.0,1,LOJA,1,LOJA,10,2012-03-19 08:41:13,,6,5
31297605020004,222444415010661,2011,39,2,163,2466.0,1.0,1,ROMU,1,ROMU,2,2012-03-19 08:41:13,,6,5
31297606020004,222444415010661,2011,39,2,163,2466.0,2.0,1,ROMU,1,ROMU,1,2012-03-19 08:41:13,,6,5
31297607020004,222444415010661,2011,39,2,163,2466.0,3.0,1,ROMU,1,ROMU,1,2012-03-19 08:41:13,,6,5
31297608020004,222444415010661,2011,39,2,163,2466.0,4.0,1,ROMU,1,ROMU,1,2012-03-19 08:41:13,,6,5
31297609020004,222444415010661,2011,39,2,163,2466.0,1.0,1,ROPS,1,ROPS,1,2012-03-19 08:41:13,,6,5
31297610020004,222444415010661,2011,39,2,163,2466.0,4.0,1,ROPS,1,ROPS,1,2012-03-19 08:41:13,,6,5
31297728020004,222444471010661,2011,39,1,145,4036.0,1.0,1,ROMU,1,ROMU,1,2012-03-19 08:41:16,,6,5
31297729020004,222444471010661,2011,39,1,145,4036.0,1.0,2,ROMU,1,ROMU,1,2012-03-19 08:41:16,,6,5
31297730020004,222444471010661,2011,39,1,145,4036.0,3.0,1,ROMU,1,ROMU,1,2012-03-19 08:41:16,,6,5
31297731020004,222444471010661,2011,39,1,145,4036.0,4.0,2,ROMU,1,ROMU,1,2012-03-19 08:41:16,,6,5
31297745020004,222444477010661,2011,39,1,87,1355.0,2.0,1,BETH,1,BETH,1,2012-03-19 08:41:16,,6,5
31297746020004,222444477010661,2011,39,1,87,1355.0,2.0,1,ELUM,1,ELUM,2,2012-03-19 08:41:16,,6,5
31297747020004,222444477010661,2011,39,1,87,1355.0,4.0,1,ELUM,1,ELUM,1,2012-03-19 08:41:16,,6,5
31297748020004,222444477010661,2011,39,1,87,1355.0,1.0,1,LOJA,1,LOJA,1,2012-03-19 08:41:16,,6,5
31297749020004,222444477010661,2011,39,1,87,1355.0,2.0,1,LOJA,1,LOJA,72,2012-03-19 08:41:16,,6,5
31297750020004,222444477010661,2011,39,1,87,1355.0,3.0,2,LOJA,1,LOJA,16,2012-03-19 08:41:16,,6,5
31297751020004,222444477010661,2011,39,1,87,1355.0,4.0,1,LOJA,1,LOJA,2,2012-03-19 08:41:16,,6,5
31297752020004,222444477010661,2011,39,1,87,1355.0,1.0,1,LOMA6,1,LOMA6,1,2012-03-19 08:41:16,,6,5
31297753020004,222444477010661,2011,39,1,87,1355.0,1.0,1,MIVI,1,MIVI,8,2012-03-19 08:41:16,,6,5
31297754020004,222444477010661,2011,39,1,87,1355.0,2.0,1,MIVI,1,MIVI,8,2012-03-19 08:41:16,,6,5
31297755020004,222444477010661,2011,39,1,87,1355.0,3.0,2,MIVI,1,MIVI,12,2012-03-19 08:41:16,,6,5
31297756020004,222444477010661,2011,39,1,87,1355.0,4.0,1,MIVI,1,MIVI,1,2012-03-19 08:41:16,,6,5
31297757020004,222444477010661,2011,39,1,87,1355.0,2.0,1,ROMU,1,ROMU,2,2012-03-19 08:41:16,,6,5
31297766020004,222444481010661,2011,39,1,87,3617.0,1.0,1,AIAL,1,AIAL,35,2012-03-19 08:41:17,,6,5
31297767020004,222444481010661,2011,39,1,87,3617.0,2.0,1,AIAL,1,AIAL,30,2012-03-19 08:41:17,,6,5
31297768020004,222444481010661,2011,39,1,87,3617.0,3.0,1,AIAL,1,AIAL,15,2012-03-19 08:41:17,,6,5
31297769020004,222444481010661,2011,39,1,87,3617.0,4.0,1,AIAL,1,AIAL,15,2012-03-19 08:41:17,,6,5
31297770020004,222444481010661,2011,39,1,87,3617.0,1.0,1,LOJA,1,LOJA,5,2012-03-19 08:41:17,,6,5
31297771020004,222444481010661,2011,39,1,87,3617.0,2.0,1,LOJA,1,LOJA,15,2012-03-19 08:41:17,,6,5
31297772020004,222444481010661,2011,39,1,87,3617.0,3.0,1,LOJA,1,LOJA,5,2012-03-19 08:41:17,,6,5
31297773020004,222444481010661,2011,39,1,87,3617.0,4.0,1,LOJA,1,LOJA,5,2012-03-19 08:41:17,,6,5
248649183010661,168996081010661,2010,39,5,113,1116.0,2.0,1,LOMA6,1,LOMA6,19,2011-05-12 07:47:35,,6,4
31297774020004,222444481010661,2011,39,1,87,3617.0,2.0,1,MIVI,1,MIVI,15,2012-03-19 08:41:17,,6,5
31297775020004,222444481010661,2011,39,1,87,3617.0,2.0,1,ROMU,1,ROMU,1,2012-03-19 08:41:17,,6,5
31297776020004,222444481010661,2011,39,1,87,3617.0,3.0,1,ROMU,1,ROMU,1,2012-03-19 08:41:17,,6,5
31297777020004,222444481010661,2011,39,1,87,3617.0,4.0,1,ROMU,1,ROMU,1,2012-03-19 08:41:17,,6,5
31297826020004,222444505010661,2011,39,3,119,2977.0,2.0,1,BETH,1,BETH,5,2012-03-19 08:41:18,,6,5
31297827020004,222444505010661,2011,39,3,119,2977.0,2.0,1,LIVU,1,LIVU,4,2012-03-19 08:41:18,,6,5
31297828020004,222444505010661,2011,39,3,119,2977.0,4.0,1,LIVU,1,LIVU,3,2012-03-19 08:41:18,,6,5
31297829020004,222444505010661,2011,39,3,119,2977.0,2.0,1,LOJA,1,LOJA,10,2012-03-19 08:41:18,,6,5
31297830020004,222444505010661,2011,39,3,119,2977.0,4.0,1,LOJA,1,LOJA,1,2012-03-19 08:41:18,,6,5
31297831020004,222444505010661,2011,39,3,119,2977.0,1.0,1,LOMO2,1,LOMO2,12,2012-03-19 08:41:18,,6,5
31297832020004,222444505010661,2011,39,3,119,2977.0,2.0,1,LOMO2,1,LOMO2,6,2012-03-19 08:41:18,,6,5
31297833020004,222444505010661,2011,39,3,119,2977.0,1.0,1,ROMU,1,ROMU,25,2012-03-19 08:41:18,,6,5
31297834020004,222444505010661,2011,39,3,119,2977.0,2.0,1,ROMU,1,ROMU,45,2012-03-19 08:41:18,,6,5
31297835020004,222444505010661,2011,39,3,119,2977.0,3.0,1,ROMU,1,ROMU,20,2012-03-19 08:41:18,,6,5
31297836020004,222444505010661,2011,39,3,119,2977.0,4.0,1,ROMU,1,ROMU,27,2012-03-19 08:41:18,,6,5
31297846020004,222444509010661,2011,39,2,127,5702.0,1.0,1,ROMU,1,ROMU,7,2012-03-19 08:41:18,,6,5
31297847020004,222444509010661,2011,39,2,127,5702.0,1.0,2,ROMU,1,ROMU,3,2012-03-19 08:41:18,,6,5
31297848020004,222444509010661,2011,39,2,127,5702.0,2.0,2,ROMU,1,ROMU,15,2012-03-19 08:41:18,,6,5
31297849020004,222444509010661,2011,39,2,127,5702.0,3.0,1,ROMU,1,ROMU,5,2012-03-19 08:41:18,,6,5
31297850020004,222444509010661,2011,39,2,127,5702.0,4.0,1,ROMU,1,ROMU,1,2012-03-19 08:41:18,,6,5
31297893020004,222444529010661,2011,39,2,163,2417.0,1.0,1,ROMU,1,ROMU,1,2012-03-19 08:41:20,,6,5
31297894020004,222444529010661,2011,39,2,163,2417.0,3.0,1,ROMU,1,ROMU,4,2012-03-19 08:41:20,,6,5
31297895020004,222444529010661,2011,39,2,163,2417.0,4.0,1,ROMU,1,ROMU,1,2012-03-19 08:41:20,,6,5
31297926020004,222444543010661,2011,39,4,133,1429.0,3.0,2,ELUM,1,ELUM,4,2012-03-19 08:41:20,,6,5
31297927020004,222444543010661,2011,39,4,133,1429.0,2.0,2,FRAL4,1,FRAL4,2,2012-03-19 08:41:20,,6,5
31297928020004,222444543010661,2011,39,4,133,1429.0,3.0,2,FRAL4,1,FRAL4,1,2012-03-19 08:41:20,,6,5
31297929020004,222444543010661,2011,39,4,133,1429.0,2.0,2,PHAU7,1,PHAU7,95,2012-03-19 08:41:20,,6,5
31297979020004,222444567010661,2011,39,4,169,2495.0,1.0,1,CIAR4,1,CIAR4,1,2012-03-19 08:41:21,,6,5
31297980020004,222444567010661,2011,39,4,169,2495.0,1.0,1,ROMU,1,ROMU,7,2012-03-19 08:41:21,,6,5
31297981020004,222444567010661,2011,39,4,169,2495.0,2.0,1,ROMU,1,ROMU,25,2012-03-19 08:41:21,,6,5
31297982020004,222444567010661,2011,39,4,169,2495.0,3.0,1,ROMU,1,ROMU,3,2012-03-19 08:41:21,,6,5
31298038020004,222444591010661,2011,39,3,31,4127.0,1.0,1,ALPE4,1,ALPE4,1,2012-03-19 08:41:22,,6,5
31298039020004,222444591010661,2011,39,3,31,4127.0,2.0,1,ALPE4,1,ALPE4,1,2012-03-19 08:41:22,,6,5
31298040020004,222444591010661,2011,39,3,31,4127.0,3.0,1,ALPE4,1,ALPE4,1,2012-03-19 08:41:22,,6,5
31298041020004,222444591010661,2011,39,3,31,4127.0,4.0,1,ALPE4,1,ALPE4,2,2012-03-19 08:41:22,,6,5
31298042020004,222444591010661,2011,39,3,31,4127.0,1.0,1,BETH,1,BETH,1,2012-03-19 08:41:22,,6,5
31298043020004,222444591010661,2011,39,3,31,4127.0,1.0,1,ROMU,1,ROMU,25,2012-03-19 08:41:22,,6,5
31298044020004,222444591010661,2011,39,3,31,4127.0,2.0,1,ROMU,1,ROMU,10,2012-03-19 08:41:22,,6,5
31298045020004,222444591010661,2011,39,3,31,4127.0,3.0,1,ROMU,1,ROMU,10,2012-03-19 08:41:22,,6,5
31298046020004,222444591010661,2011,39,3,31,4127.0,4.0,1,ROMU,1,ROMU,35,2012-03-19 08:41:22,,6,5
271085204489998,16232992020004,2013,39,4,133,4407.0,1.0,1,ROMU,1,ROMU,26,2014-07-22 13:20:11,,7,2
271085205489998,16232992020004,2013,39,4,133,4407.0,2.0,1,ROMU,1,ROMU,4,2014-07-22 13:20:11,,7,2
271085206489998,16232992020004,2013,39,4,133,4407.0,3.0,1,ROMU,1,ROMU,2,2014-07-22 13:20:11,,7,2
271085207489998,16232992020004,2013,39,4,133,4407.0,4.0,1,ROMU,1,ROMU,4,2014-07-22 13:20:11,,7,2
271085541489998,16233029020004,2013,39,2,105,2981.0,1.0,1,LOJA,1,LOJA,20,2014-07-22 13:20:12,,7,2
271085542489998,16233029020004,2013,39,2,105,2981.0,3.0,1,LOJA,1,LOJA,2,2014-07-22 13:20:12,,7,2
271085543489998,16233029020004,2013,39,2,105,2981.0,1.0,1,MIVI,1,MIVI,1,2014-07-22 13:20:12,,7,2
271085544489998,16233029020004,2013,39,2,105,2981.0,2.0,1,MIVI,1,MIVI,3,2014-07-22 13:20:12,,7,2
271085545489998,16233029020004,2013,39,2,105,2981.0,3.0,1,MIVI,1,MIVI,2,2014-07-22 13:20:12,,7,2
271085546489998,16233029020004,2013,39,2,105,2981.0,1.0,1,ROMU,1,ROMU,10,2014-07-22 13:20:12,,7,2
271085547489998,16233029020004,2013,39,2,105,2981.0,2.0,1,ROMU,1,ROMU,15,2014-07-22 13:20:12,,7,2
271085548489998,16233029020004,2013,39,2,105,2981.0,3.0,1,ROMU,1,ROMU,20,2014-07-22 13:20:12,,7,2
271085549489998,16233029020004,2013,39,2,105,2981.0,4.0,1,ROMU,1,ROMU,2,2014-07-22 13:20:12,,7,2
271086394489998,16233032020004,2013,39,4,155,5061.0,2.0,1,BETH,1,BETH,1,2014-07-22 13:20:13,,7,2
271086395489998,16233032020004,2013,39,4,155,5061.0,3.0,1,FRAL4,1,FRAL4,5,2014-07-22 13:20:13,,7,2
271086396489998,16233032020004,2013,39,4,155,5061.0,2.0,1,LOMA6,1,LOMA6,1,2014-07-22 13:20:13,,7,2
271086397489998,16233032020004,2013,39,4,155,5061.0,1.0,1,ROMU,1,ROMU,2,2014-07-22 13:20:13,,7,2
271086398489998,16233032020004,2013,39,4,155,5061.0,2.0,1,ROMU,1,ROMU,3,2014-07-22 13:20:13,,7,2
271086399489998,16233032020004,2013,39,4,155,5061.0,3.0,1,ROMU,1,ROMU,12,2014-07-22 13:20:13,,7,2
271086720489998,16233051020004,2013,39,1,79,2106.0,2.0,1,ELUM,1,ELUM,1,2014-07-22 13:20:14,,7,2
271086721489998,16233051020004,2013,39,1,79,2106.0,1.0,1,LIVU,1,LIVU,3,2014-07-22 13:20:14,,7,2
271086722489998,16233051020004,2013,39,1,79,2106.0,2.0,1,LIVU,1,LIVU,2,2014-07-22 13:20:14,,7,2
271086723489998,16233051020004,2013,39,1,79,2106.0,4.0,1,LIVU,1,LIVU,1,2014-07-22 13:20:14,,7,2
271086724489998,16233051020004,2013,39,1,79,2106.0,1.0,1,LOJA,1,LOJA,25,2014-07-22 13:20:14,,7,2
271086725489998,16233051020004,2013,39,1,79,2106.0,2.0,1,LOJA,1,LOJA,30,2014-07-22 13:20:14,,7,2
271086726489998,16233051020004,2013,39,1,79,2106.0,3.0,1,LOJA,1,LOJA,1,2014-07-22 13:20:14,,7,2
271086727489998,16233051020004,2013,39,1,79,2106.0,4.0,1,LOJA,1,LOJA,10,2014-07-22 13:20:14,,7,2
271086728489998,16233051020004,2013,39,1,79,2106.0,1.0,1,ROMU,1,ROMU,60,2014-07-22 13:20:14,,7,2
271086729489998,16233051020004,2013,39,1,79,2106.0,2.0,1,ROMU,1,ROMU,50,2014-07-22 13:20:14,,7,2
271086730489998,16233051020004,2013,39,1,79,2106.0,3.0,1,ROMU,1,ROMU,5,2014-07-22 13:20:14,,7,2
271086731489998,16233051020004,2013,39,1,79,2106.0,4.0,1,ROMU,1,ROMU,35,2014-07-22 13:20:14,,7,2
271086732489998,16233051020004,2013,39,1,79,2106.0,2.0,1,ROPS,1,ROPS,4,2014-07-22 13:20:14,,7,2
271098707489998,16232407020004,2013,39,1,1,5656.0,2.0,1,ROMU,1,ROMU,1,2014-07-22 13:20:46,,7,2
271098708489998,16232407020004,2013,39,1,1,5656.0,3.0,1,ROMU,1,ROMU,1,2014-07-22 13:20:46,,7,2
271098709489998,16232407020004,2013,39,1,1,5656.0,4.0,1,ROMU,1,ROMU,1,2014-07-22 13:20:46,,7,2
271099504489998,16232740020004,2013,39,3,31,4927.0,1.0,1,ELUM,1,ELUM,1,2014-07-22 13:20:48,,7,2
334966535489998,171868088020004,2014,39,2,9,2380.0,1.0,1,ROMU,1,ROMU,15,2015-06-01 11:14:01,,7,3
334966536489998,171868088020004,2014,39,2,9,2380.0,2.0,1,ROMU,1,ROMU,10,2015-06-01 11:14:01,,7,3
334966537489998,171868088020004,2014,39,2,9,2380.0,3.0,2,ROMU,1,ROMU,8,2015-06-01 11:14:01,,7,3
334966538489998,171868088020004,2014,39,2,9,2380.0,4.0,2,ROMU,1,ROMU,5,2015-06-01 11:14:01,,7,3
334966539489998,171868088020004,2014,39,2,9,2380.0,2.0,1,ROPS,1,ROPS,35,2015-06-01 11:14:01,,7,3
334967218489998,171867407020004,2014,39,6,117,3433.0,1.0,1,ALPE4,1,ALPE4,1,2015-06-01 11:14:04,,7,3
334967219489998,171867407020004,2014,39,6,117,3433.0,2.0,1,ALPE4,1,ALPE4,3,2015-06-01 11:14:04,,7,3
334967220489998,171867407020004,2014,39,6,117,3433.0,3.0,2,ALPE4,1,ALPE4,2,2015-06-01 11:14:04,,7,3
334967221489998,171867407020004,2014,39,6,117,3433.0,1.0,1,ROMU,1,ROMU,34,2015-06-01 11:14:04,,7,3
334967222489998,171867407020004,2014,39,6,117,3433.0,2.0,1,ROMU,1,ROMU,24,2015-06-01 11:14:04,,7,3
334967223489998,171867407020004,2014,39,6,117,3433.0,3.0,2,ROMU,1,ROMU,3,2015-06-01 11:14:04,,7,3
334967224489998,171867407020004,2014,39,6,117,3433.0,4.0,2,ROMU,1,ROMU,12,2015-06-01 11:14:04,,7,3
334967678489998,171867816020004,2014,39,1,141,3077.0,2.0,1,LOJA,1,LOJA,1,2015-06-01 11:14:09,,7,3
334967679489998,171867816020004,2014,39,1,141,3077.0,2.0,1,MIVI,1,MIVI,1,2015-06-01 11:14:09,,7,3
334967680489998,171867816020004,2014,39,1,141,3077.0,1.0,1,ROMU,1,ROMU,1,2015-06-01 11:14:09,,7,3
334967681489998,171867816020004,2014,39,1,141,3077.0,2.0,1,ROMU,1,ROMU,3,2015-06-01 11:14:09,,7,3
334967682489998,171867816020004,2014,39,1,141,3077.0,3.0,1,ROMU,1,ROMU,1,2015-06-01 11:14:09,,7,3
334967683489998,171867816020004,2014,39,1,141,3077.0,4.0,1,ROMU,1,ROMU,1,2015-06-01 11:14:09,,7,3
334967684489998,171867816020004,2014,39,1,141,3077.0,1.0,1,ROPS,1,ROPS,8,2015-06-01 11:14:09,,7,3
334967685489998,171867816020004,2014,39,1,141,3077.0,4.0,1,ROPS,1,ROPS,3,2015-06-01 11:14:09,,7,3
334968407489998,171868091020004,2014,39,2,163,3872.0,4.0,1,ALPE4,1,ALPE4,1,2015-06-01 11:14:17,,7,3
334968408489998,171868091020004,2014,39,2,163,3872.0,1.0,1,LOJA,1,LOJA,1,2015-06-01 11:14:17,,7,3
334968409489998,171868091020004,2014,39,2,163,3872.0,3.0,2,LOJA,1,LOJA,2,2015-06-01 11:14:17,,7,3
334968410489998,171868091020004,2014,39,2,163,3872.0,4.0,1,LYNU,1,LYNU,1,2015-06-01 11:14:17,,7,3
334968411489998,171868091020004,2014,39,2,163,3872.0,3.0,2,ROMU,1,ROMU,1,2015-06-01 11:14:17,,7,3
334968412489998,171868091020004,2014,39,2,163,3872.0,4.0,1,ROMU,1,ROMU,5,2015-06-01 11:14:17,,7,3
334969050489998,171867303020004,2014,39,2,127,3072.0,4.0,1,ELUM,1,ELUM,5,2015-06-01 11:14:21,,7,3
334969051489998,171867303020004,2014,39,2,127,3072.0,2.0,1,LOJA,1,LOJA,3,2015-06-01 11:14:21,,7,3
334969052489998,171867303020004,2014,39,2,127,3072.0,3.0,2,LOJA,1,LOJA,3,2015-06-01 11:14:21,,7,3
334969053489998,171867303020004,2014,39,2,127,3072.0,3.0,2,LYNU,1,LYNU,15,2015-06-01 11:14:21,,7,3
334969054489998,171867303020004,2014,39,2,127,3072.0,1.0,1,MIVI,1,MIVI,2,2015-06-01 11:14:21,,7,3
334969055489998,171867303020004,2014,39,2,127,3072.0,2.0,1,MIVI,1,MIVI,3,2015-06-01 11:14:21,,7,3
334969056489998,171867303020004,2014,39,2,127,3072.0,3.0,2,MIVI,1,MIVI,5,2015-06-01 11:14:21,,7,3
334969057489998,171867303020004,2014,39,2,127,3072.0,1.0,1,ROMU,1,ROMU,5,2015-06-01 11:14:21,,7,3
334969058489998,171867303020004,2014,39,2,127,3072.0,2.0,1,ROMU,1,ROMU,6,2015-06-01 11:14:21,,7,3
334969059489998,171867303020004,2014,39,2,127,3072.0,3.0,2,ROMU,1,ROMU,15,2015-06-01 11:14:21,,7,3
334969060489998,171867303020004,2014,39,2,127,3072.0,4.0,1,ROMU,1,ROMU,2,2015-06-01 11:14:21,,7,3
334969667489998,171868097020004,2014,39,1,79,2631.0,3.0,1,ELUM,1,ELUM,1,2015-06-01 11:14:28,,7,3
334969668489998,171868097020004,2014,39,1,79,2631.0,3.0,1,LIVU,1,LIVU,1,2015-06-01 11:14:28,,7,3
334969669489998,171868097020004,2014,39,1,79,2631.0,2.0,1,LOJA,1,LOJA,1,2015-06-01 11:14:28,,7,3
334969670489998,171868097020004,2014,39,1,79,2631.0,4.0,1,LOJA,1,LOJA,25,2015-06-01 11:14:28,,7,3
334969671489998,171868097020004,2014,39,1,79,2631.0,1.0,1,ROMU,1,ROMU,1,2015-06-01 11:14:28,,7,3
334969672489998,171868097020004,2014,39,1,79,2631.0,2.0,1,ROMU,1,ROMU,1,2015-06-01 11:14:28,,7,3
334969673489998,171868097020004,2014,39,1,79,2631.0,3.0,1,ROMU,1,ROMU,1,2015-06-01 11:14:28,,7,3
334969674489998,171868097020004,2014,39,1,79,2631.0,4.0,1,ROMU,1,ROMU,5,2015-06-01 11:14:28,,7,3
334970286489998,171867622020004,2014,39,6,95,3536.0,1.0,2,ALPE4,1,ALPE4,1,2015-06-01 11:14:32,,7,3
334970287489998,171867622020004,2014,39,6,95,3536.0,3.0,2,ALPE4,1,ALPE4,1,2015-06-01 11:14:32,,7,3
334970288489998,171867622020004,2014,39,6,95,3536.0,4.0,2,ALPE4,1,ALPE4,2,2015-06-01 11:14:32,,7,3
334970289489998,171867622020004,2014,39,6,95,3536.0,1.0,1,BEVU,1,BEVU,1,2015-06-01 11:14:32,,7,3
334970290489998,171867622020004,2014,39,6,95,3536.0,1.0,2,BEVU,1,BEVU,11,2015-06-01 11:14:32,,7,3
334970291489998,171867622020004,2014,39,6,95,3536.0,4.0,2,BEVU,1,BEVU,6,2015-06-01 11:14:32,,7,3
334970292489998,171867622020004,2014,39,6,95,3536.0,4.0,2,LIVU,1,LIVU,1,2015-06-01 11:14:32,,7,3
334964324489998,171867937020004,2014,39,3,19,2633.0,4.0,1,ROMU,1,ROMU,25,2015-06-01 11:13:27,,7,3
334970293489998,171867622020004,2014,39,6,95,3536.0,4.0,2,LOMA6,1,LOMA6,1,2015-06-01 11:14:32,,7,3
334970294489998,171867622020004,2014,39,6,95,3536.0,1.0,1,RHCA3,1,RHCA3,5,2015-06-01 11:14:32,,7,3
334970295489998,171867622020004,2014,39,6,95,3536.0,1.0,2,RHCA3,1,RHCA3,8,2015-06-01 11:14:32,,7,3
334970296489998,171867622020004,2014,39,6,95,3536.0,2.0,1,RHCA3,1,RHCA3,8,2015-06-01 11:14:32,,7,3
334970297489998,171867622020004,2014,39,6,95,3536.0,3.0,2,RHCA3,1,RHCA3,18,2015-06-01 11:14:32,,7,3
334970298489998,171867622020004,2014,39,6,95,3536.0,4.0,2,RHCA3,1,RHCA3,18,2015-06-01 11:14:32,,7,3
334970299489998,171867622020004,2014,39,6,95,3536.0,1.0,2,ROMU,1,ROMU,1,2015-06-01 11:14:32,,7,3
334970300489998,171867622020004,2014,39,6,95,3536.0,3.0,2,ROMU,1,ROMU,2,2015-06-01 11:14:32,,7,3
334970301489998,171867622020004,2014,39,6,95,3536.0,4.0,2,ROMU,1,ROMU,4,2015-06-01 11:14:32,,7,3
334970608489998,171867656020004,2014,39,6,39,3798.0,2.0,2,CIVU,1,CIVU,1,2015-06-01 11:14:35,,7,3
334970609489998,171867656020004,2014,39,6,39,3798.0,2.0,2,ROMU,1,ROMU,2,2015-06-01 11:14:35,,7,3
271099505489998,16232740020004,2013,39,3,31,4927.0,2.0,1,ELUM,1,ELUM,2,2014-07-22 13:20:48,,7,2
271099506489998,16232740020004,2013,39,3,31,4927.0,1.0,1,ROMU,1,ROMU,20,2014-07-22 13:20:48,,7,2
271099507489998,16232740020004,2013,39,3,31,4927.0,2.0,1,ROMU,1,ROMU,5,2014-07-22 13:20:48,,7,2
271099508489998,16232740020004,2013,39,3,31,4927.0,3.0,1,ROMU,1,ROMU,5,2014-07-22 13:20:48,,7,2
271099509489998,16232740020004,2013,39,3,31,4927.0,4.0,1,ROMU,1,ROMU,15,2014-07-22 13:20:48,,7,2
271100092489998,16232760020004,2013,39,1,141,5316.0,1.0,1,ELUM,1,ELUM,1,2014-07-22 13:20:48,,7,2
271100093489998,16232760020004,2013,39,1,141,5316.0,2.0,1,LIVU,1,LIVU,3,2014-07-22 13:20:48,,7,2
211890514020004,247063836010661,2012,39,2,9,598.0,4.0,1,ROMU,1,ROMU,34,2013-07-15 11:52:52,,7,1
211890497020004,247063836010661,2012,39,2,9,598.0,3.0,1,CEOR7,1,CEOR7,1,2013-07-15 11:52:52,,7,1
211890498020004,247063836010661,2012,39,2,9,598.0,1.0,1,ELUM,1,ELUM,13,2013-07-15 11:52:52,,7,1
211890499020004,247063836010661,2012,39,2,9,598.0,2.0,1,ELUM,1,ELUM,13,2013-07-15 11:52:52,,7,1
211890500020004,247063836010661,2012,39,2,9,598.0,3.0,1,ELUM,1,ELUM,26,2013-07-15 11:52:52,,7,1
211890501020004,247063836010661,2012,39,2,9,598.0,4.0,1,ELUM,1,ELUM,38,2013-07-15 11:52:52,,7,1
211890675020004,247063951010661,2012,39,2,167,404.0,1.0,1,AIAL,1,AIAL,1,2013-07-15 11:52:53,,7,1
211890676020004,247063951010661,2012,39,2,167,404.0,3.0,1,ELUM,1,ELUM,1,2013-07-15 11:52:53,,7,1
211890677020004,247063951010661,2012,39,2,167,404.0,2.0,1,LOJA,1,LOJA,25,2013-07-15 11:52:53,,7,1
211890678020004,247063951010661,2012,39,2,167,404.0,3.0,1,LOJA,1,LOJA,4,2013-07-15 11:52:53,,7,1
211890679020004,247063951010661,2012,39,2,167,404.0,4.0,1,LOJA,1,LOJA,20,2013-07-15 11:52:53,,7,1
211890680020004,247063951010661,2012,39,2,167,404.0,1.0,1,LOMA6,1,LOMA6,1,2013-07-15 11:52:53,,7,1
211890681020004,247063951010661,2012,39,2,167,404.0,1.0,1,ROMU,1,ROMU,2,2013-07-15 11:52:53,,7,1
211890682020004,247063951010661,2012,39,2,167,404.0,2.0,1,ROMU,1,ROMU,2,2013-07-15 11:52:53,,7,1
211890683020004,247063951010661,2012,39,2,167,404.0,3.0,1,ROMU,1,ROMU,2,2013-07-15 11:52:53,,7,1
211890684020004,247063951010661,2012,39,2,167,404.0,4.0,1,ROMU,1,ROMU,5,2013-07-15 11:52:53,,7,1
271097462489998,16232500020004,2013,39,1,15,2715.0,4.0,2,AIAL,1,AIAL,1,2014-07-22 13:20:40,,7,2
271097463489998,16232500020004,2013,39,1,15,2715.0,4.0,2,ALPE4,1,ALPE4,1,2014-07-22 13:20:40,,7,2
271097464489998,16232500020004,2013,39,1,15,2715.0,4.0,2,LOMA6,1,LOMA6,2,2014-07-22 13:20:40,,7,2
271097465489998,16232500020004,2013,39,1,15,2715.0,4.0,2,MIVI,1,MIVI,85,2014-07-22 13:20:40,,7,2
271097466489998,16232500020004,2013,39,1,15,2715.0,4.0,2,ROMU,1,ROMU,2,2014-07-22 13:20:40,,7,2
271096884489998,16232467020004,2013,39,1,1,3708.0,4.0,1,BETH,1,BETH,1,2014-07-22 13:20:39,,7,2
271096885489998,16232467020004,2013,39,1,1,3708.0,1.0,1,LOJA,1,LOJA,1,2014-07-22 13:20:39,,7,2
271096886489998,16232467020004,2013,39,1,1,3708.0,3.0,2,LOJA,1,LOJA,1,2014-07-22 13:20:39,,7,2
271096887489998,16232467020004,2013,39,1,1,3708.0,4.0,1,LOJA,1,LOJA,2,2014-07-22 13:20:39,,7,2
271096888489998,16232467020004,2013,39,1,1,3708.0,1.0,1,ROMU,1,ROMU,1,2014-07-22 13:20:39,,7,2
271096889489998,16232467020004,2013,39,1,1,3708.0,3.0,2,ROMU,1,ROMU,1,2014-07-22 13:20:39,,7,2
271096890489998,16232467020004,2013,39,1,1,3708.0,4.0,1,ROMU,1,ROMU,8,2014-07-22 13:20:39,,7,2
271096891489998,16232467020004,2013,39,1,1,3708.0,1.0,1,ROPS,1,ROPS,2,2014-07-22 13:20:39,,7,2
271097726489998,16232814020004,2013,39,3,67,5335.0,1.0,1,ROMU,1,ROMU,2,2014-07-22 13:20:42,,7,2
271097727489998,16232814020004,2013,39,3,67,5335.0,2.0,1,ROMU,1,ROMU,5,2014-07-22 13:20:42,,7,2
271097728489998,16232814020004,2013,39,3,67,5335.0,3.0,1,ROMU,1,ROMU,25,2014-07-22 13:20:42,,7,2
271097729489998,16232814020004,2013,39,3,67,5335.0,4.0,2,ROMU,1,ROMU,50,2014-07-22 13:20:42,,7,2
271103903489998,16232912020004,2013,39,3,13,2644.0,3.0,1,ROMU,1,ROMU,1,2014-07-22 13:21:01,,7,2
271103904489998,16232912020004,2013,39,3,13,2644.0,4.0,1,ROMU,1,ROMU,2,2014-07-22 13:21:01,,7,2
271083479489998,16232378020004,2013,39,6,173,3801.0,1.0,1,RHCA3,1,RHCA3,9,2014-07-22 13:20:03,,7,2
271083480489998,16232378020004,2013,39,6,173,3801.0,3.0,1,RHCA3,1,RHCA3,67,2014-07-22 13:20:03,,7,2
271083481489998,16232378020004,2013,39,6,173,3801.0,4.0,1,RHCA3,1,RHCA3,9,2014-07-22 13:20:03,,7,2
271100094489998,16232760020004,2013,39,1,141,5316.0,1.0,1,LOJA,1,LOJA,3,2014-07-22 13:20:48,,7,2
271083482489998,16232378020004,2013,39,6,173,3801.0,1.0,1,ROMU,1,ROMU,12,2014-07-22 13:20:03,,7,2
271083483489998,16232378020004,2013,39,6,173,3801.0,3.0,1,ROMU,1,ROMU,3,2014-07-22 13:20:03,,7,2
271083484489998,16232378020004,2013,39,6,173,3801.0,4.0,1,ROMU,1,ROMU,7,2014-07-22 13:20:03,,7,2
271098185489998,16232929020004,2013,39,1,87,1103.0,3.0,2,CEOR7,1,CEOR7,1,2014-07-22 13:20:43,,7,2
271098186489998,16232929020004,2013,39,1,87,1103.0,3.0,2,LOJA,1,LOJA,30,2014-07-22 13:20:43,,7,2
271098187489998,16232929020004,2013,39,1,87,1103.0,3.0,2,MIVI,1,MIVI,5,2014-07-22 13:20:43,,7,2
271098188489998,16232929020004,2013,39,1,87,1103.0,3.0,2,ROMU,1,ROMU,1,2014-07-22 13:20:43,,7,2
271098189489998,16232929020004,2013,39,1,87,1103.0,3.0,2,ROPS,1,ROPS,10,2014-07-22 13:20:43,,7,2
271098426489998,16233019020004,2013,39,2,127,918.0,1.0,1,LOJA,1,LOJA,2,2014-07-22 13:20:44,,7,2
271098427489998,16233019020004,2013,39,2,127,918.0,2.0,1,LOJA,1,LOJA,10,2014-07-22 13:20:44,,7,2
271098428489998,16233019020004,2013,39,2,127,918.0,3.0,1,LOJA,1,LOJA,50,2014-07-22 13:20:44,,7,2
271098429489998,16233019020004,2013,39,2,127,918.0,1.0,1,LYNU,1,LYNU,2,2014-07-22 13:20:44,,7,2
271098430489998,16233019020004,2013,39,2,127,918.0,2.0,1,LYNU,1,LYNU,2,2014-07-22 13:20:44,,7,2
271098431489998,16233019020004,2013,39,2,127,918.0,3.0,1,LYNU,1,LYNU,2,2014-07-22 13:20:44,,7,2
271098432489998,16233019020004,2013,39,2,127,918.0,1.0,1,MIVI,1,MIVI,2,2014-07-22 13:20:44,,7,2
271098433489998,16233019020004,2013,39,2,127,918.0,2.0,1,MIVI,1,MIVI,2,2014-07-22 13:20:44,,7,2
271098434489998,16233019020004,2013,39,2,127,918.0,3.0,1,MIVI,1,MIVI,2,2014-07-22 13:20:44,,7,2
271098435489998,16233019020004,2013,39,2,127,918.0,1.0,1,ROMU,1,ROMU,6,2014-07-22 13:20:44,,7,2
271098436489998,16233019020004,2013,39,2,127,918.0,2.0,1,ROMU,1,ROMU,25,2014-07-22 13:20:44,,7,2
271098437489998,16233019020004,2013,39,2,127,918.0,3.0,1,ROMU,1,ROMU,25,2014-07-22 13:20:44,,7,2
271083922489998,16232820020004,2013,39,3,59,3918.0,2.0,1,BETH,1,BETH,1,2014-07-22 13:20:07,,7,2
271083923489998,16232820020004,2013,39,3,59,3918.0,2.0,1,ELUM,1,ELUM,1,2014-07-22 13:20:07,,7,2
271083924489998,16232820020004,2013,39,3,59,3918.0,1.0,1,ROMU,1,ROMU,5,2014-07-22 13:20:07,,7,2
271083925489998,16232820020004,2013,39,3,59,3918.0,2.0,1,ROMU,1,ROMU,3,2014-07-22 13:20:07,,7,2
271083926489998,16232820020004,2013,39,3,59,3918.0,3.0,1,ROMU,1,ROMU,20,2014-07-22 13:20:07,,7,2
271083927489998,16232820020004,2013,39,3,59,3918.0,4.0,1,ROMU,1,ROMU,20,2014-07-22 13:20:07,,7,2
271084704489998,16232836020004,2013,39,2,115,4845.0,3.0,1,ELUM,1,ELUM,20,2014-07-22 13:20:08,,7,2
271084705489998,16232836020004,2013,39,2,115,4845.0,1.0,1,LOMO2,1,LOMO2,1,2014-07-22 13:20:08,,7,2
271084706489998,16232836020004,2013,39,2,115,4845.0,2.0,1,LOMO2,1,LOMO2,2,2014-07-22 13:20:08,,7,2
271084707489998,16232836020004,2013,39,2,115,4845.0,3.0,1,LOMO2,1,LOMO2,1,2014-07-22 13:20:08,,7,2
271084708489998,16232836020004,2013,39,2,115,4845.0,1.0,1,PHAR3,1,PHAR3,90,2014-07-22 13:20:08,,7,2
271084709489998,16232836020004,2013,39,2,115,4845.0,2.0,1,PHAR3,1,PHAR3,90,2014-07-22 13:20:08,,7,2
271084710489998,16232836020004,2013,39,2,115,4845.0,3.0,1,PHAR3,1,PHAR3,85,2014-07-22 13:20:08,,7,2
382559666489998,171867900020004,2015,39,3,119,1245.0,3.0,2,BETH,1,BETH,2,2016-03-25 11:01:26,,7,4
225918257010661,144954335010661,2009,39,5,57,1424.0,4.0,1,LOMA6,1,LOMA6,30,2010-06-07 06:12:14,2012-02-28 07:11:38,6,3
225918261010661,144954335010661,2009,39,5,57,1424.0,4.0,1,ROMU,1,ROMU,2,2010-06-07 06:12:14,2012-02-28 07:12:03,6,3
152864940020004,144954337010661,2009,39,5,57,2961.0,2.0,1,LIVU,1,LIVU,1,2012-12-07 10:11:50,,6,3
152864941020004,144954337010661,2009,39,5,57,2961.0,3.0,1,LOJA,1,LOJA,1,2012-12-07 10:11:50,,6,3
152864942020004,144954337010661,2009,39,5,57,2961.0,2.0,1,LOJA,1,LOJA,10,2012-12-07 10:11:50,,6,3
152864943020004,144954337010661,2009,39,5,57,2961.0,1.0,1,LOJA,1,LOJA,3,2012-12-07 10:11:50,,6,3
152864944020004,144954337010661,2009,39,5,57,2961.0,4.0,1,LOMA6,1,LOMA6,1,2012-12-07 10:11:50,,6,3
152864945020004,144954337010661,2009,39,5,57,2961.0,3.0,1,LOMA6,1,LOMA6,67,2012-12-07 10:11:50,,6,3
152864946020004,144954337010661,2009,39,5,57,2961.0,2.0,1,LOMA6,1,LOMA6,50,2012-12-07 10:11:50,,6,3
152864947020004,144954337010661,2009,39,5,57,2961.0,1.0,1,LOMA6,1,LOMA6,30,2012-12-07 10:11:50,,6,3
152864948020004,144954337010661,2009,39,5,57,2961.0,2.0,1,MIVI,1,MIVI,1,2012-12-07 10:11:50,,6,3
152864949020004,144954337010661,2009,39,5,57,2961.0,4.0,1,ROMU,1,ROMU,1,2012-12-07 10:11:50,,6,3
152864953020004,144954337010661,2009,39,5,57,2961.0,3.0,1,ELAN,1,ELAN,13,2012-12-07 10:11:50,,6,3
152864954020004,144954337010661,2009,39,5,57,2961.0,2.0,1,ELAN,1,ELAN,47,2012-12-07 10:11:50,,6,3
152864955020004,144954337010661,2009,39,5,57,2961.0,1.0,1,ELAN,1,ELAN,25,2012-12-07 10:11:50,,6,3
152864956020004,144954337010661,2009,39,5,57,2961.0,3.0,1,ALPE4,1,ALPE4,1,2012-12-07 10:11:50,,6,3
152864957020004,144954337010661,2009,39,5,57,2961.0,2.0,1,ALPE4,1,ALPE4,1,2012-12-07 10:11:50,,6,3
152864958020004,144954337010661,2009,39,5,57,2961.0,2.0,1,BETH,1,BETH,2,2012-12-07 10:11:50,,6,3
152864959020004,144954337010661,2009,39,5,57,2961.0,4.0,1,CEOR,1,CEOR7,1,2012-12-07 10:11:50,,6,3
152864960020004,144954337010661,2009,39,5,57,2961.0,3.0,1,CEOR,1,CEOR7,15,2012-12-07 10:11:50,,6,3
152864961020004,144954337010661,2009,39,5,57,2961.0,2.0,1,CEOR,1,CEOR7,60,2012-12-07 10:11:50,,6,3
152864962020004,144954337010661,2009,39,5,57,2961.0,1.0,1,CEOR,1,CEOR7,1,2012-12-07 10:11:50,,6,3
152864950020004,144954337010661,2009,39,5,57,2961.0,3.0,1,ROMU,1,ROMU,21,2012-12-07 10:11:50,,6,3
152864951020004,144954337010661,2009,39,5,57,2961.0,2.0,1,ROMU,1,ROMU,17,2012-12-07 10:11:50,,6,3
152864952020004,144954337010661,2009,39,5,57,2961.0,1.0,1,ROMU,1,ROMU,3,2012-12-07 10:11:50,,6,3
152865023020004,144954161010661,2009,39,1,15,3247.0,4.0,1,ALPE4,1,ALPE4,1,2012-12-07 10:11:50,,6,3
152865024020004,144954161010661,2009,39,1,15,3247.0,3.0,1,ALPE4,1,ALPE4,7,2012-12-07 10:11:50,,6,3
152865025020004,144954161010661,2009,39,1,15,3247.0,2.0,1,ALPE4,1,ALPE4,1,2012-12-07 10:11:50,,6,3
152865026020004,144954161010661,2009,39,1,15,3247.0,1.0,1,ALPE4,1,ALPE4,1,2012-12-07 10:11:50,,6,3
152865027020004,144954161010661,2009,39,1,15,3247.0,1.0,1,LOJA,1,LOJA,1,2012-12-07 10:11:50,,6,3
152865028020004,144954161010661,2009,39,1,15,3247.0,4.0,1,LOMA6,1,LOMA6,1,2012-12-07 10:11:50,,6,3
152865029020004,144954161010661,2009,39,1,15,3247.0,3.0,1,LOMA6,1,LOMA6,1,2012-12-07 10:11:50,,6,3
152865030020004,144954161010661,2009,39,1,15,3247.0,2.0,1,LOMA6,1,LOMA6,1,2012-12-07 10:11:50,,6,3
152865031020004,144954161010661,2009,39,1,15,3247.0,1.0,1,LOMA6,1,LOMA6,1,2012-12-07 10:11:50,,6,3
152865032020004,144954161010661,2009,39,1,15,3247.0,4.0,1,ROMU,1,ROMU,1,2012-12-07 10:11:50,,6,3
152864898020004,144953627010661,2009,39,3,157,3047.0,4.0,1,ROMU,1,ROMU,5,2012-12-07 10:11:50,,6,3
152864899020004,144953627010661,2009,39,3,157,3047.0,3.0,1,ROMU,1,ROMU,2,2012-12-07 10:11:50,,6,3
152864900020004,144953627010661,2009,39,3,157,3047.0,2.0,1,ROMU,1,ROMU,1,2012-12-07 10:11:50,,6,3
152864901020004,144953627010661,2009,39,3,157,3047.0,1.0,1,ROMU,1,ROMU,6,2012-12-07 10:11:50,,6,3
152864902020004,144953627010661,2009,39,3,157,3047.0,4.0,1,ALPE4,1,ALPE4,1,2012-12-07 10:11:50,,6,3
152864903020004,144953627010661,2009,39,3,157,3047.0,3.0,1,ALPE4,1,ALPE4,1,2012-12-07 10:11:50,,6,3
152864904020004,144953627010661,2009,39,3,157,3047.0,2.0,1,ALPE4,1,ALPE4,1,2012-12-07 10:11:50,,6,3
152864905020004,144953627010661,2009,39,3,157,3047.0,1.0,1,ALPE4,1,ALPE4,1,2012-12-07 10:11:50,,6,3
225917670010661,144954871010661,2009,39,4,139,4592.0,4.0,1,ROMU,1,ROMU,8,2010-06-07 06:12:05,2012-02-28 07:14:00,6,3
225917668010661,144954871010661,2009,39,4,139,4592.0,1.0,1,ROMU,1,ROMU,6,2010-06-07 06:12:05,2012-02-28 07:14:00,6,3
225917667010661,144954871010661,2009,39,4,139,4592.0,3.0,1,MIVI,1,MIVI,8,2010-06-07 06:12:05,2012-02-28 07:13:06,6,3
225917669010661,144954871010661,2009,39,4,139,4592.0,3.0,1,ROMU,1,ROMU,35,2010-06-07 06:12:05,2012-02-28 07:14:00,6,3
225917796010661,144954921010661,2009,39,4,155,4011.0,1.0,1,ROMU,1,ROMU,10,2010-06-07 06:12:08,2012-02-28 07:13:34,6,3
225917797010661,144954921010661,2009,39,4,155,4011.0,2.0,1,ROMU,1,ROMU,3,2010-06-07 06:12:08,2012-02-28 07:13:34,6,3
225917798010661,144954921010661,2009,39,4,155,4011.0,3.0,1,ROMU,1,ROMU,1,2010-06-07 06:12:08,2012-02-28 07:13:34,6,3
225917799010661,144954921010661,2009,39,4,155,4011.0,4.0,1,ROMU,1,ROMU,1,2010-06-07 06:12:08,2012-02-28 07:13:34,6,3
152864963020004,144954347010661,2009,39,5,165,2505.0,4.0,1,ALPE4,1,ALPE4,3,2012-12-07 10:11:50,,6,3
152864964020004,144954347010661,2009,39,5,165,2505.0,3.0,1,ALPE4,1,ALPE4,22,2012-12-07 10:11:50,,6,3
152864965020004,144954347010661,2009,39,5,165,2505.0,2.0,1,ALPE4,1,ALPE4,45,2012-12-07 10:11:50,,6,3
152864966020004,144954347010661,2009,39,5,165,2505.0,1.0,1,ALPE4,1,ALPE4,50,2012-12-07 10:11:50,,6,3
152864967020004,144954347010661,2009,39,5,165,2505.0,4.0,1,ELAN,1,ELAN,2,2012-12-07 10:11:50,,6,3
152864968020004,144954347010661,2009,39,5,165,2505.0,3.0,1,LIVU,1,LIVU,1,2012-12-07 10:11:50,,6,3
152864969020004,144954347010661,2009,39,5,165,2505.0,4.0,1,LOJA,1,LOJA,1,2012-12-07 10:11:50,,6,3
152864970020004,144954347010661,2009,39,5,165,2505.0,2.0,1,LOJA,1,LOJA,3,2012-12-07 10:11:50,,6,3
152864971020004,144954347010661,2009,39,5,165,2505.0,1.0,1,LOJA,1,LOJA,1,2012-12-07 10:11:50,,6,3
152864972020004,144954347010661,2009,39,5,165,2505.0,4.0,1,LOMA6,1,LOMA6,7,2012-12-07 10:11:50,,6,3
152864973020004,144954347010661,2009,39,5,165,2505.0,3.0,1,LOMA6,1,LOMA6,13,2012-12-07 10:11:50,,6,3
152864974020004,144954347010661,2009,39,5,165,2505.0,2.0,1,LOMA6,1,LOMA6,30,2012-12-07 10:11:50,,6,3
152864975020004,144954347010661,2009,39,5,165,2505.0,1.0,1,LOMA6,1,LOMA6,16,2012-12-07 10:11:50,,6,3
152864976020004,144954347010661,2009,39,5,165,2505.0,3.0,1,LYNU,1,LYNU,1,2012-12-07 10:11:50,,6,3
152864977020004,144954347010661,2009,39,5,165,2505.0,2.0,1,LYNU,1,LYNU,1,2012-12-07 10:11:50,,6,3
152864978020004,144954347010661,2009,39,5,165,2505.0,4.0,1,MIVI,1,MIVI,1,2012-12-07 10:11:50,,6,3
152864979020004,144954347010661,2009,39,5,165,2505.0,3.0,1,MIVI,1,MIVI,2,2012-12-07 10:11:50,,6,3
152864980020004,144954347010661,2009,39,5,165,2505.0,3.0,1,ROMU,1,ROMU,1,2012-12-07 10:11:50,,6,3
225918254010661,144954335010661,2009,39,5,57,1424.0,4.0,1,ALPE4,1,ALPE4,25,2010-06-07 06:12:14,2012-02-28 07:13:22,6,3
248649110010661,168995107010661,2010,39,4,85,4436.0,1.0,1,ROMU,1,ROMU,2,2011-05-12 07:47:35,,6,4
248649111010661,168995107010661,2010,39,4,85,4436.0,3.0,1,ROMU,1,ROMU,10,2011-05-12 07:47:35,,6,4
248648996010661,168995163010661,2010,39,3,59,2535.0,1.0,2,ROMU,1,ROMU,7,2011-05-12 07:47:35,,6,4
248648997010661,168995163010661,2010,39,3,59,2535.0,2.0,2,ROMU,1,ROMU,13,2011-05-12 07:47:35,,6,4
248648995010661,168995163010661,2010,39,3,59,2535.0,2.0,2,LOMO2,1,LOMO2,1,2011-05-12 07:47:35,,6,4
248649241010661,168995663010661,2010,39,1,141,1837.0,2.0,1,CEOR7,1,CEOR7,1,2011-05-12 07:47:35,,6,4
248649242010661,168995663010661,2010,39,1,141,1837.0,1.0,1,ROMU,1,ROMU,1,2011-05-12 07:47:36,,6,4
248649243010661,168995663010661,2010,39,1,141,1837.0,3.0,1,ROMU,1,ROMU,1,2011-05-12 07:47:36,,6,4
248649227010661,168995667010661,2010,39,1,141,4924.0,3.0,1,AIAL,1,AIAL,14,2011-05-12 07:47:35,,6,4
248649228010661,168995667010661,2010,39,1,141,4924.0,2.0,1,LOMA6,1,LOMA6,2,2011-05-12 07:47:35,,6,4
248649229010661,168995667010661,2010,39,1,141,4924.0,4.0,1,LOMA6,1,LOMA6,3,2011-05-12 07:47:35,,6,4
248649230010661,168995667010661,2010,39,1,141,4924.0,3.0,1,MIVI,1,MIVI,1,2011-05-12 07:47:35,,6,4
248649231010661,168995667010661,2010,39,1,141,4924.0,4.0,1,MIVI,1,MIVI,9,2011-05-12 07:47:35,,6,4
248649232010661,168995667010661,2010,39,1,141,4924.0,2.0,1,ROMU,1,ROMU,1,2011-05-12 07:47:35,,6,4
248649233010661,168995667010661,2010,39,1,141,4924.0,4.0,1,ROMU,1,ROMU,2,2011-05-12 07:47:35,,6,4
248648950010661,168995369010661,2010,39,4,35,3577.0,1.0,1,ALPE4,1,ALPE4,15,2011-05-12 07:47:35,,6,4
248648951010661,168995369010661,2010,39,4,35,3577.0,4.0,1,ALPE4,1,ALPE4,10,2011-05-12 07:47:35,,6,4
248648952010661,168995369010661,2010,39,4,35,3577.0,3.0,1,LOMA6,1,LOMA6,3,2011-05-12 07:47:35,,6,4
248648953010661,168995369010661,2010,39,4,35,3577.0,4.0,1,LOMA6,1,LOMA6,3,2011-05-12 07:47:35,,6,4
248648954010661,168995369010661,2010,39,4,35,3577.0,1.0,1,ROMU,1,ROMU,1,2011-05-12 07:47:35,,6,4
271084712489998,16232836020004,2013,39,2,115,4845.0,1.0,1,ROPS,1,ROPS,30,2014-07-22 13:20:08,,7,2
271084713489998,16232836020004,2013,39,2,115,4845.0,2.0,1,ROPS,1,ROPS,65,2014-07-22 13:20:08,,7,2
271084714489998,16232836020004,2013,39,2,115,4845.0,3.0,1,ROPS,1,ROPS,70,2014-07-22 13:20:08,,7,2
271084715489998,16232836020004,2013,39,2,115,4845.0,4.0,1,ROPS,1,ROPS,50,2014-07-22 13:20:08,,7,2
271085002489998,16232949020004,2013,39,2,167,2329.0,2.0,2,CEOR7,1,CEOR7,1,2014-07-22 13:20:10,,7,2
271085003489998,16232949020004,2013,39,2,167,2329.0,2.0,2,ROMU,1,ROMU,2,2014-07-22 13:20:10,,7,2
271085203489998,16232992020004,2013,39,4,133,4407.0,2.0,1,LIVU,1,LIVU,1,2014-07-22 13:20:11,,7,2
271100095489998,16232760020004,2013,39,1,141,5316.0,2.0,1,LOJA,1,LOJA,12,2014-07-22 13:20:48,,7,2
271100096489998,16232760020004,2013,39,1,141,5316.0,3.0,1,LOJA,1,LOJA,1,2014-07-22 13:20:48,,7,2
271100097489998,16232760020004,2013,39,1,141,5316.0,4.0,1,LOJA,1,LOJA,8,2014-07-22 13:20:48,,7,2
271100098489998,16232760020004,2013,39,1,141,5316.0,1.0,1,LOMA6,1,LOMA6,5,2014-07-22 13:20:48,,7,2
271100099489998,16232760020004,2013,39,1,141,5316.0,2.0,1,LOMA6,1,LOMA6,38,2014-07-22 13:20:48,,7,2
271100100489998,16232760020004,2013,39,1,141,5316.0,3.0,1,LOMA6,1,LOMA6,3,2014-07-22 13:20:48,,7,2
271100101489998,16232760020004,2013,39,1,141,5316.0,4.0,1,LOMA6,1,LOMA6,4,2014-07-22 13:20:48,,7,2
271100102489998,16232760020004,2013,39,1,141,5316.0,1.0,1,ROMU,1,ROMU,4,2014-07-22 13:20:49,,7,2
271100103489998,16232760020004,2013,39,1,141,5316.0,2.0,1,ROMU,1,ROMU,11,2014-07-22 13:20:49,,7,2
225919026010661,144953779010661,2009,39,5,45,3219.0,3.0,1,LOJA,1,LOJA,1,2010-06-07 06:12:23,2012-02-28 07:11:49,6,3
225919027010661,144953779010661,2009,39,5,45,3219.0,3.0,1,LOMA6,1,LOMA6,1,2010-06-07 06:12:23,2012-02-28 07:14:30,6,3
225919032010661,144953779010661,2009,39,5,45,3219.0,3.0,1,ROMU,1,ROMU,2,2010-06-07 06:12:23,2012-02-28 07:14:30,6,3
225919033010661,144953779010661,2009,39,5,45,3219.0,4.0,1,ROMU,1,ROMU,1,2010-06-07 06:12:23,2012-02-28 07:14:30,6,3
225919241010661,144953869010661,2009,39,5,89,1491.0,1.0,1,BETH,1,BETH,5,2010-06-07 06:12:27,2012-02-28 07:13:33,6,3
225919243010661,144953869010661,2009,39,5,89,1491.0,1.0,1,CEOR7,1,CEOR7,5,2010-06-07 06:12:27,2012-02-28 07:13:07,6,3
225919245010661,144953869010661,2009,39,5,89,1491.0,1.0,1,ELUM,1,ELUM,2,2010-06-07 06:12:27,2012-02-28 07:15:01,6,3
225919247010661,144953869010661,2009,39,5,89,1491.0,1.0,1,LOMA6,1,LOMA6,7,2010-06-07 06:12:27,2012-02-28 07:13:34,6,3
225919251010661,144953869010661,2009,39,5,89,1491.0,1.0,1,ROMU,1,ROMU,20,2010-06-07 06:12:27,2012-02-28 07:13:34,6,3
225919255010661,144953869010661,2009,39,5,89,1491.0,1.0,1,ROPS,1,ROPS,10,2010-06-07 06:12:27,2012-02-28 07:15:02,6,3
225919248010661,144953869010661,2009,39,5,89,1491.0,2.0,1,LOMA6,1,LOMA6,5,2010-06-07 06:12:27,2012-02-28 07:13:34,6,3
225919252010661,144953869010661,2009,39,5,89,1491.0,2.0,1,ROMU,1,ROMU,30,2010-06-07 06:12:27,2012-02-28 07:13:34,6,3
225919242010661,144953869010661,2009,39,5,89,1491.0,3.0,1,BETH,1,BETH,5,2010-06-07 06:12:27,2012-02-28 07:13:33,6,3
225919244010661,144953869010661,2009,39,5,89,1491.0,3.0,1,CEOR7,1,CEOR7,3,2010-06-07 06:12:27,2012-02-28 07:13:07,6,3
225919246010661,144953869010661,2009,39,5,89,1491.0,3.0,1,ELUM,1,ELUM,3,2010-06-07 06:12:27,2012-02-28 07:15:01,6,3
225919249010661,144953869010661,2009,39,5,89,1491.0,3.0,1,LOMA6,1,LOMA6,1,2010-06-07 06:12:27,2012-02-28 07:13:34,6,3
225919253010661,144953869010661,2009,39,5,89,1491.0,3.0,1,ROMU,1,ROMU,10,2010-06-07 06:12:27,2012-02-28 07:13:34,6,3
225919250010661,144953869010661,2009,39,5,89,1491.0,4.0,1,LOMA6,1,LOMA6,1,2010-06-07 06:12:27,2012-02-28 07:13:34,6,3
225919254010661,144953869010661,2009,39,5,89,1491.0,4.0,1,ROMU,1,ROMU,10,2010-06-07 06:12:27,2012-02-28 07:13:34,6,3
152864826020004,144954561010661,2009,39,5,135,1422.0,4.0,1,ALPE4,1,ALPE4,1,2012-12-07 10:11:49,,6,3
152864827020004,144954561010661,2009,39,5,135,1422.0,3.0,1,ALPE4,1,ALPE4,1,2012-12-07 10:11:49,,6,3
152864828020004,144954561010661,2009,39,5,135,1422.0,2.0,1,ALPE4,1,ALPE4,2,2012-12-07 10:11:49,,6,3
152864829020004,144954561010661,2009,39,5,135,1422.0,1.0,1,ALPE4,1,ALPE4,1,2012-12-07 10:11:49,,6,3
152864830020004,144954561010661,2009,39,5,135,1422.0,4.0,1,LOMA6,1,LOMA6,21,2012-12-07 10:11:49,,6,3
152864831020004,144954561010661,2009,39,5,135,1422.0,3.0,1,LOMA6,1,LOMA6,40,2012-12-07 10:11:49,,6,3
152864832020004,144954561010661,2009,39,5,135,1422.0,2.0,1,LOMA6,1,LOMA6,10,2012-12-07 10:11:49,,6,3
152864833020004,144954561010661,2009,39,5,135,1422.0,1.0,1,LOMA6,1,LOMA6,35,2012-12-07 10:11:49,,6,3
152864834020004,144954561010661,2009,39,5,135,1422.0,4.0,1,MIVI,1,MIVI,1,2012-12-07 10:11:49,,6,3
152864835020004,144954561010661,2009,39,5,135,1422.0,3.0,1,MIVI,1,MIVI,1,2012-12-07 10:11:49,,6,3
152864836020004,144954561010661,2009,39,5,135,1422.0,2.0,1,MIVI,1,MIVI,1,2012-12-07 10:11:49,,6,3
152864837020004,144954561010661,2009,39,5,135,1422.0,1.0,1,MIVI,1,MIVI,3,2012-12-07 10:11:49,,6,3
152864838020004,144954561010661,2009,39,5,135,1422.0,4.0,1,ROMU,1,ROMU,3,2012-12-07 10:11:49,,6,3
152864839020004,144954561010661,2009,39,5,135,1422.0,3.0,1,ROMU,1,ROMU,13,2012-12-07 10:11:49,,6,3
152864840020004,144954561010661,2009,39,5,135,1422.0,2.0,1,ROMU,1,ROMU,5,2012-12-07 10:11:49,,6,3
152864841020004,144954561010661,2009,39,5,135,1422.0,1.0,1,ROMU,1,ROMU,23,2012-12-07 10:11:49,,6,3
152864842020004,144954561010661,2009,39,5,135,1422.0,4.0,1,ROPS,1,ROPS,20,2012-12-07 10:11:49,,6,3
152864843020004,144954561010661,2009,39,5,135,1422.0,3.0,1,ROPS,1,ROPS,72,2012-12-07 10:11:49,,6,3
152864844020004,144954561010661,2009,39,5,135,1422.0,2.0,1,ROPS,1,ROPS,16,2012-12-07 10:11:49,,6,3
152864845020004,144954561010661,2009,39,5,135,1422.0,1.0,1,ROPS,1,ROPS,82,2012-12-07 10:11:49,,6,3
248649088010661,168994887010661,2010,39,3,81,2221.0,2.0,2,ROPS,1,ROPS,1,2011-05-12 07:47:35,,6,4
248649089010661,168994887010661,2010,39,3,81,2221.0,4.0,2,ROPS,1,ROPS,1,2011-05-12 07:47:35,,6,4
248649077010661,168994889010661,2010,39,3,81,5147.0,3.0,1,ALPE4,1,ALPE4,2,2011-05-12 07:47:35,,6,4
248649078010661,168994889010661,2010,39,3,81,5147.0,1.0,1,BETH,1,BETH,7,2011-05-12 07:47:35,,6,4
248649079010661,168994889010661,2010,39,3,81,5147.0,2.0,1,BETH,1,BETH,7,2011-05-12 07:47:35,,6,4
248649080010661,168994889010661,2010,39,3,81,5147.0,3.0,1,BETH,1,BETH,4,2011-05-12 07:47:35,,6,4
248649081010661,168994889010661,2010,39,3,81,5147.0,4.0,1,BETH,1,BETH,1,2011-05-12 07:47:35,,6,4
248649082010661,168994889010661,2010,39,3,81,5147.0,4.0,1,ELAN,1,ELAN,1,2011-05-12 07:47:35,,6,4
248649083010661,168994889010661,2010,39,3,81,5147.0,3.0,1,MIVI,1,MIVI,17,2011-05-12 07:47:35,,6,4
248649084010661,168994889010661,2010,39,3,81,5147.0,1.0,1,ROMU,1,ROMU,68,2011-05-12 07:47:35,,6,4
248649085010661,168994889010661,2010,39,3,81,5147.0,2.0,1,ROMU,1,ROMU,12,2011-05-12 07:47:35,,6,4
248649086010661,168994889010661,2010,39,3,81,5147.0,3.0,1,ROMU,1,ROMU,37,2011-05-12 07:47:35,,6,4
248649087010661,168994889010661,2010,39,3,81,5147.0,4.0,1,ROMU,1,ROMU,65,2011-05-12 07:47:35,,6,4
271084711489998,16232836020004,2013,39,2,115,4845.0,4.0,1,PHAR3,1,PHAR3,90,2014-07-22 13:20:08,,7,2
152864557020004,144954467010661,2009,39,6,95,3536.0,1.0,1,ELAN,1,ELAN,1,2012-12-07 10:11:47,,6,3
152864558020004,144954467010661,2009,39,6,95,3536.0,4.0,2,FRAL4,1,FRAL4,40,2012-12-07 10:11:47,,6,3
152864559020004,144954467010661,2009,39,6,95,3536.0,3.0,2,FRAL4,1,FRAL4,20,2012-12-07 10:11:48,,6,3
152864560020004,144954467010661,2009,39,6,95,3536.0,2.0,1,FRAL4,1,FRAL4,22,2012-12-07 10:11:48,,6,3
152864561020004,144954467010661,2009,39,6,95,3536.0,1.0,2,FRAL4,1,FRAL4,4,2012-12-07 10:11:48,,6,3
152864562020004,144954467010661,2009,39,6,95,3536.0,1.0,1,FRAL4,1,FRAL4,6,2012-12-07 10:11:48,,6,3
152864563020004,144954467010661,2009,39,6,95,3536.0,4.0,2,LIVU,1,LIVU,2,2012-12-07 10:11:48,,6,3
152864564020004,144954467010661,2009,39,6,95,3536.0,4.0,2,MIVI,1,MIVI,1,2012-12-07 10:11:48,,6,3
152864565020004,144954467010661,2009,39,6,95,3536.0,4.0,2,ROMU,1,ROMU,3,2012-12-07 10:11:48,,6,3
152864566020004,144954467010661,2009,39,6,95,3536.0,3.0,2,ROMU,1,ROMU,1,2012-12-07 10:11:48,,6,3
152864567020004,144954467010661,2009,39,6,95,3536.0,1.0,2,ROMU,1,ROMU,1,2012-12-07 10:11:48,,6,3
152864568020004,144954467010661,2009,39,6,95,3536.0,1.0,1,ROMU,1,ROMU,1,2012-12-07 10:11:48,,6,3
152864569020004,144954467010661,2009,39,6,95,3536.0,4.0,2,VIOP,1,VIOP,1,2012-12-07 10:11:48,,6,3
225918880010661,144954633010661,2009,39,6,51,2139.0,1.0,1,ALPE4,1,ALPE4,6,2010-06-07 06:12:20,2012-02-28 07:14:46,6,3
225918884010661,144954633010661,2009,39,6,51,2139.0,1.0,1,LOMA6,1,LOMA6,15,2010-06-07 06:12:20,2012-02-28 07:12:26,6,3
225918888010661,144954633010661,2009,39,6,51,2139.0,1.0,1,PHAR3,1,PHAR3,9,2010-06-07 06:12:20,2012-02-28 07:12:27,6,3
225918889010661,144954633010661,2009,39,6,51,2139.0,1.0,1,ROMU,1,ROMU,7,2010-06-07 06:12:20,2012-02-28 07:13:49,6,3
225918881010661,144954633010661,2009,39,6,51,2139.0,2.0,1,ALPE4,1,ALPE4,15,2010-06-07 06:12:20,2012-02-28 07:14:46,6,3
225918885010661,144954633010661,2009,39,6,51,2139.0,2.0,1,LOMA6,1,LOMA6,55,2010-06-07 06:12:20,2012-02-28 07:12:26,6,3
225918890010661,144954633010661,2009,39,6,51,2139.0,2.0,1,ROMU,1,ROMU,2,2010-06-07 06:12:20,2012-02-28 07:13:49,6,3
225918882010661,144954633010661,2009,39,6,51,2139.0,3.0,1,ALPE4,1,ALPE4,4,2010-06-07 06:12:20,2012-02-28 07:14:46,6,3
225918886010661,144954633010661,2009,39,6,51,2139.0,3.0,1,LOMA6,1,LOMA6,92,2010-06-07 06:12:20,2012-02-28 07:12:26,6,3
225918891010661,144954633010661,2009,39,6,51,2139.0,3.0,1,ROMU,1,ROMU,1,2010-06-07 06:12:20,2012-02-28 07:13:49,6,3
225918893010661,144954633010661,2009,39,6,51,2139.0,3.0,1,VIOP,1,VIOP,6,2010-06-07 06:12:20,2012-02-28 07:13:49,6,3
222859832010661,109828417010661,2008,39,1,131,2188.0,3.0,1,AIAL,1,AIAL,1,2010-03-01 11:15:02,2012-02-29 11:15:32,6,2
222860318010661,76389318010538,2007,39,3,111,537.0,4.0,1,ELAN,1,ELAN,1,2010-03-01 11:15:12,2012-02-29 11:15:29,6,1
222860322010661,76389318010538,2007,39,3,111,537.0,4.0,1,LIVU,1,LIVU,1,2010-03-01 11:15:12,2012-02-29 11:15:29,6,1
222860315010661,76389318010538,2007,39,3,111,537.0,1.0,1,ELAN,1,ELAN,1,2010-03-01 11:15:12,2012-02-29 11:15:33,6,1
222860319010661,76389318010538,2007,39,3,111,537.0,1.0,1,LIVU,1,LIVU,1,2010-03-01 11:15:12,2012-02-29 11:15:30,6,1
222860323010661,76389318010538,2007,39,3,111,537.0,1.0,1,LOJA,1,LOJA,3,2010-03-01 11:15:12,2012-02-28 07:05:45,6,1
222860327010661,76389318010538,2007,39,3,111,537.0,1.0,1,ROMU,1,ROMU,1,2010-03-01 11:15:12,2012-02-29 11:15:30,6,1
222860316010661,76389318010538,2007,39,3,111,537.0,2.0,3,ELAN,1,ELAN,1,2010-03-01 11:15:12,2012-02-28 07:05:45,6,1
222860320010661,76389318010538,2007,39,3,111,537.0,2.0,3,LIVU,1,LIVU,1,2010-03-01 11:15:12,2012-02-28 07:05:45,6,1
222860324010661,76389318010538,2007,39,3,111,537.0,2.0,3,LOJA,1,LOJA,1,2010-03-01 11:15:12,2012-02-28 07:07:10,6,1
222860328010661,76389318010538,2007,39,3,111,537.0,2.0,3,ROMU,1,ROMU,1,2010-03-01 11:15:12,2012-02-28 07:05:45,6,1
234803252010661,76389318010538,2007,39,3,111,537.0,2.0,1,ELAN,1,ELAN,1,2010-03-01 11:15:12,2012-02-28 07:05:45,6,1
234803253010661,76389318010538,2007,39,3,111,537.0,2.0,1,LIVU,1,LIVU,1,2010-03-01 11:15:12,2012-02-28 07:05:45,6,1
234803254010661,76389318010538,2007,39,3,111,537.0,2.0,1,LOJA,1,LOJA,1,2010-03-01 11:15:12,2012-02-28 07:07:10,6,1
234803255010661,76389318010538,2007,39,3,111,537.0,2.0,1,ROMU,1,ROMU,2,2010-03-01 11:15:12,2012-02-28 07:05:45,6,1
222860317010661,76389318010538,2007,39,3,111,537.0,3.0,1,ELAN,1,ELAN,1,2010-03-01 11:15:12,2012-02-29 11:15:30,6,1
222860321010661,76389318010538,2007,39,3,111,537.0,3.0,1,LIVU,1,LIVU,1,2010-03-01 11:15:12,2012-02-28 07:06:41,6,1
222860325010661,76389318010538,2007,39,3,111,537.0,3.0,1,LOJA,1,LOJA,1,2010-03-01 11:15:12,2012-02-29 11:15:33,6,1
222860329010661,76389318010538,2007,39,3,111,537.0,3.0,1,ROMU,1,ROMU,15,2010-03-01 11:15:12,2012-02-28 07:05:45,6,1
222860326010661,76389318010538,2007,39,3,111,537.0,4.0,1,LOJA,1,LOJA,1,2010-03-01 11:15:12,2012-02-28 07:06:55,6,1
222860330010661,76389318010538,2007,39,3,111,537.0,4.0,1,ROMU,1,ROMU,8,2010-03-01 11:15:12,2012-02-28 07:07:10,6,1
222860295010661,76389316010538,2007,39,3,111,45.0,2.0,1,LOBE,1,LOBE,1,2010-03-01 11:15:12,2012-02-28 07:14:41,6,1
222860296010661,76389316010538,2007,39,3,111,45.0,2.0,1,ROMU,1,ROMU,1,2010-03-01 11:15:12,2012-02-28 07:13:44,6,1
222860054010661,76389204010538,2007,39,3,13,711.0,1.0,1,ROMU,1,ROMU,2,2010-03-01 11:15:11,2012-02-28 07:11:33,6,1
222860053010661,76389204010538,2007,39,3,13,711.0,2.0,1,AIAL,1,AIAL,7,2010-03-01 11:15:11,2012-02-28 07:12:21,6,1
222860055010661,76389204010538,2007,39,3,13,711.0,2.0,1,ROMU,1,ROMU,2,2010-03-01 11:15:11,2012-02-28 07:11:33,6,1
222860056010661,76389204010538,2007,39,3,13,711.0,3.0,1,ROMU,1,ROMU,1,2010-03-01 11:15:11,2012-02-28 07:11:33,6,1
222860057010661,76389204010538,2007,39,3,13,711.0,4.0,1,ROMU,1,ROMU,2,2010-03-01 11:15:11,2012-02-28 07:11:33,6,1
222860346010661,76388970010538,2007,39,1,131,895.0,1.0,1,ROMU,1,ROMU,1,2010-03-01 11:15:12,2012-02-28 07:11:58,6,1
222860347010661,76388970010538,2007,39,1,131,895.0,2.0,1,ROMU,1,ROMU,1,2010-03-01 11:15:12,2012-02-28 07:11:58,6,1
222860377010661,76389404010538,2007,39,3,157,254.0,1.0,1,ALPE4,1,ALPE4,1,2010-03-01 11:15:12,2012-02-28 07:13:44,6,1
222860384010661,76389404010538,2007,39,3,157,254.0,1.0,1,LIVU,1,LIVU,1,2010-03-01 11:15:12,2012-02-28 07:14:12,6,1
222860387010661,76389404010538,2007,39,3,157,254.0,1.0,1,ROMU,1,ROMU,7,2010-03-01 11:15:12,2012-02-28 07:11:58,6,1
222860378010661,76389404010538,2007,39,3,157,254.0,2.0,1,ALPE4,1,ALPE4,1,2010-03-01 11:15:12,2012-02-28 07:13:44,6,1
222860381010661,76389404010538,2007,39,3,157,254.0,2.0,1,BETH,1,BETH,2,2010-03-01 11:15:12,2012-02-28 07:13:44,6,1
222860385010661,76389404010538,2007,39,3,157,254.0,2.0,1,LIVU,1,LIVU,1,2010-03-01 11:15:12,2012-02-28 07:14:12,6,1
222860388010661,76389404010538,2007,39,3,157,254.0,2.0,1,ROMU,1,ROMU,5,2010-03-01 11:15:12,2012-02-28 07:11:58,6,1
222860379010661,76389404010538,2007,39,3,157,254.0,3.0,1,ALPE4,1,ALPE4,1,2010-03-01 11:15:12,2012-02-28 07:13:44,6,1
222860382010661,76389404010538,2007,39,3,157,254.0,3.0,1,BETH,1,BETH,1,2010-03-01 11:15:12,2012-02-28 07:13:44,6,1
222860386010661,76389404010538,2007,39,3,157,254.0,3.0,1,LOBE,1,LOBE,1,2010-03-01 11:15:12,2012-02-28 07:11:34,6,1
222860389010661,76389404010538,2007,39,3,157,254.0,3.0,1,ROMU,1,ROMU,2,2010-03-01 11:15:12,2012-02-28 07:11:58,6,1
222860380010661,76389404010538,2007,39,3,157,254.0,4.0,1,ALPE4,1,ALPE4,1,2010-03-01 11:15:12,2012-02-28 07:13:44,6,1
222860383010661,76389404010538,2007,39,3,157,254.0,4.0,1,BETH,1,BETH,1,2010-03-01 11:15:12,2012-02-28 07:13:44,6,1
222860390010661,76389404010538,2007,39,3,157,254.0,4.0,1,ROMU,1,ROMU,6,2010-03-01 11:15:12,2012-02-28 07:11:58,6,1
222860058010661,76389764010538,2007,39,5,17,760.0,1.0,1,BETH,1,BETH,1,2010-03-01 11:15:11,2012-02-28 07:13:17,6,1
222860060010661,76389764010538,2007,39,5,17,760.0,1.0,1,LIVU,1,LIVU,2,2010-03-01 11:15:11,2012-02-28 07:14:41,6,1
222860062010661,76389764010538,2007,39,5,17,760.0,1.0,1,LOMA6,1,LOMA6,55,2010-03-01 11:15:11,2012-02-28 07:14:41,6,1
222860065010661,76389764010538,2007,39,5,17,760.0,1.0,1,ROMU,1,ROMU,1,2010-03-01 11:15:11,2012-02-28 07:13:44,6,1
222860059010661,76389764010538,2007,39,5,17,760.0,2.0,1,BETH,1,BETH,1,2010-03-01 11:15:11,2012-02-28 07:13:17,6,1
222860063010661,76389764010538,2007,39,5,17,760.0,2.0,1,LOMA6,1,LOMA6,65,2010-03-01 11:15:11,2012-02-28 07:14:41,6,1
222860061010661,76389764010538,2007,39,5,17,760.0,3.0,1,LIVU,1,LIVU,2,2010-03-01 11:15:11,2012-02-28 07:14:41,6,1
222860064010661,76389764010538,2007,39,5,17,760.0,3.0,1,LOMA6,1,LOMA6,85,2010-03-01 11:15:11,2012-02-28 07:14:41,6,1
222860341010661,76389128010538,2007,39,2,127,592.0,1.0,1,ROMU,1,ROMU,2,2010-03-01 11:15:12,2012-02-28 07:11:33,6,1
222860342010661,76389128010538,2007,39,2,127,592.0,2.0,1,ROMU,1,ROMU,3,2010-03-01 11:15:12,2012-02-28 07:11:33,6,1
222860343010661,76389128010538,2007,39,2,127,592.0,3.0,1,ROMU,1,ROMU,3,2010-03-01 11:15:12,2012-02-28 07:11:33,6,1
222860344010661,76389128010538,2007,39,2,127,592.0,4.0,1,ROMU,1,ROMU,2,2010-03-01 11:15:12,2012-02-28 07:11:33,6,1
222860075010661,76389786010538,2007,39,5,23,607.0,4.0,2,CIAR4,1,CIAR4,1,2010-03-01 11:15:11,2012-02-28 07:11:58,6,1
222860076010661,76389786010538,2007,39,5,23,607.0,4.0,2,LOBE,1,LOBE,90,2010-03-01 11:15:11,2012-02-28 07:13:44,6,1
222860077010661,76389786010538,2007,39,5,23,607.0,4.0,2,ROMU,1,ROMU,5,2010-03-01 11:15:11,2012-02-28 07:12:50,6,1
222860369010661,76389028010538,2007,39,1,145,173.0,1.0,1,ROMU,1,ROMU,1,2010-03-01 11:15:12,2012-02-28 07:11:58,6,1
222860422010661,76389176010538,2007,39,2,167,836.0,1.0,1,CIAR4,1,CIAR4,1,2010-03-01 11:15:12,2012-02-28 07:13:45,6,1
222860423010661,76389176010538,2007,39,2,167,836.0,1.0,1,LOJA,1,LOJA,5,2010-03-01 11:15:12,2012-02-28 07:11:34,6,1
222860426010661,76389176010538,2007,39,2,167,836.0,1.0,1,ROMU,1,ROMU,5,2010-03-01 11:15:12,2012-02-28 07:13:45,6,1
222860421010661,76389176010538,2007,39,2,167,836.0,2.0,1,ALPE4,1,ALPE4,3,2010-03-01 11:15:12,2012-02-28 07:14:13,6,1
234803304010661,109827771010661,2008,39,4,99,5047.0,3.0,3,ALPE4,1,ALPE4,1,2010-03-01 11:15:02,2012-02-28 07:06:51,6,2
234803305010661,109827771010661,2008,39,4,99,5047.0,3.0,3,ROMU,1,ROMU,2,2010-03-01 11:15:02,2012-02-28 07:05:42,6,2
234803306010661,109827771010661,2008,39,4,99,5047.0,3.0,3,ROPS,1,ROPS,14,2010-03-01 11:15:02,2012-02-28 07:05:42,6,2
222859739010661,109827771010661,2008,39,4,99,5047.0,4.0,1,PHAR3,1,PHAR3,1,2010-03-01 11:15:02,2012-02-28 07:02:58,6,2
222859677010661,109827809010661,2008,39,3,59,1944.0,1.0,1,LYNU,1,LYNU,65,2010-03-01 11:15:01,2012-02-28 07:02:40,6,2
222859680010661,109827809010661,2008,39,3,59,1944.0,1.0,1,PHAR3,1,PHAR3,3,2010-03-01 11:15:01,2012-02-28 07:02:58,6,2
222859683010661,109827809010661,2008,39,3,59,1944.0,1.0,1,ROMU,1,ROMU,4,2010-03-01 11:15:01,2012-02-28 07:06:36,6,2
222859674010661,109827809010661,2008,39,3,59,1944.0,2.0,1,CEOR7,1,CEOR7,1,2010-03-01 11:15:01,2012-02-28 07:06:09,6,2
222859675010661,109827809010661,2008,39,3,59,1944.0,2.0,1,LOMA6,1,LOMA6,3,2010-03-01 11:15:01,2012-02-28 07:03:05,6,2
222859678010661,109827809010661,2008,39,3,59,1944.0,2.0,1,LYNU,1,LYNU,90,2010-03-01 11:15:01,2012-02-28 07:02:53,6,2
222859681010661,109827809010661,2008,39,3,59,1944.0,2.0,1,PHAR3,1,PHAR3,6,2010-03-01 11:15:01,2012-02-28 07:02:26,6,2
222859684010661,109827809010661,2008,39,3,59,1944.0,2.0,1,ROMU,1,ROMU,4,2010-03-01 11:15:01,2012-02-28 07:05:55,6,2
222859676010661,109827809010661,2008,39,3,59,1944.0,4.0,1,LOMA6,1,LOMA6,6,2010-03-01 11:15:01,2012-02-28 07:02:46,6,2
222859679010661,109827809010661,2008,39,3,59,1944.0,4.0,1,LYNU,1,LYNU,20,2010-03-01 11:15:01,2012-02-28 07:02:33,6,2
222859682010661,109827809010661,2008,39,3,59,1944.0,4.0,1,PHAR3,1,PHAR3,8,2010-03-01 11:15:01,2012-02-28 07:02:53,6,2
222859685010661,109827809010661,2008,39,3,59,1944.0,4.0,1,ROMU,1,ROMU,6,2010-03-01 11:15:01,2012-02-28 07:06:51,6,2
222859658010661,109827859010661,2008,39,4,55,2001.0,1.0,1,MIVI,1,MIVI,15,2010-03-01 11:15:01,2012-02-28 07:12:58,6,2
222859662010661,109827859010661,2008,39,4,55,2001.0,1.0,1,ROMU,1,ROMU,1,2010-03-01 11:15:01,2012-02-28 07:14:21,6,2
222859659010661,109827859010661,2008,39,4,55,2001.0,2.0,1,MIVI,1,MIVI,20,2010-03-01 11:15:01,2012-02-28 07:12:58,6,2
222859660010661,109827859010661,2008,39,4,55,2001.0,3.0,1,MIVI,1,MIVI,2,2010-03-01 11:15:01,2012-02-28 07:12:58,6,2
222859663010661,109827859010661,2008,39,4,55,2001.0,3.0,1,ROMU,1,ROMU,2,2010-03-01 11:15:01,2012-02-28 07:14:21,6,2
222859661010661,109827859010661,2008,39,4,55,2001.0,4.0,1,MIVI,1,MIVI,20,2010-03-01 11:15:01,2012-02-28 07:12:58,6,2
222859664010661,109827859010661,2008,39,4,55,2001.0,4.0,1,ROMU,1,ROMU,1,2010-03-01 11:15:01,2012-02-28 07:14:21,6,2
222859657010661,109827865010661,2008,39,4,55,5089.0,2.0,1,ROMU,1,ROMU,2,2010-03-01 11:15:01,2012-02-28 07:12:58,6,2
222859932010661,109827911010661,2008,39,3,157,2696.0,2.0,2,ROMU,1,ROMU,8,2010-03-01 11:15:02,2012-02-28 07:14:21,6,2
222859934010661,109827911010661,2008,39,3,157,2696.0,2.0,2,ROPS,1,ROPS,2,2010-03-01 11:15:02,2012-02-28 07:14:21,6,2
222859933010661,109827911010661,2008,39,3,157,2696.0,4.0,2,ROMU,1,ROMU,2,2010-03-01 11:15:02,2012-02-28 07:14:21,6,2
222859935010661,109827911010661,2008,39,3,157,2696.0,4.0,2,ROPS,1,ROPS,7,2010-03-01 11:15:02,2012-02-28 07:14:21,6,2
222859572010661,109827969010661,2008,39,2,9,5156.0,1.0,1,LOJA,1,LOJA,2,2010-03-01 11:15:01,2012-02-28 07:13:00,6,2
222859577010661,109827969010661,2008,39,2,9,5156.0,1.0,1,ROMU,1,ROMU,3,2010-03-01 11:15:01,2012-02-28 07:12:08,6,2
222859570010661,109827969010661,2008,39,2,9,5156.0,2.0,1,ALPE4,1,ALPE4,1,2010-03-01 11:15:01,2012-02-28 07:13:29,6,2
222859573010661,109827969010661,2008,39,2,9,5156.0,2.0,1,LOJA,1,LOJA,2,2010-03-01 11:15:01,2012-02-28 07:13:00,6,2
222859578010661,109827969010661,2008,39,2,9,5156.0,2.0,1,ROMU,1,ROMU,1,2010-03-01 11:15:01,2012-02-28 07:12:08,6,2
222859574010661,109827969010661,2008,39,2,9,5156.0,3.0,1,LOJA,1,LOJA,1,2010-03-01 11:15:01,2012-02-28 07:13:00,6,2
222859571010661,109827969010661,2008,39,2,9,5156.0,4.0,1,ALPE4,1,ALPE4,5,2010-03-01 11:15:01,2012-02-28 07:13:29,6,2
222859575010661,109827969010661,2008,39,2,9,5156.0,4.0,1,LOJA,1,LOJA,2,2010-03-01 11:15:01,2012-02-28 07:13:00,6,2
222859576010661,109827969010661,2008,39,2,9,5156.0,4.0,1,LONIC,1,LONIC,1,2010-03-01 11:15:01,2012-02-28 07:11:43,6,2
222859579010661,109827969010661,2008,39,2,9,5156.0,4.0,1,ROMU,1,ROMU,1,2010-03-01 11:15:01,2012-02-28 07:12:08,6,2
222859652010661,109828967010661,2008,39,6,51,5838.0,1.0,1,ROMU,1,ROMU,2,2010-03-01 11:15:01,2012-02-28 07:14:19,6,2
222859650010661,109828967010661,2008,39,6,51,5838.0,4.0,1,ALPE4,1,ALPE4,2,2010-03-01 11:15:01,2012-02-28 07:12:06,6,2
222859744010661,109828469010661,2008,39,6,101,5792.0,2.0,2,ROMU,1,ROMU,7,2010-03-01 11:15:02,2012-02-28 07:14:19,6,2
222859626010661,109828041010661,2008,39,3,31,4927.0,1.0,1,MIVI,1,MIVI,1,2010-03-01 11:15:01,2012-02-28 07:07:22,6,2
222859628010661,109828041010661,2008,39,3,31,4927.0,1.0,1,ROMU,1,ROMU,75,2010-03-01 11:15:01,2012-02-28 07:06:22,6,2
222859627010661,109828041010661,2008,39,3,31,4927.0,2.0,1,MIVI,1,MIVI,1,2010-03-01 11:15:01,2012-02-28 07:05:42,6,2
222859629010661,109828041010661,2008,39,3,31,4927.0,2.0,1,ROMU,1,ROMU,15,2010-03-01 11:15:01,2012-02-28 07:06:22,6,2
222859630010661,109828041010661,2008,39,3,31,4927.0,3.0,1,ROMU,1,ROMU,48,2010-03-01 11:15:01,2012-02-28 07:06:36,6,2
222859631010661,109828041010661,2008,39,3,31,4927.0,4.0,1,ROMU,1,ROMU,80,2010-03-01 11:15:01,2012-02-28 07:06:51,6,2
222859608010661,109828629010661,2008,39,1,15,3699.0,1.0,2,LOJA,1,LOJA,1,2010-03-01 11:15:01,2012-02-28 07:14:49,6,2
222859609010661,109828731010661,2008,39,5,27,2919.0,1.0,1,ALPE4,1,ALPE4,1,2010-03-01 11:15:01,2012-02-28 07:13:25,6,2
222859612010661,109828731010661,2008,39,5,27,2919.0,1.0,1,LIVU,1,LIVU,2,2010-03-01 11:15:01,2012-02-28 07:12:04,6,2
222859613010661,109828731010661,2008,39,5,27,2919.0,1.0,1,LOJA,1,LOJA,1,2010-03-01 11:15:01,2012-02-28 07:13:51,6,2
222859615010661,109828731010661,2008,39,5,27,2919.0,1.0,1,LOMA6,1,LOMA6,25,2010-03-01 11:15:01,2012-02-28 07:12:04,6,2
222859619010661,109828731010661,2008,39,5,27,2919.0,1.0,1,ROMU,1,ROMU,5,2010-03-01 11:15:01,2012-02-28 07:12:04,6,2
222859610010661,109828731010661,2008,39,5,27,2919.0,2.0,1,ALPE4,1,ALPE4,9,2010-03-01 11:15:01,2012-02-28 07:13:25,6,2
222859616010661,109828731010661,2008,39,5,27,2919.0,2.0,1,LOMA6,1,LOMA6,6,2010-03-01 11:15:01,2012-02-28 07:12:04,6,2
222859618010661,109828731010661,2008,39,5,27,2919.0,2.0,1,LYNU,1,LYNU,3,2010-03-01 11:15:01,2012-02-28 07:14:49,6,2
222859620010661,109828731010661,2008,39,5,27,2919.0,2.0,1,ROMU,1,ROMU,15,2010-03-01 11:15:01,2012-02-28 07:12:04,6,2
222859611010661,109828731010661,2008,39,5,27,2919.0,3.0,1,ALPE4,1,ALPE4,1,2010-03-01 11:15:01,2012-02-28 07:13:25,6,2
222859614010661,109828731010661,2008,39,5,27,2919.0,3.0,1,LOJA,1,LOJA,2,2010-03-01 11:15:01,2012-02-28 07:13:51,6,2
222859617010661,109828731010661,2008,39,5,27,2919.0,3.0,1,LOMA6,1,LOMA6,70,2010-03-01 11:15:01,2012-02-28 07:12:04,6,2
222859621010661,109828731010661,2008,39,5,27,2919.0,3.0,1,ROMU,1,ROMU,12,2010-03-01 11:15:01,2012-02-28 07:12:04,6,2
222859812010661,109827817010661,2008,39,3,121,1445.0,1.0,1,ROMU,1,ROMU,1,2010-03-01 11:15:02,2012-02-28 07:12:33,6,2
222859813010661,109827817010661,2008,39,3,121,1445.0,3.0,1,ROMU,1,ROMU,6,2010-03-01 11:15:02,2012-02-28 07:12:33,6,2
222859814010661,109827817010661,2008,39,3,121,1445.0,4.0,1,ROMU,1,ROMU,4,2010-03-01 11:15:02,2012-02-28 07:12:33,6,2
222859784010661,109827821010661,2008,39,2,115,1628.0,1.0,1,LOMO2,1,LOMO2,4,2010-03-01 11:15:02,2012-02-28 07:11:41,6,2
222859788010661,109827821010661,2008,39,2,115,1628.0,1.0,1,ROMU,1,ROMU,6,2010-03-01 11:15:02,2012-02-28 07:13:53,6,2
222859779010661,109827821010661,2008,39,2,115,1628.0,2.0,1,AIAL,1,AIAL,3,2010-03-01 11:15:02,2012-02-28 07:14:21,6,2
222859781010661,109827821010661,2008,39,2,115,1628.0,2.0,1,CEOR7,1,CEOR7,1,2010-03-01 11:15:02,2012-02-28 07:12:33,6,2
222859782010661,109827821010661,2008,39,2,115,1628.0,2.0,1,ELUM,1,ELUM,8,2010-03-01 11:15:02,2012-02-28 07:12:58,6,2
222859785010661,109827821010661,2008,39,2,115,1628.0,2.0,1,LOMO2,1,LOMO2,2,2010-03-01 11:15:02,2012-02-28 07:11:41,6,2
222859780010661,109827821010661,2008,39,2,115,1628.0,3.0,1,AIAL,1,AIAL,1,2010-03-01 11:15:02,2012-02-28 07:14:21,6,2
222859783010661,109827821010661,2008,39,2,115,1628.0,3.0,1,ELUM,1,ELUM,1,2010-03-01 11:15:02,2012-02-28 07:12:58,6,2
222859786010661,109827821010661,2008,39,2,115,1628.0,3.0,1,LOMO2,1,LOMO2,5,2010-03-01 11:15:02,2012-02-28 07:11:41,6,2
222859789010661,109827821010661,2008,39,2,115,1628.0,3.0,1,ROMU,1,ROMU,2,2010-03-01 11:15:02,2012-02-28 07:13:53,6,2
222859787010661,109827821010661,2008,39,2,115,1628.0,4.0,1,LOMO2,1,LOMO2,10,2010-03-01 11:15:02,2012-02-28 07:11:41,6,2
222859790010661,109827821010661,2008,39,2,115,1628.0,4.0,1,ROMU,1,ROMU,9,2010-03-01 11:15:02,2012-02-28 07:13:53,6,2
222859651010661,109828967010661,2008,39,6,51,5838.0,4.0,1,CIAR4,1,CIAR4,10,2010-03-01 11:15:01,2012-02-28 07:11:40,6,2
222859691010661,109828069010661,2008,39,2,73,4384.0,1.0,1,LOJA,1,LOJA,48,2010-03-01 11:15:01,2012-02-28 07:06:10,6,2
222859695010661,109828069010661,2008,39,2,73,4384.0,1.0,1,ROMU,1,ROMU,6,2010-03-01 11:15:02,2012-02-28 07:06:36,6,2
222859692010661,109828069010661,2008,39,2,73,4384.0,2.0,1,LOJA,1,LOJA,25,2010-03-01 11:15:01,2012-02-28 07:06:36,6,2
222859696010661,109828069010661,2008,39,2,73,4384.0,2.0,1,ROMU,1,ROMU,35,2010-03-01 11:15:02,2012-02-28 07:07:22,6,2
222859689010661,109828069010661,2008,39,2,73,4384.0,3.0,1,LIVU,1,LIVU,1,2010-03-01 11:15:01,2012-02-28 07:07:06,6,2
222859693010661,109828069010661,2008,39,2,73,4384.0,3.0,1,LOJA,1,LOJA,4,2010-03-01 11:15:01,2012-02-28 07:06:10,6,2
222859697010661,109828069010661,2008,39,2,73,4384.0,3.0,1,ROMU,1,ROMU,1,2010-03-01 11:15:02,2012-02-28 07:06:51,6,2
222859690010661,109828069010661,2008,39,2,73,4384.0,4.0,1,LIVU,1,LIVU,1,2010-03-01 11:15:01,2012-02-29 11:15:32,6,2
222859694010661,109828069010661,2008,39,2,73,4384.0,4.0,1,LOJA,1,LOJA,28,2010-03-01 11:15:02,2012-02-28 07:05:42,6,2
222859698010661,109828069010661,2008,39,2,73,4384.0,4.0,1,ROMU,1,ROMU,40,2010-03-01 11:15:02,2012-02-28 07:06:36,6,2
222859939010661,109828077010661,2008,39,2,163,1260.0,4.0,1,ROMU,1,ROMU,1,2010-03-01 11:15:02,2012-02-28 07:12:55,6,2
222859936010661,109828077010661,2008,39,2,163,1260.0,1.0,1,ROMU,1,ROMU,2,2010-03-01 11:15:02,2012-02-28 07:12:55,6,2
222859937010661,109828077010661,2008,39,2,163,1260.0,2.0,1,ROMU,1,ROMU,1,2010-03-01 11:15:02,2012-02-28 07:12:55,6,2
222859938010661,109828077010661,2008,39,2,163,1260.0,3.0,1,ROMU,1,ROMU,2,2010-03-01 11:15:02,2012-02-28 07:12:55,6,2
222859710010661,109828083010661,2008,39,1,79,2106.0,1.0,1,LIVU,1,LIVU,1,2010-03-01 11:15:02,2012-02-28 07:07:22,6,2
222859713010661,109828083010661,2008,39,1,79,2106.0,1.0,1,LOJA,1,LOJA,40,2010-03-01 11:15:02,2012-02-28 07:06:51,6,2
222859717010661,109828083010661,2008,39,1,79,2106.0,1.0,1,ROMU,1,ROMU,65,2010-03-01 11:15:02,2012-02-28 07:05:56,6,2
222859711010661,109828083010661,2008,39,1,79,2106.0,2.0,1,LIVU,1,LIVU,4,2010-03-01 11:15:02,2012-02-28 07:07:06,6,2
222859714010661,109828083010661,2008,39,1,79,2106.0,2.0,1,LOJA,1,LOJA,85,2010-03-01 11:15:02,2012-02-28 07:06:51,6,2
222859718010661,109828083010661,2008,39,1,79,2106.0,2.0,1,ROMU,1,ROMU,60,2010-03-01 11:15:02,2012-02-28 07:05:56,6,2
222859721010661,109828083010661,2008,39,1,79,2106.0,2.0,1,ROPS,1,ROPS,35,2010-03-01 11:15:02,2012-02-28 07:03:11,6,2
222859921010661,109827921010661,2008,39,3,157,2301.0,4.0,1,ALPE4,1,ALPE4,1,2010-03-01 11:15:02,2012-02-28 07:11:41,6,2
222859923010661,109827921010661,2008,39,3,157,2301.0,4.0,1,ELUM,1,ELUM,8,2010-03-01 11:15:02,2012-02-28 07:12:58,6,2
222859928010661,109827921010661,2008,39,3,157,2301.0,4.0,1,ROMU,1,ROMU,15,2010-03-01 11:15:02,2012-02-28 07:13:53,6,2
222859931010661,109827921010661,2008,39,3,157,2301.0,4.0,1,ROPS,1,ROPS,1,2010-03-01 11:15:02,2012-02-28 07:14:21,6,2
222859918010661,109827921010661,2008,39,3,157,2301.0,1.0,1,ALPE4,1,ALPE4,7,2010-03-01 11:15:02,2012-02-28 07:11:41,6,2
222859924010661,109827921010661,2008,39,3,157,2301.0,1.0,1,LOBE,1,LOBE,2,2010-03-01 11:15:02,2012-02-28 07:12:06,6,2
222859925010661,109827921010661,2008,39,3,157,2301.0,1.0,1,ROMU,1,ROMU,5,2010-03-01 11:15:02,2012-02-28 07:13:53,6,2
222859929010661,109827921010661,2008,39,3,157,2301.0,1.0,1,ROPS,1,ROPS,20,2010-03-01 11:15:02,2012-02-28 07:14:21,6,2
222859919010661,109827921010661,2008,39,3,157,2301.0,2.0,1,ALPE4,1,ALPE4,1,2010-03-01 11:15:02,2012-02-28 07:11:41,6,2
222859922010661,109827921010661,2008,39,3,157,2301.0,2.0,1,ELUM,1,ELUM,6,2010-03-01 11:15:02,2012-02-28 07:12:58,6,2
222859926010661,109827921010661,2008,39,3,157,2301.0,2.0,1,ROMU,1,ROMU,6,2010-03-01 11:15:02,2012-02-28 07:13:53,6,2
222859920010661,109827921010661,2008,39,3,157,2301.0,3.0,1,ALPE4,1,ALPE4,15,2010-03-01 11:15:02,2012-02-28 07:11:41,6,2
222859927010661,109827921010661,2008,39,3,157,2301.0,3.0,1,ROMU,1,ROMU,35,2010-03-01 11:15:02,2012-02-28 07:13:53,6,2
222859930010661,109827921010661,2008,39,3,157,2301.0,3.0,1,ROPS,1,ROPS,7,2010-03-01 11:15:02,2012-02-28 07:14:21,6,2
222859745010661,109827977010661,2008,39,2,105,1810.0,1.0,1,LOJA,1,LOJA,2,2010-03-01 11:15:02,2012-02-28 07:13:01,6,2
222859749010661,109827977010661,2008,39,2,105,1810.0,1.0,1,ROMU,1,ROMU,4,2010-03-01 11:15:02,2012-02-28 07:14:23,6,2
222859746010661,109827977010661,2008,39,2,105,1810.0,2.0,1,LOJA,1,LOJA,2,2010-03-01 11:15:02,2012-02-28 07:13:01,6,2
222859750010661,109827977010661,2008,39,2,105,1810.0,2.0,1,ROMU,1,ROMU,30,2010-03-01 11:15:02,2012-02-28 07:14:23,6,2
222859747010661,109827977010661,2008,39,2,105,1810.0,3.0,1,LOJA,1,LOJA,10,2010-03-01 11:15:02,2012-02-28 07:13:01,6,2
222859748010661,109827977010661,2008,39,2,105,1810.0,4.0,1,LOJA,1,LOJA,4,2010-03-01 11:15:02,2012-02-28 07:13:01,6,2
222859751010661,109827977010661,2008,39,2,105,1810.0,4.0,1,ROMU,1,ROMU,60,2010-03-01 11:15:02,2012-02-28 07:14:23,6,2
222859752010661,109827977010661,2008,39,2,105,1810.0,4.0,1,ROPS,1,ROPS,3,2010-03-01 11:15:02,2012-02-28 07:13:01,6,2
222859795010661,109828053010661,2008,39,3,119,1949.0,1.0,1,ROMU,1,ROMU,1,2010-03-01 11:15:02,2012-02-29 11:15:32,6,2
222859796010661,109828053010661,2008,39,3,119,1949.0,2.0,1,ROMU,1,ROMU,1,2010-03-01 11:15:02,2012-02-28 07:05:56,6,2
222859797010661,109828053010661,2008,39,3,119,1949.0,3.0,1,ROMU,1,ROMU,1,2010-03-01 11:15:02,2012-02-28 07:05:56,6,2
222859798010661,109828053010661,2008,39,3,119,1949.0,4.0,1,ROMU,1,ROMU,1,2010-03-01 11:15:02,2012-02-29 11:15:32,6,2
222859818010661,109828305010661,2008,39,1,131,3034.0,1.0,1,ELUM,1,ELUM,1,2010-03-01 11:15:02,2012-02-28 07:13:25,6,2
222859819010661,109828305010661,2008,39,1,131,3034.0,1.0,1,LOJA,1,LOJA,5,2010-03-01 11:15:02,2012-02-28 07:12:56,6,2
222859823010661,109828305010661,2008,39,1,131,3034.0,1.0,1,ROMU,1,ROMU,10,2010-03-01 11:15:02,2012-02-28 07:12:04,6,2
222859827010661,109828305010661,2008,39,1,131,3034.0,1.0,1,ROPS,1,ROPS,26,2010-03-01 11:15:02,2012-02-28 07:14:19,6,2
222859820010661,109828305010661,2008,39,1,131,3034.0,2.0,2,LOJA,1,LOJA,1,2010-03-01 11:15:02,2012-02-28 07:12:56,6,2
222859824010661,109828305010661,2008,39,1,131,3034.0,2.0,2,ROMU,1,ROMU,2,2010-03-01 11:15:02,2012-02-28 07:12:04,6,2
222859821010661,109828305010661,2008,39,1,131,3034.0,3.0,1,LOJA,1,LOJA,5,2010-03-01 11:15:02,2012-02-28 07:12:56,6,2
222859825010661,109828305010661,2008,39,1,131,3034.0,3.0,1,ROMU,1,ROMU,35,2010-03-01 11:15:02,2012-02-28 07:12:04,6,2
222859828010661,109828305010661,2008,39,1,131,3034.0,3.0,1,ROPS,1,ROPS,25,2010-03-01 11:15:02,2012-02-28 07:14:19,6,2
222859817010661,109828305010661,2008,39,1,131,3034.0,4.0,1,BETH,1,BETH,2,2010-03-01 11:15:02,2012-02-28 07:13:51,6,2
222859822010661,109828305010661,2008,39,1,131,3034.0,4.0,1,LOJA,1,LOJA,10,2010-03-01 11:15:02,2012-02-28 07:12:56,6,2
222859826010661,109828305010661,2008,39,1,131,3034.0,4.0,1,ROMU,1,ROMU,30,2010-03-01 11:15:02,2012-02-28 07:12:04,6,2
222859829010661,109828305010661,2008,39,1,131,3034.0,4.0,1,ROPS,1,ROPS,35,2010-03-01 11:15:02,2012-02-28 07:14:19,6,2
222859534010661,109828423010661,2008,39,1,1,2877.0,1.0,1,LOJA,1,LOJA,1,2010-03-01 11:15:01,2012-02-28 07:12:29,6,2
222859535010661,109828423010661,2008,39,1,1,2877.0,1.0,1,ROMU,1,ROMU,1,2010-03-01 11:15:01,2012-02-28 07:12:29,6,2
222859536010661,109828423010661,2008,39,1,1,2877.0,2.0,1,ROMU,1,ROMU,1,2010-03-01 11:15:01,2012-02-28 07:12:29,6,2
222859537010661,109828423010661,2008,39,1,1,2877.0,4.0,1,ROMU,1,ROMU,1,2010-03-01 11:15:01,2012-02-28 07:12:29,6,2
222859743010661,109828469010661,2008,39,6,101,5792.0,2.0,2,ALPE4,1,ALPE4,15,2010-03-01 11:15:02,2012-02-28 07:14:49,6,2
234803303010661,109827771010661,2008,39,4,99,5047.0,3.0,3,AIAL,1,AIAL,1,2010-03-01 11:15:02,2012-02-28 07:06:51,6,2
225923194010661,144953311010661,2009,39,3,13,3705.0,1.0,1,ROPS,1,ROPS,13,2010-06-07 06:12:38,2012-02-28 07:12:54,6,3
225923191010661,144953311010661,2009,39,3,13,3705.0,2.0,1,ROMU,1,ROMU,15,2010-06-07 06:12:38,2012-02-28 07:12:26,6,3
225923192010661,144953311010661,2009,39,3,13,3705.0,3.0,1,ROMU,1,ROMU,10,2010-06-07 06:12:38,2012-02-28 07:12:26,6,3
225923193010661,144953311010661,2009,39,3,13,3705.0,4.0,1,ROMU,1,ROMU,12,2010-06-07 06:12:38,2012-02-28 07:12:26,6,3
225923195010661,144953311010661,2009,39,3,13,3705.0,4.0,1,ROPS,1,ROPS,40,2010-06-07 06:12:38,2012-02-28 07:12:54,6,3
152864546020004,144953331010661,2009,39,3,121,2146.0,2.0,1,LOJA,1,LOJA,1,2012-12-07 10:11:47,,6,3
152864547020004,144953331010661,2009,39,3,121,2146.0,2.0,1,ROMU,1,ROMU,4,2012-12-07 10:11:47,,6,3
152864823020004,144953331010661,2009,39,3,121,2146.0,1.0,1,ELAN,1,ELAN,1,2012-12-07 10:11:49,,6,3
225923268010661,144953347010661,2009,39,4,7,2964.0,3.0,1,CEOR7,1,CEOR7,1,2010-06-07 06:12:40,2012-02-28 07:12:54,6,3
225923347010661,144953383010661,2009,39,3,19,2771.0,1.0,2,ROMU,1,ROMU,4,2010-06-07 06:12:41,2012-02-28 07:14:18,6,3
225923348010661,144953383010661,2009,39,3,19,2771.0,3.0,2,ROMU,1,ROMU,11,2010-06-07 06:12:41,2012-02-28 07:14:18,6,3
225923349010661,144953383010661,2009,39,3,19,2771.0,4.0,2,ROMU,1,ROMU,1,2010-06-07 06:12:41,2012-02-28 07:14:18,6,3
225923549010661,144953471010661,2009,39,4,55,5501.0,3.0,2,BETH,1,BETH,1,2010-06-07 06:12:45,2012-02-28 07:13:28,6,3
225923971010661,144953661010661,2009,39,3,119,2423.0,3.0,2,ALPE4,1,ALPE4,2,2010-06-07 06:12:53,2012-02-28 07:12:34,6,3
225923972010661,144953661010661,2009,39,3,119,2423.0,3.0,2,ROMU,1,ROMU,25,2010-06-07 06:12:53,2012-02-28 07:11:42,6,3
225923990010661,144953669010661,2009,39,2,73,3516.0,1.0,1,ROPS,1,ROPS,1,2010-06-07 06:12:54,2012-02-28 07:11:42,6,3
225923989010661,144953669010661,2009,39,2,73,3516.0,3.0,1,ROMU,1,ROMU,1,2010-06-07 06:12:54,2012-02-28 07:14:22,6,3
225923991010661,144953669010661,2009,39,2,73,3516.0,3.0,1,ROPS,1,ROPS,1,2010-06-07 06:12:54,2012-02-28 07:11:42,6,3
225923992010661,144953669010661,2009,39,2,73,3516.0,4.0,1,ROPS,1,ROPS,5,2010-06-07 06:12:54,2012-02-28 07:11:42,6,3
225924272010661,144953271010661,2009,39,3,81,4706.0,1.0,1,ROPS,1,ROPS,2,2010-06-07 06:12:59,2012-02-28 07:13:01,6,3
225924271010661,144953271010661,2009,39,3,81,4706.0,4.0,1,ROMU,1,ROMU,2,2010-06-07 06:12:59,2012-02-28 07:14:24,6,3
225924293010661,144953281010661,2009,39,3,81,3382.0,1.0,1,AIAL,1,AIAL,3,2010-06-07 06:12:59,2012-02-28 07:14:54,6,3
225924294010661,144953281010661,2009,39,3,81,3382.0,1.0,1,ALPE4,1,ALPE4,5,2010-06-07 06:12:59,2012-02-28 07:13:01,6,3
225924296010661,144953281010661,2009,39,3,81,3382.0,1.0,1,ROMU,1,ROMU,3,2010-06-07 06:12:59,2012-02-28 07:13:01,6,3
225924297010661,144953281010661,2009,39,3,81,3382.0,2.0,1,ROMU,1,ROMU,1,2010-06-07 06:12:59,2012-02-28 07:13:01,6,3
225924295010661,144953281010661,2009,39,3,81,3382.0,3.0,1,ALPE4,1,ALPE4,1,2010-06-07 06:12:59,2012-02-28 07:13:01,6,3
225924298010661,144953281010661,2009,39,3,81,3382.0,3.0,1,ROMU,1,ROMU,1,2010-06-07 06:12:59,2012-02-28 07:13:01,6,3
225922653010661,144953973010661,2009,39,6,83,3267.0,1.0,1,BETH,1,BETH,15,2010-06-07 06:12:31,2012-02-28 07:14:54,6,3
225922654010661,144953973010661,2009,39,6,83,3267.0,2.0,1,BETH,1,BETH,10,2010-06-07 06:12:31,2012-02-28 07:14:54,6,3
225922658010661,144953973010661,2009,39,6,83,3267.0,2.0,1,ROMU,1,ROMU,7,2010-06-07 06:12:31,2012-02-28 07:14:54,6,3
225922661010661,144953973010661,2009,39,6,83,3267.0,2.0,1,ROPS,1,ROPS,25,2010-06-07 06:12:31,2012-02-28 07:12:35,6,3
225922655010661,144953973010661,2009,39,6,83,3267.0,3.0,1,BETH,1,BETH,7,2010-06-07 06:12:31,2012-02-28 07:14:54,6,3
225922657010661,144953973010661,2009,39,6,83,3267.0,3.0,1,LOMA6,1,LOMA6,1,2010-06-07 06:12:31,2012-02-28 07:14:24,6,3
225922659010661,144953973010661,2009,39,6,83,3267.0,3.0,1,ROMU,1,ROMU,5,2010-06-07 06:12:31,2012-02-28 07:14:54,6,3
225922656010661,144953973010661,2009,39,6,83,3267.0,4.0,1,BETH,1,BETH,2,2010-06-07 06:12:31,2012-02-28 07:14:54,6,3
225922660010661,144953973010661,2009,39,6,83,3267.0,4.0,1,ROMU,1,ROMU,10,2010-06-07 06:12:31,2012-02-28 07:14:54,6,3
225922760010661,144954021010661,2009,39,1,141,1212.0,1.0,1,ROMU,1,ROMU,1,2010-06-07 06:12:32,2012-02-28 07:11:43,6,3
222860223010661,76389308010538,2007,39,3,81,18.0,4.0,1,ROMU,1,ROMU,4,2010-03-01 11:15:12,2012-02-28 07:11:33,6,1
222860210010661,76389308010538,2007,39,3,81,18.0,1.0,1,ACPL,1,ACPL,1,2010-03-01 11:15:12,2012-02-28 07:12:22,6,1
222860212010661,76389308010538,2007,39,3,81,18.0,1.0,1,ELUM,1,ELUM,1,2010-03-01 11:15:12,2012-02-28 07:14:41,6,1
222860220010661,76389308010538,2007,39,3,81,18.0,1.0,1,ROMU,1,ROMU,5,2010-03-01 11:15:12,2012-02-28 07:11:33,6,1
222860213010661,76389308010538,2007,39,3,81,18.0,2.0,1,ELUM,1,ELUM,5,2010-03-01 11:15:12,2012-02-28 07:14:41,6,1
222860215010661,76389308010538,2007,39,3,81,18.0,2.0,1,HEMA3,1,HEMA3,1,2010-03-01 11:15:12,2012-02-28 07:14:41,6,1
222860218010661,76389308010538,2007,39,3,81,18.0,2.0,1,LOTA,1,LOTA,1,2010-03-01 11:15:12,2012-02-28 07:13:18,6,1
222860219010661,76389308010538,2007,39,3,81,18.0,2.0,1,LYSA2,1,LYSA2,1,2010-03-01 11:15:12,2012-02-28 07:14:13,6,1
222860221010661,76389308010538,2007,39,3,81,18.0,2.0,1,ROMU,1,ROMU,2,2010-03-01 11:15:12,2012-02-28 07:11:33,6,1
222860200010661,76389302010538,2007,39,3,81,842.0,1.0,1,ALPE4,1,ALPE4,1,2010-03-01 11:15:12,2012-02-28 07:13:44,6,1
222860203010661,76389302010538,2007,39,3,81,842.0,1.0,1,ROMU,1,ROMU,2,2010-03-01 11:15:12,2012-02-28 07:12:21,6,1
222860207010661,76389302010538,2007,39,3,81,842.0,1.0,1,ROPS,1,ROPS,2,2010-03-01 11:15:12,2012-02-28 07:11:34,6,1
222860202010661,76389302010538,2007,39,3,81,842.0,2.0,2,ELUM,1,ELUM,4,2010-03-01 11:15:12,2012-02-28 07:11:34,6,1
222860204010661,76389302010538,2007,39,3,81,842.0,2.0,2,ROMU,1,ROMU,2,2010-03-01 11:15:12,2012-02-28 07:12:21,6,1
222860205010661,76389302010538,2007,39,3,81,842.0,3.0,1,ROMU,1,ROMU,1,2010-03-01 11:15:12,2012-02-28 07:12:22,6,1
222860208010661,76389302010538,2007,39,3,81,842.0,3.0,1,ROPS,1,ROPS,3,2010-03-01 11:15:12,2012-02-28 07:11:34,6,1
222860201010661,76389302010538,2007,39,3,81,842.0,4.0,1,ALPE4,1,ALPE4,1,2010-03-01 11:15:12,2012-02-28 07:13:44,6,1
222860206010661,76389302010538,2007,39,3,81,842.0,4.0,1,ROMU,1,ROMU,2,2010-03-01 11:15:12,2012-02-28 07:12:22,6,1
222860209010661,76389302010538,2007,39,3,81,842.0,4.0,1,ROPS,1,ROPS,4,2010-03-01 11:15:12,2012-02-28 07:11:34,6,1
222860226010661,76390278010538,2007,39,6,83,604.0,1.0,1,ALPE4,1,ALPE4,10,2010-03-01 11:15:12,2012-02-28 07:05:46,6,1
222860230010661,76390278010538,2007,39,6,83,604.0,1.0,1,BETH,1,BETH,1,2010-03-01 11:15:12,2012-02-29 11:15:30,6,1
222860233010661,76390278010538,2007,39,6,83,604.0,1.0,1,CIAR4,1,CIAR4,1,2010-03-01 11:15:12,2012-02-28 07:05:46,6,1
222860239010661,76390278010538,2007,39,6,83,604.0,1.0,1,LOJA,1,LOJA,2,2010-03-01 11:15:12,2012-02-28 07:06:56,6,1
222860242010661,76390278010538,2007,39,6,83,604.0,1.0,1,LOMA6,1,LOMA6,10,2010-03-01 11:15:12,2012-02-28 07:07:11,6,1
222860224010661,76390278010538,2007,39,6,83,604.0,2.0,1,2FORB,2,HEMA3,1,2010-03-01 11:15:12,2012-02-29 11:15:30,6,1
222860227010661,76390278010538,2007,39,6,83,604.0,2.0,1,ALPE4,1,ALPE4,3,2010-03-01 11:15:12,2012-02-28 07:07:11,6,1
222860231010661,76390278010538,2007,39,6,83,604.0,2.0,1,BETH,1,BETH,2,2010-03-01 11:15:12,2012-02-28 07:06:26,6,1
222860234010661,76390278010538,2007,39,6,83,604.0,2.0,1,CIAR4,1,CIAR4,1,2010-03-01 11:15:12,2012-02-29 11:15:30,6,1
222860237010661,76390278010538,2007,39,6,83,604.0,2.0,1,HEMA3,1,HEMA3,4,2010-03-01 11:15:12,2012-02-28 07:06:14,6,1
222860243010661,76390278010538,2007,39,6,83,604.0,2.0,1,LOMA6,1,LOMA6,1,2010-03-01 11:15:12,2012-02-29 11:15:33,6,1
222860246010661,76390278010538,2007,39,6,83,604.0,2.0,1,ROMU,1,ROMU,5,2010-03-01 11:15:12,2012-02-28 07:06:56,6,1
222860249010661,76390278010538,2007,39,6,83,604.0,2.0,1,ROPS,1,ROPS,1,2010-03-01 11:15:12,2012-02-29 11:15:30,6,1
222860228010661,76390278010538,2007,39,6,83,604.0,3.0,1,ALPE4,1,ALPE4,1,2010-03-01 11:15:12,2012-02-28 07:05:59,6,1
222860235010661,76390278010538,2007,39,6,83,604.0,3.0,1,CIAR4,1,CIAR4,1,2010-03-01 11:15:12,2012-02-29 11:15:30,6,1
222860238010661,76390278010538,2007,39,6,83,604.0,3.0,1,HEMA3,1,HEMA3,1,2010-03-01 11:15:12,2012-02-28 07:07:26,6,1
222860240010661,76390278010538,2007,39,6,83,604.0,3.0,1,LOJA,1,LOJA,1,2010-03-01 11:15:12,2012-02-28 07:06:13,6,1
222860244010661,76390278010538,2007,39,6,83,604.0,3.0,1,LOMA6,1,LOMA6,5,2010-03-01 11:15:12,2012-02-28 07:06:14,6,1
222860247010661,76390278010538,2007,39,6,83,604.0,3.0,1,ROMU,1,ROMU,1,2010-03-01 11:15:12,2012-02-28 07:07:11,6,1
222860229010661,76390278010538,2007,39,6,83,604.0,4.0,1,ALPE4,1,ALPE4,1,2010-03-01 11:15:12,2012-02-28 07:07:11,6,1
222860232010661,76390278010538,2007,39,6,83,604.0,4.0,1,BETH,1,BETH,1,2010-03-01 11:15:12,2012-02-29 11:15:30,6,1
222860236010661,76390278010538,2007,39,6,83,604.0,4.0,1,CIAR4,1,CIAR4,1,2010-03-01 11:15:12,2012-02-29 11:15:33,6,1
222860241010661,76390278010538,2007,39,6,83,604.0,4.0,1,LOJA,1,LOJA,3,2010-03-01 11:15:12,2012-02-28 07:06:41,6,1
222860245010661,76390278010538,2007,39,6,83,604.0,4.0,1,LOMA6,1,LOMA6,1,2010-03-01 11:15:12,2012-02-29 11:15:33,6,1
222860248010661,76390278010538,2007,39,6,83,604.0,4.0,1,ROMU,1,ROMU,15,2010-03-01 11:15:12,2012-02-28 07:06:13,6,1
222860410010661,76389156010538,2007,39,2,167,404.0,1.0,1,AIAL,1,AIAL,1,2010-03-01 11:15:12,2012-02-28 07:06:25,6,1
222860415010661,76389156010538,2007,39,2,167,404.0,1.0,1,ROMU,1,ROMU,1,2010-03-01 11:15:12,2012-02-29 11:15:30,6,1
222860411010661,76389156010538,2007,39,2,167,404.0,2.0,1,AIAL,1,AIAL,1,2010-03-01 11:15:12,2012-02-29 11:15:30,6,1
222860412010661,76389156010538,2007,39,2,167,404.0,2.0,1,LOJA,1,LOJA,3,2010-03-01 11:15:12,2012-02-28 07:06:13,6,1
222860413010661,76389156010538,2007,39,2,167,404.0,3.0,1,LOJA,1,LOJA,1,2010-03-01 11:15:12,2012-02-29 11:15:30,6,1
222860416010661,76389156010538,2007,39,2,167,404.0,3.0,1,ROMU,1,ROMU,1,2010-03-01 11:15:12,2012-02-29 11:15:33,6,1
222860414010661,76389156010538,2007,39,2,167,404.0,4.0,1,LOJA,1,LOJA,10,2010-03-01 11:15:12,2012-02-28 07:07:10,6,1
222860417010661,76389156010538,2007,39,2,167,404.0,4.0,1,ROMU,1,ROMU,1,2010-03-01 11:15:12,2012-02-29 11:15:30,6,1
222860356010661,76388988010538,2007,39,1,141,800.0,1.0,1,ROMU,1,ROMU,1,2010-03-01 11:15:12,2012-02-28 07:14:38,6,1
222860355010661,76388988010538,2007,39,1,141,800.0,2.0,1,AIAL,1,AIAL,5,2010-03-01 11:15:12,2012-02-28 07:14:38,6,1
222860357010661,76388988010538,2007,39,1,141,800.0,2.0,1,ROMU,1,ROMU,1,2010-03-01 11:15:12,2012-02-28 07:14:38,6,1
222860359010661,76388988010538,2007,39,1,141,800.0,2.0,1,ROPS,1,ROPS,1,2010-03-01 11:15:12,2012-02-28 07:14:09,6,1
222860358010661,76388988010538,2007,39,1,141,800.0,4.0,1,ROMU,1,ROMU,1,2010-03-01 11:15:12,2012-02-28 07:14:38,6,1
222860068010661,76389772010538,2007,39,5,17,722.0,4.0,3,LOJA,1,LOJA,1,2010-03-01 11:15:11,2012-02-29 11:15:33,6,1
222860069010661,76389772010538,2007,39,5,17,722.0,4.0,3,LOMA6,1,LOMA6,16,2010-03-01 11:15:11,2012-02-28 07:07:26,6,1
222860424010661,76389176010538,2007,39,2,167,836.0,2.0,1,LOJA,1,LOJA,5,2010-03-01 11:15:12,2012-02-28 07:11:34,6,1
222860427010661,76389176010538,2007,39,2,167,836.0,2.0,1,ROMU,1,ROMU,20,2010-03-01 11:15:12,2012-02-28 07:13:45,6,1
222860425010661,76389176010538,2007,39,2,167,836.0,3.0,1,LOJA,1,LOJA,10,2010-03-01 11:15:12,2012-02-28 07:11:34,6,1
222860428010661,76389176010538,2007,39,2,167,836.0,3.0,1,ROMU,1,ROMU,40,2010-03-01 11:15:12,2012-02-28 07:13:45,6,1
222860106010661,76389224010538,2007,39,3,31,338.0,3.0,2,CIVU,1,CIVU,1,2010-03-01 11:15:11,2012-02-28 07:12:50,6,1
222860107010661,76389224010538,2007,39,3,31,338.0,3.0,2,MIVI,1,MIVI,1,2010-03-01 11:15:11,2012-02-28 07:14:42,6,1
222860108010661,76389224010538,2007,39,3,31,338.0,3.0,2,ROMU,1,ROMU,2,2010-03-01 11:15:11,2012-02-28 07:12:22,6,1
222859980010661,76388814010538,2007,39,1,1,523.0,2.0,1,CIVU,1,CIVU,1,2010-03-01 11:15:11,2012-02-28 07:14:12,6,1
222859983010661,76388814010538,2007,39,1,1,523.0,2.0,1,ELUM,1,ELUM,1,2010-03-01 11:15:11,2012-02-28 07:11:33,6,1
222859981010661,76388814010538,2007,39,1,1,523.0,3.0,1,CIVU,1,CIVU,1,2010-03-01 11:15:11,2012-02-28 07:14:12,6,1
222859984010661,76388814010538,2007,39,1,1,523.0,3.0,1,ELUM,1,ELUM,1,2010-03-01 11:15:11,2012-02-28 07:11:33,6,1
222859982010661,76388814010538,2007,39,1,1,523.0,4.0,1,CIVU,1,CIVU,1,2010-03-01 11:15:11,2012-02-28 07:14:12,6,1
222859985010661,76388814010538,2007,39,1,1,523.0,4.0,1,LOMO2,1,LOMO2,1,2010-03-01 11:15:11,2012-02-28 07:12:21,6,1
222860278010661,76389094010538,2007,39,2,105,652.0,1.0,1,LOJA,1,LOJA,4,2010-03-01 11:15:12,2012-02-28 07:13:44,6,1
222860279010661,76389094010538,2007,39,2,105,652.0,1.0,1,ROMU,1,ROMU,2,2010-03-01 11:15:12,2012-02-28 07:13:44,6,1
222860280010661,76389094010538,2007,39,2,105,652.0,3.0,2,ROMU,1,ROMU,1,2010-03-01 11:15:12,2012-02-28 07:13:44,6,1
222860282010661,76389094010538,2007,39,2,105,652.0,3.0,2,ROPS,1,ROPS,4,2010-03-01 11:15:12,2012-02-28 07:13:17,6,1
222860277010661,76389094010538,2007,39,2,105,652.0,4.0,1,ELUM,1,ELUM,1,2010-03-01 11:15:12,2012-02-28 07:12:50,6,1
222860281010661,76389094010538,2007,39,2,105,652.0,4.0,1,ROMU,1,ROMU,3,2010-03-01 11:15:12,2012-02-28 07:13:44,6,1
222860169010661,76389928010538,2007,39,5,61,506.0,1.0,1,AIAL,1,AIAL,1,2010-03-01 11:15:12,2012-02-29 11:15:30,6,1
222860170010661,76389928010538,2007,39,5,61,506.0,1.0,1,ALPE4,1,ALPE4,7,2010-03-01 11:15:12,2012-02-28 07:06:26,6,1
222860175010661,76389928010538,2007,39,5,61,506.0,1.0,1,LOMA6,1,LOMA6,1,2010-03-01 11:15:12,2012-02-28 07:05:59,6,1
222860171010661,76389928010538,2007,39,5,61,506.0,2.0,1,ALPE4,1,ALPE4,50,2010-03-01 11:15:12,2012-02-28 07:06:13,6,1
222860176010661,76389928010538,2007,39,5,61,506.0,2.0,1,LOMA6,1,LOMA6,1,2010-03-01 11:15:12,2012-02-29 11:15:30,6,1
222860172010661,76389928010538,2007,39,5,61,506.0,3.0,1,ALPE4,1,ALPE4,10,2010-03-01 11:15:12,2012-02-28 07:05:59,6,1
222860174010661,76389928010538,2007,39,5,61,506.0,3.0,1,LOJA,1,LOJA,1,2010-03-01 11:15:12,2012-02-29 11:15:30,6,1
222860177010661,76389928010538,2007,39,5,61,506.0,3.0,1,LOMA6,1,LOMA6,7,2010-03-01 11:15:12,2012-02-28 07:06:56,6,1
222860173010661,76389928010538,2007,39,5,61,506.0,4.0,1,ALPE4,1,ALPE4,35,2010-03-01 11:15:12,2012-02-28 07:05:46,6,1
222860178010661,76389928010538,2007,39,5,61,506.0,4.0,1,ROMU,1,ROMU,1,2010-03-01 11:15:12,2012-02-29 11:15:33,6,1
222860211010661,76389308010538,2007,39,3,81,18.0,3.0,1,BETH,1,BETH,1,2010-03-01 11:15:12,2012-02-28 07:13:44,6,1
222860214010661,76389308010538,2007,39,3,81,18.0,3.0,1,ELUM,1,ELUM,2,2010-03-01 11:15:12,2012-02-28 07:14:41,6,1
222860216010661,76389308010538,2007,39,3,81,18.0,3.0,1,HEMA3,1,HEMA3,1,2010-03-01 11:15:12,2012-02-28 07:14:41,6,1
222860222010661,76389308010538,2007,39,3,81,18.0,3.0,1,ROMU,1,ROMU,3,2010-03-01 11:15:12,2012-02-28 07:11:33,6,1
222860217010661,76389308010538,2007,39,3,81,18.0,4.0,1,HEMA3,1,HEMA3,3,2010-03-01 11:15:12,2012-02-28 07:14:41,6,1
222859569010661,109827961010661,2008,39,2,9,2363.0,4.0,1,ROMU,1,ROMU,1,2010-03-01 11:15:01,2012-02-28 07:13:29,6,2
222860126010661,76389852010538,2007,39,5,45,241.0,2.0,1,ROMU,1,ROMU,1,2010-03-01 11:15:11,2012-02-28 07:12:47,6,1
222860121010661,76389852010538,2007,39,5,45,241.0,3.0,1,ALPE4,1,ALPE4,25,2010-03-01 11:15:11,2012-02-28 07:11:56,6,1
222860127010661,76389852010538,2007,39,5,45,241.0,3.0,1,ROMU,1,ROMU,1,2010-03-01 11:15:11,2012-02-28 07:12:47,6,1
222860122010661,76389852010538,2007,39,5,45,241.0,4.0,1,ALPE4,1,ALPE4,33,2010-03-01 11:15:11,2012-02-28 07:11:56,6,1
222859562010661,109827735010661,2008,39,4,7,4873.0,1.0,1,ROMU,1,ROMU,1,2010-03-01 11:15:01,2012-02-28 07:14:20,6,2
222859740010661,109827771010661,2008,39,4,99,5047.0,2.0,3,ROMU,1,ROMU,1,2010-03-01 11:15:02,2012-02-28 07:07:06,6,2
222859735010661,109827771010661,2008,39,4,99,5047.0,3.0,1,AIAL,1,AIAL,2,2010-03-01 11:15:02,2012-02-28 07:06:51,6,2
222859737010661,109827771010661,2008,39,4,99,5047.0,3.0,1,ALPE4,1,ALPE4,1,2010-03-01 11:15:02,2012-02-28 07:06:51,6,2
222859741010661,109827771010661,2008,39,4,99,5047.0,3.0,1,ROMU,1,ROMU,3,2010-03-01 11:15:02,2012-02-28 07:05:42,6,2
222859742010661,109827771010661,2008,39,4,99,5047.0,3.0,1,ROPS,1,ROPS,31,2010-03-01 11:15:02,2012-02-28 07:05:42,6,2
222859833010661,109828417010661,2008,39,1,131,2188.0,4.0,1,AIAL,1,AIAL,48,2010-03-01 11:15:02,2012-02-28 07:05:56,6,2
225923456010661,144953427010661,2009,39,2,115,3108.0,3.0,2,ROMU,1,ROMU,2,2010-06-07 06:12:43,2012-02-28 07:12:07,6,3
152864989020004,144954079010661,2009,39,6,117,3433.0,4.0,2,ROMU,1,ROMU,12,2012-12-07 10:11:50,,6,3
152864990020004,144954079010661,2009,39,6,117,3433.0,3.0,2,ROMU,1,ROMU,5,2012-12-07 10:11:50,,6,3
152864991020004,144954079010661,2009,39,6,117,3433.0,2.0,1,ROMU,1,ROMU,40,2012-12-07 10:11:50,,6,3
152864992020004,144954079010661,2009,39,6,117,3433.0,1.0,1,ROMU,1,ROMU,15,2012-12-07 10:11:50,,6,3
152864993020004,144954079010661,2009,39,6,117,3433.0,4.0,2,ALPE4,1,ALPE4,6,2012-12-07 10:11:50,,6,3
152864994020004,144954079010661,2009,39,6,117,3433.0,3.0,2,ALPE4,1,ALPE4,20,2012-12-07 10:11:50,,6,3
152864995020004,144954079010661,2009,39,6,117,3433.0,2.0,1,ALPE4,1,ALPE4,3,2012-12-07 10:11:50,,6,3
152864996020004,144954079010661,2009,39,6,117,3433.0,1.0,1,ALPE4,1,ALPE4,11,2012-12-07 10:11:50,,6,3
152864997020004,144954079010661,2009,39,6,117,3433.0,1.0,1,MIVI,1,MIVI,2,2012-12-07 10:11:50,,6,3
225923092010661,144954179010661,2009,39,6,147,5012.0,1.0,1,BETH,1,BETH,1,2010-06-07 06:12:36,2012-02-28 07:13:01,6,3
225923093010661,144954179010661,2009,39,6,147,5012.0,1.0,1,MIVI,1,MIVI,5,2010-06-07 06:12:36,2012-02-28 07:12:36,6,3
225923095010661,144954179010661,2009,39,6,147,5012.0,1.0,1,ROMU,1,ROMU,4,2010-06-07 06:12:36,2012-02-28 07:12:26,6,3
225923094010661,144954179010661,2009,39,6,147,5012.0,2.0,1,MIVI,1,MIVI,15,2010-06-07 06:12:36,2012-02-28 07:12:36,6,3
225923096010661,144954179010661,2009,39,6,147,5012.0,2.0,1,ROMU,1,ROMU,8,2010-06-07 06:12:36,2012-02-28 07:12:26,6,3
152864406020004,144953287010661,2009,39,3,19,2633.0,4.0,1,ALPE4,1,ALPE4,4,2012-12-07 10:11:45,,6,3
152864407020004,144953287010661,2009,39,3,19,2633.0,1.0,1,ALPE4,1,ALPE4,1,2012-12-07 10:11:45,,6,3
152864408020004,144953287010661,2009,39,3,19,2633.0,4.0,1,ROMU,1,ROMU,3,2012-12-07 10:11:45,,6,3
152864409020004,144953287010661,2009,39,3,19,2633.0,2.0,1,ROMU,1,ROMU,6,2012-12-07 10:11:45,,6,3
152864410020004,144953287010661,2009,39,3,19,2633.0,1.0,1,ROMU,1,ROMU,1,2012-12-07 10:11:45,,6,3
152864411020004,144953287010661,2009,39,3,19,2633.0,1.0,1,ROPS,1,ROPS,1,2012-12-07 10:11:45,,6,3
152864808020004,144953299010661,2009,39,3,67,4888.0,1.0,1,AIAL,1,AIAL,1,2012-12-07 10:11:49,,6,3
152864809020004,144953299010661,2009,39,3,67,4888.0,4.0,2,ELUM,1,ELUM,20,2012-12-07 10:11:49,,6,3
152864810020004,144953299010661,2009,39,3,67,4888.0,3.0,1,ELUM,1,ELUM,17,2012-12-07 10:11:49,,6,3
152864811020004,144953299010661,2009,39,3,67,4888.0,2.0,1,ELUM,1,ELUM,9,2012-12-07 10:11:49,,6,3
152864812020004,144953299010661,2009,39,3,67,4888.0,1.0,1,ELUM,1,ELUM,20,2012-12-07 10:11:49,,6,3
152864813020004,144953299010661,2009,39,3,67,4888.0,4.0,2,MIVI,1,MIVI,1,2012-12-07 10:11:49,,6,3
152864814020004,144953299010661,2009,39,3,67,4888.0,3.0,1,MIVI,1,MIVI,1,2012-12-07 10:11:49,,6,3
152864815020004,144953299010661,2009,39,3,67,4888.0,2.0,1,MIVI,1,MIVI,1,2012-12-07 10:11:49,,6,3
152864816020004,144953299010661,2009,39,3,67,4888.0,1.0,1,MIVI,1,MIVI,1,2012-12-07 10:11:49,,6,3
152864817020004,144953299010661,2009,39,3,67,4888.0,4.0,2,ROMU,1,ROMU,2,2012-12-07 10:11:49,,6,3
152864818020004,144953299010661,2009,39,3,67,4888.0,3.0,1,ROMU,1,ROMU,35,2012-12-07 10:11:49,,6,3
152864819020004,144953299010661,2009,39,3,67,4888.0,2.0,1,ROMU,1,ROMU,10,2012-12-07 10:11:49,,6,3
152864820020004,144953299010661,2009,39,3,67,4888.0,1.0,1,ROMU,1,ROMU,6,2012-12-07 10:11:49,,6,3
152864821020004,144953299010661,2009,39,3,67,4888.0,2.0,1,ROPS,1,ROPS,1,2012-12-07 10:11:49,,6,3
152864822020004,144953299010661,2009,39,3,67,4888.0,1.0,1,ROPS,1,ROPS,1,2012-12-07 10:11:49,,6,3
225923189010661,144953311010661,2009,39,3,13,3705.0,1.0,1,BEVU,1,BEVU,1,2010-06-07 06:12:38,2012-02-28 07:11:38,6,3
225923190010661,144953311010661,2009,39,3,13,3705.0,1.0,1,ROMU,1,ROMU,25,2010-06-07 06:12:38,2012-02-28 07:12:26,6,3
222860284010661,76389096010538,2007,39,2,105,75.0,2.0,2,LOJA,1,LOJA,8,2010-03-01 11:15:12,2012-02-28 07:14:37,6,1
222860287010661,76389096010538,2007,39,2,105,75.0,2.0,2,LOTA,1,LOTA,1,2010-03-01 11:15:12,2012-02-28 07:11:55,6,1
222860292010661,76389096010538,2007,39,2,105,75.0,2.0,2,ROPS,1,ROPS,67,2010-03-01 11:15:12,2012-02-28 07:12:19,6,1
222860285010661,76389096010538,2007,39,2,105,75.0,3.0,1,LOJA,1,LOJA,16,2010-03-01 11:15:12,2012-02-28 07:14:37,6,1
222860289010661,76389096010538,2007,39,2,105,75.0,3.0,1,ROMU,1,ROMU,8,2010-03-01 11:15:12,2012-02-28 07:13:40,6,1
222860293010661,76389096010538,2007,39,2,105,75.0,3.0,1,ROPS,1,ROPS,21,2010-03-01 11:15:12,2012-02-28 07:12:19,6,1
222860286010661,76389096010538,2007,39,2,105,75.0,4.0,3,LOJA,1,LOJA,65,2010-03-01 11:15:12,2012-02-28 07:14:37,6,1
222860290010661,76389096010538,2007,39,2,105,75.0,4.0,3,ROMU,1,ROMU,4,2010-03-01 11:15:12,2012-02-28 07:13:40,6,1
222860294010661,76389096010538,2007,39,2,105,75.0,4.0,3,ROPS,1,ROPS,38,2010-03-01 11:15:12,2012-02-28 07:12:19,6,1
222860189010661,76389280010538,2007,39,3,67,106.0,2.0,1,ROMU,1,ROMU,2,2010-03-01 11:15:12,2012-02-28 07:13:14,6,1
222859563010661,109827735010661,2008,39,4,7,4873.0,4.0,1,ROMU,1,ROMU,5,2010-03-01 11:15:01,2012-02-28 07:14:20,6,2
222859604010661,109828639010661,2008,39,1,15,2715.0,4.0,2,AIAL,1,AIAL,18,2010-03-01 11:15:01,2012-02-28 07:06:36,6,2
222859605010661,109828639010661,2008,39,1,15,2715.0,4.0,2,LIVU,1,LIVU,5,2010-03-01 11:15:01,2012-02-28 07:02:32,6,2
222859606010661,109828639010661,2008,39,1,15,2715.0,4.0,2,LOMA6,1,LOMA6,4,2010-03-01 11:15:01,2012-02-28 07:02:39,6,2
222859607010661,109828639010661,2008,39,1,15,2715.0,4.0,2,ROMU,1,ROMU,4,2010-03-01 11:15:01,2012-02-28 07:06:52,6,2
222859597010661,109827703010661,2008,39,3,13,5524.0,1.0,1,ALPE4,1,ALPE4,1,2010-03-01 11:15:01,2012-02-28 07:14:50,6,2
222859600010661,109827703010661,2008,39,3,13,5524.0,1.0,1,ROMU,1,ROMU,35,2010-03-01 11:15:01,2012-02-28 07:14:20,6,2
222859598010661,109827703010661,2008,39,3,13,5524.0,2.0,1,ALPE4,1,ALPE4,5,2010-03-01 11:15:01,2012-02-28 07:14:50,6,2
222859601010661,109827703010661,2008,39,3,13,5524.0,2.0,1,ROMU,1,ROMU,8,2010-03-01 11:15:01,2012-02-28 07:14:20,6,2
222859602010661,109827703010661,2008,39,3,13,5524.0,3.0,1,ROMU,1,ROMU,15,2010-03-01 11:15:01,2012-02-28 07:14:20,6,2
222859599010661,109827703010661,2008,39,3,13,5524.0,4.0,1,ALPE4,1,ALPE4,3,2010-03-01 11:15:01,2012-02-28 07:14:50,6,2
222859603010661,109827703010661,2008,39,3,13,5524.0,4.0,1,ROMU,1,ROMU,15,2010-03-01 11:15:01,2012-02-28 07:14:20,6,2
222859777010661,109827711010661,2008,39,3,111,1027.0,1.0,1,LONIC,1,LONIC,1,2010-03-01 11:15:02,2012-02-28 07:11:39,6,2
222859778010661,109827711010661,2008,39,3,111,1027.0,1.0,1,ROMU,1,ROMU,2,2010-03-01 11:15:02,2012-02-28 07:12:05,6,2
222859776010661,109827711010661,2008,39,3,111,1027.0,4.0,2,ALPE4,1,ALPE4,1,2010-03-01 11:15:02,2012-02-28 07:13:25,6,2
222859915010661,109827759010661,2008,39,4,155,5061.0,1.0,1,ROMU,1,ROMU,11,2010-03-01 11:15:02,2012-02-28 07:06:51,6,2
222859910010661,109827759010661,2008,39,4,155,5061.0,2.0,1,BETH,1,BETH,3,2010-03-01 11:15:02,2012-02-28 07:02:27,6,2
222859911010661,109827759010661,2008,39,4,155,5061.0,2.0,1,ELUM,1,ELUM,1,2010-03-01 11:15:02,2012-02-28 07:06:09,6,2
222859913010661,109827759010661,2008,39,4,155,5061.0,2.0,1,RHCA3,1,RHCA3,2,2010-03-01 11:15:02,2012-02-28 07:06:09,6,2
222859916010661,109827759010661,2008,39,4,155,5061.0,2.0,1,ROMU,1,ROMU,10,2010-03-01 11:15:02,2012-02-28 07:05:55,6,2
222859912010661,109827759010661,2008,39,4,155,5061.0,3.0,1,ELUM,1,ELUM,8,2010-03-01 11:15:02,2012-02-28 07:06:09,6,2
222859914010661,109827759010661,2008,39,4,155,5061.0,3.0,1,RHCA3,1,RHCA3,1,2010-03-01 11:15:02,2012-02-28 07:07:22,6,2
222859917010661,109827759010661,2008,39,4,155,5061.0,3.0,1,ROMU,1,ROMU,20,2010-03-01 11:15:02,2012-02-28 07:05:55,6,2
222859738010661,109827771010661,2008,39,4,99,5047.0,1.0,1,PHAR3,1,PHAR3,1,2010-03-01 11:15:02,2012-02-28 07:02:58,6,2
222859736010661,109827771010661,2008,39,4,99,5047.0,2.0,3,ALPE4,1,ALPE4,1,2010-03-01 11:15:02,2012-02-29 11:15:33,6,2
222860190010661,76389280010538,2007,39,3,67,106.0,3.0,1,ROMU,1,ROMU,2,2010-03-01 11:15:12,2012-02-28 07:13:14,6,1
222860191010661,76389280010538,2007,39,3,67,106.0,4.0,2,ROMU,1,ROMU,2,2010-03-01 11:15:12,2012-02-28 07:13:14,6,1
222860370010661,76389684010538,2007,39,4,153,515.0,2.0,1,ROMU,1,ROMU,1,2010-03-01 11:15:12,2012-02-28 07:12:19,6,1
222860371010661,76389684010538,2007,39,4,153,515.0,4.0,1,ROMU,1,ROMU,2,2010-03-01 11:15:12,2012-02-28 07:12:19,6,1
222859994010661,76389426010538,2007,39,4,7,120.0,1.0,1,FRAL4,1,FRAL4,1,2010-03-01 11:15:11,2012-02-29 11:15:29,6,1
222859995010661,76389426010538,2007,39,4,7,120.0,2.0,1,FRAL4,1,FRAL4,1,2010-03-01 11:15:11,2012-02-29 11:15:29,6,1
222859996010661,76389426010538,2007,39,4,7,120.0,3.0,1,FRAL4,1,FRAL4,1,2010-03-01 11:15:11,2012-02-28 07:07:26,6,1
222859997010661,76389426010538,2007,39,4,7,120.0,4.0,1,FRAL4,1,FRAL4,1,2010-03-01 11:15:11,2012-02-29 11:15:29,6,1
222860265010661,76388932010538,2007,39,1,87,319.0,1.0,1,LIVU,1,LIVU,1,2010-03-01 11:15:12,2012-02-28 07:05:59,6,1
222860268010661,76388932010538,2007,39,1,87,319.0,1.0,1,LOJA,1,LOJA,1,2010-03-01 11:15:12,2012-02-29 11:15:29,6,1
222860272010661,76388932010538,2007,39,1,87,319.0,1.0,1,ROMU,1,ROMU,1,2010-03-01 11:15:12,2012-02-29 11:15:33,6,1
222860269010661,76388932010538,2007,39,1,87,319.0,2.0,1,LOJA,1,LOJA,5,2010-03-01 11:15:12,2012-02-28 07:06:25,6,1
222860273010661,76388932010538,2007,39,1,87,319.0,2.0,1,ROMU,1,ROMU,5,2010-03-01 11:15:12,2012-02-28 07:06:25,6,1
222860266010661,76388932010538,2007,39,1,87,319.0,3.0,1,LIVU,1,LIVU,1,2010-03-01 11:15:12,2012-02-29 11:15:29,6,1
222860270010661,76388932010538,2007,39,1,87,319.0,3.0,1,LOJA,1,LOJA,2,2010-03-01 11:15:12,2012-02-28 07:05:59,6,1
222860274010661,76388932010538,2007,39,1,87,319.0,3.0,1,ROMU,1,ROMU,3,2010-03-01 11:15:12,2012-02-28 07:05:45,6,1
222860267010661,76388932010538,2007,39,1,87,319.0,4.0,1,LIVU,1,LIVU,1,2010-03-01 11:15:12,2012-02-29 11:15:29,6,1
222860271010661,76388932010538,2007,39,1,87,319.0,4.0,1,LOJA,1,LOJA,1,2010-03-01 11:15:12,2012-02-28 07:07:25,6,1
222860275010661,76388932010538,2007,39,1,87,319.0,4.0,1,ROMU,1,ROMU,3,2010-03-01 11:15:12,2012-02-28 07:06:13,6,1
222860002010661,76389042010538,2007,39,2,9,58.0,4.0,2,LOJA,1,LOJA,10,2010-03-01 11:15:11,2012-02-28 07:13:40,6,1
222860003010661,76389042010538,2007,39,2,9,58.0,4.0,2,ROMU,1,ROMU,15,2010-03-01 11:15:11,2012-02-28 07:11:31,6,1
222860016010661,76389048010538,2007,39,2,9,598.0,2.0,1,ELAN,1,ELAN,3,2010-03-01 11:15:11,2012-02-28 07:06:13,6,1
222860022010661,76389048010538,2007,39,2,9,598.0,2.0,1,LOJA,1,LOJA,1,2010-03-01 11:15:11,2012-02-28 07:06:55,6,1
222860026010661,76389048010538,2007,39,2,9,598.0,2.0,1,LOMA6,1,LOMA6,6,2010-03-01 11:15:11,2012-02-28 07:06:13,6,1
222860030010661,76389048010538,2007,39,2,9,598.0,2.0,1,ROMU,1,ROMU,17,2010-03-01 11:15:11,2012-02-28 07:07:10,6,1
222860017010661,76389048010538,2007,39,2,9,598.0,3.0,1,ELAN,1,ELAN,10,2010-03-01 11:15:11,2012-02-28 07:07:10,6,1
222860023010661,76389048010538,2007,39,2,9,598.0,3.0,1,LOJA,1,LOJA,2,2010-03-01 11:15:11,2012-02-28 07:06:41,6,1
222860027010661,76389048010538,2007,39,2,9,598.0,3.0,1,LOMA6,1,LOMA6,1,2010-03-01 11:15:11,2012-02-29 11:15:29,6,1
222860031010661,76389048010538,2007,39,2,9,598.0,3.0,1,ROMU,1,ROMU,5,2010-03-01 11:15:11,2012-02-28 07:06:13,6,1
222860015010661,76389048010538,2007,39,2,9,598.0,1.0,1,ELAN,1,ELAN,3,2010-03-01 11:15:11,2012-02-28 07:05:59,6,1
222860019010661,76389048010538,2007,39,2,9,598.0,1.0,1,LIVU,1,LIVU,1,2010-03-01 11:15:11,2012-02-29 11:15:29,6,1
222860021010661,76389048010538,2007,39,2,9,598.0,1.0,1,LOJA,1,LOJA,1,2010-03-01 11:15:11,2012-02-29 11:15:29,6,1
222860025010661,76389048010538,2007,39,2,9,598.0,1.0,1,LOMA6,1,LOMA6,1,2010-03-01 11:15:11,2012-02-29 11:15:33,6,1
222860029010661,76389048010538,2007,39,2,9,598.0,1.0,1,ROMU,1,ROMU,1,2010-03-01 11:15:11,2012-02-29 11:15:29,6,1
222860018010661,76389048010538,2007,39,2,9,598.0,4.0,1,ELAN,1,ELAN,5,2010-03-01 11:15:11,2012-02-28 07:07:26,6,1
222860020010661,76389048010538,2007,39,2,9,598.0,4.0,1,LIVU,1,LIVU,1,2010-03-01 11:15:11,2012-02-28 07:06:40,6,1
222860024010661,76389048010538,2007,39,2,9,598.0,4.0,1,LOJA,1,LOJA,5,2010-03-01 11:15:11,2012-02-28 07:07:10,6,1
222860028010661,76389048010538,2007,39,2,9,598.0,4.0,1,LOMA6,1,LOMA6,5,2010-03-01 11:15:11,2012-02-28 07:06:13,6,1
222860032010661,76389048010538,2007,39,2,9,598.0,4.0,1,ROMU,1,ROMU,10,2010-03-01 11:15:11,2012-02-28 07:06:25,6,1
222860119010661,76389852010538,2007,39,5,45,241.0,1.0,1,ALPE4,1,ALPE4,40,2010-03-01 11:15:11,2012-02-28 07:11:56,6,1
222860123010661,76389852010538,2007,39,5,45,241.0,1.0,1,CEOR7,1,CEOR7,1,2010-03-01 11:15:11,2012-02-28 07:11:56,6,1
222860124010661,76389852010538,2007,39,5,45,241.0,1.0,1,LIVU,1,LIVU,1,2010-03-01 11:15:11,2012-02-28 07:14:37,6,1
222860125010661,76389852010538,2007,39,5,45,241.0,1.0,1,ROMU,1,ROMU,1,2010-03-01 11:15:11,2012-02-28 07:12:47,6,1
222860120010661,76389852010538,2007,39,5,45,241.0,2.0,1,ALPE4,1,ALPE4,35,2010-03-01 11:15:11,2012-02-28 07:11:56,6,1
222859712010661,109828083010661,2008,39,1,79,2106.0,3.0,1,LIVU,1,LIVU,1,2010-03-01 11:15:02,2012-02-29 11:15:31,6,2
222859715010661,109828083010661,2008,39,1,79,2106.0,3.0,1,LOJA,1,LOJA,1,2010-03-01 11:15:02,2012-02-29 11:15:31,6,2
222859719010661,109828083010661,2008,39,1,79,2106.0,3.0,1,ROMU,1,ROMU,20,2010-03-01 11:15:02,2012-02-28 07:05:42,6,2
222859716010661,109828083010661,2008,39,1,79,2106.0,4.0,1,LOJA,1,LOJA,60,2010-03-01 11:15:02,2012-02-28 07:06:10,6,2
222859720010661,109828083010661,2008,39,1,79,2106.0,4.0,1,ROMU,1,ROMU,40,2010-03-01 11:15:02,2012-02-28 07:05:56,6,2
222859729010661,109828089010661,2008,39,1,87,3339.0,1.0,1,ROMU,1,ROMU,2,2010-03-01 11:15:02,2012-02-28 07:11:39,6,2
222859730010661,109828089010661,2008,39,1,87,3339.0,2.0,1,ROMU,1,ROMU,3,2010-03-01 11:15:02,2012-02-28 07:11:39,6,2
222859731010661,109828089010661,2008,39,1,87,3339.0,4.0,1,ROMU,1,ROMU,2,2010-03-01 11:15:02,2012-02-28 07:11:39,6,2
222859560010661,109829095010661,2008,39,4,7,5352.0,3.0,1,ROMU,1,ROMU,1,2010-03-01 11:15:01,2012-02-29 11:15:31,6,2
222859834010661,109827873010661,2008,39,4,133,1113.0,4.0,2,ROMU,1,ROMU,2,2010-03-01 11:15:02,2012-02-28 07:14:21,6,2
222859670010661,109827925010661,2008,39,3,59,4848.0,1.0,1,ROMU,1,ROMU,3,2010-03-01 11:15:01,2012-02-28 07:12:35,6,2
222859669010661,109827925010661,2008,39,3,59,4848.0,2.0,1,CIAR4,1,CIAR4,20,2010-03-01 11:15:01,2012-02-28 07:14:23,6,2
222859671010661,109827925010661,2008,39,3,59,4848.0,2.0,1,ROMU,1,ROMU,2,2010-03-01 11:15:01,2012-02-28 07:12:35,6,2
222859672010661,109827925010661,2008,39,3,59,4848.0,3.0,1,ROMU,1,ROMU,2,2010-03-01 11:15:01,2012-02-28 07:12:35,6,2
234803307010661,109827925010661,2008,39,3,59,4848.0,3.0,2,ROMU,1,ROMU,8,2010-03-01 11:15:01,2012-02-28 07:12:35,6,2
222859673010661,109827925010661,2008,39,3,59,4848.0,4.0,1,ROMU,1,ROMU,30,2010-03-01 11:15:01,2012-02-28 07:12:35,6,2
222859564010661,109827961010661,2008,39,2,9,2363.0,2.0,2,LIVU,1,LIVU,1,2010-03-01 11:15:01,2012-02-28 07:14:54,6,2
222859566010661,109827961010661,2008,39,2,9,2363.0,2.0,2,LOJA,1,LOJA,1,2010-03-01 11:15:01,2012-02-28 07:13:29,6,2
222859567010661,109827961010661,2008,39,2,9,2363.0,2.0,2,ROMU,1,ROMU,2,2010-03-01 11:15:01,2012-02-28 07:13:29,6,2
222859565010661,109827961010661,2008,39,2,9,2363.0,3.0,1,LIVU,1,LIVU,1,2010-03-01 11:15:01,2012-02-28 07:14:54,6,2
222859568010661,109827961010661,2008,39,2,9,2363.0,3.0,1,ROMU,1,ROMU,6,2010-03-01 11:15:01,2012-02-28 07:13:29,6,2
225922759010661,144954021010661,2009,39,1,141,1212.0,2.0,1,ALPE4,1,ALPE4,1,2010-06-07 06:12:32,2012-02-28 07:12:35,6,3
225922761010661,144954021010661,2009,39,1,141,1212.0,3.0,1,ROMU,1,ROMU,14,2010-06-07 06:12:32,2012-02-28 07:11:43,6,3
152864998020004,144954107010661,2009,39,5,49,1720.0,4.0,1,ALPE4,1,ALPE4,5,2012-12-07 10:11:50,,6,3
152864999020004,144954107010661,2009,39,5,49,1720.0,2.0,1,ALPE4,1,ALPE4,1,2012-12-07 10:11:50,,6,3
152865000020004,144954107010661,2009,39,5,49,1720.0,4.0,1,CIAR4,1,CIAR4,10,2012-12-07 10:11:50,,6,3
152865001020004,144954107010661,2009,39,5,49,1720.0,1.0,1,CIAR4,1,CIAR4,5,2012-12-07 10:11:50,,6,3
152865002020004,144954107010661,2009,39,5,49,1720.0,4.0,1,ELUM,1,ELUM,18,2012-12-07 10:11:50,,6,3
152865003020004,144954107010661,2009,39,5,49,1720.0,2.0,1,ELUM,1,ELUM,3,2012-12-07 10:11:50,,6,3
152865004020004,144954107010661,2009,39,5,49,1720.0,1.0,1,ELUM,1,ELUM,18,2012-12-07 10:11:50,,6,3
152865005020004,144954107010661,2009,39,5,49,1720.0,4.0,1,LOMA6,1,LOMA6,1,2012-12-07 10:11:50,,6,3
152865006020004,144954107010661,2009,39,5,49,1720.0,2.0,1,LOMA6,1,LOMA6,80,2012-12-07 10:11:50,,6,3
152865007020004,144954107010661,2009,39,5,49,1720.0,1.0,1,LOMA6,1,LOMA6,1,2012-12-07 10:11:50,,6,3
152865008020004,144954107010661,2009,39,5,49,1720.0,2.0,1,ROMU,1,ROMU,6,2012-12-07 10:11:50,,6,3
152865009020004,144954107010661,2009,39,5,49,1720.0,1.0,1,ROPS,1,ROPS,1,2012-12-07 10:11:50,,6,3
225923022010661,144954147010661,2009,39,1,71,3242.0,3.0,1,LOJA,1,LOJA,1,2010-06-07 06:12:35,2012-02-28 07:12:35,6,3
225923023010661,144954147010661,2009,39,1,71,3242.0,3.0,1,ROMU,1,ROMU,1,2010-06-07 06:12:35,2012-02-28 07:14:54,6,3
225923024010661,144954147010661,2009,39,1,71,3242.0,4.0,1,ROMU,1,ROMU,1,2010-06-07 06:12:35,2012-02-28 07:14:54,6,3
152865010020004,144954149010661,2009,39,1,71,5390.0,4.0,1,LOJA,1,LOJA,2,2012-12-07 10:11:50,,6,3
152865011020004,144954149010661,2009,39,1,71,5390.0,3.0,1,LOJA,1,LOJA,1,2012-12-07 10:11:50,,6,3
152865012020004,144954149010661,2009,39,1,71,5390.0,2.0,1,LOJA,1,LOJA,12,2012-12-07 10:11:50,,6,3
152865013020004,144954149010661,2009,39,1,71,5390.0,1.0,1,LOJA,1,LOJA,6,2012-12-07 10:11:50,,6,3
152865014020004,144954149010661,2009,39,1,71,5390.0,4.0,1,MIVI,1,MIVI,3,2012-12-07 10:11:50,,6,3
152865015020004,144954149010661,2009,39,1,71,5390.0,3.0,1,MIVI,1,MIVI,1,2012-12-07 10:11:50,,6,3
152865016020004,144954149010661,2009,39,1,71,5390.0,2.0,1,MIVI,1,MIVI,3,2012-12-07 10:11:50,,6,3
152865017020004,144954149010661,2009,39,1,71,5390.0,1.0,1,MIVI,1,MIVI,1,2012-12-07 10:11:50,,6,3
152865018020004,144954149010661,2009,39,1,71,5390.0,4.0,1,ROMU,1,ROMU,7,2012-12-07 10:11:50,,6,3
152865019020004,144954149010661,2009,39,1,71,5390.0,3.0,1,ROMU,1,ROMU,3,2012-12-07 10:11:50,,6,3
152865020020004,144954149010661,2009,39,1,71,5390.0,2.0,1,ROMU,1,ROMU,15,2012-12-07 10:11:50,,6,3
152865021020004,144954149010661,2009,39,1,71,5390.0,1.0,1,ROMU,1,ROMU,13,2012-12-07 10:11:50,,6,3
152865022020004,144954149010661,2009,39,1,71,5390.0,2.0,1,ROPS,1,ROPS,40,2012-12-07 10:11:50,,6,3
225917739010661,144954903010661,2009,39,5,37,5121.0,3.0,2,ALPE4,1,ALPE4,2,2010-06-07 06:12:07,2012-02-28 07:12:27,6,3
225917740010661,144954903010661,2009,39,5,37,5121.0,3.0,2,ROMU,1,ROMU,1,2010-06-07 06:12:07,2012-02-28 07:14:18,6,3
225923393010661,144953401010661,2009,39,3,59,3793.0,1.0,1,CEBI2,1,CESTM,1,2010-06-07 06:12:42,2012-02-28 07:12:26,6,3
225923394010661,144953401010661,2009,39,3,59,3793.0,1.0,1,ROMU,1,ROMU,5,2010-06-07 06:12:42,2012-02-28 07:11:38,6,3
225923395010661,144953401010661,2009,39,3,59,3793.0,2.0,1,ROMU,1,ROMU,1,2010-06-07 06:12:42,2012-02-28 07:11:38,6,3
225923398010661,144953401010661,2009,39,3,59,3793.0,2.0,1,ROPS,1,ROPS,1,2010-06-07 06:12:42,2012-02-28 07:11:38,6,3
225923396010661,144953401010661,2009,39,3,59,3793.0,3.0,1,ROMU,1,ROMU,30,2010-06-07 06:12:42,2012-02-28 07:11:38,6,3
225923397010661,144953401010661,2009,39,3,59,3793.0,4.0,1,ROMU,1,ROMU,11,2010-06-07 06:12:42,2012-02-28 07:11:38,6,3
152864548020004,144953531010661,2009,39,3,119,1245.0,3.0,2,LOJA,1,LOJA,3,2012-12-07 10:11:47,,6,3
152864549020004,144953531010661,2009,39,3,119,1245.0,3.0,2,LYNU,1,LYNU,15,2012-12-07 10:11:47,,6,3
152864550020004,144953531010661,2009,39,3,119,1245.0,3.0,2,ROMU,1,ROMU,75,2012-12-07 10:11:47,,6,3
152865066020004,144953567010661,2009,39,1,53,2364.0,2.0,1,LOJA,1,LOJA,55,2012-12-07 10:11:50,,6,3
152865067020004,144953567010661,2009,39,1,53,2364.0,1.0,1,LOJA,1,LOJA,38,2012-12-07 10:11:50,,6,3
152865068020004,144953567010661,2009,39,1,53,2364.0,2.0,1,ROMU,1,ROMU,1,2012-12-07 10:11:50,,6,3
152865069020004,144953567010661,2009,39,1,53,2364.0,1.0,1,ROMU,1,ROMU,10,2012-12-07 10:11:50,,6,3
152865070020004,144953593010661,2009,39,4,55,1176.0,2.0,1,FRAL4,1,FRAL4,2,2012-12-07 10:11:50,,6,3
152865071020004,144953593010661,2009,39,4,55,1176.0,1.0,1,FRAL4,1,FRAL4,2,2012-12-07 10:11:50,,6,3
152865072020004,144953593010661,2009,39,4,55,1176.0,4.0,1,LIVU,1,LIVU,2,2012-12-07 10:11:50,,6,3
152865073020004,144953593010661,2009,39,4,55,1176.0,2.0,1,MIVI,1,MIVI,1,2012-12-07 10:11:50,,6,3
152865074020004,144953593010661,2009,39,4,55,1176.0,4.0,1,ROMU,1,ROMU,2,2012-12-07 10:11:50,,6,3
1860495773290487,1287128501290487,2024,39,2,163,2417.0,3.0,1,ROMU,1,ROMU,2,2025-05-21 06:05:55,,8,7
1860495774290487,1287128501290487,2024,39,2,163,2417.0,4.0,1,ROMU,1,ROMU,10,2025-05-21 06:05:55,,8,7
1860496901290487,1287128520290487,2024,39,3,59,5447.0,4.0,2,BETH,1,BETH,1,2025-05-21 06:05:59,,8,7
1860496902290487,1287128520290487,2024,39,3,59,5447.0,1.0,2,ELAN,1,ELAN,15,2025-05-21 06:05:59,,8,7
1860496903290487,1287128520290487,2024,39,3,59,5447.0,2.0,2,ELAN,1,ELAN,10,2025-05-21 06:05:59,,8,7
1860496904290487,1287128520290487,2024,39,3,59,5447.0,4.0,2,ELAN,1,ELAN,20,2025-05-21 06:05:59,,8,7
1860496905290487,1287128520290487,2024,39,3,59,5447.0,1.0,2,ROMU,1,ROMU,20,2025-05-21 06:05:59,,8,7
1860496906290487,1287128520290487,2024,39,3,59,5447.0,2.0,2,ROMU,1,ROMU,60,2025-05-21 06:05:59,,8,7
1860496907290487,1287128520290487,2024,39,3,59,5447.0,4.0,2,ROMU,1,ROMU,90,2025-05-21 06:05:59,,8,7
1860494072290487,1287128242290487,2024,39,5,23,3896.0,1.0,1,ALPE4,1,ALPE4,2,2025-05-21 06:05:47,,8,7
1860494073290487,1287128242290487,2024,39,5,23,3896.0,4.0,1,ALPE4,1,ALPE4,1,2025-05-21 06:05:47,,8,7
1860494074290487,1287128242290487,2024,39,5,23,3896.0,3.0,1,HEHE,1,HEHE,1,2025-05-21 06:05:47,,8,7
1860494075290487,1287128242290487,2024,39,5,23,3896.0,1.0,1,LIVU,1,LIVU,1,2025-05-21 06:05:47,,8,7
1860494076290487,1287128242290487,2024,39,5,23,3896.0,3.0,1,LIVU,1,LIVU,1,2025-05-21 06:05:47,,8,7
1860494077290487,1287128242290487,2024,39,5,23,3896.0,1.0,1,LONIC,1,LONIC,60,2025-05-21 06:05:47,,8,7
1860494078290487,1287128242290487,2024,39,5,23,3896.0,3.0,1,LONIC,1,LONIC,80,2025-05-21 06:05:47,,8,7
1860494079290487,1287128242290487,2024,39,5,23,3896.0,4.0,1,LONIC,1,LONIC,75,2025-05-21 06:05:47,,8,7
1860494080290487,1287128242290487,2024,39,5,23,3896.0,1.0,1,ROMU,1,ROMU,2,2025-05-21 06:05:47,,8,7
1860494081290487,1287128242290487,2024,39,5,23,3896.0,3.0,1,ROMU,1,ROMU,1,2025-05-21 06:05:47,,8,7
1860494210290487,1287128299290487,2024,39,1,141,3423.0,1.0,1,AIAL,1,AIAL,1,2025-05-21 06:05:47,,8,7
1860494211290487,1287128299290487,2024,39,1,141,3423.0,4.0,1,AIAL,1,AIAL,1,2025-05-21 06:05:47,,8,7
1860494212290487,1287128299290487,2024,39,1,141,3423.0,4.0,1,BEVU,1,BEVU,1,2025-05-21 06:05:47,,8,7
1860494213290487,1287128299290487,2024,39,1,141,3423.0,4.0,1,CEOR7,1,CEOR7,6,2025-05-21 06:05:47,,8,7
1860494214290487,1287128299290487,2024,39,1,141,3423.0,1.0,1,MIVI,1,MIVI,2,2025-05-21 06:05:47,,8,7
1860494215290487,1287128299290487,2024,39,1,141,3423.0,3.0,1,MIVI,1,MIVI,2,2025-05-21 06:05:47,,8,7
1860494216290487,1287128299290487,2024,39,1,141,3423.0,4.0,1,MIVI,1,MIVI,10,2025-05-21 06:05:47,,8,7
1860494217290487,1287128299290487,2024,39,1,141,3423.0,1.0,1,ROMU,1,ROMU,1,2025-05-21 06:05:47,,8,7
1860494218290487,1287128299290487,2024,39,1,141,3423.0,3.0,1,ROMU,1,ROMU,1,2025-05-21 06:05:47,,8,7
1860494219290487,1287128299290487,2024,39,1,141,3423.0,4.0,1,ROMU,1,ROMU,1,2025-05-21 06:05:47,,8,7
756266882290487,511207338126144,2019,39,4,155,5061.0,2.0,1,BETH,1,BETH,1,2020-06-23 13:44:34,,8,2
756266883290487,511207338126144,2019,39,4,155,5061.0,1.0,1,FRAL4,1,FRAL4,1,2020-06-23 13:44:34,,8,2
756266884290487,511207338126144,2019,39,4,155,5061.0,2.0,1,FRAL4,1,FRAL4,1,2020-06-23 13:44:34,,8,2
756266885290487,511207338126144,2019,39,4,155,5061.0,3.0,1,FRAL4,1,FRAL4,6,2020-06-23 13:44:34,,8,2
756266886290487,511207338126144,2019,39,4,155,5061.0,1.0,1,ROMU,1,ROMU,3,2020-06-23 13:44:34,,8,2
756266887290487,511207338126144,2019,39,4,155,5061.0,2.0,1,ROMU,1,ROMU,7,2020-06-23 13:44:34,,8,2
756266888290487,511207338126144,2019,39,4,155,5061.0,3.0,1,ROMU,1,ROMU,10,2020-06-23 13:44:34,,8,2
756264453290487,511207372126144,2019,39,2,167,2110.0,4.0,1,BETH,1,BETH,2,2020-06-23 13:44:24,,8,2
756264454290487,511207372126144,2019,39,2,167,2110.0,1.0,1,LOJA,1,LOJA,4,2020-06-23 13:44:24,,8,2
756264455290487,511207372126144,2019,39,2,167,2110.0,2.0,1,LOJA,1,LOJA,1,2020-06-23 13:44:24,,8,2
756264456290487,511207372126144,2019,39,2,167,2110.0,3.0,1,LOJA,1,LOJA,1,2020-06-23 13:44:24,,8,2
756264457290487,511207372126144,2019,39,2,167,2110.0,4.0,1,LOJA,1,LOJA,2,2020-06-23 13:44:24,,8,2
756264458290487,511207372126144,2019,39,2,167,2110.0,3.0,1,MIVI,1,MIVI,3,2020-06-23 13:44:24,,8,2
756264459290487,511207372126144,2019,39,2,167,2110.0,1.0,1,ROMU,1,ROMU,2,2020-06-23 13:44:24,,8,2
756264460290487,511207372126144,2019,39,2,167,2110.0,2.0,1,ROMU,1,ROMU,3,2020-06-23 13:44:24,,8,2
756264461290487,511207372126144,2019,39,2,167,2110.0,3.0,1,ROMU,1,ROMU,2,2020-06-23 13:44:24,,8,2
756264462290487,511207372126144,2019,39,2,167,2110.0,4.0,1,ROMU,1,ROMU,2,2020-06-23 13:44:24,,8,2
756265190290487,511207433126144,2019,39,1,87,319.0,2.0,1,AIAL,1,AIAL,5,2020-06-23 13:44:28,,8,2
756265191290487,511207433126144,2019,39,1,87,319.0,3.0,1,BETH,1,BETH,2,2020-06-23 13:44:28,,8,2
756265192290487,511207433126144,2019,39,1,87,319.0,3.0,1,CEOR7,1,CEOR7,1,2020-06-23 13:44:28,,8,2
756265193290487,511207433126144,2019,39,1,87,319.0,4.0,1,CEOR7,1,CEOR7,1,2020-06-23 13:44:28,,8,2
756265194290487,511207433126144,2019,39,1,87,319.0,1.0,1,ELUM,1,ELUM,2,2020-06-23 13:44:28,,8,2
756265195290487,511207433126144,2019,39,1,87,319.0,2.0,1,ELUM,1,ELUM,2,2020-06-23 13:44:28,,8,2
756265196290487,511207433126144,2019,39,1,87,319.0,3.0,1,ELUM,1,ELUM,1,2020-06-23 13:44:28,,8,2
756265197290487,511207433126144,2019,39,1,87,319.0,4.0,1,ELUM,1,ELUM,4,2020-06-23 13:44:28,,8,2
756265198290487,511207433126144,2019,39,1,87,319.0,1.0,1,LIVU,1,LIVU,1,2020-06-23 13:44:28,,8,2
756265199290487,511207433126144,2019,39,1,87,319.0,2.0,1,LIVU,1,LIVU,1,2020-06-23 13:44:28,,8,2
756265200290487,511207433126144,2019,39,1,87,319.0,4.0,1,LIVU,1,LIVU,3,2020-06-23 13:44:28,,8,2
756265201290487,511207433126144,2019,39,1,87,319.0,1.0,1,LOJA,1,LOJA,5,2020-06-23 13:44:28,,8,2
756265202290487,511207433126144,2019,39,1,87,319.0,2.0,1,LOJA,1,LOJA,5,2020-06-23 13:44:28,,8,2
756265203290487,511207433126144,2019,39,1,87,319.0,3.0,1,LOJA,1,LOJA,3,2020-06-23 13:44:28,,8,2
756265204290487,511207433126144,2019,39,1,87,319.0,4.0,1,LOJA,1,LOJA,6,2020-06-23 13:44:28,,8,2
756265205290487,511207433126144,2019,39,1,87,319.0,4.0,1,LONIC,1,LONIC,1,2020-06-23 13:44:28,,8,2
756265206290487,511207433126144,2019,39,1,87,319.0,2.0,1,MIVI,1,MIVI,2,2020-06-23 13:44:28,,8,2
756265207290487,511207433126144,2019,39,1,87,319.0,3.0,1,MIVI,1,MIVI,1,2020-06-23 13:44:28,,8,2
756265208290487,511207433126144,2019,39,1,87,319.0,4.0,1,MIVI,1,MIVI,1,2020-06-23 13:44:28,,8,2
756265209290487,511207433126144,2019,39,1,87,319.0,1.0,1,ROMU,1,ROMU,5,2020-06-23 13:44:28,,8,2
756265210290487,511207433126144,2019,39,1,87,319.0,2.0,1,ROMU,1,ROMU,5,2020-06-23 13:44:28,,8,2
756265211290487,511207433126144,2019,39,1,87,319.0,3.0,1,ROMU,1,ROMU,3,2020-06-23 13:44:28,,8,2
756265212290487,511207433126144,2019,39,1,87,319.0,4.0,1,ROMU,1,ROMU,25,2020-06-23 13:44:28,,8,2
756267616290487,511207384126144,2019,39,4,7,120.0,1.0,1,FRAL4,1,FRAL4,1,2020-06-23 13:44:37,,8,2
756267617290487,511207384126144,2019,39,4,7,120.0,2.0,1,FRAL4,1,FRAL4,1,2020-06-23 13:44:37,,8,2
756267618290487,511207384126144,2019,39,4,7,120.0,3.0,1,FRAL4,1,FRAL4,2,2020-06-23 13:44:37,,8,2
756267619290487,511207384126144,2019,39,4,7,120.0,4.0,1,FRAL4,1,FRAL4,1,2020-06-23 13:44:37,,8,2
756268090290487,511207380126144,2019,39,4,7,1794.0,4.0,1,ELUM,1,ELUM,1,2020-06-23 13:44:39,,8,2
756268091290487,511207380126144,2019,39,4,7,1794.0,1.0,1,FRAL4,1,FRAL4,1,2020-06-23 13:44:39,,8,2
756268092290487,511207380126144,2019,39,4,7,1794.0,2.0,1,FRAL4,1,FRAL4,6,2020-06-23 13:44:39,,8,2
756268093290487,511207380126144,2019,39,4,7,1794.0,3.0,1,FRAL4,1,FRAL4,1,2020-06-23 13:44:39,,8,2
756268094290487,511207380126144,2019,39,4,7,1794.0,4.0,1,FRAL4,1,FRAL4,10,2020-06-23 13:44:39,,8,2
756268095290487,511207380126144,2019,39,4,7,1794.0,3.0,1,LYNU,1,LYNU,1,2020-06-23 13:44:39,,8,2
756268096290487,511207380126144,2019,39,4,7,1794.0,2.0,1,ROMU,1,ROMU,20,2020-06-23 13:44:39,,8,2
756268097290487,511207380126144,2019,39,4,7,1794.0,4.0,1,ROMU,1,ROMU,5,2020-06-23 13:44:39,,8,2
756265407290487,511207371126144,2019,39,2,167,563.0,2.0,1,LOJA,1,LOJA,1,2020-06-23 13:44:28,,8,2
756265408290487,511207371126144,2019,39,2,167,563.0,3.0,1,LOJA,1,LOJA,1,2020-06-23 13:44:28,,8,2
756265409290487,511207371126144,2019,39,2,167,563.0,4.0,1,LOJA,1,LOJA,3,2020-06-23 13:44:28,,8,2
756265410290487,511207371126144,2019,39,2,167,563.0,4.0,1,MIVI,1,MIVI,1,2020-06-23 13:44:28,,8,2
756265841290487,511207818126144,2019,39,5,17,2698.0,1.0,1,MIVI,1,MIVI,1,2020-06-23 13:44:30,,8,2
756265842290487,511207818126144,2019,39,5,17,2698.0,2.0,1,MIVI,1,MIVI,1,2020-06-23 13:44:30,,8,2
756265843290487,511207818126144,2019,39,5,17,2698.0,3.0,1,MIVI,1,MIVI,1,2020-06-23 13:44:30,,8,2
756265844290487,511207818126144,2019,39,5,17,2698.0,4.0,1,MIVI,1,MIVI,5,2020-06-23 13:44:30,,8,2
756265845290487,511207818126144,2019,39,5,17,2698.0,1.0,1,ROPS,1,ROPS,10,2020-06-23 13:44:30,,8,2
756265846290487,511207818126144,2019,39,5,17,2698.0,3.0,1,ROPS,1,ROPS,1,2020-06-23 13:44:30,,8,2
756265847290487,511207818126144,2019,39,5,17,2698.0,4.0,1,ROPS,1,ROPS,5,2020-06-23 13:44:30,,8,2
756266093290487,511207347126144,2019,39,3,19,71.0,1.0,1,ALPE4,1,ALPE4,5,2020-06-23 13:44:31,,8,2
756266094290487,511207347126144,2019,39,3,19,71.0,2.0,1,ALPE4,1,ALPE4,12,2020-06-23 13:44:31,,8,2
756266095290487,511207347126144,2019,39,3,19,71.0,1.0,1,BETH,1,BETH,2,2020-06-23 13:44:31,,8,2
756266096290487,511207347126144,2019,39,3,19,71.0,1.0,1,MIVI,1,MIVI,1,2020-06-23 13:44:31,,8,2
756266097290487,511207347126144,2019,39,3,19,71.0,1.0,1,ROMU,1,ROMU,60,2020-06-23 13:44:31,,8,2
756266098290487,511207347126144,2019,39,3,19,71.0,2.0,1,ROMU,1,ROMU,25,2020-06-23 13:44:31,,8,2
756266281290487,511207345126144,2019,39,4,99,5047.0,2.0,2,LONIC,1,LONIC,15,2020-06-23 13:44:32,,8,2
756266282290487,511207345126144,2019,39,4,99,5047.0,2.0,2,ROMU,1,ROMU,15,2020-06-23 13:44:32,,8,2
756266483290487,511207430126144,2019,39,1,87,1103.0,3.0,2,LOJA,1,LOJA,65,2020-06-23 13:44:33,,8,2
756266484290487,511207430126144,2019,39,1,87,1103.0,3.0,2,MIVI,1,MIVI,45,2020-06-23 13:44:33,,8,2
756266485290487,511207430126144,2019,39,1,87,1103.0,3.0,2,ROMU,1,ROMU,30,2020-06-23 13:44:33,,8,2
1860497182290487,1287128224290487,2024,39,6,91,2885.0,3.0,1,LYNU,1,LYNU,5,2025-05-21 06:06:00,,8,7
1860497183290487,1287128224290487,2024,39,6,91,2885.0,2.0,1,PHAR3,1,PHAR3,2,2025-05-21 06:06:00,,8,7
1860497184290487,1287128224290487,2024,39,6,91,2885.0,1.0,1,ROMU,1,ROMU,20,2025-05-21 06:06:00,,8,7
1860497185290487,1287128224290487,2024,39,6,91,2885.0,2.0,1,ROMU,1,ROMU,1,2025-05-21 06:06:00,,8,7
1860497186290487,1287128224290487,2024,39,6,91,2885.0,3.0,1,ROMU,1,ROMU,5,2025-05-21 06:06:00,,8,7
1860493687290487,1287128054290487,2024,39,5,113,5833.0,2.0,2,LIVU,1,LIVU,1,2025-05-21 06:05:44,,8,7
1860493688290487,1287128054290487,2024,39,5,113,5833.0,2.0,2,LONIC,1,LONIC,15,2025-05-21 06:05:44,,8,7
1860493689290487,1287128054290487,2024,39,5,113,5833.0,2.0,2,ROMU,1,ROMU,1,2025-05-21 06:05:44,,8,7
1860493738290487,1287128078290487,2024,39,1,145,5581.0,3.0,1,AIAL,1,AIAL,1,2025-05-21 06:05:46,,8,7
1860493739290487,1287128078290487,2024,39,1,145,5581.0,4.0,2,AIAL,1,AIAL,1,2025-05-21 06:05:46,,8,7
1860493740290487,1287128078290487,2024,39,1,145,5581.0,3.0,1,CEOR7,1,CEOR7,1,2025-05-21 06:05:46,,8,7
1860493741290487,1287128078290487,2024,39,1,145,5581.0,3.0,1,LIVU,1,LIVU,5,2025-05-21 06:05:46,,8,7
1860493742290487,1287128078290487,2024,39,1,145,5581.0,2.0,1,LOJA,1,LOJA,15,2025-05-21 06:05:46,,8,7
1860493743290487,1287128078290487,2024,39,1,145,5581.0,3.0,1,LOJA,1,LOJA,2,2025-05-21 06:05:46,,8,7
1860493744290487,1287128078290487,2024,39,1,145,5581.0,3.0,1,PATO2,1,PATO2,7,2025-05-21 06:05:46,,8,7
1860493745290487,1287128078290487,2024,39,1,145,5581.0,1.0,1,ROMU,1,ROMU,1,2025-05-21 06:05:46,,8,7
1860493746290487,1287128078290487,2024,39,1,145,5581.0,2.0,1,ROMU,1,ROMU,1,2025-05-21 06:05:46,,8,7
1860493747290487,1287128078290487,2024,39,1,145,5581.0,3.0,1,ROMU,1,ROMU,1,2025-05-21 06:05:46,,8,7
1860495765290487,1287128501290487,2024,39,2,163,2417.0,1.0,1,ELUM,1,ELUM,1,2025-05-21 06:05:55,,8,7
1860495766290487,1287128501290487,2024,39,2,163,2417.0,3.0,1,ELUM,1,ELUM,1,2025-05-21 06:05:55,,8,7
1860495767290487,1287128501290487,2024,39,2,163,2417.0,4.0,1,ELUM,1,ELUM,1,2025-05-21 06:05:55,,8,7
1860495768290487,1287128501290487,2024,39,2,163,2417.0,3.0,1,LOJA,1,LOJA,1,2025-05-21 06:05:55,,8,7
1860495769290487,1287128501290487,2024,39,2,163,2417.0,4.0,1,LOJA,1,LOJA,1,2025-05-21 06:05:55,,8,7
1860495770290487,1287128501290487,2024,39,2,163,2417.0,4.0,1,MIVI,1,MIVI,3,2025-05-21 06:05:55,,8,7
1860495771290487,1287128501290487,2024,39,2,163,2417.0,1.0,1,ROMU,1,ROMU,2,2025-05-21 06:05:55,,8,7
1860495772290487,1287128501290487,2024,39,2,163,2417.0,2.0,1,ROMU,1,ROMU,1,2025-05-21 06:05:55,,8,7
756266687290487,511207328126144,2019,39,2,167,404.0,3.0,1,ALPE4,1,ALPE4,1,2020-06-23 13:44:34,,8,2
756266688290487,511207328126144,2019,39,2,167,404.0,1.0,1,LOJA,1,LOJA,2,2020-06-23 13:44:34,,8,2
756266689290487,511207328126144,2019,39,2,167,404.0,2.0,1,LOJA,1,LOJA,20,2020-06-23 13:44:34,,8,2
756266690290487,511207328126144,2019,39,2,167,404.0,3.0,1,LOJA,1,LOJA,5,2020-06-23 13:44:34,,8,2
756266691290487,511207328126144,2019,39,2,167,404.0,4.0,1,LOJA,1,LOJA,45,2020-06-23 13:44:34,,8,2
756266692290487,511207328126144,2019,39,2,167,404.0,1.0,1,LONIC,1,LONIC,1,2020-06-23 13:44:34,,8,2
756266693290487,511207328126144,2019,39,2,167,404.0,1.0,1,ROMU,1,ROMU,1,2020-06-23 13:44:34,,8,2
756266694290487,511207328126144,2019,39,2,167,404.0,2.0,1,ROMU,1,ROMU,2,2020-06-23 13:44:34,,8,2
756266695290487,511207328126144,2019,39,2,167,404.0,3.0,1,ROMU,1,ROMU,3,2020-06-23 13:44:34,,8,2
756266696290487,511207328126144,2019,39,2,167,404.0,4.0,1,ROMU,1,ROMU,3,2020-06-23 13:44:34,,8,2
756267086290487,511207592126144,2019,39,1,1,5799.0,4.0,1,ROMU,1,ROMU,1,2020-06-23 13:44:35,,8,2
756267087290487,511207592126144,2019,39,1,1,5799.0,4.0,1,ROPS,1,ROPS,5,2020-06-23 13:44:35,,8,2
756267078290487,511207592126144,2019,39,1,1,5799.0,1.0,1,LOJA,1,LOJA,20,2020-06-23 13:44:35,,8,2
756267079290487,511207592126144,2019,39,1,1,5799.0,3.0,1,LOJA,1,LOJA,5,2020-06-23 13:44:35,,8,2
756267080290487,511207592126144,2019,39,1,1,5799.0,4.0,1,LOJA,1,LOJA,2,2020-06-23 13:44:35,,8,2
756267081290487,511207592126144,2019,39,1,1,5799.0,1.0,1,MIVI,1,MIVI,5,2020-06-23 13:44:35,,8,2
756267082290487,511207592126144,2019,39,1,1,5799.0,3.0,1,MIVI,1,MIVI,60,2020-06-23 13:44:35,,8,2
756267083290487,511207592126144,2019,39,1,1,5799.0,4.0,1,MIVI,1,MIVI,80,2020-06-23 13:44:35,,8,2
756267084290487,511207592126144,2019,39,1,1,5799.0,1.0,1,ROMU,1,ROMU,3,2020-06-23 13:44:35,,8,2
756267085290487,511207592126144,2019,39,1,1,5799.0,3.0,1,ROMU,1,ROMU,5,2020-06-23 13:44:35,,8,2
756264709290487,511207362126144,2019,39,3,121,472.0,1.0,1,ALPE4,1,ALPE4,2,2020-06-23 13:44:25,,8,2
756264710290487,511207362126144,2019,39,3,121,472.0,1.0,1,BETH,1,BETH,5,2020-06-23 13:44:25,,8,2
756264711290487,511207362126144,2019,39,3,121,472.0,2.0,1,BETH,1,BETH,3,2020-06-23 13:44:25,,8,2
756264712290487,511207362126144,2019,39,3,121,472.0,3.0,1,BETH,1,BETH,4,2020-06-23 13:44:25,,8,2
756264713290487,511207362126144,2019,39,3,121,472.0,4.0,1,BETH,1,BETH,8,2020-06-23 13:44:25,,8,2
756264714290487,511207362126144,2019,39,3,121,472.0,1.0,1,CEOR7,1,CEOR7,2,2020-06-23 13:44:25,,8,2
756264715290487,511207362126144,2019,39,3,121,472.0,3.0,1,CEOR7,1,CEOR7,65,2020-06-23 13:44:25,,8,2
756264716290487,511207362126144,2019,39,3,121,472.0,4.0,1,CEOR7,1,CEOR7,40,2020-06-23 13:44:25,,8,2
756264717290487,511207362126144,2019,39,3,121,472.0,1.0,1,ELUM,1,ELUM,40,2020-06-23 13:44:25,,8,2
756264718290487,511207362126144,2019,39,3,121,472.0,2.0,1,ELUM,1,ELUM,8,2020-06-23 13:44:25,,8,2
756264719290487,511207362126144,2019,39,3,121,472.0,3.0,1,ELUM,1,ELUM,10,2020-06-23 13:44:25,,8,2
756265411290487,511207371126144,2019,39,2,167,563.0,1.0,1,ROMU,1,ROMU,1,2020-06-23 13:44:28,,8,2
756265412290487,511207371126144,2019,39,2,167,563.0,2.0,1,ROMU,1,ROMU,1,2020-06-23 13:44:28,,8,2
756265413290487,511207371126144,2019,39,2,167,563.0,3.0,1,ROMU,1,ROMU,1,2020-06-23 13:44:28,,8,2
756265414290487,511207371126144,2019,39,2,167,563.0,4.0,1,ROMU,1,ROMU,5,2020-06-23 13:44:28,,8,2
756265614290487,511207402126144,2019,39,3,157,1208.0,3.0,3,ELUM,1,ELUM,35,2020-06-23 13:44:29,,8,2
756265615290487,511207402126144,2019,39,3,157,1208.0,4.0,3,ELUM,1,ELUM,60,2020-06-23 13:44:29,,8,2
756265616290487,511207402126144,2019,39,3,157,1208.0,3.0,3,ROMU,1,ROMU,15,2020-06-23 13:44:29,,8,2
756265617290487,511207402126144,2019,39,3,157,1208.0,4.0,3,ROMU,1,ROMU,50,2020-06-23 13:44:29,,8,2
756265825290487,511207818126144,2019,39,5,17,2698.0,2.0,1,ALPE4,1,ALPE4,2,2020-06-23 13:44:30,,8,2
756265826290487,511207818126144,2019,39,5,17,2698.0,4.0,1,ALPE4,1,ALPE4,3,2020-06-23 13:44:30,,8,2
756265827290487,511207818126144,2019,39,5,17,2698.0,3.0,1,CEOR7,1,CEOR7,1,2020-06-23 13:44:30,,8,2
756265828290487,511207818126144,2019,39,5,17,2698.0,4.0,1,CEOR7,1,CEOR7,5,2020-06-23 13:44:30,,8,2
756265829290487,511207818126144,2019,39,5,17,2698.0,1.0,1,LIVU,1,LIVU,1,2020-06-23 13:44:30,,8,2
756265830290487,511207818126144,2019,39,5,17,2698.0,2.0,1,LIVU,1,LIVU,1,2020-06-23 13:44:30,,8,2
756265831290487,511207818126144,2019,39,5,17,2698.0,3.0,1,LIVU,1,LIVU,3,2020-06-23 13:44:30,,8,2
756265832290487,511207818126144,2019,39,5,17,2698.0,4.0,1,LIVU,1,LIVU,2,2020-06-23 13:44:30,,8,2
756265833290487,511207818126144,2019,39,5,17,2698.0,1.0,1,LOJA,1,LOJA,2,2020-06-23 13:44:30,,8,2
756265834290487,511207818126144,2019,39,5,17,2698.0,2.0,1,LOJA,1,LOJA,1,2020-06-23 13:44:30,,8,2
756265835290487,511207818126144,2019,39,5,17,2698.0,3.0,1,LOJA,1,LOJA,1,2020-06-23 13:44:30,,8,2
756265836290487,511207818126144,2019,39,5,17,2698.0,4.0,1,LOJA,1,LOJA,2,2020-06-23 13:44:30,,8,2
756265837290487,511207818126144,2019,39,5,17,2698.0,1.0,1,LONIC,1,LONIC,65,2020-06-23 13:44:30,,8,2
756265838290487,511207818126144,2019,39,5,17,2698.0,2.0,1,LONIC,1,LONIC,90,2020-06-23 13:44:30,,8,2
756265839290487,511207818126144,2019,39,5,17,2698.0,3.0,1,LONIC,1,LONIC,70,2020-06-23 13:44:30,,8,2
756265840290487,511207818126144,2019,39,5,17,2698.0,4.0,1,LONIC,1,LONIC,55,2020-06-23 13:44:30,,8,2
1860494855290487,1287128014290487,2024,39,5,37,1088.0,3.0,2,ROMU,1,ROMU,1,2025-05-21 06:05:50,,8,7
1860494911290487,1287128051290487,2024,39,5,113,3539.0,2.0,2,LONIC,1,LONIC,90,2025-05-21 06:05:50,,8,7
1860494912290487,1287128051290487,2024,39,5,113,3539.0,2.0,2,ROMU,1,ROMU,1,2025-05-21 06:05:50,,8,7
1860495966290487,1287128553290487,2024,39,5,57,990.0,3.0,2,ALPE4,1,ALPE4,1,2025-05-21 06:05:55,,8,7
1860495967290487,1287128553290487,2024,39,5,57,990.0,3.0,2,LONIC,1,LONIC,10,2025-05-21 06:05:55,,8,7
1860495968290487,1287128553290487,2024,39,5,57,990.0,3.0,2,ROMU,1,ROMU,2,2025-05-21 06:05:55,,8,7
1860497348290487,1287128408290487,2024,39,5,89,1958.0,4.0,1,ALPE4,1,ALPE4,1,2025-05-21 06:06:00,,8,7
1860497349290487,1287128408290487,2024,39,5,89,1958.0,4.0,3,ALPE4,1,ALPE4,1,2025-05-21 06:06:00,,8,7
1860497350290487,1287128408290487,2024,39,5,89,1958.0,2.0,1,ELUM,1,ELUM,1,2025-05-21 06:06:00,,8,7
1860497351290487,1287128408290487,2024,39,5,89,1958.0,2.0,1,LIVU,1,LIVU,2,2025-05-21 06:06:00,,8,7
1860497352290487,1287128408290487,2024,39,5,89,1958.0,3.0,3,LIVU,1,LIVU,2,2025-05-21 06:06:00,,8,7
1860497353290487,1287128408290487,2024,39,5,89,1958.0,2.0,1,ROMU,1,ROMU,1,2025-05-21 06:06:00,,8,7
1860497354290487,1287128408290487,2024,39,5,89,1958.0,3.0,3,ROMU,1,ROMU,28,2025-05-21 06:06:00,,8,7
1860495435290487,1287128238290487,2024,39,6,21,3537.0,1.0,1,ALPE4,1,ALPE4,2,2025-05-21 06:05:53,,8,7
1860495436290487,1287128238290487,2024,39,6,21,3537.0,2.0,1,ALPE4,1,ALPE4,5,2025-05-21 06:05:53,,8,7
1860495437290487,1287128238290487,2024,39,6,21,3537.0,4.0,2,ALPE4,1,ALPE4,1,2025-05-21 06:05:53,,8,7
1860495438290487,1287128238290487,2024,39,6,21,3537.0,1.0,1,CIAR4,1,CIAR4,3,2025-05-21 06:05:53,,8,7
1860495439290487,1287128238290487,2024,39,6,21,3537.0,3.0,1,CIAR4,1,CIAR4,2,2025-05-21 06:05:53,,8,7
1860495440290487,1287128238290487,2024,39,6,21,3537.0,1.0,1,LONIC,1,LONIC,15,2025-05-21 06:05:53,,8,7
1860495441290487,1287128238290487,2024,39,6,21,3537.0,2.0,1,LONIC,1,LONIC,70,2025-05-21 06:05:53,,8,7
1860495442290487,1287128238290487,2024,39,6,21,3537.0,3.0,1,LONIC,1,LONIC,2,2025-05-21 06:05:53,,8,7
1860495443290487,1287128238290487,2024,39,6,21,3537.0,4.0,2,LONIC,1,LONIC,25,2025-05-21 06:05:53,,8,7
1860495444290487,1287128238290487,2024,39,6,21,3537.0,1.0,1,MIVI,1,MIVI,5,2025-05-21 06:05:53,,8,7
1860495445290487,1287128238290487,2024,39,6,21,3537.0,2.0,1,MIVI,1,MIVI,5,2025-05-21 06:05:53,,8,7
1860495446290487,1287128238290487,2024,39,6,21,3537.0,3.0,1,MIVI,1,MIVI,25,2025-05-21 06:05:53,,8,7
1860495447290487,1287128238290487,2024,39,6,21,3537.0,4.0,2,MIVI,1,MIVI,1,2025-05-21 06:05:53,,8,7
1860495448290487,1287128238290487,2024,39,6,21,3537.0,1.0,1,ROMU,1,ROMU,10,2025-05-21 06:05:53,,8,7
1860495449290487,1287128238290487,2024,39,6,21,3537.0,2.0,1,ROMU,1,ROMU,15,2025-05-21 06:05:53,,8,7
1860495450290487,1287128238290487,2024,39,6,21,3537.0,3.0,1,ROMU,1,ROMU,2,2025-05-21 06:05:53,,8,7
1860495451290487,1287128238290487,2024,39,6,21,3537.0,4.0,2,ROMU,1,ROMU,8,2025-05-21 06:05:53,,8,7
1860496209290487,1287128278290487,2024,39,5,129,4055.0,4.0,1,ALPE4,1,ALPE4,1,2025-05-21 06:05:56,,8,7
1860496210290487,1287128278290487,2024,39,5,129,4055.0,1.0,1,LONIC,1,LONIC,80,2025-05-21 06:05:56,,8,7
1860496211290487,1287128278290487,2024,39,5,129,4055.0,4.0,1,LONIC,1,LONIC,40,2025-05-21 06:05:56,,8,7
1860496212290487,1287128278290487,2024,39,5,129,4055.0,1.0,1,ROMU,1,ROMU,5,2025-05-21 06:05:56,,8,7
1860496213290487,1287128278290487,2024,39,5,129,4055.0,4.0,1,ROMU,1,ROMU,60,2025-05-21 06:05:56,,8,7
1860496309290487,1287128307290487,2024,39,1,145,3813.0,3.0,1,AIAL,1,AIAL,3,2025-05-21 06:05:56,,8,7
1860496310290487,1287128307290487,2024,39,1,145,3813.0,4.0,1,AIAL,1,AIAL,2,2025-05-21 06:05:56,,8,7
1860496311290487,1287128307290487,2024,39,1,145,3813.0,1.0,1,LIVU,1,LIVU,3,2025-05-21 06:05:56,,8,7
1860496312290487,1287128307290487,2024,39,1,145,3813.0,4.0,1,LIVU,1,LIVU,20,2025-05-21 06:05:56,,8,7
1860496313290487,1287128307290487,2024,39,1,145,3813.0,1.0,1,LOJA,1,LOJA,75,2025-05-21 06:05:56,,8,7
1860496314290487,1287128307290487,2024,39,1,145,3813.0,2.0,1,LOJA,1,LOJA,2,2025-05-21 06:05:56,,8,7
1860496315290487,1287128307290487,2024,39,1,145,3813.0,3.0,1,LOJA,1,LOJA,1,2025-05-21 06:05:56,,8,7
1860496316290487,1287128307290487,2024,39,1,145,3813.0,4.0,1,LOJA,1,LOJA,60,2025-05-21 06:05:56,,8,7
1860496317290487,1287128307290487,2024,39,1,145,3813.0,1.0,1,LONIC,1,LONIC,2,2025-05-21 06:05:56,,8,7
1860496318290487,1287128307290487,2024,39,1,145,3813.0,2.0,1,LONIC,1,LONIC,1,2025-05-21 06:05:56,,8,7
1860496319290487,1287128307290487,2024,39,1,145,3813.0,3.0,1,LONIC,1,LONIC,1,2025-05-21 06:05:56,,8,7
1860496320290487,1287128307290487,2024,39,1,145,3813.0,4.0,1,LONIC,1,LONIC,1,2025-05-21 06:05:56,,8,7
1860494854290487,1287128014290487,2024,39,5,37,1088.0,3.0,2,LYNU,1,LYNU,1,2025-05-21 06:05:50,,8,7
1860496321290487,1287128307290487,2024,39,1,145,3813.0,1.0,1,MIVI,1,MIVI,25,2025-05-21 06:05:56,,8,7
1860496322290487,1287128307290487,2024,39,1,145,3813.0,2.0,1,MIVI,1,MIVI,1,2025-05-21 06:05:56,,8,7
1860496323290487,1287128307290487,2024,39,1,145,3813.0,3.0,1,MIVI,1,MIVI,2,2025-05-21 06:05:56,,8,7
1860496324290487,1287128307290487,2024,39,1,145,3813.0,4.0,1,MIVI,1,MIVI,20,2025-05-21 06:05:56,,8,7
1860496325290487,1287128307290487,2024,39,1,145,3813.0,1.0,1,ROMU,1,ROMU,2,2025-05-21 06:05:56,,8,7
1860496326290487,1287128307290487,2024,39,1,145,3813.0,3.0,1,ROMU,1,ROMU,1,2025-05-21 06:05:56,,8,7
1860496327290487,1287128307290487,2024,39,1,145,3813.0,4.0,1,ROMU,1,ROMU,3,2025-05-21 06:05:56,,8,7
1860496328290487,1287128307290487,2024,39,1,145,3813.0,1.0,1,ROPS,1,ROPS,1,2025-05-21 06:05:56,,8,7
1860496329290487,1287128307290487,2024,39,1,145,3813.0,4.0,1,ROPS,1,ROPS,6,2025-05-21 06:05:56,,8,7
1860496308290487,1287128307290487,2024,39,1,145,3813.0,1.0,1,AIAL,1,AIAL,3,2025-05-21 06:05:56,,8,7
1860497685290487,1287128208290487,2024,39,4,43,1882.0,1.0,1,ALPE4,1,ALPE4,1,2025-05-21 06:06:02,,8,7
1860497686290487,1287128208290487,2024,39,4,43,1882.0,2.0,1,ALPE4,1,ALPE4,1,2025-05-21 06:06:02,,8,7
1860497687290487,1287128208290487,2024,39,4,43,1882.0,4.0,1,ALPE4,1,ALPE4,5,2025-05-21 06:06:02,,8,7
1860497688290487,1287128208290487,2024,39,4,43,1882.0,1.0,1,BETH,1,BETH,1,2025-05-21 06:06:02,,8,7
1860497689290487,1287128208290487,2024,39,4,43,1882.0,1.0,1,ELUM,1,ELUM,2,2025-05-21 06:06:02,,8,7
1860497690290487,1287128208290487,2024,39,4,43,1882.0,2.0,1,ELUM,1,ELUM,80,2025-05-21 06:06:02,,8,7
1860497691290487,1287128208290487,2024,39,4,43,1882.0,3.0,1,ELUM,1,ELUM,1,2025-05-21 06:06:02,,8,7
1860497692290487,1287128208290487,2024,39,4,43,1882.0,4.0,1,ELUM,1,ELUM,3,2025-05-21 06:06:02,,8,7
1860497693290487,1287128208290487,2024,39,4,43,1882.0,1.0,1,LONIC,1,LONIC,5,2025-05-21 06:06:02,,8,7
1860497694290487,1287128208290487,2024,39,4,43,1882.0,2.0,1,LONIC,1,LONIC,5,2025-05-21 06:06:02,,8,7
1860497695290487,1287128208290487,2024,39,4,43,1882.0,3.0,1,LONIC,1,LONIC,3,2025-05-21 06:06:02,,8,7
1860497696290487,1287128208290487,2024,39,4,43,1882.0,4.0,1,LONIC,1,LONIC,3,2025-05-21 06:06:02,,8,7
1860497697290487,1287128208290487,2024,39,4,43,1882.0,1.0,1,ROMU,1,ROMU,5,2025-05-21 06:06:02,,8,7
1860497698290487,1287128208290487,2024,39,4,43,1882.0,2.0,1,ROMU,1,ROMU,15,2025-05-21 06:06:02,,8,7
1860497699290487,1287128208290487,2024,39,4,43,1882.0,3.0,1,ROMU,1,ROMU,5,2025-05-21 06:06:02,,8,7
1860497700290487,1287128208290487,2024,39,4,43,1882.0,4.0,1,ROMU,1,ROMU,4,2025-05-21 06:06:02,,8,7
1860497701290487,1287128208290487,2024,39,4,43,1882.0,2.0,1,ROPS,1,ROPS,1,2025-05-21 06:06:02,,8,7
1860497702290487,1287128208290487,2024,39,4,43,1882.0,3.0,1,ROPS,1,ROPS,1,2025-05-21 06:06:02,,8,7
1860493920290487,1287128118290487,2024,39,6,69,5636.0,2.0,2,ALPE4,1,ALPE4,1,2025-05-21 06:05:46,,8,7
756263533290487,511207288126144,2019,39,3,13,410.0,1.0,1,ROPS,1,ROPS,10,2020-06-23 13:44:19,,8,2
756263534290487,511207288126144,2019,39,3,13,410.0,4.0,1,ROPS,1,ROPS,25,2020-06-23 13:44:19,,8,2
756268499290487,511207376126144,2019,39,2,105,2981.0,1.0,1,LOJA,1,LOJA,5,2020-06-23 13:44:40,,8,2
756268500290487,511207376126144,2019,39,2,105,2981.0,2.0,1,LOJA,1,LOJA,2,2020-06-23 13:44:40,,8,2
756268501290487,511207376126144,2019,39,2,105,2981.0,3.0,1,LOJA,1,LOJA,5,2020-06-23 13:44:40,,8,2
756268502290487,511207376126144,2019,39,2,105,2981.0,1.0,1,MIVI,1,MIVI,1,2020-06-23 13:44:40,,8,2
756268503290487,511207376126144,2019,39,2,105,2981.0,2.0,1,MIVI,1,MIVI,5,2020-06-23 13:44:40,,8,2
756268504290487,511207376126144,2019,39,2,105,2981.0,3.0,1,MIVI,1,MIVI,2,2020-06-23 13:44:40,,8,2
756268505290487,511207376126144,2019,39,2,105,2981.0,1.0,1,ROMU,1,ROMU,20,2020-06-23 13:44:40,,8,2
756268506290487,511207376126144,2019,39,2,105,2981.0,2.0,1,ROMU,1,ROMU,10,2020-06-23 13:44:40,,8,2
756268507290487,511207376126144,2019,39,2,105,2981.0,3.0,1,ROMU,1,ROMU,3,2020-06-23 13:44:40,,8,2
756268670290487,511207536126144,2019,39,1,141,646.0,2.0,1,LOJA,1,LOJA,15,2020-06-23 13:44:41,,8,2
756268671290487,511207536126144,2019,39,1,141,646.0,3.0,1,MIVI,1,MIVI,3,2020-06-23 13:44:41,,8,2
1287981608290487,611080696126144,2020,39,1,141,5028.0,3.0,2,LOJA,1,LOJA,1,2023-02-24 11:40:47,,8,3
1287981609290487,611080696126144,2020,39,1,141,5028.0,3.0,2,MIVI,1,MIVI,2,2023-02-24 11:40:47,,8,3
1287981610290487,611080696126144,2020,39,1,141,5028.0,3.0,2,ROMU,1,ROMU,1,2023-02-24 11:40:47,,8,3
1287977132290487,611080545126144,2020,39,2,105,3458.0,1.0,1,ALPE4,1,ALPE4,5,2023-02-24 11:40:34,,8,3
1287977133290487,611080545126144,2020,39,2,105,3458.0,2.0,1,ALPE4,1,ALPE4,2,2023-02-24 11:40:34,,8,3
1287977134290487,611080545126144,2020,39,2,105,3458.0,3.0,1,ALPE4,1,ALPE4,1,2023-02-24 11:40:34,,8,3
1287977135290487,611080545126144,2020,39,2,105,3458.0,4.0,1,ALPE4,1,ALPE4,1,2023-02-24 11:40:34,,8,3
1287977136290487,611080545126144,2020,39,2,105,3458.0,1.0,1,ELUM,1,ELUM,1,2023-02-24 11:40:34,,8,3
1287977137290487,611080545126144,2020,39,2,105,3458.0,4.0,1,ELUM,1,ELUM,2,2023-02-24 11:40:34,,8,3
1287977138290487,611080545126144,2020,39,2,105,3458.0,1.0,1,LOJA,1,LOJA,15,2023-02-24 11:40:34,,8,3
1287977139290487,611080545126144,2020,39,2,105,3458.0,2.0,1,LOJA,1,LOJA,3,2023-02-24 11:40:34,,8,3
1287977140290487,611080545126144,2020,39,2,105,3458.0,3.0,1,LOJA,1,LOJA,13,2023-02-24 11:40:34,,8,3
1287977141290487,611080545126144,2020,39,2,105,3458.0,4.0,1,LOJA,1,LOJA,50,2023-02-24 11:40:34,,8,3
1287977142290487,611080545126144,2020,39,2,105,3458.0,2.0,1,LYNU,1,LYNU,6,2023-02-24 11:40:34,,8,3
1287977143290487,611080545126144,2020,39,2,105,3458.0,3.0,1,LYNU,1,LYNU,4,2023-02-24 11:40:34,,8,3
1287977144290487,611080545126144,2020,39,2,105,3458.0,1.0,1,MIVI,1,MIVI,2,2023-02-24 11:40:34,,8,3
1287977145290487,611080545126144,2020,39,2,105,3458.0,2.0,1,MIVI,1,MIVI,15,2023-02-24 11:40:34,,8,3
1287977146290487,611080545126144,2020,39,2,105,3458.0,3.0,1,MIVI,1,MIVI,6,2023-02-24 11:40:34,,8,3
1287977147290487,611080545126144,2020,39,2,105,3458.0,4.0,1,MIVI,1,MIVI,1,2023-02-24 11:40:34,,8,3
1287977148290487,611080545126144,2020,39,2,105,3458.0,1.0,1,ROMU,1,ROMU,7,2023-02-24 11:40:34,,8,3
1287977149290487,611080545126144,2020,39,2,105,3458.0,2.0,1,ROMU,1,ROMU,10,2023-02-24 11:40:34,,8,3
1287977150290487,611080545126144,2020,39,2,105,3458.0,3.0,1,ROMU,1,ROMU,11,2023-02-24 11:40:34,,8,3
1287977151290487,611080545126144,2020,39,2,105,3458.0,4.0,1,ROMU,1,ROMU,13,2023-02-24 11:40:34,,8,3
1287981703290487,611080836126144,2020,39,1,15,2715.0,4.0,2,LONIC,1,LONIC,20,2023-02-24 11:40:48,,8,3
1287981704290487,611080836126144,2020,39,1,15,2715.0,4.0,2,MIVI,1,MIVI,85,2023-02-24 11:40:48,,8,3
1287981705290487,611080836126144,2020,39,1,15,2715.0,4.0,2,ROMU,1,ROMU,8,2023-02-24 11:40:48,,8,3
1287977536290487,611080402126144,2020,39,3,111,3407.0,3.0,2,LIVU,1,LIVU,2,2023-02-24 11:40:36,,8,3
1287977537290487,611080402126144,2020,39,3,111,3407.0,3.0,2,ROMU,1,ROMU,2,2023-02-24 11:40:36,,8,3
1287977538290487,611080402126144,2020,39,3,111,3407.0,3.0,2,ROPS,1,ROPS,5,2023-02-24 11:40:36,,8,3
1287977609290487,611080481126144,2020,39,2,115,3640.0,1.0,1,LOJA,1,LOJA,2,2023-02-24 11:40:36,,8,3
1287977610290487,611080481126144,2020,39,2,115,3640.0,3.0,1,LOJA,1,LOJA,1,2023-02-24 11:40:36,,8,3
1287977611290487,611080481126144,2020,39,2,115,3640.0,4.0,1,LOJA,1,LOJA,2,2023-02-24 11:40:36,,8,3
1287977612290487,611080481126144,2020,39,2,115,3640.0,4.0,1,LONIC,1,LONIC,1,2023-02-24 11:40:36,,8,3
1287977613290487,611080481126144,2020,39,2,115,3640.0,1.0,1,MIVI,1,MIVI,2,2023-02-24 11:40:36,,8,3
1287977614290487,611080481126144,2020,39,2,115,3640.0,3.0,1,MIVI,1,MIVI,1,2023-02-24 11:40:36,,8,3
1287977615290487,611080481126144,2020,39,2,115,3640.0,4.0,1,MIVI,1,MIVI,1,2023-02-24 11:40:36,,8,3
1287977616290487,611080481126144,2020,39,2,115,3640.0,1.0,1,ROMU,1,ROMU,5,2023-02-24 11:40:36,,8,3
1287977617290487,611080481126144,2020,39,2,115,3640.0,2.0,2,ROMU,1,ROMU,1,2023-02-24 11:40:36,,8,3
1860494408290487,1287128475290487,2024,39,3,119,2977.0,1.0,1,BETH,1,BETH,1,2025-05-21 06:05:48,,8,7
1860494409290487,1287128475290487,2024,39,3,119,2977.0,4.0,1,LIVU,1,LIVU,5,2025-05-21 06:05:48,,8,7
1860494410290487,1287128475290487,2024,39,3,119,2977.0,1.0,1,LONIC,1,LONIC,2,2025-05-21 06:05:48,,8,7
1860494411290487,1287128475290487,2024,39,3,119,2977.0,2.0,1,MIVI,1,MIVI,5,2025-05-21 06:05:48,,8,7
1860494412290487,1287128475290487,2024,39,3,119,2977.0,3.0,1,MIVI,1,MIVI,1,2025-05-21 06:05:48,,8,7
1860494413290487,1287128475290487,2024,39,3,119,2977.0,4.0,1,MIVI,1,MIVI,2,2025-05-21 06:05:48,,8,7
1860494414290487,1287128475290487,2024,39,3,119,2977.0,1.0,1,ROMU,1,ROMU,5,2025-05-21 06:05:48,,8,7
1860494415290487,1287128475290487,2024,39,3,119,2977.0,2.0,1,ROMU,1,ROMU,7,2025-05-21 06:05:48,,8,7
1860494416290487,1287128475290487,2024,39,3,119,2977.0,3.0,1,ROMU,1,ROMU,15,2025-05-21 06:05:48,,8,7
1860494417290487,1287128475290487,2024,39,3,119,2977.0,4.0,1,ROMU,1,ROMU,15,2025-05-21 06:05:48,,8,7
1967482929290487,1543501000290487,2025,39,4,29,606.0,1.0,1,ALPE4,1,ALPE4,5,2026-06-04 09:25:04,,9,1
1967482930290487,1543501000290487,2025,39,4,29,606.0,2.0,2,ALPE4,1,ALPE4,15,2026-06-04 09:25:04,,9,1
1967482931290487,1543501000290487,2025,39,4,29,606.0,3.0,1,ALPE4,1,ALPE4,5,2026-06-04 09:25:04,,9,1
1967482932290487,1543501000290487,2025,39,4,29,606.0,4.0,1,ALPE4,1,ALPE4,5,2026-06-04 09:25:04,,9,1
1967482933290487,1543501000290487,2025,39,4,29,606.0,1.0,1,ELUM,1,ELUM,10,2026-06-04 09:25:04,,9,1
1967482934290487,1543501000290487,2025,39,4,29,606.0,2.0,2,ELUM,1,ELUM,10,2026-06-04 09:25:04,,9,1
1967482935290487,1543501000290487,2025,39,4,29,606.0,3.0,1,ELUM,1,ELUM,10,2026-06-04 09:25:04,,9,1
1967482936290487,1543501000290487,2025,39,4,29,606.0,4.0,1,ELUM,1,ELUM,5,2026-06-04 09:25:04,,9,1
1967482937290487,1543501000290487,2025,39,4,29,606.0,1.0,1,LOMO2,1,LOMO2,5,2026-06-04 09:25:04,,9,1
1967482938290487,1543501000290487,2025,39,4,29,606.0,2.0,2,LOMO2,1,LOMO2,10,2026-06-04 09:25:04,,9,1
1967482939290487,1543501000290487,2025,39,4,29,606.0,3.0,1,LOMO2,1,LOMO2,5,2026-06-04 09:25:04,,9,1
1967482940290487,1543501000290487,2025,39,4,29,606.0,4.0,1,LOMO2,1,LOMO2,5,2026-06-04 09:25:04,,9,1
1967482941290487,1543501000290487,2025,39,4,29,606.0,1.0,1,ROMU,1,ROMU,45,2026-06-04 09:25:04,,9,1
1967482942290487,1543501000290487,2025,39,4,29,606.0,2.0,2,ROMU,1,ROMU,70,2026-06-04 09:25:04,,9,1
1967482943290487,1543501000290487,2025,39,4,29,606.0,3.0,1,ROMU,1,ROMU,75,2026-06-04 09:25:04,,9,1
1967482944290487,1543501000290487,2025,39,4,29,606.0,4.0,1,ROMU,1,ROMU,25,2026-06-04 09:25:04,,9,1
1967482945290487,1543501000290487,2025,39,4,29,606.0,1.0,1,ROPS,1,ROPS,30,2026-06-04 09:25:04,,9,1
1967482946290487,1543501000290487,2025,39,4,29,606.0,2.0,2,ROPS,1,ROPS,10,2026-06-04 09:25:04,,9,1
1967482947290487,1543501000290487,2025,39,4,29,606.0,4.0,1,ROPS,1,ROPS,25,2026-06-04 09:25:04,,9,1
1967483093290487,1543501083290487,2025,39,2,105,556.0,3.0,1,AIAL,1,AIAL,1,2026-06-04 09:25:04,,9,1
1967483094290487,1543501083290487,2025,39,2,105,556.0,2.0,1,CEOR7,1,CEOR7,2,2026-06-04 09:25:04,,9,1
1967483095290487,1543501083290487,2025,39,2,105,556.0,4.0,1,CIVU,1,CIVU,1,2026-06-04 09:25:04,,9,1
1967483096290487,1543501083290487,2025,39,2,105,556.0,1.0,1,ELUM,1,ELUM,1,2026-06-04 09:25:04,,9,1
1967483097290487,1543501083290487,2025,39,2,105,556.0,1.0,1,LOJA,1,LOJA,1,2026-06-04 09:25:04,,9,1
1967483098290487,1543501083290487,2025,39,2,105,556.0,2.0,1,LOJA,1,LOJA,20,2026-06-04 09:25:04,,9,1
1967483099290487,1543501083290487,2025,39,2,105,556.0,3.0,1,LOJA,1,LOJA,5,2026-06-04 09:25:04,,9,1
1967483100290487,1543501083290487,2025,39,2,105,556.0,4.0,1,LOJA,1,LOJA,2,2026-06-04 09:25:04,,9,1
1967483101290487,1543501083290487,2025,39,2,105,556.0,1.0,1,MIVI,1,MIVI,25,2026-06-04 09:25:04,,9,1
1967483102290487,1543501083290487,2025,39,2,105,556.0,2.0,1,MIVI,1,MIVI,25,2026-06-04 09:25:04,,9,1
1967483103290487,1543501083290487,2025,39,2,105,556.0,3.0,1,MIVI,1,MIVI,10,2026-06-04 09:25:04,,9,1
1967483104290487,1543501083290487,2025,39,2,105,556.0,4.0,1,MIVI,1,MIVI,60,2026-06-04 09:25:04,,9,1
1967483105290487,1543501083290487,2025,39,2,105,556.0,1.0,1,ROMU,1,ROMU,1,2026-06-04 09:25:04,,9,1
1967483106290487,1543501083290487,2025,39,2,105,556.0,2.0,1,ROMU,1,ROMU,5,2026-06-04 09:25:04,,9,1
1967483107290487,1543501083290487,2025,39,2,105,556.0,3.0,1,ROMU,1,ROMU,2,2026-06-04 09:25:04,,9,1
1967483108290487,1543501083290487,2025,39,2,105,556.0,4.0,1,ROMU,1,ROMU,1,2026-06-04 09:25:04,,9,1
1967484106290487,1543501119290487,2025,39,4,155,542.0,2.0,2,FRAL4,1,FRAL4,1,2026-06-04 09:25:07,,9,1
1967484107290487,1543501119290487,2025,39,4,155,542.0,2.0,2,LIVU,1,LIVU,1,2026-06-04 09:25:07,,9,1
1967484108290487,1543501119290487,2025,39,4,155,542.0,2.0,2,LOMO2,1,LOMO2,2,2026-06-04 09:25:07,,9,1
1967484109290487,1543501119290487,2025,39,4,155,542.0,2.0,2,ROMU,1,ROMU,1,2026-06-04 09:25:07,,9,1
1967484340290487,1543500901290487,2025,39,6,11,41.0,2.0,1,LONIC,1,LONIC,1,2026-06-04 09:25:08,,9,1
1967484341290487,1543500901290487,2025,39,6,11,41.0,4.0,1,LONIC,1,LONIC,5,2026-06-04 09:25:08,,9,1
1967484561290487,1543501044290487,2025,39,4,151,562.0,3.0,2,ELUM,1,ELUM,30,2026-06-04 09:25:09,,9,1
1967484562290487,1543501044290487,2025,39,4,151,562.0,3.0,2,LONIC,1,LONIC,1,2026-06-04 09:25:09,,9,1
1967484563290487,1543501044290487,2025,39,4,151,562.0,3.0,2,ROMU,1,ROMU,1,2026-06-04 09:25:09,,9,1
1967484564290487,1543501044290487,2025,39,4,151,562.0,3.0,2,ROPS,1,ROPS,35,2026-06-04 09:25:09,,9,1
756264720290487,511207362126144,2019,39,3,121,472.0,4.0,1,ELUM,1,ELUM,30,2020-06-23 13:44:25,,8,2
756264721290487,511207362126144,2019,39,3,121,472.0,4.0,2,ELUM,1,ELUM,1,2020-06-23 13:44:25,,8,2
756264722290487,511207362126144,2019,39,3,121,472.0,2.0,1,LIVU,1,LIVU,5,2020-06-23 13:44:25,,8,2
756264723290487,511207362126144,2019,39,3,121,472.0,1.0,1,LOJA,1,LOJA,10,2020-06-23 13:44:25,,8,2
756264724290487,511207362126144,2019,39,3,121,472.0,2.0,1,LOJA,1,LOJA,30,2020-06-23 13:44:25,,8,2
756264725290487,511207362126144,2019,39,3,121,472.0,3.0,1,LOJA,1,LOJA,50,2020-06-23 13:44:25,,8,2
756264726290487,511207362126144,2019,39,3,121,472.0,4.0,1,LOJA,1,LOJA,40,2020-06-23 13:44:25,,8,2
756264727290487,511207362126144,2019,39,3,121,472.0,4.0,2,LOJA,1,LOJA,1,2020-06-23 13:44:25,,8,2
756264728290487,511207362126144,2019,39,3,121,472.0,1.0,1,LONIC,1,LONIC,1,2020-06-23 13:44:25,,8,2
756264729290487,511207362126144,2019,39,3,121,472.0,2.0,1,LYNU,1,LYNU,5,2020-06-23 13:44:25,,8,2
756264730290487,511207362126144,2019,39,3,121,472.0,1.0,1,MIVI,1,MIVI,3,2020-06-23 13:44:25,,8,2
756264731290487,511207362126144,2019,39,3,121,472.0,2.0,1,MIVI,1,MIVI,5,2020-06-23 13:44:25,,8,2
756264732290487,511207362126144,2019,39,3,121,472.0,3.0,1,MIVI,1,MIVI,2,2020-06-23 13:44:25,,8,2
756264733290487,511207362126144,2019,39,3,121,472.0,4.0,1,MIVI,1,MIVI,5,2020-06-23 13:44:25,,8,2
756264734290487,511207362126144,2019,39,3,121,472.0,4.0,2,MIVI,1,MIVI,1,2020-06-23 13:44:25,,8,2
756264735290487,511207362126144,2019,39,3,121,472.0,1.0,1,ROMU,1,ROMU,10,2020-06-23 13:44:25,,8,2
756264736290487,511207362126144,2019,39,3,121,472.0,2.0,1,ROMU,1,ROMU,30,2020-06-23 13:44:25,,8,2
756264737290487,511207362126144,2019,39,3,121,472.0,3.0,1,ROMU,1,ROMU,30,2020-06-23 13:44:25,,8,2
756264738290487,511207362126144,2019,39,3,121,472.0,4.0,1,ROMU,1,ROMU,35,2020-06-23 13:44:25,,8,2
756264739290487,511207362126144,2019,39,3,121,472.0,4.0,2,ROMU,1,ROMU,2,2020-06-23 13:44:25,,8,2
756267804290487,511207517126144,2019,39,6,83,263.0,3.0,2,ALPE4,1,ALPE4,8,2020-06-23 13:44:38,,8,2
756267805290487,511207517126144,2019,39,6,83,263.0,4.0,2,ALPE4,1,ALPE4,25,2020-06-23 13:44:38,,8,2
756267806290487,511207517126144,2019,39,6,83,263.0,1.0,2,LONIC,1,LONIC,2,2020-06-23 13:44:38,,8,2
756267807290487,511207517126144,2019,39,6,83,263.0,3.0,2,LONIC,1,LONIC,8,2020-06-23 13:44:38,,8,2
756267808290487,511207517126144,2019,39,6,83,263.0,4.0,2,LONIC,1,LONIC,1,2020-06-23 13:44:38,,8,2
756267809290487,511207517126144,2019,39,6,83,263.0,3.0,2,MIVI,1,MIVI,10,2020-06-23 13:44:38,,8,2
756267810290487,511207517126144,2019,39,6,83,263.0,4.0,2,MIVI,1,MIVI,2,2020-06-23 13:44:38,,8,2
756267811290487,511207517126144,2019,39,6,83,263.0,1.0,2,ROMU,1,ROMU,2,2020-06-23 13:44:38,,8,2
756267812290487,511207517126144,2019,39,6,83,263.0,3.0,2,ROMU,1,ROMU,25,2020-06-23 13:44:38,,8,2
756267813290487,511207517126144,2019,39,6,83,263.0,4.0,2,ROMU,1,ROMU,8,2020-06-23 13:44:38,,8,2
756263004290487,511207546126144,2019,39,1,145,33.0,1.0,1,LOJA,1,LOJA,2,2020-06-23 13:44:09,,8,2
756263005290487,511207546126144,2019,39,1,145,33.0,2.0,1,LOJA,1,LOJA,1,2020-06-23 13:44:09,,8,2
756263006290487,511207546126144,2019,39,1,145,33.0,3.0,1,LOJA,1,LOJA,1,2020-06-23 13:44:09,,8,2
756263007290487,511207546126144,2019,39,1,145,33.0,4.0,1,LOJA,1,LOJA,1,2020-06-23 13:44:09,,8,2
1967484604290487,1543501066290487,2025,39,4,133,64.0,3.0,1,ALPE4,1,ALPE4,1,2026-06-04 09:25:09,,9,1
1967484605290487,1543501066290487,2025,39,4,133,64.0,4.0,1,ALPE4,1,ALPE4,1,2026-06-04 09:25:09,,9,1
1967484606290487,1543501066290487,2025,39,4,133,64.0,2.0,1,BETH,1,BETH,3,2026-06-04 09:25:09,,9,1
1967484607290487,1543501066290487,2025,39,4,133,64.0,3.0,1,BETH,1,BETH,1,2026-06-04 09:25:09,,9,1
1967484608290487,1543501066290487,2025,39,4,133,64.0,4.0,1,BETH,1,BETH,1,2026-06-04 09:25:09,,9,1
1967484609290487,1543501066290487,2025,39,4,133,64.0,3.0,1,FRAL4,1,FRAL4,1,2026-06-04 09:25:09,,9,1
1967484610290487,1543501066290487,2025,39,4,133,64.0,3.0,1,LOMO2,1,LOMO2,1,2026-06-04 09:25:09,,9,1
1967484611290487,1543501066290487,2025,39,4,133,64.0,2.0,1,ROMU,1,ROMU,1,2026-06-04 09:25:09,,9,1
1967484612290487,1543501066290487,2025,39,4,133,64.0,3.0,1,ROMU,1,ROMU,4,2026-06-04 09:25:09,,9,1
1967484613290487,1543501066290487,2025,39,4,133,64.0,4.0,1,ROMU,1,ROMU,1,2026-06-04 09:25:09,,9,1
1967976329290487,1543500744290487,2025,39,1,1,599.0,4.0,1,BEVU,1,BEVU,1,2026-06-05 09:06:57,,9,1
1967976330290487,1543500744290487,2025,39,1,1,599.0,4.0,1,LIVU,1,LIVU,1,2026-06-05 09:06:57,,9,1
1967976331290487,1543500744290487,2025,39,1,1,599.0,3.0,1,ROMU,1,ROMU,3,2026-06-05 09:06:57,,9,1
1967976332290487,1543500744290487,2025,39,1,1,599.0,4.0,1,ROMU,1,ROMU,1,2026-06-05 09:06:57,,9,1
1967484994290487,1543500842290487,2025,39,5,17,722.0,4.0,2,ALPE4,1,ALPE4,5,2026-06-04 09:25:10,,9,1
1967484995290487,1543500842290487,2025,39,5,17,722.0,4.0,2,LONIC,1,LONIC,45,2026-06-04 09:25:10,,9,1
1967484996290487,1543500842290487,2025,39,5,17,722.0,4.0,2,MIVI,1,MIVI,5,2026-06-04 09:25:10,,9,1
1967484997290487,1543500842290487,2025,39,5,17,722.0,4.0,2,ROMU,1,ROMU,1,2026-06-04 09:25:10,,9,1
1967484998290487,1543500842290487,2025,39,5,17,722.0,4.0,2,ROPS,1,ROPS,3,2026-06-04 09:25:10,,9,1
1967485107290487,1543500951290487,2025,39,4,155,866.0,2.0,2,ROMU,1,ROMU,1,2026-06-04 09:25:10,,9,1
1967481271290487,1543500675290487,2025,39,5,165,644.0,1.0,1,ALPE4,1,ALPE4,15,2026-06-04 09:24:57,,9,1
1967481272290487,1543500675290487,2025,39,5,165,644.0,2.0,1,ALPE4,1,ALPE4,10,2026-06-04 09:24:57,,9,1
1967481273290487,1543500675290487,2025,39,5,165,644.0,3.0,1,ALPE4,1,ALPE4,2,2026-06-04 09:24:57,,9,1
1967481274290487,1543500675290487,2025,39,5,165,644.0,4.0,1,ALPE4,1,ALPE4,10,2026-06-04 09:24:57,,9,1
1967481275290487,1543500675290487,2025,39,5,165,644.0,1.0,1,LONIC,1,LONIC,60,2026-06-04 09:24:57,,9,1
1967481276290487,1543500675290487,2025,39,5,165,644.0,2.0,1,LONIC,1,LONIC,85,2026-06-04 09:24:57,,9,1
1967481277290487,1543500675290487,2025,39,5,165,644.0,3.0,1,LONIC,1,LONIC,95,2026-06-04 09:24:57,,9,1
1967481278290487,1543500675290487,2025,39,5,165,644.0,4.0,1,LONIC,1,LONIC,45,2026-06-04 09:24:57,,9,1
1967481279290487,1543500675290487,2025,39,5,165,644.0,2.0,1,MIVI,1,MIVI,3,2026-06-04 09:24:57,,9,1
1967481280290487,1543500675290487,2025,39,5,165,644.0,3.0,1,MIVI,1,MIVI,1,2026-06-04 09:24:57,,9,1
1967481502290487,1543500969290487,2025,39,2,9,598.0,3.0,1,CEOR7,1,CEOR7,1,2026-06-04 09:24:59,,9,1
1967481503290487,1543500969290487,2025,39,2,9,598.0,4.0,1,CEOR7,1,CEOR7,1,2026-06-04 09:24:59,,9,1
1967481504290487,1543500969290487,2025,39,2,9,598.0,1.0,1,ELUM,1,ELUM,5,2026-06-04 09:24:59,,9,1
1967481505290487,1543500969290487,2025,39,2,9,598.0,2.0,2,ELUM,1,ELUM,15,2026-06-04 09:24:59,,9,1
1967481506290487,1543500969290487,2025,39,2,9,598.0,3.0,1,ELUM,1,ELUM,25,2026-06-04 09:24:59,,9,1
1967481507290487,1543500969290487,2025,39,2,9,598.0,4.0,1,ELUM,1,ELUM,20,2026-06-04 09:24:59,,9,1
1967481508290487,1543500969290487,2025,39,2,9,598.0,1.0,1,LOJA,1,LOJA,10,2026-06-04 09:24:59,,9,1
1967481509290487,1543500969290487,2025,39,2,9,598.0,2.0,2,LOJA,1,LOJA,15,2026-06-04 09:24:59,,9,1
1967481510290487,1543500969290487,2025,39,2,9,598.0,3.0,1,LOJA,1,LOJA,10,2026-06-04 09:24:59,,9,1
1967481511290487,1543500969290487,2025,39,2,9,598.0,4.0,1,LOJA,1,LOJA,35,2026-06-04 09:24:59,,9,1
1967481512290487,1543500969290487,2025,39,2,9,598.0,1.0,1,LONIC,1,LONIC,1,2026-06-04 09:24:59,,9,1
1967481513290487,1543500969290487,2025,39,2,9,598.0,2.0,2,LONIC,1,LONIC,1,2026-06-04 09:24:59,,9,1
1967481520290487,1543500969290487,2025,39,2,9,598.0,3.0,1,ROMU,1,ROMU,5,2026-06-04 09:24:59,,9,1
1967481521290487,1543500969290487,2025,39,2,9,598.0,4.0,1,ROMU,1,ROMU,25,2026-06-04 09:24:59,,9,1
1967481732290487,1543501047290487,2025,39,3,157,295.0,2.0,2,AIAL,1,AIAL,1,2026-06-04 09:24:59,,9,1
1967481797290487,1543501053290487,2025,39,1,141,691.0,1.0,1,MIVI,1,MIVI,1,2026-06-04 09:25:00,,9,1
1967481798290487,1543501053290487,2025,39,1,141,691.0,2.0,1,MIVI,1,MIVI,1,2026-06-04 09:25:00,,9,1
1967481799290487,1543501053290487,2025,39,1,141,691.0,3.0,1,MIVI,1,MIVI,1,2026-06-04 09:25:00,,9,1
1967482411290487,1543500682290487,2025,39,4,35,575.0,1.0,1,FRAL4,1,FRAL4,1,2026-06-04 09:25:02,,9,1
1967483353290487,1543500599290487,2025,39,3,121,4839.0,3.0,2,ALPE4,1,ALPE4,2,2026-06-04 09:25:05,,8,8
1967483354290487,1543500599290487,2025,39,3,121,4839.0,3.0,2,CIAR4,1,CIAR4,2,2026-06-04 09:25:05,,8,8
1967483355290487,1543500599290487,2025,39,3,121,4839.0,3.0,2,LONIC,1,LONIC,2,2026-06-04 09:25:05,,8,8
1967483356290487,1543500599290487,2025,39,3,121,4839.0,3.0,2,LYNU,1,LYNU,3,2026-06-04 09:25:05,,8,8
1967483357290487,1543500599290487,2025,39,3,121,4839.0,3.0,2,PHAR3,1,PHAR3,10,2026-06-04 09:25:05,,8,8
1967483358290487,1543500599290487,2025,39,3,121,4839.0,3.0,2,ROMU,1,ROMU,35,2026-06-04 09:25:05,,8,8
1967483410290487,1543500639290487,2025,39,5,165,2886.0,1.0,1,ALPE4,1,ALPE4,1,2026-06-04 09:25:05,,8,8
1967483411290487,1543500639290487,2025,39,5,165,2886.0,4.0,1,ALPE4,1,ALPE4,1,2026-06-04 09:25:05,,8,8
1967483412290487,1543500639290487,2025,39,5,165,2886.0,1.0,1,CIAR4,1,CIAR4,2,2026-06-04 09:25:05,,8,8
1967483413290487,1543500639290487,2025,39,5,165,2886.0,3.0,1,CIAR4,1,CIAR4,2,2026-06-04 09:25:05,,8,8
1967483414290487,1543500639290487,2025,39,5,165,2886.0,1.0,1,LONIC,1,LONIC,50,2026-06-04 09:25:05,,8,8
1967483415290487,1543500639290487,2025,39,5,165,2886.0,2.0,1,LONIC,1,LONIC,20,2026-06-04 09:25:05,,8,8
1967483416290487,1543500639290487,2025,39,5,165,2886.0,4.0,1,LONIC,1,LONIC,95,2026-06-04 09:25:05,,8,8
1967483417290487,1543500639290487,2025,39,5,165,2886.0,2.0,1,LYNU,1,LYNU,10,2026-06-04 09:25:05,,8,8
1967483418290487,1543500639290487,2025,39,5,165,2886.0,1.0,1,MIVI,1,MIVI,15,2026-06-04 09:25:05,,8,8
1967483419290487,1543500639290487,2025,39,5,165,2886.0,2.0,1,MIVI,1,MIVI,15,2026-06-04 09:25:05,,8,8
1967483420290487,1543500639290487,2025,39,5,165,2886.0,3.0,1,MIVI,1,MIVI,10,2026-06-04 09:25:05,,8,8
1967483421290487,1543500639290487,2025,39,5,165,2886.0,2.0,1,ROMU,1,ROMU,1,2026-06-04 09:25:05,,8,8
1967484603290487,1543501066290487,2025,39,4,133,64.0,2.0,1,ALPE4,1,ALPE4,1,2026-06-04 09:25:09,,9,1
756263009290487,511207546126144,2019,39,1,145,33.0,2.0,1,ROMU,1,ROMU,3,2020-06-23 13:44:09,,8,2
756268234290487,511207388126144,2019,39,4,133,4407.0,1.0,1,FRAL4,1,FRAL4,1,2020-06-23 13:44:39,,8,2
756268235290487,511207388126144,2019,39,4,133,4407.0,2.0,1,FRAL4,1,FRAL4,1,2020-06-23 13:44:39,,8,2
756268236290487,511207388126144,2019,39,4,133,4407.0,1.0,1,LIVU,1,LIVU,1,2020-06-23 13:44:39,,8,2
756268237290487,511207388126144,2019,39,4,133,4407.0,2.0,1,LIVU,1,LIVU,2,2020-06-23 13:44:39,,8,2
756268238290487,511207388126144,2019,39,4,133,4407.0,1.0,1,ROMU,1,ROMU,40,2020-06-23 13:44:39,,8,2
756268239290487,511207388126144,2019,39,4,133,4407.0,2.0,1,ROMU,1,ROMU,10,2020-06-23 13:44:39,,8,2
756268240290487,511207388126144,2019,39,4,133,4407.0,3.0,1,ROMU,1,ROMU,5,2020-06-23 13:44:39,,8,2
756268241290487,511207388126144,2019,39,4,133,4407.0,4.0,1,ROMU,1,ROMU,15,2020-06-23 13:44:39,,8,2
756263323290487,511207409126144,2019,39,3,59,2641.0,2.0,2,CEOR7,1,CEOR7,2,2020-06-23 13:44:18,,8,2
756263324290487,511207409126144,2019,39,3,59,2641.0,2.0,2,LOJA,1,LOJA,3,2020-06-23 13:44:18,,8,2
756263325290487,511207409126144,2019,39,3,59,2641.0,3.0,2,LOJA,1,LOJA,9,2020-06-23 13:44:18,,8,2
756263326290487,511207409126144,2019,39,3,59,2641.0,2.0,2,ROMU,1,ROMU,45,2020-06-23 13:44:18,,8,2
756263327290487,511207409126144,2019,39,3,59,2641.0,3.0,2,ROMU,1,ROMU,15,2020-06-23 13:44:18,,8,2
756263397290487,511207516126144,2019,39,6,83,604.0,2.0,2,ALPE4,1,ALPE4,1,2020-06-23 13:44:18,,8,2
756263398290487,511207516126144,2019,39,6,83,604.0,3.0,2,ALPE4,1,ALPE4,10,2020-06-23 13:44:18,,8,2
756263399290487,511207516126144,2019,39,6,83,604.0,2.0,2,BETH,1,BETH,11,2020-06-23 13:44:18,,8,2
756263400290487,511207516126144,2019,39,6,83,604.0,3.0,2,BETH,1,BETH,1,2020-06-23 13:44:18,,8,2
756263401290487,511207516126144,2019,39,6,83,604.0,2.0,2,LOJA,1,LOJA,30,2020-06-23 13:44:18,,8,2
756263402290487,511207516126144,2019,39,6,83,604.0,3.0,2,LOJA,1,LOJA,1,2020-06-23 13:44:18,,8,2
756263403290487,511207516126144,2019,39,6,83,604.0,2.0,2,LONIC,1,LONIC,11,2020-06-23 13:44:18,,8,2
756263404290487,511207516126144,2019,39,6,83,604.0,3.0,2,LONIC,1,LONIC,3,2020-06-23 13:44:18,,8,2
756263405290487,511207516126144,2019,39,6,83,604.0,2.0,2,MIVI,1,MIVI,2,2020-06-23 13:44:18,,8,2
756263406290487,511207516126144,2019,39,6,83,604.0,3.0,2,MIVI,1,MIVI,4,2020-06-23 13:44:18,,8,2
756263407290487,511207516126144,2019,39,6,83,604.0,2.0,2,ROMU,1,ROMU,10,2020-06-23 13:44:18,,8,2
756263408290487,511207516126144,2019,39,6,83,604.0,3.0,2,ROMU,1,ROMU,3,2020-06-23 13:44:18,,8,2
756263409290487,511207516126144,2019,39,6,83,604.0,2.0,2,ROPS,1,ROPS,3,2020-06-23 13:44:18,,8,2
756263410290487,511207516126144,2019,39,6,83,604.0,3.0,2,ROPS,1,ROPS,3,2020-06-23 13:44:18,,8,2
756263517290487,511207288126144,2019,39,3,13,410.0,3.0,1,AIAL,1,AIAL,7,2020-06-23 13:44:19,,8,2
756263518290487,511207288126144,2019,39,3,13,410.0,1.0,1,ALPE4,1,ALPE4,1,2020-06-23 13:44:19,,8,2
756263519290487,511207288126144,2019,39,3,13,410.0,2.0,1,ALPE4,1,ALPE4,2,2020-06-23 13:44:19,,8,2
756263520290487,511207288126144,2019,39,3,13,410.0,3.0,1,ALPE4,1,ALPE4,4,2020-06-23 13:44:19,,8,2
756263521290487,511207288126144,2019,39,3,13,410.0,4.0,1,ALPE4,1,ALPE4,1,2020-06-23 13:44:19,,8,2
756263522290487,511207288126144,2019,39,3,13,410.0,4.0,1,BETH,1,BETH,1,2020-06-23 13:44:19,,8,2
756263523290487,511207288126144,2019,39,3,13,410.0,1.0,1,CEOR7,1,CEOR7,1,2020-06-23 13:44:19,,8,2
756263524290487,511207288126144,2019,39,3,13,410.0,3.0,1,CEOR7,1,CEOR7,2,2020-06-23 13:44:19,,8,2
756263525290487,511207288126144,2019,39,3,13,410.0,4.0,1,CEOR7,1,CEOR7,5,2020-06-23 13:44:19,,8,2
756263526290487,511207288126144,2019,39,3,13,410.0,1.0,1,LOJA,1,LOJA,1,2020-06-23 13:44:19,,8,2
756263527290487,511207288126144,2019,39,3,13,410.0,3.0,1,LOJA,1,LOJA,1,2020-06-23 13:44:19,,8,2
756263528290487,511207288126144,2019,39,3,13,410.0,4.0,1,LOJA,1,LOJA,10,2020-06-23 13:44:19,,8,2
756263529290487,511207288126144,2019,39,3,13,410.0,1.0,1,ROMU,1,ROMU,2,2020-06-23 13:44:19,,8,2
756263530290487,511207288126144,2019,39,3,13,410.0,2.0,1,ROMU,1,ROMU,2,2020-06-23 13:44:19,,8,2
756263531290487,511207288126144,2019,39,3,13,410.0,3.0,1,ROMU,1,ROMU,3,2020-06-23 13:44:19,,8,2
756263532290487,511207288126144,2019,39,3,13,410.0,4.0,1,ROMU,1,ROMU,5,2020-06-23 13:44:19,,8,2
1967481514290487,1543500969290487,2025,39,2,9,598.0,3.0,1,LONIC,1,LONIC,1,2026-06-04 09:24:59,,9,1
1967481515290487,1543500969290487,2025,39,2,9,598.0,4.0,1,LONIC,1,LONIC,1,2026-06-04 09:24:59,,9,1
1967481516290487,1543500969290487,2025,39,2,9,598.0,2.0,2,MIVI,1,MIVI,2,2026-06-04 09:24:59,,9,1
1967481517290487,1543500969290487,2025,39,2,9,598.0,4.0,1,MIVI,1,MIVI,1,2026-06-04 09:24:59,,9,1
1967481518290487,1543500969290487,2025,39,2,9,598.0,1.0,1,ROMU,1,ROMU,1,2026-06-04 09:24:59,,9,1
1967481519290487,1543500969290487,2025,39,2,9,598.0,2.0,2,ROMU,1,ROMU,10,2026-06-04 09:24:59,,9,1
1312928679290487,721927652290487,2021,39,2,73,3185.0,3.0,1,ROMU,1,ROMU,15,2023-05-17 13:32:59,,8,4
1312928680290487,721927652290487,2021,39,2,73,3185.0,4.0,1,ROMU,1,ROMU,1,2023-05-17 13:32:59,,8,4
1312929933290487,721927666290487,2021,39,2,9,2380.0,1.0,1,BETH,1,BETH,1,2023-05-17 13:33:04,,8,4
1312929934290487,721927666290487,2021,39,2,9,2380.0,3.0,3,BETH,1,BETH,1,2023-05-17 13:33:04,,8,4
1312929935290487,721927666290487,2021,39,2,9,2380.0,1.0,1,LIVU,1,LIVU,2,2023-05-17 13:33:04,,8,4
1312929936290487,721927666290487,2021,39,2,9,2380.0,3.0,3,LIVU,1,LIVU,1,2023-05-17 13:33:04,,8,4
1312929937290487,721927666290487,2021,39,2,9,2380.0,1.0,1,LOJA,1,LOJA,5,2023-05-17 13:33:04,,8,4
1312929938290487,721927666290487,2021,39,2,9,2380.0,3.0,3,LOJA,1,LOJA,2,2023-05-17 13:33:04,,8,4
1312929939290487,721927666290487,2021,39,2,9,2380.0,1.0,1,LONIC,1,LONIC,10,2023-05-17 13:33:04,,8,4
1312929940290487,721927666290487,2021,39,2,9,2380.0,3.0,3,LONIC,1,LONIC,3,2023-05-17 13:33:04,,8,4
1312929941290487,721927666290487,2021,39,2,9,2380.0,1.0,1,MIVI,1,MIVI,6,2023-05-17 13:33:04,,8,4
1312929942290487,721927666290487,2021,39,2,9,2380.0,3.0,3,MIVI,1,MIVI,1,2023-05-17 13:33:04,,8,4
1312929943290487,721927666290487,2021,39,2,9,2380.0,1.0,1,ROMU,1,ROMU,8,2023-05-17 13:33:04,,8,4
1312929944290487,721927666290487,2021,39,2,9,2380.0,3.0,3,ROMU,1,ROMU,2,2023-05-17 13:33:04,,8,4
1312930111290487,721926312290487,2021,39,6,91,4513.0,2.0,1,LIVU,1,LIVU,1,2023-05-17 13:33:05,,8,4
1312930112290487,721926312290487,2021,39,6,91,4513.0,1.0,1,LONIC,1,LONIC,20,2023-05-17 13:33:05,,8,4
1312930113290487,721926312290487,2021,39,6,91,4513.0,2.0,1,LONIC,1,LONIC,10,2023-05-17 13:33:05,,8,4
1312930114290487,721926312290487,2021,39,6,91,4513.0,4.0,1,LONIC,1,LONIC,40,2023-05-17 13:33:05,,8,4
1312930115290487,721926312290487,2021,39,6,91,4513.0,1.0,1,ROMU,1,ROMU,2,2023-05-17 13:33:05,,8,4
1312930116290487,721926312290487,2021,39,6,91,4513.0,2.0,1,ROMU,1,ROMU,1,2023-05-17 13:33:05,,8,4
1312930117290487,721926312290487,2021,39,6,91,4513.0,4.0,1,ROMU,1,ROMU,1,2023-05-17 13:33:05,,8,4
1312927669290487,721925976290487,2021,39,2,127,3072.0,1.0,1,LOJA,1,LOJA,10,2023-05-17 13:32:57,,8,4
1312927670290487,721925976290487,2021,39,2,127,3072.0,2.0,1,LOJA,1,LOJA,2,2023-05-17 13:32:57,,8,4
1312927671290487,721925976290487,2021,39,2,127,3072.0,3.0,2,LOJA,1,LOJA,2,2023-05-17 13:32:57,,8,4
1312927672290487,721925976290487,2021,39,2,127,3072.0,4.0,1,LOJA,1,LOJA,1,2023-05-17 13:32:57,,8,4
1312927673290487,721925976290487,2021,39,2,127,3072.0,3.0,2,LYNU,1,LYNU,40,2023-05-17 13:32:57,,8,4
1312927674290487,721925976290487,2021,39,2,127,3072.0,1.0,1,ROMU,1,ROMU,15,2023-05-17 13:32:57,,8,4
1312927675290487,721925976290487,2021,39,2,127,3072.0,2.0,1,ROMU,1,ROMU,5,2023-05-17 13:32:57,,8,4
1312927676290487,721925976290487,2021,39,2,127,3072.0,3.0,2,ROMU,1,ROMU,40,2023-05-17 13:32:57,,8,4
1312927677290487,721925976290487,2021,39,2,127,3072.0,4.0,1,ROMU,1,ROMU,1,2023-05-17 13:32:57,,8,4
1312930472290487,721926126290487,2021,39,6,147,2896.0,3.0,2,CIAR4,1,CIAR4,9,2023-05-17 13:33:06,,8,4
1312930473290487,721926126290487,2021,39,6,147,2896.0,3.0,2,ROMU,1,ROMU,2,2023-05-17 13:33:06,,8,4
1312930681290487,721927024290487,2021,39,3,31,4050.0,1.0,1,ROMU,1,ROMU,35,2023-05-17 13:33:07,,8,4
1312930682290487,721927024290487,2021,39,3,31,4050.0,2.0,1,ROMU,1,ROMU,20,2023-05-17 13:33:07,,8,4
1312930683290487,721927024290487,2021,39,3,31,4050.0,3.0,1,ROMU,1,ROMU,35,2023-05-17 13:33:07,,8,4
1312930684290487,721927024290487,2021,39,3,31,4050.0,4.0,1,ROMU,1,ROMU,25,2023-05-17 13:33:07,,8,4
1312930972290487,721927668290487,2021,39,2,163,3872.0,3.0,2,MIVI,1,MIVI,1,2023-05-17 13:33:08,,8,4
1312930973290487,721927668290487,2021,39,2,163,3872.0,4.0,1,MIVI,1,MIVI,2,2023-05-17 13:33:08,,8,4
1312930974290487,721927668290487,2021,39,2,163,3872.0,3.0,2,ROMU,1,ROMU,2,2023-05-17 13:33:08,,8,4
1312930975290487,721927668290487,2021,39,2,163,3872.0,4.0,1,ROMU,1,ROMU,12,2023-05-17 13:33:08,,8,4
1312930967290487,721927668290487,2021,39,2,163,3872.0,3.0,2,ALPE4,1,ALPE4,1,2023-05-17 13:33:08,,8,4
1312930968290487,721927668290487,2021,39,2,163,3872.0,4.0,1,ALPE4,1,ALPE4,3,2023-05-17 13:33:08,,8,4
1312930969290487,721927668290487,2021,39,2,163,3872.0,1.0,1,LOJA,1,LOJA,1,2023-05-17 13:33:08,,8,4
1312930970290487,721927668290487,2021,39,2,163,3872.0,3.0,2,LOJA,1,LOJA,5,2023-05-17 13:33:08,,8,4
1312930971290487,721927668290487,2021,39,2,163,3872.0,4.0,1,LOJA,1,LOJA,2,2023-05-17 13:33:08,,8,4
1312927009290487,721926561290487,2021,39,5,49,1720.0,1.0,1,ALPE4,1,ALPE4,2,2023-05-17 13:32:54,,8,4
1312927010290487,721926561290487,2021,39,5,49,1720.0,4.0,1,ALPE4,1,ALPE4,5,2023-05-17 13:32:54,,8,4
1312927011290487,721926561290487,2021,39,5,49,1720.0,1.0,1,ELUM,1,ELUM,11,2023-05-17 13:32:54,,8,4
1312927012290487,721926561290487,2021,39,5,49,1720.0,4.0,1,ELUM,1,ELUM,20,2023-05-17 13:32:54,,8,4
1312927013290487,721926561290487,2021,39,5,49,1720.0,1.0,1,LONIC,1,LONIC,2,2023-05-17 13:32:54,,8,4
1312927015290487,721926561290487,2021,39,5,49,1720.0,4.0,1,LONIC,1,LONIC,3,2023-05-17 13:32:54,,8,4
1312927016290487,721926561290487,2021,39,5,49,1720.0,4.0,1,ROMU,1,ROMU,1,2023-05-17 13:32:54,,8,4
1312927014290487,721926561290487,2021,39,5,49,1720.0,2.0,1,LONIC,1,LONIC,90,2023-05-17 13:32:54,,8,4
1312931430290487,721927197290487,2021,39,4,5,4827.0,1.0,1,ALPE4,1,ALPE4,1,2023-05-17 13:33:10,,8,4
1312931431290487,721927197290487,2021,39,4,5,4827.0,1.0,1,ROMU,1,ROMU,10,2023-05-17 13:33:10,,8,4
1312931432290487,721927197290487,2021,39,4,5,4827.0,2.0,1,ROMU,1,ROMU,2,2023-05-17 13:33:10,,8,4
1312931433290487,721927197290487,2021,39,4,5,4827.0,3.0,1,ROMU,1,ROMU,9,2023-05-17 13:33:10,,8,4
1312927354290487,721927671290487,2021,39,1,79,2631.0,3.0,2,BETH,1,BETH,1,2023-05-17 13:32:56,,8,4
1312927355290487,721927671290487,2021,39,1,79,2631.0,3.0,2,ELUM,1,ELUM,1,2023-05-17 13:32:56,,8,4
1312927356290487,721927671290487,2021,39,1,79,2631.0,3.0,2,ROMU,1,ROMU,1,2023-05-17 13:32:56,,8,4
1534835140290487,816262263290487,2022,39,5,57,2629.0,2.0,2,ALPE4,1,ALPE4,1,2023-12-07 12:41:08,,8,5
1534835141290487,816262263290487,2022,39,5,57,2629.0,2.0,2,HEMA3,1,HEMA3,1,2023-12-07 12:41:08,,8,5
1534835142290487,816262263290487,2022,39,5,57,2629.0,2.0,2,LONIC,1,LONIC,90,2023-12-07 12:41:08,,8,5
1534835143290487,816262263290487,2022,39,5,57,2629.0,2.0,2,ROMU,1,ROMU,1,2023-12-07 12:41:08,,8,5
1534835179290487,816262340290487,2022,39,6,65,3196.0,2.0,2,ALPE4,1,ALPE4,1,2023-12-07 12:41:09,,8,5
1534835180290487,816262340290487,2022,39,6,65,3196.0,2.0,2,LONIC,1,LONIC,1,2023-12-07 12:41:09,,8,5
1312928677290487,721927652290487,2021,39,2,73,3185.0,1.0,1,ROMU,1,ROMU,5,2023-05-17 13:32:59,,8,4
1534835181290487,816262340290487,2022,39,6,65,3196.0,2.0,2,ROMU,1,ROMU,5,2023-12-07 12:41:09,,8,5
1534835226290487,816262442290487,2022,39,3,119,1245.0,3.0,2,BETH,1,BETH,2,2023-12-07 12:41:10,,8,5
1534835227290487,816262442290487,2022,39,3,119,1245.0,3.0,2,CEOR7,1,CEOR7,3,2023-12-07 12:41:10,,8,5
1534835228290487,816262442290487,2022,39,3,119,1245.0,3.0,2,LIVU,1,LIVU,5,2023-12-07 12:41:10,,8,5
1534835229290487,816262442290487,2022,39,3,119,1245.0,3.0,2,LYNU,1,LYNU,1,2023-12-07 12:41:10,,8,5
1534835230290487,816262442290487,2022,39,3,119,1245.0,3.0,2,ROMU,1,ROMU,75,2023-12-07 12:41:10,,8,5
1535590684290487,816262011290487,2022,39,2,163,1300.0,3.0,1,ELUM,1,ELUM,1,2023-12-18 09:22:03,,8,5
469332768489998,306266313489998,2016,39,4,43,2348.0,4.0,1,PHAU7,1,PHAU7,60,2017-05-11 07:03:54,,7,5
469332769489998,306266313489998,2016,39,4,43,2348.0,1.0,1,RHCA3,1,RHCA3,2,2017-05-11 07:03:54,,7,5
469332770489998,306266313489998,2016,39,4,43,2348.0,3.0,1,RHCA3,1,RHCA3,2,2017-05-11 07:03:54,,7,5
469332771489998,306266313489998,2016,39,4,43,2348.0,4.0,1,RHCA3,1,RHCA3,5,2017-05-11 07:03:54,,7,5
469332891489998,306266365489998,2016,39,5,61,2287.0,1.0,1,ALPE4,1,ALPE4,1,2017-05-11 07:03:54,,7,5
469332892489998,306266365489998,2016,39,5,61,2287.0,4.0,1,ALPE4,1,ALPE4,3,2017-05-11 07:03:54,,7,5
469332893489998,306266365489998,2016,39,5,61,2287.0,1.0,1,CEOR7,1,CEOR7,1,2017-05-11 07:03:55,,7,5
469332894489998,306266365489998,2016,39,5,61,2287.0,2.0,1,CEOR7,1,CEOR7,1,2017-05-11 07:03:55,,7,5
469332895489998,306266365489998,2016,39,5,61,2287.0,1.0,1,LIVU,1,LIVU,2,2017-05-11 07:03:55,,7,5
469332896489998,306266365489998,2016,39,5,61,2287.0,2.0,1,LIVU,1,LIVU,2,2017-05-11 07:03:55,,7,5
469332897489998,306266365489998,2016,39,5,61,2287.0,3.0,1,LIVU,1,LIVU,1,2017-05-11 07:03:55,,7,5
469332898489998,306266365489998,2016,39,5,61,2287.0,4.0,1,LIVU,1,LIVU,3,2017-05-11 07:03:55,,7,5
469332899489998,306266365489998,2016,39,5,61,2287.0,1.0,1,LOJA,1,LOJA,1,2017-05-11 07:03:55,,7,5
469332900489998,306266365489998,2016,39,5,61,2287.0,2.0,1,LOJA,1,LOJA,1,2017-05-11 07:03:55,,7,5
469332901489998,306266365489998,2016,39,5,61,2287.0,1.0,1,LOMA6,1,LOMA6,85,2017-05-11 07:03:55,,7,5
469332902489998,306266365489998,2016,39,5,61,2287.0,2.0,1,LOMA6,1,LOMA6,70,2017-05-11 07:03:55,,7,5
469332903489998,306266365489998,2016,39,5,61,2287.0,3.0,1,LOMA6,1,LOMA6,1,2017-05-11 07:03:55,,7,5
469332767489998,306266313489998,2016,39,4,43,2348.0,4.0,1,LONIC,1,LONIC,2,2017-05-11 07:03:54,,7,5
469332904489998,306266365489998,2016,39,5,61,2287.0,4.0,1,LOMA6,1,LOMA6,35,2017-05-11 07:03:55,,7,5
469332905489998,306266365489998,2016,39,5,61,2287.0,1.0,1,ROMU,1,ROMU,1,2017-05-11 07:03:55,,7,5
469332906489998,306266365489998,2016,39,5,61,2287.0,2.0,1,ROMU,1,ROMU,1,2017-05-11 07:03:55,,7,5
469332907489998,306266365489998,2016,39,5,61,2287.0,4.0,1,ROMU,1,ROMU,1,2017-05-11 07:03:55,,7,5
469333081489998,306266415489998,2016,39,2,105,2390.0,1.0,1,LOJA,1,LOJA,40,2017-05-11 07:03:56,,7,5
469333082489998,306266415489998,2016,39,2,105,2390.0,2.0,1,LOJA,1,LOJA,65,2017-05-11 07:03:56,,7,5
469333083489998,306266415489998,2016,39,2,105,2390.0,3.0,1,LOJA,1,LOJA,90,2017-05-11 07:03:56,,7,5
469333084489998,306266415489998,2016,39,2,105,2390.0,4.0,1,LOJA,1,LOJA,20,2017-05-11 07:03:56,,7,5
469333085489998,306266415489998,2016,39,2,105,2390.0,2.0,1,MIVI,1,MIVI,10,2017-05-11 07:03:56,,7,5
469333086489998,306266415489998,2016,39,2,105,2390.0,1.0,1,ROMU,1,ROMU,7,2017-05-11 07:03:56,,7,5
469333087489998,306266415489998,2016,39,2,105,2390.0,2.0,1,ROMU,1,ROMU,10,2017-05-11 07:03:56,,7,5
469333088489998,306266415489998,2016,39,2,105,2390.0,3.0,1,ROMU,1,ROMU,25,2017-05-11 07:03:56,,7,5
469333089489998,306266415489998,2016,39,2,105,2390.0,4.0,1,ROMU,1,ROMU,5,2017-05-11 07:03:56,,7,5
469333090489998,306266415489998,2016,39,2,105,2390.0,1.0,1,ROPS,1,ROPS,1,2017-05-11 07:03:56,,7,5
469333091489998,306266415489998,2016,39,2,105,2390.0,3.0,1,ROPS,1,ROPS,15,2017-05-11 07:03:56,,7,5
469338514489998,306266116489998,2016,39,1,141,4924.0,3.0,1,AIAL,1,AIAL,7,2017-05-11 07:04:37,,7,5
469338515489998,306266116489998,2016,39,1,141,4924.0,2.0,2,CIAR4,1,CIAR4,1,2017-05-11 07:04:37,,7,5
469338516489998,306266116489998,2016,39,1,141,4924.0,3.0,1,ROMU,1,ROMU,1,2017-05-11 07:04:37,,7,5
469338907489998,306266580489998,2016,39,1,53,3579.0,1.0,1,ELUM,1,ELUM,2,2017-05-11 07:04:40,,7,5
469338908489998,306266580489998,2016,39,1,53,3579.0,2.0,1,ELUM,1,ELUM,5,2017-05-11 07:04:40,,7,5
469338909489998,306266580489998,2016,39,1,53,3579.0,3.0,1,ELUM,1,ELUM,2,2017-05-11 07:04:40,,7,5
469338910489998,306266580489998,2016,39,1,53,3579.0,4.0,1,ELUM,1,ELUM,2,2017-05-11 07:04:40,,7,5
469338911489998,306266580489998,2016,39,1,53,3579.0,1.0,1,LIVU,1,LIVU,2,2017-05-11 07:04:40,,7,5
469338912489998,306266580489998,2016,39,1,53,3579.0,2.0,1,LIVU,1,LIVU,1,2017-05-11 07:04:40,,7,5
469338913489998,306266580489998,2016,39,1,53,3579.0,3.0,1,LIVU,1,LIVU,1,2017-05-11 07:04:40,,7,5
469338914489998,306266580489998,2016,39,1,53,3579.0,4.0,1,LIVU,1,LIVU,5,2017-05-11 07:04:40,,7,5
469338915489998,306266580489998,2016,39,1,53,3579.0,1.0,1,LOJA,1,LOJA,2,2017-05-11 07:04:40,,7,5
469338916489998,306266580489998,2016,39,1,53,3579.0,2.0,1,LOJA,1,LOJA,2,2017-05-11 07:04:40,,7,5
469338917489998,306266580489998,2016,39,1,53,3579.0,3.0,1,LOJA,1,LOJA,35,2017-05-11 07:04:40,,7,5
469338918489998,306266580489998,2016,39,1,53,3579.0,4.0,1,LOJA,1,LOJA,30,2017-05-11 07:04:40,,7,5
469338919489998,306266580489998,2016,39,1,53,3579.0,2.0,1,MIVI,1,MIVI,2,2017-05-11 07:04:40,,7,5
469338920489998,306266580489998,2016,39,1,53,3579.0,3.0,1,MIVI,1,MIVI,1,2017-05-11 07:04:40,,7,5
469338921489998,306266580489998,2016,39,1,53,3579.0,4.0,1,MIVI,1,MIVI,2,2017-05-11 07:04:40,,7,5
469338922489998,306266580489998,2016,39,1,53,3579.0,1.0,1,ROMU,1,ROMU,2,2017-05-11 07:04:40,,7,5
1535590686290487,816262011290487,2022,39,2,163,1300.0,4.0,1,ROMU,1,ROMU,2,2023-12-18 09:22:03,,8,5
1535590839290487,816262500290487,2022,39,3,111,2939.0,4.0,1,LOJA,1,LOJA,3,2023-12-18 09:22:05,,8,5
1535590840290487,816262500290487,2022,39,3,111,2939.0,1.0,1,ROMU,1,ROMU,1,2023-12-18 09:22:05,,8,5
1535590841290487,816262500290487,2022,39,3,111,2939.0,2.0,1,ROMU,1,ROMU,4,2023-12-18 09:22:05,,8,5
1535590842290487,816262500290487,2022,39,3,111,2939.0,3.0,1,ROMU,1,ROMU,4,2023-12-18 09:22:05,,8,5
1535590843290487,816262500290487,2022,39,3,111,2939.0,4.0,1,ROMU,1,ROMU,35,2023-12-18 09:22:05,,8,5
1534404841290487,816262244290487,2022,39,5,135,1422.0,1.0,1,LONIC,1,LONIC,70,2023-12-05 15:52:05,,8,5
1534404842290487,816262244290487,2022,39,5,135,1422.0,2.0,1,LONIC,1,LONIC,20,2023-12-05 15:52:05,,8,5
1534404843290487,816262244290487,2022,39,5,135,1422.0,3.0,1,LONIC,1,LONIC,80,2023-12-05 15:52:05,,8,5
1534404844290487,816262244290487,2022,39,5,135,1422.0,4.0,1,LONIC,1,LONIC,60,2023-12-05 15:52:05,,8,5
1534404845290487,816262244290487,2022,39,5,135,1422.0,1.0,1,MIVI,1,MIVI,3,2023-12-05 15:52:05,,8,5
1534404846290487,816262244290487,2022,39,5,135,1422.0,3.0,1,MIVI,1,MIVI,1,2023-12-05 15:52:05,,8,5
1534404847290487,816262244290487,2022,39,5,135,1422.0,4.0,1,MIVI,1,MIVI,1,2023-12-05 15:52:05,,8,5
1534404848290487,816262244290487,2022,39,5,135,1422.0,1.0,1,ROMU,1,ROMU,25,2023-12-05 15:52:05,,8,5
1534404849290487,816262244290487,2022,39,5,135,1422.0,2.0,1,ROMU,1,ROMU,2,2023-12-05 15:52:05,,8,5
1534404850290487,816262244290487,2022,39,5,135,1422.0,3.0,1,ROMU,1,ROMU,3,2023-12-05 15:52:05,,8,5
1534404851290487,816262244290487,2022,39,5,135,1422.0,4.0,1,ROMU,1,ROMU,3,2023-12-05 15:52:05,,8,5
1534404852290487,816262244290487,2022,39,5,135,1422.0,1.0,1,ROPS,1,ROPS,75,2023-12-05 15:52:05,,8,5
1534404853290487,816262244290487,2022,39,5,135,1422.0,2.0,1,ROPS,1,ROPS,20,2023-12-05 15:52:05,,8,5
1534404854290487,816262244290487,2022,39,5,135,1422.0,3.0,1,ROPS,1,ROPS,80,2023-12-05 15:52:05,,8,5
1534404855290487,816262244290487,2022,39,5,135,1422.0,4.0,1,ROPS,1,ROPS,3,2023-12-05 15:52:05,,8,5
1534407373290487,816262515290487,2022,39,2,73,5262.0,2.0,1,BETH,1,BETH,1,2023-12-05 15:52:15,,8,5
1534407374290487,816262515290487,2022,39,2,73,5262.0,2.0,1,ROMU,1,ROMU,1,2023-12-05 15:52:15,,8,5
1534407375290487,816262515290487,2022,39,2,73,5262.0,3.0,1,ROMU,1,ROMU,1,2023-12-05 15:52:15,,8,5
1534403913290487,816262246290487,2022,39,5,61,2063.0,1.0,1,AIAL,1,AIAL,5,2023-12-05 15:52:02,,8,5
1534403914290487,816262246290487,2022,39,5,61,2063.0,2.0,1,AIAL,1,AIAL,5,2023-12-05 15:52:02,,8,5
1534403915290487,816262246290487,2022,39,5,61,2063.0,3.0,1,AIAL,1,AIAL,5,2023-12-05 15:52:02,,8,5
1534403916290487,816262246290487,2022,39,5,61,2063.0,4.0,1,AIAL,1,AIAL,5,2023-12-05 15:52:02,,8,5
1534403917290487,816262246290487,2022,39,5,61,2063.0,1.0,1,LONIC,1,LONIC,65,2023-12-05 15:52:02,,8,5
1534403918290487,816262246290487,2022,39,5,61,2063.0,2.0,1,LONIC,1,LONIC,60,2023-12-05 15:52:02,,8,5
1534403919290487,816262246290487,2022,39,5,61,2063.0,3.0,1,LONIC,1,LONIC,60,2023-12-05 15:52:02,,8,5
1534403920290487,816262246290487,2022,39,5,61,2063.0,4.0,1,LONIC,1,LONIC,45,2023-12-05 15:52:02,,8,5
1534404127290487,816262327290487,2022,39,1,71,5390.0,2.0,1,ROMU,1,ROMU,3,2023-12-05 15:52:02,,8,5
1534404128290487,816262327290487,2022,39,1,71,5390.0,3.0,1,ROMU,1,ROMU,3,2023-12-05 15:52:02,,8,5
1534404129290487,816262327290487,2022,39,1,71,5390.0,4.0,1,ROMU,1,ROMU,7,2023-12-05 15:52:02,,8,5
1534404130290487,816262327290487,2022,39,1,71,5390.0,2.0,1,ROPS,1,ROPS,3,2023-12-05 15:52:02,,8,5
1534404131290487,816262327290487,2022,39,1,71,5390.0,3.0,1,ROPS,1,ROPS,2,2023-12-05 15:52:02,,8,5
1534404118290487,816262327290487,2022,39,1,71,5390.0,4.0,1,ALPE4,1,ALPE4,2,2023-12-05 15:52:02,,8,5
1534404119290487,816262327290487,2022,39,1,71,5390.0,1.0,1,LONIC,1,LONIC,2,2023-12-05 15:52:02,,8,5
1534404120290487,816262327290487,2022,39,1,71,5390.0,2.0,1,LONIC,1,LONIC,1,2023-12-05 15:52:02,,8,5
1287976364290487,611080445126144,2020,39,4,7,5352.0,3.0,1,ROMU,1,ROMU,2,2023-02-24 11:40:30,,8,3
1287980535290487,611080695126144,2020,39,1,141,5316.0,3.0,1,AIAL,1,AIAL,1,2023-02-24 11:40:45,,8,3
1287980536290487,611080695126144,2020,39,1,141,5316.0,1.0,1,LIVU,1,LIVU,2,2023-02-24 11:40:45,,8,3
1287980537290487,611080695126144,2020,39,1,141,5316.0,2.0,1,LIVU,1,LIVU,4,2023-02-24 11:40:45,,8,3
1287980538290487,611080695126144,2020,39,1,141,5316.0,3.0,1,LIVU,1,LIVU,2,2023-02-24 11:40:45,,8,3
1287980539290487,611080695126144,2020,39,1,141,5316.0,4.0,1,LIVU,1,LIVU,2,2023-02-24 11:40:45,,8,3
1287980540290487,611080695126144,2020,39,1,141,5316.0,1.0,1,LOJA,1,LOJA,2,2023-02-24 11:40:45,,8,3
1287980541290487,611080695126144,2020,39,1,141,5316.0,2.0,1,LOJA,1,LOJA,2,2023-02-24 11:40:45,,8,3
1287980542290487,611080695126144,2020,39,1,141,5316.0,3.0,1,LOJA,1,LOJA,3,2023-02-24 11:40:45,,8,3
1287980543290487,611080695126144,2020,39,1,141,5316.0,4.0,1,LOJA,1,LOJA,6,2023-02-24 11:40:45,,8,3
1287980544290487,611080695126144,2020,39,1,141,5316.0,1.0,1,LONIC,1,LONIC,45,2023-02-24 11:40:45,,8,3
1287980545290487,611080695126144,2020,39,1,141,5316.0,2.0,1,LONIC,1,LONIC,60,2023-02-24 11:40:45,,8,3
1287980546290487,611080695126144,2020,39,1,141,5316.0,3.0,1,LONIC,1,LONIC,30,2023-02-24 11:40:45,,8,3
1287980547290487,611080695126144,2020,39,1,141,5316.0,4.0,1,LONIC,1,LONIC,20,2023-02-24 11:40:45,,8,3
1287980548290487,611080695126144,2020,39,1,141,5316.0,3.0,1,LYNU,1,LYNU,1,2023-02-24 11:40:45,,8,3
1287980549290487,611080695126144,2020,39,1,141,5316.0,1.0,1,MIVI,1,MIVI,1,2023-02-24 11:40:45,,8,3
1287980550290487,611080695126144,2020,39,1,141,5316.0,2.0,1,MIVI,1,MIVI,3,2023-02-24 11:40:45,,8,3
1287980551290487,611080695126144,2020,39,1,141,5316.0,3.0,1,MIVI,1,MIVI,15,2023-02-24 11:40:45,,8,3
1287980552290487,611080695126144,2020,39,1,141,5316.0,4.0,1,MIVI,1,MIVI,20,2023-02-24 11:40:45,,8,3
1287980553290487,611080695126144,2020,39,1,141,5316.0,1.0,1,ROMU,1,ROMU,3,2023-02-24 11:40:45,,8,3
1287980554290487,611080695126144,2020,39,1,141,5316.0,2.0,1,ROMU,1,ROMU,3,2023-02-24 11:40:45,,8,3
1287980555290487,611080695126144,2020,39,1,141,5316.0,3.0,1,ROMU,1,ROMU,1,2023-02-24 11:40:45,,8,3
1287980556290487,611080695126144,2020,39,1,141,5316.0,4.0,1,ROMU,1,ROMU,6,2023-02-24 11:40:45,,8,3
1287980557290487,611080695126144,2020,39,1,141,5316.0,2.0,1,ROPS,1,ROPS,20,2023-02-24 11:40:45,,8,3
1287980558290487,611080695126144,2020,39,1,141,5316.0,3.0,1,ROPS,1,ROPS,35,2023-02-24 11:40:45,,8,3
1287980559290487,611080695126144,2020,39,1,141,5316.0,4.0,1,ROPS,1,ROPS,10,2023-02-24 11:40:45,,8,3
1287980764290487,611080741126144,2020,39,1,131,2188.0,4.0,2,AIAL,1,AIAL,1,2023-02-24 11:40:45,,8,3
1287980765290487,611080741126144,2020,39,1,131,2188.0,3.0,2,CIVU,1,CIVU,1,2023-02-24 11:40:45,,8,3
1287980766290487,611080741126144,2020,39,1,131,2188.0,3.0,2,MIVI,1,MIVI,20,2023-02-24 11:40:45,,8,3
1287980767290487,611080741126144,2020,39,1,131,2188.0,4.0,2,MIVI,1,MIVI,6,2023-02-24 11:40:45,,8,3
1534404121290487,816262327290487,2022,39,1,71,5390.0,4.0,1,LONIC,1,LONIC,3,2023-12-05 15:52:02,,8,5
1534404122290487,816262327290487,2022,39,1,71,5390.0,1.0,1,MIVI,1,MIVI,35,2023-12-05 15:52:02,,8,5
1534404123290487,816262327290487,2022,39,1,71,5390.0,2.0,1,MIVI,1,MIVI,80,2023-12-05 15:52:02,,8,5
1534404124290487,816262327290487,2022,39,1,71,5390.0,3.0,1,MIVI,1,MIVI,7,2023-12-05 15:52:02,,8,5
1534404125290487,816262327290487,2022,39,1,71,5390.0,4.0,1,MIVI,1,MIVI,8,2023-12-05 15:52:02,,8,5
1534404126290487,816262327290487,2022,39,1,71,5390.0,1.0,1,ROMU,1,ROMU,15,2023-12-05 15:52:02,,8,5
1534404302290487,816262455290487,2022,39,3,31,1999.0,1.0,1,ROMU,1,ROMU,2,2023-12-05 15:52:03,,8,5
1534404303290487,816262455290487,2022,39,3,31,1999.0,2.0,1,ROMU,1,ROMU,1,2023-12-05 15:52:03,,8,5
1534404304290487,816262455290487,2022,39,3,31,1999.0,3.0,1,ROMU,1,ROMU,1,2023-12-05 15:52:03,,8,5
1534404305290487,816262455290487,2022,39,3,31,1999.0,4.0,1,ROMU,1,ROMU,30,2023-12-05 15:52:03,,8,5
1534404485290487,816262538290487,2022,39,4,55,1995.0,2.0,1,ALPE4,1,ALPE4,1,2023-12-05 15:52:03,,8,5
1534404486290487,816262538290487,2022,39,4,55,1995.0,3.0,1,ALPE4,1,ALPE4,1,2023-12-05 15:52:03,,8,5
1534404487290487,816262538290487,2022,39,4,55,1995.0,2.0,1,FRAL4,1,FRAL4,1,2023-12-05 15:52:03,,8,5
1534404488290487,816262538290487,2022,39,4,55,1995.0,3.0,1,FRAL4,1,FRAL4,1,2023-12-05 15:52:03,,8,5
1534404489290487,816262538290487,2022,39,4,55,1995.0,2.0,1,ROMU,1,ROMU,1,2023-12-05 15:52:03,,8,5
1534407658290487,816262265290487,2022,39,5,57,2961.0,1.0,1,ALPE4,1,ALPE4,1,2023-12-05 15:52:16,,8,5
1534407659290487,816262265290487,2022,39,5,57,2961.0,2.0,1,ALPE4,1,ALPE4,5,2023-12-05 15:52:16,,8,5
1534407660290487,816262265290487,2022,39,5,57,2961.0,4.0,1,ALPE4,1,ALPE4,1,2023-12-05 15:52:16,,8,5
1534407661290487,816262265290487,2022,39,5,57,2961.0,1.0,1,BETH,1,BETH,1,2023-12-05 15:52:16,,8,5
1534407662290487,816262265290487,2022,39,5,57,2961.0,2.0,1,BETH,1,BETH,1,2023-12-05 15:52:16,,8,5
1534407663290487,816262265290487,2022,39,5,57,2961.0,3.0,1,BETH,1,BETH,1,2023-12-05 15:52:16,,8,5
1534407664290487,816262265290487,2022,39,5,57,2961.0,2.0,1,CEOR7,1,CEOR7,25,2023-12-05 15:52:16,,8,5
1534407665290487,816262265290487,2022,39,5,57,2961.0,4.0,1,CEOR7,1,CEOR7,1,2023-12-05 15:52:16,,8,5
1534407666290487,816262265290487,2022,39,5,57,2961.0,1.0,1,ELUM,1,ELUM,15,2023-12-05 15:52:16,,8,5
1534407667290487,816262265290487,2022,39,5,57,2961.0,2.0,1,ELUM,1,ELUM,30,2023-12-05 15:52:16,,8,5
1534407668290487,816262265290487,2022,39,5,57,2961.0,3.0,1,ELUM,1,ELUM,10,2023-12-05 15:52:16,,8,5
1534407669290487,816262265290487,2022,39,5,57,2961.0,4.0,1,ELUM,1,ELUM,1,2023-12-05 15:52:16,,8,5
1534407670290487,816262265290487,2022,39,5,57,2961.0,1.0,1,LONIC,1,LONIC,30,2023-12-05 15:52:16,,8,5
1534407671290487,816262265290487,2022,39,5,57,2961.0,2.0,1,LONIC,1,LONIC,25,2023-12-05 15:52:16,,8,5
1534407672290487,816262265290487,2022,39,5,57,2961.0,3.0,1,LONIC,1,LONIC,40,2023-12-05 15:52:16,,8,5
1534407673290487,816262265290487,2022,39,5,57,2961.0,4.0,1,LONIC,1,LONIC,2,2023-12-05 15:52:16,,8,5
1534407674290487,816262265290487,2022,39,5,57,2961.0,1.0,1,ROMU,1,ROMU,1,2023-12-05 15:52:16,,8,5
1534407675290487,816262265290487,2022,39,5,57,2961.0,2.0,1,ROMU,1,ROMU,2,2023-12-05 15:52:16,,8,5
1534407676290487,816262265290487,2022,39,5,57,2961.0,3.0,1,ROMU,1,ROMU,1,2023-12-05 15:52:16,,8,5
1534407677290487,816262265290487,2022,39,5,57,2961.0,4.0,1,ROMU,1,ROMU,2,2023-12-05 15:52:16,,8,5
1534408014290487,816262051290487,2022,39,4,103,4704.0,1.0,1,ALPE4,1,ALPE4,1,2023-12-05 15:52:19,,8,5
1534408015290487,816262051290487,2022,39,4,103,4704.0,2.0,1,ALPE4,1,ALPE4,1,2023-12-05 15:52:19,,8,5
1534408016290487,816262051290487,2022,39,4,103,4704.0,3.0,1,ALPE4,1,ALPE4,1,2023-12-05 15:52:19,,8,5
1534408017290487,816262051290487,2022,39,4,103,4704.0,3.0,1,BETH,1,BETH,1,2023-12-05 15:52:19,,8,5
1534408018290487,816262051290487,2022,39,4,103,4704.0,2.0,1,CEOR7,1,CEOR7,2,2023-12-05 15:52:19,,8,5
1534408019290487,816262051290487,2022,39,4,103,4704.0,3.0,1,LOMO2,1,LOMO2,1,2023-12-05 15:52:19,,8,5
1534408020290487,816262051290487,2022,39,4,103,4704.0,1.0,1,ROMU,1,ROMU,1,2023-12-05 15:52:19,,8,5
1534408021290487,816262051290487,2022,39,4,103,4704.0,2.0,1,ROMU,1,ROMU,11,2023-12-05 15:52:19,,8,5
1534408022290487,816262051290487,2022,39,4,103,4704.0,3.0,1,ROMU,1,ROMU,6,2023-12-05 15:52:19,,8,5
1534404992290487,816262252290487,2022,39,6,69,3290.0,3.0,1,CIAR4,1,CIAR4,1,2023-12-05 15:52:05,,8,5
1534404993290487,816262252290487,2022,39,6,69,3290.0,1.0,1,PHAU7,1,PHAU7,50,2023-12-05 15:52:05,,8,5
1534404994290487,816262252290487,2022,39,6,69,3290.0,2.0,1,PHAU7,1,PHAU7,99,2023-12-05 15:52:05,,8,5
1534404995290487,816262252290487,2022,39,6,69,3290.0,3.0,1,PHAU7,1,PHAU7,20,2023-12-05 15:52:05,,8,5
1534404996290487,816262252290487,2022,39,6,69,3290.0,4.0,1,PHAU7,1,PHAU7,95,2023-12-05 15:52:05,,8,5
1534405222290487,816262505290487,2022,39,1,53,1418.0,1.0,1,LOJA,1,LOJA,45,2023-12-05 15:52:06,,8,5
1534405223290487,816262505290487,2022,39,1,53,1418.0,2.0,1,LOJA,1,LOJA,65,2023-12-05 15:52:06,,8,5
1534405224290487,816262505290487,2022,39,1,53,1418.0,3.0,1,LOJA,1,LOJA,60,2023-12-05 15:52:06,,8,5
1534405225290487,816262505290487,2022,39,1,53,1418.0,4.0,1,LOJA,1,LOJA,65,2023-12-05 15:52:06,,8,5
1534405226290487,816262505290487,2022,39,1,53,1418.0,1.0,1,ROMU,1,ROMU,1,2023-12-05 15:52:06,,8,5
1534405227290487,816262505290487,2022,39,1,53,1418.0,2.0,1,ROMU,1,ROMU,1,2023-12-05 15:52:06,,8,5
1535590685290487,816262011290487,2022,39,2,163,1300.0,2.0,1,ROMU,1,ROMU,1,2023-12-18 09:22:03,,8,5
1534405228290487,816262505290487,2022,39,1,53,1418.0,4.0,1,ROMU,1,ROMU,1,2023-12-05 15:52:06,,8,5
1534405676290487,816262458290487,2022,39,1,87,2263.0,1.0,1,LOJA,1,LOJA,1,2023-12-05 15:52:09,,8,5
1534405677290487,816262458290487,2022,39,1,87,2263.0,2.0,2,LOJA,1,LOJA,1,2023-12-05 15:52:09,,8,5
469338924489998,306266580489998,2016,39,1,53,3579.0,3.0,1,ROMU,1,ROMU,6,2017-05-11 07:04:40,,7,5
469338925489998,306266580489998,2016,39,1,53,3579.0,4.0,1,ROMU,1,ROMU,15,2017-05-11 07:04:40,,7,5
469338926489998,306266580489998,2016,39,1,53,3579.0,1.0,1,ROPS,1,ROPS,10,2017-05-11 07:04:40,,7,5
469338927489998,306266580489998,2016,39,1,53,3579.0,4.0,1,ROPS,1,ROPS,2,2017-05-11 07:04:40,,7,5
469333628489998,306266525489998,2016,39,3,111,5542.0,2.0,1,ALPE4,1,ALPE4,1,2017-05-11 07:04:01,,7,5
469333629489998,306266525489998,2016,39,3,111,5542.0,3.0,1,ALPE4,1,ALPE4,2,2017-05-11 07:04:01,,7,5
469333630489998,306266525489998,2016,39,3,111,5542.0,3.0,1,BETH,1,BETH,1,2017-05-11 07:04:01,,7,5
469333631489998,306266525489998,2016,39,3,111,5542.0,2.0,1,MIVI,1,MIVI,25,2017-05-11 07:04:01,,7,5
469333632489998,306266525489998,2016,39,3,111,5542.0,1.0,1,ROMU,1,ROMU,4,2017-05-11 07:04:01,,7,5
469333633489998,306266525489998,2016,39,3,111,5542.0,2.0,1,ROMU,1,ROMU,10,2017-05-11 07:04:01,,7,5
469333634489998,306266525489998,2016,39,3,111,5542.0,3.0,1,ROMU,1,ROMU,18,2017-05-11 07:04:01,,7,5
469333635489998,306266525489998,2016,39,3,111,5542.0,4.0,1,ROMU,1,ROMU,2,2017-05-11 07:04:01,,7,5
469333801489998,306266536489998,2016,39,1,79,5661.0,1.0,1,LOJA,1,LOJA,1,2017-05-11 07:04:02,,7,5
469333802489998,306266536489998,2016,39,1,79,5661.0,2.0,1,LOJA,1,LOJA,1,2017-05-11 07:04:02,,7,5
469333803489998,306266536489998,2016,39,1,79,5661.0,4.0,1,LOJA,1,LOJA,1,2017-05-11 07:04:02,,7,5
469333804489998,306266536489998,2016,39,1,79,5661.0,2.0,1,ROMU,1,ROMU,2,2017-05-11 07:04:02,,7,5
469333973489998,306266564489998,2016,39,4,103,5429.0,2.0,2,LIVU,1,LIVU,2,2017-05-11 07:04:02,,7,5
469333974489998,306266564489998,2016,39,4,103,5429.0,2.0,2,RHCA3,1,RHCA3,2,2017-05-11 07:04:02,,7,5
469333975489998,306266564489998,2016,39,4,103,5429.0,2.0,2,ROMU,1,ROMU,10,2017-05-11 07:04:02,,7,5
469334318489998,306266546489998,2016,39,4,151,3807.0,4.0,1,ALPE4,1,ALPE4,2,2017-05-11 07:04:06,,7,5
469334319489998,306266546489998,2016,39,4,151,3807.0,1.0,1,LIVU,1,LIVU,1,2017-05-11 07:04:06,,7,5
469334320489998,306266546489998,2016,39,4,151,3807.0,4.0,1,LIVU,1,LIVU,2,2017-05-11 07:04:06,,7,5
469334321489998,306266546489998,2016,39,4,151,3807.0,1.0,1,PHAR3,1,PHAR3,2,2017-05-11 07:04:06,,7,5
469334322489998,306266546489998,2016,39,4,151,3807.0,2.0,1,PHAR3,1,PHAR3,95,2017-05-11 07:04:06,,7,5
469334323489998,306266546489998,2016,39,4,151,3807.0,3.0,1,PHAR3,1,PHAR3,55,2017-05-11 07:04:06,,7,5
469334324489998,306266546489998,2016,39,4,151,3807.0,1.0,1,ROMU,1,ROMU,3,2017-05-11 07:04:06,,7,5
469334325489998,306266546489998,2016,39,4,151,3807.0,2.0,1,ROMU,1,ROMU,1,2017-05-11 07:04:06,,7,5
469334326489998,306266546489998,2016,39,4,151,3807.0,3.0,1,ROMU,1,ROMU,5,2017-05-11 07:04:06,,7,5
469334327489998,306266546489998,2016,39,4,151,3807.0,4.0,1,ROMU,1,ROMU,15,2017-05-11 07:04:06,,7,5
469334514489998,306266033489998,2016,39,3,31,2504.0,1.0,1,ALPE4,1,ALPE4,2,2017-05-11 07:04:07,,7,5
469334515489998,306266033489998,2016,39,3,31,2504.0,3.0,1,ALPE4,1,ALPE4,10,2017-05-11 07:04:07,,7,5
469334516489998,306266033489998,2016,39,3,31,2504.0,2.0,1,MIVI,1,MIVI,5,2017-05-11 07:04:07,,7,5
469334517489998,306266033489998,2016,39,3,31,2504.0,1.0,1,ROMU,1,ROMU,10,2017-05-11 07:04:07,,7,5
469334518489998,306266033489998,2016,39,3,31,2504.0,2.0,1,ROMU,1,ROMU,20,2017-05-11 07:04:07,,7,5
469334519489998,306266033489998,2016,39,3,31,2504.0,3.0,1,ROMU,1,ROMU,10,2017-05-11 07:04:07,,7,5
469334686489998,306266171489998,2016,39,5,113,1116.0,2.0,1,ALPE4,1,ALPE4,1,2017-05-11 07:04:09,,7,5
469334687489998,306266171489998,2016,39,5,113,1116.0,3.0,1,ALPE4,1,ALPE4,1,2017-05-11 07:04:09,,7,5
469334688489998,306266171489998,2016,39,5,113,1116.0,3.0,1,BETH,1,BETH,1,2017-05-11 07:04:09,,7,5
469334689489998,306266171489998,2016,39,5,113,1116.0,1.0,1,LOMA6,1,LOMA6,50,2017-05-11 07:04:09,,7,5
469334690489998,306266171489998,2016,39,5,113,1116.0,2.0,1,LOMA6,1,LOMA6,30,2017-05-11 07:04:09,,7,5
469334691489998,306266171489998,2016,39,5,113,1116.0,3.0,1,LOMA6,1,LOMA6,30,2017-05-11 07:04:09,,7,5
469334692489998,306266171489998,2016,39,5,113,1116.0,4.0,1,LOMA6,1,LOMA6,11,2017-05-11 07:04:09,,7,5
469334693489998,306266171489998,2016,39,5,113,1116.0,1.0,1,ROMU,1,ROMU,4,2017-05-11 07:04:09,,7,5
469334694489998,306266171489998,2016,39,5,113,1116.0,2.0,1,ROMU,1,ROMU,1,2017-05-11 07:04:09,,7,5
469334695489998,306266171489998,2016,39,5,113,1116.0,3.0,1,ROMU,1,ROMU,1,2017-05-11 07:04:09,,7,5
469334696489998,306266171489998,2016,39,5,113,1116.0,4.0,1,ROMU,1,ROMU,1,2017-05-11 07:04:09,,7,5
469334933489998,306266282489998,2016,39,6,107,4902.0,2.0,2,ALPE4,1,ALPE4,2,2017-05-11 07:04:10,,7,5
469334934489998,306266282489998,2016,39,6,107,4902.0,2.0,2,ROMU,1,ROMU,1,2017-05-11 07:04:10,,7,5
469335092489998,306266486489998,2016,39,3,75,1717.0,1.0,1,ALPE4,1,ALPE4,10,2017-05-11 07:04:12,,7,5
469335093489998,306266486489998,2016,39,3,75,1717.0,2.0,1,ALPE4,1,ALPE4,15,2017-05-11 07:04:12,,7,5
469335094489998,306266486489998,2016,39,3,75,1717.0,3.0,2,ALPE4,1,ALPE4,10,2017-05-11 07:04:12,,7,5
469335095489998,306266486489998,2016,39,3,75,1717.0,4.0,1,ALPE4,1,ALPE4,10,2017-05-11 07:04:12,,7,5
469335096489998,306266486489998,2016,39,3,75,1717.0,1.0,1,ELUM,1,ELUM,2,2017-05-11 07:04:12,,7,5
469335097489998,306266486489998,2016,39,3,75,1717.0,2.0,1,ELUM,1,ELUM,2,2017-05-11 07:04:12,,7,5
469335098489998,306266486489998,2016,39,3,75,1717.0,3.0,2,ELUM,1,ELUM,43,2017-05-11 07:04:12,,7,5
469335099489998,306266486489998,2016,39,3,75,1717.0,4.0,1,ELUM,1,ELUM,3,2017-05-11 07:04:12,,7,5
469335100489998,306266486489998,2016,39,3,75,1717.0,2.0,1,LIVU,1,LIVU,2,2017-05-11 07:04:12,,7,5
469335101489998,306266486489998,2016,39,3,75,1717.0,1.0,1,ROMU,1,ROMU,55,2017-05-11 07:04:12,,7,5
469335102489998,306266486489998,2016,39,3,75,1717.0,2.0,1,ROMU,1,ROMU,45,2017-05-11 07:04:12,,7,5
469335103489998,306266486489998,2016,39,3,75,1717.0,3.0,2,ROMU,1,ROMU,20,2017-05-11 07:04:12,,7,5
469335104489998,306266486489998,2016,39,3,75,1717.0,4.0,1,ROMU,1,ROMU,50,2017-05-11 07:04:12,,7,5
469335286489998,306266557489998,2016,39,1,79,4747.0,1.0,1,MIVI,1,MIVI,1,2017-05-11 07:04:13,,7,5
469335287489998,306266557489998,2016,39,1,79,4747.0,4.0,1,MIVI,1,MIVI,5,2017-05-11 07:04:13,,7,5
469335473489998,306266590489998,2016,39,4,155,4794.0,1.0,1,FRAL4,1,FRAL4,3,2017-05-11 07:04:14,,7,5
469335474489998,306266590489998,2016,39,4,155,4794.0,2.0,1,FRAL4,1,FRAL4,1,2017-05-11 07:04:14,,7,5
469335475489998,306266590489998,2016,39,4,155,4794.0,3.0,1,FRAL4,1,FRAL4,13,2017-05-11 07:04:14,,7,5
469335476489998,306266590489998,2016,39,4,155,4794.0,4.0,1,FRAL4,1,FRAL4,1,2017-05-11 07:04:14,,7,5
469335477489998,306266590489998,2016,39,4,155,4794.0,1.0,1,ROMU,1,ROMU,2,2017-05-11 07:04:14,,7,5
469335478489998,306266590489998,2016,39,4,155,4794.0,2.0,1,ROMU,1,ROMU,12,2017-05-11 07:04:14,,7,5
469335479489998,306266590489998,2016,39,4,155,4794.0,3.0,1,ROMU,1,ROMU,4,2017-05-11 07:04:14,,7,5
469335480489998,306266590489998,2016,39,4,155,4794.0,4.0,1,ROMU,1,ROMU,7,2017-05-11 07:04:14,,7,5
530835150126144,375550002489998,2017,39,2,73,1771.0,4.0,1,LOJA,1,LOJA,1,2018-04-17 12:03:15,,7,6
530835151126144,375550002489998,2017,39,2,73,1771.0,1.0,1,MIVI,1,MIVI,1,2018-04-17 12:03:15,,7,6
530835152126144,375550002489998,2017,39,2,73,1771.0,4.0,1,MIVI,1,MIVI,1,2018-04-17 12:03:15,,7,6
530835153126144,375550002489998,2017,39,2,73,1771.0,1.0,1,ROMU,1,ROMU,4,2018-04-17 12:03:15,,7,6
1287980768290487,611080741126144,2020,39,1,131,2188.0,3.0,2,ROMU,1,ROMU,2,2023-02-24 11:40:45,,8,3
1287980769290487,611080741126144,2020,39,1,131,2188.0,4.0,2,ROMU,1,ROMU,2,2023-02-24 11:40:45,,8,3
1287980856290487,611080746126144,2020,39,1,1,5656.0,3.0,1,MIVI,1,MIVI,1,2023-02-24 11:40:45,,8,3
1287980857290487,611080746126144,2020,39,1,1,5656.0,2.0,1,ROMU,1,ROMU,2,2023-02-24 11:40:45,,8,3
1287980858290487,611080746126144,2020,39,1,1,5656.0,4.0,1,ROMU,1,ROMU,2,2023-02-24 11:40:45,,8,3
1287981094290487,611080892126144,2020,39,6,173,3801.0,1.0,1,LONIC,1,LONIC,3,2023-02-24 11:40:46,,8,3
1287981095290487,611080892126144,2020,39,6,173,3801.0,3.0,1,LONIC,1,LONIC,2,2023-02-24 11:40:46,,8,3
1287981096290487,611080892126144,2020,39,6,173,3801.0,4.0,1,LONIC,1,LONIC,1,2023-02-24 11:40:46,,8,3
1287981097290487,611080892126144,2020,39,6,173,3801.0,1.0,1,MIVI,1,MIVI,20,2023-02-24 11:40:46,,8,3
1287981098290487,611080892126144,2020,39,6,173,3801.0,4.0,1,MIVI,1,MIVI,5,2023-02-24 11:40:46,,8,3
1287981099290487,611080892126144,2020,39,6,173,3801.0,1.0,1,RHCA3,1,RHCA3,60,2023-02-24 11:40:46,,8,3
1287981100290487,611080892126144,2020,39,6,173,3801.0,3.0,1,RHCA3,1,RHCA3,78,2023-02-24 11:40:46,,8,3
1287981101290487,611080892126144,2020,39,6,173,3801.0,4.0,1,RHCA3,1,RHCA3,35,2023-02-24 11:40:46,,8,3
1287981102290487,611080892126144,2020,39,6,173,3801.0,1.0,1,ROMU,1,ROMU,6,2023-02-24 11:40:46,,8,3
1287981103290487,611080892126144,2020,39,6,173,3801.0,3.0,1,ROMU,1,ROMU,2,2023-02-24 11:40:46,,8,3
1287981104290487,611080892126144,2020,39,6,173,3801.0,4.0,1,ROMU,1,ROMU,2,2023-02-24 11:40:46,,8,3
1287976635290487,611080681126144,2020,39,5,49,2542.0,2.0,1,HEHE,1,HEHE,2,2023-02-24 11:40:32,,8,3
1287976636290487,611080681126144,2020,39,5,49,2542.0,1.0,1,LIVU,1,LIVU,5,2023-02-24 11:40:32,,8,3
1287976637290487,611080681126144,2020,39,5,49,2542.0,3.0,1,LIVU,1,LIVU,3,2023-02-24 11:40:32,,8,3
1287976638290487,611080681126144,2020,39,5,49,2542.0,4.0,1,LIVU,1,LIVU,1,2023-02-24 11:40:32,,8,3
1287976639290487,611080681126144,2020,39,5,49,2542.0,1.0,1,LONIC,1,LONIC,2,2023-02-24 11:40:32,,8,3
1287976640290487,611080681126144,2020,39,5,49,2542.0,3.0,1,LONIC,1,LONIC,5,2023-02-24 11:40:32,,8,3
1287976641290487,611080681126144,2020,39,5,49,2542.0,1.0,1,LYNU,1,LYNU,15,2023-02-24 11:40:32,,8,3
1287976642290487,611080681126144,2020,39,5,49,2542.0,1.0,1,ROMU,1,ROMU,2,2023-02-24 11:40:32,,8,3
1287976643290487,611080681126144,2020,39,5,49,2542.0,2.0,1,ROMU,1,ROMU,2,2023-02-24 11:40:32,,8,3
1287976644290487,611080681126144,2020,39,5,49,2542.0,3.0,1,ROMU,1,ROMU,10,2023-02-24 11:40:32,,8,3
1287979176290487,611080978126144,2020,39,6,51,5838.0,2.0,1,ROMU,1,ROMU,1,2023-02-24 11:40:41,,8,3
1287981301290487,611080438126144,2020,39,2,167,2329.0,2.0,2,ELUM,1,ELUM,1,2023-02-24 11:40:46,,8,3
1287981302290487,611080438126144,2020,39,2,167,2329.0,2.0,2,ROMU,1,ROMU,4,2023-02-24 11:40:46,,8,3
1312999263290487,721927179290487,2021,39,4,7,1392.0,4.0,3,ALPE4,1,ALPE4,5,2023-05-18 08:27:40,,8,4
1312999264290487,721927179290487,2021,39,4,7,1392.0,3.0,3,ELUM,1,ELUM,4,2023-05-18 08:27:40,,8,4
1312999265290487,721927179290487,2021,39,4,7,1392.0,4.0,3,LIVU,1,LIVU,1,2023-05-18 08:27:40,,8,4
1312999266290487,721927179290487,2021,39,4,7,1392.0,4.0,3,LOJA,1,LOJA,3,2023-05-18 08:27:40,,8,4
1312999267290487,721927179290487,2021,39,4,7,1392.0,3.0,3,LOMA6,1,LOMA6,1,2023-05-18 08:27:40,,8,4
1312999268290487,721927179290487,2021,39,4,7,1392.0,4.0,3,LOMA6,1,LOMA6,12,2023-05-18 08:27:40,,8,4
1312999269290487,721927179290487,2021,39,4,7,1392.0,3.0,3,ROMU,1,ROMU,2,2023-05-18 08:27:40,,8,4
1312999270290487,721927179290487,2021,39,4,7,1392.0,4.0,3,ROMU,1,ROMU,2,2023-05-18 08:27:40,,8,4
1312999271290487,721927179290487,2021,39,4,7,1392.0,3.0,3,ROPS,1,ROPS,6,2023-05-18 08:27:40,,8,4
1312999272290487,721927179290487,2021,39,4,7,1392.0,4.0,3,ROPS,1,ROPS,1,2023-05-18 08:27:40,,8,4
1312999351290487,721926970290487,2021,39,6,11,2083.0,2.0,2,ROMU,1,ROMU,2,2023-05-18 08:27:41,,8,4
1312999413290487,721926642290487,2021,39,6,39,3798.0,2.0,2,ROMU,1,ROMU,2,2023-05-18 08:27:42,,8,4
1312927418290487,721927690290487,2021,39,3,157,1342.0,1.0,1,ALPE4,1,ALPE4,10,2023-05-17 13:32:56,,8,4
1312927419290487,721927690290487,2021,39,3,157,1342.0,1.0,2,ALPE4,1,ALPE4,1,2023-05-17 13:32:56,,8,4
1312927420290487,721927690290487,2021,39,3,157,1342.0,2.0,1,ALPE4,1,ALPE4,5,2023-05-17 13:32:56,,8,4
1312927421290487,721927690290487,2021,39,3,157,1342.0,3.0,2,ALPE4,1,ALPE4,1,2023-05-17 13:32:56,,8,4
1312927422290487,721927690290487,2021,39,3,157,1342.0,1.0,1,ROMU,1,ROMU,5,2023-05-17 13:32:56,,8,4
1312927423290487,721927690290487,2021,39,3,157,1342.0,2.0,1,ROMU,1,ROMU,5,2023-05-17 13:32:56,,8,4
1312927424290487,721927690290487,2021,39,3,157,1342.0,2.0,2,ROMU,1,ROMU,47,2023-05-17 13:32:56,,8,4
1312927426290487,721927690290487,2021,39,3,157,1342.0,4.0,1,ROMU,1,ROMU,25,2023-05-17 13:32:56,,8,4
1312927425290487,721927690290487,2021,39,3,157,1342.0,3.0,2,ROMU,1,ROMU,30,2023-05-17 13:32:56,,8,4
1312927921290487,721926592290487,2021,39,6,95,3536.0,1.0,1,BEVU,1,BEVU,1,2023-05-17 13:32:58,,8,4
1312927922290487,721926592290487,2021,39,6,95,3536.0,1.0,2,BEVU,1,BEVU,5,2023-05-17 13:32:58,,8,4
1312927923290487,721926592290487,2021,39,6,95,3536.0,2.0,1,BEVU,1,BEVU,1,2023-05-17 13:32:58,,8,4
1312927924290487,721926592290487,2021,39,6,95,3536.0,4.0,2,BEVU,1,BEVU,10,2023-05-17 13:32:58,,8,4
1312927925290487,721926592290487,2021,39,6,95,3536.0,4.0,2,LIVU,1,LIVU,1,2023-05-17 13:32:58,,8,4
1312927926290487,721926592290487,2021,39,6,95,3536.0,1.0,1,LONIC,1,LONIC,1,2023-05-17 13:32:58,,8,4
1312927927290487,721926592290487,2021,39,6,95,3536.0,3.0,2,LONIC,1,LONIC,1,2023-05-17 13:32:58,,8,4
1312927928290487,721926592290487,2021,39,6,95,3536.0,4.0,2,LONIC,1,LONIC,1,2023-05-17 13:32:58,,8,4
1312927929290487,721926592290487,2021,39,6,95,3536.0,1.0,1,ROMU,1,ROMU,1,2023-05-17 13:32:58,,8,4
1312927930290487,721926592290487,2021,39,6,95,3536.0,1.0,2,ROMU,1,ROMU,1,2023-05-17 13:32:58,,8,4
1312927931290487,721926592290487,2021,39,6,95,3536.0,2.0,1,ROMU,1,ROMU,1,2023-05-17 13:32:58,,8,4
1312927932290487,721926592290487,2021,39,6,95,3536.0,4.0,2,ROMU,1,ROMU,3,2023-05-17 13:32:58,,8,4
1312928207290487,721927054290487,2021,39,1,141,3077.0,1.0,1,ROMU,1,ROMU,1,2023-05-17 13:32:58,,8,4
1312928208290487,721927054290487,2021,39,1,141,3077.0,2.0,1,ROMU,1,ROMU,7,2023-05-17 13:32:58,,8,4
1312928209290487,721927054290487,2021,39,1,141,3077.0,4.0,1,ROMU,1,ROMU,5,2023-05-17 13:32:58,,8,4
1312928210290487,721927054290487,2021,39,1,141,3077.0,1.0,1,ROPS,1,ROPS,15,2023-05-17 13:32:58,,8,4
1312928422290487,721927209290487,2021,39,1,87,4134.0,3.0,2,CEOR7,1,CEOR7,1,2023-05-17 13:32:59,,8,4
1312928423290487,721927209290487,2021,39,1,87,4134.0,3.0,2,LOJA,1,LOJA,1,2023-05-17 13:32:59,,8,4
1312928424290487,721927209290487,2021,39,1,87,4134.0,3.0,2,MIVI,1,MIVI,20,2023-05-17 13:32:59,,8,4
1312928425290487,721927209290487,2021,39,1,87,4134.0,3.0,2,ROMU,1,ROMU,2,2023-05-17 13:32:59,,8,4
1312928476290487,721927241290487,2021,39,2,115,3461.0,3.0,1,AIAL,1,AIAL,15,2023-05-17 13:32:59,,8,4
1312928477290487,721927241290487,2021,39,2,115,3461.0,1.0,1,ALPE4,1,ALPE4,2,2023-05-17 13:32:59,,8,4
1312928478290487,721927241290487,2021,39,2,115,3461.0,2.0,1,ALPE4,1,ALPE4,2,2023-05-17 13:32:59,,8,4
1312928479290487,721927241290487,2021,39,2,115,3461.0,3.0,1,ALPE4,1,ALPE4,2,2023-05-17 13:32:59,,8,4
1312928480290487,721927241290487,2021,39,2,115,3461.0,4.0,1,ALPE4,1,ALPE4,2,2023-05-17 13:32:59,,8,4
1312928481290487,721927241290487,2021,39,2,115,3461.0,1.0,1,ELUM,1,ELUM,15,2023-05-17 13:32:59,,8,4
1312928482290487,721927241290487,2021,39,2,115,3461.0,2.0,1,ELUM,1,ELUM,20,2023-05-17 13:32:59,,8,4
1312928483290487,721927241290487,2021,39,2,115,3461.0,3.0,1,ELUM,1,ELUM,35,2023-05-17 13:32:59,,8,4
1312928484290487,721927241290487,2021,39,2,115,3461.0,4.0,1,ELUM,1,ELUM,55,2023-05-17 13:32:59,,8,4
1312928485290487,721927241290487,2021,39,2,115,3461.0,1.0,1,ROMU,1,ROMU,20,2023-05-17 13:32:59,,8,4
1312928486290487,721927241290487,2021,39,2,115,3461.0,2.0,1,ROMU,1,ROMU,5,2023-05-17 13:32:59,,8,4
1312928487290487,721927241290487,2021,39,2,115,3461.0,3.0,1,ROMU,1,ROMU,10,2023-05-17 13:32:59,,8,4
1312928488290487,721927241290487,2021,39,2,115,3461.0,4.0,1,ROMU,1,ROMU,2,2023-05-17 13:32:59,,8,4
1312931693290487,721926208290487,2021,39,6,117,3433.0,1.0,1,ALPE4,1,ALPE4,1,2023-05-17 13:33:11,,8,4
1312931694290487,721926208290487,2021,39,6,117,3433.0,2.0,1,ALPE4,1,ALPE4,2,2023-05-17 13:33:11,,8,4
1312931695290487,721926208290487,2021,39,6,117,3433.0,3.0,2,ALPE4,1,ALPE4,15,2023-05-17 13:33:11,,8,4
1312931696290487,721926208290487,2021,39,6,117,3433.0,4.0,2,ALPE4,1,ALPE4,1,2023-05-17 13:33:11,,8,4
1312931697290487,721926208290487,2021,39,6,117,3433.0,4.0,3,ALPE4,1,ALPE4,1,2023-05-17 13:33:11,,8,4
1312931698290487,721926208290487,2021,39,6,117,3433.0,1.0,1,ROMU,1,ROMU,45,2023-05-17 13:33:11,,8,4
1312931699290487,721926208290487,2021,39,6,117,3433.0,2.0,1,ROMU,1,ROMU,20,2023-05-17 13:33:11,,8,4
1312931700290487,721926208290487,2021,39,6,117,3433.0,3.0,2,ROMU,1,ROMU,3,2023-05-17 13:33:11,,8,4
1312931701290487,721926208290487,2021,39,6,117,3433.0,4.0,2,ROMU,1,ROMU,20,2023-05-17 13:33:11,,8,4
1312931702290487,721926208290487,2021,39,6,117,3433.0,4.0,3,ROMU,1,ROMU,2,2023-05-17 13:33:11,,8,4
1312931996290487,721927205290487,2021,39,1,87,2049.0,1.0,1,BEVU,1,BEVU,2,2023-05-17 13:33:12,,8,4
1312931997290487,721927205290487,2021,39,1,87,2049.0,4.0,1,BEVU,1,BEVU,1,2023-05-17 13:33:12,,8,4
1312931998290487,721927205290487,2021,39,1,87,2049.0,1.0,1,LOJA,1,LOJA,4,2023-05-17 13:33:12,,8,4
1312931999290487,721927205290487,2021,39,1,87,2049.0,3.0,1,LOJA,1,LOJA,1,2023-05-17 13:33:12,,8,4
1312932000290487,721927205290487,2021,39,1,87,2049.0,4.0,1,LOJA,1,LOJA,3,2023-05-17 13:33:12,,8,4
1312932001290487,721927205290487,2021,39,1,87,2049.0,1.0,1,MIVI,1,MIVI,2,2023-05-17 13:33:12,,8,4
1312932002290487,721927205290487,2021,39,1,87,2049.0,3.0,1,MIVI,1,MIVI,3,2023-05-17 13:33:12,,8,4
1312932003290487,721927205290487,2021,39,1,87,2049.0,4.0,1,MIVI,1,MIVI,1,2023-05-17 13:33:12,,8,4
1312932004290487,721927205290487,2021,39,1,87,2049.0,1.0,1,ROMU,1,ROMU,6,2023-05-17 13:33:12,,8,4
1312932005290487,721927205290487,2021,39,1,87,2049.0,3.0,1,ROMU,1,ROMU,1,2023-05-17 13:33:12,,8,4
1312932006290487,721927205290487,2021,39,1,87,2049.0,4.0,1,ROMU,1,ROMU,3,2023-05-17 13:33:12,,8,4
1312932257290487,721929760290487,2021,39,1,71,4274.0,1.0,1,ALPE4,1,ALPE4,1,2023-05-17 13:33:12,,8,4
1312932258290487,721929760290487,2021,39,1,71,4274.0,2.0,1,ALPE4,1,ALPE4,1,2023-05-17 13:33:12,,8,4
1312932259290487,721929760290487,2021,39,1,71,4274.0,3.0,2,ALPE4,1,ALPE4,3,2023-05-17 13:33:12,,8,4
1312932260290487,721929760290487,2021,39,1,71,4274.0,4.0,1,ALPE4,1,ALPE4,3,2023-05-17 13:33:12,,8,4
1312932261290487,721929760290487,2021,39,1,71,4274.0,1.0,1,ELUM,1,ELUM,4,2023-05-17 13:33:12,,8,4
1312932262290487,721929760290487,2021,39,1,71,4274.0,2.0,1,ELUM,1,ELUM,1,2023-05-17 13:33:12,,8,4
1312932263290487,721929760290487,2021,39,1,71,4274.0,3.0,2,ELUM,1,ELUM,40,2023-05-17 13:33:12,,8,4
1312932264290487,721929760290487,2021,39,1,71,4274.0,4.0,1,ELUM,1,ELUM,10,2023-05-17 13:33:12,,8,4
1312932265290487,721929760290487,2021,39,1,71,4274.0,3.0,2,LIVU,1,LIVU,1,2023-05-17 13:33:12,,8,4
1312932266290487,721929760290487,2021,39,1,71,4274.0,1.0,1,LOJA,1,LOJA,1,2023-05-17 13:33:12,,8,4
1312932267290487,721929760290487,2021,39,1,71,4274.0,2.0,1,LOJA,1,LOJA,4,2023-05-17 13:33:12,,8,4
1312932268290487,721929760290487,2021,39,1,71,4274.0,3.0,2,LOJA,1,LOJA,3,2023-05-17 13:33:12,,8,4
1312932269290487,721929760290487,2021,39,1,71,4274.0,4.0,1,LOJA,1,LOJA,2,2023-05-17 13:33:12,,8,4
1312932270290487,721929760290487,2021,39,1,71,4274.0,1.0,1,LONIC,1,LONIC,12,2023-05-17 13:33:12,,8,4
1312932271290487,721929760290487,2021,39,1,71,4274.0,2.0,1,LONIC,1,LONIC,1,2023-05-17 13:33:12,,8,4
1312932272290487,721929760290487,2021,39,1,71,4274.0,3.0,2,LONIC,1,LONIC,3,2023-05-17 13:33:12,,8,4
1312932273290487,721929760290487,2021,39,1,71,4274.0,4.0,1,LONIC,1,LONIC,15,2023-05-17 13:33:12,,8,4
1312932274290487,721929760290487,2021,39,1,71,4274.0,1.0,1,MIVI,1,MIVI,2,2023-05-17 13:33:12,,8,4
1312932275290487,721929760290487,2021,39,1,71,4274.0,2.0,1,MIVI,1,MIVI,2,2023-05-17 13:33:12,,8,4
1312932276290487,721929760290487,2021,39,1,71,4274.0,3.0,2,MIVI,1,MIVI,2,2023-05-17 13:33:12,,8,4
1312932277290487,721929760290487,2021,39,1,71,4274.0,4.0,1,MIVI,1,MIVI,3,2023-05-17 13:33:12,,8,4
1312932278290487,721929760290487,2021,39,1,71,4274.0,1.0,1,ROMU,1,ROMU,6,2023-05-17 13:33:12,,8,4
1312932279290487,721929760290487,2021,39,1,71,4274.0,2.0,1,ROMU,1,ROMU,2,2023-05-17 13:33:12,,8,4
1312932280290487,721929760290487,2021,39,1,71,4274.0,3.0,2,ROMU,1,ROMU,5,2023-05-17 13:33:12,,8,4
1312932281290487,721929760290487,2021,39,1,71,4274.0,4.0,1,ROMU,1,ROMU,8,2023-05-17 13:33:12,,8,4
1312929218290487,721927643290487,2021,39,1,53,2634.0,1.0,1,LIVU,1,LIVU,7,2023-05-17 13:33:02,,8,4
1312929219290487,721927643290487,2021,39,1,53,2634.0,3.0,1,LIVU,1,LIVU,5,2023-05-17 13:33:02,,8,4
1312929220290487,721927643290487,2021,39,1,53,2634.0,4.0,1,LIVU,1,LIVU,1,2023-05-17 13:33:02,,8,4
1312929221290487,721927643290487,2021,39,1,53,2634.0,1.0,1,LOJA,1,LOJA,1,2023-05-17 13:33:02,,8,4
1312929222290487,721927643290487,2021,39,1,53,2634.0,3.0,1,LOJA,1,LOJA,1,2023-05-17 13:33:02,,8,4
1312929223290487,721927643290487,2021,39,1,53,2634.0,4.0,1,LOJA,1,LOJA,1,2023-05-17 13:33:02,,8,4
1312929224290487,721927643290487,2021,39,1,53,2634.0,3.0,1,LONIC,1,LONIC,2,2023-05-17 13:33:02,,8,4
1312929225290487,721927643290487,2021,39,1,53,2634.0,4.0,1,LONIC,1,LONIC,1,2023-05-17 13:33:02,,8,4
1312929226290487,721927643290487,2021,39,1,53,2634.0,1.0,1,ROMU,1,ROMU,1,2023-05-17 13:33:02,,8,4
1312929227290487,721927643290487,2021,39,1,53,2634.0,3.0,1,ROMU,1,ROMU,1,2023-05-17 13:33:02,,8,4
1312929228290487,721927643290487,2021,39,1,53,2634.0,4.0,1,ROMU,1,ROMU,2,2023-05-17 13:33:02,,8,4
1312929588290487,721927093290487,2021,39,4,55,1176.0,2.0,1,BETH,1,BETH,1,2023-05-17 13:33:03,,8,4
1312929589290487,721927093290487,2021,39,4,55,1176.0,1.0,1,FRAL4,1,FRAL4,1,2023-05-17 13:33:03,,8,4
1312929590290487,721927093290487,2021,39,4,55,1176.0,2.0,1,FRAL4,1,FRAL4,1,2023-05-17 13:33:03,,8,4
1312929591290487,721927093290487,2021,39,4,55,1176.0,4.0,1,LIVU,1,LIVU,1,2023-05-17 13:33:03,,8,4
1312929592290487,721927093290487,2021,39,4,55,1176.0,1.0,1,ROMU,1,ROMU,20,2023-05-17 13:33:03,,8,4
1312929593290487,721927093290487,2021,39,4,55,1176.0,2.0,1,ROMU,1,ROMU,20,2023-05-17 13:33:03,,8,4
1312929594290487,721927093290487,2021,39,4,55,1176.0,4.0,1,ROMU,1,ROMU,16,2023-05-17 13:33:03,,8,4
1312929725290487,721927223290487,2021,39,3,19,2633.0,4.0,2,ALPE4,1,ALPE4,3,2023-05-17 13:33:03,,8,4
1312929726290487,721927223290487,2021,39,3,19,2633.0,2.0,1,CIVU,1,CIVU,1,2023-05-17 13:33:03,,8,4
1312929727290487,721927223290487,2021,39,3,19,2633.0,2.0,1,MIVI,1,MIVI,10,2023-05-17 13:33:03,,8,4
1312929728290487,721927223290487,2021,39,3,19,2633.0,4.0,2,MIVI,1,MIVI,1,2023-05-17 13:33:03,,8,4
1312929729290487,721927223290487,2021,39,3,19,2633.0,1.0,1,ROMU,1,ROMU,25,2023-05-17 13:33:03,,8,4
1312929730290487,721927223290487,2021,39,3,19,2633.0,2.0,1,ROMU,1,ROMU,15,2023-05-17 13:33:03,,8,4
1312929731290487,721927223290487,2021,39,3,19,2633.0,3.0,2,ROMU,1,ROMU,5,2023-05-17 13:33:03,,8,4
1312929732290487,721927223290487,2021,39,3,19,2633.0,4.0,2,ROMU,1,ROMU,25,2023-05-17 13:33:03,,8,4
1312928675290487,721927652290487,2021,39,2,73,3185.0,1.0,1,ELUM,1,ELUM,2,2023-05-17 13:32:59,,8,4
1312928676290487,721927652290487,2021,39,2,73,3185.0,3.0,1,ELUM,1,ELUM,5,2023-05-17 13:32:59,,8,4
1287976645290487,611080681126144,2020,39,5,49,2542.0,4.0,1,ROMU,1,ROMU,1,2023-02-24 11:40:32,,8,3
1312928678290487,721927652290487,2021,39,2,73,3185.0,2.0,1,ROMU,1,ROMU,1,2023-05-17 13:32:59,,8,4
1287977618290487,611080481126144,2020,39,2,115,3640.0,3.0,1,ROMU,1,ROMU,3,2023-02-24 11:40:36,,8,3
1287977619290487,611080481126144,2020,39,2,115,3640.0,4.0,1,ROMU,1,ROMU,5,2023-02-24 11:40:36,,8,3
1287977794290487,611080523126144,2020,39,3,59,4848.0,3.0,1,ELUM,1,ELUM,1,2023-02-24 11:40:37,,8,3
1287977795290487,611080523126144,2020,39,3,59,4848.0,4.0,1,ELUM,1,ELUM,1,2023-02-24 11:40:37,,8,3
1287977796290487,611080523126144,2020,39,3,59,4848.0,3.0,1,LOJA,1,LOJA,15,2023-02-24 11:40:37,,8,3
1287977797290487,611080523126144,2020,39,3,59,4848.0,1.0,1,LONIC,1,LONIC,3,2023-02-24 11:40:37,,8,3
1287977798290487,611080523126144,2020,39,3,59,4848.0,3.0,1,LONIC,1,LONIC,5,2023-02-24 11:40:37,,8,3
1287977799290487,611080523126144,2020,39,3,59,4848.0,4.0,1,LONIC,1,LONIC,5,2023-02-24 11:40:37,,8,3
1287977800290487,611080523126144,2020,39,3,59,4848.0,1.0,1,MIVI,1,MIVI,2,2023-02-24 11:40:37,,8,3
1287977801290487,611080523126144,2020,39,3,59,4848.0,3.0,1,MIVI,1,MIVI,1,2023-02-24 11:40:37,,8,3
1287977802290487,611080523126144,2020,39,3,59,4848.0,4.0,1,MIVI,1,MIVI,1,2023-02-24 11:40:37,,8,3
1287977803290487,611080523126144,2020,39,3,59,4848.0,1.0,1,ROMU,1,ROMU,10,2023-02-24 11:40:37,,8,3
1287977804290487,611080523126144,2020,39,3,59,4848.0,3.0,1,ROMU,1,ROMU,30,2023-02-24 11:40:37,,8,3
1287977805290487,611080523126144,2020,39,3,59,4848.0,4.0,1,ROMU,1,ROMU,10,2023-02-24 11:40:37,,8,3
1287978556290487,611080703126144,2020,39,1,1,3708.0,1.0,1,BETH,1,BETH,1,2023-02-24 11:40:39,,8,3
1287978557290487,611080703126144,2020,39,1,1,3708.0,4.0,1,BETH,1,BETH,4,2023-02-24 11:40:39,,8,3
1287978558290487,611080703126144,2020,39,1,1,3708.0,3.0,2,LOJA,1,LOJA,1,2023-02-24 11:40:39,,8,3
1287978559290487,611080703126144,2020,39,1,1,3708.0,4.0,1,LOJA,1,LOJA,2,2023-02-24 11:40:39,,8,3
1287978560290487,611080703126144,2020,39,1,1,3708.0,1.0,1,MIVI,1,MIVI,2,2023-02-24 11:40:39,,8,3
1287978561290487,611080703126144,2020,39,1,1,3708.0,2.0,1,MIVI,1,MIVI,2,2023-02-24 11:40:39,,8,3
1287978562290487,611080703126144,2020,39,1,1,3708.0,4.0,1,MIVI,1,MIVI,15,2023-02-24 11:40:39,,8,3
1287978563290487,611080703126144,2020,39,1,1,3708.0,1.0,1,ROMU,1,ROMU,2,2023-02-24 11:40:39,,8,3
1287978564290487,611080703126144,2020,39,1,1,3708.0,2.0,1,ROMU,1,ROMU,1,2023-02-24 11:40:39,,8,3
1287978565290487,611080703126144,2020,39,1,1,3708.0,3.0,2,ROMU,1,ROMU,1,2023-02-24 11:40:39,,8,3
1287978566290487,611080703126144,2020,39,1,1,3708.0,4.0,1,ROMU,1,ROMU,35,2023-02-24 11:40:39,,8,3
1287979171290487,611080978126144,2020,39,6,51,5838.0,4.0,1,LONIC,1,LONIC,2,2023-02-24 11:40:41,,8,3
1287979172290487,611080978126144,2020,39,6,51,5838.0,1.0,1,MIVI,1,MIVI,1,2023-02-24 11:40:41,,8,3
1287979173290487,611080978126144,2020,39,6,51,5838.0,3.0,1,MIVI,1,MIVI,1,2023-02-24 11:40:41,,8,3
1287979174290487,611080978126144,2020,39,6,51,5838.0,4.0,1,MIVI,1,MIVI,1,2023-02-24 11:40:41,,8,3
1287979175290487,611080978126144,2020,39,6,51,5838.0,1.0,1,ROMU,1,ROMU,3,2023-02-24 11:40:41,,8,3
756263008290487,511207546126144,2019,39,1,145,33.0,2.0,1,MIVI,1,MIVI,1,2020-06-23 13:44:09,,8,2
1287979177290487,611080978126144,2020,39,6,51,5838.0,3.0,1,ROMU,1,ROMU,1,2023-02-24 11:40:41,,8,3
1287979178290487,611080978126144,2020,39,6,51,5838.0,4.0,1,ROMU,1,ROMU,1,2023-02-24 11:40:41,,8,3
1287977949290487,611080583126144,2020,39,3,119,1949.0,2.0,1,ALPE4,1,ALPE4,1,2023-02-24 11:40:37,,8,3
1287977950290487,611080583126144,2020,39,3,119,1949.0,3.0,1,ALPE4,1,ALPE4,1,2023-02-24 11:40:37,,8,3
1287977951290487,611080583126144,2020,39,3,119,1949.0,1.0,1,BEVU,1,BEVU,1,2023-02-24 11:40:37,,8,3
1287977952290487,611080583126144,2020,39,3,119,1949.0,3.0,1,BEVU,1,BEVU,1,2023-02-24 11:40:37,,8,3
1287977953290487,611080583126144,2020,39,3,119,1949.0,1.0,1,MIVI,1,MIVI,4,2023-02-24 11:40:37,,8,3
1287977954290487,611080583126144,2020,39,3,119,1949.0,2.0,1,MIVI,1,MIVI,2,2023-02-24 11:40:37,,8,3
1287977955290487,611080583126144,2020,39,3,119,1949.0,3.0,1,MIVI,1,MIVI,2,2023-02-24 11:40:37,,8,3
1287977956290487,611080583126144,2020,39,3,119,1949.0,4.0,1,MIVI,1,MIVI,3,2023-02-24 11:40:37,,8,3
1287977957290487,611080583126144,2020,39,3,119,1949.0,1.0,1,ROMU,1,ROMU,25,2023-02-24 11:40:37,,8,3
1287977958290487,611080583126144,2020,39,3,119,1949.0,2.0,1,ROMU,1,ROMU,2,2023-02-24 11:40:37,,8,3
1287977959290487,611080583126144,2020,39,3,119,1949.0,3.0,1,ROMU,1,ROMU,3,2023-02-24 11:40:37,,8,3
1287977960290487,611080583126144,2020,39,3,119,1949.0,4.0,1,ROMU,1,ROMU,1,2023-02-24 11:40:37,,8,3
1287979954290487,611080431126144,2020,39,3,59,3918.0,2.0,1,BETH,1,BETH,1,2023-02-24 11:40:44,,8,3
1287979955290487,611080431126144,2020,39,3,59,3918.0,1.0,1,ELUM,1,ELUM,1,2023-02-24 11:40:44,,8,3
1287979956290487,611080431126144,2020,39,3,59,3918.0,2.0,1,ELUM,1,ELUM,1,2023-02-24 11:40:44,,8,3
1287979957290487,611080431126144,2020,39,3,59,3918.0,3.0,1,ELUM,1,ELUM,2,2023-02-24 11:40:44,,8,3
1287979958290487,611080431126144,2020,39,3,59,3918.0,4.0,1,ELUM,1,ELUM,2,2023-02-24 11:40:44,,8,3
1287979959290487,611080431126144,2020,39,3,59,3918.0,2.0,1,MIVI,1,MIVI,1,2023-02-24 11:40:44,,8,3
1287979960290487,611080431126144,2020,39,3,59,3918.0,1.0,1,ROMU,1,ROMU,5,2023-02-24 11:40:44,,8,3
1287979961290487,611080431126144,2020,39,3,59,3918.0,2.0,1,ROMU,1,ROMU,5,2023-02-24 11:40:44,,8,3
1287979962290487,611080431126144,2020,39,3,59,3918.0,3.0,1,ROMU,1,ROMU,3,2023-02-24 11:40:44,,8,3
1287979963290487,611080431126144,2020,39,3,59,3918.0,4.0,1,ROMU,1,ROMU,3,2023-02-24 11:40:44,,8,3
1287979528290487,611080598126144,2020,39,1,145,2227.0,2.0,3,BETH,1,BETH,2,2023-02-24 11:40:42,,8,3
1287979529290487,611080598126144,2020,39,1,145,2227.0,2.0,3,LOJA,1,LOJA,3,2023-02-24 11:40:42,,8,3
1287979530290487,611080598126144,2020,39,1,145,2227.0,2.0,3,MIVI,1,MIVI,1,2023-02-24 11:40:42,,8,3
1287979531290487,611080598126144,2020,39,1,145,2227.0,2.0,3,ROMU,1,ROMU,6,2023-02-24 11:40:42,,8,3
1287979532290487,611080598126144,2020,39,1,145,2227.0,3.0,1,ROMU,1,ROMU,1,2023-02-24 11:40:42,,8,3
1287981368290487,611080476126144,2020,39,3,59,1944.0,1.0,1,LIVU,1,LIVU,1,2023-02-24 11:40:46,,8,3
1287981369290487,611080476126144,2020,39,3,59,1944.0,2.0,1,LIVU,1,LIVU,1,2023-02-24 11:40:46,,8,3
1287981370290487,611080476126144,2020,39,3,59,1944.0,4.0,1,LONIC,1,LONIC,2,2023-02-24 11:40:46,,8,3
1287981371290487,611080476126144,2020,39,3,59,1944.0,1.0,1,LYNU,1,LYNU,35,2023-02-24 11:40:46,,8,3
1287981372290487,611080476126144,2020,39,3,59,1944.0,2.0,1,LYNU,1,LYNU,75,2023-02-24 11:40:46,,8,3
1287981373290487,611080476126144,2020,39,3,59,1944.0,4.0,1,LYNU,1,LYNU,35,2023-02-24 11:40:46,,8,3
1287981374290487,611080476126144,2020,39,3,59,1944.0,1.0,1,MIVI,1,MIVI,3,2023-02-24 11:40:46,,8,3
1287981375290487,611080476126144,2020,39,3,59,1944.0,2.0,1,MIVI,1,MIVI,3,2023-02-24 11:40:46,,8,3
1287981376290487,611080476126144,2020,39,3,59,1944.0,4.0,1,MIVI,1,MIVI,30,2023-02-24 11:40:46,,8,3
1287981377290487,611080476126144,2020,39,3,59,1944.0,1.0,1,ROMU,1,ROMU,1,2023-02-24 11:40:46,,8,3
1287981378290487,611080476126144,2020,39,3,59,1944.0,2.0,1,ROMU,1,ROMU,1,2023-02-24 11:40:46,,8,3
1287981379290487,611080476126144,2020,39,3,59,1944.0,4.0,1,ROMU,1,ROMU,1,2023-02-24 11:40:46,,8,3
1287980177290487,611080533126144,2020,39,2,115,4845.0,3.0,1,ELUM,1,ELUM,25,2023-02-24 11:40:44,,8,3
1287980178290487,611080533126144,2020,39,2,115,4845.0,1.0,1,LONIC,1,LONIC,4,2023-02-24 11:40:44,,8,3
1287980179290487,611080533126144,2020,39,2,115,4845.0,2.0,1,LONIC,1,LONIC,3,2023-02-24 11:40:44,,8,3
1287980180290487,611080533126144,2020,39,2,115,4845.0,3.0,1,LONIC,1,LONIC,3,2023-02-24 11:40:44,,8,3
1287980181290487,611080533126144,2020,39,2,115,4845.0,1.0,1,PHAR3,1,PHAR3,90,2023-02-24 11:40:44,,8,3
1287980182290487,611080533126144,2020,39,2,115,4845.0,2.0,1,PHAR3,1,PHAR3,90,2023-02-24 11:40:44,,8,3
1287980183290487,611080533126144,2020,39,2,115,4845.0,3.0,1,PHAR3,1,PHAR3,6,2023-02-24 11:40:44,,8,3
1287980184290487,611080533126144,2020,39,2,115,4845.0,4.0,1,PHAR3,1,PHAR3,95,2023-02-24 11:40:44,,8,3
1287980185290487,611080533126144,2020,39,2,115,4845.0,3.0,1,ROMU,1,ROMU,5,2023-02-24 11:40:44,,8,3
1287980186290487,611080533126144,2020,39,2,115,4845.0,1.0,1,ROPS,1,ROPS,40,2023-02-24 11:40:44,,8,3
1287980187290487,611080533126144,2020,39,2,115,4845.0,2.0,1,ROPS,1,ROPS,60,2023-02-24 11:40:44,,8,3
1287980188290487,611080533126144,2020,39,2,115,4845.0,3.0,1,ROPS,1,ROPS,20,2023-02-24 11:40:44,,8,3
1287980189290487,611080533126144,2020,39,2,115,4845.0,4.0,1,ROPS,1,ROPS,35,2023-02-24 11:40:44,,8,3
1287980333290487,611080578126144,2020,39,3,31,4927.0,1.0,1,ALPE4,1,ALPE4,3,2023-02-24 11:40:44,,8,3
1287980334290487,611080578126144,2020,39,3,31,4927.0,2.0,1,ALPE4,1,ALPE4,1,2023-02-24 11:40:44,,8,3
1287980335290487,611080578126144,2020,39,3,31,4927.0,3.0,1,ALPE4,1,ALPE4,3,2023-02-24 11:40:44,,8,3
1287980336290487,611080578126144,2020,39,3,31,4927.0,4.0,1,ALPE4,1,ALPE4,1,2023-02-24 11:40:44,,8,3
1287980337290487,611080578126144,2020,39,3,31,4927.0,1.0,1,ELUM,1,ELUM,1,2023-02-24 11:40:44,,8,3
1287980338290487,611080578126144,2020,39,3,31,4927.0,1.0,1,LOJA,1,LOJA,1,2023-02-24 11:40:44,,8,3
1287980339290487,611080578126144,2020,39,3,31,4927.0,1.0,1,ROMU,1,ROMU,4,2023-02-24 11:40:44,,8,3
1287980340290487,611080578126144,2020,39,3,31,4927.0,2.0,1,ROMU,1,ROMU,3,2023-02-24 11:40:44,,8,3
1287980341290487,611080578126144,2020,39,3,31,4927.0,3.0,1,ROMU,1,ROMU,2,2023-02-24 11:40:44,,8,3
1287980342290487,611080578126144,2020,39,3,31,4927.0,4.0,1,ROMU,1,ROMU,2,2023-02-24 11:40:44,,8,3
1287976362290487,611080445126144,2020,39,4,7,5352.0,1.0,1,RHCA3,1,RHCA3,1,2023-02-24 11:40:30,,8,3
1287976363290487,611080445126144,2020,39,4,7,5352.0,2.0,1,RHCA3,1,RHCA3,2,2023-02-24 11:40:30,,8,3
530835154126144,375550002489998,2017,39,2,73,1771.0,3.0,1,ROMU,1,ROMU,1,2018-04-17 12:03:15,,7,6
530835155126144,375550002489998,2017,39,2,73,1771.0,4.0,1,ROMU,1,ROMU,10,2018-04-17 12:03:15,,7,6
530835338126144,375549448489998,2017,39,3,111,3556.0,4.0,1,AIAL,1,AIAL,1,2018-04-17 12:03:16,,7,6
530835339126144,375549448489998,2017,39,3,111,3556.0,1.0,1,BETH,1,BETH,1,2018-04-17 12:03:16,,7,6
530835340126144,375549448489998,2017,39,3,111,3556.0,4.0,1,BETH,1,BETH,1,2018-04-17 12:03:16,,7,6
530835341126144,375549448489998,2017,39,3,111,3556.0,1.0,1,CEOR7,1,CEOR7,2,2018-04-17 12:03:16,,7,6
530835342126144,375549448489998,2017,39,3,111,3556.0,3.0,1,CEOR7,1,CEOR7,1,2018-04-17 12:03:16,,7,6
530835343126144,375549448489998,2017,39,3,111,3556.0,3.0,1,MIVI,1,MIVI,2,2018-04-17 12:03:16,,7,6
530835344126144,375549448489998,2017,39,3,111,3556.0,4.0,1,MIVI,1,MIVI,5,2018-04-17 12:03:16,,7,6
530835345126144,375549448489998,2017,39,3,111,3556.0,1.0,1,ROMU,1,ROMU,8,2018-04-17 12:03:16,,7,6
530835346126144,375549448489998,2017,39,3,111,3556.0,2.0,1,ROMU,1,ROMU,10,2018-04-17 12:03:16,,7,6
530835347126144,375549448489998,2017,39,3,111,3556.0,3.0,1,ROMU,1,ROMU,35,2018-04-17 12:03:16,,7,6
530835348126144,375549448489998,2017,39,3,111,3556.0,4.0,1,ROMU,1,ROMU,10,2018-04-17 12:03:16,,7,6
530835547126144,375549515489998,2017,39,5,113,5833.0,2.0,2,LOJA,1,LOJA,3,2018-04-17 12:03:16,,7,6
530835548126144,375549515489998,2017,39,5,113,5833.0,2.0,2,LONIC,1,LONIC,20,2018-04-17 12:03:16,,7,6
530835549126144,375549515489998,2017,39,5,113,5833.0,2.0,2,ROMU,1,ROMU,1,2018-04-17 12:03:16,,7,6
530835681126144,375549760489998,2017,39,1,141,3423.0,4.0,1,ALPE4,1,ALPE4,2,2018-04-17 12:03:17,,7,6
530835682126144,375549760489998,2017,39,1,141,3423.0,4.0,1,CEOR7,1,CEOR7,5,2018-04-17 12:03:17,,7,6
530835683126144,375549760489998,2017,39,1,141,3423.0,1.0,1,MIVI,1,MIVI,7,2018-04-17 12:03:17,,7,6
469338923489998,306266580489998,2016,39,1,53,3579.0,2.0,1,ROMU,1,ROMU,20,2017-05-11 07:04:40,,7,5
530835684126144,375549760489998,2017,39,1,141,3423.0,4.0,1,MIVI,1,MIVI,3,2018-04-17 12:03:17,,7,6
530835685126144,375549760489998,2017,39,1,141,3423.0,1.0,1,ROMU,1,ROMU,2,2018-04-17 12:03:17,,7,6
530835686126144,375549760489998,2017,39,1,141,3423.0,3.0,1,ROMU,1,ROMU,1,2018-04-17 12:03:17,,7,6
530835687126144,375549760489998,2017,39,1,141,3423.0,4.0,1,ROMU,1,ROMU,2,2018-04-17 12:03:17,,7,6
530835855126144,375549817489998,2017,39,3,121,5629.0,1.0,1,ELUM,1,ELUM,4,2018-04-17 12:03:17,,7,6
530835856126144,375549817489998,2017,39,3,121,5629.0,2.0,1,ELUM,1,ELUM,1,2018-04-17 12:03:17,,7,6
530835857126144,375549817489998,2017,39,3,121,5629.0,3.0,1,ELUM,1,ELUM,20,2018-04-17 12:03:17,,7,6
530835858126144,375549817489998,2017,39,3,121,5629.0,4.0,1,ELUM,1,ELUM,6,2018-04-17 12:03:17,,7,6
530835859126144,375549817489998,2017,39,3,121,5629.0,1.0,1,LOJA,1,LOJA,2,2018-04-17 12:03:17,,7,6
530835860126144,375549817489998,2017,39,3,121,5629.0,3.0,1,LOJA,1,LOJA,5,2018-04-17 12:03:17,,7,6
530835861126144,375549817489998,2017,39,3,121,5629.0,4.0,1,LOJA,1,LOJA,1,2018-04-17 12:03:17,,7,6
530835862126144,375549817489998,2017,39,3,121,5629.0,1.0,1,ROMU,1,ROMU,3,2018-04-17 12:03:17,,7,6
530835863126144,375549817489998,2017,39,3,121,5629.0,2.0,1,ROMU,1,ROMU,2,2018-04-17 12:03:17,,7,6
530835864126144,375549817489998,2017,39,3,121,5629.0,3.0,1,ROMU,1,ROMU,5,2018-04-17 12:03:17,,7,6
530835865126144,375549817489998,2017,39,3,121,5629.0,4.0,1,ROMU,1,ROMU,5,2018-04-17 12:03:17,,7,6
530836335126144,375549703489998,2017,39,5,23,3896.0,3.0,1,HEHE,1,HEHE,2,2018-04-17 12:03:20,,7,6
530836336126144,375549703489998,2017,39,5,23,3896.0,1.0,1,LIVU,1,LIVU,2,2018-04-17 12:03:20,,7,6
530836337126144,375549703489998,2017,39,5,23,3896.0,3.0,1,LIVU,1,LIVU,2,2018-04-17 12:03:20,,7,6
530836338126144,375549703489998,2017,39,5,23,3896.0,4.0,1,LIVU,1,LIVU,1,2018-04-17 12:03:20,,7,6
530836339126144,375549703489998,2017,39,5,23,3896.0,1.0,1,LONIC,1,LONIC,68,2018-04-17 12:03:20,,7,6
530836340126144,375549703489998,2017,39,5,23,3896.0,3.0,1,LONIC,1,LONIC,85,2018-04-17 12:03:20,,7,6
530836341126144,375549703489998,2017,39,5,23,3896.0,4.0,1,LONIC,1,LONIC,80,2018-04-17 12:03:20,,7,6
530836342126144,375549703489998,2017,39,5,23,3896.0,1.0,1,LYNU,1,LYNU,1,2018-04-17 12:03:20,,7,6
530836343126144,375549703489998,2017,39,5,23,3896.0,1.0,1,ROMU,1,ROMU,2,2018-04-17 12:03:20,,7,6
530836344126144,375549703489998,2017,39,5,23,3896.0,3.0,1,ROMU,1,ROMU,2,2018-04-17 12:03:20,,7,6
530836345126144,375549703489998,2017,39,5,23,3896.0,4.0,1,ROMU,1,ROMU,1,2018-04-17 12:03:20,,7,6
530836463126144,375549751489998,2017,39,3,31,4127.0,1.0,1,ALPE4,1,ALPE4,2,2018-04-17 12:03:20,,7,6
530836464126144,375549751489998,2017,39,3,31,4127.0,2.0,1,ALPE4,1,ALPE4,3,2018-04-17 12:03:20,,7,6
530836465126144,375549751489998,2017,39,3,31,4127.0,3.0,1,ALPE4,1,ALPE4,3,2018-04-17 12:03:20,,7,6
530836466126144,375549751489998,2017,39,3,31,4127.0,3.0,1,ELUM,1,ELUM,2,2018-04-17 12:03:20,,7,6
530836467126144,375549751489998,2017,39,3,31,4127.0,1.0,1,MIVI,1,MIVI,6,2018-04-17 12:03:20,,7,6
530836468126144,375549751489998,2017,39,3,31,4127.0,2.0,1,MIVI,1,MIVI,3,2018-04-17 12:03:20,,7,6
530836469126144,375549751489998,2017,39,3,31,4127.0,3.0,1,MIVI,1,MIVI,10,2018-04-17 12:03:20,,7,6
530836470126144,375549751489998,2017,39,3,31,4127.0,1.0,1,ROMU,1,ROMU,6,2018-04-17 12:03:20,,7,6
530836471126144,375549751489998,2017,39,3,31,4127.0,2.0,1,ROMU,1,ROMU,30,2018-04-17 12:03:20,,7,6
530836472126144,375549751489998,2017,39,3,31,4127.0,3.0,1,ROMU,1,ROMU,6,2018-04-17 12:03:20,,7,6
530836616126144,375549800489998,2017,39,4,35,4820.0,1.0,1,FRAL4,1,FRAL4,1,2018-04-17 12:03:20,,7,6
530836617126144,375549800489998,2017,39,4,35,4820.0,2.0,1,FRAL4,1,FRAL4,2,2018-04-17 12:03:20,,7,6
530837049126144,375549783489998,2017,39,3,13,3686.0,4.0,1,ALPE4,1,ALPE4,10,2018-04-17 12:03:22,,7,6
530837050126144,375549783489998,2017,39,3,13,3686.0,1.0,1,CEOR7,1,CEOR7,2,2018-04-17 12:03:22,,7,6
530837051126144,375549783489998,2017,39,3,13,3686.0,3.0,2,CEOR7,1,CEOR7,3,2018-04-17 12:03:22,,7,6
530837052126144,375549783489998,2017,39,3,13,3686.0,4.0,1,CEOR7,1,CEOR7,11,2018-04-17 12:03:22,,7,6
530837053126144,375549783489998,2017,39,3,13,3686.0,3.0,2,LONIC,1,LONIC,3,2018-04-17 12:03:22,,7,6
530837054126144,375549783489998,2017,39,3,13,3686.0,4.0,1,LONIC,1,LONIC,3,2018-04-17 12:03:22,,7,6
530837055126144,375549783489998,2017,39,3,13,3686.0,1.0,1,ROMU,1,ROMU,1,2018-04-17 12:03:22,,7,6
530837056126144,375549783489998,2017,39,3,13,3686.0,3.0,2,ROMU,1,ROMU,5,2018-04-17 12:03:22,,7,6
530837057126144,375549783489998,2017,39,3,13,3686.0,4.0,1,ROMU,1,ROMU,38,2018-04-17 12:03:22,,7,6
530837058126144,375549783489998,2017,39,3,13,3686.0,3.0,2,ROPS,1,ROPS,13,2018-04-17 12:03:22,,7,6
530837059126144,375549783489998,2017,39,3,13,3686.0,4.0,1,ROPS,1,ROPS,5,2018-04-17 12:03:22,,7,6
530837302126144,375549962489998,2017,39,2,163,2417.0,4.0,1,ELUM,1,ELUM,2,2018-04-17 12:03:23,,7,6
530837303126144,375549962489998,2017,39,2,163,2417.0,3.0,1,MIVI,1,MIVI,1,2018-04-17 12:03:23,,7,6
530837304126144,375549962489998,2017,39,2,163,2417.0,4.0,1,MIVI,1,MIVI,3,2018-04-17 12:03:23,,7,6
530837305126144,375549962489998,2017,39,2,163,2417.0,1.0,1,ROMU,1,ROMU,2,2018-04-17 12:03:23,,7,6
530837306126144,375549962489998,2017,39,2,163,2417.0,2.0,1,ROMU,1,ROMU,1,2018-04-17 12:03:23,,7,6
530837307126144,375549962489998,2017,39,2,163,2417.0,3.0,1,ROMU,1,ROMU,3,2018-04-17 12:03:23,,7,6
530837308126144,375549962489998,2017,39,2,163,2417.0,4.0,1,ROMU,1,ROMU,5,2018-04-17 12:03:23,,7,6
530837495126144,375549981489998,2017,39,3,59,5447.0,2.0,3,ROMU,1,ROMU,35,2018-04-17 12:03:24,,7,6
530836618126144,375549800489998,2017,39,4,35,4820.0,4.0,1,FRAL4,1,FRAL4,1,2018-04-17 12:03:20,,7,6
530836619126144,375549800489998,2017,39,4,35,4820.0,4.0,1,LIVU,1,LIVU,1,2018-04-17 12:03:20,,7,6
530836620126144,375549800489998,2017,39,4,35,4820.0,2.0,1,LOMO2,1,LOMO2,1,2018-04-17 12:03:20,,7,6
530836621126144,375549800489998,2017,39,4,35,4820.0,1.0,1,ROMU,1,ROMU,1,2018-04-17 12:03:20,,7,6
530836622126144,375549800489998,2017,39,4,35,4820.0,2.0,1,ROMU,1,ROMU,1,2018-04-17 12:03:20,,7,6
530832127126144,375549475489998,2017,39,5,37,1088.0,3.0,2,ALPE4,1,ALPE4,1,2018-04-17 12:02:57,,7,6
530832128126144,375549475489998,2017,39,5,37,1088.0,3.0,2,MIVI,1,MIVI,3,2018-04-17 12:02:57,,7,6
530832187126144,375549539489998,2017,39,1,145,5581.0,4.0,2,AIAL,1,AIAL,1,2018-04-17 12:03:00,,7,6
530832188126144,375549539489998,2017,39,1,145,5581.0,3.0,1,LIVU,1,LIVU,5,2018-04-17 12:03:00,,7,6
530832189126144,375549539489998,2017,39,1,145,5581.0,2.0,1,LOJA,1,LOJA,30,2018-04-17 12:03:00,,7,6
530832190126144,375549539489998,2017,39,1,145,5581.0,3.0,1,LOJA,1,LOJA,2,2018-04-17 12:03:00,,7,6
530832191126144,375549539489998,2017,39,1,145,5581.0,3.0,1,PATO2,1,PATO2,6,2018-04-17 12:03:00,,7,6
530832192126144,375549539489998,2017,39,1,145,5581.0,1.0,1,ROMU,1,ROMU,2,2018-04-17 12:03:00,,7,6
530832193126144,375549539489998,2017,39,1,145,5581.0,2.0,1,ROMU,1,ROMU,2,2018-04-17 12:03:00,,7,6
530832194126144,375549539489998,2017,39,1,145,5581.0,3.0,1,ROMU,1,ROMU,2,2018-04-17 12:03:00,,7,6
530832195126144,375549539489998,2017,39,1,145,5581.0,4.0,2,ROMU,1,ROMU,1,2018-04-17 12:03:00,,7,6
530837047126144,375549783489998,2017,39,3,13,3686.0,1.0,1,ALPE4,1,ALPE4,1,2018-04-17 12:03:22,,7,6
530837048126144,375549783489998,2017,39,3,13,3686.0,3.0,2,ALPE4,1,ALPE4,10,2018-04-17 12:03:22,,7,6
530837492126144,375549981489998,2017,39,3,59,5447.0,1.0,2,ELUM,1,ELUM,20,2018-04-17 12:03:24,,7,6
530837493126144,375549981489998,2017,39,3,59,5447.0,2.0,3,ELUM,1,ELUM,1,2018-04-17 12:03:24,,7,6
530837494126144,375549981489998,2017,39,3,59,5447.0,1.0,2,ROMU,1,ROMU,30,2018-04-17 12:03:24,,7,6
530832502126144,375549848489998,2017,39,3,19,1299.0,2.0,3,ALPE4,1,ALPE4,7,2018-04-17 12:03:03,,7,6
530832503126144,375549848489998,2017,39,3,19,1299.0,2.0,3,MIVI,1,MIVI,2,2018-04-17 12:03:03,,7,6
530832504126144,375549848489998,2017,39,3,19,1299.0,2.0,3,ROMU,1,ROMU,15,2018-04-17 12:03:03,,7,6
530832557126144,375549869489998,2017,39,5,89,1958.0,3.0,3,ALPE4,1,ALPE4,40,2018-04-17 12:03:04,,7,6
530832558126144,375549869489998,2017,39,5,89,1958.0,2.0,1,BETH,1,BETH,1,2018-04-17 12:03:04,,7,6
1534403367290487,816262373290487,2022,39,3,31,3618.0,2.0,1,PHAR3,1,PHAR3,7,2023-12-05 15:51:57,,8,5
1534405678290487,816262458290487,2022,39,1,87,2263.0,4.0,1,MIVI,1,MIVI,1,2023-12-05 15:52:09,,8,5
1534405850290487,816262494290487,2022,39,1,145,4951.0,1.0,1,CEOR7,1,CEOR7,10,2023-12-05 15:52:10,,8,5
1534405851290487,816262494290487,2022,39,1,145,4951.0,2.0,1,CEOR7,1,CEOR7,3,2023-12-05 15:52:10,,8,5
1534405852290487,816262494290487,2022,39,1,145,4951.0,3.0,1,CEOR7,1,CEOR7,4,2023-12-05 15:52:10,,8,5
1534405853290487,816262494290487,2022,39,1,145,4951.0,4.0,1,CEOR7,1,CEOR7,4,2023-12-05 15:52:10,,8,5
1534405854290487,816262494290487,2022,39,1,145,4951.0,2.0,1,LOJA,1,LOJA,2,2023-12-05 15:52:10,,8,5
1534405855290487,816262494290487,2022,39,1,145,4951.0,3.0,1,LOJA,1,LOJA,1,2023-12-05 15:52:10,,8,5
1534405856290487,816262494290487,2022,39,1,145,4951.0,4.0,1,LOJA,1,LOJA,2,2023-12-05 15:52:10,,8,5
1534405857290487,816262494290487,2022,39,1,145,4951.0,1.0,1,MIVI,1,MIVI,4,2023-12-05 15:52:10,,8,5
1534405858290487,816262494290487,2022,39,1,145,4951.0,3.0,1,MIVI,1,MIVI,2,2023-12-05 15:52:10,,8,5
1534405859290487,816262494290487,2022,39,1,145,4951.0,2.0,1,ROMU,1,ROMU,1,2023-12-05 15:52:10,,8,5
1534405860290487,816262494290487,2022,39,1,145,4951.0,3.0,1,ROMU,1,ROMU,1,2023-12-05 15:52:10,,8,5
1534405861290487,816262494290487,2022,39,1,145,4951.0,4.0,1,ROMU,1,ROMU,2,2023-12-05 15:52:10,,8,5
1534406462290487,816262519290487,2022,39,2,73,1847.0,1.0,1,ALPE4,1,ALPE4,1,2023-12-05 15:52:13,,8,5
1534406463290487,816262519290487,2022,39,2,73,1847.0,2.0,1,ALPE4,1,ALPE4,1,2023-12-05 15:52:13,,8,5
1534406464290487,816262519290487,2022,39,2,73,1847.0,2.0,1,MIVI,1,MIVI,1,2023-12-05 15:52:13,,8,5
1534406465290487,816262519290487,2022,39,2,73,1847.0,1.0,1,ROMU,1,ROMU,3,2023-12-05 15:52:13,,8,5
1534406466290487,816262519290487,2022,39,2,73,1847.0,2.0,1,ROMU,1,ROMU,1,2023-12-05 15:52:13,,8,5
1534406467290487,816262519290487,2022,39,2,73,1847.0,3.0,1,ROMU,1,ROMU,2,2023-12-05 15:52:13,,8,5
1534406468290487,816262519290487,2022,39,2,73,1847.0,4.0,1,ROMU,1,ROMU,1,2023-12-05 15:52:13,,8,5
1534403081290487,816262195290487,2022,39,1,25,5374.0,3.0,1,ALPE4,1,ALPE4,1,2023-12-05 15:51:53,,8,5
1534403082290487,816262195290487,2022,39,1,25,5374.0,4.0,1,ALPE4,1,ALPE4,2,2023-12-05 15:51:53,,8,5
1534403083290487,816262195290487,2022,39,1,25,5374.0,3.0,1,LIVU,1,LIVU,1,2023-12-05 15:51:53,,8,5
1534403084290487,816262195290487,2022,39,1,25,5374.0,4.0,1,LIVU,1,LIVU,1,2023-12-05 15:51:53,,8,5
1534403085290487,816262195290487,2022,39,1,25,5374.0,1.0,1,LOJA,1,LOJA,2,2023-12-05 15:51:53,,8,5
1534403086290487,816262195290487,2022,39,1,25,5374.0,2.0,1,LOJA,1,LOJA,8,2023-12-05 15:51:53,,8,5
1534403087290487,816262195290487,2022,39,1,25,5374.0,3.0,1,LOJA,1,LOJA,40,2023-12-05 15:51:53,,8,5
1534403088290487,816262195290487,2022,39,1,25,5374.0,4.0,1,LOJA,1,LOJA,85,2023-12-05 15:51:53,,8,5
1534403089290487,816262195290487,2022,39,1,25,5374.0,1.0,1,LONIC,1,LONIC,1,2023-12-05 15:51:53,,8,5
1534403090290487,816262195290487,2022,39,1,25,5374.0,2.0,1,LONIC,1,LONIC,10,2023-12-05 15:51:53,,8,5
1534403091290487,816262195290487,2022,39,1,25,5374.0,3.0,1,LONIC,1,LONIC,4,2023-12-05 15:51:53,,8,5
1534403093290487,816262195290487,2022,39,1,25,5374.0,1.0,1,MIVI,1,MIVI,75,2023-12-05 15:51:53,,8,5
1534403094290487,816262195290487,2022,39,1,25,5374.0,2.0,1,MIVI,1,MIVI,25,2023-12-05 15:51:53,,8,5
1534403095290487,816262195290487,2022,39,1,25,5374.0,3.0,1,MIVI,1,MIVI,15,2023-12-05 15:51:53,,8,5
1534403096290487,816262195290487,2022,39,1,25,5374.0,4.0,1,MIVI,1,MIVI,10,2023-12-05 15:51:53,,8,5
1534403097290487,816262195290487,2022,39,1,25,5374.0,1.0,1,ROMU,1,ROMU,2,2023-12-05 15:51:53,,8,5
1534403098290487,816262195290487,2022,39,1,25,5374.0,2.0,1,ROMU,1,ROMU,5,2023-12-05 15:51:53,,8,5
1534403099290487,816262195290487,2022,39,1,25,5374.0,3.0,1,ROMU,1,ROMU,15,2023-12-05 15:51:53,,8,5
1534403100290487,816262195290487,2022,39,1,25,5374.0,4.0,1,ROMU,1,ROMU,2,2023-12-05 15:51:53,,8,5
1534403101290487,816262195290487,2022,39,1,25,5374.0,4.0,1,ROPS,1,ROPS,4,2023-12-05 15:51:53,,8,5
1534403092290487,816262195290487,2022,39,1,25,5374.0,4.0,1,LONIC,1,LONIC,2,2023-12-05 15:51:53,,8,5
1534403368290487,816262373290487,2022,39,3,31,3618.0,3.0,1,PHAR3,1,PHAR3,15,2023-12-05 15:51:57,,8,5
530832560126144,375549869489998,2017,39,5,89,1958.0,3.0,3,LIVU,1,LIVU,1,2018-04-17 12:03:04,,7,6
530832561126144,375549869489998,2017,39,5,89,1958.0,2.0,1,LOJA,1,LOJA,1,2018-04-17 12:03:04,,7,6
530832562126144,375549869489998,2017,39,5,89,1958.0,3.0,3,LOJA,1,LOJA,2,2018-04-17 12:03:04,,7,6
530832563126144,375549869489998,2017,39,5,89,1958.0,4.0,3,LOJA,1,LOJA,1,2018-04-17 12:03:04,,7,6
530832564126144,375549869489998,2017,39,5,89,1958.0,2.0,1,LONIC,1,LONIC,1,2018-04-17 12:03:04,,7,6
530832565126144,375549869489998,2017,39,5,89,1958.0,3.0,3,LONIC,1,LONIC,1,2018-04-17 12:03:04,,7,6
530832566126144,375549869489998,2017,39,5,89,1958.0,3.0,3,MIVI,1,MIVI,35,2018-04-17 12:03:04,,7,6
530832567126144,375549869489998,2017,39,5,89,1958.0,4.0,3,MIVI,1,MIVI,3,2018-04-17 12:03:04,,7,6
530832568126144,375549869489998,2017,39,5,89,1958.0,3.0,3,ROMU,1,ROMU,25,2018-04-17 12:03:04,,7,6
530832569126144,375549869489998,2017,39,5,89,1958.0,4.0,3,ROMU,1,ROMU,1,2018-04-17 12:03:04,,7,6
530837715126144,375549669489998,2017,39,4,43,1882.0,4.0,1,ALPE4,1,ALPE4,5,2018-04-17 12:03:25,,7,6
530837716126144,375549669489998,2017,39,4,43,1882.0,1.0,1,ELUM,1,ELUM,10,2018-04-17 12:03:25,,7,6
530837717126144,375549669489998,2017,39,4,43,1882.0,2.0,1,ELUM,1,ELUM,45,2018-04-17 12:03:25,,7,6
530837718126144,375549669489998,2017,39,4,43,1882.0,3.0,1,ELUM,1,ELUM,1,2018-04-17 12:03:25,,7,6
530837719126144,375549669489998,2017,39,4,43,1882.0,4.0,1,ELUM,1,ELUM,1,2018-04-17 12:03:25,,7,6
530837720126144,375549669489998,2017,39,4,43,1882.0,1.0,1,LOMA6,1,LOMA6,5,2018-04-17 12:03:25,,7,6
530837721126144,375549669489998,2017,39,4,43,1882.0,2.0,1,LOMA6,1,LOMA6,7,2018-04-17 12:03:25,,7,6
530837722126144,375549669489998,2017,39,4,43,1882.0,3.0,1,LOMA6,1,LOMA6,2,2018-04-17 12:03:25,,7,6
530832559126144,375549869489998,2017,39,5,89,1958.0,4.0,3,ELUM,1,ELUM,1,2018-04-17 12:03:04,,7,6
530837723126144,375549669489998,2017,39,4,43,1882.0,4.0,1,LOMA6,1,LOMA6,5,2018-04-17 12:03:25,,7,6
530837724126144,375549669489998,2017,39,4,43,1882.0,1.0,1,ROMU,1,ROMU,1,2018-04-17 12:03:25,,7,6
530837725126144,375549669489998,2017,39,4,43,1882.0,2.0,1,ROMU,1,ROMU,4,2018-04-17 12:03:25,,7,6
530837726126144,375549669489998,2017,39,4,43,1882.0,3.0,1,ROMU,1,ROMU,2,2018-04-17 12:03:25,,7,6
530837727126144,375549669489998,2017,39,4,43,1882.0,4.0,1,ROMU,1,ROMU,2,2018-04-17 12:03:25,,7,6
530832832126144,375550013489998,2017,39,1,15,4442.0,1.0,1,ELUM,1,ELUM,10,2018-04-17 12:03:05,,7,6
1534403369290487,816262373290487,2022,39,3,31,3618.0,4.0,1,PHAR3,1,PHAR3,20,2023-12-05 15:51:57,,8,5
1534403362290487,816262373290487,2022,39,3,31,3618.0,1.0,1,LYNU,1,LYNU,80,2023-12-05 15:51:57,,8,5
1534403363290487,816262373290487,2022,39,3,31,3618.0,2.0,1,LYNU,1,LYNU,95,2023-12-05 15:51:57,,8,5
1534403364290487,816262373290487,2022,39,3,31,3618.0,3.0,1,LYNU,1,LYNU,85,2023-12-05 15:51:57,,8,5
1534403365290487,816262373290487,2022,39,3,31,3618.0,4.0,1,LYNU,1,LYNU,50,2023-12-05 15:51:57,,8,5
1534403366290487,816262373290487,2022,39,3,31,3618.0,1.0,1,PHAR3,1,PHAR3,30,2023-12-05 15:51:57,,8,5
1534406849290487,816262366290487,2022,39,3,157,3047.0,1.0,1,ALPE4,1,ALPE4,1,2023-12-05 15:52:14,,8,5
1534406850290487,816262366290487,2022,39,3,157,3047.0,4.0,1,BETH,1,BETH,1,2023-12-05 15:52:14,,8,5
1534406851290487,816262366290487,2022,39,3,157,3047.0,1.0,1,ROMU,1,ROMU,1,2023-12-05 15:52:14,,8,5
1534406852290487,816262366290487,2022,39,3,157,3047.0,2.0,2,ROMU,1,ROMU,1,2023-12-05 15:52:14,,8,5
1534406853290487,816262366290487,2022,39,3,157,3047.0,4.0,1,ROMU,1,ROMU,1,2023-12-05 15:52:14,,8,5
1534406983290487,816262371290487,2022,39,3,31,1154.0,2.0,1,AIAL,1,AIAL,15,2023-12-05 15:52:14,,8,5
1534406984290487,816262371290487,2022,39,3,31,1154.0,2.0,1,ROMU,1,ROMU,1,2023-12-05 15:52:14,,8,5
1534406985290487,816262371290487,2022,39,3,31,1154.0,3.0,1,ROMU,1,ROMU,4,2023-12-05 15:52:14,,8,5
1534406986290487,816262371290487,2022,39,3,31,1154.0,4.0,1,ROMU,1,ROMU,5,2023-12-05 15:52:14,,8,5
1788877672290487,1192049452290487,2023,39,6,41,3878.0,3.0,2,ALPE4,1,ALPE4,1,2025-02-05 09:18:27,,8,6
1788877673290487,1192049452290487,2023,39,6,41,3878.0,3.0,2,ROMU,1,ROMU,5,2025-02-05 09:18:27,,8,6
1788877674290487,1192049452290487,2023,39,6,41,3878.0,4.0,2,ROMU,1,ROMU,1,2025-02-05 09:18:27,,8,6
1788877828290487,1192048874290487,2023,39,1,87,1803.0,3.0,2,LOJA,1,LOJA,1,2025-02-05 09:18:28,,8,6
1788877829290487,1192048874290487,2023,39,1,87,1803.0,3.0,2,ROMU,1,ROMU,2,2025-02-05 09:18:28,,8,6
1788876569290487,1192049268290487,2023,39,3,59,2204.0,1.0,1,BETH,1,BETH,1,2025-02-05 09:18:24,,8,6
1788876570290487,1192049268290487,2023,39,3,59,2204.0,2.0,2,BETH,1,BETH,1,2025-02-05 09:18:24,,8,6
1788876571290487,1192049268290487,2023,39,3,59,2204.0,3.0,1,BETH,1,BETH,2,2025-02-05 09:18:24,,8,6
1788876572290487,1192049268290487,2023,39,3,59,2204.0,1.0,1,ELUM,1,ELUM,15,2025-02-05 09:18:24,,8,6
1788876573290487,1192049268290487,2023,39,3,59,2204.0,2.0,2,ELUM,1,ELUM,5,2025-02-05 09:18:24,,8,6
1788876574290487,1192049268290487,2023,39,3,59,2204.0,3.0,1,ELUM,1,ELUM,25,2025-02-05 09:18:24,,8,6
1788876575290487,1192049268290487,2023,39,3,59,2204.0,4.0,2,ELUM,1,ELUM,8,2025-02-05 09:18:24,,8,6
1788876576290487,1192049268290487,2023,39,3,59,2204.0,1.0,1,LONIC,1,LONIC,1,2025-02-05 09:18:24,,8,6
1788876577290487,1192049268290487,2023,39,3,59,2204.0,3.0,1,LONIC,1,LONIC,5,2025-02-05 09:18:24,,8,6
1788876578290487,1192049268290487,2023,39,3,59,2204.0,1.0,1,ROMU,1,ROMU,5,2025-02-05 09:18:24,,8,6
1788876579290487,1192049268290487,2023,39,3,59,2204.0,2.0,2,ROMU,1,ROMU,25,2025-02-05 09:18:24,,8,6
1788876580290487,1192049268290487,2023,39,3,59,2204.0,3.0,1,ROMU,1,ROMU,10,2025-02-05 09:18:24,,8,6
1788876581290487,1192049268290487,2023,39,3,59,2204.0,4.0,2,ROMU,1,ROMU,1,2025-02-05 09:18:24,,8,6
1788876738290487,1192049293290487,2023,39,1,145,4764.0,4.0,1,BEVU,1,BEVU,1,2025-02-05 09:18:24,,8,6
1788876739290487,1192049293290487,2023,39,1,145,4764.0,1.0,1,LOJA,1,LOJA,1,2025-02-05 09:18:24,,8,6
1788876740290487,1192049293290487,2023,39,1,145,4764.0,2.0,1,LOJA,1,LOJA,2,2025-02-05 09:18:24,,8,6
1788876741290487,1192049293290487,2023,39,1,145,4764.0,4.0,1,LOJA,1,LOJA,7,2025-02-05 09:18:24,,8,6
1788876742290487,1192049293290487,2023,39,1,145,4764.0,4.0,1,MIVI,1,MIVI,20,2025-02-05 09:18:24,,8,6
1788876743290487,1192049293290487,2023,39,1,145,4764.0,3.0,1,ROMU,1,ROMU,1,2025-02-05 09:18:24,,8,6
530832834126144,375550013489998,2017,39,1,15,4442.0,1.0,1,LOJA,1,LOJA,7,2018-04-17 12:03:05,,7,6
530832835126144,375550013489998,2017,39,1,15,4442.0,4.0,1,LOJA,1,LOJA,5,2018-04-17 12:03:05,,7,6
530832836126144,375550013489998,2017,39,1,15,4442.0,1.0,1,LONIC,1,LONIC,5,2018-04-17 12:03:05,,7,6
530832837126144,375550013489998,2017,39,1,15,4442.0,4.0,1,LONIC,1,LONIC,2,2018-04-17 12:03:05,,7,6
530832838126144,375550013489998,2017,39,1,15,4442.0,1.0,1,MIVI,1,MIVI,3,2018-04-17 12:03:05,,7,6
530832839126144,375550013489998,2017,39,1,15,4442.0,4.0,1,MIVI,1,MIVI,3,2018-04-17 12:03:05,,7,6
530832840126144,375550013489998,2017,39,1,15,4442.0,1.0,1,ROMU,1,ROMU,8,2018-04-17 12:03:05,,7,6
530832841126144,375550013489998,2017,39,1,15,4442.0,4.0,1,ROMU,1,ROMU,5,2018-04-17 12:03:05,,7,6
530833005126144,375549512489998,2017,39,5,113,3539.0,1.0,1,LONIC,1,LONIC,70,2018-04-17 12:03:06,,7,6
530833006126144,375549512489998,2017,39,5,113,3539.0,2.0,1,LONIC,1,LONIC,25,2018-04-17 12:03:06,,7,6
530833007126144,375549512489998,2017,39,5,113,3539.0,1.0,1,ROMU,1,ROMU,2,2018-04-17 12:03:06,,7,6
530833008126144,375549512489998,2017,39,5,113,3539.0,2.0,1,ROMU,1,ROMU,1,2018-04-17 12:03:06,,7,6
530837937126144,375549770489998,2017,39,1,145,2326.0,1.0,1,AIAL,1,AIAL,1,2018-04-17 12:03:26,,7,6
530837938126144,375549770489998,2017,39,1,145,2326.0,2.0,1,AIAL,1,AIAL,1,2018-04-17 12:03:26,,7,6
530837939126144,375549770489998,2017,39,1,145,2326.0,4.0,1,AIAL,1,AIAL,1,2018-04-17 12:03:26,,7,6
530837940126144,375549770489998,2017,39,1,145,2326.0,2.0,1,ALPE4,1,ALPE4,2,2018-04-17 12:03:26,,7,6
530837941126144,375549770489998,2017,39,1,145,2326.0,1.0,1,MIVI,1,MIVI,2,2018-04-17 12:03:26,,7,6
530837942126144,375549770489998,2017,39,1,145,2326.0,2.0,1,MIVI,1,MIVI,6,2018-04-17 12:03:26,,7,6
530837943126144,375549770489998,2017,39,1,145,2326.0,3.0,1,MIVI,1,MIVI,1,2018-04-17 12:03:26,,7,6
530837944126144,375549770489998,2017,39,1,145,2326.0,4.0,1,MIVI,1,MIVI,1,2018-04-17 12:03:26,,7,6
530837945126144,375549770489998,2017,39,1,145,2326.0,1.0,1,ROMU,1,ROMU,1,2018-04-17 12:03:26,,7,6
530837946126144,375549770489998,2017,39,1,145,2326.0,2.0,1,ROMU,1,ROMU,3,2018-04-17 12:03:26,,7,6
530837947126144,375549770489998,2017,39,1,145,2326.0,3.0,1,ROMU,1,ROMU,2,2018-04-17 12:03:26,,7,6
530837948126144,375549770489998,2017,39,1,145,2326.0,4.0,1,ROMU,1,ROMU,2,2018-04-17 12:03:26,,7,6
530838161126144,375549936489998,2017,39,3,119,2977.0,2.0,1,BETH,1,BETH,2,2018-04-17 12:03:26,,7,6
530838162126144,375549936489998,2017,39,3,119,2977.0,2.0,1,ELUM,1,ELUM,2,2018-04-17 12:03:26,,7,6
530838163126144,375549936489998,2017,39,3,119,2977.0,3.0,1,ELUM,1,ELUM,2,2018-04-17 12:03:26,,7,6
530838164126144,375549936489998,2017,39,3,119,2977.0,2.0,1,LIVU,1,LIVU,2,2018-04-17 12:03:26,,7,6
530838165126144,375549936489998,2017,39,3,119,2977.0,4.0,1,LIVU,1,LIVU,2,2018-04-17 12:03:26,,7,6
530838166126144,375549936489998,2017,39,3,119,2977.0,2.0,1,LOJA,1,LOJA,10,2018-04-17 12:03:26,,7,6
530838167126144,375549936489998,2017,39,3,119,2977.0,3.0,1,LOJA,1,LOJA,1,2018-04-17 12:03:26,,7,6
530838168126144,375549936489998,2017,39,3,119,2977.0,4.0,1,LOJA,1,LOJA,2,2018-04-17 12:03:26,,7,6
530838169126144,375549936489998,2017,39,3,119,2977.0,1.0,1,LONIC,1,LONIC,2,2018-04-17 12:03:26,,7,6
530838170126144,375549936489998,2017,39,3,119,2977.0,1.0,1,MIVI,1,MIVI,1,2018-04-17 12:03:26,,7,6
530838171126144,375549936489998,2017,39,3,119,2977.0,2.0,1,MIVI,1,MIVI,3,2018-04-17 12:03:26,,7,6
530838172126144,375549936489998,2017,39,3,119,2977.0,3.0,1,MIVI,1,MIVI,5,2018-04-17 12:03:26,,7,6
530838173126144,375549936489998,2017,39,3,119,2977.0,4.0,1,MIVI,1,MIVI,3,2018-04-17 12:03:26,,7,6
530838174126144,375549936489998,2017,39,3,119,2977.0,1.0,1,ROMU,1,ROMU,8,2018-04-17 12:03:26,,7,6
530832833126144,375550013489998,2017,39,1,15,4442.0,4.0,1,ELUM,1,ELUM,6,2018-04-17 12:03:05,,7,6
530838175126144,375549936489998,2017,39,3,119,2977.0,2.0,1,ROMU,1,ROMU,35,2018-04-17 12:03:26,,7,6
1788880400290487,1192049339290487,2023,39,1,79,5661.0,2.0,1,LOJA,1,LOJA,2,2025-02-05 09:18:36,,8,6
1788880401290487,1192049339290487,2023,39,1,79,5661.0,4.0,1,LOJA,1,LOJA,1,2025-02-05 09:18:36,,8,6
1788880402290487,1192049339290487,2023,39,1,79,5661.0,2.0,1,ROMU,1,ROMU,2,2025-02-05 09:18:36,,8,6
1788880403290487,1192049339290487,2023,39,1,79,5661.0,3.0,2,ROMU,1,ROMU,1,2025-02-05 09:18:36,,8,6
1788880404290487,1192049339290487,2023,39,1,79,5661.0,1.0,1,ROPS,1,ROPS,1,2025-02-05 09:18:36,,8,6
1788881538290487,1192049349290487,2023,39,4,151,3807.0,2.0,2,PHAR3,1,PHAR3,100,2025-02-05 09:18:39,,8,6
1788876744290487,1192049293290487,2023,39,1,145,4764.0,4.0,1,ROMU,1,ROMU,5,2025-02-05 09:18:24,,8,6
1788876930290487,1192049333290487,2023,39,2,167,2121.0,1.0,1,ELUM,1,ELUM,2,2025-02-05 09:18:25,,8,6
1788876931290487,1192049333290487,2023,39,2,167,2121.0,4.0,1,ELUM,1,ELUM,1,2025-02-05 09:18:25,,8,6
1788876932290487,1192049333290487,2023,39,2,167,2121.0,2.0,1,MIVI,1,MIVI,3,2025-02-05 09:18:25,,8,6
1788876933290487,1192049333290487,2023,39,2,167,2121.0,3.0,1,MIVI,1,MIVI,1,2025-02-05 09:18:25,,8,6
1788876934290487,1192049333290487,2023,39,2,167,2121.0,1.0,1,ROMU,1,ROMU,1,2025-02-05 09:18:25,,8,6
1788876935290487,1192049333290487,2023,39,2,167,2121.0,2.0,1,ROMU,1,ROMU,1,2025-02-05 09:18:25,,8,6
1788876936290487,1192049333290487,2023,39,2,167,2121.0,3.0,1,ROMU,1,ROMU,1,2025-02-05 09:18:25,,8,6
1788876937290487,1192049333290487,2023,39,2,167,2121.0,4.0,1,ROMU,1,ROMU,4,2025-02-05 09:18:25,,8,6
1788876938290487,1192049333290487,2023,39,2,167,2121.0,4.0,1,ROPS,1,ROPS,2,2025-02-05 09:18:25,,8,6
1788878072290487,1192049360290487,2023,39,1,79,4747.0,1.0,1,MIVI,1,MIVI,3,2025-02-05 09:18:29,,8,6
1788878073290487,1192049360290487,2023,39,1,79,4747.0,3.0,1,MIVI,1,MIVI,1,2025-02-05 09:18:29,,8,6
1788878074290487,1192049360290487,2023,39,1,79,4747.0,4.0,1,MIVI,1,MIVI,20,2025-02-05 09:18:29,,8,6
1788878075290487,1192049360290487,2023,39,1,79,4747.0,1.0,1,ROMU,1,ROMU,1,2025-02-05 09:18:29,,8,6
1788878076290487,1192049360290487,2023,39,1,79,4747.0,3.0,1,ROMU,1,ROMU,1,2025-02-05 09:18:29,,8,6
1788878077290487,1192049360290487,2023,39,1,79,4747.0,4.0,1,ROMU,1,ROMU,2,2025-02-05 09:18:29,,8,6
1788878197290487,1192049393290487,2023,39,4,155,4794.0,1.0,1,RHCA3,1,RHCA3,25,2025-02-05 09:18:29,,8,6
1788878198290487,1192049393290487,2023,39,4,155,4794.0,2.0,1,RHCA3,1,RHCA3,5,2025-02-05 09:18:29,,8,6
1788878199290487,1192049393290487,2023,39,4,155,4794.0,3.0,1,RHCA3,1,RHCA3,1,2025-02-05 09:18:29,,8,6
1788878200290487,1192049393290487,2023,39,4,155,4794.0,4.0,1,RHCA3,1,RHCA3,3,2025-02-05 09:18:29,,8,6
1788878201290487,1192049393290487,2023,39,4,155,4794.0,1.0,1,ROMU,1,ROMU,25,2025-02-05 09:18:29,,8,6
1788878202290487,1192049393290487,2023,39,4,155,4794.0,2.0,1,ROMU,1,ROMU,35,2025-02-05 09:18:29,,8,6
1788878203290487,1192049393290487,2023,39,4,155,4794.0,3.0,1,ROMU,1,ROMU,33,2025-02-05 09:18:29,,8,6
1788878204290487,1192049393290487,2023,39,4,155,4794.0,4.0,1,ROMU,1,ROMU,10,2025-02-05 09:18:29,,8,6
1788875972290487,1192049240290487,2023,39,2,73,5197.0,1.0,1,BETH,1,BETH,1,2025-02-05 09:18:21,,8,6
1788875973290487,1192049240290487,2023,39,2,73,5197.0,3.0,1,BETH,1,BETH,1,2025-02-05 09:18:21,,8,6
1788875974290487,1192049240290487,2023,39,2,73,5197.0,4.0,1,BETH,1,BETH,1,2025-02-05 09:18:21,,8,6
1788875975290487,1192049240290487,2023,39,2,73,5197.0,1.0,1,ELUM,1,ELUM,2,2025-02-05 09:18:21,,8,6
1788875976290487,1192049240290487,2023,39,2,73,5197.0,3.0,1,ELUM,1,ELUM,10,2025-02-05 09:18:21,,8,6
1788875977290487,1192049240290487,2023,39,2,73,5197.0,4.0,1,ELUM,1,ELUM,5,2025-02-05 09:18:21,,8,6
1788875978290487,1192049240290487,2023,39,2,73,5197.0,3.0,1,LOJA,1,LOJA,5,2025-02-05 09:18:21,,8,6
1788875979290487,1192049240290487,2023,39,2,73,5197.0,1.0,1,ROMU,1,ROMU,50,2025-02-05 09:18:21,,8,6
1788875980290487,1192049240290487,2023,39,2,73,5197.0,2.0,1,ROMU,1,ROMU,60,2025-02-05 09:18:21,,8,6
1788875981290487,1192049240290487,2023,39,2,73,5197.0,3.0,1,ROMU,1,ROMU,75,2025-02-05 09:18:21,,8,6
1788875982290487,1192049240290487,2023,39,2,73,5197.0,4.0,1,ROMU,1,ROMU,70,2025-02-05 09:18:21,,8,6
1788875983290487,1192049240290487,2023,39,2,73,5197.0,3.0,1,ROPS,1,ROPS,5,2025-02-05 09:18:21,,8,6
1788875984290487,1192049240290487,2023,39,2,73,5197.0,4.0,1,ROPS,1,ROPS,10,2025-02-05 09:18:21,,8,6
1788877472290487,1192049264290487,2023,39,3,59,2535.0,2.0,2,LONIC,1,LONIC,20,2025-02-05 09:18:27,,8,6
1788877473290487,1192049264290487,2023,39,3,59,2535.0,2.0,2,ROMU,1,ROMU,40,2025-02-05 09:18:27,,8,6
1788877474290487,1192049264290487,2023,39,3,59,2535.0,4.0,2,ROMU,1,ROMU,22,2025-02-05 09:18:27,,8,6
1788877140290487,1192049367290487,2023,39,4,103,5429.0,2.0,2,ALPE4,1,ALPE4,1,2025-02-05 09:18:25,,8,6
1788877141290487,1192049367290487,2023,39,4,103,5429.0,2.0,2,ROMU,1,ROMU,50,2025-02-05 09:18:25,,8,6
1788876190290487,1192049334290487,2023,39,2,167,3682.0,2.0,2,AIAL,1,AIAL,12,2025-02-05 09:18:22,,8,6
1788876191290487,1192049334290487,2023,39,2,167,3682.0,2.0,2,ALPE4,1,ALPE4,10,2025-02-05 09:18:22,,8,6
1788876192290487,1192049334290487,2023,39,2,167,3682.0,2.0,2,LOJA,1,LOJA,10,2025-02-05 09:18:22,,8,6
1788876193290487,1192049334290487,2023,39,2,167,3682.0,2.0,2,ROMU,1,ROMU,15,2025-02-05 09:18:22,,8,6
1788877572290487,1192049326290487,2023,39,2,73,2992.0,1.0,1,BETH,1,BETH,1,2025-02-05 09:18:27,,8,6
1788877573290487,1192049326290487,2023,39,2,73,2992.0,1.0,1,ELUM,1,ELUM,1,2025-02-05 09:18:27,,8,6
1788878450290487,1192048974290487,2023,39,5,113,1116.0,3.0,1,ALPE4,1,ALPE4,1,2025-02-05 09:18:30,,8,6
1788878451290487,1192048974290487,2023,39,5,113,1116.0,3.0,1,BETH,1,BETH,2,2025-02-05 09:18:30,,8,6
1788878452290487,1192048974290487,2023,39,5,113,1116.0,1.0,1,LONIC,1,LONIC,24,2025-02-05 09:18:30,,8,6
1788878453290487,1192048974290487,2023,39,5,113,1116.0,2.0,1,LONIC,1,LONIC,20,2025-02-05 09:18:30,,8,6
1788878454290487,1192048974290487,2023,39,5,113,1116.0,3.0,1,LONIC,1,LONIC,20,2025-02-05 09:18:30,,8,6
1788878455290487,1192048974290487,2023,39,5,113,1116.0,4.0,1,LONIC,1,LONIC,10,2025-02-05 09:18:30,,8,6
1788878456290487,1192048974290487,2023,39,5,113,1116.0,1.0,1,ROMU,1,ROMU,2,2025-02-05 09:18:30,,8,6
1788878457290487,1192048974290487,2023,39,5,113,1116.0,2.0,1,ROMU,1,ROMU,2,2025-02-05 09:18:30,,8,6
1788878458290487,1192048974290487,2023,39,5,113,1116.0,3.0,1,ROMU,1,ROMU,1,2025-02-05 09:18:30,,8,6
1788878459290487,1192048974290487,2023,39,5,113,1116.0,4.0,1,ROMU,1,ROMU,1,2025-02-05 09:18:30,,8,6
1788878613290487,1192048991290487,2023,39,5,27,3456.0,4.0,1,ALPE4,1,ALPE4,1,2025-02-05 09:18:30,,8,6
1788878614290487,1192048991290487,2023,39,5,27,3456.0,2.0,1,LIVU,1,LIVU,3,2025-02-05 09:18:30,,8,6
1788878615290487,1192048991290487,2023,39,5,27,3456.0,2.0,1,LOJA,1,LOJA,5,2025-02-05 09:18:30,,8,6
1788878616290487,1192048991290487,2023,39,5,27,3456.0,1.0,1,LONIC,1,LONIC,17,2025-02-05 09:18:30,,8,6
1788878617290487,1192048991290487,2023,39,5,27,3456.0,2.0,1,LONIC,1,LONIC,6,2025-02-05 09:18:30,,8,6
1788878618290487,1192048991290487,2023,39,5,27,3456.0,3.0,1,LONIC,1,LONIC,65,2025-02-05 09:18:30,,8,6
1788878619290487,1192048991290487,2023,39,5,27,3456.0,4.0,1,LONIC,1,LONIC,70,2025-02-05 09:18:30,,8,6
1788878620290487,1192048991290487,2023,39,5,27,3456.0,1.0,1,ROMU,1,ROMU,3,2025-02-05 09:18:30,,8,6
1788878621290487,1192048991290487,2023,39,5,27,3456.0,2.0,1,ROMU,1,ROMU,20,2025-02-05 09:18:30,,8,6
1788878622290487,1192048991290487,2023,39,5,27,3456.0,3.0,1,ROMU,1,ROMU,2,2025-02-05 09:18:30,,8,6
1788878623290487,1192048991290487,2023,39,5,27,3456.0,4.0,1,ROMU,1,ROMU,2,2025-02-05 09:18:30,,8,6
1788880219290487,1192049328290487,2023,39,3,111,5542.0,2.0,1,ALPE4,1,ALPE4,5,2025-02-05 09:18:36,,8,6
1788880220290487,1192049328290487,2023,39,3,111,5542.0,3.0,1,ALPE4,1,ALPE4,10,2025-02-05 09:18:36,,8,6
1788880221290487,1192049328290487,2023,39,3,111,5542.0,4.0,1,ALPE4,1,ALPE4,3,2025-02-05 09:18:36,,8,6
1788880222290487,1192049328290487,2023,39,3,111,5542.0,1.0,1,BEVU,1,BEVU,1,2025-02-05 09:18:36,,8,6
1788880223290487,1192049328290487,2023,39,3,111,5542.0,3.0,1,BEVU,1,BEVU,1,2025-02-05 09:18:36,,8,6
1788880224290487,1192049328290487,2023,39,3,111,5542.0,3.0,1,ELUM,1,ELUM,1,2025-02-05 09:18:36,,8,6
1788880225290487,1192049328290487,2023,39,3,111,5542.0,2.0,1,LONIC,1,LONIC,1,2025-02-05 09:18:36,,8,6
1788880226290487,1192049328290487,2023,39,3,111,5542.0,3.0,1,LONIC,1,LONIC,1,2025-02-05 09:18:36,,8,6
1788880227290487,1192049328290487,2023,39,3,111,5542.0,2.0,1,MIVI,1,MIVI,5,2025-02-05 09:18:36,,8,6
1788880228290487,1192049328290487,2023,39,3,111,5542.0,3.0,1,MIVI,1,MIVI,3,2025-02-05 09:18:36,,8,6
1788880229290487,1192049328290487,2023,39,3,111,5542.0,4.0,1,MIVI,1,MIVI,2,2025-02-05 09:18:36,,8,6
1788880230290487,1192049328290487,2023,39,3,111,5542.0,1.0,1,ROMU,1,ROMU,5,2025-02-05 09:18:36,,8,6
1788880231290487,1192049328290487,2023,39,3,111,5542.0,2.0,1,ROMU,1,ROMU,12,2025-02-05 09:18:36,,8,6
1788880232290487,1192049328290487,2023,39,3,111,5542.0,3.0,1,ROMU,1,ROMU,20,2025-02-05 09:18:36,,8,6
1788880233290487,1192049328290487,2023,39,3,111,5542.0,4.0,1,ROMU,1,ROMU,2,2025-02-05 09:18:36,,8,6
1788880234290487,1192049328290487,2023,39,3,111,5542.0,3.0,1,ROPS,1,ROPS,1,2025-02-05 09:18:36,,8,6
530838177126144,375549936489998,2017,39,3,119,2977.0,4.0,1,ROMU,1,ROMU,15,2018-04-17 12:03:26,,7,6
530838355126144,375549958489998,2017,39,2,73,2537.0,2.0,1,LOJA,1,LOJA,1,2018-04-17 12:03:26,,7,6
530838356126144,375549958489998,2017,39,2,73,2537.0,3.0,1,LOJA,1,LOJA,3,2018-04-17 12:03:26,,7,6
530838357126144,375549958489998,2017,39,2,73,2537.0,1.0,1,ROMU,1,ROMU,2,2018-04-17 12:03:26,,7,6
530838358126144,375549958489998,2017,39,2,73,2537.0,2.0,1,ROMU,1,ROMU,2,2018-04-17 12:03:26,,7,6
530838359126144,375549958489998,2017,39,2,73,2537.0,3.0,1,ROMU,1,ROMU,3,2018-04-17 12:03:26,,7,6
530838360126144,375549958489998,2017,39,2,73,2537.0,4.0,1,ROMU,1,ROMU,1,2018-04-17 12:03:26,,7,6
530833129126144,375549579489998,2017,39,6,69,5636.0,1.0,1,ALPE4,1,ALPE4,1,2018-04-17 12:03:07,,7,6
530833130126144,375549579489998,2017,39,6,69,5636.0,2.0,1,ALPE4,1,ALPE4,1,2018-04-17 12:03:07,,7,6
530833131126144,375549579489998,2017,39,6,69,5636.0,3.0,1,ALPE4,1,ALPE4,1,2018-04-17 12:03:07,,7,6
530833285126144,375549685489998,2017,39,6,91,2885.0,2.0,1,ALPE4,1,ALPE4,1,2018-04-17 12:03:07,,7,6
530833286126144,375549685489998,2017,39,6,91,2885.0,3.0,1,ALPE4,1,ALPE4,2,2018-04-17 12:03:07,,7,6
530833287126144,375549685489998,2017,39,6,91,2885.0,1.0,1,CEOR7,1,CEOR7,1,2018-04-17 12:03:07,,7,6
530833288126144,375549685489998,2017,39,6,91,2885.0,2.0,1,CIVU,1,CIVU,1,2018-04-17 12:03:07,,7,6
530833289126144,375549685489998,2017,39,6,91,2885.0,1.0,1,LIVU,1,LIVU,2,2018-04-17 12:03:07,,7,6
530833290126144,375549685489998,2017,39,6,91,2885.0,1.0,1,LONIC,1,LONIC,3,2018-04-17 12:03:07,,7,6
530833291126144,375549685489998,2017,39,6,91,2885.0,3.0,1,LONIC,1,LONIC,8,2018-04-17 12:03:07,,7,6
530833292126144,375549685489998,2017,39,6,91,2885.0,1.0,1,LYNU,1,LYNU,5,2018-04-17 12:03:07,,7,6
530833293126144,375549685489998,2017,39,6,91,2885.0,3.0,1,LYNU,1,LYNU,1,2018-04-17 12:03:07,,7,6
530833294126144,375549685489998,2017,39,6,91,2885.0,1.0,1,MIVI,1,MIVI,3,2018-04-17 12:03:07,,7,6
530833295126144,375549685489998,2017,39,6,91,2885.0,3.0,1,MIVI,1,MIVI,2,2018-04-17 12:03:07,,7,6
530833296126144,375549685489998,2017,39,6,91,2885.0,2.0,1,PHAR3,1,PHAR3,2,2018-04-17 12:03:07,,7,6
530833297126144,375549685489998,2017,39,6,91,2885.0,1.0,1,ROMU,1,ROMU,3,2018-04-17 12:03:07,,7,6
530833298126144,375549685489998,2017,39,6,91,2885.0,2.0,1,ROMU,1,ROMU,2,2018-04-17 12:03:07,,7,6
530833299126144,375549685489998,2017,39,6,91,2885.0,3.0,1,ROMU,1,ROMU,3,2018-04-17 12:03:07,,7,6
530833411126144,375549768489998,2017,39,1,145,3813.0,1.0,1,AIAL,1,AIAL,2,2018-04-17 12:03:07,,7,6
530833412126144,375549768489998,2017,39,1,145,3813.0,4.0,1,AIAL,1,AIAL,1,2018-04-17 12:03:07,,7,6
530833413126144,375549768489998,2017,39,1,145,3813.0,4.0,1,LIVU,1,LIVU,15,2018-04-17 12:03:07,,7,6
530833414126144,375549768489998,2017,39,1,145,3813.0,1.0,1,LOJA,1,LOJA,90,2018-04-17 12:03:07,,7,6
530833415126144,375549768489998,2017,39,1,145,3813.0,2.0,1,LOJA,1,LOJA,7,2018-04-17 12:03:07,,7,6
530833416126144,375549768489998,2017,39,1,145,3813.0,3.0,1,LOJA,1,LOJA,3,2018-04-17 12:03:07,,7,6
530833417126144,375549768489998,2017,39,1,145,3813.0,4.0,1,LOJA,1,LOJA,84,2018-04-17 12:03:07,,7,6
530833418126144,375549768489998,2017,39,1,145,3813.0,3.0,1,MIVI,1,MIVI,2,2018-04-17 12:03:07,,7,6
530833419126144,375549768489998,2017,39,1,145,3813.0,1.0,1,ROMU,1,ROMU,1,2018-04-17 12:03:07,,7,6
530833420126144,375549768489998,2017,39,1,145,3813.0,4.0,1,ROMU,1,ROMU,1,2018-04-17 12:03:07,,7,6
530833421126144,375549768489998,2017,39,1,145,3813.0,1.0,1,ROPS,1,ROPS,3,2018-04-17 12:03:07,,7,6
530833422126144,375549768489998,2017,39,1,145,3813.0,4.0,1,ROPS,1,ROPS,5,2018-04-17 12:03:07,,7,6
530833678126144,375549965489998,2017,39,2,163,1723.0,2.0,1,ELUM,1,ELUM,1,2018-04-17 12:03:09,,7,6
530833679126144,375549965489998,2017,39,2,163,1723.0,1.0,1,LOJA,1,LOJA,2,2018-04-17 12:03:09,,7,6
530833680126144,375549965489998,2017,39,2,163,1723.0,2.0,1,LOJA,1,LOJA,3,2018-04-17 12:03:09,,7,6
530833681126144,375549965489998,2017,39,2,163,1723.0,3.0,1,LOJA,1,LOJA,5,2018-04-17 12:03:09,,7,6
530833682126144,375549965489998,2017,39,2,163,1723.0,4.0,1,LOJA,1,LOJA,1,2018-04-17 12:03:09,,7,6
530833683126144,375549965489998,2017,39,2,163,1723.0,1.0,1,ROMU,1,ROMU,1,2018-04-17 12:03:09,,7,6
530833684126144,375549965489998,2017,39,2,163,1723.0,3.0,1,ROMU,1,ROMU,2,2018-04-17 12:03:09,,7,6
530833685126144,375549965489998,2017,39,2,163,1723.0,4.0,1,ROMU,1,ROMU,3,2018-04-17 12:03:09,,7,6
530833850126144,375549978489998,2017,39,3,67,1501.0,1.0,1,ROMU,1,ROMU,40,2018-04-17 12:03:10,,7,6
530833851126144,375549978489998,2017,39,3,67,1501.0,3.0,1,ROMU,1,ROMU,1,2018-04-17 12:03:10,,7,6
530833852126144,375549978489998,2017,39,3,67,1501.0,4.0,1,ROMU,1,ROMU,3,2018-04-17 12:03:10,,7,6
530834141126144,375549739489998,2017,39,5,129,4055.0,1.0,1,ALPE4,1,ALPE4,20,2018-04-17 12:03:11,,7,6
530834142126144,375549739489998,2017,39,5,129,4055.0,4.0,1,ALPE4,1,ALPE4,3,2018-04-17 12:03:11,,7,6
530834143126144,375549739489998,2017,39,5,129,4055.0,1.0,1,LIVU,1,LIVU,2,2018-04-17 12:03:11,,7,6
530834144126144,375549739489998,2017,39,5,129,4055.0,1.0,1,LONIC,1,LONIC,30,2018-04-17 12:03:11,,7,6
530834145126144,375549739489998,2017,39,5,129,4055.0,4.0,1,LONIC,1,LONIC,3,2018-04-17 12:03:11,,7,6
530834146126144,375549739489998,2017,39,5,129,4055.0,1.0,1,MIVI,1,MIVI,3,2018-04-17 12:03:11,,7,6
530834147126144,375549739489998,2017,39,5,129,4055.0,4.0,1,MIVI,1,MIVI,10,2018-04-17 12:03:11,,7,6
530834148126144,375549739489998,2017,39,5,129,4055.0,1.0,1,ROMU,1,ROMU,1,2018-04-17 12:03:11,,7,6
530834149126144,375549739489998,2017,39,5,129,4055.0,4.0,1,ROMU,1,ROMU,25,2018-04-17 12:03:11,,7,6
530834346126144,375549318489998,2017,39,6,63,1590.0,4.0,2,ALPE4,1,ALPE4,3,2018-04-17 12:03:12,,7,6
530834527126144,375549653489998,2017,39,6,171,3206.0,2.0,2,ALPE4,1,ALPE4,5,2018-04-17 12:03:13,,7,6
530834528126144,375549653489998,2017,39,6,171,3206.0,3.0,2,ALPE4,1,ALPE4,4,2018-04-17 12:03:13,,7,6
530834529126144,375549653489998,2017,39,6,171,3206.0,3.0,2,LOMA6,1,LOMA6,8,2018-04-17 12:03:13,,7,6
530834530126144,375549653489998,2017,39,6,171,3206.0,2.0,2,LOMO2,1,LOMO2,1,2018-04-17 12:03:13,,7,6
530834531126144,375549653489998,2017,39,6,171,3206.0,1.0,2,ROMU,1,ROMU,4,2018-04-17 12:03:13,,7,6
530834532126144,375549653489998,2017,39,6,171,3206.0,2.0,2,ROMU,1,ROMU,1,2018-04-17 12:03:13,,7,6
530834533126144,375549653489998,2017,39,6,171,3206.0,3.0,2,ROMU,1,ROMU,1,2018-04-17 12:03:13,,7,6
530834678126144,375549699489998,2017,39,6,21,3537.0,1.0,1,ALPE4,1,ALPE4,10,2018-04-17 12:03:13,,7,6
530834679126144,375549699489998,2017,39,6,21,3537.0,2.0,1,ALPE4,1,ALPE4,8,2018-04-17 12:03:13,,7,6
530834680126144,375549699489998,2017,39,6,21,3537.0,3.0,1,ALPE4,1,ALPE4,10,2018-04-17 12:03:13,,7,6
530834681126144,375549699489998,2017,39,6,21,3537.0,4.0,1,ALPE4,1,ALPE4,10,2018-04-17 12:03:13,,7,6
530834682126144,375549699489998,2017,39,6,21,3537.0,2.0,1,BETH,1,BETH,2,2018-04-17 12:03:13,,7,6
530834683126144,375549699489998,2017,39,6,21,3537.0,1.0,1,LONIC,1,LONIC,25,2018-04-17 12:03:13,,7,6
530834684126144,375549699489998,2017,39,6,21,3537.0,2.0,1,LONIC,1,LONIC,25,2018-04-17 12:03:13,,7,6
530834685126144,375549699489998,2017,39,6,21,3537.0,3.0,1,LONIC,1,LONIC,20,2018-04-17 12:03:13,,7,6
530834686126144,375549699489998,2017,39,6,21,3537.0,4.0,1,LONIC,1,LONIC,6,2018-04-17 12:03:13,,7,6
530834687126144,375549699489998,2017,39,6,21,3537.0,1.0,1,MIVI,1,MIVI,10,2018-04-17 12:03:13,,7,6
530834688126144,375549699489998,2017,39,6,21,3537.0,2.0,1,MIVI,1,MIVI,3,2018-04-17 12:03:13,,7,6
530834689126144,375549699489998,2017,39,6,21,3537.0,3.0,1,MIVI,1,MIVI,5,2018-04-17 12:03:13,,7,6
530834690126144,375549699489998,2017,39,6,21,3537.0,4.0,1,MIVI,1,MIVI,8,2018-04-17 12:03:13,,7,6
530834691126144,375549699489998,2017,39,6,21,3537.0,1.0,1,ROMU,1,ROMU,5,2018-04-17 12:03:13,,7,6
530834692126144,375549699489998,2017,39,6,21,3537.0,2.0,1,ROMU,1,ROMU,15,2018-04-17 12:03:13,,7,6
530834693126144,375549699489998,2017,39,6,21,3537.0,3.0,1,ROMU,1,ROMU,3,2018-04-17 12:03:13,,7,6
530834694126144,375549699489998,2017,39,6,21,3537.0,4.0,1,ROMU,1,ROMU,3,2018-04-17 12:03:13,,7,6
530834948126144,375549844489998,2017,39,1,87,1355.0,2.0,2,ELUM,1,ELUM,1,2018-04-17 12:03:14,,7,6
530834949126144,375549844489998,2017,39,1,87,1355.0,4.0,2,ELUM,1,ELUM,1,2018-04-17 12:03:14,,7,6
530834950126144,375549844489998,2017,39,1,87,1355.0,2.0,2,LOJA,1,LOJA,25,2018-04-17 12:03:14,,7,6
530834951126144,375549844489998,2017,39,1,87,1355.0,3.0,2,LOJA,1,LOJA,15,2018-04-17 12:03:14,,7,6
530834952126144,375549844489998,2017,39,1,87,1355.0,4.0,2,LOJA,1,LOJA,25,2018-04-17 12:03:14,,7,6
530834953126144,375549844489998,2017,39,1,87,1355.0,2.0,2,MIVI,1,MIVI,3,2018-04-17 12:03:14,,7,6
530834954126144,375549844489998,2017,39,1,87,1355.0,3.0,2,MIVI,1,MIVI,6,2018-04-17 12:03:14,,7,6
530834955126144,375549844489998,2017,39,1,87,1355.0,4.0,2,MIVI,1,MIVI,3,2018-04-17 12:03:14,,7,6
530834956126144,375549844489998,2017,39,1,87,1355.0,2.0,2,ROMU,1,ROMU,2,2018-04-17 12:03:14,,7,6
530834957126144,375549844489998,2017,39,1,87,1355.0,3.0,2,ROMU,1,ROMU,2,2018-04-17 12:03:14,,7,6
530834958126144,375549844489998,2017,39,1,87,1355.0,4.0,2,ROMU,1,ROMU,1,2018-04-17 12:03:14,,7,6
530834959126144,375549844489998,2017,39,1,87,1355.0,2.0,2,ROPS,1,ROPS,1,2018-04-17 12:03:14,,7,6
657555224126144,463048680489998,2018,39,3,121,4839.0,3.0,2,ROMU,1,ROMU,5,2019-04-26 14:18:55,,7,7
657554898126144,463048962489998,2018,39,6,11,41.0,4.0,1,ROMU,1,ROMU,5,2019-04-26 14:18:54,,8,1
657555738126144,463049012489998,2018,39,4,155,866.0,2.0,2,ROMU,1,ROMU,1,2019-04-26 14:18:58,,8,1
657556301126144,463048805489998,2018,39,1,1,599.0,1.0,1,ROMU,1,ROMU,1,2019-04-26 14:19:00,,8,1
657556302126144,463048805489998,2018,39,1,1,599.0,3.0,1,ROMU,1,ROMU,10,2019-04-26 14:19:00,,8,1
657556303126144,463048805489998,2018,39,1,1,599.0,4.0,1,ROMU,1,ROMU,5,2019-04-26 14:19:00,,8,1
657557477126144,463048985489998,2018,39,3,67,651.0,2.0,1,BEVU,1,BEVU,2,2019-04-26 14:19:02,,8,1
657557478126144,463048985489998,2018,39,3,67,651.0,2.0,1,ELUM,1,ELUM,1,2019-04-26 14:19:02,,8,1
657557479126144,463048985489998,2018,39,3,67,651.0,3.0,1,ELUM,1,ELUM,1,2019-04-26 14:19:02,,8,1
657557480126144,463048985489998,2018,39,3,67,651.0,4.0,1,ELUM,1,ELUM,10,2019-04-26 14:19:02,,8,1
657557481126144,463048985489998,2018,39,3,67,651.0,2.0,1,LONIC,1,LONIC,1,2019-04-26 14:19:02,,8,1
657557482126144,463048985489998,2018,39,3,67,651.0,3.0,1,LONIC,1,LONIC,1,2019-04-26 14:19:02,,8,1
657557483126144,463048985489998,2018,39,3,67,651.0,4.0,1,LONIC,1,LONIC,1,2019-04-26 14:19:02,,8,1
657557484126144,463048985489998,2018,39,3,67,651.0,1.0,1,MIVI,1,MIVI,25,2019-04-26 14:19:02,,8,1
657557485126144,463048985489998,2018,39,3,67,651.0,3.0,1,MIVI,1,MIVI,10,2019-04-26 14:19:02,,8,1
657557486126144,463048985489998,2018,39,3,67,651.0,4.0,1,MIVI,1,MIVI,20,2019-04-26 14:19:02,,8,1
657557487126144,463048985489998,2018,39,3,67,651.0,1.0,1,ROMU,1,ROMU,15,2019-04-26 14:19:02,,8,1
657557488126144,463048985489998,2018,39,3,67,651.0,2.0,1,ROMU,1,ROMU,55,2019-04-26 14:19:02,,8,1
657557489126144,463048985489998,2018,39,3,67,651.0,3.0,1,ROMU,1,ROMU,15,2019-04-26 14:19:02,,8,1
657557490126144,463048985489998,2018,39,3,67,651.0,4.0,1,ROMU,1,ROMU,10,2019-04-26 14:19:02,,8,1
657558150126144,463048616489998,2018,39,5,165,644.0,1.0,1,ALPE4,1,ALPE4,10,2019-04-26 14:19:04,,8,1
657558151126144,463048616489998,2018,39,5,165,644.0,2.0,1,ALPE4,1,ALPE4,10,2019-04-26 14:19:04,,8,1
657558152126144,463048616489998,2018,39,5,165,644.0,3.0,1,ALPE4,1,ALPE4,10,2019-04-26 14:19:04,,8,1
657558153126144,463048616489998,2018,39,5,165,644.0,4.0,1,ALPE4,1,ALPE4,10,2019-04-26 14:19:04,,8,1
657558154126144,463048616489998,2018,39,5,165,644.0,1.0,1,LOMA6,1,LOMA6,70,2019-04-26 14:19:04,,8,1
657558155126144,463048616489998,2018,39,5,165,644.0,2.0,1,LOMA6,1,LOMA6,70,2019-04-26 14:19:04,,8,1
657558156126144,463048616489998,2018,39,5,165,644.0,3.0,1,LOMA6,1,LOMA6,70,2019-04-26 14:19:04,,8,1
657558157126144,463048616489998,2018,39,5,165,644.0,4.0,1,LOMA6,1,LOMA6,40,2019-04-26 14:19:04,,8,1
657558158126144,463048616489998,2018,39,5,165,644.0,4.0,1,ROMU,1,ROMU,1,2019-04-26 14:19:04,,8,1
657558755126144,463049076489998,2018,39,3,67,363.0,1.0,1,BEVU,1,BEVU,2,2019-04-26 14:19:06,,8,1
657558756126144,463049076489998,2018,39,3,67,363.0,3.0,1,BEVU,1,BEVU,1,2019-04-26 14:19:06,,8,1
657558757126144,463049076489998,2018,39,3,67,363.0,4.0,1,BEVU,1,BEVU,1,2019-04-26 14:19:06,,8,1
657558758126144,463049076489998,2018,39,3,67,363.0,1.0,1,ROMU,1,ROMU,10,2019-04-26 14:19:06,,8,1
657558759126144,463049076489998,2018,39,3,67,363.0,2.0,1,ROMU,1,ROMU,20,2019-04-26 14:19:06,,8,1
657558760126144,463049076489998,2018,39,3,67,363.0,3.0,1,ROMU,1,ROMU,3,2019-04-26 14:19:06,,8,1
657558761126144,463049076489998,2018,39,3,67,363.0,4.0,1,ROMU,1,ROMU,10,2019-04-26 14:19:06,,8,1
530838176126144,375549936489998,2017,39,3,119,2977.0,3.0,1,ROMU,1,ROMU,20,2018-04-17 12:03:26,,7,6
657554220126144,463049127489998,2018,39,4,133,64.0,2.0,1,BETH,1,BETH,4,2019-04-26 14:18:50,,8,1
1788880595290487,1192049436290487,2023,39,3,13,4479.0,4.0,2,ALPE4,1,ALPE4,1,2025-02-05 09:18:36,,8,6
1788880596290487,1192049436290487,2023,39,3,13,4479.0,1.0,1,ROMU,1,ROMU,1,2025-02-05 09:18:36,,8,6
1788880597290487,1192049436290487,2023,39,3,13,4479.0,2.0,2,ROMU,1,ROMU,10,2025-02-05 09:18:36,,8,6
1788880598290487,1192049436290487,2023,39,3,13,4479.0,4.0,2,ROMU,1,ROMU,45,2025-02-05 09:18:36,,8,6
1788881594290487,1192049383290487,2023,39,1,53,3579.0,2.0,1,ALPE4,1,ALPE4,1,2025-02-05 09:18:39,,8,6
1788881595290487,1192049383290487,2023,39,1,53,3579.0,4.0,1,ALPE4,1,ALPE4,1,2025-02-05 09:18:39,,8,6
1788881596290487,1192049383290487,2023,39,1,53,3579.0,2.0,1,CEOR7,1,CEOR7,1,2025-02-05 09:18:39,,8,6
1788881597290487,1192049383290487,2023,39,1,53,3579.0,1.0,1,ELUM,1,ELUM,2,2025-02-05 09:18:39,,8,6
1788881598290487,1192049383290487,2023,39,1,53,3579.0,2.0,1,ELUM,1,ELUM,2,2025-02-05 09:18:39,,8,6
1788881599290487,1192049383290487,2023,39,1,53,3579.0,3.0,1,ELUM,1,ELUM,6,2025-02-05 09:18:39,,8,6
1788881600290487,1192049383290487,2023,39,1,53,3579.0,4.0,1,ELUM,1,ELUM,5,2025-02-05 09:18:39,,8,6
1788881601290487,1192049383290487,2023,39,1,53,3579.0,1.0,1,LIVU,1,LIVU,1,2025-02-05 09:18:39,,8,6
1788881602290487,1192049383290487,2023,39,1,53,3579.0,2.0,1,LIVU,1,LIVU,1,2025-02-05 09:18:39,,8,6
1788881603290487,1192049383290487,2023,39,1,53,3579.0,3.0,1,LIVU,1,LIVU,2,2025-02-05 09:18:39,,8,6
1788881604290487,1192049383290487,2023,39,1,53,3579.0,4.0,1,LIVU,1,LIVU,10,2025-02-05 09:18:39,,8,6
1788881605290487,1192049383290487,2023,39,1,53,3579.0,1.0,1,LOJA,1,LOJA,5,2025-02-05 09:18:39,,8,6
1788881606290487,1192049383290487,2023,39,1,53,3579.0,2.0,1,LOJA,1,LOJA,40,2025-02-05 09:18:39,,8,6
1788881607290487,1192049383290487,2023,39,1,53,3579.0,3.0,1,LOJA,1,LOJA,70,2025-02-05 09:18:39,,8,6
1788881608290487,1192049383290487,2023,39,1,53,3579.0,4.0,1,LOJA,1,LOJA,15,2025-02-05 09:18:39,,8,6
1788881609290487,1192049383290487,2023,39,1,53,3579.0,1.0,1,MIVI,1,MIVI,2,2025-02-05 09:18:39,,8,6
1788881610290487,1192049383290487,2023,39,1,53,3579.0,2.0,1,MIVI,1,MIVI,10,2025-02-05 09:18:39,,8,6
1788881611290487,1192049383290487,2023,39,1,53,3579.0,3.0,1,MIVI,1,MIVI,15,2025-02-05 09:18:39,,8,6
1788881612290487,1192049383290487,2023,39,1,53,3579.0,4.0,1,MIVI,1,MIVI,3,2025-02-05 09:18:39,,8,6
1788881613290487,1192049383290487,2023,39,1,53,3579.0,1.0,1,ROMU,1,ROMU,2,2025-02-05 09:18:39,,8,6
1788881614290487,1192049383290487,2023,39,1,53,3579.0,2.0,1,ROMU,1,ROMU,10,2025-02-05 09:18:39,,8,6
1788881615290487,1192049383290487,2023,39,1,53,3579.0,3.0,1,ROMU,1,ROMU,15,2025-02-05 09:18:39,,8,6
1788881616290487,1192049383290487,2023,39,1,53,3579.0,4.0,1,ROMU,1,ROMU,15,2025-02-05 09:18:39,,8,6
1788881617290487,1192049383290487,2023,39,1,53,3579.0,1.0,1,ROPS,1,ROPS,4,2025-02-05 09:18:39,,8,6
1788880802290487,1192048919290487,2023,39,1,141,4924.0,2.0,2,AIAL,1,AIAL,15,2025-02-05 09:18:37,,8,6
1788880803290487,1192048919290487,2023,39,1,141,4924.0,3.0,1,AIAL,1,AIAL,12,2025-02-05 09:18:37,,8,6
1788880804290487,1192048919290487,2023,39,1,141,4924.0,2.0,2,LONIC,1,LONIC,5,2025-02-05 09:18:37,,8,6
1788880805290487,1192048919290487,2023,39,1,141,4924.0,1.0,2,MIVI,1,MIVI,1,2025-02-05 09:18:37,,8,6
1788880806290487,1192048919290487,2023,39,1,141,4924.0,3.0,1,MIVI,1,MIVI,1,2025-02-05 09:18:37,,8,6
1788880807290487,1192048919290487,2023,39,1,141,4924.0,4.0,1,MIVI,1,MIVI,20,2025-02-05 09:18:37,,8,6
1788880808290487,1192048919290487,2023,39,1,141,4924.0,1.0,1,ROMU,1,ROMU,1,2025-02-05 09:18:37,,8,6
1788880809290487,1192048919290487,2023,39,1,141,4924.0,1.0,2,ROMU,1,ROMU,1,2025-02-05 09:18:37,,8,6
1788880810290487,1192048919290487,2023,39,1,141,4924.0,2.0,2,ROMU,1,ROMU,1,2025-02-05 09:18:37,,8,6
1788880811290487,1192048919290487,2023,39,1,141,4924.0,3.0,1,ROMU,1,ROMU,1,2025-02-05 09:18:37,,8,6
1788880812290487,1192048919290487,2023,39,1,141,4924.0,4.0,1,ROMU,1,ROMU,3,2025-02-05 09:18:37,,8,6
1788879038290487,1192048836290487,2023,39,3,31,2504.0,1.0,1,ROMU,1,ROMU,30,2025-02-05 09:18:32,,8,6
1788879039290487,1192048836290487,2023,39,3,31,2504.0,2.0,1,ROMU,1,ROMU,50,2025-02-05 09:18:32,,8,6
1788879238290487,1192049047290487,2023,39,6,147,4302.0,4.0,2,ALPE4,1,ALPE4,1,2025-02-05 09:18:33,,8,6
1788879239290487,1192049047290487,2023,39,6,147,4302.0,4.0,2,LONIC,1,LONIC,2,2025-02-05 09:18:33,,8,6
1788879240290487,1192049047290487,2023,39,6,147,4302.0,4.0,2,ROMU,1,ROMU,1,2025-02-05 09:18:33,,8,6
1788879296290487,1192049052290487,2023,39,6,159,1072.0,1.0,1,ALPE4,1,ALPE4,2,2025-02-05 09:18:33,,8,6
1788879297290487,1192049052290487,2023,39,6,159,1072.0,3.0,1,ALPE4,1,ALPE4,2,2025-02-05 09:18:33,,8,6
1788879298290487,1192049052290487,2023,39,6,159,1072.0,1.0,1,LONIC,1,LONIC,5,2025-02-05 09:18:33,,8,6
1788879299290487,1192049052290487,2023,39,6,159,1072.0,3.0,1,LONIC,1,LONIC,12,2025-02-05 09:18:33,,8,6
1788879300290487,1192049052290487,2023,39,6,159,1072.0,1.0,1,PHAR3,1,PHAR3,2,2025-02-05 09:18:33,,8,6
1788879301290487,1192049052290487,2023,39,6,159,1072.0,1.0,1,ROMU,1,ROMU,8,2025-02-05 09:18:33,,8,6
1788879302290487,1192049052290487,2023,39,6,159,1072.0,3.0,1,ROMU,1,ROMU,20,2025-02-05 09:18:33,,8,6
1788881227290487,1192049247290487,2023,39,5,89,1536.0,1.0,1,MIVI,1,MIVI,10,2025-02-05 09:18:38,,8,6
1788881228290487,1192049247290487,2023,39,5,89,1536.0,2.0,1,MIVI,1,MIVI,24,2025-02-05 09:18:38,,8,6
1788881229290487,1192049247290487,2023,39,5,89,1536.0,3.0,1,MIVI,1,MIVI,2,2025-02-05 09:18:38,,8,6
1788881230290487,1192049247290487,2023,39,5,89,1536.0,4.0,1,MIVI,1,MIVI,15,2025-02-05 09:18:38,,8,6
1788881231290487,1192049247290487,2023,39,5,89,1536.0,1.0,1,ROMU,1,ROMU,4,2025-02-05 09:18:38,,8,6
1788881232290487,1192049247290487,2023,39,5,89,1536.0,2.0,1,ROMU,1,ROMU,2,2025-02-05 09:18:38,,8,6
1788881233290487,1192049247290487,2023,39,5,89,1536.0,3.0,1,ROMU,1,ROMU,1,2025-02-05 09:18:38,,8,6
1788881234290487,1192049247290487,2023,39,5,89,1536.0,4.0,1,ROMU,1,ROMU,20,2025-02-05 09:18:38,,8,6
1788881409290487,1192049277290487,2023,39,4,85,4436.0,3.0,2,LYNU,1,LYNU,1,2025-02-05 09:18:38,,8,6
1788881410290487,1192049277290487,2023,39,4,85,4436.0,3.0,2,ROMU,1,ROMU,25,2025-02-05 09:18:38,,8,6
1788879463290487,1192049168290487,2023,39,5,61,2287.0,1.0,1,ALPE4,1,ALPE4,4,2025-02-05 09:18:33,,8,6
1788879464290487,1192049168290487,2023,39,5,61,2287.0,4.0,1,ALPE4,1,ALPE4,1,2025-02-05 09:18:33,,8,6
1788879465290487,1192049168290487,2023,39,5,61,2287.0,1.0,1,BEVU,1,BEVU,1,2025-02-05 09:18:33,,8,6
1788879466290487,1192049168290487,2023,39,5,61,2287.0,1.0,1,CEOR7,1,CEOR7,4,2025-02-05 09:18:33,,8,6
1788879467290487,1192049168290487,2023,39,5,61,2287.0,2.0,1,CEOR7,1,CEOR7,3,2025-02-05 09:18:33,,8,6
1788879468290487,1192049168290487,2023,39,5,61,2287.0,4.0,1,CEOR7,1,CEOR7,1,2025-02-05 09:18:33,,8,6
1788879469290487,1192049168290487,2023,39,5,61,2287.0,1.0,1,LIVU,1,LIVU,15,2025-02-05 09:18:33,,8,6
1788879470290487,1192049168290487,2023,39,5,61,2287.0,2.0,1,LIVU,1,LIVU,15,2025-02-05 09:18:33,,8,6
1788879471290487,1192049168290487,2023,39,5,61,2287.0,4.0,1,LIVU,1,LIVU,3,2025-02-05 09:18:33,,8,6
1788879472290487,1192049168290487,2023,39,5,61,2287.0,2.0,1,LOJA,1,LOJA,3,2025-02-05 09:18:33,,8,6
1788879473290487,1192049168290487,2023,39,5,61,2287.0,1.0,1,LONIC,1,LONIC,45,2025-02-05 09:18:33,,8,6
1788879474290487,1192049168290487,2023,39,5,61,2287.0,2.0,1,LONIC,1,LONIC,75,2025-02-05 09:18:33,,8,6
1788879475290487,1192049168290487,2023,39,5,61,2287.0,4.0,1,LONIC,1,LONIC,25,2025-02-05 09:18:33,,8,6
1788879476290487,1192049168290487,2023,39,5,61,2287.0,1.0,1,MIVI,1,MIVI,40,2025-02-05 09:18:33,,8,6
1788879477290487,1192049168290487,2023,39,5,61,2287.0,2.0,1,MIVI,1,MIVI,15,2025-02-05 09:18:33,,8,6
1788879478290487,1192049168290487,2023,39,5,61,2287.0,4.0,1,MIVI,1,MIVI,8,2025-02-05 09:18:33,,8,6
1788879479290487,1192049168290487,2023,39,5,61,2287.0,1.0,1,ROMU,1,ROMU,3,2025-02-05 09:18:33,,8,6
1788879480290487,1192049168290487,2023,39,5,61,2287.0,2.0,1,ROMU,1,ROMU,3,2025-02-05 09:18:33,,8,6
1788879481290487,1192049168290487,2023,39,5,61,2287.0,4.0,1,ROMU,1,ROMU,1,2025-02-05 09:18:33,,8,6
1788879596290487,1192049173290487,2023,39,6,175,5443.0,1.0,2,ALPE4,1,ALPE4,10,2025-02-05 09:18:34,,8,6
1788879597290487,1192049173290487,2023,39,6,175,5443.0,3.0,2,ALPE4,1,ALPE4,1,2025-02-05 09:18:34,,8,6
1788879598290487,1192049173290487,2023,39,6,175,5443.0,1.0,2,LYNU,1,LYNU,5,2025-02-05 09:18:34,,8,6
1788879599290487,1192049173290487,2023,39,6,175,5443.0,4.0,2,LYNU,1,LYNU,7,2025-02-05 09:18:34,,8,6
1788879990290487,1192049169290487,2023,39,1,25,3830.0,2.0,1,BETH,1,BETH,2,2025-02-05 09:18:35,,8,6
1788879991290487,1192049169290487,2023,39,1,25,3830.0,1.0,1,CEOR7,1,CEOR7,4,2025-02-05 09:18:35,,8,6
1788879992290487,1192049169290487,2023,39,1,25,3830.0,2.0,1,CEOR7,1,CEOR7,5,2025-02-05 09:18:35,,8,6
1788879993290487,1192049169290487,2023,39,1,25,3830.0,3.0,1,CEOR7,1,CEOR7,2,2025-02-05 09:18:35,,8,6
1788879994290487,1192049169290487,2023,39,1,25,3830.0,4.0,1,CEOR7,1,CEOR7,2,2025-02-05 09:18:35,,8,6
1788879995290487,1192049169290487,2023,39,1,25,3830.0,1.0,1,LIVU,1,LIVU,1,2025-02-05 09:18:35,,8,6
1788879996290487,1192049169290487,2023,39,1,25,3830.0,1.0,1,LOJA,1,LOJA,4,2025-02-05 09:18:35,,8,6
1788879997290487,1192049169290487,2023,39,1,25,3830.0,2.0,1,LOJA,1,LOJA,6,2025-02-05 09:18:35,,8,6
1788879998290487,1192049169290487,2023,39,1,25,3830.0,3.0,1,LOJA,1,LOJA,8,2025-02-05 09:18:35,,8,6
1788879999290487,1192049169290487,2023,39,1,25,3830.0,4.0,1,LOJA,1,LOJA,1,2025-02-05 09:18:35,,8,6
1788880000290487,1192049169290487,2023,39,1,25,3830.0,1.0,1,LONIC,1,LONIC,40,2025-02-05 09:18:35,,8,6
1788880001290487,1192049169290487,2023,39,1,25,3830.0,2.0,1,LONIC,1,LONIC,20,2025-02-05 09:18:35,,8,6
1788880002290487,1192049169290487,2023,39,1,25,3830.0,3.0,1,LONIC,1,LONIC,15,2025-02-05 09:18:35,,8,6
1788880003290487,1192049169290487,2023,39,1,25,3830.0,4.0,1,LONIC,1,LONIC,10,2025-02-05 09:18:35,,8,6
1788880004290487,1192049169290487,2023,39,1,25,3830.0,1.0,1,MIVI,1,MIVI,3,2025-02-05 09:18:35,,8,6
1788880005290487,1192049169290487,2023,39,1,25,3830.0,2.0,1,MIVI,1,MIVI,50,2025-02-05 09:18:35,,8,6
1788880006290487,1192049169290487,2023,39,1,25,3830.0,3.0,1,MIVI,1,MIVI,45,2025-02-05 09:18:35,,8,6
1788880007290487,1192049169290487,2023,39,1,25,3830.0,4.0,1,MIVI,1,MIVI,2,2025-02-05 09:18:35,,8,6
1788880594290487,1192049436290487,2023,39,3,13,4479.0,2.0,2,ALPE4,1,ALPE4,1,2025-02-05 09:18:36,,8,6
1788880008290487,1192049169290487,2023,39,1,25,3830.0,1.0,1,ROMU,1,ROMU,3,2025-02-05 09:18:35,,8,6
1788880009290487,1192049169290487,2023,39,1,25,3830.0,2.0,1,ROMU,1,ROMU,15,2025-02-05 09:18:35,,8,6
1788880010290487,1192049169290487,2023,39,1,25,3830.0,3.0,1,ROMU,1,ROMU,3,2025-02-05 09:18:35,,8,6
1788880011290487,1192049169290487,2023,39,1,25,3830.0,4.0,1,ROMU,1,ROMU,4,2025-02-05 09:18:35,,8,6
1788879985290487,1192049169290487,2023,39,1,25,3830.0,1.0,1,ALPE4,1,ALPE4,4,2025-02-05 09:18:35,,8,6
1788879986290487,1192049169290487,2023,39,1,25,3830.0,2.0,1,ALPE4,1,ALPE4,20,2025-02-05 09:18:35,,8,6
1788879987290487,1192049169290487,2023,39,1,25,3830.0,3.0,1,ALPE4,1,ALPE4,5,2025-02-05 09:18:35,,8,6
1788879988290487,1192049169290487,2023,39,1,25,3830.0,4.0,1,ALPE4,1,ALPE4,20,2025-02-05 09:18:35,,8,6
1788879989290487,1192049169290487,2023,39,1,25,3830.0,1.0,1,BETH,1,BETH,2,2025-02-05 09:18:35,,8,6
1860494612290487,1287128541290487,2024,39,2,73,1771.0,4.0,1,BETH,1,BETH,1,2025-05-21 06:05:49,,8,7
1860494613290487,1287128541290487,2024,39,2,73,1771.0,1.0,1,ROMU,1,ROMU,10,2025-05-21 06:05:49,,8,7
1860494614290487,1287128541290487,2024,39,2,73,1771.0,3.0,1,ROMU,1,ROMU,1,2025-05-21 06:05:49,,8,7
1860494615290487,1287128541290487,2024,39,2,73,1771.0,4.0,1,ROMU,1,ROMU,10,2025-05-21 06:05:49,,8,7
1860497902290487,1287128309290487,2024,39,1,145,2326.0,1.0,1,AIAL,1,AIAL,1,2025-05-21 06:06:02,,8,7
1860497903290487,1287128309290487,2024,39,1,145,2326.0,2.0,1,AIAL,1,AIAL,5,2025-05-21 06:06:02,,8,7
1860497904290487,1287128309290487,2024,39,1,145,2326.0,4.0,1,AIAL,1,AIAL,2,2025-05-21 06:06:02,,8,7
1860497905290487,1287128309290487,2024,39,1,145,2326.0,1.0,1,MIVI,1,MIVI,1,2025-05-21 06:06:02,,8,7
1860497906290487,1287128309290487,2024,39,1,145,2326.0,2.0,1,MIVI,1,MIVI,5,2025-05-21 06:06:02,,8,7
1860497907290487,1287128309290487,2024,39,1,145,2326.0,3.0,1,MIVI,1,MIVI,1,2025-05-21 06:06:02,,8,7
1860497908290487,1287128309290487,2024,39,1,145,2326.0,4.0,1,MIVI,1,MIVI,8,2025-05-21 06:06:02,,8,7
1860497909290487,1287128309290487,2024,39,1,145,2326.0,1.0,1,ROMU,1,ROMU,2,2025-05-21 06:06:02,,8,7
1860497910290487,1287128309290487,2024,39,1,145,2326.0,2.0,1,ROMU,1,ROMU,2,2025-05-21 06:06:02,,8,7
1860497911290487,1287128309290487,2024,39,1,145,2326.0,3.0,1,ROMU,1,ROMU,2,2025-05-21 06:06:02,,8,7
1860497912290487,1287128309290487,2024,39,1,145,2326.0,4.0,1,ROMU,1,ROMU,2,2025-05-21 06:06:02,,8,7
1860498067290487,1287128339290487,2024,39,4,35,4820.0,1.0,1,ROMU,1,ROMU,1,2025-05-21 06:06:02,,8,7
1860498068290487,1287128339290487,2024,39,4,35,4820.0,2.0,1,ROMU,1,ROMU,1,2025-05-21 06:06:02,,8,7
1860498069290487,1287128339290487,2024,39,4,35,4820.0,4.0,1,ROMU,1,ROMU,1,2025-05-21 06:06:02,,8,7
1860498370290487,1287127987290487,2024,39,3,111,3556.0,3.0,1,AIAL,1,AIAL,1,2025-05-21 06:06:04,,8,7
1860498371290487,1287127987290487,2024,39,3,111,3556.0,4.0,1,AIAL,1,AIAL,1,2025-05-21 06:06:04,,8,7
756264163290487,511207322126144,2019,39,3,111,537.0,4.0,1,LOJA,1,LOJA,5,2020-06-23 13:44:23,,8,2
756264164290487,511207322126144,2019,39,3,111,537.0,1.0,1,MIVI,1,MIVI,3,2020-06-23 13:44:23,,8,2
756264165290487,511207322126144,2019,39,3,111,537.0,2.0,1,MIVI,1,MIVI,15,2020-06-23 13:44:23,,8,2
756264166290487,511207322126144,2019,39,3,111,537.0,2.0,3,MIVI,1,MIVI,3,2020-06-23 13:44:23,,8,2
756264167290487,511207322126144,2019,39,3,111,537.0,3.0,1,MIVI,1,MIVI,2,2020-06-23 13:44:23,,8,2
756264168290487,511207322126144,2019,39,3,111,537.0,4.0,1,MIVI,1,MIVI,2,2020-06-23 13:44:23,,8,2
756264169290487,511207322126144,2019,39,3,111,537.0,1.0,1,ROMU,1,ROMU,20,2020-06-23 13:44:23,,8,2
756264170290487,511207322126144,2019,39,3,111,537.0,2.0,1,ROMU,1,ROMU,10,2020-06-23 13:44:23,,8,2
756264171290487,511207322126144,2019,39,3,111,537.0,2.0,3,ROMU,1,ROMU,2,2020-06-23 13:44:23,,8,2
756264172290487,511207322126144,2019,39,3,111,537.0,3.0,1,ROMU,1,ROMU,45,2020-06-23 13:44:23,,8,2
756264173290487,511207322126144,2019,39,3,111,537.0,4.0,1,ROMU,1,ROMU,75,2020-06-23 13:44:23,,8,2
756269038290487,511207313126144,2019,39,3,67,5335.0,1.0,1,ROMU,1,ROMU,1,2020-06-23 13:44:42,,8,2
756269039290487,511207313126144,2019,39,3,67,5335.0,2.0,1,ROMU,1,ROMU,10,2020-06-23 13:44:42,,8,2
756269040290487,511207313126144,2019,39,3,67,5335.0,3.0,1,ROMU,1,ROMU,35,2020-06-23 13:44:42,,8,2
756269041290487,511207313126144,2019,39,3,67,5335.0,4.0,2,ROMU,1,ROMU,70,2020-06-23 13:44:42,,8,2
756266881290487,511207338126144,2019,39,4,155,5061.0,1.0,1,BETH,1,BETH,1,2020-06-23 13:44:34,,8,2
657554221126144,463049127489998,2018,39,4,133,64.0,3.0,1,BETH,1,BETH,1,2019-04-26 14:18:50,,8,1
657554222126144,463049127489998,2018,39,4,133,64.0,4.0,1,BETH,1,BETH,1,2019-04-26 14:18:50,,8,1
657554223126144,463049127489998,2018,39,4,133,64.0,2.0,1,FRAL4,1,FRAL4,1,2019-04-26 14:18:50,,8,1
657554224126144,463049127489998,2018,39,4,133,64.0,3.0,1,LOMO2,1,LOMO2,1,2019-04-26 14:18:50,,8,1
657554225126144,463049127489998,2018,39,4,133,64.0,2.0,1,ROMU,1,ROMU,1,2019-04-26 14:18:50,,8,1
657554226126144,463049127489998,2018,39,4,133,64.0,3.0,1,ROMU,1,ROMU,4,2019-04-26 14:18:50,,8,1
657554419126144,463049170489998,2018,39,3,19,378.0,3.0,2,BETH,1,BETH,3,2019-04-26 14:18:52,,8,1
657554420126144,463049170489998,2018,39,3,19,378.0,4.0,2,CIAR4,1,CIAR4,2,2019-04-26 14:18:52,,8,1
657554421126144,463049170489998,2018,39,3,19,378.0,3.0,2,ELUM,1,ELUM,40,2019-04-26 14:18:52,,8,1
657554422126144,463049170489998,2018,39,3,19,378.0,4.0,2,ELUM,1,ELUM,5,2019-04-26 14:18:52,,8,1
657554423126144,463049170489998,2018,39,3,19,378.0,3.0,2,LOMO2,1,LOMO2,35,2019-04-26 14:18:52,,8,1
657554424126144,463049170489998,2018,39,3,19,378.0,4.0,2,LOMO2,1,LOMO2,35,2019-04-26 14:18:52,,8,1
657554425126144,463049170489998,2018,39,3,19,378.0,3.0,2,ROMU,1,ROMU,25,2019-04-26 14:18:52,,8,1
657554518126144,463049176489998,2018,39,4,29,209.0,4.0,2,AIAL,1,AIAL,40,2019-04-26 14:18:53,,8,1
657554519126144,463049176489998,2018,39,4,29,209.0,4.0,2,ELUM,1,ELUM,10,2019-04-26 14:18:53,,8,1
657554520126144,463049176489998,2018,39,4,29,209.0,4.0,2,LONIC,1,LONIC,20,2019-04-26 14:18:53,,8,1
657554521126144,463049176489998,2018,39,4,29,209.0,4.0,2,ROMU,1,ROMU,4,2019-04-26 14:18:53,,8,1
657554522126144,463049176489998,2018,39,4,29,209.0,4.0,2,ROPS,1,ROPS,10,2019-04-26 14:18:53,,8,1
657554649126144,463048743489998,2018,39,4,35,575.0,1.0,1,FRAL4,1,FRAL4,1,2019-04-26 14:18:54,,8,1
657555809126144,463049099489998,2018,39,1,53,778.0,1.0,1,LOJA,1,LOJA,5,2019-04-26 14:18:58,,8,1
657555810126144,463049099489998,2018,39,1,53,778.0,2.0,1,LOJA,1,LOJA,43,2019-04-26 14:18:58,,8,1
657555811126144,463049099489998,2018,39,1,53,778.0,3.0,1,LOJA,1,LOJA,50,2019-04-26 14:18:58,,8,1
657555812126144,463049099489998,2018,39,1,53,778.0,4.0,1,LOJA,1,LOJA,40,2019-04-26 14:18:58,,8,1
657555813126144,463049099489998,2018,39,1,53,778.0,2.0,1,ROMU,1,ROMU,1,2019-04-26 14:18:58,,8,1
657555814126144,463049099489998,2018,39,1,53,778.0,3.0,1,ROMU,1,ROMU,1,2019-04-26 14:18:58,,8,1
657555815126144,463049099489998,2018,39,1,53,778.0,4.0,1,ROMU,1,ROMU,10,2019-04-26 14:18:58,,8,1
657555985126144,463049111489998,2018,39,2,73,197.0,1.0,1,MIVI,1,MIVI,2,2019-04-26 14:18:58,,8,1
657555986126144,463049111489998,2018,39,2,73,197.0,1.0,1,ROMU,1,ROMU,1,2019-04-26 14:18:58,,8,1
657555987126144,463049111489998,2018,39,2,73,197.0,3.0,1,ROMU,1,ROMU,1,2019-04-26 14:18:58,,8,1
657555988126144,463049111489998,2018,39,2,73,197.0,4.0,1,ROMU,1,ROMU,1,2019-04-26 14:18:58,,8,1
222859815010661,109828057010661,2008,39,2,127,1664.0,2.0,1,ROPS,1,ROPS,4,2010-03-01 11:15:02,2012-02-28 07:12:33,6,2
222859543010661,109828431010661,2008,39,1,1,3841.0,1.0,1,ROMU,1,ROMU,1,2010-03-01 11:15:01,2012-02-28 07:14:52,6,2
222859539010661,109828431010661,2008,39,1,1,3841.0,2.0,1,ELUM,1,ELUM,1,2010-03-01 11:15:01,2012-02-28 07:12:07,6,2
222859540010661,109828431010661,2008,39,1,1,3841.0,3.0,1,ELUM,1,ELUM,1,2010-03-01 11:15:01,2012-02-28 07:12:07,6,2
222859541010661,109828431010661,2008,39,1,1,3841.0,3.0,1,FRAL4,1,FRAL4,1,2010-03-01 11:15:01,2012-02-28 07:11:41,6,2
222859542010661,109828431010661,2008,39,1,1,3841.0,3.0,1,LOJA,1,LOJA,1,2010-03-01 11:15:01,2012-02-28 07:12:33,6,2
222859544010661,109828431010661,2008,39,1,1,3841.0,3.0,1,ROMU,1,ROMU,2,2010-03-01 11:15:01,2012-02-28 07:14:52,6,2
222859545010661,109828431010661,2008,39,1,1,3841.0,4.0,1,ROMU,1,ROMU,1,2010-03-01 11:15:01,2012-02-28 07:14:52,6,2
222859757010661,109827841010661,2008,39,2,105,2981.0,1.0,1,LIVU,1,LIVU,1,2010-03-01 11:15:02,2012-02-29 11:15:33,6,2
222859758010661,109827841010661,2008,39,2,105,2981.0,1.0,1,LOJA,1,LOJA,6,2010-03-01 11:15:02,2012-02-28 07:06:09,6,2
222859761010661,109827841010661,2008,39,2,105,2981.0,1.0,1,LOMA6,1,LOMA6,1,2010-03-01 11:15:02,2012-02-29 11:15:31,6,2
222859764010661,109827841010661,2008,39,2,105,2981.0,1.0,1,ROMU,1,ROMU,2,2010-03-01 11:15:02,2012-02-28 07:06:36,6,2
222859762010661,109827841010661,2008,39,2,105,2981.0,2.0,1,LOMA6,1,LOMA6,1,2010-03-01 11:15:02,2012-02-28 07:07:06,6,2
222859765010661,109827841010661,2008,39,2,105,2981.0,2.0,1,ROMU,1,ROMU,20,2010-03-01 11:15:02,2012-02-28 07:06:36,6,2
222859759010661,109827841010661,2008,39,2,105,2981.0,3.0,1,LOJA,1,LOJA,1,2010-03-01 11:15:02,2012-02-29 11:15:31,6,2
222859763010661,109827841010661,2008,39,2,105,2981.0,3.0,1,LOMA6,1,LOMA6,1,2010-03-01 11:15:02,2012-02-29 11:15:31,6,2
222859766010661,109827841010661,2008,39,2,105,2981.0,3.0,1,ROMU,1,ROMU,8,2010-03-01 11:15:02,2012-02-28 07:06:36,6,2
222859760010661,109827841010661,2008,39,2,105,2981.0,4.0,1,LOJA,1,LOJA,1,2010-03-01 11:15:02,2012-02-29 11:15:31,6,2
222859767010661,109827841010661,2008,39,2,105,2981.0,4.0,1,ROMU,1,ROMU,1,2010-03-01 11:15:02,2012-02-29 11:15:31,6,2
222859830010661,109828417010661,2008,39,1,131,2188.0,1.0,1,AIAL,1,AIAL,45,2010-03-01 11:15:02,2012-02-28 07:06:23,6,2
222859831010661,109828417010661,2008,39,1,131,2188.0,2.0,1,AIAL,1,AIAL,1,2010-03-01 11:15:02,2012-02-28 07:05:56,6,2
222859547010661,109829001010661,2008,39,6,3,4469.0,3.0,1,ALPE4,1,ALPE4,3,2010-03-01 11:15:01,2012-02-28 07:14:17,6,2
222860092010661,76389470010538,2007,39,4,29,606.0,3.0,1,RHCA3,1,RHCA3,2,2010-03-01 11:15:11,2012-02-28 07:07:26,6,1
222860095010661,76389470010538,2007,39,4,29,606.0,3.0,1,ROMU,1,ROMU,8,2010-03-01 11:15:11,2012-02-28 07:05:59,6,1
222860085010661,76389470010538,2007,39,4,29,606.0,4.0,1,ALPE4,1,ALPE4,2,2010-03-01 11:15:11,2012-02-28 07:06:26,6,1
222860091010661,76389470010538,2007,39,4,29,606.0,4.0,1,LOTA,1,LOTA,5,2010-03-01 11:15:11,2012-02-28 07:06:13,6,1
222860096010661,76389470010538,2007,39,4,29,606.0,4.0,1,ROMU,1,ROMU,1,2010-03-01 11:15:11,2012-02-29 11:15:29,6,1
222860098010661,76389470010538,2007,39,4,29,606.0,4.0,1,ROPS,1,ROPS,17,2010-03-01 11:15:11,2012-02-28 07:07:26,6,1
222860185010661,76389268010538,2007,39,3,67,363.0,1.0,1,ROMU,1,ROMU,4,2010-03-01 11:15:12,2012-02-28 07:07:10,6,1
222860186010661,76389268010538,2007,39,3,67,363.0,2.0,1,ROMU,1,ROMU,3,2010-03-01 11:15:12,2012-02-28 07:06:55,6,1
222860184010661,76389268010538,2007,39,3,67,363.0,3.0,1,ALPE4,1,ALPE4,1,2010-03-01 11:15:12,2012-02-29 11:15:29,6,1
222860187010661,76389268010538,2007,39,3,67,363.0,3.0,1,ROMU,1,ROMU,1,2010-03-01 11:15:12,2012-02-28 07:05:59,6,1
222860188010661,76389268010538,2007,39,3,67,363.0,4.0,1,ROMU,1,ROMU,3,2010-03-01 11:15:12,2012-02-28 07:05:45,6,1
222860193010661,76389074010538,2007,39,2,73,197.0,1.0,1,ROMU,1,ROMU,1,2010-03-01 11:15:12,2012-02-28 07:06:41,6,1
222860194010661,76389074010538,2007,39,2,73,197.0,3.0,1,ROMU,1,ROMU,1,2010-03-01 11:15:12,2012-02-29 11:15:33,6,1
222860195010661,76389074010538,2007,39,2,73,197.0,4.0,1,ROMU,1,ROMU,1,2010-03-01 11:15:12,2012-02-29 11:15:29,6,1
222860033010661,76389182010538,2007,39,3,13,679.0,3.0,2,BETH,1,BETH,1,2010-03-01 11:15:11,2012-02-28 07:11:31,6,1
222860034010661,76389182010538,2007,39,3,13,679.0,3.0,2,CEOR7,1,CEOR7,1,2010-03-01 11:15:11,2012-02-28 07:12:19,6,1
222860035010661,76389182010538,2007,39,3,13,679.0,3.0,2,CIAR4,1,CIAR4,1,2010-03-01 11:15:11,2012-02-28 07:14:38,6,1
222860036010661,76389182010538,2007,39,3,13,679.0,3.0,2,ROMU,1,ROMU,15,2010-03-01 11:15:11,2012-02-28 07:12:19,6,1
222860037010661,76389182010538,2007,39,3,13,679.0,3.0,2,ROPS,1,ROPS,13,2010-03-01 11:15:11,2012-02-28 07:13:14,6,1
222860196010661,76389288010538,2007,39,3,75,10.0,1.0,1,ROMU,1,ROMU,2,2010-03-01 11:15:12,2012-02-28 07:12:49,6,1
222860197010661,76389288010538,2007,39,3,75,10.0,2.0,1,ROMU,1,ROMU,4,2010-03-01 11:15:12,2012-02-28 07:12:49,6,1
222860198010661,76389288010538,2007,39,3,75,10.0,3.0,1,ROMU,1,ROMU,1,2010-03-01 11:15:12,2012-02-28 07:12:49,6,1
222860199010661,76389288010538,2007,39,3,75,10.0,4.0,1,ROMU,1,ROMU,2,2010-03-01 11:15:12,2012-02-28 07:12:49,6,1
222860134010661,76388870010538,2007,39,1,53,778.0,1.0,1,LOJA,1,LOJA,1,2010-03-01 11:15:12,2012-02-28 07:05:59,6,1
222860138010661,76388870010538,2007,39,1,53,778.0,1.0,1,ROMU,1,ROMU,1,2010-03-01 11:15:12,2012-02-29 11:15:33,6,1
222860135010661,76388870010538,2007,39,1,53,778.0,2.0,1,LOJA,1,LOJA,2,2010-03-01 11:15:12,2012-02-28 07:06:25,6,1
222860139010661,76388870010538,2007,39,1,53,778.0,2.0,1,ROMU,1,ROMU,1,2010-03-01 11:15:12,2012-02-29 11:15:30,6,1
222860136010661,76388870010538,2007,39,1,53,778.0,3.0,1,LOJA,1,LOJA,2,2010-03-01 11:15:12,2012-02-28 07:06:55,6,1
222860140010661,76388870010538,2007,39,1,53,778.0,3.0,1,ROMU,1,ROMU,1,2010-03-01 11:15:12,2012-02-29 11:15:33,6,1
222860137010661,76388870010538,2007,39,1,53,778.0,4.0,1,LOJA,1,LOJA,4,2010-03-01 11:15:12,2012-02-28 07:06:12,6,1
222860141010661,76388870010538,2007,39,1,53,778.0,4.0,1,ROMU,1,ROMU,3,2010-03-01 11:15:12,2012-02-28 07:06:55,6,1
222860154010661,76389248010538,2007,39,3,59,36.0,1.0,1,ALPE4,1,ALPE4,3,2010-03-01 11:15:12,2012-02-28 07:14:42,6,1
222860158010661,76389248010538,2007,39,3,59,36.0,1.0,1,ROMU,1,ROMU,2,2010-03-01 11:15:12,2012-02-28 07:12:23,6,1
222860155010661,76389248010538,2007,39,3,59,36.0,2.0,1,ALPE4,1,ALPE4,3,2010-03-01 11:15:12,2012-02-28 07:14:42,6,1
222860159010661,76389248010538,2007,39,3,59,36.0,2.0,1,ROMU,1,ROMU,2,2010-03-01 11:15:12,2012-02-28 07:12:23,6,1
222860156010661,76389248010538,2007,39,3,59,36.0,3.0,1,ALPE4,1,ALPE4,1,2010-03-01 11:15:12,2012-02-28 07:14:42,6,1
222860160010661,76389248010538,2007,39,3,59,36.0,3.0,1,ROMU,1,ROMU,1,2010-03-01 11:15:12,2012-02-28 07:12:23,6,1
222860090010661,76389470010538,2007,39,4,29,606.0,3.0,1,LOTA,1,LOTA,1,2010-03-01 11:15:11,2012-02-28 07:07:11,6,1
222860157010661,76389248010538,2007,39,3,59,36.0,4.0,1,ALPE4,1,ALPE4,3,2010-03-01 11:15:12,2012-02-28 07:14:42,6,1
222859976010661,109829303010661,2008,39,2,167,2110.0,2.0,1,ROMU,1,ROMU,3,2010-03-01 11:15:02,2012-02-28 07:05:56,6,2
222859977010661,109829303010661,2008,39,2,167,2110.0,3.0,1,ROMU,1,ROMU,1,2010-03-01 11:15:02,2012-02-28 07:05:43,6,2
222859975010661,109829303010661,2008,39,2,167,2110.0,4.0,1,LOJA,1,LOJA,3,2010-03-01 11:15:02,2012-02-28 07:05:43,6,2
222859978010661,109829303010661,2008,39,2,167,2110.0,4.0,1,ROMU,1,ROMU,1,2010-03-01 11:15:02,2012-02-28 07:06:52,6,2
222859640010661,109829047010661,2008,39,6,39,3977.0,1.0,1,ELUM,1,ELUM,4,2010-03-01 11:15:01,2012-02-28 07:13:52,6,2
222859642010661,109829047010661,2008,39,6,39,3977.0,1.0,1,LIVU,1,LIVU,1,2010-03-01 11:15:01,2012-02-28 07:11:40,6,2
222859644010661,109829047010661,2008,39,6,39,3977.0,2.0,1,ROMU,1,ROMU,2,2010-03-01 11:15:01,2012-02-28 07:13:52,6,2
222859641010661,109829047010661,2008,39,6,39,3977.0,3.0,1,ELUM,1,ELUM,3,2010-03-01 11:15:01,2012-02-28 07:13:52,6,2
222859643010661,109829047010661,2008,39,6,39,3977.0,4.0,1,LOBE,1,LOBE,1,2010-03-01 11:15:01,2012-02-28 07:11:40,6,2
222859799010661,109829117010661,2008,39,3,119,2089.0,1.0,1,BETH,1,BETH,2,2010-03-01 11:15:02,2012-02-28 07:12:57,6,2
222859801010661,109829117010661,2008,39,3,119,2089.0,1.0,1,LIVU,1,LIVU,2,2010-03-01 11:15:02,2012-02-28 07:11:40,6,2
222859805010661,109829117010661,2008,39,3,119,2089.0,1.0,1,LOJA,1,LOJA,4,2010-03-01 11:15:02,2012-02-28 07:13:52,6,2
222859807010661,109829117010661,2008,39,3,119,2089.0,1.0,1,ROMU,1,ROMU,7,2010-03-01 11:15:02,2012-02-28 07:13:26,6,2
222859811010661,109829117010661,2008,39,3,119,2089.0,1.0,1,ROPS,1,ROPS,1,2010-03-01 11:15:02,2012-02-28 07:13:26,6,2
222859802010661,109829117010661,2008,39,3,119,2089.0,2.0,1,LIVU,1,LIVU,1,2010-03-01 11:15:02,2012-02-28 07:11:40,6,2
222859806010661,109829117010661,2008,39,3,119,2089.0,2.0,1,LONIC,1,LONIC,1,2010-03-01 11:15:02,2012-02-28 07:13:26,6,2
222859808010661,109829117010661,2008,39,3,119,2089.0,2.0,1,ROMU,1,ROMU,5,2010-03-01 11:15:02,2012-02-28 07:13:26,6,2
222859803010661,109829117010661,2008,39,3,119,2089.0,3.0,1,LIVU,1,LIVU,1,2010-03-01 11:15:02,2012-02-28 07:11:40,6,2
222859809010661,109829117010661,2008,39,3,119,2089.0,3.0,1,ROMU,1,ROMU,2,2010-03-01 11:15:02,2012-02-28 07:13:26,6,2
222859800010661,109829117010661,2008,39,3,119,2089.0,4.0,1,BETH,1,BETH,1,2010-03-01 11:15:02,2012-02-28 07:12:57,6,2
222859699010661,109828149010661,2008,39,3,75,4239.0,2.0,2,ALPE4,1,ALPE4,30,2010-03-01 11:15:02,2012-02-28 07:14:48,6,2
222859701010661,109828149010661,2008,39,3,75,4239.0,2.0,2,ROMU,1,ROMU,5,2010-03-01 11:15:02,2012-02-28 07:13:50,6,2
222859700010661,109828149010661,2008,39,3,75,4239.0,3.0,2,ALPE4,1,ALPE4,5,2010-03-01 11:15:02,2012-02-28 07:14:48,6,2
222859702010661,109828149010661,2008,39,3,75,4239.0,3.0,2,ROMU,1,ROMU,24,2010-03-01 11:15:02,2012-02-28 07:13:50,6,2
222859854010661,109828221010661,2008,39,1,145,3208.0,1.0,1,CEOR7,1,CEOR7,1,2010-03-01 11:15:02,2012-02-28 07:11:39,6,2
222859859010661,109828221010661,2008,39,1,145,3208.0,1.0,1,LOJA,1,LOJA,1,2010-03-01 11:15:02,2012-02-28 07:11:39,6,2
222859860010661,109828221010661,2008,39,1,145,3208.0,1.0,1,ROMU,1,ROMU,1,2010-03-01 11:15:02,2012-02-28 07:13:50,6,2
222859855010661,109828221010661,2008,39,1,145,3208.0,2.0,2,CEOR7,1,CEOR7,1,2010-03-01 11:15:02,2012-02-28 07:11:39,6,2
222859861010661,109828221010661,2008,39,1,145,3208.0,2.0,2,ROPS,1,ROPS,1,2010-03-01 11:15:02,2012-02-28 07:13:50,6,2
222859856010661,109828221010661,2008,39,1,145,3208.0,3.0,1,CEOR7,1,CEOR7,1,2010-03-01 11:15:02,2012-02-28 07:11:39,6,2
222859858010661,109828221010661,2008,39,1,145,3208.0,3.0,1,LIVU,1,LIVU,1,2010-03-01 11:15:02,2012-02-28 07:14:48,6,2
657556582126144,463049030489998,2018,39,2,9,598.0,1.0,1,ELUM,1,ELUM,15,2019-04-26 14:19:00,,8,1
657556583126144,463049030489998,2018,39,2,9,598.0,2.0,1,ELUM,1,ELUM,20,2019-04-26 14:19:00,,8,1
657556584126144,463049030489998,2018,39,2,9,598.0,3.0,1,ELUM,1,ELUM,20,2019-04-26 14:19:00,,8,1
657556585126144,463049030489998,2018,39,2,9,598.0,4.0,1,ELUM,1,ELUM,55,2019-04-26 14:19:00,,8,1
657556586126144,463049030489998,2018,39,2,9,598.0,1.0,1,LOJA,1,LOJA,3,2019-04-26 14:19:00,,8,1
657556587126144,463049030489998,2018,39,2,9,598.0,2.0,1,LOJA,1,LOJA,1,2019-04-26 14:19:00,,8,1
657556588126144,463049030489998,2018,39,2,9,598.0,3.0,1,LOJA,1,LOJA,10,2019-04-26 14:19:00,,8,1
657556589126144,463049030489998,2018,39,2,9,598.0,4.0,1,LOJA,1,LOJA,70,2019-04-26 14:19:00,,8,1
657556590126144,463049030489998,2018,39,2,9,598.0,1.0,1,LOMA6,1,LOMA6,5,2019-04-26 14:19:00,,8,1
657556591126144,463049030489998,2018,39,2,9,598.0,2.0,1,LOMA6,1,LOMA6,1,2019-04-26 14:19:00,,8,1
657556592126144,463049030489998,2018,39,2,9,598.0,2.0,1,LONIC,1,LONIC,10,2019-04-26 14:19:00,,8,1
657556593126144,463049030489998,2018,39,2,9,598.0,4.0,1,LONIC,1,LONIC,1,2019-04-26 14:19:00,,8,1
657556594126144,463049030489998,2018,39,2,9,598.0,1.0,1,ROMU,1,ROMU,5,2019-04-26 14:19:00,,8,1
657556595126144,463049030489998,2018,39,2,9,598.0,2.0,1,ROMU,1,ROMU,30,2019-04-26 14:19:00,,8,1
657556596126144,463049030489998,2018,39,2,9,598.0,3.0,1,ROMU,1,ROMU,10,2019-04-26 14:19:00,,8,1
657556597126144,463049030489998,2018,39,2,9,598.0,4.0,1,ROMU,1,ROMU,10,2019-04-26 14:19:00,,8,1
657556779126144,463049061489998,2018,39,4,29,606.0,1.0,1,ALPE4,1,ALPE4,2,2019-04-26 14:19:00,,8,1
657556780126144,463049061489998,2018,39,4,29,606.0,2.0,2,ALPE4,1,ALPE4,13,2019-04-26 14:19:00,,8,1
657556781126144,463049061489998,2018,39,4,29,606.0,3.0,1,ALPE4,1,ALPE4,2,2019-04-26 14:19:00,,8,1
657556782126144,463049061489998,2018,39,4,29,606.0,4.0,1,ALPE4,1,ALPE4,1,2019-04-26 14:19:00,,8,1
657556783126144,463049061489998,2018,39,4,29,606.0,1.0,1,ELUM,1,ELUM,7,2019-04-26 14:19:00,,8,1
657556784126144,463049061489998,2018,39,4,29,606.0,2.0,2,ELUM,1,ELUM,5,2019-04-26 14:19:00,,8,1
657556785126144,463049061489998,2018,39,4,29,606.0,3.0,1,ELUM,1,ELUM,5,2019-04-26 14:19:00,,8,1
657556786126144,463049061489998,2018,39,4,29,606.0,3.0,1,LOMO2,1,LOMO2,2,2019-04-26 14:19:00,,8,1
657556787126144,463049061489998,2018,39,4,29,606.0,4.0,1,LOMO2,1,LOMO2,2,2019-04-26 14:19:00,,8,1
657556788126144,463049061489998,2018,39,4,29,606.0,1.0,1,ROMU,1,ROMU,42,2019-04-26 14:19:00,,8,1
657556789126144,463049061489998,2018,39,4,29,606.0,2.0,2,ROMU,1,ROMU,70,2019-04-26 14:19:00,,8,1
657556790126144,463049061489998,2018,39,4,29,606.0,3.0,1,ROMU,1,ROMU,75,2019-04-26 14:19:00,,8,1
657556791126144,463049061489998,2018,39,4,29,606.0,4.0,1,ROMU,1,ROMU,20,2019-04-26 14:19:00,,8,1
657556792126144,463049061489998,2018,39,4,29,606.0,1.0,1,ROPS,1,ROPS,30,2019-04-26 14:19:00,,8,1
657556793126144,463049061489998,2018,39,4,29,606.0,4.0,1,ROPS,1,ROPS,25,2019-04-26 14:19:00,,8,1
657556944126144,463049114489998,2018,39,1,141,691.0,1.0,1,AIAL,1,AIAL,1,2019-04-26 14:19:01,,8,1
657556945126144,463049114489998,2018,39,1,141,691.0,2.0,1,AIAL,1,AIAL,2,2019-04-26 14:19:01,,8,1
657556946126144,463049114489998,2018,39,1,141,691.0,4.0,1,AIAL,1,AIAL,1,2019-04-26 14:19:01,,8,1
657556947126144,463049114489998,2018,39,1,141,691.0,2.0,1,MIVI,1,MIVI,3,2019-04-26 14:19:01,,8,1
657556948126144,463049114489998,2018,39,1,141,691.0,1.0,1,ROPS,1,ROPS,1,2019-04-26 14:19:01,,8,1
657557115126144,463049144489998,2018,39,2,105,556.0,2.0,1,LOJA,1,LOJA,30,2019-04-26 14:19:01,,8,1
657557116126144,463049144489998,2018,39,2,105,556.0,3.0,1,LOJA,1,LOJA,2,2019-04-26 14:19:01,,8,1
657557117126144,463049144489998,2018,39,2,105,556.0,4.0,1,LOJA,1,LOJA,5,2019-04-26 14:19:01,,8,1
657557118126144,463049144489998,2018,39,2,105,556.0,2.0,1,MIVI,1,MIVI,20,2019-04-26 14:19:01,,8,1
657557119126144,463049144489998,2018,39,2,105,556.0,3.0,1,MIVI,1,MIVI,10,2019-04-26 14:19:01,,8,1
657557120126144,463049144489998,2018,39,2,105,556.0,4.0,1,MIVI,1,MIVI,5,2019-04-26 14:19:01,,8,1
657557121126144,463049144489998,2018,39,2,105,556.0,1.0,1,ROMU,1,ROMU,1,2019-04-26 14:19:01,,8,1
657557122126144,463049144489998,2018,39,2,105,556.0,2.0,1,ROMU,1,ROMU,5,2019-04-26 14:19:01,,8,1
657557123126144,463049144489998,2018,39,2,105,556.0,3.0,1,ROMU,1,ROMU,5,2019-04-26 14:19:01,,8,1
657557124126144,463049144489998,2018,39,2,105,556.0,4.0,1,ROMU,1,ROMU,10,2019-04-26 14:19:01,,8,1
657558056126144,463049180489998,2018,39,4,155,542.0,2.0,2,FRAL4,1,FRAL4,1,2019-04-26 14:19:04,,8,1
657558057126144,463049180489998,2018,39,4,155,542.0,2.0,2,LIVU,1,LIVU,1,2019-04-26 14:19:04,,8,1
657558058126144,463049180489998,2018,39,4,155,542.0,2.0,2,LOMO2,1,LOMO2,2,2019-04-26 14:19:04,,8,1
657558465126144,463048905489998,2018,39,5,61,506.0,2.0,1,ALPE4,1,ALPE4,2,2019-04-26 14:19:05,,8,1
657558466126144,463048905489998,2018,39,5,61,506.0,3.0,1,ALPE4,1,ALPE4,10,2019-04-26 14:19:05,,8,1
657558467126144,463048905489998,2018,39,5,61,506.0,4.0,1,ALPE4,1,ALPE4,1,2019-04-26 14:19:05,,8,1
657558468126144,463048905489998,2018,39,5,61,506.0,1.0,1,LOMA6,1,LOMA6,10,2019-04-26 14:19:05,,8,1
657558469126144,463048905489998,2018,39,5,61,506.0,2.0,1,LOMA6,1,LOMA6,15,2019-04-26 14:19:05,,8,1
657558470126144,463048905489998,2018,39,5,61,506.0,3.0,1,LOMA6,1,LOMA6,25,2019-04-26 14:19:05,,8,1
657558471126144,463048905489998,2018,39,5,61,506.0,4.0,1,LOMA6,1,LOMA6,10,2019-04-26 14:19:05,,8,1
657558472126144,463048905489998,2018,39,5,61,506.0,1.0,1,MIVI,1,MIVI,2,2019-04-26 14:19:05,,8,1
657558473126144,463048905489998,2018,39,5,61,506.0,2.0,1,MIVI,1,MIVI,1,2019-04-26 14:19:05,,8,1
657558474126144,463048905489998,2018,39,5,61,506.0,3.0,1,MIVI,1,MIVI,1,2019-04-26 14:19:05,,8,1
657558475126144,463048905489998,2018,39,5,61,506.0,4.0,1,MIVI,1,MIVI,3,2019-04-26 14:19:05,,8,1
756263779290487,511207480126144,2019,39,1,79,2106.0,3.0,1,LIVU,1,LIVU,1,2020-06-23 13:44:21,,8,2
756263780290487,511207480126144,2019,39,1,79,2106.0,1.0,1,LOJA,1,LOJA,20,2020-06-23 13:44:21,,8,2
756263781290487,511207480126144,2019,39,1,79,2106.0,2.0,1,LOJA,1,LOJA,15,2020-06-23 13:44:21,,8,2
756263782290487,511207480126144,2019,39,1,79,2106.0,3.0,1,LOJA,1,LOJA,2,2020-06-23 13:44:21,,8,2
756263783290487,511207480126144,2019,39,1,79,2106.0,4.0,1,LOJA,1,LOJA,45,2020-06-23 13:44:21,,8,2
756263784290487,511207480126144,2019,39,1,79,2106.0,2.0,1,MIVI,1,MIVI,2,2020-06-23 13:44:21,,8,2
756263785290487,511207480126144,2019,39,1,79,2106.0,4.0,1,MIVI,1,MIVI,1,2020-06-23 13:44:21,,8,2
756263786290487,511207480126144,2019,39,1,79,2106.0,1.0,1,ROMU,1,ROMU,10,2020-06-23 13:44:21,,8,2
756263787290487,511207480126144,2019,39,1,79,2106.0,2.0,1,ROMU,1,ROMU,45,2020-06-23 13:44:21,,8,2
756263788290487,511207480126144,2019,39,1,79,2106.0,3.0,1,ROMU,1,ROMU,8,2020-06-23 13:44:21,,8,2
756263789290487,511207480126144,2019,39,1,79,2106.0,4.0,1,ROMU,1,ROMU,40,2020-06-23 13:44:21,,8,2
756263790290487,511207480126144,2019,39,1,79,2106.0,2.0,1,ROPS,1,ROPS,15,2020-06-23 13:44:21,,8,2
756263776290487,511207480126144,2019,39,1,79,2106.0,4.0,1,BETH,1,BETH,1,2020-06-23 13:44:21,,8,2
756263777290487,511207480126144,2019,39,1,79,2106.0,1.0,1,LIVU,1,LIVU,5,2020-06-23 13:44:21,,8,2
756263778290487,511207480126144,2019,39,1,79,2106.0,2.0,1,LIVU,1,LIVU,8,2020-06-23 13:44:21,,8,2
756264152290487,511207322126144,2019,39,3,111,537.0,1.0,1,BETH,1,BETH,1,2020-06-23 13:44:23,,8,2
756264153290487,511207322126144,2019,39,3,111,537.0,1.0,1,CEOR7,1,CEOR7,5,2020-06-23 13:44:23,,8,2
756264154290487,511207322126144,2019,39,3,111,537.0,1.0,1,ELUM,1,ELUM,6,2020-06-23 13:44:23,,8,2
756264155290487,511207322126144,2019,39,3,111,537.0,2.0,1,ELUM,1,ELUM,5,2020-06-23 13:44:23,,8,2
756264156290487,511207322126144,2019,39,3,111,537.0,2.0,3,ELUM,1,ELUM,4,2020-06-23 13:44:23,,8,2
756264157290487,511207322126144,2019,39,3,111,537.0,3.0,1,ELUM,1,ELUM,6,2020-06-23 13:44:23,,8,2
756264158290487,511207322126144,2019,39,3,111,537.0,4.0,1,ELUM,1,ELUM,3,2020-06-23 13:44:23,,8,2
756264159290487,511207322126144,2019,39,3,111,537.0,1.0,1,LOJA,1,LOJA,7,2020-06-23 13:44:23,,8,2
756264160290487,511207322126144,2019,39,3,111,537.0,2.0,1,LOJA,1,LOJA,3,2020-06-23 13:44:23,,8,2
756264161290487,511207322126144,2019,39,3,111,537.0,2.0,3,LOJA,1,LOJA,1,2020-06-23 13:44:23,,8,2
756264162290487,511207322126144,2019,39,3,111,537.0,3.0,1,LOJA,1,LOJA,60,2020-06-23 13:44:23,,8,2
1860498373290487,1287127987290487,2024,39,3,111,3556.0,4.0,1,BEVU,1,BEVU,1,2025-05-21 06:06:04,,8,7
1860498374290487,1287127987290487,2024,39,3,111,3556.0,1.0,1,CEOR7,1,CEOR7,1,2025-05-21 06:06:04,,8,7
1860498375290487,1287127987290487,2024,39,3,111,3556.0,3.0,1,CEOR7,1,CEOR7,1,2025-05-21 06:06:04,,8,7
1860498376290487,1287127987290487,2024,39,3,111,3556.0,3.0,1,MIVI,1,MIVI,3,2025-05-21 06:06:04,,8,7
1860498377290487,1287127987290487,2024,39,3,111,3556.0,4.0,1,MIVI,1,MIVI,4,2025-05-21 06:06:04,,8,7
1860498378290487,1287127987290487,2024,39,3,111,3556.0,1.0,1,ROMU,1,ROMU,3,2025-05-21 06:06:04,,8,7
1860498372290487,1287127987290487,2024,39,3,111,3556.0,1.0,1,BEVU,1,BEVU,1,2025-05-21 06:06:04,,8,7
1860498379290487,1287127987290487,2024,39,3,111,3556.0,2.0,1,ROMU,1,ROMU,8,2025-05-21 06:06:04,,8,7
1860498380290487,1287127987290487,2024,39,3,111,3556.0,3.0,1,ROMU,1,ROMU,20,2025-05-21 06:06:04,,8,7
1860498381290487,1287127987290487,2024,39,3,111,3556.0,4.0,1,ROMU,1,ROMU,10,2025-05-21 06:06:04,,8,7
1860498936290487,1287128356290487,2024,39,3,121,5629.0,1.0,1,ELUM,1,ELUM,7,2025-05-21 06:06:05,,8,7
1860498937290487,1287128356290487,2024,39,3,121,5629.0,2.0,1,ELUM,1,ELUM,2,2025-05-21 06:06:05,,8,7
1860498938290487,1287128356290487,2024,39,3,121,5629.0,3.0,1,ELUM,1,ELUM,25,2025-05-21 06:06:05,,8,7
1860498939290487,1287128356290487,2024,39,3,121,5629.0,1.0,1,LOJA,1,LOJA,5,2025-05-21 06:06:05,,8,7
1860498940290487,1287128356290487,2024,39,3,121,5629.0,2.0,1,LOJA,1,LOJA,1,2025-05-21 06:06:05,,8,7
1860498941290487,1287128356290487,2024,39,3,121,5629.0,3.0,1,LOJA,1,LOJA,4,2025-05-21 06:06:05,,8,7
1860498942290487,1287128356290487,2024,39,3,121,5629.0,1.0,1,MIVI,1,MIVI,2,2025-05-21 06:06:05,,8,7
1860498943290487,1287128356290487,2024,39,3,121,5629.0,1.0,1,ROMU,1,ROMU,4,2025-05-21 06:06:05,,8,7
1860498944290487,1287128356290487,2024,39,3,121,5629.0,2.0,1,ROMU,1,ROMU,2,2025-05-21 06:06:05,,8,7
1860498945290487,1287128356290487,2024,39,3,121,5629.0,3.0,1,ROMU,1,ROMU,3,2025-05-21 06:06:05,,8,7
1860499093290487,1287128378290487,2024,39,1,79,1052.0,1.0,1,LOJA,1,LOJA,25,2025-05-21 06:06:06,,8,7
1860499094290487,1287128378290487,2024,39,1,79,1052.0,3.0,1,LOJA,1,LOJA,1,2025-05-21 06:06:06,,8,7
1860499095290487,1287128378290487,2024,39,1,79,1052.0,4.0,1,LOJA,1,LOJA,1,2025-05-21 06:06:06,,8,7
1860499096290487,1287128378290487,2024,39,1,79,1052.0,4.0,1,MIVI,1,MIVI,1,2025-05-21 06:06:06,,8,7
1860499097290487,1287128378290487,2024,39,1,79,1052.0,1.0,1,ROMU,1,ROMU,3,2025-05-21 06:06:06,,8,7
1860499098290487,1287128378290487,2024,39,1,79,1052.0,3.0,1,ROMU,1,ROMU,2,2025-05-21 06:06:06,,8,7
1860499099290487,1287128378290487,2024,39,1,79,1052.0,4.0,1,ROMU,1,ROMU,1,2025-05-21 06:06:06,,8,7
1860498689290487,1287128284290487,2024,39,3,75,2969.0,2.0,1,ALPE4,1,ALPE4,1,2025-05-21 06:06:05,,8,7
1860498690290487,1287128284290487,2024,39,3,75,2969.0,4.0,1,ALPE4,1,ALPE4,1,2025-05-21 06:06:05,,8,7
1860498691290487,1287128284290487,2024,39,3,75,2969.0,1.0,1,ELUM,1,ELUM,12,2025-05-21 06:06:05,,8,7
1860498692290487,1287128284290487,2024,39,3,75,2969.0,2.0,1,LYNU,1,LYNU,3,2025-05-21 06:06:05,,8,7
1860498693290487,1287128284290487,2024,39,3,75,2969.0,1.0,1,MIVI,1,MIVI,1,2025-05-21 06:06:05,,8,7
1860498694290487,1287128284290487,2024,39,3,75,2969.0,2.0,1,MIVI,1,MIVI,1,2025-05-21 06:06:05,,8,7
1860498695290487,1287128284290487,2024,39,3,75,2969.0,1.0,1,ROMU,1,ROMU,20,2025-05-21 06:06:05,,8,7
1860498696290487,1287128284290487,2024,39,3,75,2969.0,2.0,1,ROMU,1,ROMU,30,2025-05-21 06:06:05,,8,7
1860498697290487,1287128284290487,2024,39,3,75,2969.0,3.0,1,ROMU,1,ROMU,10,2025-05-21 06:06:05,,8,7
1860498698290487,1287128284290487,2024,39,3,75,2969.0,4.0,1,ROMU,1,ROMU,15,2025-05-21 06:06:05,,8,7
1860498846290487,1287128290290487,2024,39,3,31,4127.0,4.0,2,BETH,1,BETH,2,2025-05-21 06:06:05,,8,7
1860498847290487,1287128290290487,2024,39,3,31,4127.0,4.0,2,LYNU,1,LYNU,1,2025-05-21 06:06:05,,8,7
1860498848290487,1287128290290487,2024,39,3,31,4127.0,4.0,2,MIVI,1,MIVI,87,2025-05-21 06:06:05,,8,7
1860498849290487,1287128290290487,2024,39,3,31,4127.0,4.0,2,ROMU,1,ROMU,10,2025-05-21 06:06:05,,8,7
1860499262290487,1287128504290487,2024,39,2,163,1723.0,2.0,1,ELUM,1,ELUM,1,2025-05-21 06:06:06,,8,7
1860499263290487,1287128504290487,2024,39,2,163,1723.0,4.0,1,ELUM,1,ELUM,1,2025-05-21 06:06:06,,8,7
1860499264290487,1287128504290487,2024,39,2,163,1723.0,1.0,1,LOJA,1,LOJA,3,2025-05-21 06:06:06,,8,7
1860499265290487,1287128504290487,2024,39,2,163,1723.0,2.0,1,LOJA,1,LOJA,2,2025-05-21 06:06:06,,8,7
1860499266290487,1287128504290487,2024,39,2,163,1723.0,3.0,1,LOJA,1,LOJA,4,2025-05-21 06:06:06,,8,7
1860499267290487,1287128504290487,2024,39,2,163,1723.0,1.0,1,ROMU,1,ROMU,1,2025-05-21 06:06:06,,8,7
1860499268290487,1287128504290487,2024,39,2,163,1723.0,2.0,1,ROMU,1,ROMU,1,2025-05-21 06:06:06,,8,7
1860499269290487,1287128504290487,2024,39,2,163,1723.0,3.0,1,ROMU,1,ROMU,2,2025-05-21 06:06:06,,8,7
1860499270290487,1287128504290487,2024,39,2,163,1723.0,4.0,1,ROMU,1,ROMU,2,2025-05-21 06:06:06,,8,7
1860495102290487,1287128322290487,2024,39,3,13,3686.0,4.0,2,ALPE4,1,ALPE4,1,2025-05-21 06:05:51,,8,7
1860495103290487,1287128322290487,2024,39,3,13,3686.0,4.0,2,LONIC,1,LONIC,3,2025-05-21 06:05:51,,8,7
1860495104290487,1287128322290487,2024,39,3,13,3686.0,4.0,2,ROMU,1,ROMU,7,2025-05-21 06:05:51,,8,7
1860495105290487,1287128322290487,2024,39,3,13,3686.0,4.0,2,ROPS,1,ROPS,10,2025-05-21 06:05:51,,8,7
1860497174290487,1287128224290487,2024,39,6,91,2885.0,1.0,1,ALPE4,1,ALPE4,1,2025-05-21 06:06:00,,8,7
1860497175290487,1287128224290487,2024,39,6,91,2885.0,3.0,1,ALPE4,1,ALPE4,1,2025-05-21 06:06:00,,8,7
1860497176290487,1287128224290487,2024,39,6,91,2885.0,1.0,1,CEOR7,1,CEOR7,1,2025-05-21 06:06:00,,8,7
1860497177290487,1287128224290487,2024,39,6,91,2885.0,2.0,1,CIAR4,1,CIAR4,1,2025-05-21 06:06:00,,8,7
1860497178290487,1287128224290487,2024,39,6,91,2885.0,1.0,1,LONIC,1,LONIC,30,2025-05-21 06:06:00,,8,7
1860497179290487,1287128224290487,2024,39,6,91,2885.0,3.0,1,LONIC,1,LONIC,20,2025-05-21 06:06:00,,8,7
1860497180290487,1287128224290487,2024,39,6,91,2885.0,1.0,1,LYNU,1,LYNU,80,2025-05-21 06:06:00,,8,7
1860497181290487,1287128224290487,2024,39,6,91,2885.0,2.0,1,LYNU,1,LYNU,1,2025-05-21 06:06:00,,8,7
222859548010661,109829001010661,2008,39,6,3,4469.0,4.0,1,ALPE4,1,ALPE4,1,2010-03-01 11:15:01,2012-02-28 07:14:17,6,2
222859550010661,109829001010661,2008,39,6,3,4469.0,4.0,1,LIVU,1,LIVU,3,2010-03-01 11:15:01,2012-02-28 07:12:53,6,2
222859622010661,109827667010661,2008,39,4,29,4291.0,2.0,1,ROMU,1,ROMU,10,2010-03-01 11:15:01,2012-02-28 07:13:25,6,2
222859592010661,109827695010661,2008,39,3,13,4905.0,4.0,1,LOBE,1,LOBE,60,2010-03-01 11:15:01,2012-02-28 07:12:56,6,2
222859596010661,109827695010661,2008,39,3,13,4905.0,4.0,1,ROMU,1,ROMU,15,2010-03-01 11:15:01,2012-02-28 07:12:04,6,2
222859585010661,109827695010661,2008,39,3,13,4905.0,1.0,1,ELUM,1,ELUM,60,2010-03-01 11:15:01,2012-02-28 07:13:25,6,2
222859589010661,109827695010661,2008,39,3,13,4905.0,1.0,1,LOBE,1,LOBE,35,2010-03-01 11:15:01,2012-02-28 07:12:56,6,2
222859593010661,109827695010661,2008,39,3,13,4905.0,1.0,1,ROMU,1,ROMU,10,2010-03-01 11:15:01,2012-02-28 07:12:04,6,2
222859586010661,109827695010661,2008,39,3,13,4905.0,2.0,1,ELUM,1,ELUM,35,2010-03-01 11:15:01,2012-02-28 07:13:25,6,2
222859590010661,109827695010661,2008,39,3,13,4905.0,2.0,1,LOBE,1,LOBE,55,2010-03-01 11:15:01,2012-02-28 07:12:56,6,2
222859594010661,109827695010661,2008,39,3,13,4905.0,2.0,1,ROMU,1,ROMU,20,2010-03-01 11:15:01,2012-02-28 07:12:04,6,2
222859587010661,109827695010661,2008,39,3,13,4905.0,3.0,2,ELUM,1,ELUM,90,2010-03-01 11:15:01,2012-02-28 07:13:25,6,2
222859591010661,109827695010661,2008,39,3,13,4905.0,3.0,2,LOBE,1,LOBE,25,2010-03-01 11:15:01,2012-02-28 07:12:56,6,2
222859595010661,109827695010661,2008,39,3,13,4905.0,3.0,2,ROMU,1,ROMU,10,2010-03-01 11:15:01,2012-02-28 07:12:04,6,2
222859588010661,109827695010661,2008,39,3,13,4905.0,4.0,1,ELUM,1,ELUM,20,2010-03-01 11:15:01,2012-02-28 07:13:25,6,2
222859732010661,109828097010661,2008,39,1,87,5020.0,1.0,1,ROMU,1,ROMU,6,2010-03-01 11:15:02,2012-02-28 07:12:59,6,2
222859733010661,109828097010661,2008,39,1,87,5020.0,2.0,1,ROMU,1,ROMU,2,2010-03-01 11:15:02,2012-02-28 07:12:59,6,2
222859734010661,109828097010661,2008,39,1,87,5020.0,3.0,1,ROMU,1,ROMU,4,2010-03-01 11:15:02,2012-02-28 07:12:59,6,2
222859885010661,109828017010661,2008,39,4,153,3576.0,1.0,1,ALPE4,1,ALPE4,1,2010-03-01 11:15:02,2012-02-28 07:02:40,6,2
222859888010661,109828017010661,2008,39,4,153,3576.0,1.0,1,CIAR4,1,CIAR4,1,2010-03-01 11:15:02,2012-02-28 07:07:06,6,2
222859891010661,109828017010661,2008,39,4,153,3576.0,1.0,1,ELUM,1,ELUM,3,2010-03-01 11:15:02,2012-02-28 07:06:22,6,2
222859892010661,109828017010661,2008,39,4,153,3576.0,1.0,1,LYNU,1,LYNU,30,2010-03-01 11:15:02,2012-02-28 07:02:47,6,2
222859896010661,109828017010661,2008,39,4,153,3576.0,1.0,1,ROMU,1,ROMU,6,2010-03-01 11:15:02,2012-02-28 07:06:10,6,2
222859886010661,109828017010661,2008,39,4,153,3576.0,2.0,1,ALPE4,1,ALPE4,15,2010-03-01 11:15:02,2012-02-28 07:02:33,6,2
222859889010661,109828017010661,2008,39,4,153,3576.0,2.0,1,CIAR4,1,CIAR4,16,2010-03-01 11:15:02,2012-02-28 07:06:22,6,2
222859893010661,109828017010661,2008,39,4,153,3576.0,2.0,1,LYNU,1,LYNU,10,2010-03-01 11:15:02,2012-02-28 07:02:27,6,2
222859897010661,109828017010661,2008,39,4,153,3576.0,2.0,1,ROMU,1,ROMU,25,2010-03-01 11:15:02,2012-02-28 07:06:10,6,2
222859887010661,109828017010661,2008,39,4,153,3576.0,3.0,2,ALPE4,1,ALPE4,2,2010-03-01 11:15:02,2012-02-28 07:02:27,6,2
222859894010661,109828017010661,2008,39,4,153,3576.0,3.0,2,LYNU,1,LYNU,3,2010-03-01 11:15:02,2012-02-28 07:02:40,6,2
222859898010661,109828017010661,2008,39,4,153,3576.0,3.0,2,ROMU,1,ROMU,1,2010-03-01 11:15:02,2012-02-29 11:15:31,6,2
222859890010661,109828017010661,2008,39,4,153,3576.0,4.0,1,CIAR4,1,CIAR4,2,2010-03-01 11:15:02,2012-02-28 07:05:42,6,2
222859895010661,109828017010661,2008,39,4,153,3576.0,4.0,1,LYNU,1,LYNU,3,2010-03-01 11:15:02,2012-02-28 07:02:33,6,2
222859899010661,109828017010661,2008,39,4,153,3576.0,4.0,1,ROMU,1,ROMU,5,2010-03-01 11:15:02,2012-02-28 07:06:09,6,2
222859868010661,109828093010661,2008,39,1,145,2227.0,1.0,1,LOJA,1,LOJA,1,2010-03-01 11:15:02,2012-02-28 07:06:22,6,2
222859871010661,109828093010661,2008,39,1,145,2227.0,1.0,1,ROMU,1,ROMU,3,2010-03-01 11:15:02,2012-02-28 07:05:56,6,2
222859874010661,109828093010661,2008,39,1,145,2227.0,1.0,1,ROPS,1,ROPS,2,2010-03-01 11:15:02,2012-02-28 07:06:10,6,2
222859862010661,109828093010661,2008,39,1,145,2227.0,2.0,2,ALPE4,1,ALPE4,1,2010-03-01 11:15:02,2012-02-29 11:15:32,6,2
222859865010661,109828093010661,2008,39,1,145,2227.0,2.0,2,BETH,1,BETH,1,2010-03-01 11:15:02,2012-02-28 07:06:52,6,2
222859866010661,109828093010661,2008,39,1,145,2227.0,2.0,2,LIVU,1,LIVU,20,2010-03-01 11:15:02,2012-02-28 07:07:06,6,2
222859869010661,109828093010661,2008,39,1,145,2227.0,2.0,2,LOJA,1,LOJA,65,2010-03-01 11:15:02,2012-02-28 07:07:22,6,2
222859872010661,109828093010661,2008,39,1,145,2227.0,2.0,2,ROMU,1,ROMU,8,2010-03-01 11:15:02,2012-02-28 07:06:10,6,2
222859875010661,109828093010661,2008,39,1,145,2227.0,2.0,2,ROPS,1,ROPS,55,2010-03-01 11:15:02,2012-02-28 07:06:36,6,2
222859863010661,109828093010661,2008,39,1,145,2227.0,3.0,1,ALPE4,1,ALPE4,1,2010-03-01 11:15:02,2012-02-29 11:15:30,6,2
222859867010661,109828093010661,2008,39,1,145,2227.0,3.0,1,LIVU,1,LIVU,6,2010-03-01 11:15:02,2012-02-28 07:05:56,6,2
222859870010661,109828093010661,2008,39,1,145,2227.0,3.0,1,LOJA,1,LOJA,1,2010-03-01 11:15:02,2012-02-29 11:15:33,6,2
222859873010661,109828093010661,2008,39,1,145,2227.0,3.0,1,ROMU,1,ROMU,4,2010-03-01 11:15:02,2012-02-28 07:06:22,6,2
222859876010661,109828093010661,2008,39,1,145,2227.0,3.0,1,ROPS,1,ROPS,10,2010-03-01 11:15:02,2012-02-28 07:06:51,6,2
222859864010661,109828093010661,2008,39,1,145,2227.0,4.0,1,ALPE4,1,ALPE4,1,2010-03-01 11:15:02,2012-02-29 11:15:31,6,2
222859561010661,109827731010661,2008,39,4,7,1412.0,2.0,2,LOBE,1,LOBE,10,2010-03-01 11:15:01,2012-02-28 07:14:21,6,2
222859877010661,109827781010661,2008,39,4,151,5422.0,2.0,1,ALPE4,1,ALPE4,1,2010-03-01 11:15:02,2012-02-28 07:11:41,6,2
222859878010661,109827781010661,2008,39,4,151,5422.0,2.0,1,BETH,1,BETH,1,2010-03-01 11:15:02,2012-02-28 07:12:07,6,2
222859879010661,109827781010661,2008,39,4,151,5422.0,2.0,1,ROMU,1,ROMU,30,2010-03-01 11:15:02,2012-02-28 07:13:27,6,2
222859880010661,109827781010661,2008,39,4,151,5422.0,4.0,1,ROMU,1,ROMU,1,2010-03-01 11:15:02,2012-02-28 07:13:27,6,2
222859688010661,109828767010661,2008,39,6,63,1029.0,4.0,1,ROMU,1,ROMU,1,2010-03-01 11:15:01,2012-02-28 07:13:27,6,2
222859687010661,109828767010661,2008,39,6,63,1029.0,1.0,1,ROMU,1,ROMU,2,2010-03-01 11:15:01,2012-02-28 07:13:27,6,2
222859857010661,109828221010661,2008,39,1,145,3208.0,4.0,1,CEOR7,1,CEOR7,20,2010-03-01 11:15:02,2012-02-28 07:11:39,6,2
222859634010661,109829223010661,2008,39,4,35,5793.0,1.0,2,LIVU,1,LIVU,3,2010-03-01 11:15:01,2012-02-28 07:07:07,6,2
222859636010661,109829223010661,2008,39,4,35,5793.0,1.0,2,MIVI,1,MIVI,3,2010-03-01 11:15:01,2012-02-28 07:02:40,6,2
222859638010661,109829223010661,2008,39,4,35,5793.0,1.0,2,ROMU,1,ROMU,3,2010-03-01 11:15:01,2012-02-28 07:05:56,6,2
222859635010661,109829223010661,2008,39,4,35,5793.0,2.0,2,LIVU,1,LIVU,1,2010-03-01 11:15:01,2012-02-28 07:07:22,6,2
222859637010661,109829223010661,2008,39,4,35,5793.0,2.0,2,MIVI,1,MIVI,3,2010-03-01 11:15:01,2012-02-28 07:02:46,6,2
222859639010661,109829223010661,2008,39,4,35,5793.0,2.0,2,ROMU,1,ROMU,1,2010-03-01 11:15:01,2012-02-28 07:07:06,6,2
222859838010661,109828299010661,2008,39,1,141,5316.0,1.0,1,CIVU,1,CIVU,3,2010-03-01 11:15:02,2012-02-28 07:02:32,6,2
222859842010661,109828299010661,2008,39,1,141,5316.0,1.0,1,LIVU,1,LIVU,1,2010-03-01 11:15:02,2012-02-28 07:06:36,6,2
222859844010661,109828299010661,2008,39,1,141,5316.0,1.0,1,LOJA,1,LOJA,5,2010-03-01 11:15:02,2012-02-28 07:06:52,6,2
222859848010661,109828299010661,2008,39,1,141,5316.0,1.0,1,ROMU,1,ROMU,1,2010-03-01 11:15:02,2012-02-29 11:15:31,6,2
222859835010661,109828299010661,2008,39,1,141,5316.0,2.0,1,CIAR4,1,CIAR4,3,2010-03-01 11:15:02,2012-02-28 07:03:04,6,2
222859839010661,109828299010661,2008,39,1,141,5316.0,2.0,1,CIVU,1,CIVU,1,2010-03-01 11:15:02,2012-02-28 07:03:11,6,2
222859843010661,109828299010661,2008,39,1,141,5316.0,2.0,1,LIVU,1,LIVU,5,2010-03-01 11:15:02,2012-02-28 07:06:36,6,2
222859845010661,109828299010661,2008,39,1,141,5316.0,2.0,1,LOJA,1,LOJA,68,2010-03-01 11:15:02,2012-02-28 07:05:56,6,2
222859849010661,109828299010661,2008,39,1,141,5316.0,2.0,1,ROMU,1,ROMU,60,2010-03-01 11:15:02,2012-02-28 07:06:22,6,2
222859852010661,109828299010661,2008,39,1,141,5316.0,2.0,1,ROPS,1,ROPS,38,2010-03-01 11:15:02,2012-02-28 07:06:23,6,2
222859836010661,109828299010661,2008,39,1,141,5316.0,3.0,1,CIAR4,1,CIAR4,85,2010-03-01 11:15:02,2012-02-28 07:02:46,6,2
222859840010661,109828299010661,2008,39,1,141,5316.0,3.0,1,CIVU,1,CIVU,1,2010-03-01 11:15:02,2012-02-28 07:02:26,6,2
222859846010661,109828299010661,2008,39,1,141,5316.0,3.0,1,LOJA,1,LOJA,1,2010-03-01 11:15:02,2012-02-29 11:15:33,6,2
222859850010661,109828299010661,2008,39,1,141,5316.0,3.0,1,ROMU,1,ROMU,1,2010-03-01 11:15:02,2012-02-28 07:06:22,6,2
222859853010661,109828299010661,2008,39,1,141,5316.0,3.0,1,ROPS,1,ROPS,45,2010-03-01 11:15:02,2012-02-28 07:06:22,6,2
222859837010661,109828299010661,2008,39,1,141,5316.0,4.0,1,CIAR4,1,CIAR4,1,2010-03-01 11:15:02,2012-02-29 11:15:31,6,2
222859841010661,109828299010661,2008,39,1,141,5316.0,4.0,1,CIVU,1,CIVU,1,2010-03-01 11:15:02,2012-02-28 07:03:04,6,2
222859847010661,109828299010661,2008,39,1,141,5316.0,4.0,1,LOJA,1,LOJA,1,2010-03-01 11:15:02,2012-02-29 11:15:33,6,2
222859851010661,109828299010661,2008,39,1,141,5316.0,4.0,1,ROMU,1,ROMU,5,2010-03-01 11:15:02,2012-02-28 07:07:06,6,2
222859942010661,109829295010661,2008,39,2,167,5331.0,3.0,1,ROMU,1,ROMU,1,2010-03-01 11:15:02,2012-02-28 07:14:49,6,2
222859940010661,109829295010661,2008,39,2,167,5331.0,2.0,1,LOJA,1,LOJA,3,2010-03-01 11:15:02,2012-02-28 07:12:58,6,2
222859941010661,109829295010661,2008,39,2,167,5331.0,3.0,1,LOJA,1,LOJA,1,2010-03-01 11:15:02,2012-02-28 07:12:58,6,2
222859726010661,109827605010661,2008,39,3,81,4544.0,1.0,1,ROMU,1,ROMU,2,2010-03-01 11:15:02,2012-02-28 07:12:05,6,2
222859722010661,109827605010661,2008,39,3,81,4544.0,2.0,1,AIAL,1,AIAL,2,2010-03-01 11:15:02,2012-02-28 07:13:25,6,2
222859723010661,109827605010661,2008,39,3,81,4544.0,2.0,1,BETH,1,BETH,1,2010-03-01 11:15:02,2012-02-28 07:14:49,6,2
222859724010661,109827605010661,2008,39,3,81,4544.0,3.0,1,BETH,1,BETH,1,2010-03-01 11:15:02,2012-02-28 07:14:49,6,2
222859727010661,109827605010661,2008,39,3,81,4544.0,3.0,1,ROMU,1,ROMU,1,2010-03-01 11:15:02,2012-02-28 07:12:05,6,2
222859725010661,109827605010661,2008,39,3,81,4544.0,4.0,1,BETH,1,BETH,5,2010-03-01 11:15:02,2012-02-28 07:14:49,6,2
222859728010661,109827605010661,2008,39,3,81,4544.0,4.0,1,ROMU,1,ROMU,5,2010-03-01 11:15:02,2012-02-28 07:12:05,6,2
222859580010661,109827621010661,2008,39,3,13,2644.0,1.0,1,AIAL,1,AIAL,1,2010-03-01 11:15:01,2012-02-29 11:15:31,6,2
222859581010661,109827621010661,2008,39,3,13,2644.0,2.0,1,AIAL,1,AIAL,1,2010-03-01 11:15:01,2012-02-29 11:15:33,6,2
222859582010661,109827621010661,2008,39,3,13,2644.0,2.0,1,ROMU,1,ROMU,2,2010-03-01 11:15:01,2012-02-28 07:07:22,6,2
222859583010661,109827621010661,2008,39,3,13,2644.0,4.0,1,ROMU,1,ROMU,1,2010-03-01 11:15:01,2012-02-29 11:15:31,6,2
222859584010661,109827621010661,2008,39,3,13,2644.0,4.0,1,ROPS,1,ROPS,1,2010-03-01 11:15:01,2012-02-28 07:06:51,6,2
222859768010661,109827633010661,2008,39,3,111,3407.0,1.0,1,LIVU,1,LIVU,4,2010-03-01 11:15:02,2012-02-28 07:12:56,6,2
222859770010661,109827633010661,2008,39,3,111,3407.0,1.0,1,ROMU,1,ROMU,6,2010-03-01 11:15:02,2012-02-28 07:07:22,6,2
222859773010661,109827633010661,2008,39,3,111,3407.0,1.0,1,ROPS,1,ROPS,1,2010-03-01 11:15:02,2012-02-29 11:15:31,6,2
222859771010661,109827633010661,2008,39,3,111,3407.0,2.0,3,ROMU,1,ROMU,1,2010-03-01 11:15:02,2012-02-28 07:06:51,6,2
222859774010661,109827633010661,2008,39,3,111,3407.0,2.0,3,ROPS,1,ROPS,30,2010-03-01 11:15:02,2012-02-28 07:24:40,6,2
222859772010661,109827633010661,2008,39,3,111,3407.0,3.0,1,ROMU,1,ROMU,2,2010-03-01 11:15:02,2012-02-28 07:06:22,6,2
222859775010661,109827633010661,2008,39,3,111,3407.0,3.0,1,ROPS,1,ROPS,18,2010-03-01 11:15:02,2012-02-28 07:05:55,6,2
222859769010661,109827633010661,2008,39,3,111,3407.0,4.0,1,LIVU,1,LIVU,8,2010-03-01 11:15:02,2012-02-28 07:02:39,6,2
222859686010661,109828859010661,2008,39,5,61,1416.0,4.0,3,ALPE4,1,ALPE4,5,2010-03-01 11:15:01,2012-02-28 07:14:19,6,2
222859906010661,109827649010661,2008,39,4,155,4964.0,1.0,1,LOJA,1,LOJA,90,2010-03-01 11:15:02,2012-02-28 07:14:49,6,2
222859907010661,109827649010661,2008,39,4,155,4964.0,1.0,1,RHCA3,1,RHCA3,15,2010-03-01 11:15:02,2012-02-28 07:11:39,6,2
222859908010661,109827649010661,2008,39,4,155,4964.0,1.0,1,ROMU,1,ROMU,5,2010-03-01 11:15:02,2012-02-28 07:13:52,6,2
222859900010661,109827649010661,2008,39,4,155,4964.0,2.0,1,ALPE4,1,ALPE4,2,2010-03-01 11:15:02,2012-02-28 07:13:25,6,2
222859903010661,109827649010661,2008,39,4,155,4964.0,2.0,1,LOBE,1,LOBE,35,2010-03-01 11:15:02,2012-02-28 07:12:57,6,2
222859901010661,109827649010661,2008,39,4,155,4964.0,3.0,1,ALPE4,1,ALPE4,5,2010-03-01 11:15:02,2012-02-28 07:13:25,6,2
222859904010661,109827649010661,2008,39,4,155,4964.0,3.0,1,LOBE,1,LOBE,30,2010-03-01 11:15:02,2012-02-28 07:12:57,6,2
222859909010661,109827649010661,2008,39,4,155,4964.0,3.0,1,ROMU,1,ROMU,10,2010-03-01 11:15:02,2012-02-28 07:13:52,6,2
222859902010661,109827649010661,2008,39,4,155,4964.0,4.0,1,ALPE4,1,ALPE4,2,2010-03-01 11:15:02,2012-02-28 07:13:25,6,2
222859905010661,109827649010661,2008,39,4,155,4964.0,4.0,1,LOBE,1,LOBE,55,2010-03-01 11:15:02,2012-02-28 07:12:57,6,2
222859974010661,109829303010661,2008,39,2,167,2110.0,2.0,1,LOJA,1,LOJA,2,2010-03-01 11:15:02,2012-02-28 07:06:37,6,2
152864532020004,144953809010661,2009,39,1,145,4951.0,3.0,1,MIVI,1,MIVI,1,2012-12-07 10:11:47,,6,3
152864533020004,144953809010661,2009,39,1,145,4951.0,2.0,1,MIVI,1,MIVI,1,2012-12-07 10:11:47,,6,3
152864534020004,144953809010661,2009,39,1,145,4951.0,1.0,1,MIVI,1,MIVI,1,2012-12-07 10:11:47,,6,3
152864535020004,144953809010661,2009,39,1,145,4951.0,3.0,1,ROMU,1,ROMU,1,2012-12-07 10:11:47,,6,3
152864536020004,144953809010661,2009,39,1,145,4951.0,2.0,1,ROMU,1,ROMU,1,2012-12-07 10:11:47,,6,3
152864537020004,144953809010661,2009,39,1,145,4951.0,1.0,1,ROMU,1,ROMU,1,2012-12-07 10:11:47,,6,3
225918252010661,144954335010661,2009,39,5,57,1424.0,1.0,1,ALPE4,1,ALPE4,3,2010-06-07 06:12:14,2012-02-28 07:13:22,6,3
225918255010661,144954335010661,2009,39,5,57,1424.0,1.0,1,LOMA6,1,LOMA6,50,2010-06-07 06:12:14,2012-02-28 07:11:38,6,3
225918259010661,144954335010661,2009,39,5,57,1424.0,1.0,1,ROMU,1,ROMU,8,2010-06-07 06:12:14,2012-02-28 07:12:03,6,3
225918253010661,144954335010661,2009,39,5,57,1424.0,2.0,1,ALPE4,1,ALPE4,3,2010-06-07 06:12:14,2012-02-28 07:13:22,6,3
225918256010661,144954335010661,2009,39,5,57,1424.0,2.0,1,LOMA6,1,LOMA6,35,2010-06-07 06:12:14,2012-02-28 07:11:38,6,3
225918258010661,144954335010661,2009,39,5,57,1424.0,2.0,1,LYNU,1,LYNU,1,2010-06-07 06:12:14,2012-02-28 07:13:23,6,3
225918260010661,144954335010661,2009,39,5,57,1424.0,2.0,1,ROMU,1,ROMU,4,2010-06-07 06:12:14,2012-02-28 07:12:03,6,3
225918887010661,144954633010661,2009,39,6,51,2139.0,4.0,1,LOMA6,1,LOMA6,77,2010-06-07 06:12:20,2012-02-28 07:12:26,6,3
225918892010661,144954633010661,2009,39,6,51,2139.0,4.0,1,ROMU,1,ROMU,1,2010-06-07 06:12:20,2012-02-28 07:13:49,6,3
225918894010661,144954633010661,2009,39,6,51,2139.0,4.0,1,VIOP,1,VIOP,20,2010-06-07 06:12:20,2012-02-28 07:13:49,6,3
225919050010661,144953787010661,2009,39,2,73,1410.0,2.0,1,LOJA,1,LOJA,1,2010-06-07 06:12:23,2012-02-28 07:12:54,6,3
225919052010661,144953787010661,2009,39,2,73,1410.0,2.0,1,ROMU,1,ROMU,4,2010-06-07 06:12:23,2012-02-28 07:14:47,6,3
225919051010661,144953787010661,2009,39,2,73,1410.0,3.0,1,LOJA,1,LOJA,1,2010-06-07 06:12:23,2012-02-28 07:12:54,6,3
225919061010661,144953791010661,2009,39,2,163,5530.0,1.0,1,ROMU,1,ROMU,1,2010-06-07 06:12:23,2012-02-28 07:13:49,6,3
225919062010661,144953791010661,2009,39,2,163,5530.0,4.0,1,ROMU,1,ROMU,1,2010-06-07 06:12:23,2012-02-28 07:13:49,6,3
225919101010661,144953807010661,2009,39,1,145,1636.0,2.0,1,LOJA,1,LOJA,1,2010-06-07 06:12:25,2012-02-28 07:14:47,6,3
225919102010661,144953807010661,2009,39,1,145,1636.0,3.0,2,LOJA,1,LOJA,4,2010-06-07 06:12:25,2012-02-28 07:14:47,6,3
225919104010661,144953807010661,2009,39,1,145,1636.0,3.0,2,ROMU,1,ROMU,1,2010-06-07 06:12:25,2012-02-28 07:13:22,6,3
225919103010661,144953807010661,2009,39,1,145,1636.0,4.0,1,LOJA,1,LOJA,4,2010-06-07 06:12:25,2012-02-28 07:14:47,6,3
152864526020004,144953809010661,2009,39,1,145,4951.0,3.0,1,CEOR,1,CEOR7,1,2012-12-07 10:11:47,,6,3
152864527020004,144953809010661,2009,39,1,145,4951.0,1.0,1,CEOR,1,CEOR7,1,2012-12-07 10:11:47,,6,3
152864528020004,144953809010661,2009,39,1,145,4951.0,4.0,1,LOJA,1,LOJA,1,2012-12-07 10:11:47,,6,3
152864529020004,144953809010661,2009,39,1,145,4951.0,2.0,1,LOJA,1,LOJA,1,2012-12-07 10:11:47,,6,3
152864530020004,144953809010661,2009,39,1,145,4951.0,1.0,1,LOJA,1,LOJA,1,2012-12-07 10:11:47,,6,3
152864531020004,144953809010661,2009,39,1,145,4951.0,4.0,1,MIVI,1,MIVI,1,2012-12-07 10:11:47,,6,3
222860161010661,76389248010538,2007,39,3,59,36.0,4.0,1,ROMU,1,ROMU,2,2010-03-01 11:15:12,2012-02-28 07:12:23,6,1
222860283010661,76389096010538,2007,39,2,105,75.0,1.0,1,LOJA,1,LOJA,92,2010-03-01 11:15:12,2012-02-28 07:14:37,6,1
222860288010661,76389096010538,2007,39,2,105,75.0,1.0,1,ROMU,1,ROMU,4,2010-03-01 11:15:12,2012-02-28 07:13:40,6,1
222860291010661,76389096010538,2007,39,2,105,75.0,1.0,1,ROPS,1,ROPS,8,2010-03-01 11:15:12,2012-02-28 07:12:19,6,1
152864853020004,144954845010661,2009,39,2,127,3072.0,2.0,1,ROMU,1,ROMU,3,2012-12-07 10:11:49,,6,3
152864854020004,144954845010661,2009,39,2,127,3072.0,1.0,1,ROMU,1,ROMU,1,2012-12-07 10:11:49,,6,3
225917625010661,144954851010661,2009,39,4,35,5412.0,2.0,1,LOBE,1,LOBE,2,2010-06-07 06:12:04,2012-02-28 07:12:54,6,3
225917626010661,144954851010661,2009,39,4,35,5412.0,4.0,1,LOMA6,1,LOMA6,1,2010-06-07 06:12:04,2012-02-28 07:13:49,6,3
225917833010661,144954931010661,2009,39,1,53,1131.0,2.0,1,MIVI,1,MIVI,1,2010-06-07 06:12:09,2012-02-28 07:11:38,6,3
225917835010661,144954931010661,2009,39,1,53,1131.0,2.0,1,ROMU,1,ROMU,40,2010-06-07 06:12:09,2012-02-28 07:14:47,6,3
225917839010661,144954931010661,2009,39,1,53,1131.0,2.0,1,ROPS,1,ROPS,10,2010-06-07 06:12:09,2012-02-28 07:12:55,6,3
225917825010661,144954931010661,2009,39,1,53,1131.0,3.0,2,AIAL,1,AIAL,35,2010-06-07 06:12:09,2012-02-28 07:14:47,6,3
225917831010661,144954931010661,2009,39,1,53,1131.0,3.0,2,LOJA,1,LOJA,75,2010-06-07 06:12:09,2012-02-28 07:14:47,6,3
225917836010661,144954931010661,2009,39,1,53,1131.0,3.0,2,ROMU,1,ROMU,1,2010-06-07 06:12:09,2012-02-28 07:14:47,6,3
225917840010661,144954931010661,2009,39,1,53,1131.0,3.0,2,ROPS,1,ROPS,25,2010-06-07 06:12:09,2012-02-28 07:12:55,6,3
225917823010661,144954931010661,2009,39,1,53,1131.0,4.0,1,ACPL,1,ACPL,1,2010-06-07 06:12:09,2012-02-28 07:14:47,6,3
225917828010661,144954931010661,2009,39,1,53,1131.0,4.0,1,CEBI2,1,CESTM,1,2010-06-07 06:12:09,2012-02-28 07:12:54,6,3
225917832010661,144954931010661,2009,39,1,53,1131.0,4.0,1,LOJA,1,LOJA,50,2010-06-07 06:12:09,2012-02-28 07:14:47,6,3
222860071010661,76389772010538,2007,39,5,17,722.0,4.0,3,ROPS,1,ROPS,1,2010-03-01 11:15:11,2012-02-28 07:06:41,6,1
222860350010661,76389620010538,2007,39,4,133,64.0,1.0,1,ELUM,1,ELUM,1,2010-03-01 11:15:12,2012-02-29 11:15:30,6,1
222860351010661,76389620010538,2007,39,4,133,64.0,1.0,1,LIVU,1,LIVU,1,2010-03-01 11:15:12,2012-02-29 11:15:30,6,1
222860349010661,76389620010538,2007,39,4,133,64.0,2.0,1,BETH,1,BETH,3,2010-03-01 11:15:12,2012-02-28 07:06:26,6,1
222860352010661,76389620010538,2007,39,4,133,64.0,3.0,1,ROMU,1,ROMU,2,2010-03-01 11:15:12,2012-02-28 07:06:26,6,1
222860276010661,76388940010538,2007,39,1,87,571.0,2.0,1,ALPE4,1,ALPE4,1,2010-03-01 11:15:12,2012-02-28 07:14:16,6,1
222860113010661,76390178010538,2007,39,6,41,574.0,1.0,1,LOMA6,1,LOMA6,2,2010-03-01 11:15:11,2012-02-28 07:06:13,6,1
222860116010661,76390178010538,2007,39,6,41,574.0,1.0,1,ROMU,1,ROMU,10,2010-03-01 11:15:11,2012-02-28 07:06:13,6,1
222860114010661,76390178010538,2007,39,6,41,574.0,2.0,2,LOMA6,1,LOMA6,1,2010-03-01 11:15:11,2012-02-29 11:15:30,6,1
222860117010661,76390178010538,2007,39,6,41,574.0,2.0,2,ROMU,1,ROMU,1,2010-03-01 11:15:11,2012-02-28 07:05:46,6,1
222860115010661,76390178010538,2007,39,6,41,574.0,3.0,1,LOMA6,1,LOMA6,1,2010-03-01 11:15:11,2012-02-28 07:07:26,6,1
222860118010661,76390178010538,2007,39,6,41,574.0,3.0,1,ROMU,1,ROMU,1,2010-03-01 11:15:11,2012-02-29 11:15:30,6,1
222860001010661,76389444010538,2007,39,4,7,505.0,3.0,1,ROMU,1,ROMU,10,2010-03-01 11:15:11,2012-02-28 07:14:42,6,1
222860099010661,76389222010538,2007,39,3,31,628.0,1.0,1,ALPE4,1,ALPE4,6,2010-03-01 11:15:11,2012-02-28 07:12:21,6,1
222860100010661,76389222010538,2007,39,3,31,628.0,2.0,1,ALPE4,1,ALPE4,7,2010-03-01 11:15:11,2012-02-28 07:12:21,6,1
222860103010661,76389222010538,2007,39,3,31,628.0,2.0,1,ROMU,1,ROMU,1,2010-03-01 11:15:11,2012-02-28 07:12:49,6,1
222860101010661,76389222010538,2007,39,3,31,628.0,3.0,1,ALPE4,1,ALPE4,4,2010-03-01 11:15:11,2012-02-28 07:12:21,6,1
222860104010661,76389222010538,2007,39,3,31,628.0,3.0,1,ROMU,1,ROMU,1,2010-03-01 11:15:11,2012-02-28 07:12:49,6,1
222860102010661,76389222010538,2007,39,3,31,628.0,4.0,1,ALPE4,1,ALPE4,6,2010-03-01 11:15:11,2012-02-28 07:12:21,6,1
222860105010661,76389222010538,2007,39,3,31,628.0,4.0,1,ROMU,1,ROMU,1,2010-03-01 11:15:11,2012-02-28 07:12:49,6,1
222860362010661,76389020010538,2007,39,1,145,33.0,1.0,1,AIAL,1,AIAL,2,2010-03-01 11:15:12,2012-02-28 07:05:59,6,1
222860366010661,76389020010538,2007,39,1,145,33.0,1.0,1,LOJA,1,LOJA,1,2010-03-01 11:15:12,2012-02-29 11:15:29,6,1
222860363010661,76389020010538,2007,39,1,145,33.0,2.0,1,AIAL,1,AIAL,2,2010-03-01 11:15:12,2012-02-28 07:06:55,6,1
222860368010661,76389020010538,2007,39,1,145,33.0,2.0,1,ROMU,1,ROMU,15,2010-03-01 11:15:12,2012-02-28 07:06:40,6,1
222860364010661,76389020010538,2007,39,1,145,33.0,3.0,1,AIAL,1,AIAL,2,2010-03-01 11:15:12,2012-02-28 07:05:45,6,1
222860365010661,76389020010538,2007,39,1,145,33.0,4.0,1,AIAL,1,AIAL,1,2010-03-01 11:15:12,2012-02-29 11:15:30,6,1
222860367010661,76389020010538,2007,39,1,145,33.0,4.0,1,LOJA,1,LOJA,1,2010-03-01 11:15:12,2012-02-28 07:07:10,6,1
222860391010661,76390064010538,2007,39,5,165,154.0,1.0,1,AIAL,1,AIAL,1,2010-03-01 11:15:12,2012-02-28 07:14:12,6,1
222860393010661,76390064010538,2007,39,5,165,154.0,1.0,1,ALPE4,1,ALPE4,10,2010-03-01 11:15:12,2012-02-28 07:12:50,6,1
222860399010661,76390064010538,2007,39,5,165,154.0,1.0,1,LOMA6,1,LOMA6,25,2010-03-01 11:15:12,2012-02-28 07:11:33,6,1
222860394010661,76390064010538,2007,39,5,165,154.0,2.0,1,ALPE4,1,ALPE4,2,2010-03-01 11:15:12,2012-02-28 07:12:50,6,1
222860398010661,76390064010538,2007,39,5,165,154.0,2.0,1,LIVU,1,LIVU,1,2010-03-01 11:15:12,2012-02-28 07:14:41,6,1
222860400010661,76390064010538,2007,39,5,165,154.0,2.0,1,LOMA6,1,LOMA6,10,2010-03-01 11:15:12,2012-02-28 07:11:33,6,1
222860403010661,76390064010538,2007,39,5,165,154.0,2.0,1,ROMU,1,ROMU,5,2010-03-01 11:15:12,2012-02-28 07:11:33,6,1
222860392010661,76390064010538,2007,39,5,165,154.0,3.0,1,AIAL,1,AIAL,1,2010-03-01 11:15:12,2012-02-28 07:14:12,6,1
222860395010661,76390064010538,2007,39,5,165,154.0,3.0,1,ALPE4,1,ALPE4,5,2010-03-01 11:15:12,2012-02-28 07:12:50,6,1
222860397010661,76390064010538,2007,39,5,165,154.0,3.0,1,ELUM,1,ELUM,5,2010-03-01 11:15:12,2012-02-28 07:13:17,6,1
222860401010661,76390064010538,2007,39,5,165,154.0,3.0,1,LOMA6,1,LOMA6,7,2010-03-01 11:15:12,2012-02-28 07:11:33,6,1
222860404010661,76390064010538,2007,39,5,165,154.0,3.0,1,ROMU,1,ROMU,2,2010-03-01 11:15:12,2012-02-28 07:11:33,6,1
222860405010661,76390064010538,2007,39,5,165,154.0,3.0,1,ROPS,1,ROPS,15,2010-03-01 11:15:12,2012-02-28 07:13:44,6,1
222860396010661,76390064010538,2007,39,5,165,154.0,4.0,1,ALPE4,1,ALPE4,10,2010-03-01 11:15:12,2012-02-28 07:12:50,6,1
222860402010661,76390064010538,2007,39,5,165,154.0,4.0,1,LOMA6,1,LOMA6,15,2010-03-01 11:15:12,2012-02-28 07:11:33,6,1
222860072010661,76389218010538,2007,39,3,19,22.0,1.0,1,ROMU,1,ROMU,2,2010-03-01 11:15:11,2012-02-28 07:14:41,6,1
222860073010661,76389218010538,2007,39,3,19,22.0,2.0,1,ROMU,1,ROMU,2,2010-03-01 11:15:11,2012-02-28 07:14:41,6,1
222860074010661,76389218010538,2007,39,3,19,22.0,4.0,1,ROMU,1,ROMU,2,2010-03-01 11:15:11,2012-02-28 07:14:41,6,1
222860250010661,76388928010538,2007,39,1,87,322.0,1.0,1,AIAL,1,AIAL,40,2010-03-01 11:15:12,2012-02-28 07:13:18,6,1
222860254010661,76388928010538,2007,39,1,87,322.0,1.0,1,LOJA,1,LOJA,37,2010-03-01 11:15:12,2012-02-28 07:11:59,6,1
222860258010661,76388928010538,2007,39,1,87,322.0,1.0,1,ROMU,1,ROMU,22,2010-03-01 11:15:12,2012-02-28 07:14:42,6,1
222860251010661,76388928010538,2007,39,1,87,322.0,2.0,1,AIAL,1,AIAL,8,2010-03-01 11:15:12,2012-02-28 07:13:18,6,1
222860255010661,76388928010538,2007,39,1,87,322.0,2.0,1,LOJA,1,LOJA,65,2010-03-01 11:15:12,2012-02-28 07:11:59,6,1
222860259010661,76388928010538,2007,39,1,87,322.0,2.0,1,ROMU,1,ROMU,8,2010-03-01 11:15:12,2012-02-28 07:14:42,6,1
222860256010661,76388928010538,2007,39,1,87,322.0,3.0,1,LOJA,1,LOJA,1,2010-03-01 11:15:12,2012-02-28 07:11:59,6,1
222860260010661,76388928010538,2007,39,1,87,322.0,3.0,1,ROMU,1,ROMU,3,2010-03-01 11:15:12,2012-02-28 07:14:42,6,1
152865075020004,144953593010661,2009,39,4,55,1176.0,2.0,1,ROMU,1,ROMU,15,2012-12-07 10:11:50,,6,3
152865076020004,144953593010661,2009,39,4,55,1176.0,1.0,1,ROMU,1,ROMU,13,2012-12-07 10:11:50,,6,3
152865077020004,144953593010661,2009,39,4,55,1176.0,2.0,1,BETH,1,BETH,2,2012-12-07 10:11:50,,6,3
152864906020004,144953639010661,2009,39,3,31,1154.0,4.0,1,AIAL,1,AIAL,1,2012-12-07 10:11:50,,6,3
152864907020004,144953639010661,2009,39,3,31,1154.0,3.0,1,AIAL,1,AIAL,1,2012-12-07 10:11:50,,6,3
152864908020004,144953639010661,2009,39,3,31,1154.0,2.0,1,AIAL,1,AIAL,22,2012-12-07 10:11:50,,6,3
152864909020004,144953639010661,2009,39,3,31,1154.0,1.0,1,AIAL,1,AIAL,5,2012-12-07 10:11:50,,6,3
152864910020004,144953639010661,2009,39,3,31,1154.0,1.0,1,BETH,1,BETH,1,2012-12-07 10:11:50,,6,3
152864911020004,144953639010661,2009,39,3,31,1154.0,4.0,1,ROMU,1,ROMU,25,2012-12-07 10:11:50,,6,3
152864912020004,144953639010661,2009,39,3,31,1154.0,3.0,1,ROMU,1,ROMU,5,2012-12-07 10:11:50,,6,3
152864913020004,144953639010661,2009,39,3,31,1154.0,2.0,1,ROMU,1,ROMU,20,2012-12-07 10:11:50,,6,3
152864914020004,144953639010661,2009,39,3,31,1154.0,1.0,1,ROMU,1,ROMU,10,2012-12-07 10:11:50,,6,3
225923955010661,144953655010661,2009,39,3,119,3592.0,1.0,1,ROMU,1,ROMU,10,2010-06-07 06:12:53,2012-02-28 07:12:59,6,3
225923950010661,144953655010661,2009,39,3,119,3592.0,2.0,1,BETH,1,BETH,1,2010-06-07 06:12:53,2012-02-28 07:14:22,6,3
225923953010661,144953655010661,2009,39,3,119,3592.0,2.0,1,MIVI,1,MIVI,1,2010-06-07 06:12:53,2012-02-28 07:12:34,6,3
225923956010661,144953655010661,2009,39,3,119,3592.0,2.0,1,ROMU,1,ROMU,1,2010-06-07 06:12:53,2012-02-28 07:12:59,6,3
225923952010661,144953655010661,2009,39,3,119,3592.0,3.0,2,LYNU,1,LYNU,1,2010-06-07 06:12:53,2012-02-28 07:12:34,6,3
225923954010661,144953655010661,2009,39,3,119,3592.0,3.0,2,MIVI,1,MIVI,3,2010-06-07 06:12:53,2012-02-28 07:12:34,6,3
225923957010661,144953655010661,2009,39,3,119,3592.0,3.0,2,ROMU,1,ROMU,1,2010-06-07 06:12:53,2012-02-28 07:12:59,6,3
225923951010661,144953655010661,2009,39,3,119,3592.0,4.0,1,BETH,1,BETH,2,2010-06-07 06:12:53,2012-02-28 07:14:22,6,3
225923958010661,144953655010661,2009,39,3,119,3592.0,4.0,1,ROMU,1,ROMU,25,2010-06-07 06:12:53,2012-02-28 07:12:59,6,3
225924075010661,144953705010661,2009,39,1,79,3995.0,3.0,1,ROMU,1,ROMU,1,2010-06-07 06:12:56,2012-02-28 07:12:34,6,3
225924080010661,144953707010661,2009,39,1,87,2049.0,1.0,1,BETH,1,BETH,2,2010-06-07 06:12:56,2012-02-28 07:06:47,6,3
225924082010661,144953707010661,2009,39,1,87,2049.0,1.0,1,LOJA,1,LOJA,60,2010-06-07 06:12:56,2012-02-28 07:06:19,6,3
222860252010661,76388928010538,2007,39,1,87,322.0,4.0,1,AIAL,1,AIAL,30,2010-03-01 11:15:12,2012-02-28 07:13:18,6,1
222860253010661,76388928010538,2007,39,1,87,322.0,4.0,1,LIVU,1,LIVU,2,2010-03-01 11:15:12,2012-02-28 07:13:18,6,1
222860257010661,76388928010538,2007,39,1,87,322.0,4.0,1,LOJA,1,LOJA,65,2010-03-01 11:15:12,2012-02-28 07:11:59,6,1
222860261010661,76388928010538,2007,39,1,87,322.0,4.0,1,ROMU,1,ROMU,40,2010-03-01 11:15:12,2012-02-28 07:14:42,6,1
222860142010661,76388882010538,2007,39,1,53,407.0,1.0,1,ALPE4,1,ALPE4,1,2010-03-01 11:15:12,2012-02-28 07:14:11,6,1
222860148010661,76388882010538,2007,39,1,53,407.0,1.0,1,ROMU,1,ROMU,25,2010-03-01 11:15:12,2012-02-28 07:11:58,6,1
222860143010661,76388882010538,2007,39,1,53,407.0,2.0,1,ALPE4,1,ALPE4,1,2010-03-01 11:15:12,2012-02-28 07:14:11,6,1
222860146010661,76388882010538,2007,39,1,53,407.0,2.0,1,LOJA,1,LOJA,2,2010-03-01 11:15:12,2012-02-28 07:12:21,6,1
222860149010661,76388882010538,2007,39,1,53,407.0,2.0,1,ROMU,1,ROMU,10,2010-03-01 11:15:12,2012-02-28 07:11:58,6,1
222860152010661,76388882010538,2007,39,1,53,407.0,2.0,1,ROPS,1,ROPS,5,2010-03-01 11:15:12,2012-02-28 07:13:17,6,1
222860144010661,76388882010538,2007,39,1,53,407.0,3.0,1,ALPE4,1,ALPE4,3,2010-03-01 11:15:12,2012-02-28 07:14:11,6,1
222860147010661,76388882010538,2007,39,1,53,407.0,3.0,1,LOJA,1,LOJA,15,2010-03-01 11:15:12,2012-02-28 07:12:21,6,1
222860150010661,76388882010538,2007,39,1,53,407.0,3.0,1,ROMU,1,ROMU,40,2010-03-01 11:15:12,2012-02-28 07:11:58,6,1
222860153010661,76388882010538,2007,39,1,53,407.0,3.0,1,ROPS,1,ROPS,15,2010-03-01 11:15:12,2012-02-28 07:13:17,6,1
222860145010661,76388882010538,2007,39,1,53,407.0,4.0,1,ALPE4,1,ALPE4,5,2010-03-01 11:15:12,2012-02-28 07:14:11,6,1
222860151010661,76388882010538,2007,39,1,53,407.0,4.0,1,ROMU,1,ROMU,40,2010-03-01 11:15:12,2012-02-28 07:11:58,6,1
222860331010661,76389114010538,2007,39,2,115,769.0,1.0,1,ELUM,1,ELUM,4,2010-03-01 11:15:12,2012-02-28 07:13:16,6,1
222860070010661,76389772010538,2007,39,5,17,722.0,4.0,3,LYNU,1,LYNU,1,2010-03-01 11:15:11,2012-02-29 11:15:33,6,1
222859810010661,109829117010661,2008,39,3,119,2089.0,4.0,1,ROMU,1,ROMU,2,2010-03-01 11:15:02,2012-02-28 07:13:26,6,2
222859632010661,109829121010661,2008,39,3,31,993.0,1.0,1,ROPS,1,ROPS,11,2010-03-01 11:15:01,2012-02-28 07:14:20,6,2
222859646010661,109829127010661,2008,39,5,45,2614.0,1.0,1,ROMU,1,ROMU,1,2010-03-01 11:15:01,2012-02-28 07:13:26,6,2
222859647010661,109829127010661,2008,39,5,45,2614.0,2.0,1,ROMU,1,ROMU,1,2010-03-01 11:15:01,2012-02-28 07:13:26,6,2
222859645010661,109829127010661,2008,39,5,45,2614.0,3.0,1,ALPE4,1,ALPE4,1,2010-03-01 11:15:01,2012-02-28 07:12:57,6,2
222859648010661,109829127010661,2008,39,5,45,2614.0,3.0,1,ROMU,1,ROMU,1,2010-03-01 11:15:01,2012-02-28 07:13:26,6,2
222859649010661,109829127010661,2008,39,5,45,2614.0,4.0,1,ROMU,1,ROMU,5,2010-03-01 11:15:01,2012-02-28 07:13:26,6,2
222859791010661,109829209010661,2008,39,2,115,3640.0,1.0,1,ROMU,1,ROMU,25,2010-03-01 11:15:02,2012-02-28 07:07:06,6,2
222859792010661,109829209010661,2008,39,2,115,3640.0,2.0,2,ROMU,1,ROMU,7,2010-03-01 11:15:02,2012-02-28 07:06:37,6,2
222859793010661,109829209010661,2008,39,2,115,3640.0,3.0,1,ROMU,1,ROMU,18,2010-03-01 11:15:02,2012-02-28 07:07:22,6,2
222859794010661,109829209010661,2008,39,2,115,3640.0,4.0,1,ROMU,1,ROMU,3,2010-03-01 11:15:02,2012-02-28 07:05:56,6,2
222859653010661,109829215010661,2008,39,1,53,3612.0,4.0,2,LOJA,1,LOJA,1,2010-03-01 11:15:01,2012-02-28 07:12:58,6,2
222859654010661,109829215010661,2008,39,1,53,3612.0,4.0,2,LOMO2,1,LOMO2,1,2010-03-01 11:15:01,2012-02-28 07:12:06,6,2
222859655010661,109829215010661,2008,39,1,53,3612.0,4.0,2,ROMU,1,ROMU,2,2010-03-01 11:15:01,2012-02-28 07:12:06,6,2
222859656010661,109829215010661,2008,39,1,53,3612.0,4.0,2,ROPS,1,ROPS,5,2010-03-01 11:15:01,2012-02-28 07:13:26,6,2
222859804010661,109829117010661,2008,39,3,119,2089.0,4.0,1,LIVU,1,LIVU,1,2010-03-01 11:15:02,2012-02-28 07:11:40,6,2
222859666010661,109829307010661,2008,39,3,59,1099.0,1.0,1,ROMU,1,ROMU,8,2010-03-01 11:15:01,2012-02-28 07:12:58,6,2
222859667010661,109829307010661,2008,39,3,59,1099.0,2.0,1,ROMU,1,ROMU,40,2010-03-01 11:15:01,2012-02-28 07:12:58,6,2
222859665010661,109829307010661,2008,39,3,59,1099.0,4.0,1,ELUM,1,ELUM,1,2010-03-01 11:15:01,2012-02-28 07:13:52,6,2
222859668010661,109829307010661,2008,39,3,59,1099.0,4.0,1,ROMU,1,ROMU,7,2010-03-01 11:15:01,2012-02-28 07:12:58,6,2
222859546010661,109829001010661,2008,39,6,3,4469.0,1.0,1,ALPE4,1,ALPE4,3,2010-03-01 11:15:01,2012-02-28 07:14:17,6,2
222859549010661,109829001010661,2008,39,6,3,4469.0,2.0,1,LIVU,1,LIVU,1,2010-03-01 11:15:01,2012-02-28 07:12:53,6,2
225917837010661,144954931010661,2009,39,1,53,1131.0,4.0,1,ROMU,1,ROMU,20,2010-06-07 06:12:09,2012-02-28 07:14:47,6,3
225917841010661,144954931010661,2009,39,1,53,1131.0,4.0,1,ROPS,1,ROPS,30,2010-06-07 06:12:09,2012-02-28 07:12:55,6,3
225917824010661,144954931010661,2009,39,1,53,1131.0,1.0,1,AIAL,1,AIAL,5,2010-06-07 06:12:09,2012-02-28 07:14:47,6,3
225917826010661,144954931010661,2009,39,1,53,1131.0,1.0,1,CEBI2,1,CESTM,1,2010-06-07 06:12:09,2012-02-28 07:12:54,6,3
225917829010661,144954931010661,2009,39,1,53,1131.0,1.0,1,LOJA,1,LOJA,70,2010-06-07 06:12:09,2012-02-28 07:14:47,6,3
225917834010661,144954931010661,2009,39,1,53,1131.0,1.0,1,ROMU,1,ROMU,35,2010-06-07 06:12:09,2012-02-28 07:14:47,6,3
225917838010661,144954931010661,2009,39,1,53,1131.0,1.0,1,ROPS,1,ROPS,50,2010-06-07 06:12:09,2012-02-28 07:12:55,6,3
225917827010661,144954931010661,2009,39,1,53,1131.0,2.0,1,CEBI2,1,CESTM,1,2010-06-07 06:12:09,2012-02-28 07:12:54,6,3
225917830010661,144954931010661,2009,39,1,53,1131.0,2.0,1,LOJA,1,LOJA,60,2010-06-07 06:12:09,2012-02-28 07:14:47,6,3
152864982020004,144954467010661,2009,39,6,95,3536.0,4.0,2,ALPE4,1,ALPE4,2,2012-12-07 10:11:50,,6,3
152864983020004,144954467010661,2009,39,6,95,3536.0,3.0,2,ALPE4,1,ALPE4,1,2012-12-07 10:11:50,,6,3
152864984020004,144954467010661,2009,39,6,95,3536.0,1.0,2,ALPE4,1,ALPE4,1,2012-12-07 10:11:50,,6,3
152864985020004,144954467010661,2009,39,6,95,3536.0,1.0,1,ALPE4,1,ALPE4,1,2012-12-07 10:11:50,,6,3
152864986020004,144954467010661,2009,39,6,95,3536.0,4.0,2,BETH,1,BETH,4,2012-12-07 10:11:50,,6,3
152864987020004,144954467010661,2009,39,6,95,3536.0,1.0,2,BETH,1,BETH,5,2012-12-07 10:11:50,,6,3
152864988020004,144954467010661,2009,39,6,95,3536.0,1.0,1,BETH,1,BETH,6,2012-12-07 10:11:50,,6,3
152864551020004,144954467010661,2009,39,6,95,3536.0,4.0,2,CEOR,1,CEOR7,1,2012-12-07 10:11:47,,6,3
152864552020004,144954467010661,2009,39,6,95,3536.0,1.0,2,CEOR,1,CEOR7,1,2012-12-07 10:11:47,,6,3
152864553020004,144954467010661,2009,39,6,95,3536.0,1.0,1,CEOR,1,CEOR7,1,2012-12-07 10:11:47,,6,3
152864554020004,144954467010661,2009,39,6,95,3536.0,4.0,2,ELAN,1,ELAN,1,2012-12-07 10:11:47,,6,3
152864555020004,144954467010661,2009,39,6,95,3536.0,3.0,2,ELAN,1,ELAN,1,2012-12-07 10:11:47,,6,3
152864556020004,144954467010661,2009,39,6,95,3536.0,1.0,2,ELAN,1,ELAN,1,2012-12-07 10:11:47,,6,3
225924084010661,144953707010661,2009,39,1,87,2049.0,1.0,1,MIVI,1,MIVI,1,2010-06-07 06:12:56,2012-02-28 07:06:47,6,3
225924086010661,144953707010661,2009,39,1,87,2049.0,1.0,1,ROMU,1,ROMU,8,2010-06-07 06:12:56,2012-02-28 07:06:47,6,3
225924085010661,144953707010661,2009,39,1,87,2049.0,3.0,1,MIVI,1,MIVI,1,2010-06-07 06:12:56,2012-02-28 07:06:32,6,3
225924087010661,144953707010661,2009,39,1,87,2049.0,3.0,1,ROMU,1,ROMU,6,2010-06-07 06:12:56,2012-02-28 07:05:51,6,3
225924081010661,144953707010661,2009,39,1,87,2049.0,4.0,1,BETH,1,BETH,2,2010-06-07 06:12:56,2012-02-28 07:06:32,6,3
225924083010661,144953707010661,2009,39,1,87,2049.0,4.0,1,LOJA,1,LOJA,4,2010-06-07 06:12:56,2012-02-28 07:06:05,6,3
225924088010661,144953707010661,2009,39,1,87,2049.0,4.0,1,ROMU,1,ROMU,17,2010-06-07 06:12:56,2012-02-28 07:07:03,6,3
225924101010661,144953713010661,2009,39,1,87,2211.0,1.0,1,LOJA,1,LOJA,75,2010-06-07 06:12:56,2012-02-28 07:12:08,6,3
225924104010661,144953713010661,2009,39,1,87,2211.0,1.0,1,ROMU,1,ROMU,40,2010-06-07 06:12:56,2012-02-28 07:12:35,6,3
225924107010661,144953713010661,2009,39,1,87,2211.0,1.0,1,ROPS,1,ROPS,1,2010-06-07 06:12:56,2012-02-28 07:13:01,6,3
225924102010661,144953713010661,2009,39,1,87,2211.0,2.0,1,LOJA,1,LOJA,45,2010-06-07 06:12:56,2012-02-28 07:12:08,6,3
225924105010661,144953713010661,2009,39,1,87,2211.0,2.0,1,ROMU,1,ROMU,15,2010-06-07 06:12:56,2012-02-28 07:12:35,6,3
225924103010661,144953713010661,2009,39,1,87,2211.0,3.0,1,LOJA,1,LOJA,90,2010-06-07 06:12:56,2012-02-28 07:12:08,6,3
225924106010661,144953713010661,2009,39,1,87,2211.0,3.0,1,ROMU,1,ROMU,10,2010-06-07 06:12:56,2012-02-28 07:12:35,6,3
225924183010661,144953231010661,2009,39,3,81,3094.0,1.0,1,ROMU,1,ROMU,1,2010-06-07 06:12:58,2012-02-28 07:12:35,6,3
225924185010661,144953231010661,2009,39,3,81,3094.0,3.0,1,ROPS,1,ROPS,2,2010-06-07 06:12:58,2012-02-28 07:12:35,6,3
225924184010661,144953231010661,2009,39,3,81,3094.0,4.0,1,ROMU,1,ROMU,1,2010-06-07 06:12:58,2012-02-28 07:12:35,6,3
225922762010661,144954021010661,2009,39,1,141,1212.0,1.0,1,ROPS,1,ROPS,25,2010-06-07 06:12:32,2012-02-28 07:13:01,6,3
152864404020004,144953267010661,2009,39,4,29,5665.0,2.0,2,ALPE4,1,ALPE4,1,2012-12-07 10:11:45,,6,3
152864405020004,144953267010661,2009,39,4,29,5665.0,2.0,2,ROMU,1,ROMU,3,2012-12-07 10:11:45,,6,3
152864578020004,144953751010661,2009,39,4,5,4827.0,3.0,1,ALPE4,1,ALPE4,2,2012-12-07 10:11:48,,6,3
152864579020004,144953751010661,2009,39,4,5,4827.0,2.0,1,ALPE4,1,ALPE4,1,2012-12-07 10:11:48,,6,3
152864580020004,144953751010661,2009,39,4,5,4827.0,1.0,1,ALPE4,1,ALPE4,2,2012-12-07 10:11:48,,6,3
152864581020004,144953751010661,2009,39,4,5,4827.0,3.0,1,ROMU,1,ROMU,1,2012-12-07 10:11:48,,6,3
152864582020004,144953751010661,2009,39,4,5,4827.0,2.0,1,ROMU,1,ROMU,7,2012-12-07 10:11:48,,6,3
152864583020004,144953751010661,2009,39,4,5,4827.0,1.0,1,ROMU,1,ROMU,5,2012-12-07 10:11:48,,6,3
225918962010661,144953753010661,2009,39,3,75,1633.0,1.0,1,ALPE4,1,ALPE4,1,2010-06-07 06:12:22,2012-02-28 07:14:18,6,3
225918964010661,144953753010661,2009,39,3,75,1633.0,1.0,1,ROMU,1,ROMU,55,2010-06-07 06:12:22,2012-02-28 07:12:27,6,3
225918963010661,144953753010661,2009,39,3,75,1633.0,2.0,1,ALPE4,1,ALPE4,4,2010-06-07 06:12:22,2012-02-28 07:14:18,6,3
225918965010661,144953753010661,2009,39,3,75,1633.0,2.0,1,ROMU,1,ROMU,50,2010-06-07 06:12:22,2012-02-28 07:12:27,6,3
225918966010661,144953753010661,2009,39,3,75,1633.0,3.0,1,ROMU,1,ROMU,1,2010-06-07 06:12:22,2012-02-28 07:12:27,6,3
225918967010661,144953753010661,2009,39,3,75,1633.0,4.0,1,ROMU,1,ROMU,70,2010-06-07 06:12:22,2012-02-28 07:12:27,6,3
225919179010661,144953841010661,2009,39,4,5,3543.0,1.0,1,ROMU,1,ROMU,80,2010-06-07 06:12:26,2012-02-28 07:12:27,6,3
225919180010661,144953841010661,2009,39,4,5,3543.0,3.0,1,ROMU,1,ROMU,80,2010-06-07 06:12:26,2012-02-28 07:12:27,6,3
225919181010661,144953841010661,2009,39,4,5,3543.0,4.0,1,ROMU,1,ROMU,30,2010-06-07 06:12:26,2012-02-28 07:12:27,6,3
225917320010661,144954711010661,2009,39,3,67,4744.0,1.0,1,AIAL,1,AIAL,65,2010-06-07 06:11:55,2012-02-28 07:12:03,6,3
225917323010661,144954711010661,2009,39,3,67,4744.0,1.0,1,LOMO2,1,LOMO2,2,2010-06-07 06:11:55,2012-02-28 07:13:49,6,3
225917325010661,144954711010661,2009,39,3,67,4744.0,1.0,1,ROMU,1,ROMU,30,2010-06-07 06:11:55,2012-02-28 07:12:03,6,3
225917321010661,144954711010661,2009,39,3,67,4744.0,2.0,1,AIAL,1,AIAL,45,2010-06-07 06:11:55,2012-02-28 07:12:03,6,3
225917326010661,144954711010661,2009,39,3,67,4744.0,2.0,1,ROMU,1,ROMU,25,2010-06-07 06:11:55,2012-02-28 07:12:03,6,3
225917327010661,144954711010661,2009,39,3,67,4744.0,3.0,2,ROMU,1,ROMU,1,2010-06-07 06:11:55,2012-02-28 07:12:03,6,3
225917322010661,144954711010661,2009,39,3,67,4744.0,4.0,1,AIAL,1,AIAL,50,2010-06-07 06:11:55,2012-02-28 07:12:03,6,3
225917324010661,144954711010661,2009,39,3,67,4744.0,4.0,1,LOMO2,1,LOMO2,1,2010-06-07 06:11:55,2012-02-28 07:13:49,6,3
225917328010661,144954711010661,2009,39,3,67,4744.0,4.0,1,ROMU,1,ROMU,30,2010-06-07 06:11:55,2012-02-28 07:12:03,6,3
152864824020004,144954845010661,2009,39,2,127,3072.0,4.0,1,ELUM,1,ELUM,8,2012-12-07 10:11:49,,6,3
152864825020004,144954845010661,2009,39,2,127,3072.0,1.0,1,ELUM,1,ELUM,1,2012-12-07 10:11:49,,6,3
152864846020004,144954845010661,2009,39,2,127,3072.0,3.0,2,LOJA,1,LOJA,2,2012-12-07 10:11:49,,6,3
152864847020004,144954845010661,2009,39,2,127,3072.0,3.0,2,LYNU,1,LYNU,4,2012-12-07 10:11:49,,6,3
152864848020004,144954845010661,2009,39,2,127,3072.0,4.0,1,MIVI,1,MIVI,3,2012-12-07 10:11:49,,6,3
152864849020004,144954845010661,2009,39,2,127,3072.0,3.0,2,MIVI,1,MIVI,2,2012-12-07 10:11:49,,6,3
152864850020004,144954845010661,2009,39,2,127,3072.0,2.0,1,MIVI,1,MIVI,1,2012-12-07 10:11:49,,6,3
152864851020004,144954845010661,2009,39,2,127,3072.0,4.0,1,ROMU,1,ROMU,2,2012-12-07 10:11:49,,6,3
152864852020004,144954845010661,2009,39,2,127,3072.0,3.0,2,ROMU,1,ROMU,25,2012-12-07 10:11:49,,6,3
