CN,PLT_CN,INVYR,STATECD,UNITCD,COUNTYCD,PLOT,SUBP,CONDID,VEG_FLDSPCD,UNIQUE_SP_NBR,VEG_SPCD,COVER_PCT,CREATED_DATE,MODIFIED_DATE,CYCLE,SUBCYCLE
499116761126144,211972936010854,2010,40,2,91,93.0,3.0,1,ROSA5,1,ROSA5,1,2018-01-25 14:36:13,2018-03-29 14:57:15,8,1
499116762126144,211972938010854,2010,40,1,61,145.0,1.0,1,ROSA5,1,ROSA5,5,2018-01-25 14:36:13,2018-03-29 14:57:15,8,1
499116763126144,211972938010854,2010,40,1,61,145.0,3.0,1,ROSA5,1,ROSA5,5,2018-01-25 14:36:13,2018-03-29 14:57:15,8,1
499116764126144,211972946010854,2010,40,1,121,216.0,3.0,1,LECU,1,LECU,30,2018-01-25 14:36:13,2018-03-29 14:57:15,8,1
499116765126144,211972948010854,2010,40,1,121,226.0,1.0,1,LECU,1,LECU,30,2018-01-25 14:36:13,2018-03-29 14:57:15,8,1
499116766126144,211972948010854,2010,40,1,121,226.0,2.0,1,LECU,1,LECU,1,2018-01-25 14:36:13,2018-03-29 14:57:15,8,1
499116767126144,211972948010854,2010,40,1,121,226.0,3.0,1,LECU,1,LECU,1,2018-01-25 14:36:13,2018-03-29 14:57:15,8,1
499116768126144,211972948010854,2010,40,1,121,226.0,4.0,1,LECU,1,LECU,5,2018-01-25 14:36:13,2018-03-29 14:57:15,8,1
499116769126144,211972958010854,2010,40,2,101,184.0,3.0,2,LIJA,1,LIJA,1,2018-01-25 14:36:13,2018-03-29 14:57:15,8,1
499116770126144,211972968010854,2010,40,2,101,141.0,1.0,1,LIGUS2,1,LIGUS2,5,2018-01-25 14:36:13,2018-03-29 14:57:15,8,1
499116771126144,211972968010854,2010,40,2,101,141.0,1.0,1,ROSA5,1,ROSA5,5,2018-01-25 14:36:13,2018-03-29 14:57:15,8,1
499116772126144,211972968010854,2010,40,2,101,141.0,1.0,1,LOJA,1,LOJA,5,2018-01-25 14:36:13,2018-03-29 14:57:15,8,1
499116773126144,211972968010854,2010,40,2,101,141.0,2.0,1,LIGUS2,1,LIGUS2,1,2018-01-25 14:36:13,2018-03-29 14:57:15,8,1
499116774126144,211972968010854,2010,40,2,101,141.0,2.0,1,ROSA5,1,ROSA5,5,2018-01-25 14:36:13,2018-03-29 14:57:15,8,1
499116775126144,211972968010854,2010,40,2,101,141.0,2.0,1,LOJA,1,LOJA,5,2018-01-25 14:36:13,2018-03-29 14:57:15,8,1
499116776126144,211972968010854,2010,40,2,101,141.0,3.0,1,LIGUS2,1,LIGUS2,5,2018-01-25 14:36:13,2018-03-29 14:57:15,8,1
499116777126144,211972968010854,2010,40,2,101,141.0,3.0,1,LOJA,1,LOJA,5,2018-01-25 14:36:13,2018-03-29 14:57:15,8,1
499116778126144,211972968010854,2010,40,2,101,141.0,4.0,1,LIGUS2,1,LIGUS2,5,2018-01-25 14:36:13,2018-03-29 14:57:15,8,1
499116779126144,211972968010854,2010,40,2,101,141.0,4.0,1,ROSA5,1,ROSA5,5,2018-01-25 14:36:13,2018-03-29 14:57:15,8,1
499116780126144,211972968010854,2010,40,2,101,141.0,4.0,1,LOJA,1,LOJA,5,2018-01-25 14:36:13,2018-03-29 14:57:15,8,1
499116781126144,211972970010854,2010,40,2,97,130.0,1.0,1,ROSA5,1,ROSA5,1,2018-01-25 14:36:13,2018-03-29 14:57:15,8,1
499116782126144,211972970010854,2010,40,2,97,130.0,4.0,1,ROSA5,1,ROSA5,5,2018-01-25 14:36:13,2018-03-29 14:57:15,8,1
499116783126144,211972978010854,2010,40,2,97,148.0,1.0,1,ROSA5,1,ROSA5,1,2018-01-25 14:36:13,2018-03-29 14:57:15,8,1
499116784126144,211972978010854,2010,40,2,97,148.0,2.0,1,LOJA,1,LOJA,1,2018-01-25 14:36:13,2018-03-29 14:57:15,8,1
499116785126144,211972978010854,2010,40,2,97,148.0,3.0,1,LOJA,1,LOJA,5,2018-01-25 14:36:13,2018-03-29 14:57:15,8,1
499116786126144,211972978010854,2010,40,2,97,148.0,4.0,1,ROSA5,1,ROSA5,1,2018-01-25 14:36:13,2018-03-29 14:57:21,8,1
499116787126144,211972978010854,2010,40,2,97,148.0,4.0,1,LOJA,1,LOJA,1,2018-01-25 14:36:13,2018-03-29 14:57:15,8,1
499116788126144,211972994010854,2010,40,1,127,162.0,2.0,2,SCAR7,1,SCAR7,1,2018-01-25 14:36:13,2020-08-10 11:38:55,8,1
499116789126144,211972994010854,2010,40,1,127,162.0,2.0,2,LECU,1,LECU,70,2018-01-25 14:36:13,2018-03-29 14:57:15,8,1
499116790126144,211972996010854,2010,40,1,127,163.0,4.0,1,LIGUS2,1,LIGUS2,1,2018-01-25 14:36:13,2018-03-29 14:57:15,8,1
499116791126144,211973000010854,2010,40,1,23,172.0,1.0,1,ROSA5,1,ROSA5,1,2018-01-25 14:36:13,2018-03-29 14:57:15,8,1
499116792126144,211973006010854,2010,40,1,23,144.0,1.0,1,LOJA,1,LOJA,30,2018-01-25 14:36:13,2018-03-29 14:57:15,8,1
499116793126144,211973006010854,2010,40,1,23,144.0,2.0,1,ROSA5,1,ROSA5,1,2018-01-25 14:36:13,2018-03-29 14:57:15,8,1
499116794126144,211973006010854,2010,40,1,23,144.0,2.0,1,LOJA,1,LOJA,5,2018-01-25 14:36:13,2018-03-29 14:57:15,8,1
499116795126144,211973006010854,2010,40,1,23,144.0,3.0,1,LOJA,1,LOJA,5,2018-01-25 14:36:13,2018-03-29 14:57:15,8,1
499116796126144,211973006010854,2010,40,1,23,144.0,4.0,1,LOJA,1,LOJA,5,2018-01-25 14:36:13,2018-03-29 14:57:15,8,1
499116797126144,211973012010854,2010,40,1,77,141.0,1.0,1,LECU,1,LECU,5,2018-01-25 14:36:13,2018-03-29 14:57:15,8,1
499116798126144,211973012010854,2010,40,1,77,141.0,3.0,1,LECU,1,LECU,5,2018-01-25 14:36:13,2018-03-29 14:57:15,8,1
499116799126144,211973012010854,2010,40,1,77,141.0,4.0,1,LECU,1,LECU,5,2018-01-25 14:36:13,2018-03-29 14:57:15,8,1
499116800126144,211973034010854,2010,40,1,61,104.0,2.0,1,SCAR7,1,SCAR7,1,2018-01-25 14:36:13,2020-08-10 11:38:55,8,1
499116801126144,211973034010854,2010,40,1,61,104.0,3.0,1,SCAR7,1,SCAR7,5,2018-01-25 14:36:13,2020-08-10 11:38:55,8,1
499116802126144,211973042010854,2010,40,1,77,105.0,3.0,1,LECU,1,LECU,1,2018-01-25 14:36:13,2018-03-29 14:57:15,8,1
499116803126144,211973048010854,2010,40,1,77,134.0,1.0,1,LECU,1,LECU,5,2018-01-25 14:36:13,2018-03-29 14:57:15,8,1
499116804126144,211973048010854,2010,40,1,77,134.0,2.0,1,LECU,1,LECU,30,2018-01-25 14:36:13,2018-03-29 14:57:21,8,1
499116805126144,211973048010854,2010,40,1,77,134.0,4.0,1,LECU,1,LECU,1,2018-01-25 14:36:13,2018-03-29 14:57:15,8,1
499116806126144,211973052010854,2010,40,2,101,146.0,1.0,1,ROSA5,1,ROSA5,1,2018-01-25 14:36:13,2018-03-29 14:57:15,8,1
499116807126144,211973080010854,2010,40,2,21,142.0,2.0,2,ROSA5,1,ROSA5,70,2018-01-25 14:36:13,2018-03-29 14:57:15,8,1
499116808126144,211973106010854,2010,40,2,97,107.0,4.0,1,LESPE,1,LESPE,1,2018-01-25 14:36:13,2018-03-29 14:57:15,8,1
499116809126144,211973110010854,2010,40,2,41,96.0,2.0,1,ROSA5,1,ROSA5,1,2018-01-25 14:36:13,2018-03-29 14:57:15,8,1
499116810126144,211973110010854,2010,40,2,41,96.0,3.0,1,ROSA5,1,ROSA5,5,2018-01-25 14:36:13,2018-03-29 14:57:15,8,1
499116811126144,211973110010854,2010,40,2,41,96.0,3.0,1,LOJA,1,LOJA,5,2018-01-25 14:36:13,2018-03-29 14:57:15,8,1
499116812126144,211973110010854,2010,40,2,41,96.0,4.0,1,ROSA5,1,ROSA5,5,2018-01-25 14:36:13,2018-03-29 14:57:15,8,1
499116813126144,211973110010854,2010,40,2,41,96.0,4.0,1,LOJA,1,LOJA,30,2018-01-25 14:36:13,2018-03-29 14:57:15,8,1
499116814126144,211973114010854,2010,40,2,115,63.0,4.0,2,LECU,1,LECU,1,2018-01-25 14:36:13,2018-03-29 14:57:15,8,1
499116815126144,211973124010854,2010,40,1,89,370.0,1.0,1,LIGUS2,1,LIGUS2,5,2018-01-25 14:36:13,2018-03-29 14:57:15,8,1
499116816126144,211973124010854,2010,40,1,89,370.0,1.0,1,LONIC,1,LONIC,5,2018-01-25 14:36:13,2018-03-29 14:57:15,8,1
499116817126144,211973124010854,2010,40,1,89,370.0,2.0,1,LIGUS2,1,LIGUS2,5,2018-01-25 14:36:13,2018-03-29 14:57:15,8,1
499116818126144,211973124010854,2010,40,1,89,370.0,2.0,1,LONIC,1,LONIC,5,2018-01-25 14:36:13,2018-03-29 14:57:15,8,1
499116819126144,211973124010854,2010,40,1,89,370.0,4.0,1,LIGUS2,1,LIGUS2,5,2018-01-25 14:36:13,2018-03-29 14:57:15,8,1
499116820126144,211973126010854,2010,40,1,89,328.0,1.0,1,LOJA,1,LOJA,70,2018-01-25 14:36:13,2018-03-29 14:57:15,8,1
499116821126144,211973126010854,2010,40,1,89,328.0,2.0,1,LOJA,1,LOJA,1,2018-01-25 14:36:13,2018-03-29 14:57:15,8,1
499116822126144,211973126010854,2010,40,1,89,328.0,3.0,1,LOJA,1,LOJA,5,2018-01-25 14:36:13,2018-03-29 14:57:15,8,1
499116823126144,211973126010854,2010,40,1,89,328.0,4.0,1,LOJA,1,LOJA,70,2018-01-25 14:36:13,2018-03-29 14:57:15,8,1
499116824126144,211973130010854,2010,40,1,23,150.0,3.0,1,LONIC,1,LONIC,1,2018-01-25 14:36:13,2018-03-29 14:57:15,8,1
499116825126144,211973130010854,2010,40,1,23,150.0,4.0,1,LIGUS2,1,LIGUS2,1,2018-01-25 14:36:13,2018-03-29 14:57:15,8,1
499116826126144,211973130010854,2010,40,1,23,150.0,4.0,1,LONIC,1,LONIC,1,2018-01-25 14:36:13,2018-03-29 14:57:15,8,1
499116827126144,211973134010854,2010,40,1,23,118.0,1.0,1,ROSA5,1,ROSA5,5,2018-01-25 14:36:13,2018-03-29 14:57:15,8,1
499116828126144,211973134010854,2010,40,1,23,118.0,2.0,1,ROSA5,1,ROSA5,5,2018-01-25 14:36:13,2018-03-29 14:57:15,8,1
499116829126144,211973134010854,2010,40,1,23,118.0,2.0,1,LOJA,1,LOJA,5,2018-01-25 14:36:13,2018-03-29 14:57:15,8,1
499116830126144,211973134010854,2010,40,1,23,118.0,4.0,1,ROSA5,1,ROSA5,1,2018-01-25 14:36:13,2018-03-29 14:57:15,8,1
499116831126144,211973136010854,2010,40,1,23,149.0,4.0,1,LOJA,1,LOJA,1,2018-01-25 14:36:13,2018-03-29 14:57:15,8,1
499116832126144,211973138010854,2010,40,1,23,175.0,1.0,1,ALJU,1,ALJU,30,2018-01-25 14:36:13,2018-03-29 14:57:15,8,1
499116833126144,211973138010854,2010,40,1,23,175.0,2.0,1,ALJU,1,ALJU,30,2018-01-25 14:36:13,2018-03-29 14:57:15,8,1
499116834126144,211973138010854,2010,40,1,23,175.0,3.0,1,ALJU,1,ALJU,1,2018-01-25 14:36:13,2018-03-29 14:57:15,8,1
499116835126144,211973144010854,2010,40,1,127,178.0,3.0,1,ROSA5,1,ROSA5,5,2018-01-25 14:36:13,2018-03-29 14:57:15,8,1
499116836126144,211973150010854,2010,40,1,127,282.0,2.0,1,LECU,1,LECU,1,2018-01-25 14:36:13,2018-03-29 14:57:15,8,1
499116837126144,211973164010854,2010,40,1,127,302.0,4.0,3,AIAL,1,AIAL,1,2018-01-25 14:36:13,2018-03-29 14:57:15,8,1
499116838126144,211973170010854,2010,40,1,79,261.0,2.0,1,LESPE,1,LESPE,5,2018-01-25 14:36:13,2018-03-29 14:57:15,8,1
499116839126144,211973170010854,2010,40,1,79,261.0,4.0,1,LESPE,1,LESPE,5,2018-01-25 14:36:13,2018-03-29 14:57:15,8,1
499116840126144,211973172010854,2010,40,1,61,88.0,1.0,1,ROSA5,1,ROSA5,5,2018-01-25 14:36:13,2018-03-29 14:57:15,8,1
499116841126144,211973194010854,2010,40,2,135,151.0,1.0,1,SCAR7,1,SCAR7,1,2018-01-25 14:36:13,2020-08-10 11:38:55,8,1
313522491489998,218223475020004,2014,40,4,19,30.0,2.0,2,LECU,1,LECU,1,2015-03-23 15:05:37,,2,6
313522492489998,218223475020004,2014,40,4,19,30.0,3.0,1,LECU,1,LECU,2,2015-03-23 15:05:37,,2,6
313522493489998,218223475020004,2014,40,4,19,30.0,4.0,1,LECU,1,LECU,1,2015-03-23 15:05:37,,2,6
313522657489998,218223487020004,2014,40,7,71,42.0,1.0,1,EUFO5,1,EUFO5,1,2015-03-23 15:05:38,,2,6
313522658489998,218223487020004,2014,40,7,71,42.0,2.0,1,EUFO5,1,EUFO5,2,2015-03-23 15:05:38,,2,6
313522659489998,218223487020004,2014,40,7,71,42.0,3.0,1,LIGUS2,1,LIGUS2,2,2015-03-23 15:05:38,,2,6
313522660489998,218223487020004,2014,40,7,71,42.0,2.0,1,LOJA,1,LOJA,5,2015-03-23 15:05:38,,2,6
313522661489998,218223487020004,2014,40,7,71,42.0,1.0,1,LONIC,1,LONIC,40,2015-03-23 15:05:38,,2,6
313522662489998,218223487020004,2014,40,7,71,42.0,2.0,1,LONIC,1,LONIC,40,2015-03-23 15:05:38,,2,6
313522663489998,218223487020004,2014,40,7,71,42.0,3.0,1,LONIC,1,LONIC,65,2015-03-23 15:05:38,,2,6
313522672489998,218223490020004,2014,40,4,107,22.0,1.0,1,LECU,1,LECU,1,2015-03-23 15:05:38,,2,6
313522673489998,218223490020004,2014,40,4,107,22.0,3.0,1,LIGUS2,1,LIGUS2,1,2015-03-23 15:05:38,,2,6
313522678489998,218223491020004,2014,40,4,63,40.0,1.0,1,LOJA,1,LOJA,2,2015-03-23 15:05:38,,2,6
313522679489998,218223491020004,2014,40,4,63,40.0,3.0,1,LOJA,1,LOJA,1,2015-03-23 15:05:38,,2,6
313522692489998,218223495020004,2014,40,3,37,25.0,4.0,1,LECU,1,LECU,6,2015-03-23 15:05:38,,2,6
313522780489998,218223502020004,2014,40,5,11,1.0,1.0,1,TAMAR2,1,TAMAR2,15,2015-03-23 15:05:38,,2,6
313522781489998,218223502020004,2014,40,5,11,1.0,2.0,1,TAMAR2,1,TAMAR2,10,2015-03-23 15:05:38,,2,6
313522782489998,218223502020004,2014,40,5,11,1.0,3.0,1,TAMAR2,1,TAMAR2,7,2015-03-23 15:05:38,,2,6
313522899489998,218223520020004,2014,40,4,49,84.0,1.0,1,LIGUS2,1,LIGUS2,1,2015-03-23 15:05:38,,2,6
313522900489998,218223520020004,2014,40,4,49,84.0,2.0,2,LIGUS2,1,LIGUS2,1,2015-03-23 15:05:38,,2,6
313522901489998,218223520020004,2014,40,4,49,84.0,3.0,1,LOJA,1,LOJA,2,2015-03-23 15:05:38,,2,6
313522950489998,218223536020004,2014,40,4,107,5.0,1.0,1,LOJA,1,LOJA,50,2015-03-23 15:05:39,,2,6
313522951489998,218223536020004,2014,40,4,107,5.0,2.0,1,LOJA,1,LOJA,30,2015-03-23 15:05:39,,2,6
313522952489998,218223536020004,2014,40,4,107,5.0,3.0,1,LOJA,1,LOJA,1,2015-03-23 15:05:39,,2,6
313522953489998,218223536020004,2014,40,4,107,5.0,4.0,1,LOJA,1,LOJA,40,2015-03-23 15:05:39,,2,6
313522954489998,218223536020004,2014,40,4,107,5.0,2.0,1,ROSA5,1,ROSA5,1,2015-03-23 15:05:39,,2,6
313522955489998,218223536020004,2014,40,4,107,5.0,4.0,1,ROSA5,1,ROSA5,10,2015-03-23 15:05:39,,2,6
313522960489998,218223537020004,2014,40,4,63,10.0,1.0,1,LECU,1,LECU,70,2015-03-23 15:05:39,,2,6
313522961489998,218223537020004,2014,40,4,63,10.0,2.0,1,LECU,1,LECU,85,2015-03-23 15:05:39,,2,6
313522962489998,218223537020004,2014,40,4,63,10.0,3.0,1,LECU,1,LECU,55,2015-03-23 15:05:39,,2,6
313522963489998,218223537020004,2014,40,4,63,10.0,4.0,2,LIGUS2,1,LIGUS2,1,2015-03-23 15:05:39,,2,6
313522964489998,218223537020004,2014,40,4,63,10.0,2.0,1,ROSA5,1,ROSA5,1,2015-03-23 15:05:39,,2,6
313522965489998,218223537020004,2014,40,4,63,10.0,4.0,2,ROSA5,1,ROSA5,1,2015-03-23 15:05:39,,2,6
313522974489998,218223539020004,2014,40,3,143,28.0,2.0,1,LIGUS2,1,LIGUS2,2,2015-03-23 15:05:39,,2,6
313522975489998,218223539020004,2014,40,3,143,28.0,4.0,1,LIGUS2,1,LIGUS2,1,2015-03-23 15:05:39,,2,6
313522976489998,218223539020004,2014,40,3,143,28.0,1.0,1,LOJA,1,LOJA,80,2015-03-23 15:05:39,,2,6
313522977489998,218223539020004,2014,40,3,143,28.0,2.0,1,LOJA,1,LOJA,90,2015-03-23 15:05:39,,2,6
313522978489998,218223539020004,2014,40,3,143,28.0,4.0,1,LOJA,1,LOJA,41,2015-03-23 15:05:39,,2,6
313522979489998,218223539020004,2014,40,3,143,28.0,4.0,1,PYCA80,1,PYCA80,4,2015-03-23 15:05:39,,2,6
313522998489998,218223544020004,2014,40,3,113,149.0,3.0,1,LECU,1,LECU,15,2015-03-23 15:05:39,,2,6
313523021489998,218223550020004,2014,40,4,125,62.0,2.0,1,LECU,1,LECU,1,2015-03-23 15:05:39,,2,6
313523022489998,218223550020004,2014,40,4,125,62.0,1.0,1,ROSA5,1,ROSA5,2,2015-03-23 15:05:39,,2,6
313523023489998,218223550020004,2014,40,4,125,62.0,2.0,1,ROSA5,1,ROSA5,1,2015-03-23 15:05:39,,2,6
313523024489998,218223550020004,2014,40,4,125,62.0,3.0,1,ROSA5,1,ROSA5,5,2015-03-23 15:05:39,,2,6
313523025489998,218223550020004,2014,40,4,125,62.0,4.0,1,ROSA5,1,ROSA5,3,2015-03-23 15:05:39,,2,6
313523077489998,218223563020004,2014,40,4,27,37.0,2.0,2,HEDER,1,HEDER,85,2015-03-23 15:05:40,,2,6
313523078489998,218223563020004,2014,40,4,27,37.0,3.0,2,HEDER,1,HEDER,44,2015-03-23 15:05:40,,2,6
313523084489998,218223565020004,2014,40,4,87,17.0,3.0,1,LECU,1,LECU,1,2015-03-23 15:05:40,,2,6
313523097489998,218223571020004,2014,40,7,47,83.0,1.0,1,LONIC,1,LONIC,1,2015-03-23 15:05:40,,2,6
313523098489998,218223571020004,2014,40,7,47,83.0,2.0,2,LONIC,1,LONIC,20,2015-03-23 15:05:40,,2,6
313523115489998,218223578020004,2014,40,5,15,67.0,4.0,2,LECU,1,LECU,3,2015-03-23 15:05:40,,2,6
313523148489998,218223595020004,2014,40,3,145,18.0,2.0,1,LIGUS2,1,LIGUS2,1,2015-03-23 15:05:40,,2,6
313523149489998,218223595020004,2014,40,3,145,18.0,2.0,1,LOJA,1,LOJA,6,2015-03-23 15:05:40,,2,6
313523150489998,218223595020004,2014,40,3,145,18.0,3.0,1,LOJA,1,LOJA,2,2015-03-23 15:05:40,,2,6
313523151489998,218223595020004,2014,40,3,145,18.0,4.0,1,LOJA,1,LOJA,2,2015-03-23 15:05:40,,2,6
499157125126144,258872202010854,2012,40,1,23,170.0,3.0,1,LOJA,1,LOJA,5,2018-01-25 14:36:27,2018-03-29 14:57:18,8,3
499157126126144,258872202010854,2012,40,1,23,170.0,4.0,1,LIGUS2,1,LIGUS2,5,2018-01-25 14:36:27,2018-03-29 14:57:18,8,3
499157127126144,258872202010854,2012,40,1,23,170.0,4.0,1,LECU,1,LECU,5,2018-01-25 14:36:27,2018-03-29 14:57:18,8,3
499157128126144,258872207010854,2012,40,1,121,234.0,1.0,1,ROSA5,1,ROSA5,1,2018-01-25 14:36:27,2018-03-29 14:57:18,8,3
499157129126144,258872210010854,2012,40,1,127,292.0,1.0,1,LECU,1,LECU,30,2018-01-25 14:36:27,2018-03-29 14:57:18,8,3
499157130126144,258872210010854,2012,40,1,127,292.0,4.0,1,LECU,1,LECU,5,2018-01-25 14:36:27,2018-03-29 14:57:18,8,3
499157131126144,258872211010854,2012,40,1,121,194.0,1.0,1,LECU,1,LECU,1,2018-01-25 14:36:27,2018-03-29 14:57:18,8,3
499157132126144,258872211010854,2012,40,1,121,194.0,2.0,1,LECU,1,LECU,1,2018-01-25 14:36:27,2018-03-29 14:57:18,8,3
499157133126144,258872211010854,2012,40,1,121,194.0,4.0,1,LECU,1,LECU,1,2018-01-25 14:36:27,2018-03-29 14:57:18,8,3
499157134126144,258872214010854,2012,40,1,5,114.0,1.0,1,LECU,1,LECU,5,2018-01-25 14:36:27,2018-03-29 14:57:18,8,3
499157135126144,258872214010854,2012,40,1,5,114.0,3.0,2,LECU,1,LECU,1,2018-01-25 14:36:27,2018-03-29 14:57:18,8,3
499157136126144,258872215010854,2012,40,1,127,235.0,3.0,1,LECU,1,LECU,1,2018-01-25 14:36:27,2018-03-29 14:57:18,8,3
499157137126144,258872220010854,2012,40,2,91,92.0,1.0,1,ROSA5,1,ROSA5,1,2018-01-25 14:36:27,2018-03-29 14:57:18,8,3
499157138126144,258872225010854,2012,40,2,97,109.0,3.0,1,ROSA5,1,ROSA5,5,2018-01-25 14:36:27,2018-03-29 14:57:18,8,3
499157139126144,258872226010854,2012,40,1,23,158.0,2.0,2,MEAZ,1,MEAZ,5,2018-01-25 14:36:27,2018-03-29 14:57:18,8,3
499157140126144,258872227010854,2012,40,1,23,163.0,2.0,2,LECU,1,LECU,1,2018-01-25 14:36:27,2018-03-29 14:57:18,8,3
499157141126144,258872228010854,2012,40,1,13,205.0,1.0,1,LECU,1,LECU,5,2018-01-25 14:36:27,2018-03-29 14:57:18,8,3
499157142126144,258872228010854,2012,40,1,13,205.0,4.0,1,LECU,1,LECU,5,2018-01-25 14:36:27,2018-03-29 14:57:18,8,3
499157143126144,258872229010854,2012,40,1,13,155.0,4.0,1,ROSA5,1,ROSA5,1,2018-01-25 14:36:27,2018-03-29 14:57:18,8,3
499157144126144,258872230010854,2012,40,1,127,193.0,3.0,1,LESPE,1,LESPE,1,2018-01-25 14:36:27,2018-03-29 14:57:18,8,3
499157145126144,258872230010854,2012,40,1,127,193.0,4.0,1,LECU,1,LECU,1,2018-01-25 14:36:27,2018-03-29 14:57:18,8,3
499157146126144,258872232010854,2012,40,1,5,135.0,4.0,1,ROSA5,1,ROSA5,1,2018-01-25 14:36:27,2018-03-29 14:57:18,8,3
499157147126144,258872234010854,2012,40,1,127,232.0,1.0,1,SCAR7,1,SCAR7,1,2018-01-25 14:36:27,2020-08-10 11:38:55,8,3
499157148126144,258872234010854,2012,40,1,127,232.0,2.0,1,SCAR7,1,SCAR7,5,2018-01-25 14:36:27,2020-08-10 11:38:55,8,3
499157149126144,258872237010854,2012,40,2,101,107.0,1.0,1,LIGUS2,1,LIGUS2,1,2018-01-25 14:36:27,2018-03-29 14:57:18,8,3
499157150126144,258872237010854,2012,40,2,101,107.0,2.0,1,LIJA,1,LIJA,1,2018-01-25 14:36:27,2018-03-29 14:57:18,8,3
499157151126144,258872237010854,2012,40,2,101,107.0,2.0,1,ROSA5,1,ROSA5,1,2018-01-25 14:36:27,2018-03-29 14:57:21,8,3
499157152126144,258872237010854,2012,40,2,101,107.0,2.0,1,LECU,1,LECU,5,2018-01-25 14:36:27,2018-03-29 14:57:18,8,3
499157153126144,258872237010854,2012,40,2,101,107.0,3.0,1,ROSA5,1,ROSA5,30,2018-01-25 14:36:27,2018-03-29 14:57:18,8,3
499157154126144,258872237010854,2012,40,2,101,107.0,3.0,1,LOJA,1,LOJA,5,2018-01-25 14:36:27,2018-03-29 14:57:21,8,3
499157155126144,258872237010854,2012,40,2,101,107.0,4.0,1,LOJA,1,LOJA,1,2018-01-25 14:36:27,2018-03-29 14:57:18,8,3
499157156126144,258872241010854,2012,40,2,91,131.0,1.0,1,LECU,1,LECU,5,2018-01-25 14:36:27,2018-03-29 14:57:18,8,3
499157157126144,258872241010854,2012,40,2,91,131.0,3.0,1,LOJA,1,LOJA,5,2018-01-25 14:36:27,2018-03-29 14:57:18,8,3
499157158126144,258872241010854,2012,40,2,91,131.0,3.0,1,LECU,1,LECU,1,2018-01-25 14:36:27,2018-03-29 14:57:18,8,3
499157159126144,258872241010854,2012,40,2,91,131.0,4.0,1,ALJU,1,ALJU,30,2018-01-25 14:36:27,2018-03-29 14:57:18,8,3
499157160126144,258872241010854,2012,40,2,91,131.0,4.0,1,ROSA5,1,ROSA5,1,2018-01-25 14:36:27,2018-03-29 14:57:18,8,3
499157161126144,258872241010854,2012,40,2,91,131.0,4.0,1,LECU,1,LECU,5,2018-01-25 14:36:27,2018-03-29 14:57:18,8,3
499157162126144,258872246010854,2012,40,1,5,126.0,2.0,1,LECU,1,LECU,1,2018-01-25 14:36:27,2018-03-29 14:57:18,8,3
499157163126144,258872246010854,2012,40,1,5,126.0,4.0,1,LECU,1,LECU,1,2018-01-25 14:36:27,2018-03-29 14:57:18,8,3
499157164126144,258872253010854,2012,40,2,91,166.0,1.0,1,ROSA5,1,ROSA5,5,2018-01-25 14:36:27,2018-03-29 14:57:18,8,3
499157165126144,258872253010854,2012,40,2,91,166.0,2.0,1,ROSA5,1,ROSA5,1,2018-01-25 14:36:27,2018-03-29 14:57:18,8,3
499157166126144,258872254010854,2012,40,2,91,168.0,1.0,1,LECU,1,LECU,30,2018-01-25 14:36:27,2018-03-29 14:57:18,8,3
499157167126144,258872254010854,2012,40,2,91,168.0,2.0,1,LECU,1,LECU,30,2018-01-25 14:36:27,2018-03-29 14:57:18,8,3
499157168126144,258872254010854,2012,40,2,91,168.0,3.0,1,LECU,1,LECU,5,2018-01-25 14:36:27,2018-03-29 14:57:18,8,3
499157169126144,258872254010854,2012,40,2,91,168.0,4.0,1,LECU,1,LECU,5,2018-01-25 14:36:27,2018-03-29 14:57:18,8,3
499157170126144,258872258010854,2012,40,1,121,262.0,1.0,1,ALJU,1,ALJU,1,2018-01-25 14:36:27,2018-03-29 14:57:18,8,3
499157171126144,258872258010854,2012,40,1,121,262.0,1.0,2,ALJU,1,ALJU,1,2018-01-25 14:36:27,2018-03-29 14:57:18,8,3
499157172126144,258872258010854,2012,40,1,121,262.0,3.0,1,LECU,1,LECU,1,2018-01-25 14:36:27,2018-03-29 14:57:18,8,3
499157173126144,258872258010854,2012,40,1,121,262.0,4.0,2,LECU,1,LECU,1,2018-01-25 14:36:27,2018-03-29 14:57:18,8,3
499157174126144,258872259010854,2012,40,1,121,185.0,2.0,1,LECU,1,LECU,5,2018-01-25 14:36:27,2018-03-29 14:57:18,8,3
499157175126144,258872259010854,2012,40,1,121,185.0,4.0,1,LESPE,1,LESPE,1,2018-01-25 14:36:27,2018-03-29 14:57:18,8,3
499157176126144,258872259010854,2012,40,1,121,185.0,4.0,1,LECU,1,LECU,1,2018-01-25 14:36:27,2018-03-29 14:57:18,8,3
499157177126144,258872265010854,2012,40,1,13,162.0,2.0,1,MEAZ,1,MEAZ,5,2018-01-25 14:36:27,2018-03-29 14:57:18,8,3
499157178126144,258872267010854,2012,40,1,5,133.0,4.0,1,ROSA5,1,ROSA5,1,2018-01-25 14:36:27,2018-03-29 14:57:18,8,3
499157179126144,258872268010854,2012,40,1,5,193.0,3.0,1,ROSA5,1,ROSA5,1,2018-01-25 14:36:27,2018-03-29 14:57:18,8,3
499157180126144,258872271010854,2012,40,1,13,202.0,3.0,1,ROSA5,1,ROSA5,30,2018-01-25 14:36:27,2018-03-29 14:57:18,8,3
499157181126144,258872275010854,2012,40,1,13,174.0,3.0,1,MEAZ,1,MEAZ,1,2018-01-25 14:36:27,2018-03-29 14:57:18,8,3
499157182126144,258872282010854,2012,40,2,91,121.0,1.0,1,ROSA5,1,ROSA5,5,2018-01-25 14:36:27,2018-03-29 14:57:18,8,3
499157183126144,258872282010854,2012,40,2,91,121.0,2.0,1,LECU,1,LECU,5,2018-01-25 14:36:27,2018-03-29 14:57:18,8,3
499157184126144,258872282010854,2012,40,2,91,121.0,4.0,1,LIGUS2,1,LIGUS2,1,2018-01-25 14:36:27,2018-03-29 14:57:18,8,3
499157185126144,258872282010854,2012,40,2,91,121.0,4.0,1,ROSA5,1,ROSA5,1,2018-01-25 14:36:27,2018-03-29 14:57:18,8,3
499157186126144,258872284010854,2012,40,1,121,274.0,1.0,1,LECU,1,LECU,1,2018-01-25 14:36:27,2018-03-29 14:57:18,8,3
499157187126144,258872284010854,2012,40,1,121,274.0,4.0,1,LECU,1,LECU,1,2018-01-25 14:36:27,2018-03-29 14:57:18,8,3
499157188126144,258872285010854,2012,40,1,121,276.0,1.0,1,LECU,1,LECU,5,2018-01-25 14:36:27,2018-03-29 14:57:18,8,3
499157189126144,258872285010854,2012,40,1,121,276.0,2.0,1,LECU,1,LECU,1,2018-01-25 14:36:27,2018-03-29 14:57:18,8,3
499157190126144,258872285010854,2012,40,1,121,276.0,3.0,1,LECU,1,LECU,1,2018-01-25 14:36:27,2018-03-29 14:57:18,8,3
499157191126144,258872285010854,2012,40,1,121,276.0,4.0,1,LECU,1,LECU,1,2018-01-25 14:36:27,2018-03-29 14:57:18,8,3
499157192126144,258872288010854,2012,40,1,13,119.0,1.0,1,LOJA,1,LOJA,30,2018-01-25 14:36:27,2018-03-29 14:57:18,8,3
499157193126144,258872288010854,2012,40,1,13,119.0,2.0,1,LOJA,1,LOJA,70,2018-01-25 14:36:27,2018-03-29 14:57:18,8,3
499157194126144,258872288010854,2012,40,1,13,119.0,4.0,1,LOJA,1,LOJA,5,2018-01-25 14:36:27,2018-03-29 14:57:18,8,3
499149156126144,254502147010854,2011,40,2,101,188.0,1.0,1,ROSA5,1,ROSA5,1,2018-01-25 14:36:24,2018-03-29 14:57:18,8,2
499149157126144,254502147010854,2011,40,2,101,188.0,2.0,1,LECU,1,LECU,1,2018-01-25 14:36:24,2018-03-29 14:57:18,8,2
499149158126144,254502154010854,2011,40,2,101,183.0,2.0,1,ROSA5,1,ROSA5,5,2018-01-25 14:36:24,2018-03-29 14:57:18,8,2
499149159126144,254502157010854,2011,40,1,61,97.0,2.0,2,ROSA5,1,ROSA5,30,2018-01-25 14:36:24,2018-03-29 14:57:18,8,2
499149160126144,254502161010854,2011,40,2,21,149.0,1.0,1,LECU,1,LECU,5,2018-01-25 14:36:24,2018-03-29 14:57:18,8,2
499149161126144,254502161010854,2011,40,2,21,149.0,2.0,1,AIAL,1,AIAL,1,2018-01-25 14:36:24,2018-03-29 14:57:18,8,2
499149162126144,254502164010854,2011,40,2,21,129.0,4.0,1,LECU,1,LECU,1,2018-01-25 14:36:24,2018-03-29 14:57:18,8,2
499149163126144,254502183010854,2011,40,2,101,145.0,2.0,1,ROSA5,1,ROSA5,1,2018-01-25 14:36:24,2018-03-29 14:57:18,8,2
499149164126144,254502185010854,2011,40,1,61,143.0,1.0,1,LECU,1,LECU,1,2018-01-25 14:36:24,2018-03-29 14:57:18,8,2
499149165126144,254502185010854,2011,40,1,61,143.0,4.0,3,ROSA5,1,ROSA5,1,2018-01-25 14:36:24,2018-03-29 14:57:18,8,2
499149166126144,254502185010854,2011,40,1,61,143.0,4.0,3,LECU,1,LECU,30,2018-01-25 14:36:24,2018-03-29 14:57:18,8,2
499149167126144,254502188010854,2011,40,1,77,152.0,1.0,1,LECU,1,LECU,1,2018-01-25 14:36:24,2018-03-29 14:57:18,8,2
499149168126144,254502188010854,2011,40,1,77,152.0,2.0,1,LESPE,1,LESPE,1,2018-01-25 14:36:24,2018-03-29 14:57:18,8,2
499149169126144,254502188010854,2011,40,1,77,152.0,2.0,1,LECU,1,LECU,1,2018-01-25 14:36:24,2018-03-29 14:57:18,8,2
499149170126144,254502188010854,2011,40,1,77,152.0,4.0,1,LESPE,1,LESPE,1,2018-01-25 14:36:24,2018-03-29 14:57:18,8,2
499149171126144,254502189010854,2011,40,1,61,99.0,1.0,1,SCAR7,1,SCAR7,30,2018-01-25 14:36:24,2020-08-10 11:38:55,8,2
499149172126144,254502189010854,2011,40,1,61,99.0,1.0,1,LECU,1,LECU,5,2018-01-25 14:36:24,2018-03-29 14:57:18,8,2
499149173126144,254502189010854,2011,40,1,61,99.0,2.0,2,SCAR7,1,SCAR7,5,2018-01-25 14:36:24,2020-08-10 11:38:55,8,2
499149174126144,254502189010854,2011,40,1,61,99.0,2.0,2,LECU,1,LECU,1,2018-01-25 14:36:24,2018-03-29 14:57:18,8,2
499149175126144,254502189010854,2011,40,1,61,99.0,3.0,1,SCAR7,1,SCAR7,30,2018-01-25 14:36:24,2020-08-10 11:38:55,8,2
499149176126144,254502189010854,2011,40,1,61,99.0,3.0,1,LECU,1,LECU,70,2018-01-25 14:36:24,2018-03-29 14:57:18,8,2
499149177126144,254502189010854,2011,40,1,61,99.0,4.0,1,SCAR7,1,SCAR7,30,2018-01-25 14:36:24,2020-08-10 11:38:55,8,2
499149178126144,254502189010854,2011,40,1,61,99.0,4.0,1,LECU,1,LECU,30,2018-01-25 14:36:24,2018-03-29 14:57:18,8,2
499149179126144,254502194010854,2011,40,2,97,125.0,1.0,1,ROSA5,1,ROSA5,5,2018-01-25 14:36:24,2018-03-29 14:57:18,8,2
499149180126144,254502194010854,2011,40,2,97,125.0,4.0,1,ROSA5,1,ROSA5,5,2018-01-25 14:36:24,2018-03-29 14:57:21,8,2
499149181126144,254502200010854,2011,40,1,23,152.0,1.0,1,LOJA,1,LOJA,1,2018-01-25 14:36:24,2018-03-29 14:57:18,8,2
249901753489998,52903699020004,2013,40,2,101,165.0,4.0,2,ROSA5,1,ROSA5,2,2014-04-07 12:43:45,,8,4
249901878489998,52903705020004,2013,40,2,91,129.0,3.0,1,LIGUS2,1,LIGUS2,4,2014-04-07 12:43:45,,8,4
430711755489998,275617684489998,2015,40,3,37,46.0,3.0,1,LECU,1,LECU,2,2016-09-21 14:10:49,,2,7
430711756489998,275617684489998,2015,40,3,37,46.0,3.0,1,ROSA5,1,ROSA5,1,2016-09-21 14:10:49,,2,7
430711765489998,275617686489998,2015,40,3,37,66.0,1.0,1,ROSA5,1,ROSA5,1,2016-09-21 14:10:49,,2,7
430711841489998,275617704489998,2015,40,4,123,55.0,3.0,2,LECU,1,LECU,2,2016-09-21 14:10:50,,2,7
430711847489998,275617705489998,2015,40,4,123,61.0,1.0,1,LECU,1,LECU,1,2016-09-21 14:10:50,,2,7
430711848489998,275617705489998,2015,40,4,123,61.0,3.0,1,LECU,1,LECU,5,2016-09-21 14:10:50,,2,7
430711981489998,275617713489998,2015,40,4,123,19.0,1.0,1,ROSA5,1,ROSA5,1,2016-09-21 14:10:51,,2,7
430712055489998,275617731489998,2015,40,3,105,41.0,1.0,1,ROSA5,1,ROSA5,1,2016-09-21 14:10:52,,2,7
430712069489998,275617734489998,2015,40,3,113,14.0,2.0,1,LECU,1,LECU,1,2016-09-21 14:10:52,,2,7
430712070489998,275617734489998,2015,40,3,113,14.0,4.0,1,LECU,1,LECU,1,2016-09-21 14:10:52,,2,7
430712079489998,275617736489998,2015,40,3,113,27.0,2.0,1,ROSA5,1,ROSA5,3,2016-09-21 14:10:52,,2,7
430712084489998,275617737489998,2015,40,3,143,43.0,4.0,2,LOJA,1,LOJA,15,2016-09-21 14:10:52,,2,7
430712085489998,275617737489998,2015,40,3,143,43.0,4.0,2,LONIC,1,LONIC,1,2016-09-21 14:10:52,,2,7
430712094489998,275617739489998,2015,40,3,147,11.0,1.0,1,LOJA,1,LOJA,8,2016-09-21 14:10:52,,2,7
430712095489998,275617739489998,2015,40,3,147,11.0,3.0,1,LOJA,1,LOJA,8,2016-09-21 14:10:52,,2,7
430712096489998,275617739489998,2015,40,3,147,11.0,4.0,1,LOJA,1,LOJA,1,2016-09-21 14:10:52,,2,7
430712121489998,275617745489998,2015,40,4,99,13.0,1.0,1,ROSA5,1,ROSA5,1,2016-09-21 14:10:53,,2,7
430712122489998,275617745489998,2015,40,4,99,13.0,2.0,1,ROSA5,1,ROSA5,1,2016-09-21 14:10:53,,2,7
430712123489998,275617745489998,2015,40,4,99,13.0,3.0,1,ROSA5,1,ROSA5,1,2016-09-21 14:10:53,,2,7
430712132489998,275617747489998,2015,40,4,125,11.0,4.0,2,ALJU,1,ALJU,1,2016-09-21 14:10:53,,2,7
430712141489998,275617749489998,2015,40,4,125,30.0,1.0,1,LECU,1,LECU,1,2016-09-21 14:10:53,,2,7
430712142489998,275617749489998,2015,40,4,125,30.0,2.0,1,LECU,1,LECU,3,2016-09-21 14:10:53,,2,7
430712143489998,275617749489998,2015,40,4,125,30.0,3.0,1,LECU,1,LECU,10,2016-09-21 14:10:53,,2,7
430712366489998,275617804489998,2015,40,4,111,42.0,2.0,1,LIGUS2,1,LIGUS2,1,2016-09-21 14:10:55,,2,7
430712367489998,275617804489998,2015,40,4,111,42.0,4.0,1,LOJA,1,LOJA,30,2016-09-21 14:10:55,,2,7
430712482489998,275617807489998,2015,40,3,131,73.0,4.0,3,LONIC,1,LONIC,1,2016-09-21 14:10:56,,2,7
430712488489998,275617808489998,2015,40,3,131,77.0,4.0,2,PYCA80,1,PYCA80,1,2016-09-21 14:10:56,,2,7
430712489489998,275617808489998,2015,40,3,131,77.0,4.0,2,ROSA5,1,ROSA5,1,2016-09-21 14:10:56,,2,7
430712520489998,275617809489998,2015,40,3,143,10.0,1.0,1,ROSA5,1,ROSA5,1,2016-09-21 14:10:56,,2,7
430712537489998,275617813489998,2015,40,3,117,55.0,1.0,1,LECU,1,LECU,3,2016-09-21 14:10:56,,2,7
430712538489998,275617813489998,2015,40,3,117,55.0,2.0,1,LECU,1,LECU,25,2016-09-21 14:10:56,,2,7
430712577489998,275617822489998,2015,40,4,85,21.0,1.0,1,LECU,1,LECU,2,2016-09-21 14:10:56,,2,7
430712578489998,275617822489998,2015,40,4,85,21.0,2.0,1,LECU,1,LECU,13,2016-09-21 14:10:56,,2,7
313523236489998,218223618020004,2014,40,4,125,50.0,2.0,1,LECU,1,LECU,1,2015-03-23 15:05:41,,2,6
430712579489998,275617822489998,2015,40,4,85,21.0,3.0,1,LECU,1,LECU,5,2016-09-21 14:10:56,,2,7
430712580489998,275617822489998,2015,40,4,85,21.0,4.0,1,LECU,1,LECU,2,2016-09-21 14:10:56,,2,7
499158537126144,258881622010854,2012,40,3,37,32.0,1.0,1,ROSA5,1,ROSA5,1,2018-01-25 14:36:27,2018-03-29 14:57:18,2,4
499158538126144,258881622010854,2012,40,3,37,32.0,1.0,1,LECU,1,LECU,1,2018-01-25 14:36:27,2018-03-29 14:57:18,2,4
499158539126144,258881622010854,2012,40,3,37,32.0,2.0,1,LECU,1,LECU,1,2018-01-25 14:36:27,2018-03-29 14:57:18,2,4
499158540126144,258881622010854,2012,40,3,37,32.0,3.0,1,ROSA5,1,ROSA5,1,2018-01-25 14:36:27,2018-03-29 14:57:18,2,4
499158541126144,258881622010854,2012,40,3,37,32.0,3.0,1,LECU,1,LECU,5,2018-01-25 14:36:27,2018-03-29 14:57:18,2,4
499158542126144,258881625010854,2012,40,3,113,25.0,1.0,1,LIGUS2,1,LIGUS2,1,2018-01-25 14:36:27,2018-03-29 14:57:18,2,4
499158543126144,258881625010854,2012,40,3,113,25.0,1.0,1,LOJA,1,LOJA,30,2018-01-25 14:36:27,2018-03-29 14:57:18,2,4
499158544126144,258881625010854,2012,40,3,113,25.0,4.0,1,LIGUS2,1,LIGUS2,5,2018-01-25 14:36:27,2018-03-29 14:57:21,2,4
499158545126144,258881625010854,2012,40,3,113,25.0,4.0,1,ROSA5,1,ROSA5,5,2018-01-25 14:36:27,2018-03-29 14:57:18,2,4
499158546126144,258881625010854,2012,40,3,113,25.0,4.0,1,LOJA,1,LOJA,5,2018-01-25 14:36:27,2018-03-29 14:57:18,2,4
499158547126144,258881626010854,2012,40,3,113,39.0,2.0,2,LIGUS2,1,LIGUS2,5,2018-01-25 14:36:27,2018-03-29 14:57:18,2,4
499158548126144,258881626010854,2012,40,3,113,39.0,2.0,2,LOJA,1,LOJA,30,2018-01-25 14:36:27,2018-03-29 14:57:18,2,4
499158549126144,258881626010854,2012,40,3,113,39.0,3.0,1,LOJA,1,LOJA,30,2018-01-25 14:36:27,2018-03-29 14:57:18,2,4
499158550126144,258881630010854,2012,40,3,113,9.0,1.0,1,LECU,1,LECU,30,2018-01-25 14:36:27,2018-03-29 14:57:18,2,4
499158551126144,258881630010854,2012,40,3,113,9.0,2.0,1,LECU,1,LECU,5,2018-01-25 14:36:27,2018-03-29 14:57:18,2,4
499158552126144,258881630010854,2012,40,3,113,9.0,3.0,1,LECU,1,LECU,5,2018-01-25 14:36:27,2018-03-29 14:57:18,2,4
499158553126144,258881630010854,2012,40,3,113,9.0,4.0,1,LECU,1,LECU,30,2018-01-25 14:36:27,2018-03-29 14:57:18,2,4
499158554126144,258881637010854,2012,40,3,37,8.0,1.0,1,LIGUS2,1,LIGUS2,1,2018-01-25 14:36:27,2018-03-29 14:57:18,2,4
499158555126144,258881637010854,2012,40,3,37,8.0,1.0,1,ROSA5,1,ROSA5,1,2018-01-25 14:36:27,2018-03-29 14:57:18,2,4
499158556126144,258881637010854,2012,40,3,37,8.0,1.0,1,EUFO5,1,EUFO5,30,2018-01-25 14:36:27,2018-03-29 14:57:18,2,4
499158557126144,258881637010854,2012,40,3,37,8.0,2.0,1,LIGUS2,1,LIGUS2,5,2018-01-25 14:36:27,2018-03-29 14:57:18,2,4
499158558126144,258881637010854,2012,40,3,37,8.0,2.0,1,ROSA5,1,ROSA5,5,2018-01-25 14:36:27,2018-03-29 14:57:21,2,4
499158559126144,258881637010854,2012,40,3,37,8.0,2.0,1,EUFO5,1,EUFO5,5,2018-01-25 14:36:27,2018-03-29 14:57:18,2,4
499158560126144,258881637010854,2012,40,3,37,8.0,2.0,1,LOJA,1,LOJA,1,2018-01-25 14:36:27,2018-03-29 14:57:18,2,4
499158561126144,258881637010854,2012,40,3,37,8.0,3.0,1,LIGUS2,1,LIGUS2,5,2018-01-25 14:36:27,2018-03-29 14:57:18,2,4
499158562126144,258881637010854,2012,40,3,37,8.0,3.0,1,EUFO5,1,EUFO5,5,2018-01-25 14:36:27,2018-03-29 14:57:18,2,4
499158563126144,258881637010854,2012,40,3,37,8.0,4.0,1,LECU,1,LECU,1,2018-01-25 14:36:27,2018-03-29 14:57:18,2,4
499158564126144,258881640010854,2012,40,4,69,27.0,1.0,1,LIGUS2,1,LIGUS2,1,2018-01-25 14:36:27,2018-03-29 14:57:18,2,4
499158565126144,258881640010854,2012,40,4,69,27.0,2.0,1,LECU,1,LECU,1,2018-01-25 14:36:27,2018-03-29 14:57:18,2,4
499158566126144,258881640010854,2012,40,4,69,27.0,3.0,1,LIGUS2,1,LIGUS2,30,2018-01-25 14:36:27,2018-03-29 14:57:18,2,4
499158567126144,258881640010854,2012,40,4,69,27.0,3.0,1,LECU,1,LECU,1,2018-01-25 14:36:27,2018-03-29 14:57:18,2,4
499158568126144,258881640010854,2012,40,4,69,27.0,4.0,1,ROSA5,1,ROSA5,5,2018-01-25 14:36:27,2018-03-29 14:57:18,2,4
499158569126144,258881640010854,2012,40,4,69,27.0,4.0,1,LOJA,1,LOJA,1,2018-01-25 14:36:27,2018-03-29 14:57:18,2,4
499158570126144,258881640010854,2012,40,4,69,27.0,4.0,1,LECU,1,LECU,1,2018-01-25 14:36:27,2018-03-29 14:57:18,2,4
499158571126144,258881648010854,2012,40,3,113,104.0,3.0,1,LECU,1,LECU,1,2018-01-25 14:36:27,2018-03-29 14:57:18,2,4
499158572126144,258881650010854,2012,40,3,113,45.0,1.0,1,LECU,1,LECU,5,2018-01-25 14:36:27,2018-03-29 14:57:18,2,4
499158573126144,258881650010854,2012,40,3,113,45.0,2.0,1,LECU,1,LECU,30,2018-01-25 14:36:27,2018-03-29 14:57:18,2,4
499158574126144,258881650010854,2012,40,3,113,45.0,4.0,1,LECU,1,LECU,5,2018-01-25 14:36:27,2018-03-29 14:57:18,2,4
499158575126144,258881670010854,2012,40,4,63,86.0,2.0,1,ROSA5,1,ROSA5,5,2018-01-25 14:36:27,2018-03-29 14:57:18,2,4
499158576126144,258881671010854,2012,40,4,133,30.0,1.0,1,LIGUS2,1,LIGUS2,5,2018-01-25 14:36:27,2018-03-29 14:57:18,2,4
499158577126144,258881671010854,2012,40,4,133,30.0,1.0,1,ROSA5,1,ROSA5,5,2018-01-25 14:36:27,2018-03-29 14:57:18,2,4
499158578126144,258881671010854,2012,40,4,133,30.0,2.0,1,LIGUS2,1,LIGUS2,5,2018-01-25 14:36:27,2018-03-29 14:57:18,2,4
499158579126144,258881671010854,2012,40,4,133,30.0,2.0,1,ROSA5,1,ROSA5,30,2018-01-25 14:36:27,2018-03-29 14:57:18,2,4
499158580126144,258881671010854,2012,40,4,133,30.0,4.0,1,LIGUS2,1,LIGUS2,30,2018-01-25 14:36:27,2018-03-29 14:57:18,2,4
499158581126144,258881671010854,2012,40,4,133,30.0,4.0,1,ROSA5,1,ROSA5,5,2018-01-25 14:36:27,2018-03-29 14:57:18,2,4
499158582126144,258881674010854,2012,40,4,123,18.0,1.0,1,LOJA,1,LOJA,30,2018-01-25 14:36:27,2018-03-29 14:57:18,2,4
499158583126144,258881674010854,2012,40,4,123,18.0,2.0,1,ROSA5,1,ROSA5,5,2018-01-25 14:36:27,2018-03-29 14:57:18,2,4
499158584126144,258881674010854,2012,40,4,123,18.0,2.0,1,LOJA,1,LOJA,30,2018-01-25 14:36:27,2018-03-29 14:57:18,2,4
499158585126144,258881674010854,2012,40,4,123,18.0,4.0,1,LOJA,1,LOJA,30,2018-01-25 14:36:27,2018-03-29 14:57:18,2,4
499158586126144,258881681010854,2012,40,3,113,143.0,1.0,1,LECU,1,LECU,1,2018-01-25 14:36:27,2018-03-29 14:57:18,2,4
499158587126144,258881681010854,2012,40,3,113,143.0,4.0,1,LECU,1,LECU,5,2018-01-25 14:36:27,2018-03-29 14:57:18,2,4
499158588126144,258881702010854,2012,40,4,125,15.0,1.0,1,LECU,1,LECU,1,2018-01-25 14:36:27,2018-03-29 14:57:18,2,4
499158589126144,258881702010854,2012,40,4,125,15.0,2.0,1,LECU,1,LECU,1,2018-01-25 14:36:27,2018-03-29 14:57:18,2,4
499158590126144,258881722010854,2012,40,4,125,63.0,1.0,2,LOJA,1,LOJA,1,2018-01-25 14:36:27,2018-03-29 14:57:18,2,4
499158591126144,258881722010854,2012,40,4,125,63.0,2.0,2,LIGUS2,1,LIGUS2,1,2018-01-25 14:36:27,2018-03-29 14:57:18,2,4
499158592126144,258881722010854,2012,40,4,125,63.0,2.0,2,LOJA,1,LOJA,5,2018-01-25 14:36:27,2018-03-29 14:57:18,2,4
499158593126144,258881767010854,2012,40,4,27,31.0,1.0,1,LIGUS2,1,LIGUS2,1,2018-01-25 14:36:27,2018-03-29 14:57:18,2,4
499158594126144,258881767010854,2012,40,4,27,31.0,1.0,1,ROSA5,1,ROSA5,1,2018-01-25 14:36:27,2018-03-29 14:57:18,2,4
499158595126144,258881767010854,2012,40,4,27,31.0,2.0,1,ROSA5,1,ROSA5,1,2018-01-25 14:36:27,2018-03-29 14:57:18,2,4
499158596126144,258881777010854,2012,40,5,137,5.0,4.0,1,ROSA5,1,ROSA5,1,2018-01-25 14:36:27,2018-03-29 14:57:18,2,4
499158597126144,258881793010854,2012,40,4,109,59.0,1.0,1,LONIC,1,LONIC,5,2018-01-25 14:36:27,2018-03-29 14:57:18,2,4
499158598126144,258881793010854,2012,40,4,109,59.0,2.0,2,LIGUS2,1,LIGUS2,1,2018-01-25 14:36:27,2018-03-29 14:57:18,2,4
499158599126144,258881793010854,2012,40,4,109,59.0,2.0,2,LONIC,1,LONIC,5,2018-01-25 14:36:27,2018-03-29 14:57:18,2,4
499158600126144,258881793010854,2012,40,4,109,59.0,2.0,2,VINCA,1,VINCA,30,2018-01-25 14:36:27,2018-03-29 14:57:18,2,4
499158601126144,258881793010854,2012,40,4,109,59.0,3.0,1,LONIC,1,LONIC,1,2018-01-25 14:36:27,2018-03-29 14:57:18,2,4
499158602126144,258881835010854,2012,40,5,51,88.0,1.0,1,ROSA5,1,ROSA5,5,2018-01-25 14:36:27,2018-03-29 14:57:21,2,4
499158603126144,258881835010854,2012,40,5,51,88.0,4.0,1,ROSA5,1,ROSA5,1,2018-01-25 14:36:27,2018-03-29 14:57:18,2,4
499158604126144,258881837010854,2012,40,5,51,101.0,1.0,1,ROSA5,1,ROSA5,5,2018-01-25 14:36:27,2018-03-29 14:57:21,2,4
499158605126144,258881837010854,2012,40,5,51,101.0,2.0,1,ROSA5,1,ROSA5,5,2018-01-25 14:36:27,2018-03-29 14:57:18,2,4
499158606126144,258881837010854,2012,40,5,51,101.0,3.0,1,ROSA5,1,ROSA5,5,2018-01-25 14:36:27,2018-03-29 14:57:18,2,4
249899735489998,52903555020004,2013,40,1,121,174.0,4.0,1,LIGUS2,1,LIGUS2,55,2014-04-07 12:43:32,,8,4
249899736489998,52903555020004,2013,40,1,121,174.0,2.0,1,ROSA5,1,ROSA5,3,2014-04-07 12:43:32,,8,4
499149020126144,254501981010854,2011,40,1,79,196.0,2.0,2,LOJA,1,LOJA,5,2018-01-25 14:36:24,2018-03-29 14:57:18,8,2
499149021126144,254501982010854,2011,40,1,79,305.0,1.0,1,LIGUS2,1,LIGUS2,5,2018-01-25 14:36:24,2018-03-29 14:57:18,8,2
499149022126144,254501982010854,2011,40,1,79,305.0,2.0,2,LIGUS2,1,LIGUS2,5,2018-01-25 14:36:24,2018-03-29 14:57:18,8,2
499149023126144,254501982010854,2011,40,1,79,305.0,2.0,2,ROSA5,1,ROSA5,1,2018-01-25 14:36:24,2018-03-29 14:57:18,8,2
499149024126144,254501982010854,2011,40,1,79,305.0,3.0,1,LIGUS2,1,LIGUS2,1,2018-01-25 14:36:24,2018-03-29 14:57:18,8,2
499149025126144,254501982010854,2011,40,1,79,305.0,3.0,1,LOJA,1,LOJA,1,2018-01-25 14:36:24,2018-03-29 14:57:18,8,2
499149026126144,254501984010854,2011,40,1,89,323.0,1.0,1,LIGUS2,1,LIGUS2,1,2018-01-25 14:36:24,2018-03-29 14:57:18,8,2
499149027126144,254501984010854,2011,40,1,89,323.0,1.0,1,LOJA,1,LOJA,1,2018-01-25 14:36:24,2018-03-29 14:57:18,8,2
499149028126144,254501984010854,2011,40,1,89,323.0,2.0,2,LECU,1,LECU,1,2018-01-25 14:36:24,2018-03-29 14:57:21,8,2
499149029126144,254501984010854,2011,40,1,89,323.0,3.0,1,ROSA5,1,ROSA5,1,2018-01-25 14:36:24,2018-03-29 14:57:18,8,2
499149030126144,254501984010854,2011,40,1,89,323.0,3.0,1,LOJA,1,LOJA,1,2018-01-25 14:36:24,2018-03-29 14:57:18,8,2
499149031126144,254501984010854,2011,40,1,89,323.0,4.0,1,ROSA5,1,ROSA5,1,2018-01-25 14:36:24,2018-03-29 14:57:18,8,2
499149032126144,254501984010854,2011,40,1,89,323.0,4.0,1,LECU,1,LECU,1,2018-01-25 14:36:24,2018-03-29 14:57:18,8,2
499149033126144,254501985010854,2011,40,1,89,353.0,1.0,1,LOJA,1,LOJA,5,2018-01-25 14:36:24,2018-03-29 14:57:18,8,2
499149034126144,254501986010854,2011,40,1,89,293.0,1.0,1,LOJA,1,LOJA,5,2018-01-25 14:36:24,2018-03-29 14:57:18,8,2
499149035126144,254501986010854,2011,40,1,89,293.0,3.0,1,ROSA5,1,ROSA5,5,2018-01-25 14:36:24,2018-03-29 14:57:18,8,2
499149036126144,254501988010854,2011,40,1,89,388.0,3.0,1,LOJA,1,LOJA,1,2018-01-25 14:36:24,2018-03-29 14:57:18,8,2
499149037126144,254501989010854,2011,40,1,89,434.0,1.0,1,LOJA,1,LOJA,5,2018-01-25 14:36:24,2018-03-29 14:57:18,8,2
499149038126144,254501989010854,2011,40,1,89,434.0,1.0,2,LOJA,1,LOJA,5,2018-01-25 14:36:24,2018-03-29 14:57:18,8,2
499149039126144,254501989010854,2011,40,1,89,434.0,2.0,1,LOJA,1,LOJA,5,2018-01-25 14:36:24,2018-03-29 14:57:18,8,2
499149040126144,254501991010854,2011,40,1,89,276.0,1.0,1,LOJA,1,LOJA,1,2018-01-25 14:36:24,2018-03-29 14:57:18,8,2
499149041126144,254501991010854,2011,40,1,89,276.0,4.0,1,LOJA,1,LOJA,1,2018-01-25 14:36:24,2018-03-29 14:57:18,8,2
499149042126144,254501994010854,2011,40,1,79,294.0,1.0,1,LOJA,1,LOJA,1,2018-01-25 14:36:24,2018-03-29 14:57:18,8,2
499149043126144,254501995010854,2011,40,1,79,262.0,4.0,2,LECU,1,LECU,1,2018-01-25 14:36:24,2018-03-29 14:57:18,8,2
499149044126144,254501996010854,2011,40,1,89,360.0,1.0,1,LECU,1,LECU,1,2018-01-25 14:36:24,2018-03-29 14:57:18,8,2
499149045126144,254501998010854,2011,40,1,89,303.0,2.0,1,LECU,1,LECU,1,2018-01-25 14:36:24,2018-03-29 14:57:18,8,2
499149046126144,254501998010854,2011,40,1,89,303.0,3.0,1,LECU,1,LECU,5,2018-01-25 14:36:24,2018-03-29 14:57:18,8,2
499149047126144,254501998010854,2011,40,1,89,303.0,4.0,1,LECU,1,LECU,30,2018-01-25 14:36:24,2018-03-29 14:57:18,8,2
499149048126144,254502001010854,2011,40,1,89,379.0,4.0,1,ROSA5,1,ROSA5,5,2018-01-25 14:36:24,2018-03-29 14:57:18,8,2
499149049126144,254502007010854,2011,40,1,79,238.0,4.0,1,LIGUS2,1,LIGUS2,5,2018-01-25 14:36:24,2018-03-29 14:57:18,8,2
499149050126144,254502007010854,2011,40,1,79,238.0,4.0,1,LOJA,1,LOJA,5,2018-01-25 14:36:24,2018-03-29 14:57:18,8,2
499149051126144,254502013010854,2011,40,1,79,306.0,3.0,1,LECU,1,LECU,1,2018-01-25 14:36:24,2018-03-29 14:57:18,8,2
499149052126144,254502023010854,2011,40,2,135,126.0,1.0,1,LOJA,1,LOJA,5,2018-01-25 14:36:24,2018-03-29 14:57:18,8,2
499149053126144,254502023010854,2011,40,2,135,126.0,2.0,1,LIGUS2,1,LIGUS2,5,2018-01-25 14:36:24,2018-03-29 14:57:18,8,2
499149054126144,254502023010854,2011,40,2,135,126.0,2.0,1,LOJA,1,LOJA,5,2018-01-25 14:36:24,2018-03-29 14:57:18,8,2
499149055126144,254502031010854,2011,40,1,89,345.0,1.0,1,LIGUS2,1,LIGUS2,5,2018-01-25 14:36:24,2018-03-29 14:57:18,8,2
499149056126144,254502031010854,2011,40,1,89,345.0,1.0,1,LOJA,1,LOJA,1,2018-01-25 14:36:24,2018-03-29 14:57:18,8,2
499149057126144,254502031010854,2011,40,1,89,345.0,2.0,1,LIGUS2,1,LIGUS2,5,2018-01-25 14:36:24,2018-03-29 14:57:18,8,2
499149058126144,254502031010854,2011,40,1,89,345.0,2.0,1,LOJA,1,LOJA,5,2018-01-25 14:36:24,2018-03-29 14:57:18,8,2
499149059126144,254502031010854,2011,40,1,89,345.0,3.0,1,LIGUS2,1,LIGUS2,5,2018-01-25 14:36:24,2018-03-29 14:57:18,8,2
499149060126144,254502031010854,2011,40,1,89,345.0,3.0,1,LOJA,1,LOJA,1,2018-01-25 14:36:24,2018-03-29 14:57:18,8,2
499149061126144,254502032010854,2011,40,1,89,274.0,1.0,1,LOJA,1,LOJA,5,2018-01-25 14:36:24,2018-03-29 14:57:18,8,2
499149062126144,254502032010854,2011,40,1,89,274.0,2.0,1,LOJA,1,LOJA,5,2018-01-25 14:36:24,2018-03-29 14:57:18,8,2
499149063126144,254502032010854,2011,40,1,89,274.0,3.0,1,ALJU,1,ALJU,1,2018-01-25 14:36:24,2018-03-29 14:57:18,8,2
499149064126144,254502032010854,2011,40,1,89,274.0,3.0,1,LOJA,1,LOJA,30,2018-01-25 14:36:24,2018-03-29 14:57:18,8,2
499149065126144,254502034010854,2011,40,1,89,230.0,3.0,1,ROSA5,1,ROSA5,1,2018-01-25 14:36:24,2018-03-29 14:57:18,8,2
499149066126144,254502040010854,2011,40,1,79,277.0,3.0,2,LECU,1,LECU,1,2018-01-25 14:36:24,2018-03-29 14:57:18,8,2
499149067126144,254502047010854,2011,40,1,79,212.0,1.0,1,ROSA5,1,ROSA5,5,2018-01-25 14:36:24,2018-03-29 14:57:18,8,2
499149068126144,254502047010854,2011,40,1,79,212.0,1.0,1,LOJA,1,LOJA,5,2018-01-25 14:36:24,2018-03-29 14:57:18,8,2
499149069126144,254502047010854,2011,40,1,79,212.0,2.0,1,LOJA,1,LOJA,1,2018-01-25 14:36:24,2018-03-29 14:57:18,8,2
499149070126144,254502047010854,2011,40,1,79,212.0,3.0,2,LECU,1,LECU,1,2018-01-25 14:36:24,2018-03-29 14:57:18,8,2
499149071126144,254502047010854,2011,40,1,79,212.0,4.0,1,ROSA5,1,ROSA5,1,2018-01-25 14:36:24,2018-03-29 14:57:18,8,2
499149072126144,254502047010854,2011,40,1,79,212.0,4.0,1,LOJA,1,LOJA,5,2018-01-25 14:36:24,2018-03-29 14:57:18,8,2
499149073126144,254502050010854,2011,40,1,79,236.0,1.0,1,ROSA5,1,ROSA5,5,2018-01-25 14:36:24,2018-03-29 14:57:18,8,2
499149074126144,254502052010854,2011,40,1,79,347.0,4.0,1,LESPE,1,LESPE,1,2018-01-25 14:36:24,2018-03-29 14:57:18,8,2
499149075126144,254502054010854,2011,40,2,1,89.0,1.0,1,PUMOL,1,PUMOL,1,2018-01-25 14:36:24,2018-03-29 14:57:18,8,2
499149076126144,254502054010854,2011,40,2,1,89.0,4.0,2,LOJA,1,LOJA,70,2018-01-25 14:36:24,2018-03-29 14:57:18,8,2
499149077126144,254502054010854,2011,40,2,1,89.0,4.0,2,PUMOL,1,PUMOL,70,2018-01-25 14:36:24,2018-03-29 14:57:18,8,2
499149078126144,254502056010854,2011,40,2,21,125.0,1.0,1,ROSA5,1,ROSA5,5,2018-01-25 14:36:24,2018-03-29 14:57:21,8,2
499149079126144,254502056010854,2011,40,2,21,125.0,1.0,1,LOJA,1,LOJA,1,2018-01-25 14:36:24,2018-03-29 14:57:18,8,2
499149080126144,254502056010854,2011,40,2,21,125.0,1.0,1,LECU,1,LECU,5,2018-01-25 14:36:24,2018-03-29 14:57:18,8,2
499149081126144,254502056010854,2011,40,2,21,125.0,2.0,1,LECU,1,LECU,30,2018-01-25 14:36:24,2018-03-29 14:57:18,8,2
499149082126144,254502056010854,2011,40,2,21,125.0,3.0,1,LIGUS2,1,LIGUS2,1,2018-01-25 14:36:24,2018-03-29 14:57:18,8,2
499149083126144,254502056010854,2011,40,2,21,125.0,3.0,1,LECU,1,LECU,30,2018-01-25 14:36:24,2018-03-29 14:57:18,8,2
499149084126144,254502056010854,2011,40,2,21,125.0,4.0,2,LECU,1,LECU,1,2018-01-25 14:36:24,2018-03-29 14:57:18,8,2
499149085126144,254502058010854,2011,40,2,21,161.0,1.0,1,LECU,1,LECU,1,2018-01-25 14:36:24,2018-03-29 14:57:18,8,2
499149086126144,254502058010854,2011,40,2,21,161.0,2.0,1,LECU,1,LECU,1,2018-01-25 14:36:24,2018-03-29 14:57:18,8,2
499149087126144,254502058010854,2011,40,2,21,161.0,3.0,2,LECU,1,LECU,1,2018-01-25 14:36:24,2018-03-29 14:57:18,8,2
499149088126144,254502058010854,2011,40,2,21,161.0,4.0,2,LECU,1,LECU,30,2018-01-25 14:36:24,2018-03-29 14:57:18,8,2
499149089126144,254502070010854,2011,40,1,89,260.0,3.0,1,LOJA,1,LOJA,1,2018-01-25 14:36:24,2018-03-29 14:57:21,8,2
499149090126144,254502072010854,2011,40,1,89,267.0,4.0,1,LOJA,1,LOJA,1,2018-01-25 14:36:24,2018-03-29 14:57:18,8,2
499149091126144,254502075010854,2011,40,1,77,116.0,4.0,1,ROSA5,1,ROSA5,1,2018-01-25 14:36:24,2018-03-29 14:57:18,8,2
499149092126144,254502077010854,2011,40,1,77,146.0,1.0,1,LECU,1,LECU,1,2018-01-25 14:36:24,2018-03-29 14:57:18,8,2
499149093126144,254502077010854,2011,40,1,77,146.0,2.0,1,LECU,1,LECU,1,2018-01-25 14:36:24,2018-03-29 14:57:18,8,2
499149094126144,254502077010854,2011,40,1,77,146.0,3.0,1,LECU,1,LECU,5,2018-01-25 14:36:24,2018-03-29 14:57:18,8,2
499149095126144,254502077010854,2011,40,1,77,146.0,4.0,1,LECU,1,LECU,1,2018-01-25 14:36:24,2018-03-29 14:57:18,8,2
499149096126144,254502079010854,2011,40,2,135,160.0,4.0,1,LECU,1,LECU,1,2018-01-25 14:36:24,2018-03-29 14:57:18,8,2
499149097126144,254502081010854,2011,40,2,135,121.0,2.0,2,LESPE,1,LESPE,5,2018-01-25 14:36:24,2018-03-29 14:57:18,8,2
499149098126144,254502081010854,2011,40,2,135,121.0,3.0,2,LESPE,1,LESPE,5,2018-01-25 14:36:24,2018-03-29 14:57:18,8,2
499149099126144,254502081010854,2011,40,2,135,121.0,4.0,2,LESPE,1,LESPE,5,2018-01-25 14:36:24,2018-03-29 14:57:18,8,2
499149100126144,254502082010854,2011,40,2,21,165.0,4.0,2,LECU,1,LECU,1,2018-01-25 14:36:24,2018-03-29 14:57:18,8,2
499149101126144,254502083010854,2011,40,2,135,167.0,2.0,1,LESPE,1,LESPE,1,2018-01-25 14:36:24,2018-03-29 14:57:18,8,2
249899737489998,52903555020004,2013,40,1,121,174.0,4.0,1,ROSA5,1,ROSA5,1,2014-04-07 12:43:32,,8,4
249899742489998,52903556020004,2013,40,1,121,231.0,3.0,1,LECU,1,LECU,1,2014-04-07 12:43:32,,8,4
249899743489998,52903556020004,2013,40,1,121,231.0,4.0,1,LECU,1,LECU,1,2014-04-07 12:43:32,,8,4
249899744489998,52903556020004,2013,40,1,121,231.0,3.0,1,ROSA5,1,ROSA5,1,2014-04-07 12:43:32,,8,4
249899757489998,52903560020004,2013,40,1,79,245.0,3.0,1,ROSA5,1,ROSA5,1,2014-04-07 12:43:32,,8,4
249899895489998,52903569020004,2013,40,1,89,333.0,3.0,1,LECU,1,LECU,5,2014-04-07 12:43:34,,8,4
249899896489998,52903569020004,2013,40,1,89,333.0,4.0,1,LECU,1,LECU,18,2014-04-07 12:43:34,,8,4
249900155489998,52903587020004,2013,40,2,135,149.0,2.0,1,LECU,1,LECU,1,2014-04-07 12:43:35,,8,4
249900156489998,52903587020004,2013,40,2,135,149.0,3.0,1,LECU,1,LECU,1,2014-04-07 12:43:35,,8,4
249900157489998,52903587020004,2013,40,2,135,149.0,2.0,1,LOJA,1,LOJA,1,2014-04-07 12:43:35,,8,4
249900158489998,52903587020004,2013,40,2,135,149.0,3.0,1,LOJA,1,LOJA,10,2014-04-07 12:43:35,,8,4
249900159489998,52903587020004,2013,40,2,135,149.0,4.0,1,LOJA,1,LOJA,7,2014-04-07 12:43:35,,8,4
249900160489998,52903587020004,2013,40,2,135,149.0,1.0,1,ROSA5,1,ROSA5,1,2014-04-07 12:43:35,,8,4
249900161489998,52903587020004,2013,40,2,135,149.0,2.0,1,ROSA5,1,ROSA5,4,2014-04-07 12:43:35,,8,4
249900162489998,52903587020004,2013,40,2,135,149.0,4.0,1,ROSA5,1,ROSA5,5,2014-04-07 12:43:35,,8,4
249900279489998,52903592020004,2013,40,1,61,137.0,1.0,1,LIGUS2,1,LIGUS2,2,2014-04-07 12:43:36,,8,4
249900280489998,52903592020004,2013,40,1,61,137.0,3.0,1,LIGUS2,1,LIGUS2,15,2014-04-07 12:43:36,,8,4
249901286489998,52903654020004,2013,40,1,61,101.0,1.0,1,LECU,1,LECU,22,2014-04-07 12:43:41,,8,4
249901287489998,52903654020004,2013,40,1,61,101.0,2.0,1,LECU,1,LECU,1,2014-04-07 12:43:41,,8,4
249901288489998,52903654020004,2013,40,1,61,101.0,3.0,1,LECU,1,LECU,8,2014-04-07 12:43:41,,8,4
249901289489998,52903654020004,2013,40,1,61,101.0,4.0,1,LECU,1,LECU,2,2014-04-07 12:43:41,,8,4
249901506489998,52903663020004,2013,40,2,91,150.0,1.0,1,ROSA5,1,ROSA5,2,2014-04-07 12:43:42,,8,4
249901507489998,52903663020004,2013,40,2,91,150.0,2.0,1,ROSA5,1,ROSA5,2,2014-04-07 12:43:42,,8,4
249901522489998,52903666020004,2013,40,1,29,97.0,1.0,1,LECU,1,LECU,1,2014-04-07 12:43:42,,8,4
249901523489998,52903666020004,2013,40,1,29,97.0,2.0,1,LECU,1,LECU,1,2014-04-07 12:43:42,,8,4
249901537489998,52903670020004,2013,40,2,91,111.0,1.0,1,LECU,1,LECU,6,2014-04-07 12:43:42,,8,4
249901538489998,52903670020004,2013,40,2,91,111.0,4.0,1,LECU,1,LECU,1,2014-04-07 12:43:42,,8,4
249901563489998,52903676020004,2013,40,1,79,300.0,2.0,1,LOJA,1,LOJA,1,2014-04-07 12:43:43,,8,4
249901600489998,52903684020004,2013,40,1,89,395.0,4.0,2,LIGUS2,1,LIGUS2,1,2014-04-07 12:43:43,,8,4
249901613489998,52903691020004,2013,40,1,79,234.0,1.0,1,LOJA,1,LOJA,1,2014-04-07 12:43:44,,8,4
249901614489998,52903691020004,2013,40,1,79,234.0,2.0,1,LOJA,1,LOJA,10,2014-04-07 12:43:44,,8,4
249901615489998,52903691020004,2013,40,1,79,234.0,1.0,1,ROSA5,1,ROSA5,2,2014-04-07 12:43:44,,8,4
249901740489998,52903697020004,2013,40,1,77,137.0,3.0,1,LECU,1,LECU,1,2014-04-07 12:43:44,,8,4
249901750489998,52903699020004,2013,40,2,101,165.0,4.0,2,EUFO5,1,EUFO5,2,2014-04-07 12:43:45,,8,4
249901751489998,52903699020004,2013,40,2,101,165.0,4.0,2,LIGUS2,1,LIGUS2,70,2014-04-07 12:43:45,,8,4
249901752489998,52903699020004,2013,40,2,101,165.0,4.0,2,LOJA,1,LOJA,25,2014-04-07 12:43:45,,8,4
499149102126144,254502083010854,2011,40,2,135,167.0,2.0,1,LECU,1,LECU,1,2018-01-25 14:36:24,2018-03-29 14:57:18,8,2
499149103126144,254502083010854,2011,40,2,135,167.0,3.0,1,LESPE,1,LESPE,5,2018-01-25 14:36:24,2018-03-29 14:57:18,8,2
499149104126144,254502084010854,2011,40,2,135,120.0,1.0,1,LIGUS2,1,LIGUS2,1,2018-01-25 14:36:24,2018-03-29 14:57:18,8,2
499149105126144,254502084010854,2011,40,2,135,120.0,2.0,1,LIGUS2,1,LIGUS2,1,2018-01-25 14:36:24,2018-03-29 14:57:18,8,2
499149106126144,254502084010854,2011,40,2,135,120.0,4.0,1,ROSA5,1,ROSA5,30,2018-01-25 14:36:24,2018-03-29 14:57:18,8,2
499149107126144,254502084010854,2011,40,2,135,120.0,4.0,1,LOJA,1,LOJA,30,2018-01-25 14:36:24,2018-03-29 14:57:18,8,2
499149108126144,254502085010854,2011,40,2,135,166.0,1.0,1,LOJA,1,LOJA,70,2018-01-25 14:36:24,2018-03-29 14:57:18,8,2
499149109126144,254502085010854,2011,40,2,135,166.0,2.0,1,LIGUS2,1,LIGUS2,5,2018-01-25 14:36:24,2018-03-29 14:57:18,8,2
499149110126144,254502085010854,2011,40,2,135,166.0,2.0,1,LOJA,1,LOJA,5,2018-01-25 14:36:24,2018-03-29 14:57:18,8,2
499149111126144,254502085010854,2011,40,2,135,166.0,2.0,1,SCAR7,1,SCAR7,5,2018-01-25 14:36:24,2020-08-10 11:38:55,8,2
499149112126144,254502085010854,2011,40,2,135,166.0,4.0,1,LOJA,1,LOJA,30,2018-01-25 14:36:24,2018-03-29 14:57:18,8,2
499149113126144,254502085010854,2011,40,2,135,166.0,4.0,1,SCAR7,1,SCAR7,30,2018-01-25 14:36:24,2020-08-10 11:38:55,8,2
499149114126144,254502085010854,2011,40,2,135,166.0,4.0,1,LECU,1,LECU,5,2018-01-25 14:36:24,2018-03-29 14:57:18,8,2
499149115126144,254502089010854,2011,40,1,61,115.0,3.0,2,LIGUS2,1,LIGUS2,30,2018-01-25 14:36:24,2018-03-29 14:57:18,8,2
499149116126144,254502089010854,2011,40,1,61,115.0,3.0,2,LECU,1,LECU,1,2018-01-25 14:36:24,2018-03-29 14:57:18,8,2
499149117126144,254502094010854,2011,40,2,1,101.0,1.0,1,LECU,1,LECU,1,2018-01-25 14:36:24,2018-03-29 14:57:18,8,2
499149118126144,254502097010854,2011,40,2,21,128.0,3.0,1,AIAL,1,AIAL,1,2018-01-25 14:36:24,2018-03-29 14:57:18,8,2
499149119126144,254502097010854,2011,40,2,21,128.0,3.0,1,LESPE,1,LESPE,1,2018-01-25 14:36:24,2018-03-29 14:57:18,8,2
499149120126144,254502097010854,2011,40,2,21,128.0,4.0,1,AIAL,1,AIAL,5,2018-01-25 14:36:24,2018-03-29 14:57:18,8,2
499149121126144,254502102010854,2011,40,1,23,143.0,3.0,1,LOJA,1,LOJA,5,2018-01-25 14:36:24,2018-03-29 14:57:18,8,2
499149122126144,254502102010854,2011,40,1,23,143.0,4.0,1,LECU,1,LECU,5,2018-01-25 14:36:24,2018-03-29 14:57:18,8,2
499149123126144,254502105010854,2011,40,1,127,229.0,2.0,1,ROSA5,1,ROSA5,5,2018-01-25 14:36:24,2018-03-29 14:57:18,8,2
499149124126144,254502108010854,2011,40,1,127,264.0,4.0,1,ROSA5,1,ROSA5,5,2018-01-25 14:36:24,2018-03-29 14:57:21,8,2
499149125126144,254502108010854,2011,40,1,127,264.0,4.0,1,LECU,1,LECU,5,2018-01-25 14:36:24,2018-03-29 14:57:18,8,2
499149126126144,254502109010854,2011,40,1,89,318.0,1.0,1,ROSA5,1,ROSA5,1,2018-01-25 14:36:24,2018-03-29 14:57:18,8,2
499149127126144,254502109010854,2011,40,1,89,318.0,3.0,1,LOJA,1,LOJA,5,2018-01-25 14:36:24,2018-03-29 14:57:18,8,2
499149128126144,254502114010854,2011,40,1,127,215.0,2.0,1,ROSA5,1,ROSA5,5,2018-01-25 14:36:24,2018-03-29 14:57:18,8,2
499149129126144,254502114010854,2011,40,1,127,215.0,4.0,1,ROSA5,1,ROSA5,5,2018-01-25 14:36:24,2018-03-29 14:57:21,8,2
499149130126144,254502119010854,2011,40,1,77,121.0,4.0,1,LECU,1,LECU,5,2018-01-25 14:36:24,2018-03-29 14:57:18,8,2
499149131126144,254502122010854,2011,40,2,21,103.0,2.0,1,LECU,1,LECU,1,2018-01-25 14:36:24,2018-03-29 14:57:18,8,2
499149132126144,254502123010854,2011,40,2,21,153.0,1.0,1,LECU,1,LECU,5,2018-01-25 14:36:24,2018-03-29 14:57:18,8,2
499149133126144,254502123010854,2011,40,2,21,153.0,2.0,1,LECU,1,LECU,1,2018-01-25 14:36:24,2018-03-29 14:57:18,8,2
499149134126144,254502123010854,2011,40,2,21,153.0,3.0,1,LECU,1,LECU,5,2018-01-25 14:36:24,2018-03-29 14:57:18,8,2
499149135126144,254502123010854,2011,40,2,21,153.0,4.0,1,LECU,1,LECU,5,2018-01-25 14:36:24,2018-03-29 14:57:18,8,2
499149136126144,254502132010854,2011,40,2,41,136.0,1.0,1,ROSA5,1,ROSA5,1,2018-01-25 14:36:24,2018-03-29 14:57:18,8,2
499149137126144,254502132010854,2011,40,2,41,136.0,2.0,1,ROSA5,1,ROSA5,1,2018-01-25 14:36:24,2018-03-29 14:57:18,8,2
499149138126144,254502133010854,2011,40,2,41,140.0,3.0,2,LECU,1,LECU,5,2018-01-25 14:36:24,2018-03-29 14:57:18,8,2
499149139126144,254502136010854,2011,40,2,115,84.0,1.0,1,LIGUS2,1,LIGUS2,1,2018-01-25 14:36:24,2018-03-29 14:57:18,8,2
499149140126144,254502136010854,2011,40,2,115,84.0,1.0,1,ROSA5,1,ROSA5,5,2018-01-25 14:36:24,2018-03-29 14:57:18,8,2
499149141126144,254502136010854,2011,40,2,115,84.0,1.0,1,LOJA,1,LOJA,5,2018-01-25 14:36:24,2018-03-29 14:57:18,8,2
499149142126144,254502136010854,2011,40,2,115,84.0,2.0,1,LIGUS2,1,LIGUS2,1,2018-01-25 14:36:24,2018-03-29 14:57:18,8,2
499149143126144,254502136010854,2011,40,2,115,84.0,2.0,1,ROSA5,1,ROSA5,1,2018-01-25 14:36:24,2018-03-29 14:57:18,8,2
499149144126144,254502136010854,2011,40,2,115,84.0,2.0,1,LOJA,1,LOJA,1,2018-01-25 14:36:24,2018-03-29 14:57:18,8,2
499149145126144,254502136010854,2011,40,2,115,84.0,3.0,1,LOJA,1,LOJA,5,2018-01-25 14:36:24,2018-03-29 14:57:18,8,2
499149146126144,254502140010854,2011,40,1,89,266.0,3.0,1,ROSA5,1,ROSA5,1,2018-01-25 14:36:24,2018-03-29 14:57:18,8,2
499149147126144,254502140010854,2011,40,1,89,266.0,3.0,1,LECU,1,LECU,1,2018-01-25 14:36:24,2018-03-29 14:57:18,8,2
499149148126144,254502142010854,2011,40,1,127,200.0,1.0,1,LOJA,1,LOJA,1,2018-01-25 14:36:24,2018-03-29 14:57:18,8,2
499149149126144,254502142010854,2011,40,1,127,200.0,2.0,1,LOJA,1,LOJA,5,2018-01-25 14:36:24,2018-03-29 14:57:18,8,2
499149150126144,254502142010854,2011,40,1,127,200.0,3.0,1,LOJA,1,LOJA,5,2018-01-25 14:36:24,2018-03-29 14:57:18,8,2
499149151126144,254502142010854,2011,40,1,127,200.0,4.0,1,LOJA,1,LOJA,1,2018-01-25 14:36:24,2018-03-29 14:57:18,8,2
499149152126144,254502144010854,2011,40,1,77,84.0,2.0,1,LESPE,1,LESPE,1,2018-01-25 14:36:24,2018-03-29 14:57:18,8,2
499149153126144,254502145010854,2011,40,1,77,103.0,1.0,1,LESPE,1,LESPE,1,2018-01-25 14:36:24,2018-03-29 14:57:18,8,2
499149154126144,254502145010854,2011,40,1,77,103.0,2.0,1,LESPE,1,LESPE,1,2018-01-25 14:36:24,2018-03-29 14:57:18,8,2
499149155126144,254502145010854,2011,40,1,77,103.0,3.0,1,LESPE,1,LESPE,1,2018-01-25 14:36:24,2018-03-29 14:57:18,8,2
499157196126144,258872292010854,2012,40,1,13,126.0,2.0,1,LECU,1,LECU,1,2018-01-25 14:36:27,2018-03-29 14:57:18,8,3
499157195126144,258872292010854,2012,40,1,13,126.0,2.0,1,ROSA5,1,ROSA5,1,2018-01-25 14:36:27,2018-03-29 14:57:21,8,3
499157197126144,258872310010854,2012,40,1,29,79.0,2.0,1,ROSA5,1,ROSA5,1,2018-01-25 14:36:27,2018-03-29 14:57:18,8,3
499157198126144,258872313010854,2012,40,1,29,76.0,1.0,2,LOJA,1,LOJA,1,2018-01-25 14:36:27,2018-03-29 14:57:18,8,3
499157199126144,258872313010854,2012,40,1,29,76.0,2.0,2,LIGUS2,1,LIGUS2,1,2018-01-25 14:36:27,2018-03-29 14:57:18,8,3
499157200126144,258872313010854,2012,40,1,29,76.0,2.0,2,LOJA,1,LOJA,1,2018-01-25 14:36:27,2018-03-29 14:57:18,8,3
499157201126144,258872315010854,2012,40,1,29,96.0,1.0,1,ROSA5,1,ROSA5,1,2018-01-25 14:36:27,2018-03-29 14:57:21,8,3
499157202126144,258872318010854,2012,40,1,13,146.0,2.0,1,ROSA5,1,ROSA5,1,2018-01-25 14:36:27,2018-03-29 14:57:18,8,3
499158519126144,258881581010854,2012,40,3,35,2.0,4.0,2,ROSA5,1,ROSA5,1,2018-01-25 14:36:27,2018-03-29 14:57:21,2,4
499158520126144,258881581010854,2012,40,3,35,2.0,4.0,2,LOJA,1,LOJA,30,2018-01-25 14:36:27,2018-03-29 14:57:19,2,4
499158521126144,258881581010854,2012,40,3,35,2.0,4.0,2,LECU,1,LECU,5,2018-01-25 14:36:27,2018-03-29 14:57:19,2,4
499158522126144,258881587010854,2012,40,3,145,10.0,1.0,1,LECU,1,LECU,5,2018-01-25 14:36:27,2018-03-29 14:57:19,2,4
499158523126144,258881587010854,2012,40,3,145,10.0,2.0,1,LECU,1,LECU,30,2018-01-25 14:36:27,2018-03-29 14:57:19,2,4
499158524126144,258881587010854,2012,40,3,145,10.0,3.0,1,LECU,1,LECU,30,2018-01-25 14:36:27,2018-03-29 14:57:19,2,4
499158525126144,258881587010854,2012,40,3,145,10.0,4.0,1,ROSA5,1,ROSA5,30,2018-01-25 14:36:27,2018-03-29 14:57:19,2,4
499158526126144,258881587010854,2012,40,3,145,10.0,4.0,1,LECU,1,LECU,5,2018-01-25 14:36:27,2018-03-29 14:57:19,2,4
499158527126144,258881595010854,2012,40,3,145,25.0,3.0,2,ROSA5,1,ROSA5,1,2018-01-25 14:36:27,2018-03-29 14:57:21,2,4
499158528126144,258881596010854,2012,40,3,145,28.0,1.0,1,ROSA5,1,ROSA5,5,2018-01-25 14:36:27,2018-03-29 14:57:18,2,4
499158529126144,258881596010854,2012,40,3,145,28.0,2.0,1,LIGUS2,1,LIGUS2,1,2018-01-25 14:36:27,2018-03-29 14:57:18,2,4
499158530126144,258881596010854,2012,40,3,145,28.0,4.0,1,ROSA5,1,ROSA5,1,2018-01-25 14:36:27,2018-03-29 14:57:18,2,4
499158531126144,258881605010854,2012,40,4,111,43.0,4.0,2,LIGUS2,1,LIGUS2,1,2018-01-25 14:36:27,2018-03-29 14:57:18,2,4
499158532126144,258881615010854,2012,40,4,111,47.0,1.0,1,LIGUS2,1,LIGUS2,1,2018-01-25 14:36:27,2018-03-29 14:57:18,2,4
499158533126144,258881615010854,2012,40,4,111,47.0,2.0,1,LIGUS2,1,LIGUS2,5,2018-01-25 14:36:27,2018-03-29 14:57:18,2,4
499158534126144,258881615010854,2012,40,4,111,47.0,3.0,1,LIGUS2,1,LIGUS2,1,2018-01-25 14:36:27,2018-03-29 14:57:18,2,4
499158535126144,258881615010854,2012,40,4,111,47.0,3.0,1,ROSA5,1,ROSA5,1,2018-01-25 14:36:27,2018-03-29 14:57:18,2,4
499158536126144,258881615010854,2012,40,4,111,47.0,4.0,1,LOJA,1,LOJA,5,2018-01-25 14:36:27,2018-03-29 14:57:18,2,4
430712622489998,275617832489998,2015,40,4,107,21.0,1.0,1,ROSA5,1,ROSA5,1,2016-09-21 14:10:57,,2,7
430712632489998,275617834489998,2015,40,4,107,32.0,3.0,1,LECU,1,LECU,1,2016-09-21 14:10:57,,2,7
430712633489998,275617834489998,2015,40,4,107,32.0,3.0,3,LECU,1,LECU,12,2016-09-21 14:10:57,,2,7
430712634489998,275617834489998,2015,40,4,107,32.0,4.0,1,LECU,1,LECU,11,2016-09-21 14:10:57,,2,7
430712635489998,275617834489998,2015,40,4,107,32.0,3.0,1,ROSA5,1,ROSA5,1,2016-09-21 14:10:57,,2,7
430712636489998,275617834489998,2015,40,4,107,32.0,3.0,3,ROSA5,1,ROSA5,1,2016-09-21 14:10:57,,2,7
430712649489998,275617837489998,2015,40,3,143,52.0,3.0,1,LIGUS2,1,LIGUS2,1,2016-09-21 14:10:57,,2,7
430712650489998,275617837489998,2015,40,3,143,52.0,1.0,1,SCAR7,1,SCAR7,2,2016-09-21 14:10:57,2020-08-10 11:38:55,2,7
430712704489998,275617850489998,2015,40,7,53,96.0,1.0,1,ELAEA,1,ELAEA,15,2016-09-21 14:10:57,,2,7
430712791489998,275617871489998,2015,40,4,27,52.0,1.0,1,LECU,1,LECU,3,2016-09-21 14:10:58,,2,7
430712792489998,275617871489998,2015,40,4,27,52.0,3.0,1,LECU,1,LECU,2,2016-09-21 14:10:58,,2,7
430712793489998,275617871489998,2015,40,4,27,52.0,4.0,1,LECU,1,LECU,5,2016-09-21 14:10:58,,2,7
430712834489998,275617880489998,2015,40,3,145,30.0,1.0,1,LECU,1,LECU,2,2016-09-21 14:10:58,,2,7
430712835489998,275617880489998,2015,40,3,145,30.0,3.0,1,LECU,1,LECU,45,2016-09-21 14:10:58,,2,7
430712837489998,275617880489998,2015,40,3,145,30.0,1.0,1,LIGUS2,1,LIGUS2,20,2016-09-21 14:10:58,,2,7
430712838489998,275617880489998,2015,40,3,145,30.0,3.0,1,LIGUS2,1,LIGUS2,3,2016-09-21 14:10:58,,2,7
430712839489998,275617880489998,2015,40,3,145,30.0,1.0,1,LOJA,1,LOJA,5,2016-09-21 14:10:58,,2,7
430712840489998,275617880489998,2015,40,3,145,30.0,3.0,1,LOJA,1,LOJA,6,2016-09-21 14:10:58,,2,7
430712841489998,275617880489998,2015,40,3,145,30.0,4.0,1,LOJA,1,LOJA,1,2016-09-21 14:10:58,,2,7
499158607126144,258881871010854,2012,40,5,15,38.0,1.0,1,LECU,1,LECU,1,2018-01-25 14:36:27,2018-03-29 14:57:18,2,4
499158608126144,258881871010854,2012,40,5,15,38.0,4.0,3,LECU,1,LECU,1,2018-01-25 14:36:27,2018-03-29 14:57:18,2,4
499158609126144,258881882010854,2012,40,7,3,4.0,1.0,1,LECU,1,LECU,1,2018-01-25 14:36:27,2018-03-29 14:57:18,2,4
499158610126144,258881886010854,2012,40,5,15,71.0,4.0,1,SCAR7,1,SCAR7,5,2018-01-25 14:36:27,2020-08-10 11:38:55,2,4
499158611126144,258881898010854,2012,40,5,15,95.0,4.0,2,LECU,1,LECU,1,2018-01-25 14:36:27,2018-03-29 14:57:18,2,4
251401120489998,176821466020004,2013,40,5,137,28.0,3.0,1,ROSA5,1,ROSA5,1,2014-04-14 09:43:33,,2,5
251401158489998,176821488020004,2013,40,4,107,54.0,1.0,1,ROSA5,1,ROSA5,1,2014-04-14 09:43:37,,2,5
251401159489998,176821488020004,2013,40,4,107,54.0,3.0,1,ROSA5,1,ROSA5,1,2014-04-14 09:43:37,,2,5
251401160489998,176821488020004,2013,40,4,107,54.0,4.0,1,ROSA5,1,ROSA5,1,2014-04-14 09:43:37,,2,5
251401165489998,176821489020004,2013,40,4,133,7.0,1.0,1,LECU,1,LECU,1,2014-04-14 09:43:37,,2,5
251401171489998,176821490020004,2013,40,3,117,2.0,4.0,1,ELAEA,1,ELAEA,1,2014-04-14 09:43:37,,2,5
251401178489998,176821503020004,2013,40,4,123,32.0,1.0,2,LECU,1,LECU,1,2014-04-14 09:43:37,,2,5
251401179489998,176821503020004,2013,40,4,123,32.0,1.0,2,LIGUS2,1,LIGUS2,2,2014-04-14 09:43:37,,2,5
251401180489998,176821503020004,2013,40,4,123,32.0,4.0,2,LIGUS2,1,LIGUS2,1,2014-04-14 09:43:37,,2,5
251401181489998,176821503020004,2013,40,4,123,32.0,1.0,2,LOJA,1,LOJA,4,2014-04-14 09:43:37,,2,5
251401182489998,176821503020004,2013,40,4,123,32.0,4.0,2,LOJA,1,LOJA,1,2014-04-14 09:43:37,,2,5
251401183489998,176821503020004,2013,40,4,123,32.0,4.0,2,ROSA5,1,ROSA5,1,2014-04-14 09:43:37,,2,5
251401192489998,176821505020004,2013,40,4,123,56.0,2.0,2,LECU,1,LECU,2,2014-04-14 09:43:37,,2,5
250991853489998,176821506020004,2013,40,4,69,41.0,1.0,1,LECU,1,LECU,35,2014-04-09 09:29:58,,2,5
250991854489998,176821506020004,2013,40,4,69,41.0,2.0,1,LECU,1,LECU,25,2014-04-09 09:29:58,,2,5
250991855489998,176821506020004,2013,40,4,69,41.0,3.0,1,LECU,1,LECU,30,2014-04-09 09:29:58,,2,5
251401197489998,176821507020004,2013,40,4,133,18.0,2.0,1,LIGUS2,1,LIGUS2,1,2014-04-14 09:43:37,,2,5
251401198489998,176821507020004,2013,40,4,133,18.0,4.0,1,LIGUS2,1,LIGUS2,3,2014-04-14 09:43:37,,2,5
251401199489998,176821507020004,2013,40,4,133,18.0,1.0,1,LOJA,1,LOJA,1,2014-04-14 09:43:37,,2,5
251401200489998,176821507020004,2013,40,4,133,18.0,4.0,1,LOJA,1,LOJA,1,2014-04-14 09:43:37,,2,5
251401206489998,176821508020004,2013,40,4,133,38.0,1.0,1,LECU,1,LECU,20,2014-04-14 09:43:38,,2,5
251401207489998,176821508020004,2013,40,4,133,38.0,3.0,1,LECU,1,LECU,80,2014-04-14 09:43:38,,2,5
251401208489998,176821508020004,2013,40,4,133,38.0,4.0,1,LECU,1,LECU,10,2014-04-14 09:43:38,,2,5
251401214489998,176821509020004,2013,40,4,133,40.0,1.0,1,LECU,1,LECU,1,2014-04-14 09:43:38,,2,5
251401215489998,176821509020004,2013,40,4,133,40.0,1.0,2,LECU,1,LECU,3,2014-04-14 09:43:38,,2,5
251401216489998,176821509020004,2013,40,4,133,40.0,2.0,2,LECU,1,LECU,15,2014-04-14 09:43:38,,2,5
251401217489998,176821509020004,2013,40,4,133,40.0,3.0,1,LECU,1,LECU,5,2014-04-14 09:43:38,,2,5
251401218489998,176821509020004,2013,40,4,133,40.0,4.0,1,LECU,1,LECU,1,2014-04-14 09:43:38,,2,5
251401244489998,176821525020004,2013,40,3,113,17.0,1.0,1,LECU,1,LECU,1,2014-04-14 09:43:38,,2,5
251401245489998,176821525020004,2013,40,3,113,17.0,2.0,1,LECU,1,LECU,1,2014-04-14 09:43:38,,2,5
251401246489998,176821525020004,2013,40,3,113,17.0,3.0,1,LECU,1,LECU,1,2014-04-14 09:43:38,,2,5
251401256489998,176821527020004,2013,40,3,113,30.0,4.0,2,LECU,1,LECU,40,2014-04-14 09:43:38,,2,5
251401378489998,176821542020004,2013,40,4,125,22.0,1.0,1,LECU,1,LECU,3,2014-04-14 09:43:39,,2,5
251401379489998,176821542020004,2013,40,4,125,22.0,3.0,2,LECU,1,LECU,15,2014-04-14 09:43:40,,2,5
251401489489998,176821544020004,2013,40,4,125,33.0,2.0,1,LECU,1,LECU,18,2014-04-14 09:43:40,,2,5
251401490489998,176821544020004,2013,40,4,125,33.0,3.0,1,LECU,1,LECU,35,2014-04-14 09:43:40,,2,5
251401504489998,176821547020004,2013,40,4,81,24.0,2.0,2,LECU,1,LECU,2,2014-04-14 09:43:40,,2,5
250991890489998,176821557020004,2013,40,4,49,47.0,1.0,1,LECU,1,LECU,1,2014-04-09 09:29:58,,2,5
251401674489998,176821591020004,2013,40,4,111,13.0,3.0,1,LOJA,1,LOJA,1,2014-04-14 09:43:42,,2,5
251401679489998,176821592020004,2013,40,3,131,7.0,1.0,1,LECU,1,LECU,30,2014-04-14 09:43:42,,2,5
251401680489998,176821592020004,2013,40,3,131,7.0,2.0,1,LECU,1,LECU,25,2014-04-14 09:43:42,,2,5
251401681489998,176821592020004,2013,40,3,131,7.0,3.0,1,LECU,1,LECU,35,2014-04-14 09:43:42,,2,5
251401682489998,176821592020004,2013,40,3,131,7.0,4.0,1,LECU,1,LECU,20,2014-04-14 09:43:42,,2,5
251401706489998,176821599020004,2013,40,4,111,41.0,1.0,1,LOJA,1,LOJA,40,2014-04-14 09:43:42,,2,5
251401707489998,176821599020004,2013,40,4,111,41.0,2.0,1,LOJA,1,LOJA,20,2014-04-14 09:43:42,,2,5
251401708489998,176821599020004,2013,40,4,111,41.0,3.0,1,LOJA,1,LOJA,80,2014-04-14 09:43:42,,2,5
251401709489998,176821599020004,2013,40,4,111,41.0,1.0,1,ROSA5,1,ROSA5,3,2014-04-14 09:43:42,,2,5
251401710489998,176821599020004,2013,40,4,111,41.0,3.0,1,ROSA5,1,ROSA5,2,2014-04-14 09:43:42,,2,5
251401720489998,176821603020004,2013,40,3,143,13.0,1.0,1,EUFO5,1,EUFO5,1,2014-04-14 09:43:42,,2,5
251401721489998,176821603020004,2013,40,3,143,13.0,2.0,1,EUFO5,1,EUFO5,5,2014-04-14 09:43:42,,2,5
251401722489998,176821603020004,2013,40,3,143,13.0,4.0,1,EUFO5,1,EUFO5,6,2014-04-14 09:43:42,,2,5
251401723489998,176821603020004,2013,40,3,143,13.0,4.0,1,LIGUS2,1,LIGUS2,1,2014-04-14 09:43:42,,2,5
251401724489998,176821603020004,2013,40,3,143,13.0,1.0,1,LOJA,1,LOJA,1,2014-04-14 09:43:42,,2,5
251401725489998,176821603020004,2013,40,3,143,13.0,2.0,1,LOJA,1,LOJA,15,2014-04-14 09:43:42,,2,5
251401726489998,176821603020004,2013,40,3,143,13.0,4.0,1,LOJA,1,LOJA,35,2014-04-14 09:43:42,,2,5
251401727489998,176821603020004,2013,40,3,143,13.0,1.0,1,LONIC,1,LONIC,1,2014-04-14 09:43:42,,2,5
251401728489998,176821603020004,2013,40,3,143,13.0,2.0,1,LONIC,1,LONIC,1,2014-04-14 09:43:42,,2,5
251401729489998,176821603020004,2013,40,3,143,13.0,4.0,1,LONIC,1,LONIC,1,2014-04-14 09:43:42,,2,5
251401730489998,176821603020004,2013,40,3,143,13.0,1.0,1,ROSA5,1,ROSA5,3,2014-04-14 09:43:42,,2,5
251401731489998,176821603020004,2013,40,3,143,13.0,2.0,1,ROSA5,1,ROSA5,1,2014-04-14 09:43:42,,2,5
251401732489998,176821603020004,2013,40,3,143,13.0,4.0,1,ROSA5,1,ROSA5,1,2014-04-14 09:43:42,,2,5
251401742489998,176821607020004,2013,40,4,109,12.0,2.0,1,ROSA5,1,ROSA5,1,2014-04-14 09:43:42,,2,5
250992051489998,176821623020004,2013,40,7,71,41.0,1.0,1,LOJA,1,LOJA,10,2014-04-09 09:30:00,,2,5
250992052489998,176821623020004,2013,40,7,71,41.0,1.0,1,LONIC,1,LONIC,9,2014-04-09 09:30:00,,2,5
250992053489998,176821623020004,2013,40,7,71,41.0,1.0,1,PYCA80,1,PYCA80,1,2014-04-09 09:30:00,,2,5
250992054489998,176821623020004,2013,40,7,71,41.0,3.0,1,PYCA80,1,PYCA80,7,2014-04-09 09:30:00,,2,5
250992055489998,176821623020004,2013,40,7,71,41.0,4.0,1,PYCA80,1,PYCA80,6,2014-04-09 09:30:00,,2,5
250992056489998,176821623020004,2013,40,7,71,41.0,1.0,1,ROSA5,1,ROSA5,1,2014-04-09 09:30:00,,2,5
250992170489998,176821629020004,2013,40,3,37,13.0,1.0,1,ROSA5,1,ROSA5,10,2014-04-09 09:30:00,,2,5
250992171489998,176821629020004,2013,40,3,37,13.0,2.0,1,ROSA5,1,ROSA5,18,2014-04-09 09:30:00,,2,5
251401796489998,176821634020004,2013,40,7,93,21.0,1.0,1,TAMAR2,1,TAMAR2,8,2014-04-14 09:43:43,,2,5
251401797489998,176821634020004,2013,40,7,93,21.0,4.0,1,TAMAR2,1,TAMAR2,3,2014-04-14 09:43:43,,2,5
251401806489998,176821658020004,2013,40,4,111,4.0,4.0,2,LOJA,1,LOJA,1,2014-04-14 09:43:43,,2,5
251401807489998,176821658020004,2013,40,4,111,4.0,4.0,2,ROSA5,1,ROSA5,1,2014-04-14 09:43:43,,2,5
251401825489998,176821662020004,2013,40,3,145,33.0,2.0,1,LECU,1,LECU,1,2014-04-14 09:43:43,,2,5
251401826489998,176821662020004,2013,40,3,145,33.0,1.0,1,LOJA,1,LOJA,58,2014-04-14 09:43:43,,2,5
251401827489998,176821662020004,2013,40,3,145,33.0,2.0,1,LOJA,1,LOJA,15,2014-04-14 09:43:43,,2,5
251401828489998,176821662020004,2013,40,3,145,33.0,3.0,1,LOJA,1,LOJA,38,2014-04-14 09:43:43,,2,5
251401829489998,176821662020004,2013,40,3,145,33.0,4.0,1,LOJA,1,LOJA,5,2014-04-14 09:43:43,,2,5
251401830489998,176821662020004,2013,40,3,145,33.0,2.0,1,PYCA80,1,PYCA80,2,2014-04-14 09:43:43,,2,5
251401831489998,176821662020004,2013,40,3,145,33.0,3.0,1,PYCA80,1,PYCA80,5,2014-04-14 09:43:43,,2,5
251401832489998,176821662020004,2013,40,3,145,33.0,1.0,1,ROSA5,1,ROSA5,3,2014-04-14 09:43:43,,2,5
251401833489998,176821662020004,2013,40,3,145,33.0,2.0,1,ROSA5,1,ROSA5,1,2014-04-14 09:43:43,,2,5
251401834489998,176821662020004,2013,40,3,145,33.0,3.0,1,ROSA5,1,ROSA5,1,2014-04-14 09:43:43,,2,5
251401839489998,176821663020004,2013,40,3,145,46.0,1.0,1,ALJU,1,ALJU,1,2014-04-14 09:43:43,,2,5
251401840489998,176821663020004,2013,40,3,145,46.0,1.0,1,LIGUS2,1,LIGUS2,3,2014-04-14 09:43:43,,2,5
251401841489998,176821663020004,2013,40,3,145,46.0,2.0,1,LIGUS2,1,LIGUS2,2,2014-04-14 09:43:43,,2,5
251401842489998,176821663020004,2013,40,3,145,46.0,4.0,1,LIGUS2,1,LIGUS2,1,2014-04-14 09:43:43,,2,5
251401843489998,176821663020004,2013,40,3,145,46.0,1.0,1,LOJA,1,LOJA,40,2014-04-14 09:43:43,,2,5
251401844489998,176821663020004,2013,40,3,145,46.0,2.0,1,LOJA,1,LOJA,4,2014-04-14 09:43:43,,2,5
251401845489998,176821663020004,2013,40,3,145,46.0,4.0,1,LOJA,1,LOJA,12,2014-04-14 09:43:43,,2,5
251401846489998,176821663020004,2013,40,3,145,46.0,1.0,1,ROSA5,1,ROSA5,1,2014-04-14 09:43:43,,2,5
250992193489998,176821666020004,2013,40,4,63,28.0,3.0,1,LECU,1,LECU,2,2014-04-09 09:30:00,,2,5
250992194489998,176821666020004,2013,40,4,63,28.0,2.0,1,ROSA5,1,ROSA5,1,2014-04-09 09:30:00,,2,5
251401855489998,176821667020004,2013,40,4,111,48.0,2.0,2,LIGUS2,1,LIGUS2,1,2014-04-14 09:43:43,,2,5
251401856489998,176821667020004,2013,40,4,111,48.0,2.0,2,LOJA,1,LOJA,1,2014-04-14 09:43:43,,2,5
251401857489998,176821667020004,2013,40,4,111,48.0,2.0,2,ROSA5,1,ROSA5,1,2014-04-14 09:43:43,,2,5
250992199489998,176821669020004,2013,40,4,63,9.0,3.0,2,ROSA5,1,ROSA5,1,2014-04-09 09:30:00,,2,5
251401878489998,176821676020004,2013,40,3,117,13.0,2.0,1,LIGUS2,1,LIGUS2,1,2014-04-14 09:43:43,,2,5
251401879489998,176821676020004,2013,40,3,117,13.0,3.0,2,LOJA,1,LOJA,2,2014-04-14 09:43:43,,2,5
251401880489998,176821676020004,2013,40,3,117,13.0,1.0,1,ROSA5,1,ROSA5,2,2014-04-14 09:43:43,,2,5
251401881489998,176821676020004,2013,40,3,117,13.0,3.0,2,ROSA5,1,ROSA5,1,2014-04-14 09:43:43,,2,5
251401882489998,176821676020004,2013,40,3,117,13.0,4.0,1,ROSA5,1,ROSA5,1,2014-04-14 09:43:43,,2,5
251401915489998,176821685020004,2013,40,4,125,65.0,2.0,1,LIGUS2,1,LIGUS2,1,2014-04-14 09:43:44,,2,5
251401924489998,176821687020004,2013,40,3,119,24.0,1.0,1,LOJA,1,LOJA,5,2014-04-14 09:43:44,,2,5
251401925489998,176821687020004,2013,40,3,119,24.0,4.0,1,LOJA,1,LOJA,6,2014-04-14 09:43:44,,2,5
251401926489998,176821687020004,2013,40,3,119,24.0,3.0,1,ROSA5,1,ROSA5,1,2014-04-14 09:43:44,,2,5
251401951489998,176821694020004,2013,40,3,113,226.0,2.0,1,LECU,1,LECU,1,2014-04-14 09:43:44,,2,5
251401952489998,176821694020004,2013,40,3,113,226.0,3.0,1,LECU,1,LECU,1,2014-04-14 09:43:44,,2,5
251401953489998,176821694020004,2013,40,3,113,226.0,4.0,1,ROSA5,1,ROSA5,1,2014-04-14 09:43:44,,2,5
251401970489998,176821699020004,2013,40,4,109,35.0,2.0,2,ROSA5,1,ROSA5,6,2014-04-14 09:43:44,,2,5
251402009489998,176821736020004,2013,40,3,145,8.0,1.0,2,LECU,1,LECU,5,2014-04-14 09:43:45,,2,5
251402010489998,176821736020004,2013,40,3,145,8.0,2.0,2,LECU,1,LECU,1,2014-04-14 09:43:45,,2,5
251402011489998,176821736020004,2013,40,3,145,8.0,3.0,2,LECU,1,LECU,3,2014-04-14 09:43:45,,2,5
250992383489998,176821749020004,2013,40,3,37,101.0,2.0,2,ROSA5,1,ROSA5,1,2014-04-09 09:30:02,,2,5
250992496489998,176821756020004,2013,40,4,27,14.0,3.0,2,LECU,1,LECU,1,2014-04-09 09:30:02,,2,5
250992644489998,176821797020004,2013,40,4,63,69.0,1.0,1,ALJU,1,ALJU,1,2014-04-09 09:30:03,,2,5
251402087489998,176821799020004,2013,40,4,123,3.0,2.0,1,LECU,1,LECU,1,2014-04-14 09:43:45,,2,5
250138680489998,176821850020004,2013,40,5,9,53.0,2.0,2,TAMAR2,1,TAMAR2,1,2014-04-08 10:04:17,,2,5
250993096489998,176821981020004,2013,40,4,49,18.0,2.0,1,ROSA5,1,ROSA5,1,2014-04-09 09:30:05,,2,5
249899016489998,52903459020004,2013,40,2,41,159.0,4.0,1,ROSA5,1,ROSA5,2,2014-04-07 12:43:23,,8,4
249899129489998,52903463020004,2013,40,1,127,207.0,4.0,1,LIGUS2,1,LIGUS2,1,2014-04-07 12:43:24,,8,4
249899130489998,52903463020004,2013,40,1,127,207.0,4.0,1,LOJA,1,LOJA,3,2014-04-07 12:43:24,,8,4
249899140489998,52903465020004,2013,40,1,13,177.0,2.0,2,LECU,1,LECU,3,2014-04-07 12:43:24,,8,4
251402474489998,52903468020004,2013,40,2,21,144.0,1.0,1,ROSA5,1,ROSA5,1,2014-04-14 09:43:48,,8,4
251402475489998,52903468020004,2013,40,2,21,144.0,2.0,1,ROSA5,1,ROSA5,1,2014-04-14 09:43:48,,8,4
251402476489998,52903468020004,2013,40,2,21,144.0,4.0,1,ROSA5,1,ROSA5,1,2014-04-14 09:43:48,,8,4
249900282489998,52903592020004,2013,40,1,61,137.0,1.0,1,LOJA,1,LOJA,1,2014-04-07 12:43:36,,8,4
249900283489998,52903592020004,2013,40,1,61,137.0,3.0,1,LOJA,1,LOJA,10,2014-04-07 12:43:36,,8,4
249900284489998,52903592020004,2013,40,1,61,137.0,4.0,1,LOJA,1,LOJA,8,2014-04-07 12:43:36,,8,4
249900285489998,52903592020004,2013,40,1,61,137.0,1.0,1,ROSA5,1,ROSA5,1,2014-04-07 12:43:36,,8,4
249900286489998,52903592020004,2013,40,1,61,137.0,2.0,1,ROSA5,1,ROSA5,2,2014-04-07 12:43:36,,8,4
249900291489998,52903593020004,2013,40,1,79,226.0,1.0,1,ROSA5,1,ROSA5,1,2014-04-07 12:43:36,,8,4
249900304489998,52903596020004,2013,40,2,21,123.0,1.0,1,AIAL,1,AIAL,2,2014-04-07 12:43:36,,8,4
249900576489998,52903601020004,2013,40,1,29,77.0,1.0,1,LECU,1,LECU,2,2014-04-07 12:43:37,,8,4
249900577489998,52903601020004,2013,40,1,29,77.0,2.0,1,LECU,1,LECU,30,2014-04-07 12:43:37,,8,4
249900578489998,52903601020004,2013,40,1,29,77.0,1.0,1,ROSA5,1,ROSA5,3,2014-04-07 12:43:37,,8,4
249900579489998,52903601020004,2013,40,1,29,77.0,2.0,1,ROSA5,1,ROSA5,2,2014-04-07 12:43:37,,8,4
249900660489998,52903604020004,2013,40,1,23,182.0,3.0,1,LOJA,1,LOJA,35,2014-04-07 12:43:37,,8,4
249900767489998,52903632020004,2013,40,1,89,390.0,1.0,1,LIGUS2,1,LIGUS2,60,2014-04-07 12:43:39,,8,4
249900768489998,52903632020004,2013,40,1,89,390.0,2.0,1,LIGUS2,1,LIGUS2,10,2014-04-07 12:43:39,,8,4
249900769489998,52903632020004,2013,40,1,89,390.0,3.0,1,LIGUS2,1,LIGUS2,5,2014-04-07 12:43:39,,8,4
249900770489998,52903632020004,2013,40,1,89,390.0,3.0,2,LIGUS2,1,LIGUS2,1,2014-04-07 12:43:39,,8,4
249900771489998,52903632020004,2013,40,1,89,390.0,4.0,1,LIGUS2,1,LIGUS2,4,2014-04-07 12:43:39,,8,4
249900772489998,52903632020004,2013,40,1,89,390.0,4.0,2,LIGUS2,1,LIGUS2,1,2014-04-07 12:43:39,,8,4
249900773489998,52903632020004,2013,40,1,89,390.0,1.0,1,LOJA,1,LOJA,5,2014-04-07 12:43:39,,8,4
249900774489998,52903632020004,2013,40,1,89,390.0,2.0,1,LOJA,1,LOJA,5,2014-04-07 12:43:39,,8,4
249900775489998,52903632020004,2013,40,1,89,390.0,3.0,1,LOJA,1,LOJA,1,2014-04-07 12:43:39,,8,4
249900776489998,52903632020004,2013,40,1,89,390.0,3.0,2,LOJA,1,LOJA,1,2014-04-07 12:43:39,,8,4
249900777489998,52903632020004,2013,40,1,89,390.0,4.0,1,LOJA,1,LOJA,35,2014-04-07 12:43:39,,8,4
249900778489998,52903632020004,2013,40,1,89,390.0,4.0,2,LOJA,1,LOJA,1,2014-04-07 12:43:39,,8,4
249900783489998,52903633020004,2013,40,1,89,423.0,1.0,1,LIGUS2,1,LIGUS2,1,2014-04-07 12:43:39,,8,4
249900784489998,52903633020004,2013,40,1,89,423.0,3.0,1,LIGUS2,1,LIGUS2,1,2014-04-07 12:43:39,,8,4
249900785489998,52903633020004,2013,40,1,89,423.0,4.0,1,LIGUS2,1,LIGUS2,1,2014-04-07 12:43:39,,8,4
249900786489998,52903633020004,2013,40,1,89,423.0,3.0,1,LOJA,1,LOJA,1,2014-04-07 12:43:39,,8,4
249900787489998,52903633020004,2013,40,1,89,423.0,4.0,1,LOJA,1,LOJA,15,2014-04-07 12:43:39,,8,4
249900788489998,52903633020004,2013,40,1,89,423.0,4.0,1,ROSA5,1,ROSA5,5,2014-04-07 12:43:39,,8,4
249900793489998,52903634020004,2013,40,1,89,344.0,1.0,1,LIGUS2,1,LIGUS2,1,2014-04-07 12:43:39,,8,4
249900794489998,52903634020004,2013,40,1,89,344.0,3.0,1,LIGUS2,1,LIGUS2,1,2014-04-07 12:43:39,,8,4
249900795489998,52903634020004,2013,40,1,89,344.0,4.0,1,LIGUS2,1,LIGUS2,1,2014-04-07 12:43:39,,8,4
249900796489998,52903634020004,2013,40,1,89,344.0,1.0,1,LOJA,1,LOJA,1,2014-04-07 12:43:39,,8,4
249900797489998,52903634020004,2013,40,1,89,344.0,3.0,1,LOJA,1,LOJA,35,2014-04-07 12:43:39,,8,4
249900798489998,52903634020004,2013,40,1,89,344.0,4.0,1,LOJA,1,LOJA,15,2014-04-07 12:43:39,,8,4
249900803489998,52903635020004,2013,40,1,89,281.0,1.0,1,LOJA,1,LOJA,75,2014-04-07 12:43:39,,8,4
249900804489998,52903635020004,2013,40,1,89,281.0,2.0,1,LOJA,1,LOJA,68,2014-04-07 12:43:39,,8,4
249900805489998,52903635020004,2013,40,1,89,281.0,3.0,1,LOJA,1,LOJA,65,2014-04-07 12:43:39,,8,4
249900806489998,52903635020004,2013,40,1,89,281.0,4.0,1,LOJA,1,LOJA,90,2014-04-07 12:43:39,,8,4
249900932489998,52903643020004,2013,40,1,127,280.0,2.0,1,ROSA5,1,ROSA5,15,2014-04-07 12:43:39,,8,4
249900945489998,52903646020004,2013,40,1,127,285.0,4.0,2,LECU,1,LECU,1,2014-04-07 12:43:40,,8,4
249901278489998,52903653020004,2013,40,1,61,81.0,2.0,1,LECU,1,LECU,1,2014-04-07 12:43:41,,8,4
249901279489998,52903653020004,2013,40,1,61,81.0,3.0,1,LECU,1,LECU,30,2014-04-07 12:43:41,,8,4
249901280489998,52903653020004,2013,40,1,61,81.0,1.0,1,ROSA5,1,ROSA5,1,2014-04-07 12:43:41,,8,4
249900281489998,52903592020004,2013,40,1,61,137.0,4.0,1,LIGUS2,1,LIGUS2,1,2014-04-07 12:43:36,,8,4
430712842489998,275617880489998,2015,40,3,145,30.0,1.0,1,ROSA5,1,ROSA5,2,2016-09-21 14:10:58,,2,7
430712867489998,275617886489998,2015,40,4,63,26.0,3.0,1,LECU,1,LECU,1,2016-09-21 14:10:58,,2,7
430712880489998,275617889489998,2015,40,4,107,3.0,2.0,1,ROSA5,1,ROSA5,2,2016-09-21 14:10:59,,2,7
430712881489998,275617889489998,2015,40,4,107,3.0,3.0,1,ROSA5,1,ROSA5,3,2016-09-21 14:10:59,,2,7
430712926489998,275617900489998,2015,40,4,69,60.0,4.0,1,LIGUS2,1,LIGUS2,1,2016-09-21 14:10:59,,2,7
430712927489998,275617900489998,2015,40,4,69,60.0,1.0,1,LOJA,1,LOJA,1,2016-09-21 14:10:59,,2,7
430712928489998,275617900489998,2015,40,4,69,60.0,3.0,2,LOJA,1,LOJA,1,2016-09-21 14:10:59,,2,7
430712929489998,275617900489998,2015,40,4,69,60.0,2.0,2,ROSA5,1,ROSA5,5,2016-09-21 14:10:59,,2,7
430712955489998,275617906489998,2015,40,3,119,30.0,1.0,1,LECU,1,LECU,45,2016-09-21 14:10:59,,2,7
430712956489998,275617906489998,2015,40,3,119,30.0,2.0,1,LECU,1,LECU,1,2016-09-21 14:10:59,,2,7
430712957489998,275617906489998,2015,40,3,119,30.0,3.0,1,LECU,1,LECU,85,2016-09-21 14:10:59,,2,7
430712958489998,275617906489998,2015,40,3,119,30.0,4.0,1,LECU,1,LECU,10,2016-09-21 14:10:59,,2,7
430712980489998,275617911489998,2015,40,4,81,65.0,1.0,1,LECU,1,LECU,1,2016-09-21 14:10:59,,2,7
430712981489998,275617911489998,2015,40,4,81,65.0,2.0,1,LECU,1,LECU,1,2016-09-21 14:10:59,,2,7
430712982489998,275617911489998,2015,40,4,81,65.0,2.0,2,LECU,1,LECU,1,2016-09-21 14:10:59,,2,7
430713008489998,275617917489998,2015,40,3,117,42.0,3.0,1,LECU,1,LECU,10,2016-09-21 14:11:00,,2,7
430713027489998,275617921489998,2015,40,5,137,2.0,2.0,1,ROSA5,1,ROSA5,1,2016-09-21 14:11:00,,2,7
430713046489998,275617925489998,2015,40,4,87,16.0,1.0,1,LECU,1,LECU,80,2016-09-21 14:11:00,,2,7
430713047489998,275617925489998,2015,40,4,87,16.0,2.0,1,LECU,1,LECU,95,2016-09-21 14:11:00,,2,7
430713048489998,275617925489998,2015,40,4,87,16.0,3.0,1,LECU,1,LECU,75,2016-09-21 14:11:00,,2,7
430713049489998,275617925489998,2015,40,4,87,16.0,4.0,1,LECU,1,LECU,60,2016-09-21 14:11:00,,2,7
430713056489998,275617926489998,2015,40,3,119,68.0,4.0,2,LOJA,1,LOJA,1,2016-09-21 14:11:00,,2,7
430713226489998,275617968489998,2015,40,4,81,35.0,2.0,1,LECU,1,LECU,3,2016-09-21 14:11:01,,2,7
430713227489998,275617968489998,2015,40,4,81,35.0,3.0,1,LECU,1,LECU,2,2016-09-21 14:11:01,,2,7
430713228489998,275617968489998,2015,40,4,81,35.0,2.0,1,ROSA5,1,ROSA5,1,2016-09-21 14:11:01,,2,7
430713233489998,275617969489998,2015,40,4,81,42.0,1.0,1,ROSA5,1,ROSA5,1,2016-09-21 14:11:01,,2,7
430713234489998,275617969489998,2015,40,4,81,42.0,2.0,1,ROSA5,1,ROSA5,1,2016-09-21 14:11:01,,2,7
430713239489998,275617970489998,2015,40,4,133,59.0,2.0,1,LOJA,1,LOJA,1,2016-09-21 14:11:01,,2,7
430713240489998,275617970489998,2015,40,4,133,59.0,3.0,1,LOJA,1,LOJA,20,2016-09-21 14:11:01,,2,7
430713241489998,275617970489998,2015,40,4,133,59.0,1.0,1,ROSA5,1,ROSA5,1,2016-09-21 14:11:01,,2,7
430713242489998,275617970489998,2015,40,4,133,59.0,2.0,1,ROSA5,1,ROSA5,1,2016-09-21 14:11:01,,2,7
430713243489998,275617970489998,2015,40,4,133,59.0,3.0,1,ROSA5,1,ROSA5,4,2016-09-21 14:11:01,,2,7
430713244489998,275617970489998,2015,40,4,133,59.0,4.0,1,ROSA5,1,ROSA5,1,2016-09-21 14:11:01,,2,7
430713258489998,275617973489998,2015,40,3,37,96.0,1.0,1,LECU,1,LECU,7,2016-09-21 14:11:01,,2,7
430713259489998,275617973489998,2015,40,3,37,96.0,2.0,1,LECU,1,LECU,14,2016-09-21 14:11:01,,2,7
430713260489998,275617973489998,2015,40,3,37,96.0,4.0,1,LECU,1,LECU,5,2016-09-21 14:11:01,,2,7
430713282489998,275617978489998,2015,40,4,27,5.0,3.0,1,LECU,1,LECU,1,2016-09-21 14:11:02,,2,7
430713287489998,275617979489998,2015,40,4,125,77.0,2.0,1,LECU,1,LECU,1,2016-09-21 14:11:02,,2,7
430713288489998,275617979489998,2015,40,4,125,77.0,1.0,1,LOJA,1,LOJA,1,2016-09-21 14:11:02,,2,7
430713293489998,275617980489998,2015,40,4,125,87.0,1.0,1,LECU,1,LECU,1,2016-09-21 14:11:02,,2,7
430713303489998,275617982489998,2015,40,4,49,14.0,4.0,2,SCAR7,1,SCAR7,1,2016-09-21 14:11:02,2020-08-10 11:38:55,2,7
430713444489998,275618016489998,2015,40,4,123,17.0,1.0,1,LECU,1,LECU,10,2016-09-21 14:11:03,,2,7
430713445489998,275618016489998,2015,40,4,123,17.0,2.0,1,LECU,1,LECU,8,2016-09-21 14:11:03,,2,7
430713446489998,275618016489998,2015,40,4,123,17.0,4.0,1,LECU,1,LECU,1,2016-09-21 14:11:03,,2,7
430713468489998,275618021489998,2015,40,4,133,3.0,3.0,1,ROSA5,1,ROSA5,1,2016-09-21 14:11:03,,2,7
430713473489998,275618022489998,2015,40,4,63,83.0,1.0,1,ROSA5,1,ROSA5,1,2016-09-21 14:11:03,,2,7
430713474489998,275618022489998,2015,40,4,63,83.0,3.0,1,ROSA5,1,ROSA5,5,2016-09-21 14:11:03,,2,7
430713479489998,275618023489998,2015,40,3,37,69.0,1.0,1,LECU,1,LECU,2,2016-09-21 14:11:03,,2,7
430713542489998,275618026489998,2015,40,5,149,76.0,1.0,1,LIGUS2,1,LIGUS2,2,2016-09-21 14:11:03,,2,7
430712836489998,275617880489998,2015,40,3,145,30.0,4.0,1,LECU,1,LECU,57,2016-09-21 14:10:58,,2,7
430713915489998,275618118489998,2015,40,5,75,56.0,1.0,1,SCAR7,1,SCAR7,1,2016-09-21 14:11:06,2020-08-10 11:38:55,2,7
313523152489998,218223595020004,2014,40,3,145,18.0,4.0,1,ROSA5,1,ROSA5,4,2015-03-23 15:05:40,,2,6
313523169489998,218223600020004,2014,40,4,81,46.0,1.0,1,LECU,1,LECU,1,2015-03-23 15:05:40,,2,6
313523170489998,218223600020004,2014,40,4,81,46.0,2.0,1,LECU,1,LECU,3,2015-03-23 15:05:40,,2,6
313523171489998,218223600020004,2014,40,4,81,46.0,3.0,1,LECU,1,LECU,1,2015-03-23 15:05:40,,2,6
313523205489998,218223611020004,2014,40,4,125,78.0,1.0,1,LECU,1,LECU,2,2015-03-23 15:05:41,,2,6
313523206489998,218223611020004,2014,40,4,125,78.0,2.0,1,LECU,1,LECU,1,2015-03-23 15:05:41,,2,6
313523207489998,218223611020004,2014,40,4,125,78.0,3.0,1,LECU,1,LECU,1,2015-03-23 15:05:41,,2,6
313523208489998,218223611020004,2014,40,4,125,78.0,4.0,1,LECU,1,LECU,1,2015-03-23 15:05:41,,2,6
313523217489998,218223615020004,2014,40,4,49,15.0,1.0,1,LECU,1,LECU,33,2015-03-23 15:05:41,,2,6
313523218489998,218223615020004,2014,40,4,49,15.0,2.0,1,LECU,1,LECU,20,2015-03-23 15:05:41,,2,6
313523219489998,218223615020004,2014,40,4,49,15.0,3.0,1,LOJA,1,LOJA,1,2015-03-23 15:05:41,,2,6
313523220489998,218223615020004,2014,40,4,49,15.0,4.0,1,LOJA,1,LOJA,1,2015-03-23 15:05:41,,2,6
313523229489998,218223617020004,2014,40,4,81,85.0,2.0,1,LECU,1,LECU,1,2015-03-23 15:05:41,,2,6
313523230489998,218223617020004,2014,40,4,81,85.0,3.0,1,LECU,1,LECU,1,2015-03-23 15:05:41,,2,6
313523235489998,218223618020004,2014,40,4,125,50.0,1.0,1,LECU,1,LECU,3,2015-03-23 15:05:41,,2,6
313523237489998,218223618020004,2014,40,4,125,50.0,3.0,1,LECU,1,LECU,2,2015-03-23 15:05:41,,2,6
313523238489998,218223618020004,2014,40,4,125,50.0,4.0,1,LECU,1,LECU,3,2015-03-23 15:05:41,,2,6
313523239489998,218223618020004,2014,40,4,125,50.0,4.0,1,PYCA80,1,PYCA80,5,2015-03-23 15:05:41,,2,6
313523240489998,218223618020004,2014,40,4,125,50.0,1.0,1,ROSA5,1,ROSA5,30,2015-03-23 15:05:41,,2,6
313523405489998,218223644020004,2014,40,4,69,2.0,3.0,2,ROSA5,1,ROSA5,1,2015-03-23 15:05:41,,2,6
313523535489998,218223645020004,2014,40,4,69,14.0,2.0,1,ROSA5,1,ROSA5,1,2015-03-23 15:05:42,,2,6
313523548489998,218223648020004,2014,40,4,63,67.0,1.0,1,LECU,1,LECU,1,2015-03-23 15:05:42,,2,6
313523549489998,218223648020004,2014,40,4,63,67.0,3.0,1,LECU,1,LECU,1,2015-03-23 15:05:42,,2,6
313523550489998,218223648020004,2014,40,4,63,67.0,4.0,1,LECU,1,LECU,1,2015-03-23 15:05:42,,2,6
313523555489998,218223649020004,2014,40,4,63,74.0,3.0,1,LECU,1,LECU,2,2015-03-23 15:05:42,,2,6
313523556489998,218223649020004,2014,40,4,63,74.0,4.0,1,LECU,1,LECU,1,2015-03-23 15:05:42,,2,6
313524203489998,218223845020004,2014,40,3,119,51.0,4.0,1,PYCA80,1,PYCA80,1,2015-03-23 15:05:45,,2,6
313524222489998,218223853020004,2014,40,4,109,8.0,3.0,1,ROSA5,1,ROSA5,1,2015-03-23 15:05:45,,2,6
313524223489998,218223853020004,2014,40,4,109,8.0,4.0,1,ROSA5,1,ROSA5,3,2015-03-23 15:05:45,,2,6
430711590489998,275617647489998,2015,40,4,87,53.0,1.0,1,LECU,1,LECU,30,2016-09-21 14:10:46,,2,7
430711603489998,275617650489998,2015,40,3,35,3.0,4.0,1,LECU,1,LECU,40,2016-09-21 14:10:47,,2,7
430711616489998,275617653489998,2015,40,3,113,89.0,1.0,1,LECU,1,LECU,9,2016-09-21 14:10:47,,2,7
430711617489998,275617653489998,2015,40,3,113,89.0,3.0,1,LECU,1,LECU,1,2016-09-21 14:10:47,,2,7
430711618489998,275617653489998,2015,40,3,113,89.0,4.0,1,LECU,1,LECU,1,2016-09-21 14:10:47,,2,7
430711715489998,275617677489998,2015,40,4,107,51.0,2.0,1,LECU,1,LECU,3,2016-09-21 14:10:48,,2,7
430711716489998,275617677489998,2015,40,4,107,51.0,3.0,1,LECU,1,LECU,1,2016-09-21 14:10:48,,2,7
430711717489998,275617677489998,2015,40,4,107,51.0,4.0,1,LECU,1,LECU,1,2016-09-21 14:10:48,,2,7
430711718489998,275617677489998,2015,40,4,107,51.0,1.0,1,ROSA5,1,ROSA5,1,2016-09-21 14:10:48,,2,7
430711719489998,275617677489998,2015,40,4,107,51.0,4.0,1,ROSA5,1,ROSA5,1,2016-09-21 14:10:48,,2,7
430711732489998,275617680489998,2015,40,4,107,68.0,3.0,1,LECU,1,LECU,1,2016-09-21 14:10:48,,2,7
430711733489998,275617680489998,2015,40,4,107,68.0,4.0,1,LECU,1,LECU,1,2016-09-21 14:10:48,,2,7
430711747489998,275617683489998,2015,40,3,37,42.0,1.0,1,LECU,1,LECU,1,2016-09-21 14:10:49,,2,7
430711748489998,275617683489998,2015,40,3,37,42.0,2.0,1,LECU,1,LECU,1,2016-09-21 14:10:49,,2,7
430711749489998,275617683489998,2015,40,3,37,42.0,3.0,1,LECU,1,LECU,20,2016-09-21 14:10:49,,2,7
430711754489998,275617684489998,2015,40,3,37,46.0,1.0,1,LECU,1,LECU,1,2016-09-21 14:10:49,,2,7
249899241489998,52903480020004,2013,40,2,21,124.0,4.0,1,ROSA5,1,ROSA5,5,2014-04-07 12:43:26,,8,4
249899246489998,52903481020004,2013,40,1,23,180.0,2.0,1,LIGUS2,1,LIGUS2,7,2014-04-07 12:43:26,,8,4
249899247489998,52903481020004,2013,40,1,23,180.0,2.0,1,LOJA,1,LOJA,2,2014-04-07 12:43:26,,8,4
249899252489998,52903482020004,2013,40,1,23,138.0,1.0,1,LIGUS2,1,LIGUS2,20,2014-04-07 12:43:26,,8,4
249899253489998,52903482020004,2013,40,1,23,138.0,2.0,1,LIGUS2,1,LIGUS2,50,2014-04-07 12:43:26,,8,4
249899254489998,52903482020004,2013,40,1,23,138.0,3.0,1,LIGUS2,1,LIGUS2,15,2014-04-07 12:43:26,,8,4
249899255489998,52903482020004,2013,40,1,23,138.0,4.0,1,LIGUS2,1,LIGUS2,10,2014-04-07 12:43:26,,8,4
249899256489998,52903482020004,2013,40,1,23,138.0,1.0,1,LOJA,1,LOJA,15,2014-04-07 12:43:26,,8,4
249899257489998,52903482020004,2013,40,1,23,138.0,2.0,1,LOJA,1,LOJA,20,2014-04-07 12:43:26,,8,4
249899258489998,52903482020004,2013,40,1,23,138.0,3.0,1,LOJA,1,LOJA,25,2014-04-07 12:43:26,,8,4
249899259489998,52903482020004,2013,40,1,23,138.0,4.0,1,LOJA,1,LOJA,5,2014-04-07 12:43:26,,8,4
249899272489998,52903486020004,2013,40,1,127,286.0,1.0,1,LIGUS2,1,LIGUS2,1,2014-04-07 12:43:26,,8,4
249899273489998,52903486020004,2013,40,1,127,286.0,3.0,1,LIGUS2,1,LIGUS2,1,2014-04-07 12:43:26,,8,4
249899274489998,52903486020004,2013,40,1,127,286.0,4.0,1,LIGUS2,1,LIGUS2,1,2014-04-07 12:43:26,,8,4
249899299489998,52903492020004,2013,40,1,61,85.0,2.0,1,LECU,1,LECU,1,2014-04-07 12:43:27,,8,4
249899300489998,52903492020004,2013,40,1,61,85.0,2.0,1,LIGUS2,1,LIGUS2,1,2014-04-07 12:43:27,,8,4
249899309489998,52903494020004,2013,40,1,77,82.0,3.0,1,ROSA5,1,ROSA5,1,2014-04-07 12:43:27,,8,4
251402485489998,52903509020004,2013,40,2,41,142.0,4.0,1,ROSA5,1,ROSA5,1,2014-04-14 09:43:49,,8,4
249899351489998,52903510020004,2013,40,2,41,130.0,2.0,1,LESPE,1,LESPE,1,2014-04-07 12:43:28,,8,4
249899352489998,52903510020004,2013,40,2,41,130.0,3.0,1,LESPE,1,LESPE,1,2014-04-07 12:43:28,,8,4
249899385489998,52903519020004,2013,40,1,89,406.0,1.0,1,LIGUS2,1,LIGUS2,1,2014-04-07 12:43:29,,8,4
249899386489998,52903519020004,2013,40,1,89,406.0,2.0,1,LIGUS2,1,LIGUS2,1,2014-04-07 12:43:29,,8,4
249899387489998,52903519020004,2013,40,1,89,406.0,3.0,1,LIGUS2,1,LIGUS2,1,2014-04-07 12:43:29,,8,4
249899388489998,52903519020004,2013,40,1,89,406.0,3.0,1,ROSA5,1,ROSA5,2,2014-04-07 12:43:29,,8,4
249899405489998,52903524020004,2013,40,1,121,243.0,1.0,1,LECU,1,LECU,2,2014-04-07 12:43:29,,8,4
249899406489998,52903524020004,2013,40,1,121,243.0,1.0,1,ROSA5,1,ROSA5,20,2014-04-07 12:43:29,,8,4
249899412489998,52903526020004,2013,40,1,121,224.0,1.0,1,LECU,1,LECU,2,2014-04-07 12:43:29,,8,4
249899240489998,52903480020004,2013,40,2,21,124.0,2.0,1,ROSA5,1,ROSA5,10,2014-04-07 12:43:26,,8,4
249899521489998,52903528020004,2013,40,1,77,155.0,1.0,1,LECU,1,LECU,5,2014-04-07 12:43:30,,8,4
249899669489998,52903540020004,2013,40,1,61,139.0,1.0,2,LECU,1,LECU,10,2014-04-07 12:43:31,,8,4
249899670489998,52903540020004,2013,40,1,61,139.0,2.0,2,LECU,1,LECU,25,2014-04-07 12:43:31,,8,4
249899679489998,52903542020004,2013,40,1,121,283.0,4.0,1,LECU,1,LECU,1,2014-04-07 12:43:31,,8,4
249899712489998,52903551020004,2013,40,1,5,113.0,3.0,1,ALJU,1,ALJU,2,2014-04-07 12:43:32,,8,4
249899729489998,52903555020004,2013,40,1,121,174.0,1.0,1,LECU,1,LECU,20,2014-04-07 12:43:32,,8,4
249899730489998,52903555020004,2013,40,1,121,174.0,3.0,1,LECU,1,LECU,10,2014-04-07 12:43:32,,8,4
249899731489998,52903555020004,2013,40,1,121,174.0,4.0,1,LECU,1,LECU,2,2014-04-07 12:43:32,,8,4
249899732489998,52903555020004,2013,40,1,121,174.0,1.0,1,LIGUS2,1,LIGUS2,2,2014-04-07 12:43:32,,8,4
249899733489998,52903555020004,2013,40,1,121,174.0,2.0,1,LIGUS2,1,LIGUS2,60,2014-04-07 12:43:32,,8,4
249899734489998,52903555020004,2013,40,1,121,174.0,3.0,1,LIGUS2,1,LIGUS2,24,2014-04-07 12:43:32,,8,4
249901879489998,52903705020004,2013,40,2,91,129.0,4.0,1,LIGUS2,1,LIGUS2,4,2014-04-07 12:43:45,,8,4
249901880489998,52903705020004,2013,40,2,91,129.0,1.0,1,LOJA,1,LOJA,15,2014-04-07 12:43:45,,8,4
249901881489998,52903705020004,2013,40,2,91,129.0,2.0,1,LOJA,1,LOJA,35,2014-04-07 12:43:45,,8,4
249901882489998,52903705020004,2013,40,2,91,129.0,4.0,1,LOJA,1,LOJA,50,2014-04-07 12:43:45,,8,4
249901883489998,52903705020004,2013,40,2,91,129.0,2.0,1,ROSA5,1,ROSA5,1,2014-04-07 12:43:45,,8,4
249901884489998,52903705020004,2013,40,2,91,129.0,3.0,1,ROSA5,1,ROSA5,4,2014-04-07 12:43:45,,8,4
249901885489998,52903705020004,2013,40,2,91,129.0,4.0,1,ROSA5,1,ROSA5,2,2014-04-07 12:43:45,,8,4
249901918489998,52903714020004,2013,40,2,97,147.0,1.0,1,AIAL,1,AIAL,7,2014-04-07 12:43:46,,8,4
249901919489998,52903714020004,2013,40,2,97,147.0,3.0,1,AIAL,1,AIAL,1,2014-04-07 12:43:46,,8,4
249901920489998,52903714020004,2013,40,2,97,147.0,3.0,1,ROSA5,1,ROSA5,7,2014-04-07 12:43:46,,8,4
249901921489998,52903714020004,2013,40,2,97,147.0,4.0,1,ROSA5,1,ROSA5,1,2014-04-07 12:43:46,,8,4
249901926489998,52903715020004,2013,40,2,97,111.0,2.0,1,LOJA,1,LOJA,5,2014-04-07 12:43:46,,8,4
249901927489998,52903715020004,2013,40,2,97,111.0,1.0,1,ROSA5,1,ROSA5,2,2014-04-07 12:43:46,,8,4
249901928489998,52903715020004,2013,40,2,97,111.0,2.0,1,ROSA5,1,ROSA5,2,2014-04-07 12:43:46,,8,4
249901941489998,52903718020004,2013,40,1,5,148.0,3.0,1,LECU,1,LECU,2,2014-04-07 12:43:46,,8,4
249901942489998,52903718020004,2013,40,1,5,148.0,3.0,1,LIGUS2,1,LIGUS2,3,2014-04-07 12:43:46,,8,4
249901943489998,52903718020004,2013,40,1,5,148.0,3.0,1,ROSA5,1,ROSA5,4,2014-04-07 12:43:46,,8,4
249901944489998,52903718020004,2013,40,1,5,148.0,4.0,1,ROSA5,1,ROSA5,2,2014-04-07 12:43:46,,8,4
249901949489998,52903719020004,2013,40,1,5,164.0,1.0,1,LECU,1,LECU,45,2014-04-07 12:43:46,,8,4
249901950489998,52903719020004,2013,40,1,5,164.0,2.0,1,LECU,1,LECU,15,2014-04-07 12:43:46,,8,4
249901951489998,52903719020004,2013,40,1,5,164.0,3.0,1,LECU,1,LECU,18,2014-04-07 12:43:46,,8,4
249901952489998,52903719020004,2013,40,1,5,164.0,4.0,1,LECU,1,LECU,14,2014-04-07 12:43:46,,8,4
249901957489998,52903720020004,2013,40,1,5,165.0,1.0,1,LECU,1,LECU,40,2014-04-07 12:43:46,,8,4
249901958489998,52903720020004,2013,40,1,5,165.0,3.0,1,LECU,1,LECU,1,2014-04-07 12:43:46,,8,4
249901959489998,52903720020004,2013,40,1,5,165.0,4.0,1,LECU,1,LECU,3,2014-04-07 12:43:46,,8,4
249901960489998,52903720020004,2013,40,1,5,165.0,2.0,1,ROSA5,1,ROSA5,1,2014-04-07 12:43:46,,8,4
249901961489998,52903720020004,2013,40,1,5,165.0,3.0,1,ROSA5,1,ROSA5,2,2014-04-07 12:43:46,,8,4
249902124489998,52903736020004,2013,40,1,13,124.0,3.0,1,LOJA,1,LOJA,1,2014-04-07 12:43:47,,8,4
249902146489998,52903741020004,2013,40,1,29,64.0,4.0,2,ROSA5,1,ROSA5,15,2014-04-07 12:43:47,,8,4
249902181489998,52903750020004,2013,40,1,79,215.0,1.0,2,LIGUS2,1,LIGUS2,10,2014-04-07 12:43:48,,8,4
249902182489998,52903750020004,2013,40,1,79,215.0,2.0,2,LIGUS2,1,LIGUS2,2,2014-04-07 12:43:48,,8,4
249902183489998,52903750020004,2013,40,1,79,215.0,3.0,2,LIGUS2,1,LIGUS2,1,2014-04-07 12:43:48,,8,4
249902184489998,52903750020004,2013,40,1,79,215.0,1.0,2,LOJA,1,LOJA,3,2014-04-07 12:43:48,,8,4
249902185489998,52903750020004,2013,40,1,79,215.0,2.0,2,LOJA,1,LOJA,55,2014-04-07 12:43:48,,8,4
249902186489998,52903750020004,2013,40,1,79,215.0,3.0,2,LOJA,1,LOJA,50,2014-04-07 12:43:48,,8,4
249902191489998,52903751020004,2013,40,1,79,189.0,1.0,1,AIAL,1,AIAL,5,2014-04-07 12:43:48,,8,4
249902192489998,52903751020004,2013,40,1,79,189.0,1.0,1,LIGUS2,1,LIGUS2,2,2014-04-07 12:43:48,,8,4
249902193489998,52903751020004,2013,40,1,79,189.0,2.0,1,LIGUS2,1,LIGUS2,1,2014-04-07 12:43:48,,8,4
249902194489998,52903751020004,2013,40,1,79,189.0,3.0,1,LIGUS2,1,LIGUS2,20,2014-04-07 12:43:48,,8,4
249902195489998,52903751020004,2013,40,1,79,189.0,4.0,1,LIGUS2,1,LIGUS2,2,2014-04-07 12:43:48,,8,4
249902196489998,52903751020004,2013,40,1,79,189.0,2.0,1,LOJA,1,LOJA,3,2014-04-07 12:43:48,,8,4
249902197489998,52903751020004,2013,40,1,79,189.0,3.0,1,LOJA,1,LOJA,1,2014-04-07 12:43:48,,8,4
249902198489998,52903751020004,2013,40,1,79,189.0,4.0,1,LOJA,1,LOJA,10,2014-04-07 12:43:48,,8,4
249902215489998,52903756020004,2013,40,1,89,279.0,2.0,1,LIGUS2,1,LIGUS2,1,2014-04-07 12:43:48,,8,4
249902216489998,52903756020004,2013,40,1,89,279.0,3.0,1,LOJA,1,LOJA,2,2014-04-07 12:43:48,,8,4
249902217489998,52903756020004,2013,40,1,89,279.0,4.0,1,LOJA,1,LOJA,5,2014-04-07 12:43:48,,8,4
249902218489998,52903756020004,2013,40,1,89,279.0,4.0,1,ROSA5,1,ROSA5,1,2014-04-07 12:43:48,,8,4
249902323489998,52903757020004,2013,40,1,89,287.0,3.0,1,LOJA,1,LOJA,1,2014-04-07 12:43:48,,8,4
249902324489998,52903757020004,2013,40,1,89,287.0,4.0,1,LOJA,1,LOJA,1,2014-04-07 12:43:48,,8,4
249902329489998,52903758020004,2013,40,1,89,352.0,1.0,1,LOJA,1,LOJA,5,2014-04-07 12:43:48,,8,4
249902330489998,52903758020004,2013,40,1,89,352.0,2.0,1,LOJA,1,LOJA,10,2014-04-07 12:43:48,,8,4
249902331489998,52903758020004,2013,40,1,89,352.0,3.0,1,LOJA,1,LOJA,10,2014-04-07 12:43:48,,8,4
249902332489998,52903758020004,2013,40,1,89,352.0,4.0,1,LOJA,1,LOJA,1,2014-04-07 12:43:48,,8,4
249902337489998,52903759020004,2013,40,1,89,351.0,3.0,1,LOJA,1,LOJA,1,2014-04-07 12:43:48,,8,4
249902342489998,52903760020004,2013,40,1,89,397.0,1.0,1,LOJA,1,LOJA,15,2014-04-07 12:43:49,,8,4
249902343489998,52903760020004,2013,40,1,89,397.0,2.0,1,LOJA,1,LOJA,10,2014-04-07 12:43:49,,8,4
249902344489998,52903760020004,2013,40,1,89,397.0,3.0,1,LOJA,1,LOJA,5,2014-04-07 12:43:49,,8,4
249902345489998,52903760020004,2013,40,1,89,397.0,4.0,1,LOJA,1,LOJA,2,2014-04-07 12:43:49,,8,4
249902450489998,52903761020004,2013,40,1,89,336.0,1.0,1,LOJA,1,LOJA,40,2014-04-07 12:43:49,,8,4
249902451489998,52903761020004,2013,40,1,89,336.0,2.0,1,LOJA,1,LOJA,35,2014-04-07 12:43:49,,8,4
249902452489998,52903761020004,2013,40,1,89,336.0,3.0,1,LOJA,1,LOJA,20,2014-04-07 12:43:49,,8,4
249902540489998,52903777020004,2013,40,1,127,258.0,1.0,1,ROSA5,1,ROSA5,1,2014-04-07 12:43:50,,8,4
249902541489998,52903777020004,2013,40,1,127,258.0,4.0,1,ROSA5,1,ROSA5,1,2014-04-07 12:43:50,,8,4
249902551489998,52903779020004,2013,40,1,127,166.0,2.0,1,LIGUS2,1,LIGUS2,1,2014-04-07 12:43:50,,8,4
249902552489998,52903779020004,2013,40,1,127,166.0,1.0,1,LOJA,1,LOJA,30,2014-04-07 12:43:50,,8,4
249902553489998,52903779020004,2013,40,1,127,166.0,2.0,1,LOJA,1,LOJA,10,2014-04-07 12:43:50,,8,4
249902554489998,52903779020004,2013,40,1,127,166.0,3.0,1,LOJA,1,LOJA,2,2014-04-07 12:43:50,,8,4
249902555489998,52903779020004,2013,40,1,127,166.0,4.0,2,LOJA,1,LOJA,1,2014-04-07 12:43:50,,8,4
249902568489998,52903782020004,2013,40,1,121,221.0,1.0,1,LECU,1,LECU,5,2014-04-07 12:43:50,,8,4
249902569489998,52903782020004,2013,40,1,121,221.0,2.0,1,LECU,1,LECU,10,2014-04-07 12:43:50,,8,4
249902570489998,52903782020004,2013,40,1,121,221.0,3.0,1,LECU,1,LECU,5,2014-04-07 12:43:50,,8,4
249902571489998,52903782020004,2013,40,1,121,221.0,4.0,1,LECU,1,LECU,25,2014-04-07 12:43:50,,8,4
249902572489998,52903782020004,2013,40,1,121,221.0,2.0,1,ROSA5,1,ROSA5,3,2014-04-07 12:43:50,,8,4
249902573489998,52903782020004,2013,40,1,121,221.0,4.0,1,ROSA5,1,ROSA5,8,2014-04-07 12:43:50,,8,4
249902592489998,52903788020004,2013,40,1,13,196.0,4.0,1,ROSA5,1,ROSA5,1,2014-04-07 12:43:50,,8,4
249902614489998,52903794020004,2013,40,2,1,104.0,3.0,1,LECU,1,LECU,1,2014-04-07 12:43:50,,8,4
249902615489998,52903794020004,2013,40,2,1,104.0,1.0,1,ROSA5,1,ROSA5,1,2014-04-07 12:43:50,,8,4
249902642489998,52903802020004,2013,40,1,89,232.0,3.0,2,LECU,1,LECU,1,2014-04-07 12:43:51,,8,4
249902663489998,52903807020004,2013,40,1,79,221.0,1.0,1,LIGUS2,1,LIGUS2,1,2014-04-07 12:43:51,,8,4
249902664489998,52903807020004,2013,40,1,79,221.0,2.0,2,LIGUS2,1,LIGUS2,5,2014-04-07 12:43:51,,8,4
499149182126144,254502204010854,2011,40,1,77,151.0,1.0,1,ROSA5,1,ROSA5,1,2018-01-25 14:36:24,2018-03-29 14:57:18,8,2
499149183126144,254502204010854,2011,40,1,77,151.0,3.0,1,LIGUS2,1,LIGUS2,5,2018-01-25 14:36:24,2018-03-29 14:57:18,8,2
499149184126144,254502204010854,2011,40,1,77,151.0,3.0,1,LOJA,1,LOJA,5,2018-01-25 14:36:24,2018-03-29 14:57:18,8,2
499149185126144,254502204010854,2011,40,1,77,151.0,4.0,1,LIGUS2,1,LIGUS2,1,2018-01-25 14:36:24,2018-03-29 14:57:18,8,2
499149186126144,254502204010854,2011,40,1,77,151.0,4.0,1,ROSA5,1,ROSA5,1,2018-01-25 14:36:24,2018-03-29 14:57:18,8,2
499149187126144,254502204010854,2011,40,1,77,151.0,4.0,1,LECU,1,LECU,1,2018-01-25 14:36:24,2018-03-29 14:57:18,8,2
499149188126144,254502205010854,2011,40,1,77,144.0,2.0,1,LECU,1,LECU,1,2018-01-25 14:36:24,2018-03-29 14:57:18,8,2
499149189126144,254502205010854,2011,40,1,77,144.0,3.0,1,LESPE,1,LESPE,1,2018-01-25 14:36:24,2018-03-29 14:57:18,8,2
499149190126144,254502205010854,2011,40,1,77,144.0,4.0,1,LESPE,1,LESPE,1,2018-01-25 14:36:24,2018-03-29 14:57:18,8,2
499149191126144,254502206010854,2011,40,2,101,178.0,2.0,1,LIGUS2,1,LIGUS2,1,2018-01-25 14:36:24,2018-03-29 14:57:18,8,2
499149192126144,254502206010854,2011,40,2,101,178.0,2.0,1,ROSA5,1,ROSA5,1,2018-01-25 14:36:24,2018-03-29 14:57:18,8,2
499149193126144,254502208010854,2011,40,2,101,171.0,2.0,2,LONIC,1,LONIC,5,2018-01-25 14:36:24,2018-03-29 14:57:18,8,2
499149194126144,254502208010854,2011,40,2,101,171.0,3.0,2,ROSA5,1,ROSA5,1,2018-01-25 14:36:24,2018-03-29 14:57:18,8,2
499149195126144,254502208010854,2011,40,2,101,171.0,3.0,2,LOJA,1,LOJA,5,2018-01-25 14:36:24,2018-03-29 14:57:18,8,2
499149196126144,254502209010854,2011,40,2,101,172.0,1.0,1,ROSA5,1,ROSA5,1,2018-01-25 14:36:24,2018-03-29 14:57:18,8,2
499149197126144,254502209010854,2011,40,2,101,172.0,1.0,1,LOJA,1,LOJA,1,2018-01-25 14:36:24,2018-03-29 14:57:18,8,2
499149198126144,254502209010854,2011,40,2,101,172.0,2.0,1,ROSA5,1,ROSA5,1,2018-01-25 14:36:24,2018-03-29 14:57:18,8,2
499149199126144,254502216010854,2011,40,2,97,145.0,1.0,1,ROSA5,1,ROSA5,1,2018-01-25 14:36:24,2018-03-29 14:57:18,8,2
499149200126144,254502216010854,2011,40,2,97,145.0,1.0,1,LOJA,1,LOJA,5,2018-01-25 14:36:24,2018-03-29 14:57:18,8,2
499149201126144,254502216010854,2011,40,2,97,145.0,2.0,1,ROSA5,1,ROSA5,1,2018-01-25 14:36:24,2018-03-29 14:57:18,8,2
499149202126144,254502216010854,2011,40,2,97,145.0,2.0,1,LOJA,1,LOJA,30,2018-01-25 14:36:24,2018-03-29 14:57:21,8,2
499149203126144,254502216010854,2011,40,2,97,145.0,3.0,1,ROSA5,1,ROSA5,30,2018-01-25 14:36:24,2018-03-29 14:57:18,8,2
499149204126144,254502216010854,2011,40,2,97,145.0,3.0,1,LOJA,1,LOJA,5,2018-01-25 14:36:24,2018-03-29 14:57:18,8,2
499149205126144,254502216010854,2011,40,2,97,145.0,4.0,1,ROSA5,1,ROSA5,1,2018-01-25 14:36:24,2018-03-29 14:57:18,8,2
499149206126144,254502216010854,2011,40,2,97,145.0,4.0,1,LOJA,1,LOJA,30,2018-01-25 14:36:24,2018-03-29 14:57:18,8,2
499149207126144,254502220010854,2011,40,1,5,176.0,3.0,3,LIGUS2,1,LIGUS2,1,2018-01-25 14:36:24,2018-03-29 14:57:18,8,2
499149208126144,254502237010854,2011,40,2,91,113.0,1.0,1,ROSA5,1,ROSA5,1,2018-01-25 14:36:24,2018-03-29 14:57:18,8,2
499149209126144,254502237010854,2011,40,2,91,113.0,1.0,1,LOJA,1,LOJA,5,2018-01-25 14:36:24,2018-03-29 14:57:18,8,2
499149210126144,254502237010854,2011,40,2,91,113.0,2.0,1,ROSA5,1,ROSA5,30,2018-01-25 14:36:24,2018-03-29 14:57:18,8,2
499149211126144,254502237010854,2011,40,2,91,113.0,2.0,1,LECU,1,LECU,30,2018-01-25 14:36:24,2018-03-29 14:57:18,8,2
499149212126144,254502237010854,2011,40,2,91,113.0,3.0,1,LOJA,1,LOJA,5,2018-01-25 14:36:24,2018-03-29 14:57:18,8,2
499149213126144,254502237010854,2011,40,2,91,113.0,4.0,1,ROSA5,1,ROSA5,5,2018-01-25 14:36:24,2018-03-29 14:57:18,8,2
499149214126144,254502237010854,2011,40,2,91,113.0,4.0,1,LOJA,1,LOJA,5,2018-01-25 14:36:24,2018-03-29 14:57:18,8,2
499149215126144,254502239010854,2011,40,1,121,183.0,1.0,1,LECU,1,LECU,1,2018-01-25 14:36:24,2018-03-29 14:57:18,8,2
499149216126144,254502239010854,2011,40,1,121,183.0,2.0,1,LECU,1,LECU,5,2018-01-25 14:36:24,2018-03-29 14:57:18,8,2
499149217126144,254502239010854,2011,40,1,121,183.0,3.0,1,LIGUS2,1,LIGUS2,1,2018-01-25 14:36:24,2018-03-29 14:57:18,8,2
499149218126144,254502239010854,2011,40,1,121,183.0,4.0,1,LECU,1,LECU,1,2018-01-25 14:36:24,2018-03-29 14:57:18,8,2
499149219126144,254502244010854,2011,40,1,23,120.0,1.0,1,ROSA5,1,ROSA5,1,2018-01-25 14:36:24,2018-03-29 14:57:18,8,2
499149220126144,254502244010854,2011,40,1,23,120.0,1.0,1,LECU,1,LECU,5,2018-01-25 14:36:24,2018-03-29 14:57:18,8,2
499149221126144,254502244010854,2011,40,1,23,120.0,2.0,1,LECU,1,LECU,1,2018-01-25 14:36:24,2018-03-29 14:57:18,8,2
313520877489998,218221514020004,2014,40,1,89,317.0,4.0,1,LOJA,1,LOJA,10,2015-03-23 15:05:25,,8,5
313520914489998,218221524020004,2014,40,1,23,157.0,2.0,1,LOJA,1,LOJA,15,2015-03-23 15:05:26,,8,5
313520939489998,218221530020004,2014,40,1,127,248.0,2.0,1,ROSA5,1,ROSA5,1,2015-03-23 15:05:26,,8,5
313520960489998,218221537020004,2014,40,1,61,146.0,1.0,1,ROSA5,1,ROSA5,1,2015-03-23 15:05:27,,8,5
313520965489998,218221538020004,2014,40,1,61,142.0,1.0,1,LECU,1,LECU,2,2015-03-23 15:05:27,,8,5
313520966489998,218221538020004,2014,40,1,61,142.0,4.0,1,LECU,1,LECU,15,2015-03-23 15:05:27,,8,5
313520987489998,218221546020004,2014,40,2,91,103.0,1.0,1,LECU,1,LECU,1,2015-03-23 15:05:27,,8,5
313520988489998,218221546020004,2014,40,2,91,103.0,4.0,1,LECU,1,LECU,2,2015-03-23 15:05:27,,8,5
313520989489998,218221546020004,2014,40,2,91,103.0,1.0,1,ROSA5,1,ROSA5,2,2015-03-23 15:05:27,,8,5
313520990489998,218221546020004,2014,40,2,91,103.0,4.0,1,ROSA5,1,ROSA5,1,2015-03-23 15:05:27,,8,5
313521003489998,218221551020004,2014,40,1,29,60.0,1.0,1,LECU,1,LECU,2,2015-03-23 15:05:27,,8,5
313521004489998,218221551020004,2014,40,1,29,60.0,2.0,1,LECU,1,LECU,3,2015-03-23 15:05:27,,8,5
313521005489998,218221551020004,2014,40,1,29,60.0,3.0,1,LECU,1,LECU,5,2015-03-23 15:05:27,,8,5
313521006489998,218221551020004,2014,40,1,29,60.0,4.0,1,LECU,1,LECU,4,2015-03-23 15:05:27,,8,5
313521011489998,218221552020004,2014,40,1,29,51.0,3.0,1,LESPE,1,LESPE,1,2015-03-23 15:05:27,,8,5
313521012489998,218221552020004,2014,40,1,29,51.0,4.0,1,ROSA5,1,ROSA5,1,2015-03-23 15:05:27,,8,5
313521017489998,218221553020004,2014,40,1,5,166.0,1.0,1,LECU,1,LECU,3,2015-03-23 15:05:27,,8,5
313521018489998,218221553020004,2014,40,1,5,166.0,3.0,1,LECU,1,LECU,3,2015-03-23 15:05:27,,8,5
313521025489998,218221554020004,2014,40,1,5,168.0,4.0,1,LECU,1,LECU,7,2015-03-23 15:05:27,,8,5
313521026489998,218221554020004,2014,40,1,5,168.0,4.0,1,ROSA5,1,ROSA5,1,2015-03-23 15:05:27,,8,5
313521032489998,218221555020004,2014,40,2,91,169.0,1.0,2,LECU,1,LECU,8,2015-03-23 15:05:27,,8,5
313521033489998,218221555020004,2014,40,2,91,169.0,2.0,2,LECU,1,LECU,5,2015-03-23 15:05:27,,8,5
313521038489998,218221556020004,2014,40,2,91,137.0,1.0,1,LECU,1,LECU,2,2015-03-23 15:05:27,,8,5
313521039489998,218221556020004,2014,40,2,91,137.0,2.0,1,LECU,1,LECU,5,2015-03-23 15:05:27,,8,5
313521040489998,218221556020004,2014,40,2,91,137.0,3.0,1,LECU,1,LECU,8,2015-03-23 15:05:27,,8,5
313521041489998,218221556020004,2014,40,2,91,137.0,4.0,1,LECU,1,LECU,5,2015-03-23 15:05:27,,8,5
313521042489998,218221556020004,2014,40,2,91,137.0,4.0,1,ROSA5,1,ROSA5,1,2015-03-23 15:05:27,,8,5
313521189489998,218221562020004,2014,40,1,121,161.0,2.0,1,ROSA5,1,ROSA5,1,2015-03-23 15:05:28,,8,5
313521269489998,218221583020004,2014,40,2,1,79.0,1.0,2,LECU,1,LECU,20,2015-03-23 15:05:29,,8,5
313521295489998,218221591020004,2014,40,2,91,152.0,2.0,1,LECU,1,LECU,1,2015-03-23 15:05:29,,8,5
313521296489998,218221591020004,2014,40,2,91,152.0,3.0,1,LECU,1,LECU,55,2015-03-23 15:05:29,,8,5
313521318489998,218221598020004,2014,40,1,5,162.0,1.0,1,LECU,1,LECU,2,2015-03-23 15:05:29,,8,5
313521319489998,218221598020004,2014,40,1,5,162.0,2.0,1,LECU,1,LECU,6,2015-03-23 15:05:29,,8,5
313521320489998,218221598020004,2014,40,1,5,162.0,3.0,1,LECU,1,LECU,1,2015-03-23 15:05:29,,8,5
313521321489998,218221598020004,2014,40,1,5,162.0,4.0,1,LECU,1,LECU,1,2015-03-23 15:05:29,,8,5
313521330489998,218221600020004,2014,40,1,5,111.0,3.0,1,LECU,1,LECU,1,2015-03-23 15:05:30,,8,5
313521331489998,218221600020004,2014,40,1,5,111.0,1.0,1,ROSA5,1,ROSA5,1,2015-03-23 15:05:30,,8,5
313521445489998,218221603020004,2014,40,1,5,202.0,1.0,1,LECU,1,LECU,40,2015-03-23 15:05:30,,8,5
313521446489998,218221603020004,2014,40,1,5,202.0,4.0,1,LECU,1,LECU,40,2015-03-23 15:05:30,,8,5
313521451489998,218221604020004,2014,40,1,5,207.0,2.0,1,ROSA5,1,ROSA5,1,2015-03-23 15:05:30,,8,5
313521452489998,218221604020004,2014,40,1,5,207.0,4.0,1,ROSA5,1,ROSA5,2,2015-03-23 15:05:30,,8,5
313521457489998,218221605020004,2014,40,2,91,123.0,3.0,2,ROSA5,1,ROSA5,2,2015-03-23 15:05:30,,8,5
313521463489998,218221607020004,2014,40,2,91,159.0,3.0,2,LECU,1,LECU,1,2015-03-23 15:05:30,,8,5
313521464489998,218221607020004,2014,40,2,91,159.0,4.0,2,LECU,1,LECU,1,2015-03-23 15:05:30,,8,5
313521520489998,218221608020004,2014,40,1,121,244.0,1.0,1,LECU,1,LECU,40,2015-03-23 15:05:31,,8,5
313521521489998,218221608020004,2014,40,1,121,244.0,1.0,1,ROSA5,1,ROSA5,1,2015-03-23 15:05:31,,8,5
313521530489998,218221611020004,2014,40,2,91,90.0,4.0,1,LIGUS2,1,LIGUS2,1,2015-03-23 15:05:31,,8,5
313521536489998,218221614020004,2014,40,1,121,242.0,1.0,1,ROSA5,1,ROSA5,2,2015-03-23 15:05:31,,8,5
313521577489998,218221625020004,2014,40,1,29,98.0,4.0,2,LECU,1,LECU,10,2015-03-23 15:05:31,,8,5
313521598489998,218221631020004,2014,40,1,5,213.0,1.0,1,LIGUS2,1,LIGUS2,1,2015-03-23 15:05:31,,8,5
313521599489998,218221631020004,2014,40,1,5,213.0,3.0,1,LIGUS2,1,LIGUS2,1,2015-03-23 15:05:31,,8,5
499157044126144,258872065010854,2012,40,1,77,129.0,2.0,1,LECU,1,LECU,5,2018-01-25 14:36:27,2018-03-29 14:57:18,8,3
499157045126144,258872065010854,2012,40,1,77,129.0,3.0,1,LIGUS2,1,LIGUS2,30,2018-01-25 14:36:27,2018-03-29 14:57:18,8,3
499157046126144,258872065010854,2012,40,1,77,129.0,3.0,1,LECU,1,LECU,30,2018-01-25 14:36:27,2018-03-29 14:57:18,8,3
499157047126144,258872067010854,2012,40,2,135,131.0,1.0,1,ROSA5,1,ROSA5,1,2018-01-25 14:36:27,2018-03-29 14:57:18,8,3
499157048126144,258872067010854,2012,40,2,135,131.0,1.0,1,LOJA,1,LOJA,30,2018-01-25 14:36:27,2018-03-29 14:57:18,8,3
499157049126144,258872067010854,2012,40,2,135,131.0,2.0,1,ROSA5,1,ROSA5,5,2018-01-25 14:36:27,2018-03-29 14:57:18,8,3
499157050126144,258872067010854,2012,40,2,135,131.0,3.0,1,ROSA5,1,ROSA5,5,2018-01-25 14:36:27,2018-03-29 14:57:18,8,3
499157051126144,258872067010854,2012,40,2,135,131.0,3.0,1,LECU,1,LECU,1,2018-01-25 14:36:27,2018-03-29 14:57:18,8,3
499157052126144,258872067010854,2012,40,2,135,131.0,4.0,1,LECU,1,LECU,1,2018-01-25 14:36:27,2018-03-29 14:57:18,8,3
499157053126144,258872068010854,2012,40,2,135,163.0,1.0,1,ROSA5,1,ROSA5,1,2018-01-25 14:36:27,2018-03-29 14:57:18,8,3
499157054126144,258872075010854,2012,40,2,21,147.0,3.0,2,ROSA5,1,ROSA5,1,2018-01-25 14:36:27,2018-03-29 14:57:18,8,3
499157055126144,258872075010854,2012,40,2,21,147.0,3.0,2,LOJA,1,LOJA,5,2018-01-25 14:36:27,2018-03-29 14:57:18,8,3
499157056126144,258872079010854,2012,40,1,23,137.0,1.0,1,LIGUS2,1,LIGUS2,1,2018-01-25 14:36:27,2018-03-29 14:57:18,8,3
499157057126144,258872079010854,2012,40,1,23,137.0,2.0,1,LIGUS2,1,LIGUS2,5,2018-01-25 14:36:27,2018-03-29 14:57:18,8,3
499157058126144,258872079010854,2012,40,1,23,137.0,2.0,1,LONIC,1,LONIC,5,2018-01-25 14:36:27,2018-03-29 14:57:18,8,3
499157059126144,258872079010854,2012,40,1,23,137.0,4.0,1,LIGUS2,1,LIGUS2,1,2018-01-25 14:36:27,2018-03-29 14:57:18,8,3
499157060126144,258872079010854,2012,40,1,23,137.0,4.0,1,LOJA,1,LOJA,30,2018-01-25 14:36:27,2018-03-29 14:57:18,8,3
499157061126144,258872081010854,2012,40,1,23,97.0,3.0,2,ROSA5,1,ROSA5,5,2018-01-25 14:36:27,2018-03-29 14:57:18,8,3
499157062126144,258872081010854,2012,40,1,23,97.0,3.0,2,LOJA,1,LOJA,1,2018-01-25 14:36:27,2018-03-29 14:57:18,8,3
499157063126144,258872090010854,2012,40,1,127,214.0,1.0,1,ROSA5,1,ROSA5,5,2018-01-25 14:36:27,2018-03-29 14:57:18,8,3
499157064126144,258872090010854,2012,40,1,127,214.0,2.0,1,ROSA5,1,ROSA5,1,2018-01-25 14:36:27,2018-03-29 14:57:18,8,3
499157065126144,258872090010854,2012,40,1,127,214.0,4.0,2,LECU,1,LECU,1,2018-01-25 14:36:27,2018-03-29 14:57:18,8,3
499157066126144,258872094010854,2012,40,1,77,90.0,1.0,1,LECU,1,LECU,70,2018-01-25 14:36:27,2018-03-29 14:57:18,8,3
499157067126144,258872096010854,2012,40,2,21,171.0,2.0,2,LECU,1,LECU,5,2018-01-25 14:36:27,2018-03-29 14:57:18,8,3
499157068126144,258872096010854,2012,40,2,21,171.0,2.0,3,LECU,1,LECU,5,2018-01-25 14:36:27,2018-03-29 14:57:18,8,3
499157069126144,258872096010854,2012,40,2,21,171.0,3.0,2,LECU,1,LECU,30,2018-01-25 14:36:27,2018-03-29 14:57:18,8,3
499157070126144,258872096010854,2012,40,2,21,171.0,3.0,4,LECU,1,LECU,30,2018-01-25 14:36:27,2018-03-29 14:57:18,8,3
499157071126144,258872103010854,2012,40,2,41,114.0,3.0,1,LECU,1,LECU,1,2018-01-25 14:36:27,2018-03-29 14:57:18,8,3
499157072126144,258872105010854,2012,40,2,41,146.0,1.0,1,LECU,1,LECU,30,2018-01-25 14:36:27,2018-03-29 14:57:18,8,3
499157073126144,258872105010854,2012,40,2,41,146.0,3.0,1,LECU,1,LECU,5,2018-01-25 14:36:27,2018-03-29 14:57:18,8,3
499157074126144,258872105010854,2012,40,2,41,146.0,4.0,3,EUFO5,1,EUFO5,5,2018-01-25 14:36:27,2018-03-29 14:57:18,8,3
499157075126144,258872105010854,2012,40,2,41,146.0,4.0,3,LECU,1,LECU,5,2018-01-25 14:36:27,2018-03-29 14:57:18,8,3
499157076126144,258872106010854,2012,40,2,41,126.0,1.0,1,ROSA5,1,ROSA5,5,2018-01-25 14:36:27,2018-03-29 14:57:18,8,3
499157077126144,258872106010854,2012,40,2,41,126.0,1.0,1,ALPE4,1,ALPE4,1,2018-01-25 14:36:27,2018-03-29 14:57:18,8,3
499157078126144,258872106010854,2012,40,2,41,126.0,3.0,1,ALPE4,1,ALPE4,1,2018-01-25 14:36:27,2018-03-29 14:57:18,8,3
499157079126144,258872107010854,2012,40,2,41,153.0,4.0,1,ROSA5,1,ROSA5,1,2018-01-25 14:36:27,2018-03-29 14:57:18,8,3
499157080126144,258872108010854,2012,40,2,41,123.0,3.0,2,ROSA5,1,ROSA5,5,2018-01-25 14:36:27,2018-03-29 14:57:18,8,3
499157081126144,258872110010854,2012,40,2,115,70.0,3.0,1,ROSA5,1,ROSA5,1,2018-01-25 14:36:27,2018-03-29 14:57:18,8,3
499157082126144,258872112010854,2012,40,2,115,103.0,2.0,2,ROSA5,1,ROSA5,1,2018-01-25 14:36:27,2018-03-29 14:57:18,8,3
499157083126144,258872115010854,2012,40,2,115,80.0,1.0,1,AIAL,1,AIAL,5,2018-01-25 14:36:27,2018-03-29 14:57:18,8,3
499157084126144,258872118010854,2012,40,1,77,107.0,1.0,1,LIGUS2,1,LIGUS2,1,2018-01-25 14:36:27,2018-03-29 14:57:18,8,3
499157085126144,258872118010854,2012,40,1,77,107.0,2.0,1,LIGUS2,1,LIGUS2,1,2018-01-25 14:36:27,2018-03-29 14:57:18,8,3
499157086126144,258872118010854,2012,40,1,77,107.0,4.0,1,LIGUS2,1,LIGUS2,1,2018-01-25 14:36:27,2018-03-29 14:57:18,8,3
499157087126144,258872128010854,2012,40,2,101,158.0,4.0,1,LIGUS2,1,LIGUS2,1,2018-01-25 14:36:27,2018-03-29 14:57:18,8,3
499157088126144,258872132010854,2012,40,1,61,118.0,1.0,1,LIGUS2,1,LIGUS2,1,2018-01-25 14:36:27,2018-03-29 14:57:18,8,3
499157089126144,258872132010854,2012,40,1,61,118.0,1.0,1,ROSA5,1,ROSA5,1,2018-01-25 14:36:27,2018-03-29 14:57:18,8,3
499157090126144,258872132010854,2012,40,1,61,118.0,1.0,1,LOJA,1,LOJA,1,2018-01-25 14:36:27,2018-03-29 14:57:18,8,3
499157091126144,258872132010854,2012,40,1,61,118.0,1.0,1,LECU,1,LECU,1,2018-01-25 14:36:27,2018-03-29 14:57:18,8,3
499157092126144,258872132010854,2012,40,1,61,118.0,3.0,1,LIGUS2,1,LIGUS2,70,2018-01-25 14:36:27,2018-03-29 14:57:21,8,3
499157093126144,258872132010854,2012,40,1,61,118.0,3.0,1,ROSA5,1,ROSA5,1,2018-01-25 14:36:27,2018-03-29 14:57:18,8,3
499157094126144,258872132010854,2012,40,1,61,118.0,3.0,1,LOJA,1,LOJA,1,2018-01-25 14:36:27,2018-03-29 14:57:18,8,3
499157095126144,258872132010854,2012,40,1,61,118.0,4.0,1,LIGUS2,1,LIGUS2,30,2018-01-25 14:36:27,2018-03-29 14:57:18,8,3
499157096126144,258872132010854,2012,40,1,61,118.0,4.0,1,LOJA,1,LOJA,70,2018-01-25 14:36:27,2018-03-29 14:57:18,8,3
499157097126144,258872141010854,2012,40,2,21,133.0,2.0,2,ROSA5,1,ROSA5,1,2018-01-25 14:36:27,2018-03-29 14:57:18,8,3
499157098126144,258872145010854,2012,40,1,77,91.0,3.0,2,ROSA5,1,ROSA5,1,2018-01-25 14:36:27,2018-03-29 14:57:18,8,3
499157099126144,258872154010854,2012,40,1,127,301.0,1.0,1,LECU,1,LECU,1,2018-01-25 14:36:27,2018-03-29 14:57:18,8,3
499157100126144,258872154010854,2012,40,1,127,301.0,2.0,1,LECU,1,LECU,1,2018-01-25 14:36:27,2018-03-29 14:57:18,8,3
499157101126144,258872157010854,2012,40,2,91,88.0,1.0,1,LECU,1,LECU,1,2018-01-25 14:36:27,2018-03-29 14:57:18,8,3
499157102126144,258872158010854,2012,40,1,61,83.0,3.0,1,LOJA,1,LOJA,1,2018-01-25 14:36:27,2018-03-29 14:57:18,8,3
499157103126144,258872161010854,2012,40,1,77,132.0,1.0,1,ROSA5,1,ROSA5,1,2018-01-25 14:36:27,2018-03-29 14:57:18,8,3
499157104126144,258872165010854,2012,40,2,97,150.0,1.0,1,ROSA5,1,ROSA5,1,2018-01-25 14:36:27,2018-03-29 14:57:18,8,3
499157105126144,258872165010854,2012,40,2,97,150.0,2.0,1,LIGUS2,1,LIGUS2,1,2018-01-25 14:36:27,2018-03-29 14:57:18,8,3
499157106126144,258872165010854,2012,40,2,97,150.0,2.0,1,LOJA,1,LOJA,5,2018-01-25 14:36:27,2018-03-29 14:57:18,8,3
499157107126144,258872165010854,2012,40,2,97,150.0,4.0,1,LECU,1,LECU,1,2018-01-25 14:36:27,2018-03-29 14:57:18,8,3
499157108126144,258872171010854,2012,40,2,115,78.0,1.0,1,ROSA5,1,ROSA5,5,2018-01-25 14:36:27,2018-03-29 14:57:18,8,3
499157109126144,258872171010854,2012,40,2,115,78.0,1.0,1,LECU,1,LECU,1,2018-01-25 14:36:27,2018-03-29 14:57:18,8,3
499157110126144,258872176010854,2012,40,1,23,154.0,4.0,2,ALJU,1,ALJU,5,2018-01-25 14:36:27,2018-03-29 14:57:18,8,3
499157111126144,258872176010854,2012,40,1,23,154.0,4.0,2,LOJA,1,LOJA,1,2018-01-25 14:36:27,2018-03-29 14:57:21,8,3
499157112126144,258872185010854,2012,40,2,101,174.0,1.0,1,LIGUS2,1,LIGUS2,1,2018-01-25 14:36:27,2018-03-29 14:57:18,8,3
499157113126144,258872185010854,2012,40,2,101,174.0,1.0,1,ROSA5,1,ROSA5,5,2018-01-25 14:36:27,2018-03-29 14:57:18,8,3
499157114126144,258872185010854,2012,40,2,101,174.0,2.0,1,LIGUS2,1,LIGUS2,5,2018-01-25 14:36:27,2018-03-29 14:57:18,8,3
499157115126144,258872185010854,2012,40,2,101,174.0,2.0,1,ROSA5,1,ROSA5,1,2018-01-25 14:36:27,2018-03-29 14:57:18,8,3
499157116126144,258872185010854,2012,40,2,101,174.0,2.0,1,EUFO5,1,EUFO5,1,2018-01-25 14:36:27,2018-03-29 14:57:18,8,3
499157117126144,258872185010854,2012,40,2,101,174.0,4.0,1,LIGUS2,1,LIGUS2,1,2018-01-25 14:36:27,2018-03-29 14:57:18,8,3
499157118126144,258872185010854,2012,40,2,101,174.0,4.0,1,ROSA5,1,ROSA5,1,2018-01-25 14:36:27,2018-03-29 14:57:18,8,3
499157119126144,258872186010854,2012,40,2,101,176.0,3.0,1,ROSA5,1,ROSA5,1,2018-01-25 14:36:27,2018-03-29 14:57:18,8,3
499157120126144,258872186010854,2012,40,2,101,176.0,4.0,1,LOJA,1,LOJA,1,2018-01-25 14:36:27,2018-03-29 14:57:18,8,3
499157121126144,258872202010854,2012,40,1,23,170.0,1.0,1,ROSA5,1,ROSA5,1,2018-01-25 14:36:27,2018-03-29 14:57:18,8,3
499157122126144,258872202010854,2012,40,1,23,170.0,1.0,1,LECU,1,LECU,1,2018-01-25 14:36:27,2018-03-29 14:57:18,8,3
499157123126144,258872202010854,2012,40,1,23,170.0,2.0,1,LECU,1,LECU,1,2018-01-25 14:36:27,2018-03-29 14:57:18,8,3
499157124126144,258872202010854,2012,40,1,23,170.0,3.0,1,ROSA5,1,ROSA5,5,2018-01-25 14:36:27,2018-03-29 14:57:18,8,3
313521600489998,218221631020004,2014,40,1,5,213.0,1.0,1,LOJA,1,LOJA,1,2015-03-23 15:05:31,,8,5
313521601489998,218221631020004,2014,40,1,5,213.0,2.0,1,LOJA,1,LOJA,15,2015-03-23 15:05:31,,8,5
313521602489998,218221631020004,2014,40,1,5,213.0,3.0,1,LOJA,1,LOJA,10,2015-03-23 15:05:31,,8,5
313521630489998,218221638020004,2014,40,1,5,190.0,2.0,2,ROSA5,1,ROSA5,4,2015-03-23 15:05:31,,8,5
313521643489998,218221643020004,2014,40,1,89,387.0,4.0,1,LOJA,1,LOJA,2,2015-03-23 15:05:31,,8,5
313521658489998,218221646020004,2014,40,1,89,254.0,1.0,1,LOJA,1,LOJA,20,2015-03-23 15:05:32,,8,5
313521659489998,218221646020004,2014,40,1,89,254.0,2.0,2,LOJA,1,LOJA,6,2015-03-23 15:05:32,,8,5
313521660489998,218221646020004,2014,40,1,89,254.0,4.0,2,LOJA,1,LOJA,25,2015-03-23 15:05:32,,8,5
313521661489998,218221646020004,2014,40,1,89,254.0,1.0,1,ROSA5,1,ROSA5,2,2015-03-23 15:05:32,,8,5
313521662489998,218221646020004,2014,40,1,89,254.0,4.0,2,ROSA5,1,ROSA5,12,2015-03-23 15:05:32,,8,5
313521667489998,218221648020004,2014,40,1,29,90.0,2.0,1,LECU,1,LECU,12,2015-03-23 15:05:32,,8,5
313521668489998,218221648020004,2014,40,1,29,90.0,1.0,1,LIGUS2,1,LIGUS2,3,2015-03-23 15:05:32,,8,5
313521669489998,218221648020004,2014,40,1,29,90.0,2.0,1,LIGUS2,1,LIGUS2,6,2015-03-23 15:05:32,,8,5
313521670489998,218221648020004,2014,40,1,29,90.0,3.0,2,LIGUS2,1,LIGUS2,2,2015-03-23 15:05:32,,8,5
313521675489998,218221649020004,2014,40,1,5,206.0,3.0,1,LIGUS2,1,LIGUS2,1,2015-03-23 15:05:32,,8,5
313521676489998,218221649020004,2014,40,1,5,206.0,2.0,1,POTR4,1,POTR4,1,2015-03-23 15:05:32,,8,5
313521699489998,218221654020004,2014,40,1,127,262.0,1.0,1,LOJA,1,LOJA,1,2015-03-23 15:05:32,,8,5
313521700489998,218221654020004,2014,40,1,127,262.0,4.0,1,LOJA,1,LOJA,2,2015-03-23 15:05:32,,8,5
313521701489998,218221654020004,2014,40,1,127,262.0,4.0,1,ROSA5,1,ROSA5,1,2015-03-23 15:05:32,,8,5
313521710489998,218221656020004,2014,40,1,23,151.0,2.0,1,LECU,1,LECU,5,2015-03-23 15:05:32,,8,5
313521711489998,218221656020004,2014,40,1,23,151.0,3.0,1,LECU,1,LECU,3,2015-03-23 15:05:32,,8,5
313521720489998,218221658020004,2014,40,1,121,211.0,3.0,1,LECU,1,LECU,1,2015-03-23 15:05:32,,8,5
313521726489998,218221659020004,2014,40,1,89,409.0,3.0,1,LOJA,1,LOJA,3,2015-03-23 15:05:32,,8,5
313521731489998,218221661020004,2014,40,1,29,74.0,3.0,1,ROSA5,1,ROSA5,1,2015-03-23 15:05:32,,8,5
313521784489998,218221676020004,2014,40,1,127,209.0,2.0,1,LIGUS2,1,LIGUS2,1,2015-03-23 15:05:33,,8,5
313521806489998,218223320020004,2014,40,5,67,65.0,1.0,1,TAMAR2,1,TAMAR2,2,2015-03-23 15:05:33,,2,6
313521807489998,218223320020004,2014,40,5,67,65.0,4.0,1,TAMAR2,1,TAMAR2,1,2015-03-23 15:05:33,,2,6
499149222126144,254502244010854,2011,40,1,23,120.0,3.0,1,LECU,1,LECU,1,2018-01-25 14:36:24,2018-03-29 14:57:18,8,2
499149223126144,254502244010854,2011,40,1,23,120.0,4.0,1,LECU,1,LECU,1,2018-01-25 14:36:24,2018-03-29 14:57:18,8,2
499149224126144,254502245010854,2011,40,1,23,165.0,1.0,1,ROSA5,1,ROSA5,1,2018-01-25 14:36:24,2018-03-29 14:57:18,8,2
499149225126144,254502245010854,2011,40,1,23,165.0,2.0,1,ROSA5,1,ROSA5,1,2018-01-25 14:36:24,2018-03-29 14:57:18,8,2
499149226126144,254502246010854,2011,40,1,23,167.0,1.0,1,ROSA5,1,ROSA5,1,2018-01-25 14:36:24,2018-03-29 14:57:18,8,2
499149227126144,254502246010854,2011,40,1,23,167.0,3.0,2,ROSA5,1,ROSA5,1,2018-01-25 14:36:24,2018-03-29 14:57:18,8,2
499149228126144,254502247010854,2011,40,1,5,122.0,1.0,1,ROSA5,1,ROSA5,1,2018-01-25 14:36:24,2018-03-29 14:57:18,8,2
499149229126144,254502247010854,2011,40,1,5,122.0,4.0,3,ROSA5,1,ROSA5,1,2018-01-25 14:36:24,2018-03-29 14:57:18,8,2
499149230126144,254502250010854,2011,40,1,127,165.0,2.0,1,LOJA,1,LOJA,1,2018-01-25 14:36:24,2018-03-29 14:57:18,8,2
499149231126144,254502250010854,2011,40,1,127,165.0,3.0,1,LONIC,1,LONIC,5,2018-01-25 14:36:24,2018-03-29 14:57:18,8,2
499149232126144,254502250010854,2011,40,1,127,165.0,3.0,2,LONIC,1,LONIC,5,2018-01-25 14:36:24,2018-03-29 14:57:18,8,2
499149233126144,254502250010854,2011,40,1,127,165.0,4.0,1,AIAL,1,AIAL,70,2018-01-25 14:36:24,2018-03-29 14:57:18,8,2
499149234126144,254502250010854,2011,40,1,127,165.0,4.0,1,LOJA,1,LOJA,1,2018-01-25 14:36:24,2018-03-29 14:57:18,8,2
499149235126144,254502256010854,2011,40,2,91,160.0,1.0,1,LECU,1,LECU,30,2018-01-25 14:36:24,2018-03-29 14:57:18,8,2
499149236126144,254502256010854,2011,40,2,91,160.0,3.0,1,LECU,1,LECU,5,2018-01-25 14:36:24,2018-03-29 14:57:18,8,2
499149237126144,254502260010854,2011,40,1,121,170.0,4.0,2,LIGUS2,1,LIGUS2,1,2018-01-25 14:36:24,2018-03-29 14:57:18,8,2
499149238126144,254502262010854,2011,40,1,5,167.0,1.0,1,LECU,1,LECU,1,2018-01-25 14:36:24,2018-03-29 14:57:18,8,2
499149239126144,254502262010854,2011,40,1,5,167.0,2.0,1,LECU,1,LECU,5,2018-01-25 14:36:24,2018-03-29 14:57:18,8,2
499149240126144,254502262010854,2011,40,1,5,167.0,3.0,1,LECU,1,LECU,1,2018-01-25 14:36:24,2018-03-29 14:57:18,8,2
499149241126144,254502265010854,2011,40,1,5,205.0,1.0,1,ROSA5,1,ROSA5,1,2018-01-25 14:36:24,2018-03-29 14:57:18,8,2
499149242126144,254502265010854,2011,40,1,5,205.0,1.0,1,LOJA,1,LOJA,5,2018-01-25 14:36:24,2018-03-29 14:57:18,8,2
499149243126144,254502265010854,2011,40,1,5,205.0,1.0,1,LECU,1,LECU,30,2018-01-25 14:36:24,2018-03-29 14:57:18,8,2
499149244126144,254502265010854,2011,40,1,5,205.0,4.0,1,LOJA,1,LOJA,70,2018-01-25 14:36:24,2018-03-29 14:57:18,8,2
499149245126144,254502265010854,2011,40,1,5,205.0,4.0,1,LECU,1,LECU,5,2018-01-25 14:36:24,2018-03-29 14:57:18,8,2
499149246126144,254502268010854,2011,40,2,91,164.0,2.0,1,ROSA5,1,ROSA5,1,2018-01-25 14:36:24,2018-03-29 14:57:18,8,2
499149247126144,254502275010854,2011,40,1,121,225.0,2.0,2,ROSA5,1,ROSA5,1,2018-01-25 14:36:24,2018-03-29 14:57:18,8,2
499149248126144,254502275010854,2011,40,1,121,225.0,2.0,2,LOJA,1,LOJA,5,2018-01-25 14:36:24,2018-03-29 14:57:21,8,2
499149249126144,254502275010854,2011,40,1,121,225.0,2.0,2,LECU,1,LECU,1,2018-01-25 14:36:24,2018-03-29 14:57:18,8,2
499149250126144,254502279010854,2011,40,1,121,273.0,2.0,1,LIGUS2,1,LIGUS2,1,2018-01-25 14:36:24,2018-03-29 14:57:18,8,2
499149251126144,254502286010854,2011,40,1,5,157.0,1.0,1,ROSA5,1,ROSA5,1,2018-01-25 14:36:24,2018-03-29 14:57:18,8,2
499149252126144,254502287010854,2011,40,1,5,169.0,1.0,1,ROSA5,1,ROSA5,1,2018-01-25 14:36:24,2018-03-29 14:57:18,8,2
499149253126144,254502287010854,2011,40,1,5,169.0,3.0,1,LECU,1,LECU,1,2018-01-25 14:36:24,2018-03-29 14:57:18,8,2
499149254126144,254502299010854,2011,40,1,121,169.0,2.0,2,LECU,1,LECU,1,2018-01-25 14:36:24,2018-03-29 14:57:18,8,2
499149255126144,254502301010854,2011,40,1,29,58.0,2.0,1,LECU,1,LECU,1,2018-01-25 14:36:24,2018-03-29 14:57:18,8,2
499149256126144,254502315010854,2011,40,1,5,200.0,2.0,1,LECU,1,LECU,1,2018-01-25 14:36:24,2018-03-29 14:57:18,8,2
499149257126144,254502315010854,2011,40,1,5,200.0,4.0,1,LECU,1,LECU,1,2018-01-25 14:36:24,2018-03-29 14:57:18,8,2
499149258126144,254502327010854,2011,40,1,5,215.0,2.0,2,ROSA5,1,ROSA5,1,2018-01-25 14:36:24,2018-03-29 14:57:18,8,2
499149259126144,254502877010854,2011,40,3,35,9.0,1.0,1,ROSA5,1,ROSA5,5,2018-01-25 14:36:24,2018-03-29 14:57:18,2,3
499149260126144,254502877010854,2011,40,3,35,9.0,1.0,1,LECU,1,LECU,70,2018-01-25 14:36:24,2018-03-29 14:57:18,2,3
499149261126144,254502877010854,2011,40,3,35,9.0,2.0,1,ROSA5,1,ROSA5,5,2018-01-25 14:36:24,2018-03-29 14:57:18,2,3
499149262126144,254502877010854,2011,40,3,35,9.0,2.0,1,LECU,1,LECU,30,2018-01-25 14:36:24,2018-03-29 14:57:18,2,3
499149263126144,254502877010854,2011,40,3,35,9.0,3.0,1,ROSA5,1,ROSA5,5,2018-01-25 14:36:24,2018-03-29 14:57:18,2,3
499149264126144,254502877010854,2011,40,3,35,9.0,3.0,1,LOJA,1,LOJA,5,2018-01-25 14:36:24,2018-03-29 14:57:18,2,3
499149265126144,254502877010854,2011,40,3,35,9.0,3.0,1,LECU,1,LECU,70,2018-01-25 14:36:24,2018-03-29 14:57:18,2,3
499149266126144,254502877010854,2011,40,3,35,9.0,4.0,1,LOJA,1,LOJA,1,2018-01-25 14:36:24,2018-03-29 14:57:18,2,3
499149267126144,254502877010854,2011,40,3,35,9.0,4.0,1,LECU,1,LECU,5,2018-01-25 14:36:24,2018-03-29 14:57:18,2,3
499149268126144,254502882010854,2011,40,3,131,4.0,1.0,1,LECU,1,LECU,1,2018-01-25 14:36:24,2018-03-29 14:57:18,2,3
499149269126144,254502882010854,2011,40,3,131,4.0,4.0,2,LECU,1,LECU,1,2018-01-25 14:36:24,2018-03-29 14:57:18,2,3
499149270126144,254502889010854,2011,40,3,131,30.0,1.0,1,LONIC,1,LONIC,70,2018-01-25 14:36:24,2018-03-29 14:57:18,2,3
499149271126144,254502889010854,2011,40,3,131,30.0,4.0,1,LONIC,1,LONIC,1,2018-01-25 14:36:24,2018-03-29 14:57:18,2,3
499149272126144,254502893010854,2011,40,3,145,42.0,1.0,1,LOJA,1,LOJA,5,2018-01-25 14:36:24,2018-03-29 14:57:18,2,3
499149273126144,254502893010854,2011,40,3,145,42.0,3.0,1,LOJA,1,LOJA,1,2018-01-25 14:36:24,2018-03-29 14:57:18,2,3
499149274126144,254502893010854,2011,40,3,145,42.0,3.0,1,LECU,1,LECU,5,2018-01-25 14:36:24,2018-03-29 14:57:18,2,3
499149275126144,254502898010854,2011,40,4,111,27.0,1.0,1,LECU,1,LECU,5,2018-01-25 14:36:24,2018-03-29 14:57:18,2,3
499149276126144,254502898010854,2011,40,4,111,27.0,4.0,1,LECU,1,LECU,5,2018-01-25 14:36:24,2018-03-29 14:57:18,2,3
499149277126144,254502902010854,2011,40,3,143,8.0,1.0,1,LIGUS2,1,LIGUS2,1,2018-01-25 14:36:24,2018-03-29 14:57:18,2,3
499149278126144,254502902010854,2011,40,3,143,8.0,1.0,1,ROSA5,1,ROSA5,1,2018-01-25 14:36:24,2018-03-29 14:57:18,2,3
499149279126144,254502902010854,2011,40,3,143,8.0,1.0,1,LOJA,1,LOJA,1,2018-01-25 14:36:24,2018-03-29 14:57:18,2,3
499149280126144,254502902010854,2011,40,3,143,8.0,3.0,1,LIGUS2,1,LIGUS2,1,2018-01-25 14:36:24,2018-03-29 14:57:18,2,3
499149281126144,254502902010854,2011,40,3,143,8.0,3.0,1,ROSA5,1,ROSA5,5,2018-01-25 14:36:24,2018-03-29 14:57:18,2,3
499149282126144,254502902010854,2011,40,3,143,8.0,3.0,1,LOJA,1,LOJA,5,2018-01-25 14:36:24,2018-03-29 14:57:18,2,3
499149283126144,254502902010854,2011,40,3,143,8.0,4.0,1,LIGUS2,1,LIGUS2,1,2018-01-25 14:36:24,2018-03-29 14:57:18,2,3
499149284126144,254502902010854,2011,40,3,143,8.0,4.0,1,ROSA5,1,ROSA5,5,2018-01-25 14:36:24,2018-03-29 14:57:18,2,3
499149285126144,254502902010854,2011,40,3,143,8.0,4.0,1,LOJA,1,LOJA,5,2018-01-25 14:36:24,2018-03-29 14:57:18,2,3
499149286126144,254502905010854,2011,40,4,111,56.0,2.0,1,ROSA5,1,ROSA5,1,2018-01-25 14:36:24,2018-03-29 14:57:18,2,3
499149287126144,254502906010854,2011,40,4,107,9.0,3.0,1,LOJA,1,LOJA,5,2018-01-25 14:36:24,2018-03-29 14:57:18,2,3
499149288126144,254502923010854,2011,40,4,107,13.0,1.0,1,LIGUS2,1,LIGUS2,1,2018-01-25 14:36:24,2018-03-29 14:57:18,2,3
499149289126144,254502923010854,2011,40,4,107,13.0,1.0,1,ROSA5,1,ROSA5,1,2018-01-25 14:36:24,2018-03-29 14:57:18,2,3
499149290126144,254502923010854,2011,40,4,107,13.0,1.0,1,LOJA,1,LOJA,1,2018-01-25 14:36:24,2018-03-29 14:57:18,2,3
499149291126144,254502923010854,2011,40,4,107,13.0,2.0,1,ROSA5,1,ROSA5,1,2018-01-25 14:36:24,2018-03-29 14:57:18,2,3
499149292126144,254502923010854,2011,40,4,107,13.0,3.0,1,ROSA5,1,ROSA5,1,2018-01-25 14:36:24,2018-03-29 14:57:18,2,3
499149293126144,254502923010854,2011,40,4,107,13.0,4.0,1,LIGUS2,1,LIGUS2,1,2018-01-25 14:36:24,2018-03-29 14:57:18,2,3
499149294126144,254502923010854,2011,40,4,107,13.0,4.0,1,LOJA,1,LOJA,1,2018-01-25 14:36:24,2018-03-29 14:57:18,2,3
499149295126144,254502924010854,2011,40,4,107,18.0,1.0,1,LOJA,1,LOJA,1,2018-01-25 14:36:24,2018-03-29 14:57:18,2,3
499149296126144,254502925010854,2011,40,4,107,37.0,1.0,1,ROSA5,1,ROSA5,1,2018-01-25 14:36:24,2018-03-29 14:57:18,2,3
499149297126144,254502925010854,2011,40,4,107,37.0,2.0,1,ROSA5,1,ROSA5,1,2018-01-25 14:36:24,2018-03-29 14:57:18,2,3
499149298126144,254502925010854,2011,40,4,107,37.0,3.0,1,ROSA5,1,ROSA5,5,2018-01-25 14:36:24,2018-03-29 14:57:18,2,3
499149299126144,254502932010854,2011,40,4,111,69.0,2.0,2,LECU,1,LECU,1,2018-01-25 14:36:24,2018-03-29 14:57:18,2,3
499149300126144,254502932010854,2011,40,4,111,69.0,4.0,2,ROSA5,1,ROSA5,30,2018-01-25 14:36:24,2018-03-29 14:57:21,2,3
499149301126144,254502932010854,2011,40,4,111,69.0,4.0,2,LOJA,1,LOJA,70,2018-01-25 14:36:24,2018-03-29 14:57:18,2,3
499149302126144,254502935010854,2011,40,4,69,7.0,4.0,1,ROSA5,1,ROSA5,5,2018-01-25 14:36:24,2018-03-29 14:57:18,2,3
499149303126144,254502938010854,2011,40,4,63,58.0,2.0,2,ROSA5,1,ROSA5,1,2018-01-25 14:36:24,2018-03-29 14:57:18,2,3
499149304126144,254502938010854,2011,40,4,63,58.0,4.0,1,ROSA5,1,ROSA5,1,2018-01-25 14:36:24,2018-03-29 14:57:18,2,3
499149305126144,254502939010854,2011,40,4,63,63.0,3.0,1,ROSA5,1,ROSA5,1,2018-01-25 14:36:24,2018-03-29 14:57:18,2,3
499149306126144,254502942010854,2011,40,3,37,73.0,2.0,1,ROSA5,1,ROSA5,1,2018-01-25 14:36:24,2018-03-29 14:57:18,2,3
499149307126144,254502947010854,2011,40,3,113,116.0,2.0,1,ROSA5,1,ROSA5,1,2018-01-25 14:36:24,2018-03-29 14:57:18,2,3
499149308126144,254502951010854,2011,40,4,95,1.0,2.0,2,ROSA5,1,ROSA5,1,2018-01-25 14:36:24,2018-03-29 14:57:18,2,3
499149309126144,254502962010854,2011,40,3,37,39.0,1.0,2,LOJA,1,LOJA,1,2018-01-25 14:36:24,2018-03-29 14:57:18,2,3
499149310126144,254502964010854,2011,40,3,37,56.0,1.0,1,LECU,1,LECU,1,2018-01-25 14:36:24,2018-03-29 14:57:18,2,3
499149311126144,254502968010854,2011,40,4,69,35.0,4.0,2,ROSA5,1,ROSA5,1,2018-01-25 14:36:24,2018-03-29 14:57:18,2,3
499149312126144,254502973010854,2011,40,4,133,49.0,1.0,1,LOJA,1,LOJA,1,2018-01-25 14:36:24,2018-03-29 14:57:18,2,3
499149313126144,254502973010854,2011,40,4,133,49.0,2.0,1,ROSA5,1,ROSA5,1,2018-01-25 14:36:24,2018-03-29 14:57:18,2,3
499149314126144,254502973010854,2011,40,4,133,49.0,3.0,1,ROSA5,1,ROSA5,1,2018-01-25 14:36:24,2018-03-29 14:57:18,2,3
499149315126144,254502977010854,2011,40,3,117,17.0,1.0,1,LECU,1,LECU,1,2018-01-25 14:36:24,2018-03-29 14:57:18,2,3
499149316126144,254502977010854,2011,40,3,117,17.0,2.0,1,LECU,1,LECU,1,2018-01-25 14:36:24,2018-03-29 14:57:18,2,3
499149317126144,254502977010854,2011,40,3,117,17.0,3.0,1,LECU,1,LECU,1,2018-01-25 14:36:24,2018-03-29 14:57:18,2,3
499149318126144,254502977010854,2011,40,3,117,17.0,4.0,1,LECU,1,LECU,1,2018-01-25 14:36:24,2018-03-29 14:57:18,2,3
499149319126144,254502990010854,2011,40,3,119,5.0,1.0,1,LECU,1,LECU,5,2018-01-25 14:36:24,2018-03-29 14:57:18,2,3
499149320126144,254502990010854,2011,40,3,119,5.0,2.0,1,ROSA5,1,ROSA5,1,2018-01-25 14:36:24,2018-03-29 14:57:18,2,3
499149321126144,254502990010854,2011,40,3,119,5.0,2.0,1,LECU,1,LECU,5,2018-01-25 14:36:24,2018-03-29 14:57:18,2,3
499149322126144,254502990010854,2011,40,3,119,5.0,3.0,1,LECU,1,LECU,1,2018-01-25 14:36:24,2018-03-29 14:57:18,2,3
499149323126144,254502990010854,2011,40,3,119,5.0,4.0,1,LECU,1,LECU,1,2018-01-25 14:36:24,2018-03-29 14:57:18,2,3
499149324126144,254502992010854,2011,40,4,81,9.0,1.0,1,ROSA5,1,ROSA5,5,2018-01-25 14:36:24,2018-03-29 14:57:18,2,3
499149325126144,254502992010854,2011,40,4,81,9.0,1.0,1,LESPE,1,LESPE,1,2018-01-25 14:36:24,2018-03-29 14:57:18,2,3
499149326126144,254503010010854,2011,40,4,19,23.0,3.0,1,ROSA5,1,ROSA5,5,2018-01-25 14:36:24,2018-03-29 14:57:18,2,3
499149327126144,254503010010854,2011,40,4,19,23.0,4.0,1,ROSA5,1,ROSA5,5,2018-01-25 14:36:24,2018-03-29 14:57:18,2,3
499149328126144,254503016010854,2011,40,3,119,22.0,1.0,1,LECU,1,LECU,30,2018-01-25 14:36:24,2018-03-29 14:57:21,2,3
499149329126144,254503016010854,2011,40,3,119,22.0,2.0,1,LECU,1,LECU,1,2018-01-25 14:36:24,2018-03-29 14:57:18,2,3
499149330126144,254503016010854,2011,40,3,119,22.0,3.0,1,LECU,1,LECU,1,2018-01-25 14:36:24,2018-03-29 14:57:18,2,3
499149331126144,254503024010854,2011,40,4,27,3.0,1.0,1,LIGUS2,1,LIGUS2,1,2018-01-25 14:36:24,2018-03-29 14:57:18,2,3
499149332126144,254503024010854,2011,40,4,27,3.0,1.0,1,LESPE,1,LESPE,1,2018-01-25 14:36:24,2018-03-29 14:57:18,2,3
499149333126144,254503024010854,2011,40,4,27,3.0,3.0,1,ROSA5,1,ROSA5,1,2018-01-25 14:36:24,2018-03-29 14:57:18,2,3
499149334126144,254503025010854,2011,40,4,125,80.0,1.0,1,ROSA5,1,ROSA5,1,2018-01-25 14:36:24,2018-03-29 14:57:18,2,3
499149335126144,254503025010854,2011,40,4,125,80.0,3.0,1,ROSA5,1,ROSA5,1,2018-01-25 14:36:24,2018-03-29 14:57:18,2,3
499149336126144,254503029010854,2011,40,4,81,73.0,4.0,2,LOJA,1,LOJA,30,2018-01-25 14:36:24,2018-03-29 14:57:18,2,3
499149337126144,254503030010854,2011,40,4,81,77.0,1.0,1,ROSA5,1,ROSA5,1,2018-01-25 14:36:24,2018-03-29 14:57:18,2,3
499149338126144,254503030010854,2011,40,4,81,77.0,2.0,1,ROSA5,1,ROSA5,1,2018-01-25 14:36:24,2018-03-29 14:57:18,2,3
499149339126144,254503036010854,2011,40,4,85,32.0,1.0,1,LIGUS2,1,LIGUS2,1,2018-01-25 14:36:24,2018-03-29 14:57:18,2,3
499149340126144,254503036010854,2011,40,4,85,32.0,1.0,1,ROSA5,1,ROSA5,1,2018-01-25 14:36:24,2018-03-29 14:57:18,2,3
499149341126144,254503036010854,2011,40,4,85,32.0,2.0,2,ROSA5,1,ROSA5,5,2018-01-25 14:36:24,2018-03-29 14:57:18,2,3
249902665489998,52903807020004,2013,40,1,79,221.0,3.0,1,LIGUS2,1,LIGUS2,7,2014-04-07 12:43:51,,8,4
249902666489998,52903807020004,2013,40,1,79,221.0,1.0,1,LOJA,1,LOJA,40,2014-04-07 12:43:51,,8,4
249902667489998,52903807020004,2013,40,1,79,221.0,2.0,2,LOJA,1,LOJA,80,2014-04-07 12:43:51,,8,4
249902668489998,52903807020004,2013,40,1,79,221.0,3.0,1,LOJA,1,LOJA,2,2014-04-07 12:43:51,,8,4
249902669489998,52903807020004,2013,40,1,79,221.0,4.0,1,LOJA,1,LOJA,40,2014-04-07 12:43:51,,8,4
249902670489998,52903807020004,2013,40,1,79,221.0,3.0,1,ROSA5,1,ROSA5,1,2014-04-07 12:43:51,,8,4
249902671489998,52903807020004,2013,40,1,79,221.0,4.0,1,ROSA5,1,ROSA5,1,2014-04-07 12:43:51,,8,4
313519297489998,218221341020004,2014,40,2,115,77.0,4.0,1,LOJA,1,LOJA,90,2015-03-23 15:05:13,,8,5
313519298489998,218221341020004,2014,40,2,115,77.0,4.0,1,ROSA5,1,ROSA5,3,2015-03-23 15:05:13,,8,5
313519303489998,218221342020004,2014,40,1,23,135.0,1.0,1,LIGUS2,1,LIGUS2,10,2015-03-23 15:05:13,,8,5
313519304489998,218221342020004,2014,40,1,23,135.0,3.0,1,LOJA,1,LOJA,25,2015-03-23 15:05:13,,8,5
313519305489998,218221342020004,2014,40,1,23,135.0,4.0,1,LOJA,1,LOJA,5,2015-03-23 15:05:13,,8,5
313519306489998,218221342020004,2014,40,1,23,135.0,1.0,1,ROSA5,1,ROSA5,2,2015-03-23 15:05:13,,8,5
313519331489998,218221348020004,2014,40,1,77,88.0,2.0,1,LECU,1,LECU,3,2015-03-23 15:05:14,,8,5
313519340489998,218221351020004,2014,40,2,101,189.0,2.0,1,ROSA5,1,ROSA5,1,2015-03-23 15:05:14,,8,5
313519345489998,218221352020004,2014,40,2,21,158.0,4.0,1,ROSA5,1,ROSA5,1,2015-03-23 15:05:14,,8,5
313519454489998,218221354020004,2014,40,2,101,162.0,1.0,1,ALJU,1,ALJU,1,2015-03-23 15:05:14,,8,5
313519455489998,218221354020004,2014,40,2,101,162.0,4.0,2,LECU,1,LECU,20,2015-03-23 15:05:14,,8,5
313519456489998,218221354020004,2014,40,2,101,162.0,1.0,1,LIGUS2,1,LIGUS2,1,2015-03-23 15:05:14,,8,5
313519457489998,218221354020004,2014,40,2,101,162.0,1.0,1,LOJA,1,LOJA,5,2015-03-23 15:05:14,,8,5
313519458489998,218221354020004,2014,40,2,101,162.0,2.0,1,LOJA,1,LOJA,45,2015-03-23 15:05:14,,8,5
313519459489998,218221354020004,2014,40,2,101,162.0,3.0,1,LOJA,1,LOJA,65,2015-03-23 15:05:14,,8,5
313519460489998,218221354020004,2014,40,2,101,162.0,1.0,1,MIVI,1,MIVI,3,2015-03-23 15:05:14,,8,5
313519480489998,218221359020004,2014,40,1,61,126.0,1.0,1,LOJA,1,LOJA,3,2015-03-23 15:05:14,,8,5
313519490489998,218221361020004,2014,40,1,61,98.0,1.0,1,LOJA,1,LOJA,5,2015-03-23 15:05:15,,8,5
313519491489998,218221361020004,2014,40,1,61,98.0,1.0,1,ROSA5,1,ROSA5,1,2015-03-23 15:05:15,,8,5
313519600489998,218221363020004,2014,40,2,97,124.0,3.0,1,ROSA5,1,ROSA5,1,2015-03-23 15:05:15,,8,5
313519606489998,218221364020004,2014,40,2,97,116.0,2.0,2,ALJU,1,ALJU,4,2015-03-23 15:05:15,,8,5
313519607489998,218221364020004,2014,40,2,97,116.0,3.0,2,ROSA5,1,ROSA5,7,2015-03-23 15:05:15,,8,5
313519620489998,218221369020004,2014,40,2,21,157.0,4.0,1,ROSA5,1,ROSA5,1,2015-03-23 15:05:15,,8,5
313519746489998,218221375020004,2014,40,1,23,171.0,4.0,1,LECU,1,LECU,1,2015-03-23 15:05:15,,8,5
313519763489998,218221381020004,2014,40,1,127,206.0,1.0,1,LECU,1,LECU,10,2015-03-23 15:05:16,,8,5
313519764489998,218221381020004,2014,40,1,127,206.0,4.0,1,LECU,1,LECU,5,2015-03-23 15:05:16,,8,5
313519778489998,218221384020004,2014,40,1,127,299.0,3.0,2,LIGUS2,1,LIGUS2,1,2015-03-23 15:05:16,,8,5
313519791489998,218221387020004,2014,40,1,127,199.0,1.0,1,LECU,1,LECU,1,2015-03-23 15:05:16,,8,5
313519905489998,218221390020004,2014,40,1,61,94.0,4.0,2,LIGUS2,1,LIGUS2,2,2015-03-23 15:05:17,,8,5
313519906489998,218221390020004,2014,40,1,61,94.0,1.0,2,LOJA,1,LOJA,4,2015-03-23 15:05:17,,8,5
313519907489998,218221390020004,2014,40,1,61,94.0,4.0,2,LOJA,1,LOJA,5,2015-03-23 15:05:17,,8,5
313519933489998,218221396020004,2014,40,1,77,150.0,4.0,1,LECU,1,LECU,2,2015-03-23 15:05:17,,8,5
313520033489998,218221401020004,2014,40,2,41,132.0,2.0,1,ALPE4,1,ALPE4,1,2015-03-23 15:05:18,,8,5
313520034489998,218221401020004,2014,40,2,41,132.0,3.0,1,ALPE4,1,ALPE4,1,2015-03-23 15:05:18,,8,5
313520035489998,218221401020004,2014,40,2,41,132.0,4.0,1,ALPE4,1,ALPE4,6,2015-03-23 15:05:18,,8,5
313520036489998,218221401020004,2014,40,2,41,132.0,2.0,1,ROSA5,1,ROSA5,1,2015-03-23 15:05:18,,8,5
313520037489998,218221401020004,2014,40,2,41,132.0,3.0,1,ROSA5,1,ROSA5,1,2015-03-23 15:05:18,,8,5
313520053489998,218221405020004,2014,40,2,41,141.0,3.0,2,LECU,1,LECU,1,2015-03-23 15:05:18,,8,5
313520067489998,218221408020004,2014,40,1,89,381.0,1.0,1,ROSA5,1,ROSA5,1,2015-03-23 15:05:18,,8,5
313520068489998,218221408020004,2014,40,1,89,381.0,2.0,1,ROSA5,1,ROSA5,1,2015-03-23 15:05:18,,8,5
313520069489998,218221408020004,2014,40,1,89,381.0,4.0,1,ROSA5,1,ROSA5,12,2015-03-23 15:05:18,,8,5
313520154489998,218221417020004,2014,40,1,23,173.0,2.0,1,ROSA5,1,ROSA5,2,2015-03-23 15:05:19,,8,5
313520160489998,218221418020004,2014,40,1,121,233.0,4.0,2,ROSA5,1,ROSA5,20,2015-03-23 15:05:19,,8,5
313520170489998,218221420020004,2014,40,1,121,230.0,1.0,1,LESPE,1,LESPE,3,2015-03-23 15:05:19,,8,5
313520171489998,218221420020004,2014,40,1,121,230.0,3.0,1,LESPE,1,LESPE,1,2015-03-23 15:05:19,,8,5
313520172489998,218221420020004,2014,40,1,121,230.0,4.0,1,LESPE,1,LESPE,3,2015-03-23 15:05:19,,8,5
313520189489998,218221424020004,2014,40,1,127,254.0,4.0,1,LECU,1,LECU,1,2015-03-23 15:05:19,,8,5
313520190489998,218221424020004,2014,40,1,127,254.0,2.0,1,ROSA5,1,ROSA5,1,2015-03-23 15:05:19,,8,5
313520195489998,218221426020004,2014,40,2,91,119.0,1.0,1,LECU,1,LECU,2,2015-03-23 15:05:19,,8,5
313520196489998,218221426020004,2014,40,2,91,119.0,2.0,1,LECU,1,LECU,10,2015-03-23 15:05:19,,8,5
313520197489998,218221426020004,2014,40,2,91,119.0,1.0,1,LIGUS2,1,LIGUS2,20,2015-03-23 15:05:19,,8,5
313520198489998,218221426020004,2014,40,2,91,119.0,2.0,1,LIGUS2,1,LIGUS2,5,2015-03-23 15:05:19,,8,5
313520199489998,218221426020004,2014,40,2,91,119.0,3.0,1,LIGUS2,1,LIGUS2,2,2015-03-23 15:05:19,,8,5
313520200489998,218221426020004,2014,40,2,91,119.0,4.0,1,LIGUS2,1,LIGUS2,35,2015-03-23 15:05:19,,8,5
313520201489998,218221426020004,2014,40,2,91,119.0,1.0,1,LOJA,1,LOJA,1,2015-03-23 15:05:19,,8,5
313520202489998,218221426020004,2014,40,2,91,119.0,2.0,1,ROSA5,1,ROSA5,1,2015-03-23 15:05:19,,8,5
313520203489998,218221426020004,2014,40,2,91,119.0,3.0,1,ROSA5,1,ROSA5,1,2015-03-23 15:05:19,,8,5
313520208489998,218221427020004,2014,40,2,91,91.0,1.0,1,LECU,1,LECU,1,2015-03-23 15:05:19,,8,5
313520225489998,218221431020004,2014,40,1,5,203.0,1.0,1,ROSA5,1,ROSA5,1,2015-03-23 15:05:19,,8,5
313520230489998,218221432020004,2014,40,1,5,132.0,1.0,1,ROSA5,1,ROSA5,1,2015-03-23 15:05:20,,8,5
313520351489998,218221437020004,2014,40,1,13,183.0,2.0,1,LECU,1,LECU,1,2015-03-23 15:05:20,,8,5
313520370489998,218221441020004,2014,40,1,121,220.0,2.0,1,ROSA5,1,ROSA5,1,2015-03-23 15:05:20,,8,5
313520375489998,218221442020004,2014,40,1,121,172.0,2.0,1,LECU,1,LECU,5,2015-03-23 15:05:20,,8,5
313520388489998,218221445020004,2014,40,1,89,354.0,2.0,1,ALJU,1,ALJU,40,2015-03-23 15:05:20,,8,5
313520389489998,218221445020004,2014,40,1,89,354.0,1.0,1,LIGUS2,1,LIGUS2,2,2015-03-23 15:05:20,,8,5
313520390489998,218221445020004,2014,40,1,89,354.0,2.0,1,LIGUS2,1,LIGUS2,40,2015-03-23 15:05:20,,8,5
313520391489998,218221445020004,2014,40,1,89,354.0,3.0,1,LIGUS2,1,LIGUS2,5,2015-03-23 15:05:20,,8,5
313520392489998,218221445020004,2014,40,1,89,354.0,3.0,1,LOJA,1,LOJA,10,2015-03-23 15:05:20,,8,5
313520393489998,218221445020004,2014,40,1,89,354.0,4.0,1,LOJA,1,LOJA,15,2015-03-23 15:05:20,,8,5
313520394489998,218221445020004,2014,40,1,89,354.0,4.0,1,ROSA5,1,ROSA5,1,2015-03-23 15:05:20,,8,5
313520423489998,218221452020004,2014,40,1,89,292.0,1.0,1,LECU,1,LECU,1,2015-03-23 15:05:21,,8,5
313520424489998,218221452020004,2014,40,1,89,292.0,2.0,1,LECU,1,LECU,17,2015-03-23 15:05:21,,8,5
313520425489998,218221452020004,2014,40,1,89,292.0,4.0,1,LECU,1,LECU,1,2015-03-23 15:05:21,,8,5
313520547489998,218221458020004,2014,40,1,89,331.0,4.0,1,LOJA,1,LOJA,1,2015-03-23 15:05:22,,8,5
313520548489998,218221458020004,2014,40,1,89,331.0,1.0,1,ROSA5,1,ROSA5,75,2015-03-23 15:05:22,,8,5
313520549489998,218221458020004,2014,40,1,89,331.0,2.0,1,ROSA5,1,ROSA5,1,2015-03-23 15:05:22,,8,5
313520550489998,218221458020004,2014,40,1,89,331.0,3.0,1,ROSA5,1,ROSA5,1,2015-03-23 15:05:22,,8,5
499149342126144,254503056010854,2011,40,4,27,45.0,4.0,2,LIGUS2,1,LIGUS2,5,2018-01-25 14:36:24,2018-03-29 14:57:18,2,3
499149343126144,254503059010854,2011,40,4,83,16.0,1.0,1,LECU,1,LECU,1,2018-01-25 14:36:24,2018-03-29 14:57:18,2,3
499149344126144,254503059010854,2011,40,4,83,16.0,3.0,1,LECU,1,LECU,30,2018-01-25 14:36:24,2018-03-29 14:57:18,2,3
499149345126144,254503063010854,2011,40,4,19,79.0,3.0,2,ROSA5,1,ROSA5,1,2018-01-25 14:36:24,2018-03-29 14:57:18,2,3
499149346126144,254503076010854,2011,40,7,103,69.0,3.0,2,LECU,1,LECU,5,2018-01-25 14:36:24,2018-03-29 14:57:18,2,3
499149347126144,254503076010854,2011,40,7,103,69.0,4.0,2,LECU,1,LECU,1,2018-01-25 14:36:24,2018-03-29 14:57:18,2,3
499149348126144,254503101010854,2011,40,4,87,47.0,2.0,1,ALJU,1,ALJU,5,2018-01-25 14:36:24,2018-03-29 14:57:18,2,3
499149349126144,254503101010854,2011,40,4,87,47.0,2.0,1,LESPE,1,LESPE,1,2018-01-25 14:36:24,2018-03-29 14:57:18,2,3
499149350126144,254503151010854,2011,40,5,15,20.0,2.0,2,LECU,1,LECU,30,2018-01-25 14:36:24,2018-03-29 14:57:18,2,3
499156972126144,258871961010854,2012,40,1,89,271.0,1.0,1,LIGUS2,1,LIGUS2,1,2018-01-25 14:36:27,2018-03-29 14:57:18,8,3
499156973126144,258871961010854,2012,40,1,89,271.0,1.0,1,LOJA,1,LOJA,30,2018-01-25 14:36:27,2018-03-29 14:57:18,8,3
499156974126144,258871961010854,2012,40,1,89,271.0,1.0,2,LIGUS2,1,LIGUS2,1,2018-01-25 14:36:27,2018-03-29 14:57:18,8,3
499156975126144,258871961010854,2012,40,1,89,271.0,1.0,2,LOJA,1,LOJA,30,2018-01-25 14:36:27,2018-03-29 14:57:18,8,3
499156976126144,258871961010854,2012,40,1,89,271.0,2.0,2,LOJA,1,LOJA,30,2018-01-25 14:36:27,2018-03-29 14:57:18,8,3
499156977126144,258871961010854,2012,40,1,89,271.0,3.0,1,LOJA,1,LOJA,1,2018-01-25 14:36:27,2018-03-29 14:57:18,8,3
499156978126144,258871961010854,2012,40,1,89,271.0,4.0,2,LOJA,1,LOJA,5,2018-01-25 14:36:27,2018-03-29 14:57:18,8,3
499156979126144,258871962010854,2012,40,1,89,419.0,1.0,2,LECU,1,LECU,1,2018-01-25 14:36:27,2018-03-29 14:57:18,8,3
499156980126144,258871962010854,2012,40,1,89,419.0,2.0,2,LOJA,1,LOJA,1,2018-01-25 14:36:27,2018-03-29 14:57:18,8,3
499156981126144,258871962010854,2012,40,1,89,419.0,2.0,2,LECU,1,LECU,1,2018-01-25 14:36:27,2018-03-29 14:57:18,8,3
499156982126144,258871964010854,2012,40,1,89,393.0,2.0,1,LOJA,1,LOJA,5,2018-01-25 14:36:27,2018-03-29 14:57:18,8,3
499156983126144,258871964010854,2012,40,1,89,393.0,2.0,1,PUMOL,1,PUMOL,5,2018-01-25 14:36:27,2018-03-29 14:57:18,8,3
499156984126144,258871964010854,2012,40,1,89,393.0,3.0,1,LIGUS2,1,LIGUS2,1,2018-01-25 14:36:27,2018-03-29 14:57:18,8,3
499156985126144,258871967010854,2012,40,1,89,306.0,2.0,1,ALJU,1,ALJU,1,2018-01-25 14:36:27,2018-03-29 14:57:18,8,3
499156986126144,258871968010854,2012,40,1,79,292.0,1.0,1,LOJA,1,LOJA,30,2018-01-25 14:36:27,2018-03-29 14:57:18,8,3
499156987126144,258871984010854,2012,40,1,89,350.0,2.0,1,LIGUS2,1,LIGUS2,1,2018-01-25 14:36:27,2018-03-29 14:57:18,8,3
499156988126144,258871984010854,2012,40,1,89,350.0,2.0,1,LOJA,1,LOJA,1,2018-01-25 14:36:27,2018-03-29 14:57:21,8,3
499156989126144,258871988010854,2012,40,1,79,304.0,3.0,1,LECU,1,LECU,1,2018-01-25 14:36:27,2018-03-29 14:57:18,8,3
499156990126144,258871988010854,2012,40,1,79,304.0,4.0,1,LECU,1,LECU,5,2018-01-25 14:36:27,2018-03-29 14:57:18,8,3
499156991126144,258871999010854,2012,40,2,135,161.0,1.0,1,LECU,1,LECU,1,2018-01-25 14:36:27,2018-03-29 14:57:18,8,3
499156992126144,258871999010854,2012,40,2,135,161.0,3.0,1,LECU,1,LECU,5,2018-01-25 14:36:27,2018-03-29 14:57:18,8,3
499156993126144,258872003010854,2012,40,2,135,123.0,1.0,1,LOJA,1,LOJA,1,2018-01-25 14:36:27,2018-03-29 14:57:18,8,3
499156994126144,258872003010854,2012,40,2,135,123.0,2.0,1,ROSA5,1,ROSA5,1,2018-01-25 14:36:27,2018-03-29 14:57:18,8,3
499156995126144,258872003010854,2012,40,2,135,123.0,2.0,1,LOJA,1,LOJA,5,2018-01-25 14:36:27,2018-03-29 14:57:18,8,3
499156996126144,258872003010854,2012,40,2,135,123.0,3.0,2,ROSA5,1,ROSA5,5,2018-01-25 14:36:27,2018-03-29 14:57:18,8,3
499156997126144,258872003010854,2012,40,2,135,123.0,3.0,2,LOJA,1,LOJA,5,2018-01-25 14:36:27,2018-03-29 14:57:18,8,3
499156998126144,258872003010854,2012,40,2,135,123.0,4.0,1,LOJA,1,LOJA,70,2018-01-25 14:36:27,2018-03-29 14:57:18,8,3
499156999126144,258872012010854,2012,40,1,89,386.0,1.0,1,LIGUS2,1,LIGUS2,30,2018-01-25 14:36:27,2018-03-29 14:57:18,8,3
499157000126144,258872012010854,2012,40,1,89,386.0,1.0,1,LOJA,1,LOJA,30,2018-01-25 14:36:27,2018-03-29 14:57:18,8,3
499157001126144,258872012010854,2012,40,1,89,386.0,2.0,1,LIGUS2,1,LIGUS2,30,2018-01-25 14:36:27,2018-03-29 14:57:18,8,3
499157002126144,258872012010854,2012,40,1,89,386.0,2.0,1,LOJA,1,LOJA,30,2018-01-25 14:36:27,2018-03-29 14:57:18,8,3
499157003126144,258872012010854,2012,40,1,89,386.0,3.0,1,LIGUS2,1,LIGUS2,30,2018-01-25 14:36:27,2018-03-29 14:57:18,8,3
499157004126144,258872012010854,2012,40,1,89,386.0,3.0,1,LOJA,1,LOJA,30,2018-01-25 14:36:27,2018-03-29 14:57:18,8,3
499157005126144,258872012010854,2012,40,1,89,386.0,4.0,1,LIGUS2,1,LIGUS2,70,2018-01-25 14:36:27,2018-03-29 14:57:18,8,3
499157006126144,258872012010854,2012,40,1,89,386.0,4.0,1,LOJA,1,LOJA,30,2018-01-25 14:36:27,2018-03-29 14:57:18,8,3
499157007126144,258872016010854,2012,40,1,89,231.0,4.0,1,LIGUS2,1,LIGUS2,1,2018-01-25 14:36:27,2018-03-29 14:57:18,8,3
499157008126144,258872017010854,2012,40,1,89,285.0,1.0,1,LOJA,1,LOJA,5,2018-01-25 14:36:27,2018-03-29 14:57:18,8,3
499157009126144,258872034010854,2012,40,1,79,199.0,3.0,1,LOJA,1,LOJA,1,2018-01-25 14:36:27,2018-03-29 14:57:18,8,3
499157010126144,258872034010854,2012,40,1,79,199.0,3.0,1,LECU,1,LECU,1,2018-01-25 14:36:27,2018-03-29 14:57:18,8,3
499157011126144,258872034010854,2012,40,1,79,199.0,4.0,2,LOJA,1,LOJA,5,2018-01-25 14:36:27,2018-03-29 14:57:18,8,3
499157012126144,258872035010854,2012,40,1,79,235.0,1.0,1,LECU,1,LECU,1,2018-01-25 14:36:27,2018-03-29 14:57:18,8,3
499157013126144,258872035010854,2012,40,1,79,235.0,2.0,1,LECU,1,LECU,1,2018-01-25 14:36:27,2018-03-29 14:57:18,8,3
499157014126144,258872035010854,2012,40,1,79,235.0,4.0,1,LECU,1,LECU,1,2018-01-25 14:36:27,2018-03-29 14:57:18,8,3
499157015126144,258872037010854,2012,40,1,79,224.0,1.0,1,LOJA,1,LOJA,1,2018-01-25 14:36:27,2018-03-29 14:57:18,8,3
499157016126144,258872037010854,2012,40,1,79,224.0,2.0,1,LIGUS2,1,LIGUS2,5,2018-01-25 14:36:27,2018-03-29 14:57:18,8,3
499157017126144,258872037010854,2012,40,1,79,224.0,2.0,1,LOJA,1,LOJA,1,2018-01-25 14:36:27,2018-03-29 14:57:18,8,3
499157018126144,258872037010854,2012,40,1,79,224.0,2.0,1,LECU,1,LECU,1,2018-01-25 14:36:27,2018-03-29 14:57:18,8,3
499157019126144,258872037010854,2012,40,1,79,224.0,4.0,1,LOJA,1,LOJA,1,2018-01-25 14:36:27,2018-03-29 14:57:18,8,3
499157020126144,258872037010854,2012,40,1,79,224.0,4.0,1,LECU,1,LECU,5,2018-01-25 14:36:27,2018-03-29 14:57:18,8,3
499157021126144,258872038010854,2012,40,1,79,271.0,1.0,1,LECU,1,LECU,5,2018-01-25 14:36:27,2018-03-29 14:57:18,8,3
499157022126144,258872038010854,2012,40,1,79,271.0,3.0,1,LECU,1,LECU,5,2018-01-25 14:36:27,2018-03-29 14:57:18,8,3
499157023126144,258872042010854,2012,40,2,1,77.0,1.0,1,LECU,1,LECU,70,2018-01-25 14:36:27,2018-03-29 14:57:18,8,3
499157024126144,258872042010854,2012,40,2,1,77.0,3.0,1,LECU,1,LECU,30,2018-01-25 14:36:27,2018-03-29 14:57:18,8,3
499157025126144,258872043010854,2012,40,2,21,122.0,1.0,1,LIGUS2,1,LIGUS2,5,2018-01-25 14:36:27,2018-03-29 14:57:18,8,3
499157026126144,258872043010854,2012,40,2,21,122.0,4.0,1,LIGUS2,1,LIGUS2,1,2018-01-25 14:36:27,2018-03-29 14:57:18,8,3
499157027126144,258872047010854,2012,40,2,41,108.0,1.0,1,ROSA5,1,ROSA5,1,2018-01-25 14:36:27,2018-03-29 14:57:18,8,3
499157028126144,258872047010854,2012,40,2,41,108.0,1.0,1,LOJA,1,LOJA,5,2018-01-25 14:36:27,2018-03-29 14:57:18,8,3
499157029126144,258872047010854,2012,40,2,41,108.0,1.0,1,LECU,1,LECU,30,2018-01-25 14:36:27,2018-03-29 14:57:18,8,3
499157030126144,258872047010854,2012,40,2,41,108.0,3.0,1,LECU,1,LECU,30,2018-01-25 14:36:27,2018-03-29 14:57:18,8,3
499157031126144,258872047010854,2012,40,2,41,108.0,4.0,1,LIGUS2,1,LIGUS2,5,2018-01-25 14:36:27,2018-03-29 14:57:18,8,3
499157032126144,258872047010854,2012,40,2,41,108.0,4.0,1,EUFO5,1,EUFO5,1,2018-01-25 14:36:27,2018-03-29 14:57:18,8,3
499157033126144,258872047010854,2012,40,2,41,108.0,4.0,1,LOJA,1,LOJA,70,2018-01-25 14:36:27,2018-03-29 14:57:18,8,3
499157034126144,258872050010854,2012,40,2,41,149.0,1.0,1,ALPE4,1,ALPE4,5,2018-01-25 14:36:27,2018-03-29 14:57:18,8,3
499157035126144,258872052010854,2012,40,2,41,112.0,1.0,1,ROSA5,1,ROSA5,1,2018-01-25 14:36:27,2018-03-29 14:57:18,8,3
499157036126144,258872052010854,2012,40,2,41,112.0,2.0,1,LOJA,1,LOJA,70,2018-01-25 14:36:27,2018-03-29 14:57:21,8,3
499157037126144,258872054010854,2012,40,1,89,380.0,1.0,1,ROSA5,1,ROSA5,1,2018-01-25 14:36:27,2018-03-29 14:57:18,8,3
499157038126144,258872054010854,2012,40,1,89,380.0,2.0,1,ROSA5,1,ROSA5,1,2018-01-25 14:36:27,2018-03-29 14:57:18,8,3
499157039126144,258872056010854,2012,40,1,89,418.0,1.0,1,LOJA,1,LOJA,1,2018-01-25 14:36:27,2018-03-29 14:57:21,8,3
499157040126144,258872058010854,2012,40,1,89,429.0,2.0,2,ROSA5,1,ROSA5,1,2018-01-25 14:36:27,2018-03-29 14:57:18,8,3
499157041126144,258872058010854,2012,40,1,89,429.0,2.0,2,LECU,1,LECU,1,2018-01-25 14:36:27,2018-03-29 14:57:18,8,3
499157042126144,258872062010854,2012,40,1,77,118.0,2.0,1,ROSA5,1,ROSA5,5,2018-01-25 14:36:27,2018-03-29 14:57:21,8,3
499157043126144,258872065010854,2012,40,1,77,129.0,1.0,1,LIGUS2,1,LIGUS2,30,2018-01-25 14:36:27,2018-03-29 14:57:18,8,3
313520565489998,218221462020004,2014,40,1,79,231.0,1.0,1,LOJA,1,LOJA,18,2015-03-23 15:05:22,,8,5
313520566489998,218221462020004,2014,40,1,79,231.0,2.0,1,LOJA,1,LOJA,75,2015-03-23 15:05:22,,8,5
313520567489998,218221462020004,2014,40,1,79,231.0,3.0,1,LOJA,1,LOJA,5,2015-03-23 15:05:22,,8,5
313520568489998,218221462020004,2014,40,1,79,231.0,2.0,1,ROSA5,1,ROSA5,7,2015-03-23 15:05:22,,8,5
313520590489998,218221468020004,2014,40,1,77,117.0,1.0,1,LECU,1,LECU,1,2015-03-23 15:05:23,,8,5
313520591489998,218221468020004,2014,40,1,77,117.0,3.0,1,LECU,1,LECU,1,2015-03-23 15:05:23,,8,5
313520604489998,218221471020004,2014,40,2,21,107.0,3.0,1,LECU,1,LECU,1,2015-03-23 15:05:23,,8,5
313520605489998,218221471020004,2014,40,2,21,107.0,3.0,1,LIGUS2,1,LIGUS2,2,2015-03-23 15:05:23,,8,5
313520631489998,218221479020004,2014,40,2,135,102.0,3.0,1,LIGUS2,1,LIGUS2,1,2015-03-23 15:05:23,,8,5
313520632489998,218221479020004,2014,40,2,135,102.0,1.0,1,LOJA,1,LOJA,20,2015-03-23 15:05:23,,8,5
313520633489998,218221479020004,2014,40,2,135,102.0,2.0,1,LOJA,1,LOJA,10,2015-03-23 15:05:23,,8,5
313520634489998,218221479020004,2014,40,2,135,102.0,3.0,1,LOJA,1,LOJA,5,2015-03-23 15:05:23,,8,5
313520635489998,218221479020004,2014,40,2,135,102.0,4.0,1,LOJA,1,LOJA,10,2015-03-23 15:05:23,,8,5
313520636489998,218221479020004,2014,40,2,135,102.0,1.0,1,ROSA5,1,ROSA5,1,2015-03-23 15:05:23,,8,5
313520637489998,218221479020004,2014,40,2,135,102.0,2.0,1,ROSA5,1,ROSA5,2,2015-03-23 15:05:23,,8,5
313520638489998,218221479020004,2014,40,2,135,102.0,3.0,1,ROSA5,1,ROSA5,1,2015-03-23 15:05:23,,8,5
313520639489998,218221479020004,2014,40,2,135,102.0,4.0,1,ROSA5,1,ROSA5,2,2015-03-23 15:05:23,,8,5
313520656489998,218221483020004,2014,40,2,21,100.0,1.0,1,ROSA5,1,ROSA5,3,2015-03-23 15:05:23,,8,5
313520699489998,218221496020004,2014,40,1,121,235.0,1.0,1,LECU,1,LECU,1,2015-03-23 15:05:24,,8,5
313520808489998,218221498020004,2014,40,2,101,143.0,4.0,2,ROSA5,1,ROSA5,1,2015-03-23 15:05:24,,8,5
313520829489998,218221503020004,2014,40,2,135,122.0,1.0,1,LIGUS2,1,LIGUS2,1,2015-03-23 15:05:25,,8,5
313520830489998,218221503020004,2014,40,2,135,122.0,2.0,1,LIGUS2,1,LIGUS2,5,2015-03-23 15:05:25,,8,5
313520831489998,218221503020004,2014,40,2,135,122.0,4.0,1,LIGUS2,1,LIGUS2,2,2015-03-23 15:05:25,,8,5
313520832489998,218221503020004,2014,40,2,135,122.0,2.0,1,LOJA,1,LOJA,15,2015-03-23 15:05:25,,8,5
313520833489998,218221503020004,2014,40,2,135,122.0,4.0,1,LOJA,1,LOJA,4,2015-03-23 15:05:25,,8,5
313520834489998,218221503020004,2014,40,2,135,122.0,3.0,2,ROSA5,1,ROSA5,1,2015-03-23 15:05:25,,8,5
313520852489998,218221509020004,2014,40,2,41,105.0,1.0,1,LOJA,1,LOJA,18,2015-03-23 15:05:25,,8,5
313520853489998,218221509020004,2014,40,2,41,105.0,2.0,1,LOJA,1,LOJA,8,2015-03-23 15:05:25,,8,5
313520854489998,218221509020004,2014,40,2,41,105.0,2.0,1,ROSA5,1,ROSA5,1,2015-03-23 15:05:25,,8,5
313520855489998,218221509020004,2014,40,2,41,105.0,4.0,1,ROSA5,1,ROSA5,1,2015-03-23 15:05:25,,8,5
313520865489998,218221511020004,2014,40,2,1,100.0,1.0,2,LECU,1,LECU,1,2015-03-23 15:05:25,,8,5
313520866489998,218221511020004,2014,40,2,1,100.0,4.0,2,LECU,1,LECU,1,2015-03-23 15:05:25,,8,5
313520875489998,218221514020004,2014,40,1,89,317.0,1.0,1,LOJA,1,LOJA,2,2015-03-23 15:05:25,,8,5
313520876489998,218221514020004,2014,40,1,89,317.0,3.0,1,LOJA,1,LOJA,3,2015-03-23 15:05:25,,8,5
313521904489998,218223331020004,2014,40,3,113,95.0,4.0,1,ROSA5,1,ROSA5,2,2015-03-23 15:05:34,,2,6
313521929489998,218223337020004,2014,40,4,95,7.0,3.0,2,LOJA,1,LOJA,4,2015-03-23 15:05:34,,2,6
313521930489998,218223337020004,2014,40,4,95,7.0,3.0,2,ROSA5,1,ROSA5,1,2015-03-23 15:05:34,,2,6
313521968489998,218223353020004,2014,40,4,107,55.0,1.0,1,LECU,1,LECU,12,2015-03-23 15:05:34,,2,6
313521969489998,218223353020004,2014,40,4,107,55.0,2.0,1,LECU,1,LECU,1,2015-03-23 15:05:34,,2,6
313521974489998,218223354020004,2014,40,4,133,8.0,1.0,1,LECU,1,LECU,36,2015-03-23 15:05:34,,2,6
313521975489998,218223354020004,2014,40,4,133,8.0,2.0,1,LECU,1,LECU,4,2015-03-23 15:05:34,,2,6
313521976489998,218223354020004,2014,40,4,133,8.0,4.0,1,LECU,1,LECU,1,2015-03-23 15:05:34,,2,6
313521977489998,218223354020004,2014,40,4,133,8.0,2.0,1,LIGUS2,1,LIGUS2,1,2015-03-23 15:05:34,,2,6
313521978489998,218223354020004,2014,40,4,133,8.0,2.0,1,ROSA5,1,ROSA5,1,2015-03-23 15:05:34,,2,6
313521987489998,218223358020004,2014,40,3,37,43.0,2.0,1,ROSA5,1,ROSA5,3,2015-03-23 15:05:34,,2,6
313521988489998,218223358020004,2014,40,3,37,43.0,3.0,2,ROSA5,1,ROSA5,4,2015-03-23 15:05:34,,2,6
313522017489998,218223376020004,2014,40,4,123,52.0,1.0,1,LECU,1,LECU,1,2015-03-23 15:05:35,,2,6
313522018489998,218223376020004,2014,40,4,123,52.0,2.0,1,LECU,1,LECU,1,2015-03-23 15:05:35,,2,6
313522019489998,218223376020004,2014,40,4,123,52.0,3.0,1,LECU,1,LECU,1,2015-03-23 15:05:35,,2,6
313522037489998,218223380020004,2014,40,4,133,19.0,2.0,1,LECU,1,LECU,5,2015-03-23 15:05:35,,2,6
313522038489998,218223380020004,2014,40,4,133,19.0,1.0,1,LIGUS2,1,LIGUS2,10,2015-03-23 15:05:35,,2,6
313522039489998,218223380020004,2014,40,4,133,19.0,3.0,1,LIGUS2,1,LIGUS2,5,2015-03-23 15:05:35,,2,6
313522040489998,218223380020004,2014,40,4,133,19.0,4.0,1,LIGUS2,1,LIGUS2,15,2015-03-23 15:05:35,,2,6
313522041489998,218223380020004,2014,40,4,133,19.0,1.0,1,LOJA,1,LOJA,60,2015-03-23 15:05:35,,2,6
313522042489998,218223380020004,2014,40,4,133,19.0,2.0,1,LOJA,1,LOJA,20,2015-03-23 15:05:35,,2,6
313522043489998,218223380020004,2014,40,4,133,19.0,3.0,1,LOJA,1,LOJA,40,2015-03-23 15:05:35,,2,6
313522044489998,218223380020004,2014,40,4,133,19.0,4.0,1,LOJA,1,LOJA,60,2015-03-23 15:05:35,,2,6
313522045489998,218223380020004,2014,40,4,133,19.0,1.0,1,ROSA5,1,ROSA5,25,2015-03-23 15:05:35,,2,6
313522052489998,218223381020004,2014,40,4,133,23.0,3.0,2,LECU,1,LECU,1,2015-03-23 15:05:35,,2,6
313522061489998,218223383020004,2014,40,4,133,41.0,1.0,1,LECU,1,LECU,2,2015-03-23 15:05:35,,2,6
313522062489998,218223383020004,2014,40,4,133,41.0,3.0,1,LECU,1,LECU,1,2015-03-23 15:05:35,,2,6
313522063489998,218223383020004,2014,40,4,133,41.0,4.0,1,LECU,1,LECU,2,2015-03-23 15:05:35,,2,6
313522070489998,218223384020004,2014,40,4,123,22.0,1.0,2,LIGUS2,1,LIGUS2,1,2015-03-23 15:05:35,,2,6
313522071489998,218223384020004,2014,40,4,123,22.0,4.0,2,LIGUS2,1,LIGUS2,1,2015-03-23 15:05:35,,2,6
313522072489998,218223384020004,2014,40,4,123,22.0,2.0,2,LOJA,1,LOJA,1,2015-03-23 15:05:35,,2,6
313522073489998,218223384020004,2014,40,4,123,22.0,4.0,2,LOJA,1,LOJA,2,2015-03-23 15:05:35,,2,6
313522113489998,218223405020004,2014,40,3,113,18.0,1.0,1,LECU,1,LECU,1,2015-03-23 15:05:36,,2,6
313522114489998,218223405020004,2014,40,3,113,18.0,2.0,1,LECU,1,LECU,2,2015-03-23 15:05:36,,2,6
313522115489998,218223405020004,2014,40,3,113,18.0,4.0,1,LECU,1,LECU,1,2015-03-23 15:05:36,,2,6
313522241489998,218223416020004,2014,40,4,123,73.0,3.0,2,LECU,1,LECU,2,2015-03-23 15:05:36,,2,6
313522263489998,218223421020004,2014,40,4,85,42.0,1.0,1,ROSA5,1,ROSA5,2,2015-03-23 15:05:36,,2,6
313522296489998,218223437020004,2014,40,5,31,34.0,1.0,1,LIGUS2,1,LIGUS2,10,2015-03-23 15:05:36,,2,6
313522297489998,218223437020004,2014,40,5,31,34.0,2.0,1,LIGUS2,1,LIGUS2,10,2015-03-23 15:05:36,,2,6
313522298489998,218223437020004,2014,40,5,31,34.0,3.0,1,LIGUS2,1,LIGUS2,20,2015-03-23 15:05:36,,2,6
313522299489998,218223437020004,2014,40,5,31,34.0,4.0,1,LIGUS2,1,LIGUS2,20,2015-03-23 15:05:36,,2,6
313522300489998,218223437020004,2014,40,5,31,34.0,2.0,1,LOJA,1,LOJA,20,2015-03-23 15:05:36,,2,6
313522301489998,218223437020004,2014,40,5,31,34.0,4.0,1,LOJA,1,LOJA,25,2015-03-23 15:05:36,,2,6
313522302489998,218223437020004,2014,40,5,31,34.0,3.0,1,ROSA5,1,ROSA5,1,2015-03-23 15:05:36,,2,6
313522356489998,218223459020004,2014,40,3,35,67.0,1.0,1,LECU,1,LECU,1,2015-03-23 15:05:37,,2,6
313522357489998,218223459020004,2014,40,3,35,67.0,4.0,1,LECU,1,LECU,1,2015-03-23 15:05:37,,2,6
313522358489998,218223459020004,2014,40,3,35,67.0,1.0,1,ROSA5,1,ROSA5,1,2015-03-23 15:05:37,,2,6
313522452489998,218223463020004,2014,40,3,131,58.0,1.0,1,LIGUS2,1,LIGUS2,3,2015-03-23 15:05:37,,2,6
313522453489998,218223463020004,2014,40,3,131,58.0,2.0,1,LIGUS2,1,LIGUS2,2,2015-03-23 15:05:37,,2,6
313522454489998,218223463020004,2014,40,3,131,58.0,1.0,1,LOJA,1,LOJA,1,2015-03-23 15:05:37,,2,6
313522455489998,218223463020004,2014,40,3,131,58.0,2.0,1,LOJA,1,LOJA,60,2015-03-23 15:05:37,,2,6
313522456489998,218223463020004,2014,40,3,131,58.0,3.0,1,LOJA,1,LOJA,10,2015-03-23 15:05:37,,2,6
313522457489998,218223463020004,2014,40,3,131,58.0,1.0,1,PYCA80,1,PYCA80,4,2015-03-23 15:05:37,,2,6
313522458489998,218223463020004,2014,40,3,131,58.0,2.0,1,PYCA80,1,PYCA80,8,2015-03-23 15:05:37,,2,6
313522459489998,218223463020004,2014,40,3,131,58.0,1.0,1,ROSA5,1,ROSA5,6,2015-03-23 15:05:37,,2,6
313522460489998,218223463020004,2014,40,3,131,58.0,3.0,1,ROSA5,1,ROSA5,4,2015-03-23 15:05:37,,2,6
313522490489998,218223475020004,2014,40,4,19,30.0,1.0,1,LECU,1,LECU,14,2015-03-23 15:05:37,,2,6
775639689290487,473313891489998,2018,40,2,101,165.0,4.0,2,PYCA80,1,PYCA80,15,2020-07-20 09:55:17,,9,4
775639690290487,473313891489998,2018,40,2,101,165.0,2.0,1,ROSA5,1,ROSA5,4,2020-07-20 09:55:17,,9,4
775639691290487,473313891489998,2018,40,2,101,165.0,3.0,1,ROSA5,1,ROSA5,2,2020-07-20 09:55:17,,9,4
775639692290487,473313891489998,2018,40,2,101,165.0,4.0,1,ROSA5,1,ROSA5,1,2020-07-20 09:55:17,,9,4
775639693290487,473313891489998,2018,40,2,101,165.0,4.0,2,ROSA5,1,ROSA5,1,2020-07-20 09:55:17,,9,4
775639694290487,473313891489998,2018,40,2,101,165.0,4.0,2,VINCA,1,VINCA,2,2020-07-20 09:55:17,,9,4
775639720290487,473313897489998,2018,40,2,91,129.0,1.0,1,LIGUS2,1,LIGUS2,1,2020-07-20 09:55:17,,9,4
775639721290487,473313897489998,2018,40,2,91,129.0,2.0,1,LIGUS2,1,LIGUS2,2,2020-07-20 09:55:17,,9,4
775639722290487,473313897489998,2018,40,2,91,129.0,4.0,1,LIGUS2,1,LIGUS2,3,2020-07-20 09:55:17,,9,4
775639723290487,473313897489998,2018,40,2,91,129.0,1.0,1,LOJA,1,LOJA,28,2020-07-20 09:55:17,,9,4
775639724290487,473313897489998,2018,40,2,91,129.0,2.0,1,LOJA,1,LOJA,2,2020-07-20 09:55:17,,9,4
775639725290487,473313897489998,2018,40,2,91,129.0,4.0,1,LOJA,1,LOJA,7,2020-07-20 09:55:17,,9,4
775639726290487,473313897489998,2018,40,2,91,129.0,2.0,1,ROSA5,1,ROSA5,3,2020-07-20 09:55:17,,9,4
775639732290487,473313898489998,2018,40,2,101,148.0,2.0,1,LIGUS2,1,LIGUS2,1,2020-07-20 09:55:17,,9,4
775639733290487,473313898489998,2018,40,2,101,148.0,1.0,1,PYCA80,1,PYCA80,3,2020-07-20 09:55:17,,9,4
775639734290487,473313898489998,2018,40,2,101,148.0,4.0,1,PYCA80,1,PYCA80,1,2020-07-20 09:55:17,,9,4
775639735290487,473313898489998,2018,40,2,101,148.0,1.0,1,ROSA5,1,ROSA5,8,2020-07-20 09:55:17,,9,4
775639736290487,473313898489998,2018,40,2,101,148.0,2.0,1,ROSA5,1,ROSA5,1,2020-07-20 09:55:17,,9,4
775639737290487,473313898489998,2018,40,2,101,148.0,4.0,1,ROSA5,1,ROSA5,1,2020-07-20 09:55:17,,9,4
775639742290487,473313899489998,2018,40,2,91,89.0,1.0,1,LECU,1,LECU,45,2020-07-20 09:55:17,,9,4
775639743290487,473313899489998,2018,40,2,91,89.0,1.0,1,PYCA80,1,PYCA80,1,2020-07-20 09:55:17,,9,4
775639772290487,473313906489998,2018,40,2,97,147.0,1.0,1,AIAL,1,AIAL,2,2020-07-20 09:55:17,,9,4
775639777290487,473313907489998,2018,40,2,97,111.0,2.0,1,LOJA,1,LOJA,2,2020-07-20 09:55:17,,9,4
775639790290487,473313910489998,2018,40,1,5,148.0,2.0,1,LIGUS2,1,LIGUS2,1,2020-07-20 09:55:18,,9,4
775639791290487,473313910489998,2018,40,1,5,148.0,3.0,1,LIGUS2,1,LIGUS2,1,2020-07-20 09:55:18,,9,4
775639792290487,473313910489998,2018,40,1,5,148.0,4.0,1,LIGUS2,1,LIGUS2,1,2020-07-20 09:55:18,,9,4
775639793290487,473313910489998,2018,40,1,5,148.0,4.0,1,LOJA,1,LOJA,1,2020-07-20 09:55:18,,9,4
775639794290487,473313910489998,2018,40,1,5,148.0,3.0,1,ROSA5,1,ROSA5,3,2020-07-20 09:55:18,,9,4
775639795290487,473313910489998,2018,40,1,5,148.0,4.0,1,ROSA5,1,ROSA5,1,2020-07-20 09:55:18,,9,4
775639804290487,473313912489998,2018,40,1,5,165.0,1.0,1,LECU,1,LECU,10,2020-07-20 09:55:18,,9,4
775639805290487,473313912489998,2018,40,1,5,165.0,3.0,1,LECU,1,LECU,1,2020-07-20 09:55:18,,9,4
775639806290487,473313912489998,2018,40,1,5,165.0,4.0,1,LECU,1,LECU,1,2020-07-20 09:55:18,,9,4
775639937290487,473313919489998,2018,40,1,121,221.0,1.0,2,LECU,1,LECU,3,2020-07-20 09:55:18,,9,4
775639938290487,473313919489998,2018,40,1,121,221.0,2.0,2,LECU,1,LECU,1,2020-07-20 09:55:18,,9,4
775639939290487,473313919489998,2018,40,1,121,221.0,4.0,2,LECU,1,LECU,1,2020-07-20 09:55:18,,9,4
775639940290487,473313919489998,2018,40,1,121,221.0,1.0,2,LOJA,1,LOJA,10,2020-07-20 09:55:18,,9,4
775639941290487,473313919489998,2018,40,1,121,221.0,2.0,2,LOJA,1,LOJA,1,2020-07-20 09:55:18,,9,4
775639942290487,473313919489998,2018,40,1,121,221.0,4.0,2,LOJA,1,LOJA,1,2020-07-20 09:55:18,,9,4
775639943290487,473313919489998,2018,40,1,121,221.0,1.0,2,ROSA5,1,ROSA5,1,2020-07-20 09:55:18,,9,4
775639944290487,473313919489998,2018,40,1,121,221.0,2.0,2,ROSA5,1,ROSA5,1,2020-07-20 09:55:18,,9,4
775639945290487,473313919489998,2018,40,1,121,221.0,4.0,2,ROSA5,1,ROSA5,1,2020-07-20 09:55:18,,9,4
775639989290487,473313929489998,2018,40,1,13,138.0,2.0,2,LIGUS2,1,LIGUS2,15,2020-07-20 09:55:18,,9,4
775639990290487,473313929489998,2018,40,1,13,138.0,2.0,2,LOJA,1,LOJA,3,2020-07-20 09:55:18,,9,4
775639991290487,473313929489998,2018,40,1,13,138.0,2.0,2,ROSA5,1,ROSA5,1,2020-07-20 09:55:18,,9,4
775640017290487,473313935489998,2018,40,1,29,64.0,4.0,2,LECU,1,LECU,1,2020-07-20 09:55:19,,9,4
775640018290487,473313935489998,2018,40,1,29,64.0,4.0,2,LIGUS2,1,LIGUS2,1,2020-07-20 09:55:19,,9,4
775640019290487,473313935489998,2018,40,1,29,64.0,4.0,2,LOJA,1,LOJA,3,2020-07-20 09:55:19,,9,4
775640020290487,473313935489998,2018,40,1,29,64.0,4.0,2,ROSA5,1,ROSA5,3,2020-07-20 09:55:19,,9,4
775640029290487,473313937489998,2018,40,1,5,210.0,4.0,1,LECU,1,LECU,1,2020-07-20 09:55:19,,9,4
775640038290487,473313939489998,2018,40,1,5,186.0,1.0,1,POTR4,1,POTR4,5,2020-07-20 09:55:19,,9,4
775639636290487,473313883489998,2018,40,1,79,234.0,4.0,1,LIGUS2,1,LIGUS2,3,2020-07-20 09:55:16,,9,4
775639637290487,473313883489998,2018,40,1,79,234.0,1.0,1,LOJA,1,LOJA,5,2020-07-20 09:55:16,,9,4
775639638290487,473313883489998,2018,40,1,79,234.0,2.0,1,LOJA,1,LOJA,5,2020-07-20 09:55:16,,9,4
775639639290487,473313883489998,2018,40,1,79,234.0,3.0,1,LOJA,1,LOJA,12,2020-07-20 09:55:16,,9,4
775639640290487,473313883489998,2018,40,1,79,234.0,4.0,1,LOJA,1,LOJA,40,2020-07-20 09:55:16,,9,4
775639641290487,473313883489998,2018,40,1,79,234.0,1.0,1,PYCA80,1,PYCA80,8,2020-07-20 09:55:16,,9,4
775639642290487,473313883489998,2018,40,1,79,234.0,3.0,1,PYCA80,1,PYCA80,3,2020-07-20 09:55:16,,9,4
775639643290487,473313883489998,2018,40,1,79,234.0,4.0,1,PYCA80,1,PYCA80,2,2020-07-20 09:55:16,,9,4
775639644290487,473313883489998,2018,40,1,79,234.0,3.0,1,ROSA5,1,ROSA5,1,2020-07-20 09:55:16,,9,4
775639665290487,473313888489998,2018,40,1,121,267.0,3.0,1,LECU,1,LECU,1,2020-07-20 09:55:17,,9,4
775639679290487,473313891489998,2018,40,2,101,165.0,3.0,1,LIGUS2,1,LIGUS2,15,2020-07-20 09:55:17,,9,4
775639680290487,473313891489998,2018,40,2,101,165.0,4.0,2,LIGUS2,1,LIGUS2,80,2020-07-20 09:55:17,,9,4
775639681290487,473313891489998,2018,40,2,101,165.0,2.0,1,LOJA,1,LOJA,1,2020-07-20 09:55:17,,9,4
775639682290487,473313891489998,2018,40,2,101,165.0,3.0,1,LOJA,1,LOJA,35,2020-07-20 09:55:17,,9,4
775639683290487,473313891489998,2018,40,2,101,165.0,4.0,1,LOJA,1,LOJA,1,2020-07-20 09:55:17,,9,4
775639684290487,473313891489998,2018,40,2,101,165.0,4.0,2,LOJA,1,LOJA,5,2020-07-20 09:55:17,,9,4
775640039290487,473313939489998,2018,40,1,5,186.0,3.0,1,POTR4,1,POTR4,2,2020-07-20 09:55:19,,9,4
775639685290487,473313891489998,2018,40,2,101,165.0,1.0,1,PYCA80,1,PYCA80,6,2020-07-20 09:55:17,,9,4
775639686290487,473313891489998,2018,40,2,101,165.0,2.0,1,PYCA80,1,PYCA80,1,2020-07-20 09:55:17,,9,4
775639687290487,473313891489998,2018,40,2,101,165.0,3.0,1,PYCA80,1,PYCA80,25,2020-07-20 09:55:17,,9,4
775639688290487,473313891489998,2018,40,2,101,165.0,4.0,1,PYCA80,1,PYCA80,1,2020-07-20 09:55:17,,9,4
775640069290487,473313946489998,2018,40,1,79,215.0,1.0,1,LIGUS2,1,LIGUS2,55,2020-07-20 09:55:19,,9,4
775640070290487,473313946489998,2018,40,1,79,215.0,2.0,1,LIGUS2,1,LIGUS2,60,2020-07-20 09:55:19,,9,4
775640071290487,473313946489998,2018,40,1,79,215.0,3.0,1,LIGUS2,1,LIGUS2,20,2020-07-20 09:55:19,,9,4
775640072290487,473313946489998,2018,40,1,79,215.0,1.0,1,LOJA,1,LOJA,85,2020-07-20 09:55:19,,9,4
775640073290487,473313946489998,2018,40,1,79,215.0,2.0,1,LOJA,1,LOJA,70,2020-07-20 09:55:19,,9,4
775640074290487,473313946489998,2018,40,1,79,215.0,3.0,1,LOJA,1,LOJA,5,2020-07-20 09:55:19,,9,4
775640079290487,473313947489998,2018,40,1,79,189.0,1.0,1,AIAL,1,AIAL,6,2020-07-20 09:55:19,,9,4
775640080290487,473313947489998,2018,40,1,79,189.0,1.0,1,LIGUS2,1,LIGUS2,10,2020-07-20 09:55:19,,9,4
775640081290487,473313947489998,2018,40,1,79,189.0,2.0,1,LIGUS2,1,LIGUS2,25,2020-07-20 09:55:19,,9,4
775640082290487,473313947489998,2018,40,1,79,189.0,3.0,1,LIGUS2,1,LIGUS2,7,2020-07-20 09:55:19,,9,4
775640083290487,473313947489998,2018,40,1,79,189.0,4.0,1,LIGUS2,1,LIGUS2,5,2020-07-20 09:55:19,,9,4
775640084290487,473313947489998,2018,40,1,79,189.0,1.0,1,LOJA,1,LOJA,5,2020-07-20 09:55:19,,9,4
775640085290487,473313947489998,2018,40,1,79,189.0,2.0,1,LOJA,1,LOJA,1,2020-07-20 09:55:19,,9,4
775640086290487,473313947489998,2018,40,1,79,189.0,3.0,1,LOJA,1,LOJA,1,2020-07-20 09:55:19,,9,4
775640087290487,473313947489998,2018,40,1,79,189.0,4.0,1,LOJA,1,LOJA,4,2020-07-20 09:55:19,,9,4
775640120290487,473313955489998,2018,40,1,89,351.0,1.0,1,LECU,1,LECU,2,2020-07-20 09:55:20,,9,4
775640121290487,473313955489998,2018,40,1,89,351.0,2.0,1,LECU,1,LECU,1,2020-07-20 09:55:20,,9,4
775640122290487,473313955489998,2018,40,1,89,351.0,3.0,1,LECU,1,LECU,2,2020-07-20 09:55:20,,9,4
775640127290487,473313956489998,2018,40,1,89,397.0,1.0,1,LOJA,1,LOJA,2,2020-07-20 09:55:20,,9,4
775640128290487,473313956489998,2018,40,1,89,397.0,2.0,1,LOJA,1,LOJA,1,2020-07-20 09:55:20,,9,4
775640129290487,473313956489998,2018,40,1,89,397.0,3.0,1,LOJA,1,LOJA,1,2020-07-20 09:55:20,,9,4
775640134290487,473313957489998,2018,40,1,89,336.0,2.0,1,LOJA,1,LOJA,1,2020-07-20 09:55:20,,9,4
775640192290487,473313971489998,2018,40,2,97,144.0,1.0,1,ROSA5,1,ROSA5,1,2020-07-20 09:55:20,,9,4
775640210290487,473313975489998,2018,40,1,127,166.0,2.0,1,LECU,1,LECU,1,2020-07-20 09:55:20,,9,4
775640211290487,473313975489998,2018,40,1,127,166.0,3.0,1,LECU,1,LECU,1,2020-07-20 09:55:20,,9,4
775640212290487,473313975489998,2018,40,1,127,166.0,1.0,1,LIGUS2,1,LIGUS2,3,2020-07-20 09:55:20,,9,4
775640213290487,473313975489998,2018,40,1,127,166.0,2.0,1,LIGUS2,1,LIGUS2,3,2020-07-20 09:55:20,,9,4
775640214290487,473313975489998,2018,40,1,127,166.0,3.0,1,LIGUS2,1,LIGUS2,1,2020-07-20 09:55:20,,9,4
775640215290487,473313975489998,2018,40,1,127,166.0,4.0,2,LIGUS2,1,LIGUS2,1,2020-07-20 09:55:20,,9,4
775640216290487,473313975489998,2018,40,1,127,166.0,1.0,1,LOJA,1,LOJA,15,2020-07-20 09:55:20,,9,4
775640217290487,473313975489998,2018,40,1,127,166.0,2.0,1,LOJA,1,LOJA,15,2020-07-20 09:55:20,,9,4
775640218290487,473313975489998,2018,40,1,127,166.0,3.0,1,LOJA,1,LOJA,20,2020-07-20 09:55:20,,9,4
775640219290487,473313975489998,2018,40,1,127,166.0,4.0,2,LOJA,1,LOJA,2,2020-07-20 09:55:20,,9,4
744766558290487,473798654489998,2018,40,5,51,27.0,1.0,1,LECU,1,LECU,10,2020-04-28 06:49:35,,2,10
744766559290487,473798654489998,2018,40,5,51,27.0,2.0,1,LECU,1,LECU,5,2020-04-28 06:49:35,,2,10
744766601290487,473799304489998,2018,40,3,113,83.0,1.0,1,LECU,1,LECU,1,2020-04-28 06:49:36,,2,10
744766606290487,473799305489998,2018,40,3,113,87.0,2.0,2,LECU,1,LECU,1,2020-04-28 06:49:36,,2,10
744766607290487,473799305489998,2018,40,3,113,87.0,3.0,1,LECU,1,LECU,1,2020-04-28 06:49:36,,2,10
744766608290487,473799305489998,2018,40,3,113,87.0,4.0,1,LECU,1,LECU,8,2020-04-28 06:49:36,,2,10
744766609290487,473799305489998,2018,40,3,113,87.0,3.0,1,ROSA5,1,ROSA5,1,2020-04-28 06:49:36,,2,10
744766669290487,473799313489998,2018,40,4,95,4.0,2.0,1,LOJA,1,LOJA,1,2020-04-28 06:49:36,,2,10
499088360126144,157300395010478,2008,40,1,61,99.0,2.0,2,LECU,1,LECU,1,2018-01-25 14:36:04,2018-03-29 14:57:13,7,1
499088361126144,157300395010478,2008,40,1,61,99.0,4.0,1,LECU,1,LECU,70,2018-01-25 14:36:04,2018-03-29 14:57:13,7,1
499088369126144,157301574010478,2008,40,1,77,79.0,3.0,1,LECU,1,LECU,30,2018-01-25 14:36:04,2018-03-29 14:57:13,7,1
499088370126144,157301694010478,2008,40,1,77,90.0,4.0,3,LECU,1,LECU,5,2018-01-25 14:36:04,2018-03-29 14:57:13,7,1
499088371126144,157301767010478,2008,40,1,77,121.0,4.0,1,LOJA,1,LOJA,70,2018-01-25 14:36:04,2018-03-29 14:57:13,7,1
499088372126144,157301767010478,2008,40,1,77,121.0,4.0,1,LECU,1,LECU,30,2018-01-25 14:36:04,2018-03-29 14:57:21,7,1
499088197126144,157293913010478,2008,40,1,23,130.0,1.0,1,ALJU,1,ALJU,1,2018-01-25 14:36:04,2018-03-29 14:57:13,7,1
499088198126144,157293913010478,2008,40,1,23,130.0,3.0,1,ALJU,1,ALJU,5,2018-01-25 14:36:04,2018-03-29 14:57:13,7,1
499088199126144,157293913010478,2008,40,1,23,130.0,3.0,1,LECU,1,LECU,5,2018-01-25 14:36:04,2018-03-29 14:57:13,7,1
499088200126144,157293913010478,2008,40,1,23,130.0,4.0,1,ALJU,1,ALJU,5,2018-01-25 14:36:04,2018-03-29 14:57:13,7,1
499088201126144,157293913010478,2008,40,1,23,130.0,4.0,1,LECU,1,LECU,5,2018-01-25 14:36:04,2018-03-29 14:57:13,7,1
499088202126144,157294086010478,2008,40,1,23,137.0,1.0,1,LIGUS2,1,LIGUS2,1,2018-01-25 14:36:04,2018-03-29 14:57:21,7,1
499088203126144,157294086010478,2008,40,1,23,137.0,1.0,1,LOJA,1,LOJA,1,2018-01-25 14:36:04,2018-03-29 14:57:13,7,1
499088204126144,157294086010478,2008,40,1,23,137.0,2.0,1,LIGUS2,1,LIGUS2,1,2018-01-25 14:36:04,2018-03-29 14:57:13,7,1
499088205126144,157294086010478,2008,40,1,23,137.0,4.0,1,LIGUS2,1,LIGUS2,1,2018-01-25 14:36:04,2018-03-29 14:57:13,7,1
499088206126144,157294086010478,2008,40,1,23,137.0,4.0,1,LOJA,1,LOJA,5,2018-01-25 14:36:04,2018-03-29 14:57:13,7,1
499088207126144,157294086010478,2008,40,1,23,137.0,4.0,1,LECU,1,LECU,1,2018-01-25 14:36:04,2018-03-29 14:57:13,7,1
499088155126144,157290029010478,2008,40,1,5,193.0,3.0,1,ROSA5,1,ROSA5,5,2018-01-25 14:36:04,2018-03-29 14:57:13,7,1
499088156126144,157290125010478,2008,40,1,5,160.0,1.0,1,LECU,1,LECU,1,2018-01-25 14:36:04,2018-03-29 14:57:13,7,1
499088157126144,157290125010478,2008,40,1,5,160.0,2.0,1,LECU,1,LECU,1,2018-01-25 14:36:04,2018-03-29 14:57:13,7,1
499088158126144,157290125010478,2008,40,1,5,160.0,3.0,1,LECU,1,LECU,5,2018-01-25 14:36:04,2018-03-29 14:57:13,7,1
499088159126144,157290125010478,2008,40,1,5,160.0,4.0,1,LECU,1,LECU,1,2018-01-25 14:36:04,2018-03-29 14:57:13,7,1
499088288126144,157297408010478,2008,40,1,23,153.0,2.0,1,LECU,1,LECU,1,2018-01-25 14:36:04,2018-03-29 14:57:13,7,1
499088178126144,157291915010478,2008,40,1,13,119.0,1.0,1,LOJA,1,LOJA,30,2018-01-25 14:36:04,2018-03-29 14:57:13,7,1
499088179126144,157291915010478,2008,40,1,13,119.0,2.0,1,LOJA,1,LOJA,30,2018-01-25 14:36:04,2018-03-29 14:57:13,7,1
499088180126144,157291915010478,2008,40,1,13,119.0,3.0,2,LECU,1,LECU,30,2018-01-25 14:36:04,2018-03-29 14:57:13,7,1
499088181126144,157291915010478,2008,40,1,13,119.0,4.0,1,LIGUS2,1,LIGUS2,5,2018-01-25 14:36:04,2018-03-29 14:57:13,7,1
499088182126144,157291915010478,2008,40,1,13,119.0,4.0,1,LOJA,1,LOJA,5,2018-01-25 14:36:04,2018-03-29 14:57:13,7,1
499088153126144,157289976010478,2008,40,1,5,113.0,1.0,1,ALJU,1,ALJU,1,2018-01-25 14:36:04,2018-03-29 14:57:13,7,1
499088154126144,157289976010478,2008,40,1,5,113.0,3.0,1,ALJU,1,ALJU,5,2018-01-25 14:36:04,2018-03-29 14:57:13,7,1
499087727126144,157259311010478,2008,40,1,89,260.0,3.0,1,LOJA,1,LOJA,5,2018-01-25 14:36:04,2018-03-29 14:57:13,7,1
499057626126144,124103312010478,2008,40,2,21,153.0,1.0,1,LECU,1,LECU,5,2018-01-25 14:35:55,2018-03-29 14:57:11,7,1
499057627126144,124103312010478,2008,40,2,21,153.0,2.0,1,LECU,1,LECU,5,2018-01-25 14:35:55,2018-03-29 14:57:11,7,1
499057628126144,124103312010478,2008,40,2,21,153.0,3.0,1,LECU,1,LECU,30,2018-01-25 14:35:55,2018-03-29 14:57:11,7,1
499057629126144,124103312010478,2008,40,2,21,153.0,4.0,1,LECU,1,LECU,30,2018-01-25 14:35:55,2018-03-29 14:57:11,7,1
499057630126144,124103336010478,2008,40,2,41,160.0,2.0,2,ROSA5,1,ROSA5,1,2018-01-25 14:35:55,2018-03-29 14:57:11,7,1
499057631126144,124103336010478,2008,40,2,41,160.0,2.0,2,MIVI,1,MIVI,1,2018-01-25 14:35:55,2018-03-29 14:57:11,7,1
499057640126144,124103463010478,2008,40,2,41,105.0,2.0,1,ROSA5,1,ROSA5,5,2018-01-25 14:35:55,2018-03-29 14:57:11,7,1
499057641126144,124103463010478,2008,40,2,41,105.0,2.0,1,LOJA,1,LOJA,30,2018-01-25 14:35:55,2018-03-29 14:57:11,7,1
499088570126144,157323349010478,2008,40,1,89,432.0,2.0,2,LECU,1,LECU,5,2018-01-25 14:36:04,2018-03-29 14:57:13,7,1
499088571126144,157323571010478,2008,40,1,89,348.0,1.0,1,ROSA5,1,ROSA5,5,2018-01-25 14:36:04,2018-03-29 14:57:13,7,1
499057569126144,124102029010478,2008,40,2,21,171.0,2.0,2,SCAR7,1,SCAR7,1,2018-01-25 14:35:55,2020-08-10 11:38:55,7,1
499057570126144,124102029010478,2008,40,2,21,171.0,2.0,2,LECU,1,LECU,70,2018-01-25 14:35:55,2018-03-29 14:57:11,7,1
499057571126144,124102029010478,2008,40,2,21,171.0,2.0,3,SCAR7,1,SCAR7,1,2018-01-25 14:35:55,2020-08-10 11:38:55,7,1
499057572126144,124102029010478,2008,40,2,21,171.0,2.0,3,LECU,1,LECU,70,2018-01-25 14:35:55,2018-03-29 14:57:11,7,1
499057573126144,124102029010478,2008,40,2,21,171.0,3.0,2,SCAR7,1,SCAR7,1,2018-01-25 14:35:55,2020-08-10 11:38:55,7,1
499057574126144,124102029010478,2008,40,2,21,171.0,3.0,2,LECU,1,LECU,30,2018-01-25 14:35:55,2018-03-29 14:57:11,7,1
499057575126144,124102029010478,2008,40,2,21,171.0,3.0,4,SCAR7,1,SCAR7,1,2018-01-25 14:35:55,2020-08-10 11:38:55,7,1
499057576126144,124102029010478,2008,40,2,21,171.0,3.0,4,LECU,1,LECU,30,2018-01-25 14:35:55,2018-03-29 14:57:11,7,1
499057669126144,124106255010478,2008,40,2,41,97.0,2.0,1,LOJA,1,LOJA,5,2018-01-25 14:35:55,2018-03-29 14:57:11,7,1
499057670126144,124106255010478,2008,40,2,41,97.0,3.0,1,LOJA,1,LOJA,5,2018-01-25 14:35:55,2018-03-29 14:57:11,7,1
499087781126144,157263284010478,2008,40,1,121,206.0,3.0,1,LECU,1,LECU,5,2018-01-25 14:36:04,2018-03-29 14:57:12,7,1
499057913126144,124116284010478,2008,40,2,135,129.0,3.0,2,LIGUS2,1,LIGUS2,1,2018-01-25 14:35:55,2018-03-29 14:57:11,7,1
499057914126144,124116284010478,2008,40,2,135,129.0,3.0,2,ROSA5,1,ROSA5,1,2018-01-25 14:35:55,2018-03-29 14:57:11,7,1
499087702126144,157257270010478,2008,40,1,89,411.0,2.0,2,LIGUS2,1,LIGUS2,30,2018-01-25 14:36:04,2018-03-29 14:57:13,7,1
499087705126144,157258435010478,2008,40,1,89,372.0,1.0,1,ROSA5,1,ROSA5,1,2018-01-25 14:36:04,2018-03-29 14:57:13,7,1
499087845126144,157267660010478,2008,40,1,121,285.0,3.0,2,LOJA,1,LOJA,1,2018-01-25 14:36:04,2018-03-29 14:57:12,7,1
499088286126144,157297079010478,2008,40,1,23,183.0,3.0,1,ROSA5,1,ROSA5,1,2018-01-25 14:36:04,2018-03-29 14:57:13,7,1
499057905126144,124115728010478,2008,40,2,135,115.0,1.0,1,LECU,1,LECU,30,2018-01-25 14:35:55,2018-03-29 14:57:11,7,1
499057906126144,124115728010478,2008,40,2,135,115.0,3.0,1,MIVI,1,MIVI,5,2018-01-25 14:35:55,2018-03-29 14:57:11,7,1
499057907126144,124115728010478,2008,40,2,135,115.0,4.0,1,ROSA5,1,ROSA5,30,2018-01-25 14:35:55,2018-03-29 14:57:11,7,1
499088377126144,157303618010478,2008,40,1,77,101.0,2.0,1,LECU,1,LECU,5,2018-01-25 14:36:04,2018-03-29 14:57:13,7,1
499088316126144,157298791010478,2008,40,1,61,102.0,2.0,1,ROSA5,1,ROSA5,1,2018-01-25 14:36:04,2018-03-29 14:57:13,7,1
499088315126144,157298791010478,2008,40,1,61,102.0,1.0,1,ROSA5,1,ROSA5,1,2018-01-25 14:36:04,2018-03-29 14:57:13,7,1
499088489126144,157312324010478,2008,40,1,79,191.0,2.0,2,SCAR7,1,SCAR7,30,2018-01-25 14:36:04,2020-08-10 11:38:55,7,1
499088490126144,157312352010478,2008,40,1,79,203.0,1.0,1,ROSA5,1,ROSA5,1,2018-01-25 14:36:04,2018-03-29 14:57:13,7,1
499088491126144,157312352010478,2008,40,1,79,203.0,3.0,1,ROSA5,1,ROSA5,1,2018-01-25 14:36:04,2018-03-29 14:57:13,7,1
499088208126144,157294269010478,2008,40,1,23,118.0,1.0,1,ROSA5,1,ROSA5,5,2018-01-25 14:36:04,2018-03-29 14:57:13,7,1
499088209126144,157294269010478,2008,40,1,23,118.0,2.0,1,LIJA,1,LIJA,1,2018-01-25 14:36:04,2018-03-29 14:57:13,7,1
499088210126144,157294269010478,2008,40,1,23,118.0,2.0,1,ROSA5,1,ROSA5,5,2018-01-25 14:36:04,2018-03-29 14:57:13,7,1
499088211126144,157294269010478,2008,40,1,23,118.0,2.0,1,LOJA,1,LOJA,5,2018-01-25 14:36:04,2018-03-29 14:57:13,7,1
499088212126144,157294269010478,2008,40,1,23,118.0,4.0,1,ROSA5,1,ROSA5,5,2018-01-25 14:36:04,2018-03-29 14:57:13,7,1
499088213126144,157294269010478,2008,40,1,23,118.0,4.0,1,LECU,1,LECU,5,2018-01-25 14:36:04,2018-03-29 14:57:21,7,1
499057578126144,124102378010478,2008,40,2,21,141.0,1.0,1,SCAR7,1,SCAR7,1,2018-01-25 14:35:55,2020-08-10 11:38:55,7,1
499057579126144,124102378010478,2008,40,2,21,141.0,1.0,1,LESPE,1,LESPE,1,2018-01-25 14:35:55,2018-03-29 14:57:11,7,1
499057580126144,124102378010478,2008,40,2,21,141.0,2.0,1,SCAR7,1,SCAR7,1,2018-01-25 14:35:55,2020-08-10 11:38:55,7,1
499057581126144,124102378010478,2008,40,2,21,141.0,3.0,1,SCAR7,1,SCAR7,30,2018-01-25 14:35:55,2020-08-10 11:38:55,7,1
499057582126144,124102378010478,2008,40,2,21,141.0,4.0,1,SCAR7,1,SCAR7,5,2018-01-25 14:35:55,2020-08-10 11:38:55,7,1
499057632126144,124103376010478,2008,40,2,41,102.0,1.0,1,LIGUS2,1,LIGUS2,1,2018-01-25 14:35:55,2018-03-29 14:57:11,7,1
499057633126144,124103376010478,2008,40,2,41,102.0,1.0,1,ROSA5,1,ROSA5,1,2018-01-25 14:35:55,2018-03-29 14:57:11,7,1
499057634126144,124103376010478,2008,40,2,41,102.0,1.0,1,LOJA,1,LOJA,30,2018-01-25 14:35:55,2018-03-29 14:57:11,7,1
499057635126144,124103376010478,2008,40,2,41,102.0,2.0,1,LOJA,1,LOJA,5,2018-01-25 14:35:55,2018-03-29 14:57:11,7,1
499057636126144,124103376010478,2008,40,2,41,102.0,3.0,1,ROSA5,1,ROSA5,1,2018-01-25 14:35:55,2018-03-29 14:57:11,7,1
499057637126144,124103376010478,2008,40,2,41,102.0,4.0,1,LIGUS2,1,LIGUS2,1,2018-01-25 14:35:55,2018-03-29 14:57:11,7,1
499057638126144,124103376010478,2008,40,2,41,102.0,4.0,1,ROSA5,1,ROSA5,1,2018-01-25 14:35:55,2018-03-29 14:57:11,7,1
499057639126144,124103376010478,2008,40,2,41,102.0,4.0,1,LOJA,1,LOJA,30,2018-01-25 14:35:55,2018-03-29 14:57:11,7,1
499087836126144,157267054010478,2008,40,1,121,229.0,4.0,2,ALJU,1,ALJU,1,2018-01-25 14:36:04,2018-03-29 14:57:12,7,1
499087837126144,157267054010478,2008,40,1,121,229.0,4.0,2,LIGUS2,1,LIGUS2,30,2018-01-25 14:36:04,2018-03-29 14:57:12,7,1
499087838126144,157267054010478,2008,40,1,121,229.0,4.0,2,ROSA5,1,ROSA5,5,2018-01-25 14:36:04,2018-03-29 14:57:12,7,1
499088615126144,157327039010478,2008,40,1,89,345.0,1.0,1,LOJA,1,LOJA,5,2018-01-25 14:36:04,2018-03-29 14:57:13,7,1
499088616126144,157327039010478,2008,40,1,89,345.0,2.0,1,LIGUS2,1,LIGUS2,5,2018-01-25 14:36:04,2018-03-29 14:57:13,7,1
499088617126144,157327039010478,2008,40,1,89,345.0,2.0,1,LOJA,1,LOJA,5,2018-01-25 14:36:04,2018-03-29 14:57:13,7,1
499088618126144,157327039010478,2008,40,1,89,345.0,3.0,1,LIGUS2,1,LIGUS2,5,2018-01-25 14:36:04,2018-03-29 14:57:13,7,1
499057646126144,124104265010478,2008,40,2,41,133.0,3.0,2,ROSA5,1,ROSA5,1,2018-01-25 14:35:55,2018-03-29 14:57:11,7,1
499088619126144,157327039010478,2008,40,1,89,345.0,3.0,1,LOJA,1,LOJA,5,2018-01-25 14:36:04,2018-03-29 14:57:13,7,1
499088359126144,157300395010478,2008,40,1,61,99.0,1.0,1,LECU,1,LECU,30,2018-01-25 14:36:04,2018-03-29 14:57:13,7,1
775640341290487,473313646489998,2018,40,2,101,147.0,1.0,1,ROSA5,1,ROSA5,1,2020-07-20 09:55:21,,9,4
775640342290487,473313646489998,2018,40,2,101,147.0,3.0,1,ROSA5,1,ROSA5,1,2020-07-20 09:55:21,,9,4
775640343290487,473313646489998,2018,40,2,101,147.0,4.0,1,ROSA5,1,ROSA5,1,2020-07-20 09:55:21,,9,4
775640352290487,473313648489998,2018,40,2,41,94.0,1.0,1,LECU,1,LECU,1,2020-07-20 09:55:22,,9,4
775640353290487,473313648489998,2018,40,2,41,94.0,4.0,1,LECU,1,LECU,2,2020-07-20 09:55:22,,9,4
775640354290487,473313648489998,2018,40,2,41,94.0,4.0,1,MEAZ,1,MEAZ,3,2020-07-20 09:55:22,,9,4
775640380290487,473313654489998,2018,40,2,21,124.0,1.0,1,LIGUS2,1,LIGUS2,1,2020-07-20 09:55:22,,9,4
775640381290487,473313654489998,2018,40,2,21,124.0,2.0,1,LIGUS2,1,LIGUS2,1,2020-07-20 09:55:22,,9,4
775640382290487,473313654489998,2018,40,2,21,124.0,3.0,1,LIGUS2,1,LIGUS2,1,2020-07-20 09:55:22,,9,4
775640391290487,473313656489998,2018,40,1,23,180.0,1.0,1,LIGUS2,1,LIGUS2,8,2020-07-20 09:55:22,,9,4
775640392290487,473313656489998,2018,40,1,23,180.0,2.0,1,LIGUS2,1,LIGUS2,4,2020-07-20 09:55:22,,9,4
775640393290487,473313656489998,2018,40,1,23,180.0,3.0,1,LIGUS2,1,LIGUS2,2,2020-07-20 09:55:22,,9,4
775640394290487,473313656489998,2018,40,1,23,180.0,2.0,1,LOJA,1,LOJA,1,2020-07-20 09:55:22,,9,4
775640395290487,473313656489998,2018,40,1,23,180.0,3.0,1,ROSA5,1,ROSA5,1,2020-07-20 09:55:22,,9,4
775640400290487,473313657489998,2018,40,1,23,138.0,1.0,1,LIGUS2,1,LIGUS2,50,2020-07-20 09:55:22,,9,4
775640401290487,473313657489998,2018,40,1,23,138.0,2.0,1,LIGUS2,1,LIGUS2,90,2020-07-20 09:55:22,,9,4
775640402290487,473313657489998,2018,40,1,23,138.0,3.0,1,LIGUS2,1,LIGUS2,10,2020-07-20 09:55:22,,9,4
775640403290487,473313657489998,2018,40,1,23,138.0,4.0,1,LIGUS2,1,LIGUS2,28,2020-07-20 09:55:22,,9,4
775640404290487,473313657489998,2018,40,1,23,138.0,1.0,1,LOJA,1,LOJA,5,2020-07-20 09:55:22,,9,4
775640405290487,473313657489998,2018,40,1,23,138.0,2.0,1,LOJA,1,LOJA,4,2020-07-20 09:55:22,,9,4
775640406290487,473313657489998,2018,40,1,23,138.0,3.0,1,LOJA,1,LOJA,5,2020-07-20 09:55:22,,9,4
775640407290487,473313657489998,2018,40,1,23,138.0,4.0,1,LOJA,1,LOJA,2,2020-07-20 09:55:22,,9,4
775640424290487,473313661489998,2018,40,1,127,286.0,1.0,1,LIGUS2,1,LIGUS2,4,2020-07-20 09:55:22,,9,4
775640425290487,473313661489998,2018,40,1,127,286.0,2.0,1,LIGUS2,1,LIGUS2,4,2020-07-20 09:55:22,,9,4
775640426290487,473313661489998,2018,40,1,127,286.0,3.0,1,LIGUS2,1,LIGUS2,3,2020-07-20 09:55:22,,9,4
775640427290487,473313661489998,2018,40,1,127,286.0,4.0,1,LIGUS2,1,LIGUS2,6,2020-07-20 09:55:22,,9,4
775640428290487,473313661489998,2018,40,1,127,286.0,1.0,1,LOJA,1,LOJA,25,2020-07-20 09:55:22,,9,4
775640429290487,473313661489998,2018,40,1,127,286.0,2.0,1,LOJA,1,LOJA,1,2020-07-20 09:55:22,,9,4
775640430290487,473313661489998,2018,40,1,127,286.0,4.0,1,LOJA,1,LOJA,3,2020-07-20 09:55:22,,9,4
775640443290487,473313664489998,2018,40,1,127,205.0,1.0,1,LECU,1,LECU,5,2020-07-20 09:55:22,,9,4
775640444290487,473313664489998,2018,40,1,127,205.0,2.0,1,LECU,1,LECU,7,2020-07-20 09:55:22,,9,4
775640445290487,473313664489998,2018,40,1,127,205.0,3.0,1,LECU,1,LECU,35,2020-07-20 09:55:22,,9,4
775640446290487,473313664489998,2018,40,1,127,205.0,4.0,1,LECU,1,LECU,4,2020-07-20 09:55:22,,9,4
775640452290487,473313665489998,2018,40,1,127,284.0,4.0,1,ROSA5,1,ROSA5,1,2020-07-20 09:55:23,,9,4
775640497290487,473313676489998,2018,40,2,1,112.0,1.0,1,LECU,1,LECU,1,2020-07-20 09:55:23,,9,4
775640518290487,473313681489998,2018,40,2,115,112.0,4.0,1,EUFO5,1,EUFO5,1,2020-07-20 09:55:23,,9,4
775640519290487,473313681489998,2018,40,2,115,112.0,1.0,1,ROSA5,1,ROSA5,1,2020-07-20 09:55:23,,9,4
775640731290487,473313690489998,2018,40,2,1,104.0,1.0,1,EUFO5,1,EUFO5,1,2020-07-20 09:55:24,,9,4
775640764290487,473313698489998,2018,40,1,89,406.0,1.0,1,LIGUS2,1,LIGUS2,2,2020-07-20 09:55:24,,9,4
775640765290487,473313698489998,2018,40,1,89,406.0,3.0,1,LIGUS2,1,LIGUS2,5,2020-07-20 09:55:24,,9,4
775640766290487,473313698489998,2018,40,1,89,406.0,1.0,1,LOJA,1,LOJA,1,2020-07-20 09:55:24,,9,4
775640767290487,473313698489998,2018,40,1,89,406.0,3.0,1,ROSA5,1,ROSA5,1,2020-07-20 09:55:24,,9,4
775640772290487,473313699489998,2018,40,1,23,140.0,1.0,1,LECU,1,LECU,1,2020-07-20 09:55:24,,9,4
775640773290487,473313699489998,2018,40,1,23,140.0,4.0,3,LECU,1,LECU,1,2020-07-20 09:55:24,,9,4
775640774290487,473313699489998,2018,40,1,23,140.0,4.0,3,ROSA5,1,ROSA5,1,2020-07-20 09:55:24,,9,4
775640779290487,473313700489998,2018,40,1,23,139.0,1.0,1,LECU,1,LECU,1,2020-07-20 09:55:24,,9,4
775640792290487,473313703489998,2018,40,1,121,243.0,1.0,1,LECU,1,LECU,1,2020-07-20 09:55:24,,9,4
775640802290487,473313705489998,2018,40,1,121,224.0,4.0,1,LIGUS2,1,LIGUS2,2,2020-07-20 09:55:24,,9,4
775640842290487,473313714489998,2018,40,1,127,222.0,4.0,1,LECU,1,LECU,1,2020-07-20 09:55:25,,9,4
775640865290487,473313719489998,2018,40,1,61,139.0,1.0,2,LECU,1,LECU,2,2020-07-20 09:55:25,,9,4
775640866290487,473313719489998,2018,40,1,61,139.0,2.0,2,LECU,1,LECU,1,2020-07-20 09:55:25,,9,4
775640867290487,473313719489998,2018,40,1,61,139.0,2.0,2,ROSA5,1,ROSA5,1,2020-07-20 09:55:25,,9,4
775640873290487,473313720489998,2018,40,1,121,204.0,1.0,1,LECU,1,LECU,1,2020-07-20 09:55:25,,9,4
775640874290487,473313720489998,2018,40,1,121,204.0,2.0,1,LECU,1,LECU,1,2020-07-20 09:55:25,,9,4
775640888290487,473313723489998,2018,40,1,13,203.0,1.0,1,LECU,1,LECU,2,2020-07-20 09:55:25,,9,4
775640889290487,473313723489998,2018,40,1,13,203.0,2.0,1,LECU,1,LECU,10,2020-07-20 09:55:25,,9,4
775640890290487,473313723489998,2018,40,1,13,203.0,3.0,1,LECU,1,LECU,15,2020-07-20 09:55:25,,9,4
775640891290487,473313723489998,2018,40,1,13,203.0,4.0,2,LECU,1,LECU,5,2020-07-20 09:55:25,,9,4
775640892290487,473313723489998,2018,40,1,13,203.0,1.0,1,LOJA,1,LOJA,60,2020-07-20 09:55:25,,9,4
775640893290487,473313723489998,2018,40,1,13,203.0,2.0,1,LOJA,1,LOJA,20,2020-07-20 09:55:25,,9,4
775640894290487,473313723489998,2018,40,1,13,203.0,3.0,1,LOJA,1,LOJA,70,2020-07-20 09:55:25,,9,4
775640907290487,473313726489998,2018,40,1,5,112.0,1.0,1,ROSA5,1,ROSA5,2,2020-07-20 09:55:25,,9,4
775640922290487,473313729489998,2018,40,1,5,131.0,2.0,1,LECU,1,LECU,1,2020-07-20 09:55:25,,9,4
775640951290487,473313736489998,2018,40,1,121,174.0,3.0,1,LECU,1,LECU,2,2020-07-20 09:55:26,,9,4
775640952290487,473313736489998,2018,40,1,121,174.0,1.0,1,LIGUS2,1,LIGUS2,1,2020-07-20 09:55:26,,9,4
775640953290487,473313736489998,2018,40,1,121,174.0,2.0,1,LIGUS2,1,LIGUS2,1,2020-07-20 09:55:26,,9,4
775640954290487,473313736489998,2018,40,1,121,174.0,3.0,1,LIGUS2,1,LIGUS2,25,2020-07-20 09:55:26,,9,4
775640955290487,473313736489998,2018,40,1,121,174.0,4.0,1,LIGUS2,1,LIGUS2,4,2020-07-20 09:55:26,,9,4
775640956290487,473313736489998,2018,40,1,121,174.0,1.0,1,SCAR7,1,SCAR7,5,2020-07-20 09:55:26,2020-08-10 11:38:56,9,4
775640969290487,473313739489998,2018,40,1,79,330.0,1.0,1,LIGUS2,1,LIGUS2,1,2020-07-20 09:55:26,,9,4
775640970290487,473313739489998,2018,40,1,79,330.0,2.0,1,LIGUS2,1,LIGUS2,1,2020-07-20 09:55:26,,9,4
775640971290487,473313739489998,2018,40,1,79,330.0,2.0,1,ROSA5,1,ROSA5,1,2020-07-20 09:55:26,,9,4
775641104290487,473313747489998,2018,40,1,89,252.0,3.0,1,LECU,1,LECU,1,2020-07-20 09:55:26,,9,4
775641125290487,473313751489998,2018,40,1,89,333.0,3.0,1,LECU,1,LECU,4,2020-07-20 09:55:27,,9,4
775641126290487,473313751489998,2018,40,1,89,333.0,4.0,1,LECU,1,LECU,2,2020-07-20 09:55:27,,9,4
775641231290487,473313752489998,2018,40,1,89,315.0,3.0,2,LECU,1,LECU,1,2020-07-20 09:55:27,,9,4
775641357290487,473313758489998,2018,40,1,79,247.0,3.0,1,LECU,1,LECU,1,2020-07-20 09:55:27,,9,4
775641358290487,473313758489998,2018,40,1,79,247.0,4.0,1,LECU,1,LECU,1,2020-07-20 09:55:27,,9,4
775641375290487,473313762489998,2018,40,1,77,138.0,1.0,1,SCAR7,1,SCAR7,2,2020-07-20 09:55:27,2020-08-10 11:38:56,9,4
775641397290487,473313767489998,2018,40,2,135,108.0,1.0,1,SCAR7,1,SCAR7,1,2020-07-20 09:55:28,2020-08-10 11:38:56,9,4
775641410290487,473313770489998,2018,40,2,135,149.0,1.0,1,AIAL,1,AIAL,2,2020-07-20 09:55:28,,9,4
775641411290487,473313770489998,2018,40,2,135,149.0,2.0,1,LECU,1,LECU,8,2020-07-20 09:55:28,,9,4
775641412290487,473313770489998,2018,40,2,135,149.0,3.0,1,LECU,1,LECU,1,2020-07-20 09:55:28,,9,4
775641413290487,473313770489998,2018,40,2,135,149.0,3.0,1,LOJA,1,LOJA,1,2020-07-20 09:55:28,,9,4
775641414290487,473313770489998,2018,40,2,135,149.0,3.0,1,PYCA80,1,PYCA80,1,2020-07-20 09:55:28,,9,4
775641415290487,473313770489998,2018,40,2,135,149.0,3.0,1,ROSA5,1,ROSA5,1,2020-07-20 09:55:28,,9,4
775641416290487,473313770489998,2018,40,2,135,149.0,4.0,1,ROSA5,1,ROSA5,1,2020-07-20 09:55:28,,9,4
775641417290487,473313770489998,2018,40,2,135,149.0,3.0,1,SCAR7,1,SCAR7,5,2020-07-20 09:55:28,2020-08-10 11:38:56,9,4
775641538290487,473313775489998,2018,40,1,61,137.0,1.0,1,LIGUS2,1,LIGUS2,2,2020-07-20 09:55:28,,9,4
775641539290487,473313775489998,2018,40,1,61,137.0,2.0,1,LIGUS2,1,LIGUS2,3,2020-07-20 09:55:28,,9,4
775641540290487,473313775489998,2018,40,1,61,137.0,3.0,1,LIGUS2,1,LIGUS2,7,2020-07-20 09:55:28,,9,4
775641541290487,473313775489998,2018,40,1,61,137.0,4.0,1,LIGUS2,1,LIGUS2,2,2020-07-20 09:55:28,,9,4
775641542290487,473313775489998,2018,40,1,61,137.0,2.0,1,LOJA,1,LOJA,1,2020-07-20 09:55:28,,9,4
775641543290487,473313775489998,2018,40,1,61,137.0,3.0,1,LOJA,1,LOJA,3,2020-07-20 09:55:28,,9,4
775641544290487,473313775489998,2018,40,1,61,137.0,4.0,1,LOJA,1,LOJA,1,2020-07-20 09:55:28,,9,4
775641545290487,473313775489998,2018,40,1,61,137.0,1.0,1,ROSA5,1,ROSA5,1,2020-07-20 09:55:28,,9,4
775641546290487,473313775489998,2018,40,1,61,137.0,3.0,1,ROSA5,1,ROSA5,1,2020-07-20 09:55:28,,9,4
775641551290487,473313776489998,2018,40,1,79,226.0,2.0,1,LECU,1,LECU,1,2020-07-20 09:55:28,,9,4
775641552290487,473313776489998,2018,40,1,79,226.0,4.0,1,LECU,1,LECU,2,2020-07-20 09:55:28,,9,4
775641557290487,473313777489998,2018,40,2,41,129.0,2.0,2,LOJA,1,LOJA,10,2020-07-20 09:55:28,,9,4
775641637290487,473313784489998,2018,40,1,23,147.0,1.0,1,LIGUS2,1,LIGUS2,1,2020-07-20 09:55:28,,9,4
775641638290487,473313784489998,2018,40,1,23,147.0,2.0,1,LIGUS2,1,LIGUS2,1,2020-07-20 09:55:28,,9,4
775641639290487,473313784489998,2018,40,1,23,147.0,3.0,1,LIGUS2,1,LIGUS2,1,2020-07-20 09:55:28,,9,4
775641744290487,473313785489998,2018,40,1,29,77.0,1.0,1,LECU,1,LECU,1,2020-07-20 09:55:29,,9,4
775641745290487,473313785489998,2018,40,1,29,77.0,2.0,1,LECU,1,LECU,30,2020-07-20 09:55:29,,9,4
775641746290487,473313785489998,2018,40,1,29,77.0,1.0,1,LIGUS2,1,LIGUS2,1,2020-07-20 09:55:29,,9,4
775641747290487,473313785489998,2018,40,1,29,77.0,2.0,1,LIGUS2,1,LIGUS2,1,2020-07-20 09:55:29,,9,4
775641748290487,473313785489998,2018,40,1,29,77.0,2.0,1,ROSA5,1,ROSA5,1,2020-07-20 09:55:29,,9,4
775641837290487,473313788489998,2018,40,1,23,182.0,1.0,1,LOJA,1,LOJA,26,2020-07-20 09:55:29,,9,4
775641891290487,473313801489998,2018,40,1,23,126.0,4.0,1,ROSA5,1,ROSA5,1,2020-07-20 09:55:29,,9,4
775641904290487,473313804489998,2018,40,2,135,105.0,1.0,1,LECU,1,LECU,2,2020-07-20 09:55:29,,9,4
775641905290487,473313804489998,2018,40,2,135,105.0,2.0,1,LECU,1,LECU,1,2020-07-20 09:55:29,,9,4
775641906290487,473313804489998,2018,40,2,135,105.0,3.0,1,LECU,1,LECU,1,2020-07-20 09:55:29,,9,4
775641907290487,473313804489998,2018,40,2,135,105.0,1.0,1,SCAR7,1,SCAR7,15,2020-07-20 09:55:29,2020-08-10 11:38:56,9,4
775641908290487,473313804489998,2018,40,2,135,105.0,2.0,1,SCAR7,1,SCAR7,5,2020-07-20 09:55:29,2020-08-10 11:38:56,9,4
499087751126144,157261312010478,2008,40,1,89,370.0,1.0,1,LOJA,1,LOJA,30,2018-01-25 14:36:04,2018-03-29 14:57:13,7,1
499087752126144,157261312010478,2008,40,1,89,370.0,2.0,1,LIGUS2,1,LIGUS2,5,2018-01-25 14:36:04,2018-03-29 14:57:13,7,1
499087753126144,157261312010478,2008,40,1,89,370.0,4.0,1,LIGUS2,1,LIGUS2,5,2018-01-25 14:36:04,2018-03-29 14:57:13,7,1
499087767126144,157262046010478,2008,40,1,89,435.0,1.0,1,LOJA,1,LOJA,5,2018-01-25 14:36:04,2018-03-29 14:57:12,7,1
499087769126144,157262408010478,2008,40,1,89,327.0,1.0,1,LIGUS2,1,LIGUS2,1,2018-01-25 14:36:04,2018-03-29 14:57:12,7,1
499057374126144,124092925010478,2008,40,2,97,145.0,1.0,1,LECU,1,LECU,30,2018-01-25 14:35:54,2018-03-29 14:57:11,7,1
499088073126144,157283896010478,2008,40,1,61,137.0,4.0,1,LOJA,1,LOJA,5,2018-01-25 14:36:04,2018-03-29 14:57:13,7,1
499088252126144,157295891010478,2008,40,1,23,144.0,1.0,1,LOJA,1,LOJA,1,2018-01-25 14:36:04,2018-03-29 14:57:13,7,1
499088253126144,157295891010478,2008,40,1,23,144.0,2.0,1,ROSA5,1,ROSA5,1,2018-01-25 14:36:04,2018-03-29 14:57:13,7,1
499088254126144,157295891010478,2008,40,1,23,144.0,2.0,1,LOJA,1,LOJA,1,2018-01-25 14:36:04,2018-03-29 14:57:13,7,1
499088130126144,157288368010478,2008,40,1,5,156.0,2.0,1,LECU,1,LECU,1,2018-01-25 14:36:04,2018-03-29 14:57:13,7,1
499088131126144,157288368010478,2008,40,1,5,156.0,3.0,1,LECU,1,LECU,1,2018-01-25 14:36:04,2018-03-29 14:57:13,7,1
499088074126144,157284099010478,2008,40,1,61,81.0,3.0,1,LECU,1,LECU,30,2018-01-25 14:36:04,2018-03-29 14:57:13,7,1
499088075126144,157284099010478,2008,40,1,61,81.0,3.0,2,LECU,1,LECU,30,2018-01-25 14:36:04,2018-03-29 14:57:13,7,1
499088497126144,157318842010478,2008,40,1,89,251.0,4.0,2,LYJA,1,LYJA,1,2018-01-25 14:36:04,2018-03-29 14:57:13,7,1
499087777126144,157263018010478,2008,40,1,89,413.0,1.0,1,LOJA,1,LOJA,30,2018-01-25 14:36:04,2018-03-29 14:57:12,7,1
499087778126144,157263018010478,2008,40,1,89,413.0,3.0,1,LOJA,1,LOJA,30,2018-01-25 14:36:04,2018-03-29 14:57:12,7,1
499087779126144,157263018010478,2008,40,1,89,413.0,4.0,1,LOJA,1,LOJA,5,2018-01-25 14:36:04,2018-03-29 14:57:12,7,1
499057506126144,124100640010478,2008,40,2,21,148.0,1.0,1,ROSA5,1,ROSA5,1,2018-01-25 14:35:55,2018-03-29 14:57:11,7,1
499057507126144,124100640010478,2008,40,2,21,148.0,2.0,1,LECU,1,LECU,5,2018-01-25 14:35:55,2018-03-29 14:57:11,7,1
499057437126144,124096905010478,2008,40,2,1,109.0,1.0,1,LECU,1,LECU,1,2018-01-25 14:35:54,2018-03-29 14:57:11,7,1
499057438126144,124097000010478,2008,40,2,1,118.0,1.0,1,LESPE,1,LESPE,5,2018-01-25 14:35:54,2018-03-29 14:57:11,7,1
499057439126144,124097000010478,2008,40,2,1,118.0,2.0,1,LESPE,1,LESPE,1,2018-01-25 14:35:54,2018-03-29 14:57:11,7,1
499057508126144,124100752010478,2008,40,2,21,106.0,4.0,2,MIVI,1,MIVI,5,2018-01-25 14:35:55,2018-03-29 14:57:11,7,1
499057747126144,124109464010478,2008,40,2,101,116.0,4.0,1,ROSA5,1,ROSA5,1,2018-01-25 14:35:55,2018-03-29 14:57:11,7,1
499057748126144,124109464010478,2008,40,2,101,116.0,4.0,1,MIVI,1,MIVI,30,2018-01-25 14:35:55,2018-03-29 14:57:11,7,1
499057749126144,124109464010478,2008,40,2,101,116.0,4.0,1,LECU,1,LECU,5,2018-01-25 14:35:55,2018-03-29 14:57:11,7,1
499057367126144,124092371010478,2008,40,2,97,144.0,1.0,1,LECU,1,LECU,1,2018-01-25 14:35:54,2018-03-29 14:57:11,7,1
499057368126144,124092487010478,2008,40,2,97,125.0,1.0,1,ROSA5,1,ROSA5,5,2018-01-25 14:35:54,2018-03-29 14:57:11,7,1
499057369126144,124092487010478,2008,40,2,97,125.0,4.0,1,ROSA5,1,ROSA5,5,2018-01-25 14:35:54,2018-03-29 14:57:11,7,1
499057338126144,124090921010478,2008,40,2,91,123.0,3.0,2,ROSA5,1,ROSA5,5,2018-01-25 14:35:54,2018-03-29 14:57:11,7,1
499057339126144,124090921010478,2008,40,2,91,123.0,3.0,2,SCAR7,1,SCAR7,1,2018-01-25 14:35:54,2020-08-10 11:38:55,7,1
499057340126144,124090921010478,2008,40,2,91,123.0,3.0,2,LECU,1,LECU,1,2018-01-25 14:35:54,2018-03-29 14:57:11,7,1
499057341126144,124091071010478,2008,40,2,91,137.0,1.0,1,ROSA5,1,ROSA5,1,2018-01-25 14:35:54,2018-03-29 14:57:11,7,1
499057342126144,124091071010478,2008,40,2,91,137.0,1.0,1,LECU,1,LECU,5,2018-01-25 14:35:54,2018-03-29 14:57:11,7,1
499057343126144,124091071010478,2008,40,2,91,137.0,2.0,1,LECU,1,LECU,5,2018-01-25 14:35:54,2018-03-29 14:57:21,7,1
499057344126144,124091071010478,2008,40,2,91,137.0,3.0,1,LECU,1,LECU,1,2018-01-25 14:35:54,2018-03-29 14:57:11,7,1
499057345126144,124091071010478,2008,40,2,91,137.0,4.0,1,LECU,1,LECU,5,2018-01-25 14:35:54,2018-03-29 14:57:11,7,1
499057346126144,124091123010478,2008,40,2,91,111.0,1.0,1,LECU,1,LECU,30,2018-01-25 14:35:54,2018-03-29 14:57:11,7,1
499057347126144,124091123010478,2008,40,2,91,111.0,2.0,1,LECU,1,LECU,1,2018-01-25 14:35:54,2018-03-29 14:57:11,7,1
499057348126144,124091123010478,2008,40,2,91,111.0,4.0,1,LECU,1,LECU,5,2018-01-25 14:35:54,2018-03-29 14:57:11,7,1
499057349126144,124091189010478,2008,40,2,91,90.0,3.0,1,LECU,1,LECU,5,2018-01-25 14:35:54,2018-03-29 14:57:11,7,1
499057728126144,124108985010478,2008,40,2,101,167.0,2.0,2,LIJA,1,LIJA,70,2018-01-25 14:35:55,2018-03-29 14:57:11,7,1
499057729126144,124108985010478,2008,40,2,101,167.0,2.0,2,LOJA,1,LOJA,5,2018-01-25 14:35:55,2018-03-29 14:57:11,7,1
499057730126144,124108985010478,2008,40,2,101,167.0,4.0,2,LIJA,1,LIJA,30,2018-01-25 14:35:55,2018-03-29 14:57:11,7,1
499057731126144,124108985010478,2008,40,2,101,167.0,4.0,2,LOJA,1,LOJA,5,2018-01-25 14:35:55,2018-03-29 14:57:11,7,1
499057732126144,124109070010478,2008,40,2,101,178.0,2.0,1,LECU,1,LECU,5,2018-01-25 14:35:55,2018-03-29 14:57:11,7,1
499057733126144,124109070010478,2008,40,2,101,178.0,3.0,1,SOVI2,1,SOVI2,1,2018-01-25 14:35:55,2018-03-29 14:57:11,7,1
499057734126144,124109070010478,2008,40,2,101,178.0,4.0,1,LECU,1,LECU,1,2018-01-25 14:35:55,2018-03-29 14:57:11,7,1
499088584126144,157324574010478,2008,40,1,89,274.0,1.0,1,LOJA,1,LOJA,5,2018-01-25 14:36:04,2018-03-29 14:57:13,7,1
499088585126144,157324574010478,2008,40,1,89,274.0,3.0,1,LOJA,1,LOJA,1,2018-01-25 14:36:04,2018-03-29 14:57:13,7,1
499088589126144,157324745010478,2008,40,1,89,231.0,1.0,1,LOJA,1,LOJA,30,2018-01-25 14:36:04,2018-03-29 14:57:13,7,1
499088590126144,157324745010478,2008,40,1,89,231.0,2.0,1,LOJA,1,LOJA,30,2018-01-25 14:36:04,2018-03-29 14:57:13,7,1
499088591126144,157324745010478,2008,40,1,89,231.0,3.0,1,LOJA,1,LOJA,30,2018-01-25 14:36:04,2018-03-29 14:57:13,7,1
499088592126144,157324745010478,2008,40,1,89,231.0,4.0,1,LIGUS2,1,LIGUS2,5,2018-01-25 14:36:04,2018-03-29 14:57:13,7,1
499088593126144,157324745010478,2008,40,1,89,231.0,4.0,1,LOJA,1,LOJA,5,2018-01-25 14:36:04,2018-03-29 14:57:13,7,1
499088594126144,157325005010478,2008,40,1,89,285.0,1.0,1,LOJA,1,LOJA,5,2018-01-25 14:36:04,2018-03-29 14:57:13,7,1
499088595126144,157325005010478,2008,40,1,89,285.0,2.0,1,LOJA,1,LOJA,1,2018-01-25 14:36:04,2018-03-29 14:57:13,7,1
499088596126144,157325005010478,2008,40,1,89,285.0,3.0,1,LOJA,1,LOJA,5,2018-01-25 14:36:04,2018-03-29 14:57:13,7,1
499088597126144,157325005010478,2008,40,1,89,285.0,3.0,2,LOJA,1,LOJA,5,2018-01-25 14:36:04,2018-03-29 14:57:21,7,1
499088598126144,157325005010478,2008,40,1,89,285.0,4.0,1,LOJA,1,LOJA,5,2018-01-25 14:36:04,2018-03-29 14:57:13,7,1
499088586126144,157324637010478,2008,40,1,89,393.0,2.0,1,LOJA,1,LOJA,5,2018-01-25 14:36:04,2018-03-29 14:57:13,7,1
499088587126144,157324637010478,2008,40,1,89,393.0,3.0,1,LIGUS2,1,LIGUS2,5,2018-01-25 14:36:04,2018-03-29 14:57:13,7,1
499088588126144,157324637010478,2008,40,1,89,393.0,3.0,1,LOJA,1,LOJA,5,2018-01-25 14:36:04,2018-03-29 14:57:13,7,1
499057284126144,124089521010478,2008,40,2,91,132.0,1.0,1,LECU,1,LECU,5,2018-01-25 14:35:54,2018-03-29 14:57:10,7,1
499057285126144,124089521010478,2008,40,2,91,132.0,2.0,1,SCAR7,1,SCAR7,1,2018-01-25 14:35:54,2020-08-10 11:38:55,7,1
499057870126144,124114532010478,2008,40,2,135,162.0,3.0,1,LECU,1,LECU,30,2018-01-25 14:35:55,2018-03-29 14:57:11,7,1
499057871126144,124114532010478,2008,40,2,135,162.0,4.0,1,LIGUS2,1,LIGUS2,5,2018-01-25 14:35:55,2018-03-29 14:57:11,7,1
499057872126144,124114532010478,2008,40,2,135,162.0,4.0,1,LOJA,1,LOJA,30,2018-01-25 14:35:55,2018-03-29 14:57:11,7,1
499057873126144,124114532010478,2008,40,2,135,162.0,4.0,1,LECU,1,LECU,5,2018-01-25 14:35:55,2018-03-29 14:57:21,7,1
499057681126144,124107275010478,2008,40,2,91,118.0,1.0,1,LECU,1,LECU,5,2018-01-25 14:35:55,2018-03-29 14:57:11,7,1
499057682126144,124107275010478,2008,40,2,91,118.0,3.0,1,AIAL,1,AIAL,1,2018-01-25 14:35:55,2018-03-29 14:57:11,7,1
499057683126144,124107275010478,2008,40,2,91,118.0,3.0,1,ROSA5,1,ROSA5,1,2018-01-25 14:35:55,2018-03-29 14:57:11,7,1
499057684126144,124107275010478,2008,40,2,91,118.0,4.0,1,ROSA5,1,ROSA5,5,2018-01-25 14:35:55,2018-03-29 14:57:11,7,1
499087735126144,157260540010478,2008,40,1,89,309.0,1.0,1,LOJA,1,LOJA,30,2018-01-25 14:36:04,2018-03-29 14:57:13,7,1
499087736126144,157260540010478,2008,40,1,89,309.0,2.0,1,LIGUS2,1,LIGUS2,1,2018-01-25 14:36:04,2018-03-29 14:57:13,7,1
499087737126144,157260540010478,2008,40,1,89,309.0,2.0,1,LOJA,1,LOJA,5,2018-01-25 14:36:04,2018-03-29 14:57:13,7,1
499087738126144,157260540010478,2008,40,1,89,309.0,3.0,1,LIGUS2,1,LIGUS2,1,2018-01-25 14:36:04,2018-03-29 14:57:13,7,1
499087739126144,157260540010478,2008,40,1,89,309.0,3.0,1,LOJA,1,LOJA,5,2018-01-25 14:36:04,2018-03-29 14:57:13,7,1
499087740126144,157260540010478,2008,40,1,89,309.0,4.0,1,LIGUS2,1,LIGUS2,5,2018-01-25 14:36:04,2018-03-29 14:57:13,7,1
499087741126144,157260540010478,2008,40,1,89,309.0,4.0,1,LOJA,1,LOJA,5,2018-01-25 14:36:04,2018-03-29 14:57:21,7,1
499057812126144,124112411010478,2008,40,2,115,63.0,4.0,1,LECU,1,LECU,30,2018-01-25 14:35:55,2018-03-29 14:57:11,7,1
499087728126144,157259384010478,2008,40,1,89,321.0,1.0,1,LOJA,1,LOJA,30,2018-01-25 14:36:04,2018-03-29 14:57:13,7,1
499087729126144,157259384010478,2008,40,1,89,321.0,2.0,1,LOJA,1,LOJA,1,2018-01-25 14:36:04,2018-03-29 14:57:13,7,1
499087730126144,157259384010478,2008,40,1,89,321.0,3.0,1,ROSA5,1,ROSA5,1,2018-01-25 14:36:04,2018-03-29 14:57:13,7,1
499087731126144,157259384010478,2008,40,1,89,321.0,4.0,1,LOJA,1,LOJA,1,2018-01-25 14:36:04,2018-03-29 14:57:13,7,1
499087969126144,157275236010478,2008,40,1,127,297.0,1.0,1,ROSA5,1,ROSA5,1,2018-01-25 14:36:04,2018-03-29 14:57:13,7,1
499087970126144,157275236010478,2008,40,1,127,297.0,4.0,1,ROSA5,1,ROSA5,1,2018-01-25 14:36:04,2018-03-29 14:57:13,7,1
499087971126144,157275236010478,2008,40,1,127,297.0,4.0,1,LECU,1,LECU,1,2018-01-25 14:36:04,2018-03-29 14:57:13,7,1
499087972126144,157275337010478,2008,40,1,127,173.0,2.0,1,ROSA5,1,ROSA5,1,2018-01-25 14:36:04,2018-03-29 14:57:13,7,1
499087973126144,157275416010478,2008,40,1,127,300.0,1.0,1,ROSA5,1,ROSA5,1,2018-01-25 14:36:04,2018-03-29 14:57:13,7,1
499087789126144,157263635010478,2008,40,1,121,226.0,1.0,1,LECU,1,LECU,5,2018-01-25 14:36:04,2018-03-29 14:57:12,7,1
499087790126144,157263635010478,2008,40,1,121,226.0,2.0,1,LECU,1,LECU,5,2018-01-25 14:36:04,2018-03-29 14:57:12,7,1
499087791126144,157263635010478,2008,40,1,121,226.0,3.0,1,LECU,1,LECU,5,2018-01-25 14:36:04,2018-03-29 14:57:12,7,1
499087792126144,157263635010478,2008,40,1,121,226.0,4.0,1,LIGUS2,1,LIGUS2,5,2018-01-25 14:36:04,2018-03-29 14:57:12,7,1
499087975126144,157275882010478,2008,40,1,127,302.0,1.0,1,LECU,1,LECU,1,2018-01-25 14:36:04,2018-03-29 14:57:13,7,1
499088437126144,157308475010478,2008,40,1,79,293.0,4.0,1,LIGUS2,1,LIGUS2,5,2018-01-25 14:36:04,2018-03-29 14:57:13,7,1
499088438126144,157308475010478,2008,40,1,79,293.0,4.0,1,ROSA5,1,ROSA5,30,2018-01-25 14:36:04,2018-03-29 14:57:13,7,1
499088439126144,157308475010478,2008,40,1,79,293.0,4.0,1,LOJA,1,LOJA,30,2018-01-25 14:36:04,2018-03-29 14:57:13,7,1
499088466126144,157310570010478,2008,40,1,79,199.0,1.0,1,LOJA,1,LOJA,1,2018-01-25 14:36:04,2018-03-29 14:57:13,7,1
499088467126144,157310570010478,2008,40,1,79,199.0,2.0,1,LOJA,1,LOJA,1,2018-01-25 14:36:04,2018-03-29 14:57:13,7,1
499088468126144,157310570010478,2008,40,1,79,199.0,4.0,2,LIGUS2,1,LIGUS2,1,2018-01-25 14:36:04,2018-03-29 14:57:13,7,1
499088469126144,157310570010478,2008,40,1,79,199.0,4.0,2,LOJA,1,LOJA,30,2018-01-25 14:36:04,2018-03-29 14:57:13,7,1
499088415126144,157306788010478,2008,40,1,79,215.0,1.0,1,LIGUS2,1,LIGUS2,5,2018-01-25 14:36:04,2018-03-29 14:57:13,7,1
499088416126144,157306788010478,2008,40,1,79,215.0,1.0,1,LOJA,1,LOJA,30,2018-01-25 14:36:04,2018-03-29 14:57:13,7,1
499088417126144,157306788010478,2008,40,1,79,215.0,2.0,1,LOJA,1,LOJA,5,2018-01-25 14:36:04,2018-03-29 14:57:13,7,1
499088418126144,157306788010478,2008,40,1,79,215.0,3.0,1,LIGUS2,1,LIGUS2,1,2018-01-25 14:36:04,2018-03-29 14:57:13,7,1
499088419126144,157306788010478,2008,40,1,79,215.0,3.0,1,LOJA,1,LOJA,30,2018-01-25 14:36:04,2018-03-29 14:57:13,7,1
499057663126144,124105320010478,2008,40,2,41,123.0,3.0,2,ROSA5,1,ROSA5,1,2018-01-25 14:35:55,2018-03-29 14:57:11,7,1
499088386126144,157304412010478,2008,40,1,77,95.0,3.0,1,LECU,1,LECU,1,2018-01-25 14:36:04,2018-03-29 14:57:13,7,1
499088387126144,157304514010478,2008,40,1,77,99.0,2.0,1,LECU,1,LECU,5,2018-01-25 14:36:04,2018-03-29 14:57:13,7,1
499088388126144,157304713010478,2008,40,1,77,107.0,1.0,1,LIGUS2,1,LIGUS2,5,2018-01-25 14:36:04,2018-03-29 14:57:13,7,1
499088389126144,157304713010478,2008,40,1,77,107.0,1.0,1,LOJA,1,LOJA,5,2018-01-25 14:36:04,2018-03-29 14:57:13,7,1
499088390126144,157304713010478,2008,40,1,77,107.0,2.0,1,LIGUS2,1,LIGUS2,5,2018-01-25 14:36:04,2018-03-29 14:57:13,7,1
499088620126144,157327039010478,2008,40,1,89,345.0,4.0,1,LIGUS2,1,LIGUS2,5,2018-01-25 14:36:04,2018-03-29 14:57:13,7,1
499088621126144,157327039010478,2008,40,1,89,345.0,4.0,1,LOJA,1,LOJA,1,2018-01-25 14:36:04,2018-03-29 14:57:13,7,1
499087987126144,157277153010478,2008,40,1,127,166.0,1.0,1,LOJA,1,LOJA,30,2018-01-25 14:36:04,2018-03-29 14:57:13,7,1
499087988126144,157277153010478,2008,40,1,127,166.0,1.0,1,LECU,1,LECU,1,2018-01-25 14:36:04,2018-03-29 14:57:13,7,1
499087989126144,157277153010478,2008,40,1,127,166.0,2.0,1,LOJA,1,LOJA,5,2018-01-25 14:36:04,2018-03-29 14:57:13,7,1
499087990126144,157277153010478,2008,40,1,127,166.0,3.0,1,LOJA,1,LOJA,5,2018-01-25 14:36:04,2018-03-29 14:57:13,7,1
499087991126144,157277153010478,2008,40,1,127,166.0,4.0,2,LOJA,1,LOJA,1,2018-01-25 14:36:04,2018-03-29 14:57:13,7,1
499087992126144,157277537010478,2008,40,1,127,303.0,2.0,1,LECU,1,LECU,1,2018-01-25 14:36:04,2018-03-29 14:57:13,7,1
499088045126144,157281963010478,2008,40,1,127,210.0,2.0,1,ROSA5,1,ROSA5,1,2018-01-25 14:36:04,2018-03-29 14:57:13,7,1
499088046126144,157281963010478,2008,40,1,127,210.0,3.0,1,ROSA5,1,ROSA5,1,2018-01-25 14:36:04,2018-03-29 14:57:13,7,1
499088047126144,157281963010478,2008,40,1,127,210.0,4.0,2,ROSA5,1,ROSA5,1,2018-01-25 14:36:04,2018-03-29 14:57:13,7,1
499087793126144,157263730010478,2008,40,1,121,251.0,1.0,1,ROSA5,1,ROSA5,1,2018-01-25 14:36:04,2018-03-29 14:57:12,7,1
499087795126144,157264196010478,2008,40,1,121,230.0,1.0,1,LECU,1,LECU,5,2018-01-25 14:36:04,2018-03-29 14:57:12,7,1
499087796126144,157264196010478,2008,40,1,121,230.0,3.0,1,LECU,1,LECU,1,2018-01-25 14:36:04,2018-03-29 14:57:12,7,1
499087797126144,157264267010478,2008,40,1,121,243.0,1.0,1,LECU,1,LECU,1,2018-01-25 14:36:04,2018-03-29 14:57:12,7,1
499088088126144,157285126010478,2008,40,1,5,190.0,4.0,1,LOJA,1,LOJA,5,2018-01-25 14:36:04,2018-03-29 14:57:13,7,1
499088089126144,157285239010478,2008,40,1,5,171.0,3.0,2,LECU,1,LECU,5,2018-01-25 14:36:04,2018-03-29 14:57:13,7,1
499088090126144,157285492010478,2008,40,1,5,135.0,1.0,1,ALJU,1,ALJU,5,2018-01-25 14:36:04,2018-03-29 14:57:13,7,1
499088091126144,157285492010478,2008,40,1,5,135.0,1.0,1,ROSA5,1,ROSA5,1,2018-01-25 14:36:04,2018-03-29 14:57:13,7,1
499088092126144,157285492010478,2008,40,1,5,135.0,1.0,1,LECU,1,LECU,1,2018-01-25 14:36:04,2018-03-29 14:57:13,7,1
499088093126144,157285492010478,2008,40,1,5,135.0,2.0,1,SCAR7,1,SCAR7,5,2018-01-25 14:36:04,2020-08-10 11:38:55,7,1
499088094126144,157285492010478,2008,40,1,5,135.0,3.0,1,ROSA5,1,ROSA5,5,2018-01-25 14:36:04,2018-03-29 14:57:13,7,1
499088095126144,157285492010478,2008,40,1,5,135.0,4.0,1,ROSA5,1,ROSA5,1,2018-01-25 14:36:04,2018-03-29 14:57:13,7,1
499088096126144,157285740010478,2008,40,1,5,148.0,3.0,1,ROSA5,1,ROSA5,5,2018-01-25 14:36:04,2018-03-29 14:57:13,7,1
499088097126144,157285740010478,2008,40,1,5,148.0,3.0,1,LECU,1,LECU,1,2018-01-25 14:36:04,2018-03-29 14:57:13,7,1
499088098126144,157285740010478,2008,40,1,5,148.0,4.0,1,ROSA5,1,ROSA5,1,2018-01-25 14:36:04,2018-03-29 14:57:13,7,1
499088099126144,157285810010478,2008,40,1,5,162.0,1.0,1,LECU,1,LECU,1,2018-01-25 14:36:04,2018-03-29 14:57:13,7,1
499088100126144,157285810010478,2008,40,1,5,162.0,2.0,1,LECU,1,LECU,5,2018-01-25 14:36:04,2018-03-29 14:57:13,7,1
499088101126144,157285810010478,2008,40,1,5,162.0,3.0,1,LECU,1,LECU,1,2018-01-25 14:36:04,2018-03-29 14:57:13,7,1
499088102126144,157285810010478,2008,40,1,5,162.0,4.0,1,LECU,1,LECU,1,2018-01-25 14:36:04,2018-03-29 14:57:13,7,1
499088103126144,157285891010478,2008,40,1,5,111.0,1.0,1,ROSA5,1,ROSA5,1,2018-01-25 14:36:04,2018-03-29 14:57:13,7,1
499088104126144,157285891010478,2008,40,1,5,111.0,1.0,1,LECU,1,LECU,1,2018-01-25 14:36:04,2018-03-29 14:57:13,7,1
499088105126144,157285891010478,2008,40,1,5,111.0,2.0,1,ROSA5,1,ROSA5,1,2018-01-25 14:36:04,2018-03-29 14:57:13,7,1
499087941126144,157273030010478,2008,40,1,127,282.0,1.0,1,ROSA5,1,ROSA5,5,2018-01-25 14:36:04,2018-03-29 14:57:13,7,1
499087942126144,157273030010478,2008,40,1,127,282.0,3.0,1,ROSA5,1,ROSA5,5,2018-01-25 14:36:04,2018-03-29 14:57:13,7,1
499087696126144,157256993010478,2008,40,1,127,318.0,2.0,2,LECU,1,LECU,1,2018-01-25 14:36:04,2018-03-29 14:57:13,7,1
499087697126144,157256993010478,2008,40,1,127,318.0,3.0,1,LECU,1,LECU,1,2018-01-25 14:36:04,2018-03-29 14:57:13,7,1
499087698126144,157256993010478,2008,40,1,127,318.0,3.0,2,LECU,1,LECU,1,2018-01-25 14:36:04,2018-03-29 14:57:13,7,1
499087985126144,157276964010478,2008,40,1,127,199.0,4.0,1,ROSA5,1,ROSA5,1,2018-01-25 14:36:04,2018-03-29 14:57:13,7,1
499088106126144,157286009010478,2008,40,1,5,128.0,2.0,1,LECU,1,LECU,1,2018-01-25 14:36:04,2018-03-29 14:57:13,7,1
499088107126144,157286009010478,2008,40,1,5,128.0,3.0,1,LECU,1,LECU,1,2018-01-25 14:36:04,2018-03-29 14:57:13,7,1
499088108126144,157286009010478,2008,40,1,5,128.0,4.0,1,LECU,1,LECU,5,2018-01-25 14:36:04,2018-03-29 14:57:13,7,1
499088109126144,157286098010478,2008,40,1,5,205.0,1.0,1,LOJA,1,LOJA,1,2018-01-25 14:36:04,2018-03-29 14:57:13,7,1
499088110126144,157286098010478,2008,40,1,5,205.0,4.0,1,LOJA,1,LOJA,5,2018-01-25 14:36:04,2018-03-29 14:57:13,7,1
499088121126144,157287814010478,2008,40,1,5,138.0,2.0,1,LIGUS2,1,LIGUS2,5,2018-01-25 14:36:04,2018-03-29 14:57:13,7,1
499088122126144,157287814010478,2008,40,1,5,138.0,4.0,1,LIGUS2,1,LIGUS2,5,2018-01-25 14:36:04,2018-03-29 14:57:13,7,1
499087794126144,157263997010478,2008,40,1,121,277.0,3.0,1,LECU,1,LECU,5,2018-01-25 14:36:04,2018-03-29 14:57:12,7,1
499087798126144,157264304010478,2008,40,1,121,233.0,1.0,1,LOJA,1,LOJA,5,2018-01-25 14:36:04,2018-03-29 14:57:12,7,1
499087799126144,157264304010478,2008,40,1,121,233.0,4.0,1,LOJA,1,LOJA,5,2018-01-25 14:36:04,2018-03-29 14:57:12,7,1
499087800126144,157264304010478,2008,40,1,121,233.0,4.0,1,LECU,1,LECU,5,2018-01-25 14:36:04,2018-03-29 14:57:12,7,1
499088111126144,157286776010478,2008,40,1,5,140.0,3.0,1,LECU,1,LECU,1,2018-01-25 14:36:04,2018-03-29 14:57:13,7,1
499088112126144,157286776010478,2008,40,1,5,140.0,4.0,1,LECU,1,LECU,1,2018-01-25 14:36:04,2018-03-29 14:57:13,7,1
499057887126144,124114976010478,2008,40,2,135,120.0,3.0,1,LIGUS2,1,LIGUS2,30,2018-01-25 14:35:55,2018-03-29 14:57:11,7,1
499057888126144,124114976010478,2008,40,2,135,120.0,3.0,1,ROSA5,1,ROSA5,5,2018-01-25 14:35:55,2018-03-29 14:57:11,7,1
499057889126144,124114976010478,2008,40,2,135,120.0,3.0,1,LOJA,1,LOJA,5,2018-01-25 14:35:55,2018-03-29 14:57:11,7,1
499057890126144,124114976010478,2008,40,2,135,120.0,3.0,1,LECU,1,LECU,5,2018-01-25 14:35:55,2018-03-29 14:57:11,7,1
499057891126144,124114976010478,2008,40,2,135,120.0,4.0,1,LIGUS2,1,LIGUS2,5,2018-01-25 14:35:55,2018-03-29 14:57:21,7,1
499057892126144,124114976010478,2008,40,2,135,120.0,4.0,1,LOJA,1,LOJA,30,2018-01-25 14:35:55,2018-03-29 14:57:11,7,1
499057893126144,124114976010478,2008,40,2,135,120.0,4.0,1,LECU,1,LECU,30,2018-01-25 14:35:55,2018-03-29 14:57:11,7,1
499057894126144,124115069010478,2008,40,2,135,167.0,1.0,1,SCAR7,1,SCAR7,1,2018-01-25 14:35:55,2020-08-10 11:38:55,7,1
499057833126144,124113745010478,2008,40,2,135,126.0,1.0,1,LOJA,1,LOJA,1,2018-01-25 14:35:55,2018-03-29 14:57:11,7,1
499057834126144,124113745010478,2008,40,2,135,126.0,2.0,1,LIGUS2,1,LIGUS2,5,2018-01-25 14:35:55,2018-03-29 14:57:11,7,1
499057835126144,124113745010478,2008,40,2,135,126.0,2.0,1,LOJA,1,LOJA,5,2018-01-25 14:35:55,2018-03-29 14:57:11,7,1
499057836126144,124113745010478,2008,40,2,135,126.0,2.0,1,LECU,1,LECU,5,2018-01-25 14:35:55,2018-03-29 14:57:11,7,1
499057837126144,124113745010478,2008,40,2,135,126.0,3.0,1,LOJA,1,LOJA,5,2018-01-25 14:35:55,2018-03-29 14:57:11,7,1
499057838126144,124113745010478,2008,40,2,135,126.0,4.0,1,LOJA,1,LOJA,5,2018-01-25 14:35:55,2018-03-29 14:57:11,7,1
499057792126144,124110730010478,2008,40,2,101,149.0,3.0,2,ROSA5,1,ROSA5,5,2018-01-25 14:35:55,2018-03-29 14:57:11,7,1
499057793126144,124110730010478,2008,40,2,101,149.0,3.0,2,LECU,1,LECU,30,2018-01-25 14:35:55,2018-03-29 14:57:11,7,1
499057777126144,124110542010478,2008,40,2,101,174.0,1.0,1,LIGUS2,1,LIGUS2,1,2018-01-25 14:35:55,2018-03-29 14:57:11,7,1
499057778126144,124110542010478,2008,40,2,101,174.0,1.0,1,ROSA5,1,ROSA5,1,2018-01-25 14:35:55,2018-03-29 14:57:11,7,1
499057779126144,124110542010478,2008,40,2,101,174.0,2.0,1,LIGUS2,1,LIGUS2,5,2018-01-25 14:35:55,2018-03-29 14:57:11,7,1
499057780126144,124110542010478,2008,40,2,101,174.0,2.0,1,ROSA5,1,ROSA5,5,2018-01-25 14:35:55,2018-03-29 14:57:11,7,1
499057781126144,124110542010478,2008,40,2,101,174.0,2.0,1,LOJA,1,LOJA,5,2018-01-25 14:35:55,2018-03-29 14:57:11,7,1
499057782126144,124110542010478,2008,40,2,101,174.0,4.0,1,LIGUS2,1,LIGUS2,1,2018-01-25 14:35:55,2018-03-29 14:57:11,7,1
499057783126144,124110542010478,2008,40,2,101,174.0,4.0,1,ROSA5,1,ROSA5,1,2018-01-25 14:35:55,2018-03-29 14:57:11,7,1
499057784126144,124110542010478,2008,40,2,101,174.0,4.0,1,LOJA,1,LOJA,30,2018-01-25 14:35:55,2018-03-29 14:57:21,7,1
499057694126144,124107590010478,2008,40,2,91,129.0,1.0,1,ROSA5,1,ROSA5,5,2018-01-25 14:35:55,2018-03-29 14:57:11,7,1
499057695126144,124107590010478,2008,40,2,91,129.0,1.0,1,LOJA,1,LOJA,1,2018-01-25 14:35:55,2018-03-29 14:57:11,7,1
499057696126144,124107590010478,2008,40,2,91,129.0,2.0,1,ROSA5,1,ROSA5,5,2018-01-25 14:35:55,2018-03-29 14:57:11,7,1
499057697126144,124107590010478,2008,40,2,91,129.0,2.0,1,LOJA,1,LOJA,95,2018-01-25 14:35:55,2018-03-29 14:57:11,7,1
499057698126144,124107590010478,2008,40,2,91,129.0,3.0,1,LIGUS2,1,LIGUS2,5,2018-01-25 14:35:55,2018-03-29 14:57:11,7,1
499057699126144,124107590010478,2008,40,2,91,129.0,3.0,1,ROSA5,1,ROSA5,1,2018-01-25 14:35:55,2018-03-29 14:57:11,7,1
499057700126144,124107590010478,2008,40,2,91,129.0,4.0,1,LIGUS2,1,LIGUS2,30,2018-01-25 14:35:55,2018-03-29 14:57:11,7,1
499057701126144,124107590010478,2008,40,2,91,129.0,4.0,1,ROSA5,1,ROSA5,5,2018-01-25 14:35:55,2018-03-29 14:57:11,7,1
499057702126144,124107590010478,2008,40,2,91,129.0,4.0,1,LOJA,1,LOJA,95,2018-01-25 14:35:55,2018-03-29 14:57:11,7,1
499057703126144,124107687010478,2008,40,2,91,154.0,4.0,2,LECU,1,LECU,1,2018-01-25 14:35:55,2018-03-29 14:57:11,7,1
499057704126144,124107747010478,2008,40,2,91,163.0,4.0,2,LIGUS2,1,LIGUS2,5,2018-01-25 14:35:55,2018-03-29 14:57:11,7,1
499057705126144,124107747010478,2008,40,2,91,163.0,4.0,2,ROSA5,1,ROSA5,5,2018-01-25 14:35:55,2018-03-29 14:57:11,7,1
499057706126144,124107747010478,2008,40,2,91,163.0,4.0,2,LOJA,1,LOJA,30,2018-01-25 14:35:55,2018-03-29 14:57:11,7,1
499057707126144,124107776010478,2008,40,2,91,92.0,1.0,1,ROSA5,1,ROSA5,1,2018-01-25 14:35:55,2018-03-29 14:57:11,7,1
499087745126144,157260792010478,2008,40,1,89,406.0,1.0,1,LIGUS2,1,LIGUS2,5,2018-01-25 14:36:04,2018-03-29 14:57:13,7,1
499087746126144,157260792010478,2008,40,1,89,406.0,2.0,1,LIGUS2,1,LIGUS2,5,2018-01-25 14:36:04,2018-03-29 14:57:13,7,1
499087747126144,157260792010478,2008,40,1,89,406.0,3.0,1,LIGUS2,1,LIGUS2,5,2018-01-25 14:36:04,2018-03-29 14:57:13,7,1
499087734126144,157260173010478,2008,40,1,89,380.0,1.0,1,ROSA5,1,ROSA5,1,2018-01-25 14:36:04,2018-03-29 14:57:13,7,1
499087718126144,157259083010478,2008,40,1,89,354.0,1.0,1,LIGUS2,1,LIGUS2,5,2018-01-25 14:36:04,2018-03-29 14:57:13,7,1
775641910290487,473313804489998,2018,40,2,135,105.0,4.0,1,SCAR7,1,SCAR7,2,2020-07-20 09:55:29,2020-08-10 11:38:56,9,4
775641919290487,473313806489998,2018,40,2,1,103.0,4.0,2,LOJA,1,LOJA,2,2020-07-20 09:55:29,,9,4
775641929290487,473313808489998,2018,40,2,135,104.0,3.0,1,LECU,1,LECU,5,2020-07-20 09:55:29,,9,4
775641972290487,473313818489998,2018,40,1,89,390.0,1.0,1,LIGUS2,1,LIGUS2,95,2020-07-20 09:55:30,,9,4
775641973290487,473313818489998,2018,40,1,89,390.0,2.0,1,LIGUS2,1,LIGUS2,30,2020-07-20 09:55:30,,9,4
775641974290487,473313818489998,2018,40,1,89,390.0,3.0,1,LIGUS2,1,LIGUS2,40,2020-07-20 09:55:30,,9,4
775641975290487,473313818489998,2018,40,1,89,390.0,3.0,2,LIGUS2,1,LIGUS2,1,2020-07-20 09:55:30,,9,4
775641976290487,473313818489998,2018,40,1,89,390.0,4.0,1,LIGUS2,1,LIGUS2,10,2020-07-20 09:55:30,,9,4
775641977290487,473313818489998,2018,40,1,89,390.0,4.0,2,LIGUS2,1,LIGUS2,1,2020-07-20 09:55:30,,9,4
775641978290487,473313818489998,2018,40,1,89,390.0,1.0,1,LOJA,1,LOJA,10,2020-07-20 09:55:30,,9,4
775641979290487,473313818489998,2018,40,1,89,390.0,2.0,1,LOJA,1,LOJA,3,2020-07-20 09:55:30,,9,4
775641980290487,473313818489998,2018,40,1,89,390.0,3.0,1,LOJA,1,LOJA,25,2020-07-20 09:55:30,,9,4
775641981290487,473313818489998,2018,40,1,89,390.0,3.0,2,LOJA,1,LOJA,3,2020-07-20 09:55:30,,9,4
775641982290487,473313818489998,2018,40,1,89,390.0,4.0,1,LOJA,1,LOJA,80,2020-07-20 09:55:30,,9,4
775641983290487,473313818489998,2018,40,1,89,390.0,4.0,2,LOJA,1,LOJA,3,2020-07-20 09:55:30,,9,4
775641988290487,473313819489998,2018,40,1,89,423.0,1.0,1,LIGUS2,1,LIGUS2,2,2020-07-20 09:55:30,,9,4
775641989290487,473313819489998,2018,40,1,89,423.0,2.0,1,LIGUS2,1,LIGUS2,1,2020-07-20 09:55:30,,9,4
775641990290487,473313819489998,2018,40,1,89,423.0,3.0,1,LIGUS2,1,LIGUS2,15,2020-07-20 09:55:30,,9,4
775641991290487,473313819489998,2018,40,1,89,423.0,4.0,1,LIGUS2,1,LIGUS2,13,2020-07-20 09:55:30,,9,4
775641992290487,473313819489998,2018,40,1,89,423.0,3.0,1,LOJA,1,LOJA,5,2020-07-20 09:55:30,,9,4
775641993290487,473313819489998,2018,40,1,89,423.0,4.0,1,LOJA,1,LOJA,12,2020-07-20 09:55:30,,9,4
775641994290487,473313819489998,2018,40,1,89,423.0,4.0,1,ROSA5,1,ROSA5,2,2020-07-20 09:55:30,,9,4
775642005290487,473313821489998,2018,40,1,89,232.0,3.0,2,LECU,1,LECU,90,2020-07-20 09:55:30,,9,4
775642006290487,473313821489998,2018,40,1,89,232.0,4.0,2,LECU,1,LECU,1,2020-07-20 09:55:30,,9,4
775642007290487,473313821489998,2018,40,1,89,232.0,3.0,2,LIGUS2,1,LIGUS2,1,2020-07-20 09:55:30,,9,4
775642008290487,473313821489998,2018,40,1,89,232.0,4.0,2,LIGUS2,1,LIGUS2,3,2020-07-20 09:55:30,,9,4
775642013290487,473313822489998,2018,40,1,89,281.0,2.0,1,LOJA,1,LOJA,1,2020-07-20 09:55:30,,9,4
775642014290487,473313822489998,2018,40,1,89,281.0,3.0,1,LOJA,1,LOJA,1,2020-07-20 09:55:30,,9,4
775642015290487,473313822489998,2018,40,1,89,281.0,4.0,1,LOJA,1,LOJA,1,2020-07-20 09:55:30,,9,4
775639055290487,473313828489998,2018,40,1,77,136.0,2.0,1,SCAR7,1,SCAR7,1,2020-07-20 09:55:10,2020-08-10 11:38:56,9,4
775639164290487,473313830489998,2018,40,1,127,280.0,2.0,1,ROSA5,1,ROSA5,4,2020-07-20 09:55:11,,9,4
775639175290487,473313832489998,2018,40,1,127,203.0,1.0,1,LECU,1,LECU,1,2020-07-20 09:55:12,,9,4
775639176290487,473313832489998,2018,40,1,127,203.0,3.0,1,LECU,1,LECU,1,2020-07-20 09:55:12,,9,4
775639298290487,473313837489998,2018,40,1,127,210.0,3.0,1,LECU,1,LECU,15,2020-07-20 09:55:12,,9,4
775639299290487,473313837489998,2018,40,1,127,210.0,4.0,2,LECU,1,LECU,1,2020-07-20 09:55:12,,9,4
775639312290487,473313840489998,2018,40,1,61,89.0,1.0,1,LECU,1,LECU,1,2020-07-20 09:55:13,,9,4
775639318290487,473313841489998,2018,40,1,61,81.0,3.0,1,LECU,1,LECU,1,2020-07-20 09:55:13,,9,4
775639319290487,473313841489998,2018,40,1,61,81.0,3.0,2,LECU,1,LECU,30,2020-07-20 09:55:13,,9,4
775639320290487,473313841489998,2018,40,1,61,81.0,1.0,1,ROSA5,1,ROSA5,1,2020-07-20 09:55:13,,9,4
775639329290487,473313843489998,2018,40,1,61,87.0,2.0,1,SCAR7,1,SCAR7,1,2020-07-20 09:55:13,2020-08-10 11:38:56,9,4
775639330290487,473313843489998,2018,40,1,61,87.0,3.0,1,SCAR7,1,SCAR7,1,2020-07-20 09:55:13,2020-08-10 11:38:56,9,4
775639331290487,473313843489998,2018,40,1,61,87.0,4.0,1,SCAR7,1,SCAR7,1,2020-07-20 09:55:13,2020-08-10 11:38:56,9,4
775639471290487,473313852489998,2018,40,2,91,150.0,2.0,2,ROSA5,1,ROSA5,1,2020-07-20 09:55:14,,9,4
775639486290487,473313855489998,2018,40,1,29,97.0,1.0,1,LECU,1,LECU,1,2020-07-20 09:55:14,,9,4
775639487290487,473313855489998,2018,40,1,29,97.0,2.0,1,LECU,1,LECU,40,2020-07-20 09:55:14,,9,4
775639488290487,473313855489998,2018,40,1,29,97.0,2.0,2,LECU,1,LECU,1,2020-07-20 09:55:14,,9,4
775639489290487,473313855489998,2018,40,1,29,97.0,3.0,1,LECU,1,LECU,4,2020-07-20 09:55:14,,9,4
775639490290487,473313855489998,2018,40,1,29,97.0,1.0,1,ROSA5,1,ROSA5,1,2020-07-20 09:55:14,,9,4
775639499290487,473313857489998,2018,40,1,5,218.0,2.0,1,LECU,1,LECU,1,2020-07-20 09:55:14,,9,4
775639508290487,473313859489998,2018,40,2,91,122.0,2.0,2,LOJA,1,LOJA,1,2020-07-20 09:55:14,,9,4
775639509290487,473313859489998,2018,40,2,91,122.0,2.0,2,ROSA5,1,ROSA5,1,2020-07-20 09:55:14,,9,4
775639514290487,473313860489998,2018,40,2,91,111.0,1.0,1,LECU,1,LECU,4,2020-07-20 09:55:15,,9,4
775639515290487,473313860489998,2018,40,2,91,111.0,2.0,1,LECU,1,LECU,8,2020-07-20 09:55:15,,9,4
775639516290487,473313860489998,2018,40,2,91,111.0,2.0,1,ROSA5,1,ROSA5,1,2020-07-20 09:55:15,,9,4
775639521290487,473313861489998,2018,40,1,121,241.0,4.0,1,ROSA5,1,ROSA5,1,2020-07-20 09:55:15,,9,4
775639555290487,473313869489998,2018,40,1,79,349.0,3.0,1,LIGUS2,1,LIGUS2,1,2020-07-20 09:55:15,,9,4
775639564290487,473313871489998,2018,40,1,89,384.0,1.0,1,LECU,1,LECU,10,2020-07-20 09:55:15,,9,4
775639565290487,473313871489998,2018,40,1,89,384.0,2.0,1,LECU,1,LECU,3,2020-07-20 09:55:15,,9,4
775639566290487,473313871489998,2018,40,1,89,384.0,3.0,1,LECU,1,LECU,3,2020-07-20 09:55:15,,9,4
775639567290487,473313871489998,2018,40,1,89,384.0,4.0,1,LECU,1,LECU,10,2020-07-20 09:55:15,,9,4
775639573290487,473313872489998,2018,40,1,89,369.0,1.0,1,LECU,1,LECU,3,2020-07-20 09:55:16,,9,4
775639574290487,473313872489998,2018,40,1,89,369.0,3.0,1,LECU,1,LECU,12,2020-07-20 09:55:16,,9,4
775639588290487,473313875489998,2018,40,1,89,395.0,4.0,2,LIGUS2,1,LIGUS2,3,2020-07-20 09:55:16,,9,4
775639597290487,473313877489998,2018,40,1,79,221.0,1.0,1,LIGUS2,1,LIGUS2,1,2020-07-20 09:55:16,,9,4
775639598290487,473313877489998,2018,40,1,79,221.0,2.0,2,LIGUS2,1,LIGUS2,8,2020-07-20 09:55:16,,9,4
775639599290487,473313877489998,2018,40,1,79,221.0,3.0,1,LIGUS2,1,LIGUS2,1,2020-07-20 09:55:16,,9,4
775639600290487,473313877489998,2018,40,1,79,221.0,1.0,1,LOJA,1,LOJA,5,2020-07-20 09:55:16,,9,4
775639601290487,473313877489998,2018,40,1,79,221.0,2.0,2,LOJA,1,LOJA,50,2020-07-20 09:55:16,,9,4
775639602290487,473313877489998,2018,40,1,79,221.0,3.0,1,LOJA,1,LOJA,35,2020-07-20 09:55:16,,9,4
775639603290487,473313877489998,2018,40,1,79,221.0,4.0,1,LOJA,1,LOJA,70,2020-07-20 09:55:16,,9,4
775639604290487,473313877489998,2018,40,1,79,221.0,3.0,1,ROSA5,1,ROSA5,1,2020-07-20 09:55:16,,9,4
775639629290487,473313883489998,2018,40,1,79,234.0,1.0,1,LECU,1,LECU,3,2020-07-20 09:55:16,,9,4
775639630290487,473313883489998,2018,40,1,79,234.0,2.0,1,LECU,1,LECU,3,2020-07-20 09:55:16,,9,4
775639631290487,473313883489998,2018,40,1,79,234.0,3.0,1,LECU,1,LECU,1,2020-07-20 09:55:16,,9,4
775639632290487,473313883489998,2018,40,1,79,234.0,4.0,1,LECU,1,LECU,10,2020-07-20 09:55:16,,9,4
775639633290487,473313883489998,2018,40,1,79,234.0,1.0,1,LIGUS2,1,LIGUS2,2,2020-07-20 09:55:16,,9,4
775639634290487,473313883489998,2018,40,1,79,234.0,2.0,1,LIGUS2,1,LIGUS2,5,2020-07-20 09:55:16,,9,4
775639635290487,473313883489998,2018,40,1,79,234.0,3.0,1,LIGUS2,1,LIGUS2,2,2020-07-20 09:55:16,,9,4
775639468290487,473313852489998,2018,40,2,91,150.0,1.0,1,LECU,1,LECU,1,2020-07-20 09:55:14,,9,4
775639469290487,473313852489998,2018,40,2,91,150.0,2.0,2,LECU,1,LECU,3,2020-07-20 09:55:14,,9,4
775639470290487,473313852489998,2018,40,2,91,150.0,1.0,1,ROSA5,1,ROSA5,1,2020-07-20 09:55:14,,9,4
744766897290487,473799358489998,2018,40,4,133,44.0,2.0,2,SEVA4,1,SEVA4,1,2020-04-28 06:49:38,,2,10
744766898290487,473799358489998,2018,40,4,133,44.0,4.0,2,SEVA4,1,SEVA4,3,2020-04-28 06:49:38,,2,10
775641909290487,473313804489998,2018,40,2,135,105.0,3.0,1,SCAR7,1,SCAR7,65,2020-07-20 09:55:29,2020-08-10 11:38:56,9,4
744766967290487,473799375489998,2018,40,3,143,34.0,4.0,1,LECU,1,LECU,1,2020-04-28 06:49:38,,2,10
744766968290487,473799375489998,2018,40,3,143,34.0,2.0,1,LIGUS2,1,LIGUS2,4,2020-04-28 06:49:38,,2,10
744766969290487,473799375489998,2018,40,3,143,34.0,3.0,1,LIGUS2,1,LIGUS2,4,2020-04-28 06:49:38,,2,10
744766970290487,473799375489998,2018,40,3,143,34.0,4.0,1,LIGUS2,1,LIGUS2,1,2020-04-28 06:49:38,,2,10
744766971290487,473799375489998,2018,40,3,143,34.0,1.0,1,LOJA,1,LOJA,50,2020-04-28 06:49:38,,2,10
744766972290487,473799375489998,2018,40,3,143,34.0,2.0,1,LOJA,1,LOJA,25,2020-04-28 06:49:38,,2,10
744766973290487,473799375489998,2018,40,3,143,34.0,3.0,1,LOJA,1,LOJA,3,2020-04-28 06:49:38,,2,10
744766974290487,473799375489998,2018,40,3,143,34.0,1.0,1,ROSA5,1,ROSA5,6,2020-04-28 06:49:38,,2,10
744766975290487,473799375489998,2018,40,3,143,34.0,2.0,1,ROSA5,1,ROSA5,20,2020-04-28 06:49:38,,2,10
744766976290487,473799375489998,2018,40,3,143,34.0,3.0,1,ROSA5,1,ROSA5,13,2020-04-28 06:49:38,,2,10
744767005290487,473799382489998,2018,40,3,105,61.0,2.0,1,LECU,1,LECU,1,2020-04-28 06:49:38,,2,10
744767006290487,473799382489998,2018,40,3,105,61.0,3.0,1,LECU,1,LECU,4,2020-04-28 06:49:38,,2,10
744767007290487,473799382489998,2018,40,3,105,61.0,4.0,1,LECU,1,LECU,1,2020-04-28 06:49:38,,2,10
744767008290487,473799382489998,2018,40,3,105,61.0,1.0,1,ROSA5,1,ROSA5,1,2020-04-28 06:49:38,,2,10
744767009290487,473799382489998,2018,40,3,105,61.0,2.0,1,ROSA5,1,ROSA5,1,2020-04-28 06:49:38,,2,10
744767018290487,473799384489998,2018,40,3,147,24.0,2.0,1,EUFO5,1,EUFO5,1,2020-04-28 06:49:38,,2,10
744767019290487,473799384489998,2018,40,3,147,24.0,2.0,1,LECU,1,LECU,1,2020-04-28 06:49:38,,2,10
744767024290487,473799385489998,2018,40,3,147,31.0,2.0,2,ROSA5,1,ROSA5,2,2020-04-28 06:49:39,,2,10
744767094290487,473799402489998,2018,40,4,85,33.0,3.0,1,LECU,1,LECU,1,2020-04-28 06:49:39,,2,10
744767095290487,473799402489998,2018,40,4,85,33.0,4.0,1,LECU,1,LECU,1,2020-04-28 06:49:39,,2,10
744767112290487,473799406489998,2018,40,4,49,26.0,2.0,2,LIGUS2,1,LIGUS2,1,2020-04-28 06:49:39,,2,10
744767113290487,473799406489998,2018,40,4,49,26.0,2.0,2,LOJA,1,LOJA,60,2020-04-28 06:49:39,,2,10
744767114290487,473799406489998,2018,40,4,49,26.0,2.0,2,LONIC,1,LONIC,5,2020-04-28 06:49:39,,2,10
744767123290487,473799408489998,2018,40,4,49,41.0,2.0,2,LECU,1,LECU,5,2020-04-28 06:49:39,,2,10
744767136290487,473799411489998,2018,40,4,109,10.0,1.0,1,LECU,1,LECU,3,2020-04-28 06:49:39,,2,10
744767137290487,473799411489998,2018,40,4,109,10.0,2.0,1,LECU,1,LECU,1,2020-04-28 06:49:39,,2,10
499088406126144,157305779010478,2008,40,1,77,109.0,1.0,1,LECU,1,LECU,1,2018-01-25 14:36:04,2018-03-29 14:57:13,7,1
499088407126144,157305779010478,2008,40,1,77,109.0,3.0,1,LIGUS2,1,LIGUS2,1,2018-01-25 14:36:04,2018-03-29 14:57:13,7,1
499088408126144,157305779010478,2008,40,1,77,109.0,3.0,1,ROSA5,1,ROSA5,1,2018-01-25 14:36:04,2018-03-29 14:57:13,7,1
499057448126144,124098401010478,2008,40,2,1,100.0,2.0,1,LECU,1,LECU,1,2018-01-25 14:35:54,2018-03-29 14:57:11,7,1
499057449126144,124098401010478,2008,40,2,1,100.0,3.0,1,LECU,1,LECU,1,2018-01-25 14:35:54,2018-03-29 14:57:11,7,1
499057450126144,124098401010478,2008,40,2,1,100.0,4.0,2,LECU,1,LECU,30,2018-01-25 14:35:54,2018-03-29 14:57:11,7,1
499088409126144,157306009010478,2008,40,1,77,151.0,1.0,1,ROSA5,1,ROSA5,5,2018-01-25 14:36:04,2018-03-29 14:57:13,7,1
499088410126144,157306009010478,2008,40,1,77,151.0,3.0,1,LIGUS2,1,LIGUS2,5,2018-01-25 14:36:04,2018-03-29 14:57:13,7,1
499088411126144,157306009010478,2008,40,1,77,151.0,3.0,1,LOJA,1,LOJA,5,2018-01-25 14:36:04,2018-03-29 14:57:13,7,1
499088412126144,157306009010478,2008,40,1,77,151.0,4.0,1,LIGUS2,1,LIGUS2,1,2018-01-25 14:36:04,2018-03-29 14:57:13,7,1
499088518126144,157320013010478,2008,40,1,89,254.0,1.0,1,LOJA,1,LOJA,5,2018-01-25 14:36:04,2018-03-29 14:57:13,7,1
499088519126144,157320013010478,2008,40,1,89,254.0,2.0,1,LOJA,1,LOJA,5,2018-01-25 14:36:04,2018-03-29 14:57:13,7,1
499088520126144,157320013010478,2008,40,1,89,254.0,4.0,1,LOJA,1,LOJA,5,2018-01-25 14:36:04,2018-03-29 14:57:13,7,1
499088521126144,157320105010478,2008,40,1,89,336.0,1.0,1,LOJA,1,LOJA,30,2018-01-25 14:36:04,2018-03-29 14:57:13,7,1
499088522126144,157320105010478,2008,40,1,89,336.0,2.0,1,LOJA,1,LOJA,30,2018-01-25 14:36:04,2018-03-29 14:57:13,7,1
499088523126144,157320170010478,2008,40,1,89,263.0,1.0,1,LOJA,1,LOJA,30,2018-01-25 14:36:04,2018-03-29 14:57:13,7,1
499088524126144,157320170010478,2008,40,1,89,263.0,2.0,1,LOJA,1,LOJA,30,2018-01-25 14:36:04,2018-03-29 14:57:21,7,1
499088525126144,157320170010478,2008,40,1,89,263.0,4.0,1,LOJA,1,LOJA,5,2018-01-25 14:36:04,2018-03-29 14:57:13,7,1
499057396126144,124093539010478,2008,40,2,97,127.0,1.0,1,LOJA,1,LOJA,5,2018-01-25 14:35:54,2018-03-29 14:57:11,7,1
499088391126144,157304713010478,2008,40,1,77,107.0,2.0,1,LOJA,1,LOJA,5,2018-01-25 14:36:04,2018-03-29 14:57:13,7,1
499088392126144,157304713010478,2008,40,1,77,107.0,4.0,1,LIGUS2,1,LIGUS2,1,2018-01-25 14:36:04,2018-03-29 14:57:13,7,1
499088393126144,157304713010478,2008,40,1,77,107.0,4.0,1,LOJA,1,LOJA,1,2018-01-25 14:36:04,2018-03-29 14:57:13,7,1
499088378126144,157303713010478,2008,40,1,77,122.0,2.0,1,LECU,1,LECU,5,2018-01-25 14:36:04,2018-03-29 14:57:13,7,1
499088379126144,157303713010478,2008,40,1,77,122.0,3.0,1,ROSA5,1,ROSA5,5,2018-01-25 14:36:04,2018-03-29 14:57:13,7,1
499088546126144,157321372010478,2008,40,1,89,361.0,1.0,1,LOJA,1,LOJA,5,2018-01-25 14:36:04,2018-03-29 14:57:21,7,1
499088547126144,157321372010478,2008,40,1,89,361.0,4.0,1,LIGUS2,1,LIGUS2,1,2018-01-25 14:36:04,2018-03-29 14:57:13,7,1
499057454126144,124099087010478,2008,40,2,21,101.0,3.0,1,LESPE,1,LESPE,1,2018-01-25 14:35:54,2018-03-29 14:57:11,7,1
499057455126144,124099194010478,2008,40,2,21,151.0,3.0,1,LECU,1,LECU,1,2018-01-25 14:35:54,2018-03-29 14:57:11,7,1
499057456126144,124099194010478,2008,40,2,21,151.0,4.0,1,LESPE,1,LESPE,1,2018-01-25 14:35:54,2018-03-29 14:57:11,7,1
499057457126144,124099300010478,2008,40,2,21,152.0,4.0,1,LECU,1,LECU,5,2018-01-25 14:35:54,2018-03-29 14:57:11,7,1
499057458126144,124099377010478,2008,40,2,21,161.0,1.0,1,LESPE,1,LESPE,5,2018-01-25 14:35:54,2018-03-29 14:57:11,7,1
499057459126144,124099377010478,2008,40,2,21,161.0,1.0,1,LECU,1,LECU,5,2018-01-25 14:35:54,2018-03-29 14:57:11,7,1
499057460126144,124099377010478,2008,40,2,21,161.0,1.0,1,SOVI2,1,SOVI2,1,2018-01-25 14:35:54,2018-03-29 14:57:11,7,1
499057461126144,124099377010478,2008,40,2,21,161.0,2.0,1,LECU,1,LECU,70,2018-01-25 14:35:54,2018-03-29 14:57:11,7,1
499057462126144,124099377010478,2008,40,2,21,161.0,3.0,2,MIVI,1,MIVI,30,2018-01-25 14:35:54,2018-03-29 14:57:11,7,1
499057463126144,124099377010478,2008,40,2,21,161.0,3.0,2,LESPE,1,LESPE,5,2018-01-25 14:35:54,2018-03-29 14:57:11,7,1
499057464126144,124099377010478,2008,40,2,21,161.0,4.0,2,LECU,1,LECU,1,2018-01-25 14:35:54,2018-03-29 14:57:11,7,1
499057402126144,124093977010478,2008,40,2,97,109.0,2.0,1,LIGUS2,1,LIGUS2,5,2018-01-25 14:35:54,2018-03-29 14:57:11,7,1
499057403126144,124093977010478,2008,40,2,97,109.0,2.0,1,LOJA,1,LOJA,1,2018-01-25 14:35:54,2018-03-29 14:57:11,7,1
499088479126144,157311991010478,2008,40,1,79,224.0,1.0,1,LOJA,1,LOJA,30,2018-01-25 14:36:04,2018-03-29 14:57:13,7,1
499088480126144,157311991010478,2008,40,1,79,224.0,2.0,1,LIGUS2,1,LIGUS2,30,2018-01-25 14:36:04,2018-03-29 14:57:13,7,1
499088481126144,157311991010478,2008,40,1,79,224.0,2.0,1,LOJA,1,LOJA,5,2018-01-25 14:36:04,2018-03-29 14:57:13,7,1
499088482126144,157311991010478,2008,40,1,79,224.0,3.0,1,LOJA,1,LOJA,1,2018-01-25 14:36:04,2018-03-29 14:57:13,7,1
499088483126144,157311991010478,2008,40,1,79,224.0,4.0,1,LOJA,1,LOJA,1,2018-01-25 14:36:04,2018-03-29 14:57:13,7,1
499088484126144,157312223010478,2008,40,1,79,212.0,1.0,1,LOJA,1,LOJA,30,2018-01-25 14:36:04,2018-03-29 14:57:13,7,1
499088485126144,157312223010478,2008,40,1,79,212.0,2.0,1,LIGUS2,1,LIGUS2,1,2018-01-25 14:36:04,2018-03-29 14:57:13,7,1
499088486126144,157312223010478,2008,40,1,79,212.0,2.0,1,LOJA,1,LOJA,30,2018-01-25 14:36:04,2018-03-29 14:57:13,7,1
499088487126144,157312223010478,2008,40,1,79,212.0,4.0,1,LIGUS2,1,LIGUS2,5,2018-01-25 14:36:04,2018-03-29 14:57:13,7,1
499088488126144,157312223010478,2008,40,1,79,212.0,4.0,1,LOJA,1,LOJA,30,2018-01-25 14:36:04,2018-03-29 14:57:13,7,1
499088442126144,157308747010478,2008,40,1,79,231.0,2.0,1,LOJA,1,LOJA,70,2018-01-25 14:36:04,2018-03-29 14:57:13,7,1
499088443126144,157308747010478,2008,40,1,79,231.0,3.0,1,LIGUS2,1,LIGUS2,1,2018-01-25 14:36:04,2018-03-29 14:57:13,7,1
499088444126144,157308747010478,2008,40,1,79,231.0,3.0,1,LOJA,1,LOJA,5,2018-01-25 14:36:04,2018-03-29 14:57:13,7,1
499088445126144,157308747010478,2008,40,1,79,231.0,3.0,2,LIGUS2,1,LIGUS2,1,2018-01-25 14:36:04,2018-03-29 14:57:13,7,1
499088446126144,157308747010478,2008,40,1,79,231.0,3.0,2,LOJA,1,LOJA,5,2018-01-25 14:36:04,2018-03-29 14:57:13,7,1
499088447126144,157308747010478,2008,40,1,79,231.0,4.0,1,ROSA5,1,ROSA5,1,2018-01-25 14:36:04,2018-03-29 14:57:13,7,1
499088448126144,157308747010478,2008,40,1,79,231.0,4.0,1,LOJA,1,LOJA,5,2018-01-25 14:36:04,2018-03-29 14:57:13,7,1
499088449126144,157308747010478,2008,40,1,79,231.0,4.0,2,ROSA5,1,ROSA5,1,2018-01-25 14:36:04,2018-03-29 14:57:13,7,1
499088450126144,157308747010478,2008,40,1,79,231.0,4.0,2,LOJA,1,LOJA,5,2018-01-25 14:36:04,2018-03-29 14:57:13,7,1
499088289126144,157297598010478,2008,40,1,23,135.0,1.0,1,LOJA,1,LOJA,30,2018-01-25 14:36:04,2018-03-29 14:57:13,7,1
499088290126144,157297598010478,2008,40,1,23,135.0,1.0,1,LESPE,1,LESPE,1,2018-01-25 14:36:04,2018-03-29 14:57:13,7,1
499088291126144,157297598010478,2008,40,1,23,135.0,1.0,1,LECU,1,LECU,5,2018-01-25 14:36:04,2018-03-29 14:57:13,7,1
499088292126144,157297598010478,2008,40,1,23,135.0,2.0,1,LOJA,1,LOJA,5,2018-01-25 14:36:04,2018-03-29 14:57:13,7,1
499088293126144,157297598010478,2008,40,1,23,135.0,3.0,1,ROSA5,1,ROSA5,5,2018-01-25 14:36:04,2018-03-29 14:57:21,7,1
499088294126144,157297598010478,2008,40,1,23,135.0,3.0,1,LOJA,1,LOJA,30,2018-01-25 14:36:04,2018-03-29 14:57:13,7,1
499088295126144,157297598010478,2008,40,1,23,135.0,4.0,1,LIGUS2,1,LIGUS2,5,2018-01-25 14:36:04,2018-03-29 14:57:13,7,1
499088436126144,157308475010478,2008,40,1,79,293.0,3.0,1,LOJA,1,LOJA,5,2018-01-25 14:36:04,2018-03-29 14:57:13,7,1
499057286126144,124089521010478,2008,40,2,91,132.0,2.0,1,LECU,1,LECU,5,2018-01-25 14:35:54,2018-03-29 14:57:10,7,1
499057287126144,124089521010478,2008,40,2,91,132.0,3.0,1,ROSA5,1,ROSA5,5,2018-01-25 14:35:54,2018-03-29 14:57:10,7,1
499057288126144,124089521010478,2008,40,2,91,132.0,4.0,1,LECU,1,LECU,70,2018-01-25 14:35:54,2018-03-29 14:57:10,7,1
499057908126144,124116047010478,2008,40,2,135,131.0,1.0,1,ROSA5,1,ROSA5,5,2018-01-25 14:35:55,2018-03-29 14:57:11,7,1
499057909126144,124116047010478,2008,40,2,135,131.0,1.0,1,LOJA,1,LOJA,70,2018-01-25 14:35:55,2018-03-29 14:57:11,7,1
499057910126144,124116047010478,2008,40,2,135,131.0,2.0,1,ROSA5,1,ROSA5,5,2018-01-25 14:35:55,2018-03-29 14:57:11,7,1
499057911126144,124116047010478,2008,40,2,135,131.0,4.0,1,LECU,1,LECU,5,2018-01-25 14:35:55,2018-03-29 14:57:11,7,1
499057912126144,124116149010478,2008,40,2,135,104.0,3.0,1,LECU,1,LECU,70,2018-01-25 14:35:55,2018-03-29 14:57:11,7,1
499088558126144,157322682010478,2008,40,1,89,351.0,3.0,1,LOJA,1,LOJA,1,2018-01-25 14:36:04,2018-03-29 14:57:13,7,1
499057419126144,124094602010478,2008,40,2,101,121.0,1.0,1,LESPE,1,LESPE,1,2018-01-25 14:35:54,2018-03-29 14:57:11,7,1
499057420126144,124094602010478,2008,40,2,101,121.0,2.0,1,LESPE,1,LESPE,1,2018-01-25 14:35:54,2018-03-29 14:57:11,7,1
499057421126144,124094602010478,2008,40,2,101,121.0,2.0,1,LECU,1,LECU,5,2018-01-25 14:35:54,2018-03-29 14:57:21,7,1
499057422126144,124094602010478,2008,40,2,101,121.0,3.0,1,SCAR7,1,SCAR7,5,2018-01-25 14:35:54,2020-08-10 11:38:55,7,1
499057423126144,124094602010478,2008,40,2,101,121.0,3.0,1,LESPE,1,LESPE,1,2018-01-25 14:35:54,2018-03-29 14:57:11,7,1
499057424126144,124094602010478,2008,40,2,101,121.0,3.0,1,LECU,1,LECU,5,2018-01-25 14:35:54,2018-03-29 14:57:11,7,1
499057425126144,124094602010478,2008,40,2,101,121.0,4.0,1,LIJA,1,LIJA,1,2018-01-25 14:35:54,2018-03-29 14:57:11,7,1
499057426126144,124094602010478,2008,40,2,101,121.0,4.0,1,SCAR7,1,SCAR7,30,2018-01-25 14:35:54,2020-08-10 11:38:55,7,1
499057427126144,124094705010478,2008,40,2,101,123.0,4.0,1,ALJU,1,ALJU,1,2018-01-25 14:35:54,2018-03-29 14:57:11,7,1
499057428126144,124094705010478,2008,40,2,101,123.0,4.0,1,LECU,1,LECU,30,2018-01-25 14:35:54,2018-03-29 14:57:11,7,1
499057429126144,124094848010478,2008,40,2,101,168.0,2.0,1,LESPE,1,LESPE,1,2018-01-25 14:35:54,2018-03-29 14:57:11,7,1
499057430126144,124094848010478,2008,40,2,101,168.0,3.0,1,LECU,1,LECU,1,2018-01-25 14:35:54,2018-03-29 14:57:11,7,1
499057431126144,124094848010478,2008,40,2,101,168.0,3.0,2,LECU,1,LECU,1,2018-01-25 14:35:54,2018-03-29 14:57:11,7,1
499057432126144,124094848010478,2008,40,2,101,168.0,4.0,1,LECU,1,LECU,1,2018-01-25 14:35:54,2018-03-29 14:57:11,7,1
499057558126144,124101820010478,2008,40,2,21,144.0,2.0,1,ROSA5,1,ROSA5,5,2018-01-25 14:35:55,2018-03-29 14:57:11,7,1
499057559126144,124101820010478,2008,40,2,21,144.0,3.0,1,LECU,1,LECU,5,2018-01-25 14:35:55,2018-03-29 14:57:11,7,1
499057560126144,124101820010478,2008,40,2,21,144.0,4.0,1,ROSA5,1,ROSA5,5,2018-01-25 14:35:55,2018-03-29 14:57:11,7,1
499057619126144,124103081010478,2008,40,2,21,169.0,1.0,1,LESPE,1,LESPE,5,2018-01-25 14:35:55,2018-03-29 14:57:11,7,1
499057620126144,124103081010478,2008,40,2,21,169.0,2.0,1,LESPE,1,LESPE,1,2018-01-25 14:35:55,2018-03-29 14:57:11,7,1
499057621126144,124103081010478,2008,40,2,21,169.0,3.0,1,LESPE,1,LESPE,5,2018-01-25 14:35:55,2018-03-29 14:57:11,7,1
499057622126144,124103081010478,2008,40,2,21,169.0,3.0,1,LECU,1,LECU,1,2018-01-25 14:35:55,2018-03-29 14:57:11,7,1
499057623126144,124103081010478,2008,40,2,21,169.0,4.0,1,LESPE,1,LESPE,5,2018-01-25 14:35:55,2018-03-29 14:57:11,7,1
499057624126144,124103201010478,2008,40,2,21,170.0,3.0,2,LECU,1,LECU,5,2018-01-25 14:35:55,2018-03-29 14:57:11,7,1
499057625126144,124103201010478,2008,40,2,21,170.0,4.0,1,LECU,1,LECU,5,2018-01-25 14:35:55,2018-03-29 14:57:11,7,1
499088559126144,157322796010478,2008,40,1,89,386.0,1.0,1,LIGUS2,1,LIGUS2,5,2018-01-25 14:36:04,2018-03-29 14:57:13,7,1
499088560126144,157322796010478,2008,40,1,89,386.0,1.0,1,LOJA,1,LOJA,70,2018-01-25 14:36:04,2018-03-29 14:57:13,7,1
499088561126144,157322796010478,2008,40,1,89,386.0,2.0,1,LIGUS2,1,LIGUS2,5,2018-01-25 14:36:04,2018-03-29 14:57:13,7,1
499088562126144,157322796010478,2008,40,1,89,386.0,2.0,1,LOJA,1,LOJA,30,2018-01-25 14:36:04,2018-03-29 14:57:13,7,1
499088563126144,157322796010478,2008,40,1,89,386.0,3.0,1,LIGUS2,1,LIGUS2,5,2018-01-25 14:36:04,2018-03-29 14:57:13,7,1
499088564126144,157322796010478,2008,40,1,89,386.0,3.0,1,LOJA,1,LOJA,70,2018-01-25 14:36:04,2018-03-29 14:57:13,7,1
499088565126144,157322796010478,2008,40,1,89,386.0,4.0,1,LIGUS2,1,LIGUS2,5,2018-01-25 14:36:04,2018-03-29 14:57:13,7,1
499088566126144,157322796010478,2008,40,1,89,386.0,4.0,1,LOJA,1,LOJA,70,2018-01-25 14:36:04,2018-03-29 14:57:13,7,1
499088567126144,157322866010478,2008,40,1,89,350.0,1.0,1,LOJA,1,LOJA,1,2018-01-25 14:36:04,2018-03-29 14:57:13,7,1
499088568126144,157322866010478,2008,40,1,89,350.0,2.0,1,LOJA,1,LOJA,5,2018-01-25 14:36:04,2018-03-29 14:57:13,7,1
499088569126144,157322866010478,2008,40,1,89,350.0,3.0,1,LOJA,1,LOJA,1,2018-01-25 14:36:04,2018-03-29 14:57:13,7,1
499087976126144,157276034010478,2008,40,1,127,299.0,1.0,1,ROSA5,1,ROSA5,1,2018-01-25 14:36:04,2018-03-29 14:57:13,7,1
499087977126144,157276034010478,2008,40,1,127,299.0,4.0,3,ROSA5,1,ROSA5,1,2018-01-25 14:36:04,2018-03-29 14:57:13,7,1
499087978126144,157276155010478,2008,40,1,127,202.0,3.0,1,ROSA5,1,ROSA5,1,2018-01-25 14:36:04,2018-03-29 14:57:13,7,1
499087979126144,157276155010478,2008,40,1,127,202.0,3.0,2,ROSA5,1,ROSA5,1,2018-01-25 14:36:04,2018-03-29 14:57:13,7,1
499087719126144,157259083010478,2008,40,1,89,354.0,1.0,1,LOJA,1,LOJA,5,2018-01-25 14:36:04,2018-03-29 14:57:13,7,1
499087720126144,157259083010478,2008,40,1,89,354.0,2.0,1,LIGUS2,1,LIGUS2,5,2018-01-25 14:36:04,2018-03-29 14:57:13,7,1
499087721126144,157259083010478,2008,40,1,89,354.0,2.0,1,ROSA5,1,ROSA5,5,2018-01-25 14:36:04,2018-03-29 14:57:13,7,1
499087722126144,157259083010478,2008,40,1,89,354.0,3.0,1,LIGUS2,1,LIGUS2,5,2018-01-25 14:36:04,2018-03-29 14:57:13,7,1
499087723126144,157259083010478,2008,40,1,89,354.0,3.0,1,LOJA,1,LOJA,5,2018-01-25 14:36:04,2018-03-29 14:57:13,7,1
499087724126144,157259083010478,2008,40,1,89,354.0,4.0,1,LOJA,1,LOJA,5,2018-01-25 14:36:04,2018-03-29 14:57:13,7,1
499087699126144,157257176010478,2008,40,1,89,230.0,1.0,1,ROSA5,1,ROSA5,5,2018-01-25 14:36:04,2018-03-29 14:57:13,7,1
499087700126144,157257176010478,2008,40,1,89,230.0,1.0,1,LOJA,1,LOJA,5,2018-01-25 14:36:04,2018-03-29 14:57:13,7,1
499087701126144,157257176010478,2008,40,1,89,230.0,2.0,1,LOJA,1,LOJA,5,2018-01-25 14:36:04,2018-03-29 14:57:13,7,1
499087684126144,157256632010478,2008,40,1,127,247.0,1.0,1,LESPE,1,LESPE,1,2018-01-25 14:36:04,2018-03-29 14:57:13,7,1
499087685126144,157256632010478,2008,40,1,127,247.0,4.0,1,SCAR7,1,SCAR7,1,2018-01-25 14:36:04,2020-08-10 11:38:55,7,1
499087686126144,157256632010478,2008,40,1,127,247.0,4.0,1,LESPE,1,LESPE,1,2018-01-25 14:36:04,2018-03-29 14:57:13,7,1
499057874126144,124114773010478,2008,40,2,135,163.0,1.0,1,ROSA5,1,ROSA5,1,2018-01-25 14:35:55,2018-03-29 14:57:11,7,1
499057735126144,124109109010478,2008,40,2,101,176.0,1.0,1,LIJA,1,LIJA,1,2018-01-25 14:35:55,2018-03-29 14:57:11,7,1
499057736126144,124109109010478,2008,40,2,101,176.0,1.0,1,ROSA5,1,ROSA5,1,2018-01-25 14:35:55,2018-03-29 14:57:11,7,1
499057737126144,124109109010478,2008,40,2,101,176.0,2.0,1,LIJA,1,LIJA,1,2018-01-25 14:35:55,2018-03-29 14:57:11,7,1
499057738126144,124109109010478,2008,40,2,101,176.0,2.0,1,ROSA5,1,ROSA5,1,2018-01-25 14:35:55,2018-03-29 14:57:21,7,1
499057739126144,124109109010478,2008,40,2,101,176.0,3.0,1,LIJA,1,LIJA,5,2018-01-25 14:35:55,2018-03-29 14:57:11,7,1
499057740126144,124109109010478,2008,40,2,101,176.0,3.0,1,ROSA5,1,ROSA5,1,2018-01-25 14:35:55,2018-03-29 14:57:11,7,1
499057741126144,124109109010478,2008,40,2,101,176.0,4.0,1,ROSA5,1,ROSA5,1,2018-01-25 14:35:55,2018-03-29 14:57:11,7,1
499057785126144,124110623010478,2008,40,2,101,162.0,1.0,1,ALJU,1,ALJU,5,2018-01-25 14:35:55,2018-03-29 14:57:11,7,1
499057786126144,124110623010478,2008,40,2,101,162.0,1.0,1,LOJA,1,LOJA,30,2018-01-25 14:35:55,2018-03-29 14:57:11,7,1
499057787126144,124110623010478,2008,40,2,101,162.0,2.0,1,ALJU,1,ALJU,1,2018-01-25 14:35:55,2018-03-29 14:57:11,7,1
499057788126144,124110623010478,2008,40,2,101,162.0,2.0,1,LOJA,1,LOJA,70,2018-01-25 14:35:55,2018-03-29 14:57:11,7,1
499057789126144,124110623010478,2008,40,2,101,162.0,3.0,1,ALJU,1,ALJU,1,2018-01-25 14:35:55,2018-03-29 14:57:11,7,1
499057790126144,124110623010478,2008,40,2,101,162.0,3.0,1,LOJA,1,LOJA,5,2018-01-25 14:35:55,2018-03-29 14:57:11,7,1
499057791126144,124110623010478,2008,40,2,101,162.0,4.0,2,ALJU,1,ALJU,1,2018-01-25 14:35:55,2018-03-29 14:57:11,7,1
499057806126144,124112201010478,2008,40,2,115,84.0,1.0,1,ROSA5,1,ROSA5,30,2018-01-25 14:35:55,2018-03-29 14:57:11,7,1
499057807126144,124112201010478,2008,40,2,115,84.0,1.0,1,LOJA,1,LOJA,30,2018-01-25 14:35:55,2018-03-29 14:57:11,7,1
499057808126144,124112201010478,2008,40,2,115,84.0,2.0,1,LIGUS2,1,LIGUS2,1,2018-01-25 14:35:55,2018-03-29 14:57:11,7,1
499057809126144,124112201010478,2008,40,2,115,84.0,2.0,1,LOJA,1,LOJA,30,2018-01-25 14:35:55,2018-03-29 14:57:11,7,1
499057810126144,124112201010478,2008,40,2,115,84.0,3.0,1,ROSA5,1,ROSA5,1,2018-01-25 14:35:55,2018-03-29 14:57:11,7,1
499057811126144,124112201010478,2008,40,2,115,84.0,3.0,1,LOJA,1,LOJA,5,2018-01-25 14:35:55,2018-03-29 14:57:11,7,1
499057724126144,124108741010478,2008,40,2,101,157.0,2.0,1,LOJA,1,LOJA,5,2018-01-25 14:35:55,2018-03-29 14:57:11,7,1
499087766126144,157261963010478,2008,40,1,89,388.0,4.0,1,LIGUS2,1,LIGUS2,1,2018-01-25 14:36:04,2018-03-29 14:57:12,7,1
499087764126144,157261963010478,2008,40,1,89,388.0,1.0,1,LIGUS2,1,LIGUS2,1,2018-01-25 14:36:04,2018-03-29 14:57:13,7,1
499087765126144,157261963010478,2008,40,1,89,388.0,3.0,1,LOJA,1,LOJA,30,2018-01-25 14:36:04,2018-03-29 14:57:13,7,1
499087768126144,157262359010478,2008,40,1,89,365.0,2.0,2,LOJA,1,LOJA,5,2018-01-25 14:36:04,2018-03-29 14:57:12,7,1
499057717126144,124108495010478,2008,40,2,101,147.0,2.0,1,LESPE,1,LESPE,30,2018-01-25 14:35:55,2018-03-29 14:57:11,7,1
499057718126144,124108495010478,2008,40,2,101,147.0,4.0,1,ROSA5,1,ROSA5,1,2018-01-25 14:35:55,2018-03-29 14:57:11,7,1
499057719126144,124108495010478,2008,40,2,101,147.0,4.0,1,LESPE,1,LESPE,5,2018-01-25 14:35:55,2018-03-29 14:57:11,7,1
499057720126144,124108611010478,2008,40,2,101,145.0,2.0,1,ROSA5,1,ROSA5,1,2018-01-25 14:35:55,2018-03-29 14:57:11,7,1
499057721126144,124108611010478,2008,40,2,101,145.0,2.0,1,SCAR7,1,SCAR7,5,2018-01-25 14:35:55,2020-08-10 11:38:55,7,1
499057722126144,124108611010478,2008,40,2,101,145.0,3.0,1,ROSA5,1,ROSA5,1,2018-01-25 14:35:55,2018-03-29 14:57:11,7,1
499057723126144,124108611010478,2008,40,2,101,145.0,3.0,1,SCAR7,1,SCAR7,5,2018-01-25 14:35:55,2020-08-10 11:38:55,7,1
499057676126144,124107015010478,2008,40,2,41,144.0,4.0,2,LOJA,1,LOJA,1,2018-01-25 14:35:55,2018-03-29 14:57:11,7,1
499057677126144,124107157010478,2008,40,2,91,152.0,1.0,1,LECU,1,LECU,1,2018-01-25 14:35:55,2018-03-29 14:57:11,7,1
499057678126144,124107157010478,2008,40,2,91,152.0,2.0,1,SCAR7,1,SCAR7,1,2018-01-25 14:35:55,2020-08-10 11:38:55,7,1
499057679126144,124107157010478,2008,40,2,91,152.0,2.0,1,LECU,1,LECU,1,2018-01-25 14:35:55,2018-03-29 14:57:11,7,1
499057680126144,124107157010478,2008,40,2,91,152.0,3.0,1,LECU,1,LECU,30,2018-01-25 14:35:55,2018-03-29 14:57:11,7,1
499057752126144,124109704010478,2008,40,2,101,165.0,4.0,2,LIGUS2,1,LIGUS2,70,2018-01-25 14:35:55,2018-03-29 14:57:11,7,1
499057753126144,124109704010478,2008,40,2,101,165.0,4.0,2,ROSA5,1,ROSA5,5,2018-01-25 14:35:55,2018-03-29 14:57:11,7,1
499057754126144,124109704010478,2008,40,2,101,165.0,4.0,2,EUFO5,1,EUFO5,5,2018-01-25 14:35:55,2018-03-29 14:57:11,7,1
499057755126144,124109704010478,2008,40,2,101,165.0,4.0,2,LOJA,1,LOJA,70,2018-01-25 14:35:55,2018-03-29 14:57:11,7,1
499087782126144,157263284010478,2008,40,1,121,206.0,3.0,2,LECU,1,LECU,5,2018-01-25 14:36:04,2018-03-29 14:57:12,7,1
499087783126144,157263382010478,2008,40,1,121,183.0,1.0,1,LECU,1,LECU,5,2018-01-25 14:36:04,2018-03-29 14:57:12,7,1
499087784126144,157263382010478,2008,40,1,121,183.0,2.0,1,LECU,1,LECU,5,2018-01-25 14:36:04,2018-03-29 14:57:12,7,1
499087785126144,157263382010478,2008,40,1,121,183.0,3.0,1,LECU,1,LECU,5,2018-01-25 14:36:04,2018-03-29 14:57:12,7,1
499087786126144,157263382010478,2008,40,1,121,183.0,4.0,1,LECU,1,LECU,30,2018-01-25 14:36:04,2018-03-29 14:57:12,7,1
499087787126144,157263411010478,2008,40,1,121,215.0,3.0,1,LECU,1,LECU,1,2018-01-25 14:36:04,2018-03-29 14:57:12,7,1
499087788126144,157263411010478,2008,40,1,121,215.0,4.0,1,LECU,1,LECU,5,2018-01-25 14:36:04,2018-03-29 14:57:12,7,1
499087772126144,157262632010478,2008,40,1,89,405.0,1.0,1,LOJA,1,LOJA,5,2018-01-25 14:36:04,2018-03-29 14:57:12,7,1
499087773126144,157262632010478,2008,40,1,89,405.0,3.0,1,LOJA,1,LOJA,5,2018-01-25 14:36:04,2018-03-29 14:57:12,7,1
499087774126144,157262632010478,2008,40,1,89,405.0,4.0,1,LOJA,1,LOJA,5,2018-01-25 14:36:04,2018-03-29 14:57:12,7,1
499087775126144,157262689010478,2008,40,1,89,434.0,2.0,1,LOJA,1,LOJA,5,2018-01-25 14:36:04,2018-03-29 14:57:12,7,1
499087776126144,157262965010478,2008,40,1,89,426.0,2.0,1,LECU,1,LECU,1,2018-01-25 14:36:04,2018-03-29 14:57:12,7,1
499087780126144,157263076010478,2008,40,1,121,205.0,1.0,1,ROSA5,1,ROSA5,1,2018-01-25 14:36:04,2018-03-29 14:57:12,7,1
499088327126144,157299303010478,2008,40,1,61,101.0,1.0,1,LECU,1,LECU,30,2018-01-25 14:36:04,2018-03-29 14:57:13,7,1
499088328126144,157299303010478,2008,40,1,61,101.0,3.0,1,LECU,1,LECU,70,2018-01-25 14:36:04,2018-03-29 14:57:13,7,1
499088329126144,157299303010478,2008,40,1,61,101.0,4.0,2,LECU,1,LECU,30,2018-01-25 14:36:04,2018-03-29 14:57:13,7,1
499088330126144,157299408010478,2008,40,1,61,96.0,2.0,1,LECU,1,LECU,1,2018-01-25 14:36:04,2018-03-29 14:57:13,7,1
499088331126144,157299408010478,2008,40,1,61,96.0,3.0,1,ROSA5,1,ROSA5,1,2018-01-25 14:36:04,2018-03-29 14:57:13,7,1
499088332126144,157299408010478,2008,40,1,61,96.0,3.0,1,LECU,1,LECU,1,2018-01-25 14:36:04,2018-03-29 14:57:13,7,1
499088333126144,157299448010478,2008,40,1,61,89.0,1.0,1,LESPE,1,LESPE,5,2018-01-25 14:36:04,2018-03-29 14:57:13,7,1
499088334126144,157299525010478,2008,40,1,61,118.0,1.0,1,LIGUS2,1,LIGUS2,5,2018-01-25 14:36:04,2018-03-29 14:57:13,7,1
499088335126144,157299525010478,2008,40,1,61,118.0,1.0,1,LOJA,1,LOJA,5,2018-01-25 14:36:04,2018-03-29 14:57:13,7,1
499088336126144,157299525010478,2008,40,1,61,118.0,1.0,1,LECU,1,LECU,30,2018-01-25 14:36:04,2018-03-29 14:57:13,7,1
499088337126144,157299525010478,2008,40,1,61,118.0,2.0,1,LECU,1,LECU,30,2018-01-25 14:36:04,2018-03-29 14:57:13,7,1
499088338126144,157299525010478,2008,40,1,61,118.0,2.0,1,LIGUS2,1,LIGUS2,5,2018-01-25 14:36:04,2018-03-29 14:57:13,7,1
499088339126144,157299525010478,2008,40,1,61,118.0,3.0,1,LIGUS2,1,LIGUS2,70,2018-01-25 14:36:04,2018-03-29 14:57:13,7,1
499088340126144,157299525010478,2008,40,1,61,118.0,3.0,1,ROSA5,1,ROSA5,5,2018-01-25 14:36:04,2018-03-29 14:57:13,7,1
499088341126144,157299525010478,2008,40,1,61,118.0,3.0,1,LOJA,1,LOJA,5,2018-01-25 14:36:04,2018-03-29 14:57:13,7,1
499088342126144,157299525010478,2008,40,1,61,118.0,4.0,1,LIGUS2,1,LIGUS2,30,2018-01-25 14:36:04,2018-03-29 14:57:13,7,1
499088343126144,157299525010478,2008,40,1,61,118.0,4.0,1,LOJA,1,LOJA,5,2018-01-25 14:36:04,2018-03-29 14:57:13,7,1
499088241126144,157295588010478,2008,40,1,23,180.0,1.0,1,LIGUS2,1,LIGUS2,5,2018-01-25 14:36:04,2018-03-29 14:57:13,7,1
499088242126144,157295588010478,2008,40,1,23,180.0,2.0,1,LIGUS2,1,LIGUS2,5,2018-01-25 14:36:04,2018-03-29 14:57:13,7,1
499088243126144,157295588010478,2008,40,1,23,180.0,2.0,1,LOJA,1,LOJA,5,2018-01-25 14:36:04,2018-03-29 14:57:13,7,1
499057577126144,124102285010478,2008,40,2,21,142.0,2.0,1,ROSA5,1,ROSA5,30,2018-01-25 14:35:55,2018-03-29 14:57:11,7,1
499057590126144,124102541010478,2008,40,2,21,134.0,3.0,2,SCAR7,1,SCAR7,5,2018-01-25 14:35:55,2020-08-10 11:38:55,7,1
499057591126144,124102541010478,2008,40,2,21,134.0,3.0,2,LECU,1,LECU,70,2018-01-25 14:35:55,2018-03-29 14:57:11,7,1
499057592126144,124102541010478,2008,40,2,21,134.0,4.0,2,LIGUS2,1,LIGUS2,1,2018-01-25 14:35:55,2018-03-29 14:57:11,7,1
499057593126144,124102541010478,2008,40,2,21,134.0,4.0,2,SCAR7,1,SCAR7,1,2018-01-25 14:35:55,2020-08-10 11:38:55,7,1
499057594126144,124102541010478,2008,40,2,21,134.0,4.0,2,LECU,1,LECU,30,2018-01-25 14:35:55,2018-03-29 14:57:11,7,1
499057595126144,124102541010478,2008,40,2,21,134.0,4.0,3,LIGUS2,1,LIGUS2,1,2018-01-25 14:35:55,2018-03-29 14:57:11,7,1
499057596126144,124102541010478,2008,40,2,21,134.0,4.0,3,SCAR7,1,SCAR7,1,2018-01-25 14:35:55,2020-08-10 11:38:55,7,1
744767138290487,473799411489998,2018,40,4,109,10.0,3.0,1,LECU,1,LECU,20,2020-04-28 06:49:39,,2,10
744767139290487,473799411489998,2018,40,4,109,10.0,4.0,1,LECU,1,LECU,7,2020-04-28 06:49:39,,2,10
744767140290487,473799411489998,2018,40,4,109,10.0,1.0,1,LIGUS2,1,LIGUS2,1,2020-04-28 06:49:39,,2,10
744767153290487,473799414489998,2018,40,4,109,43.0,1.0,1,LECU,1,LECU,10,2020-04-28 06:49:39,,2,10
744767154290487,473799414489998,2018,40,4,109,43.0,2.0,1,LECU,1,LECU,5,2020-04-28 06:49:39,,2,10
744767155290487,473799414489998,2018,40,4,109,43.0,3.0,1,LECU,1,LECU,15,2020-04-28 06:49:39,,2,10
744767156290487,473799414489998,2018,40,4,109,43.0,4.0,1,LECU,1,LECU,20,2020-04-28 06:49:39,,2,10
744767285290487,473799446489998,2018,40,3,35,51.0,2.0,1,ROSA5,1,ROSA5,1,2020-04-28 06:49:40,,2,10
744767316290487,473799453489998,2018,40,3,131,66.0,2.0,2,LECU,1,LECU,4,2020-04-28 06:49:40,,2,10
744767317290487,473799453489998,2018,40,3,131,66.0,3.0,2,LOJA,1,LOJA,5,2020-04-28 06:49:40,,2,10
744767338290487,473799456489998,2018,40,3,143,9.0,3.0,1,LOJA,1,LOJA,10,2020-04-28 06:49:40,,2,10
744767339290487,473799456489998,2018,40,3,143,9.0,4.0,1,LOJA,1,LOJA,5,2020-04-28 06:49:40,,2,10
744767340290487,473799456489998,2018,40,3,143,9.0,1.0,1,ROSA5,1,ROSA5,2,2020-04-28 06:49:40,,2,10
744767341290487,473799456489998,2018,40,3,143,9.0,3.0,1,ROSA5,1,ROSA5,5,2020-04-28 06:49:40,,2,10
744767330290487,473799456489998,2018,40,3,143,9.0,2.0,1,EUFO5,1,EUFO5,1,2020-04-28 06:49:40,,2,10
744767331290487,473799456489998,2018,40,3,143,9.0,3.0,1,LECU,1,LECU,1,2020-04-28 06:49:40,,2,10
744767332290487,473799456489998,2018,40,3,143,9.0,4.0,1,LECU,1,LECU,1,2020-04-28 06:49:40,,2,10
744767333290487,473799456489998,2018,40,3,143,9.0,1.0,1,LIGUS2,1,LIGUS2,1,2020-04-28 06:49:40,,2,10
744767334290487,473799456489998,2018,40,3,143,9.0,2.0,1,LIGUS2,1,LIGUS2,1,2020-04-28 06:49:40,,2,10
744767335290487,473799456489998,2018,40,3,143,9.0,3.0,1,LIGUS2,1,LIGUS2,1,2020-04-28 06:49:40,,2,10
744767336290487,473799456489998,2018,40,3,143,9.0,4.0,1,LIGUS2,1,LIGUS2,1,2020-04-28 06:49:40,,2,10
744767337290487,473799456489998,2018,40,3,143,9.0,1.0,1,LOJA,1,LOJA,35,2020-04-28 06:49:40,,2,10
744767347290487,473799457489998,2018,40,3,145,62.0,1.0,1,LIGUS2,1,LIGUS2,15,2020-04-28 06:49:40,,2,10
744767348290487,473799457489998,2018,40,3,145,62.0,3.0,1,LIGUS2,1,LIGUS2,5,2020-04-28 06:49:40,,2,10
744767349290487,473799457489998,2018,40,3,145,62.0,1.0,1,LOJA,1,LOJA,25,2020-04-28 06:49:40,,2,10
744767350290487,473799457489998,2018,40,3,145,62.0,3.0,1,LOJA,1,LOJA,50,2020-04-28 06:49:40,,2,10
744767351290487,473799457489998,2018,40,3,145,62.0,1.0,1,ROSA5,1,ROSA5,1,2020-04-28 06:49:40,,2,10
744767392290487,473799467489998,2018,40,4,85,14.0,1.0,1,LIGUS2,1,LIGUS2,5,2020-04-28 06:49:41,,2,10
744767393290487,473799467489998,2018,40,4,85,14.0,3.0,1,LIGUS2,1,LIGUS2,5,2020-04-28 06:49:41,,2,10
744767411290487,473799471489998,2018,40,4,109,17.0,1.0,1,LIGUS2,1,LIGUS2,8,2020-04-28 06:49:41,,2,10
744767412290487,473799471489998,2018,40,4,109,17.0,2.0,1,LIGUS2,1,LIGUS2,1,2020-04-28 06:49:41,,2,10
744767458290487,473799482489998,2018,40,4,49,66.0,1.0,1,LECU,1,LECU,2,2020-04-28 06:49:41,,2,10
744767459290487,473799482489998,2018,40,4,49,66.0,3.0,1,LECU,1,LECU,40,2020-04-28 06:49:41,,2,10
744767473290487,473799485489998,2018,40,4,107,29.0,1.0,1,LIGUS2,1,LIGUS2,1,2020-04-28 06:49:41,,2,10
744767474290487,473799485489998,2018,40,4,107,29.0,3.0,1,LIGUS2,1,LIGUS2,1,2020-04-28 06:49:41,,2,10
744767475290487,473799485489998,2018,40,4,107,29.0,3.0,1,LOJA,1,LOJA,3,2020-04-28 06:49:41,,2,10
744767476290487,473799485489998,2018,40,4,107,29.0,1.0,1,PYCA80,1,PYCA80,6,2020-04-28 06:49:41,,2,10
744767477290487,473799485489998,2018,40,4,107,29.0,2.0,1,PYCA80,1,PYCA80,1,2020-04-28 06:49:41,,2,10
744767478290487,473799485489998,2018,40,4,107,29.0,4.0,1,PYCA80,1,PYCA80,1,2020-04-28 06:49:41,,2,10
744767479290487,473799485489998,2018,40,4,107,29.0,1.0,1,ROSA5,1,ROSA5,3,2020-04-28 06:49:41,,2,10
744767480290487,473799485489998,2018,40,4,107,29.0,3.0,1,ROSA5,1,ROSA5,7,2020-04-28 06:49:41,,2,10
744767481290487,473799485489998,2018,40,4,107,29.0,4.0,1,ROSA5,1,ROSA5,5,2020-04-28 06:49:41,,2,10
499077219126144,148116207010854,2009,40,3,37,53.0,1.0,1,ROSA5,1,ROSA5,1,2018-01-25 14:36:00,2018-03-29 14:57:12,2,1
499077220126144,148116207010854,2009,40,3,37,53.0,2.0,1,ROSA5,1,ROSA5,1,2018-01-25 14:36:00,2018-03-29 14:57:12,2,1
499077221126144,148116207010854,2009,40,3,37,53.0,3.0,1,ROSA5,1,ROSA5,1,2018-01-25 14:36:00,2018-03-29 14:57:12,2,1
499077222126144,148116207010854,2009,40,3,37,53.0,4.0,1,ROSA5,1,ROSA5,1,2018-01-25 14:36:00,2018-03-29 14:57:12,2,1
499077223126144,148116208010854,2009,40,3,37,61.0,1.0,2,ROSA5,1,ROSA5,1,2018-01-25 14:36:00,2018-03-29 14:57:12,2,1
499077224126144,148116208010854,2009,40,3,37,61.0,2.0,2,LOJA,1,LOJA,1,2018-01-25 14:36:00,2018-03-29 14:57:12,2,1
499077225126144,148116209010854,2009,40,3,37,19.0,3.0,1,LECU,1,LECU,5,2018-01-25 14:36:00,2018-03-29 14:57:12,2,1
499077226126144,148116209010854,2009,40,3,37,19.0,3.0,2,LECU,1,LECU,5,2018-01-25 14:36:00,2018-03-29 14:57:12,2,1
499077227126144,148116239010854,2009,40,6,45,107.0,2.0,1,LIGUS2,1,LIGUS2,1,2018-01-25 14:36:00,2018-03-29 14:57:12,2,1
499077228126144,148116239010854,2009,40,6,45,107.0,2.0,2,LIGUS2,1,LIGUS2,1,2018-01-25 14:36:00,2018-03-29 14:57:12,2,1
499077229126144,148116239010854,2009,40,6,45,107.0,4.0,1,AIAL,1,AIAL,1,2018-01-25 14:36:00,2018-03-29 14:57:21,2,1
499077230126144,148116239010854,2009,40,6,45,107.0,4.0,1,PATO2,1,PATO2,30,2018-01-25 14:36:00,2018-03-29 14:57:12,2,1
499077231126144,148116239010854,2009,40,6,45,107.0,4.0,1,LIGUS2,1,LIGUS2,5,2018-01-25 14:36:00,2018-03-29 14:57:12,2,1
499077232126144,148116239010854,2009,40,6,45,107.0,4.0,1,DIOSC,1,DIOSC,1,2018-01-25 14:36:00,2018-03-29 14:57:12,2,1
499077233126144,148116239010854,2009,40,6,45,107.0,4.0,1,LOJA,1,LOJA,1,2018-01-25 14:36:00,2018-03-29 14:57:12,2,1
499077234126144,148116257010854,2009,40,4,49,80.0,3.0,2,LESPE,1,LESPE,5,2018-01-25 14:36:00,2018-03-29 14:57:12,2,1
499077235126144,148116257010854,2009,40,4,49,80.0,4.0,3,LOJA,1,LOJA,1,2018-01-25 14:36:00,2018-03-29 14:57:12,2,1
499077236126144,148116257010854,2009,40,4,49,80.0,4.0,3,LESPE,1,LESPE,5,2018-01-25 14:36:00,2018-03-29 14:57:12,2,1
499077237126144,148116258010854,2009,40,4,49,59.0,3.0,1,LECU,1,LECU,1,2018-01-25 14:36:00,2018-03-29 14:57:12,2,1
499077238126144,148116262010854,2009,40,4,49,11.0,1.0,1,LECU,1,LECU,1,2018-01-25 14:36:00,2018-03-29 14:57:12,2,1
499077239126144,148116262010854,2009,40,4,49,11.0,3.0,1,ROSA5,1,ROSA5,5,2018-01-25 14:36:00,2018-03-29 14:57:12,2,1
499077240126144,148116262010854,2009,40,4,49,11.0,3.0,1,LECU,1,LECU,1,2018-01-25 14:36:00,2018-03-29 14:57:12,2,1
499077241126144,148116312010854,2009,40,4,63,33.0,1.0,1,ROSA5,1,ROSA5,1,2018-01-25 14:36:00,2018-03-29 14:57:12,2,1
499077242126144,148116312010854,2009,40,4,63,33.0,2.0,1,ROSA5,1,ROSA5,1,2018-01-25 14:36:00,2018-03-29 14:57:12,2,1
499077243126144,148116313010854,2009,40,4,63,62.0,1.0,1,ROSA5,1,ROSA5,1,2018-01-25 14:36:00,2018-03-29 14:57:12,2,1
499077244126144,148116313010854,2009,40,4,63,62.0,2.0,1,ROSA5,1,ROSA5,1,2018-01-25 14:36:00,2018-03-29 14:57:21,2,1
499077245126144,148116313010854,2009,40,4,63,62.0,4.0,1,ROSA5,1,ROSA5,1,2018-01-25 14:36:00,2018-03-29 14:57:12,2,1
499077246126144,148116318010854,2009,40,4,63,1.0,4.0,2,ROSA5,1,ROSA5,1,2018-01-25 14:36:00,2018-03-29 14:57:12,2,1
499077247126144,148116318010854,2009,40,4,63,1.0,4.0,2,LOJA,1,LOJA,5,2018-01-25 14:36:00,2018-03-29 14:57:12,2,1
499077248126144,148116325010854,2009,40,5,65,12.0,1.0,1,LIGUS2,1,LIGUS2,5,2018-01-25 14:36:00,2018-03-29 14:57:12,2,1
499077249126144,148116325010854,2009,40,5,65,12.0,1.0,1,LOJA,1,LOJA,5,2018-01-25 14:36:00,2018-03-29 14:57:12,2,1
499077250126144,148116330010854,2009,40,5,67,40.0,1.0,1,LECU,1,LECU,1,2018-01-25 14:36:00,2018-03-29 14:57:21,2,1
499077251126144,148116335010854,2009,40,4,69,47.0,1.0,1,LECU,1,LECU,30,2018-01-25 14:36:00,2018-03-29 14:57:12,2,1
499077252126144,148116335010854,2009,40,4,69,47.0,2.0,1,LECU,1,LECU,30,2018-01-25 14:36:00,2018-03-29 14:57:12,2,1
499077253126144,148116335010854,2009,40,4,69,47.0,3.0,1,LECU,1,LECU,5,2018-01-25 14:36:00,2018-03-29 14:57:12,2,1
499077254126144,148116337010854,2009,40,4,69,5.0,1.0,1,LIGUS2,1,LIGUS2,30,2018-01-25 14:36:00,2018-03-29 14:57:12,2,1
499077255126144,148116337010854,2009,40,4,69,5.0,2.0,1,LIGUS2,1,LIGUS2,30,2018-01-25 14:36:00,2018-03-29 14:57:12,2,1
499077256126144,148116337010854,2009,40,4,69,5.0,3.0,1,LIGUS2,1,LIGUS2,5,2018-01-25 14:36:00,2018-03-29 14:57:12,2,1
499077257126144,148116337010854,2009,40,4,69,5.0,4.0,1,LIGUS2,1,LIGUS2,30,2018-01-25 14:36:00,2018-03-29 14:57:12,2,1
499077258126144,148116337010854,2009,40,4,69,5.0,4.0,1,ROSA5,1,ROSA5,5,2018-01-25 14:36:00,2018-03-29 14:57:12,2,1
499077259126144,148116408010854,2009,40,4,95,2.0,1.0,1,LOJA,1,LOJA,1,2018-01-25 14:36:00,2018-03-29 14:57:12,2,1
499077260126144,148116429010854,2009,40,4,107,30.0,3.0,2,ROSA5,1,ROSA5,1,2018-01-25 14:36:00,2018-03-29 14:57:12,2,1
499077261126144,148116429010854,2009,40,4,107,30.0,4.0,2,ROSA5,1,ROSA5,1,2018-01-25 14:36:00,2018-03-29 14:57:12,2,1
499077262126144,148116430010854,2009,40,4,107,15.0,1.0,2,ROSA5,1,ROSA5,1,2018-01-25 14:36:00,2018-03-29 14:57:21,2,1
499077263126144,148116430010854,2009,40,4,107,15.0,4.0,2,ROSA5,1,ROSA5,1,2018-01-25 14:36:00,2018-03-29 14:57:12,2,1
499077264126144,148116432010854,2009,40,4,107,17.0,1.0,1,ROSA5,1,ROSA5,5,2018-01-25 14:36:00,2018-03-29 14:57:12,2,1
499057397126144,124093539010478,2008,40,2,97,127.0,2.0,1,LECU,1,LECU,5,2018-01-25 14:35:54,2018-03-29 14:57:11,7,1
499057398126144,124093539010478,2008,40,2,97,127.0,3.0,1,ROSA5,1,ROSA5,1,2018-01-25 14:35:54,2018-03-29 14:57:11,7,1
499057399126144,124093539010478,2008,40,2,97,127.0,3.0,1,LECU,1,LECU,1,2018-01-25 14:35:54,2018-03-29 14:57:11,7,1
499088470126144,157311913010478,2008,40,1,79,234.0,1.0,1,ROSA5,1,ROSA5,5,2018-01-25 14:36:04,2018-03-29 14:57:13,7,1
499088471126144,157311913010478,2008,40,1,79,234.0,1.0,1,LOJA,1,LOJA,5,2018-01-25 14:36:04,2018-03-29 14:57:13,7,1
499088472126144,157311913010478,2008,40,1,79,234.0,2.0,1,LIGUS2,1,LIGUS2,1,2018-01-25 14:36:04,2018-03-29 14:57:13,7,1
499088473126144,157311913010478,2008,40,1,79,234.0,2.0,1,ROSA5,1,ROSA5,5,2018-01-25 14:36:04,2018-03-29 14:57:13,7,1
499088474126144,157311913010478,2008,40,1,79,234.0,2.0,1,LOJA,1,LOJA,70,2018-01-25 14:36:04,2018-03-29 14:57:21,7,1
499088475126144,157311913010478,2008,40,1,79,234.0,3.0,1,ROSA5,1,ROSA5,1,2018-01-25 14:36:04,2018-03-29 14:57:13,7,1
499088476126144,157311913010478,2008,40,1,79,234.0,3.0,1,LOJA,1,LOJA,30,2018-01-25 14:36:04,2018-03-29 14:57:13,7,1
499088477126144,157311913010478,2008,40,1,79,234.0,4.0,1,ROSA5,1,ROSA5,5,2018-01-25 14:36:04,2018-03-29 14:57:13,7,1
499088478126144,157311913010478,2008,40,1,79,234.0,4.0,1,LOJA,1,LOJA,1,2018-01-25 14:36:04,2018-03-29 14:57:13,7,1
499088453126144,157310187010478,2008,40,1,79,238.0,1.0,1,LIGUS2,1,LIGUS2,1,2018-01-25 14:36:04,2018-03-29 14:57:13,7,1
499088454126144,157310187010478,2008,40,1,79,238.0,1.0,1,LOJA,1,LOJA,5,2018-01-25 14:36:04,2018-03-29 14:57:13,7,1
499088455126144,157310187010478,2008,40,1,79,238.0,2.0,1,ROSA5,1,ROSA5,5,2018-01-25 14:36:04,2018-03-29 14:57:13,7,1
499088456126144,157310187010478,2008,40,1,79,238.0,4.0,1,LIGUS2,1,LIGUS2,30,2018-01-25 14:36:04,2018-03-29 14:57:13,7,1
499088457126144,157310187010478,2008,40,1,79,238.0,4.0,1,LOJA,1,LOJA,30,2018-01-25 14:36:04,2018-03-29 14:57:13,7,1
499057664126144,124105519010478,2008,40,2,41,136.0,1.0,1,ROSA5,1,ROSA5,1,2018-01-25 14:35:55,2018-03-29 14:57:11,7,1
499088380126144,157304182010478,2008,40,1,77,88.0,1.0,1,LECU,1,LECU,1,2018-01-25 14:36:04,2018-03-29 14:57:13,7,1
499088381126144,157304182010478,2008,40,1,77,88.0,2.0,1,LECU,1,LECU,30,2018-01-25 14:36:04,2018-03-29 14:57:13,7,1
499088382126144,157304182010478,2008,40,1,77,88.0,3.0,1,LECU,1,LECU,1,2018-01-25 14:36:04,2018-03-29 14:57:13,7,1
499088383126144,157304301010478,2008,40,1,77,91.0,1.0,1,LECU,1,LECU,5,2018-01-25 14:36:04,2018-03-29 14:57:13,7,1
499088384126144,157304301010478,2008,40,1,77,91.0,4.0,1,ROSA5,1,ROSA5,1,2018-01-25 14:36:04,2018-03-29 14:57:13,7,1
499057469126144,124099520010478,2008,40,2,21,112.0,1.0,1,MIVI,1,MIVI,5,2018-01-25 14:35:55,2018-03-29 14:57:11,7,1
499057470126144,124099520010478,2008,40,2,21,112.0,2.0,1,LESPE,1,LESPE,1,2018-01-25 14:35:55,2018-03-29 14:57:11,7,1
499057471126144,124099520010478,2008,40,2,21,112.0,2.0,1,LECU,1,LECU,1,2018-01-25 14:35:55,2018-03-29 14:57:11,7,1
499057472126144,124099520010478,2008,40,2,21,112.0,3.0,1,MIVI,1,MIVI,5,2018-01-25 14:35:55,2018-03-29 14:57:11,7,1
499057473126144,124099520010478,2008,40,2,21,112.0,3.0,1,LESPE,1,LESPE,1,2018-01-25 14:35:55,2018-03-29 14:57:11,7,1
499057474126144,124099520010478,2008,40,2,21,112.0,4.0,1,LESPE,1,LESPE,1,2018-01-25 14:35:55,2018-03-29 14:57:11,7,1
499087889126144,157269824010478,2008,40,1,121,269.0,1.0,1,LECU,1,LECU,1,2018-01-25 14:36:04,2018-03-29 14:57:12,7,1
499087974126144,157275628010478,2008,40,1,127,301.0,1.0,1,ROSA5,1,ROSA5,1,2018-01-25 14:36:04,2018-03-29 14:57:13,7,1
499087980126144,157276244010478,2008,40,1,127,206.0,1.0,1,ROSA5,1,ROSA5,5,2018-01-25 14:36:04,2018-03-29 14:57:13,7,1
499087981126144,157276244010478,2008,40,1,127,206.0,4.0,1,ROSA5,1,ROSA5,5,2018-01-25 14:36:04,2018-03-29 14:57:13,7,1
499087982126144,157276332010478,2008,40,1,127,286.0,1.0,1,LIGUS2,1,LIGUS2,5,2018-01-25 14:36:04,2018-03-29 14:57:21,7,1
499087983126144,157276332010478,2008,40,1,127,286.0,2.0,1,LIGUS2,1,LIGUS2,5,2018-01-25 14:36:04,2018-03-29 14:57:13,7,1
499087984126144,157276332010478,2008,40,1,127,286.0,4.0,1,LIGUS2,1,LIGUS2,5,2018-01-25 14:36:04,2018-03-29 14:57:13,7,1
499088001126144,157278750010478,2008,40,1,127,316.0,4.0,1,ROSA5,1,ROSA5,5,2018-01-25 14:36:04,2018-03-29 14:57:13,7,1
499088051126144,157282962010478,2008,40,1,29,76.0,2.0,2,LOJA,1,LOJA,5,2018-01-25 14:36:04,2018-03-29 14:57:13,7,1
499088052126144,157283002010478,2008,40,1,29,77.0,1.0,1,ROSA5,1,ROSA5,5,2018-01-25 14:36:04,2018-03-29 14:57:13,7,1
499088053126144,157283002010478,2008,40,1,29,77.0,2.0,1,ROSA5,1,ROSA5,5,2018-01-25 14:36:04,2018-03-29 14:57:13,7,1
499088054126144,157283055010478,2008,40,1,29,79.0,2.0,1,ROSA5,1,ROSA5,1,2018-01-25 14:36:04,2018-03-29 14:57:13,7,1
499088062126144,157283287010478,2008,40,1,29,90.0,3.0,1,LIGUS2,1,LIGUS2,5,2018-01-25 14:36:04,2018-03-29 14:57:13,7,1
499088063126144,157283287010478,2008,40,1,29,90.0,4.0,1,ROSA5,1,ROSA5,5,2018-01-25 14:36:04,2018-03-29 14:57:13,7,1
499088059126144,157283287010478,2008,40,1,29,90.0,1.0,1,LIGUS2,1,LIGUS2,5,2018-01-25 14:36:04,2018-03-29 14:57:21,7,1
499088060126144,157283287010478,2008,40,1,29,90.0,1.0,1,LOJA,1,LOJA,1,2018-01-25 14:36:04,2018-03-29 14:57:13,7,1
499088061126144,157283287010478,2008,40,1,29,90.0,2.0,1,LIGUS2,1,LIGUS2,5,2018-01-25 14:36:04,2018-03-29 14:57:13,7,1
499088011126144,157279540010478,2008,40,1,127,254.0,2.0,1,ROSA5,1,ROSA5,1,2018-01-25 14:36:04,2018-03-29 14:57:13,7,1
499088012126144,157279540010478,2008,40,1,127,254.0,3.0,1,ROSA5,1,ROSA5,1,2018-01-25 14:36:04,2018-03-29 14:57:13,7,1
499088009126144,157279352010478,2008,40,1,127,235.0,1.0,1,LECU,1,LECU,5,2018-01-25 14:36:04,2018-03-29 14:57:13,7,1
499088010126144,157279352010478,2008,40,1,127,235.0,3.0,1,LECU,1,LECU,30,2018-01-25 14:36:04,2018-03-29 14:57:13,7,1
499088013126144,157279792010478,2008,40,1,127,249.0,3.0,1,ROSA5,1,ROSA5,1,2018-01-25 14:36:04,2018-03-29 14:57:13,7,1
499088014126144,157280000010478,2008,40,1,127,258.0,1.0,1,ROSA5,1,ROSA5,1,2018-01-25 14:36:04,2018-03-29 14:57:13,7,1
499088015126144,157280000010478,2008,40,1,127,258.0,2.0,1,ROSA5,1,ROSA5,1,2018-01-25 14:36:04,2018-03-29 14:57:13,7,1
499088016126144,157280000010478,2008,40,1,127,258.0,4.0,1,LIGUS2,1,LIGUS2,1,2018-01-25 14:36:04,2018-03-29 14:57:13,7,1
499088017126144,157280180010478,2008,40,1,127,236.0,4.0,2,LIGUS2,1,LIGUS2,5,2018-01-25 14:36:04,2018-03-29 14:57:13,7,1
499088018126144,157280213010478,2008,40,1,127,165.0,1.0,1,LIGUS2,1,LIGUS2,1,2018-01-25 14:36:04,2018-03-29 14:57:13,7,1
499088019126144,157280213010478,2008,40,1,127,165.0,2.0,1,LIGUS2,1,LIGUS2,30,2018-01-25 14:36:04,2018-03-29 14:57:13,7,1
499088020126144,157280213010478,2008,40,1,127,165.0,2.0,1,LOJA,1,LOJA,5,2018-01-25 14:36:04,2018-03-29 14:57:21,7,1
499088021126144,157280213010478,2008,40,1,127,165.0,3.0,1,LIGUS2,1,LIGUS2,30,2018-01-25 14:36:04,2018-03-29 14:57:13,7,1
499088022126144,157280213010478,2008,40,1,127,165.0,3.0,1,LOJA,1,LOJA,30,2018-01-25 14:36:04,2018-03-29 14:57:13,7,1
499088023126144,157280213010478,2008,40,1,127,165.0,3.0,1,LECU,1,LECU,1,2018-01-25 14:36:04,2018-03-29 14:57:21,7,1
499088024126144,157280213010478,2008,40,1,127,165.0,4.0,1,AIAL,1,AIAL,70,2018-01-25 14:36:04,2018-03-29 14:57:13,7,1
499088025126144,157280213010478,2008,40,1,127,165.0,4.0,1,LOJA,1,LOJA,30,2018-01-25 14:36:04,2018-03-29 14:57:13,7,1
499087965126144,157274996010478,2008,40,1,127,294.0,4.0,1,LECU,1,LECU,1,2018-01-25 14:36:04,2018-03-29 14:57:13,7,1
499087966126144,157275068010478,2008,40,1,127,296.0,2.0,1,ROSA5,1,ROSA5,1,2018-01-25 14:36:04,2018-03-29 14:57:13,7,1
499087967126144,157275068010478,2008,40,1,127,296.0,4.0,1,ROSA5,1,ROSA5,5,2018-01-25 14:36:04,2018-03-29 14:57:13,7,1
499087968126144,157275068010478,2008,40,1,127,296.0,4.0,1,LECU,1,LECU,1,2018-01-25 14:36:04,2018-03-29 14:57:13,7,1
499088036126144,157281656010478,2008,40,1,127,290.0,1.0,1,LESPE,1,LESPE,1,2018-01-25 14:36:04,2018-03-29 14:57:13,7,1
499088037126144,157281656010478,2008,40,1,127,290.0,1.0,1,LECU,1,LECU,5,2018-01-25 14:36:04,2018-03-29 14:57:13,7,1
499088038126144,157281656010478,2008,40,1,127,290.0,2.0,1,LECU,1,LECU,5,2018-01-25 14:36:04,2018-03-29 14:57:13,7,1
499088039126144,157281656010478,2008,40,1,127,290.0,3.0,2,LECU,1,LECU,1,2018-01-25 14:36:04,2018-03-29 14:57:13,7,1
499057562126144,124101892010478,2008,40,2,21,143.0,1.0,1,LECU,1,LECU,1,2018-01-25 14:35:55,2018-03-29 14:57:11,7,1
499057563126144,124101892010478,2008,40,2,21,143.0,2.0,1,LESPE,1,LESPE,5,2018-01-25 14:35:55,2018-03-29 14:57:11,7,1
499057564126144,124101892010478,2008,40,2,21,143.0,3.0,1,LESPE,1,LESPE,30,2018-01-25 14:35:55,2018-03-29 14:57:11,7,1
499057565126144,124101892010478,2008,40,2,21,143.0,3.0,1,LECU,1,LECU,5,2018-01-25 14:35:55,2018-03-29 14:57:11,7,1
499057566126144,124101892010478,2008,40,2,21,143.0,4.0,1,LESPE,1,LESPE,1,2018-01-25 14:35:55,2018-03-29 14:57:11,7,1
499057567126144,124101892010478,2008,40,2,21,143.0,4.0,1,LECU,1,LECU,1,2018-01-25 14:35:55,2018-03-29 14:57:11,7,1
499057568126144,124101992010478,2008,40,2,21,163.0,4.0,2,LESPE,1,LESPE,1,2018-01-25 14:35:55,2018-03-29 14:57:11,7,1
499057665126144,124105923010478,2008,40,2,41,154.0,4.0,2,LECU,1,LECU,1,2018-01-25 14:35:55,2018-03-29 14:57:11,7,1
499057666126144,124106045010478,2008,40,2,41,146.0,1.0,1,LECU,1,LECU,1,2018-01-25 14:35:55,2018-03-29 14:57:11,7,1
499057667126144,124106045010478,2008,40,2,41,146.0,3.0,1,LECU,1,LECU,1,2018-01-25 14:35:55,2018-03-29 14:57:11,7,1
499057668126144,124106045010478,2008,40,2,41,146.0,4.0,2,LECU,1,LECU,1,2018-01-25 14:35:55,2018-03-29 14:57:21,7,1
499057388126144,124093266010478,2008,40,2,97,112.0,4.0,2,ALJU,1,ALJU,1,2018-01-25 14:35:54,2018-03-29 14:57:11,7,1
499057389126144,124093266010478,2008,40,2,97,112.0,4.0,2,ROSA5,1,ROSA5,1,2018-01-25 14:35:54,2018-03-29 14:57:11,7,1
499057362126144,124092008010478,2008,40,2,97,114.0,4.0,1,ALJU,1,ALJU,1,2018-01-25 14:35:54,2018-03-29 14:57:11,7,1
499057363126144,124092140010478,2008,40,2,97,116.0,3.0,2,ALJU,1,ALJU,1,2018-01-25 14:35:54,2018-03-29 14:57:11,7,1
499057364126144,124092140010478,2008,40,2,97,116.0,3.0,2,ROSA5,1,ROSA5,30,2018-01-25 14:35:54,2018-03-29 14:57:11,7,1
499057365126144,124092180010478,2008,40,2,97,124.0,1.0,1,LECU,1,LECU,1,2018-01-25 14:35:54,2018-03-29 14:57:11,7,1
499057366126144,124092180010478,2008,40,2,97,124.0,3.0,1,LIGUS2,1,LIGUS2,1,2018-01-25 14:35:54,2018-03-29 14:57:11,7,1
499057327126144,124090621010478,2008,40,2,91,168.0,2.0,1,SCAR7,1,SCAR7,1,2018-01-25 14:35:54,2020-08-10 11:38:55,7,1
499057492126144,124100234010478,2008,40,2,21,108.0,2.0,2,LESPE,1,LESPE,5,2018-01-25 14:35:55,2018-03-29 14:57:11,7,1
499057493126144,124100366010478,2008,40,2,21,116.0,2.0,1,SCAR7,1,SCAR7,5,2018-01-25 14:35:55,2020-08-10 11:38:55,7,1
499057494126144,124100366010478,2008,40,2,21,116.0,4.0,1,SCAR7,1,SCAR7,5,2018-01-25 14:35:55,2020-08-10 11:38:55,7,1
499057495126144,124100366010478,2008,40,2,21,116.0,4.0,1,MIVI,1,MIVI,70,2018-01-25 14:35:55,2018-03-29 14:57:11,7,1
499057390126144,124093370010478,2008,40,2,97,150.0,1.0,1,LIGUS2,1,LIGUS2,1,2018-01-25 14:35:54,2018-03-29 14:57:11,7,1
499057391126144,124093370010478,2008,40,2,97,150.0,2.0,1,LIGUS2,1,LIGUS2,5,2018-01-25 14:35:54,2018-03-29 14:57:11,7,1
499057392126144,124093370010478,2008,40,2,97,150.0,2.0,1,LOJA,1,LOJA,30,2018-01-25 14:35:54,2018-03-29 14:57:11,7,1
499057393126144,124093370010478,2008,40,2,97,150.0,4.0,1,LIGUS2,1,LIGUS2,5,2018-01-25 14:35:54,2018-03-29 14:57:11,7,1
499057394126144,124093439010478,2008,40,2,97,111.0,2.0,1,ROSA5,1,ROSA5,5,2018-01-25 14:35:54,2018-03-29 14:57:11,7,1
499057395126144,124093439010478,2008,40,2,97,111.0,2.0,1,LOJA,1,LOJA,30,2018-01-25 14:35:54,2018-03-29 14:57:11,7,1
499057433126144,124095026010478,2008,40,2,101,137.0,4.0,1,LIGUS2,1,LIGUS2,1,2018-01-25 14:35:54,2018-03-29 14:57:11,7,1
499088612126144,157326291010478,2008,40,1,89,369.0,4.0,2,ALJU,1,ALJU,5,2018-01-25 14:36:04,2018-03-29 14:57:13,7,1
499088613126144,157326575010478,2008,40,1,89,324.0,3.0,1,LOJA,1,LOJA,1,2018-01-25 14:36:04,2018-03-29 14:57:13,7,1
499088572126144,157323850010478,2008,40,1,89,347.0,3.0,1,LIGUS2,1,LIGUS2,1,2018-01-25 14:36:04,2018-03-29 14:57:13,7,1
499057328126144,124090720010478,2008,40,2,91,156.0,2.0,2,SCAR7,1,SCAR7,5,2018-01-25 14:35:54,2020-08-10 11:38:55,7,1
499057329126144,124090720010478,2008,40,2,91,156.0,2.0,2,LECU,1,LECU,70,2018-01-25 14:35:54,2018-03-29 14:57:11,7,1
499057334126144,124090809010478,2008,40,2,91,169.0,1.0,1,LECU,1,LECU,5,2018-01-25 14:35:54,2018-03-29 14:57:21,7,1
499057335126144,124090809010478,2008,40,2,91,169.0,2.0,1,LECU,1,LECU,5,2018-01-25 14:35:54,2018-03-29 14:57:11,7,1
499057336126144,124090809010478,2008,40,2,91,169.0,3.0,1,LECU,1,LECU,1,2018-01-25 14:35:54,2018-03-29 14:57:11,7,1
499057337126144,124090809010478,2008,40,2,91,169.0,4.0,1,LECU,1,LECU,5,2018-01-25 14:35:54,2018-03-29 14:57:11,7,1
499057275126144,124089243010478,2008,40,2,91,103.0,4.0,1,ROSA5,1,ROSA5,5,2018-01-25 14:35:54,2018-03-29 14:57:10,7,1
499057276126144,124089306010478,2008,40,2,91,100.0,1.0,1,LECU,1,LECU,30,2018-01-25 14:35:54,2018-03-29 14:57:10,7,1
499057277126144,124089306010478,2008,40,2,91,100.0,2.0,1,LECU,1,LECU,30,2018-01-25 14:35:54,2018-03-29 14:57:10,7,1
499057278126144,124089306010478,2008,40,2,91,100.0,3.0,1,LECU,1,LECU,30,2018-01-25 14:35:54,2018-03-29 14:57:10,7,1
499057279126144,124089306010478,2008,40,2,91,100.0,4.0,1,LECU,1,LECU,30,2018-01-25 14:35:54,2018-03-29 14:57:10,7,1
499057280126144,124089341010478,2008,40,2,91,131.0,1.0,1,LECU,1,LECU,5,2018-01-25 14:35:54,2018-03-29 14:57:10,7,1
499057281126144,124089341010478,2008,40,2,91,131.0,3.0,1,LECU,1,LECU,30,2018-01-25 14:35:54,2018-03-29 14:57:10,7,1
499057282126144,124089341010478,2008,40,2,91,131.0,4.0,1,ALJU,1,ALJU,30,2018-01-25 14:35:54,2018-03-29 14:57:10,7,1
499057597126144,124102541010478,2008,40,2,21,134.0,4.0,3,LECU,1,LECU,30,2018-01-25 14:35:55,2018-03-29 14:57:11,7,1
499057417126144,124094511010478,2008,40,2,97,146.0,1.0,1,LIGUS2,1,LIGUS2,1,2018-01-25 14:35:54,2018-03-29 14:57:11,7,1
499057418126144,124094511010478,2008,40,2,97,146.0,2.0,1,LIGUS2,1,LIGUS2,1,2018-01-25 14:35:54,2018-03-29 14:57:11,7,1
499057766126144,124110071010478,2008,40,2,101,141.0,1.0,1,LIGUS2,1,LIGUS2,5,2018-01-25 14:35:55,2018-03-29 14:57:11,7,1
499057767126144,124110071010478,2008,40,2,101,141.0,1.0,1,ROSA5,1,ROSA5,5,2018-01-25 14:35:55,2018-03-29 14:57:11,7,1
499057768126144,124110071010478,2008,40,2,101,141.0,3.0,1,LIGUS2,1,LIGUS2,5,2018-01-25 14:35:55,2018-03-29 14:57:11,7,1
499057769126144,124110071010478,2008,40,2,101,141.0,4.0,1,LIGUS2,1,LIGUS2,5,2018-01-25 14:35:55,2018-03-29 14:57:11,7,1
499057770126144,124110071010478,2008,40,2,101,141.0,4.0,1,ROSA5,1,ROSA5,5,2018-01-25 14:35:55,2018-03-29 14:57:11,7,1
499087839126144,157267297010478,2008,40,1,121,237.0,4.0,1,LOJA,1,LOJA,5,2018-01-25 14:36:04,2018-03-29 14:57:12,7,1
499057642126144,124104004010478,2008,40,2,41,109.0,1.0,1,LECU,1,LECU,30,2018-01-25 14:35:55,2018-03-29 14:57:11,7,1
499057643126144,124104004010478,2008,40,2,41,109.0,2.0,1,LECU,1,LECU,30,2018-01-25 14:35:55,2018-03-29 14:57:11,7,1
499057644126144,124104004010478,2008,40,2,41,109.0,3.0,1,LECU,1,LECU,30,2018-01-25 14:35:55,2018-03-29 14:57:11,7,1
499087801126144,157264347010478,2008,40,1,121,267.0,2.0,1,LECU,1,LECU,1,2018-01-25 14:36:04,2018-03-29 14:57:12,7,1
499087802126144,157264347010478,2008,40,1,121,267.0,4.0,1,LECU,1,LECU,1,2018-01-25 14:36:04,2018-03-29 14:57:12,7,1
499088115126144,157287431010478,2008,40,1,5,133.0,1.0,1,LIGUS2,1,LIGUS2,1,2018-01-25 14:36:04,2018-03-29 14:57:13,7,1
499088116126144,157287431010478,2008,40,1,5,133.0,4.0,1,ROSA5,1,ROSA5,5,2018-01-25 14:36:04,2018-03-29 14:57:13,7,1
499087803126144,157264459010478,2008,40,1,121,265.0,1.0,1,ROSA5,1,ROSA5,1,2018-01-25 14:36:04,2018-03-29 14:57:21,7,1
499087804126144,157264545010478,2008,40,1,121,249.0,1.0,1,LOJA,1,LOJA,1,2018-01-25 14:36:04,2018-03-29 14:57:12,7,1
499087805126144,157264545010478,2008,40,1,121,249.0,1.0,1,LECU,1,LECU,5,2018-01-25 14:36:04,2018-03-29 14:57:12,7,1
499088117126144,157287735010478,2008,40,1,5,169.0,1.0,1,LIGUS2,1,LIGUS2,1,2018-01-25 14:36:04,2018-03-29 14:57:13,7,1
499088118126144,157287735010478,2008,40,1,5,169.0,1.0,1,ROSA5,1,ROSA5,1,2018-01-25 14:36:04,2018-03-29 14:57:13,7,1
499088119126144,157287735010478,2008,40,1,5,169.0,1.0,1,LECU,1,LECU,1,2018-01-25 14:36:04,2018-03-29 14:57:13,7,1
499088120126144,157287735010478,2008,40,1,5,169.0,3.0,1,ROSA5,1,ROSA5,5,2018-01-25 14:36:04,2018-03-29 14:57:13,7,1
499087806126144,157265031010478,2008,40,1,121,263.0,4.0,1,LECU,1,LECU,1,2018-01-25 14:36:04,2018-03-29 14:57:12,7,1
499087807126144,157265127010478,2008,40,1,121,224.0,1.0,1,LECU,1,LECU,1,2018-01-25 14:36:04,2018-03-29 14:57:12,7,1
499087808126144,157265127010478,2008,40,1,121,224.0,4.0,1,LIGUS2,1,LIGUS2,1,2018-01-25 14:36:04,2018-03-29 14:57:12,7,1
499087809126144,157265203010478,2008,40,1,121,176.0,4.0,1,LECU,1,LECU,1,2018-01-25 14:36:04,2018-03-29 14:57:12,7,1
499088124126144,157288088010478,2008,40,1,5,165.0,1.0,1,LECU,1,LECU,5,2018-01-25 14:36:04,2018-03-29 14:57:21,7,1
499088125126144,157288088010478,2008,40,1,5,165.0,2.0,1,ROSA5,1,ROSA5,5,2018-01-25 14:36:04,2018-03-29 14:57:13,7,1
499088126126144,157288088010478,2008,40,1,5,165.0,3.0,1,LECU,1,LECU,5,2018-01-25 14:36:04,2018-03-29 14:57:13,7,1
499087810126144,157265231010478,2008,40,1,121,177.0,2.0,1,ALJU,1,ALJU,1,2018-01-25 14:36:04,2018-03-29 14:57:12,7,1
499087811126144,157265231010478,2008,40,1,121,177.0,4.0,1,ALJU,1,ALJU,1,2018-01-25 14:36:04,2018-03-29 14:57:12,7,1
499088123126144,157287901010478,2008,40,1,5,168.0,4.0,1,LIGUS2,1,LIGUS2,5,2018-01-25 14:36:04,2018-03-29 14:57:13,7,1
499087812126144,157265359010478,2008,40,1,121,193.0,1.0,1,LECU,1,LECU,5,2018-01-25 14:36:04,2018-03-29 14:57:12,7,1
499087813126144,157265359010478,2008,40,1,121,193.0,1.0,2,LECU,1,LECU,5,2018-01-25 14:36:04,2018-03-29 14:57:12,7,1
499087814126144,157265359010478,2008,40,1,121,193.0,2.0,1,LECU,1,LECU,5,2018-01-25 14:36:04,2018-03-29 14:57:12,7,1
499087815126144,157265359010478,2008,40,1,121,193.0,3.0,2,LOJA,1,LOJA,5,2018-01-25 14:36:04,2018-03-29 14:57:12,7,1
499088064126144,157283675010478,2008,40,1,29,95.0,1.0,1,LIGUS2,1,LIGUS2,5,2018-01-25 14:36:04,2018-03-29 14:57:13,7,1
499088065126144,157283675010478,2008,40,1,29,95.0,3.0,1,LIGUS2,1,LIGUS2,1,2018-01-25 14:36:04,2018-03-29 14:57:13,7,1
499088066126144,157283722010478,2008,40,1,29,96.0,1.0,1,LIGUS2,1,LIGUS2,5,2018-01-25 14:36:04,2018-03-29 14:57:13,7,1
499088067126144,157283722010478,2008,40,1,29,96.0,4.0,1,LIGUS2,1,LIGUS2,1,2018-01-25 14:36:04,2018-03-29 14:57:13,7,1
499057875126144,124114907010478,2008,40,2,135,149.0,2.0,1,LIGUS2,1,LIGUS2,5,2018-01-25 14:35:55,2018-03-29 14:57:11,7,1
499057876126144,124114907010478,2008,40,2,135,149.0,2.0,1,ROSA5,1,ROSA5,5,2018-01-25 14:35:55,2018-03-29 14:57:11,7,1
499057877126144,124114907010478,2008,40,2,135,149.0,2.0,1,LECU,1,LECU,30,2018-01-25 14:35:55,2018-03-29 14:57:11,7,1
499057878126144,124114907010478,2008,40,2,135,149.0,3.0,1,ROSA5,1,ROSA5,5,2018-01-25 14:35:55,2018-03-29 14:57:11,7,1
499057879126144,124114907010478,2008,40,2,135,149.0,3.0,1,LOJA,1,LOJA,30,2018-01-25 14:35:55,2018-03-29 14:57:11,7,1
499057880126144,124114907010478,2008,40,2,135,149.0,3.0,1,LECU,1,LECU,5,2018-01-25 14:35:55,2018-03-29 14:57:11,7,1
499057881126144,124114907010478,2008,40,2,135,149.0,4.0,1,ROSA5,1,ROSA5,5,2018-01-25 14:35:55,2018-03-29 14:57:11,7,1
499057882126144,124114907010478,2008,40,2,135,149.0,4.0,1,LOJA,1,LOJA,5,2018-01-25 14:35:55,2018-03-29 14:57:11,7,1
499057883126144,124114976010478,2008,40,2,135,120.0,1.0,1,LIGUS2,1,LIGUS2,5,2018-01-25 14:35:55,2018-03-29 14:57:11,7,1
499057884126144,124114976010478,2008,40,2,135,120.0,1.0,1,LOJA,1,LOJA,5,2018-01-25 14:35:55,2018-03-29 14:57:11,7,1
499057885126144,124114976010478,2008,40,2,135,120.0,2.0,1,LIGUS2,1,LIGUS2,5,2018-01-25 14:35:55,2018-03-29 14:57:11,7,1
499057886126144,124114976010478,2008,40,2,135,120.0,2.0,1,LOJA,1,LOJA,5,2018-01-25 14:35:55,2018-03-29 14:57:11,7,1
499088114126144,157287157010478,2008,40,1,5,157.0,1.0,1,ROSA5,1,ROSA5,1,2018-01-25 14:36:04,2018-03-29 14:57:13,7,1
499057689126144,124107478010478,2008,40,2,91,119.0,2.0,1,LIGUS2,1,LIGUS2,5,2018-01-25 14:35:55,2018-03-29 14:57:11,7,1
499057690126144,124107478010478,2008,40,2,91,119.0,3.0,1,LIGUS2,1,LIGUS2,5,2018-01-25 14:35:55,2018-03-29 14:57:11,7,1
499057691126144,124107478010478,2008,40,2,91,119.0,3.0,1,ROSA5,1,ROSA5,5,2018-01-25 14:35:55,2018-03-29 14:57:11,7,1
499057692126144,124107478010478,2008,40,2,91,119.0,3.0,1,LOJA,1,LOJA,1,2018-01-25 14:35:55,2018-03-29 14:57:11,7,1
499057693126144,124107478010478,2008,40,2,91,119.0,4.0,1,LIGUS2,1,LIGUS2,70,2018-01-25 14:35:55,2018-03-29 14:57:11,7,1
499057756126144,124109826010478,2008,40,2,101,172.0,1.0,1,LOJA,1,LOJA,5,2018-01-25 14:35:55,2018-03-29 14:57:11,7,1
499057757126144,124109826010478,2008,40,2,101,172.0,2.0,1,LIGUS2,1,LIGUS2,5,2018-01-25 14:35:55,2018-03-29 14:57:11,7,1
499057758126144,124109826010478,2008,40,2,101,172.0,2.0,1,ROSA5,1,ROSA5,1,2018-01-25 14:35:55,2018-03-29 14:57:11,7,1
499057759126144,124109826010478,2008,40,2,101,172.0,2.0,1,LOJA,1,LOJA,30,2018-01-25 14:35:55,2018-03-29 14:57:11,7,1
499057760126144,124109826010478,2008,40,2,101,172.0,4.0,1,LOJA,1,LOJA,1,2018-01-25 14:35:55,2018-03-29 14:57:11,7,1
499087758126144,157261673010478,2008,40,1,89,313.0,1.0,1,LOJA,1,LOJA,1,2018-01-25 14:36:04,2018-03-29 14:57:13,7,1
499087759126144,157261673010478,2008,40,1,89,313.0,2.0,1,LOJA,1,LOJA,1,2018-01-25 14:36:04,2018-03-29 14:57:13,7,1
499087760126144,157261673010478,2008,40,1,89,313.0,3.0,1,LOJA,1,LOJA,1,2018-01-25 14:36:04,2018-03-29 14:57:13,7,1
499087761126144,157261673010478,2008,40,1,89,313.0,4.0,1,LOJA,1,LOJA,1,2018-01-25 14:36:04,2018-03-29 14:57:13,7,1
499087762126144,157261796010478,2008,40,1,89,267.0,4.0,1,LOJA,1,LOJA,1,2018-01-25 14:36:04,2018-03-29 14:57:13,7,1
499087763126144,157261880010478,2008,40,1,89,297.0,4.0,2,LOJA,1,LOJA,5,2018-01-25 14:36:04,2018-03-29 14:57:13,7,1
499087748126144,157260893010478,2008,40,1,89,429.0,2.0,2,LECU,1,LECU,5,2018-01-25 14:36:04,2018-03-29 14:57:21,7,1
499087733126144,157260006010478,2008,40,1,89,318.0,3.0,1,LOJA,1,LOJA,30,2018-01-25 14:36:04,2018-03-29 14:57:13,7,1
499087725126144,157259217010478,2008,40,1,89,394.0,4.0,3,LIGUS2,1,LIGUS2,5,2018-01-25 14:36:04,2018-03-29 14:57:13,7,1
499087726126144,157259217010478,2008,40,1,89,394.0,4.0,3,LOJA,1,LOJA,1,2018-01-25 14:36:04,2018-03-29 14:57:13,7,1
499087703126144,157258216010478,2008,40,1,89,325.0,1.0,1,ALJU,1,ALJU,30,2018-01-25 14:36:04,2018-03-29 14:57:13,7,1
499087704126144,157258216010478,2008,40,1,89,325.0,2.0,1,ALJU,1,ALJU,5,2018-01-25 14:36:04,2018-03-29 14:57:13,7,1
499057895126144,124115169010478,2008,40,2,135,119.0,3.0,1,LECU,1,LECU,5,2018-01-25 14:35:55,2018-03-29 14:57:11,7,1
499057839126144,124113978010478,2008,40,2,135,161.0,1.0,1,LECU,1,LECU,5,2018-01-25 14:35:55,2018-03-29 14:57:11,7,1
499057840126144,124113978010478,2008,40,2,135,161.0,3.0,1,LECU,1,LECU,5,2018-01-25 14:35:55,2018-03-29 14:57:11,7,1
499057841126144,124114068010478,2008,40,2,135,165.0,1.0,1,LECU,1,LECU,1,2018-01-25 14:35:55,2018-03-29 14:57:11,7,1
499057842126144,124114068010478,2008,40,2,135,165.0,2.0,1,LECU,1,LECU,5,2018-01-25 14:35:55,2018-03-29 14:57:11,7,1
499057843126144,124114068010478,2008,40,2,135,165.0,4.0,1,AIAL,1,AIAL,1,2018-01-25 14:35:55,2018-03-29 14:57:11,7,1
499057844126144,124114068010478,2008,40,2,135,165.0,4.0,1,LECU,1,LECU,1,2018-01-25 14:35:55,2018-03-29 14:57:11,7,1
499057845126144,124114153010478,2008,40,2,135,157.0,1.0,1,LIGUS2,1,LIGUS2,5,2018-01-25 14:35:55,2018-03-29 14:57:11,7,1
499057846126144,124114153010478,2008,40,2,135,157.0,1.0,1,ROSA5,1,ROSA5,1,2018-01-25 14:35:55,2018-03-29 14:57:11,7,1
499057847126144,124114153010478,2008,40,2,135,157.0,1.0,1,SCAR7,1,SCAR7,5,2018-01-25 14:35:55,2020-08-10 11:38:55,7,1
499057848126144,124114153010478,2008,40,2,135,157.0,1.0,1,SOVI2,1,SOVI2,1,2018-01-25 14:35:55,2018-03-29 14:57:11,7,1
499057849126144,124114153010478,2008,40,2,135,157.0,2.0,1,LIGUS2,1,LIGUS2,1,2018-01-25 14:35:55,2018-03-29 14:57:11,7,1
499057850126144,124114153010478,2008,40,2,135,157.0,3.0,1,SCAR7,1,SCAR7,1,2018-01-25 14:35:55,2020-08-10 11:38:55,7,1
499057851126144,124114153010478,2008,40,2,135,157.0,4.0,1,SCAR7,1,SCAR7,5,2018-01-25 14:35:55,2020-08-10 11:38:55,7,1
499057823126144,124113440010478,2008,40,2,135,152.0,1.0,1,LESPE,1,LESPE,5,2018-01-25 14:35:55,2018-03-29 14:57:11,7,1
499057824126144,124113440010478,2008,40,2,135,152.0,2.0,1,LESPE,1,LESPE,1,2018-01-25 14:35:55,2018-03-29 14:57:11,7,1
499057825126144,124113440010478,2008,40,2,135,152.0,3.0,1,LESPE,1,LESPE,1,2018-01-25 14:35:55,2018-03-29 14:57:11,7,1
499057826126144,124113440010478,2008,40,2,135,152.0,3.0,1,SCAR7,1,SCAR7,5,2018-01-25 14:35:55,2020-08-10 11:38:55,7,1
499057794126144,124110988010478,2008,40,2,115,92.0,4.0,1,ROSA5,1,ROSA5,1,2018-01-25 14:35:55,2018-03-29 14:57:11,7,1
499077265126144,148116432010854,2009,40,4,107,17.0,3.0,1,ROSA5,1,ROSA5,5,2018-01-25 14:36:00,2018-03-29 14:57:12,2,1
499077266126144,148116436010854,2009,40,4,109,27.0,1.0,1,ALJU,1,ALJU,1,2018-01-25 14:36:00,2018-03-29 14:57:12,2,1
499077267126144,148116436010854,2009,40,4,109,27.0,1.0,1,ROSA5,1,ROSA5,1,2018-01-25 14:36:00,2018-03-29 14:57:12,2,1
499077268126144,148116437010854,2009,40,4,109,7.0,3.0,1,LESPE,1,LESPE,1,2018-01-25 14:36:00,2018-03-29 14:57:12,2,1
499077269126144,148116437010854,2009,40,4,109,7.0,4.0,1,LESPE,1,LESPE,1,2018-01-25 14:36:00,2018-03-29 14:57:12,2,1
499077270126144,148116439010854,2009,40,4,111,68.0,2.0,1,ROSA5,1,ROSA5,1,2018-01-25 14:36:00,2018-03-29 14:57:12,2,1
499077271126144,148116444010854,2009,40,4,111,15.0,2.0,1,ROSA5,1,ROSA5,5,2018-01-25 14:36:00,2018-03-29 14:57:12,2,1
499077272126144,148116444010854,2009,40,4,111,15.0,3.0,1,ROSA5,1,ROSA5,1,2018-01-25 14:36:00,2018-03-29 14:57:12,2,1
499077273126144,148116445010854,2009,40,3,113,243.0,4.0,1,ROSA5,1,ROSA5,1,2018-01-25 14:36:00,2018-03-29 14:57:12,2,1
499077274126144,148116447010854,2009,40,3,113,219.0,1.0,1,ROSA5,1,ROSA5,1,2018-01-25 14:36:00,2018-03-29 14:57:12,2,1
499077275126144,148116447010854,2009,40,3,113,219.0,3.0,1,ROSA5,1,ROSA5,5,2018-01-25 14:36:00,2018-03-29 14:57:12,2,1
499077276126144,148116449010854,2009,40,3,113,184.0,1.0,1,ROSA5,1,ROSA5,1,2018-01-25 14:36:00,2018-03-29 14:57:12,2,1
499077277126144,148116449010854,2009,40,3,113,184.0,2.0,1,ROSA5,1,ROSA5,1,2018-01-25 14:36:00,2018-03-29 14:57:12,2,1
499077278126144,148116449010854,2009,40,3,113,184.0,3.0,1,ROSA5,1,ROSA5,1,2018-01-25 14:36:00,2018-03-29 14:57:12,2,1
499077279126144,148116449010854,2009,40,3,113,184.0,4.0,1,ROSA5,1,ROSA5,5,2018-01-25 14:36:00,2018-03-29 14:57:12,2,1
499077280126144,148116465010854,2009,40,3,113,35.0,2.0,1,ROSA5,1,ROSA5,1,2018-01-25 14:36:00,2018-03-29 14:57:12,2,1
499077281126144,148116465010854,2009,40,3,113,35.0,3.0,1,ROSA5,1,ROSA5,1,2018-01-25 14:36:00,2018-03-29 14:57:12,2,1
499077282126144,148116471010854,2009,40,3,117,19.0,3.0,1,ROSA5,1,ROSA5,1,2018-01-25 14:36:00,2018-03-29 14:57:12,2,1
499077283126144,148116472010854,2009,40,3,117,8.0,1.0,1,LIGUS2,1,LIGUS2,1,2018-01-25 14:36:00,2018-03-29 14:57:12,2,1
499077284126144,148116472010854,2009,40,3,117,8.0,1.0,1,ROSA5,1,ROSA5,5,2018-01-25 14:36:00,2018-03-29 14:57:12,2,1
499077285126144,148116472010854,2009,40,3,117,8.0,3.0,1,LIGUS2,1,LIGUS2,1,2018-01-25 14:36:00,2018-03-29 14:57:12,2,1
499077286126144,148116472010854,2009,40,3,117,8.0,3.0,1,ROSA5,1,ROSA5,5,2018-01-25 14:36:00,2018-03-29 14:57:12,2,1
499077287126144,148116472010854,2009,40,3,117,8.0,4.0,1,LIGUS2,1,LIGUS2,5,2018-01-25 14:36:00,2018-03-29 14:57:12,2,1
499077288126144,148116472010854,2009,40,3,117,8.0,4.0,1,ROSA5,1,ROSA5,1,2018-01-25 14:36:00,2018-03-29 14:57:12,2,1
499077289126144,148116472010854,2009,40,3,117,8.0,4.0,1,LOJA,1,LOJA,1,2018-01-25 14:36:00,2018-03-29 14:57:12,2,1
499077290126144,148116482010854,2009,40,4,123,74.0,1.0,1,ROSA5,1,ROSA5,1,2018-01-25 14:36:00,2018-03-29 14:57:12,2,1
499077291126144,148116484010854,2009,40,4,123,47.0,2.0,2,ROSA5,1,ROSA5,1,2018-01-25 14:36:00,2018-03-29 14:57:12,2,1
499077292126144,148116484010854,2009,40,4,123,47.0,3.0,2,ROSA5,1,ROSA5,1,2018-01-25 14:36:00,2018-03-29 14:57:12,2,1
499077293126144,148116485010854,2009,40,4,123,40.0,2.0,1,ROSA5,1,ROSA5,1,2018-01-25 14:36:00,2018-03-29 14:57:12,2,1
499077294126144,148116485010854,2009,40,4,123,40.0,4.0,1,LESPE,1,LESPE,1,2018-01-25 14:36:00,2018-03-29 14:57:12,2,1
499116743126144,211972914010854,2010,40,1,121,271.0,2.0,1,LOJA,1,LOJA,1,2018-01-25 14:36:13,2018-03-29 14:57:15,8,1
499116744126144,211972914010854,2010,40,1,121,271.0,2.0,1,LESPE,1,LESPE,1,2018-01-25 14:36:13,2018-03-29 14:57:15,8,1
499116745126144,211972914010854,2010,40,1,121,271.0,2.0,1,LECU,1,LECU,1,2018-01-25 14:36:13,2018-03-29 14:57:15,8,1
499116746126144,211972914010854,2010,40,1,121,271.0,3.0,1,LOJA,1,LOJA,1,2018-01-25 14:36:13,2018-03-29 14:57:15,8,1
499116747126144,211972914010854,2010,40,1,121,271.0,3.0,1,LESPE,1,LESPE,1,2018-01-25 14:36:13,2018-03-29 14:57:15,8,1
499116748126144,211972914010854,2010,40,1,121,271.0,4.0,1,LOJA,1,LOJA,1,2018-01-25 14:36:13,2018-03-29 14:57:15,8,1
499116749126144,211972914010854,2010,40,1,121,271.0,4.0,1,LESPE,1,LESPE,1,2018-01-25 14:36:13,2018-03-29 14:57:15,8,1
499116750126144,211972918010854,2010,40,1,121,192.0,1.0,1,LESPE,1,LESPE,1,2018-01-25 14:36:13,2018-03-29 14:57:15,8,1
499116751126144,211972920010854,2010,40,1,121,208.0,1.0,1,LECU,1,LECU,5,2018-01-25 14:36:13,2018-03-29 14:57:15,8,1
499116752126144,211972920010854,2010,40,1,121,208.0,4.0,1,LOJA,1,LOJA,1,2018-01-25 14:36:13,2018-03-29 14:57:15,8,1
499116753126144,211972920010854,2010,40,1,121,208.0,4.0,2,LOJA,1,LOJA,1,2018-01-25 14:36:13,2018-03-29 14:57:15,8,1
499116754126144,211972928010854,2010,40,1,121,281.0,4.0,1,LOJA,1,LOJA,1,2018-01-25 14:36:13,2018-03-29 14:57:15,8,1
499116755126144,211972930010854,2010,40,2,91,118.0,1.0,1,LESPE,1,LESPE,1,2018-01-25 14:36:13,2018-03-29 14:57:15,8,1
499116756126144,211972930010854,2010,40,2,91,118.0,3.0,1,ROSA5,1,ROSA5,1,2018-01-25 14:36:13,2018-03-29 14:57:15,8,1
499116757126144,211972930010854,2010,40,2,91,118.0,4.0,1,ROSA5,1,ROSA5,5,2018-01-25 14:36:13,2018-03-29 14:57:15,8,1
499116758126144,211972936010854,2010,40,2,91,93.0,1.0,1,LESPE,1,LESPE,1,2018-01-25 14:36:13,2018-03-29 14:57:15,8,1
499116759126144,211972936010854,2010,40,2,91,93.0,2.0,1,LESPE,1,LESPE,1,2018-01-25 14:36:13,2018-03-29 14:57:15,8,1
499116760126144,211972936010854,2010,40,2,91,93.0,3.0,1,LIJA,1,LIJA,5,2018-01-25 14:36:13,2018-03-29 14:57:15,8,1
499077295126144,148116486010854,2009,40,4,123,21.0,1.0,1,ROSA5,1,ROSA5,1,2018-01-25 14:36:00,2018-03-29 14:57:12,2,1
499077296126144,148116486010854,2009,40,4,123,21.0,2.0,1,ROSA5,1,ROSA5,5,2018-01-25 14:36:00,2018-03-29 14:57:12,2,1
499077297126144,148116486010854,2009,40,4,123,21.0,3.0,1,ROSA5,1,ROSA5,1,2018-01-25 14:36:00,2018-03-29 14:57:12,2,1
499077298126144,148116495010854,2009,40,4,125,3.0,1.0,1,ROSA5,1,ROSA5,1,2018-01-25 14:36:00,2018-03-29 14:57:12,2,1
499077299126144,148116495010854,2009,40,4,125,3.0,2.0,1,ROSA5,1,ROSA5,1,2018-01-25 14:36:00,2018-03-29 14:57:12,2,1
499077300126144,148116495010854,2009,40,4,125,3.0,4.0,1,ROSA5,1,ROSA5,1,2018-01-25 14:36:00,2018-03-29 14:57:12,2,1
499077301126144,148116511010854,2009,40,3,131,27.0,1.0,1,ROSA5,1,ROSA5,1,2018-01-25 14:36:00,2018-03-29 14:57:12,2,1
499077302126144,148116511010854,2009,40,3,131,27.0,2.0,1,ROSA5,1,ROSA5,1,2018-01-25 14:36:00,2018-03-29 14:57:12,2,1
499077303126144,148116511010854,2009,40,3,131,27.0,2.0,1,LOJA,1,LOJA,1,2018-01-25 14:36:00,2018-03-29 14:57:12,2,1
499077304126144,148116511010854,2009,40,3,131,27.0,3.0,1,LOJA,1,LOJA,1,2018-01-25 14:36:00,2018-03-29 14:57:12,2,1
499077305126144,148116563010854,2009,40,3,143,54.0,3.0,3,LIGUS2,1,LIGUS2,1,2018-01-25 14:36:00,2018-03-29 14:57:12,2,1
499077306126144,148116563010854,2009,40,3,143,54.0,3.0,3,ROSA5,1,ROSA5,1,2018-01-25 14:36:00,2018-03-29 14:57:21,2,1
499077307126144,148116563010854,2009,40,3,143,54.0,3.0,3,LOJA,1,LOJA,5,2018-01-25 14:36:00,2018-03-29 14:57:12,2,1
499077308126144,148116563010854,2009,40,3,143,54.0,4.0,3,LIGUS2,1,LIGUS2,5,2018-01-25 14:36:00,2018-03-29 14:57:12,2,1
499077309126144,148116563010854,2009,40,3,143,54.0,4.0,3,LOJA,1,LOJA,5,2018-01-25 14:36:00,2018-03-29 14:57:12,2,1
499077310126144,148116567010854,2009,40,3,143,12.0,3.0,1,LOJA,1,LOJA,5,2018-01-25 14:36:00,2018-03-29 14:57:12,2,1
499077311126144,148116568010854,2009,40,3,145,55.0,1.0,1,ROSA5,1,ROSA5,5,2018-01-25 14:36:00,2018-03-29 14:57:12,2,1
499077312126144,148116568010854,2009,40,3,145,55.0,2.0,1,ROSA5,1,ROSA5,5,2018-01-25 14:36:00,2018-03-29 14:57:12,2,1
499077313126144,148116568010854,2009,40,3,145,55.0,3.0,1,LIGUS2,1,LIGUS2,1,2018-01-25 14:36:00,2018-03-29 14:57:12,2,1
499077314126144,148116568010854,2009,40,3,145,55.0,3.0,1,ROSA5,1,ROSA5,5,2018-01-25 14:36:00,2018-03-29 14:57:12,2,1
499077315126144,148116568010854,2009,40,3,145,55.0,3.0,1,LECU,1,LECU,1,2018-01-25 14:36:00,2018-03-29 14:57:12,2,1
499077316126144,148116568010854,2009,40,3,145,55.0,3.0,2,LIGUS2,1,LIGUS2,1,2018-01-25 14:36:00,2018-03-29 14:57:12,2,1
499077317126144,148116568010854,2009,40,3,145,55.0,3.0,2,ROSA5,1,ROSA5,5,2018-01-25 14:36:00,2018-03-29 14:57:12,2,1
499077318126144,148116568010854,2009,40,3,145,55.0,3.0,2,LECU,1,LECU,1,2018-01-25 14:36:00,2018-03-29 14:57:21,2,1
499077319126144,148116568010854,2009,40,3,145,55.0,4.0,2,LIGUS2,1,LIGUS2,1,2018-01-25 14:36:00,2018-03-29 14:57:12,2,1
499116692126144,211972726010854,2010,40,1,13,149.0,1.0,1,LIGUS2,1,LIGUS2,5,2018-01-25 14:36:13,2018-03-29 14:57:15,8,1
499088385126144,157304301010478,2008,40,1,77,91.0,4.0,1,LECU,1,LECU,1,2018-01-25 14:36:04,2018-03-29 14:57:13,7,1
499088376126144,157303139010478,2008,40,1,77,139.0,3.0,1,ROSA5,1,ROSA5,5,2018-01-25 14:36:04,2018-03-29 14:57:13,7,1
499057465126144,124099447010478,2008,40,2,21,118.0,1.0,1,LESPE,1,LESPE,1,2018-01-25 14:35:54,2018-03-29 14:57:11,7,1
499057466126144,124099447010478,2008,40,2,21,118.0,3.0,1,MIVI,1,MIVI,1,2018-01-25 14:35:54,2018-03-29 14:57:11,7,1
499057467126144,124099447010478,2008,40,2,21,118.0,3.0,1,LESPE,1,LESPE,5,2018-01-25 14:35:54,2018-03-29 14:57:11,7,1
499057468126144,124099447010478,2008,40,2,21,118.0,4.0,1,LESPE,1,LESPE,5,2018-01-25 14:35:54,2018-03-29 14:57:11,7,1
499057475126144,124099617010478,2008,40,2,21,110.0,1.0,1,LESPE,1,LESPE,5,2018-01-25 14:35:55,2018-03-29 14:57:11,7,1
499057476126144,124099617010478,2008,40,2,21,110.0,2.0,1,LESPE,1,LESPE,1,2018-01-25 14:35:55,2018-03-29 14:57:11,7,1
499057477126144,124099617010478,2008,40,2,21,110.0,3.0,1,LESPE,1,LESPE,1,2018-01-25 14:35:55,2018-03-29 14:57:11,7,1
499057478126144,124099617010478,2008,40,2,21,110.0,4.0,1,LESPE,1,LESPE,1,2018-01-25 14:35:55,2018-03-29 14:57:11,7,1
499057481126144,124099778010478,2008,40,2,21,111.0,1.0,1,SCAR7,1,SCAR7,1,2018-01-25 14:35:55,2020-08-10 11:38:55,7,1
499057482126144,124099778010478,2008,40,2,21,111.0,1.0,1,LESPE,1,LESPE,1,2018-01-25 14:35:55,2018-03-29 14:57:11,7,1
499057483126144,124099778010478,2008,40,2,21,111.0,1.0,1,LECU,1,LECU,1,2018-01-25 14:35:55,2018-03-29 14:57:11,7,1
499057484126144,124099778010478,2008,40,2,21,111.0,3.0,3,SCAR7,1,SCAR7,1,2018-01-25 14:35:55,2020-08-10 11:38:55,7,1
499057485126144,124099778010478,2008,40,2,21,111.0,4.0,1,ALJU,1,ALJU,1,2018-01-25 14:35:55,2018-03-29 14:57:11,7,1
499057486126144,124099778010478,2008,40,2,21,111.0,4.0,1,SCAR7,1,SCAR7,1,2018-01-25 14:35:55,2020-08-10 11:38:55,7,1
499057487126144,124100014010478,2008,40,2,21,140.0,2.0,1,LECU,1,LECU,1,2018-01-25 14:35:55,2018-03-29 14:57:11,7,1
499057488126144,124100014010478,2008,40,2,21,140.0,4.0,1,LECU,1,LECU,1,2018-01-25 14:35:55,2018-03-29 14:57:11,7,1
499057489126144,124100143010478,2008,40,2,21,147.0,2.0,1,LESPE,1,LESPE,70,2018-01-25 14:35:55,2018-03-29 14:57:21,7,1
499057490126144,124100143010478,2008,40,2,21,147.0,3.0,2,LOJA,1,LOJA,1,2018-01-25 14:35:55,2018-03-29 14:57:11,7,1
499057491126144,124100143010478,2008,40,2,21,147.0,4.0,1,LECU,1,LECU,1,2018-01-25 14:35:55,2018-03-29 14:57:11,7,1
499088493126144,157316509010478,2008,40,1,79,236.0,1.0,1,ROSA5,1,ROSA5,5,2018-01-25 14:36:04,2018-03-29 14:57:13,7,1
499057404126144,124094186010478,2008,40,2,97,131.0,1.0,1,ALJU,1,ALJU,1,2018-01-25 14:35:54,2018-03-29 14:57:11,7,1
499057405126144,124094186010478,2008,40,2,97,131.0,2.0,1,LIGUS2,1,LIGUS2,5,2018-01-25 14:35:54,2018-03-29 14:57:11,7,1
499057283126144,124089341010478,2008,40,2,91,131.0,4.0,1,LECU,1,LECU,30,2018-01-25 14:35:54,2018-03-29 14:57:10,7,1
499088614126144,157326955010478,2008,40,1,89,408.0,2.0,1,LIGUS2,1,LIGUS2,1,2018-01-25 14:36:04,2018-03-29 14:57:13,7,1
499088549126144,157321604010478,2008,40,1,89,303.0,2.0,1,ROSA5,1,ROSA5,1,2018-01-25 14:36:04,2018-03-29 14:57:13,7,1
499057803126144,124112119010478,2008,40,2,115,77.0,2.0,1,DIOSC,1,DIOSC,1,2018-01-25 14:35:55,2018-03-29 14:57:11,7,1
499057804126144,124112119010478,2008,40,2,115,77.0,2.0,1,LOJA,1,LOJA,1,2018-01-25 14:35:55,2018-03-29 14:57:11,7,1
499057805126144,124112119010478,2008,40,2,115,77.0,4.0,1,LOJA,1,LOJA,30,2018-01-25 14:35:55,2018-03-29 14:57:11,7,1
499057445126144,124097707010478,2008,40,2,1,98.0,3.0,3,ROSA5,1,ROSA5,5,2018-01-25 14:35:54,2018-03-29 14:57:11,7,1
499057446126144,124097767010478,2008,40,2,1,88.0,2.0,1,DIOSC,1,DIOSC,5,2018-01-25 14:35:54,2018-03-29 14:57:11,7,1
499057447126144,124097887010478,2008,40,2,1,116.0,1.0,1,LESPE,1,LESPE,5,2018-01-25 14:35:54,2018-03-29 14:57:11,7,1
499057527126144,124101104010478,2008,40,2,21,130.0,2.0,1,LECU,1,LECU,1,2018-01-25 14:35:55,2018-03-29 14:57:11,7,1
499057561126144,124101892010478,2008,40,2,21,143.0,1.0,1,LESPE,1,LESPE,30,2018-01-25 14:35:55,2018-03-29 14:57:11,7,1
499088040126144,157281656010478,2008,40,1,127,290.0,4.0,1,LECU,1,LECU,1,2018-01-25 14:36:04,2018-03-29 14:57:13,7,1
499088041126144,157281795010478,2008,40,1,127,260.0,1.0,1,LIGUS2,1,LIGUS2,5,2018-01-25 14:36:04,2018-03-29 14:57:13,7,1
499088042126144,157281795010478,2008,40,1,127,260.0,1.0,1,LESPE,1,LESPE,1,2018-01-25 14:36:04,2018-03-29 14:57:13,7,1
499088043126144,157281795010478,2008,40,1,127,260.0,3.0,1,LESPE,1,LESPE,5,2018-01-25 14:36:04,2018-03-29 14:57:13,7,1
499088044126144,157281795010478,2008,40,1,127,260.0,4.0,1,LESPE,1,LESPE,5,2018-01-25 14:36:04,2018-03-29 14:57:13,7,1
499057523126144,124100949010478,2008,40,2,21,113.0,2.0,1,LESPE,1,LESPE,1,2018-01-25 14:35:55,2018-03-29 14:57:11,7,1
499057524126144,124100949010478,2008,40,2,21,113.0,4.0,1,LECU,1,LECU,5,2018-01-25 14:35:55,2018-03-29 14:57:11,7,1
499088160126144,157290353010478,2008,40,1,13,205.0,3.0,2,LOJA,1,LOJA,5,2018-01-25 14:36:04,2018-03-29 14:57:13,7,1
499088049126144,157282608010478,2008,40,1,29,88.0,2.0,1,LOJA,1,LOJA,5,2018-01-25 14:36:04,2018-03-29 14:57:13,7,1
499088050126144,157282748010478,2008,40,1,29,82.0,2.0,1,LOJA,1,LOJA,5,2018-01-25 14:36:04,2018-03-29 14:57:13,7,1
499088055126144,157283166010478,2008,40,1,29,92.0,1.0,1,LECU,1,LECU,5,2018-01-25 14:36:04,2018-03-29 14:57:13,7,1
499088056126144,157283166010478,2008,40,1,29,92.0,2.0,1,LIGUS2,1,LIGUS2,30,2018-01-25 14:36:04,2018-03-29 14:57:13,7,1
499088057126144,157283166010478,2008,40,1,29,92.0,3.0,1,LIGUS2,1,LIGUS2,1,2018-01-25 14:36:04,2018-03-29 14:57:13,7,1
499088058126144,157283166010478,2008,40,1,29,92.0,3.0,1,LECU,1,LECU,5,2018-01-25 14:36:04,2018-03-29 14:57:13,7,1
499057414126144,124094336010478,2008,40,2,97,130.0,2.0,1,LIGUS2,1,LIGUS2,5,2018-01-25 14:35:54,2018-03-29 14:57:11,7,1
499057415126144,124094336010478,2008,40,2,97,130.0,4.0,1,LIGUS2,1,LIGUS2,5,2018-01-25 14:35:54,2018-03-29 14:57:11,7,1
499057416126144,124094336010478,2008,40,2,97,130.0,4.0,1,ROSA5,1,ROSA5,5,2018-01-25 14:35:54,2018-03-29 14:57:11,7,1
499088076126144,157284236010478,2008,40,1,5,114.0,1.0,1,LECU,1,LECU,95,2018-01-25 14:36:04,2018-03-29 14:57:13,7,1
499088077126144,157284311010478,2008,40,1,5,122.0,1.0,1,ROSA5,1,ROSA5,1,2018-01-25 14:36:04,2018-03-29 14:57:21,7,1
499088078126144,157284311010478,2008,40,1,5,122.0,1.0,1,LECU,1,LECU,5,2018-01-25 14:36:04,2018-03-29 14:57:13,7,1
499088079126144,157284311010478,2008,40,1,5,122.0,2.0,1,SCAR7,1,SCAR7,5,2018-01-25 14:36:04,2020-08-10 11:38:55,7,1
499088080126144,157284311010478,2008,40,1,5,122.0,2.0,1,LECU,1,LECU,30,2018-01-25 14:36:04,2018-03-29 14:57:13,7,1
499088081126144,157284311010478,2008,40,1,5,122.0,3.0,2,LECU,1,LECU,1,2018-01-25 14:36:04,2018-03-29 14:57:13,7,1
499088082126144,157284311010478,2008,40,1,5,122.0,4.0,3,ROSA5,1,ROSA5,1,2018-01-25 14:36:04,2018-03-29 14:57:13,7,1
499088083126144,157284311010478,2008,40,1,5,122.0,4.0,3,LOJA,1,LOJA,5,2018-01-25 14:36:04,2018-03-29 14:57:13,7,1
499088086126144,157284552010478,2008,40,1,5,127.0,3.0,1,LECU,1,LECU,1,2018-01-25 14:36:04,2018-03-29 14:57:13,7,1
499088087126144,157284552010478,2008,40,1,5,127.0,4.0,1,LECU,1,LECU,1,2018-01-25 14:36:04,2018-03-29 14:57:13,7,1
499088084126144,157284484010478,2008,40,1,5,121.0,1.0,1,LECU,1,LECU,1,2018-01-25 14:36:04,2018-03-29 14:57:13,7,1
499088085126144,157284484010478,2008,40,1,5,121.0,3.0,1,LECU,1,LECU,1,2018-01-25 14:36:04,2018-03-29 14:57:13,7,1
499088538126144,157320761010478,2008,40,1,89,295.0,2.0,1,LOJA,1,LOJA,30,2018-01-25 14:36:04,2018-03-29 14:57:13,7,1
499088539126144,157320761010478,2008,40,1,89,295.0,3.0,1,LOJA,1,LOJA,1,2018-01-25 14:36:04,2018-03-29 14:57:13,7,1
499088540126144,157320761010478,2008,40,1,89,295.0,4.0,1,ROSA5,1,ROSA5,1,2018-01-25 14:36:04,2018-03-29 14:57:13,7,1
499088541126144,157320761010478,2008,40,1,89,295.0,4.0,1,LOJA,1,LOJA,5,2018-01-25 14:36:04,2018-03-29 14:57:13,7,1
499088548126144,157321502010478,2008,40,1,89,280.0,2.0,1,ROSA5,1,ROSA5,5,2018-01-25 14:36:04,2018-03-29 14:57:13,7,1
499087894126144,157270157010478,2008,40,1,121,273.0,1.0,1,LIGUS2,1,LIGUS2,5,2018-01-25 14:36:04,2018-03-29 14:57:12,7,1
499087895126144,157270157010478,2008,40,1,121,273.0,1.0,1,ROSA5,1,ROSA5,5,2018-01-25 14:36:04,2018-03-29 14:57:12,7,1
499087896126144,157270157010478,2008,40,1,121,273.0,1.0,1,LOJA,1,LOJA,30,2018-01-25 14:36:04,2018-03-29 14:57:12,7,1
499087897126144,157270157010478,2008,40,1,121,273.0,2.0,1,ROSA5,1,ROSA5,5,2018-01-25 14:36:04,2018-03-29 14:57:12,7,1
499057529126144,124101104010478,2008,40,2,21,130.0,3.0,1,LECU,1,LECU,30,2018-01-25 14:35:55,2018-03-29 14:57:11,7,1
499057530126144,124101104010478,2008,40,2,21,130.0,4.0,2,MIVI,1,MIVI,30,2018-01-25 14:35:55,2018-03-29 14:57:11,7,1
499057531126144,124101104010478,2008,40,2,21,130.0,4.0,2,LESPE,1,LESPE,1,2018-01-25 14:35:55,2018-03-29 14:57:11,7,1
499057532126144,124101104010478,2008,40,2,21,130.0,4.0,2,LECU,1,LECU,30,2018-01-25 14:35:55,2018-03-29 14:57:11,7,1
499057526126144,124101104010478,2008,40,2,21,130.0,2.0,1,LOJA,1,LOJA,1,2018-01-25 14:35:55,2018-03-29 14:57:11,7,1
499057533126144,124101186010478,2008,40,2,21,104.0,2.0,1,LECU,1,LECU,1,2018-01-25 14:35:55,2018-03-29 14:57:11,7,1
499057534126144,124101186010478,2008,40,2,21,104.0,3.0,1,LESPE,1,LESPE,1,2018-01-25 14:35:55,2018-03-29 14:57:11,7,1
499057535126144,124101186010478,2008,40,2,21,104.0,4.0,1,LESPE,1,LESPE,1,2018-01-25 14:35:55,2018-03-29 14:57:11,7,1
499057536126144,124101280010478,2008,40,2,21,149.0,1.0,1,ALJU,1,ALJU,1,2018-01-25 14:35:55,2018-03-29 14:57:11,7,1
499057537126144,124101280010478,2008,40,2,21,149.0,1.0,1,LESPE,1,LESPE,5,2018-01-25 14:35:55,2018-03-29 14:57:11,7,1
499057538126144,124101280010478,2008,40,2,21,149.0,1.0,1,LECU,1,LECU,30,2018-01-25 14:35:55,2018-03-29 14:57:11,7,1
499057539126144,124101280010478,2008,40,2,21,149.0,2.0,1,LECU,1,LECU,95,2018-01-25 14:35:55,2018-03-29 14:57:11,7,1
499057540126144,124101324010478,2008,40,2,21,146.0,1.0,1,LESPE,1,LESPE,30,2018-01-25 14:35:55,2018-03-29 14:57:11,7,1
499057541126144,124101324010478,2008,40,2,21,146.0,2.0,1,LESPE,1,LESPE,70,2018-01-25 14:35:55,2018-03-29 14:57:11,7,1
499057542126144,124101324010478,2008,40,2,21,146.0,3.0,1,LESPE,1,LESPE,30,2018-01-25 14:35:55,2018-03-29 14:57:11,7,1
499057543126144,124101324010478,2008,40,2,21,146.0,3.0,1,LECU,1,LECU,1,2018-01-25 14:35:55,2018-03-29 14:57:11,7,1
499057544126144,124101324010478,2008,40,2,21,146.0,4.0,1,LOJA,1,LOJA,1,2018-01-25 14:35:55,2018-03-29 14:57:11,7,1
499057545126144,124101324010478,2008,40,2,21,146.0,4.0,1,LESPE,1,LESPE,30,2018-01-25 14:35:55,2018-03-29 14:57:11,7,1
499057546126144,124101324010478,2008,40,2,21,146.0,4.0,1,LECU,1,LECU,1,2018-01-25 14:35:55,2018-03-29 14:57:11,7,1
499057547126144,124101448010478,2008,40,2,21,124.0,2.0,1,ROSA5,1,ROSA5,5,2018-01-25 14:35:55,2018-03-29 14:57:11,7,1
499057548126144,124101448010478,2008,40,2,21,124.0,2.0,1,LESPE,1,LESPE,5,2018-01-25 14:35:55,2018-03-29 14:57:11,7,1
499057549126144,124101448010478,2008,40,2,21,124.0,4.0,1,LIGUS2,1,LIGUS2,1,2018-01-25 14:35:55,2018-03-29 14:57:11,7,1
744766670290487,473799313489998,2018,40,4,95,4.0,3.0,1,LOJA,1,LOJA,1,2020-04-28 06:49:36,,2,10
744766671290487,473799313489998,2018,40,4,95,4.0,4.0,1,LOJA,1,LOJA,2,2020-04-28 06:49:36,,2,10
744766672290487,473799313489998,2018,40,4,95,4.0,3.0,1,ROSA5,1,ROSA5,1,2020-04-28 06:49:36,,2,10
744766677290487,473799314489998,2018,40,4,123,26.0,1.0,1,LECU,1,LECU,8,2020-04-28 06:49:36,,2,10
744766678290487,473799314489998,2018,40,4,123,26.0,2.0,1,LECU,1,LECU,35,2020-04-28 06:49:36,,2,10
744766679290487,473799314489998,2018,40,4,123,26.0,1.0,1,ROSA5,1,ROSA5,1,2020-04-28 06:49:36,,2,10
744766680290487,473799314489998,2018,40,4,123,26.0,2.0,1,ROSA5,1,ROSA5,1,2020-04-28 06:49:36,,2,10
744766737290487,473799328489998,2018,40,3,37,87.0,3.0,1,ROSA5,1,ROSA5,2,2020-04-28 06:49:37,,2,10
744766750290487,473799331489998,2018,40,4,133,12.0,4.0,1,LIGUS2,1,LIGUS2,1,2020-04-28 06:49:37,,2,10
744766751290487,473799331489998,2018,40,4,133,12.0,1.0,1,LOJA,1,LOJA,10,2020-04-28 06:49:37,,2,10
744766752290487,473799331489998,2018,40,4,133,12.0,2.0,1,LOJA,1,LOJA,2,2020-04-28 06:49:37,,2,10
744766753290487,473799331489998,2018,40,4,133,12.0,3.0,1,LOJA,1,LOJA,1,2020-04-28 06:49:37,,2,10
744766761290487,473799332489998,2018,40,3,113,122.0,1.0,2,LECU,1,LECU,1,2020-04-28 06:49:37,,2,10
744766762290487,473799332489998,2018,40,3,113,122.0,2.0,2,LECU,1,LECU,15,2020-04-28 06:49:37,,2,10
744766763290487,473799332489998,2018,40,3,113,122.0,3.0,2,LECU,1,LECU,2,2020-04-28 06:49:37,,2,10
744766764290487,473799332489998,2018,40,3,113,122.0,4.0,2,LECU,1,LECU,15,2020-04-28 06:49:37,,2,10
744766770290487,473799333489998,2018,40,3,37,37.0,1.0,2,LECU,1,LECU,1,2020-04-28 06:49:37,,2,10
744766779290487,473799335489998,2018,40,3,37,51.0,1.0,1,LECU,1,LECU,2,2020-04-28 06:49:37,,2,10
744766780290487,473799335489998,2018,40,3,37,51.0,2.0,1,LECU,1,LECU,7,2020-04-28 06:49:37,,2,10
744766781290487,473799335489998,2018,40,3,37,51.0,4.0,1,LECU,1,LECU,1,2020-04-28 06:49:37,,2,10
744766786290487,473799336489998,2018,40,3,37,55.0,1.0,1,ROSA5,1,ROSA5,2,2020-04-28 06:49:37,,2,10
744766847290487,473799351489998,2018,40,4,123,49.0,1.0,1,LECU,1,LECU,6,2020-04-28 06:49:37,,2,10
744766848290487,473799351489998,2018,40,4,123,49.0,2.0,1,LECU,1,LECU,7,2020-04-28 06:49:37,,2,10
744766849290487,473799351489998,2018,40,4,123,49.0,3.0,1,LECU,1,LECU,5,2020-04-28 06:49:37,,2,10
744766850290487,473799351489998,2018,40,4,123,49.0,4.0,1,LECU,1,LECU,5,2020-04-28 06:49:37,,2,10
744766864290487,473799354489998,2018,40,4,69,49.0,3.0,1,LECU,1,LECU,1,2020-04-28 06:49:37,,2,10
744766869290487,473799355489998,2018,40,4,133,16.0,4.0,1,LOJA,1,LOJA,1,2020-04-28 06:49:37,,2,10
744766874290487,473799356489998,2018,40,4,133,29.0,1.0,1,LECU,1,LECU,1,2020-04-28 06:49:38,,2,10
744766875290487,473799356489998,2018,40,4,133,29.0,1.0,1,LOJA,1,LOJA,1,2020-04-28 06:49:38,,2,10
744766876290487,473799356489998,2018,40,4,133,29.0,2.0,1,LOJA,1,LOJA,1,2020-04-28 06:49:38,,2,10
744766877290487,473799356489998,2018,40,4,133,29.0,3.0,1,LOJA,1,LOJA,1,2020-04-28 06:49:38,,2,10
744766878290487,473799356489998,2018,40,4,133,29.0,3.0,1,ROSA5,1,ROSA5,1,2020-04-28 06:49:38,,2,10
499116693126144,211972726010854,2010,40,1,13,149.0,1.0,1,LOJA,1,LOJA,5,2018-01-25 14:36:13,2018-03-29 14:57:15,8,1
499116694126144,211972732010854,2010,40,1,29,88.0,4.0,1,ROSA5,1,ROSA5,1,2018-01-25 14:36:13,2018-03-29 14:57:15,8,1
499116695126144,211972734010854,2010,40,1,29,82.0,2.0,1,ROSA5,1,ROSA5,1,2018-01-25 14:36:13,2018-03-29 14:57:15,8,1
499116696126144,211972758010854,2010,40,1,29,87.0,2.0,1,LIGUS2,1,LIGUS2,1,2018-01-25 14:36:13,2018-03-29 14:57:15,8,1
499116697126144,211972762010854,2010,40,1,5,183.0,4.0,1,ROSA5,1,ROSA5,1,2018-01-25 14:36:13,2018-03-29 14:57:15,8,1
499116698126144,211972762010854,2010,40,1,5,183.0,4.0,1,LOJA,1,LOJA,1,2018-01-25 14:36:13,2018-03-29 14:57:15,8,1
499116699126144,211972772010854,2010,40,1,5,198.0,3.0,1,ROSA5,1,ROSA5,1,2018-01-25 14:36:13,2018-03-29 14:57:21,8,1
499116700126144,211972776010854,2010,40,1,13,187.0,1.0,1,LECU,1,LECU,30,2018-01-25 14:36:13,2018-03-29 14:57:15,8,1
499116701126144,211972776010854,2010,40,1,13,187.0,2.0,1,LONIC,1,LONIC,1,2018-01-25 14:36:13,2018-03-29 14:57:15,8,1
499116702126144,211972776010854,2010,40,1,13,187.0,2.0,1,LECU,1,LECU,1,2018-01-25 14:36:13,2018-03-29 14:57:15,8,1
499116703126144,211972776010854,2010,40,1,13,187.0,2.0,2,LONIC,1,LONIC,1,2018-01-25 14:36:13,2018-03-29 14:57:15,8,1
499116704126144,211972776010854,2010,40,1,13,187.0,2.0,2,LECU,1,LECU,1,2018-01-25 14:36:13,2018-03-29 14:57:15,8,1
499116705126144,211972776010854,2010,40,1,13,187.0,3.0,1,LECU,1,LECU,5,2018-01-25 14:36:13,2018-03-29 14:57:15,8,1
499116706126144,211972776010854,2010,40,1,13,187.0,4.0,1,LECU,1,LECU,1,2018-01-25 14:36:13,2018-03-29 14:57:15,8,1
499116707126144,211972796010854,2010,40,2,91,155.0,2.0,2,LECU,1,LECU,1,2018-01-25 14:36:13,2018-03-29 14:57:15,8,1
499116708126144,211972816010854,2010,40,1,5,138.0,2.0,1,LIGUS2,1,LIGUS2,5,2018-01-25 14:36:13,2018-03-29 14:57:15,8,1
499116709126144,211972816010854,2010,40,1,5,138.0,4.0,1,LIGUS2,1,LIGUS2,5,2018-01-25 14:36:13,2018-03-29 14:57:15,8,1
499116710126144,211972818010854,2010,40,1,5,195.0,1.0,1,SCAR7,1,SCAR7,1,2018-01-25 14:36:13,2020-08-10 11:38:55,8,1
499116711126144,211972818010854,2010,40,1,5,195.0,2.0,1,SCAR7,1,SCAR7,1,2018-01-25 14:36:13,2020-08-10 11:38:55,8,1
499116712126144,211972818010854,2010,40,1,5,195.0,4.0,1,SCAR7,1,SCAR7,1,2018-01-25 14:36:13,2020-08-10 11:38:55,8,1
499116713126144,211972828010854,2010,40,1,13,201.0,1.0,1,LOJA,1,LOJA,1,2018-01-25 14:36:13,2018-03-29 14:57:15,8,1
499116714126144,211972832010854,2010,40,1,121,168.0,4.0,1,ROSA5,1,ROSA5,1,2018-01-25 14:36:13,2018-03-29 14:57:15,8,1
499116715126144,211972834010854,2010,40,1,121,285.0,3.0,2,EUFO5,1,EUFO5,1,2018-01-25 14:36:13,2018-03-29 14:57:15,8,1
499116716126144,211972844010854,2010,40,1,5,128.0,1.0,1,SCAR7,1,SCAR7,1,2018-01-25 14:36:13,2020-08-10 11:38:55,8,1
499116717126144,211972844010854,2010,40,1,5,128.0,2.0,1,SCAR7,1,SCAR7,1,2018-01-25 14:36:13,2020-08-10 11:38:55,8,1
499116718126144,211972844010854,2010,40,1,5,128.0,3.0,1,SCAR7,1,SCAR7,1,2018-01-25 14:36:13,2020-08-10 11:38:55,8,1
499116719126144,211972844010854,2010,40,1,5,128.0,4.0,1,SCAR7,1,SCAR7,1,2018-01-25 14:36:13,2020-08-10 11:38:55,8,1
499116720126144,211972846010854,2010,40,1,5,187.0,2.0,1,SCAR7,1,SCAR7,5,2018-01-25 14:36:13,2020-08-10 11:38:55,8,1
499116721126144,211972862010854,2010,40,1,121,179.0,1.0,1,ROSA5,1,ROSA5,1,2018-01-25 14:36:13,2018-03-29 14:57:15,8,1
499116722126144,211972862010854,2010,40,1,121,179.0,2.0,1,LECU,1,LECU,1,2018-01-25 14:36:13,2018-03-29 14:57:15,8,1
499116723126144,211972862010854,2010,40,1,121,179.0,3.0,1,LECU,1,LECU,1,2018-01-25 14:36:13,2018-03-29 14:57:15,8,1
499116724126144,211972862010854,2010,40,1,121,179.0,4.0,1,LIGUS2,1,LIGUS2,5,2018-01-25 14:36:13,2018-03-29 14:57:15,8,1
499116725126144,211972878010854,2010,40,1,23,155.0,2.0,1,ROSA5,1,ROSA5,1,2018-01-25 14:36:13,2018-03-29 14:57:21,8,1
499116726126144,211972878010854,2010,40,1,23,155.0,3.0,1,ROSA5,1,ROSA5,1,2018-01-25 14:36:13,2018-03-29 14:57:15,8,1
499116727126144,211972878010854,2010,40,1,23,155.0,4.0,1,ROSA5,1,ROSA5,5,2018-01-25 14:36:13,2018-03-29 14:57:15,8,1
499116728126144,211972888010854,2010,40,1,127,174.0,1.0,2,LESPE,1,LESPE,1,2018-01-25 14:36:13,2018-03-29 14:57:15,8,1
499116733126144,211972894010854,2010,40,1,127,274.0,4.0,1,LIGUS2,1,LIGUS2,70,2018-01-25 14:36:13,2018-03-29 14:57:14,8,1
499116734126144,211972894010854,2010,40,1,127,274.0,4.0,1,LONIC,1,LONIC,70,2018-01-25 14:36:13,2018-03-29 14:57:14,8,1
499116735126144,211972894010854,2010,40,1,127,274.0,4.0,1,LECU,1,LECU,5,2018-01-25 14:36:13,2018-03-29 14:57:14,8,1
499116729126144,211972894010854,2010,40,1,127,274.0,1.0,1,LIGUS2,1,LIGUS2,1,2018-01-25 14:36:13,2018-03-29 14:57:15,8,1
499116730126144,211972894010854,2010,40,1,127,274.0,1.0,1,LONIC,1,LONIC,70,2018-01-25 14:36:13,2018-03-29 14:57:15,8,1
499116731126144,211972894010854,2010,40,1,127,274.0,3.0,1,LIGUS2,1,LIGUS2,1,2018-01-25 14:36:13,2018-03-29 14:57:21,8,1
499116732126144,211972894010854,2010,40,1,127,274.0,3.0,1,LONIC,1,LONIC,70,2018-01-25 14:36:13,2018-03-29 14:57:15,8,1
499116736126144,211972902010854,2010,40,1,23,166.0,1.0,1,ROSA5,1,ROSA5,5,2018-01-25 14:36:13,2018-03-29 14:57:14,8,1
499116737126144,211972902010854,2010,40,1,23,166.0,2.0,1,ROSA5,1,ROSA5,1,2018-01-25 14:36:13,2018-03-29 14:57:14,8,1
499116738126144,211972902010854,2010,40,1,23,166.0,3.0,1,ROSA5,1,ROSA5,1,2018-01-25 14:36:13,2018-03-29 14:57:14,8,1
499116739126144,211972902010854,2010,40,1,23,166.0,4.0,1,ROSA5,1,ROSA5,1,2018-01-25 14:36:13,2018-03-29 14:57:14,8,1
499116740126144,211972902010854,2010,40,1,23,166.0,4.0,1,LOJA,1,LOJA,5,2018-01-25 14:36:13,2018-03-29 14:57:14,8,1
499116741126144,211972904010854,2010,40,1,23,183.0,3.0,1,ROSA5,1,ROSA5,1,2018-01-25 14:36:13,2018-03-29 14:57:15,8,1
499116742126144,211972914010854,2010,40,1,121,271.0,1.0,1,LESPE,1,LESPE,1,2018-01-25 14:36:13,2018-03-29 14:57:15,8,1
499077201126144,148116124010854,2009,40,5,15,72.0,2.0,1,LESPE,1,LESPE,5,2018-01-25 14:36:00,2018-03-29 14:57:12,2,1
499077202126144,148116128010854,2009,40,5,15,41.0,4.0,2,LECU,1,LECU,30,2018-01-25 14:36:00,2018-03-29 14:57:12,2,1
499077203126144,148116169010854,2009,40,4,27,62.0,1.0,1,ARDO4,1,ARDO4,5,2018-01-25 14:36:00,2018-03-29 14:57:12,2,1
499077204126144,148116169010854,2009,40,4,27,62.0,2.0,1,ARDO4,1,ARDO4,1,2018-01-25 14:36:00,2018-03-29 14:57:12,2,1
499077205126144,148116169010854,2009,40,4,27,62.0,3.0,1,ARDO4,1,ARDO4,70,2018-01-25 14:36:00,2018-03-29 14:57:12,2,1
499077206126144,148116171010854,2009,40,4,27,35.0,1.0,1,LECU,1,LECU,1,2018-01-25 14:36:00,2018-03-29 14:57:12,2,1
499077207126144,148116171010854,2009,40,4,27,35.0,4.0,1,AIAL,1,AIAL,1,2018-01-25 14:36:00,2018-03-29 14:57:12,2,1
499077208126144,148116172010854,2009,40,4,27,25.0,4.0,1,LIJA,1,LIJA,1,2018-01-25 14:36:00,2018-03-29 14:57:12,2,1
499077209126144,148116172010854,2009,40,4,27,25.0,4.0,1,LOJA,1,LOJA,1,2018-01-25 14:36:00,2018-03-29 14:57:12,2,1
499077210126144,148116173010854,2009,40,4,27,18.0,1.0,1,LIGUS2,1,LIGUS2,5,2018-01-25 14:36:00,2018-03-29 14:57:12,2,1
499077211126144,148116173010854,2009,40,4,27,18.0,2.0,1,LIGUS2,1,LIGUS2,5,2018-01-25 14:36:00,2018-03-29 14:57:12,2,1
499077212126144,148116173010854,2009,40,4,27,18.0,4.0,1,LIGUS2,1,LIGUS2,5,2018-01-25 14:36:00,2018-03-29 14:57:12,2,1
499077213126144,148116204010854,2009,40,3,37,90.0,3.0,2,LIGUS2,1,LIGUS2,5,2018-01-25 14:36:00,2018-03-29 14:57:12,2,1
499077214126144,148116204010854,2009,40,3,37,90.0,3.0,2,LOJA,1,LOJA,30,2018-01-25 14:36:00,2018-03-29 14:57:12,2,1
499077215126144,148116205010854,2009,40,3,37,85.0,1.0,1,ROSA5,1,ROSA5,1,2018-01-25 14:36:00,2018-03-29 14:57:12,2,1
499077216126144,148116205010854,2009,40,3,37,85.0,2.0,1,ROSA5,1,ROSA5,1,2018-01-25 14:36:00,2018-03-29 14:57:12,2,1
499077217126144,148116205010854,2009,40,3,37,85.0,3.0,1,ROSA5,1,ROSA5,1,2018-01-25 14:36:00,2018-03-29 14:57:12,2,1
499077218126144,148116205010854,2009,40,3,37,85.0,4.0,1,ROSA5,1,ROSA5,1,2018-01-25 14:36:00,2018-03-29 14:57:12,2,1
744768513290487,473799643489998,2018,40,4,125,48.0,3.0,2,LOJA,1,LOJA,2,2020-04-28 06:49:44,,2,10
744768526290487,473799646489998,2018,40,4,85,59.0,1.0,1,LECU,1,LECU,1,2020-04-28 06:49:44,,2,10
744768535290487,473799648489998,2018,40,4,49,81.0,1.0,1,LECU,1,LECU,2,2020-04-28 06:49:45,,2,10
744768536290487,473799648489998,2018,40,4,49,81.0,2.0,1,LECU,1,LECU,1,2020-04-28 06:49:45,,2,10
744768537290487,473799648489998,2018,40,4,49,81.0,3.0,2,LECU,1,LECU,45,2020-04-28 06:49:45,,2,10
744768538290487,473799648489998,2018,40,4,49,81.0,4.0,1,LECU,1,LECU,3,2020-04-28 06:49:45,,2,10
744768553290487,473799651489998,2018,40,5,137,14.0,1.0,1,LECU,1,LECU,2,2020-04-28 06:49:45,,2,10
499057406126144,124094186010478,2008,40,2,97,131.0,3.0,1,LIGUS2,1,LIGUS2,1,2018-01-25 14:35:54,2018-03-29 14:57:11,7,1
499057407126144,124094186010478,2008,40,2,97,131.0,4.0,1,ALJU,1,ALJU,5,2018-01-25 14:35:54,2018-03-29 14:57:21,7,1
499057408126144,124094276010478,2008,40,2,97,100.0,1.0,1,LOJA,1,LOJA,5,2018-01-25 14:35:54,2018-03-29 14:57:11,7,1
499057409126144,124094276010478,2008,40,2,97,100.0,2.0,1,LIGUS2,1,LIGUS2,5,2018-01-25 14:35:54,2018-03-29 14:57:11,7,1
499057410126144,124094276010478,2008,40,2,97,100.0,2.0,1,ROSA5,1,ROSA5,5,2018-01-25 14:35:54,2018-03-29 14:57:11,7,1
499057411126144,124094276010478,2008,40,2,97,100.0,2.0,1,LOJA,1,LOJA,1,2018-01-25 14:35:54,2018-03-29 14:57:11,7,1
499057412126144,124094276010478,2008,40,2,97,100.0,3.0,2,LIGUS2,1,LIGUS2,5,2018-01-25 14:35:54,2018-03-29 14:57:11,7,1
499057413126144,124094276010478,2008,40,2,97,100.0,4.0,2,LIGUS2,1,LIGUS2,1,2018-01-25 14:35:54,2018-03-29 14:57:11,7,1
499088432126144,157308372010478,2008,40,1,79,305.0,1.0,1,LIGUS2,1,LIGUS2,5,2018-01-25 14:36:04,2018-03-29 14:57:13,7,1
499088433126144,157308372010478,2008,40,1,79,305.0,3.0,1,LIGUS2,1,LIGUS2,1,2018-01-25 14:36:04,2018-03-29 14:57:13,7,1
499088434126144,157308475010478,2008,40,1,79,293.0,1.0,1,LIGUS2,1,LIGUS2,1,2018-01-25 14:36:04,2018-03-29 14:57:13,7,1
499088435126144,157308475010478,2008,40,1,79,293.0,3.0,1,LIGUS2,1,LIGUS2,30,2018-01-25 14:36:04,2018-03-29 14:57:13,7,1
499088072126144,157283896010478,2008,40,1,61,137.0,4.0,1,LIGUS2,1,LIGUS2,5,2018-01-25 14:36:04,2018-03-29 14:57:13,7,1
499087770126144,157262408010478,2008,40,1,89,327.0,1.0,1,LOJA,1,LOJA,5,2018-01-25 14:36:04,2018-03-29 14:57:12,7,1
499087771126144,157262408010478,2008,40,1,89,327.0,4.0,1,LOJA,1,LOJA,5,2018-01-25 14:36:04,2018-03-29 14:57:12,7,1
499057852126144,124114257010478,2008,40,2,135,151.0,1.0,1,LECU,1,LECU,5,2018-01-25 14:35:55,2018-03-29 14:57:11,7,1
499057853126144,124114257010478,2008,40,2,135,151.0,2.0,1,VINCA,1,VINCA,1,2018-01-25 14:35:55,2018-03-29 14:57:11,7,1
499057854126144,124114257010478,2008,40,2,135,151.0,2.0,1,LECU,1,LECU,1,2018-01-25 14:35:55,2018-03-29 14:57:11,7,1
499057855126144,124114257010478,2008,40,2,135,151.0,4.0,1,LECU,1,LECU,1,2018-01-25 14:35:55,2018-03-29 14:57:11,7,1
499057859126144,124114532010478,2008,40,2,135,162.0,1.0,1,SCAR7,1,SCAR7,70,2018-01-25 14:35:55,2020-08-10 11:38:55,7,1
499057860126144,124114532010478,2008,40,2,135,162.0,1.0,1,LECU,1,LECU,30,2018-01-25 14:35:55,2018-03-29 14:57:11,7,1
499057861126144,124114532010478,2008,40,2,135,162.0,2.0,1,LIGUS2,1,LIGUS2,1,2018-01-25 14:35:55,2018-03-29 14:57:11,7,1
499057862126144,124114532010478,2008,40,2,135,162.0,2.0,1,LOJA,1,LOJA,5,2018-01-25 14:35:55,2018-03-29 14:57:11,7,1
499057863126144,124114532010478,2008,40,2,135,162.0,2.0,1,SCAR7,1,SCAR7,5,2018-01-25 14:35:55,2020-08-10 11:38:55,7,1
499057550126144,124101448010478,2008,40,2,21,124.0,4.0,1,ROSA5,1,ROSA5,5,2018-01-25 14:35:55,2018-03-29 14:57:11,7,1
499057551126144,124101543010478,2008,40,2,21,139.0,1.0,1,SCAR7,1,SCAR7,30,2018-01-25 14:35:55,2020-08-10 11:38:55,7,1
499057552126144,124101543010478,2008,40,2,21,139.0,3.0,1,SCAR7,1,SCAR7,30,2018-01-25 14:35:55,2020-08-10 11:38:55,7,1
499057553126144,124101543010478,2008,40,2,21,139.0,4.0,1,SCAR7,1,SCAR7,30,2018-01-25 14:35:55,2020-08-10 11:38:55,7,1
499057434126144,124095876010478,2008,40,2,1,117.0,4.0,1,ROSA5,1,ROSA5,5,2018-01-25 14:35:54,2018-03-29 14:57:11,7,1
499057435126144,124096025010478,2008,40,2,1,108.0,1.0,1,ROSA5,1,ROSA5,30,2018-01-25 14:35:54,2018-03-29 14:57:11,7,1
499057436126144,124096025010478,2008,40,2,1,108.0,4.0,1,LOJA,1,LOJA,30,2018-01-25 14:35:54,2018-03-29 14:57:11,7,1
499057750126144,124109621010478,2008,40,2,101,184.0,3.0,2,LIGUS2,1,LIGUS2,1,2018-01-25 14:35:55,2018-03-29 14:57:11,7,1
499057751126144,124109621010478,2008,40,2,101,184.0,3.0,2,ROSA5,1,ROSA5,1,2018-01-25 14:35:55,2018-03-29 14:57:11,7,1
499088611126144,157326097010478,2008,40,1,89,384.0,1.0,1,ROSA5,1,ROSA5,1,2018-01-25 14:36:04,2018-03-29 14:57:13,7,1
499057289126144,124089909010478,2008,40,2,91,150.0,1.0,1,ROSA5,1,ROSA5,5,2018-01-25 14:35:54,2018-03-29 14:57:10,7,1
499057290126144,124089909010478,2008,40,2,91,150.0,1.0,1,SCAR7,1,SCAR7,5,2018-01-25 14:35:54,2020-08-10 11:38:55,7,1
499057291126144,124089909010478,2008,40,2,91,150.0,1.0,1,LESPE,1,LESPE,1,2018-01-25 14:35:54,2018-03-29 14:57:11,7,1
499057292126144,124089909010478,2008,40,2,91,150.0,1.0,1,LECU,1,LECU,30,2018-01-25 14:35:54,2018-03-29 14:57:11,7,1
499057293126144,124089909010478,2008,40,2,91,150.0,2.0,1,ROSA5,1,ROSA5,5,2018-01-25 14:35:54,2018-03-29 14:57:11,7,1
499057294126144,124089909010478,2008,40,2,91,150.0,2.0,1,SCAR7,1,SCAR7,5,2018-01-25 14:35:54,2020-08-10 11:38:55,7,1
499057295126144,124089909010478,2008,40,2,91,150.0,2.0,1,LECU,1,LECU,5,2018-01-25 14:35:54,2018-03-29 14:57:11,7,1
499057296126144,124089909010478,2008,40,2,91,150.0,4.0,2,SCAR7,1,SCAR7,1,2018-01-25 14:35:54,2020-08-10 11:38:55,7,1
499057297126144,124090053010478,2008,40,2,91,153.0,1.0,1,ROSA5,1,ROSA5,1,2018-01-25 14:35:54,2018-03-29 14:57:11,7,1
499057298126144,124090053010478,2008,40,2,91,153.0,1.0,1,SCAR7,1,SCAR7,1,2018-01-25 14:35:54,2020-08-10 11:38:55,7,1
499057299126144,124090053010478,2008,40,2,91,153.0,1.0,1,LECU,1,LECU,5,2018-01-25 14:35:54,2018-03-29 14:57:11,7,1
499057300126144,124090053010478,2008,40,2,91,153.0,2.0,1,LECU,1,LECU,70,2018-01-25 14:35:54,2018-03-29 14:57:11,7,1
499057301126144,124090053010478,2008,40,2,91,153.0,3.0,1,SCAR7,1,SCAR7,1,2018-01-25 14:35:54,2020-08-10 11:38:55,7,1
499057302126144,124090053010478,2008,40,2,91,153.0,3.0,1,LECU,1,LECU,70,2018-01-25 14:35:54,2018-03-29 14:57:11,7,1
499057303126144,124090053010478,2008,40,2,91,153.0,4.0,1,SCAR7,1,SCAR7,1,2018-01-25 14:35:54,2020-08-10 11:38:55,7,1
499057304126144,124090053010478,2008,40,2,91,153.0,4.0,1,LECU,1,LECU,5,2018-01-25 14:35:54,2018-03-29 14:57:11,7,1
499057305126144,124090092010478,2008,40,2,91,142.0,1.0,1,SCAR7,1,SCAR7,30,2018-01-25 14:35:54,2020-08-10 11:38:55,7,1
499057306126144,124090092010478,2008,40,2,91,142.0,1.0,1,LECU,1,LECU,1,2018-01-25 14:35:54,2018-03-29 14:57:11,7,1
499057307126144,124090092010478,2008,40,2,91,142.0,2.0,1,SCAR7,1,SCAR7,5,2018-01-25 14:35:54,2020-08-10 11:38:55,7,1
499057308126144,124090092010478,2008,40,2,91,142.0,2.0,1,LECU,1,LECU,1,2018-01-25 14:35:54,2018-03-29 14:57:11,7,1
499057309126144,124090092010478,2008,40,2,91,142.0,3.0,1,AIAL,1,AIAL,1,2018-01-25 14:35:54,2018-03-29 14:57:11,7,1
499057310126144,124090092010478,2008,40,2,91,142.0,3.0,1,SCAR7,1,SCAR7,5,2018-01-25 14:35:54,2020-08-10 11:38:55,7,1
499057311126144,124090092010478,2008,40,2,91,142.0,3.0,1,LESPE,1,LESPE,1,2018-01-25 14:35:54,2018-03-29 14:57:11,7,1
499057312126144,124090092010478,2008,40,2,91,142.0,3.0,1,LECU,1,LECU,1,2018-01-25 14:35:54,2018-03-29 14:57:11,7,1
499057313126144,124090092010478,2008,40,2,91,142.0,4.0,1,SCAR7,1,SCAR7,30,2018-01-25 14:35:54,2020-08-10 11:38:55,7,1
499057314126144,124090092010478,2008,40,2,91,142.0,4.0,1,LESPE,1,LESPE,1,2018-01-25 14:35:54,2018-03-29 14:57:11,7,1
499057315126144,124090092010478,2008,40,2,91,142.0,4.0,1,LECU,1,LECU,1,2018-01-25 14:35:54,2018-03-29 14:57:11,7,1
499057528126144,124101104010478,2008,40,2,21,130.0,3.0,1,LESPE,1,LESPE,30,2018-01-25 14:35:55,2018-03-29 14:57:11,7,1
499087898126144,157270157010478,2008,40,1,121,273.0,2.0,1,LOJA,1,LOJA,70,2018-01-25 14:36:04,2018-03-29 14:57:12,7,1
499087899126144,157270157010478,2008,40,1,121,273.0,2.0,1,LECU,1,LECU,1,2018-01-25 14:36:04,2018-03-29 14:57:12,7,1
499087900126144,157270157010478,2008,40,1,121,273.0,3.0,1,LOJA,1,LOJA,30,2018-01-25 14:36:04,2018-03-29 14:57:12,7,1
499087901126144,157270157010478,2008,40,1,121,273.0,4.0,1,LIGUS2,1,LIGUS2,1,2018-01-25 14:36:04,2018-03-29 14:57:12,7,1
499087902126144,157270157010478,2008,40,1,121,273.0,4.0,1,ROSA5,1,ROSA5,1,2018-01-25 14:36:04,2018-03-29 14:57:21,7,1
499087903126144,157270157010478,2008,40,1,121,273.0,4.0,1,LOJA,1,LOJA,30,2018-01-25 14:36:04,2018-03-29 14:57:12,7,1
499087905126144,157270919010478,2008,40,1,127,226.0,2.0,1,SCAR7,1,SCAR7,30,2018-01-25 14:36:04,2020-08-10 11:38:55,7,1
499087910126144,157271170010478,2008,40,1,127,209.0,1.0,1,LIGUS2,1,LIGUS2,1,2018-01-25 14:36:04,2018-03-29 14:57:12,7,1
499087911126144,157271170010478,2008,40,1,127,209.0,2.0,1,LIGUS2,1,LIGUS2,1,2018-01-25 14:36:04,2018-03-29 14:57:12,7,1
499087912126144,157271170010478,2008,40,1,127,209.0,3.0,1,LIGUS2,1,LIGUS2,1,2018-01-25 14:36:04,2018-03-29 14:57:12,7,1
499088622126144,157327136010478,2008,40,1,89,344.0,1.0,1,LIGUS2,1,LIGUS2,5,2018-01-25 14:36:04,2018-03-29 14:57:13,7,1
499088623126144,157327136010478,2008,40,1,89,344.0,2.0,1,LOJA,1,LOJA,5,2018-01-25 14:36:04,2018-03-29 14:57:13,7,1
499088624126144,157327136010478,2008,40,1,89,344.0,3.0,1,LOJA,1,LOJA,30,2018-01-25 14:36:04,2018-03-29 14:57:13,7,1
499088625126144,157327136010478,2008,40,1,89,344.0,4.0,1,LIGUS2,1,LIGUS2,5,2018-01-25 14:36:04,2018-03-29 14:57:13,7,1
499088626126144,157327136010478,2008,40,1,89,344.0,4.0,1,LOJA,1,LOJA,30,2018-01-25 14:36:04,2018-03-29 14:57:13,7,1
499088420126144,157308043010478,2008,40,1,79,189.0,1.0,1,AIAL,1,AIAL,5,2018-01-25 14:36:04,2018-03-29 14:57:13,7,1
499088421126144,157308043010478,2008,40,1,79,189.0,1.0,1,LIGUS2,1,LIGUS2,1,2018-01-25 14:36:04,2018-03-29 14:57:13,7,1
499088422126144,157308043010478,2008,40,1,79,189.0,2.0,1,LIGUS2,1,LIGUS2,5,2018-01-25 14:36:04,2018-03-29 14:57:13,7,1
499088423126144,157308043010478,2008,40,1,79,189.0,2.0,1,LOJA,1,LOJA,70,2018-01-25 14:36:04,2018-03-29 14:57:13,7,1
499088424126144,157308043010478,2008,40,1,79,189.0,3.0,1,LIGUS2,1,LIGUS2,1,2018-01-25 14:36:04,2018-03-29 14:57:13,7,1
499088425126144,157308043010478,2008,40,1,79,189.0,3.0,1,LOJA,1,LOJA,5,2018-01-25 14:36:04,2018-03-29 14:57:13,7,1
499088429126144,157308248010478,2008,40,1,79,196.0,2.0,2,LIGUS2,1,LIGUS2,5,2018-01-25 14:36:04,2018-03-29 14:57:13,7,1
499088430126144,157308248010478,2008,40,1,79,196.0,2.0,2,LOJA,1,LOJA,30,2018-01-25 14:36:04,2018-03-29 14:57:13,7,1
499057645126144,124104178010478,2008,40,2,41,112.0,2.0,1,LOJA,1,LOJA,70,2018-01-25 14:35:55,2018-03-29 14:57:21,7,1
499057647126144,124104551010478,2008,40,2,41,141.0,3.0,1,LIGUS2,1,LIGUS2,5,2018-01-25 14:35:55,2018-03-29 14:57:11,7,1
499057648126144,124104551010478,2008,40,2,41,141.0,3.0,1,LECU,1,LECU,5,2018-01-25 14:35:55,2018-03-29 14:57:11,7,1
499057649126144,124104551010478,2008,40,2,41,141.0,3.0,2,LIGUS2,1,LIGUS2,5,2018-01-25 14:35:55,2018-03-29 14:57:11,7,1
499057650126144,124104551010478,2008,40,2,41,141.0,3.0,2,LECU,1,LECU,5,2018-01-25 14:35:55,2018-03-29 14:57:11,7,1
499057651126144,124104665010478,2008,40,2,41,114.0,2.0,1,MIVI,1,MIVI,5,2018-01-25 14:35:55,2018-03-29 14:57:11,7,1
499057652126144,124104665010478,2008,40,2,41,114.0,4.0,1,MIVI,1,MIVI,5,2018-01-25 14:35:55,2018-03-29 14:57:11,7,1
499088287126144,157297342010478,2008,40,1,23,155.0,4.0,1,ROSA5,1,ROSA5,5,2018-01-25 14:36:04,2018-03-29 14:57:13,7,1
499088068126144,157283896010478,2008,40,1,61,137.0,1.0,1,LIGUS2,1,LIGUS2,1,2018-01-25 14:36:04,2018-03-29 14:57:13,7,1
499088069126144,157283896010478,2008,40,1,61,137.0,3.0,1,LIGUS2,1,LIGUS2,30,2018-01-25 14:36:04,2018-03-29 14:57:13,7,1
499088070126144,157283896010478,2008,40,1,61,137.0,3.0,1,ROSA5,1,ROSA5,5,2018-01-25 14:36:04,2018-03-29 14:57:13,7,1
499088071126144,157283896010478,2008,40,1,61,137.0,3.0,1,LOJA,1,LOJA,5,2018-01-25 14:36:04,2018-03-29 14:57:13,7,1
499057316126144,124090315010478,2008,40,2,91,164.0,1.0,1,ROSA5,1,ROSA5,1,2018-01-25 14:35:54,2018-03-29 14:57:11,7,1
499057317126144,124090315010478,2008,40,2,91,164.0,2.0,1,ROSA5,1,ROSA5,1,2018-01-25 14:35:54,2018-03-29 14:57:11,7,1
499057318126144,124090315010478,2008,40,2,91,164.0,2.0,1,LOJA,1,LOJA,5,2018-01-25 14:35:54,2018-03-29 14:57:11,7,1
499057319126144,124090315010478,2008,40,2,91,164.0,3.0,1,LIGUS2,1,LIGUS2,1,2018-01-25 14:35:54,2018-03-29 14:57:11,7,1
499057320126144,124090315010478,2008,40,2,91,164.0,3.0,1,ROSA5,1,ROSA5,1,2018-01-25 14:35:54,2018-03-29 14:57:11,7,1
499057321126144,124090315010478,2008,40,2,91,164.0,3.0,1,LOJA,1,LOJA,5,2018-01-25 14:35:54,2018-03-29 14:57:11,7,1
499057322126144,124090315010478,2008,40,2,91,164.0,3.0,1,LECU,1,LECU,1,2018-01-25 14:35:54,2018-03-29 14:57:11,7,1
499057323126144,124090315010478,2008,40,2,91,164.0,4.0,1,ROSA5,1,ROSA5,1,2018-01-25 14:35:54,2018-03-29 14:57:11,7,1
499057324126144,124090315010478,2008,40,2,91,164.0,4.0,1,LECU,1,LECU,5,2018-01-25 14:35:54,2018-03-29 14:57:11,7,1
499057325126144,124090419010478,2008,40,2,91,166.0,1.0,1,ROSA5,1,ROSA5,5,2018-01-25 14:35:54,2018-03-29 14:57:11,7,1
499057326126144,124090419010478,2008,40,2,91,166.0,2.0,1,ROSA5,1,ROSA5,1,2018-01-25 14:35:54,2018-03-29 14:57:11,7,1
499088550126144,157322254010478,2008,40,1,89,331.0,1.0,1,ROSA5,1,ROSA5,5,2018-01-25 14:36:04,2018-03-29 14:57:13,7,1
499088551126144,157322254010478,2008,40,1,89,331.0,4.0,1,LOJA,1,LOJA,1,2018-01-25 14:36:04,2018-03-29 14:57:13,7,1
499088552126144,157322295010478,2008,40,1,89,317.0,3.0,1,LOJA,1,LOJA,1,2018-01-25 14:36:04,2018-03-29 14:57:13,7,1
499088553126144,157322295010478,2008,40,1,89,317.0,4.0,1,LOJA,1,LOJA,5,2018-01-25 14:36:04,2018-03-29 14:57:13,7,1
499088555126144,157322409010478,2008,40,1,89,293.0,1.0,1,LOJA,1,LOJA,5,2018-01-25 14:36:04,2018-03-29 14:57:13,7,1
499088556126144,157322409010478,2008,40,1,89,293.0,2.0,1,LOJA,1,LOJA,5,2018-01-25 14:36:04,2018-03-29 14:57:13,7,1
499088557126144,157322409010478,2008,40,1,89,293.0,3.0,1,LOJA,1,LOJA,1,2018-01-25 14:36:04,2018-03-29 14:57:13,7,1
499057598126144,124102618010478,2008,40,2,21,136.0,4.0,2,LOJA,1,LOJA,5,2018-01-25 14:35:55,2018-03-29 14:57:11,7,1
499057599126144,124102618010478,2008,40,2,21,136.0,4.0,2,LESPE,1,LESPE,1,2018-01-25 14:35:55,2018-03-29 14:57:11,7,1
499057600126144,124102618010478,2008,40,2,21,136.0,4.0,2,LECU,1,LECU,30,2018-01-25 14:35:55,2018-03-29 14:57:11,7,1
499057357126144,124091566010478,2008,40,2,91,88.0,2.0,1,ROSA5,1,ROSA5,5,2018-01-25 14:35:54,2018-03-29 14:57:21,7,1
499057358126144,124091566010478,2008,40,2,91,88.0,3.0,1,ROSA5,1,ROSA5,1,2018-01-25 14:35:54,2018-03-29 14:57:11,7,1
499057359126144,124091630010478,2008,40,2,91,89.0,4.0,1,ROSA5,1,ROSA5,1,2018-01-25 14:35:54,2018-03-29 14:57:11,7,1
499057360126144,124091630010478,2008,40,2,91,89.0,4.0,1,MIVI,1,MIVI,30,2018-01-25 14:35:54,2018-03-29 14:57:11,7,1
499057361126144,124091630010478,2008,40,2,91,89.0,4.0,1,LECU,1,LECU,5,2018-01-25 14:35:54,2018-03-29 14:57:11,7,1
499088608126144,157325580010478,2008,40,1,89,333.0,1.0,1,LOJA,1,LOJA,1,2018-01-25 14:36:04,2018-03-29 14:57:13,7,1
499088609126144,157325580010478,2008,40,1,89,333.0,2.0,1,LOJA,1,LOJA,1,2018-01-25 14:36:04,2018-03-29 14:57:21,7,1
499088610126144,157325580010478,2008,40,1,89,333.0,4.0,1,LOJA,1,LOJA,1,2018-01-25 14:36:04,2018-03-29 14:57:13,7,1
499057440126144,124097206010478,2008,40,2,1,111.0,1.0,1,LESPE,1,LESPE,5,2018-01-25 14:35:54,2018-03-29 14:57:11,7,1
499057610126144,124102886010478,2008,40,2,21,137.0,1.0,1,ROSA5,1,ROSA5,1,2018-01-25 14:35:55,2018-03-29 14:57:11,7,1
499057611126144,124102886010478,2008,40,2,21,137.0,1.0,1,LECU,1,LECU,5,2018-01-25 14:35:55,2018-03-29 14:57:11,7,1
499057612126144,124102886010478,2008,40,2,21,137.0,2.0,1,ROSA5,1,ROSA5,1,2018-01-25 14:35:55,2018-03-29 14:57:11,7,1
499057613126144,124102886010478,2008,40,2,21,137.0,2.0,1,LECU,1,LECU,5,2018-01-25 14:35:55,2018-03-29 14:57:11,7,1
499057614126144,124102886010478,2008,40,2,21,137.0,3.0,1,ROSA5,1,ROSA5,1,2018-01-25 14:35:55,2018-03-29 14:57:11,7,1
499057615126144,124102886010478,2008,40,2,21,137.0,3.0,1,LECU,1,LECU,5,2018-01-25 14:35:55,2018-03-29 14:57:11,7,1
499057616126144,124102886010478,2008,40,2,21,137.0,4.0,1,ROSA5,1,ROSA5,1,2018-01-25 14:35:55,2018-03-29 14:57:11,7,1
499057617126144,124102886010478,2008,40,2,21,137.0,4.0,1,LECU,1,LECU,5,2018-01-25 14:35:55,2018-03-29 14:57:11,7,1
499057618126144,124102916010478,2008,40,2,21,154.0,1.0,1,LESPE,1,LESPE,5,2018-01-25 14:35:55,2018-03-29 14:57:11,7,1
499057511126144,124100901010478,2008,40,2,21,125.0,1.0,1,LIGUS2,1,LIGUS2,1,2018-01-25 14:35:55,2018-03-29 14:57:11,7,1
499057512126144,124100901010478,2008,40,2,21,125.0,1.0,1,ROSA5,1,ROSA5,5,2018-01-25 14:35:55,2018-03-29 14:57:11,7,1
499057513126144,124100901010478,2008,40,2,21,125.0,1.0,1,SCAR7,1,SCAR7,5,2018-01-25 14:35:55,2020-08-10 11:38:55,7,1
499057514126144,124100901010478,2008,40,2,21,125.0,1.0,1,LECU,1,LECU,5,2018-01-25 14:35:55,2018-03-29 14:57:11,7,1
499057515126144,124100901010478,2008,40,2,21,125.0,2.0,1,LIGUS2,1,LIGUS2,5,2018-01-25 14:35:55,2018-03-29 14:57:11,7,1
499057516126144,124100901010478,2008,40,2,21,125.0,2.0,1,ROSA5,1,ROSA5,5,2018-01-25 14:35:55,2018-03-29 14:57:11,7,1
499057517126144,124100901010478,2008,40,2,21,125.0,2.0,1,SCAR7,1,SCAR7,5,2018-01-25 14:35:55,2020-08-10 11:38:55,7,1
499057518126144,124100901010478,2008,40,2,21,125.0,2.0,1,LECU,1,LECU,5,2018-01-25 14:35:55,2018-03-29 14:57:11,7,1
499057519126144,124100901010478,2008,40,2,21,125.0,3.0,1,LIGUS2,1,LIGUS2,5,2018-01-25 14:35:55,2018-03-29 14:57:11,7,1
499057520126144,124100901010478,2008,40,2,21,125.0,3.0,1,ROSA5,1,ROSA5,1,2018-01-25 14:35:55,2018-03-29 14:57:11,7,1
499057521126144,124100901010478,2008,40,2,21,125.0,3.0,1,SCAR7,1,SCAR7,5,2018-01-25 14:35:55,2020-08-10 11:38:55,7,1
499057522126144,124100901010478,2008,40,2,21,125.0,3.0,1,LECU,1,LECU,30,2018-01-25 14:35:55,2018-03-29 14:57:11,7,1
499057525126144,124101044010478,2008,40,2,21,168.0,4.0,2,ROSA5,1,ROSA5,1,2018-01-25 14:35:55,2018-03-29 14:57:11,7,1
499057742126144,124109193010478,2008,40,2,101,181.0,3.0,2,LECU,1,LECU,5,2018-01-25 14:35:55,2018-03-29 14:57:11,7,1
499057743126144,124109193010478,2008,40,2,101,181.0,4.0,2,LECU,1,LECU,95,2018-01-25 14:35:55,2018-03-29 14:57:11,7,1
499057370126144,124092767010478,2008,40,2,97,147.0,3.0,1,ROSA5,1,ROSA5,5,2018-01-25 14:35:54,2018-03-29 14:57:11,7,1
499057371126144,124092862010478,2008,40,2,97,117.0,3.0,2,ALJU,1,ALJU,1,2018-01-25 14:35:54,2018-03-29 14:57:11,7,1
499057372126144,124092862010478,2008,40,2,97,117.0,3.0,2,SCAR7,1,SCAR7,5,2018-01-25 14:35:54,2020-08-10 11:38:55,7,1
499057373126144,124092925010478,2008,40,2,97,145.0,1.0,1,ROSA5,1,ROSA5,1,2018-01-25 14:35:54,2018-03-29 14:57:11,7,1
499088296126144,157297598010478,2008,40,1,23,135.0,4.0,1,LOJA,1,LOJA,5,2018-01-25 14:36:04,2018-03-29 14:57:13,7,1
499088255126144,157295977010478,2008,40,1,23,171.0,1.0,1,ROSA5,1,ROSA5,1,2018-01-25 14:36:04,2018-03-29 14:57:13,7,1
499088256126144,157295977010478,2008,40,1,23,171.0,4.0,1,ROSA5,1,ROSA5,1,2018-01-25 14:36:04,2018-03-29 14:57:13,7,1
499088257126144,157295977010478,2008,40,1,23,171.0,4.0,1,LECU,1,LECU,1,2018-01-25 14:36:04,2018-03-29 14:57:13,7,1
499088244126144,157295645010478,2008,40,1,23,138.0,1.0,1,LIGUS2,1,LIGUS2,5,2018-01-25 14:36:04,2018-03-29 14:57:13,7,1
499088245126144,157295645010478,2008,40,1,23,138.0,1.0,1,LOJA,1,LOJA,5,2018-01-25 14:36:04,2018-03-29 14:57:13,7,1
499088246126144,157295645010478,2008,40,1,23,138.0,2.0,1,LIGUS2,1,LIGUS2,30,2018-01-25 14:36:04,2018-03-29 14:57:13,7,1
499088247126144,157295645010478,2008,40,1,23,138.0,2.0,1,LOJA,1,LOJA,5,2018-01-25 14:36:04,2018-03-29 14:57:13,7,1
499088248126144,157295645010478,2008,40,1,23,138.0,3.0,1,LIGUS2,1,LIGUS2,5,2018-01-25 14:36:04,2018-03-29 14:57:13,7,1
499088249126144,157295645010478,2008,40,1,23,138.0,3.0,1,LOJA,1,LOJA,5,2018-01-25 14:36:04,2018-03-29 14:57:13,7,1
499088250126144,157295645010478,2008,40,1,23,138.0,4.0,1,LIGUS2,1,LIGUS2,5,2018-01-25 14:36:04,2018-03-29 14:57:13,7,1
499088251126144,157295645010478,2008,40,1,23,138.0,4.0,1,LOJA,1,LOJA,5,2018-01-25 14:36:04,2018-03-29 14:57:13,7,1
499088310126144,157298403010478,2008,40,1,29,85.0,2.0,2,LIGUS2,1,LIGUS2,5,2018-01-25 14:36:04,2018-03-29 14:57:13,7,1
499088311126144,157298403010478,2008,40,1,29,85.0,2.0,2,ROSA5,1,ROSA5,5,2018-01-25 14:36:04,2018-03-29 14:57:13,7,1
499088312126144,157298403010478,2008,40,1,29,85.0,2.0,2,LOJA,1,LOJA,5,2018-01-25 14:36:04,2018-03-29 14:57:13,7,1
499088313126144,157298451010478,2008,40,1,61,115.0,3.0,2,LIGUS2,1,LIGUS2,30,2018-01-25 14:36:04,2018-03-29 14:57:13,7,1
499088314126144,157298451010478,2008,40,1,61,115.0,3.0,2,LECU,1,LECU,5,2018-01-25 14:36:04,2018-03-29 14:57:21,7,1
499088214126144,157294329010478,2008,40,1,23,97.0,3.0,2,ROSA5,1,ROSA5,30,2018-01-25 14:36:04,2018-03-29 14:57:13,7,1
499088215126144,157294329010478,2008,40,1,23,97.0,3.0,2,LOJA,1,LOJA,1,2018-01-25 14:36:04,2018-03-29 14:57:13,7,1
499088218126144,157294494010478,2008,40,1,23,157.0,1.0,1,LIGUS2,1,LIGUS2,5,2018-01-25 14:36:04,2018-03-29 14:57:13,7,1
499088219126144,157294494010478,2008,40,1,23,157.0,1.0,1,LOJA,1,LOJA,5,2018-01-25 14:36:04,2018-03-29 14:57:13,7,1
499088220126144,157294494010478,2008,40,1,23,157.0,2.0,1,LIGUS2,1,LIGUS2,5,2018-01-25 14:36:04,2018-03-29 14:57:13,7,1
499088221126144,157294494010478,2008,40,1,23,157.0,2.0,1,LOJA,1,LOJA,5,2018-01-25 14:36:04,2018-03-29 14:57:13,7,1
499088368126144,157301440010478,2008,40,1,77,89.0,4.0,1,LECU,1,LECU,1,2018-01-25 14:36:04,2018-03-29 14:57:13,7,1
744766885290487,473799357489998,2018,40,4,133,33.0,3.0,1,LOJA,1,LOJA,65,2020-04-28 06:49:38,,2,10
744766886290487,473799357489998,2018,40,4,133,33.0,4.0,1,LOJA,1,LOJA,8,2020-04-28 06:49:38,,2,10
744766893290487,473799358489998,2018,40,4,133,44.0,4.0,2,LOJA,1,LOJA,5,2020-04-28 06:49:38,,2,10
744766894290487,473799358489998,2018,40,4,133,44.0,2.0,2,ROSA5,1,ROSA5,1,2020-04-28 06:49:38,,2,10
744766895290487,473799358489998,2018,40,4,133,44.0,3.0,3,ROSA5,1,ROSA5,3,2020-04-28 06:49:38,,2,10
744766896290487,473799358489998,2018,40,4,133,44.0,4.0,2,ROSA5,1,ROSA5,3,2020-04-28 06:49:38,,2,10
744767595290487,473799488489998,2018,40,4,63,49.0,3.0,2,LECU,1,LECU,10,2020-04-28 06:49:41,,2,10
744767600290487,473799489489998,2018,40,3,143,53.0,1.0,1,LECU,1,LECU,1,2020-04-28 06:49:41,,2,10
744767829290487,473799521489998,2018,40,4,49,87.0,2.0,2,LECU,1,LECU,3,2020-04-28 06:49:42,,2,10
744767839290487,473799523489998,2018,40,4,109,55.0,2.0,2,LIGUS2,1,LIGUS2,1,2020-04-28 06:49:42,,2,10
744767840290487,473799523489998,2018,40,4,109,55.0,3.0,2,LIGUS2,1,LIGUS2,85,2020-04-28 06:49:42,,2,10
744767841290487,473799523489998,2018,40,4,109,55.0,3.0,2,LOJA,1,LOJA,2,2020-04-28 06:49:42,,2,10
744767913290487,473799534489998,2018,40,3,145,24.0,1.0,1,LECU,1,LECU,10,2020-04-28 06:49:42,,2,10
744767914290487,473799534489998,2018,40,3,145,24.0,2.0,1,LECU,1,LECU,30,2020-04-28 06:49:42,,2,10
744767915290487,473799534489998,2018,40,3,145,24.0,3.0,1,LECU,1,LECU,50,2020-04-28 06:49:42,,2,10
744767916290487,473799534489998,2018,40,3,145,24.0,4.0,1,LECU,1,LECU,15,2020-04-28 06:49:42,,2,10
744767917290487,473799534489998,2018,40,3,145,24.0,4.0,1,LOJA,1,LOJA,4,2020-04-28 06:49:42,,2,10
744767954290487,473799543489998,2018,40,4,111,46.0,2.0,1,LECU,1,LECU,2,2020-04-28 06:49:42,,2,10
744767955290487,473799543489998,2018,40,4,111,46.0,3.0,1,LECU,1,LECU,1,2020-04-28 06:49:42,,2,10
744767956290487,473799543489998,2018,40,4,111,46.0,4.0,1,LECU,1,LECU,2,2020-04-28 06:49:42,,2,10
744768001290487,473799554489998,2018,40,4,69,66.0,4.0,1,ALJU,1,ALJU,2,2020-04-28 06:49:43,,2,10
744768002290487,473799554489998,2018,40,4,69,66.0,1.0,1,LIGUS2,1,LIGUS2,15,2020-04-28 06:49:43,,2,10
744768003290487,473799554489998,2018,40,4,69,66.0,2.0,1,LIGUS2,1,LIGUS2,3,2020-04-28 06:49:43,,2,10
744768004290487,473799554489998,2018,40,4,69,66.0,4.0,1,LIGUS2,1,LIGUS2,15,2020-04-28 06:49:43,,2,10
744768005290487,473799554489998,2018,40,4,69,66.0,1.0,1,LOJA,1,LOJA,45,2020-04-28 06:49:43,,2,10
744768006290487,473799554489998,2018,40,4,69,66.0,2.0,1,LOJA,1,LOJA,10,2020-04-28 06:49:43,,2,10
744768007290487,473799554489998,2018,40,4,69,66.0,4.0,1,LOJA,1,LOJA,30,2020-04-28 06:49:43,,2,10
744768008290487,473799554489998,2018,40,4,69,66.0,1.0,1,ROSA5,1,ROSA5,4,2020-04-28 06:49:43,,2,10
744768009290487,473799554489998,2018,40,4,69,66.0,4.0,1,ROSA5,1,ROSA5,1,2020-04-28 06:49:43,,2,10
744768038290487,473799561489998,2018,40,3,119,39.0,1.0,1,LECU,1,LECU,2,2020-04-28 06:49:43,,2,10
744768039290487,473799561489998,2018,40,3,119,39.0,2.0,1,LECU,1,LECU,1,2020-04-28 06:49:43,,2,10
744768040290487,473799561489998,2018,40,3,119,39.0,4.0,1,LECU,1,LECU,2,2020-04-28 06:49:43,,2,10
744768041290487,473799561489998,2018,40,3,119,39.0,4.0,1,LOJA,1,LOJA,1,2020-04-28 06:49:43,,2,10
744768063290487,473799566489998,2018,40,3,117,36.0,4.0,1,LECU,1,LECU,1,2020-04-28 06:49:43,,2,10
744768064290487,473799566489998,2018,40,3,117,36.0,1.0,1,LOJA,1,LOJA,1,2020-04-28 06:49:43,,2,10
744768065290487,473799566489998,2018,40,3,117,36.0,3.0,1,LOJA,1,LOJA,1,2020-04-28 06:49:43,,2,10
744768066290487,473799566489998,2018,40,3,117,36.0,3.0,1,ROSA5,1,ROSA5,1,2020-04-28 06:49:43,,2,10
744768187290487,473799571489998,2018,40,4,49,73.0,2.0,1,LECU,1,LECU,1,2020-04-28 06:49:43,,2,10
744768188290487,473799571489998,2018,40,4,49,73.0,3.0,2,LECU,1,LECU,1,2020-04-28 06:49:43,,2,10
744768189290487,473799571489998,2018,40,4,49,73.0,4.0,1,LECU,1,LECU,3,2020-04-28 06:49:43,,2,10
744768255290487,473799581489998,2018,40,4,83,11.0,1.0,1,LECU,1,LECU,1,2020-04-28 06:49:43,,2,10
744768425290487,473799623489998,2018,40,4,63,24.0,2.0,2,LECU,1,LECU,15,2020-04-28 06:49:44,,2,10
744768467290487,473799633489998,2018,40,4,125,73.0,2.0,1,LECU,1,LECU,12,2020-04-28 06:49:44,,2,10
744768468290487,473799633489998,2018,40,4,125,73.0,3.0,1,SEVA4,1,SEVA4,1,2020-04-28 06:49:44,,2,10
744768506290487,473799642489998,2018,40,4,81,88.0,4.0,1,LECU,1,LECU,2,2020-04-28 06:49:44,,2,10
744768507290487,473799642489998,2018,40,4,81,88.0,4.0,1,ROSA5,1,ROSA5,2,2020-04-28 06:49:44,,2,10
744768512290487,473799643489998,2018,40,4,125,48.0,3.0,2,LECU,1,LECU,15,2020-04-28 06:49:44,,2,10
722646007290487,471837492489998,2017,40,4,107,7.0,4.0,1,ROSA5,1,ROSA5,1,2020-02-13 13:46:23,,2,9
722646025290487,471837496489998,2017,40,3,117,16.0,4.0,1,LECU,1,LECU,2,2020-02-13 13:46:24,,2,9
722646026290487,471837496489998,2017,40,3,117,16.0,3.0,2,LOJA,1,LOJA,1,2020-02-13 13:46:24,,2,9
722646055290487,471837503489998,2017,40,4,81,27.0,4.0,1,LECU,1,LECU,1,2020-02-13 13:46:24,,2,9
722646064290487,471837505489998,2017,40,3,119,21.0,3.0,2,LECU,1,LECU,1,2020-02-13 13:46:24,,2,9
722646065290487,471837505489998,2017,40,3,119,21.0,3.0,2,ROSA5,1,ROSA5,1,2020-02-13 13:46:24,,2,9
722646076290487,471837507489998,2017,40,3,119,38.0,1.0,2,LECU,1,LECU,1,2020-02-13 13:46:24,,2,9
722646077290487,471837507489998,2017,40,3,119,38.0,3.0,2,LECU,1,LECU,1,2020-02-13 13:46:24,,2,9
722646078290487,471837507489998,2017,40,3,119,38.0,1.0,2,LOJA,1,LOJA,1,2020-02-13 13:46:24,,2,9
722646083290487,471837508489998,2017,40,4,81,55.0,1.0,1,LECU,1,LECU,1,2020-02-13 13:46:24,,2,9
722646084290487,471837508489998,2017,40,4,81,55.0,3.0,1,LECU,1,LECU,1,2020-02-13 13:46:24,,2,9
722646085290487,471837508489998,2017,40,4,81,55.0,3.0,1,LIGUS2,1,LIGUS2,1,2020-02-13 13:46:24,,2,9
722646086290487,471837508489998,2017,40,4,81,55.0,1.0,1,LOJA,1,LOJA,1,2020-02-13 13:46:24,,2,9
722646087290487,471837508489998,2017,40,4,81,55.0,3.0,1,LOJA,1,LOJA,1,2020-02-13 13:46:24,,2,9
722646105290487,471837512489998,2017,40,3,113,235.0,3.0,1,ROSA5,1,ROSA5,2,2020-02-13 13:46:24,,2,9
722646106290487,471837512489998,2017,40,3,113,235.0,4.0,1,ROSA5,1,ROSA5,5,2020-02-13 13:46:24,,2,9
722646123290487,471837516489998,2017,40,4,109,31.0,4.0,2,LIGUS2,1,LIGUS2,1,2020-02-13 13:46:24,,2,9
722646124290487,471837516489998,2017,40,4,109,31.0,4.0,2,LOJA,1,LOJA,70,2020-02-13 13:46:24,,2,9
722646125290487,471837516489998,2017,40,4,109,31.0,4.0,2,ROSA5,1,ROSA5,7,2020-02-13 13:46:24,,2,9
722646131290487,471837517489998,2017,40,4,27,23.0,4.0,2,ROSA5,1,ROSA5,1,2020-02-13 13:46:24,,2,9
722646160290487,471837524489998,2017,40,4,83,10.0,1.0,1,LECU,1,LECU,1,2020-02-13 13:46:24,,2,9
722646161290487,471837524489998,2017,40,4,83,10.0,2.0,1,LECU,1,LECU,4,2020-02-13 13:46:24,,2,9
722646162290487,471837524489998,2017,40,4,83,10.0,3.0,1,LECU,1,LECU,4,2020-02-13 13:46:24,,2,9
722646168290487,471837525489998,2017,40,4,83,19.0,1.0,1,LECU,1,LECU,1,2020-02-13 13:46:24,,2,9
722646169290487,471837525489998,2017,40,4,83,19.0,2.0,1,LECU,1,LECU,1,2020-02-13 13:46:24,,2,9
722646170290487,471837525489998,2017,40,4,83,19.0,3.0,1,LECU,1,LECU,1,2020-02-13 13:46:24,,2,9
722646171290487,471837525489998,2017,40,4,83,19.0,4.0,1,LECU,1,LECU,1,2020-02-13 13:46:24,,2,9
722646460290487,471837547489998,2017,40,5,73,88.0,4.0,2,TAMAR2,1,TAMAR2,23,2020-02-13 13:46:25,,2,9
722646530290487,471837564489998,2017,40,3,145,20.0,1.0,1,LECU,1,LECU,80,2020-02-13 13:46:25,,2,9
722646531290487,471837564489998,2017,40,3,145,20.0,2.0,1,LECU,1,LECU,37,2020-02-13 13:46:25,,2,9
722646532290487,471837564489998,2017,40,3,145,20.0,3.0,1,LECU,1,LECU,40,2020-02-13 13:46:25,,2,9
722646533290487,471837564489998,2017,40,3,145,20.0,4.0,1,LECU,1,LECU,40,2020-02-13 13:46:25,,2,9
722646534290487,471837564489998,2017,40,3,145,20.0,2.0,1,PUMOL,1,PUMOL,3,2020-02-13 13:46:25,,2,9
722646539290487,471837565489998,2017,40,4,111,9.0,3.0,1,LECU,1,LECU,1,2020-02-13 13:46:25,,2,9
722646544290487,471837566489998,2017,40,3,145,56.0,1.0,1,LECU,1,LECU,1,2020-02-13 13:46:25,,2,9
722646545290487,471837566489998,2017,40,3,145,56.0,2.0,1,LECU,1,LECU,3,2020-02-13 13:46:25,,2,9
722646546290487,471837566489998,2017,40,3,145,56.0,3.0,1,LECU,1,LECU,1,2020-02-13 13:46:25,,2,9
722646547290487,471837566489998,2017,40,3,145,56.0,4.0,1,LECU,1,LECU,1,2020-02-13 13:46:25,,2,9
722646560290487,471837569489998,2017,40,4,63,23.0,1.0,1,SEVA4,1,SEVA4,10,2020-02-13 13:46:25,,2,9
722646561290487,471837569489998,2017,40,4,63,23.0,2.0,1,SEVA4,1,SEVA4,3,2020-02-13 13:46:25,,2,9
722646562290487,471837569489998,2017,40,4,63,23.0,3.0,1,SEVA4,1,SEVA4,1,2020-02-13 13:46:25,,2,9
722646596290487,471837577489998,2017,40,3,119,1.0,1.0,1,LECU,1,LECU,15,2020-02-13 13:46:25,,2,9
722646597290487,471837577489998,2017,40,3,119,1.0,2.0,1,LECU,1,LECU,1,2020-02-13 13:46:25,,2,9
722646612290487,471837580489998,2017,40,3,37,104.0,1.0,2,LECU,1,LECU,2,2020-02-13 13:46:25,,2,9
722646613290487,471837580489998,2017,40,3,37,104.0,2.0,2,LECU,1,LECU,2,2020-02-13 13:46:25,,2,9
722646614290487,471837580489998,2017,40,3,37,104.0,3.0,2,LECU,1,LECU,4,2020-02-13 13:46:25,,2,9
722646615290487,471837580489998,2017,40,3,37,104.0,1.0,2,LIGUS2,1,LIGUS2,1,2020-02-13 13:46:25,,2,9
722646616290487,471837580489998,2017,40,3,37,104.0,2.0,2,LIGUS2,1,LIGUS2,1,2020-02-13 13:46:25,,2,9
722646617290487,471837580489998,2017,40,3,37,104.0,3.0,2,LIGUS2,1,LIGUS2,1,2020-02-13 13:46:25,,2,9
722646642290487,471837586489998,2017,40,4,125,82.0,2.0,2,LECU,1,LECU,1,2020-02-13 13:46:25,,2,9
722646643290487,471837586489998,2017,40,4,125,82.0,3.0,2,LECU,1,LECU,15,2020-02-13 13:46:25,,2,9
722646656290487,471837589489998,2017,40,4,81,69.0,1.0,1,LECU,1,LECU,4,2020-02-13 13:46:26,,2,9
722646657290487,471837589489998,2017,40,4,81,69.0,2.0,1,LECU,1,LECU,2,2020-02-13 13:46:26,,2,9
722646658290487,471837589489998,2017,40,4,81,69.0,3.0,1,LECU,1,LECU,1,2020-02-13 13:46:26,,2,9
722646659290487,471837589489998,2017,40,4,81,69.0,4.0,1,LECU,1,LECU,3,2020-02-13 13:46:26,,2,9
722646675290487,471837592489998,2017,40,4,81,92.0,1.0,2,LIGUS2,1,LIGUS2,1,2020-02-13 13:46:26,,2,9
722646676290487,471837592489998,2017,40,4,81,92.0,3.0,2,LIGUS2,1,LIGUS2,3,2020-02-13 13:46:26,,2,9
722646677290487,471837592489998,2017,40,4,81,92.0,1.0,2,LOJA,1,LOJA,3,2020-02-13 13:46:26,,2,9
722646678290487,471837592489998,2017,40,4,81,92.0,3.0,2,LOJA,1,LOJA,25,2020-02-13 13:46:26,,2,9
722646699290487,471837597489998,2017,40,4,19,75.0,3.0,1,LECU,1,LECU,1,2020-02-13 13:46:26,,2,9
722646708290487,471837599489998,2017,40,5,137,9.0,3.0,1,LECU,1,LECU,1,2020-02-13 13:46:26,,2,9
722646855290487,471837635489998,2017,40,4,63,57.0,2.0,1,ROSA5,1,ROSA5,1,2020-02-13 13:46:26,,2,9
722646861290487,471837636489998,2017,40,4,63,61.0,1.0,1,LOJA,1,LOJA,15,2020-02-13 13:46:26,,2,9
722646862290487,471837636489998,2017,40,4,63,61.0,3.0,1,LOJA,1,LOJA,20,2020-02-13 13:46:26,,2,9
722646863290487,471837636489998,2017,40,4,63,61.0,1.0,1,PYCA80,1,PYCA80,2,2020-02-13 13:46:26,,2,9
722646868290487,471837637489998,2017,40,4,63,76.0,3.0,1,LECU,1,LECU,1,2020-02-13 13:46:26,,2,9
744766884290487,473799357489998,2018,40,4,133,33.0,1.0,1,LOJA,1,LOJA,40,2020-04-28 06:49:38,,2,10
722646869290487,471837637489998,2017,40,4,63,76.0,4.0,1,LECU,1,LECU,6,2020-02-13 13:46:26,,2,9
722646870290487,471837637489998,2017,40,4,63,76.0,4.0,1,ROSA5,1,ROSA5,2,2020-02-13 13:46:26,,2,9
722647080290487,471837689489998,2017,40,7,153,37.0,3.0,1,LECU,1,LECU,2,2020-02-13 13:46:28,,2,9
722647383290487,471837764489998,2017,40,3,145,3.0,2.0,2,LIGUS2,1,LIGUS2,20,2020-02-13 13:46:28,,2,9
775640266290487,473313630489998,2018,40,2,41,159.0,4.0,1,ROSA5,1,ROSA5,2,2020-07-20 09:55:21,,9,4
775640283290487,473313634489998,2018,40,1,127,173.0,1.0,1,LECU,1,LECU,2,2020-07-20 09:55:21,,9,4
775640284290487,473313634489998,2018,40,1,127,173.0,2.0,1,ROSA5,1,ROSA5,2,2020-07-20 09:55:21,,9,4
775640313290487,473313641489998,2018,40,2,21,144.0,2.0,1,LOJA,1,LOJA,1,2020-07-20 09:55:21,,9,4
775640314290487,473313641489998,2018,40,2,21,144.0,1.0,1,ROSA5,1,ROSA5,1,2020-07-20 09:55:21,,9,4
775640315290487,473313641489998,2018,40,2,21,144.0,3.0,1,ROSA5,1,ROSA5,1,2020-07-20 09:55:21,,9,4
775640316290487,473313641489998,2018,40,2,21,144.0,4.0,1,ROSA5,1,ROSA5,1,2020-07-20 09:55:21,,9,4
775640321290487,473313642489998,2018,40,2,101,186.0,2.0,1,LECU,1,LECU,7,2020-07-20 09:55:21,,9,4
775640335290487,473313645489998,2018,40,2,101,123.0,2.0,1,LECU,1,LECU,1,2020-07-20 09:55:21,,9,4
775640336290487,473313645489998,2018,40,2,101,123.0,4.0,1,LECU,1,LECU,2,2020-07-20 09:55:21,,9,4
744768555290487,473799651489998,2018,40,5,137,14.0,3.0,1,LECU,1,LECU,2,2020-04-28 06:49:45,,2,10
744768556290487,473799651489998,2018,40,5,137,14.0,4.0,1,LECU,1,LECU,2,2020-04-28 06:49:45,,2,10
744768570290487,473799654489998,2018,40,4,87,24.0,4.0,2,LECU,1,LECU,65,2020-04-28 06:49:45,,2,10
744768575290487,473799655489998,2018,40,4,87,26.0,2.0,1,PYCA80,1,PYCA80,1,2020-04-28 06:49:45,,2,10
744768717290487,473799690489998,2018,40,4,123,8.0,1.0,1,LECU,1,LECU,20,2020-04-28 06:49:45,,2,10
744768718290487,473799690489998,2018,40,4,123,8.0,2.0,1,LECU,1,LECU,15,2020-04-28 06:49:45,,2,10
744768719290487,473799690489998,2018,40,4,123,8.0,3.0,1,LECU,1,LECU,15,2020-04-28 06:49:45,,2,10
744768720290487,473799690489998,2018,40,4,123,8.0,4.0,3,LECU,1,LECU,5,2020-04-28 06:49:45,,2,10
499057375126144,124092925010478,2008,40,2,97,145.0,2.0,1,LIGUS2,1,LIGUS2,1,2018-01-25 14:35:54,2018-03-29 14:57:11,7,1
499057376126144,124092925010478,2008,40,2,97,145.0,2.0,1,LOJA,1,LOJA,70,2018-01-25 14:35:54,2018-03-29 14:57:11,7,1
499057377126144,124092925010478,2008,40,2,97,145.0,2.0,2,LIGUS2,1,LIGUS2,1,2018-01-25 14:35:54,2018-03-29 14:57:11,7,1
499057378126144,124092925010478,2008,40,2,97,145.0,2.0,2,LOJA,1,LOJA,70,2018-01-25 14:35:54,2018-03-29 14:57:11,7,1
499057379126144,124092925010478,2008,40,2,97,145.0,3.0,1,ROSA5,1,ROSA5,5,2018-01-25 14:35:54,2018-03-29 14:57:11,7,1
499057380126144,124092925010478,2008,40,2,97,145.0,3.0,1,LOJA,1,LOJA,30,2018-01-25 14:35:54,2018-03-29 14:57:11,7,1
499057381126144,124092925010478,2008,40,2,97,145.0,3.0,1,LECU,1,LECU,1,2018-01-25 14:35:54,2018-03-29 14:57:11,7,1
499057382126144,124092925010478,2008,40,2,97,145.0,4.0,1,LIGUS2,1,LIGUS2,5,2018-01-25 14:35:54,2018-03-29 14:57:11,7,1
499057383126144,124092925010478,2008,40,2,97,145.0,4.0,1,ROSA5,1,ROSA5,1,2018-01-25 14:35:54,2018-03-29 14:57:11,7,1
499057384126144,124092925010478,2008,40,2,97,145.0,4.0,1,LOJA,1,LOJA,70,2018-01-25 14:35:54,2018-03-29 14:57:11,7,1
499057744126144,124109337010478,2008,40,2,101,135.0,3.0,2,LECU,1,LECU,30,2018-01-25 14:35:55,2018-03-29 14:57:11,7,1
499057745126144,124109373010478,2008,40,2,101,119.0,2.0,1,ROSA5,1,ROSA5,5,2018-01-25 14:35:55,2018-03-29 14:57:11,7,1
499057746126144,124109373010478,2008,40,2,101,119.0,3.0,1,ROSA5,1,ROSA5,1,2018-01-25 14:35:55,2018-03-29 14:57:11,7,1
499088601126144,157325290010478,2008,40,1,89,390.0,1.0,1,LIGUS2,1,LIGUS2,30,2018-01-25 14:36:04,2018-03-29 14:57:13,7,1
499088602126144,157325290010478,2008,40,1,89,390.0,1.0,1,LOJA,1,LOJA,5,2018-01-25 14:36:04,2018-03-29 14:57:13,7,1
499088603126144,157325290010478,2008,40,1,89,390.0,2.0,1,LIGUS2,1,LIGUS2,30,2018-01-25 14:36:04,2018-03-29 14:57:13,7,1
499088604126144,157325290010478,2008,40,1,89,390.0,2.0,1,LOJA,1,LOJA,5,2018-01-25 14:36:04,2018-03-29 14:57:13,7,1
499088605126144,157325290010478,2008,40,1,89,390.0,3.0,1,LIGUS2,1,LIGUS2,1,2018-01-25 14:36:04,2018-03-29 14:57:13,7,1
499088606126144,157325290010478,2008,40,1,89,390.0,4.0,1,LIGUS2,1,LIGUS2,1,2018-01-25 14:36:04,2018-03-29 14:57:13,7,1
499088607126144,157325290010478,2008,40,1,89,390.0,4.0,1,LOJA,1,LOJA,30,2018-01-25 14:36:04,2018-03-29 14:57:13,7,1
499057350126144,124091380010478,2008,40,2,91,121.0,1.0,1,ROSA5,1,ROSA5,5,2018-01-25 14:35:54,2018-03-29 14:57:11,7,1
499057351126144,124091380010478,2008,40,2,91,121.0,1.0,1,LECU,1,LECU,5,2018-01-25 14:35:54,2018-03-29 14:57:11,7,1
499057352126144,124091380010478,2008,40,2,91,121.0,3.0,1,LECU,1,LECU,5,2018-01-25 14:35:54,2018-03-29 14:57:11,7,1
499057353126144,124091380010478,2008,40,2,91,121.0,4.0,1,LIGUS2,1,LIGUS2,5,2018-01-25 14:35:54,2018-03-29 14:57:11,7,1
499057354126144,124091380010478,2008,40,2,91,121.0,4.0,1,ROSA5,1,ROSA5,1,2018-01-25 14:35:54,2018-03-29 14:57:11,7,1
499088458126144,157310391010478,2008,40,1,79,221.0,1.0,1,LOJA,1,LOJA,30,2018-01-25 14:36:04,2018-03-29 14:57:13,7,1
499088459126144,157310391010478,2008,40,1,79,221.0,2.0,1,LIGUS2,1,LIGUS2,5,2018-01-25 14:36:04,2018-03-29 14:57:13,7,1
499088460126144,157310391010478,2008,40,1,79,221.0,2.0,1,LOJA,1,LOJA,70,2018-01-25 14:36:04,2018-03-29 14:57:13,7,1
499088461126144,157310391010478,2008,40,1,79,221.0,3.0,1,LIGUS2,1,LIGUS2,5,2018-01-25 14:36:04,2018-03-29 14:57:13,7,1
499088462126144,157310391010478,2008,40,1,79,221.0,3.0,1,ROSA5,1,ROSA5,1,2018-01-25 14:36:04,2018-03-29 14:57:13,7,1
499088463126144,157310391010478,2008,40,1,79,221.0,3.0,1,LOJA,1,LOJA,70,2018-01-25 14:36:04,2018-03-29 14:57:13,7,1
499088464126144,157310391010478,2008,40,1,79,221.0,4.0,1,LIGUS2,1,LIGUS2,1,2018-01-25 14:36:04,2018-03-29 14:57:13,7,1
499088465126144,157310391010478,2008,40,1,79,221.0,4.0,1,LOJA,1,LOJA,70,2018-01-25 14:36:04,2018-03-29 14:57:13,7,1
499057441126144,124097339010478,2008,40,2,1,79.0,1.0,2,LECU,1,LECU,30,2018-01-25 14:35:54,2018-03-29 14:57:11,7,1
499057442126144,124097396010478,2008,40,2,1,89.0,1.0,1,PUMOL,1,PUMOL,5,2018-01-25 14:35:54,2018-03-29 14:57:11,7,1
499057443126144,124097396010478,2008,40,2,1,89.0,4.0,2,LOJA,1,LOJA,30,2018-01-25 14:35:54,2018-03-29 14:57:11,7,1
499057444126144,124097396010478,2008,40,2,1,89.0,4.0,2,PUMOL,1,PUMOL,30,2018-01-25 14:35:54,2018-03-29 14:57:11,7,1
499057509126144,124100797010478,2008,40,2,21,103.0,3.0,1,SCAR7,1,SCAR7,5,2018-01-25 14:35:55,2020-08-10 11:38:55,7,1
499057510126144,124100797010478,2008,40,2,21,103.0,3.0,1,LECU,1,LECU,5,2018-01-25 14:35:55,2018-03-29 14:57:11,7,1
499088413126144,157306530010478,2008,40,1,77,117.0,1.0,1,LECU,1,LECU,5,2018-01-25 14:36:04,2018-03-29 14:57:13,7,1
499088414126144,157306530010478,2008,40,1,77,117.0,2.0,1,LECU,1,LECU,5,2018-01-25 14:36:04,2018-03-29 14:57:13,7,1
499057653126144,124104801010478,2008,40,2,41,121.0,1.0,1,SOVI2,1,SOVI2,1,2018-01-25 14:35:55,2018-03-29 14:57:11,7,1
499057654126144,124104801010478,2008,40,2,41,121.0,2.0,1,ROSA5,1,ROSA5,1,2018-01-25 14:35:55,2018-03-29 14:57:11,7,1
499057655126144,124104801010478,2008,40,2,41,121.0,4.0,1,ROSA5,1,ROSA5,5,2018-01-25 14:35:55,2018-03-29 14:57:11,7,1
499057656126144,124104848010478,2008,40,2,41,108.0,1.0,1,LIGUS2,1,LIGUS2,5,2018-01-25 14:35:55,2018-03-29 14:57:11,7,1
499057657126144,124104848010478,2008,40,2,41,108.0,1.0,1,ROSA5,1,ROSA5,5,2018-01-25 14:35:55,2018-03-29 14:57:11,7,1
499057658126144,124104848010478,2008,40,2,41,108.0,1.0,1,LOJA,1,LOJA,30,2018-01-25 14:35:55,2018-03-29 14:57:11,7,1
499057659126144,124104848010478,2008,40,2,41,108.0,1.0,1,LECU,1,LECU,5,2018-01-25 14:35:55,2018-03-29 14:57:21,7,1
499057660126144,124104848010478,2008,40,2,41,108.0,3.0,1,LECU,1,LECU,70,2018-01-25 14:35:55,2018-03-29 14:57:11,7,1
499057661126144,124104848010478,2008,40,2,41,108.0,4.0,1,LIGUS2,1,LIGUS2,30,2018-01-25 14:35:55,2018-03-29 14:57:11,7,1
499057662126144,124104848010478,2008,40,2,41,108.0,4.0,1,LOJA,1,LOJA,5,2018-01-25 14:35:55,2018-03-29 14:57:11,7,1
499088373126144,157302074010478,2008,40,1,77,129.0,1.0,1,LIGUS2,1,LIGUS2,30,2018-01-25 14:36:04,2018-03-29 14:57:13,7,1
499088374126144,157302074010478,2008,40,1,77,129.0,2.0,1,LECU,1,LECU,5,2018-01-25 14:36:04,2018-03-29 14:57:13,7,1
499088375126144,157302074010478,2008,40,1,77,129.0,3.0,1,LIGUS2,1,LIGUS2,5,2018-01-25 14:36:04,2018-03-29 14:57:13,7,1
499088526126144,157320280010478,2008,40,1,89,397.0,1.0,1,LOJA,1,LOJA,70,2018-01-25 14:36:04,2018-03-29 14:57:13,7,1
499088527126144,157320280010478,2008,40,1,89,397.0,2.0,1,LOJA,1,LOJA,5,2018-01-25 14:36:04,2018-03-29 14:57:13,7,1
499088528126144,157320280010478,2008,40,1,89,397.0,3.0,1,LOJA,1,LOJA,30,2018-01-25 14:36:04,2018-03-29 14:57:13,7,1
499088529126144,157320280010478,2008,40,1,89,397.0,4.0,1,LOJA,1,LOJA,5,2018-01-25 14:36:04,2018-03-29 14:57:13,7,1
499088530126144,157320496010478,2008,40,1,89,419.0,1.0,2,LECU,1,LECU,5,2018-01-25 14:36:04,2018-03-29 14:57:13,7,1
499088531126144,157320496010478,2008,40,1,89,419.0,2.0,2,LECU,1,LECU,5,2018-01-25 14:36:04,2018-03-29 14:57:13,7,1
499088532126144,157320496010478,2008,40,1,89,419.0,3.0,2,LOJA,1,LOJA,5,2018-01-25 14:36:04,2018-03-29 14:57:21,7,1
499088533126144,157320576010478,2008,40,1,89,323.0,1.0,1,LIGUS2,1,LIGUS2,1,2018-01-25 14:36:04,2018-03-29 14:57:13,7,1
499088534126144,157320576010478,2008,40,1,89,323.0,1.0,1,LOJA,1,LOJA,1,2018-01-25 14:36:04,2018-03-29 14:57:13,7,1
499088535126144,157320576010478,2008,40,1,89,323.0,3.0,1,LOJA,1,LOJA,5,2018-01-25 14:36:04,2018-03-29 14:57:13,7,1
499088536126144,157320576010478,2008,40,1,89,323.0,4.0,1,ROSA5,1,ROSA5,5,2018-01-25 14:36:04,2018-03-29 14:57:13,7,1
499088537126144,157320576010478,2008,40,1,89,323.0,4.0,1,LOJA,1,LOJA,5,2018-01-25 14:36:04,2018-03-29 14:57:13,7,1
499088542126144,157320828010478,2008,40,1,89,304.0,1.0,1,LOJA,1,LOJA,1,2018-01-25 14:36:04,2018-03-29 14:57:13,7,1
499088543126144,157320828010478,2008,40,1,89,304.0,2.0,1,LOJA,1,LOJA,1,2018-01-25 14:36:04,2018-03-29 14:57:13,7,1
499088544126144,157320828010478,2008,40,1,89,304.0,3.0,1,LOJA,1,LOJA,1,2018-01-25 14:36:04,2018-03-29 14:57:13,7,1
499088545126144,157320828010478,2008,40,1,89,304.0,4.0,1,LOJA,1,LOJA,1,2018-01-25 14:36:04,2018-03-29 14:57:13,7,1
499057451126144,124098633010478,2008,40,2,1,105.0,4.0,1,LECU,1,LECU,5,2018-01-25 14:35:54,2018-03-29 14:57:11,7,1
499088494126144,157317575010478,2008,40,1,79,292.0,1.0,1,LOJA,1,LOJA,30,2018-01-25 14:36:04,2018-03-29 14:57:13,7,1
499057452126144,124098687010478,2008,40,2,21,100.0,4.0,1,LECU,1,LECU,5,2018-01-25 14:35:54,2018-03-29 14:57:11,7,1
499057453126144,124098980010478,2008,40,2,21,128.0,4.0,1,AIAL,1,AIAL,5,2018-01-25 14:35:54,2018-03-29 14:57:11,7,1
499088492126144,157314789010478,2008,40,1,79,271.0,1.0,2,LECU,1,LECU,5,2018-01-25 14:36:04,2018-03-29 14:57:13,7,1
499057400126144,124093865010478,2008,40,2,97,101.0,3.0,1,SOVI2,1,SOVI2,5,2018-01-25 14:35:54,2018-03-29 14:57:11,7,1
499057401126144,124093865010478,2008,40,2,97,101.0,4.0,1,SOVI2,1,SOVI2,5,2018-01-25 14:35:54,2018-03-29 14:57:11,7,1
499057330126144,124090745010478,2008,40,2,91,155.0,2.0,2,SCAR7,1,SCAR7,5,2018-01-25 14:35:54,2020-08-10 11:38:55,7,1
499057331126144,124090745010478,2008,40,2,91,155.0,2.0,2,LECU,1,LECU,5,2018-01-25 14:35:54,2018-03-29 14:57:11,7,1
499057332126144,124090745010478,2008,40,2,91,155.0,3.0,3,LOJA,1,LOJA,5,2018-01-25 14:35:54,2018-03-29 14:57:11,7,1
499057333126144,124090745010478,2008,40,2,91,155.0,3.0,3,SCAR7,1,SCAR7,5,2018-01-25 14:35:54,2020-08-10 11:38:55,7,1
499057671126144,124106351010478,2008,40,2,41,96.0,2.0,1,ROSA5,1,ROSA5,30,2018-01-25 14:35:55,2018-03-29 14:57:11,7,1
499057672126144,124106351010478,2008,40,2,41,96.0,3.0,1,ROSA5,1,ROSA5,30,2018-01-25 14:35:55,2018-03-29 14:57:11,7,1
499057673126144,124106351010478,2008,40,2,41,96.0,3.0,1,LOJA,1,LOJA,5,2018-01-25 14:35:55,2018-03-29 14:57:11,7,1
499057674126144,124106351010478,2008,40,2,41,96.0,4.0,1,ROSA5,1,ROSA5,1,2018-01-25 14:35:55,2018-03-29 14:57:11,7,1
499057675126144,124106351010478,2008,40,2,41,96.0,4.0,1,LOJA,1,LOJA,30,2018-01-25 14:35:55,2018-03-29 14:57:11,7,1
499057355126144,124091479010478,2008,40,2,91,93.0,2.0,1,LECU,1,LECU,5,2018-01-25 14:35:54,2018-03-29 14:57:11,7,1
499057356126144,124091479010478,2008,40,2,91,93.0,3.0,1,LIGUS2,1,LIGUS2,1,2018-01-25 14:35:54,2018-03-29 14:57:11,7,1
499087750126144,157261312010478,2008,40,1,89,370.0,1.0,1,LIGUS2,1,LIGUS2,5,2018-01-25 14:36:04,2018-03-29 14:57:13,7,1
744768554290487,473799651489998,2018,40,5,137,14.0,2.0,1,LECU,1,LECU,1,2020-04-28 06:49:45,,2,10
499057864126144,124114532010478,2008,40,2,135,162.0,2.0,2,LIGUS2,1,LIGUS2,1,2018-01-25 14:35:55,2018-03-29 14:57:11,7,1
499057865126144,124114532010478,2008,40,2,135,162.0,2.0,2,LOJA,1,LOJA,5,2018-01-25 14:35:55,2018-03-29 14:57:11,7,1
499057866126144,124114532010478,2008,40,2,135,162.0,2.0,2,SCAR7,1,SCAR7,5,2018-01-25 14:35:55,2020-08-10 11:38:55,7,1
499057867126144,124114532010478,2008,40,2,135,162.0,3.0,1,LIGUS2,1,LIGUS2,30,2018-01-25 14:35:55,2018-03-29 14:57:11,7,1
499057868126144,124114532010478,2008,40,2,135,162.0,3.0,1,ROSA5,1,ROSA5,30,2018-01-25 14:35:55,2018-03-29 14:57:11,7,1
499057869126144,124114532010478,2008,40,2,135,162.0,3.0,1,LOJA,1,LOJA,30,2018-01-25 14:35:55,2018-03-29 14:57:11,7,1
499087880126144,157269653010478,2008,40,1,121,155.0,1.0,1,LIGUS2,1,LIGUS2,1,2018-01-25 14:36:04,2018-03-29 14:57:12,7,1
499087881126144,157269653010478,2008,40,1,121,155.0,1.0,1,ROSA5,1,ROSA5,5,2018-01-25 14:36:04,2018-03-29 14:57:12,7,1
499087882126144,157269653010478,2008,40,1,121,155.0,1.0,1,LESPE,1,LESPE,1,2018-01-25 14:36:04,2018-03-29 14:57:12,7,1
499087883126144,157269653010478,2008,40,1,121,155.0,2.0,1,LIGUS2,1,LIGUS2,5,2018-01-25 14:36:04,2018-03-29 14:57:12,7,1
499087884126144,157269653010478,2008,40,1,121,155.0,2.0,1,ROSA5,1,ROSA5,5,2018-01-25 14:36:04,2018-03-29 14:57:12,7,1
499087885126144,157269653010478,2008,40,1,121,155.0,2.0,1,LOJA,1,LOJA,5,2018-01-25 14:36:04,2018-03-29 14:57:12,7,1
499087886126144,157269653010478,2008,40,1,121,155.0,2.0,1,LESPE,1,LESPE,5,2018-01-25 14:36:04,2018-03-29 14:57:12,7,1
499087887126144,157269653010478,2008,40,1,121,155.0,4.0,1,LIGUS2,1,LIGUS2,5,2018-01-25 14:36:04,2018-03-29 14:57:12,7,1
499087888126144,157269653010478,2008,40,1,121,155.0,4.0,1,LECU,1,LECU,30,2018-01-25 14:36:04,2018-03-29 14:57:12,7,1
499087824126144,157266179010478,2008,40,1,121,244.0,1.0,1,LECU,1,LECU,30,2018-01-25 14:36:04,2018-03-29 14:57:12,7,1
499087825126144,157266179010478,2008,40,1,121,244.0,3.0,1,LECU,1,LECU,5,2018-01-25 14:36:04,2018-03-29 14:57:12,7,1
499087826126144,157266179010478,2008,40,1,121,244.0,3.0,2,LECU,1,LECU,5,2018-01-25 14:36:04,2018-03-29 14:57:12,7,1
499087827126144,157266179010478,2008,40,1,121,244.0,4.0,1,LECU,1,LECU,30,2018-01-25 14:36:04,2018-03-29 14:57:12,7,1
499057588126144,124102469010478,2008,40,2,21,157.0,4.0,1,SCAR7,1,SCAR7,5,2018-01-25 14:35:55,2020-08-10 11:38:55,7,1
499057589126144,124102469010478,2008,40,2,21,157.0,4.0,1,LECU,1,LECU,1,2018-01-25 14:35:55,2018-03-29 14:57:11,7,1
499057583126144,124102469010478,2008,40,2,21,157.0,1.0,1,LESPE,1,LESPE,1,2018-01-25 14:35:55,2018-03-29 14:57:11,7,1
499057584126144,124102469010478,2008,40,2,21,157.0,2.0,1,ALJU,1,ALJU,1,2018-01-25 14:35:55,2018-03-29 14:57:11,7,1
499057585126144,124102469010478,2008,40,2,21,157.0,2.0,1,SCAR7,1,SCAR7,5,2018-01-25 14:35:55,2020-08-10 11:38:55,7,1
499057586126144,124102469010478,2008,40,2,21,157.0,2.0,1,LECU,1,LECU,1,2018-01-25 14:35:55,2018-03-29 14:57:11,7,1
499057587126144,124102469010478,2008,40,2,21,157.0,3.0,1,SCAR7,1,SCAR7,1,2018-01-25 14:35:55,2020-08-10 11:38:55,7,1
499057496126144,124100455010478,2008,40,2,21,122.0,2.0,1,LOJA,1,LOJA,5,2018-01-25 14:35:55,2018-03-29 14:57:11,7,1
499057497126144,124100455010478,2008,40,2,21,122.0,3.0,1,LIGUS2,1,LIGUS2,1,2018-01-25 14:35:55,2018-03-29 14:57:11,7,1
499057498126144,124100455010478,2008,40,2,21,122.0,3.0,1,LOJA,1,LOJA,30,2018-01-25 14:35:55,2018-03-29 14:57:11,7,1
499057499126144,124100455010478,2008,40,2,21,122.0,4.0,1,LIGUS2,1,LIGUS2,1,2018-01-25 14:35:55,2018-03-29 14:57:11,7,1
499057500126144,124100455010478,2008,40,2,21,122.0,4.0,1,LESPE,1,LESPE,1,2018-01-25 14:35:55,2018-03-29 14:57:11,7,1
499057501126144,124100546010478,2008,40,2,21,107.0,1.0,1,SCAR7,1,SCAR7,95,2018-01-25 14:35:55,2020-08-10 11:38:55,7,1
499057502126144,124100546010478,2008,40,2,21,107.0,1.0,1,LECU,1,LECU,70,2018-01-25 14:35:55,2018-03-29 14:57:21,7,1
499057503126144,124100546010478,2008,40,2,21,107.0,3.0,1,LIGUS2,1,LIGUS2,1,2018-01-25 14:35:55,2018-03-29 14:57:11,7,1
499057504126144,124100546010478,2008,40,2,21,107.0,3.0,1,SCAR7,1,SCAR7,30,2018-01-25 14:35:55,2020-08-10 11:38:55,7,1
499057505126144,124100546010478,2008,40,2,21,107.0,3.0,1,LECU,1,LECU,5,2018-01-25 14:35:55,2018-03-29 14:57:11,7,1
499088164126144,157290712010478,2008,40,1,13,201.0,1.0,1,ROSA5,1,ROSA5,1,2018-01-25 14:36:04,2018-03-29 14:57:13,7,1
499088165126144,157290712010478,2008,40,1,13,201.0,1.0,1,LOJA,1,LOJA,5,2018-01-25 14:36:04,2018-03-29 14:57:13,7,1
499088166126144,157290712010478,2008,40,1,13,201.0,3.0,1,ROSA5,1,ROSA5,1,2018-01-25 14:36:04,2018-03-29 14:57:13,7,1
499057816126144,124113014010478,2008,40,2,135,122.0,4.0,1,LIGUS2,1,LIGUS2,30,2018-01-25 14:35:55,2018-03-29 14:57:11,7,1
499057817126144,124113014010478,2008,40,2,135,122.0,4.0,1,LOJA,1,LOJA,5,2018-01-25 14:35:55,2018-03-29 14:57:11,7,1
499057818126144,124113178010478,2008,40,2,135,123.0,1.0,1,LIGUS2,1,LIGUS2,1,2018-01-25 14:35:55,2018-03-29 14:57:11,7,1
499057819126144,124113178010478,2008,40,2,135,123.0,1.0,1,LOJA,1,LOJA,1,2018-01-25 14:35:55,2018-03-29 14:57:11,7,1
499057820126144,124113178010478,2008,40,2,135,123.0,2.0,1,ROSA5,1,ROSA5,1,2018-01-25 14:35:55,2018-03-29 14:57:11,7,1
499057821126144,124113178010478,2008,40,2,135,123.0,3.0,2,ROSA5,1,ROSA5,5,2018-01-25 14:35:55,2018-03-29 14:57:21,7,1
499057822126144,124113178010478,2008,40,2,135,123.0,3.0,2,LOJA,1,LOJA,30,2018-01-25 14:35:55,2018-03-29 14:57:11,7,1
499057725126144,124108848010478,2008,40,2,101,173.0,2.0,1,LESPE,1,LESPE,5,2018-01-25 14:35:55,2018-03-29 14:57:11,7,1
499057726126144,124108848010478,2008,40,2,101,173.0,3.0,1,LESPE,1,LESPE,5,2018-01-25 14:35:55,2018-03-29 14:57:11,7,1
499057727126144,124108848010478,2008,40,2,101,173.0,4.0,1,LESPE,1,LESPE,5,2018-01-25 14:35:55,2018-03-29 14:57:11,7,1
499057771126144,124110458010478,2008,40,2,101,107.0,1.0,1,LIGUS2,1,LIGUS2,30,2018-01-25 14:35:55,2018-03-29 14:57:11,7,1
499057772126144,124110458010478,2008,40,2,101,107.0,1.0,1,MIVI,1,MIVI,95,2018-01-25 14:35:55,2018-03-29 14:57:11,7,1
499057773126144,124110458010478,2008,40,2,101,107.0,2.0,1,ROSA5,1,ROSA5,30,2018-01-25 14:35:55,2018-03-29 14:57:11,7,1
499057774126144,124110458010478,2008,40,2,101,107.0,3.0,1,ROSA5,1,ROSA5,30,2018-01-25 14:35:55,2018-03-29 14:57:11,7,1
499057775126144,124110458010478,2008,40,2,101,107.0,4.0,1,LIGUS2,1,LIGUS2,5,2018-01-25 14:35:55,2018-03-29 14:57:11,7,1
499057776126144,124110458010478,2008,40,2,101,107.0,4.0,1,ROSA5,1,ROSA5,5,2018-01-25 14:35:55,2018-03-29 14:57:11,7,1
499087749126144,157261213010478,2008,40,1,89,273.0,2.0,1,ROSA5,1,ROSA5,1,2018-01-25 14:36:04,2018-03-29 14:57:21,7,1
499057685126144,124107478010478,2008,40,2,91,119.0,1.0,1,LIGUS2,1,LIGUS2,30,2018-01-25 14:35:55,2018-03-29 14:57:11,7,1
499057686126144,124107478010478,2008,40,2,91,119.0,1.0,1,ROSA5,1,ROSA5,5,2018-01-25 14:35:55,2018-03-29 14:57:11,7,1
499057687126144,124107478010478,2008,40,2,91,119.0,1.0,1,LOJA,1,LOJA,1,2018-01-25 14:35:55,2018-03-29 14:57:11,7,1
499088141126144,157288982010478,2008,40,1,5,194.0,3.0,1,ROSA5,1,ROSA5,5,2018-01-25 14:36:04,2018-03-29 14:57:13,7,1
499088142126144,157288982010478,2008,40,1,5,194.0,3.0,1,LOJA,1,LOJA,5,2018-01-25 14:36:04,2018-03-29 14:57:13,7,1
499088143126144,157289056010478,2008,40,1,5,188.0,2.0,2,ROSA5,1,ROSA5,1,2018-01-25 14:36:04,2018-03-29 14:57:13,7,1
499088145126144,157289177010478,2008,40,1,5,186.0,2.0,1,ROSA5,1,ROSA5,1,2018-01-25 14:36:04,2018-03-29 14:57:13,7,1
499088146126144,157289177010478,2008,40,1,5,186.0,3.0,1,LIGUS2,1,LIGUS2,1,2018-01-25 14:36:04,2018-03-29 14:57:13,7,1
499088147126144,157289177010478,2008,40,1,5,186.0,3.0,1,ROSA5,1,ROSA5,1,2018-01-25 14:36:04,2018-03-29 14:57:13,7,1
499088167126144,157290922010478,2008,40,1,13,193.0,1.0,1,ROSA5,1,ROSA5,1,2018-01-25 14:36:04,2018-03-29 14:57:13,7,1
499088168126144,157290922010478,2008,40,1,13,193.0,3.0,2,LIGUS2,1,LIGUS2,1,2018-01-25 14:36:04,2018-03-29 14:57:13,7,1
499088169126144,157291047010478,2008,40,1,13,202.0,3.0,1,ROSA5,1,ROSA5,1,2018-01-25 14:36:04,2018-03-29 14:57:13,7,1
499088149126144,157289780010478,2008,40,1,5,164.0,1.0,1,LECU,1,LECU,30,2018-01-25 14:36:04,2018-03-29 14:57:13,7,1
499088150126144,157289780010478,2008,40,1,5,164.0,2.0,1,LECU,1,LECU,30,2018-01-25 14:36:04,2018-03-29 14:57:13,7,1
499088151126144,157289780010478,2008,40,1,5,164.0,3.0,1,LECU,1,LECU,5,2018-01-25 14:36:04,2018-03-29 14:57:13,7,1
499088152126144,157289780010478,2008,40,1,5,164.0,4.0,1,LECU,1,LECU,5,2018-01-25 14:36:04,2018-03-29 14:57:13,7,1
499088505126144,157319464010478,2008,40,1,89,271.0,1.0,1,LOJA,1,LOJA,30,2018-01-25 14:36:04,2018-03-29 14:57:13,7,1
499088506126144,157319464010478,2008,40,1,89,271.0,1.0,2,LOJA,1,LOJA,30,2018-01-25 14:36:04,2018-03-29 14:57:13,7,1
499088507126144,157319464010478,2008,40,1,89,271.0,2.0,2,LOJA,1,LOJA,30,2018-01-25 14:36:04,2018-03-29 14:57:13,7,1
499088508126144,157319464010478,2008,40,1,89,271.0,3.0,1,LOJA,1,LOJA,5,2018-01-25 14:36:04,2018-03-29 14:57:13,7,1
499088509126144,157319464010478,2008,40,1,89,271.0,4.0,2,LOJA,1,LOJA,1,2018-01-25 14:36:04,2018-03-29 14:57:13,7,1
499087852126144,157268072010478,2008,40,1,121,174.0,1.0,1,LIGUS2,1,LIGUS2,5,2018-01-25 14:36:04,2018-03-29 14:57:12,7,1
499087853126144,157268072010478,2008,40,1,121,174.0,1.0,1,LECU,1,LECU,5,2018-01-25 14:36:04,2018-03-29 14:57:12,7,1
499087855126144,157268072010478,2008,40,1,121,174.0,2.0,1,ROSA5,1,ROSA5,5,2018-01-25 14:36:04,2018-03-29 14:57:12,7,1
499087856126144,157268072010478,2008,40,1,121,174.0,3.0,1,LIGUS2,1,LIGUS2,5,2018-01-25 14:36:04,2018-03-29 14:57:12,7,1
499087857126144,157268072010478,2008,40,1,121,174.0,3.0,1,ROSA5,1,ROSA5,5,2018-01-25 14:36:04,2018-03-29 14:57:12,7,1
499087858126144,157268072010478,2008,40,1,121,174.0,4.0,1,LIGUS2,1,LIGUS2,30,2018-01-25 14:36:04,2018-03-29 14:57:12,7,1
499087859126144,157268072010478,2008,40,1,121,174.0,4.0,1,ROSA5,1,ROSA5,5,2018-01-25 14:36:04,2018-03-29 14:57:12,7,1
499087860126144,157268072010478,2008,40,1,121,174.0,4.0,1,LOJA,1,LOJA,5,2018-01-25 14:36:04,2018-03-29 14:57:12,7,1
499087833126144,157266697010478,2008,40,1,121,280.0,1.0,1,LECU,1,LECU,1,2018-01-25 14:36:04,2018-03-29 14:57:12,7,1
499087834126144,157266697010478,2008,40,1,121,280.0,2.0,1,LECU,1,LECU,1,2018-01-25 14:36:04,2018-03-29 14:57:12,7,1
499087835126144,157266697010478,2008,40,1,121,280.0,3.0,1,LECU,1,LECU,1,2018-01-25 14:36:04,2018-03-29 14:57:12,7,1
499087861126144,157268143010478,2008,40,1,121,180.0,2.0,2,SCAR7,1,SCAR7,30,2018-01-25 14:36:04,2020-08-10 11:38:55,7,1
499087862126144,157268143010478,2008,40,1,121,180.0,2.0,2,LECU,1,LECU,1,2018-01-25 14:36:04,2018-03-29 14:57:12,7,1
499087863126144,157268220010478,2008,40,1,121,185.0,1.0,1,LECU,1,LECU,5,2018-01-25 14:36:04,2018-03-29 14:57:12,7,1
499087864126144,157268220010478,2008,40,1,121,185.0,2.0,1,LECU,1,LECU,5,2018-01-25 14:36:04,2018-03-29 14:57:21,7,1
499087865126144,157268220010478,2008,40,1,121,185.0,4.0,1,LOJA,1,LOJA,5,2018-01-25 14:36:04,2018-03-29 14:57:12,7,1
499087866126144,157268220010478,2008,40,1,121,185.0,4.0,1,LECU,1,LECU,5,2018-01-25 14:36:04,2018-03-29 14:57:12,7,1
499087867126144,157268276010478,2008,40,1,121,262.0,1.0,1,ALJU,1,ALJU,1,2018-01-25 14:36:04,2018-03-29 14:57:12,7,1
499087868126144,157268276010478,2008,40,1,121,262.0,1.0,1,LECU,1,LECU,1,2018-01-25 14:36:04,2018-03-29 14:57:12,7,1
499087869126144,157268276010478,2008,40,1,121,262.0,4.0,1,LECU,1,LECU,5,2018-01-25 14:36:04,2018-03-29 14:57:12,7,1
499087870126144,157268561010478,2008,40,1,121,169.0,1.0,1,LECU,1,LECU,5,2018-01-25 14:36:04,2018-03-29 14:57:12,7,1
499087871126144,157268561010478,2008,40,1,121,169.0,2.0,1,LECU,1,LECU,5,2018-01-25 14:36:04,2018-03-29 14:57:12,7,1
499087872126144,157268561010478,2008,40,1,121,169.0,3.0,1,LECU,1,LECU,30,2018-01-25 14:36:04,2018-03-29 14:57:21,7,1
499087873126144,157268561010478,2008,40,1,121,169.0,4.0,1,LECU,1,LECU,5,2018-01-25 14:36:04,2018-03-29 14:57:12,7,1
499087874126144,157268984010478,2008,40,1,121,241.0,4.0,1,LIGUS2,1,LIGUS2,5,2018-01-25 14:36:04,2018-03-29 14:57:12,7,1
499087875126144,157268984010478,2008,40,1,121,241.0,4.0,1,LOJA,1,LOJA,5,2018-01-25 14:36:04,2018-03-29 14:57:12,7,1
499087876126144,157269053010478,2008,40,1,121,274.0,4.0,1,LECU,1,LECU,1,2018-01-25 14:36:04,2018-03-29 14:57:12,7,1
499087877126144,157269435010478,2008,40,1,121,189.0,4.0,2,LECU,1,LECU,1,2018-01-25 14:36:04,2018-03-29 14:57:12,7,1
499087878126144,157269460010478,2008,40,1,121,231.0,3.0,1,ROSA5,1,ROSA5,1,2018-01-25 14:36:04,2018-03-29 14:57:12,7,1
499087879126144,157269460010478,2008,40,1,121,231.0,4.0,1,LECU,1,LECU,5,2018-01-25 14:36:04,2018-03-29 14:57:12,7,1
499088134126144,157288587010478,2008,40,1,5,151.0,1.0,1,LECU,1,LECU,5,2018-01-25 14:36:04,2018-03-29 14:57:21,7,1
499088184126144,157293555010478,2008,40,1,13,199.0,1.0,1,LIGUS2,1,LIGUS2,30,2018-01-25 14:36:04,2018-03-29 14:57:13,7,1
499088185126144,157293555010478,2008,40,1,13,199.0,1.0,1,LOJA,1,LOJA,70,2018-01-25 14:36:04,2018-03-29 14:57:13,7,1
499088186126144,157293555010478,2008,40,1,13,199.0,2.0,1,LIGUS2,1,LIGUS2,1,2018-01-25 14:36:04,2018-03-29 14:57:13,7,1
499088187126144,157293555010478,2008,40,1,13,199.0,2.0,1,LOJA,1,LOJA,1,2018-01-25 14:36:04,2018-03-29 14:57:13,7,1
499088188126144,157293555010478,2008,40,1,13,199.0,3.0,1,LIGUS2,1,LIGUS2,30,2018-01-25 14:36:04,2018-03-29 14:57:13,7,1
499088189126144,157293555010478,2008,40,1,13,199.0,3.0,1,LOJA,1,LOJA,5,2018-01-25 14:36:04,2018-03-29 14:57:13,7,1
499088190126144,157293555010478,2008,40,1,13,199.0,4.0,1,LIGUS2,1,LIGUS2,5,2018-01-25 14:36:04,2018-03-29 14:57:13,7,1
499088191126144,157293555010478,2008,40,1,13,199.0,4.0,1,LOJA,1,LOJA,5,2018-01-25 14:36:04,2018-03-29 14:57:13,7,1
499088192126144,157293718010478,2008,40,1,23,127.0,1.0,1,LIGUS2,1,LIGUS2,5,2018-01-25 14:36:04,2018-03-29 14:57:13,7,1
499087906126144,157271065010478,2008,40,1,127,234.0,1.0,1,SCAR7,1,SCAR7,30,2018-01-25 14:36:04,2020-08-10 11:38:55,7,1
499087907126144,157271065010478,2008,40,1,127,234.0,2.0,1,SCAR7,1,SCAR7,30,2018-01-25 14:36:04,2020-08-10 11:38:55,7,1
499087908126144,157271065010478,2008,40,1,127,234.0,3.0,1,SCAR7,1,SCAR7,1,2018-01-25 14:36:04,2020-08-10 11:38:55,7,1
499087909126144,157271065010478,2008,40,1,127,234.0,4.0,1,SCAR7,1,SCAR7,30,2018-01-25 14:36:04,2020-08-10 11:38:55,7,1
499088554126144,157322339010478,2008,40,1,89,377.0,4.0,1,LOJA,1,LOJA,5,2018-01-25 14:36:04,2018-03-29 14:57:13,7,1
499057479126144,124099712010478,2008,40,2,21,120.0,2.0,2,MIVI,1,MIVI,70,2018-01-25 14:35:55,2018-03-29 14:57:11,7,1
499057480126144,124099712010478,2008,40,2,21,120.0,3.0,2,MIVI,1,MIVI,30,2018-01-25 14:35:55,2018-03-29 14:57:11,7,1
499057385126144,124093002010478,2008,40,2,97,148.0,1.0,1,ROSA5,1,ROSA5,1,2018-01-25 14:35:54,2018-03-29 14:57:11,7,1
499057386126144,124093002010478,2008,40,2,97,148.0,1.0,1,LECU,1,LECU,1,2018-01-25 14:35:54,2018-03-29 14:57:11,7,1
499057387126144,124093002010478,2008,40,2,97,148.0,4.0,1,LECU,1,LECU,1,2018-01-25 14:35:54,2018-03-29 14:57:11,7,1
499088148126144,157289563010478,2008,40,1,5,215.0,2.0,2,ROSA5,1,ROSA5,5,2018-01-25 14:36:04,2018-03-29 14:57:13,7,1
499088173126144,157291722010478,2008,40,1,13,168.0,4.0,2,ROSA5,1,ROSA5,1,2018-01-25 14:36:04,2018-03-29 14:57:13,7,1
499088174126144,157291722010478,2008,40,1,13,168.0,4.0,2,LOJA,1,LOJA,5,2018-01-25 14:36:04,2018-03-29 14:57:13,7,1
499088175126144,157291750010478,2008,40,1,13,203.0,1.0,1,LOJA,1,LOJA,30,2018-01-25 14:36:04,2018-03-29 14:57:13,7,1
1896915587290487,1535826228290487,2024,40,1,89,354.0,1.0,1,LOJA,1,LOJA,1,2025-11-18 09:56:29,,10,5
1896915588290487,1535826228290487,2024,40,1,89,354.0,2.0,1,LOJA,1,LOJA,1,2025-11-18 09:56:29,,10,5
1896915589290487,1535826228290487,2024,40,1,89,354.0,3.0,1,LOJA,1,LOJA,5,2025-11-18 09:56:29,,10,5
1896915590290487,1535826228290487,2024,40,1,89,354.0,4.0,1,LOJA,1,LOJA,35,2025-11-18 09:56:29,,10,5
1896915612290487,1535826233290487,2024,40,1,89,348.0,3.0,1,LIGUS2,1,LIGUS2,1,2025-11-18 09:56:30,,10,5
1896915617290487,1535826234290487,2024,40,1,89,391.0,2.0,1,LECU,1,LECU,2,2025-11-18 09:56:30,,10,5
1896915618290487,1535826234290487,2024,40,1,89,391.0,3.0,1,LECU,1,LECU,1,2025-11-18 09:56:30,,10,5
1896915619290487,1535826234290487,2024,40,1,89,391.0,4.0,1,LECU,1,LECU,5,2025-11-18 09:56:30,,10,5
1896915637290487,1535826238290487,2024,40,1,89,249.0,1.0,1,LECU,1,LECU,5,2025-11-18 09:56:30,,10,5
1896915638290487,1535826238290487,2024,40,1,89,249.0,4.0,2,LECU,1,LECU,3,2025-11-18 09:56:30,,10,5
1685240712290487,946083526290487,2022,40,2,41,108.0,4.0,1,LIGUS2,1,LIGUS2,4,2024-10-18 09:39:52,,10,3
1685240713290487,946083526290487,2022,40,2,41,108.0,1.0,1,LOJA,1,LOJA,8,2024-10-18 09:39:52,,10,3
1685240714290487,946083526290487,2022,40,2,41,108.0,3.0,1,LOJA,1,LOJA,5,2024-10-18 09:39:52,,10,3
1685240715290487,946083526290487,2022,40,2,41,108.0,4.0,1,LOJA,1,LOJA,3,2024-10-18 09:39:52,,10,3
1685240716290487,946083526290487,2022,40,2,41,108.0,4.0,1,PYCA80,1,PYCA80,1,2024-10-18 09:39:52,,10,3
1685240737290487,946083531290487,2022,40,2,41,112.0,1.0,1,LOJA,1,LOJA,1,2024-10-18 09:39:52,,10,3
1685240738290487,946083531290487,2022,40,2,41,112.0,2.0,1,LOJA,1,LOJA,1,2024-10-18 09:39:52,,10,3
1685240739290487,946083531290487,2022,40,2,41,112.0,1.0,1,MIVI,1,MIVI,2,2024-10-18 09:39:52,,10,3
1685240740290487,946083531290487,2022,40,2,41,112.0,2.0,1,MIVI,1,MIVI,15,2024-10-18 09:39:52,,10,3
1685240741290487,946083531290487,2022,40,2,41,112.0,4.0,1,MIVI,1,MIVI,75,2024-10-18 09:39:52,,10,3
1685240850290487,946083533290487,2022,40,1,89,380.0,4.0,1,LECU,1,LECU,1,2024-10-18 09:39:53,,10,3
1685240855290487,946083534290487,2022,40,1,89,288.0,3.0,1,LECU,1,LECU,8,2024-10-18 09:39:53,,10,3
1685240856290487,946083534290487,2022,40,1,89,288.0,1.0,1,LESPE,1,LESPE,1,2024-10-18 09:39:53,,10,3
1685240857290487,946083534290487,2022,40,1,89,288.0,2.0,1,LESPE,1,LESPE,1,2024-10-18 09:39:53,,10,3
1685240858290487,946083534290487,2022,40,1,89,288.0,3.0,1,LESPE,1,LESPE,1,2024-10-18 09:39:53,,10,3
1685240859290487,946083534290487,2022,40,1,89,288.0,4.0,1,LESPE,1,LESPE,1,2024-10-18 09:39:53,,10,3
1685240860290487,946083534290487,2022,40,1,89,288.0,1.0,1,LOJA,1,LOJA,2,2024-10-18 09:39:53,,10,3
1685240861290487,946083534290487,2022,40,1,89,288.0,2.0,1,LOJA,1,LOJA,1,2024-10-18 09:39:53,,10,3
1685240862290487,946083534290487,2022,40,1,89,288.0,3.0,1,LOJA,1,LOJA,2,2024-10-18 09:39:53,,10,3
1685240863290487,946083534290487,2022,40,1,89,288.0,4.0,1,LOJA,1,LOJA,1,2024-10-18 09:39:53,,10,3
1685240868290487,946083535290487,2022,40,1,89,418.0,1.0,1,LOJA,1,LOJA,15,2024-10-18 09:39:53,,10,3
1685240869290487,946083535290487,2022,40,1,89,418.0,2.0,1,LOJA,1,LOJA,15,2024-10-18 09:39:53,,10,3
1685240870290487,946083535290487,2022,40,1,89,418.0,4.0,1,LOJA,1,LOJA,20,2024-10-18 09:39:53,,10,3
1685240880290487,946083537290487,2022,40,1,89,429.0,2.0,2,LECU,1,LECU,6,2024-10-18 09:39:53,,10,3
1685240902290487,946083542290487,2022,40,1,23,170.0,2.0,1,LIGUS2,1,LIGUS2,3,2024-10-18 09:39:53,,10,3
1685240903290487,946083542290487,2022,40,1,23,170.0,3.0,1,LIGUS2,1,LIGUS2,2,2024-10-18 09:39:53,,10,3
1685240904290487,946083542290487,2022,40,1,23,170.0,4.0,1,LIGUS2,1,LIGUS2,9,2024-10-18 09:39:53,,10,3
1685240905290487,946083542290487,2022,40,1,23,170.0,1.0,1,LOJA,1,LOJA,13,2024-10-18 09:39:53,,10,3
1685240906290487,946083542290487,2022,40,1,23,170.0,2.0,1,LOJA,1,LOJA,8,2024-10-18 09:39:53,,10,3
1685240907290487,946083542290487,2022,40,1,23,170.0,3.0,1,LOJA,1,LOJA,60,2024-10-18 09:39:53,,10,3
1685240908290487,946083542290487,2022,40,1,23,170.0,4.0,1,LOJA,1,LOJA,18,2024-10-18 09:39:53,,10,3
1685240901290487,946083542290487,2022,40,1,23,170.0,1.0,1,LIGUS2,1,LIGUS2,1,2024-10-18 09:39:53,,10,3
1685240929290487,946083547290487,2022,40,1,121,234.0,1.0,1,LECU,1,LECU,2,2024-10-18 09:39:53,,10,3
1685240930290487,946083547290487,2022,40,1,121,234.0,2.0,1,LIGUS2,1,LIGUS2,1,2024-10-18 09:39:53,,10,3
1685240943290487,946083550290487,2022,40,1,127,292.0,1.0,1,LECU,1,LECU,18,2024-10-18 09:39:53,,10,3
1685240944290487,946083550290487,2022,40,1,127,292.0,3.0,1,LECU,1,LECU,3,2024-10-18 09:39:53,,10,3
1685240945290487,946083550290487,2022,40,1,127,292.0,4.0,1,LECU,1,LECU,12,2024-10-18 09:39:53,,10,3
1685240946290487,946083550290487,2022,40,1,127,292.0,1.0,1,LESPE,1,LESPE,1,2024-10-18 09:39:53,,10,3
1685240947290487,946083550290487,2022,40,1,127,292.0,2.0,1,LESPE,1,LESPE,1,2024-10-18 09:39:53,,10,3
1685240948290487,946083550290487,2022,40,1,127,292.0,3.0,1,LESPE,1,LESPE,1,2024-10-18 09:39:53,,10,3
1685240949290487,946083550290487,2022,40,1,127,292.0,4.0,1,LESPE,1,LESPE,4,2024-10-18 09:39:53,,10,3
1685240966290487,946083554290487,2022,40,1,5,114.0,1.0,1,LECU,1,LECU,20,2024-10-18 09:39:54,,10,3
1685240967290487,946083554290487,2022,40,1,5,114.0,3.0,1,LECU,1,LECU,1,2024-10-18 09:39:54,,10,3
1685241054290487,946083575290487,2022,40,1,13,174.0,1.0,1,LECU,1,LECU,30,2024-10-18 09:39:54,,10,3
1685241055290487,946083575290487,2022,40,1,13,174.0,3.0,1,LECU,1,LECU,4,2024-10-18 09:39:54,,10,3
1685241056290487,946083575290487,2022,40,1,13,174.0,4.0,1,LECU,1,LECU,1,2024-10-18 09:39:54,,10,3
1685241057290487,946083575290487,2022,40,1,13,174.0,3.0,1,MEAZ,1,MEAZ,2,2024-10-18 09:39:54,,10,3
1685241070290487,946083578290487,2022,40,1,77,118.0,2.0,1,LECU,1,LECU,5,2024-10-18 09:39:55,,10,3
1685241071290487,946083578290487,2022,40,1,77,118.0,3.0,1,LOJA,1,LOJA,1,2024-10-18 09:39:55,,10,3
1685241192290487,946083583290487,2022,40,1,89,347.0,1.0,1,LECU,1,LECU,3,2024-10-18 09:39:55,,10,3
1685241193290487,946083583290487,2022,40,1,89,347.0,2.0,1,LECU,1,LECU,1,2024-10-18 09:39:55,,10,3
1685241194290487,946083583290487,2022,40,1,89,347.0,3.0,1,LECU,1,LECU,6,2024-10-18 09:39:55,,10,3
1685241195290487,946083583290487,2022,40,1,89,347.0,4.0,1,LECU,1,LECU,2,2024-10-18 09:39:55,,10,3
1685241196290487,946083583290487,2022,40,1,89,347.0,1.0,1,LESPE,1,LESPE,2,2024-10-18 09:39:55,,10,3
1685241197290487,946083583290487,2022,40,1,89,347.0,2.0,1,LESPE,1,LESPE,3,2024-10-18 09:39:55,,10,3
1685241198290487,946083583290487,2022,40,1,89,347.0,3.0,1,LESPE,1,LESPE,1,2024-10-18 09:39:55,,10,3
1685241199290487,946083583290487,2022,40,1,89,347.0,4.0,1,LESPE,1,LESPE,6,2024-10-18 09:39:55,,10,3
1685241204290487,946083584290487,2022,40,1,89,294.0,4.0,1,LESPE,1,LESPE,1,2024-10-18 09:39:55,,10,3
1685241313290487,946083586290487,2022,40,1,89,359.0,1.0,1,LECU,1,LECU,1,2024-10-18 09:39:55,,10,3
1685241314290487,946083586290487,2022,40,1,89,359.0,2.0,1,LECU,1,LECU,1,2024-10-18 09:39:55,,10,3
1685241315290487,946083586290487,2022,40,1,89,359.0,1.0,1,ROSA5,1,ROSA5,1,2024-10-18 09:39:55,,10,3
1685241328290487,946083589290487,2022,40,1,89,350.0,1.0,1,LOJA,1,LOJA,5,2024-10-18 09:39:55,,10,3
1685241329290487,946083589290487,2022,40,1,89,350.0,2.0,1,LOJA,1,LOJA,20,2024-10-18 09:39:55,,10,3
1685241330290487,946083589290487,2022,40,1,89,350.0,3.0,1,LOJA,1,LOJA,10,2024-10-18 09:39:55,,10,3
1685241331290487,946083589290487,2022,40,1,89,350.0,4.0,1,LOJA,1,LOJA,5,2024-10-18 09:39:55,,10,3
1685241341290487,946083591290487,2022,40,1,79,293.0,1.0,1,LECU,1,LECU,3,2024-10-18 09:39:55,,10,3
1685241342290487,946083591290487,2022,40,1,79,293.0,3.0,1,LECU,1,LECU,4,2024-10-18 09:39:55,,10,3
1685241343290487,946083591290487,2022,40,1,79,293.0,4.0,1,LECU,1,LECU,2,2024-10-18 09:39:55,,10,3
1685241344290487,946083591290487,2022,40,1,79,293.0,3.0,1,LIGUS2,1,LIGUS2,20,2024-10-18 09:39:55,,10,3
1685241345290487,946083591290487,2022,40,1,79,293.0,4.0,1,LIGUS2,1,LIGUS2,2,2024-10-18 09:39:55,,10,3
1685241346290487,946083591290487,2022,40,1,79,293.0,3.0,1,LOJA,1,LOJA,2,2024-10-18 09:39:55,,10,3
1685241347290487,946083591290487,2022,40,1,79,293.0,4.0,1,LOJA,1,LOJA,8,2024-10-18 09:39:55,,10,3
1685241356290487,946083593290487,2022,40,1,79,304.0,3.0,1,LECU,1,LECU,2,2024-10-18 09:39:56,,10,3
1685241357290487,946083593290487,2022,40,1,79,304.0,4.0,1,LECU,1,LECU,3,2024-10-18 09:39:56,,10,3
1685241398290487,946083603290487,2022,40,2,135,131.0,1.0,1,LIGUS2,1,LIGUS2,4,2024-10-18 09:39:56,,10,3
1685241399290487,946083603290487,2022,40,2,135,131.0,2.0,1,LIGUS2,1,LIGUS2,2,2024-10-18 09:39:56,,10,3
1685241400290487,946083603290487,2022,40,2,135,131.0,4.0,1,LIGUS2,1,LIGUS2,1,2024-10-18 09:39:56,,10,3
1685241401290487,946083603290487,2022,40,2,135,131.0,1.0,1,LOJA,1,LOJA,3,2024-10-18 09:39:56,,10,3
1685241406290487,946083604290487,2022,40,2,135,163.0,2.0,1,LIGUS2,1,LIGUS2,3,2024-10-18 09:39:56,,10,3
1685241407290487,946083604290487,2022,40,2,135,163.0,3.0,1,LIGUS2,1,LIGUS2,1,2024-10-18 09:39:56,,10,3
1685241408290487,946083604290487,2022,40,2,135,163.0,4.0,1,LIGUS2,1,LIGUS2,1,2024-10-18 09:39:56,,10,3
1685241409290487,946083604290487,2022,40,2,135,163.0,1.0,1,ROSA5,1,ROSA5,1,2024-10-18 09:39:56,,10,3
1685241536290487,946083610290487,2022,40,2,1,109.0,1.0,1,LECU,1,LECU,5,2024-10-18 09:39:56,,10,3
1685241537290487,946083610290487,2022,40,2,1,109.0,1.0,2,LECU,1,LECU,15,2024-10-18 09:39:56,,10,3
1685241542290487,946083611290487,2022,40,2,21,147.0,3.0,2,LOJA,1,LOJA,1,2024-10-18 09:39:57,,10,3
1685241543290487,946083611290487,2022,40,2,21,147.0,1.0,1,ROSA5,1,ROSA5,3,2024-10-18 09:39:57,,10,3
1685241544290487,946083611290487,2022,40,2,21,147.0,2.0,1,ROSA5,1,ROSA5,2,2024-10-18 09:39:57,,10,3
1685241545290487,946083611290487,2022,40,2,21,147.0,3.0,2,ROSA5,1,ROSA5,3,2024-10-18 09:39:57,,10,3
1685241546290487,946083611290487,2022,40,2,21,147.0,4.0,1,ROSA5,1,ROSA5,3,2024-10-18 09:39:57,,10,3
1685241564290487,946083615290487,2022,40,1,29,79.0,4.0,2,LECU,1,LECU,1,2024-10-18 09:39:57,,10,3
1685241573290487,946083617290487,2022,40,2,97,109.0,3.0,1,ROSA5,1,ROSA5,1,2024-10-18 09:39:57,,10,3
1685241587290487,946083620290487,2022,40,1,13,205.0,4.0,1,LECU,1,LECU,1,2024-10-18 09:39:57,,10,3
1685241588290487,946083620290487,2022,40,1,13,205.0,1.0,1,LIGUS2,1,LIGUS2,1,2024-10-18 09:39:57,,10,3
1685241589290487,946083620290487,2022,40,1,13,205.0,3.0,1,LOJA,1,LOJA,2,2024-10-18 09:39:57,,10,3
1685241698290487,946083622290487,2022,40,1,127,193.0,2.0,1,LECU,1,LECU,1,2024-10-18 09:39:57,,10,3
1685241699290487,946083622290487,2022,40,1,127,193.0,3.0,1,LECU,1,LECU,7,2024-10-18 09:39:57,,10,3
1685241700290487,946083622290487,2022,40,1,127,193.0,4.0,1,LECU,1,LECU,25,2024-10-18 09:39:57,,10,3
1685241701290487,946083622290487,2022,40,1,127,193.0,3.0,1,LESPE,1,LESPE,2,2024-10-18 09:39:57,,10,3
1685241810290487,946083624290487,2022,40,1,5,135.0,1.0,1,ALJU,1,ALJU,4,2024-10-18 09:39:57,,10,3
1685241811290487,946083624290487,2022,40,1,5,135.0,2.0,1,LIGUS2,1,LIGUS2,1,2024-10-18 09:39:57,,10,3
1685241812290487,946083624290487,2022,40,1,5,135.0,4.0,1,LIGUS2,1,LIGUS2,1,2024-10-18 09:39:57,,10,3
1685241825290487,946083627290487,2022,40,1,127,236.0,4.0,2,LIGUS2,1,LIGUS2,8,2024-10-18 09:39:57,,10,3
1685241826290487,946083627290487,2022,40,1,127,236.0,4.0,2,PYCA80,1,PYCA80,6,2024-10-18 09:39:57,,10,3
1685241835290487,946083629290487,2022,40,2,101,107.0,1.0,1,LIGUS2,1,LIGUS2,2,2024-10-18 09:39:58,,10,3
1848383500290487,1280643507290487,2023,40,3,145,33.0,1.0,1,LOJA,1,LOJA,14,2025-04-29 09:36:46,,3,5
1848383501290487,1280643507290487,2023,40,3,145,33.0,2.0,1,LOJA,1,LOJA,20,2025-04-29 09:36:46,,3,5
1848383502290487,1280643507290487,2023,40,3,145,33.0,3.0,1,LOJA,1,LOJA,40,2025-04-29 09:36:46,,3,5
1848383503290487,1280643507290487,2023,40,3,145,33.0,4.0,1,LOJA,1,LOJA,45,2025-04-29 09:36:46,,3,5
1848383504290487,1280643507290487,2023,40,3,145,33.0,2.0,1,PYCA80,1,PYCA80,9,2025-04-29 09:36:46,,3,5
1848383505290487,1280643507290487,2023,40,3,145,33.0,3.0,1,PYCA80,1,PYCA80,14,2025-04-29 09:36:46,,3,5
1848383506290487,1280643507290487,2023,40,3,145,33.0,4.0,1,PYCA80,1,PYCA80,1,2025-04-29 09:36:46,,3,5
1848383507290487,1280643507290487,2023,40,3,145,33.0,3.0,1,ROSA5,1,ROSA5,1,2025-04-29 09:36:46,,3,5
1848383525290487,1280643511290487,2023,40,4,63,28.0,2.0,1,LECU,1,LECU,1,2025-04-29 09:36:46,,3,5
1848383526290487,1280643511290487,2023,40,4,63,28.0,3.0,1,LECU,1,LECU,1,2025-04-29 09:36:46,,3,5
1848383527290487,1280643511290487,2023,40,4,63,28.0,4.0,1,LECU,1,LECU,4,2025-04-29 09:36:46,,3,5
1848383532290487,1280643512290487,2023,40,4,111,48.0,2.0,2,LECU,1,LECU,3,2025-04-29 09:36:46,,3,5
1848383533290487,1280643512290487,2023,40,4,111,48.0,2.0,2,LIGUS2,1,LIGUS2,5,2025-04-29 09:36:46,,3,5
1848383534290487,1280643512290487,2023,40,4,111,48.0,2.0,2,LOJA,1,LOJA,1,2025-04-29 09:36:46,,3,5
499057795126144,124111091010478,2008,40,2,115,99.0,3.0,1,LOJA,1,LOJA,5,2018-01-25 14:35:55,2018-03-29 14:57:11,7,1
499057761126144,124109896010478,2008,40,2,101,171.0,2.0,2,LIGUS2,1,LIGUS2,1,2018-01-25 14:35:55,2018-03-29 14:57:11,7,1
499057762126144,124109896010478,2008,40,2,101,171.0,2.0,2,LOJA,1,LOJA,5,2018-01-25 14:35:55,2018-03-29 14:57:11,7,1
499057763126144,124109896010478,2008,40,2,101,171.0,3.0,2,LOJA,1,LOJA,30,2018-01-25 14:35:55,2018-03-29 14:57:11,7,1
499057764126144,124109970010478,2008,40,2,101,150.0,1.0,2,LOJA,1,LOJA,1,2018-01-25 14:35:55,2018-03-29 14:57:11,7,1
499057765126144,124109970010478,2008,40,2,101,150.0,4.0,2,LECU,1,LECU,1,2018-01-25 14:35:55,2018-03-29 14:57:11,7,1
499057708126144,124107870010478,2008,40,2,91,113.0,1.0,1,ROSA5,1,ROSA5,1,2018-01-25 14:35:55,2018-03-29 14:57:11,7,1
499057709126144,124107870010478,2008,40,2,91,113.0,1.0,1,LOJA,1,LOJA,95,2018-01-25 14:35:55,2018-03-29 14:57:11,7,1
499057710126144,124107870010478,2008,40,2,91,113.0,1.0,1,SCAR7,1,SCAR7,1,2018-01-25 14:35:55,2020-08-10 11:38:55,7,1
499057711126144,124107870010478,2008,40,2,91,113.0,1.0,1,LECU,1,LECU,5,2018-01-25 14:35:55,2018-03-29 14:57:11,7,1
499057712126144,124107870010478,2008,40,2,91,113.0,3.0,1,ROSA5,1,ROSA5,1,2018-01-25 14:35:55,2018-03-29 14:57:11,7,1
499057713126144,124107870010478,2008,40,2,91,113.0,3.0,1,LOJA,1,LOJA,95,2018-01-25 14:35:55,2018-03-29 14:57:11,7,1
499057714126144,124107870010478,2008,40,2,91,113.0,4.0,1,ROSA5,1,ROSA5,70,2018-01-25 14:35:55,2018-03-29 14:57:11,7,1
499057715126144,124107870010478,2008,40,2,91,113.0,4.0,1,LOJA,1,LOJA,70,2018-01-25 14:35:55,2018-03-29 14:57:11,7,1
499057716126144,124108194010478,2008,40,2,101,169.0,4.0,1,LECU,1,LECU,30,2018-01-25 14:35:55,2018-03-29 14:57:11,7,1
499087892126144,157270001010478,2008,40,1,121,214.0,2.0,1,LECU,1,LECU,5,2018-01-25 14:36:04,2018-03-29 14:57:12,7,1
499087893126144,157270001010478,2008,40,1,121,214.0,4.0,1,LECU,1,LECU,1,2018-01-25 14:36:04,2018-03-29 14:57:12,7,1
499088193126144,157293824010478,2008,40,1,23,149.0,1.0,1,LECU,1,LECU,70,2018-01-25 14:36:04,2018-03-29 14:57:13,7,1
499088194126144,157293824010478,2008,40,1,23,149.0,3.0,1,ROSA5,1,ROSA5,1,2018-01-25 14:36:04,2018-03-29 14:57:13,7,1
499088195126144,157293824010478,2008,40,1,23,149.0,3.0,1,LECU,1,LECU,5,2018-01-25 14:36:04,2018-03-29 14:57:13,7,1
499088196126144,157293824010478,2008,40,1,23,149.0,4.0,1,LOJA,1,LOJA,1,2018-01-25 14:36:04,2018-03-29 14:57:13,7,1
499088318126144,157298997010478,2008,40,1,61,88.0,1.0,1,ROSA5,1,ROSA5,30,2018-01-25 14:36:04,2018-03-29 14:57:13,7,1
499088319126144,157298997010478,2008,40,1,61,88.0,2.0,1,ROSA5,1,ROSA5,5,2018-01-25 14:36:04,2018-03-29 14:57:13,7,1
499088320126144,157298997010478,2008,40,1,61,88.0,4.0,1,LIGUS2,1,LIGUS2,5,2018-01-25 14:36:04,2018-03-29 14:57:13,7,1
499088321126144,157298997010478,2008,40,1,61,88.0,4.0,1,ROSA5,1,ROSA5,5,2018-01-25 14:36:04,2018-03-29 14:57:13,7,1
499088113126144,157286940010478,2008,40,1,5,159.0,4.0,1,ROSA5,1,ROSA5,5,2018-01-25 14:36:04,2018-03-29 14:57:13,7,1
499088216126144,157294401010478,2008,40,1,23,175.0,2.0,1,ALJU,1,ALJU,1,2018-01-25 14:36:04,2018-03-29 14:57:13,7,1
499088217126144,157294401010478,2008,40,1,23,175.0,2.0,1,LOJA,1,LOJA,5,2018-01-25 14:36:04,2018-03-29 14:57:13,7,1
499088237126144,157295239010478,2008,40,1,23,172.0,1.0,1,ROSA5,1,ROSA5,1,2018-01-25 14:36:04,2018-03-29 14:57:13,7,1
499088573126144,157324462010478,2008,40,1,89,286.0,1.0,2,LOJA,1,LOJA,30,2018-01-25 14:36:04,2018-03-29 14:57:13,7,1
499088574126144,157324502010478,2008,40,1,89,407.0,1.0,1,ALJU,1,ALJU,30,2018-01-25 14:36:04,2018-03-29 14:57:13,7,1
499088575126144,157324502010478,2008,40,1,89,407.0,1.0,1,LIGUS2,1,LIGUS2,70,2018-01-25 14:36:04,2018-03-29 14:57:13,7,1
499088576126144,157324502010478,2008,40,1,89,407.0,1.0,1,LOJA,1,LOJA,1,2018-01-25 14:36:04,2018-03-29 14:57:13,7,1
499088577126144,157324502010478,2008,40,1,89,407.0,2.0,1,ALJU,1,ALJU,70,2018-01-25 14:36:04,2018-03-29 14:57:13,7,1
499088578126144,157324502010478,2008,40,1,89,407.0,2.0,1,LIGUS2,1,LIGUS2,70,2018-01-25 14:36:04,2018-03-29 14:57:13,7,1
499088579126144,157324502010478,2008,40,1,89,407.0,2.0,1,LOJA,1,LOJA,30,2018-01-25 14:36:04,2018-03-29 14:57:13,7,1
499088580126144,157324502010478,2008,40,1,89,407.0,3.0,1,ALJU,1,ALJU,30,2018-01-25 14:36:04,2018-03-29 14:57:13,7,1
499088581126144,157324502010478,2008,40,1,89,407.0,3.0,1,LIGUS2,1,LIGUS2,70,2018-01-25 14:36:04,2018-03-29 14:57:13,7,1
499088582126144,157324502010478,2008,40,1,89,407.0,3.0,1,LOJA,1,LOJA,30,2018-01-25 14:36:04,2018-03-29 14:57:13,7,1
499088583126144,157324502010478,2008,40,1,89,407.0,4.0,1,LIGUS2,1,LIGUS2,30,2018-01-25 14:36:04,2018-03-29 14:57:13,7,1
499057688126144,124107478010478,2008,40,2,91,119.0,1.0,1,LECU,1,LECU,1,2018-01-25 14:35:55,2018-03-29 14:57:11,7,1
499087904126144,157270326010478,2008,40,1,121,192.0,3.0,1,LECU,1,LECU,1,2018-01-25 14:36:04,2018-03-29 14:57:12,7,1
499088280126144,157297023010478,2008,40,1,23,120.0,1.0,1,ROSA5,1,ROSA5,5,2018-01-25 14:36:04,2018-03-29 14:57:13,7,1
499088281126144,157297023010478,2008,40,1,23,120.0,1.0,1,LECU,1,LECU,30,2018-01-25 14:36:04,2018-03-29 14:57:21,7,1
499088282126144,157297023010478,2008,40,1,23,120.0,3.0,1,LECU,1,LECU,5,2018-01-25 14:36:04,2018-03-29 14:57:13,7,1
499088283126144,157297023010478,2008,40,1,23,120.0,4.0,1,ROSA5,1,ROSA5,5,2018-01-25 14:36:04,2018-03-29 14:57:13,7,1
499088284126144,157297023010478,2008,40,1,23,120.0,4.0,1,LOJA,1,LOJA,5,2018-01-25 14:36:04,2018-03-29 14:57:13,7,1
499088285126144,157297023010478,2008,40,1,23,120.0,4.0,1,LECU,1,LECU,30,2018-01-25 14:36:04,2018-03-29 14:57:13,7,1
499087828126144,157266250010478,2008,40,1,121,221.0,1.0,1,LECU,1,LECU,1,2018-01-25 14:36:04,2018-03-29 14:57:12,7,1
499087829126144,157266250010478,2008,40,1,121,221.0,2.0,1,LECU,1,LECU,5,2018-01-25 14:36:04,2018-03-29 14:57:12,7,1
499087830126144,157266250010478,2008,40,1,121,221.0,3.0,1,LECU,1,LECU,5,2018-01-25 14:36:04,2018-03-29 14:57:21,7,1
499087831126144,157266250010478,2008,40,1,121,221.0,4.0,1,LECU,1,LECU,5,2018-01-25 14:36:04,2018-03-29 14:57:12,7,1
499087993126144,157277944010478,2008,40,1,127,292.0,1.0,1,LECU,1,LECU,70,2018-01-25 14:36:04,2018-03-29 14:57:13,7,1
499087994126144,157277944010478,2008,40,1,127,292.0,2.0,1,LECU,1,LECU,1,2018-01-25 14:36:04,2018-03-29 14:57:13,7,1
499087995126144,157277944010478,2008,40,1,127,292.0,3.0,1,LECU,1,LECU,1,2018-01-25 14:36:04,2018-03-29 14:57:21,7,1
499087996126144,157277944010478,2008,40,1,127,292.0,4.0,1,LECU,1,LECU,30,2018-01-25 14:36:04,2018-03-29 14:57:13,7,1
499087997126144,157278047010478,2008,40,1,127,256.0,1.0,1,SCAR7,1,SCAR7,1,2018-01-25 14:36:04,2020-08-10 11:38:55,7,1
499087998126144,157278148010478,2008,40,1,127,309.0,4.0,1,LESPE,1,LESPE,1,2018-01-25 14:36:04,2018-03-29 14:57:13,7,1
499087999126144,157278412010478,2008,40,1,127,304.0,4.0,1,LESPE,1,LESPE,1,2018-01-25 14:36:04,2018-03-29 14:57:13,7,1
499087913126144,157271313010478,2008,40,1,127,240.0,1.0,1,SCAR7,1,SCAR7,5,2018-01-25 14:36:04,2020-08-10 11:38:55,7,1
499087914126144,157271313010478,2008,40,1,127,240.0,1.0,1,LESPE,1,LESPE,1,2018-01-25 14:36:04,2018-03-29 14:57:12,7,1
499087915126144,157271313010478,2008,40,1,127,240.0,3.0,1,SCAR7,1,SCAR7,5,2018-01-25 14:36:04,2020-08-10 11:38:55,7,1
499087916126144,157271313010478,2008,40,1,127,240.0,4.0,1,SCAR7,1,SCAR7,1,2018-01-25 14:36:04,2020-08-10 11:38:55,7,1
499087917126144,157271550010478,2008,40,1,127,231.0,2.0,1,ROSA5,1,ROSA5,1,2018-01-25 14:36:04,2018-03-29 14:57:21,7,1
499087918126144,157271550010478,2008,40,1,127,231.0,3.0,1,ROSA5,1,ROSA5,1,2018-01-25 14:36:04,2018-03-29 14:57:12,7,1
499087919126144,157271658010478,2008,40,1,127,230.0,3.0,1,ROSA5,1,ROSA5,1,2018-01-25 14:36:04,2018-03-29 14:57:12,7,1
499087920126144,157271791010478,2008,40,1,127,248.0,1.0,1,ROSA5,1,ROSA5,5,2018-01-25 14:36:04,2018-03-29 14:57:12,7,1
499087921126144,157271791010478,2008,40,1,127,248.0,2.0,1,SCAR7,1,SCAR7,1,2018-01-25 14:36:04,2020-08-10 11:38:55,7,1
499087923126144,157272087010478,2008,40,1,127,251.0,3.0,1,ROSA5,1,ROSA5,30,2018-01-25 14:36:04,2018-03-29 14:57:13,7,1
499087924126144,157272087010478,2008,40,1,127,251.0,4.0,1,LOJA,1,LOJA,30,2018-01-25 14:36:04,2018-03-29 14:57:13,7,1
499087922126144,157272087010478,2008,40,1,127,251.0,1.0,1,LOJA,1,LOJA,30,2018-01-25 14:36:04,2018-03-29 14:57:12,7,1
499087925126144,157272261010478,2008,40,1,127,259.0,2.0,1,LECU,1,LECU,1,2018-01-25 14:36:04,2018-03-29 14:57:13,7,1
499087926126144,157272261010478,2008,40,1,127,259.0,3.0,1,LECU,1,LECU,1,2018-01-25 14:36:04,2018-03-29 14:57:13,7,1
499087927126144,157272381010478,2008,40,1,127,242.0,3.0,1,LESPE,1,LESPE,5,2018-01-25 14:36:04,2018-03-29 14:57:13,7,1
499087928126144,157272381010478,2008,40,1,127,242.0,4.0,1,LESPE,1,LESPE,1,2018-01-25 14:36:04,2018-03-29 14:57:13,7,1
499087929126144,157272483010478,2008,40,1,127,264.0,1.0,1,LESPE,1,LESPE,1,2018-01-25 14:36:04,2018-03-29 14:57:13,7,1
499087930126144,157272483010478,2008,40,1,127,264.0,3.0,1,LESPE,1,LESPE,1,2018-01-25 14:36:04,2018-03-29 14:57:13,7,1
499087931126144,157272483010478,2008,40,1,127,264.0,4.0,1,LESPE,1,LESPE,1,2018-01-25 14:36:04,2018-03-29 14:57:13,7,1
499087932126144,157272617010478,2008,40,1,127,229.0,2.0,1,LIGUS2,1,LIGUS2,1,2018-01-25 14:36:04,2018-03-29 14:57:13,7,1
499087933126144,157272617010478,2008,40,1,127,229.0,2.0,1,ROSA5,1,ROSA5,5,2018-01-25 14:36:04,2018-03-29 14:57:13,7,1
499087934126144,157272617010478,2008,40,1,127,229.0,3.0,1,SCAR7,1,SCAR7,30,2018-01-25 14:36:04,2020-08-10 11:38:55,7,1
499087935126144,157272818010478,2008,40,1,127,280.0,1.0,1,LESPE,1,LESPE,30,2018-01-25 14:36:04,2018-03-29 14:57:13,7,1
499088317126144,157298925010478,2008,40,1,61,142.0,4.0,1,LECU,1,LECU,1,2018-01-25 14:36:04,2018-03-29 14:57:13,7,1
499088322126144,157299175010478,2008,40,1,61,87.0,1.0,1,LECU,1,LECU,5,2018-01-25 14:36:04,2018-03-29 14:57:13,7,1
499088323126144,157299175010478,2008,40,1,61,87.0,2.0,1,LECU,1,LECU,1,2018-01-25 14:36:04,2018-03-29 14:57:13,7,1
499088324126144,157299175010478,2008,40,1,61,87.0,3.0,1,LECU,1,LECU,1,2018-01-25 14:36:04,2018-03-29 14:57:13,7,1
499088325126144,157299175010478,2008,40,1,61,87.0,4.0,1,LESPE,1,LESPE,5,2018-01-25 14:36:04,2018-03-29 14:57:13,7,1
499088326126144,157299175010478,2008,40,1,61,87.0,4.0,1,LECU,1,LECU,5,2018-01-25 14:36:04,2018-03-29 14:57:13,7,1
499088398126144,157305367010478,2008,40,1,77,87.0,3.0,1,LESPE,1,LESPE,5,2018-01-25 14:36:04,2018-03-29 14:57:13,7,1
499088399126144,157305550010478,2008,40,1,77,92.0,1.0,1,LOJA,1,LOJA,1,2018-01-25 14:36:04,2018-03-29 14:57:13,7,1
499088400126144,157305550010478,2008,40,1,77,92.0,2.0,1,LOJA,1,LOJA,1,2018-01-25 14:36:04,2018-03-29 14:57:13,7,1
499088401126144,157305550010478,2008,40,1,77,92.0,4.0,1,LECU,1,LECU,1,2018-01-25 14:36:04,2018-03-29 14:57:13,7,1
499088402126144,157305642010478,2008,40,1,77,100.0,1.0,1,LECU,1,LECU,5,2018-01-25 14:36:04,2018-03-29 14:57:13,7,1
499088403126144,157305642010478,2008,40,1,77,100.0,3.0,1,LECU,1,LECU,5,2018-01-25 14:36:04,2018-03-29 14:57:13,7,1
499088404126144,157305642010478,2008,40,1,77,100.0,4.0,1,LOJA,1,LOJA,5,2018-01-25 14:36:04,2018-03-29 14:57:13,7,1
499088176126144,157291750010478,2008,40,1,13,203.0,2.0,1,LOJA,1,LOJA,5,2018-01-25 14:36:04,2018-03-29 14:57:13,7,1
499088177126144,157291750010478,2008,40,1,13,203.0,3.0,1,LOJA,1,LOJA,5,2018-01-25 14:36:04,2018-03-29 14:57:13,7,1
499088127126144,157288307010478,2008,40,1,5,158.0,1.0,1,LECU,1,LECU,5,2018-01-25 14:36:04,2018-03-29 14:57:13,7,1
499088128126144,157288307010478,2008,40,1,5,158.0,3.0,1,ROSA5,1,ROSA5,1,2018-01-25 14:36:04,2018-03-29 14:57:13,7,1
499088129126144,157288307010478,2008,40,1,5,158.0,4.0,1,LECU,1,LECU,30,2018-01-25 14:36:04,2018-03-29 14:57:13,7,1
499088132126144,157288472010478,2008,40,1,5,204.0,3.0,2,ROSA5,1,ROSA5,1,2018-01-25 14:36:04,2018-03-29 14:57:13,7,1
499088133126144,157288472010478,2008,40,1,5,204.0,4.0,2,ROSA5,1,ROSA5,1,2018-01-25 14:36:04,2018-03-29 14:57:13,7,1
499088297126144,157297680010478,2008,40,1,23,154.0,1.0,1,LOJA,1,LOJA,1,2018-01-25 14:36:04,2018-03-29 14:57:13,7,1
499088298126144,157297680010478,2008,40,1,23,154.0,1.0,2,LOJA,1,LOJA,1,2018-01-25 14:36:04,2018-03-29 14:57:13,7,1
499088299126144,157297680010478,2008,40,1,23,154.0,2.0,1,ALJU,1,ALJU,1,2018-01-25 14:36:04,2018-03-29 14:57:13,7,1
499088300126144,157297680010478,2008,40,1,23,154.0,2.0,2,ALJU,1,ALJU,1,2018-01-25 14:36:04,2018-03-29 14:57:13,7,1
499088301126144,157297680010478,2008,40,1,23,154.0,3.0,1,ALJU,1,ALJU,1,2018-01-25 14:36:04,2018-03-29 14:57:13,7,1
499088302126144,157297680010478,2008,40,1,23,154.0,3.0,1,LECU,1,LECU,1,2018-01-25 14:36:04,2018-03-29 14:57:13,7,1
499088303126144,157297680010478,2008,40,1,23,154.0,4.0,2,ALJU,1,ALJU,1,2018-01-25 14:36:04,2018-03-29 14:57:13,7,1
499088304126144,157297680010478,2008,40,1,23,154.0,4.0,2,LOJA,1,LOJA,1,2018-01-25 14:36:04,2018-03-29 14:57:13,7,1
499088305126144,157297745010478,2008,40,1,23,164.0,1.0,2,LOJA,1,LOJA,1,2018-01-25 14:36:04,2018-03-29 14:57:13,7,1
499087816126144,157265455010478,2008,40,1,121,196.0,3.0,1,LOJA,1,LOJA,1,2018-01-25 14:36:04,2018-03-29 14:57:12,7,1
499087854126144,157268072010478,2008,40,1,121,174.0,2.0,1,LIGUS2,1,LIGUS2,5,2018-01-25 14:36:04,2018-03-29 14:57:12,7,1
430715531489998,275621776489998,2015,40,1,89,309.0,4.0,1,LIGUS2,1,LIGUS2,2,2016-09-21 14:11:15,,9,1
430715532489998,275621776489998,2015,40,1,89,309.0,1.0,1,LOJA,1,LOJA,40,2016-09-21 14:11:15,,9,1
430715533489998,275621776489998,2015,40,1,89,309.0,2.0,1,LOJA,1,LOJA,40,2016-09-21 14:11:15,,9,1
430715534489998,275621776489998,2015,40,1,89,309.0,3.0,1,LOJA,1,LOJA,20,2016-09-21 14:11:15,,9,1
430715535489998,275621776489998,2015,40,1,89,309.0,4.0,1,LOJA,1,LOJA,10,2016-09-21 14:11:15,,9,1
430715544489998,275621778489998,2015,40,1,89,327.0,4.0,1,LIGUS2,1,LIGUS2,1,2016-09-21 14:11:15,,9,1
430715545489998,275621778489998,2015,40,1,89,327.0,1.0,1,LOJA,1,LOJA,1,2016-09-21 14:11:15,,9,1
430715546489998,275621778489998,2015,40,1,89,327.0,4.0,1,LOJA,1,LOJA,2,2016-09-21 14:11:15,,9,1
430715547489998,275621778489998,2015,40,1,89,327.0,1.0,1,ROSA5,1,ROSA5,1,2016-09-21 14:11:15,,9,1
430715548489998,275621778489998,2015,40,1,89,327.0,4.0,1,ROSA5,1,ROSA5,2,2016-09-21 14:11:15,,9,1
430715557489998,275621780489998,2015,40,1,89,435.0,1.0,1,LOJA,1,LOJA,1,2016-09-21 14:11:15,,9,1
430715566489998,275621782489998,2015,40,1,23,181.0,1.0,1,ROSA5,1,ROSA5,1,2016-09-21 14:11:15,,9,1
430715571489998,275621783489998,2015,40,1,23,166.0,2.0,1,ROSA5,1,ROSA5,1,2016-09-21 14:11:16,,9,1
430715572489998,275621783489998,2015,40,1,23,166.0,3.0,1,ROSA5,1,ROSA5,1,2016-09-21 14:11:16,,9,1
430715573489998,275621783489998,2015,40,1,23,166.0,3.0,1,SCAR7,1,SCAR7,1,2016-09-21 14:11:16,2020-08-10 11:38:55,9,1
430715598489998,275621789489998,2015,40,1,121,271.0,1.0,1,LECU,1,LECU,1,2016-09-21 14:11:16,,9,1
430715599489998,275621789489998,2015,40,1,121,271.0,2.0,1,LECU,1,LECU,1,2016-09-21 14:11:16,,9,1
430715600489998,275621789489998,2015,40,1,121,271.0,3.0,1,LECU,1,LECU,1,2016-09-21 14:11:16,,9,1
430715601489998,275621789489998,2015,40,1,121,271.0,4.0,1,LECU,1,LECU,1,2016-09-21 14:11:16,,9,1
430715610489998,275621792489998,2015,40,1,121,192.0,1.0,1,LECU,1,LECU,1,2016-09-21 14:11:16,,9,1
430715611489998,275621792489998,2015,40,1,121,192.0,2.0,1,LECU,1,LECU,1,2016-09-21 14:11:16,,9,1
430715612489998,275621792489998,2015,40,1,121,192.0,3.0,1,LECU,1,LECU,1,2016-09-21 14:11:16,,9,1
430715618489998,275621793489998,2015,40,1,121,208.0,4.0,1,LECU,1,LECU,1,2016-09-21 14:11:16,,9,1
430715619489998,275621793489998,2015,40,1,121,208.0,4.0,2,LECU,1,LECU,1,2016-09-21 14:11:16,,9,1
430715620489998,275621793489998,2015,40,1,121,208.0,4.0,1,ROSA5,1,ROSA5,2,2016-09-21 14:11:16,,9,1
430715642489998,275621798489998,2015,40,2,91,118.0,3.0,1,LIGUS2,1,LIGUS2,1,2016-09-21 14:11:16,,9,1
430715643489998,275621798489998,2015,40,2,91,118.0,3.0,1,ROSA5,1,ROSA5,1,2016-09-21 14:11:16,,9,1
430715644489998,275621798489998,2015,40,2,91,118.0,4.0,1,ROSA5,1,ROSA5,1,2016-09-21 14:11:16,,9,1
430715657489998,275621801489998,2015,40,2,91,93.0,2.0,1,LECU,1,LECU,1,2016-09-21 14:11:16,,9,1
430715658489998,275621801489998,2015,40,2,91,93.0,3.0,1,LIGUS2,1,LIGUS2,2,2016-09-21 14:11:16,,9,1
430715666489998,275621802489998,2015,40,1,61,145.0,3.0,1,ROSA5,1,ROSA5,2,2016-09-21 14:11:17,,9,1
430715664489998,275621802489998,2015,40,1,61,145.0,3.0,1,LIGUS2,1,LIGUS2,1,2016-09-21 14:11:17,,9,1
430715665489998,275621802489998,2015,40,1,61,145.0,1.0,1,ROSA5,1,ROSA5,20,2016-09-21 14:11:17,,9,1
430715691489998,275621808489998,2015,40,1,5,138.0,2.0,1,LIGUS2,1,LIGUS2,30,2016-09-21 14:11:17,,9,1
430715692489998,275621808489998,2015,40,1,5,138.0,3.0,1,LIGUS2,1,LIGUS2,1,2016-09-21 14:11:17,,9,1
430715693489998,275621808489998,2015,40,1,5,138.0,4.0,1,LIGUS2,1,LIGUS2,10,2016-09-21 14:11:17,,9,1
430715815489998,275621813489998,2015,40,1,13,206.0,2.0,1,ROSA5,1,ROSA5,1,2016-09-21 14:11:17,,9,1
430715821489998,275621814489998,2015,40,1,13,201.0,1.0,1,LOJA,1,LOJA,2,2016-09-21 14:11:17,,9,1
430715822489998,275621814489998,2015,40,1,13,201.0,3.0,1,ROSA5,1,ROSA5,1,2016-09-21 14:11:17,,9,1
430715837489998,275621817489998,2015,40,1,121,285.0,4.0,2,LECU,1,LECU,3,2016-09-21 14:11:17,,9,1
430715838489998,275621817489998,2015,40,1,121,285.0,3.0,2,LIGUS2,1,LIGUS2,2,2016-09-21 14:11:17,,9,1
430715839489998,275621817489998,2015,40,1,121,285.0,3.0,2,ROSA5,1,ROSA5,1,2016-09-21 14:11:17,,9,1
430715864489998,275621823489998,2015,40,1,89,311.0,4.0,1,LIGUS2,1,LIGUS2,7,2016-09-21 14:11:18,,9,1
430715869489998,275621824489998,2015,40,1,89,280.0,2.0,2,ROSA5,1,ROSA5,1,2016-09-21 14:11:18,,9,1
430715878489998,275621826489998,2015,40,1,89,375.0,4.0,1,LOJA,1,LOJA,2,2016-09-21 14:11:18,,9,1
430715907489998,275621834489998,2015,40,1,79,325.0,3.0,1,LECU,1,LECU,1,2016-09-21 14:11:18,,9,1
430715918489998,275621836489998,2015,40,1,79,313.0,1.0,1,LECU,1,LECU,1,2016-09-21 14:11:19,,9,1
430715919489998,275621836489998,2015,40,1,79,313.0,2.0,1,LECU,1,LECU,1,2016-09-21 14:11:19,,9,1
430715920489998,275621836489998,2015,40,1,79,313.0,4.0,1,LECU,1,LECU,1,2016-09-21 14:11:19,,9,1
430715941489998,275621841489998,2015,40,1,77,127.0,3.0,2,LECU,1,LECU,1,2016-09-21 14:11:19,,9,1
430715960489998,275621845489998,2015,40,2,135,151.0,1.0,1,LECU,1,LECU,15,2016-09-21 14:11:19,,9,1
430715961489998,275621845489998,2015,40,2,135,151.0,2.0,1,LECU,1,LECU,55,2016-09-21 14:11:19,,9,1
430715962489998,275621845489998,2015,40,2,135,151.0,3.0,1,LECU,1,LECU,2,2016-09-21 14:11:19,,9,1
430715984489998,275621850489998,2015,40,2,135,162.0,1.0,1,LECU,1,LECU,70,2016-09-21 14:11:19,,9,1
430715985489998,275621850489998,2015,40,2,135,162.0,1.0,1,LIGUS2,1,LIGUS2,40,2016-09-21 14:11:19,,9,1
430715986489998,275621850489998,2015,40,2,135,162.0,2.0,1,LIGUS2,1,LIGUS2,4,2016-09-21 14:11:19,,9,1
430715987489998,275621850489998,2015,40,2,135,162.0,3.0,1,LIGUS2,1,LIGUS2,10,2016-09-21 14:11:19,,9,1
430715988489998,275621850489998,2015,40,2,135,162.0,4.0,1,LIGUS2,1,LIGUS2,3,2016-09-21 14:11:19,,9,1
430715989489998,275621850489998,2015,40,2,135,162.0,1.0,1,LOJA,1,LOJA,7,2016-09-21 14:11:19,,9,1
430715990489998,275621850489998,2015,40,2,135,162.0,2.0,1,LOJA,1,LOJA,1,2016-09-21 14:11:19,,9,1
430715991489998,275621850489998,2015,40,2,135,162.0,3.0,1,LOJA,1,LOJA,3,2016-09-21 14:11:19,,9,1
430715992489998,275621850489998,2015,40,2,135,162.0,4.0,1,LOJA,1,LOJA,2,2016-09-21 14:11:19,,9,1
430716025489998,275621858489998,2015,40,2,1,99.0,3.0,1,LECU,1,LECU,1,2016-09-21 14:11:20,,9,1
430716026489998,275621858489998,2015,40,2,1,99.0,4.0,1,LECU,1,LECU,1,2016-09-21 14:11:20,,9,1
430716027489998,275621858489998,2015,40,2,1,99.0,1.0,1,LESPE,1,LESPE,1,2016-09-21 14:11:20,,9,1
430716028489998,275621858489998,2015,40,2,1,99.0,3.0,1,LESPE,1,LESPE,1,2016-09-21 14:11:20,,9,1
430716029489998,275621858489998,2015,40,2,1,99.0,3.0,1,LOJA,1,LOJA,1,2016-09-21 14:11:20,,9,1
430716043489998,275621861489998,2015,40,2,21,109.0,2.0,1,LECU,1,LECU,1,2016-09-21 14:11:20,,9,1
430716064489998,275621866489998,2015,40,1,23,155.0,4.0,1,LIGUS2,1,LIGUS2,1,2016-09-21 14:11:20,,9,1
430716065489998,275621866489998,2015,40,1,23,155.0,4.0,1,ROSA5,1,ROSA5,3,2016-09-21 14:11:20,,9,1
430716101489998,275621874489998,2015,40,1,127,274.0,1.0,1,LIGUS2,1,LIGUS2,10,2016-09-21 14:11:21,,9,1
430713916489998,275618118489998,2015,40,5,75,56.0,2.0,1,SCAR7,1,SCAR7,1,2016-09-21 14:11:06,2020-08-10 11:38:55,2,7
430713917489998,275618118489998,2015,40,5,75,56.0,3.0,1,SCAR7,1,SCAR7,1,2016-09-21 14:11:06,2020-08-10 11:38:55,2,7
430713918489998,275618118489998,2015,40,5,75,56.0,4.0,1,SCAR7,1,SCAR7,1,2016-09-21 14:11:06,2020-08-10 11:38:55,2,7
430713932489998,275618121489998,2015,40,5,9,31.0,1.0,1,TAMAR2,1,TAMAR2,70,2016-09-21 14:11:06,,2,7
430713933489998,275618121489998,2015,40,5,9,31.0,3.0,1,TAMAR2,1,TAMAR2,4,2016-09-21 14:11:06,,2,7
430713934489998,275618121489998,2015,40,5,9,31.0,4.0,1,TAMAR2,1,TAMAR2,60,2016-09-21 14:11:06,,2,7
430714649489998,275621695489998,2015,40,2,21,159.0,3.0,1,LECU,1,LECU,2,2016-09-21 14:11:09,,9,1
430714650489998,275621695489998,2015,40,2,21,159.0,4.0,1,LECU,1,LECU,5,2016-09-21 14:11:09,,9,1
430714687489998,275621704489998,2015,40,2,97,107.0,4.0,1,ROSA5,1,ROSA5,1,2016-09-21 14:11:09,,9,1
430714796489998,275621706489998,2015,40,2,41,96.0,1.0,1,LOJA,1,LOJA,10,2016-09-21 14:11:10,,9,1
430714797489998,275621706489998,2015,40,2,41,96.0,3.0,1,LOJA,1,LOJA,7,2016-09-21 14:11:10,,9,1
430714798489998,275621706489998,2015,40,2,41,96.0,4.0,1,LOJA,1,LOJA,90,2016-09-21 14:11:10,,9,1
430714799489998,275621706489998,2015,40,2,41,96.0,2.0,1,PYCA80,1,PYCA80,3,2016-09-21 14:11:10,,9,1
430714800489998,275621706489998,2015,40,2,41,96.0,4.0,1,PYCA80,1,PYCA80,5,2016-09-21 14:11:10,,9,1
430714801489998,275621706489998,2015,40,2,41,96.0,1.0,1,ROSA5,1,ROSA5,1,2016-09-21 14:11:10,,9,1
430714802489998,275621706489998,2015,40,2,41,96.0,2.0,1,ROSA5,1,ROSA5,4,2016-09-21 14:11:10,,9,1
430714803489998,275621706489998,2015,40,2,41,96.0,3.0,1,ROSA5,1,ROSA5,4,2016-09-21 14:11:10,,9,1
430714804489998,275621706489998,2015,40,2,41,96.0,4.0,1,ROSA5,1,ROSA5,1,2016-09-21 14:11:10,,9,1
430714813489998,275621708489998,2015,40,2,115,63.0,4.0,2,LECU,1,LECU,2,2016-09-21 14:11:10,,9,1
430714834489998,275621713489998,2015,40,1,89,370.0,1.0,1,LIGUS2,1,LIGUS2,2,2016-09-21 14:11:10,,9,1
430714835489998,275621713489998,2015,40,1,89,370.0,2.0,1,LIGUS2,1,LIGUS2,3,2016-09-21 14:11:10,,9,1
430714836489998,275621713489998,2015,40,1,89,370.0,4.0,1,LIGUS2,1,LIGUS2,3,2016-09-21 14:11:10,,9,1
430714837489998,275621713489998,2015,40,1,89,370.0,1.0,1,LOJA,1,LOJA,1,2016-09-21 14:11:10,,9,1
430714843489998,275621714489998,2015,40,1,89,328.0,1.0,1,LOJA,1,LOJA,25,2016-09-21 14:11:10,,9,1
430714844489998,275621714489998,2015,40,1,89,328.0,2.0,1,LOJA,1,LOJA,10,2016-09-21 14:11:10,,9,1
430714845489998,275621714489998,2015,40,1,89,328.0,3.0,1,LOJA,1,LOJA,5,2016-09-21 14:11:10,,9,1
430714846489998,275621714489998,2015,40,1,89,328.0,4.0,1,LOJA,1,LOJA,5,2016-09-21 14:11:10,,9,1
430714856489998,275621717489998,2015,40,1,77,104.0,2.0,1,LECU,1,LECU,1,2016-09-21 14:11:11,,9,1
430714866489998,275621719489998,2015,40,1,13,149.0,1.0,1,LIGUS2,1,LIGUS2,2,2016-09-21 14:11:11,,9,1
430714867489998,275621719489998,2015,40,1,13,149.0,3.0,1,LIGUS2,1,LIGUS2,2,2016-09-21 14:11:11,,9,1
430714868489998,275621719489998,2015,40,1,13,149.0,1.0,1,LOJA,1,LOJA,4,2016-09-21 14:11:11,,9,1
430714869489998,275621719489998,2015,40,1,13,149.0,3.0,1,LOJA,1,LOJA,3,2016-09-21 14:11:11,,9,1
430714888489998,275621723489998,2015,40,2,101,146.0,2.0,1,LECU,1,LECU,1,2016-09-21 14:11:11,,9,1
430714889489998,275621723489998,2015,40,2,101,146.0,1.0,1,LOJA,1,LOJA,5,2016-09-21 14:11:11,,9,1
430714890489998,275621723489998,2015,40,2,101,146.0,2.0,1,LOJA,1,LOJA,1,2016-09-21 14:11:11,,9,1
430714891489998,275621723489998,2015,40,2,101,146.0,3.0,1,LOJA,1,LOJA,3,2016-09-21 14:11:11,,9,1
430714892489998,275621723489998,2015,40,2,101,146.0,4.0,1,LOJA,1,LOJA,2,2016-09-21 14:11:11,,9,1
430715037489998,275621734489998,2015,40,2,21,141.0,2.0,1,ROSA5,1,ROSA5,1,2016-09-21 14:11:11,,9,1
430715046489998,275621736489998,2015,40,2,21,113.0,4.0,1,LECU,1,LECU,2,2016-09-21 14:11:12,,9,1
430715047489998,275621736489998,2015,40,2,21,113.0,2.0,1,ROSA5,1,ROSA5,1,2016-09-21 14:11:12,,9,1
430715048489998,275621736489998,2015,40,2,21,113.0,4.0,1,ROSA5,1,ROSA5,1,2016-09-21 14:11:12,,9,1
430715158489998,275621738489998,2015,40,2,21,134.0,4.0,2,ROSA5,1,ROSA5,1,2016-09-21 14:11:12,,9,1
430715163489998,275621739489998,2015,40,1,23,144.0,3.0,1,LOJA,1,LOJA,2,2016-09-21 14:11:12,,9,1
430715164489998,275621739489998,2015,40,1,23,144.0,4.0,1,LOJA,1,LOJA,1,2016-09-21 14:11:12,,9,1
430715165489998,275621739489998,2015,40,1,23,144.0,2.0,1,ROSA5,1,ROSA5,1,2016-09-21 14:11:12,,9,1
430715178489998,275621742489998,2015,40,1,77,141.0,1.0,1,LECU,1,LECU,5,2016-09-21 14:11:12,,9,1
430715179489998,275621742489998,2015,40,1,77,141.0,4.0,1,LECU,1,LECU,3,2016-09-21 14:11:12,,9,1
430715193489998,275621745489998,2015,40,1,127,225.0,2.0,1,ROSA5,1,ROSA5,1,2016-09-21 14:11:13,,9,1
430715314489998,275621751489998,2015,40,1,127,306.0,1.0,1,LECU,1,LECU,2,2016-09-21 14:11:13,,9,1
430715315489998,275621751489998,2015,40,1,127,306.0,2.0,1,LECU,1,LECU,20,2016-09-21 14:11:13,,9,1
430715321489998,275621752489998,2015,40,2,101,144.0,3.0,2,LECU,1,LECU,1,2016-09-21 14:11:13,,9,1
430715322489998,275621752489998,2015,40,2,101,144.0,4.0,3,LECU,1,LECU,2,2016-09-21 14:11:13,,9,1
430715331489998,275621754489998,2015,40,1,61,104.0,2.0,1,LIGUS2,1,LIGUS2,1,2016-09-21 14:11:13,,9,1
430715518489998,275621775489998,2015,40,1,89,321.0,1.0,1,LOJA,1,LOJA,1,2016-09-21 14:11:15,,9,1
430715519489998,275621775489998,2015,40,1,89,321.0,2.0,2,LOJA,1,LOJA,2,2016-09-21 14:11:15,,9,1
430715520489998,275621775489998,2015,40,1,89,321.0,3.0,1,LOJA,1,LOJA,1,2016-09-21 14:11:15,,9,1
430715521489998,275621775489998,2015,40,1,89,321.0,3.0,2,LOJA,1,LOJA,1,2016-09-21 14:11:15,,9,1
430715522489998,275621775489998,2015,40,1,89,321.0,4.0,2,LOJA,1,LOJA,1,2016-09-21 14:11:15,,9,1
430715523489998,275621775489998,2015,40,1,89,321.0,4.0,3,LOJA,1,LOJA,1,2016-09-21 14:11:15,,9,1
430715528489998,275621776489998,2015,40,1,89,309.0,1.0,1,LIGUS2,1,LIGUS2,1,2016-09-21 14:11:15,,9,1
430715529489998,275621776489998,2015,40,1,89,309.0,2.0,1,LIGUS2,1,LIGUS2,2,2016-09-21 14:11:15,,9,1
430715530489998,275621776489998,2015,40,1,89,309.0,3.0,1,LIGUS2,1,LIGUS2,2,2016-09-21 14:11:15,,9,1
1535423293290487,932991751290487,2021,40,1,89,323.0,3.0,1,LOJA,1,LOJA,1,2023-12-11 17:23:58,,10,2
1535423294290487,932991751290487,2021,40,1,89,323.0,4.0,1,LOJA,1,LOJA,1,2023-12-11 17:23:58,,10,2
1535423299290487,932991752290487,2021,40,1,89,353.0,2.0,1,LIGUS2,1,LIGUS2,1,2023-12-11 17:23:58,,10,2
1535423300290487,932991752290487,2021,40,1,89,353.0,1.0,1,LOJA,1,LOJA,15,2023-12-11 17:23:58,,10,2
1535423301290487,932991752290487,2021,40,1,89,353.0,2.0,1,LOJA,1,LOJA,1,2023-12-11 17:23:58,,10,2
1535423302290487,932991752290487,2021,40,1,89,353.0,3.0,1,LOJA,1,LOJA,1,2023-12-11 17:23:58,,10,2
1535423303290487,932991752290487,2021,40,1,89,353.0,4.0,1,LOJA,1,LOJA,2,2023-12-11 17:23:58,,10,2
1535423308290487,932991753290487,2021,40,1,89,293.0,1.0,1,LECU,1,LECU,1,2023-12-11 17:23:58,,10,2
1535423309290487,932991753290487,2021,40,1,89,293.0,3.0,1,LECU,1,LECU,1,2023-12-11 17:23:58,,10,2
1535423310290487,932991753290487,2021,40,1,89,293.0,2.0,1,LIGUS2,1,LIGUS2,1,2023-12-11 17:23:58,,10,2
1535423311290487,932991753290487,2021,40,1,89,293.0,1.0,1,LOJA,1,LOJA,7,2023-12-11 17:23:58,,10,2
1535423312290487,932991753290487,2021,40,1,89,293.0,2.0,1,LOJA,1,LOJA,12,2023-12-11 17:23:58,,10,2
1535423313290487,932991753290487,2021,40,1,89,293.0,3.0,1,LOJA,1,LOJA,6,2023-12-11 17:23:58,,10,2
1535423314290487,932991753290487,2021,40,1,89,293.0,4.0,1,LOJA,1,LOJA,9,2023-12-11 17:23:58,,10,2
1535423427290487,932991756290487,2021,40,1,89,434.0,1.0,1,LOJA,1,LOJA,1,2023-12-11 17:23:58,,10,2
1535423428290487,932991756290487,2021,40,1,89,434.0,2.0,1,LOJA,1,LOJA,2,2023-12-11 17:23:58,,10,2
1535423438290487,932991758290487,2021,40,1,89,276.0,3.0,1,LECU,1,LECU,3,2023-12-11 17:23:59,,10,2
1535423439290487,932991758290487,2021,40,1,89,276.0,4.0,1,LECU,1,LECU,2,2023-12-11 17:23:59,,10,2
1535423440290487,932991758290487,2021,40,1,89,276.0,1.0,1,LESPE,1,LESPE,1,2023-12-11 17:23:59,,10,2
1535423441290487,932991758290487,2021,40,1,89,276.0,3.0,1,LESPE,1,LESPE,1,2023-12-11 17:23:59,,10,2
1535423442290487,932991758290487,2021,40,1,89,276.0,1.0,1,LOJA,1,LOJA,15,2023-12-11 17:23:59,,10,2
1535423443290487,932991758290487,2021,40,1,89,276.0,2.0,1,LOJA,1,LOJA,32,2023-12-11 17:23:59,,10,2
1535423444290487,932991758290487,2021,40,1,89,276.0,3.0,1,LOJA,1,LOJA,1,2023-12-11 17:23:59,,10,2
1535423445290487,932991758290487,2021,40,1,89,276.0,4.0,1,LOJA,1,LOJA,30,2023-12-11 17:23:59,,10,2
1535423599290487,932991771290487,2021,40,2,97,125.0,1.0,1,ROSA5,1,ROSA5,2,2023-12-11 17:23:59,,10,2
1535423625290487,932991777290487,2021,40,1,23,152.0,4.0,1,LOJA,1,LOJA,10,2023-12-11 17:23:59,,10,2
1535423697290487,933003717290487,2021,40,4,87,47.0,1.0,1,ALJU,1,ALJU,1,2023-12-11 17:24:00,,3,3
1535423698290487,933003717290487,2021,40,4,87,47.0,2.0,1,ALJU,1,ALJU,5,2023-12-11 17:24:00,,3,3
1535423711290487,933003720290487,2021,40,3,37,73.0,4.0,1,LECU,1,LECU,1,2023-12-11 17:24:00,,3,3
1535423712290487,933003720290487,2021,40,3,37,73.0,2.0,1,ROSA5,1,ROSA5,4,2023-12-11 17:24:00,,3,3
1535423733290487,933003725290487,2021,40,3,113,116.0,4.0,1,LECU,1,LECU,1,2023-12-11 17:24:00,,3,3
1535423746290487,933003728290487,2021,40,3,113,62.0,1.0,1,LECU,1,LECU,2,2023-12-11 17:24:00,,3,3
1535423747290487,933003728290487,2021,40,3,113,62.0,3.0,1,LIGUS2,1,LIGUS2,1,2023-12-11 17:24:00,,3,3
1535423871290487,933003740290487,2021,40,4,123,28.0,2.0,1,LIGUS2,1,LIGUS2,1,2023-12-11 17:24:01,,3,3
1535423872290487,933003740290487,2021,40,4,123,28.0,3.0,1,LIGUS2,1,LIGUS2,1,2023-12-11 17:24:01,,3,3
1535423903290487,933003747290487,2021,40,3,113,120.0,3.0,2,LECU,1,LECU,1,2023-12-11 17:24:01,,3,3
1535423913290487,933003749290487,2021,40,3,37,39.0,3.0,2,LECU,1,LECU,1,2023-12-11 17:24:01,,3,3
1535423914290487,933003749290487,2021,40,3,37,39.0,4.0,2,LECU,1,LECU,20,2023-12-11 17:24:01,,3,3
1535423915290487,933003749290487,2021,40,3,37,39.0,1.0,2,LOJA,1,LOJA,1,2023-12-11 17:24:01,,3,3
1535423916290487,933003749290487,2021,40,3,37,39.0,3.0,2,LOJA,1,LOJA,3,2023-12-11 17:24:01,,3,3
1535423917290487,933003749290487,2021,40,3,37,39.0,4.0,2,LOJA,1,LOJA,5,2023-12-11 17:24:01,,3,3
1535423997290487,933003750290487,2021,40,3,37,54.0,2.0,1,LECU,1,LECU,1,2023-12-11 17:24:02,,3,3
1535423998290487,933003750290487,2021,40,3,37,54.0,3.0,1,LECU,1,LECU,2,2023-12-11 17:24:02,,3,3
1535423999290487,933003750290487,2021,40,3,37,54.0,4.0,1,PYCA80,1,PYCA80,1,2023-12-11 17:24:02,,3,3
1535424006290487,933003751290487,2021,40,3,37,56.0,1.0,1,LECU,1,LECU,6,2023-12-11 17:24:02,,3,3
1535424007290487,933003751290487,2021,40,3,37,56.0,2.0,3,ROSA5,1,ROSA5,2,2023-12-11 17:24:02,,3,3
1535424073290487,933003767290487,2021,40,4,69,48.0,1.0,1,LECU,1,LECU,1,2023-12-11 17:24:02,,3,3
1535424074290487,933003767290487,2021,40,4,69,48.0,2.0,1,LECU,1,LECU,1,2023-12-11 17:24:02,,3,3
1535424075290487,933003767290487,2021,40,4,69,48.0,3.0,1,LECU,1,LECU,3,2023-12-11 17:24:02,,3,3
1535424081290487,933003768290487,2021,40,4,99,2.0,2.0,2,LECU,1,LECU,5,2023-12-11 17:24:02,,3,3
1535424082290487,933003768290487,2021,40,4,99,2.0,3.0,2,LECU,1,LECU,1,2023-12-11 17:24:02,,3,3
1535424095290487,933003771290487,2021,40,4,133,49.0,1.0,1,LOJA,1,LOJA,5,2023-12-11 17:24:03,,3,3
1535424096290487,933003771290487,2021,40,4,133,49.0,2.0,1,LOJA,1,LOJA,2,2023-12-11 17:24:03,,3,3
1535424097290487,933003771290487,2021,40,4,133,49.0,4.0,1,LOJA,1,LOJA,2,2023-12-11 17:24:03,,3,3
1535424098290487,933003771290487,2021,40,4,133,49.0,4.0,1,ROSA5,1,ROSA5,1,2023-12-11 17:24:03,,3,3
1535424180290487,933003791290487,2021,40,3,113,38.0,2.0,1,LECU,1,LECU,1,2023-12-11 17:24:03,,3,3
1535424243290487,933003806290487,2021,40,4,125,46.0,2.0,2,LECU,1,LECU,1,2023-12-11 17:24:04,,3,3
1535424268290487,933003812290487,2021,40,4,85,32.0,2.0,2,LOJA,1,LOJA,1,2023-12-11 17:24:04,,3,3
1535424340290487,933003830290487,2021,40,7,71,49.0,4.0,1,ROSA5,1,ROSA5,1,2023-12-11 17:24:05,,3,3
1535424442290487,933003855290487,2021,40,3,105,13.0,2.0,1,LECU,1,LECU,1,2023-12-11 17:24:05,,3,3
1535424460290487,933003859290487,2021,40,4,111,27.0,1.0,1,LECU,1,LECU,1,2023-12-11 17:24:06,,3,3
1535424461290487,933003859290487,2021,40,4,111,27.0,4.0,1,LECU,1,LECU,7,2023-12-11 17:24:06,,3,3
1535424462290487,933003859290487,2021,40,4,111,27.0,3.0,1,LOJA,1,LOJA,1,2023-12-11 17:24:06,,3,3
1535424480290487,933003863290487,2021,40,3,143,8.0,3.0,1,EUFO5,1,EUFO5,2,2023-12-11 17:24:06,,3,3
1535424481290487,933003863290487,2021,40,3,143,8.0,4.0,1,EUFO5,1,EUFO5,9,2023-12-11 17:24:06,,3,3
1535424482290487,933003863290487,2021,40,3,143,8.0,1.0,1,LIGUS2,1,LIGUS2,8,2023-12-11 17:24:06,,3,3
1535424483290487,933003863290487,2021,40,3,143,8.0,2.0,1,LIGUS2,1,LIGUS2,1,2023-12-11 17:24:06,,3,3
1535424484290487,933003863290487,2021,40,3,143,8.0,3.0,1,LIGUS2,1,LIGUS2,10,2023-12-11 17:24:06,,3,3
1535424485290487,933003863290487,2021,40,3,143,8.0,4.0,1,LIGUS2,1,LIGUS2,5,2023-12-11 17:24:06,,3,3
1535424486290487,933003863290487,2021,40,3,143,8.0,4.0,1,LOJA,1,LOJA,3,2023-12-11 17:24:06,,3,3
1535424487290487,933003863290487,2021,40,3,143,8.0,3.0,1,PYCA80,1,PYCA80,1,2023-12-11 17:24:06,,3,3
1535424559290487,933003880290487,2021,40,3,119,57.0,1.0,1,PYCA80,1,PYCA80,1,2023-12-11 17:24:06,,3,3
1535424576290487,933003884290487,2021,40,4,107,13.0,1.0,1,LIGUS2,1,LIGUS2,7,2023-12-11 17:24:06,,3,3
1535424577290487,933003884290487,2021,40,4,107,13.0,2.0,1,LIGUS2,1,LIGUS2,1,2023-12-11 17:24:06,,3,3
1535424578290487,933003884290487,2021,40,4,107,13.0,3.0,1,LIGUS2,1,LIGUS2,2,2023-12-11 17:24:06,,3,3
1535424579290487,933003884290487,2021,40,4,107,13.0,4.0,1,LIGUS2,1,LIGUS2,1,2023-12-11 17:24:06,,3,3
1535424580290487,933003884290487,2021,40,4,107,13.0,1.0,1,LOJA,1,LOJA,15,2023-12-11 17:24:06,,3,3
1535424581290487,933003884290487,2021,40,4,107,13.0,2.0,1,LOJA,1,LOJA,15,2023-12-11 17:24:06,,3,3
1535424582290487,933003884290487,2021,40,4,107,13.0,3.0,1,LOJA,1,LOJA,4,2023-12-11 17:24:06,,3,3
1535424583290487,933003884290487,2021,40,4,107,13.0,4.0,1,LOJA,1,LOJA,1,2023-12-11 17:24:06,,3,3
1535424584290487,933003884290487,2021,40,4,107,13.0,1.0,1,ROSA5,1,ROSA5,2,2023-12-11 17:24:06,,3,3
1535424585290487,933003884290487,2021,40,4,107,13.0,2.0,1,ROSA5,1,ROSA5,1,2023-12-11 17:24:06,,3,3
1535424586290487,933003884290487,2021,40,4,107,13.0,3.0,1,ROSA5,1,ROSA5,1,2023-12-11 17:24:06,,3,3
1535424587290487,933003884290487,2021,40,4,107,13.0,4.0,1,ROSA5,1,ROSA5,1,2023-12-11 17:24:06,,3,3
1535424602290487,933003887290487,2021,40,4,63,42.0,4.0,2,LECU,1,LECU,1,2023-12-11 17:24:06,,3,3
1535424622290487,933003891290487,2021,40,3,143,55.0,1.0,1,LIGUS2,1,LIGUS2,7,2023-12-11 17:24:07,,3,3
1535424623290487,933003891290487,2021,40,3,143,55.0,4.0,1,LIGUS2,1,LIGUS2,1,2023-12-11 17:24:07,,3,3
1535424624290487,933003891290487,2021,40,3,143,55.0,2.0,1,LOJA,1,LOJA,16,2023-12-11 17:24:07,,3,3
1535424625290487,933003891290487,2021,40,3,143,55.0,1.0,1,LONIC,1,LONIC,5,2023-12-11 17:24:07,,3,3
1535424626290487,933003891290487,2021,40,3,143,55.0,1.0,1,PYCA80,1,PYCA80,1,2023-12-11 17:24:07,,3,3
1535424631290487,933003892290487,2021,40,4,111,61.0,2.0,1,LECU,1,LECU,1,2023-12-11 17:24:07,,3,3
1535424638290487,933003893290487,2021,40,4,111,69.0,2.0,2,LECU,1,LECU,2,2023-12-11 17:24:07,,3,3
1535424741290487,933003918290487,2021,40,4,109,54.0,3.0,1,AIAL,1,AIAL,10,2023-12-11 17:24:07,,3,3
1535424742290487,933003918290487,2021,40,4,109,54.0,4.0,1,AIAL,1,AIAL,40,2023-12-11 17:24:07,,3,3
1535424743290487,933003918290487,2021,40,4,109,54.0,1.0,1,LIGUS2,1,LIGUS2,1,2023-12-11 17:24:07,,3,3
1535424744290487,933003918290487,2021,40,4,109,54.0,2.0,1,LIGUS2,1,LIGUS2,2,2023-12-11 17:24:07,,3,3
1535424745290487,933003918290487,2021,40,4,109,54.0,4.0,1,LIGUS2,1,LIGUS2,1,2023-12-11 17:24:07,,3,3
1535424746290487,933003918290487,2021,40,4,109,54.0,1.0,1,LOJA,1,LOJA,1,2023-12-11 17:24:07,,3,3
1535424747290487,933003918290487,2021,40,4,109,54.0,2.0,1,LOJA,1,LOJA,2,2023-12-11 17:24:07,,3,3
1535424748290487,933003918290487,2021,40,4,109,54.0,3.0,1,LOJA,1,LOJA,2,2023-12-11 17:24:07,,3,3
1535424749290487,933003918290487,2021,40,4,109,54.0,4.0,1,LOJA,1,LOJA,10,2023-12-11 17:24:07,,3,3
1535424750290487,933003918290487,2021,40,4,109,54.0,3.0,1,LONIC,1,LONIC,1,2023-12-11 17:24:07,,3,3
1535424823290487,933003936290487,2021,40,4,107,9.0,1.0,1,LIGUS2,1,LIGUS2,1,2023-12-11 17:24:08,,3,3
1535424824290487,933003936290487,2021,40,4,107,9.0,4.0,1,LIGUS2,1,LIGUS2,1,2023-12-11 17:24:08,,3,3
1535424830290487,933003937290487,2021,40,4,63,4.0,4.0,2,LECU,1,LECU,1,2023-12-11 17:24:08,,3,3
1535424861290487,933003938290487,2021,40,3,143,32.0,3.0,1,LECU,1,LECU,2,2023-12-11 17:24:08,,3,3
1535424862290487,933003938290487,2021,40,3,143,32.0,3.0,1,PYCA80,1,PYCA80,1,2023-12-11 17:24:08,,3,3
499088405126144,157305642010478,2008,40,1,77,100.0,4.0,1,LECU,1,LECU,5,2018-01-25 14:36:04,2018-03-29 14:57:13,7,1
499088498126144,157319213010478,2008,40,1,89,276.0,1.0,1,LOJA,1,LOJA,30,2018-01-25 14:36:04,2018-03-29 14:57:13,7,1
499088499126144,157319213010478,2008,40,1,89,276.0,2.0,1,LOJA,1,LOJA,5,2018-01-25 14:36:04,2018-03-29 14:57:13,7,1
499088500126144,157319213010478,2008,40,1,89,276.0,3.0,1,LOJA,1,LOJA,30,2018-01-25 14:36:04,2018-03-29 14:57:13,7,1
499088501126144,157319213010478,2008,40,1,89,276.0,4.0,1,LOJA,1,LOJA,30,2018-01-25 14:36:04,2018-03-29 14:57:13,7,1
499088502126144,157319381010478,2008,40,1,89,279.0,2.0,1,LIGUS2,1,LIGUS2,1,2018-01-25 14:36:04,2018-03-29 14:57:13,7,1
499088503126144,157319381010478,2008,40,1,89,279.0,3.0,1,LOJA,1,LOJA,1,2018-01-25 14:36:04,2018-03-29 14:57:13,7,1
499088504126144,157319381010478,2008,40,1,89,279.0,4.0,1,LOJA,1,LOJA,5,2018-01-25 14:36:04,2018-03-29 14:57:13,7,1
499088510126144,157319558010478,2008,40,1,89,287.0,1.0,1,LOJA,1,LOJA,1,2018-01-25 14:36:04,2018-03-29 14:57:13,7,1
499088511126144,157319558010478,2008,40,1,89,287.0,2.0,1,LIGUS2,1,LIGUS2,5,2018-01-25 14:36:04,2018-03-29 14:57:13,7,1
499088512126144,157319558010478,2008,40,1,89,287.0,2.0,1,LOJA,1,LOJA,1,2018-01-25 14:36:04,2018-03-29 14:57:13,7,1
499088513126144,157319632010478,2008,40,1,89,387.0,4.0,1,LOJA,1,LOJA,5,2018-01-25 14:36:04,2018-03-29 14:57:13,7,1
499088514126144,157319698010478,2008,40,1,89,352.0,1.0,1,LOJA,1,LOJA,5,2018-01-25 14:36:04,2018-03-29 14:57:13,7,1
499088515126144,157319698010478,2008,40,1,89,352.0,2.0,1,LOJA,1,LOJA,30,2018-01-25 14:36:04,2018-03-29 14:57:13,7,1
499088516126144,157319698010478,2008,40,1,89,352.0,3.0,1,LOJA,1,LOJA,1,2018-01-25 14:36:04,2018-03-29 14:57:13,7,1
499088517126144,157319698010478,2008,40,1,89,352.0,4.0,1,LOJA,1,LOJA,1,2018-01-25 14:36:04,2018-03-29 14:57:13,7,1
499088228126144,157295175010478,2008,40,1,23,143.0,1.0,1,LIGUS2,1,LIGUS2,30,2018-01-25 14:36:04,2018-03-29 14:57:13,7,1
499088229126144,157295175010478,2008,40,1,23,143.0,1.0,1,LOJA,1,LOJA,5,2018-01-25 14:36:04,2018-03-29 14:57:13,7,1
499088230126144,157295175010478,2008,40,1,23,143.0,2.0,1,LIGUS2,1,LIGUS2,1,2018-01-25 14:36:04,2018-03-29 14:57:13,7,1
499088231126144,157295175010478,2008,40,1,23,143.0,2.0,1,LOJA,1,LOJA,5,2018-01-25 14:36:04,2018-03-29 14:57:13,7,1
499088232126144,157295175010478,2008,40,1,23,143.0,3.0,1,LOJA,1,LOJA,5,2018-01-25 14:36:04,2018-03-29 14:57:13,7,1
499088233126144,157295175010478,2008,40,1,23,143.0,4.0,1,LIGUS2,1,LIGUS2,5,2018-01-25 14:36:04,2018-03-29 14:57:13,7,1
499088234126144,157295175010478,2008,40,1,23,143.0,4.0,1,ROSA5,1,ROSA5,1,2018-01-25 14:36:04,2018-03-29 14:57:13,7,1
499088235126144,157295175010478,2008,40,1,23,143.0,4.0,1,LOJA,1,LOJA,5,2018-01-25 14:36:04,2018-03-29 14:57:13,7,1
499088236126144,157295175010478,2008,40,1,23,143.0,4.0,1,LECU,1,LECU,5,2018-01-25 14:36:04,2018-03-29 14:57:13,7,1
499088238126144,157295313010478,2008,40,1,23,151.0,1.0,1,LOJA,1,LOJA,1,2018-01-25 14:36:04,2018-03-29 14:57:13,7,1
499088239126144,157295313010478,2008,40,1,23,151.0,2.0,1,LOJA,1,LOJA,1,2018-01-25 14:36:04,2018-03-29 14:57:13,7,1
499088240126144,157295313010478,2008,40,1,23,151.0,2.0,1,LECU,1,LECU,1,2018-01-25 14:36:04,2018-03-29 14:57:13,7,1
499088362126144,157300758010478,2008,40,1,61,139.0,2.0,2,LECU,1,LECU,5,2018-01-25 14:36:04,2018-03-29 14:57:13,7,1
499088363126144,157300823010478,2008,40,1,61,82.0,1.0,1,LECU,1,LECU,1,2018-01-25 14:36:04,2018-03-29 14:57:21,7,1
499088364126144,157300823010478,2008,40,1,61,82.0,3.0,1,LECU,1,LECU,1,2018-01-25 14:36:04,2018-03-29 14:57:13,7,1
499088365126144,157300823010478,2008,40,1,61,82.0,4.0,1,LECU,1,LECU,1,2018-01-25 14:36:04,2018-03-29 14:57:13,7,1
499088440126144,157308638010478,2008,40,1,79,239.0,3.0,2,LECU,1,LECU,1,2018-01-25 14:36:04,2018-03-29 14:57:21,7,1
499088441126144,157308638010478,2008,40,1,79,239.0,4.0,2,LECU,1,LECU,5,2018-01-25 14:36:04,2018-03-29 14:57:13,7,1
499088222126144,157294641010478,2008,40,1,23,147.0,2.0,1,LOJA,1,LOJA,5,2018-01-25 14:36:04,2018-03-29 14:57:13,7,1
499088223126144,157294641010478,2008,40,1,23,147.0,3.0,1,LOJA,1,LOJA,1,2018-01-25 14:36:04,2018-03-29 14:57:13,7,1
499088224126144,157294641010478,2008,40,1,23,147.0,4.0,1,ROSA5,1,ROSA5,1,2018-01-25 14:36:04,2018-03-29 14:57:13,7,1
499088395126144,157305275010478,2008,40,1,77,94.0,2.0,1,LECU,1,LECU,1,2018-01-25 14:36:04,2018-03-29 14:57:13,7,1
499088396126144,157305275010478,2008,40,1,77,94.0,3.0,1,LECU,1,LECU,5,2018-01-25 14:36:04,2018-03-29 14:57:13,7,1
499088397126144,157305275010478,2008,40,1,77,94.0,4.0,1,LECU,1,LECU,30,2018-01-25 14:36:04,2018-03-29 14:57:13,7,1
499088394126144,157305275010478,2008,40,1,77,94.0,1.0,1,LECU,1,LECU,1,2018-01-25 14:36:04,2018-03-29 14:57:13,7,1
499088496126144,157318799010478,2008,40,1,89,409.0,3.0,1,LOJA,1,LOJA,30,2018-01-25 14:36:04,2018-03-29 14:57:13,7,1
499088170126144,157291234010478,2008,40,1,13,174.0,3.0,1,ROSA5,1,ROSA5,1,2018-01-25 14:36:04,2018-03-29 14:57:13,7,1
499088171126144,157291234010478,2008,40,1,13,174.0,4.0,1,ROSA5,1,ROSA5,1,2018-01-25 14:36:04,2018-03-29 14:57:13,7,1
499088172126144,157291234010478,2008,40,1,13,174.0,4.0,2,ROSA5,1,ROSA5,1,2018-01-25 14:36:04,2018-03-29 14:57:13,7,1
499088135126144,157288911010478,2008,40,1,5,179.0,2.0,1,ROSA5,1,ROSA5,1,2018-01-25 14:36:04,2018-03-29 14:57:13,7,1
499088136126144,157288911010478,2008,40,1,5,179.0,3.0,1,ROSA5,1,ROSA5,5,2018-01-25 14:36:04,2018-03-29 14:57:13,7,1
499088137126144,157288911010478,2008,40,1,5,179.0,4.0,1,ROSA5,1,ROSA5,5,2018-01-25 14:36:04,2018-03-29 14:57:13,7,1
499087817126144,157265641010478,2008,40,1,121,190.0,1.0,1,LECU,1,LECU,5,2018-01-25 14:36:04,2018-03-29 14:57:12,7,1
499087818126144,157265641010478,2008,40,1,121,190.0,2.0,1,LECU,1,LECU,5,2018-01-25 14:36:04,2018-03-29 14:57:12,7,1
499087819126144,157265641010478,2008,40,1,121,190.0,3.0,1,LECU,1,LECU,5,2018-01-25 14:36:04,2018-03-29 14:57:12,7,1
499087820126144,157265641010478,2008,40,1,121,190.0,4.0,1,LECU,1,LECU,5,2018-01-25 14:36:04,2018-03-29 14:57:12,7,1
499087821126144,157265735010478,2008,40,1,121,194.0,2.0,1,LECU,1,LECU,1,2018-01-25 14:36:04,2018-03-29 14:57:12,7,1
499087822126144,157265735010478,2008,40,1,121,194.0,4.0,1,LOJA,1,LOJA,1,2018-01-25 14:36:04,2018-03-29 14:57:12,7,1
499087823126144,157265735010478,2008,40,1,121,194.0,4.0,1,LECU,1,LECU,5,2018-01-25 14:36:04,2018-03-29 14:57:12,7,1
499088599126144,157325161010478,2008,40,1,89,301.0,1.0,1,LOJA,1,LOJA,5,2018-01-25 14:36:04,2018-03-29 14:57:13,7,1
499088600126144,157325161010478,2008,40,1,89,301.0,4.0,1,LOJA,1,LOJA,1,2018-01-25 14:36:04,2018-03-29 14:57:13,7,1
499088138126144,157288982010478,2008,40,1,5,194.0,1.0,1,ROSA5,1,ROSA5,5,2018-01-25 14:36:04,2018-03-29 14:57:13,7,1
499088139126144,157288982010478,2008,40,1,5,194.0,2.0,1,ROSA5,1,ROSA5,30,2018-01-25 14:36:04,2018-03-29 14:57:13,7,1
499088140126144,157288982010478,2008,40,1,5,194.0,2.0,1,LOJA,1,LOJA,5,2018-01-25 14:36:04,2018-03-29 14:57:13,7,1
499057897126144,124115525010478,2008,40,2,135,102.0,1.0,1,LOJA,1,LOJA,70,2018-01-25 14:35:55,2018-03-29 14:57:11,7,1
499057898126144,124115525010478,2008,40,2,135,102.0,2.0,1,LOJA,1,LOJA,30,2018-01-25 14:35:55,2018-03-29 14:57:11,7,1
499057899126144,124115525010478,2008,40,2,135,102.0,3.0,1,LOJA,1,LOJA,30,2018-01-25 14:35:55,2018-03-29 14:57:11,7,1
499057900126144,124115525010478,2008,40,2,135,102.0,4.0,1,ROSA5,1,ROSA5,30,2018-01-25 14:35:55,2018-03-29 14:57:11,7,1
499057901126144,124115525010478,2008,40,2,135,102.0,4.0,1,LOJA,1,LOJA,70,2018-01-25 14:35:55,2018-03-29 14:57:11,7,1
499087732126144,157259678010478,2008,40,1,89,395.0,4.0,2,LIGUS2,1,LIGUS2,5,2018-01-25 14:36:04,2018-03-29 14:57:13,7,1
499087706126144,157258862010478,2008,40,1,89,418.0,1.0,1,ROSA5,1,ROSA5,5,2018-01-25 14:36:04,2018-03-29 14:57:13,7,1
499087707126144,157258862010478,2008,40,1,89,418.0,1.0,1,LOJA,1,LOJA,5,2018-01-25 14:36:04,2018-03-29 14:57:13,7,1
499087708126144,157258862010478,2008,40,1,89,418.0,2.0,1,ROSA5,1,ROSA5,5,2018-01-25 14:36:04,2018-03-29 14:57:13,7,1
499087709126144,157258862010478,2008,40,1,89,418.0,3.0,1,ROSA5,1,ROSA5,5,2018-01-25 14:36:04,2018-03-29 14:57:13,7,1
499087710126144,157258862010478,2008,40,1,89,418.0,4.0,1,ROSA5,1,ROSA5,1,2018-01-25 14:36:04,2018-03-29 14:57:13,7,1
499087711126144,157258862010478,2008,40,1,89,418.0,4.0,1,LOJA,1,LOJA,5,2018-01-25 14:36:04,2018-03-29 14:57:13,7,1
499087712126144,157258932010478,2008,40,1,89,423.0,1.0,1,ROSA5,1,ROSA5,70,2018-01-25 14:36:04,2018-03-29 14:57:13,7,1
499087713126144,157258932010478,2008,40,1,89,423.0,3.0,1,LIJA,1,LIJA,1,2018-01-25 14:36:04,2018-03-29 14:57:13,7,1
499087714126144,157258932010478,2008,40,1,89,423.0,3.0,1,LESPE,1,LESPE,1,2018-01-25 14:36:04,2018-03-29 14:57:21,7,1
499087715126144,157258932010478,2008,40,1,89,423.0,3.0,2,LIJA,1,LIJA,1,2018-01-25 14:36:04,2018-03-29 14:57:13,7,1
499087716126144,157258932010478,2008,40,1,89,423.0,3.0,2,LESPE,1,LESPE,1,2018-01-25 14:36:04,2018-03-29 14:57:13,7,1
499087717126144,157258932010478,2008,40,1,89,423.0,4.0,1,ROSA5,1,ROSA5,1,2018-01-25 14:36:04,2018-03-29 14:57:13,7,1
499087687126144,157256705010478,2008,40,1,127,288.0,1.0,1,LECU,1,LECU,1,2018-01-25 14:36:04,2018-03-29 14:57:13,7,1
499087688126144,157256705010478,2008,40,1,127,288.0,2.0,3,ROSA5,1,ROSA5,1,2018-01-25 14:36:04,2018-03-29 14:57:13,7,1
499087689126144,157256705010478,2008,40,1,127,288.0,3.0,1,LECU,1,LECU,1,2018-01-25 14:36:04,2018-03-29 14:57:13,7,1
499087690126144,157256776010478,2008,40,1,127,262.0,1.0,1,LOJA,1,LOJA,70,2018-01-25 14:36:04,2018-03-29 14:57:13,7,1
499087937126144,157272818010478,2008,40,1,127,280.0,2.0,1,LESPE,1,LESPE,5,2018-01-25 14:36:04,2018-03-29 14:57:13,7,1
499087938126144,157272818010478,2008,40,1,127,280.0,3.0,1,LESPE,1,LESPE,1,2018-01-25 14:36:04,2018-03-29 14:57:13,7,1
499087939126144,157272818010478,2008,40,1,127,280.0,4.0,1,LIGUS2,1,LIGUS2,5,2018-01-25 14:36:04,2018-03-29 14:57:13,7,1
499087940126144,157272818010478,2008,40,1,127,280.0,4.0,1,LESPE,1,LESPE,5,2018-01-25 14:36:04,2018-03-29 14:57:13,7,1
499087943126144,157273310010478,2008,40,1,127,214.0,1.0,1,ROSA5,1,ROSA5,5,2018-01-25 14:36:04,2018-03-29 14:57:13,7,1
499087944126144,157273310010478,2008,40,1,127,214.0,2.0,1,ROSA5,1,ROSA5,1,2018-01-25 14:36:04,2018-03-29 14:57:13,7,1
499087945126144,157273310010478,2008,40,1,127,214.0,4.0,2,ROSA5,1,ROSA5,1,2018-01-25 14:36:04,2018-03-29 14:57:13,7,1
499087946126144,157273519010478,2008,40,1,127,207.0,4.0,1,LOJA,1,LOJA,5,2018-01-25 14:36:04,2018-03-29 14:57:13,7,1
499087947126144,157273637010478,2008,40,1,127,200.0,1.0,1,LOJA,1,LOJA,5,2018-01-25 14:36:04,2018-03-29 14:57:13,7,1
499087948126144,157273637010478,2008,40,1,127,200.0,2.0,1,LOJA,1,LOJA,70,2018-01-25 14:36:04,2018-03-29 14:57:13,7,1
499087949126144,157273637010478,2008,40,1,127,200.0,3.0,1,LOJA,1,LOJA,30,2018-01-25 14:36:04,2018-03-29 14:57:13,7,1
499087950126144,157273637010478,2008,40,1,127,200.0,4.0,1,ROSA5,1,ROSA5,1,2018-01-25 14:36:04,2018-03-29 14:57:21,7,1
499087951126144,157273779010478,2008,40,1,127,215.0,2.0,1,ROSA5,1,ROSA5,5,2018-01-25 14:36:04,2018-03-29 14:57:13,7,1
499087952126144,157273779010478,2008,40,1,127,215.0,4.0,1,ROSA5,1,ROSA5,5,2018-01-25 14:36:04,2018-03-29 14:57:13,7,1
1535424863290487,933003938290487,2021,40,3,143,32.0,4.0,1,PYCA80,1,PYCA80,44,2023-12-11 17:24:08,,3,3
1848383024290487,1280643361290487,2023,40,4,111,13.0,3.0,1,LOJA,1,LOJA,15,2025-04-29 09:36:44,,3,5
1848383029290487,1280643363290487,2023,40,3,131,7.0,2.0,1,LECU,1,LECU,12,2025-04-29 09:36:44,,3,5
1848383030290487,1280643363290487,2023,40,3,131,7.0,4.0,1,LECU,1,LECU,6,2025-04-29 09:36:44,,3,5
1848383096290487,1280643394290487,2023,40,3,117,58.0,1.0,1,LECU,1,LECU,1,2025-04-29 09:36:45,,3,5
1848383097290487,1280643394290487,2023,40,3,117,58.0,3.0,1,LECU,1,LECU,6,2025-04-29 09:36:45,,3,5
1848383098290487,1280643394290487,2023,40,3,117,58.0,4.0,1,LECU,1,LECU,9,2025-04-29 09:36:45,,3,5
1848383116290487,1280643398290487,2023,40,4,85,5.0,3.0,2,LIGUS2,1,LIGUS2,1,2025-04-29 09:36:45,,3,5
1848383149290487,1280643406290487,2023,40,3,119,62.0,4.0,2,LECU,1,LECU,4,2025-04-29 09:36:45,,3,5
1848383187290487,1280643409290487,2023,40,7,71,41.0,1.0,1,LOJA,1,LOJA,8,2025-04-29 09:36:45,,3,5
1848383188290487,1280643409290487,2023,40,7,71,41.0,1.0,1,LONIC,1,LONIC,25,2025-04-29 09:36:45,,3,5
1848383189290487,1280643409290487,2023,40,7,71,41.0,2.0,1,LONIC,1,LONIC,12,2025-04-29 09:36:45,,3,5
1848383190290487,1280643409290487,2023,40,7,71,41.0,3.0,1,LONIC,1,LONIC,9,2025-04-29 09:36:45,,3,5
1848383191290487,1280643409290487,2023,40,7,71,41.0,4.0,1,LONIC,1,LONIC,15,2025-04-29 09:36:45,,3,5
1848383192290487,1280643409290487,2023,40,7,71,41.0,1.0,1,PYCA80,1,PYCA80,6,2025-04-29 09:36:45,,3,5
1848383193290487,1280643409290487,2023,40,7,71,41.0,2.0,1,PYCA80,1,PYCA80,7,2025-04-29 09:36:45,,3,5
1848383194290487,1280643409290487,2023,40,7,71,41.0,3.0,1,PYCA80,1,PYCA80,7,2025-04-29 09:36:45,,3,5
1848383195290487,1280643409290487,2023,40,7,71,41.0,4.0,1,PYCA80,1,PYCA80,20,2025-04-29 09:36:45,,3,5
1848383308290487,1280643414290487,2023,40,4,107,41.0,2.0,2,LIGUS2,1,LIGUS2,2,2025-04-29 09:36:45,,3,5
1848383313290487,1280643419290487,2023,40,4,63,51.0,3.0,2,LIGUS2,1,LIGUS2,4,2025-04-29 09:36:45,,3,5
1848383314290487,1280643419290487,2023,40,4,63,51.0,3.0,2,LOJA,1,LOJA,1,2025-04-29 09:36:45,,3,5
1848383324290487,1280643421290487,2023,40,3,37,13.0,1.0,1,LECU,1,LECU,1,2025-04-29 09:36:45,,3,5
1848383325290487,1280643421290487,2023,40,3,37,13.0,2.0,1,LECU,1,LECU,18,2025-04-29 09:36:45,,3,5
1848383326290487,1280643421290487,2023,40,3,37,13.0,4.0,1,LECU,1,LECU,5,2025-04-29 09:36:45,,3,5
1848383327290487,1280643421290487,2023,40,3,37,13.0,1.0,1,LIGUS2,1,LIGUS2,1,2025-04-29 09:36:45,,3,5
1848387542290487,1280664508290487,2023,40,1,77,100.0,1.0,1,LECU,1,LECU,5,2025-04-29 09:37:08,,10,4
1848387543290487,1280664508290487,2023,40,1,77,100.0,3.0,1,LECU,1,LECU,4,2025-04-29 09:37:08,,10,4
1848387544290487,1280664508290487,2023,40,1,77,100.0,2.0,1,LIGUS2,1,LIGUS2,2,2025-04-29 09:37:08,,10,4
1848387545290487,1280664508290487,2023,40,1,77,100.0,1.0,1,LOJA,1,LOJA,6,2025-04-29 09:37:08,,10,4
1848387546290487,1280664508290487,2023,40,1,77,100.0,3.0,1,LOJA,1,LOJA,8,2025-04-29 09:37:08,,10,4
1848387547290487,1280664508290487,2023,40,1,77,100.0,4.0,1,LOJA,1,LOJA,6,2025-04-29 09:37:08,,10,4
1848387555290487,1280664509290487,2023,40,2,101,165.0,2.0,1,LECU,1,LECU,3,2025-04-29 09:37:08,,10,4
1848387556290487,1280664509290487,2023,40,2,101,165.0,1.0,1,LIGUS2,1,LIGUS2,3,2025-04-29 09:37:08,,10,4
1848387557290487,1280664509290487,2023,40,2,101,165.0,2.0,1,LIGUS2,1,LIGUS2,25,2025-04-29 09:37:08,,10,4
1848387558290487,1280664509290487,2023,40,2,101,165.0,3.0,1,LIGUS2,1,LIGUS2,13,2025-04-29 09:37:08,,10,4
1848387559290487,1280664509290487,2023,40,2,101,165.0,4.0,1,LIGUS2,1,LIGUS2,4,2025-04-29 09:37:08,,10,4
1848387560290487,1280664509290487,2023,40,2,101,165.0,4.0,2,LIGUS2,1,LIGUS2,20,2025-04-29 09:37:08,,10,4
1848387561290487,1280664509290487,2023,40,2,101,165.0,1.0,1,LOJA,1,LOJA,2,2025-04-29 09:37:08,,10,4
1848387562290487,1280664509290487,2023,40,2,101,165.0,2.0,1,LOJA,1,LOJA,50,2025-04-29 09:37:08,,10,4
1848387563290487,1280664509290487,2023,40,2,101,165.0,3.0,1,LOJA,1,LOJA,10,2025-04-29 09:37:08,,10,4
1848387564290487,1280664509290487,2023,40,2,101,165.0,4.0,1,LOJA,1,LOJA,2,2025-04-29 09:37:08,,10,4
1848387565290487,1280664509290487,2023,40,2,101,165.0,4.0,2,LOJA,1,LOJA,5,2025-04-29 09:37:08,,10,4
1848387566290487,1280664509290487,2023,40,2,101,165.0,3.0,1,LONIC,1,LONIC,3,2025-04-29 09:37:08,,10,4
1848387567290487,1280664509290487,2023,40,2,101,165.0,1.0,1,PYCA80,1,PYCA80,35,2025-04-29 09:37:08,,10,4
1848387568290487,1280664509290487,2023,40,2,101,165.0,2.0,1,PYCA80,1,PYCA80,7,2025-04-29 09:37:08,,10,4
1848387569290487,1280664509290487,2023,40,2,101,165.0,3.0,1,PYCA80,1,PYCA80,50,2025-04-29 09:37:08,,10,4
1848387570290487,1280664509290487,2023,40,2,101,165.0,4.0,1,PYCA80,1,PYCA80,8,2025-04-29 09:37:08,,10,4
1848387571290487,1280664509290487,2023,40,2,101,165.0,4.0,2,PYCA80,1,PYCA80,13,2025-04-29 09:37:08,,10,4
1848387572290487,1280664509290487,2023,40,2,101,165.0,2.0,1,ROSA5,1,ROSA5,5,2025-04-29 09:37:08,,10,4
1848387573290487,1280664509290487,2023,40,2,101,165.0,4.0,2,ROSA5,1,ROSA5,1,2025-04-29 09:37:08,,10,4
1848387553290487,1280664509290487,2023,40,2,101,165.0,4.0,1,EUFO5,1,EUFO5,10,2025-04-29 09:37:08,,10,4
1848387554290487,1280664509290487,2023,40,2,101,165.0,4.0,2,EUFO5,1,EUFO5,15,2025-04-29 09:37:08,,10,4
1848387599290487,1280664515290487,2023,40,2,91,129.0,2.0,1,LIGUS2,1,LIGUS2,3,2025-04-29 09:37:08,,10,4
1848387600290487,1280664515290487,2023,40,2,91,129.0,2.0,1,ROSA5,1,ROSA5,2,2025-04-29 09:37:08,,10,4
1848387606290487,1280664516290487,2023,40,2,101,148.0,1.0,1,PYCA80,1,PYCA80,20,2025-04-29 09:37:08,,10,4
1848387607290487,1280664516290487,2023,40,2,101,148.0,4.0,1,PYCA80,1,PYCA80,1,2025-04-29 09:37:08,,10,4
1848387608290487,1280664516290487,2023,40,2,101,148.0,1.0,1,ROSA5,1,ROSA5,9,2025-04-29 09:37:08,,10,4
1848387609290487,1280664516290487,2023,40,2,101,148.0,4.0,1,ROSA5,1,ROSA5,5,2025-04-29 09:37:08,,10,4
1848387614290487,1280664517290487,2023,40,2,91,89.0,1.0,1,LECU,1,LECU,24,2025-04-29 09:37:08,,10,4
1848387615290487,1280664517290487,2023,40,2,91,89.0,2.0,1,LECU,1,LECU,3,2025-04-29 09:37:08,,10,4
1848387616290487,1280664517290487,2023,40,2,91,89.0,3.0,1,LECU,1,LECU,5,2025-04-29 09:37:08,,10,4
1848387617290487,1280664517290487,2023,40,2,91,89.0,4.0,1,LIGUS2,1,LIGUS2,1,2025-04-29 09:37:08,,10,4
1848387618290487,1280664517290487,2023,40,2,91,89.0,4.0,1,LOJA,1,LOJA,1,2025-04-29 09:37:08,,10,4
1848387619290487,1280664517290487,2023,40,2,91,89.0,1.0,1,PYCA80,1,PYCA80,2,2025-04-29 09:37:08,,10,4
1848387620290487,1280664517290487,2023,40,2,91,89.0,4.0,1,PYCA80,1,PYCA80,2,2025-04-29 09:37:08,,10,4
1848387649290487,1280664524290487,2023,40,2,97,147.0,1.0,1,AIAL,1,AIAL,2,2025-04-29 09:37:08,,10,4
1848387650290487,1280664524290487,2023,40,2,97,147.0,3.0,1,AIAL,1,AIAL,1,2025-04-29 09:37:08,,10,4
1848387655290487,1280664525290487,2023,40,2,97,111.0,2.0,1,LIGUS2,1,LIGUS2,2,2025-04-29 09:37:08,,10,4
1848387656290487,1280664525290487,2023,40,2,97,111.0,4.0,1,LIGUS2,1,LIGUS2,2,2025-04-29 09:37:08,,10,4
1848387657290487,1280664525290487,2023,40,2,97,111.0,2.0,1,LOJA,1,LOJA,1,2025-04-29 09:37:08,,10,4
1848387658290487,1280664525290487,2023,40,2,97,111.0,4.0,1,MIVI,1,MIVI,2,2025-04-29 09:37:08,,10,4
1848387667290487,1280664527290487,2023,40,1,121,270.0,2.0,1,LECU,1,LECU,2,2025-04-29 09:37:08,,10,4
1848387668290487,1280664527290487,2023,40,1,121,270.0,3.0,1,LECU,1,LECU,1,2025-04-29 09:37:08,,10,4
1848387669290487,1280664527290487,2023,40,1,121,270.0,4.0,1,LECU,1,LECU,4,2025-04-29 09:37:08,,10,4
1848387670290487,1280664527290487,2023,40,1,121,270.0,3.0,1,LIGUS2,1,LIGUS2,1,2025-04-29 09:37:08,,10,4
1848387675290487,1280664528290487,2023,40,1,5,148.0,2.0,1,LIGUS2,1,LIGUS2,1,2025-04-29 09:37:09,,10,4
1848387676290487,1280664528290487,2023,40,1,5,148.0,3.0,1,LIGUS2,1,LIGUS2,1,2025-04-29 09:37:09,,10,4
1848387677290487,1280664528290487,2023,40,1,5,148.0,4.0,1,LIGUS2,1,LIGUS2,3,2025-04-29 09:37:09,,10,4
1848387682290487,1280664529290487,2023,40,1,5,164.0,1.0,1,LECU,1,LECU,75,2025-04-29 09:37:09,,10,4
1848387683290487,1280664529290487,2023,40,1,5,164.0,2.0,1,LECU,1,LECU,30,2025-04-29 09:37:09,,10,4
1848387684290487,1280664529290487,2023,40,1,5,164.0,3.0,1,LECU,1,LECU,35,2025-04-29 09:37:09,,10,4
1848387685290487,1280664529290487,2023,40,1,5,164.0,4.0,1,LECU,1,LECU,15,2025-04-29 09:37:09,,10,4
1848387690290487,1280664530290487,2023,40,1,5,165.0,1.0,1,LECU,1,LECU,26,2025-04-29 09:37:09,,10,4
1848387691290487,1280664530290487,2023,40,1,5,165.0,4.0,1,LECU,1,LECU,1,2025-04-29 09:37:09,,10,4
1848387822290487,1280664537290487,2023,40,1,121,221.0,1.0,2,LECU,1,LECU,5,2025-04-29 09:37:09,,10,4
1848387823290487,1280664537290487,2023,40,1,121,221.0,2.0,2,LECU,1,LECU,2,2025-04-29 09:37:09,,10,4
1848387824290487,1280664537290487,2023,40,1,121,221.0,4.0,2,LECU,1,LECU,1,2025-04-29 09:37:09,,10,4
1848387825290487,1280664537290487,2023,40,1,121,221.0,1.0,2,LOJA,1,LOJA,13,2025-04-29 09:37:09,,10,4
1848387826290487,1280664537290487,2023,40,1,121,221.0,1.0,2,ROSA5,1,ROSA5,2,2025-04-29 09:37:09,,10,4
1848387857290487,1280664544290487,2023,40,1,121,264.0,1.0,1,ROSA5,1,ROSA5,1,2025-04-29 09:37:09,,10,4
1848387871290487,1280664547290487,2023,40,1,13,138.0,2.0,2,LIGUS2,1,LIGUS2,15,2025-04-29 09:37:09,,10,4
1848387872290487,1280664547290487,2023,40,1,13,138.0,2.0,2,LOJA,1,LOJA,3,2025-04-29 09:37:09,,10,4
1848387873290487,1280664547290487,2023,40,1,13,138.0,2.0,2,PYCA80,1,PYCA80,3,2025-04-29 09:37:09,,10,4
1848387878290487,1280664548290487,2023,40,1,13,124.0,3.0,2,LIGUS2,1,LIGUS2,1,2025-04-29 09:37:09,,10,4
1848387900290487,1280664553290487,2023,40,1,29,64.0,4.0,2,LECU,1,LECU,1,2025-04-29 09:37:09,,10,4
1848387901290487,1280664553290487,2023,40,1,29,64.0,4.0,2,LIGUS2,1,LIGUS2,1,2025-04-29 09:37:09,,10,4
1848387910290487,1280664555290487,2023,40,1,5,210.0,1.0,1,LECU,1,LECU,1,2025-04-29 09:37:10,,10,4
1848387911290487,1280664555290487,2023,40,1,5,210.0,4.0,1,LECU,1,LECU,23,2025-04-29 09:37:10,,10,4
1848387920290487,1280664557290487,2023,40,1,5,186.0,1.0,1,POTR4,1,POTR4,5,2025-04-29 09:37:10,,10,4
1848387921290487,1280664557290487,2023,40,1,5,186.0,2.0,1,POTR4,1,POTR4,2,2025-04-29 09:37:10,,10,4
1848387955290487,1280664565290487,2023,40,1,79,189.0,1.0,1,AIAL,1,AIAL,1,2025-04-29 09:37:10,,10,4
1848387956290487,1280664565290487,2023,40,1,79,189.0,1.0,1,LIGUS2,1,LIGUS2,7,2025-04-29 09:37:10,,10,4
1848387957290487,1280664565290487,2023,40,1,79,189.0,2.0,1,LIGUS2,1,LIGUS2,15,2025-04-29 09:37:10,,10,4
1848387958290487,1280664565290487,2023,40,1,79,189.0,3.0,1,LIGUS2,1,LIGUS2,22,2025-04-29 09:37:10,,10,4
1848387959290487,1280664565290487,2023,40,1,79,189.0,4.0,1,LIGUS2,1,LIGUS2,2,2025-04-29 09:37:10,,10,4
1848387976290487,1280664569290487,2023,40,1,89,392.0,3.0,1,LOJA,1,LOJA,1,2025-04-29 09:37:10,,10,4
1848387981290487,1280664575290487,2023,40,1,89,279.0,1.0,1,LOJA,1,LOJA,2,2025-04-29 09:37:10,,10,4
1848387982290487,1280664575290487,2023,40,1,89,279.0,4.0,1,LOJA,1,LOJA,2,2025-04-29 09:37:10,,10,4
1848387987290487,1280664576290487,2023,40,1,89,287.0,2.0,2,LIGUS2,1,LIGUS2,6,2025-04-29 09:37:10,,10,4
1848387988290487,1280664576290487,2023,40,1,89,287.0,2.0,2,LOJA,1,LOJA,2,2025-04-29 09:37:10,,10,4
1848387989290487,1280664576290487,2023,40,1,89,287.0,4.0,1,LOJA,1,LOJA,1,2025-04-29 09:37:10,,10,4
1848388063290487,1280664594290487,2023,40,2,97,144.0,1.0,1,LECU,1,LECU,1,2025-04-29 09:37:11,,10,4
1848388081290487,1280664598290487,2023,40,1,127,166.0,2.0,1,LIGUS2,1,LIGUS2,1,2025-04-29 09:37:11,,10,4
1848388082290487,1280664598290487,2023,40,1,127,166.0,1.0,1,LOJA,1,LOJA,1,2025-04-29 09:37:11,,10,4
1848388083290487,1280664598290487,2023,40,1,127,166.0,2.0,1,LOJA,1,LOJA,5,2025-04-29 09:37:11,,10,4
1848388084290487,1280664598290487,2023,40,1,127,166.0,3.0,1,LOJA,1,LOJA,1,2025-04-29 09:37:11,,10,4
1848388085290487,1280664598290487,2023,40,1,127,166.0,4.0,2,LOJA,1,LOJA,1,2025-04-29 09:37:11,,10,4
1896914226290487,1535826100290487,2024,40,2,21,155.0,3.0,1,LECU,1,LECU,1,2025-11-18 09:56:24,,10,5
1896914329290487,1535826106290487,2024,40,2,41,134.0,4.0,2,ROSA5,1,ROSA5,2,2025-11-18 09:56:24,,10,5
1896914335290487,1535826107290487,2024,40,2,41,155.0,3.0,1,LECU,1,LECU,3,2025-11-18 09:56:24,,10,5
1896914336290487,1535826107290487,2024,40,2,41,155.0,3.0,2,LECU,1,LECU,15,2025-11-18 09:56:24,,10,5
1896914337290487,1535826107290487,2024,40,2,41,155.0,3.0,1,ROSA5,1,ROSA5,1,2025-11-18 09:56:24,,10,5
1896914346290487,1535826109290487,2024,40,2,97,106.0,1.0,1,EUFO5,1,EUFO5,1,2025-11-18 09:56:24,,10,5
1896914347290487,1535826109290487,2024,40,2,97,106.0,4.0,2,EUFO5,1,EUFO5,1,2025-11-18 09:56:24,,10,5
1896914388290487,1535826119290487,2024,40,1,23,135.0,1.0,1,LIGUS2,1,LIGUS2,5,2025-11-18 09:56:25,,10,5
1896914389290487,1535826119290487,2024,40,1,23,135.0,4.0,1,LIGUS2,1,LIGUS2,2,2025-11-18 09:56:25,,10,5
1896914390290487,1535826119290487,2024,40,1,23,135.0,3.0,1,LOJA,1,LOJA,3,2025-11-18 09:56:25,,10,5
1896914391290487,1535826119290487,2024,40,1,23,135.0,4.0,1,LOJA,1,LOJA,2,2025-11-18 09:56:25,,10,5
1896914392290487,1535826119290487,2024,40,1,23,135.0,3.0,1,ROSA5,1,ROSA5,2,2025-11-18 09:56:25,,10,5
1896914401290487,1535826121290487,2024,40,1,127,298.0,2.0,1,PYCA80,1,PYCA80,4,2025-11-18 09:56:25,,10,5
1896914426290487,1535826127290487,2024,40,2,21,143.0,1.0,1,LECU,1,LECU,3,2025-11-18 09:56:25,,10,5
1896914431290487,1535826128290487,2024,40,2,101,161.0,4.0,2,LIGUS2,1,LIGUS2,1,2025-11-18 09:56:25,,10,5
1896914432290487,1535826128290487,2024,40,2,101,161.0,4.0,2,LOJA,1,LOJA,4,2025-11-18 09:56:25,,10,5
1535425142290487,933003957290487,2021,40,3,113,236.0,4.0,2,LECU,1,LECU,1,2023-12-11 17:24:09,,3,3
1535425159290487,933003961290487,2021,40,4,27,45.0,4.0,2,LIGUS2,1,LIGUS2,20,2023-12-11 17:24:09,,3,3
1535425160290487,933003961290487,2021,40,4,27,45.0,4.0,2,LOJA,1,LOJA,20,2023-12-11 17:24:09,,3,3
1535425161290487,933003961290487,2021,40,4,27,45.0,4.0,2,ROSA5,1,ROSA5,5,2023-12-11 17:24:09,,3,3
1535425327290487,933004001290487,2021,40,4,81,39.0,4.0,1,LECU,1,LECU,2,2023-12-11 17:24:10,,3,3
1535425356290487,933004008290487,2021,40,4,81,9.0,1.0,1,LOJA,1,LOJA,2,2023-12-11 17:24:10,,3,3
1535425367290487,933004010290487,2021,40,4,125,72.0,1.0,1,LECU,1,LECU,4,2023-12-11 17:24:10,,3,3
1535425372290487,933004011290487,2021,40,4,27,3.0,1.0,1,ROSA5,1,ROSA5,1,2023-12-11 17:24:10,,3,3
1535425377290487,933004012290487,2021,40,4,125,80.0,4.0,1,LECU,1,LECU,1,2023-12-11 17:24:10,,3,3
1535425378290487,933004012290487,2021,40,4,125,80.0,4.0,1,LOJA,1,LOJA,1,2023-12-11 17:24:10,,3,3
1535425420290487,933004016290487,2021,40,4,81,73.0,4.0,2,LOJA,1,LOJA,1,2023-12-11 17:24:10,,3,3
1535425425290487,933004017290487,2021,40,4,81,77.0,4.0,1,LOJA,1,LOJA,1,2023-12-11 17:24:11,,3,3
1535425584290487,933004031290487,2021,40,5,15,20.0,2.0,3,LECU,1,LECU,2,2023-12-11 17:24:11,,3,3
1535425641290487,933004045290487,2021,40,4,69,7.0,4.0,1,ROSA5,1,ROSA5,15,2023-12-11 17:24:12,,3,3
1535425656290487,933004048290487,2021,40,4,63,58.0,4.0,3,LOJA,1,LOJA,2,2023-12-11 17:24:12,,3,3
1535425654290487,933004048290487,2021,40,4,63,58.0,2.0,2,LIGUS2,1,LIGUS2,1,2023-12-11 17:24:12,,3,3
1535425655290487,933004048290487,2021,40,4,63,58.0,2.0,2,LOJA,1,LOJA,1,2023-12-11 17:24:12,,3,3
1535425666290487,933004050290487,2021,40,4,63,80.0,1.0,1,LECU,1,LECU,3,2023-12-11 17:24:12,,3,3
1535425667290487,933004050290487,2021,40,4,63,80.0,3.0,2,LECU,1,LECU,1,2023-12-11 17:24:12,,3,3
1535425668290487,933004050290487,2021,40,4,63,80.0,4.0,1,LECU,1,LECU,2,2023-12-11 17:24:12,,3,3
1535425669290487,933004050290487,2021,40,4,63,80.0,3.0,2,ROSA5,1,ROSA5,2,2023-12-11 17:24:12,,3,3
1535425670290487,933004050290487,2021,40,4,63,80.0,4.0,1,ROSA5,1,ROSA5,1,2023-12-11 17:24:12,,3,3
1535426180290487,933004170290487,2021,40,3,35,9.0,2.0,1,LOJA,1,LOJA,1,2023-12-11 17:24:16,,3,3
1535426181290487,933004170290487,2021,40,3,35,9.0,3.0,1,LOJA,1,LOJA,1,2023-12-11 17:24:16,,3,3
1535426182290487,933004170290487,2021,40,3,35,9.0,4.0,1,LOJA,1,LOJA,1,2023-12-11 17:24:16,,3,3
1685240244290487,946083457290487,2022,40,2,41,114.0,2.0,2,LECU,1,LECU,1,2024-10-18 09:39:48,,10,3
1685240254290487,946083459290487,2022,40,2,41,146.0,4.0,1,EUFO5,1,EUFO5,1,2024-10-18 09:39:48,,10,3
1685240255290487,946083459290487,2022,40,2,41,146.0,1.0,1,LECU,1,LECU,28,2024-10-18 09:39:48,,10,3
1685240256290487,946083459290487,2022,40,2,41,146.0,4.0,1,LECU,1,LECU,20,2024-10-18 09:39:48,,10,3
1685240261290487,946083460290487,2022,40,2,41,126.0,1.0,1,ROSA5,1,ROSA5,13,2024-10-18 09:39:48,,10,3
1685240266290487,946083461290487,2022,40,2,41,153.0,3.0,1,LECU,1,LECU,1,2024-10-18 09:39:49,,10,3
1685240267290487,946083461290487,2022,40,2,41,153.0,2.0,1,MIVI,1,MIVI,26,2024-10-18 09:39:49,,10,3
1685240268290487,946083461290487,2022,40,2,41,153.0,4.0,1,ROSA5,1,ROSA5,1,2024-10-18 09:39:49,,10,3
1685240273290487,946083462290487,2022,40,2,41,123.0,3.0,2,ALJU,1,ALJU,1,2024-10-18 09:39:49,,10,3
1685240274290487,946083462290487,2022,40,2,41,123.0,2.0,1,EUFO5,1,EUFO5,1,2024-10-18 09:39:49,,10,3
1685240275290487,946083462290487,2022,40,2,41,123.0,3.0,2,LOJA,1,LOJA,1,2024-10-18 09:39:49,,10,3
1685240276290487,946083462290487,2022,40,2,41,123.0,2.0,1,ROSA5,1,ROSA5,3,2024-10-18 09:39:49,,10,3
1685240277290487,946083462290487,2022,40,2,41,123.0,3.0,2,ROSA5,1,ROSA5,10,2024-10-18 09:39:49,,10,3
1685240282290487,946083463290487,2022,40,2,41,115.0,2.0,2,LECU,1,LECU,2,2024-10-18 09:39:49,,10,3
1685240295290487,946083466290487,2022,40,2,115,103.0,2.0,2,LECU,1,LECU,45,2024-10-18 09:39:49,,10,3
1685240296290487,946083466290487,2022,40,2,115,103.0,2.0,2,ROSA5,1,ROSA5,1,2024-10-18 09:39:49,,10,3
1685240309290487,946083469290487,2022,40,2,115,80.0,1.0,1,LECU,1,LECU,1,2024-10-18 09:39:49,,10,3
1685240310290487,946083469290487,2022,40,2,115,80.0,4.0,1,PYCA80,1,PYCA80,1,2024-10-18 09:39:49,,10,3
1685240311290487,946083469290487,2022,40,2,115,80.0,4.0,1,ROSA5,1,ROSA5,1,2024-10-18 09:39:49,,10,3
1685240316290487,946083470290487,2022,40,2,115,98.0,1.0,1,LIGUS2,1,LIGUS2,1,2024-10-18 09:39:49,,10,3
1896914227290487,1535826100290487,2024,40,2,21,155.0,4.0,1,LECU,1,LECU,1,2025-11-18 09:56:24,,10,5
499087953126144,157274036010478,2008,40,1,127,272.0,1.0,1,ROSA5,1,ROSA5,5,2018-01-25 14:36:04,2018-03-29 14:57:13,7,1
499087954126144,157274036010478,2008,40,1,127,272.0,2.0,1,ROSA5,1,ROSA5,1,2018-01-25 14:36:04,2018-03-29 14:57:13,7,1
499087955126144,157274036010478,2008,40,1,127,272.0,2.0,1,LESPE,1,LESPE,1,2018-01-25 14:36:04,2018-03-29 14:57:13,7,1
499087956126144,157274036010478,2008,40,1,127,272.0,4.0,1,SCAR7,1,SCAR7,1,2018-01-25 14:36:04,2020-08-10 11:38:55,7,1
499087957126144,157274036010478,2008,40,1,127,272.0,4.0,1,LESPE,1,LESPE,1,2018-01-25 14:36:04,2018-03-29 14:57:13,7,1
499087958126144,157274139010478,2008,40,1,127,285.0,1.0,1,LOJA,1,LOJA,5,2018-01-25 14:36:04,2018-03-29 14:57:13,7,1
499087959126144,157274139010478,2008,40,1,127,285.0,1.0,1,LESPE,1,LESPE,5,2018-01-25 14:36:04,2018-03-29 14:57:13,7,1
499087960126144,157274139010478,2008,40,1,127,285.0,2.0,1,LESPE,1,LESPE,5,2018-01-25 14:36:04,2018-03-29 14:57:13,7,1
499087961126144,157274139010478,2008,40,1,127,285.0,3.0,1,LOJA,1,LOJA,5,2018-01-25 14:36:04,2018-03-29 14:57:13,7,1
499087962126144,157274139010478,2008,40,1,127,285.0,4.0,2,LOJA,1,LOJA,5,2018-01-25 14:36:04,2018-03-29 14:57:13,7,1
499087963126144,157274386010478,2008,40,1,127,270.0,1.0,1,SCAR7,1,SCAR7,5,2018-01-25 14:36:04,2020-08-10 11:38:55,7,1
499087964126144,157274431010478,2008,40,1,127,263.0,1.0,1,LIGUS2,1,LIGUS2,1,2018-01-25 14:36:04,2018-03-29 14:57:13,7,1
499087890126144,157269913010478,2008,40,1,121,204.0,1.0,1,LECU,1,LECU,5,2018-01-25 14:36:04,2018-03-29 14:57:12,7,1
499087891126144,157269913010478,2008,40,1,121,204.0,2.0,1,LECU,1,LECU,1,2018-01-25 14:36:04,2018-03-29 14:57:12,7,1
499088306126144,157298258010478,2008,40,1,29,97.0,1.0,1,LESPE,1,LESPE,5,2018-01-25 14:36:04,2018-03-29 14:57:13,7,1
499088307126144,157298258010478,2008,40,1,29,97.0,3.0,1,EUAL13,1,EUAL13,5,2018-01-25 14:36:04,2018-03-29 14:57:13,7,1
499088308126144,157298326010478,2008,40,1,29,59.0,3.0,1,ROSA5,1,ROSA5,1,2018-01-25 14:36:04,2018-03-29 14:57:13,7,1
499088309126144,157298326010478,2008,40,1,29,59.0,3.0,1,LOJA,1,LOJA,5,2018-01-25 14:36:04,2018-03-29 14:57:13,7,1
499087851126144,157268045010478,2008,40,1,121,172.0,2.0,1,LECU,1,LECU,5,2018-01-25 14:36:04,2018-03-29 14:57:12,7,1
499088183126144,157292836010478,2008,40,1,13,149.0,1.0,1,LIGUS2,1,LIGUS2,5,2018-01-25 14:36:04,2018-03-29 14:57:13,7,1
499088225126144,157294788010478,2008,40,1,23,185.0,1.0,1,LOJA,1,LOJA,5,2018-01-25 14:36:04,2018-03-29 14:57:13,7,1
499088226126144,157294788010478,2008,40,1,23,185.0,2.0,2,LOJA,1,LOJA,5,2018-01-25 14:36:04,2018-03-29 14:57:13,7,1
499088227126144,157294788010478,2008,40,1,23,185.0,3.0,1,LOJA,1,LOJA,5,2018-01-25 14:36:04,2018-03-29 14:57:13,7,1
499088026126144,157280400010478,2008,40,1,127,174.0,2.0,2,LECU,1,LECU,1,2018-01-25 14:36:04,2018-03-29 14:57:13,7,1
499088027126144,157280400010478,2008,40,1,127,174.0,3.0,2,LECU,1,LECU,1,2018-01-25 14:36:04,2018-03-29 14:57:13,7,1
499088366126144,157301094010478,2008,40,1,61,145.0,3.0,2,LIGUS2,1,LIGUS2,1,2018-01-25 14:36:04,2018-03-29 14:57:13,7,1
499088367126144,157301094010478,2008,40,1,61,145.0,3.0,2,ROSA5,1,ROSA5,30,2018-01-25 14:36:04,2018-03-29 14:57:13,7,1
499088277126144,157296854010478,2008,40,1,23,167.0,1.0,1,ROSA5,1,ROSA5,1,2018-01-25 14:36:04,2018-03-29 14:57:13,7,1
499088278126144,157296930010478,2008,40,1,23,165.0,1.0,1,ROSA5,1,ROSA5,1,2018-01-25 14:36:04,2018-03-29 14:57:13,7,1
499088279126144,157296930010478,2008,40,1,23,165.0,2.0,1,ROSA5,1,ROSA5,5,2018-01-25 14:36:04,2018-03-29 14:57:13,7,1
499088344126144,157300052010478,2008,40,1,61,94.0,1.0,2,LIGUS2,1,LIGUS2,30,2018-01-25 14:36:04,2018-03-29 14:57:13,7,1
499088345126144,157300052010478,2008,40,1,61,94.0,1.0,2,LOJA,1,LOJA,30,2018-01-25 14:36:04,2018-03-29 14:57:13,7,1
499088346126144,157300052010478,2008,40,1,61,94.0,4.0,2,LIGUS2,1,LIGUS2,5,2018-01-25 14:36:04,2018-03-29 14:57:13,7,1
499088347126144,157300112010478,2008,40,1,61,98.0,1.0,1,ROSA5,1,ROSA5,1,2018-01-25 14:36:04,2018-03-29 14:57:13,7,1
499088348126144,157300112010478,2008,40,1,61,98.0,1.0,1,LOJA,1,LOJA,1,2018-01-25 14:36:04,2018-03-29 14:57:13,7,1
499088349126144,157300112010478,2008,40,1,61,98.0,2.0,1,ROSA5,1,ROSA5,1,2018-01-25 14:36:04,2018-03-29 14:57:13,7,1
499088350126144,157300189010478,2008,40,1,61,83.0,1.0,1,ROSA5,1,ROSA5,1,2018-01-25 14:36:04,2018-03-29 14:57:13,7,1
499088351126144,157300189010478,2008,40,1,61,83.0,3.0,1,LOJA,1,LOJA,30,2018-01-25 14:36:04,2018-03-29 14:57:13,7,1
499088352126144,157300189010478,2008,40,1,61,83.0,4.0,1,SCAR7,1,SCAR7,30,2018-01-25 14:36:04,2020-08-10 11:38:55,7,1
499088353126144,157300247010478,2008,40,1,61,108.0,1.0,1,LECU,1,LECU,5,2018-01-25 14:36:04,2018-03-29 14:57:13,7,1
499088354126144,157300247010478,2008,40,1,61,108.0,2.0,1,LECU,1,LECU,30,2018-01-25 14:36:04,2018-03-29 14:57:13,7,1
499088355126144,157300247010478,2008,40,1,61,108.0,3.0,1,LECU,1,LECU,30,2018-01-25 14:36:04,2018-03-29 14:57:13,7,1
499088356126144,157300275010478,2008,40,1,61,85.0,1.0,1,LOJA,1,LOJA,1,2018-01-25 14:36:04,2018-03-29 14:57:13,7,1
499088357126144,157300275010478,2008,40,1,61,85.0,2.0,1,LIGUS2,1,LIGUS2,1,2018-01-25 14:36:04,2018-03-29 14:57:13,7,1
499088358126144,157300275010478,2008,40,1,61,85.0,2.0,1,LECU,1,LECU,1,2018-01-25 14:36:04,2018-03-29 14:57:13,7,1
499088451126144,157309238010478,2008,40,1,79,294.0,1.0,1,LOJA,1,LOJA,5,2018-01-25 14:36:04,2018-03-29 14:57:13,7,1
499088452126144,157309238010478,2008,40,1,79,294.0,4.0,1,LOJA,1,LOJA,1,2018-01-25 14:36:04,2018-03-29 14:57:21,7,1
499088265126144,157296499010478,2008,40,1,23,139.0,1.0,1,LECU,1,LECU,1,2018-01-25 14:36:04,2018-03-29 14:57:13,7,1
499088266126144,157296550010478,2008,40,1,23,173.0,2.0,1,ALJU,1,ALJU,5,2018-01-25 14:36:04,2018-03-29 14:57:13,7,1
499088267126144,157296550010478,2008,40,1,23,173.0,2.0,1,ROSA5,1,ROSA5,5,2018-01-25 14:36:04,2018-03-29 14:57:13,7,1
499088268126144,157296550010478,2008,40,1,23,173.0,4.0,1,ROSA5,1,ROSA5,1,2018-01-25 14:36:04,2018-03-29 14:57:13,7,1
499088269126144,157296610010478,2008,40,1,23,140.0,2.0,1,LESPE,1,LESPE,1,2018-01-25 14:36:04,2018-03-29 14:57:13,7,1
1685240334290487,946083474290487,2022,40,1,13,146.0,2.0,1,LOJA,1,LOJA,1,2024-10-18 09:39:49,,10,3
1685240356290487,946083479290487,2022,40,2,101,167.0,1.0,1,LIGUS2,1,LIGUS2,8,2024-10-18 09:39:50,,10,3
1685240357290487,946083479290487,2022,40,2,101,167.0,3.0,1,LIGUS2,1,LIGUS2,10,2024-10-18 09:39:50,,10,3
1685240358290487,946083479290487,2022,40,2,101,167.0,1.0,1,LOJA,1,LOJA,1,2024-10-18 09:39:50,,10,3
1685240359290487,946083479290487,2022,40,2,101,167.0,2.0,1,LOJA,1,LOJA,1,2024-10-18 09:39:50,,10,3
1685240360290487,946083479290487,2022,40,2,101,167.0,3.0,1,LOJA,1,LOJA,35,2024-10-18 09:39:50,,10,3
1685240361290487,946083479290487,2022,40,2,101,167.0,1.0,1,NADO,1,NADO,1,2024-10-18 09:39:50,,10,3
1685240386290487,946083485290487,2022,40,2,101,181.0,4.0,2,LECU,1,LECU,40,2024-10-18 09:39:50,,10,3
1685240387290487,946083485290487,2022,40,2,101,181.0,4.0,2,ROSA5,1,ROSA5,2,2024-10-18 09:39:50,,10,3
1685240400290487,946083488290487,2022,40,1,61,118.0,1.0,1,LECU,1,LECU,2,2024-10-18 09:39:50,,10,3
1685240401290487,946083488290487,2022,40,1,61,118.0,2.0,1,LECU,1,LECU,20,2024-10-18 09:39:50,,10,3
1685240402290487,946083488290487,2022,40,1,61,118.0,1.0,1,LIGUS2,1,LIGUS2,7,2024-10-18 09:39:50,,10,3
1685240403290487,946083488290487,2022,40,1,61,118.0,2.0,1,LIGUS2,1,LIGUS2,15,2024-10-18 09:39:50,,10,3
1685240404290487,946083488290487,2022,40,1,61,118.0,3.0,1,LIGUS2,1,LIGUS2,40,2024-10-18 09:39:50,,10,3
1685240405290487,946083488290487,2022,40,1,61,118.0,4.0,1,LIGUS2,1,LIGUS2,20,2024-10-18 09:39:50,,10,3
1685240406290487,946083488290487,2022,40,1,61,118.0,1.0,1,LOJA,1,LOJA,3,2024-10-18 09:39:50,,10,3
1685240407290487,946083488290487,2022,40,1,61,118.0,2.0,1,LOJA,1,LOJA,1,2024-10-18 09:39:50,,10,3
1685240408290487,946083488290487,2022,40,1,61,118.0,3.0,1,LOJA,1,LOJA,22,2024-10-18 09:39:50,,10,3
1685240409290487,946083488290487,2022,40,1,61,118.0,4.0,1,LOJA,1,LOJA,12,2024-10-18 09:39:50,,10,3
1685240410290487,946083488290487,2022,40,1,61,118.0,1.0,1,PYCA80,1,PYCA80,5,2024-10-18 09:39:50,,10,3
1685240411290487,946083488290487,2022,40,1,61,118.0,2.0,1,PYCA80,1,PYCA80,8,2024-10-18 09:39:50,,10,3
1685240412290487,946083488290487,2022,40,1,61,118.0,4.0,1,PYCA80,1,PYCA80,4,2024-10-18 09:39:50,,10,3
1685240413290487,946083488290487,2022,40,1,61,118.0,1.0,1,ROSA5,1,ROSA5,2,2024-10-18 09:39:50,,10,3
1685240414290487,946083488290487,2022,40,1,61,118.0,3.0,1,ROSA5,1,ROSA5,5,2024-10-18 09:39:50,,10,3
1685240468290487,946083501290487,2022,40,1,77,91.0,3.0,1,PYCA80,1,PYCA80,1,2024-10-18 09:39:51,,10,3
1685240469290487,946083501290487,2022,40,1,77,91.0,2.0,1,ROSA5,1,ROSA5,2,2024-10-18 09:39:51,,10,3
1685240475290487,946083502290487,2022,40,1,127,313.0,3.0,1,LECU,1,LECU,1,2024-10-18 09:39:51,,10,3
1685240476290487,946083502290487,2022,40,1,127,313.0,4.0,1,LECU,1,LECU,2,2024-10-18 09:39:51,,10,3
1685240477290487,946083502290487,2022,40,1,127,313.0,4.0,2,LECU,1,LECU,1,2024-10-18 09:39:51,,10,3
1685240478290487,946083502290487,2022,40,1,127,313.0,4.0,1,LESPE,1,LESPE,1,2024-10-18 09:39:51,,10,3
1685240484290487,946083503290487,2022,40,1,127,290.0,1.0,1,LESPE,1,LESPE,1,2024-10-18 09:39:51,,10,3
1685240485290487,946083503290487,2022,40,1,127,290.0,2.0,1,LESPE,1,LESPE,2,2024-10-18 09:39:51,,10,3
1685240486290487,946083503290487,2022,40,1,127,290.0,4.0,1,LESPE,1,LESPE,1,2024-10-18 09:39:51,,10,3
1685240541290487,946083516290487,2022,40,1,61,109.0,3.0,1,LECU,1,LECU,4,2024-10-18 09:39:52,,10,3
1685240555290487,946083519290487,2022,40,1,121,205.0,1.0,1,LECU,1,LECU,1,2024-10-18 09:39:52,,10,3
1685240556290487,946083519290487,2022,40,1,121,205.0,3.0,1,LIGUS2,1,LIGUS2,1,2024-10-18 09:39:52,,10,3
1685240566290487,946083521290487,2022,40,2,97,150.0,1.0,1,LECU,1,LECU,1,2024-10-18 09:39:52,,10,3
1685240567290487,946083521290487,2022,40,2,97,150.0,4.0,1,LECU,1,LECU,1,2024-10-18 09:39:52,,10,3
1685240568290487,946083521290487,2022,40,2,97,150.0,1.0,1,LIGUS2,1,LIGUS2,1,2024-10-18 09:39:52,,10,3
1685240569290487,946083521290487,2022,40,2,97,150.0,2.0,1,LIGUS2,1,LIGUS2,1,2024-10-18 09:39:52,,10,3
1685240570290487,946083521290487,2022,40,2,97,150.0,3.0,1,LIGUS2,1,LIGUS2,1,2024-10-18 09:39:52,,10,3
1685240571290487,946083521290487,2022,40,2,97,150.0,2.0,1,LOJA,1,LOJA,3,2024-10-18 09:39:52,,10,3
1685240572290487,946083521290487,2022,40,2,97,150.0,1.0,1,ROSA5,1,ROSA5,1,2024-10-18 09:39:52,,10,3
1685240677290487,946083522290487,2022,40,2,21,122.0,2.0,1,EUFO5,1,EUFO5,1,2024-10-18 09:39:52,,10,3
1685240678290487,946083522290487,2022,40,2,21,122.0,3.0,1,EUFO5,1,EUFO5,4,2024-10-18 09:39:52,,10,3
1685240679290487,946083522290487,2022,40,2,21,122.0,1.0,1,LIGUS2,1,LIGUS2,2,2024-10-18 09:39:52,,10,3
1685240680290487,946083522290487,2022,40,2,21,122.0,2.0,1,LIGUS2,1,LIGUS2,13,2024-10-18 09:39:52,,10,3
1685240681290487,946083522290487,2022,40,2,21,122.0,3.0,1,LIGUS2,1,LIGUS2,1,2024-10-18 09:39:52,,10,3
1685240682290487,946083522290487,2022,40,2,21,122.0,4.0,1,LIGUS2,1,LIGUS2,15,2024-10-18 09:39:52,,10,3
1685240683290487,946083522290487,2022,40,2,21,122.0,2.0,1,LOJA,1,LOJA,2,2024-10-18 09:39:52,,10,3
1685240684290487,946083522290487,2022,40,2,21,122.0,3.0,1,LOJA,1,LOJA,1,2024-10-18 09:39:52,,10,3
1685240685290487,946083522290487,2022,40,2,21,122.0,4.0,1,LOJA,1,LOJA,1,2024-10-18 09:39:52,,10,3
1685240686290487,946083522290487,2022,40,2,21,122.0,2.0,1,PYCA80,1,PYCA80,4,2024-10-18 09:39:52,,10,3
1685240687290487,946083522290487,2022,40,2,21,122.0,3.0,1,PYCA80,1,PYCA80,3,2024-10-18 09:39:52,,10,3
1685240701290487,946083525290487,2022,40,2,115,58.0,4.0,1,AIAL,1,AIAL,1,2024-10-18 09:39:52,,10,3
1685240702290487,946083525290487,2022,40,2,115,58.0,4.0,1,PYCA80,1,PYCA80,1,2024-10-18 09:39:52,,10,3
1685240707290487,946083526290487,2022,40,2,41,108.0,1.0,1,LECU,1,LECU,5,2024-10-18 09:39:52,,10,3
1685240708290487,946083526290487,2022,40,2,41,108.0,3.0,1,LECU,1,LECU,1,2024-10-18 09:39:52,,10,3
499088270126144,157296704010478,2008,40,1,23,170.0,1.0,1,ROSA5,1,ROSA5,5,2018-01-25 14:36:04,2018-03-29 14:57:13,7,1
499088271126144,157296704010478,2008,40,1,23,170.0,1.0,1,LECU,1,LECU,5,2018-01-25 14:36:04,2018-03-29 14:57:13,7,1
499088272126144,157296704010478,2008,40,1,23,170.0,3.0,1,ROSA5,1,ROSA5,5,2018-01-25 14:36:04,2018-03-29 14:57:13,7,1
499088273126144,157296704010478,2008,40,1,23,170.0,3.0,1,LOJA,1,LOJA,5,2018-01-25 14:36:04,2018-03-29 14:57:13,7,1
499088274126144,157296704010478,2008,40,1,23,170.0,4.0,1,LIGUS2,1,LIGUS2,5,2018-01-25 14:36:04,2018-03-29 14:57:13,7,1
499088275126144,157296704010478,2008,40,1,23,170.0,4.0,1,ROSA5,1,ROSA5,5,2018-01-25 14:36:04,2018-03-29 14:57:13,7,1
499088276126144,157296779010478,2008,40,1,23,182.0,1.0,1,LOJA,1,LOJA,30,2018-01-25 14:36:04,2018-03-29 14:57:13,7,1
499087936126144,157272818010478,2008,40,1,127,280.0,2.0,1,ROSA5,1,ROSA5,30,2018-01-25 14:36:04,2018-03-29 14:57:13,7,1
499087691126144,157256776010478,2008,40,1,127,262.0,2.0,1,LOJA,1,LOJA,30,2018-01-25 14:36:04,2018-03-29 14:57:13,7,1
499087692126144,157256776010478,2008,40,1,127,262.0,2.0,1,LECU,1,LECU,1,2018-01-25 14:36:04,2018-03-29 14:57:13,7,1
499087693126144,157256776010478,2008,40,1,127,262.0,4.0,1,ROSA5,1,ROSA5,1,2018-01-25 14:36:04,2018-03-29 14:57:13,7,1
499087694126144,157256776010478,2008,40,1,127,262.0,4.0,1,LOJA,1,LOJA,70,2018-01-25 14:36:04,2018-03-29 14:57:13,7,1
499087695126144,157256776010478,2008,40,1,127,262.0,4.0,1,LECU,1,LECU,1,2018-01-25 14:36:04,2018-03-29 14:57:13,7,1
499057902126144,124115645010478,2008,40,2,135,164.0,2.0,1,LECU,1,LECU,1,2018-01-25 14:35:55,2018-03-29 14:57:11,7,1
499057903126144,124115645010478,2008,40,2,135,164.0,3.0,2,LECU,1,LECU,1,2018-01-25 14:35:55,2018-03-29 14:57:11,7,1
499057904126144,124115645010478,2008,40,2,135,164.0,4.0,2,LECU,1,LECU,1,2018-01-25 14:35:55,2018-03-29 14:57:11,7,1
499057796126144,124111289010478,2008,40,2,115,80.0,1.0,1,AIAL,1,AIAL,5,2018-01-25 14:35:55,2018-03-29 14:57:11,7,1
499057797126144,124111289010478,2008,40,2,115,80.0,2.0,1,AIAL,1,AIAL,5,2018-01-25 14:35:55,2018-03-29 14:57:21,7,1
499057798126144,124111289010478,2008,40,2,115,80.0,2.0,1,LECU,1,LECU,5,2018-01-25 14:35:55,2018-03-29 14:57:11,7,1
499057799126144,124111372010478,2008,40,2,115,58.0,1.0,1,LESPE,1,LESPE,1,2018-01-25 14:35:55,2018-03-29 14:57:11,7,1
499057800126144,124111372010478,2008,40,2,115,58.0,2.0,1,LESPE,1,LESPE,1,2018-01-25 14:35:55,2018-03-29 14:57:11,7,1
499057801126144,124111372010478,2008,40,2,115,58.0,3.0,1,LESPE,1,LESPE,1,2018-01-25 14:35:55,2018-03-29 14:57:11,7,1
499057802126144,124111372010478,2008,40,2,115,58.0,4.0,1,LESPE,1,LESPE,1,2018-01-25 14:35:55,2018-03-29 14:57:11,7,1
499057856126144,124114487010478,2008,40,2,135,166.0,1.0,1,LOJA,1,LOJA,5,2018-01-25 14:35:55,2018-03-29 14:57:11,7,1
499057857126144,124114487010478,2008,40,2,135,166.0,2.0,1,LOJA,1,LOJA,5,2018-01-25 14:35:55,2018-03-29 14:57:11,7,1
499057858126144,124114487010478,2008,40,2,135,166.0,4.0,1,LOJA,1,LOJA,5,2018-01-25 14:35:55,2018-03-29 14:57:11,7,1
499057813126144,124113014010478,2008,40,2,135,122.0,1.0,1,LIGUS2,1,LIGUS2,1,2018-01-25 14:35:55,2018-03-29 14:57:11,7,1
499057814126144,124113014010478,2008,40,2,135,122.0,2.0,1,LIGUS2,1,LIGUS2,5,2018-01-25 14:35:55,2018-03-29 14:57:11,7,1
499057815126144,124113014010478,2008,40,2,135,122.0,2.0,1,LOJA,1,LOJA,30,2018-01-25 14:35:55,2018-03-29 14:57:11,7,1
499088033126144,157281451010478,2008,40,1,127,311.0,1.0,1,LESPE,1,LESPE,5,2018-01-25 14:36:04,2018-03-29 14:57:13,7,1
499088034126144,157281451010478,2008,40,1,127,311.0,2.0,1,LESPE,1,LESPE,1,2018-01-25 14:36:04,2018-03-29 14:57:13,7,1
499088035126144,157281451010478,2008,40,1,127,311.0,4.0,1,LESPE,1,LESPE,1,2018-01-25 14:36:04,2018-03-29 14:57:13,7,1
499087742126144,157260670010478,2008,40,1,89,400.0,1.0,1,ROSA5,1,ROSA5,1,2018-01-25 14:36:04,2018-03-29 14:57:13,7,1
499087743126144,157260670010478,2008,40,1,89,400.0,2.0,1,ROSA5,1,ROSA5,1,2018-01-25 14:36:04,2018-03-29 14:57:13,7,1
499087744126144,157260670010478,2008,40,1,89,400.0,4.0,1,ROSA5,1,ROSA5,1,2018-01-25 14:36:04,2018-03-29 14:57:13,7,1
499087832126144,157266466010478,2008,40,1,121,208.0,1.0,1,LECU,1,LECU,5,2018-01-25 14:36:04,2018-03-29 14:57:12,7,1
499087846126144,157267933010478,2008,40,1,121,272.0,1.0,1,LIGUS2,1,LIGUS2,5,2018-01-25 14:36:04,2018-03-29 14:57:12,7,1
499087847126144,157267933010478,2008,40,1,121,272.0,1.0,1,LOJA,1,LOJA,1,2018-01-25 14:36:04,2018-03-29 14:57:12,7,1
499087848126144,157267933010478,2008,40,1,121,272.0,1.0,1,LECU,1,LECU,5,2018-01-25 14:36:04,2018-03-29 14:57:12,7,1
499087849126144,157267933010478,2008,40,1,121,272.0,2.0,1,LECU,1,LECU,1,2018-01-25 14:36:04,2018-03-29 14:57:12,7,1
499087850126144,157267933010478,2008,40,1,121,272.0,3.0,1,LIGUS2,1,LIGUS2,1,2018-01-25 14:36:04,2018-03-29 14:57:12,7,1
499088000126144,157278591010478,2008,40,1,127,162.0,2.0,2,LOJA,1,LOJA,5,2018-01-25 14:36:04,2018-03-29 14:57:13,7,1
499088002126144,157278899010478,2008,40,1,127,163.0,1.0,1,LIGUS2,1,LIGUS2,1,2018-01-25 14:36:04,2018-03-29 14:57:13,7,1
499088003126144,157278899010478,2008,40,1,127,163.0,1.0,1,MIVI,1,MIVI,30,2018-01-25 14:36:04,2018-03-29 14:57:13,7,1
499088004126144,157278899010478,2008,40,1,127,163.0,3.0,1,LIGUS2,1,LIGUS2,1,2018-01-25 14:36:04,2018-03-29 14:57:13,7,1
499088005126144,157278899010478,2008,40,1,127,163.0,3.0,1,ROSA5,1,ROSA5,1,2018-01-25 14:36:04,2018-03-29 14:57:13,7,1
499088006126144,157278899010478,2008,40,1,127,163.0,3.0,1,MIVI,1,MIVI,5,2018-01-25 14:36:04,2018-03-29 14:57:13,7,1
499088007126144,157278899010478,2008,40,1,127,163.0,4.0,1,LIGUS2,1,LIGUS2,1,2018-01-25 14:36:04,2018-03-29 14:57:13,7,1
499088008126144,157278899010478,2008,40,1,127,163.0,4.0,1,LOJA,1,LOJA,1,2018-01-25 14:36:04,2018-03-29 14:57:13,7,1
499088258126144,157296106010478,2008,40,1,23,181.0,4.0,1,LECU,1,LECU,1,2018-01-25 14:36:04,2018-03-29 14:57:13,7,1
499088259126144,157296247010478,2008,40,1,23,166.0,1.0,1,ROSA5,1,ROSA5,5,2018-01-25 14:36:04,2018-03-29 14:57:13,7,1
1685240709290487,946083526290487,2022,40,2,41,108.0,4.0,1,LECU,1,LECU,1,2024-10-18 09:39:52,,10,3
1685240710290487,946083526290487,2022,40,2,41,108.0,1.0,1,LIGUS2,1,LIGUS2,3,2024-10-18 09:39:52,,10,3
1685240711290487,946083526290487,2022,40,2,41,108.0,3.0,1,LIGUS2,1,LIGUS2,4,2024-10-18 09:39:52,,10,3
1848383328290487,1280643421290487,2023,40,3,37,13.0,1.0,1,LOJA,1,LOJA,1,2025-04-29 09:36:45,,3,5
1848383329290487,1280643421290487,2023,40,3,37,13.0,1.0,1,ROSA5,1,ROSA5,2,2025-04-29 09:36:45,,3,5
1848383330290487,1280643421290487,2023,40,3,37,13.0,2.0,1,ROSA5,1,ROSA5,3,2025-04-29 09:36:45,,3,5
1848383359290487,1280643436290487,2023,40,7,93,21.0,1.0,1,TAMAR2,1,TAMAR2,15,2025-04-29 09:36:45,,3,5
1848383424290487,1280643457290487,2023,40,4,87,61.0,1.0,1,LECU,1,LECU,5,2025-04-29 09:36:46,,3,5
1848383425290487,1280643457290487,2023,40,4,87,61.0,2.0,1,LECU,1,LECU,6,2025-04-29 09:36:46,,3,5
1848383426290487,1280643457290487,2023,40,4,87,61.0,3.0,1,LECU,1,LECU,15,2025-04-29 09:36:46,,3,5
1848383427290487,1280643457290487,2023,40,4,87,61.0,1.0,1,LIGUS2,1,LIGUS2,2,2025-04-29 09:36:46,,3,5
1848383428290487,1280643457290487,2023,40,4,87,61.0,2.0,1,LIGUS2,1,LIGUS2,2,2025-04-29 09:36:46,,3,5
1848383429290487,1280643457290487,2023,40,4,87,61.0,4.0,1,LIGUS2,1,LIGUS2,2,2025-04-29 09:36:46,,3,5
1848383430290487,1280643457290487,2023,40,4,87,61.0,4.0,1,PYCA80,1,PYCA80,1,2025-04-29 09:36:46,,3,5
1848383431290487,1280643457290487,2023,40,4,87,61.0,1.0,1,ROSA5,1,ROSA5,4,2025-04-29 09:36:46,,3,5
1848383432290487,1280643457290487,2023,40,4,87,61.0,4.0,1,ROSA5,1,ROSA5,1,2025-04-29 09:36:46,,3,5
1848383473290487,1280643503290487,2023,40,4,111,4.0,4.0,2,LOJA,1,LOJA,1,2025-04-29 09:36:46,,3,5
1848383482290487,1280643505290487,2023,40,3,131,36.0,1.0,1,LECU,1,LECU,20,2025-04-29 09:36:46,,3,5
1848383483290487,1280643505290487,2023,40,3,131,36.0,4.0,1,LECU,1,LECU,2,2025-04-29 09:36:46,,3,5
1848383484290487,1280643505290487,2023,40,3,131,36.0,4.0,1,ROSA5,1,ROSA5,1,2025-04-29 09:36:46,,3,5
1848383493290487,1280643507290487,2023,40,3,145,33.0,2.0,1,LECU,1,LECU,5,2025-04-29 09:36:46,,3,5
1848383494290487,1280643507290487,2023,40,3,145,33.0,3.0,1,LECU,1,LECU,22,2025-04-29 09:36:46,,3,5
1848383495290487,1280643507290487,2023,40,3,145,33.0,4.0,1,LECU,1,LECU,10,2025-04-29 09:36:46,,3,5
1848383496290487,1280643507290487,2023,40,3,145,33.0,1.0,1,LIGUS2,1,LIGUS2,12,2025-04-29 09:36:46,,3,5
1848383497290487,1280643507290487,2023,40,3,145,33.0,2.0,1,LIGUS2,1,LIGUS2,8,2025-04-29 09:36:46,,3,5
1848383498290487,1280643507290487,2023,40,3,145,33.0,3.0,1,LIGUS2,1,LIGUS2,3,2025-04-29 09:36:46,,3,5
1848383499290487,1280643507290487,2023,40,3,145,33.0,4.0,1,LIGUS2,1,LIGUS2,35,2025-04-29 09:36:46,,3,5
1896914433290487,1535826128290487,2024,40,2,101,161.0,4.0,2,PYCA80,1,PYCA80,12,2025-11-18 09:56:25,,10,5
1896914434290487,1535826128290487,2024,40,2,101,161.0,4.0,2,ROSA5,1,ROSA5,24,2025-11-18 09:56:25,,10,5
1896914439290487,1535826129290487,2024,40,2,101,189.0,2.0,1,LIGUS2,1,LIGUS2,1,2025-11-18 09:56:25,,10,5
1896914444290487,1535826130290487,2024,40,2,21,158.0,2.0,2,AIAL,1,AIAL,3,2025-11-18 09:56:25,,10,5
1896914553290487,1535826132290487,2024,40,2,101,162.0,2.0,1,ALJU,1,ALJU,3,2025-11-18 09:56:25,,10,5
1896914554290487,1535826132290487,2024,40,2,101,162.0,3.0,1,LIGUS2,1,LIGUS2,1,2025-11-18 09:56:25,,10,5
1896914555290487,1535826132290487,2024,40,2,101,162.0,1.0,1,LOJA,1,LOJA,2,2025-11-18 09:56:25,,10,5
1896914556290487,1535826132290487,2024,40,2,101,162.0,2.0,1,LOJA,1,LOJA,2,2025-11-18 09:56:25,,10,5
1896914557290487,1535826132290487,2024,40,2,101,162.0,3.0,1,LOJA,1,LOJA,7,2025-11-18 09:56:25,,10,5
1896914558290487,1535826132290487,2024,40,2,101,162.0,4.0,2,LOJA,1,LOJA,2,2025-11-18 09:56:25,,10,5
1896914559290487,1535826132290487,2024,40,2,101,162.0,2.0,1,ROSA5,1,ROSA5,1,2025-11-18 09:56:25,,10,5
1896914573290487,1535826135290487,2024,40,2,101,157.0,2.0,1,LECU,1,LECU,2,2025-11-18 09:56:26,,10,5
1896914574290487,1535826135290487,2024,40,2,101,157.0,3.0,1,LECU,1,LECU,2,2025-11-18 09:56:26,,10,5
1896914575290487,1535826135290487,2024,40,2,101,157.0,3.0,1,LIGUS2,1,LIGUS2,1,2025-11-18 09:56:26,,10,5
1897431808290487,1535826137290487,2024,40,1,61,126.0,3.0,1,LIGUS2,1,LIGUS2,1,2025-11-24 10:22:02,,10,5
1897431809290487,1535826137290487,2024,40,1,61,126.0,1.0,1,LOJA,1,LOJA,40,2025-11-24 10:22:02,,10,5
1897431810290487,1535826137290487,2024,40,1,61,126.0,3.0,1,LOJA,1,LOJA,6,2025-11-24 10:22:02,,10,5
1897431811290487,1535826137290487,2024,40,1,61,126.0,4.0,1,LOJA,1,LOJA,3,2025-11-24 10:22:02,,10,5
1897431812290487,1535826137290487,2024,40,1,61,126.0,3.0,1,MIVI,1,MIVI,3,2025-11-24 10:22:02,,10,5
1896914603290487,1535826139290487,2024,40,1,61,98.0,3.0,1,EUFO5,1,EUFO5,1,2025-11-18 09:56:26,,10,5
1896914604290487,1535826139290487,2024,40,1,61,98.0,1.0,1,LIGUS2,1,LIGUS2,1,2025-11-18 09:56:26,,10,5
1896914713290487,1535826141290487,2024,40,2,97,124.0,4.0,1,ALJU,1,ALJU,2,2025-11-18 09:56:26,,10,5
1896914714290487,1535826141290487,2024,40,2,97,124.0,2.0,1,MIVI,1,MIVI,20,2025-11-18 09:56:26,,10,5
1896914719290487,1535826142290487,2024,40,2,97,116.0,3.0,2,ROSA5,1,ROSA5,1,2025-11-18 09:56:26,,10,5
1896914724290487,1535826143290487,2024,40,2,21,130.0,4.0,2,LECU,1,LECU,1,2025-11-18 09:56:26,,10,5
1896914725290487,1535826143290487,2024,40,2,21,130.0,4.0,2,MIVI,1,MIVI,2,2025-11-18 09:56:26,,10,5
1896914726290487,1535826143290487,2024,40,2,21,130.0,4.0,2,ROSA5,1,ROSA5,2,2025-11-18 09:56:26,,10,5
1896914739290487,1535826146290487,2024,40,2,21,105.0,2.0,2,LIGUS2,1,LIGUS2,1,2025-11-18 09:56:26,,10,5
1896914745290487,1535826147290487,2024,40,2,21,157.0,1.0,1,LECU,1,LECU,2,2025-11-18 09:56:26,,10,5
1896914746290487,1535826147290487,2024,40,2,21,157.0,2.0,1,LECU,1,LECU,1,2025-11-18 09:56:26,,10,5
1896914758290487,1535826149290487,2024,40,2,21,139.0,3.0,2,LECU,1,LECU,4,2025-11-18 09:56:26,,10,5
1896914850290487,1535826153290487,2024,40,1,23,171.0,3.0,1,LECU,1,LECU,1,2025-11-18 09:56:26,,10,5
1896914851290487,1535826153290487,2024,40,1,23,171.0,4.0,1,LECU,1,LECU,1,2025-11-18 09:56:26,,10,5
1896914856290487,1535826154290487,2024,40,1,77,94.0,3.0,1,LECU,1,LECU,8,2025-11-18 09:56:26,,10,5
1896914857290487,1535826154290487,2024,40,1,77,94.0,4.0,1,LECU,1,LECU,12,2025-11-18 09:56:26,,10,5
1896914878290487,1535826159290487,2024,40,1,127,206.0,1.0,1,LECU,1,LECU,12,2025-11-18 09:56:27,,10,5
499088260126144,157296247010478,2008,40,1,23,166.0,2.0,1,ROSA5,1,ROSA5,5,2018-01-25 14:36:04,2018-03-29 14:57:13,7,1
499088261126144,157296247010478,2008,40,1,23,166.0,2.0,1,LOJA,1,LOJA,5,2018-01-25 14:36:04,2018-03-29 14:57:13,7,1
499088262126144,157296247010478,2008,40,1,23,166.0,3.0,1,ROSA5,1,ROSA5,5,2018-01-25 14:36:04,2018-03-29 14:57:13,7,1
499088263126144,157296247010478,2008,40,1,23,166.0,4.0,1,ROSA5,1,ROSA5,5,2018-01-25 14:36:04,2018-03-29 14:57:13,7,1
499088264126144,157296247010478,2008,40,1,23,166.0,4.0,1,LOJA,1,LOJA,30,2018-01-25 14:36:04,2018-03-29 14:57:13,7,1
499088426126144,157308174010478,2008,40,1,79,193.0,3.0,1,LIGUS2,1,LIGUS2,5,2018-01-25 14:36:04,2018-03-29 14:57:13,7,1
499088427126144,157308174010478,2008,40,1,79,193.0,3.0,1,LOJA,1,LOJA,70,2018-01-25 14:36:04,2018-03-29 14:57:13,7,1
499088428126144,157308174010478,2008,40,1,79,193.0,4.0,1,LOJA,1,LOJA,70,2018-01-25 14:36:04,2018-03-29 14:57:13,7,1
499088431126144,157308278010478,2008,40,1,79,206.0,1.0,1,LIGUS2,1,LIGUS2,1,2018-01-25 14:36:04,2018-03-29 14:57:13,7,1
499087754126144,157261534010478,2008,40,1,89,328.0,1.0,1,LOJA,1,LOJA,30,2018-01-25 14:36:04,2018-03-29 14:57:13,7,1
499087755126144,157261534010478,2008,40,1,89,328.0,2.0,1,LOJA,1,LOJA,5,2018-01-25 14:36:04,2018-03-29 14:57:13,7,1
499087756126144,157261534010478,2008,40,1,89,328.0,3.0,1,LOJA,1,LOJA,30,2018-01-25 14:36:04,2018-03-29 14:57:13,7,1
499087757126144,157261534010478,2008,40,1,89,328.0,4.0,1,LOJA,1,LOJA,5,2018-01-25 14:36:04,2018-03-29 14:57:13,7,1
499088144126144,157289101010478,2008,40,1,5,198.0,3.0,1,ROSA5,1,ROSA5,1,2018-01-25 14:36:04,2018-03-29 14:57:13,7,1
499088161126144,157290634010478,2008,40,1,13,206.0,1.0,1,ROSA5,1,ROSA5,5,2018-01-25 14:36:04,2018-03-29 14:57:13,7,1
499088162126144,157290634010478,2008,40,1,13,206.0,2.0,1,ROSA5,1,ROSA5,5,2018-01-25 14:36:04,2018-03-29 14:57:13,7,1
499088163126144,157290634010478,2008,40,1,13,206.0,3.0,1,ROSA5,1,ROSA5,5,2018-01-25 14:36:04,2018-03-29 14:57:13,7,1
499087986126144,157277042010478,2008,40,1,127,167.0,2.0,2,LOJA,1,LOJA,5,2018-01-25 14:36:04,2018-03-29 14:57:13,7,1
499087840126144,157267620010478,2008,40,1,121,179.0,1.0,1,LOJA,1,LOJA,1,2018-01-25 14:36:04,2018-03-29 14:57:12,7,1
499087841126144,157267620010478,2008,40,1,121,179.0,1.0,1,LESPE,1,LESPE,1,2018-01-25 14:36:04,2018-03-29 14:57:12,7,1
499087842126144,157267620010478,2008,40,1,121,179.0,2.0,1,LECU,1,LECU,5,2018-01-25 14:36:04,2018-03-29 14:57:12,7,1
499087843126144,157267620010478,2008,40,1,121,179.0,3.0,1,LOJA,1,LOJA,1,2018-01-25 14:36:04,2018-03-29 14:57:12,7,1
499087844126144,157267620010478,2008,40,1,121,179.0,4.0,1,LIGUS2,1,LIGUS2,30,2018-01-25 14:36:04,2018-03-29 14:57:12,7,1
499088048126144,157282557010478,2008,40,1,29,87.0,2.0,1,LESPE,1,LESPE,5,2018-01-25 14:36:04,2018-03-29 14:57:13,7,1
499057827126144,124113585010478,2008,40,2,135,111.0,1.0,1,LIGUS2,1,LIGUS2,5,2018-01-25 14:35:55,2018-03-29 14:57:11,7,1
499057828126144,124113585010478,2008,40,2,135,111.0,1.0,1,LOJA,1,LOJA,30,2018-01-25 14:35:55,2018-03-29 14:57:11,7,1
499057829126144,124113585010478,2008,40,2,135,111.0,2.0,1,ROSA5,1,ROSA5,5,2018-01-25 14:35:55,2018-03-29 14:57:11,7,1
499057830126144,124113585010478,2008,40,2,135,111.0,3.0,1,LIGUS2,1,LIGUS2,1,2018-01-25 14:35:55,2018-03-29 14:57:11,7,1
499057831126144,124113585010478,2008,40,2,135,111.0,4.0,1,LIGUS2,1,LIGUS2,30,2018-01-25 14:35:55,2018-03-29 14:57:11,7,1
499057832126144,124113585010478,2008,40,2,135,111.0,4.0,1,LOJA,1,LOJA,5,2018-01-25 14:35:55,2018-03-29 14:57:11,7,1
499057896126144,124115231010478,2008,40,2,135,100.0,4.0,1,LECU,1,LECU,5,2018-01-25 14:35:55,2018-03-29 14:57:11,7,1
499057554126144,124101631010478,2008,40,2,21,159.0,1.0,1,LESPE,1,LESPE,30,2018-01-25 14:35:55,2018-03-29 14:57:11,7,1
499057555126144,124101631010478,2008,40,2,21,159.0,2.0,1,LESPE,1,LESPE,5,2018-01-25 14:35:55,2018-03-29 14:57:11,7,1
499057556126144,124101631010478,2008,40,2,21,159.0,3.0,1,LESPE,1,LESPE,30,2018-01-25 14:35:55,2018-03-29 14:57:11,7,1
499057557126144,124101631010478,2008,40,2,21,159.0,4.0,1,LESPE,1,LESPE,30,2018-01-25 14:35:55,2018-03-29 14:57:11,7,1
499057601126144,124102649010478,2008,40,2,21,156.0,1.0,1,SCAR7,1,SCAR7,1,2018-01-25 14:35:55,2020-08-10 11:38:55,7,1
499057602126144,124102649010478,2008,40,2,21,156.0,1.0,1,LESPE,1,LESPE,5,2018-01-25 14:35:55,2018-03-29 14:57:11,7,1
499057603126144,124102649010478,2008,40,2,21,156.0,2.0,1,LESPE,1,LESPE,5,2018-01-25 14:35:55,2018-03-29 14:57:11,7,1
499057604126144,124102649010478,2008,40,2,21,156.0,3.0,1,SCAR7,1,SCAR7,1,2018-01-25 14:35:55,2020-08-10 11:38:55,7,1
499057605126144,124102649010478,2008,40,2,21,156.0,3.0,1,LESPE,1,LESPE,5,2018-01-25 14:35:55,2018-03-29 14:57:11,7,1
499057606126144,124102649010478,2008,40,2,21,156.0,3.0,1,LECU,1,LECU,1,2018-01-25 14:35:55,2018-03-29 14:57:11,7,1
499057607126144,124102649010478,2008,40,2,21,156.0,4.0,1,SCAR7,1,SCAR7,1,2018-01-25 14:35:55,2020-08-10 11:38:55,7,1
499057608126144,124102649010478,2008,40,2,21,156.0,4.0,1,LESPE,1,LESPE,5,2018-01-25 14:35:55,2018-03-29 14:57:11,7,1
499057609126144,124102649010478,2008,40,2,21,156.0,4.0,1,LECU,1,LECU,1,2018-01-25 14:35:55,2018-03-29 14:57:11,7,1
499088028126144,157281154010478,2008,40,1,127,274.0,1.0,1,LOJA,1,LOJA,30,2018-01-25 14:36:04,2018-03-29 14:57:13,7,1
499088029126144,157281154010478,2008,40,1,127,274.0,3.0,2,LIGUS2,1,LIGUS2,5,2018-01-25 14:36:04,2018-03-29 14:57:13,7,1
499088030126144,157281154010478,2008,40,1,127,274.0,3.0,2,LOJA,1,LOJA,30,2018-01-25 14:36:04,2018-03-29 14:57:13,7,1
499088031126144,157281154010478,2008,40,1,127,274.0,4.0,2,LIGUS2,1,LIGUS2,30,2018-01-25 14:36:04,2018-03-29 14:57:13,7,1
499088032126144,157281154010478,2008,40,1,127,274.0,4.0,2,LOJA,1,LOJA,30,2018-01-25 14:36:04,2018-03-29 14:57:13,7,1
499088495126144,157317870010478,2008,40,1,79,353.0,4.0,2,LOJA,1,LOJA,5,2018-01-25 14:36:04,2018-03-29 14:57:13,7,1
1896914880290487,1535826159290487,2024,40,1,127,206.0,3.0,1,LECU,1,LECU,6,2025-11-18 09:56:27,,10,5
1896914881290487,1535826159290487,2024,40,1,127,206.0,4.0,1,LECU,1,LECU,20,2025-11-18 09:56:27,,10,5
1896914902290487,1535826163290487,2024,40,1,127,305.0,3.0,1,LECU,1,LECU,1,2025-11-18 09:56:27,,10,5
1896915024290487,1535826168290487,2024,40,1,61,94.0,1.0,2,LIGUS2,1,LIGUS2,2,2025-11-18 09:56:27,,10,5
1896915025290487,1535826168290487,2024,40,1,61,94.0,4.0,2,LIGUS2,1,LIGUS2,6,2025-11-18 09:56:27,,10,5
1896915026290487,1535826168290487,2024,40,1,61,94.0,1.0,2,LOJA,1,LOJA,3,2025-11-18 09:56:27,,10,5
1896915027290487,1535826168290487,2024,40,1,61,94.0,4.0,2,LOJA,1,LOJA,12,2025-11-18 09:56:27,,10,5
1896915040290487,1535826171290487,2024,40,1,77,122.0,4.0,1,LIGUS2,1,LIGUS2,1,2025-11-18 09:56:27,,10,5
1896915054290487,1535826174290487,2024,40,1,77,150.0,2.0,1,LECU,1,LECU,30,2025-11-18 09:56:27,,10,5
1896915055290487,1535826174290487,2024,40,1,77,150.0,4.0,1,LECU,1,LECU,2,2025-11-18 09:56:27,,10,5
1896915164290487,1535826176290487,2024,40,2,21,111.0,4.0,1,LECU,1,LECU,1,2025-11-18 09:56:27,,10,5
1896915165290487,1535826176290487,2024,40,2,21,111.0,4.0,1,PYCA80,1,PYCA80,2,2025-11-18 09:56:27,,10,5
1896915171290487,1535826177290487,2024,40,2,21,110.0,4.0,1,LECU,1,LECU,1,2025-11-18 09:56:28,,10,5
1896915184290487,1535826179290487,2024,40,2,115,99.0,3.0,1,EUFO5,1,EUFO5,1,2025-11-18 09:56:28,,10,5
1896915185290487,1535826179290487,2024,40,2,115,99.0,3.0,1,LOJA,1,LOJA,2,2025-11-18 09:56:28,,10,5
1896915190290487,1535826180290487,2024,40,2,41,132.0,1.0,1,EUFO5,1,EUFO5,1,2025-11-18 09:56:28,,10,5
1896915191290487,1535826180290487,2024,40,2,41,132.0,2.0,1,ROSA5,1,ROSA5,1,2025-11-18 09:56:28,,10,5
1896915226290487,1535826188290487,2024,40,1,89,381.0,1.0,1,LIGUS2,1,LIGUS2,1,2025-11-18 09:56:28,,10,5
1896915231290487,1535826189290487,2024,40,1,89,371.0,4.0,1,LIGUS2,1,LIGUS2,1,2025-11-18 09:56:28,,10,5
1896915232290487,1535826189290487,2024,40,1,89,371.0,1.0,1,LOJA,1,LOJA,38,2025-11-18 09:56:28,,10,5
1896915242290487,1535826191290487,2024,40,1,89,298.0,3.0,1,LECU,1,LECU,1,2025-11-18 09:56:28,,10,5
1896915248290487,1535826192290487,2024,40,1,89,365.0,2.0,2,ALJU,1,ALJU,5,2025-11-18 09:56:28,,10,5
1896915249290487,1535826192290487,2024,40,1,89,365.0,2.0,2,LIGUS2,1,LIGUS2,2,2025-11-18 09:56:28,,10,5
1896915250290487,1535826192290487,2024,40,1,89,365.0,3.0,3,LIGUS2,1,LIGUS2,2,2025-11-18 09:56:28,,10,5
1896915251290487,1535826192290487,2024,40,1,89,365.0,2.0,2,LOJA,1,LOJA,15,2025-11-18 09:56:28,,10,5
1896915252290487,1535826192290487,2024,40,1,89,365.0,3.0,3,LOJA,1,LOJA,1,2025-11-18 09:56:28,,10,5
1896915327290487,1535826198290487,2024,40,1,23,173.0,2.0,1,ALJU,1,ALJU,15,2025-11-18 09:56:28,,10,5
1896915328290487,1535826198290487,2024,40,1,23,173.0,2.0,1,LIGUS2,1,LIGUS2,1,2025-11-18 09:56:28,,10,5
1896915329290487,1535826198290487,2024,40,1,23,173.0,2.0,1,LOJA,1,LOJA,1,2025-11-18 09:56:28,,10,5
1896915330290487,1535826198290487,2024,40,1,23,173.0,3.0,1,LOJA,1,LOJA,2,2025-11-18 09:56:28,,10,5
1896915336290487,1535826199290487,2024,40,1,121,233.0,1.0,1,LOJA,1,LOJA,15,2025-11-18 09:56:28,,10,5
1896915337290487,1535826199290487,2024,40,1,121,233.0,3.0,1,LOJA,1,LOJA,3,2025-11-18 09:56:28,,10,5
1896915347290487,1535826201290487,2024,40,1,121,230.0,1.0,1,LECU,1,LECU,6,2025-11-18 09:56:28,,10,5
1896915348290487,1535826201290487,2024,40,1,121,230.0,3.0,1,LECU,1,LECU,1,2025-11-18 09:56:28,,10,5
1896915349290487,1535826201290487,2024,40,1,121,230.0,4.0,1,LECU,1,LECU,10,2025-11-18 09:56:28,,10,5
1896915350290487,1535826201290487,2024,40,1,121,230.0,1.0,1,LIGUS2,1,LIGUS2,2,2025-11-18 09:56:28,,10,5
1896915351290487,1535826201290487,2024,40,1,121,230.0,3.0,1,LIGUS2,1,LIGUS2,1,2025-11-18 09:56:28,,10,5
1896915372290487,1535826206290487,2024,40,1,127,254.0,1.0,1,LECU,1,LECU,6,2025-11-18 09:56:29,,10,5
1896915373290487,1535826206290487,2024,40,1,127,254.0,2.0,1,LECU,1,LECU,3,2025-11-18 09:56:29,,10,5
1896915386290487,1535826209290487,2024,40,2,91,119.0,1.0,1,LECU,1,LECU,2,2025-11-18 09:56:29,,10,5
1896915387290487,1535826209290487,2024,40,2,91,119.0,1.0,1,LIGUS2,1,LIGUS2,80,2025-11-18 09:56:29,,10,5
1896915388290487,1535826209290487,2024,40,2,91,119.0,2.0,1,LIGUS2,1,LIGUS2,45,2025-11-18 09:56:29,,10,5
1896915389290487,1535826209290487,2024,40,2,91,119.0,3.0,1,LIGUS2,1,LIGUS2,10,2025-11-18 09:56:29,,10,5
1896915390290487,1535826209290487,2024,40,2,91,119.0,4.0,1,LIGUS2,1,LIGUS2,80,2025-11-18 09:56:29,,10,5
1896915391290487,1535826209290487,2024,40,2,91,119.0,1.0,1,LOJA,1,LOJA,11,2025-11-18 09:56:29,,10,5
1896915392290487,1535826209290487,2024,40,2,91,119.0,3.0,1,LOJA,1,LOJA,8,2025-11-18 09:56:29,,10,5
1896915393290487,1535826209290487,2024,40,2,91,119.0,4.0,1,LOJA,1,LOJA,15,2025-11-18 09:56:29,,10,5
1896915394290487,1535826209290487,2024,40,2,91,119.0,1.0,1,ROSA5,1,ROSA5,3,2025-11-18 09:56:29,,10,5
1896915395290487,1535826209290487,2024,40,2,91,119.0,4.0,1,ROSA5,1,ROSA5,3,2025-11-18 09:56:29,,10,5
1896915400290487,1535826210290487,2024,40,2,91,91.0,1.0,1,LECU,1,LECU,1,2025-11-18 09:56:29,,10,5
1896915401290487,1535826210290487,2024,40,2,91,91.0,3.0,1,LECU,1,LECU,1,2025-11-18 09:56:29,,10,5
1896915402290487,1535826210290487,2024,40,2,91,91.0,4.0,1,LOJA,1,LOJA,1,2025-11-18 09:56:29,,10,5
1896915411290487,1535826212290487,2024,40,1,13,168.0,4.0,2,LOJA,1,LOJA,2,2025-11-18 09:56:29,,10,5
1896915420290487,1535826214290487,2024,40,1,5,203.0,4.0,1,PYCA80,1,PYCA80,5,2025-11-18 09:56:29,,10,5
1896915555290487,1535826222290487,2024,40,1,23,153.0,1.0,1,LECU,1,LECU,2,2025-11-18 09:56:29,,10,5
1896915556290487,1535826222290487,2024,40,1,23,153.0,2.0,1,LECU,1,LECU,20,2025-11-18 09:56:29,,10,5
1896915557290487,1535826222290487,2024,40,1,23,153.0,4.0,1,LECU,1,LECU,50,2025-11-18 09:56:29,,10,5
1896915558290487,1535826222290487,2024,40,1,23,153.0,4.0,1,LOJA,1,LOJA,2,2025-11-18 09:56:29,,10,5
1896915583290487,1535826228290487,2024,40,1,89,354.0,2.0,1,ALJU,1,ALJU,30,2025-11-18 09:56:29,,10,5
1896914879290487,1535826159290487,2024,40,1,127,206.0,2.0,2,LECU,1,LECU,1,2025-11-18 09:56:27,,10,5
1896915584290487,1535826228290487,2024,40,1,89,354.0,1.0,1,LIGUS2,1,LIGUS2,1,2025-11-18 09:56:29,,10,5
1896915585290487,1535826228290487,2024,40,1,89,354.0,2.0,1,LIGUS2,1,LIGUS2,15,2025-11-18 09:56:29,,10,5
1896915586290487,1535826228290487,2024,40,1,89,354.0,3.0,1,LIGUS2,1,LIGUS2,4,2025-11-18 09:56:29,,10,5
1848383535290487,1280643512290487,2023,40,4,111,48.0,2.0,2,ROSA5,1,ROSA5,1,2025-04-29 09:36:46,,3,5
1848383545290487,1280643514290487,2023,40,4,63,9.0,2.0,2,LECU,1,LECU,1,2025-04-29 09:36:46,,3,5
1848383648290487,1280643553290487,2023,40,3,113,226.0,1.0,1,LECU,1,LECU,24,2025-04-29 09:36:47,,3,5
1848383649290487,1280643553290487,2023,40,3,113,226.0,2.0,1,LECU,1,LECU,2,2025-04-29 09:36:47,,3,5
1848383650290487,1280643553290487,2023,40,3,113,226.0,3.0,1,LECU,1,LECU,10,2025-04-29 09:36:47,,3,5
1848383651290487,1280643553290487,2023,40,3,113,226.0,4.0,1,ROSA5,1,ROSA5,1,2025-04-29 09:36:47,,3,5
1848383674290487,1280643558290487,2023,40,4,109,35.0,2.0,2,LOJA,1,LOJA,3,2025-04-29 09:36:48,,3,5
1848383687290487,1280643561290487,2023,40,4,27,44.0,4.0,2,LECU,1,LECU,2,2025-04-29 09:36:48,,3,5
1848383688290487,1280643561290487,2023,40,4,27,44.0,4.0,2,LIGUS2,1,LIGUS2,2,2025-04-29 09:36:48,,3,5
1848383689290487,1280643561290487,2023,40,4,27,44.0,4.0,2,PYCA80,1,PYCA80,15,2025-04-29 09:36:48,,3,5
1896915639290487,1535826238290487,2024,40,1,89,249.0,2.0,2,LOJA,1,LOJA,5,2025-11-18 09:56:30,,10,5
1896915751290487,1535826240290487,2024,40,1,89,278.0,3.0,1,ALJU,1,ALJU,1,2025-11-18 09:56:30,,10,5
1896915757290487,1535826241290487,2024,40,1,89,331.0,1.0,1,LIGUS2,1,LIGUS2,4,2025-11-18 09:56:30,,10,5
1896915758290487,1535826241290487,2024,40,1,89,331.0,2.0,1,LIGUS2,1,LIGUS2,1,2025-11-18 09:56:30,,10,5
1896915759290487,1535826241290487,2024,40,1,89,331.0,3.0,1,LOJA,1,LOJA,1,2025-11-18 09:56:30,,10,5
1896915760290487,1535826241290487,2024,40,1,89,331.0,4.0,1,LOJA,1,LOJA,2,2025-11-18 09:56:30,,10,5
1896915761290487,1535826241290487,2024,40,1,89,331.0,1.0,1,ROSA5,1,ROSA5,3,2025-11-18 09:56:30,,10,5
1896915766290487,1535826242290487,2024,40,1,79,291.0,1.0,1,LECU,1,LECU,3,2025-11-18 09:56:30,,10,5
1896915767290487,1535826242290487,2024,40,1,79,291.0,3.0,1,LECU,1,LECU,15,2025-11-18 09:56:30,,10,5
1896915768290487,1535826242290487,2024,40,1,79,291.0,4.0,1,LECU,1,LECU,2,2025-11-18 09:56:30,,10,5
1896915783290487,1535826245290487,2024,40,1,79,231.0,1.0,1,LIGUS2,1,LIGUS2,1,2025-11-18 09:56:30,,10,5
1896915784290487,1535826245290487,2024,40,1,79,231.0,2.0,1,LIGUS2,1,LIGUS2,2,2025-11-18 09:56:30,,10,5
1896915785290487,1535826245290487,2024,40,1,79,231.0,2.0,1,LOJA,1,LOJA,2,2025-11-18 09:56:30,,10,5
1896915839290487,1535826255290487,2024,40,2,21,107.0,1.0,1,LIGUS2,1,LIGUS2,1,2025-11-18 09:56:31,,10,5
1896915840290487,1535826255290487,2024,40,2,21,107.0,2.0,1,LIGUS2,1,LIGUS2,2,2025-11-18 09:56:31,,10,5
1896915841290487,1535826255290487,2024,40,2,21,107.0,3.0,1,LIGUS2,1,LIGUS2,1,2025-11-18 09:56:31,,10,5
1896915842290487,1535826255290487,2024,40,2,21,107.0,3.0,1,ROSA5,1,ROSA5,1,2025-11-18 09:56:31,,10,5
1896915856290487,1535826258290487,2024,40,2,21,148.0,2.0,1,LECU,1,LECU,1,2025-11-18 09:56:31,,10,5
1896915878290487,1535826263290487,2024,40,2,135,102.0,1.0,1,LIGUS2,1,LIGUS2,7,2025-11-18 09:56:31,,10,5
1896915879290487,1535826263290487,2024,40,2,135,102.0,2.0,1,LIGUS2,1,LIGUS2,5,2025-11-18 09:56:31,,10,5
1896915880290487,1535826263290487,2024,40,2,135,102.0,3.0,1,LIGUS2,1,LIGUS2,5,2025-11-18 09:56:31,,10,5
1896915881290487,1535826263290487,2024,40,2,135,102.0,4.0,1,LIGUS2,1,LIGUS2,10,2025-11-18 09:56:31,,10,5
1896915882290487,1535826263290487,2024,40,2,135,102.0,1.0,1,LOJA,1,LOJA,10,2025-11-18 09:56:31,,10,5
1896915883290487,1535826263290487,2024,40,2,135,102.0,2.0,1,LOJA,1,LOJA,6,2025-11-18 09:56:31,,10,5
1896915884290487,1535826263290487,2024,40,2,135,102.0,3.0,1,LOJA,1,LOJA,2,2025-11-18 09:56:31,,10,5
1896915885290487,1535826263290487,2024,40,2,135,102.0,4.0,1,LOJA,1,LOJA,2,2025-11-18 09:56:31,,10,5
1896915886290487,1535826263290487,2024,40,2,135,102.0,1.0,1,ROSA5,1,ROSA5,2,2025-11-18 09:56:31,,10,5
1896915887290487,1535826263290487,2024,40,2,135,102.0,2.0,1,ROSA5,1,ROSA5,35,2025-11-18 09:56:31,,10,5
1896915888290487,1535826263290487,2024,40,2,135,102.0,3.0,1,ROSA5,1,ROSA5,5,2025-11-18 09:56:31,,10,5
1896915889290487,1535826263290487,2024,40,2,135,102.0,4.0,1,ROSA5,1,ROSA5,4,2025-11-18 09:56:31,,10,5
1896915910290487,1535826268290487,2024,40,2,21,100.0,1.0,1,ROSA5,1,ROSA5,2,2025-11-18 09:56:31,,10,5
1896915953290487,1535826278290487,2024,40,1,5,130.0,2.0,1,LECU,1,LECU,4,2025-11-18 09:56:32,,10,5
1896915954290487,1535826278290487,2024,40,1,5,130.0,4.0,1,LECU,1,LECU,3,2025-11-18 09:56:32,,10,5
1896915968290487,1535826281290487,2024,40,1,127,271.0,2.0,1,LIGUS2,1,LIGUS2,1,2025-11-18 09:56:32,,10,5
1896915969290487,1535826281290487,2024,40,1,127,271.0,4.0,1,LIGUS2,1,LIGUS2,1,2025-11-18 09:56:32,,10,5
1896915970290487,1535826281290487,2024,40,1,127,271.0,4.0,1,LOJA,1,LOJA,3,2025-11-18 09:56:32,,10,5
1896915981290487,1535826283290487,2024,40,2,135,92.0,3.0,1,LECU,1,LECU,1,2025-11-18 09:56:32,,10,5
1896916086290487,1535826284290487,2024,40,2,101,143.0,1.0,1,LECU,1,LECU,2,2025-11-18 09:56:32,,10,5
1896916087290487,1535826284290487,2024,40,2,101,143.0,4.0,1,LECU,1,LECU,5,2025-11-18 09:56:32,,10,5
1896916088290487,1535826284290487,2024,40,2,101,143.0,1.0,1,LOJA,1,LOJA,25,2025-11-18 09:56:32,,10,5
1896916089290487,1535826284290487,2024,40,2,101,143.0,4.0,1,LOJA,1,LOJA,8,2025-11-18 09:56:32,,10,5
1896916090290487,1535826284290487,2024,40,2,101,143.0,1.0,1,ROSA5,1,ROSA5,1,2025-11-18 09:56:32,,10,5
1896916091290487,1535826284290487,2024,40,2,101,143.0,4.0,1,ROSA5,1,ROSA5,3,2025-11-18 09:56:32,,10,5
1896916112290487,1535826289290487,2024,40,2,135,122.0,1.0,1,LIGUS2,1,LIGUS2,2,2025-11-18 09:56:32,,10,5
1896916113290487,1535826289290487,2024,40,2,135,122.0,2.0,1,LIGUS2,1,LIGUS2,15,2025-11-18 09:56:32,,10,5
1896916114290487,1535826289290487,2024,40,2,135,122.0,4.0,1,LIGUS2,1,LIGUS2,12,2025-11-18 09:56:32,,10,5
1896916115290487,1535826289290487,2024,40,2,135,122.0,2.0,1,LOJA,1,LOJA,5,2025-11-18 09:56:32,,10,5
1896916116290487,1535826289290487,2024,40,2,135,122.0,4.0,1,LOJA,1,LOJA,4,2025-11-18 09:56:32,,10,5
1896916146290487,1535826296290487,2024,40,2,41,105.0,1.0,1,LOJA,1,LOJA,6,2025-11-18 09:56:32,,10,5
1896916147290487,1535826296290487,2024,40,2,41,105.0,2.0,1,LOJA,1,LOJA,4,2025-11-18 09:56:32,,10,5
1896916148290487,1535826296290487,2024,40,2,41,105.0,2.0,1,ROSA5,1,ROSA5,1,2025-11-18 09:56:32,,10,5
1896916149290487,1535826296290487,2024,40,2,41,105.0,3.0,1,ROSA5,1,ROSA5,2,2025-11-18 09:56:32,,10,5
1896916198290487,1535826308290487,2024,40,1,23,127.0,1.0,1,LIGUS2,1,LIGUS2,1,2025-11-18 09:56:33,,10,5
1896916207290487,1535826310290487,2024,40,1,23,168.0,3.0,2,LOJA,1,LOJA,1,2025-11-18 09:56:33,,10,5
1896916212290487,1535826311290487,2024,40,1,23,157.0,1.0,1,LECU,1,LECU,1,2025-11-18 09:56:33,,10,5
1896916213290487,1535826311290487,2024,40,1,23,157.0,1.0,1,LOJA,1,LOJA,2,2025-11-18 09:56:33,,10,5
1896916214290487,1535826311290487,2024,40,1,23,157.0,2.0,1,LOJA,1,LOJA,1,2025-11-18 09:56:33,,10,5
1896916215290487,1535826311290487,2024,40,1,23,157.0,4.0,1,LOJA,1,LOJA,2,2025-11-18 09:56:33,,10,5
1896916224290487,1535826313290487,2024,40,1,127,209.0,2.0,1,LIGUS2,1,LIGUS2,10,2025-11-18 09:56:33,,10,5
1896916225290487,1535826313290487,2024,40,1,127,209.0,2.0,1,ROSA5,1,ROSA5,3,2025-11-18 09:56:33,,10,5
1896916234290487,1535826315290487,2024,40,1,77,135.0,3.0,2,LECU,1,LECU,2,2025-11-18 09:56:33,,10,5
1896917648290487,1535828609290487,2024,40,4,123,22.0,4.0,2,LIGUS2,1,LIGUS2,3,2025-11-18 09:56:41,,3,6
1896917649290487,1535828609290487,2024,40,4,123,22.0,4.0,2,LOJA,1,LOJA,1,2025-11-18 09:56:41,,3,6
1896917684290487,1535828617290487,2024,40,5,51,76.0,1.0,2,LECU,1,LECU,2,2025-11-18 09:56:41,,3,6
1896917685290487,1535828617290487,2024,40,5,51,76.0,3.0,2,LECU,1,LECU,22,2025-11-18 09:56:41,,3,6
1896917744290487,1535828631290487,2024,40,3,113,18.0,1.0,1,LECU,1,LECU,1,2025-11-18 09:56:41,,3,6
1896917745290487,1535828631290487,2024,40,3,113,18.0,2.0,1,LECU,1,LECU,1,2025-11-18 09:56:41,,3,6
1896917931290487,1535828652290487,2024,40,4,99,40.0,4.0,1,LECU,1,LECU,4,2025-11-18 09:56:42,,3,6
1896911652290487,1535828664290487,2024,40,5,31,34.0,1.0,1,LIGUS2,1,LIGUS2,30,2025-11-18 09:56:11,,3,6
1896911653290487,1535828664290487,2024,40,5,31,34.0,2.0,1,LIGUS2,1,LIGUS2,10,2025-11-18 09:56:11,,3,6
1896911654290487,1535828664290487,2024,40,5,31,34.0,3.0,1,LIGUS2,1,LIGUS2,20,2025-11-18 09:56:11,,3,6
1896911655290487,1535828664290487,2024,40,5,31,34.0,4.0,1,LIGUS2,1,LIGUS2,15,2025-11-18 09:56:11,,3,6
1896911656290487,1535828664290487,2024,40,5,31,34.0,1.0,1,LOJA,1,LOJA,2,2025-11-18 09:56:11,,3,6
1896911657290487,1535828664290487,2024,40,5,31,34.0,1.0,1,LONIC,1,LONIC,20,2025-11-18 09:56:11,,3,6
1896911658290487,1535828664290487,2024,40,5,31,34.0,2.0,1,LONIC,1,LONIC,20,2025-11-18 09:56:11,,3,6
1896911659290487,1535828664290487,2024,40,5,31,34.0,3.0,1,LONIC,1,LONIC,35,2025-11-18 09:56:11,,3,6
1896911660290487,1535828664290487,2024,40,5,31,34.0,4.0,1,LONIC,1,LONIC,25,2025-11-18 09:56:11,,3,6
1896911661290487,1535828664290487,2024,40,5,31,34.0,3.0,1,PYCA80,1,PYCA80,6,2025-11-18 09:56:11,,3,6
1896911847290487,1535828691290487,2024,40,3,131,58.0,1.0,1,LIGUS2,1,LIGUS2,25,2025-11-18 09:56:13,,3,6
1896911848290487,1535828691290487,2024,40,3,131,58.0,2.0,1,LIGUS2,1,LIGUS2,6,2025-11-18 09:56:13,,3,6
1896911849290487,1535828691290487,2024,40,3,131,58.0,3.0,1,LIGUS2,1,LIGUS2,6,2025-11-18 09:56:13,,3,6
1896911850290487,1535828691290487,2024,40,3,131,58.0,2.0,1,LOJA,1,LOJA,1,2025-11-18 09:56:13,,3,6
1896911851290487,1535828691290487,2024,40,3,131,58.0,3.0,1,LOJA,1,LOJA,3,2025-11-18 09:56:13,,3,6
1896911852290487,1535828691290487,2024,40,3,131,58.0,1.0,1,PYCA80,1,PYCA80,25,2025-11-18 09:56:13,,3,6
1896911853290487,1535828691290487,2024,40,3,131,58.0,2.0,1,PYCA80,1,PYCA80,16,2025-11-18 09:56:13,,3,6
1896911854290487,1535828691290487,2024,40,3,131,58.0,1.0,1,ROSA5,1,ROSA5,3,2025-11-18 09:56:13,,3,6
1896911855290487,1535828691290487,2024,40,3,131,58.0,2.0,1,ROSA5,1,ROSA5,1,2025-11-18 09:56:13,,3,6
1896911856290487,1535828691290487,2024,40,3,131,58.0,3.0,1,ROSA5,1,ROSA5,3,2025-11-18 09:56:13,,3,6
1896911910290487,1535828704290487,2024,40,4,19,30.0,4.0,1,ALJU,1,ALJU,1,2025-11-18 09:56:13,,3,6
1896911911290487,1535828704290487,2024,40,4,19,30.0,1.0,1,LECU,1,LECU,12,2025-11-18 09:56:13,,3,6
1896911912290487,1535828704290487,2024,40,4,19,30.0,2.0,2,LECU,1,LECU,4,2025-11-18 09:56:13,,3,6
1896911913290487,1535828704290487,2024,40,4,19,30.0,4.0,2,LECU,1,LECU,1,2025-11-18 09:56:13,,3,6
1896911914290487,1535828704290487,2024,40,4,19,30.0,4.0,1,LOJA,1,LOJA,1,2025-11-18 09:56:13,,3,6
1896912044290487,1535828705290487,2024,40,4,85,11.0,1.0,1,LECU,1,LECU,1,2025-11-18 09:56:13,,3,6
1896912045290487,1535828705290487,2024,40,4,85,11.0,3.0,1,LECU,1,LECU,2,2025-11-18 09:56:13,,3,6
1896912046290487,1535828705290487,2024,40,4,85,11.0,4.0,1,LECU,1,LECU,4,2025-11-18 09:56:13,,3,6
1896912047290487,1535828705290487,2024,40,4,85,11.0,2.0,1,LESPE,1,LESPE,7,2025-11-18 09:56:13,,3,6
1896912056290487,1535828707290487,2024,40,4,109,20.0,4.0,3,LECU,1,LECU,45,2025-11-18 09:56:13,,3,6
1896912077290487,1535828712290487,2024,40,3,119,51.0,2.0,1,LECU,1,LECU,1,2025-11-18 09:56:13,,3,6
1896912078290487,1535828712290487,2024,40,3,119,51.0,3.0,1,LECU,1,LECU,1,2025-11-18 09:56:13,,3,6
1896912079290487,1535828712290487,2024,40,3,119,51.0,1.0,1,LIGUS2,1,LIGUS2,2,2025-11-18 09:56:13,,3,6
1896912080290487,1535828712290487,2024,40,3,119,51.0,2.0,1,LIGUS2,1,LIGUS2,1,2025-11-18 09:56:13,,3,6
1896912081290487,1535828712290487,2024,40,3,119,51.0,3.0,1,LIGUS2,1,LIGUS2,4,2025-11-18 09:56:13,,3,6
1896912082290487,1535828712290487,2024,40,3,119,51.0,3.0,1,PYCA80,1,PYCA80,1,2025-11-18 09:56:13,,3,6
1896912083290487,1535828712290487,2024,40,3,119,51.0,4.0,1,PYCA80,1,PYCA80,5,2025-11-18 09:56:13,,3,6
1896912109290487,1535828717290487,2024,40,7,71,42.0,2.0,1,EUFO5,1,EUFO5,12,2025-11-18 09:56:14,,3,6
1896912110290487,1535828717290487,2024,40,7,71,42.0,3.0,1,EUFO5,1,EUFO5,4,2025-11-18 09:56:14,,3,6
1896912111290487,1535828717290487,2024,40,7,71,42.0,2.0,1,LIGUS2,1,LIGUS2,1,2025-11-18 09:56:14,,3,6
1896912112290487,1535828717290487,2024,40,7,71,42.0,2.0,1,LOJA,1,LOJA,3,2025-11-18 09:56:14,,3,6
1896912113290487,1535828717290487,2024,40,7,71,42.0,1.0,1,LONIC,1,LONIC,5,2025-11-18 09:56:14,,3,6
1896912114290487,1535828717290487,2024,40,7,71,42.0,2.0,1,LONIC,1,LONIC,10,2025-11-18 09:56:14,,3,6
1896912115290487,1535828717290487,2024,40,7,71,42.0,3.0,1,LONIC,1,LONIC,85,2025-11-18 09:56:14,,3,6
1896912136290487,1535828722290487,2024,40,4,63,40.0,3.0,1,LECU,1,LECU,1,2025-11-18 09:56:14,,3,6
1896912137290487,1535828722290487,2024,40,4,63,40.0,1.0,1,LIGUS2,1,LIGUS2,2,2025-11-18 09:56:14,,3,6
1896912138290487,1535828722290487,2024,40,4,63,40.0,2.0,1,LIGUS2,1,LIGUS2,1,2025-11-18 09:56:14,,3,6
1896912139290487,1535828722290487,2024,40,4,63,40.0,3.0,1,LIGUS2,1,LIGUS2,1,2025-11-18 09:56:14,,3,6
1896912140290487,1535828722290487,2024,40,4,63,40.0,1.0,1,LOJA,1,LOJA,10,2025-11-18 09:56:14,,3,6
1896912141290487,1535828722290487,2024,40,4,63,40.0,3.0,1,LOJA,1,LOJA,3,2025-11-18 09:56:14,,3,6
1896912162290487,1535828727290487,2024,40,3,37,25.0,1.0,1,LECU,1,LECU,1,2025-11-18 09:56:14,,3,6
1896912163290487,1535828727290487,2024,40,3,37,25.0,2.0,1,LECU,1,LECU,2,2025-11-18 09:56:14,,3,6
1896912164290487,1535828727290487,2024,40,3,37,25.0,4.0,1,LECU,1,LECU,6,2025-11-18 09:56:14,,3,6
1896912268290487,1535828734290487,2024,40,5,11,1.0,1.0,1,TAMAR2,1,TAMAR2,12,2025-11-18 09:56:14,,3,6
1896912269290487,1535828734290487,2024,40,5,11,1.0,2.0,1,TAMAR2,1,TAMAR2,5,2025-11-18 09:56:14,,3,6
1896912270290487,1535828734290487,2024,40,5,11,1.0,3.0,1,TAMAR2,1,TAMAR2,6,2025-11-18 09:56:14,,3,6
1896912423290487,1535828753290487,2024,40,4,49,84.0,1.0,1,LIGUS2,1,LIGUS2,1,2025-11-18 09:56:15,,3,6
1896912424290487,1535828753290487,2024,40,4,49,84.0,2.0,1,LIGUS2,1,LIGUS2,1,2025-11-18 09:56:15,,3,6
1896912425290487,1535828753290487,2024,40,4,49,84.0,3.0,1,LIGUS2,1,LIGUS2,2,2025-11-18 09:56:15,,3,6
1896912426290487,1535828753290487,2024,40,4,49,84.0,3.0,1,LOJA,1,LOJA,60,2025-11-18 09:56:15,,3,6
1896912492290487,1535828769290487,2024,40,4,107,5.0,1.0,1,LIGUS2,1,LIGUS2,3,2025-11-18 09:56:16,,3,6
1896912493290487,1535828769290487,2024,40,4,107,5.0,4.0,1,LIGUS2,1,LIGUS2,1,2025-11-18 09:56:16,,3,6
1896912494290487,1535828769290487,2024,40,4,107,5.0,2.0,1,LOJA,1,LOJA,1,2025-11-18 09:56:16,,3,6
1896912495290487,1535828769290487,2024,40,4,107,5.0,3.0,1,LOJA,1,LOJA,3,2025-11-18 09:56:16,,3,6
1896912496290487,1535828769290487,2024,40,4,107,5.0,4.0,1,LOJA,1,LOJA,1,2025-11-18 09:56:16,,3,6
1896912497290487,1535828769290487,2024,40,4,107,5.0,1.0,1,ROSA5,1,ROSA5,5,2025-11-18 09:56:16,,3,6
1896912498290487,1535828769290487,2024,40,4,107,5.0,2.0,1,ROSA5,1,ROSA5,1,2025-11-18 09:56:16,,3,6
1896912499290487,1535828769290487,2024,40,4,107,5.0,3.0,1,ROSA5,1,ROSA5,6,2025-11-18 09:56:16,,3,6
1896912500290487,1535828769290487,2024,40,4,107,5.0,4.0,1,ROSA5,1,ROSA5,6,2025-11-18 09:56:16,,3,6
1896912505290487,1535828770290487,2024,40,4,63,10.0,1.0,1,LECU,1,LECU,8,2025-11-18 09:56:16,,3,6
1896912506290487,1535828770290487,2024,40,4,63,10.0,2.0,1,LECU,1,LECU,15,2025-11-18 09:56:16,,3,6
1896912507290487,1535828770290487,2024,40,4,63,10.0,3.0,1,LECU,1,LECU,3,2025-11-18 09:56:16,,3,6
1896912508290487,1535828770290487,2024,40,4,63,10.0,4.0,2,LECU,1,LECU,3,2025-11-18 09:56:16,,3,6
1896912509290487,1535828770290487,2024,40,4,63,10.0,1.0,1,LIGUS2,1,LIGUS2,2,2025-11-18 09:56:16,,3,6
1896912510290487,1535828770290487,2024,40,4,63,10.0,3.0,1,LIGUS2,1,LIGUS2,2,2025-11-18 09:56:16,,3,6
1896912511290487,1535828770290487,2024,40,4,63,10.0,4.0,2,LIGUS2,1,LIGUS2,5,2025-11-18 09:56:16,,3,6
1896912520290487,1535828772290487,2024,40,3,143,28.0,1.0,1,EUFO5,1,EUFO5,2,2025-11-18 09:56:16,,3,6
1896912521290487,1535828772290487,2024,40,3,143,28.0,2.0,1,EUFO5,1,EUFO5,5,2025-11-18 09:56:16,,3,6
1896912522290487,1535828772290487,2024,40,3,143,28.0,4.0,1,EUFO5,1,EUFO5,3,2025-11-18 09:56:16,,3,6
1685242817290487,946083756290487,2022,40,1,13,119.0,1.0,1,LIGUS2,1,LIGUS2,1,2024-10-18 09:40:07,,10,3
1685242818290487,946083756290487,2022,40,1,13,119.0,2.0,1,LIGUS2,1,LIGUS2,1,2024-10-18 09:40:07,,10,3
1685242819290487,946083756290487,2022,40,1,13,119.0,3.0,2,LIGUS2,1,LIGUS2,1,2024-10-18 09:40:07,,10,3
1685242820290487,946083756290487,2022,40,1,13,119.0,4.0,1,LIGUS2,1,LIGUS2,7,2024-10-18 09:40:07,,10,3
1685242821290487,946083756290487,2022,40,1,13,119.0,1.0,1,LOJA,1,LOJA,1,2024-10-18 09:40:07,,10,3
1685242822290487,946083756290487,2022,40,1,13,119.0,2.0,1,LOJA,1,LOJA,1,2024-10-18 09:40:07,,10,3
1685242823290487,946083756290487,2022,40,1,13,119.0,4.0,1,LOJA,1,LOJA,2,2024-10-18 09:40:07,,10,3
1685242845290487,946083761290487,2022,40,1,13,199.0,1.0,1,LIGUS2,1,LIGUS2,8,2024-10-18 09:40:07,,10,3
1685242846290487,946083761290487,2022,40,1,13,199.0,2.0,1,LIGUS2,1,LIGUS2,2,2024-10-18 09:40:07,,10,3
1685242847290487,946083761290487,2022,40,1,13,199.0,3.0,1,LIGUS2,1,LIGUS2,4,2024-10-18 09:40:07,,10,3
1685242848290487,946083761290487,2022,40,1,13,199.0,4.0,1,LIGUS2,1,LIGUS2,12,2024-10-18 09:40:07,,10,3
1685242849290487,946083761290487,2022,40,1,13,199.0,1.0,1,LOJA,1,LOJA,22,2024-10-18 09:40:07,,10,3
1685242850290487,946083761290487,2022,40,1,13,199.0,2.0,1,LOJA,1,LOJA,2,2024-10-18 09:40:07,,10,3
1685242851290487,946083761290487,2022,40,1,13,199.0,3.0,1,LOJA,1,LOJA,7,2024-10-18 09:40:07,,10,3
1685242852290487,946083761290487,2022,40,1,13,199.0,4.0,1,LOJA,1,LOJA,9,2024-10-18 09:40:07,,10,3
1685243010290487,946083775290487,2022,40,1,121,189.0,1.0,1,LECU,1,LECU,2,2024-10-18 09:40:08,,10,3
1685243011290487,946083775290487,2022,40,1,121,189.0,4.0,1,LECU,1,LECU,2,2024-10-18 09:40:08,,10,3
1535422275290487,932991613290487,2021,40,1,127,165.0,2.0,2,LOJA,1,LOJA,3,2023-12-11 17:23:52,,10,2
1535422276290487,932991613290487,2021,40,1,127,165.0,3.0,1,LOJA,1,LOJA,1,2023-12-11 17:23:52,,10,2
1535422277290487,932991613290487,2021,40,1,127,165.0,3.0,2,LOJA,1,LOJA,3,2023-12-11 17:23:52,,10,2
1535422419290487,932991623290487,2021,40,2,135,126.0,1.0,1,LIGUS2,1,LIGUS2,1,2023-12-11 17:23:53,,10,2
1535422420290487,932991623290487,2021,40,2,135,126.0,2.0,1,LIGUS2,1,LIGUS2,3,2023-12-11 17:23:53,,10,2
1535422421290487,932991623290487,2021,40,2,135,126.0,1.0,1,LOJA,1,LOJA,2,2023-12-11 17:23:53,,10,2
1535422430290487,932991625290487,2021,40,2,1,75.0,1.0,1,PYCA80,1,PYCA80,1,2023-12-11 17:23:53,,10,2
1535422455290487,932991631290487,2021,40,1,89,345.0,1.0,1,LIGUS2,1,LIGUS2,2,2023-12-11 17:23:53,,10,2
1535422456290487,932991631290487,2021,40,1,89,345.0,2.0,1,LIGUS2,1,LIGUS2,5,2023-12-11 17:23:53,,10,2
1535422457290487,932991631290487,2021,40,1,89,345.0,3.0,1,LIGUS2,1,LIGUS2,3,2023-12-11 17:23:53,,10,2
1535422458290487,932991631290487,2021,40,1,89,345.0,4.0,1,LIGUS2,1,LIGUS2,3,2023-12-11 17:23:53,,10,2
1535422459290487,932991631290487,2021,40,1,89,345.0,1.0,1,LOJA,1,LOJA,1,2023-12-11 17:23:53,,10,2
1535422460290487,932991631290487,2021,40,1,89,345.0,2.0,1,LOJA,1,LOJA,1,2023-12-11 17:23:53,,10,2
1535422461290487,932991631290487,2021,40,1,89,345.0,3.0,1,LOJA,1,LOJA,1,2023-12-11 17:23:53,,10,2
1535422462290487,932991631290487,2021,40,1,89,345.0,4.0,1,LOJA,1,LOJA,1,2023-12-11 17:23:53,,10,2
1535422468290487,932991632290487,2021,40,1,89,274.0,1.0,1,LOJA,1,LOJA,1,2023-12-11 17:23:53,,10,2
1535422469290487,932991632290487,2021,40,1,89,274.0,2.0,1,LOJA,1,LOJA,1,2023-12-11 17:23:53,,10,2
1535422470290487,932991632290487,2021,40,1,89,274.0,3.0,1,LOJA,1,LOJA,1,2023-12-11 17:23:53,,10,2
1535422471290487,932991632290487,2021,40,1,89,274.0,4.0,1,LOJA,1,LOJA,1,2023-12-11 17:23:53,,10,2
1535422480290487,932991634290487,2021,40,1,89,230.0,3.0,1,LIGUS2,1,LIGUS2,1,2023-12-11 17:23:53,,10,2
1535422481290487,932991634290487,2021,40,1,89,230.0,2.0,1,LOJA,1,LOJA,1,2023-12-11 17:23:53,,10,2
1535422506290487,932991640290487,2021,40,1,23,143.0,1.0,1,LIGUS2,1,LIGUS2,28,2023-12-11 17:23:53,,10,2
1535422507290487,932991640290487,2021,40,1,23,143.0,2.0,1,LIGUS2,1,LIGUS2,8,2023-12-11 17:23:53,,10,2
1535422508290487,932991640290487,2021,40,1,23,143.0,3.0,1,LIGUS2,1,LIGUS2,12,2023-12-11 17:23:53,,10,2
1535422509290487,932991640290487,2021,40,1,23,143.0,4.0,1,LIGUS2,1,LIGUS2,18,2023-12-11 17:23:53,,10,2
1535422510290487,932991640290487,2021,40,1,23,143.0,1.0,1,LOJA,1,LOJA,1,2023-12-11 17:23:53,,10,2
1535422511290487,932991640290487,2021,40,1,23,143.0,2.0,1,LOJA,1,LOJA,15,2023-12-11 17:23:53,,10,2
1535422512290487,932991640290487,2021,40,1,23,143.0,3.0,1,LOJA,1,LOJA,1,2023-12-11 17:23:53,,10,2
1535422513290487,932991640290487,2021,40,1,23,143.0,4.0,1,LOJA,1,LOJA,1,2023-12-11 17:23:53,,10,2
1685242598290487,946083711290487,2022,40,1,79,271.0,3.0,1,LECU,1,LECU,3,2024-10-18 09:40:01,,10,3
1685242599290487,946083711290487,2022,40,1,79,271.0,4.0,1,LECU,1,LECU,3,2024-10-18 09:40:01,,10,3
1685242624290487,946083717290487,2022,40,1,77,109.0,1.0,1,LIGUS2,1,LIGUS2,1,2024-10-18 09:40:03,,10,3
1685242625290487,946083717290487,2022,40,1,77,109.0,3.0,1,LIGUS2,1,LIGUS2,1,2024-10-18 09:40:03,,10,3
1685242638290487,946083720290487,2022,40,2,101,174.0,4.0,1,EUFO5,1,EUFO5,1,2024-10-18 09:40:03,,10,3
1685242639290487,946083720290487,2022,40,2,101,174.0,2.0,1,LIGUS2,1,LIGUS2,1,2024-10-18 09:40:03,,10,3
1685242640290487,946083720290487,2022,40,2,101,174.0,4.0,1,LIGUS2,1,LIGUS2,1,2024-10-18 09:40:03,,10,3
1685242641290487,946083720290487,2022,40,2,101,174.0,1.0,1,LOJA,1,LOJA,2,2024-10-18 09:40:03,,10,3
1685242435290487,946083678290487,2022,40,2,91,131.0,4.0,1,LECU,1,LECU,1,2024-10-18 09:40:00,,10,3
1685242436290487,946083678290487,2022,40,2,91,131.0,3.0,1,LIGUS2,1,LIGUS2,1,2024-10-18 09:40:00,,10,3
1685242437290487,946083678290487,2022,40,2,91,131.0,1.0,1,LOJA,1,LOJA,2,2024-10-18 09:40:00,,10,3
1685242438290487,946083678290487,2022,40,2,91,131.0,3.0,1,LOJA,1,LOJA,1,2024-10-18 09:40:00,,10,3
1685242447290487,946083680290487,2022,40,2,91,153.0,1.0,1,LECU,1,LECU,3,2024-10-18 09:40:00,,10,3
1685242448290487,946083680290487,2022,40,2,91,153.0,2.0,1,LECU,1,LECU,2,2024-10-18 09:40:00,,10,3
1685242449290487,946083680290487,2022,40,2,91,153.0,3.0,1,LECU,1,LECU,22,2024-10-18 09:40:00,,10,3
1685242450290487,946083680290487,2022,40,2,91,153.0,4.0,1,LECU,1,LECU,70,2024-10-18 09:40:00,,10,3
1685242451290487,946083680290487,2022,40,2,91,153.0,1.0,1,ROSA5,1,ROSA5,1,2024-10-18 09:40:00,,10,3
1685242452290487,946083680290487,2022,40,2,91,153.0,3.0,1,ROSA5,1,ROSA5,1,2024-10-18 09:40:00,,10,3
1685242481290487,946083687290487,2022,40,2,91,121.0,2.0,1,LECU,1,LECU,4,2024-10-18 09:40:00,,10,3
1685242482290487,946083687290487,2022,40,2,91,121.0,1.0,1,LIGUS2,1,LIGUS2,1,2024-10-18 09:40:00,,10,3
1685242483290487,946083687290487,2022,40,2,91,121.0,4.0,1,LIGUS2,1,LIGUS2,1,2024-10-18 09:40:00,,10,3
1685242484290487,946083687290487,2022,40,2,91,121.0,1.0,1,ROSA5,1,ROSA5,3,2024-10-18 09:40:00,,10,3
1685242485290487,946083687290487,2022,40,2,91,121.0,3.0,1,ROSA5,1,ROSA5,1,2024-10-18 09:40:00,,10,3
1685242486290487,946083687290487,2022,40,2,91,121.0,4.0,1,ROSA5,1,ROSA5,1,2024-10-18 09:40:00,,10,3
1685242532290487,946083698290487,2022,40,1,89,373.0,1.0,1,LECU,1,LECU,4,2024-10-18 09:40:01,,10,3
1685242546290487,946083701290487,2022,40,1,89,416.0,1.0,1,LIGUS2,1,LIGUS2,1,2024-10-18 09:40:01,,10,3
1685242547290487,946083701290487,2022,40,1,89,416.0,2.0,1,LIGUS2,1,LIGUS2,1,2024-10-18 09:40:01,,10,3
1685242548290487,946083701290487,2022,40,1,89,416.0,4.0,1,LIGUS2,1,LIGUS2,1,2024-10-18 09:40:01,,10,3
1685242554290487,946083702290487,2022,40,1,89,374.0,3.0,2,ROSA5,1,ROSA5,5,2024-10-18 09:40:01,,10,3
1685242575290487,946083707290487,2022,40,1,79,199.0,4.0,2,LIGUS2,1,LIGUS2,4,2024-10-18 09:40:01,,10,3
1685242642290487,946083720290487,2022,40,2,101,174.0,2.0,1,LOJA,1,LOJA,1,2024-10-18 09:40:03,,10,3
1685242643290487,946083720290487,2022,40,2,101,174.0,4.0,1,LOJA,1,LOJA,1,2024-10-18 09:40:03,,10,3
1685242644290487,946083720290487,2022,40,2,101,174.0,1.0,1,ROSA5,1,ROSA5,1,2024-10-18 09:40:03,,10,3
1685242645290487,946083720290487,2022,40,2,101,174.0,2.0,1,ROSA5,1,ROSA5,3,2024-10-18 09:40:03,,10,3
1896916936290487,1535826405290487,2024,40,1,121,242.0,1.0,1,LIGUS2,1,LIGUS2,1,2025-11-18 09:56:37,,10,5
1896916937290487,1535826405290487,2024,40,1,121,242.0,3.0,1,LIGUS2,1,LIGUS2,1,2025-11-18 09:56:37,,10,5
1896916954290487,1535826409290487,2024,40,2,101,104.0,1.0,1,LECU,1,LECU,1,2025-11-18 09:56:37,,10,5
1896916955290487,1535826409290487,2024,40,2,101,104.0,3.0,1,LECU,1,LECU,10,2025-11-18 09:56:37,,10,5
1896916956290487,1535826409290487,2024,40,2,101,104.0,1.0,1,LIGUS2,1,LIGUS2,2,2025-11-18 09:56:37,,10,5
1896916957290487,1535826409290487,2024,40,2,101,104.0,2.0,1,LIGUS2,1,LIGUS2,1,2025-11-18 09:56:37,,10,5
1896916958290487,1535826409290487,2024,40,2,101,104.0,2.0,1,LOJA,1,LOJA,3,2025-11-18 09:56:37,,10,5
1896916959290487,1535826409290487,2024,40,2,101,104.0,3.0,1,LOJA,1,LOJA,5,2025-11-18 09:56:37,,10,5
1896916960290487,1535826409290487,2024,40,2,101,104.0,2.0,1,ROSA5,1,ROSA5,1,2025-11-18 09:56:37,,10,5
1896917013290487,1535826422290487,2024,40,1,5,213.0,1.0,1,LIGUS2,1,LIGUS2,2,2025-11-18 09:56:37,,10,5
1896917014290487,1535826422290487,2024,40,1,5,213.0,2.0,1,LIGUS2,1,LIGUS2,1,2025-11-18 09:56:37,,10,5
1896917015290487,1535826422290487,2024,40,1,5,213.0,3.0,1,LIGUS2,1,LIGUS2,2,2025-11-18 09:56:37,,10,5
1896917016290487,1535826422290487,2024,40,1,5,213.0,4.0,1,LIGUS2,1,LIGUS2,1,2025-11-18 09:56:37,,10,5
1896917017290487,1535826422290487,2024,40,1,5,213.0,1.0,1,LOJA,1,LOJA,1,2025-11-18 09:56:37,,10,5
1896917018290487,1535826422290487,2024,40,1,5,213.0,2.0,1,LOJA,1,LOJA,1,2025-11-18 09:56:37,,10,5
1896917019290487,1535826422290487,2024,40,1,5,213.0,3.0,1,LOJA,1,LOJA,1,2025-11-18 09:56:37,,10,5
1896917029290487,1535826424290487,2024,40,1,5,188.0,2.0,2,LIGUS2,1,LIGUS2,1,2025-11-18 09:56:38,,10,5
1896917030290487,1535826424290487,2024,40,1,5,188.0,3.0,2,LOJA,1,LOJA,1,2025-11-18 09:56:38,,10,5
1896917052290487,1535826429290487,2024,40,1,5,190.0,4.0,2,LOJA,1,LOJA,3,2025-11-18 09:56:38,,10,5
1896917169290487,1535826433290487,2024,40,1,89,304.0,3.0,1,LIGUS2,1,LIGUS2,2,2025-11-18 09:56:38,,10,5
1896917174290487,1535826434290487,2024,40,1,89,387.0,4.0,1,LOJA,1,LOJA,3,2025-11-18 09:56:38,,10,5
1896917181290487,1535826435290487,2024,40,1,89,405.0,2.0,1,LIGUS2,1,LIGUS2,1,2025-11-18 09:56:38,,10,5
1896917182290487,1535826435290487,2024,40,1,89,405.0,4.0,1,LIGUS2,1,LIGUS2,1,2025-11-18 09:56:38,,10,5
1896917196290487,1535826438290487,2024,40,1,89,409.0,1.0,1,LIGUS2,1,LIGUS2,1,2025-11-18 09:56:38,,10,5
1896917197290487,1535826438290487,2024,40,1,89,409.0,3.0,1,LIGUS2,1,LIGUS2,1,2025-11-18 09:56:38,,10,5
1896917198290487,1535826438290487,2024,40,1,89,409.0,3.0,1,LOJA,1,LOJA,7,2025-11-18 09:56:38,,10,5
1896917207290487,1535826440290487,2024,40,1,29,90.0,1.0,1,LIGUS2,1,LIGUS2,2,2025-11-18 09:56:38,,10,5
1896917208290487,1535826440290487,2024,40,1,29,90.0,2.0,1,LIGUS2,1,LIGUS2,5,2025-11-18 09:56:38,,10,5
1896916921290487,1535826402290487,2024,40,2,91,90.0,3.0,1,LIGUS2,1,LIGUS2,3,2025-11-18 09:56:37,,10,5
1896917209290487,1535826440290487,2024,40,1,29,90.0,3.0,2,LIGUS2,1,LIGUS2,2,2025-11-18 09:56:38,,10,5
1896917210290487,1535826440290487,2024,40,1,29,90.0,4.0,1,LIGUS2,1,LIGUS2,1,2025-11-18 09:56:38,,10,5
1896917211290487,1535826440290487,2024,40,1,29,90.0,2.0,1,LOJA,1,LOJA,2,2025-11-18 09:56:38,,10,5
1896917212290487,1535826440290487,2024,40,1,29,90.0,4.0,1,LOJA,1,LOJA,1,2025-11-18 09:56:38,,10,5
1896917223290487,1535826442290487,2024,40,1,5,206.0,2.0,1,POTR4,1,POTR4,4,2025-11-18 09:56:38,,10,5
1896917228290487,1535826443290487,2024,40,1,29,74.0,1.0,1,LECU,1,LECU,1,2025-11-18 09:56:38,,10,5
1896917229290487,1535826443290487,2024,40,1,29,74.0,2.0,1,LECU,1,LECU,2,2025-11-18 09:56:38,,10,5
1896917230290487,1535826443290487,2024,40,1,29,74.0,3.0,1,LECU,1,LECU,1,2025-11-18 09:56:38,,10,5
1685242646290487,946083720290487,2022,40,2,101,174.0,4.0,1,ROSA5,1,ROSA5,3,2024-10-18 09:40:03,,10,3
1685242651290487,946083721290487,2022,40,2,101,176.0,1.0,1,LIGUS2,1,LIGUS2,2,2024-10-18 09:40:03,,10,3
1685242652290487,946083721290487,2022,40,2,101,176.0,2.0,1,LIGUS2,1,LIGUS2,1,2024-10-18 09:40:03,,10,3
1685243016290487,946083776290487,2022,40,1,121,236.0,3.0,2,LIGUS2,1,LIGUS2,1,2024-10-18 09:40:08,,10,3
1685243045290487,946083783290487,2022,40,1,89,271.0,1.0,1,LOJA,1,LOJA,15,2024-10-18 09:40:11,,10,3
1685243046290487,946083783290487,2022,40,1,89,271.0,2.0,2,LOJA,1,LOJA,15,2024-10-18 09:40:11,,10,3
1685243047290487,946083783290487,2022,40,1,89,271.0,3.0,1,LOJA,1,LOJA,10,2024-10-18 09:40:11,,10,3
1685243060290487,946083785290487,2022,40,1,89,275.0,1.0,1,LECU,1,LECU,1,2024-10-18 09:40:12,,10,3
1685243061290487,946083785290487,2022,40,1,89,275.0,2.0,2,LOJA,1,LOJA,1,2024-10-18 09:40:12,,10,3
1685243066290487,946083786290487,2022,40,1,89,393.0,1.0,1,LIGUS2,1,LIGUS2,1,2024-10-18 09:40:12,,10,3
1685243067290487,946083786290487,2022,40,1,89,393.0,3.0,1,LIGUS2,1,LIGUS2,1,2024-10-18 09:40:12,,10,3
1685243072290487,946083787290487,2022,40,1,89,263.0,3.0,1,LIGUS2,1,LIGUS2,4,2024-10-18 09:40:12,,10,3
1848383690290487,1280643561290487,2023,40,4,27,44.0,4.0,2,ROSA5,1,ROSA5,1,2025-04-29 09:36:48,,3,5
1848383940290487,1280643618290487,2023,40,3,145,8.0,2.0,2,LECU,1,LECU,8,2025-04-29 09:36:49,,3,5
1848383954290487,1280643621290487,2023,40,4,63,15.0,3.0,1,LECU,1,LECU,2,2025-04-29 09:36:49,,3,5
1848384027290487,1280643639290487,2023,40,4,49,16.0,1.0,1,LECU,1,LECU,2,2025-04-29 09:36:49,,3,5
1848384041290487,1280643642290487,2023,40,4,81,79.0,1.0,1,LECU,1,LECU,6,2025-04-29 09:36:50,,3,5
1848384042290487,1280643642290487,2023,40,4,81,79.0,2.0,1,LECU,1,LECU,2,2025-04-29 09:36:50,,3,5
1848384043290487,1280643642290487,2023,40,4,81,79.0,3.0,1,LECU,1,LECU,3,2025-04-29 09:36:50,,3,5
1848384044290487,1280643642290487,2023,40,4,81,79.0,4.0,1,LECU,1,LECU,2,2025-04-29 09:36:50,,3,5
1848384282290487,1280643734290487,2023,40,4,123,16.0,1.0,1,LECU,1,LECU,4,2025-04-29 09:36:50,,3,5
1848384292290487,1280643736290487,2023,40,4,69,13.0,1.0,1,LIGUS2,1,LIGUS2,1,2025-04-29 09:36:50,,3,5
1848384293290487,1280643736290487,2023,40,4,69,13.0,4.0,3,LIGUS2,1,LIGUS2,1,2025-04-29 09:36:50,,3,5
1848384307290487,1280643739290487,2023,40,4,63,69.0,1.0,1,ALJU,1,ALJU,1,2025-04-29 09:36:50,,3,5
1848384308290487,1280643739290487,2023,40,4,63,69.0,2.0,1,ALJU,1,ALJU,1,2025-04-29 09:36:50,,3,5
1848384309290487,1280643739290487,2023,40,4,63,69.0,2.0,1,LECU,1,LECU,1,2025-04-29 09:36:50,,3,5
1848384310290487,1280643739290487,2023,40,4,63,69.0,1.0,1,LIGUS2,1,LIGUS2,2,2025-04-29 09:36:50,,3,5
1848384444290487,1280643741290487,2023,40,4,63,82.0,1.0,1,LECU,1,LECU,1,2025-04-29 09:36:51,,3,5
1848384445290487,1280643741290487,2023,40,4,63,82.0,2.0,1,LECU,1,LECU,4,2025-04-29 09:36:51,,3,5
1848384446290487,1280643741290487,2023,40,4,63,82.0,3.0,1,LECU,1,LECU,1,2025-04-29 09:36:51,,3,5
1848384451290487,1280643742290487,2023,40,4,123,3.0,2.0,1,LECU,1,LECU,20,2025-04-29 09:36:51,,3,5
1848384628290487,1280643806290487,2023,40,7,153,30.0,1.0,1,TAMAR2,1,TAMAR2,15,2025-04-29 09:36:52,,3,5
1848384629290487,1280643806290487,2023,40,7,153,30.0,3.0,1,TAMAR2,1,TAMAR2,25,2025-04-29 09:36:52,,3,5
1848384630290487,1280643806290487,2023,40,7,153,30.0,4.0,1,TAMAR2,1,TAMAR2,5,2025-04-29 09:36:52,,3,5
1848385270290487,1280664253290487,2023,40,1,127,207.0,1.0,1,LOJA,1,LOJA,2,2025-04-29 09:36:56,,10,4
1848385295290487,1280664259290487,2023,40,2,21,144.0,3.0,1,LECU,1,LECU,1,2025-04-29 09:36:56,,10,4
1848385296290487,1280664259290487,2023,40,2,21,144.0,2.0,1,MIVI,1,MIVI,1,2025-04-29 09:36:56,,10,4
1848385301290487,1280664260290487,2023,40,2,101,186.0,2.0,1,LECU,1,LECU,4,2025-04-29 09:36:56,,10,4
1848385315290487,1280664263290487,2023,40,2,101,123.0,2.0,1,LECU,1,LECU,2,2025-04-29 09:36:56,,10,4
1848385316290487,1280664263290487,2023,40,2,101,123.0,4.0,1,LECU,1,LECU,10,2025-04-29 09:36:56,,10,4
1848385329290487,1280664266290487,2023,40,2,41,94.0,4.0,1,AIAL,1,AIAL,5,2025-04-29 09:36:56,,10,4
1848385330290487,1280664266290487,2023,40,2,41,94.0,1.0,1,LECU,1,LECU,4,2025-04-29 09:36:56,,10,4
1848385331290487,1280664266290487,2023,40,2,41,94.0,4.0,1,LECU,1,LECU,7,2025-04-29 09:36:56,,10,4
1848385332290487,1280664266290487,2023,40,2,41,94.0,1.0,1,MIVI,1,MIVI,1,2025-04-29 09:36:56,,10,4
1848385333290487,1280664266290487,2023,40,2,41,94.0,4.0,1,MIVI,1,MIVI,3,2025-04-29 09:36:56,,10,4
1848385339290487,1280664267290487,2023,40,2,97,118.0,1.0,1,LECU,1,LECU,1,2025-04-29 09:36:56,,10,4
1848385360290487,1280664272290487,2023,40,2,21,124.0,1.0,1,LIGUS2,1,LIGUS2,2,2025-04-29 09:36:56,,10,4
1848385361290487,1280664272290487,2023,40,2,21,124.0,2.0,1,LIGUS2,1,LIGUS2,1,2025-04-29 09:36:56,,10,4
1848385362290487,1280664272290487,2023,40,2,21,124.0,3.0,1,LIGUS2,1,LIGUS2,1,2025-04-29 09:36:56,,10,4
1848385363290487,1280664272290487,2023,40,2,21,124.0,2.0,1,ROSA5,1,ROSA5,1,2025-04-29 09:36:56,,10,4
1848385372290487,1280664274290487,2023,40,1,23,180.0,1.0,1,LIGUS2,1,LIGUS2,4,2025-04-29 09:36:56,,10,4
1848385373290487,1280664274290487,2023,40,1,23,180.0,2.0,1,LIGUS2,1,LIGUS2,1,2025-04-29 09:36:56,,10,4
1848385374290487,1280664274290487,2023,40,1,23,180.0,3.0,1,LIGUS2,1,LIGUS2,2,2025-04-29 09:36:56,,10,4
1848385375290487,1280664274290487,2023,40,1,23,180.0,1.0,1,LOJA,1,LOJA,1,2025-04-29 09:36:56,,10,4
1848385376290487,1280664274290487,2023,40,1,23,180.0,2.0,1,LOJA,1,LOJA,1,2025-04-29 09:36:56,,10,4
1848385382290487,1280664275290487,2023,40,1,23,138.0,1.0,1,LIGUS2,1,LIGUS2,95,2025-04-29 09:36:57,,10,4
1848385383290487,1280664275290487,2023,40,1,23,138.0,2.0,1,LIGUS2,1,LIGUS2,95,2025-04-29 09:36:57,,10,4
1848385384290487,1280664275290487,2023,40,1,23,138.0,3.0,1,LIGUS2,1,LIGUS2,95,2025-04-29 09:36:57,,10,4
1848385385290487,1280664275290487,2023,40,1,23,138.0,4.0,1,LIGUS2,1,LIGUS2,20,2025-04-29 09:36:57,,10,4
1848385386290487,1280664275290487,2023,40,1,23,138.0,4.0,2,LIGUS2,1,LIGUS2,2,2025-04-29 09:36:57,,10,4
1848385387290487,1280664275290487,2023,40,1,23,138.0,1.0,1,LOJA,1,LOJA,1,2025-04-29 09:36:57,,10,4
1848385388290487,1280664275290487,2023,40,1,23,138.0,2.0,1,LOJA,1,LOJA,1,2025-04-29 09:36:57,,10,4
1848385389290487,1280664275290487,2023,40,1,23,138.0,3.0,1,LOJA,1,LOJA,4,2025-04-29 09:36:57,,10,4
1848385406290487,1280664279290487,2023,40,1,127,286.0,1.0,1,LIGUS2,1,LIGUS2,15,2025-04-29 09:36:57,,10,4
1848385407290487,1280664279290487,2023,40,1,127,286.0,2.0,1,LIGUS2,1,LIGUS2,10,2025-04-29 09:36:57,,10,4
1896912523290487,1535828772290487,2024,40,3,143,28.0,1.0,1,LIGUS2,1,LIGUS2,3,2025-11-18 09:56:16,,3,6
1896912524290487,1535828772290487,2024,40,3,143,28.0,2.0,1,LIGUS2,1,LIGUS2,10,2025-11-18 09:56:16,,3,6
1896912525290487,1535828772290487,2024,40,3,143,28.0,4.0,1,LIGUS2,1,LIGUS2,8,2025-11-18 09:56:16,,3,6
1896912526290487,1535828772290487,2024,40,3,143,28.0,1.0,1,LOJA,1,LOJA,60,2025-11-18 09:56:16,,3,6
1896912527290487,1535828772290487,2024,40,3,143,28.0,2.0,1,LOJA,1,LOJA,25,2025-11-18 09:56:16,,3,6
1896912528290487,1535828772290487,2024,40,3,143,28.0,4.0,1,LOJA,1,LOJA,20,2025-11-18 09:56:16,,3,6
1896912529290487,1535828772290487,2024,40,3,143,28.0,4.0,1,LONIC,1,LONIC,2,2025-11-18 09:56:16,,3,6
1896912530290487,1535828772290487,2024,40,3,143,28.0,1.0,1,PYCA80,1,PYCA80,3,2025-11-18 09:56:16,,3,6
1896912531290487,1535828772290487,2024,40,3,143,28.0,2.0,1,PYCA80,1,PYCA80,3,2025-11-18 09:56:16,,3,6
1896912532290487,1535828772290487,2024,40,3,143,28.0,4.0,1,PYCA80,1,PYCA80,1,2025-11-18 09:56:16,,3,6
1896912533290487,1535828772290487,2024,40,3,143,28.0,4.0,1,ROSA5,1,ROSA5,1,2025-11-18 09:56:16,,3,6
1896912556290487,1535828777290487,2024,40,3,113,149.0,3.0,1,LECU,1,LECU,40,2025-11-18 09:56:16,,3,6
1896912557290487,1535828777290487,2024,40,3,113,149.0,4.0,1,LECU,1,LECU,3,2025-11-18 09:56:16,,3,6
1896912592290487,1535828785290487,2024,40,3,117,60.0,4.0,2,LECU,1,LECU,7,2025-11-18 09:56:16,,3,6
1896912602290487,1535828787290487,2024,40,4,81,50.0,2.0,1,LECU,1,LECU,2,2025-11-18 09:56:16,,3,6
1896912644290487,1535828797290487,2024,40,4,27,37.0,2.0,2,EUFO5,1,EUFO5,90,2025-11-18 09:56:16,,3,6
1896912663290487,1535828801290487,2024,40,4,81,101.0,1.0,1,LECU,1,LECU,5,2025-11-18 09:56:17,,3,6
1896912664290487,1535828801290487,2024,40,4,81,101.0,2.0,1,LECU,1,LECU,15,2025-11-18 09:56:17,,3,6
1896912665290487,1535828801290487,2024,40,4,81,101.0,3.0,1,LECU,1,LECU,1,2025-11-18 09:56:17,,3,6
1896912666290487,1535828801290487,2024,40,4,81,101.0,4.0,1,LECU,1,LECU,2,2025-11-18 09:56:17,,3,6
1896912667290487,1535828801290487,2024,40,4,81,101.0,1.0,1,LOJA,1,LOJA,1,2025-11-18 09:56:17,,3,6
1896912668290487,1535828801290487,2024,40,4,81,101.0,2.0,1,LOJA,1,LOJA,1,2025-11-18 09:56:17,,3,6
1896912669290487,1535828801290487,2024,40,4,81,101.0,3.0,1,LOJA,1,LOJA,1,2025-11-18 09:56:17,,3,6
1896912695290487,1535828807290487,2024,40,7,47,83.0,1.0,1,LONIC,1,LONIC,65,2025-11-18 09:56:17,,3,6
1896912696290487,1535828807290487,2024,40,7,47,83.0,2.0,2,LONIC,1,LONIC,60,2025-11-18 09:56:17,,3,6
1896912697290487,1535828807290487,2024,40,7,47,83.0,3.0,1,LONIC,1,LONIC,7,2025-11-18 09:56:17,,3,6
1896912698290487,1535828807290487,2024,40,7,47,83.0,4.0,2,LONIC,1,LONIC,20,2025-11-18 09:56:17,,3,6
1896912699290487,1535828807290487,2024,40,7,47,83.0,4.0,2,PYCA80,1,PYCA80,1,2025-11-18 09:56:17,,3,6
1896912712290487,1535828810290487,2024,40,5,17,98.0,2.0,2,LECU,1,LECU,1,2025-11-18 09:56:17,,3,6
1896912822290487,1535828837290487,2024,40,4,81,46.0,2.0,1,LECU,1,LECU,30,2025-11-18 09:56:18,,3,6
1896912823290487,1535828837290487,2024,40,4,81,46.0,3.0,1,LECU,1,LECU,23,2025-11-18 09:56:18,,3,6
1896912888290487,1535828852290487,2024,40,4,49,15.0,4.0,1,LOJA,1,LOJA,1,2025-11-18 09:56:18,,3,6
1896912885290487,1535828852290487,2024,40,4,49,15.0,1.0,1,LECU,1,LECU,48,2025-11-18 09:56:18,,3,6
1896912886290487,1535828852290487,2024,40,4,49,15.0,2.0,1,LECU,1,LECU,80,2025-11-18 09:56:18,,3,6
1896912887290487,1535828852290487,2024,40,4,49,15.0,3.0,1,LOJA,1,LOJA,2,2025-11-18 09:56:18,,3,6
1896912901290487,1535828855290487,2024,40,4,125,50.0,2.0,1,ALJU,1,ALJU,5,2025-11-18 09:56:18,,3,6
1896912902290487,1535828855290487,2024,40,4,125,50.0,2.0,1,LECU,1,LECU,6,2025-11-18 09:56:18,,3,6
1896912903290487,1535828855290487,2024,40,4,125,50.0,3.0,1,LIGUS2,1,LIGUS2,2,2025-11-18 09:56:18,,3,6
1896912904290487,1535828855290487,2024,40,4,125,50.0,3.0,1,LOJA,1,LOJA,1,2025-11-18 09:56:18,,3,6
1896912905290487,1535828855290487,2024,40,4,125,50.0,4.0,1,PYCA80,1,PYCA80,20,2025-11-18 09:56:18,,3,6
1896913088290487,1535828875290487,2024,40,5,39,13.0,3.0,3,LOJA,1,LOJA,1,2025-11-18 09:56:19,,3,6
1896913206290487,1535828885290487,2024,40,4,69,2.0,3.0,2,LOJA,1,LOJA,1,2025-11-18 09:56:19,,3,6
1896913336290487,1535828886290487,2024,40,4,69,14.0,4.0,1,ALJU,1,ALJU,2,2025-11-18 09:56:19,,3,6
1896913349290487,1535828889290487,2024,40,4,63,67.0,4.0,1,LECU,1,LECU,1,2025-11-18 09:56:19,,3,6
1896913646290487,1535828938290487,2024,40,5,65,10.0,2.0,2,TAMAR2,1,TAMAR2,2,2025-11-18 09:56:20,,3,6
1535422077290487,932991591290487,2021,40,2,135,166.0,1.0,1,LIGUS2,1,LIGUS2,9,2023-12-11 17:23:51,,10,2
1535422078290487,932991591290487,2021,40,2,135,166.0,2.0,1,LIGUS2,1,LIGUS2,6,2023-12-11 17:23:51,,10,2
1535422079290487,932991591290487,2021,40,2,135,166.0,4.0,1,LIGUS2,1,LIGUS2,9,2023-12-11 17:23:51,,10,2
1535422080290487,932991591290487,2021,40,2,135,166.0,1.0,1,LOJA,1,LOJA,4,2023-12-11 17:23:51,,10,2
1535422081290487,932991591290487,2021,40,2,135,166.0,2.0,1,LOJA,1,LOJA,3,2023-12-11 17:23:51,,10,2
1535422082290487,932991591290487,2021,40,2,135,166.0,4.0,1,LOJA,1,LOJA,4,2023-12-11 17:23:51,,10,2
1535422083290487,932991591290487,2021,40,2,135,166.0,1.0,1,ROSA5,1,ROSA5,1,2023-12-11 17:23:51,,10,2
1535422084290487,932991591290487,2021,40,2,135,166.0,2.0,1,ROSA5,1,ROSA5,1,2023-12-11 17:23:51,,10,2
1535422085290487,932991591290487,2021,40,2,135,166.0,4.0,1,ROSA5,1,ROSA5,1,2023-12-11 17:23:51,,10,2
1535422180290487,932991595290487,2021,40,1,61,115.0,3.0,1,LIGUS2,1,LIGUS2,5,2023-12-11 17:23:51,,10,2
1535422181290487,932991595290487,2021,40,1,61,115.0,1.0,1,ROSA5,1,ROSA5,1,2023-12-11 17:23:51,,10,2
1535422195290487,932991598290487,2021,40,2,1,91.0,4.0,2,AIAL,1,AIAL,1,2023-12-11 17:23:51,,10,2
1535422204290487,932991600290487,2021,40,2,1,101.0,1.0,1,LECU,1,LECU,1,2023-12-11 17:23:51,,10,2
1535422221290487,932991603290487,2021,40,2,21,128.0,2.0,1,EUFO5,1,EUFO5,1,2023-12-11 17:23:51,,10,2
1535422222290487,932991603290487,2021,40,2,21,128.0,2.0,1,PYCA80,1,PYCA80,1,2023-12-11 17:23:51,,10,2
1535422228290487,932991604290487,2021,40,1,127,164.0,1.0,1,LIGUS2,1,LIGUS2,2,2023-12-11 17:23:51,,10,2
1535422229290487,932991604290487,2021,40,1,127,164.0,3.0,1,LOJA,1,LOJA,6,2023-12-11 17:23:51,,10,2
1535422243290487,932991607290487,2021,40,1,23,120.0,4.0,2,LOJA,1,LOJA,1,2023-12-11 17:23:51,,10,2
1535422271290487,932991613290487,2021,40,1,127,165.0,1.0,1,LIGUS2,1,LIGUS2,2,2023-12-11 17:23:52,,10,2
1535422272290487,932991613290487,2021,40,1,127,165.0,3.0,2,LIGUS2,1,LIGUS2,25,2023-12-11 17:23:52,,10,2
1535422273290487,932991613290487,2021,40,1,127,165.0,1.0,1,LOJA,1,LOJA,2,2023-12-11 17:23:52,,10,2
1535422274290487,932991613290487,2021,40,1,127,165.0,2.0,1,LOJA,1,LOJA,1,2023-12-11 17:23:52,,10,2
1896916265290487,1535826322290487,2024,40,1,127,177.0,2.0,1,LECU,1,LECU,2,2025-11-18 09:56:34,,10,5
1896916283290487,1535826326290487,2024,40,1,61,142.0,4.0,1,LECU,1,LECU,4,2025-11-18 09:56:34,,10,5
1896916320290487,1535826335290487,2024,40,2,91,103.0,1.0,1,LIGUS2,1,LIGUS2,1,2025-11-18 09:56:34,,10,5
1896916321290487,1535826335290487,2024,40,2,91,103.0,3.0,1,LIGUS2,1,LIGUS2,6,2025-11-18 09:56:34,,10,5
1896916322290487,1535826335290487,2024,40,2,91,103.0,1.0,1,LOJA,1,LOJA,12,2025-11-18 09:56:34,,10,5
1896916323290487,1535826335290487,2024,40,2,91,103.0,3.0,1,LOJA,1,LOJA,3,2025-11-18 09:56:34,,10,5
1896916324290487,1535826335290487,2024,40,2,91,103.0,4.0,1,LOJA,1,LOJA,33,2025-11-18 09:56:34,,10,5
1896916325290487,1535826335290487,2024,40,2,91,103.0,4.0,1,ROSA5,1,ROSA5,6,2025-11-18 09:56:34,,10,5
1896916354290487,1535826342290487,2024,40,1,5,166.0,1.0,1,LECU,1,LECU,1,2025-11-18 09:56:34,,10,5
1896916355290487,1535826342290487,2024,40,1,5,166.0,3.0,1,LECU,1,LECU,1,2025-11-18 09:56:34,,10,5
1896916360290487,1535826343290487,2024,40,1,5,168.0,1.0,1,LECU,1,LECU,2,2025-11-18 09:56:34,,10,5
1896916361290487,1535826343290487,2024,40,1,5,168.0,4.0,1,LECU,1,LECU,2,2025-11-18 09:56:34,,10,5
1896916362290487,1535826343290487,2024,40,1,5,168.0,4.0,1,LIGUS2,1,LIGUS2,1,2025-11-18 09:56:34,,10,5
1896916363290487,1535826343290487,2024,40,1,5,168.0,4.0,1,ROSA5,1,ROSA5,1,2025-11-18 09:56:34,,10,5
1896916368290487,1535826344290487,2024,40,2,91,169.0,1.0,1,LECU,1,LECU,25,2025-11-18 09:56:35,,10,5
1896916369290487,1535826344290487,2024,40,2,91,169.0,2.0,1,LECU,1,LECU,12,2025-11-18 09:56:35,,10,5
1896916370290487,1535826344290487,2024,40,2,91,169.0,4.0,1,LECU,1,LECU,50,2025-11-18 09:56:35,,10,5
1896916375290487,1535826345290487,2024,40,2,91,137.0,4.0,1,LECU,1,LECU,1,2025-11-18 09:56:35,,10,5
1896915822290487,1535826252290487,2024,40,1,77,117.0,3.0,2,LECU,1,LECU,1,2025-11-18 09:56:31,,10,5
1896915831290487,1535826254290487,2024,40,1,77,149.0,1.0,1,LECU,1,LECU,1,2025-11-18 09:56:31,,10,5
1896915836290487,1535826255290487,2024,40,2,21,107.0,1.0,1,LECU,1,LECU,5,2025-11-18 09:56:31,,10,5
1896915837290487,1535826255290487,2024,40,2,21,107.0,3.0,1,LECU,1,LECU,4,2025-11-18 09:56:31,,10,5
1896915838290487,1535826255290487,2024,40,2,21,107.0,4.0,1,LECU,1,LECU,3,2025-11-18 09:56:31,,10,5
1896916376290487,1535826345290487,2024,40,2,91,137.0,1.0,1,LESPE,1,LESPE,2,2025-11-18 09:56:35,,10,5
1896916534290487,1535826351290487,2024,40,2,135,94.0,1.0,1,LECU,1,LECU,1,2025-11-18 09:56:35,,10,5
1896916535290487,1535826351290487,2024,40,2,135,94.0,2.0,1,LECU,1,LECU,1,2025-11-18 09:56:35,,10,5
1896916536290487,1535826351290487,2024,40,2,135,94.0,3.0,1,LECU,1,LECU,2,2025-11-18 09:56:35,,10,5
1896916537290487,1535826351290487,2024,40,2,135,94.0,4.0,1,LECU,1,LECU,1,2025-11-18 09:56:35,,10,5
1896916538290487,1535826351290487,2024,40,2,135,94.0,1.0,1,LIGUS2,1,LIGUS2,1,2025-11-18 09:56:35,,10,5
1896916539290487,1535826351290487,2024,40,2,135,94.0,2.0,1,LIGUS2,1,LIGUS2,1,2025-11-18 09:56:35,,10,5
1896916552290487,1535826354290487,2024,40,1,79,343.0,3.0,1,LECU,1,LECU,4,2025-11-18 09:56:35,,10,5
1896916553290487,1535826354290487,2024,40,1,79,343.0,4.0,2,LECU,1,LECU,3,2025-11-18 09:56:35,,10,5
1896916562290487,1535826356290487,2024,40,1,79,272.0,2.0,1,LECU,1,LECU,2,2025-11-18 09:56:35,,10,5
1896916567290487,1535826357290487,2024,40,1,79,249.0,2.0,1,LECU,1,LECU,2,2025-11-18 09:56:35,,10,5
1896916568290487,1535826357290487,2024,40,1,79,249.0,3.0,1,LECU,1,LECU,2,2025-11-18 09:56:35,,10,5
1896916578290487,1535826359290487,2024,40,1,89,325.0,2.0,1,ALJU,1,ALJU,4,2025-11-18 09:56:35,,10,5
1896916599290487,1535826364290487,2024,40,1,79,219.0,3.0,1,LIGUS2,1,LIGUS2,2,2025-11-18 09:56:36,,10,5
1896916600290487,1535826364290487,2024,40,1,79,219.0,4.0,1,LIGUS2,1,LIGUS2,1,2025-11-18 09:56:36,,10,5
1896916601290487,1535826364290487,2024,40,1,79,219.0,2.0,1,POTR4,1,POTR4,4,2025-11-18 09:56:36,,10,5
1896916615290487,1535826367290487,2024,40,1,61,128.0,3.0,2,LECU,1,LECU,2,2025-11-18 09:56:36,,10,5
1896916678290487,1535826382290487,2024,40,2,91,152.0,3.0,1,LECU,1,LECU,5,2025-11-18 09:56:36,,10,5
1896916713290487,1535826390290487,2024,40,1,121,155.0,3.0,2,LECU,1,LECU,3,2025-11-18 09:56:36,,10,5
1896916831290487,1535826394290487,2024,40,1,5,202.0,1.0,1,LECU,1,LECU,85,2025-11-18 09:56:37,,10,5
1896916832290487,1535826394290487,2024,40,1,5,202.0,4.0,1,LECU,1,LECU,85,2025-11-18 09:56:37,,10,5
1896916849290487,1535826398290487,2024,40,2,91,159.0,3.0,2,LECU,1,LECU,2,2025-11-18 09:56:37,,10,5
1896916905290487,1535826399290487,2024,40,1,121,244.0,1.0,1,LECU,1,LECU,3,2025-11-18 09:56:37,,10,5
1896916906290487,1535826399290487,2024,40,1,121,244.0,3.0,1,LECU,1,LECU,1,2025-11-18 09:56:37,,10,5
1896916907290487,1535826399290487,2024,40,1,121,244.0,1.0,1,ROSA5,1,ROSA5,1,2025-11-18 09:56:37,,10,5
1896916920290487,1535826402290487,2024,40,2,91,90.0,4.0,1,LECU,1,LECU,2,2025-11-18 09:56:37,,10,5
1685241836290487,946083629290487,2022,40,2,101,107.0,2.0,1,LIGUS2,1,LIGUS2,4,2024-10-18 09:39:58,,10,3
1685241837290487,946083629290487,2022,40,2,101,107.0,3.0,1,LIGUS2,1,LIGUS2,2,2024-10-18 09:39:58,,10,3
1685241838290487,946083629290487,2022,40,2,101,107.0,4.0,1,LIGUS2,1,LIGUS2,2,2024-10-18 09:39:58,,10,3
1685241839290487,946083629290487,2022,40,2,101,107.0,3.0,1,LOJA,1,LOJA,1,2024-10-18 09:39:58,,10,3
1685241840290487,946083629290487,2022,40,2,101,107.0,2.0,1,ROSA5,1,ROSA5,3,2024-10-18 09:39:58,,10,3
1685241845290487,946083630290487,2022,40,1,23,137.0,1.0,1,LIGUS2,1,LIGUS2,2,2024-10-18 09:39:58,,10,3
1685241846290487,946083630290487,2022,40,1,23,137.0,2.0,1,LIGUS2,1,LIGUS2,1,2024-10-18 09:39:58,,10,3
1685241847290487,946083630290487,2022,40,1,23,137.0,3.0,1,LIGUS2,1,LIGUS2,4,2024-10-18 09:39:58,,10,3
1685241848290487,946083630290487,2022,40,1,23,137.0,4.0,1,LIGUS2,1,LIGUS2,3,2024-10-18 09:39:58,,10,3
1685241849290487,946083630290487,2022,40,1,23,137.0,4.0,1,PYCA80,1,PYCA80,30,2024-10-18 09:39:58,,10,3
1896916235290487,1535826315290487,2024,40,1,77,135.0,4.0,2,LECU,1,LECU,1,2025-11-18 09:56:33,,10,5
1685241884290487,946083638290487,2022,40,2,135,161.0,1.0,1,LECU,1,LECU,2,2024-10-18 09:39:58,,10,3
1685241885290487,946083638290487,2022,40,2,135,161.0,3.0,1,LECU,1,LECU,1,2024-10-18 09:39:58,,10,3
1685241886290487,946083638290487,2022,40,2,135,161.0,4.0,2,LIGUS2,1,LIGUS2,1,2024-10-18 09:39:58,,10,3
1685241904290487,946083642290487,2022,40,2,135,123.0,1.0,1,LIGUS2,1,LIGUS2,5,2024-10-18 09:39:58,,10,3
1685241905290487,946083642290487,2022,40,2,135,123.0,2.0,1,LIGUS2,1,LIGUS2,3,2024-10-18 09:39:58,,10,3
1685241906290487,946083642290487,2022,40,2,135,123.0,3.0,1,LIGUS2,1,LIGUS2,1,2024-10-18 09:39:58,,10,3
1685241907290487,946083642290487,2022,40,2,135,123.0,4.0,1,LIGUS2,1,LIGUS2,4,2024-10-18 09:39:58,,10,3
1685241908290487,946083642290487,2022,40,2,135,123.0,1.0,1,LOJA,1,LOJA,3,2024-10-18 09:39:58,,10,3
1685241909290487,946083642290487,2022,40,2,135,123.0,2.0,1,LOJA,1,LOJA,2,2024-10-18 09:39:58,,10,3
1685241910290487,946083642290487,2022,40,2,135,123.0,3.0,1,LOJA,1,LOJA,3,2024-10-18 09:39:58,,10,3
1685241911290487,946083642290487,2022,40,2,135,123.0,4.0,1,LOJA,1,LOJA,3,2024-10-18 09:39:58,,10,3
1685241934290487,946083647290487,2022,40,2,1,117.0,1.0,1,LIGUS2,1,LIGUS2,3,2024-10-18 09:39:58,,10,3
1685241935290487,946083647290487,2022,40,2,1,117.0,1.0,1,ROSA5,1,ROSA5,2,2024-10-18 09:39:58,,10,3
1685241952290487,946083651290487,2022,40,1,89,386.0,1.0,1,LIGUS2,1,LIGUS2,17,2024-10-18 09:39:58,,10,3
1685241953290487,946083651290487,2022,40,1,89,386.0,2.0,1,LIGUS2,1,LIGUS2,30,2024-10-18 09:39:58,,10,3
1685241954290487,946083651290487,2022,40,1,89,386.0,3.0,1,LIGUS2,1,LIGUS2,15,2024-10-18 09:39:58,,10,3
1685241955290487,946083651290487,2022,40,1,89,386.0,4.0,1,LIGUS2,1,LIGUS2,13,2024-10-18 09:39:58,,10,3
1685241956290487,946083651290487,2022,40,1,89,386.0,4.0,1,LOJA,1,LOJA,1,2024-10-18 09:39:58,,10,3
1685242065290487,946083653290487,2022,40,1,89,408.0,2.0,1,LIGUS2,1,LIGUS2,10,2024-10-18 09:39:59,,10,3
1685242074290487,946083655290487,2022,40,1,89,231.0,1.0,1,LIGUS2,1,LIGUS2,12,2024-10-18 09:39:59,,10,3
1685242075290487,946083655290487,2022,40,1,89,231.0,4.0,1,LIGUS2,1,LIGUS2,15,2024-10-18 09:39:59,,10,3
1685242076290487,946083655290487,2022,40,1,89,231.0,1.0,1,LOJA,1,LOJA,4,2024-10-18 09:39:59,,10,3
1685242077290487,946083655290487,2022,40,1,89,231.0,2.0,1,LOJA,1,LOJA,10,2024-10-18 09:39:59,,10,3
1685242078290487,946083655290487,2022,40,1,89,231.0,3.0,1,LOJA,1,LOJA,4,2024-10-18 09:39:59,,10,3
1685242079290487,946083655290487,2022,40,1,89,231.0,4.0,1,LOJA,1,LOJA,3,2024-10-18 09:39:59,,10,3
1685242085290487,946083656290487,2022,40,1,89,285.0,1.0,1,LOJA,1,LOJA,2,2024-10-18 09:39:59,,10,3
1685242086290487,946083656290487,2022,40,1,89,285.0,2.0,1,LOJA,1,LOJA,2,2024-10-18 09:39:59,,10,3
1685242087290487,946083656290487,2022,40,1,89,285.0,3.0,1,LOJA,1,LOJA,2,2024-10-18 09:39:59,,10,3
1685242088290487,946083656290487,2022,40,1,89,285.0,3.0,2,LOJA,1,LOJA,1,2024-10-18 09:39:59,,10,3
1685242089290487,946083656290487,2022,40,1,89,285.0,4.0,1,LOJA,1,LOJA,4,2024-10-18 09:39:59,,10,3
1685242114290487,946083662290487,2022,40,1,127,270.0,1.0,1,LECU,1,LECU,5,2024-10-18 09:39:59,,10,3
1685242115290487,946083662290487,2022,40,1,127,270.0,3.0,1,LECU,1,LECU,1,2024-10-18 09:39:59,,10,3
1685242116290487,946083662290487,2022,40,1,127,270.0,4.0,1,LECU,1,LECU,1,2024-10-18 09:39:59,,10,3
1685242117290487,946083662290487,2022,40,1,127,270.0,3.0,1,LIGUS2,1,LIGUS2,1,2024-10-18 09:39:59,,10,3
1685242118290487,946083662290487,2022,40,1,127,270.0,4.0,1,LIGUS2,1,LIGUS2,1,2024-10-18 09:39:59,,10,3
1685242124290487,946083663290487,2022,40,1,127,240.0,1.0,1,LECU,1,LECU,1,2024-10-18 09:39:59,,10,3
1685242125290487,946083663290487,2022,40,1,127,240.0,2.0,1,LECU,1,LECU,1,2024-10-18 09:39:59,,10,3
1685242126290487,946083663290487,2022,40,1,127,240.0,3.0,1,LECU,1,LECU,1,2024-10-18 09:39:59,,10,3
1685242127290487,946083663290487,2022,40,1,127,240.0,4.0,1,LECU,1,LECU,1,2024-10-18 09:39:59,,10,3
1685242128290487,946083663290487,2022,40,1,127,240.0,1.0,1,LESPE,1,LESPE,1,2024-10-18 09:39:59,,10,3
1685242129290487,946083663290487,2022,40,1,127,240.0,2.0,1,LESPE,1,LESPE,1,2024-10-18 09:39:59,,10,3
1685242130290487,946083663290487,2022,40,1,127,240.0,3.0,1,LESPE,1,LESPE,3,2024-10-18 09:39:59,,10,3
1685242131290487,946083663290487,2022,40,1,127,240.0,4.0,1,LESPE,1,LESPE,1,2024-10-18 09:39:59,,10,3
1685242264290487,946083664290487,2022,40,1,127,265.0,2.0,2,LECU,1,LECU,1,2024-10-18 09:39:59,,10,3
1685242265290487,946083664290487,2022,40,1,127,265.0,3.0,3,LECU,1,LECU,1,2024-10-18 09:39:59,,10,3
1685242266290487,946083664290487,2022,40,1,127,265.0,4.0,2,LOJA,1,LOJA,2,2024-10-18 09:39:59,,10,3
1685242275290487,946083666290487,2022,40,1,127,296.0,3.0,1,LECU,1,LECU,1,2024-10-18 09:39:59,,10,3
1685242286290487,946083668290487,2022,40,1,127,214.0,1.0,1,LECU,1,LECU,1,2024-10-18 09:39:59,,10,3
1685242287290487,946083668290487,2022,40,1,127,214.0,4.0,1,LECU,1,LECU,1,2024-10-18 09:39:59,,10,3
1685242288290487,946083668290487,2022,40,1,127,214.0,4.0,3,LECU,1,LECU,1,2024-10-18 09:39:59,,10,3
1685242405290487,946083672290487,2022,40,1,77,90.0,1.0,1,LECU,1,LECU,30,2024-10-18 09:40:00,,10,3
1685242414290487,946083674290487,2022,40,2,21,171.0,3.0,3,LECU,1,LECU,6,2024-10-18 09:40:00,,10,3
1685242427290487,946083677290487,2022,40,2,91,142.0,3.0,1,LECU,1,LECU,1,2024-10-18 09:40:00,,10,3
1685242428290487,946083677290487,2022,40,2,91,142.0,4.0,1,LOJA,1,LOJA,1,2024-10-18 09:40:00,,10,3
1685242433290487,946083678290487,2022,40,2,91,131.0,4.0,1,ALJU,1,ALJU,3,2024-10-18 09:40:00,,10,3
1685242434290487,946083678290487,2022,40,2,91,131.0,1.0,1,LECU,1,LECU,3,2024-10-18 09:40:00,,10,3
1685242576290487,946083707290487,2022,40,1,79,199.0,4.0,2,LOJA,1,LOJA,2,2024-10-18 09:40:01,,10,3
1685242589290487,946083710290487,2022,40,1,79,224.0,2.0,1,LECU,1,LECU,1,2024-10-18 09:40:01,,10,3
1685242590290487,946083710290487,2022,40,1,79,224.0,4.0,1,LECU,1,LECU,5,2024-10-18 09:40:01,,10,3
1685242591290487,946083710290487,2022,40,1,79,224.0,2.0,1,LIGUS2,1,LIGUS2,20,2024-10-18 09:40:01,,10,3
1685242592290487,946083710290487,2022,40,1,79,224.0,4.0,1,LIGUS2,1,LIGUS2,2,2024-10-18 09:40:01,,10,3
1685242597290487,946083711290487,2022,40,1,79,271.0,1.0,1,LECU,1,LECU,2,2024-10-18 09:40:01,,10,3
1685242653290487,946083721290487,2022,40,2,101,176.0,3.0,1,LIGUS2,1,LIGUS2,1,2024-10-18 09:40:03,,10,3
1685242654290487,946083721290487,2022,40,2,101,176.0,1.0,1,ROSA5,1,ROSA5,1,2024-10-18 09:40:03,,10,3
1685242692290487,946083730290487,2022,40,2,97,131.0,1.0,1,ALJU,1,ALJU,20,2024-10-18 09:40:06,,10,3
1685242693290487,946083730290487,2022,40,2,97,131.0,1.0,1,LECU,1,LECU,20,2024-10-18 09:40:06,,10,3
1685242722290487,946083737290487,2022,40,1,5,126.0,1.0,1,LECU,1,LECU,37,2024-10-18 09:40:06,,10,3
1685242723290487,946083737290487,2022,40,1,5,126.0,2.0,1,LECU,1,LECU,10,2024-10-18 09:40:06,,10,3
1685242724290487,946083737290487,2022,40,1,5,126.0,3.0,1,LECU,1,LECU,4,2024-10-18 09:40:06,,10,3
1685242725290487,946083737290487,2022,40,1,5,126.0,4.0,1,LECU,1,LECU,10,2024-10-18 09:40:06,,10,3
1685242738290487,946083740290487,2022,40,1,5,160.0,1.0,1,LECU,1,LECU,1,2024-10-18 09:40:06,,10,3
1685242739290487,946083740290487,2022,40,1,5,160.0,2.0,1,LECU,1,LECU,2,2024-10-18 09:40:06,,10,3
1685242740290487,946083740290487,2022,40,1,5,160.0,3.0,1,LECU,1,LECU,1,2024-10-18 09:40:06,,10,3
1685242741290487,946083740290487,2022,40,1,5,160.0,4.0,1,LECU,1,LECU,1,2024-10-18 09:40:06,,10,3
1685242750290487,946083742290487,2022,40,1,5,180.0,1.0,1,LECU,1,LECU,1,2024-10-18 09:40:07,,10,3
1685242751290487,946083742290487,2022,40,1,5,180.0,4.0,1,LECU,1,LECU,1,2024-10-18 09:40:07,,10,3
1685242764290487,946083745290487,2022,40,2,91,168.0,1.0,1,LECU,1,LECU,45,2024-10-18 09:40:07,,10,3
1685242765290487,946083745290487,2022,40,2,91,168.0,2.0,1,LECU,1,LECU,10,2024-10-18 09:40:07,,10,3
1685242766290487,946083745290487,2022,40,2,91,168.0,3.0,1,LECU,1,LECU,25,2024-10-18 09:40:07,,10,3
1685242767290487,946083745290487,2022,40,2,91,168.0,4.0,1,LECU,1,LECU,10,2024-10-18 09:40:07,,10,3
1685242785290487,946083749290487,2022,40,1,121,262.0,4.0,2,LECU,1,LECU,3,2024-10-18 09:40:07,,10,3
1685242790290487,946083750290487,2022,40,1,121,185.0,2.0,1,LECU,1,LECU,1,2024-10-18 09:40:07,,10,3
1685242791290487,946083750290487,2022,40,1,121,185.0,4.0,1,LECU,1,LECU,2,2024-10-18 09:40:07,,10,3
1685242816290487,946083756290487,2022,40,1,13,119.0,4.0,1,LECU,1,LECU,2,2024-10-18 09:40:07,,10,3
1896917231290487,1535826443290487,2024,40,1,29,74.0,4.0,1,LECU,1,LECU,2,2025-11-18 09:56:38,,10,5
1896917254290487,1535826448290487,2024,40,1,127,262.0,1.0,2,LECU,1,LECU,2,2025-11-18 09:56:38,,10,5
1896917255290487,1535826448290487,2024,40,1,127,262.0,2.0,2,LECU,1,LECU,1,2025-11-18 09:56:38,,10,5
1896917256290487,1535826448290487,2024,40,1,127,262.0,4.0,2,LECU,1,LECU,10,2025-11-18 09:56:38,,10,5
1896917257290487,1535826448290487,2024,40,1,127,262.0,1.0,2,LOJA,1,LOJA,5,2025-11-18 09:56:38,,10,5
1896917258290487,1535826448290487,2024,40,1,127,262.0,2.0,2,LOJA,1,LOJA,1,2025-11-18 09:56:38,,10,5
1896917259290487,1535826448290487,2024,40,1,127,262.0,4.0,2,LOJA,1,LOJA,8,2025-11-18 09:56:38,,10,5
1896917272290487,1535826451290487,2024,40,1,23,151.0,2.0,1,LECU,1,LECU,25,2025-11-18 09:56:38,,10,5
1896917273290487,1535826451290487,2024,40,1,23,151.0,3.0,1,LECU,1,LECU,40,2025-11-18 09:56:38,,10,5
1896917322290487,1535828551290487,2024,40,4,87,54.0,2.0,2,LECU,1,LECU,2,2025-11-18 09:56:39,,3,6
1896917323290487,1535828551290487,2024,40,4,87,54.0,4.0,2,LECU,1,LECU,7,2025-11-18 09:56:39,,3,6
1896917392290487,1535828555290487,2024,40,3,113,95.0,1.0,1,LECU,1,LECU,3,2025-11-18 09:56:39,,3,6
1896917393290487,1535828555290487,2024,40,3,113,95.0,2.0,1,LECU,1,LECU,1,2025-11-18 09:56:39,,3,6
1896917394290487,1535828555290487,2024,40,3,113,95.0,3.0,1,LECU,1,LECU,8,2025-11-18 09:56:39,,3,6
1896917395290487,1535828555290487,2024,40,3,113,95.0,4.0,1,LECU,1,LECU,1,2025-11-18 09:56:39,,3,6
1896917400290487,1535828556290487,2024,40,3,113,110.0,3.0,1,LECU,1,LECU,1,2025-11-18 09:56:39,,3,6
1896917405290487,1535828557290487,2024,40,3,113,114.0,2.0,1,LIGUS2,1,LIGUS2,1,2025-11-18 09:56:39,,3,6
1896917406290487,1535828557290487,2024,40,3,113,114.0,1.0,1,LOJA,1,LOJA,1,2025-11-18 09:56:39,,3,6
1896917483290487,1535828576290487,2024,40,4,107,52.0,2.0,1,LIGUS2,1,LIGUS2,1,2025-11-18 09:56:40,,3,6
1896917489290487,1535828577290487,2024,40,4,107,55.0,1.0,1,LECU,1,LECU,18,2025-11-18 09:56:40,,3,6
1896917490290487,1535828577290487,2024,40,4,107,55.0,2.0,1,LECU,1,LECU,1,2025-11-18 09:56:40,,3,6
1896917491290487,1535828577290487,2024,40,4,107,55.0,4.0,1,LECU,1,LECU,1,2025-11-18 09:56:40,,3,6
1896917496290487,1535828578290487,2024,40,4,133,8.0,1.0,1,LECU,1,LECU,20,2025-11-18 09:56:40,,3,6
1896917497290487,1535828578290487,2024,40,4,133,8.0,2.0,1,LECU,1,LECU,2,2025-11-18 09:56:40,,3,6
1896917498290487,1535828578290487,2024,40,4,133,8.0,1.0,1,LIGUS2,1,LIGUS2,1,2025-11-18 09:56:40,,3,6
1896917499290487,1535828578290487,2024,40,4,133,8.0,2.0,1,LIGUS2,1,LIGUS2,1,2025-11-18 09:56:40,,3,6
1896917500290487,1535828578290487,2024,40,4,133,8.0,4.0,1,LIGUS2,1,LIGUS2,3,2025-11-18 09:56:40,,3,6
1896917501290487,1535828578290487,2024,40,4,133,8.0,1.0,1,LOJA,1,LOJA,5,2025-11-18 09:56:40,,3,6
1896917502290487,1535828578290487,2024,40,4,133,8.0,2.0,1,LOJA,1,LOJA,2,2025-11-18 09:56:40,,3,6
1896917503290487,1535828578290487,2024,40,4,133,8.0,4.0,1,LOJA,1,LOJA,1,2025-11-18 09:56:40,,3,6
1896917517290487,1535828581290487,2024,40,3,117,7.0,2.0,2,LIGUS2,1,LIGUS2,7,2025-11-18 09:56:40,,3,6
1896917526290487,1535828583290487,2024,40,3,37,48.0,2.0,1,LECU,1,LECU,1,2025-11-18 09:56:40,,3,6
1896917527290487,1535828583290487,2024,40,3,37,48.0,4.0,1,LECU,1,LECU,2,2025-11-18 09:56:40,,3,6
1896917600290487,1535828601290487,2024,40,4,123,52.0,2.0,1,LECU,1,LECU,2,2025-11-18 09:56:40,,3,6
1896917606290487,1535828602290487,2024,40,4,123,57.0,3.0,1,LIGUS2,1,LIGUS2,1,2025-11-18 09:56:40,,3,6
1896917619290487,1535828605290487,2024,40,4,133,19.0,1.0,1,LIGUS2,1,LIGUS2,3,2025-11-18 09:56:40,,3,6
1896917620290487,1535828605290487,2024,40,4,133,19.0,2.0,1,LIGUS2,1,LIGUS2,2,2025-11-18 09:56:40,,3,6
1896917621290487,1535828605290487,2024,40,4,133,19.0,3.0,1,LIGUS2,1,LIGUS2,7,2025-11-18 09:56:40,,3,6
1896917622290487,1535828605290487,2024,40,4,133,19.0,4.0,1,LIGUS2,1,LIGUS2,8,2025-11-18 09:56:40,,3,6
1896917623290487,1535828605290487,2024,40,4,133,19.0,1.0,1,LOJA,1,LOJA,27,2025-11-18 09:56:40,,3,6
1896917624290487,1535828605290487,2024,40,4,133,19.0,2.0,1,LOJA,1,LOJA,10,2025-11-18 09:56:40,,3,6
1896917625290487,1535828605290487,2024,40,4,133,19.0,3.0,1,LOJA,1,LOJA,15,2025-11-18 09:56:40,,3,6
1896917626290487,1535828605290487,2024,40,4,133,19.0,4.0,1,LOJA,1,LOJA,12,2025-11-18 09:56:40,,3,6
1896917632290487,1535828606290487,2024,40,4,133,23.0,2.0,2,LECU,1,LECU,2,2025-11-18 09:56:40,,3,6
1896917641290487,1535828608290487,2024,40,4,133,41.0,3.0,1,LECU,1,LECU,1,2025-11-18 09:56:41,,3,6
1896917642290487,1535828608290487,2024,40,4,133,41.0,4.0,1,LECU,1,LECU,2,2025-11-18 09:56:41,,3,6
1896917643290487,1535828608290487,2024,40,4,133,41.0,3.0,1,LIGUS2,1,LIGUS2,1,2025-11-18 09:56:41,,3,6
1294875378290487,821947609290487,2020,40,1,23,150.0,4.0,1,LIGUS2,1,LIGUS2,1,2023-03-21 10:43:22,,10,1
1294875379290487,821947609290487,2020,40,1,23,150.0,1.0,1,LOJA,1,LOJA,3,2023-03-21 10:43:22,,10,1
1294875380290487,821947609290487,2020,40,1,23,150.0,2.0,1,LOJA,1,LOJA,10,2023-03-21 10:43:22,,10,1
1294875381290487,821947609290487,2020,40,1,23,150.0,3.0,1,LOJA,1,LOJA,1,2023-03-21 10:43:22,,10,1
1294875382290487,821947609290487,2020,40,1,23,150.0,4.0,1,LOJA,1,LOJA,4,2023-03-21 10:43:22,,10,1
1294875395290487,821947612290487,2020,40,1,23,155.0,1.0,1,LIGUS2,1,LIGUS2,1,2023-03-21 10:43:22,,10,1
1294875396290487,821947612290487,2020,40,1,23,155.0,2.0,1,LIGUS2,1,LIGUS2,1,2023-03-21 10:43:22,,10,1
1294875397290487,821947612290487,2020,40,1,23,155.0,3.0,1,LIGUS2,1,LIGUS2,1,2023-03-21 10:43:22,,10,1
1294875398290487,821947612290487,2020,40,1,23,155.0,4.0,1,LIGUS2,1,LIGUS2,2,2023-03-21 10:43:22,,10,1
1294875454290487,821947625290487,2020,40,1,23,185.0,1.0,1,LOJA,1,LOJA,11,2023-03-21 10:43:23,,10,1
1294875467290487,821947628290487,2020,40,2,135,155.0,3.0,1,LECU,1,LECU,1,2023-03-21 10:43:23,,10,1
1294875472290487,821947629290487,2020,40,2,135,111.0,1.0,1,LIGUS2,1,LIGUS2,1,2023-03-21 10:43:23,,10,1
1294875473290487,821947629290487,2020,40,2,135,111.0,3.0,1,LIGUS2,1,LIGUS2,1,2023-03-21 10:43:23,,10,1
1294875474290487,821947629290487,2020,40,2,135,111.0,4.0,1,LIGUS2,1,LIGUS2,1,2023-03-21 10:43:23,,10,1
1294875475290487,821947629290487,2020,40,2,135,111.0,2.0,1,ROSA5,1,ROSA5,1,2023-03-21 10:43:23,,10,1
1294875476290487,821947629290487,2020,40,2,135,111.0,3.0,1,ROSA5,1,ROSA5,2,2023-03-21 10:43:23,,10,1
1294875477290487,821947629290487,2020,40,2,135,111.0,4.0,1,ROSA5,1,ROSA5,1,2023-03-21 10:43:23,,10,1
1294875599290487,821947634290487,2020,40,2,135,129.0,1.0,1,LECU,1,LECU,1,2023-03-21 10:43:23,,10,1
1294875600290487,821947634290487,2020,40,2,135,129.0,3.0,1,LECU,1,LECU,1,2023-03-21 10:43:23,,10,1
1294875601290487,821947634290487,2020,40,2,135,129.0,2.0,1,LIGUS2,1,LIGUS2,1,2023-03-21 10:43:23,,10,1
921851506290487,708732071290487,2019,40,3,113,219.0,4.0,1,ROSA5,1,ROSA5,1,2021-10-27 05:10:24,,3,1
921851516290487,708732073290487,2019,40,4,109,27.0,4.0,1,LIGUS2,1,LIGUS2,1,2021-10-27 05:10:24,,3,1
921851522290487,708732074290487,2019,40,4,27,22.0,3.0,1,LECU,1,LECU,1,2021-10-27 05:10:24,,3,1
921851733290487,708732113290487,2019,40,3,145,19.0,1.0,1,LECU,1,LECU,1,2021-10-27 05:10:25,,3,1
921851734290487,708732113290487,2019,40,3,145,19.0,2.0,1,LECU,1,LECU,1,2021-10-27 05:10:25,,3,1
921851735290487,708732113290487,2019,40,3,145,19.0,1.0,1,LIGUS2,1,LIGUS2,1,2021-10-27 05:10:25,,3,1
921851736290487,708732113290487,2019,40,3,145,19.0,2.0,1,LIGUS2,1,LIGUS2,2,2021-10-27 05:10:25,,3,1
921851737290487,708732113290487,2019,40,3,145,19.0,4.0,1,LIGUS2,1,LIGUS2,3,2021-10-27 05:10:25,,3,1
921851738290487,708732113290487,2019,40,3,145,19.0,2.0,1,LOJA,1,LOJA,8,2021-10-27 05:10:25,,3,1
921851739290487,708732113290487,2019,40,3,145,19.0,4.0,1,LOJA,1,LOJA,1,2021-10-27 05:10:25,,3,1
921851745290487,708732114290487,2019,40,3,145,55.0,1.0,1,LECU,1,LECU,15,2021-10-27 05:10:25,,3,1
921851746290487,708732114290487,2019,40,3,145,55.0,2.0,1,LECU,1,LECU,2,2021-10-27 05:10:25,,3,1
921851747290487,708732114290487,2019,40,3,145,55.0,3.0,1,LECU,1,LECU,2,2021-10-27 05:10:25,,3,1
921851748290487,708732114290487,2019,40,3,145,55.0,4.0,2,LECU,1,LECU,3,2021-10-27 05:10:25,,3,1
921851749290487,708732114290487,2019,40,3,145,55.0,3.0,1,LIGUS2,1,LIGUS2,9,2021-10-27 05:10:25,,3,1
921851750290487,708732114290487,2019,40,3,145,55.0,3.0,2,LIGUS2,1,LIGUS2,1,2021-10-27 05:10:25,,3,1
921851751290487,708732114290487,2019,40,3,145,55.0,4.0,2,LIGUS2,1,LIGUS2,3,2021-10-27 05:10:25,,3,1
921851752290487,708732114290487,2019,40,3,145,55.0,3.0,1,LOJA,1,LOJA,6,2021-10-27 05:10:25,,3,1
921851753290487,708732114290487,2019,40,3,145,55.0,1.0,1,ROSA5,1,ROSA5,4,2021-10-27 05:10:25,,3,1
921851754290487,708732114290487,2019,40,3,145,55.0,2.0,1,ROSA5,1,ROSA5,3,2021-10-27 05:10:25,,3,1
921851755290487,708732114290487,2019,40,3,145,55.0,3.0,1,ROSA5,1,ROSA5,2,2021-10-27 05:10:25,,3,1
921851756290487,708732114290487,2019,40,3,145,55.0,4.0,2,ROSA5,1,ROSA5,4,2021-10-27 05:10:25,,3,1
921851765290487,708732116290487,2019,40,4,63,21.0,4.0,2,LECU,1,LECU,1,2021-10-27 05:10:25,,3,1
921851786290487,708732121290487,2019,40,4,133,63.0,3.0,1,LOJA,1,LOJA,2,2021-10-27 05:10:25,,3,1
921851787290487,708732121290487,2019,40,4,133,63.0,4.0,1,TAMAR2,1,TAMAR2,2,2021-10-27 05:10:25,,3,1
921851808290487,708732126290487,2019,40,3,37,99.0,1.0,1,LECU,1,LECU,3,2021-10-27 05:10:25,,3,1
921851829290487,708732131290487,2019,40,4,27,18.0,1.0,1,LIGUS2,1,LIGUS2,15,2021-10-27 05:10:25,,3,1
921851830290487,708732131290487,2019,40,4,27,18.0,2.0,1,LIGUS2,1,LIGUS2,23,2021-10-27 05:10:25,,3,1
921851831290487,708732131290487,2019,40,4,27,18.0,4.0,1,LIGUS2,1,LIGUS2,3,2021-10-27 05:10:25,,3,1
921851993290487,708732171290487,2019,40,4,69,5.0,1.0,1,LIGUS2,1,LIGUS2,11,2021-10-27 05:10:26,,3,1
921851994290487,708732171290487,2019,40,4,69,5.0,2.0,1,LIGUS2,1,LIGUS2,14,2021-10-27 05:10:26,,3,1
921851995290487,708732171290487,2019,40,4,69,5.0,3.0,1,LIGUS2,1,LIGUS2,45,2021-10-27 05:10:26,,3,1
921851996290487,708732171290487,2019,40,4,69,5.0,4.0,1,LIGUS2,1,LIGUS2,45,2021-10-27 05:10:26,,3,1
921851997290487,708732171290487,2019,40,4,69,5.0,3.0,1,ROSA5,1,ROSA5,2,2021-10-27 05:10:26,,3,1
921851998290487,708732171290487,2019,40,4,69,5.0,4.0,1,ROSA5,1,ROSA5,45,2021-10-27 05:10:26,,3,1
921852007290487,708732173290487,2019,40,4,69,21.0,3.0,2,LOJA,1,LOJA,8,2021-10-27 05:10:26,,3,1
921852020290487,708732176290487,2019,40,4,63,75.0,4.0,1,LECU,1,LECU,1,2021-10-27 05:10:26,,3,1
921852061290487,708732186290487,2019,40,5,75,92.0,3.0,1,LIGUS2,1,LIGUS2,7,2021-10-27 05:10:26,,3,1
921852481290487,708732289290487,2019,40,3,145,2.0,3.0,1,LECU,1,LECU,1,2021-10-27 05:10:28,,3,1
921852708290487,708732339290487,2019,40,5,43,7.0,2.0,1,LONIC,1,LONIC,3,2021-10-27 05:10:29,,3,1
921847191290487,708688424290487,2019,40,2,41,155.0,3.0,1,LECU,1,LECU,1,2021-10-27 05:10:07,,9,5
921847242290487,708688436290487,2019,40,1,23,135.0,3.0,1,LOJA,1,LOJA,2,2021-10-27 05:10:08,,9,5
921847271290487,708688443290487,2019,40,1,77,88.0,2.0,1,LECU,1,LECU,2,2021-10-27 05:10:08,,9,5
921847276290487,708688444290487,2019,40,2,21,143.0,1.0,1,LECU,1,LECU,3,2021-10-27 05:10:08,,9,5
921847277290487,708688444290487,2019,40,2,21,143.0,2.0,1,LECU,1,LECU,3,2021-10-27 05:10:08,,9,5
921847278290487,708688444290487,2019,40,2,21,143.0,3.0,1,LECU,1,LECU,1,2021-10-27 05:10:08,,9,5
921847283290487,708688445290487,2019,40,2,101,161.0,4.0,2,LIGUS2,1,LIGUS2,1,2021-10-27 05:10:08,,9,5
921847284290487,708688445290487,2019,40,2,101,161.0,4.0,2,PYCA80,1,PYCA80,8,2021-10-27 05:10:08,,9,5
921847285290487,708688445290487,2019,40,2,101,161.0,4.0,2,ROSA5,1,ROSA5,20,2021-10-27 05:10:08,,9,5
921847294290487,708688447290487,2019,40,2,21,158.0,2.0,1,AIAL,1,AIAL,1,2021-10-27 05:10:08,,9,5
921847295290487,708688447290487,2019,40,2,21,158.0,4.0,2,ROSA5,1,ROSA5,1,2021-10-27 05:10:08,,9,5
921847300290487,708688448290487,2019,40,2,135,141.0,2.0,1,LECU,1,LECU,1,2021-10-27 05:10:08,,9,5
921847405290487,708688449290487,2019,40,2,101,162.0,1.0,1,LECU,1,LECU,1,2021-10-27 05:10:08,,9,5
921847406290487,708688449290487,2019,40,2,101,162.0,1.0,1,LIGUS2,1,LIGUS2,1,2021-10-27 05:10:08,,9,5
921847407290487,708688449290487,2019,40,2,101,162.0,2.0,1,LIGUS2,1,LIGUS2,1,2021-10-27 05:10:08,,9,5
921847408290487,708688449290487,2019,40,2,101,162.0,4.0,2,LIGUS2,1,LIGUS2,1,2021-10-27 05:10:08,,9,5
921847409290487,708688449290487,2019,40,2,101,162.0,1.0,1,LOJA,1,LOJA,10,2021-10-27 05:10:08,,9,5
921847410290487,708688449290487,2019,40,2,101,162.0,2.0,1,LOJA,1,LOJA,2,2021-10-27 05:10:08,,9,5
921847411290487,708688449290487,2019,40,2,101,162.0,3.0,1,LOJA,1,LOJA,12,2021-10-27 05:10:08,,9,5
921847412290487,708688449290487,2019,40,2,101,162.0,4.0,2,LOJA,1,LOJA,30,2021-10-27 05:10:08,,9,5
921847413290487,708688449290487,2019,40,2,101,162.0,1.0,1,MIVI,1,MIVI,4,2021-10-27 05:10:08,,9,5
1535421305290487,932991461290487,2021,40,2,101,136.0,2.0,1,PYCA80,1,PYCA80,30,2023-12-11 17:23:44,,10,2
1535421306290487,932991461290487,2021,40,2,101,136.0,3.0,1,PYCA80,1,PYCA80,35,2023-12-11 17:23:44,,10,2
1535421307290487,932991461290487,2021,40,2,101,136.0,4.0,1,PYCA80,1,PYCA80,20,2023-12-11 17:23:44,,10,2
1535421308290487,932991461290487,2021,40,2,101,136.0,3.0,1,ROSA5,1,ROSA5,1,2023-12-11 17:23:44,,10,2
1535421309290487,932991461290487,2021,40,2,101,136.0,4.0,1,ROSA5,1,ROSA5,1,2023-12-11 17:23:44,,10,2
1535421336290487,932991467290487,2021,40,2,21,149.0,1.0,1,AIAL,1,AIAL,1,2023-12-11 17:23:44,,10,2
1535421337290487,932991467290487,2021,40,2,21,149.0,2.0,1,AIAL,1,AIAL,43,2023-12-11 17:23:44,,10,2
1535421338290487,932991467290487,2021,40,2,21,149.0,1.0,1,LECU,1,LECU,18,2023-12-11 17:23:44,,10,2
1535421339290487,932991467290487,2021,40,2,21,149.0,2.0,1,LECU,1,LECU,15,2023-12-11 17:23:44,,10,2
1685243732290487,946082443290487,2022,40,4,63,86.0,3.0,1,ROSA5,1,ROSA5,1,2024-10-18 09:40:20,,3,4
1685243737290487,946082444290487,2022,40,4,133,30.0,1.0,1,LIGUS2,1,LIGUS2,1,2024-10-18 09:40:20,,3,4
1685243738290487,946082444290487,2022,40,4,133,30.0,2.0,1,LIGUS2,1,LIGUS2,2,2024-10-18 09:40:20,,3,4
1685243739290487,946082444290487,2022,40,4,133,30.0,2.0,1,LOJA,1,LOJA,1,2024-10-18 09:40:20,,3,4
1685243740290487,946082444290487,2022,40,4,133,30.0,2.0,1,ROSA5,1,ROSA5,2,2024-10-18 09:40:20,,3,4
1685243749290487,946082446290487,2022,40,4,133,45.0,4.0,1,LECU,1,LECU,1,2024-10-18 09:40:20,,3,4
1685243754290487,946082447290487,2022,40,4,123,18.0,3.0,1,LECU,1,LECU,5,2024-10-18 09:40:20,,3,4
1685243755290487,946082447290487,2022,40,4,123,18.0,1.0,1,LOJA,1,LOJA,2,2024-10-18 09:40:20,,3,4
1685243756290487,946082447290487,2022,40,4,123,18.0,2.0,1,LOJA,1,LOJA,1,2024-10-18 09:40:20,,3,4
1685243757290487,946082447290487,2022,40,4,123,18.0,3.0,1,LOJA,1,LOJA,1,2024-10-18 09:40:20,,3,4
1685243758290487,946082447290487,2022,40,4,123,18.0,4.0,1,LOJA,1,LOJA,1,2024-10-18 09:40:20,,3,4
1685243938290487,946082454290487,2022,40,5,137,61.0,1.0,1,LECU,1,LECU,1,2024-10-18 09:40:20,,3,4
1685243939290487,946082454290487,2022,40,5,137,61.0,2.0,1,LECU,1,LECU,1,2024-10-18 09:40:20,,3,4
1685243940290487,946082454290487,2022,40,5,137,61.0,4.0,1,LECU,1,LECU,3,2024-10-18 09:40:20,,3,4
1685243981290487,946082464290487,2022,40,3,113,25.0,1.0,1,LIGUS2,1,LIGUS2,3,2024-10-18 09:40:29,,3,4
1685243982290487,946082464290487,2022,40,3,113,25.0,3.0,1,LIGUS2,1,LIGUS2,2,2024-10-18 09:40:29,,3,4
1685243983290487,946082464290487,2022,40,3,113,25.0,4.0,1,LIGUS2,1,LIGUS2,9,2024-10-18 09:40:29,,3,4
1685243984290487,946082464290487,2022,40,3,113,25.0,1.0,1,LOJA,1,LOJA,10,2024-10-18 09:40:29,,3,4
1685243985290487,946082464290487,2022,40,3,113,25.0,3.0,1,LOJA,1,LOJA,3,2024-10-18 09:40:29,,3,4
1685243986290487,946082464290487,2022,40,3,113,25.0,4.0,1,LOJA,1,LOJA,8,2024-10-18 09:40:29,,3,4
1685243991290487,946082465290487,2022,40,3,113,39.0,2.0,2,LIGUS2,1,LIGUS2,2,2024-10-18 09:40:29,,3,4
1685243992290487,946082465290487,2022,40,3,113,39.0,4.0,1,LIGUS2,1,LIGUS2,1,2024-10-18 09:40:29,,3,4
1685243993290487,946082465290487,2022,40,3,113,39.0,1.0,1,LOJA,1,LOJA,3,2024-10-18 09:40:29,,3,4
1685243994290487,946082465290487,2022,40,3,113,39.0,3.0,1,LOJA,1,LOJA,2,2024-10-18 09:40:29,,3,4
1685244011290487,946082469290487,2022,40,3,113,9.0,1.0,1,LECU,1,LECU,5,2024-10-18 09:40:29,,3,4
1685244012290487,946082469290487,2022,40,3,113,9.0,2.0,1,LECU,1,LECU,58,2024-10-18 09:40:29,,3,4
1685244013290487,946082469290487,2022,40,3,113,9.0,3.0,1,LECU,1,LECU,5,2024-10-18 09:40:29,,3,4
1685244014290487,946082469290487,2022,40,3,113,9.0,4.0,1,LECU,1,LECU,8,2024-10-18 09:40:29,,3,4
1685244046290487,946082476290487,2022,40,4,125,15.0,1.0,1,LECU,1,LECU,5,2024-10-18 09:40:29,,3,4
1685244047290487,946082476290487,2022,40,4,125,15.0,4.0,1,LECU,1,LECU,3,2024-10-18 09:40:29,,3,4
1685244056290487,946082478290487,2022,40,4,133,66.0,3.0,1,LECU,1,LECU,6,2024-10-18 09:40:29,,3,4
1685244170290487,946082481290487,2022,40,4,123,67.0,4.0,1,LECU,1,LECU,2,2024-10-18 09:40:30,,3,4
1685244171290487,946082481290487,2022,40,4,123,67.0,4.0,1,LIGUS2,1,LIGUS2,1,2024-10-18 09:40:30,,3,4
1685244188290487,946082485290487,2022,40,4,19,46.0,1.0,1,LECU,1,LECU,30,2024-10-18 09:40:30,,3,4
1685244189290487,946082485290487,2022,40,4,19,46.0,2.0,1,LECU,1,LECU,5,2024-10-18 09:40:30,,3,4
1685244190290487,946082485290487,2022,40,4,19,46.0,3.0,1,LECU,1,LECU,20,2024-10-18 09:40:30,,3,4
1685244191290487,946082485290487,2022,40,4,19,46.0,4.0,1,LECU,1,LECU,2,2024-10-18 09:40:30,,3,4
1685244192290487,946082485290487,2022,40,4,19,46.0,2.0,1,LIGUS2,1,LIGUS2,15,2024-10-18 09:40:30,,3,4
1685244193290487,946082485290487,2022,40,4,19,46.0,3.0,1,LOJA,1,LOJA,1,2024-10-18 09:40:30,,3,4
1685244194290487,946082485290487,2022,40,4,19,46.0,2.0,1,PYCA80,1,PYCA80,20,2024-10-18 09:40:30,,3,4
1685244370290487,946082527290487,2022,40,4,111,43.0,4.0,2,LIGUS2,1,LIGUS2,1,2024-10-18 09:40:31,,3,4
1685244371290487,946082527290487,2022,40,4,111,43.0,2.0,2,LOJA,1,LOJA,2,2024-10-18 09:40:31,,3,4
1685244389290487,946082531290487,2022,40,3,143,6.0,2.0,1,EUFO5,1,EUFO5,1,2024-10-18 09:40:31,,3,4
1685244390290487,946082531290487,2022,40,3,143,6.0,3.0,1,EUFO5,1,EUFO5,2,2024-10-18 09:40:31,,3,4
1685244430290487,946082540290487,2022,40,4,85,27.0,1.0,1,PUMOL,1,PUMOL,4,2024-10-18 09:40:32,,3,4
1685244445290487,946082543290487,2022,40,4,19,26.0,2.0,1,LIGUS2,1,LIGUS2,1,2024-10-18 09:40:32,,3,4
1685244446290487,946082543290487,2022,40,4,19,26.0,2.0,2,LIGUS2,1,LIGUS2,1,2024-10-18 09:40:32,,3,4
1685244447290487,946082543290487,2022,40,4,19,26.0,3.0,1,LIGUS2,1,LIGUS2,1,2024-10-18 09:40:32,,3,4
1685244448290487,946082543290487,2022,40,4,19,26.0,4.0,1,LIGUS2,1,LIGUS2,1,2024-10-18 09:40:32,,3,4
1685244449290487,946082543290487,2022,40,4,19,26.0,2.0,2,NADO,1,NADO,1,2024-10-18 09:40:32,,3,4
1685244444290487,946082543290487,2022,40,4,19,26.0,1.0,1,LIGUS2,1,LIGUS2,1,2024-10-18 09:40:32,,3,4
1685244467290487,946082547290487,2022,40,4,49,7.0,1.0,1,ROSA5,1,ROSA5,1,2024-10-18 09:40:32,,3,4
1685244524290487,946082561290487,2022,40,3,37,8.0,2.0,1,AIAL,1,AIAL,1,2024-10-18 09:40:33,,3,4
1685244525290487,946082561290487,2022,40,3,37,8.0,1.0,1,EUFO5,1,EUFO5,75,2024-10-18 09:40:33,,3,4
1685244526290487,946082561290487,2022,40,3,37,8.0,2.0,1,EUFO5,1,EUFO5,38,2024-10-18 09:40:33,,3,4
1685244527290487,946082561290487,2022,40,3,37,8.0,3.0,1,EUFO5,1,EUFO5,75,2024-10-18 09:40:33,,3,4
1685244528290487,946082561290487,2022,40,3,37,8.0,1.0,1,LIGUS2,1,LIGUS2,1,2024-10-18 09:40:33,,3,4
1685244529290487,946082561290487,2022,40,3,37,8.0,2.0,1,LIGUS2,1,LIGUS2,2,2024-10-18 09:40:33,,3,4
1685244530290487,946082561290487,2022,40,3,37,8.0,3.0,1,LIGUS2,1,LIGUS2,2,2024-10-18 09:40:33,,3,4
1685244531290487,946082561290487,2022,40,3,37,8.0,1.0,1,LOJA,1,LOJA,3,2024-10-18 09:40:33,,3,4
1685244532290487,946082561290487,2022,40,3,37,8.0,2.0,1,LOJA,1,LOJA,2,2024-10-18 09:40:33,,3,4
1685244533290487,946082561290487,2022,40,3,37,8.0,2.0,1,ROSA5,1,ROSA5,1,2024-10-18 09:40:33,,3,4
1685244643290487,946082586290487,2022,40,4,109,59.0,3.0,1,LIGUS2,1,LIGUS2,1,2024-10-18 09:40:33,,3,4
1685244644290487,946082586290487,2022,40,4,109,59.0,3.0,1,LOJA,1,LOJA,3,2024-10-18 09:40:33,,3,4
1685244645290487,946082586290487,2022,40,4,109,59.0,1.0,1,LONIC,1,LONIC,25,2024-10-18 09:40:33,,3,4
1685244646290487,946082586290487,2022,40,4,109,59.0,2.0,2,LONIC,1,LONIC,45,2024-10-18 09:40:33,,3,4
1685244647290487,946082586290487,2022,40,4,109,59.0,3.0,1,LONIC,1,LONIC,17,2024-10-18 09:40:33,,3,4
1685244648290487,946082586290487,2022,40,4,109,59.0,4.0,1,LONIC,1,LONIC,2,2024-10-18 09:40:33,,3,4
1685244649290487,946082586290487,2022,40,4,109,59.0,3.0,1,PYCA80,1,PYCA80,9,2024-10-18 09:40:33,,3,4
1685244650290487,946082586290487,2022,40,4,109,59.0,1.0,1,VINCA,1,VINCA,5,2024-10-18 09:40:33,,3,4
1685244651290487,946082586290487,2022,40,4,109,59.0,2.0,2,VINCA,1,VINCA,65,2024-10-18 09:40:33,,3,4
1685244668290487,946082590290487,2022,40,4,83,32.0,1.0,1,LECU,1,LECU,3,2024-10-18 09:40:33,,3,4
1685244669290487,946082590290487,2022,40,4,83,32.0,2.0,1,LECU,1,LECU,2,2024-10-18 09:40:33,,3,4
1685244670290487,946082590290487,2022,40,4,83,32.0,3.0,1,LECU,1,LECU,20,2024-10-18 09:40:33,,3,4
1685244688290487,946082594290487,2022,40,3,145,28.0,2.0,1,LOJA,1,LOJA,1,2024-10-18 09:40:34,,3,4
1685244689290487,946082594290487,2022,40,3,145,28.0,3.0,1,PYCA80,1,PYCA80,1,2024-10-18 09:40:34,,3,4
1685244690290487,946082594290487,2022,40,3,145,28.0,4.0,1,ROSA5,1,ROSA5,1,2024-10-18 09:40:34,,3,4
1685244711290487,946082599290487,2022,40,4,111,47.0,1.0,1,LIGUS2,1,LIGUS2,1,2024-10-18 09:40:34,,3,4
1685244712290487,946082599290487,2022,40,4,111,47.0,2.0,1,LIGUS2,1,LIGUS2,2,2024-10-18 09:40:34,,3,4
1685244713290487,946082599290487,2022,40,4,111,47.0,3.0,2,LIGUS2,1,LIGUS2,2,2024-10-18 09:40:34,,3,4
1685244714290487,946082599290487,2022,40,4,111,47.0,4.0,1,LOJA,1,LOJA,3,2024-10-18 09:40:34,,3,4
1685244739290487,946082605290487,2022,40,4,111,10.0,3.0,2,LECU,1,LECU,1,2024-10-18 09:40:34,,3,4
1685244749290487,946082607290487,2022,40,3,113,180.0,1.0,1,ROSA5,1,ROSA5,1,2024-10-18 09:40:34,,3,4
1685244750290487,946082607290487,2022,40,3,113,180.0,2.0,1,ROSA5,1,ROSA5,1,2024-10-18 09:40:34,,3,4
1685244871290487,946082612290487,2022,40,3,113,143.0,1.0,1,LECU,1,LECU,2,2024-10-18 09:40:34,,3,4
1685244872290487,946082612290487,2022,40,3,113,143.0,2.0,1,LECU,1,LECU,1,2024-10-18 09:40:34,,3,4
1685244873290487,946082612290487,2022,40,3,113,143.0,3.0,1,LECU,1,LECU,1,2024-10-18 09:40:34,,3,4
1685244874290487,946082612290487,2022,40,3,113,143.0,4.0,1,LECU,1,LECU,1,2024-10-18 09:40:34,,3,4
1685244901290487,946082619290487,2022,40,4,125,63.0,2.0,2,LIGUS2,1,LIGUS2,3,2024-10-18 09:40:34,,3,4
1685244902290487,946082619290487,2022,40,4,125,63.0,3.0,2,LIGUS2,1,LIGUS2,1,2024-10-18 09:40:34,,3,4
1685244903290487,946082619290487,2022,40,4,125,63.0,1.0,2,LOJA,1,LOJA,3,2024-10-18 09:40:34,,3,4
1685244904290487,946082619290487,2022,40,4,125,63.0,2.0,2,LOJA,1,LOJA,20,2024-10-18 09:40:34,,3,4
1848385409290487,1280664279290487,2023,40,1,127,286.0,1.0,1,LOJA,1,LOJA,5,2025-04-29 09:36:57,,10,4
1848385410290487,1280664279290487,2023,40,1,127,286.0,2.0,1,LOJA,1,LOJA,5,2025-04-29 09:36:57,,10,4
1848385411290487,1280664279290487,2023,40,1,127,286.0,4.0,1,LOJA,1,LOJA,5,2025-04-29 09:36:57,,10,4
1848385424290487,1280664282290487,2023,40,1,127,205.0,1.0,1,LECU,1,LECU,3,2025-04-29 09:36:57,,10,4
1848385425290487,1280664282290487,2023,40,1,127,205.0,2.0,1,LECU,1,LECU,3,2025-04-29 09:36:57,,10,4
1848385426290487,1280664282290487,2023,40,1,127,205.0,3.0,1,LECU,1,LECU,5,2025-04-29 09:36:57,,10,4
1848385427290487,1280664282290487,2023,40,1,127,205.0,4.0,1,LECU,1,LECU,5,2025-04-29 09:36:57,,10,4
1848385445290487,1280664286290487,2023,40,1,61,108.0,1.0,1,LECU,1,LECU,50,2025-04-29 09:36:57,,10,4
1848385446290487,1280664286290487,2023,40,1,61,108.0,2.0,1,LECU,1,LECU,35,2025-04-29 09:36:57,,10,4
1848385447290487,1280664286290487,2023,40,1,61,108.0,3.0,1,LECU,1,LECU,55,2025-04-29 09:36:57,,10,4
1848385448290487,1280664286290487,2023,40,1,61,108.0,4.0,1,LECU,1,LECU,60,2025-04-29 09:36:57,,10,4
1848385453290487,1280664287290487,2023,40,1,61,85.0,2.0,1,LIGUS2,1,LIGUS2,1,2025-04-29 09:36:57,,10,4
1848385462290487,1280664289290487,2023,40,1,77,82.0,1.0,1,LIGUS2,1,LIGUS2,1,2025-04-29 09:36:58,,10,4
1848385503290487,1280664299290487,2023,40,2,115,112.0,4.0,1,EUFO5,1,EUFO5,1,2025-04-29 09:36:58,,10,4
1848385715290487,1280664308290487,2023,40,2,1,104.0,3.0,1,LECU,1,LECU,13,2025-04-29 09:36:59,,10,4
1848385732290487,1280664312290487,2023,40,1,89,282.0,2.0,1,LIGUS2,1,LIGUS2,1,2025-04-29 09:36:59,,10,4
1848385733290487,1280664312290487,2023,40,1,89,282.0,2.0,1,LOJA,1,LOJA,1,2025-04-29 09:36:59,,10,4
1848385747290487,1280664315290487,2023,40,1,89,339.0,2.0,1,LOJA,1,LOJA,2,2025-04-29 09:36:59,,10,4
1848385772290487,1280664321290487,2023,40,1,121,243.0,1.0,1,LECU,1,LECU,1,2025-04-29 09:36:59,,10,4
1848385782290487,1280664323290487,2023,40,1,121,224.0,1.0,1,LECU,1,LECU,1,2025-04-29 09:36:59,,10,4
1848385783290487,1280664323290487,2023,40,1,121,224.0,4.0,1,LIGUS2,1,LIGUS2,5,2025-04-29 09:36:59,,10,4
1848385801290487,1280664327290487,2023,40,1,121,193.0,1.0,2,LECU,1,LECU,1,2025-04-29 09:36:59,,10,4
1848385802290487,1280664327290487,2023,40,1,121,193.0,3.0,2,LECU,1,LECU,1,2025-04-29 09:36:59,,10,4
1848385845290487,1280664337290487,2023,40,1,61,139.0,1.0,1,LECU,1,LECU,42,2025-04-29 09:37:00,,10,4
1848385846290487,1280664337290487,2023,40,1,61,139.0,4.0,1,LECU,1,LECU,60,2025-04-29 09:37:00,,10,4
1848385851290487,1280664338290487,2023,40,1,121,204.0,2.0,1,LECU,1,LECU,3,2025-04-29 09:37:00,,10,4
1848385890290487,1280664347290487,2023,40,1,5,131.0,2.0,1,LECU,1,LECU,2,2025-04-29 09:37:00,,10,4
1848385899290487,1280664349290487,2023,40,1,5,113.0,3.0,1,LECU,1,LECU,2,2025-04-29 09:37:00,,10,4
1848385900290487,1280664349290487,2023,40,1,5,113.0,3.0,1,LIGUS2,1,LIGUS2,2,2025-04-29 09:37:00,,10,4
1848385921290487,1280664354290487,2023,40,1,121,174.0,3.0,1,LECU,1,LECU,1,2025-04-29 09:37:01,,10,4
1848385922290487,1280664354290487,2023,40,1,121,174.0,1.0,1,LIGUS2,1,LIGUS2,1,2025-04-29 09:37:01,,10,4
1848385923290487,1280664354290487,2023,40,1,121,174.0,3.0,1,LIGUS2,1,LIGUS2,15,2025-04-29 09:37:01,,10,4
1848385924290487,1280664354290487,2023,40,1,121,174.0,4.0,1,LIGUS2,1,LIGUS2,20,2025-04-29 09:37:01,,10,4
1848385953290487,1280664361290487,2023,40,1,89,367.0,1.0,1,LIGUS2,1,LIGUS2,1,2025-04-29 09:37:01,,10,4
1848386066290487,1280664364290487,2023,40,1,89,296.0,1.0,1,LOJA,1,LOJA,1,2025-04-29 09:37:01,,10,4
1848386091290487,1280664369290487,2023,40,1,89,333.0,3.0,1,LECU,1,LECU,3,2025-04-29 09:37:02,,10,4
1848386092290487,1280664369290487,2023,40,1,89,333.0,4.0,1,LECU,1,LECU,3,2025-04-29 09:37:02,,10,4
1294874177290487,821947466290487,2020,40,1,77,104.0,1.0,1,LECU,1,LECU,1,2023-03-21 10:43:17,,10,1
1294874178290487,821947466290487,2020,40,1,77,104.0,2.0,1,LECU,1,LECU,2,2023-03-21 10:43:17,,10,1
1294874187290487,821947468290487,2020,40,1,13,149.0,1.0,1,LIGUS2,1,LIGUS2,1,2023-03-21 10:43:17,,10,1
1294874188290487,821947468290487,2020,40,1,13,149.0,2.0,2,LIGUS2,1,LIGUS2,1,2023-03-21 10:43:17,,10,1
1294874189290487,821947468290487,2020,40,1,13,149.0,3.0,1,LIGUS2,1,LIGUS2,2,2023-03-21 10:43:17,,10,1
1294874190290487,821947468290487,2020,40,1,13,149.0,1.0,1,LOJA,1,LOJA,2,2023-03-21 10:43:17,,10,1
1294874191290487,821947468290487,2020,40,1,13,149.0,2.0,2,LOJA,1,LOJA,1,2023-03-21 10:43:17,,10,1
1294874192290487,821947468290487,2020,40,1,13,149.0,3.0,1,LOJA,1,LOJA,5,2023-03-21 10:43:17,,10,1
1294874197290487,821947469290487,2020,40,1,77,148.0,1.0,1,LECU,1,LECU,1,2023-03-21 10:43:17,,10,1
1294874198290487,821947469290487,2020,40,1,77,148.0,2.0,1,LECU,1,LECU,1,2023-03-21 10:43:17,,10,1
1294874205290487,821947470290487,2020,40,1,77,134.0,1.0,1,LECU,1,LECU,1,2023-03-21 10:43:17,,10,1
1294874206290487,821947470290487,2020,40,1,77,134.0,4.0,1,LECU,1,LECU,1,2023-03-21 10:43:17,,10,1
1294874215290487,821947472290487,2020,40,2,101,146.0,2.0,1,LECU,1,LECU,1,2023-03-21 10:43:18,,10,1
1294874216290487,821947472290487,2020,40,2,101,146.0,4.0,1,LOJA,1,LOJA,1,2023-03-21 10:43:18,,10,1
1294874217290487,821947472290487,2020,40,2,101,146.0,1.0,1,ROSA5,1,ROSA5,1,2023-03-21 10:43:18,,10,1
1294874218290487,821947472290487,2020,40,2,101,146.0,4.0,1,ROSA5,1,ROSA5,6,2023-03-21 10:43:18,,10,1
1294874371290487,821947485290487,2020,40,2,21,113.0,4.0,1,LECU,1,LECU,1,2023-03-21 10:43:18,,10,1
1294874372290487,821947485290487,2020,40,2,21,113.0,4.0,1,LIGUS2,1,LIGUS2,1,2023-03-21 10:43:18,,10,1
1294874377290487,821947486290487,2020,40,2,21,142.0,3.0,1,AIAL,1,AIAL,3,2023-03-21 10:43:18,,10,1
1294874378290487,821947486290487,2020,40,2,21,142.0,2.0,2,MIVI,1,MIVI,31,2023-03-21 10:43:18,,10,1
1294874379290487,821947486290487,2020,40,2,21,142.0,4.0,1,MIVI,1,MIVI,1,2023-03-21 10:43:18,,10,1
1294874380290487,821947486290487,2020,40,2,21,142.0,1.0,1,ROSA5,1,ROSA5,1,2023-03-21 10:43:18,,10,1
1294874381290487,821947486290487,2020,40,2,21,142.0,2.0,2,ROSA5,1,ROSA5,10,2023-03-21 10:43:18,,10,1
1294874486290487,821947487290487,2020,40,2,21,134.0,4.0,2,ROSA5,1,ROSA5,2,2023-03-21 10:43:18,,10,1
1294874503290487,821947491290487,2020,40,1,77,141.0,1.0,1,LECU,1,LECU,5,2023-03-21 10:43:18,,10,1
1294874504290487,821947491290487,2020,40,1,77,141.0,4.0,1,LECU,1,LECU,1,2023-03-21 10:43:18,,10,1
1294874514290487,821947493290487,2020,40,1,127,202.0,3.0,1,LECU,1,LECU,1,2023-03-21 10:43:18,,10,1
1294874523290487,821947495290487,2020,40,1,127,190.0,4.0,1,LOJA,1,LOJA,1,2023-03-21 10:43:18,,10,1
1294874640290487,821947499290487,2020,40,1,127,306.0,1.0,1,LECU,1,LECU,3,2023-03-21 10:43:19,,10,1
1294874641290487,821947499290487,2020,40,1,127,306.0,2.0,1,LECU,1,LECU,35,2023-03-21 10:43:19,,10,1
1294874642290487,821947499290487,2020,40,1,127,306.0,4.0,3,LECU,1,LECU,2,2023-03-21 10:43:19,,10,1
1294874643290487,821947499290487,2020,40,1,127,306.0,3.0,2,SCAR7,1,SCAR7,1,2023-03-21 10:43:19,,10,1
1294874644290487,821947499290487,2020,40,1,127,306.0,4.0,3,SCAR7,1,SCAR7,10,2023-03-21 10:43:19,,10,1
1294874658290487,821947502290487,2020,40,1,61,104.0,2.0,1,LECU,1,LECU,1,2023-03-21 10:43:19,,10,1
1294874684290487,821947508290487,2020,40,2,21,120.0,3.0,2,LECU,1,LECU,1,2023-03-21 10:43:19,,10,1
1294874685290487,821947508290487,2020,40,2,21,120.0,2.0,2,LIGUS2,1,LIGUS2,1,2023-03-21 10:43:19,,10,1
1294874686290487,821947508290487,2020,40,2,21,120.0,3.0,2,LIGUS2,1,LIGUS2,1,2023-03-21 10:43:19,,10,1
1294874687290487,821947508290487,2020,40,2,21,120.0,2.0,2,POTR4,1,POTR4,3,2023-03-21 10:43:19,,10,1
1294874688290487,821947508290487,2020,40,2,21,120.0,3.0,2,POTR4,1,POTR4,1,2023-03-21 10:43:19,,10,1
1294874689290487,821947508290487,2020,40,2,21,120.0,2.0,2,ROSA5,1,ROSA5,1,2023-03-21 10:43:19,,10,1
1294874694290487,821947509290487,2020,40,2,21,112.0,4.0,1,LIGUS2,1,LIGUS2,1,2023-03-21 10:43:19,,10,1
1294874739290487,821947520290487,2020,40,1,89,299.0,1.0,1,EUFO5,1,EUFO5,1,2023-03-21 10:43:19,,10,1
1294874852290487,821947523290487,2020,40,1,89,321.0,1.0,1,LOJA,1,LOJA,10,2023-03-21 10:43:19,,10,1
1294874853290487,821947523290487,2020,40,1,89,321.0,2.0,2,LOJA,1,LOJA,2,2023-03-21 10:43:19,,10,1
1294874854290487,821947523290487,2020,40,1,89,321.0,3.0,2,LOJA,1,LOJA,8,2023-03-21 10:43:19,,10,1
1294874855290487,821947523290487,2020,40,1,89,321.0,4.0,3,LOJA,1,LOJA,2,2023-03-21 10:43:19,,10,1
1294874860290487,821947524290487,2020,40,1,89,309.0,1.0,1,LIGUS2,1,LIGUS2,3,2023-03-21 10:43:19,,10,1
1294874861290487,821947524290487,2020,40,1,89,309.0,2.0,1,LIGUS2,1,LIGUS2,1,2023-03-21 10:43:20,,10,1
1294874862290487,821947524290487,2020,40,1,89,309.0,3.0,1,LIGUS2,1,LIGUS2,11,2023-03-21 10:43:20,,10,1
1294874863290487,821947524290487,2020,40,1,89,309.0,4.0,1,LIGUS2,1,LIGUS2,6,2023-03-21 10:43:20,,10,1
1294874864290487,821947524290487,2020,40,1,89,309.0,1.0,1,LOJA,1,LOJA,1,2023-03-21 10:43:20,,10,1
1294874865290487,821947524290487,2020,40,1,89,309.0,2.0,1,LOJA,1,LOJA,1,2023-03-21 10:43:20,,10,1
1294874866290487,821947524290487,2020,40,1,89,309.0,3.0,1,LOJA,1,LOJA,1,2023-03-21 10:43:20,,10,1
1294874919290487,821947537290487,2020,40,1,121,271.0,1.0,1,LECU,1,LECU,5,2023-03-21 10:43:20,,10,1
1294874920290487,821947537290487,2020,40,1,121,271.0,2.0,1,LECU,1,LECU,3,2023-03-21 10:43:20,,10,1
1294874921290487,821947537290487,2020,40,1,121,271.0,3.0,1,LECU,1,LECU,2,2023-03-21 10:43:20,,10,1
1294874922290487,821947537290487,2020,40,1,121,271.0,4.0,1,LECU,1,LECU,1,2023-03-21 10:43:20,,10,1
1294874931290487,821947539290487,2020,40,1,121,192.0,2.0,1,LECU,1,LECU,2,2023-03-21 10:43:20,,10,1
1294874932290487,821947539290487,2020,40,1,121,192.0,3.0,1,LECU,1,LECU,1,2023-03-21 10:43:20,,10,1
1294874958290487,821947545290487,2020,40,2,91,118.0,4.0,1,LIGUS2,1,LIGUS2,1,2023-03-21 10:43:20,,10,1
921850219290487,708731849290487,2019,40,4,95,2.0,1.0,1,LECU,1,LECU,1,2021-10-27 05:10:19,,3,1
921850220290487,708731849290487,2019,40,4,95,2.0,4.0,1,LECU,1,LECU,5,2021-10-27 05:10:19,,3,1
921850221290487,708731849290487,2019,40,4,95,2.0,1.0,1,LOJA,1,LOJA,1,2021-10-27 05:10:19,,3,1
921850222290487,708731849290487,2019,40,4,95,2.0,1.0,1,PYCA80,1,PYCA80,6,2021-10-27 05:10:19,,3,1
921850223290487,708731849290487,2019,40,4,95,2.0,2.0,1,PYCA80,1,PYCA80,1,2021-10-27 05:10:19,,3,1
921850229290487,708731850290487,2019,40,4,95,8.0,2.0,1,LECU,1,LECU,20,2021-10-27 05:10:19,,3,1
921850230290487,708731850290487,2019,40,4,95,8.0,4.0,1,ROSA5,1,ROSA5,1,2021-10-27 05:10:19,,3,1
921850395290487,708731865290487,2019,40,3,117,8.0,4.0,2,LIGUS2,1,LIGUS2,20,2021-10-27 05:10:19,,3,1
921850401290487,708731866290487,2019,40,3,37,53.0,1.0,1,LECU,1,LECU,1,2021-10-27 05:10:19,,3,1
921850402290487,708731866290487,2019,40,3,37,53.0,3.0,1,LECU,1,LECU,1,2021-10-27 05:10:19,,3,1
921850403290487,708731866290487,2019,40,3,37,53.0,4.0,1,LECU,1,LECU,1,2021-10-27 05:10:19,,3,1
921850458290487,708731879290487,2019,40,4,123,40.0,1.0,1,LIGUS2,1,LIGUS2,1,2021-10-27 05:10:19,,3,1
921850459290487,708731879290487,2019,40,4,123,40.0,2.0,1,ROSA5,1,ROSA5,2,2021-10-27 05:10:19,,3,1
921850460290487,708731879290487,2019,40,4,123,40.0,4.0,1,ROSA5,1,ROSA5,1,2021-10-27 05:10:19,,3,1
921850541290487,708731880290487,2019,40,4,123,47.0,2.0,2,LIGUS2,1,LIGUS2,1,2021-10-27 05:10:19,,3,1
921850542290487,708731880290487,2019,40,4,123,47.0,3.0,2,LIGUS2,1,LIGUS2,1,2021-10-27 05:10:19,,3,1
921850543290487,708731880290487,2019,40,4,123,47.0,2.0,2,ROSA5,1,ROSA5,1,2021-10-27 05:10:19,,3,1
921850544290487,708731880290487,2019,40,4,123,47.0,3.0,2,ROSA5,1,ROSA5,1,2021-10-27 05:10:19,,3,1
921850553290487,708731882290487,2019,40,4,69,47.0,4.0,1,ROSA5,1,ROSA5,3,2021-10-27 05:10:20,,3,1
921850567290487,708731885290487,2019,40,4,133,46.0,1.0,1,ROSA5,1,ROSA5,1,2021-10-27 05:10:20,,3,1
921850568290487,708731885290487,2019,40,4,133,46.0,4.0,1,ROSA5,1,ROSA5,1,2021-10-27 05:10:20,,3,1
921850573290487,708731886290487,2019,40,4,123,21.0,1.0,1,ROSA5,1,ROSA5,3,2021-10-27 05:10:20,,3,1
921850574290487,708731886290487,2019,40,4,123,21.0,2.0,1,ROSA5,1,ROSA5,6,2021-10-27 05:10:20,,3,1
921850661290487,708731906290487,2019,40,3,113,23.0,2.0,2,LECU,1,LECU,1,2021-10-27 05:10:20,,3,1
921850662290487,708731906290487,2019,40,3,113,23.0,4.0,2,LECU,1,LECU,1,2021-10-27 05:10:20,,3,1
921850679290487,708731910290487,2019,40,3,147,16.0,1.0,1,LECU,1,LECU,3,2021-10-27 05:10:20,,3,1
921850680290487,708731910290487,2019,40,3,147,16.0,4.0,1,LOJA,1,LOJA,1,2021-10-27 05:10:20,,3,1
921850689290487,708731912290487,2019,40,3,147,36.0,1.0,1,EUFO5,1,EUFO5,1,2021-10-27 05:10:20,,3,1
921850690290487,708731912290487,2019,40,3,147,36.0,1.0,1,LECU,1,LECU,1,2021-10-27 05:10:20,,3,1
921850691290487,708731912290487,2019,40,3,147,36.0,4.0,1,LOJA,1,LOJA,1,2021-10-27 05:10:20,,3,1
921850905290487,708731964290487,2019,40,4,111,15.0,3.0,1,LECU,1,LECU,1,2021-10-27 05:10:21,,3,1
921850906290487,708731964290487,2019,40,4,111,15.0,3.0,1,SCAR7,1,SCAR7,3,2021-10-27 05:10:21,,3,1
921851040290487,708731972290487,2019,40,3,143,12.0,1.0,2,PYCA80,1,PYCA80,10,2021-10-27 05:10:21,,3,1
921851066290487,708731978290487,2019,40,4,19,18.0,3.0,2,LOJA,1,LOJA,1,2021-10-27 05:10:22,,3,1
921851139290487,708731995290487,2019,40,3,113,243.0,2.0,1,ALJU,1,ALJU,1,2021-10-27 05:10:22,,3,1
921851140290487,708731995290487,2019,40,3,113,243.0,4.0,1,ROSA5,1,ROSA5,2,2021-10-27 05:10:22,,3,1
921851158290487,708731999290487,2019,40,4,107,15.0,4.0,2,LECU,1,LECU,7,2021-10-27 05:10:22,,3,1
921851167290487,708732001290487,2019,40,4,107,30.0,3.0,2,LECU,1,LECU,5,2021-10-27 05:10:22,,3,1
921851168290487,708732001290487,2019,40,4,107,30.0,4.0,2,LIGUS2,1,LIGUS2,2,2021-10-27 05:10:22,,3,1
921851169290487,708732001290487,2019,40,4,107,30.0,4.0,2,LOJA,1,LOJA,1,2021-10-27 05:10:22,,3,1
921851174290487,708732002290487,2019,40,4,107,34.0,1.0,1,LECU,1,LECU,1,2021-10-27 05:10:22,,3,1
921851175290487,708732002290487,2019,40,4,107,34.0,3.0,1,ROSA5,1,ROSA5,1,2021-10-27 05:10:22,,3,1
921851193290487,708732006290487,2019,40,3,143,54.0,4.0,3,LECU,1,LECU,2,2021-10-27 05:10:22,,3,1
921851203290487,708732008290487,2019,40,3,37,19.0,3.0,2,LECU,1,LECU,5,2021-10-27 05:10:22,,3,1
921850396290487,708731865290487,2019,40,3,117,8.0,4.0,2,LOJA,1,LOJA,4,2021-10-27 05:10:19,,3,1
921851399290487,708732050290487,2019,40,4,63,27.0,1.0,1,LECU,1,LECU,1,2021-10-27 05:10:23,,3,1
921851400290487,708732050290487,2019,40,4,63,27.0,2.0,1,LECU,1,LECU,2,2021-10-27 05:10:23,,3,1
921851401290487,708732050290487,2019,40,4,63,27.0,3.0,1,LECU,1,LECU,1,2021-10-27 05:10:23,,3,1
921851402290487,708732050290487,2019,40,4,63,27.0,4.0,1,LECU,1,LECU,1,2021-10-27 05:10:23,,3,1
921851407290487,708732051290487,2019,40,4,63,33.0,1.0,1,LECU,1,LECU,1,2021-10-27 05:10:23,,3,1
921851408290487,708732051290487,2019,40,4,63,33.0,2.0,1,LIGUS2,1,LIGUS2,1,2021-10-27 05:10:23,,3,1
921851423290487,708732054290487,2019,40,4,107,8.0,2.0,2,LIGUS2,1,LIGUS2,1,2021-10-27 05:10:23,,3,1
921851424290487,708732054290487,2019,40,4,107,8.0,2.0,2,LOJA,1,LOJA,2,2021-10-27 05:10:23,,3,1
921851442290487,708732058290487,2019,40,3,113,184.0,2.0,1,LECU,1,LECU,5,2021-10-27 05:10:23,,3,1
921851451290487,708732060290487,2019,40,3,117,19.0,3.0,1,LECU,1,LECU,3,2021-10-27 05:10:23,,3,1
921851456290487,708732061290487,2019,40,3,113,132.0,2.0,1,LECU,1,LECU,1,2021-10-27 05:10:23,,3,1
921851457290487,708732061290487,2019,40,3,113,132.0,3.0,1,LECU,1,LECU,1,2021-10-27 05:10:23,,3,1
921851458290487,708732061290487,2019,40,3,113,132.0,4.0,1,LECU,1,LECU,1,2021-10-27 05:10:23,,3,1
921851502290487,708732071290487,2019,40,3,113,219.0,1.0,1,LECU,1,LECU,3,2021-10-27 05:10:24,,3,1
921851503290487,708732071290487,2019,40,3,113,219.0,3.0,1,LECU,1,LECU,35,2021-10-27 05:10:24,,3,1
921851504290487,708732071290487,2019,40,3,113,219.0,4.0,1,LECU,1,LECU,3,2021-10-27 05:10:24,,3,1
921851505290487,708732071290487,2019,40,3,113,219.0,4.0,1,LOJA,1,LOJA,5,2021-10-27 05:10:24,,3,1
1294874971290487,821947548290487,2020,40,2,91,93.0,2.0,1,LECU,1,LECU,1,2023-03-21 10:43:20,,10,1
1294874972290487,821947548290487,2020,40,2,91,93.0,1.0,1,LIGUS2,1,LIGUS2,1,2023-03-21 10:43:20,,10,1
1294874973290487,821947548290487,2020,40,2,91,93.0,3.0,1,LIGUS2,1,LIGUS2,4,2023-03-21 10:43:20,,10,1
1294875002290487,821947555290487,2020,40,1,5,138.0,2.0,1,LIGUS2,1,LIGUS2,16,2023-03-21 10:43:20,,10,1
1294875003290487,821947555290487,2020,40,1,5,138.0,3.0,1,LIGUS2,1,LIGUS2,7,2023-03-21 10:43:20,,10,1
1294875004290487,821947555290487,2020,40,1,5,138.0,4.0,1,LIGUS2,1,LIGUS2,6,2023-03-21 10:43:20,,10,1
1294875005290487,821947555290487,2020,40,1,5,138.0,2.0,1,ROSA5,1,ROSA5,1,2023-03-21 10:43:20,,10,1
1294875110290487,821947556290487,2020,40,1,5,195.0,3.0,1,LECU,1,LECU,17,2023-03-21 10:43:21,,10,1
1294875111290487,821947556290487,2020,40,1,5,195.0,4.0,1,LECU,1,LECU,1,2023-03-21 10:43:21,,10,1
1294875117290487,821947557290487,2020,40,1,5,201.0,2.0,1,LIGUS2,1,LIGUS2,1,2023-03-21 10:43:21,,10,1
1535421439290487,932991491290487,2021,40,1,61,143.0,1.0,1,LECU,1,LECU,20,2023-12-11 17:23:46,,10,2
1535421440290487,932991491290487,2021,40,1,61,143.0,4.0,1,LECU,1,LECU,20,2023-12-11 17:23:46,,10,2
1535421507290487,932991495290487,2021,40,1,61,99.0,4.0,1,LECU,1,LECU,20,2023-12-11 17:23:46,,10,2
1535421508290487,932991495290487,2021,40,1,61,99.0,4.0,1,LIGUS2,1,LIGUS2,1,2023-12-11 17:23:46,,10,2
1535421518290487,932991497290487,2021,40,1,121,206.0,1.0,1,LECU,1,LECU,1,2023-12-11 17:23:46,,10,2
1535421519290487,932991497290487,2021,40,1,121,206.0,3.0,2,LECU,1,LECU,16,2023-12-11 17:23:46,,10,2
1535421528290487,932991499290487,2021,40,2,21,125.0,2.0,1,EUFO5,1,EUFO5,1,2023-12-11 17:23:46,,10,2
1535421529290487,932991499290487,2021,40,2,21,125.0,1.0,1,LIGUS2,1,LIGUS2,2,2023-12-11 17:23:46,,10,2
1535421530290487,932991499290487,2021,40,2,21,125.0,2.0,1,LIGUS2,1,LIGUS2,4,2023-12-11 17:23:46,,10,2
1535421531290487,932991499290487,2021,40,2,21,125.0,3.0,1,LIGUS2,1,LIGUS2,1,2023-12-11 17:23:46,,10,2
1535421532290487,932991499290487,2021,40,2,21,125.0,4.0,2,LIGUS2,1,LIGUS2,1,2023-12-11 17:23:46,,10,2
1535421533290487,932991499290487,2021,40,2,21,125.0,1.0,1,LOJA,1,LOJA,2,2023-12-11 17:23:46,,10,2
1535421534290487,932991499290487,2021,40,2,21,125.0,2.0,1,LOJA,1,LOJA,2,2023-12-11 17:23:46,,10,2
1535421535290487,932991499290487,2021,40,2,21,125.0,3.0,1,LOJA,1,LOJA,1,2023-12-11 17:23:46,,10,2
1535421540290487,932991500290487,2021,40,2,21,118.0,1.0,1,EUFO5,1,EUFO5,1,2023-12-11 17:23:46,,10,2
1535421546290487,932991501290487,2021,40,2,21,161.0,1.0,1,LECU,1,LECU,1,2023-12-11 17:23:46,,10,2
1535421547290487,932991501290487,2021,40,2,21,161.0,2.0,1,LECU,1,LECU,1,2023-12-11 17:23:46,,10,2
1535421548290487,932991501290487,2021,40,2,21,161.0,3.0,1,LECU,1,LECU,1,2023-12-11 17:23:46,,10,2
1535421567290487,932991505290487,2021,40,2,41,103.0,2.0,2,ROSA5,1,ROSA5,1,2023-12-11 17:23:46,,10,2
1535421599290487,932991512290487,2021,40,1,89,422.0,1.0,1,LOJA,1,LOJA,1,2023-12-11 17:23:47,,10,2
1535421605290487,932991513290487,2021,40,1,89,260.0,1.0,1,LOJA,1,LOJA,1,2023-12-11 17:23:47,,10,2
1535421606290487,932991513290487,2021,40,1,89,260.0,2.0,1,LOJA,1,LOJA,1,2023-12-11 17:23:47,,10,2
1535421607290487,932991513290487,2021,40,1,89,260.0,3.0,1,LOJA,1,LOJA,6,2023-12-11 17:23:47,,10,2
1535421608290487,932991513290487,2021,40,1,89,260.0,4.0,1,LOJA,1,LOJA,2,2023-12-11 17:23:47,,10,2
1535421614290487,932991514290487,2021,40,1,89,394.0,4.0,3,LIGUS2,1,LIGUS2,2,2023-12-11 17:23:47,,10,2
1535421619290487,932991515290487,2021,40,1,89,267.0,4.0,1,LOJA,1,LOJA,1,2023-12-11 17:23:47,,10,2
1535421624290487,932991516290487,2021,40,1,79,314.0,1.0,1,PYCA80,1,PYCA80,1,2023-12-11 17:23:47,,10,2
1535421801290487,932991534290487,2021,40,2,91,113.0,2.0,2,LECU,1,LECU,1,2023-12-11 17:23:48,,10,2
1535421802290487,932991534290487,2021,40,2,91,113.0,3.0,1,LIGUS2,1,LIGUS2,2,2023-12-11 17:23:48,,10,2
1535421803290487,932991534290487,2021,40,2,91,113.0,4.0,1,LIGUS2,1,LIGUS2,1,2023-12-11 17:23:48,,10,2
1535421804290487,932991534290487,2021,40,2,91,113.0,1.0,1,LOJA,1,LOJA,1,2023-12-11 17:23:48,,10,2
1535421805290487,932991534290487,2021,40,2,91,113.0,2.0,2,LOJA,1,LOJA,1,2023-12-11 17:23:48,,10,2
1535421806290487,932991534290487,2021,40,2,91,113.0,3.0,1,LOJA,1,LOJA,1,2023-12-11 17:23:48,,10,2
1535421807290487,932991534290487,2021,40,2,91,113.0,4.0,1,LOJA,1,LOJA,1,2023-12-11 17:23:48,,10,2
1535421808290487,932991534290487,2021,40,2,91,113.0,4.0,1,ROSA5,1,ROSA5,1,2023-12-11 17:23:48,,10,2
1535421846290487,932991543290487,2021,40,1,5,169.0,2.0,1,LIGUS2,1,LIGUS2,1,2023-12-11 17:23:48,,10,2
1535421847290487,932991543290487,2021,40,1,5,169.0,3.0,1,LIGUS2,1,LIGUS2,2,2023-12-11 17:23:48,,10,2
1535421903290487,932991556290487,2021,40,1,121,163.0,1.0,1,LECU,1,LECU,1,2023-12-11 17:23:49,,10,2
1535421904290487,932991556290487,2021,40,1,121,163.0,2.0,2,LECU,1,LECU,1,2023-12-11 17:23:49,,10,2
1535421905290487,932991556290487,2021,40,1,121,163.0,3.0,1,LECU,1,LECU,1,2023-12-11 17:23:49,,10,2
1535421919290487,932991559290487,2021,40,1,79,262.0,4.0,2,SCAR7,1,SCAR7,1,2023-12-11 17:23:49,,10,2
1535421929290487,932991561290487,2021,40,1,89,361.0,1.0,1,LIGUS2,1,LIGUS2,1,2023-12-11 17:23:49,,10,2
1535421960290487,932991568290487,2021,40,1,89,349.0,3.0,2,LIGUS2,1,LIGUS2,1,2023-12-11 17:23:49,,10,2
1535421961290487,932991568290487,2021,40,1,89,349.0,4.0,2,LIGUS2,1,LIGUS2,2,2023-12-11 17:23:49,,10,2
1535421976290487,932991571290487,2021,40,1,79,238.0,1.0,1,LIGUS2,1,LIGUS2,5,2023-12-11 17:23:50,,10,2
1535421977290487,932991571290487,2021,40,1,79,238.0,2.0,1,LIGUS2,1,LIGUS2,4,2023-12-11 17:23:50,,10,2
1535421978290487,932991571290487,2021,40,1,79,238.0,3.0,1,LIGUS2,1,LIGUS2,2,2023-12-11 17:23:50,,10,2
1535421979290487,932991571290487,2021,40,1,79,238.0,4.0,1,LIGUS2,1,LIGUS2,30,2023-12-11 17:23:50,,10,2
1535421980290487,932991571290487,2021,40,1,79,238.0,1.0,1,LOJA,1,LOJA,1,2023-12-11 17:23:50,,10,2
1535421981290487,932991571290487,2021,40,1,79,238.0,2.0,1,LOJA,1,LOJA,1,2023-12-11 17:23:50,,10,2
1535421982290487,932991571290487,2021,40,1,79,238.0,4.0,1,LOJA,1,LOJA,1,2023-12-11 17:23:50,,10,2
1535421983290487,932991571290487,2021,40,1,79,238.0,2.0,1,ROSA5,1,ROSA5,1,2023-12-11 17:23:50,,10,2
1535422030290487,932991582290487,2021,40,1,77,81.0,4.0,1,LIGUS2,1,LIGUS2,1,2023-12-11 17:23:50,,10,2
1535422031290487,932991582290487,2021,40,1,77,81.0,4.0,1,PYCA80,1,PYCA80,1,2023-12-11 17:23:50,,10,2
1535422048290487,932991586290487,2021,40,2,135,91.0,4.0,1,PYCA80,1,PYCA80,1,2023-12-11 17:23:50,,10,2
1535422049290487,932991586290487,2021,40,2,135,91.0,2.0,1,ROSA5,1,ROSA5,6,2023-12-11 17:23:50,,10,2
1535422050290487,932991586290487,2021,40,2,135,91.0,3.0,1,ROSA5,1,ROSA5,3,2023-12-11 17:23:50,,10,2
1535422055290487,932991587290487,2021,40,2,135,121.0,1.0,1,LECU,1,LECU,35,2023-12-11 17:23:50,,10,2
1535422065290487,932991589290487,2021,40,2,135,167.0,1.0,1,LESPE,1,LESPE,1,2023-12-11 17:23:50,,10,2
1535422066290487,932991589290487,2021,40,2,135,167.0,2.0,1,LESPE,1,LESPE,1,2023-12-11 17:23:50,,10,2
1535422067290487,932991589290487,2021,40,2,135,167.0,3.0,1,LESPE,1,LESPE,1,2023-12-11 17:23:50,,10,2
921847414290487,708688449290487,2019,40,2,101,162.0,2.0,1,MIVI,1,MIVI,1,2021-10-27 05:10:08,,9,5
921847415290487,708688449290487,2019,40,2,101,162.0,3.0,1,MIVI,1,MIVI,55,2021-10-27 05:10:08,,9,5
921847429290487,708688452290487,2019,40,2,101,157.0,2.0,1,LIGUS2,1,LIGUS2,1,2021-10-27 05:10:08,,9,5
921847430290487,708688452290487,2019,40,2,101,157.0,3.0,1,LIGUS2,1,LIGUS2,1,2021-10-27 05:10:08,,9,5
921847431290487,708688452290487,2019,40,2,101,157.0,2.0,1,LOJA,1,LOJA,1,2021-10-27 05:10:08,,9,5
921847442290487,708688454290487,2019,40,1,61,126.0,3.0,1,LIGUS2,1,LIGUS2,1,2021-10-27 05:10:09,,9,5
921847443290487,708688454290487,2019,40,1,61,126.0,1.0,1,LOJA,1,LOJA,45,2021-10-27 05:10:09,,9,5
921847444290487,708688454290487,2019,40,1,61,126.0,3.0,1,LOJA,1,LOJA,8,2021-10-27 05:10:09,,9,5
921847454290487,708688456290487,2019,40,1,61,98.0,1.0,1,LIGUS2,1,LIGUS2,1,2021-10-27 05:10:09,,9,5
921847455290487,708688456290487,2019,40,1,61,98.0,3.0,1,LOJA,1,LOJA,5,2021-10-27 05:10:09,,9,5
921847456290487,708688456290487,2019,40,1,61,98.0,2.0,1,ROSA5,1,ROSA5,1,2021-10-27 05:10:09,,9,5
921847569290487,708688459290487,2019,40,2,97,116.0,3.0,2,LOJA,1,LOJA,1,2021-10-27 05:10:09,,9,5
921847570290487,708688459290487,2019,40,2,97,116.0,3.0,2,ROSA5,1,ROSA5,1,2021-10-27 05:10:09,,9,5
921847587290487,708688463290487,2019,40,2,21,105.0,2.0,2,ROSA5,1,ROSA5,1,2021-10-27 05:10:09,,9,5
921847603290487,708688466290487,2019,40,2,21,139.0,3.0,2,LECU,1,LECU,4,2021-10-27 05:10:09,,9,5
921847724290487,708688471290487,2019,40,1,77,94.0,4.0,1,LECU,1,LECU,10,2021-10-27 05:10:09,,9,5
921847745290487,708688476290487,2019,40,1,127,206.0,1.0,1,LECU,1,LECU,35,2021-10-27 05:10:09,,9,5
921847746290487,708688476290487,2019,40,1,127,206.0,2.0,2,LECU,1,LECU,11,2021-10-27 05:10:09,,9,5
921847747290487,708688476290487,2019,40,1,127,206.0,3.0,1,LECU,1,LECU,70,2021-10-27 05:10:09,,9,5
921847748290487,708688476290487,2019,40,1,127,206.0,4.0,1,LECU,1,LECU,17,2021-10-27 05:10:09,,9,5
921847886290487,708688485290487,2019,40,1,61,94.0,1.0,2,LIGUS2,1,LIGUS2,2,2021-10-27 05:10:10,,9,5
921847887290487,708688485290487,2019,40,1,61,94.0,4.0,2,LIGUS2,1,LIGUS2,2,2021-10-27 05:10:10,,9,5
921847888290487,708688485290487,2019,40,1,61,94.0,1.0,2,LOJA,1,LOJA,20,2021-10-27 05:10:10,,9,5
921847889290487,708688485290487,2019,40,1,61,94.0,4.0,2,LOJA,1,LOJA,1,2021-10-27 05:10:10,,9,5
921847915290487,708688491290487,2019,40,1,77,150.0,1.0,1,LECU,1,LECU,1,2021-10-27 05:10:10,,9,5
921847916290487,708688491290487,2019,40,1,77,150.0,4.0,1,LECU,1,LECU,2,2021-10-27 05:10:10,,9,5
921848018290487,708688496290487,2019,40,2,115,99.0,1.0,1,EUFO5,1,EUFO5,2,2021-10-27 05:10:10,,9,5
921848019290487,708688496290487,2019,40,2,115,99.0,4.0,3,EUFO5,1,EUFO5,1,2021-10-27 05:10:10,,9,5
921848024290487,708688497290487,2019,40,2,41,132.0,2.0,1,ROSA5,1,ROSA5,1,2021-10-27 05:10:10,,9,5
921848038290487,708688500290487,2019,40,2,41,160.0,2.0,2,MIVI,1,MIVI,4,2021-10-27 05:10:10,,9,5
921848055290487,708688504290487,2019,40,1,89,415.0,1.0,1,LECU,1,LECU,1,2021-10-27 05:10:10,,9,5
921848056290487,708688504290487,2019,40,1,89,415.0,3.0,1,LECU,1,LECU,1,2021-10-27 05:10:10,,9,5
921848057290487,708688504290487,2019,40,1,89,415.0,4.0,1,LECU,1,LECU,1,2021-10-27 05:10:10,,9,5
921848063290487,708688505290487,2019,40,1,89,381.0,3.0,3,LECU,1,LECU,1,2021-10-27 05:10:10,,9,5
921848064290487,708688505290487,2019,40,1,89,381.0,4.0,1,LECU,1,LECU,1,2021-10-27 05:10:10,,9,5
921848078290487,708688508290487,2019,40,1,89,298.0,3.0,1,LECU,1,LECU,2,2021-10-27 05:10:10,,9,5
921848084290487,708688509290487,2019,40,1,89,365.0,2.0,2,ALJU,1,ALJU,20,2021-10-27 05:10:10,,9,5
921848085290487,708688509290487,2019,40,1,89,365.0,2.0,2,LIGUS2,1,LIGUS2,2,2021-10-27 05:10:10,,9,5
1535421352290487,932991470290487,2021,40,2,21,129.0,1.0,1,AIAL,1,AIAL,1,2023-12-11 17:23:44,,10,2
921848086290487,708688509290487,2019,40,1,89,365.0,2.0,2,LOJA,1,LOJA,10,2021-10-27 05:10:10,,9,5
921848161290487,708688515290487,2019,40,1,23,173.0,2.0,1,ALJU,1,ALJU,20,2021-10-27 05:10:10,,9,5
921848162290487,708688515290487,2019,40,1,23,173.0,3.0,1,LOJA,1,LOJA,2,2021-10-27 05:10:10,,9,5
921848168290487,708688516290487,2019,40,1,121,233.0,3.0,1,LECU,1,LECU,1,2021-10-27 05:10:11,,9,5
921848169290487,708688516290487,2019,40,1,121,233.0,1.0,1,LOJA,1,LOJA,15,2021-10-27 05:10:11,,9,5
921848170290487,708688516290487,2019,40,1,121,233.0,2.0,1,LOJA,1,LOJA,1,2021-10-27 05:10:11,,9,5
921848171290487,708688516290487,2019,40,1,121,233.0,3.0,1,LOJA,1,LOJA,2,2021-10-27 05:10:11,,9,5
921848181290487,708688518290487,2019,40,1,121,230.0,1.0,1,LECU,1,LECU,53,2021-10-27 05:10:11,,9,5
921848182290487,708688518290487,2019,40,1,121,230.0,4.0,1,LECU,1,LECU,48,2021-10-27 05:10:11,,9,5
921848183290487,708688518290487,2019,40,1,121,230.0,4.0,1,LIGUS2,1,LIGUS2,1,2021-10-27 05:10:11,,9,5
921848184290487,708688518290487,2019,40,1,121,230.0,3.0,1,LOJA,1,LOJA,1,2021-10-27 05:10:11,,9,5
921848205290487,708688523290487,2019,40,1,127,254.0,1.0,1,LECU,1,LECU,5,2021-10-27 05:10:11,,9,5
921848206290487,708688523290487,2019,40,1,127,254.0,2.0,1,LECU,1,LECU,3,2021-10-27 05:10:11,,9,5
921848207290487,708688523290487,2019,40,1,127,254.0,3.0,1,LECU,1,LECU,3,2021-10-27 05:10:11,,9,5
921848208290487,708688523290487,2019,40,1,127,254.0,4.0,2,LECU,1,LECU,1,2021-10-27 05:10:11,,9,5
921848227290487,708688526290487,2019,40,2,91,119.0,1.0,1,LOJA,1,LOJA,2,2021-10-27 05:10:11,,9,5
921848228290487,708688526290487,2019,40,2,91,119.0,3.0,1,LOJA,1,LOJA,1,2021-10-27 05:10:11,,9,5
921848229290487,708688526290487,2019,40,2,91,119.0,4.0,1,LOJA,1,LOJA,1,2021-10-27 05:10:11,,9,5
921848230290487,708688526290487,2019,40,2,91,119.0,2.0,1,PYCA80,1,PYCA80,1,2021-10-27 05:10:11,,9,5
921848231290487,708688526290487,2019,40,2,91,119.0,1.0,1,ROSA5,1,ROSA5,1,2021-10-27 05:10:11,,9,5
921848221290487,708688526290487,2019,40,2,91,119.0,1.0,1,LECU,1,LECU,1,2021-10-27 05:10:11,,9,5
921848222290487,708688526290487,2019,40,2,91,119.0,2.0,1,LECU,1,LECU,2,2021-10-27 05:10:11,,9,5
921848223290487,708688526290487,2019,40,2,91,119.0,1.0,1,LIGUS2,1,LIGUS2,60,2021-10-27 05:10:11,,9,5
1294876163290487,821947696290487,2020,40,1,89,372.0,4.0,2,LOJA,1,LOJA,1,2023-03-21 10:43:25,,10,1
1294876168290487,821947697290487,2020,40,1,89,430.0,1.0,1,LECU,1,LECU,1,2023-03-21 10:43:25,,10,1
1294876169290487,821947697290487,2020,40,1,89,430.0,4.0,1,LECU,1,LECU,1,2023-03-21 10:43:25,,10,1
1294876178290487,821947699290487,2020,40,1,79,206.0,1.0,1,LIGUS2,1,LIGUS2,1,2023-03-21 10:43:26,,10,1
1294876179290487,821947699290487,2020,40,1,79,206.0,2.0,2,LIGUS2,1,LIGUS2,6,2023-03-21 10:43:26,,10,1
1294876188290487,821947701290487,2020,40,1,79,191.0,2.0,2,LIGUS2,1,LIGUS2,1,2023-03-21 10:43:26,,10,1
1294876189290487,821947701290487,2020,40,1,79,191.0,2.0,2,PYCA80,1,PYCA80,3,2023-03-21 10:43:26,,10,1
1294876231290487,821947705290487,2020,40,1,79,353.0,4.0,2,LOJA,1,LOJA,5,2023-03-21 10:43:26,,10,1
1294876250290487,821947709290487,2020,40,1,79,263.0,2.0,2,LECU,1,LECU,1,2023-03-21 10:43:26,,10,1
1848386323290487,1280664376290487,2023,40,1,79,247.0,3.0,1,LECU,1,LECU,4,2025-04-29 09:37:02,,10,4
1848386373290487,1280664388290487,2023,40,2,135,149.0,2.0,1,LECU,1,LECU,4,2025-04-29 09:37:02,,10,4
1848386374290487,1280664388290487,2023,40,2,135,149.0,3.0,1,LECU,1,LECU,12,2025-04-29 09:37:02,,10,4
1848386375290487,1280664388290487,2023,40,2,135,149.0,4.0,1,LECU,1,LECU,1,2025-04-29 09:37:02,,10,4
1848386376290487,1280664388290487,2023,40,2,135,149.0,3.0,1,PYCA80,1,PYCA80,4,2025-04-29 09:37:02,,10,4
1848386493290487,1280664392290487,2023,40,1,61,127.0,2.0,1,LIGUS2,1,LIGUS2,1,2025-04-29 09:37:03,,10,4
1848386494290487,1280664392290487,2023,40,1,61,127.0,3.0,1,PYCA80,1,PYCA80,1,2025-04-29 09:37:03,,10,4
1848386499290487,1280664393290487,2023,40,1,61,137.0,1.0,1,LIGUS2,1,LIGUS2,3,2025-04-29 09:37:03,,10,4
1848386500290487,1280664393290487,2023,40,1,61,137.0,2.0,1,LIGUS2,1,LIGUS2,3,2025-04-29 09:37:03,,10,4
1848386501290487,1280664393290487,2023,40,1,61,137.0,3.0,1,LIGUS2,1,LIGUS2,8,2025-04-29 09:37:03,,10,4
1848386502290487,1280664393290487,2023,40,1,61,137.0,4.0,1,LIGUS2,1,LIGUS2,2,2025-04-29 09:37:03,,10,4
1848386503290487,1280664393290487,2023,40,1,61,137.0,1.0,1,LOJA,1,LOJA,2,2025-04-29 09:37:03,,10,4
1848386504290487,1280664393290487,2023,40,1,61,137.0,3.0,1,LOJA,1,LOJA,2,2025-04-29 09:37:03,,10,4
1848386514290487,1280664395290487,2023,40,2,41,129.0,1.0,2,AIAL,1,AIAL,7,2025-04-29 09:37:03,,10,4
1848386515290487,1280664395290487,2023,40,2,41,129.0,2.0,2,EUFO5,1,EUFO5,1,2025-04-29 09:37:03,,10,4
1848386516290487,1280664395290487,2023,40,2,41,129.0,2.0,2,LOJA,1,LOJA,10,2025-04-29 09:37:03,,10,4
1848386517290487,1280664395290487,2023,40,2,41,129.0,3.0,2,LOJA,1,LOJA,5,2025-04-29 09:37:03,,10,4
1848386518290487,1280664395290487,2023,40,2,41,129.0,2.0,2,ROSA5,1,ROSA5,1,2025-04-29 09:37:03,,10,4
1848386586290487,1280664399290487,2023,40,2,1,81.0,4.0,1,MIVI,1,MIVI,1,2025-04-29 09:37:03,,10,4
1848386703290487,1280664403290487,2023,40,1,29,77.0,2.0,1,LECU,1,LECU,30,2025-04-29 09:37:03,,10,4
1848386704290487,1280664403290487,2023,40,1,29,77.0,2.0,1,LIGUS2,1,LIGUS2,1,2025-04-29 09:37:03,,10,4
1848386792290487,1280664406290487,2023,40,1,23,182.0,1.0,1,LOJA,1,LOJA,5,2025-04-29 09:37:03,,10,4
1848386838290487,1280664417290487,2023,40,2,101,132.0,1.0,1,LECU,1,LECU,25,2025-04-29 09:37:04,,10,4
1848386839290487,1280664417290487,2023,40,2,101,132.0,3.0,1,LECU,1,LECU,25,2025-04-29 09:37:04,,10,4
1848386840290487,1280664417290487,2023,40,2,101,132.0,1.0,1,LIGUS2,1,LIGUS2,1,2025-04-29 09:37:04,,10,4
1848386841290487,1280664417290487,2023,40,2,101,132.0,3.0,1,LIGUS2,1,LIGUS2,6,2025-04-29 09:37:04,,10,4
1848386842290487,1280664417290487,2023,40,2,101,132.0,3.0,1,LOJA,1,LOJA,5,2025-04-29 09:37:04,,10,4
1848386843290487,1280664417290487,2023,40,2,101,132.0,3.0,1,ROSA5,1,ROSA5,4,2025-04-29 09:37:04,,10,4
1848386903290487,1280664419290487,2023,40,1,23,126.0,2.0,2,LOJA,1,LOJA,2,2025-04-29 09:37:04,,10,4
1848386916290487,1280664422290487,2023,40,2,135,105.0,1.0,1,LECU,1,LECU,15,2025-04-29 09:37:04,,10,4
1848386917290487,1280664422290487,2023,40,2,135,105.0,3.0,1,LECU,1,LECU,1,2025-04-29 09:37:04,,10,4
1848386935290487,1280664426290487,2023,40,2,135,104.0,3.0,1,LECU,1,LECU,2,2025-04-29 09:37:04,,10,4
1848386964290487,1280664433290487,2023,40,2,1,74.0,3.0,1,AIAL,1,AIAL,3,2025-04-29 09:37:04,,10,4
1848386973290487,1280664435290487,2023,40,1,89,414.0,4.0,3,LECU,1,LECU,1,2025-04-29 09:37:04,,10,4
1848386980290487,1280664436290487,2023,40,1,89,390.0,1.0,1,LIGUS2,1,LIGUS2,60,2025-04-29 09:37:04,,10,4
1848386981290487,1280664436290487,2023,40,1,89,390.0,2.0,1,LIGUS2,1,LIGUS2,18,2025-04-29 09:37:04,,10,4
1848386982290487,1280664436290487,2023,40,1,89,390.0,3.0,1,LIGUS2,1,LIGUS2,40,2025-04-29 09:37:04,,10,4
1848386983290487,1280664436290487,2023,40,1,89,390.0,3.0,2,LIGUS2,1,LIGUS2,5,2025-04-29 09:37:04,,10,4
1848386984290487,1280664436290487,2023,40,1,89,390.0,4.0,1,LIGUS2,1,LIGUS2,25,2025-04-29 09:37:04,,10,4
1848386985290487,1280664436290487,2023,40,1,89,390.0,4.0,2,LIGUS2,1,LIGUS2,1,2025-04-29 09:37:04,,10,4
1848386986290487,1280664436290487,2023,40,1,89,390.0,1.0,1,LOJA,1,LOJA,1,2025-04-29 09:37:04,,10,4
1848386987290487,1280664436290487,2023,40,1,89,390.0,2.0,1,LOJA,1,LOJA,2,2025-04-29 09:37:04,,10,4
1848386988290487,1280664436290487,2023,40,1,89,390.0,4.0,1,LOJA,1,LOJA,5,2025-04-29 09:37:04,,10,4
1848386989290487,1280664436290487,2023,40,1,89,390.0,4.0,2,LOJA,1,LOJA,3,2025-04-29 09:37:04,,10,4
1848386990290487,1280664436290487,2023,40,1,89,390.0,1.0,1,ROSA5,1,ROSA5,1,2025-04-29 09:37:04,,10,4
1848386995290487,1280664437290487,2023,40,1,89,423.0,1.0,1,LIGUS2,1,LIGUS2,40,2025-04-29 09:37:04,,10,4
1848386996290487,1280664437290487,2023,40,1,89,423.0,2.0,1,LIGUS2,1,LIGUS2,15,2025-04-29 09:37:04,,10,4
1848386997290487,1280664437290487,2023,40,1,89,423.0,3.0,1,LIGUS2,1,LIGUS2,55,2025-04-29 09:37:04,,10,4
1848386998290487,1280664437290487,2023,40,1,89,423.0,4.0,1,LIGUS2,1,LIGUS2,25,2025-04-29 09:37:04,,10,4
1848386999290487,1280664437290487,2023,40,1,89,423.0,1.0,1,LOJA,1,LOJA,6,2025-04-29 09:37:04,,10,4
1848387000290487,1280664437290487,2023,40,1,89,423.0,3.0,1,LOJA,1,LOJA,2,2025-04-29 09:37:04,,10,4
1848387001290487,1280664437290487,2023,40,1,89,423.0,4.0,1,LOJA,1,LOJA,10,2025-04-29 09:37:04,,10,4
1848387002290487,1280664437290487,2023,40,1,89,423.0,1.0,1,ROSA5,1,ROSA5,1,2025-04-29 09:37:04,,10,4
1848387003290487,1280664437290487,2023,40,1,89,423.0,4.0,1,ROSA5,1,ROSA5,7,2025-04-29 09:37:04,,10,4
1848387014290487,1280664439290487,2023,40,1,89,232.0,3.0,2,LIGUS2,1,LIGUS2,2,2025-04-29 09:37:04,,10,4
1848387036290487,1280664444290487,2023,40,1,23,164.0,1.0,1,LIGUS2,1,LIGUS2,1,2025-04-29 09:37:05,,10,4
1848387037290487,1280664444290487,2023,40,1,23,164.0,4.0,1,LIGUS2,1,LIGUS2,1,2025-04-29 09:37:05,,10,4
1848387054290487,1280664448290487,2023,40,1,127,280.0,2.0,1,ROSA5,1,ROSA5,1,2025-04-29 09:37:05,,10,4
1848387201290487,1280664458290487,2023,40,1,61,89.0,1.0,1,PYCA80,1,PYCA80,2,2025-04-29 09:37:06,,10,4
1848387351290487,1280664470290487,2023,40,2,91,150.0,1.0,1,LECU,1,LECU,1,2025-04-29 09:37:06,,10,4
1848387352290487,1280664470290487,2023,40,2,91,150.0,2.0,2,LECU,1,LECU,3,2025-04-29 09:37:06,,10,4
1848385408290487,1280664279290487,2023,40,1,127,286.0,4.0,1,LIGUS2,1,LIGUS2,10,2025-04-29 09:36:57,,10,4
1848387353290487,1280664470290487,2023,40,2,91,150.0,2.0,2,ROSA5,1,ROSA5,1,2025-04-29 09:37:06,,10,4
1848387368290487,1280664473290487,2023,40,1,29,97.0,1.0,1,LECU,1,LECU,1,2025-04-29 09:37:06,,10,4
1848387369290487,1280664473290487,2023,40,1,29,97.0,2.0,1,LECU,1,LECU,45,2025-04-29 09:37:06,,10,4
1848387390290487,1280664478290487,2023,40,2,91,111.0,1.0,1,LECU,1,LECU,5,2025-04-29 09:37:06,,10,4
1848387391290487,1280664478290487,2023,40,2,91,111.0,2.0,1,LECU,1,LECU,5,2025-04-29 09:37:06,,10,4
1848387392290487,1280664478290487,2023,40,2,91,111.0,3.0,1,LECU,1,LECU,1,2025-04-29 09:37:06,,10,4
1848387393290487,1280664478290487,2023,40,2,91,111.0,4.0,1,LECU,1,LECU,1,2025-04-29 09:37:06,,10,4
1848387394290487,1280664478290487,2023,40,2,91,111.0,2.0,1,PYCA80,1,PYCA80,1,2025-04-29 09:37:06,,10,4
1848387423290487,1280664485290487,2023,40,1,79,300.0,1.0,1,LECU,1,LECU,1,2025-04-29 09:37:07,,10,4
1848387424290487,1280664485290487,2023,40,1,79,300.0,3.0,2,LECU,1,LECU,1,2025-04-29 09:37:07,,10,4
1848387430290487,1280664486290487,2023,40,1,79,332.0,2.0,2,LECU,1,LECU,1,2025-04-29 09:37:07,,10,4
1848387435290487,1280664487290487,2023,40,1,79,349.0,3.0,1,LIGUS2,1,LIGUS2,1,2025-04-29 09:37:07,,10,4
1848387449290487,1280664490290487,2023,40,1,89,369.0,3.0,1,LECU,1,LECU,2,2025-04-29 09:37:07,,10,4
1848387470290487,1280664495290487,2023,40,1,79,221.0,1.0,1,LIGUS2,1,LIGUS2,3,2025-04-29 09:37:07,,10,4
1848387471290487,1280664495290487,2023,40,1,79,221.0,2.0,2,LIGUS2,1,LIGUS2,8,2025-04-29 09:37:07,,10,4
1848387472290487,1280664495290487,2023,40,1,79,221.0,3.0,1,LIGUS2,1,LIGUS2,14,2025-04-29 09:37:07,,10,4
1848387473290487,1280664495290487,2023,40,1,79,221.0,4.0,1,LIGUS2,1,LIGUS2,2,2025-04-29 09:37:07,,10,4
1848387474290487,1280664495290487,2023,40,1,79,221.0,1.0,1,LOJA,1,LOJA,2,2025-04-29 09:37:07,,10,4
1848386197290487,1280664370290487,2023,40,1,89,315.0,3.0,2,LECU,1,LECU,1,2025-04-29 09:37:02,,10,4
1848387475290487,1280664495290487,2023,40,1,79,221.0,2.0,2,LOJA,1,LOJA,2,2025-04-29 09:37:07,,10,4
1848387476290487,1280664495290487,2023,40,1,79,221.0,3.0,1,LOJA,1,LOJA,1,2025-04-29 09:37:07,,10,4
1848387477290487,1280664495290487,2023,40,1,79,221.0,4.0,1,LOJA,1,LOJA,1,2025-04-29 09:37:07,,10,4
1848387502290487,1280664501290487,2023,40,1,79,234.0,1.0,1,LECU,1,LECU,4,2025-04-29 09:37:07,,10,4
1848387503290487,1280664501290487,2023,40,1,79,234.0,2.0,1,LECU,1,LECU,3,2025-04-29 09:37:07,,10,4
1848387504290487,1280664501290487,2023,40,1,79,234.0,1.0,1,LIGUS2,1,LIGUS2,3,2025-04-29 09:37:07,,10,4
1848387505290487,1280664501290487,2023,40,1,79,234.0,2.0,1,LIGUS2,1,LIGUS2,2,2025-04-29 09:37:07,,10,4
1848387506290487,1280664501290487,2023,40,1,79,234.0,4.0,1,LIGUS2,1,LIGUS2,1,2025-04-29 09:37:07,,10,4
1848387507290487,1280664501290487,2023,40,1,79,234.0,4.0,1,LOJA,1,LOJA,2,2025-04-29 09:37:07,,10,4
1848387508290487,1280664501290487,2023,40,1,79,234.0,1.0,1,PYCA80,1,PYCA80,8,2025-04-29 09:37:07,,10,4
1848387509290487,1280664501290487,2023,40,1,79,234.0,3.0,1,PYCA80,1,PYCA80,8,2025-04-29 09:37:07,,10,4
1848387510290487,1280664501290487,2023,40,1,79,234.0,4.0,1,PYCA80,1,PYCA80,3,2025-04-29 09:37:07,,10,4
1848387527290487,1280664505290487,2023,40,1,121,265.0,2.0,1,LECU,1,LECU,1,2025-04-29 09:37:08,,10,4
1848387528290487,1280664505290487,2023,40,1,121,265.0,3.0,2,LECU,1,LECU,1,2025-04-29 09:37:08,,10,4
1848387529290487,1280664505290487,2023,40,1,121,265.0,4.0,1,LECU,1,LECU,1,2025-04-29 09:37:08,,10,4
1535423120290487,932991716290487,2021,40,2,91,164.0,4.0,1,LECU,1,LECU,2,2023-12-11 17:23:57,,10,2
1535423121290487,932991716290487,2021,40,2,91,164.0,1.0,1,LOJA,1,LOJA,1,2023-12-11 17:23:57,,10,2
1535423122290487,932991716290487,2021,40,2,91,164.0,2.0,1,LOJA,1,LOJA,5,2023-12-11 17:23:57,,10,2
1535423123290487,932991716290487,2021,40,2,91,164.0,3.0,1,LOJA,1,LOJA,2,2023-12-11 17:23:57,,10,2
1535423124290487,932991716290487,2021,40,2,91,164.0,3.0,1,ROSA5,1,ROSA5,1,2023-12-11 17:23:57,,10,2
1535423129290487,932991717290487,2021,40,2,91,167.0,1.0,1,LECU,1,LECU,1,2023-12-11 17:23:57,,10,2
1535423130290487,932991717290487,2021,40,2,91,167.0,2.0,1,LECU,1,LECU,1,2023-12-11 17:23:57,,10,2
1535423136290487,932991718290487,2021,40,2,91,161.0,3.0,2,EUFO5,1,EUFO5,1,2023-12-11 17:23:57,,10,2
1535423137290487,932991718290487,2021,40,2,91,161.0,3.0,2,LIGUS2,1,LIGUS2,1,2023-12-11 17:23:57,,10,2
1535423138290487,932991718290487,2021,40,2,91,161.0,3.0,2,ROSA5,1,ROSA5,2,2023-12-11 17:23:57,,10,2
1535423160290487,932991723290487,2021,40,1,121,225.0,2.0,2,LECU,1,LECU,1,2023-12-11 17:23:57,,10,2
1535422514290487,932991640290487,2021,40,1,23,143.0,1.0,1,NADO,1,NADO,2,2023-12-11 17:23:53,,10,2
1535422515290487,932991640290487,2021,40,1,23,143.0,3.0,1,NADO,1,NADO,1,2023-12-11 17:23:53,,10,2
1535422516290487,932991640290487,2021,40,1,23,143.0,2.0,1,ROSA5,1,ROSA5,1,2023-12-11 17:23:53,,10,2
1535422529290487,932991643290487,2021,40,1,127,229.0,2.0,1,ROSA5,1,ROSA5,1,2023-12-11 17:23:53,,10,2
1535422547290487,932991647290487,2021,40,1,89,318.0,4.0,1,LECU,1,LECU,4,2023-12-11 17:23:54,,10,2
1535422548290487,932991647290487,2021,40,1,89,318.0,3.0,1,LOJA,1,LOJA,1,2023-12-11 17:23:54,,10,2
1535422549290487,932991647290487,2021,40,1,89,318.0,4.0,1,LOJA,1,LOJA,1,2023-12-11 17:23:54,,10,2
1535422674290487,932991652290487,2021,40,1,127,215.0,4.0,1,LOJA,1,LOJA,3,2023-12-11 17:23:54,,10,2
1535422697290487,932991657290487,2021,40,1,77,121.0,4.0,1,LOJA,1,LOJA,1,2023-12-11 17:23:54,,10,2
1535422705290487,932991658290487,2021,40,1,77,79.0,1.0,1,LOJA,1,LOJA,1,2023-12-11 17:23:54,,10,2
1535422706290487,932991658290487,2021,40,1,77,79.0,2.0,1,LOJA,1,LOJA,1,2023-12-11 17:23:54,,10,2
1535422707290487,932991658290487,2021,40,1,77,79.0,3.0,1,LOJA,1,LOJA,1,2023-12-11 17:23:54,,10,2
1535422708290487,932991658290487,2021,40,1,77,79.0,4.0,2,LOJA,1,LOJA,1,2023-12-11 17:23:54,,10,2
1535422702290487,932991658290487,2021,40,1,77,79.0,2.0,1,LECU,1,LECU,2,2023-12-11 17:23:54,,10,2
1535422703290487,932991658290487,2021,40,1,77,79.0,3.0,1,LECU,1,LECU,1,2023-12-11 17:23:54,,10,2
1535422704290487,932991658290487,2021,40,1,77,79.0,4.0,2,LIGUS2,1,LIGUS2,1,2023-12-11 17:23:54,,10,2
1535422761290487,932991670290487,2021,40,1,121,170.0,4.0,2,LECU,1,LECU,1,2023-12-11 17:23:54,,10,2
1535422806290487,932991680290487,2021,40,1,79,240.0,3.0,1,LOJA,1,LOJA,1,2023-12-11 17:23:55,,10,2
1535422811290487,932991681290487,2021,40,1,79,212.0,1.0,1,LIGUS2,1,LIGUS2,1,2023-12-11 17:23:55,,10,2
1535422812290487,932991681290487,2021,40,1,79,212.0,2.0,1,LIGUS2,1,LIGUS2,1,2023-12-11 17:23:55,,10,2
1535422813290487,932991681290487,2021,40,1,79,212.0,3.0,2,LIGUS2,1,LIGUS2,1,2023-12-11 17:23:55,,10,2
1535422814290487,932991681290487,2021,40,1,79,212.0,4.0,1,LIGUS2,1,LIGUS2,3,2023-12-11 17:23:55,,10,2
1535422815290487,932991681290487,2021,40,1,79,212.0,2.0,1,LOJA,1,LOJA,1,2023-12-11 17:23:55,,10,2
1535422816290487,932991681290487,2021,40,1,79,212.0,4.0,1,LOJA,1,LOJA,1,2023-12-11 17:23:55,,10,2
1535422817290487,932991681290487,2021,40,1,79,212.0,1.0,1,ROSA5,1,ROSA5,2,2023-12-11 17:23:55,,10,2
1535422847290487,932991688290487,2021,40,2,1,89.0,1.0,1,EUFO5,1,EUFO5,70,2023-12-11 17:23:55,,10,2
1535422848290487,932991688290487,2021,40,2,1,89.0,2.0,1,EUFO5,1,EUFO5,3,2023-12-11 17:23:55,,10,2
1535422849290487,932991688290487,2021,40,2,1,89.0,3.0,1,EUFO5,1,EUFO5,15,2023-12-11 17:23:55,,10,2
1535422850290487,932991688290487,2021,40,2,1,89.0,4.0,1,EUFO5,1,EUFO5,45,2023-12-11 17:23:55,,10,2
1535423015290487,932991697290487,2021,40,2,101,172.0,1.0,1,LIGUS2,1,LIGUS2,1,2023-12-11 17:23:56,,10,2
1535423016290487,932991697290487,2021,40,2,101,172.0,2.0,1,LIGUS2,1,LIGUS2,3,2023-12-11 17:23:56,,10,2
1535423017290487,932991697290487,2021,40,2,101,172.0,4.0,1,LIGUS2,1,LIGUS2,3,2023-12-11 17:23:56,,10,2
1535423018290487,932991697290487,2021,40,2,101,172.0,1.0,1,LOJA,1,LOJA,1,2023-12-11 17:23:56,,10,2
1535423019290487,932991697290487,2021,40,2,101,172.0,2.0,1,LOJA,1,LOJA,2,2023-12-11 17:23:56,,10,2
1535423049290487,932991704290487,2021,40,2,97,145.0,2.0,2,LIGUS2,1,LIGUS2,7,2023-12-11 17:23:56,,10,2
1535423054290487,932991705290487,2021,40,2,97,117.0,2.0,1,ROSA5,1,ROSA5,1,2023-12-11 17:23:56,,10,2
1535423060290487,932991706290487,2021,40,2,97,127.0,1.0,1,LECU,1,LECU,1,2023-12-11 17:23:56,,10,2
1535423061290487,932991706290487,2021,40,2,97,127.0,2.0,1,LECU,1,LECU,2,2023-12-11 17:23:56,,10,2
1535423062290487,932991706290487,2021,40,2,97,127.0,1.0,1,LOJA,1,LOJA,20,2023-12-11 17:23:56,,10,2
1535423063290487,932991706290487,2021,40,2,97,127.0,1.0,1,PYCA80,1,PYCA80,1,2023-12-11 17:23:56,,10,2
1535423064290487,932991706290487,2021,40,2,97,127.0,2.0,1,ROSA5,1,ROSA5,3,2023-12-11 17:23:56,,10,2
1535423082290487,932991710290487,2021,40,1,5,167.0,1.0,1,LECU,1,LECU,1,2023-12-11 17:23:56,,10,2
1535423083290487,932991710290487,2021,40,1,5,167.0,2.0,1,LECU,1,LECU,1,2023-12-11 17:23:56,,10,2
1535423084290487,932991710290487,2021,40,1,5,167.0,3.0,1,LECU,1,LECU,1,2023-12-11 17:23:56,,10,2
1535423085290487,932991710290487,2021,40,1,5,167.0,1.0,1,ROSA5,1,ROSA5,1,2023-12-11 17:23:56,,10,2
1535423090290487,932991711290487,2021,40,1,5,144.0,1.0,1,LIGUS2,1,LIGUS2,1,2023-12-11 17:23:57,,10,2
1535423091290487,932991711290487,2021,40,1,5,144.0,2.0,1,LIGUS2,1,LIGUS2,3,2023-12-11 17:23:57,,10,2
1535423092290487,932991711290487,2021,40,1,5,144.0,3.0,1,LIGUS2,1,LIGUS2,1,2023-12-11 17:23:57,,10,2
1535422851290487,932991688290487,2021,40,2,1,89.0,3.0,1,LIGUS2,1,LIGUS2,1,2023-12-11 17:23:55,,10,2
1535422852290487,932991688290487,2021,40,2,1,89.0,4.0,1,LIGUS2,1,LIGUS2,1,2023-12-11 17:23:55,,10,2
1535422853290487,932991688290487,2021,40,2,1,89.0,3.0,1,LOJA,1,LOJA,1,2023-12-11 17:23:55,,10,2
1535422854290487,932991688290487,2021,40,2,1,89.0,4.0,1,LOJA,1,LOJA,2,2023-12-11 17:23:55,,10,2
1535422855290487,932991688290487,2021,40,2,1,89.0,1.0,1,PUMOL,1,PUMOL,1,2023-12-11 17:23:55,,10,2
1535422856290487,932991688290487,2021,40,2,1,89.0,3.0,1,PUMOL,1,PUMOL,10,2023-12-11 17:23:55,,10,2
1535422857290487,932991688290487,2021,40,2,1,89.0,4.0,1,PUMOL,1,PUMOL,20,2023-12-11 17:23:55,,10,2
1535422874290487,932991692290487,2021,40,1,77,151.0,1.0,1,LIGUS2,1,LIGUS2,3,2023-12-11 17:23:55,,10,2
1535422875290487,932991692290487,2021,40,1,77,151.0,3.0,1,LIGUS2,1,LIGUS2,8,2023-12-11 17:23:55,,10,2
1535422876290487,932991692290487,2021,40,1,77,151.0,4.0,1,LIGUS2,1,LIGUS2,1,2023-12-11 17:23:55,,10,2
1535422981290487,932991693290487,2021,40,1,77,144.0,2.0,1,LECU,1,LECU,1,2023-12-11 17:23:56,,10,2
1535422982290487,932991693290487,2021,40,1,77,144.0,3.0,1,LECU,1,LECU,1,2023-12-11 17:23:56,,10,2
1535422988290487,932991694290487,2021,40,2,101,178.0,4.0,1,LECU,1,LECU,5,2023-12-11 17:23:56,,10,2
1535422989290487,932991694290487,2021,40,2,101,178.0,1.0,1,LIGUS2,1,LIGUS2,2,2023-12-11 17:23:56,,10,2
1535422990290487,932991694290487,2021,40,2,101,178.0,2.0,1,LIGUS2,1,LIGUS2,5,2023-12-11 17:23:56,,10,2
1535422991290487,932991694290487,2021,40,2,101,178.0,3.0,1,LIGUS2,1,LIGUS2,3,2023-12-11 17:23:56,,10,2
1535422992290487,932991694290487,2021,40,2,101,178.0,3.0,2,LIGUS2,1,LIGUS2,2,2023-12-11 17:23:56,,10,2
1535422993290487,932991694290487,2021,40,2,101,178.0,4.0,1,LIGUS2,1,LIGUS2,1,2023-12-11 17:23:56,,10,2
1535422994290487,932991694290487,2021,40,2,101,178.0,1.0,1,LOJA,1,LOJA,3,2023-12-11 17:23:56,,10,2
1535422995290487,932991694290487,2021,40,2,101,178.0,2.0,1,LOJA,1,LOJA,8,2023-12-11 17:23:56,,10,2
1535422996290487,932991694290487,2021,40,2,101,178.0,4.0,1,LOJA,1,LOJA,1,2023-12-11 17:23:56,,10,2
1535422997290487,932991694290487,2021,40,2,101,178.0,1.0,1,PYCA80,1,PYCA80,4,2023-12-11 17:23:56,,10,2
1535422998290487,932991694290487,2021,40,2,101,178.0,2.0,1,PYCA80,1,PYCA80,2,2023-12-11 17:23:56,,10,2
1535422999290487,932991694290487,2021,40,2,101,178.0,3.0,1,PYCA80,1,PYCA80,1,2023-12-11 17:23:56,,10,2
1535423000290487,932991694290487,2021,40,2,101,178.0,4.0,1,PYCA80,1,PYCA80,5,2023-12-11 17:23:56,,10,2
1535423001290487,932991694290487,2021,40,2,101,178.0,2.0,1,ROSA5,1,ROSA5,1,2023-12-11 17:23:56,,10,2
1535423002290487,932991694290487,2021,40,2,101,178.0,4.0,1,ROSA5,1,ROSA5,1,2023-12-11 17:23:56,,10,2
1535423093290487,932991711290487,2021,40,1,5,144.0,4.0,1,LIGUS2,1,LIGUS2,1,2023-12-11 17:23:57,,10,2
1535423103290487,932991713290487,2021,40,1,5,205.0,1.0,1,LECU,1,LECU,20,2023-12-11 17:23:57,,10,2
1535423104290487,932991713290487,2021,40,1,5,205.0,3.0,1,LECU,1,LECU,4,2023-12-11 17:23:57,,10,2
1535423105290487,932991713290487,2021,40,1,5,205.0,4.0,1,LECU,1,LECU,20,2023-12-11 17:23:57,,10,2
1535423106290487,932991713290487,2021,40,1,5,205.0,1.0,1,LIGUS2,1,LIGUS2,6,2023-12-11 17:23:57,,10,2
1535423119290487,932991716290487,2021,40,2,91,164.0,2.0,1,ALJU,1,ALJU,1,2023-12-11 17:23:57,,10,2
1685243073290487,946083787290487,2022,40,1,89,263.0,1.0,1,LOJA,1,LOJA,3,2024-10-18 09:40:12,,10,3
1685243074290487,946083787290487,2022,40,1,89,263.0,2.0,1,LOJA,1,LOJA,3,2024-10-18 09:40:12,,10,3
1685243075290487,946083787290487,2022,40,1,89,263.0,3.0,1,LOJA,1,LOJA,1,2024-10-18 09:40:12,,10,3
1685243076290487,946083787290487,2022,40,1,89,263.0,4.0,1,LOJA,1,LOJA,1,2024-10-18 09:40:12,,10,3
1685243085290487,946083789290487,2022,40,1,89,306.0,2.0,1,ALJU,1,ALJU,1,2024-10-18 09:40:12,,10,3
1685243086290487,946083789290487,2022,40,1,89,306.0,2.0,1,LOJA,1,LOJA,15,2024-10-18 09:40:12,,10,3
1685243087290487,946083789290487,2022,40,1,89,306.0,4.0,1,LOJA,1,LOJA,20,2024-10-18 09:40:12,,10,3
1685243092290487,946083790290487,2022,40,1,79,292.0,1.0,1,LOJA,1,LOJA,2,2024-10-18 09:40:12,,10,3
1685243197290487,946083791290487,2022,40,1,89,277.0,1.0,1,LOJA,1,LOJA,1,2024-10-18 09:40:12,,10,3
1685243202290487,946083792290487,2022,40,1,89,289.0,2.0,1,LIGUS2,1,LIGUS2,1,2024-10-18 09:40:12,,10,3
1685243208290487,946083793290487,2022,40,1,89,270.0,1.0,1,LIGUS2,1,LIGUS2,1,2024-10-18 09:40:12,,10,3
1685243219290487,946083795290487,2022,40,1,29,76.0,2.0,2,LIGUS2,1,LIGUS2,2,2024-10-18 09:40:12,,10,3
1685243276290487,946083809290487,2022,40,1,23,154.0,3.0,1,LECU,1,LECU,10,2024-10-18 09:40:13,,10,3
1685243277290487,946083809290487,2022,40,1,23,154.0,1.0,1,LOJA,1,LOJA,1,2024-10-18 09:40:13,,10,3
1685243291290487,946083812290487,2022,40,1,121,249.0,2.0,1,LECU,1,LECU,1,2024-10-18 09:40:13,,10,3
1685243292290487,946083812290487,2022,40,1,121,249.0,4.0,1,LECU,1,LECU,1,2024-10-18 09:40:13,,10,3
1685243405290487,946082387290487,2022,40,5,51,33.0,1.0,1,LECU,1,LECU,5,2024-10-18 09:40:13,,3,4
1685243406290487,946082387290487,2022,40,5,51,33.0,3.0,1,LECU,1,LECU,3,2024-10-18 09:40:13,,3,4
1685243407290487,946082387290487,2022,40,5,51,33.0,4.0,1,LECU,1,LECU,5,2024-10-18 09:40:13,,3,4
1685243434290487,946082393290487,2022,40,3,35,2.0,4.0,2,EUFO5,1,EUFO5,4,2024-10-18 09:40:13,,3,4
1685243435290487,946082393290487,2022,40,3,35,2.0,4.0,2,LIGUS2,1,LIGUS2,10,2024-10-18 09:40:13,,3,4
1685243436290487,946082393290487,2022,40,3,35,2.0,4.0,2,LOJA,1,LOJA,5,2024-10-18 09:40:13,,3,4
1685243437290487,946082393290487,2022,40,3,35,2.0,4.0,2,ROSA5,1,ROSA5,6,2024-10-18 09:40:13,,3,4
1685243459290487,946082398290487,2022,40,3,113,104.0,1.0,1,LECU,1,LECU,45,2024-10-18 09:40:14,,3,4
1685243460290487,946082398290487,2022,40,3,113,104.0,2.0,1,LECU,1,LECU,1,2024-10-18 09:40:14,,3,4
1685243461290487,946082398290487,2022,40,3,113,104.0,3.0,1,LECU,1,LECU,30,2024-10-18 09:40:14,,3,4
1685243462290487,946082398290487,2022,40,3,113,104.0,4.0,1,LECU,1,LECU,3,2024-10-18 09:40:14,,3,4
1685243471290487,946082400290487,2022,40,3,113,45.0,3.0,2,LECU,1,LECU,1,2024-10-18 09:40:14,,3,4
1685243536290487,946082416290487,2022,40,4,107,46.0,3.0,1,LECU,1,LECU,1,2024-10-18 09:40:15,,3,4
1685243640290487,946082422290487,2022,40,3,37,34.0,1.0,2,LECU,1,LECU,1,2024-10-18 09:40:15,,3,4
1685243646290487,946082423290487,2022,40,3,37,38.0,3.0,2,LECU,1,LECU,1,2024-10-18 09:40:15,,3,4
1685243647290487,946082423290487,2022,40,3,37,38.0,4.0,2,LECU,1,LECU,3,2024-10-18 09:40:15,,3,4
1685243728290487,946082443290487,2022,40,4,63,86.0,1.0,1,LECU,1,LECU,2,2024-10-18 09:40:20,,3,4
1685243729290487,946082443290487,2022,40,4,63,86.0,2.0,1,LECU,1,LECU,2,2024-10-18 09:40:20,,3,4
1685243730290487,946082443290487,2022,40,4,63,86.0,3.0,1,LECU,1,LECU,2,2024-10-18 09:40:20,,3,4
1685243731290487,946082443290487,2022,40,4,63,86.0,2.0,1,ROSA5,1,ROSA5,1,2024-10-18 09:40:20,,3,4
1535423161290487,932991723290487,2021,40,1,121,225.0,2.0,2,LOJA,1,LOJA,5,2023-12-11 17:23:57,,10,2
1535423174290487,932991726290487,2021,40,1,121,286.0,1.0,1,LECU,1,LECU,2,2023-12-11 17:23:57,,10,2
1535423175290487,932991726290487,2021,40,1,121,286.0,2.0,1,LECU,1,LECU,5,2023-12-11 17:23:57,,10,2
1535423176290487,932991726290487,2021,40,1,121,286.0,3.0,1,LECU,1,LECU,1,2023-12-11 17:23:57,,10,2
1535423177290487,932991726290487,2021,40,1,121,286.0,4.0,1,LECU,1,LECU,1,2023-12-11 17:23:57,,10,2
1535423202290487,932991732290487,2021,40,1,13,211.0,1.0,1,LIGUS2,1,LIGUS2,1,2023-12-11 17:23:57,,10,2
1535423203290487,932991732290487,2021,40,1,13,211.0,4.0,1,LIGUS2,1,LIGUS2,1,2023-12-11 17:23:57,,10,2
1535423232290487,932991739290487,2021,40,1,5,200.0,3.0,1,LIGUS2,1,LIGUS2,1,2023-12-11 17:23:58,,10,2
1535423272290487,932991748290487,2021,40,1,79,196.0,2.0,2,LIGUS2,1,LIGUS2,10,2023-12-11 17:23:58,,10,2
1535423278290487,932991749290487,2021,40,1,79,305.0,1.0,1,LIGUS2,1,LIGUS2,1,2023-12-11 17:23:58,,10,2
1535423279290487,932991749290487,2021,40,1,79,305.0,3.0,1,LIGUS2,1,LIGUS2,2,2023-12-11 17:23:58,,10,2
1535423280290487,932991749290487,2021,40,1,79,305.0,1.0,1,POTR4,1,POTR4,50,2023-12-11 17:23:58,,10,2
1535423285290487,932991750290487,2021,40,1,89,307.0,4.0,1,LOJA,1,LOJA,5,2023-12-11 17:23:58,,10,2
1535423291290487,932991751290487,2021,40,1,89,323.0,3.0,1,LIGUS2,1,LIGUS2,1,2023-12-11 17:23:58,,10,2
1535423292290487,932991751290487,2021,40,1,89,323.0,4.0,1,LIGUS2,1,LIGUS2,1,2023-12-11 17:23:58,,10,2
1685244906290487,946082619290487,2022,40,4,125,63.0,2.0,2,PYCA80,1,PYCA80,3,2024-10-18 09:40:34,,3,4
1685244907290487,946082619290487,2022,40,4,125,63.0,2.0,2,ROSA5,1,ROSA5,10,2024-10-18 09:40:34,,3,4
1685244908290487,946082619290487,2022,40,4,125,63.0,3.0,2,ROSA5,1,ROSA5,1,2024-10-18 09:40:34,,3,4
1685244917290487,946082621290487,2022,40,3,119,23.0,1.0,1,AIAL,1,AIAL,3,2024-10-18 09:40:35,,3,4
1685244918290487,946082621290487,2022,40,3,119,23.0,4.0,1,AIAL,1,AIAL,3,2024-10-18 09:40:35,,3,4
1685244919290487,946082621290487,2022,40,3,119,23.0,1.0,1,ROSA5,1,ROSA5,2,2024-10-18 09:40:35,,3,4
1685244920290487,946082621290487,2022,40,3,119,23.0,4.0,1,ROSA5,1,ROSA5,1,2024-10-18 09:40:35,,3,4
1685245009290487,946082630290487,2022,40,4,49,74.0,1.0,1,LECU,1,LECU,1,2024-10-18 09:40:35,,3,4
1685245010290487,946082630290487,2022,40,4,49,74.0,2.0,1,LECU,1,LECU,1,2024-10-18 09:40:35,,3,4
1685245015290487,946082631290487,2022,40,4,109,29.0,3.0,2,LOJA,1,LOJA,3,2024-10-18 09:40:35,,3,4
1685245028290487,946082634290487,2022,40,4,27,31.0,1.0,1,LIGUS2,1,LIGUS2,2,2024-10-18 09:40:35,,3,4
1685245029290487,946082634290487,2022,40,4,27,31.0,2.0,1,LIGUS2,1,LIGUS2,1,2024-10-18 09:40:35,,3,4
1685245030290487,946082634290487,2022,40,4,27,31.0,4.0,1,LIGUS2,1,LIGUS2,1,2024-10-18 09:40:35,,3,4
1685245031290487,946082634290487,2022,40,4,27,31.0,1.0,1,LOJA,1,LOJA,4,2024-10-18 09:40:35,,3,4
1685245032290487,946082634290487,2022,40,4,27,31.0,2.0,1,LOJA,1,LOJA,2,2024-10-18 09:40:35,,3,4
1685245033290487,946082634290487,2022,40,4,27,31.0,4.0,1,LOJA,1,LOJA,16,2024-10-18 09:40:35,,3,4
1685245034290487,946082634290487,2022,40,4,27,31.0,1.0,1,LONIC,1,LONIC,1,2024-10-18 09:40:35,,3,4
1685245035290487,946082634290487,2022,40,4,27,31.0,1.0,1,ROSA5,1,ROSA5,2,2024-10-18 09:40:35,,3,4
1685245036290487,946082634290487,2022,40,4,27,31.0,2.0,1,ROSA5,1,ROSA5,1,2024-10-18 09:40:35,,3,4
1685245222290487,946082655290487,2022,40,5,11,44.0,1.0,1,LESPE,1,LESPE,20,2024-10-18 09:40:36,,3,4
1685245223290487,946082655290487,2022,40,5,11,44.0,2.0,1,LESPE,1,LESPE,18,2024-10-18 09:40:36,,3,4
1685245224290487,946082655290487,2022,40,5,11,44.0,3.0,1,LESPE,1,LESPE,2,2024-10-18 09:40:36,,3,4
1685245225290487,946082655290487,2022,40,5,11,44.0,4.0,1,LESPE,1,LESPE,38,2024-10-18 09:40:36,,3,4
1685245299290487,946082673290487,2022,40,3,145,10.0,1.0,1,LECU,1,LECU,1,2024-10-18 09:40:36,,3,4
1685245312290487,946082676290487,2022,40,3,37,32.0,3.0,1,LECU,1,LECU,1,2024-10-18 09:40:36,,3,4
1685245346290487,946082684290487,2022,40,3,37,100.0,4.0,2,LECU,1,LECU,1,2024-10-18 09:40:36,,3,4
1685245427290487,946082703290487,2022,40,4,87,25.0,3.0,2,LECU,1,LECU,1,2024-10-18 09:40:37,,3,4
1685245448290487,946082708290487,2022,40,5,15,4.0,1.0,1,LECU,1,LECU,10,2024-10-18 09:40:37,,3,4
1685245449290487,946082708290487,2022,40,5,15,4.0,2.0,1,LECU,1,LECU,2,2024-10-18 09:40:37,,3,4
1685245450290487,946082708290487,2022,40,5,15,4.0,3.0,1,LECU,1,LECU,4,2024-10-18 09:40:37,,3,4
1685245451290487,946082708290487,2022,40,5,15,4.0,4.0,1,LECU,1,LECU,4,2024-10-18 09:40:37,,3,4
1685245466290487,946082711290487,2022,40,5,15,21.0,3.0,3,LECU,1,LECU,2,2024-10-18 09:40:37,,3,4
1685245554290487,946082731290487,2022,40,4,69,27.0,2.0,1,LECU,1,LECU,1,2024-10-18 09:40:38,,3,4
1685245555290487,946082731290487,2022,40,4,69,27.0,3.0,2,LECU,1,LECU,1,2024-10-18 09:40:38,,3,4
1685245556290487,946082731290487,2022,40,4,69,27.0,1.0,1,LIGUS2,1,LIGUS2,3,2024-10-18 09:40:38,,3,4
1685245557290487,946082731290487,2022,40,4,69,27.0,3.0,2,LIGUS2,1,LIGUS2,3,2024-10-18 09:40:38,,3,4
1685245558290487,946082731290487,2022,40,4,69,27.0,4.0,1,LIGUS2,1,LIGUS2,1,2024-10-18 09:40:38,,3,4
1685245571290487,946082734290487,2022,40,4,63,81.0,1.0,1,LECU,1,LECU,1,2024-10-18 09:40:38,,3,4
1685245572290487,946082734290487,2022,40,4,63,81.0,2.0,1,LECU,1,LECU,1,2024-10-18 09:40:38,,3,4
1685245573290487,946082734290487,2022,40,4,63,81.0,3.0,1,LECU,1,LECU,1,2024-10-18 09:40:38,,3,4
1685245574290487,946082734290487,2022,40,4,63,81.0,4.0,1,LECU,1,LECU,1,2024-10-18 09:40:38,,3,4
1685245727290487,946082772290487,2022,40,5,43,95.0,1.0,1,TAMAR2,1,TAMAR2,20,2024-10-18 09:40:39,,3,4
1685245728290487,946082772290487,2022,40,5,43,95.0,2.0,1,TAMAR2,1,TAMAR2,15,2024-10-18 09:40:39,,3,4
1685245729290487,946082772290487,2022,40,5,43,95.0,3.0,1,TAMAR2,1,TAMAR2,15,2024-10-18 09:40:39,,3,4
1685245730290487,946082772290487,2022,40,5,43,95.0,4.0,1,TAMAR2,1,TAMAR2,22,2024-10-18 09:40:39,,3,4
1848382237290487,1280643032290487,2023,40,4,107,54.0,1.0,1,LECU,1,LECU,28,2025-04-29 09:36:36,,3,5
1848382239290487,1280643032290487,2023,40,4,107,54.0,2.0,1,LECU,1,LECU,38,2025-04-29 09:36:36,,3,5
1848382240290487,1280643032290487,2023,40,4,107,54.0,3.0,1,LECU,1,LECU,2,2025-04-29 09:36:36,,3,5
1848382241290487,1280643032290487,2023,40,4,107,54.0,1.0,1,ROSA5,1,ROSA5,5,2025-04-29 09:36:36,,3,5
1848382246290487,1280643033290487,2023,40,4,133,7.0,1.0,1,LECU,1,LECU,1,2025-04-29 09:36:36,,3,5
1848382261290487,1280643036290487,2023,40,3,37,47.0,1.0,1,LECU,1,LECU,10,2025-04-29 09:36:37,,3,5
1848382262290487,1280643036290487,2023,40,3,37,47.0,2.0,1,LECU,1,LECU,15,2025-04-29 09:36:37,,3,5
1848382263290487,1280643036290487,2023,40,3,37,47.0,3.0,1,LECU,1,LECU,10,2025-04-29 09:36:37,,3,5
1848382264290487,1280643036290487,2023,40,3,37,47.0,4.0,1,LECU,1,LECU,6,2025-04-29 09:36:37,,3,5
1848382271290487,1280643037290487,2023,40,3,37,62.0,2.0,2,LECU,1,LECU,1,2025-04-29 09:36:37,,3,5
1848382315290487,1280643047290487,2023,40,4,123,32.0,1.0,2,LIGUS2,1,LIGUS2,2,2025-04-29 09:36:37,,3,5
1848382316290487,1280643047290487,2023,40,4,123,32.0,4.0,2,ROSA5,1,ROSA5,1,2025-04-29 09:36:37,,3,5
1848382327290487,1280643049290487,2023,40,4,123,56.0,1.0,1,LECU,1,LECU,18,2025-04-29 09:36:37,,3,5
1848382328290487,1280643049290487,2023,40,4,123,56.0,2.0,1,LECU,1,LECU,3,2025-04-29 09:36:37,,3,5
1848382329290487,1280643049290487,2023,40,4,123,56.0,2.0,2,LECU,1,LECU,1,2025-04-29 09:36:37,,3,5
1848382330290487,1280643049290487,2023,40,4,123,56.0,3.0,1,LECU,1,LECU,2,2025-04-29 09:36:37,,3,5
1848382331290487,1280643049290487,2023,40,4,123,56.0,4.0,1,LECU,1,LECU,2,2025-04-29 09:36:37,,3,5
1848382336290487,1280643054290487,2023,40,4,69,41.0,2.0,1,LECU,1,LECU,1,2025-04-29 09:36:37,,3,5
1848382337290487,1280643054290487,2023,40,4,69,41.0,3.0,1,LECU,1,LECU,4,2025-04-29 09:36:37,,3,5
1848382338290487,1280643054290487,2023,40,4,69,41.0,4.0,1,LECU,1,LECU,2,2025-04-29 09:36:37,,3,5
1848382339290487,1280643054290487,2023,40,4,69,41.0,4.0,1,LOJA,1,LOJA,1,2025-04-29 09:36:37,,3,5
1848382344290487,1280643055290487,2023,40,4,133,18.0,1.0,1,LIGUS2,1,LIGUS2,2,2025-04-29 09:36:37,,3,5
1848382345290487,1280643055290487,2023,40,4,133,18.0,2.0,1,LIGUS2,1,LIGUS2,4,2025-04-29 09:36:37,,3,5
1848382346290487,1280643055290487,2023,40,4,133,18.0,3.0,1,LIGUS2,1,LIGUS2,1,2025-04-29 09:36:37,,3,5
1848382347290487,1280643055290487,2023,40,4,133,18.0,4.0,1,LIGUS2,1,LIGUS2,3,2025-04-29 09:36:37,,3,5
1848382348290487,1280643055290487,2023,40,4,133,18.0,1.0,1,LOJA,1,LOJA,8,2025-04-29 09:36:37,,3,5
1848382349290487,1280643055290487,2023,40,4,133,18.0,2.0,1,LOJA,1,LOJA,1,2025-04-29 09:36:37,,3,5
1848382350290487,1280643055290487,2023,40,4,133,18.0,3.0,1,LOJA,1,LOJA,45,2025-04-29 09:36:37,,3,5
1848382351290487,1280643055290487,2023,40,4,133,18.0,4.0,1,LOJA,1,LOJA,40,2025-04-29 09:36:37,,3,5
1848382359290487,1280643056290487,2023,40,4,133,38.0,1.0,1,LECU,1,LECU,3,2025-04-29 09:36:37,,3,5
1848382360290487,1280643056290487,2023,40,4,133,38.0,2.0,1,LECU,1,LECU,18,2025-04-29 09:36:37,,3,5
1685244905290487,946082619290487,2022,40,4,125,63.0,3.0,2,LOJA,1,LOJA,1,2024-10-18 09:40:34,,3,4
1294875136290487,821947561290487,2020,40,1,13,201.0,4.0,3,LECU,1,LECU,1,2023-03-21 10:43:21,,10,1
1294875152290487,821947564290487,2020,40,1,121,285.0,3.0,2,LECU,1,LECU,2,2023-03-21 10:43:21,,10,1
1294875153290487,821947564290487,2020,40,1,121,285.0,4.0,2,LECU,1,LECU,2,2023-03-21 10:43:21,,10,1
1294875154290487,821947564290487,2020,40,1,121,285.0,3.0,2,LIGUS2,1,LIGUS2,7,2023-03-21 10:43:21,,10,1
1294875155290487,821947564290487,2020,40,1,121,285.0,4.0,2,LIGUS2,1,LIGUS2,2,2023-03-21 10:43:21,,10,1
1294875180290487,821947570290487,2020,40,1,89,311.0,1.0,1,LIGUS2,1,LIGUS2,1,2023-03-21 10:43:21,,10,1
1294875181290487,821947570290487,2020,40,1,89,311.0,4.0,1,LIGUS2,1,LIGUS2,5,2023-03-21 10:43:21,,10,1
1294875190290487,821947572290487,2020,40,1,89,314.0,1.0,1,LECU,1,LECU,2,2023-03-21 10:43:21,,10,1
1294875191290487,821947572290487,2020,40,1,89,314.0,3.0,1,LECU,1,LECU,3,2023-03-21 10:43:21,,10,1
1294875192290487,821947572290487,2020,40,1,89,314.0,4.0,1,LECU,1,LECU,1,2023-03-21 10:43:21,,10,1
1294875214290487,821947577290487,2020,40,1,79,201.0,1.0,1,LECU,1,LECU,1,2023-03-21 10:43:21,,10,1
1294875215290487,821947577290487,2020,40,1,79,201.0,2.0,1,PYCA80,1,PYCA80,1,2023-03-21 10:43:21,,10,1
1294875216290487,821947577290487,2020,40,1,79,201.0,3.0,1,PYCA80,1,PYCA80,1,2023-03-21 10:43:21,,10,1
1294875217290487,821947577290487,2020,40,1,79,201.0,4.0,1,PYCA80,1,PYCA80,1,2023-03-21 10:43:21,,10,1
1294875242290487,821947582290487,2020,40,1,79,313.0,1.0,1,LECU,1,LECU,1,2023-03-21 10:43:22,,10,1
1294875243290487,821947582290487,2020,40,1,79,313.0,2.0,1,LECU,1,LECU,2,2023-03-21 10:43:22,,10,1
1294875264290487,821947587290487,2020,40,1,77,127.0,3.0,2,LECU,1,LECU,15,2023-03-21 10:43:22,,10,1
1294875282290487,821947591290487,2020,40,2,135,151.0,2.0,2,LECU,1,LECU,7,2023-03-21 10:43:22,,10,1
1294875283290487,821947591290487,2020,40,2,135,151.0,4.0,2,LECU,1,LECU,2,2023-03-21 10:43:22,,10,1
1294875296290487,821947594290487,2020,40,2,135,115.0,1.0,1,LECU,1,LECU,2,2023-03-21 10:43:22,,10,1
1294875306290487,821947596290487,2020,40,2,135,162.0,1.0,1,LECU,1,LECU,4,2023-03-21 10:43:22,,10,1
1294875307290487,821947596290487,2020,40,2,135,162.0,1.0,1,LIGUS2,1,LIGUS2,50,2023-03-21 10:43:22,,10,1
1294875308290487,821947596290487,2020,40,2,135,162.0,2.0,1,LIGUS2,1,LIGUS2,5,2023-03-21 10:43:22,,10,1
1294875309290487,821947596290487,2020,40,2,135,162.0,2.0,2,LIGUS2,1,LIGUS2,1,2023-03-21 10:43:22,,10,1
1294875310290487,821947596290487,2020,40,2,135,162.0,3.0,1,LIGUS2,1,LIGUS2,23,2023-03-21 10:43:22,,10,1
1294875311290487,821947596290487,2020,40,2,135,162.0,4.0,1,LIGUS2,1,LIGUS2,23,2023-03-21 10:43:22,,10,1
1294875312290487,821947596290487,2020,40,2,135,162.0,1.0,1,LOJA,1,LOJA,3,2023-03-21 10:43:22,,10,1
1294875313290487,821947596290487,2020,40,2,135,162.0,2.0,1,LOJA,1,LOJA,2,2023-03-21 10:43:22,,10,1
1294875314290487,821947596290487,2020,40,2,135,162.0,3.0,1,LOJA,1,LOJA,7,2023-03-21 10:43:22,,10,1
1294875315290487,821947596290487,2020,40,2,135,162.0,4.0,1,LOJA,1,LOJA,3,2023-03-21 10:43:22,,10,1
1294875316290487,821947596290487,2020,40,2,135,162.0,1.0,1,MIVI,1,MIVI,55,2023-03-21 10:43:22,,10,1
1294875118290487,821947557290487,2020,40,1,5,201.0,3.0,1,LIGUS2,1,LIGUS2,1,2023-03-21 10:43:21,,10,1
1294875317290487,821947596290487,2020,40,2,135,162.0,3.0,1,MIVI,1,MIVI,3,2023-03-21 10:43:22,,10,1
1294875318290487,821947596290487,2020,40,2,135,162.0,4.0,1,MIVI,1,MIVI,20,2023-03-21 10:43:22,,10,1
1294875319290487,821947596290487,2020,40,2,135,162.0,1.0,1,PYCA80,1,PYCA80,6,2023-03-21 10:43:22,,10,1
1294875320290487,821947596290487,2020,40,2,135,162.0,2.0,1,PYCA80,1,PYCA80,10,2023-03-21 10:43:22,,10,1
1294875321290487,821947596290487,2020,40,2,135,162.0,1.0,1,ROSA5,1,ROSA5,2,2023-03-21 10:43:22,,10,1
1294875334290487,821947599290487,2020,40,1,61,123.0,2.0,1,LECU,1,LECU,1,2023-03-21 10:43:22,,10,1
1294875339290487,821947600290487,2020,40,1,61,132.0,3.0,1,LECU,1,LECU,2,2023-03-21 10:43:22,,10,1
1294875344290487,821947601290487,2020,40,2,41,133.0,3.0,2,ROSA5,1,ROSA5,1,2023-03-21 10:43:22,,10,1
1294875361290487,821947605290487,2020,40,2,21,119.0,2.0,2,LECU,1,LECU,1,2023-03-21 10:43:22,,10,1
1848382361290487,1280643056290487,2023,40,4,133,38.0,3.0,1,LECU,1,LECU,50,2025-04-29 09:36:37,,3,5
1848382362290487,1280643056290487,2023,40,4,133,38.0,4.0,1,LECU,1,LECU,1,2025-04-29 09:36:37,,3,5
1848382368290487,1280643058290487,2023,40,4,133,40.0,1.0,1,LECU,1,LECU,1,2025-04-29 09:36:37,,3,5
1848382369290487,1280643058290487,2023,40,4,133,40.0,1.0,2,LECU,1,LECU,2,2025-04-29 09:36:37,,3,5
1848382370290487,1280643058290487,2023,40,4,133,40.0,2.0,2,LECU,1,LECU,1,2025-04-29 09:36:37,,3,5
1848382371290487,1280643058290487,2023,40,4,133,40.0,3.0,1,LECU,1,LECU,1,2025-04-29 09:36:37,,3,5
1848382466290487,1280643107290487,2023,40,3,113,17.0,1.0,1,LECU,1,LECU,3,2025-04-29 09:36:38,,3,5
1848382467290487,1280643107290487,2023,40,3,113,17.0,2.0,1,LECU,1,LECU,1,2025-04-29 09:36:38,,3,5
1848382468290487,1280643107290487,2023,40,3,113,17.0,3.0,1,LECU,1,LECU,1,2025-04-29 09:36:38,,3,5
1848382511290487,1280643121290487,2023,40,4,123,10.0,1.0,1,LECU,1,LECU,8,2025-04-29 09:36:38,,3,5
1848382512290487,1280643121290487,2023,40,4,123,10.0,2.0,1,LECU,1,LECU,3,2025-04-29 09:36:38,,3,5
1848382513290487,1280643121290487,2023,40,4,123,10.0,3.0,1,LECU,1,LECU,1,2025-04-29 09:36:38,,3,5
1848382514290487,1280643121290487,2023,40,4,123,10.0,4.0,1,LECU,1,LECU,1,2025-04-29 09:36:38,,3,5
1848382515290487,1280643121290487,2023,40,4,123,10.0,3.0,1,LOJA,1,LOJA,5,2025-04-29 09:36:38,,3,5
1848382516290487,1280643121290487,2023,40,4,123,10.0,3.0,1,PYCA80,1,PYCA80,5,2025-04-29 09:36:38,,3,5
1848382532290487,1280643258290487,2023,40,4,99,10.0,2.0,2,LECU,1,LECU,1,2025-04-29 09:36:39,,3,5
1848382533290487,1280643258290487,2023,40,4,99,10.0,3.0,2,PYCA80,1,PYCA80,1,2025-04-29 09:36:39,,3,5
1848382602290487,1280643262290487,2023,40,4,125,22.0,1.0,1,LECU,1,LECU,15,2025-04-29 09:36:39,,3,5
1848382603290487,1280643262290487,2023,40,4,125,22.0,3.0,1,LECU,1,LECU,18,2025-04-29 09:36:39,,3,5
1848382713290487,1280643264290487,2023,40,4,125,33.0,3.0,1,LECU,1,LECU,30,2025-04-29 09:36:40,,3,5
1848382714290487,1280643264290487,2023,40,4,125,33.0,4.0,1,LECU,1,LECU,4,2025-04-29 09:36:40,,3,5
1848382715290487,1280643264290487,2023,40,4,125,33.0,1.0,1,PYCA80,1,PYCA80,3,2025-04-29 09:36:40,,3,5
1848382731290487,1280643268290487,2023,40,4,81,24.0,1.0,1,LECU,1,LECU,5,2025-04-29 09:36:40,,3,5
1848382732290487,1280643268290487,2023,40,4,81,24.0,2.0,1,LECU,1,LECU,5,2025-04-29 09:36:40,,3,5
1848382763290487,1280643285290487,2023,40,4,49,31.0,3.0,3,ALJU,1,ALJU,1,2025-04-29 09:36:42,,3,5
1848382764290487,1280643285290487,2023,40,4,49,31.0,3.0,3,LECU,1,LECU,1,2025-04-29 09:36:42,,3,5
1848382765290487,1280643285290487,2023,40,4,49,31.0,3.0,3,LIGUS2,1,LIGUS2,1,2025-04-29 09:36:42,,3,5
1848382766290487,1280643285290487,2023,40,4,49,31.0,3.0,3,PYCA80,1,PYCA80,1,2025-04-29 09:36:42,,3,5
1848382781290487,1280643288290487,2023,40,4,49,47.0,2.0,1,LECU,1,LECU,2,2025-04-29 09:36:43,,3,5
1294874017290487,821947454290487,2020,40,2,97,107.0,4.0,1,LECU,1,LECU,1,2023-03-21 10:43:16,,10,1
1294874134290487,821947458290487,2020,40,2,115,63.0,4.0,2,EUFO5,1,EUFO5,1,2023-03-21 10:43:17,,10,1
1294874135290487,821947458290487,2020,40,2,115,63.0,4.0,2,LECU,1,LECU,1,2023-03-21 10:43:17,,10,1
1294874156290487,821947463290487,2020,40,1,89,370.0,2.0,1,LIGUS2,1,LIGUS2,4,2023-03-21 10:43:17,,10,1
1294874157290487,821947463290487,2020,40,1,89,370.0,3.0,1,LIGUS2,1,LIGUS2,4,2023-03-21 10:43:17,,10,1
1294874158290487,821947463290487,2020,40,1,89,370.0,4.0,2,LIGUS2,1,LIGUS2,4,2023-03-21 10:43:17,,10,1
1294874159290487,821947463290487,2020,40,1,89,370.0,1.0,1,LOJA,1,LOJA,1,2023-03-21 10:43:17,,10,1
1294874160290487,821947463290487,2020,40,1,89,370.0,2.0,1,LOJA,1,LOJA,1,2023-03-21 10:43:17,,10,1
1294874166290487,821947464290487,2020,40,1,89,328.0,1.0,1,LECU,1,LECU,1,2023-03-21 10:43:17,,10,1
1294874167290487,821947464290487,2020,40,1,89,328.0,1.0,1,LIGUS2,1,LIGUS2,2,2023-03-21 10:43:17,,10,1
502234633126144,386237861489998,2016,40,3,37,20.0,4.0,1,LECU,1,LECU,1,2018-02-07 14:54:55,,2,8
502234634126144,386237861489998,2016,40,3,37,20.0,2.0,1,ROSA5,1,ROSA5,2,2018-02-07 14:54:55,,2,8
502234635126144,386237861489998,2016,40,3,37,20.0,3.0,1,ROSA5,1,ROSA5,1,2018-02-07 14:54:55,,2,8
502234636126144,386237861489998,2016,40,3,37,20.0,4.0,1,ROSA5,1,ROSA5,3,2018-02-07 14:54:55,,2,8
502234767126144,386237890489998,2016,40,5,51,22.0,1.0,1,LECU,1,LECU,1,2018-02-07 14:54:56,,2,8
502234768126144,386237890489998,2016,40,5,51,22.0,2.0,1,LECU,1,LECU,5,2018-02-07 14:54:56,,2,8
502234863126144,386237896489998,2016,40,4,111,1.0,1.0,1,LECU,1,LECU,1,2018-02-07 14:54:57,,2,8
502234864126144,386237896489998,2016,40,4,111,1.0,2.0,1,LECU,1,LECU,2,2018-02-07 14:54:57,,2,8
502234865126144,386237896489998,2016,40,4,111,1.0,3.0,1,LECU,1,LECU,1,2018-02-07 14:54:57,,2,8
502234866126144,386237896489998,2016,40,4,111,1.0,4.0,1,LECU,1,LECU,1,2018-02-07 14:54:57,,2,8
502234867126144,386237896489998,2016,40,4,111,1.0,3.0,1,ROSA5,1,ROSA5,1,2018-02-07 14:54:57,,2,8
502234913126144,386237903489998,2016,40,4,63,30.0,1.0,1,LECU,1,LECU,1,2018-02-07 14:54:57,,2,8
502234914126144,386237903489998,2016,40,4,63,30.0,2.0,1,LECU,1,LECU,20,2018-02-07 14:54:57,,2,8
502234915126144,386237903489998,2016,40,4,63,30.0,2.0,1,ROSA5,1,ROSA5,1,2018-02-07 14:54:57,,2,8
502235052126144,386237910489998,2016,40,3,113,168.0,1.0,1,LECU,1,LECU,1,2018-02-07 14:54:57,,2,8
502235053126144,386237910489998,2016,40,3,113,168.0,2.0,1,LECU,1,LECU,2,2018-02-07 14:54:57,,2,8
502235054126144,386237910489998,2016,40,3,113,168.0,3.0,1,LECU,1,LECU,1,2018-02-07 14:54:57,,2,8
502235055126144,386237910489998,2016,40,3,113,168.0,4.0,1,LECU,1,LECU,5,2018-02-07 14:54:57,,2,8
502235064126144,386237911489998,2016,40,3,113,170.0,1.0,1,LECU,1,LECU,2,2018-02-07 14:54:58,,2,8
502235065126144,386237911489998,2016,40,3,113,170.0,3.0,1,LECU,1,LECU,5,2018-02-07 14:54:58,,2,8
502235066126144,386237911489998,2016,40,3,113,170.0,1.0,1,ROSA5,1,ROSA5,5,2018-02-07 14:54:58,,2,8
502235067126144,386237911489998,2016,40,3,113,170.0,2.0,1,ROSA5,1,ROSA5,4,2018-02-07 14:54:58,,2,8
502235068126144,386237911489998,2016,40,3,113,170.0,4.0,1,ROSA5,1,ROSA5,2,2018-02-07 14:54:58,,2,8
502235090126144,386237914489998,2016,40,3,117,15.0,1.0,1,LECU,1,LECU,1,2018-02-07 14:54:58,,2,8
502235091126144,386237914489998,2016,40,3,117,15.0,4.0,1,LECU,1,LECU,1,2018-02-07 14:54:58,,2,8
502235092126144,386237914489998,2016,40,3,117,15.0,2.0,1,ROSA5,1,ROSA5,1,2018-02-07 14:54:58,,2,8
502235156126144,386237923489998,2016,40,3,119,35.0,3.0,1,LECU,1,LECU,3,2018-02-07 14:54:58,,2,8
502235177126144,386237927489998,2016,40,3,113,222.0,4.0,2,LECU,1,LECU,4,2018-02-07 14:54:58,,2,8
502235194126144,386237929489998,2016,40,3,117,40.0,2.0,1,LECU,1,LECU,1,2018-02-07 14:54:59,,2,8
502235195126144,386237929489998,2016,40,3,117,40.0,3.0,1,LECU,1,LECU,1,2018-02-07 14:54:59,,2,8
502235196126144,386237929489998,2016,40,3,117,40.0,4.0,1,LECU,1,LECU,2,2018-02-07 14:54:59,,2,8
502235201126144,386237930489998,2016,40,3,117,46.0,1.0,1,LECU,1,LECU,7,2018-02-07 14:54:59,,2,8
502235202126144,386237930489998,2016,40,3,117,46.0,3.0,3,LECU,1,LECU,6,2018-02-07 14:54:59,,2,8
502235203126144,386237930489998,2016,40,3,117,46.0,4.0,1,LECU,1,LECU,90,2018-02-07 14:54:59,,2,8
502234632126144,386237861489998,2016,40,3,37,20.0,3.0,1,LECU,1,LECU,1,2018-02-07 14:54:55,,2,8
502235209126144,386237931489998,2016,40,5,137,1.0,3.0,2,LECU,1,LECU,1,2018-02-07 14:54:59,,2,8
502235235126144,386237935489998,2016,40,4,27,34.0,1.0,1,LECU,1,LECU,2,2018-02-07 14:54:59,,2,8
502235236126144,386237935489998,2016,40,4,27,34.0,3.0,1,LECU,1,LECU,1,2018-02-07 14:54:59,,2,8
502235237126144,386237935489998,2016,40,4,27,34.0,4.0,1,LECU,1,LECU,4,2018-02-07 14:54:59,,2,8
502235274126144,386237942489998,2016,40,4,83,21.0,4.0,1,ALPE4,1,ALPE4,1,2018-02-07 14:54:59,,2,8
502235429126144,386237972489998,2016,40,5,31,97.0,2.0,1,LECU,1,LECU,1,2018-02-07 14:55:00,,2,8
722641941290487,471790052489998,2017,40,2,41,108.0,1.0,1,LIGUS2,1,LIGUS2,10,2020-02-13 13:46:06,,9,3
722641942290487,471790052489998,2017,40,2,41,108.0,3.0,1,LIGUS2,1,LIGUS2,7,2020-02-13 13:46:06,,9,3
722641943290487,471790052489998,2017,40,2,41,108.0,4.0,1,LIGUS2,1,LIGUS2,28,2020-02-13 13:46:06,,9,3
722641944290487,471790052489998,2017,40,2,41,108.0,1.0,1,LOJA,1,LOJA,60,2020-02-13 13:46:06,,9,3
722641945290487,471790052489998,2017,40,2,41,108.0,3.0,1,LOJA,1,LOJA,10,2020-02-13 13:46:06,,9,3
722641946290487,471790052489998,2017,40,2,41,108.0,4.0,1,LOJA,1,LOJA,20,2020-02-13 13:46:06,,9,3
1294876364290487,821947712290487,2020,40,1,121,226.0,1.0,1,LECU,1,LECU,3,2023-03-21 10:43:26,,10,1
1294876365290487,821947712290487,2020,40,1,121,226.0,2.0,1,LECU,1,LECU,1,2023-03-21 10:43:26,,10,1
1294876366290487,821947712290487,2020,40,1,121,226.0,3.0,1,LECU,1,LECU,1,2023-03-21 10:43:26,,10,1
1294876367290487,821947712290487,2020,40,1,121,226.0,4.0,1,LECU,1,LECU,1,2023-03-21 10:43:26,,10,1
1294876368290487,821947712290487,2020,40,1,121,226.0,1.0,1,LIGUS2,1,LIGUS2,1,2023-03-21 10:43:26,,10,1
1294876389290487,821947717290487,2020,40,2,101,184.0,3.0,2,LIGUS2,1,LIGUS2,6,2023-03-21 10:43:26,,10,1
1294876390290487,821947717290487,2020,40,2,101,184.0,3.0,2,LOJA,1,LOJA,2,2023-03-21 10:43:26,,10,1
1294876396290487,821947718290487,2020,40,2,101,164.0,1.0,2,LIGUS2,1,LIGUS2,3,2023-03-21 10:43:26,,10,1
1294876397290487,821947718290487,2020,40,2,101,164.0,2.0,2,LIGUS2,1,LIGUS2,15,2023-03-21 10:43:26,,10,1
1294876398290487,821947718290487,2020,40,2,101,164.0,3.0,2,LIGUS2,1,LIGUS2,10,2023-03-21 10:43:26,,10,1
1294876399290487,821947718290487,2020,40,2,101,164.0,1.0,2,LOJA,1,LOJA,2,2023-03-21 10:43:26,,10,1
1294876400290487,821947718290487,2020,40,2,101,164.0,2.0,2,LOJA,1,LOJA,10,2023-03-21 10:43:26,,10,1
1294876401290487,821947718290487,2020,40,2,101,164.0,3.0,2,LOJA,1,LOJA,12,2023-03-21 10:43:26,,10,1
1294876402290487,821947718290487,2020,40,2,101,164.0,1.0,2,PYCA80,1,PYCA80,1,2023-03-21 10:43:26,,10,1
1294876403290487,821947718290487,2020,40,2,101,164.0,2.0,2,PYCA80,1,PYCA80,1,2023-03-21 10:43:26,,10,1
1294876404290487,821947718290487,2020,40,2,101,164.0,3.0,2,PYCA80,1,PYCA80,1,2023-03-21 10:43:26,,10,1
1294876405290487,821947718290487,2020,40,2,101,164.0,2.0,2,ROSA5,1,ROSA5,1,2023-03-21 10:43:26,,10,1
1294876406290487,821947718290487,2020,40,2,101,164.0,3.0,2,ROSA5,1,ROSA5,2,2023-03-21 10:43:26,,10,1
1294876423290487,821947722290487,2020,40,2,101,141.0,3.0,1,LECU,1,LECU,2,2023-03-21 10:43:26,,10,1
1294876424290487,821947722290487,2020,40,2,101,141.0,3.0,1,LIGUS2,1,LIGUS2,1,2023-03-21 10:43:26,,10,1
1294876425290487,821947722290487,2020,40,2,101,141.0,1.0,1,LOJA,1,LOJA,4,2023-03-21 10:43:26,,10,1
1294876426290487,821947722290487,2020,40,2,101,141.0,2.0,1,LOJA,1,LOJA,3,2023-03-21 10:43:26,,10,1
1294876427290487,821947722290487,2020,40,2,101,141.0,3.0,1,PYCA80,1,PYCA80,10,2023-03-21 10:43:26,,10,1
1294876448290487,821947727290487,2020,40,2,97,148.0,3.0,1,LECU,1,LECU,5,2023-03-21 10:43:26,,10,1
1294876449290487,821947727290487,2020,40,2,97,148.0,3.0,1,LOJA,1,LOJA,2,2023-03-21 10:43:26,,10,1
1294876450290487,821947727290487,2020,40,2,97,148.0,4.0,1,LOJA,1,LOJA,2,2023-03-21 10:43:26,,10,1
1294876472290487,821947732290487,2020,40,1,121,272.0,1.0,1,LECU,1,LECU,4,2023-03-21 10:43:26,,10,1
1294876473290487,821947732290487,2020,40,1,121,272.0,2.0,1,LECU,1,LECU,3,2023-03-21 10:43:26,,10,1
1294876474290487,821947732290487,2020,40,1,121,272.0,3.0,1,LECU,1,LECU,2,2023-03-21 10:43:26,,10,1
1294876475290487,821947732290487,2020,40,1,121,272.0,1.0,1,LIGUS2,1,LIGUS2,4,2023-03-21 10:43:26,,10,1
1294876476290487,821947732290487,2020,40,1,121,272.0,3.0,1,LIGUS2,1,LIGUS2,2,2023-03-21 10:43:26,,10,1
1294876481290487,821947733290487,2020,40,1,5,159.0,3.0,1,LECU,1,LECU,1,2023-03-21 10:43:27,,10,1
1294876482290487,821947733290487,2020,40,1,5,159.0,2.0,2,ROSA5,1,ROSA5,1,2023-03-21 10:43:27,,10,1
1294876488290487,821947734290487,2020,40,1,5,137.0,4.0,1,LECU,1,LECU,1,2023-03-21 10:43:27,,10,1
1294876621290487,821947742290487,2020,40,1,121,237.0,2.0,1,LIGUS2,1,LIGUS2,1,2023-03-21 10:43:27,,10,1
1294876622290487,821947742290487,2020,40,1,121,237.0,4.0,1,LIGUS2,1,LIGUS2,3,2023-03-21 10:43:27,,10,1
1294876631290487,821947744290487,2020,40,1,121,179.0,1.0,1,LECU,1,LECU,3,2023-03-21 10:43:27,,10,1
1294876632290487,821947744290487,2020,40,1,121,179.0,2.0,1,LECU,1,LECU,5,2023-03-21 10:43:27,,10,1
1294876633290487,821947744290487,2020,40,1,121,179.0,3.0,1,LECU,1,LECU,4,2023-03-21 10:43:27,,10,1
1294876634290487,821947744290487,2020,40,1,121,179.0,1.0,1,LIGUS2,1,LIGUS2,1,2023-03-21 10:43:27,,10,1
1294876635290487,821947744290487,2020,40,1,121,179.0,4.0,1,LIGUS2,1,LIGUS2,12,2023-03-21 10:43:27,,10,1
1294876162290487,821947696290487,2020,40,1,89,372.0,2.0,1,LIGUS2,1,LIGUS2,1,2023-03-21 10:43:25,,10,1
1294876649290487,821947747290487,2020,40,1,13,116.0,3.0,1,LECU,1,LECU,1,2023-03-21 10:43:27,,10,1
1294876675290487,821947753290487,2020,40,1,29,87.0,1.0,1,LECU,1,LECU,16,2023-03-21 10:43:27,,10,1
1294876676290487,821947753290487,2020,40,1,29,87.0,2.0,1,LECU,1,LECU,15,2023-03-21 10:43:27,,10,1
1294876677290487,821947753290487,2020,40,1,29,87.0,1.0,1,LIGUS2,1,LIGUS2,1,2023-03-21 10:43:27,,10,1
1294876678290487,821947753290487,2020,40,1,29,87.0,2.0,1,LIGUS2,1,LIGUS2,1,2023-03-21 10:43:27,,10,1
1294876695290487,821947757290487,2020,40,1,5,156.0,1.0,1,LECU,1,LECU,1,2023-03-21 10:43:27,,10,1
1294876696290487,821947757290487,2020,40,1,5,156.0,4.0,2,LECU,1,LECU,1,2023-03-21 10:43:27,,10,1
1294876697290487,821947757290487,2020,40,1,5,156.0,1.0,1,SCAR7,1,SCAR7,1,2023-03-21 10:43:27,,10,1
1294876720290487,821947762290487,2020,40,1,13,187.0,1.0,1,LECU,1,LECU,2,2023-03-21 10:43:27,,10,1
1294876721290487,821947762290487,2020,40,1,13,187.0,2.0,1,LECU,1,LECU,1,2023-03-21 10:43:27,,10,1
1294876722290487,821947762290487,2020,40,1,13,187.0,3.0,1,LECU,1,LECU,5,2023-03-21 10:43:27,,10,1
722641947290487,471790052489998,2017,40,2,41,108.0,1.0,1,ROSA5,1,ROSA5,1,2020-02-13 13:46:06,,9,3
722641948290487,471790052489998,2017,40,2,41,108.0,3.0,1,ROSA5,1,ROSA5,1,2020-02-13 13:46:06,,9,3
722641949290487,471790052489998,2017,40,2,41,108.0,4.0,1,ROSA5,1,ROSA5,3,2020-02-13 13:46:06,,9,3
722641962290487,471790055489998,2017,40,2,41,149.0,1.0,1,LECU,1,LECU,1,2020-02-13 13:46:06,,9,3
722641971290487,471790057489998,2017,40,2,41,112.0,3.0,1,LECU,1,LECU,1,2020-02-13 13:46:06,,9,3
722641972290487,471790057489998,2017,40,2,41,112.0,2.0,1,LOJA,1,LOJA,15,2020-02-13 13:46:06,,9,3
722641973290487,471790057489998,2017,40,2,41,112.0,1.0,1,ROSA5,1,ROSA5,1,2020-02-13 13:46:06,,9,3
722642086290487,471790060489998,2017,40,1,89,288.0,3.0,1,LECU,1,LECU,20,2020-02-13 13:46:06,,9,3
722642091290487,471790061489998,2017,40,1,89,418.0,3.0,1,LECU,1,LECU,1,2020-02-13 13:46:06,,9,3
722642092290487,471790061489998,2017,40,1,89,418.0,4.0,1,LECU,1,LECU,2,2020-02-13 13:46:06,,9,3
722642093290487,471790061489998,2017,40,1,89,418.0,1.0,1,LOJA,1,LOJA,1,2020-02-13 13:46:06,,9,3
722642094290487,471790061489998,2017,40,1,89,418.0,4.0,1,LOJA,1,LOJA,35,2020-02-13 13:46:06,,9,3
722642095290487,471790061489998,2017,40,1,89,418.0,1.0,1,ROSA5,1,ROSA5,5,2020-02-13 13:46:06,,9,3
722642096290487,471790061489998,2017,40,1,89,418.0,2.0,1,ROSA5,1,ROSA5,3,2020-02-13 13:46:06,,9,3
722642097290487,471790061489998,2017,40,1,89,418.0,3.0,1,ROSA5,1,ROSA5,2,2020-02-13 13:46:06,,9,3
722642098290487,471790061489998,2017,40,1,89,418.0,4.0,1,ROSA5,1,ROSA5,3,2020-02-13 13:46:06,,9,3
722642108290487,471790063489998,2017,40,1,89,429.0,2.0,2,LECU,1,LECU,30,2020-02-13 13:46:06,,9,3
722642129290487,471790068489998,2017,40,1,23,170.0,1.0,1,LIGUS2,1,LIGUS2,1,2020-02-13 13:46:07,,9,3
722642130290487,471790068489998,2017,40,1,23,170.0,1.0,1,LOJA,1,LOJA,2,2020-02-13 13:46:07,,9,3
722642131290487,471790068489998,2017,40,1,23,170.0,2.0,1,LOJA,1,LOJA,2,2020-02-13 13:46:07,,9,3
722642132290487,471790068489998,2017,40,1,23,170.0,3.0,1,LOJA,1,LOJA,65,2020-02-13 13:46:07,,9,3
722642133290487,471790068489998,2017,40,1,23,170.0,1.0,1,ROSA5,1,ROSA5,5,2020-02-13 13:46:07,,9,3
722642134290487,471790068489998,2017,40,1,23,170.0,3.0,1,ROSA5,1,ROSA5,2,2020-02-13 13:46:07,,9,3
722642155290487,471790073489998,2017,40,1,121,234.0,4.0,1,LECU,1,LECU,1,2020-02-13 13:46:07,,9,3
722642168290487,471790076489998,2017,40,1,127,292.0,1.0,1,LECU,1,LECU,12,2020-02-13 13:46:07,,9,3
722642169290487,471790076489998,2017,40,1,127,292.0,3.0,1,LECU,1,LECU,4,2020-02-13 13:46:07,,9,3
722642170290487,471790076489998,2017,40,1,127,292.0,4.0,1,LECU,1,LECU,5,2020-02-13 13:46:07,,9,3
722642175290487,471790077489998,2017,40,1,121,194.0,1.0,1,LECU,1,LECU,3,2020-02-13 13:46:07,,9,3
722642176290487,471790077489998,2017,40,1,121,194.0,2.0,1,LECU,1,LECU,1,2020-02-13 13:46:07,,9,3
722642177290487,471790077489998,2017,40,1,121,194.0,4.0,1,LECU,1,LECU,5,2020-02-13 13:46:07,,9,3
722642182290487,471790078489998,2017,40,1,121,190.0,1.0,1,LECU,1,LECU,2,2020-02-13 13:46:07,,9,3
722642183290487,471790078489998,2017,40,1,121,190.0,2.0,1,LECU,1,LECU,2,2020-02-13 13:46:07,,9,3
722642184290487,471790078489998,2017,40,1,121,190.0,3.0,1,LECU,1,LECU,1,2020-02-13 13:46:07,,9,3
722642185290487,471790078489998,2017,40,1,121,190.0,4.0,1,LECU,1,LECU,1,2020-02-13 13:46:07,,9,3
722642194290487,471790080489998,2017,40,1,5,114.0,1.0,1,LECU,1,LECU,90,2020-02-13 13:46:07,,9,3
722642195290487,471790080489998,2017,40,1,5,114.0,3.0,1,LECU,1,LECU,5,2020-02-13 13:46:07,,9,3
722642196290487,471790080489998,2017,40,1,5,114.0,4.0,1,LECU,1,LECU,1,2020-02-13 13:46:07,,9,3
722642201290487,471790081489998,2017,40,1,127,235.0,3.0,1,LECU,1,LECU,2,2020-02-13 13:46:07,,9,3
722642255290487,471790094489998,2017,40,1,5,193.0,2.0,1,LIGUS2,1,LIGUS2,1,2020-02-13 13:46:08,,9,3
722642268290487,471790097489998,2017,40,1,13,202.0,3.0,1,ROSA5,1,ROSA5,2,2020-02-13 13:46:08,,9,3
722642286290487,471790101489998,2017,40,1,13,174.0,3.0,1,LECU,1,LECU,1,2020-02-13 13:46:08,,9,3
722642287290487,471790101489998,2017,40,1,13,174.0,1.0,1,POTR4,1,POTR4,5,2020-02-13 13:46:08,,9,3
722642300290487,471790104489998,2017,40,1,77,118.0,2.0,1,LECU,1,LECU,3,2020-02-13 13:46:08,,9,3
722642301290487,471790104489998,2017,40,1,77,118.0,3.0,1,LOJA,1,LOJA,1,2020-02-13 13:46:08,,9,3
722642302290487,471790104489998,2017,40,1,77,118.0,2.0,1,ROSA5,1,ROSA5,4,2020-02-13 13:46:08,,9,3
722642303290487,471790104489998,2017,40,1,77,118.0,3.0,1,ROSA5,1,ROSA5,1,2020-02-13 13:46:08,,9,3
722642536290487,471790112489998,2017,40,1,89,359.0,2.0,1,LECU,1,LECU,2,2020-02-13 13:46:09,,9,3
722642537290487,471790112489998,2017,40,1,89,359.0,3.0,1,LIGUS2,1,LIGUS2,1,2020-02-13 13:46:09,,9,3
722642560290487,471790117489998,2017,40,1,79,293.0,3.0,2,LIGUS2,1,LIGUS2,15,2020-02-13 13:46:10,,9,3
722642561290487,471790117489998,2017,40,1,79,293.0,4.0,2,LOJA,1,LOJA,5,2020-02-13 13:46:10,,9,3
722642594290487,471790125489998,2017,40,1,77,154.0,1.0,1,LECU,1,LECU,1,2020-02-13 13:46:10,,9,3
722642595290487,471790125489998,2017,40,1,77,154.0,3.0,1,LECU,1,LECU,1,2020-02-13 13:46:10,,9,3
722642596290487,471790125489998,2017,40,1,77,154.0,4.0,1,LECU,1,LECU,1,2020-02-13 13:46:10,,9,3
722642613290487,471790129489998,2017,40,2,135,131.0,4.0,1,LIGUS2,1,LIGUS2,1,2020-02-13 13:46:10,,9,3
722642614290487,471790129489998,2017,40,2,135,131.0,1.0,1,LOJA,1,LOJA,35,2020-02-13 13:46:10,,9,3
722642615290487,471790129489998,2017,40,2,135,131.0,4.0,1,LOJA,1,LOJA,1,2020-02-13 13:46:10,,9,3
722642616290487,471790129489998,2017,40,2,135,131.0,1.0,1,ROSA5,1,ROSA5,15,2020-02-13 13:46:10,,9,3
722642617290487,471790129489998,2017,40,2,135,131.0,2.0,1,ROSA5,1,ROSA5,3,2020-02-13 13:46:10,,9,3
722642622290487,471790130489998,2017,40,2,135,163.0,1.0,1,ROSA5,1,ROSA5,1,2020-02-13 13:46:10,,9,3
722642623290487,471790130489998,2017,40,2,135,163.0,2.0,1,ROSA5,1,ROSA5,1,2020-02-13 13:46:10,,9,3
722642737290487,471790133489998,2017,40,1,61,134.0,3.0,2,LECU,1,LECU,5,2020-02-13 13:46:10,,9,3
722642751290487,471790136489998,2017,40,2,1,109.0,1.0,1,LECU,1,LECU,2,2020-02-13 13:46:10,,9,3
722642752290487,471790136489998,2017,40,2,1,109.0,1.0,2,LECU,1,LECU,3,2020-02-13 13:46:10,,9,3
722642753290487,471790136489998,2017,40,2,1,109.0,3.0,1,LECU,1,LECU,1,2020-02-13 13:46:10,,9,3
722642754290487,471790136489998,2017,40,2,1,109.0,4.0,1,LECU,1,LECU,3,2020-02-13 13:46:10,,9,3
722642755290487,471790136489998,2017,40,2,1,109.0,1.0,1,LESPE,1,LESPE,2,2020-02-13 13:46:10,,9,3
722642756290487,471790136489998,2017,40,2,1,109.0,4.0,1,LESPE,1,LESPE,2,2020-02-13 13:46:10,,9,3
722642762290487,471790137489998,2017,40,2,21,147.0,1.0,1,LECU,1,LECU,5,2020-02-13 13:46:10,,9,3
722642763290487,471790137489998,2017,40,2,21,147.0,2.0,1,LECU,1,LECU,30,2020-02-13 13:46:10,,9,3
722642764290487,471790137489998,2017,40,2,21,147.0,1.0,1,ROSA5,1,ROSA5,2,2020-02-13 13:46:10,,9,3
722642765290487,471790137489998,2017,40,2,21,147.0,2.0,1,ROSA5,1,ROSA5,1,2020-02-13 13:46:10,,9,3
722642766290487,471790137489998,2017,40,2,21,147.0,3.0,2,ROSA5,1,ROSA5,6,2020-02-13 13:46:10,,9,3
722642783290487,471790141489998,2017,40,1,29,79.0,2.0,1,LECU,1,LECU,5,2020-02-13 13:46:11,,9,3
722642784290487,471790141489998,2017,40,1,29,79.0,4.0,1,LECU,1,LECU,2,2020-02-13 13:46:11,,9,3
1294876814290487,821947766290487,2020,40,1,79,193.0,1.0,1,LIGUS2,1,LIGUS2,4,2023-03-21 10:43:27,,10,1
1294876815290487,821947766290487,2020,40,1,79,193.0,2.0,1,LIGUS2,1,LIGUS2,1,2023-03-21 10:43:27,,10,1
1294876816290487,821947766290487,2020,40,1,79,193.0,3.0,1,LIGUS2,1,LIGUS2,7,2023-03-21 10:43:27,,10,1
1294876817290487,821947766290487,2020,40,1,79,193.0,4.0,1,LIGUS2,1,LIGUS2,3,2023-03-21 10:43:27,,10,1
1294876818290487,821947766290487,2020,40,1,79,193.0,1.0,1,LOJA,1,LOJA,5,2023-03-21 10:43:27,,10,1
1294876819290487,821947766290487,2020,40,1,79,193.0,3.0,1,LOJA,1,LOJA,4,2023-03-21 10:43:27,,10,1
1294876820290487,821947766290487,2020,40,1,79,193.0,4.0,1,LOJA,1,LOJA,5,2023-03-21 10:43:27,,10,1
1294876830290487,821947768290487,2020,40,1,89,335.0,2.0,1,LIGUS2,1,LIGUS2,1,2023-03-21 10:43:28,,10,1
1294876831290487,821947768290487,2020,40,1,89,335.0,1.0,1,LOJA,1,LOJA,3,2023-03-21 10:43:28,,10,1
921848224290487,708688526290487,2019,40,2,91,119.0,2.0,1,LIGUS2,1,LIGUS2,35,2021-10-27 05:10:11,,9,5
921848225290487,708688526290487,2019,40,2,91,119.0,3.0,1,LIGUS2,1,LIGUS2,20,2021-10-27 05:10:11,,9,5
921848226290487,708688526290487,2019,40,2,91,119.0,4.0,1,LIGUS2,1,LIGUS2,60,2021-10-27 05:10:11,,9,5
921848236290487,708688527290487,2019,40,2,91,91.0,3.0,1,LECU,1,LECU,1,2021-10-27 05:10:11,,9,5
921848237290487,708688527290487,2019,40,2,91,91.0,4.0,1,LOJA,1,LOJA,2,2021-10-27 05:10:11,,9,5
921848254290487,708688531290487,2019,40,1,5,203.0,4.0,1,PYCA80,1,PYCA80,1,2021-10-27 05:10:11,,9,5
921848388290487,708688539290487,2019,40,1,23,153.0,1.0,1,LECU,1,LECU,3,2021-10-27 05:10:11,,9,5
921848389290487,708688539290487,2019,40,1,23,153.0,2.0,1,LECU,1,LECU,2,2021-10-27 05:10:11,,9,5
921848390290487,708688539290487,2019,40,1,23,153.0,3.0,1,LECU,1,LECU,1,2021-10-27 05:10:11,,9,5
921848391290487,708688539290487,2019,40,1,23,153.0,4.0,1,LECU,1,LECU,13,2021-10-27 05:10:11,,9,5
921848392290487,708688539290487,2019,40,1,23,153.0,4.0,1,ROSA5,1,ROSA5,7,2021-10-27 05:10:11,,9,5
921848417290487,708688545290487,2019,40,1,89,354.0,2.0,1,ALJU,1,ALJU,50,2021-10-27 05:10:11,,9,5
921848418290487,708688545290487,2019,40,1,89,354.0,1.0,1,LIGUS2,1,LIGUS2,1,2021-10-27 05:10:11,,9,5
921848419290487,708688545290487,2019,40,1,89,354.0,2.0,1,LIGUS2,1,LIGUS2,30,2021-10-27 05:10:11,,9,5
921848420290487,708688545290487,2019,40,1,89,354.0,3.0,1,LIGUS2,1,LIGUS2,1,2021-10-27 05:10:11,,9,5
921848421290487,708688545290487,2019,40,1,89,354.0,4.0,1,LIGUS2,1,LIGUS2,1,2021-10-27 05:10:11,,9,5
921848422290487,708688545290487,2019,40,1,89,354.0,3.0,1,LOJA,1,LOJA,3,2021-10-27 05:10:11,,9,5
921848423290487,708688545290487,2019,40,1,89,354.0,4.0,1,LOJA,1,LOJA,50,2021-10-27 05:10:11,,9,5
921848424290487,708688545290487,2019,40,1,89,354.0,2.0,1,ROSA5,1,ROSA5,5,2021-10-27 05:10:11,,9,5
921848433290487,708688547290487,2019,40,1,89,316.0,2.0,1,LECU,1,LECU,1,2021-10-27 05:10:11,,9,5
921848450290487,708688551290487,2019,40,1,89,391.0,1.0,1,LECU,1,LECU,1,2021-10-27 05:10:12,,9,5
921848451290487,708688551290487,2019,40,1,89,391.0,2.0,1,LECU,1,LECU,2,2021-10-27 05:10:12,,9,5
921848452290487,708688551290487,2019,40,1,89,391.0,3.0,1,LECU,1,LECU,1,2021-10-27 05:10:12,,9,5
921848453290487,708688551290487,2019,40,1,89,391.0,4.0,1,LECU,1,LECU,2,2021-10-27 05:10:12,,9,5
921848454290487,708688551290487,2019,40,1,89,391.0,2.0,1,ROSA5,1,ROSA5,1,2021-10-27 05:10:12,,9,5
921848459290487,708688552290487,2019,40,1,89,292.0,1.0,1,LECU,1,LECU,1,2021-10-27 05:10:12,,9,5
921848460290487,708688552290487,2019,40,1,89,292.0,2.0,1,LECU,1,LECU,18,2021-10-27 05:10:12,,9,5
921848461290487,708688552290487,2019,40,1,89,292.0,2.0,1,LIGUS2,1,LIGUS2,1,2021-10-27 05:10:12,,9,5
921848466290487,708688553290487,2019,40,1,89,290.0,1.0,1,LECU,1,LECU,1,2021-10-27 05:10:12,,9,5
921848467290487,708688553290487,2019,40,1,89,290.0,2.0,1,LECU,1,LECU,1,2021-10-27 05:10:12,,9,5
921848468290487,708688553290487,2019,40,1,89,290.0,4.0,1,LECU,1,LECU,2,2021-10-27 05:10:12,,9,5
921848473290487,708688554290487,2019,40,1,89,432.0,2.0,2,LECU,1,LECU,25,2021-10-27 05:10:12,,9,5
921848593290487,708688558290487,2019,40,1,89,331.0,1.0,1,LECU,1,LECU,2,2021-10-27 05:10:12,,9,5
921848594290487,708688558290487,2019,40,1,89,331.0,2.0,1,LECU,1,LECU,5,2021-10-27 05:10:12,,9,5
921848595290487,708688558290487,2019,40,1,89,331.0,3.0,1,LECU,1,LECU,2,2021-10-27 05:10:12,,9,5
921848596290487,708688558290487,2019,40,1,89,331.0,4.0,1,LECU,1,LECU,1,2021-10-27 05:10:12,,9,5
921848597290487,708688558290487,2019,40,1,89,331.0,1.0,1,LIGUS2,1,LIGUS2,25,2021-10-27 05:10:12,,9,5
921848598290487,708688558290487,2019,40,1,89,331.0,2.0,1,LIGUS2,1,LIGUS2,8,2021-10-27 05:10:12,,9,5
921848599290487,708688558290487,2019,40,1,89,331.0,4.0,1,LOJA,1,LOJA,2,2021-10-27 05:10:12,,9,5
921848600290487,708688558290487,2019,40,1,89,331.0,1.0,1,ROSA5,1,ROSA5,65,2021-10-27 05:10:12,,9,5
921848605290487,708688559290487,2019,40,1,79,291.0,1.0,1,LECU,1,LECU,1,2021-10-27 05:10:12,,9,5
921848606290487,708688559290487,2019,40,1,79,291.0,3.0,1,LECU,1,LECU,2,2021-10-27 05:10:12,,9,5
921848621290487,708688562290487,2019,40,1,79,231.0,1.0,1,LIGUS2,1,LIGUS2,1,2021-10-27 05:10:12,,9,5
921848622290487,708688562290487,2019,40,1,79,231.0,2.0,1,LIGUS2,1,LIGUS2,1,2021-10-27 05:10:12,,9,5
921848623290487,708688562290487,2019,40,1,79,231.0,3.0,1,LIGUS2,1,LIGUS2,1,2021-10-27 05:10:12,,9,5
921848624290487,708688562290487,2019,40,1,79,231.0,1.0,1,LOJA,1,LOJA,2,2021-10-27 05:10:12,,9,5
921848625290487,708688562290487,2019,40,1,79,231.0,2.0,1,LOJA,1,LOJA,2,2021-10-27 05:10:12,,9,5
722642793290487,471790143489998,2017,40,2,97,109.0,3.0,1,LECU,1,LECU,1,2020-02-13 13:46:11,,9,3
722642794290487,471790143489998,2017,40,2,97,109.0,3.0,1,ROSA5,1,ROSA5,1,2020-02-13 13:46:11,,9,3
722642799290487,471790144489998,2017,40,1,23,158.0,2.0,2,LOJA,1,LOJA,2,2020-02-13 13:46:11,,9,3
722642800290487,471790144489998,2017,40,1,23,158.0,2.0,2,MEAZ,1,MEAZ,35,2020-02-13 13:46:11,,9,3
722642918290487,471790148489998,2017,40,1,127,193.0,3.0,1,LECU,1,LECU,3,2020-02-13 13:46:11,,9,3
722643027290487,471790150489998,2017,40,1,5,135.0,1.0,1,ALJU,1,ALJU,3,2020-02-13 13:46:11,,9,3
722643040290487,471790153489998,2017,40,1,127,236.0,4.0,2,LIGUS2,1,LIGUS2,10,2020-02-13 13:46:11,,9,3
722643041290487,471790153489998,2017,40,1,127,236.0,4.0,2,ROSA5,1,ROSA5,3,2020-02-13 13:46:11,,9,3
722643050290487,471790155489998,2017,40,2,101,107.0,2.0,1,LECU,1,LECU,1,2020-02-13 13:46:11,,9,3
722643051290487,471790155489998,2017,40,2,101,107.0,1.0,1,LIGUS2,1,LIGUS2,1,2020-02-13 13:46:11,,9,3
722643052290487,471790155489998,2017,40,2,101,107.0,2.0,1,LIGUS2,1,LIGUS2,3,2020-02-13 13:46:11,,9,3
722643053290487,471790155489998,2017,40,2,101,107.0,3.0,1,LIGUS2,1,LIGUS2,1,2020-02-13 13:46:11,,9,3
722643054290487,471790155489998,2017,40,2,101,107.0,3.0,1,LOJA,1,LOJA,1,2020-02-13 13:46:11,,9,3
722643055290487,471790155489998,2017,40,2,101,107.0,2.0,1,ROSA5,1,ROSA5,6,2020-02-13 13:46:11,,9,3
722643056290487,471790155489998,2017,40,2,101,107.0,3.0,1,ROSA5,1,ROSA5,4,2020-02-13 13:46:11,,9,3
722643061290487,471790156489998,2017,40,1,23,137.0,1.0,1,LIJA,1,LIJA,3,2020-02-13 13:46:11,,9,3
722643062290487,471790156489998,2017,40,1,23,137.0,3.0,1,LIJA,1,LIJA,1,2020-02-13 13:46:11,,9,3
722643063290487,471790156489998,2017,40,1,23,137.0,4.0,1,LIJA,1,LIJA,1,2020-02-13 13:46:11,,9,3
722643064290487,471790156489998,2017,40,1,23,137.0,1.0,1,LOJA,1,LOJA,5,2020-02-13 13:46:11,,9,3
722643065290487,471790156489998,2017,40,1,23,137.0,2.0,1,LOJA,1,LOJA,1,2020-02-13 13:46:11,,9,3
722643066290487,471790156489998,2017,40,1,23,137.0,3.0,1,LOJA,1,LOJA,1,2020-02-13 13:46:11,,9,3
722643067290487,471790156489998,2017,40,1,23,137.0,4.0,1,LOJA,1,LOJA,1,2020-02-13 13:46:11,,9,3
722643068290487,471790156489998,2017,40,1,23,137.0,1.0,1,PYCA80,1,PYCA80,1,2020-02-13 13:46:11,,9,3
722643069290487,471790156489998,2017,40,1,23,137.0,4.0,1,PYCA80,1,PYCA80,6,2020-02-13 13:46:11,,9,3
722643091290487,471790161489998,2017,40,2,135,165.0,1.0,1,LECU,1,LECU,5,2020-02-13 13:46:12,,9,3
722643092290487,471790161489998,2017,40,2,135,165.0,2.0,1,LECU,1,LECU,3,2020-02-13 13:46:12,,9,3
722643093290487,471790161489998,2017,40,2,135,165.0,3.0,1,LECU,1,LECU,2,2020-02-13 13:46:12,,9,3
722643094290487,471790161489998,2017,40,2,135,165.0,4.0,1,LECU,1,LECU,5,2020-02-13 13:46:12,,9,3
722643095290487,471790161489998,2017,40,2,135,165.0,1.0,1,LESPE,1,LESPE,3,2020-02-13 13:46:12,,9,3
722643096290487,471790161489998,2017,40,2,135,165.0,2.0,1,LESPE,1,LESPE,1,2020-02-13 13:46:12,,9,3
722643097290487,471790161489998,2017,40,2,135,165.0,3.0,1,LESPE,1,LESPE,1,2020-02-13 13:46:12,,9,3
722643098290487,471790161489998,2017,40,2,135,165.0,4.0,1,LESPE,1,LESPE,2,2020-02-13 13:46:12,,9,3
722643112290487,471790164489998,2017,40,2,135,161.0,1.0,1,LECU,1,LECU,1,2020-02-13 13:46:12,,9,3
722643113290487,471790164489998,2017,40,2,135,161.0,3.0,1,LECU,1,LECU,9,2020-02-13 13:46:12,,9,3
722643114290487,471790164489998,2017,40,2,135,161.0,1.0,1,LESPE,1,LESPE,1,2020-02-13 13:46:12,,9,3
722643115290487,471790164489998,2017,40,2,135,161.0,2.0,1,LESPE,1,LESPE,1,2020-02-13 13:46:12,,9,3
722643116290487,471790164489998,2017,40,2,135,161.0,3.0,1,LESPE,1,LESPE,1,2020-02-13 13:46:12,,9,3
722643134290487,471790168489998,2017,40,2,135,123.0,1.0,1,LIGUS2,1,LIGUS2,10,2020-02-13 13:46:12,,9,3
722643135290487,471790168489998,2017,40,2,135,123.0,1.0,1,LOJA,1,LOJA,10,2020-02-13 13:46:12,,9,3
722643136290487,471790168489998,2017,40,2,135,123.0,2.0,1,LOJA,1,LOJA,15,2020-02-13 13:46:12,,9,3
722643137290487,471790168489998,2017,40,2,135,123.0,3.0,1,LOJA,1,LOJA,2,2020-02-13 13:46:12,,9,3
722643138290487,471790168489998,2017,40,2,135,123.0,4.0,1,LOJA,1,LOJA,20,2020-02-13 13:46:12,,9,3
722641940290487,471790052489998,2017,40,2,41,108.0,3.0,1,LECU,1,LECU,3,2020-02-13 13:46:06,,9,3
722645486290487,471837421489998,2017,40,7,103,23.0,3.0,1,LECU,1,LECU,1,2020-02-13 13:46:22,,2,9
722645487290487,471837421489998,2017,40,7,103,23.0,4.0,1,LECU,1,LECU,1,2020-02-13 13:46:22,,2,9
722645488290487,471837421489998,2017,40,7,103,23.0,1.0,1,ROSA5,1,ROSA5,4,2020-02-13 13:46:22,,2,9
722645605290487,471837431489998,2017,40,4,107,12.0,4.0,2,LECU,1,LECU,1,2020-02-13 13:46:22,,2,9
722645606290487,471837431489998,2017,40,4,107,12.0,1.0,1,ROSA5,1,ROSA5,1,2020-02-13 13:46:22,,2,9
722645607290487,471837431489998,2017,40,4,107,12.0,3.0,1,ROSA5,1,ROSA5,2,2020-02-13 13:46:22,,2,9
722645608290487,471837431489998,2017,40,4,107,12.0,4.0,2,ROSA5,1,ROSA5,2,2020-02-13 13:46:22,,2,9
722645618290487,471837433489998,2017,40,4,107,31.0,4.0,1,LECU,1,LECU,2,2020-02-13 13:46:22,,2,9
722645619290487,471837433489998,2017,40,4,107,31.0,1.0,1,LIGUS2,1,LIGUS2,3,2020-02-13 13:46:22,,2,9
722645620290487,471837433489998,2017,40,4,107,31.0,2.0,1,LIGUS2,1,LIGUS2,22,2020-02-13 13:46:22,,2,9
722645621290487,471837433489998,2017,40,4,107,31.0,2.0,1,LOJA,1,LOJA,6,2020-02-13 13:46:22,,2,9
722645622290487,471837433489998,2017,40,4,107,31.0,3.0,1,LOJA,1,LOJA,2,2020-02-13 13:46:22,,2,9
722645623290487,471837433489998,2017,40,4,107,31.0,1.0,1,PYCA80,1,PYCA80,15,2020-02-13 13:46:22,,2,9
722645624290487,471837433489998,2017,40,4,107,31.0,3.0,1,PYCA80,1,PYCA80,1,2020-02-13 13:46:22,,2,9
722645625290487,471837433489998,2017,40,4,107,31.0,4.0,1,PYCA80,1,PYCA80,3,2020-02-13 13:46:22,,2,9
722645626290487,471837433489998,2017,40,4,107,31.0,1.0,1,ROSA5,1,ROSA5,1,2020-02-13 13:46:22,,2,9
722645631290487,471837434489998,2017,40,4,107,36.0,1.0,1,ALJU,1,ALJU,1,2020-02-13 13:46:22,,2,9
722645632290487,471837434489998,2017,40,4,107,36.0,2.0,1,LECU,1,LECU,2,2020-02-13 13:46:22,,2,9
722645633290487,471837434489998,2017,40,4,107,36.0,3.0,1,ROSA5,1,ROSA5,2,2020-02-13 13:46:22,,2,9
722645650290487,471837438489998,2017,40,3,37,2.0,1.0,1,LECU,1,LECU,1,2020-02-13 13:46:22,,2,9
722645651290487,471837438489998,2017,40,3,37,2.0,3.0,1,LIGUS2,1,LIGUS2,1,2020-02-13 13:46:22,,2,9
722645652290487,471837438489998,2017,40,3,37,2.0,1.0,1,LOJA,1,LOJA,5,2020-02-13 13:46:22,,2,9
722645653290487,471837438489998,2017,40,3,37,2.0,3.0,1,LOJA,1,LOJA,1,2020-02-13 13:46:22,,2,9
722645659290487,471837439489998,2017,40,3,37,5.0,1.0,1,LIGUS2,1,LIGUS2,1,2020-02-13 13:46:23,,2,9
722645664290487,471837440489998,2017,40,3,37,9.0,1.0,1,LECU,1,LECU,2,2020-02-13 13:46:23,,2,9
722645665290487,471837440489998,2017,40,3,37,9.0,2.0,1,LECU,1,LECU,3,2020-02-13 13:46:23,,2,9
722645666290487,471837440489998,2017,40,3,37,9.0,3.0,1,LECU,1,LECU,1,2020-02-13 13:46:23,,2,9
722645667290487,471837440489998,2017,40,3,37,9.0,4.0,1,LECU,1,LECU,1,2020-02-13 13:46:23,,2,9
722645668290487,471837440489998,2017,40,3,37,9.0,4.0,1,ROSA5,1,ROSA5,2,2020-02-13 13:46:23,,2,9
722645773290487,471837441489998,2017,40,3,37,16.0,2.0,1,LECU,1,LECU,1,2020-02-13 13:46:23,,2,9
722645774290487,471837441489998,2017,40,3,37,16.0,4.0,1,LOJA,1,LOJA,3,2020-02-13 13:46:23,,2,9
722645787290487,471837444489998,2017,40,3,37,27.0,1.0,1,LECU,1,LECU,1,2020-02-13 13:46:23,,2,9
722645788290487,471837444489998,2017,40,3,37,27.0,2.0,2,LIGUS2,1,LIGUS2,1,2020-02-13 13:46:23,,2,9
722645789290487,471837444489998,2017,40,3,37,27.0,2.0,2,LOJA,1,LOJA,1,2020-02-13 13:46:23,,2,9
722645858290487,471837461489998,2017,40,7,93,54.0,3.0,1,LOJA,1,LOJA,1,2020-02-13 13:46:23,,2,9
722645904290487,471837472489998,2017,40,4,109,48.0,4.0,1,LECU,1,LECU,2,2020-02-13 13:46:23,,2,9
722645905290487,471837472489998,2017,40,4,109,48.0,3.0,1,LIGUS2,1,LIGUS2,20,2020-02-13 13:46:23,,2,9
722645906290487,471837472489998,2017,40,4,109,48.0,3.0,1,LOJA,1,LOJA,15,2020-02-13 13:46:23,,2,9
722645907290487,471837472489998,2017,40,4,109,48.0,1.0,1,ROSA5,1,ROSA5,1,2020-02-13 13:46:23,,2,9
722645908290487,471837472489998,2017,40,4,109,48.0,4.0,1,ROSA5,1,ROSA5,1,2020-02-13 13:46:23,,2,9
722645958290487,471837484489998,2017,40,3,131,42.0,1.0,1,LIGUS2,1,LIGUS2,2,2020-02-13 13:46:23,,2,9
722645959290487,471837484489998,2017,40,3,131,42.0,1.0,1,LOJA,1,LOJA,2,2020-02-13 13:46:23,,2,9
722645960290487,471837484489998,2017,40,3,131,42.0,1.0,1,ROSA5,1,ROSA5,1,2020-02-13 13:46:23,,2,9
722645961290487,471837484489998,2017,40,3,131,42.0,2.0,1,ROSA5,1,ROSA5,2,2020-02-13 13:46:23,,2,9
722645967290487,471837485489998,2017,40,3,145,41.0,4.0,1,LECU,1,LECU,1,2020-02-13 13:46:23,,2,9
722645968290487,471837485489998,2017,40,3,145,41.0,1.0,1,LESPE,1,LESPE,1,2020-02-13 13:46:23,,2,9
722645969290487,471837485489998,2017,40,3,145,41.0,3.0,1,LIGUS2,1,LIGUS2,1,2020-02-13 13:46:23,,2,9
722645970290487,471837485489998,2017,40,3,145,41.0,1.0,1,LOJA,1,LOJA,6,2020-02-13 13:46:23,,2,9
722645971290487,471837485489998,2017,40,3,145,41.0,3.0,1,LOJA,1,LOJA,12,2020-02-13 13:46:23,,2,9
722645972290487,471837485489998,2017,40,3,145,41.0,4.0,1,LOJA,1,LOJA,1,2020-02-13 13:46:23,,2,9
722645973290487,471837485489998,2017,40,3,145,41.0,1.0,1,ROSA5,1,ROSA5,2,2020-02-13 13:46:23,,2,9
722645974290487,471837485489998,2017,40,3,145,41.0,4.0,1,ROSA5,1,ROSA5,5,2020-02-13 13:46:23,,2,9
722645979290487,471837486489998,2017,40,3,145,43.0,1.0,1,PYCA80,1,PYCA80,1,2020-02-13 13:46:23,,2,9
722646000290487,471837491489998,2017,40,4,111,57.0,1.0,1,LECU,1,LECU,1,2020-02-13 13:46:23,,2,9
722646001290487,471837491489998,2017,40,4,111,57.0,4.0,1,LECU,1,LECU,1,2020-02-13 13:46:23,,2,9
722646002290487,471837491489998,2017,40,4,111,57.0,1.0,1,LOJA,1,LOJA,1,2020-02-13 13:46:23,,2,9
502235430126144,386237972489998,2016,40,5,31,97.0,3.0,1,LECU,1,LECU,1,2018-02-07 14:55:00,,2,8
502235457126144,386237976489998,2016,40,3,145,13.0,3.0,1,ROSA5,1,ROSA5,3,2018-02-07 14:55:01,,2,8
502235478126144,386237979489998,2016,40,4,63,17.0,1.0,1,LOJA,1,LOJA,1,2018-02-07 14:55:01,,2,8
502235508126144,386237984489998,2016,40,4,81,47.0,4.0,2,LECU,1,LECU,1,2018-02-07 14:55:01,,2,8
502235518126144,386237985489998,2016,40,4,133,57.0,3.0,2,ROSA5,1,ROSA5,2,2018-02-07 14:55:01,,2,8
502235519126144,386237985489998,2016,40,4,133,57.0,4.0,2,ROSA5,1,ROSA5,1,2018-02-07 14:55:01,,2,8
502235531126144,386237986489998,2016,40,4,133,60.0,1.0,1,LIGUS2,1,LIGUS2,1,2018-02-07 14:55:01,,2,8
502235532126144,386237986489998,2016,40,4,133,60.0,1.0,1,LOJA,1,LOJA,6,2018-02-07 14:55:01,,2,8
502235533126144,386237986489998,2016,40,4,133,60.0,3.0,1,LOJA,1,LOJA,1,2018-02-07 14:55:01,,2,8
502235534126144,386237986489998,2016,40,4,133,60.0,4.0,1,ROSA5,1,ROSA5,1,2018-02-07 14:55:01,,2,8
502235542126144,386237987489998,2016,40,3,117,22.0,2.0,1,LECU,1,LECU,6,2018-02-07 14:55:01,,2,8
502235543126144,386237987489998,2016,40,3,117,22.0,3.0,1,LECU,1,LECU,5,2018-02-07 14:55:01,,2,8
502235545126144,386237987489998,2016,40,3,117,22.0,4.0,1,LECU,1,LECU,1,2018-02-07 14:55:01,,2,8
502235586126144,386237993489998,2016,40,3,37,103.0,1.0,1,LECU,1,LECU,1,2018-02-07 14:55:02,,2,8
502235587126144,386237993489998,2016,40,3,37,103.0,2.0,1,LECU,1,LECU,2,2018-02-07 14:55:02,,2,8
502235588126144,386237993489998,2016,40,3,37,103.0,4.0,1,LECU,1,LECU,1,2018-02-07 14:55:02,,2,8
502235618126144,386237998489998,2016,40,4,27,9.0,1.0,1,LECU,1,LECU,1,2018-02-07 14:55:02,,2,8
502235619126144,386237998489998,2016,40,4,27,9.0,2.0,1,LECU,1,LECU,1,2018-02-07 14:55:02,,2,8
502235620126144,386237998489998,2016,40,4,27,9.0,3.0,1,LECU,1,LECU,10,2018-02-07 14:55:02,,2,8
502235621126144,386237998489998,2016,40,4,27,9.0,4.0,1,LECU,1,LECU,5,2018-02-07 14:55:02,,2,8
502235622126144,386237998489998,2016,40,4,27,9.0,3.0,1,LESPE,1,LESPE,1,2018-02-07 14:55:02,,2,8
502235623126144,386237998489998,2016,40,4,27,9.0,4.0,1,LESPE,1,LESPE,1,2018-02-07 14:55:02,,2,8
502235628126144,386237999489998,2016,40,4,87,4.0,1.0,1,LECU,1,LECU,50,2018-02-07 14:55:02,,2,8
502235629126144,386237999489998,2016,40,4,87,4.0,2.0,1,LECU,1,LECU,1,2018-02-07 14:55:02,,2,8
502235630126144,386237999489998,2016,40,4,87,4.0,3.0,1,LECU,1,LECU,5,2018-02-07 14:55:02,,2,8
502235631126144,386237999489998,2016,40,4,87,4.0,4.0,1,LECU,1,LECU,10,2018-02-07 14:55:02,,2,8
921848650290487,708688568290487,2019,40,1,79,280.0,4.0,1,LIGUS2,1,LIGUS2,1,2021-10-27 05:10:12,,9,5
921848670290487,708688572290487,2019,40,2,21,107.0,1.0,1,LECU,1,LECU,1,2021-10-27 05:10:13,,9,5
921848671290487,708688572290487,2019,40,2,21,107.0,3.0,1,LECU,1,LECU,4,2021-10-27 05:10:13,,9,5
921848672290487,708688572290487,2019,40,2,21,107.0,1.0,1,LIGUS2,1,LIGUS2,1,2021-10-27 05:10:13,,9,5
921848673290487,708688572290487,2019,40,2,21,107.0,2.0,1,LIGUS2,1,LIGUS2,1,2021-10-27 05:10:13,,9,5
921848674290487,708688572290487,2019,40,2,21,107.0,3.0,1,LIGUS2,1,LIGUS2,2,2021-10-27 05:10:13,,9,5
921848709290487,708688580290487,2019,40,2,135,102.0,4.0,1,LIGUS2,1,LIGUS2,1,2021-10-27 05:10:13,,9,5
921848710290487,708688580290487,2019,40,2,135,102.0,1.0,1,LOJA,1,LOJA,1,2021-10-27 05:10:13,,9,5
921848711290487,708688580290487,2019,40,2,135,102.0,2.0,1,LOJA,1,LOJA,2,2021-10-27 05:10:13,,9,5
921848712290487,708688580290487,2019,40,2,135,102.0,3.0,1,LOJA,1,LOJA,1,2021-10-27 05:10:13,,9,5
921848713290487,708688580290487,2019,40,2,135,102.0,4.0,1,LOJA,1,LOJA,1,2021-10-27 05:10:13,,9,5
921848734290487,708688585290487,2019,40,2,21,100.0,1.0,1,ROSA5,1,ROSA5,2,2021-10-27 05:10:13,,9,5
921848743290487,708688587290487,2019,40,2,21,140.0,1.0,1,LECU,1,LECU,2,2021-10-27 05:10:13,,9,5
921848744290487,708688587290487,2019,40,2,21,140.0,3.0,1,LECU,1,LECU,1,2021-10-27 05:10:13,,9,5
1294877846290487,822976211290487,2020,40,3,131,68.0,2.0,1,PYCA80,1,PYCA80,1,2023-03-21 10:43:33,,3,2
1294877847290487,822976211290487,2020,40,3,131,68.0,3.0,1,PYCA80,1,PYCA80,1,2023-03-21 10:43:33,,3,2
1294877848290487,822976211290487,2020,40,3,131,68.0,4.0,1,PYCA80,1,PYCA80,2,2023-03-21 10:43:33,,3,2
1294877849290487,822976211290487,2020,40,3,131,68.0,2.0,1,ROSA5,1,ROSA5,1,2023-03-21 10:43:33,,3,2
1294877850290487,822976211290487,2020,40,3,131,68.0,3.0,1,ROSA5,1,ROSA5,3,2023-03-21 10:43:33,,3,2
1294877851290487,822976211290487,2020,40,3,131,68.0,4.0,1,ROSA5,1,ROSA5,3,2023-03-21 10:43:33,,3,2
1294877864290487,822976214290487,2020,40,3,145,63.0,2.0,1,LECU,1,LECU,10,2023-03-21 10:43:33,,3,2
1294877865290487,822976214290487,2020,40,3,145,63.0,4.0,1,LECU,1,LECU,6,2023-03-21 10:43:33,,3,2
1294877866290487,822976214290487,2020,40,3,145,63.0,2.0,1,LIGUS2,1,LIGUS2,1,2023-03-21 10:43:33,,3,2
1294877867290487,822976214290487,2020,40,3,145,63.0,4.0,1,LIGUS2,1,LIGUS2,1,2023-03-21 10:43:33,,3,2
1294877868290487,822976214290487,2020,40,3,145,63.0,2.0,1,LOJA,1,LOJA,3,2023-03-21 10:43:33,,3,2
1294877869290487,822976214290487,2020,40,3,145,63.0,4.0,1,LOJA,1,LOJA,2,2023-03-21 10:43:33,,3,2
1294877870290487,822976214290487,2020,40,3,145,63.0,2.0,1,ROSA5,1,ROSA5,1,2023-03-21 10:43:33,,3,2
1294877899290487,822976221290487,2020,40,4,85,30.0,3.0,1,LIGUS2,1,LIGUS2,1,2023-03-21 10:43:33,,3,2
1294877936290487,822976231290487,2020,40,4,109,15.0,3.0,1,LOJA,1,LOJA,8,2023-03-21 10:43:33,,3,2
1294877937290487,822976231290487,2020,40,4,109,15.0,4.0,1,LOJA,1,LOJA,25,2023-03-21 10:43:33,,3,2
1294877938290487,822976231290487,2020,40,4,109,15.0,3.0,1,ROSA5,1,ROSA5,1,2023-03-21 10:43:33,,3,2
1294877939290487,822976231290487,2020,40,4,109,15.0,4.0,1,ROSA5,1,ROSA5,2,2023-03-21 10:43:33,,3,2
1294878003290487,822976246290487,2020,40,4,63,38.0,3.0,2,AIAL,1,AIAL,9,2023-03-21 10:43:33,,3,2
1294878004290487,822976246290487,2020,40,4,63,38.0,2.0,2,LECU,1,LECU,2,2023-03-21 10:43:33,,3,2
1294878005290487,822976246290487,2020,40,4,63,38.0,3.0,2,ROSA5,1,ROSA5,1,2023-03-21 10:43:33,,3,2
1294878010290487,822976247290487,2020,40,4,63,50.0,1.0,1,LIGUS2,1,LIGUS2,1,2023-03-21 10:43:33,,3,2
1294878011290487,822976247290487,2020,40,4,63,50.0,1.0,1,LOJA,1,LOJA,14,2023-03-21 10:43:33,,3,2
1294878012290487,822976247290487,2020,40,4,63,50.0,2.0,1,LOJA,1,LOJA,2,2023-03-21 10:43:33,,3,2
1294878013290487,822976247290487,2020,40,4,63,50.0,3.0,1,LOJA,1,LOJA,15,2023-03-21 10:43:33,,3,2
1294878014290487,822976247290487,2020,40,4,63,50.0,4.0,1,LOJA,1,LOJA,5,2023-03-21 10:43:33,,3,2
1294878015290487,822976247290487,2020,40,4,63,50.0,1.0,1,ROSA5,1,ROSA5,1,2023-03-21 10:43:33,,3,2
1294878016290487,822976247290487,2020,40,4,63,50.0,2.0,1,ROSA5,1,ROSA5,2,2023-03-21 10:43:33,,3,2
1294878017290487,822976247290487,2020,40,4,63,50.0,3.0,1,ROSA5,1,ROSA5,5,2023-03-21 10:43:33,,3,2
1294878023290487,822976248290487,2020,40,4,133,2.0,1.0,1,LECU,1,LECU,3,2023-03-21 10:43:34,,3,2
1294878024290487,822976248290487,2020,40,4,133,2.0,3.0,1,LECU,1,LECU,1,2023-03-21 10:43:34,,3,2
1294878025290487,822976248290487,2020,40,4,133,2.0,4.0,1,LECU,1,LECU,1,2023-03-21 10:43:34,,3,2
1294878026290487,822976248290487,2020,40,4,133,2.0,1.0,1,LIGUS2,1,LIGUS2,1,2023-03-21 10:43:34,,3,2
1294878027290487,822976248290487,2020,40,4,133,2.0,1.0,1,LOJA,1,LOJA,1,2023-03-21 10:43:34,,3,2
1294878028290487,822976248290487,2020,40,4,133,2.0,3.0,1,LOJA,1,LOJA,10,2023-03-21 10:43:34,,3,2
1294878194290487,822976290290487,2020,40,3,145,32.0,4.0,2,LIGUS2,1,LIGUS2,3,2023-03-21 10:43:34,,3,2
1294878195290487,822976290290487,2020,40,3,145,32.0,4.0,2,LOJA,1,LOJA,3,2023-03-21 10:43:34,,3,2
1294878209290487,822976293290487,2020,40,3,35,74.0,1.0,1,LECU,1,LECU,15,2023-03-21 10:43:34,,3,2
1294878210290487,822976293290487,2020,40,3,35,74.0,2.0,1,LECU,1,LECU,9,2023-03-21 10:43:34,,3,2
1294878211290487,822976293290487,2020,40,3,35,74.0,3.0,1,LECU,1,LECU,30,2023-03-21 10:43:34,,3,2
1294878212290487,822976293290487,2020,40,3,35,74.0,4.0,1,LECU,1,LECU,1,2023-03-21 10:43:34,,3,2
1294878213290487,822976293290487,2020,40,3,35,74.0,4.0,2,LECU,1,LECU,1,2023-03-21 10:43:34,,3,2
1294878219290487,822976294290487,2020,40,4,125,60.0,4.0,1,ALJU,1,ALJU,1,2023-03-21 10:43:34,,3,2
1294878220290487,822976294290487,2020,40,4,125,60.0,1.0,1,LIGUS2,1,LIGUS2,1,2023-03-21 10:43:34,,3,2
1294878221290487,822976294290487,2020,40,4,125,60.0,2.0,1,LIGUS2,1,LIGUS2,1,2023-03-21 10:43:34,,3,2
1294878222290487,822976294290487,2020,40,4,125,60.0,2.0,1,LOJA,1,LOJA,1,2023-03-21 10:43:34,,3,2
1294878239290487,822976298290487,2020,40,4,63,6.0,2.0,1,LIGUS2,1,LIGUS2,1,2023-03-21 10:43:35,,3,2
1294878252290487,822976301290487,2020,40,4,111,11.0,3.0,2,LECU,1,LECU,2,2023-03-21 10:43:35,,3,2
1294878253290487,822976301290487,2020,40,4,111,11.0,3.0,2,PYCA80,1,PYCA80,1,2023-03-21 10:43:35,,3,2
1294878258290487,822976302290487,2020,40,4,49,67.0,1.0,1,LECU,1,LECU,6,2023-03-21 10:43:35,,3,2
1294878259290487,822976302290487,2020,40,4,49,67.0,2.0,1,LECU,1,LECU,70,2023-03-21 10:43:35,,3,2
1294878260290487,822976302290487,2020,40,4,49,67.0,3.0,1,LECU,1,LECU,1,2023-03-21 10:43:35,,3,2
1294878261290487,822976302290487,2020,40,4,49,67.0,4.0,1,LECU,1,LECU,13,2023-03-21 10:43:35,,3,2
1294878302290487,822976340290487,2020,40,4,95,21.0,1.0,1,LECU,1,LECU,1,2023-03-21 10:43:35,,3,2
1294878307290487,822976341290487,2020,40,4,95,36.0,1.0,1,ALJU,1,ALJU,6,2023-03-21 10:43:35,,3,2
1294878308290487,822976341290487,2020,40,4,95,36.0,1.0,1,NADO,1,NADO,1,2023-03-21 10:43:35,,3,2
1294878389290487,822976354290487,2020,40,4,109,30.0,1.0,1,LOJA,1,LOJA,3,2023-03-21 10:43:35,,3,2
1294878390290487,822976354290487,2020,40,4,109,30.0,1.0,1,ROSA5,1,ROSA5,2,2023-03-21 10:43:35,,3,2
1294878413290487,822976360290487,2020,40,4,87,15.0,1.0,1,LIGUS2,1,LIGUS2,1,2023-03-21 10:43:35,,3,2
1294878414290487,822976360290487,2020,40,4,87,15.0,2.0,1,LIGUS2,1,LIGUS2,7,2023-03-21 10:43:35,,3,2
1294878415290487,822976360290487,2020,40,4,87,15.0,3.0,1,LIGUS2,1,LIGUS2,2,2023-03-21 10:43:35,,3,2
1294878416290487,822976360290487,2020,40,4,87,15.0,4.0,1,LIGUS2,1,LIGUS2,12,2023-03-21 10:43:35,,3,2
1294878417290487,822976360290487,2020,40,4,87,15.0,1.0,1,LOJA,1,LOJA,11,2023-03-21 10:43:35,,3,2
1294878418290487,822976360290487,2020,40,4,87,15.0,3.0,1,LOJA,1,LOJA,4,2023-03-21 10:43:35,,3,2
1294878419290487,822976360290487,2020,40,4,87,15.0,4.0,1,LOJA,1,LOJA,1,2023-03-21 10:43:35,,3,2
1294878592290487,822976403290487,2020,40,3,145,22.0,1.0,1,LECU,1,LECU,2,2023-03-21 10:43:36,,3,2
1294878593290487,822976403290487,2020,40,3,145,22.0,4.0,1,LECU,1,LECU,1,2023-03-21 10:43:36,,3,2
1294878594290487,822976403290487,2020,40,3,145,22.0,4.0,1,LIGUS2,1,LIGUS2,1,2023-03-21 10:43:36,,3,2
1294878595290487,822976403290487,2020,40,3,145,22.0,3.0,1,LOJA,1,LOJA,1,2023-03-21 10:43:36,,3,2
1294878596290487,822976403290487,2020,40,3,145,22.0,1.0,1,ROSA5,1,ROSA5,1,2023-03-21 10:43:36,,3,2
1294878597290487,822976403290487,2020,40,3,145,22.0,4.0,1,ROSA5,1,ROSA5,3,2023-03-21 10:43:36,,3,2
921848770290487,708688593290487,2019,40,1,13,163.0,1.0,1,LECU,1,LECU,1,2021-10-27 05:10:13,,9,5
921848777290487,708688594290487,2019,40,1,127,241.0,2.0,1,LECU,1,LECU,3,2021-10-27 05:10:13,,9,5
921848782290487,708688595290487,2019,40,1,5,130.0,1.0,1,LECU,1,LECU,10,2021-10-27 05:10:13,,9,5
921848783290487,708688595290487,2019,40,1,5,130.0,2.0,1,LECU,1,LECU,3,2021-10-27 05:10:13,,9,5
921848784290487,708688595290487,2019,40,1,5,130.0,4.0,1,LECU,1,LECU,1,2021-10-27 05:10:13,,9,5
921848793290487,708688597290487,2019,40,1,127,245.0,4.0,1,LECU,1,LECU,1,2021-10-27 05:10:13,,9,5
921848799290487,708688598290487,2019,40,1,127,271.0,2.0,1,LIGUS2,1,LIGUS2,2,2021-10-27 05:10:13,,9,5
921848809290487,708688600290487,2019,40,2,135,92.0,3.0,1,LECU,1,LECU,1,2021-10-27 05:10:13,,9,5
921848914290487,708688601290487,2019,40,2,101,143.0,1.0,1,LECU,1,LECU,1,2021-10-27 05:10:13,,9,5
921848915290487,708688601290487,2019,40,2,101,143.0,2.0,1,LECU,1,LECU,5,2021-10-27 05:10:13,,9,5
921848916290487,708688601290487,2019,40,2,101,143.0,3.0,1,LECU,1,LECU,1,2021-10-27 05:10:13,,9,5
921848917290487,708688601290487,2019,40,2,101,143.0,4.0,1,LECU,1,LECU,1,2021-10-27 05:10:13,,9,5
921848918290487,708688601290487,2019,40,2,101,143.0,1.0,1,LOJA,1,LOJA,6,2021-10-27 05:10:13,,9,5
921848919290487,708688601290487,2019,40,2,101,143.0,2.0,1,LOJA,1,LOJA,25,2021-10-27 05:10:13,,9,5
921848920290487,708688601290487,2019,40,2,101,143.0,4.0,1,LOJA,1,LOJA,3,2021-10-27 05:10:13,,9,5
921848921290487,708688601290487,2019,40,2,101,143.0,1.0,1,ROSA5,1,ROSA5,1,2021-10-27 05:10:13,,9,5
921848922290487,708688601290487,2019,40,2,101,143.0,2.0,1,ROSA5,1,ROSA5,10,2021-10-27 05:10:13,,9,5
921848923290487,708688601290487,2019,40,2,101,143.0,3.0,1,ROSA5,1,ROSA5,2,2021-10-27 05:10:13,,9,5
921848924290487,708688601290487,2019,40,2,101,143.0,4.0,1,ROSA5,1,ROSA5,10,2021-10-27 05:10:13,,9,5
921848941290487,708688605290487,2019,40,2,135,148.0,4.0,1,SCAR7,1,SCAR7,1,2021-10-27 05:10:13,,9,5
921848946290487,708688606290487,2019,40,2,135,122.0,1.0,1,LIGUS2,1,LIGUS2,1,2021-10-27 05:10:14,,9,5
921848947290487,708688606290487,2019,40,2,135,122.0,2.0,1,LIGUS2,1,LIGUS2,10,2021-10-27 05:10:14,,9,5
921848948290487,708688606290487,2019,40,2,135,122.0,4.0,1,LIGUS2,1,LIGUS2,2,2021-10-27 05:10:14,,9,5
921848949290487,708688606290487,2019,40,2,135,122.0,2.0,1,LOJA,1,LOJA,2,2021-10-27 05:10:14,,9,5
921848950290487,708688606290487,2019,40,2,135,122.0,4.0,1,LOJA,1,LOJA,1,2021-10-27 05:10:14,,9,5
921848980290487,708688613290487,2019,40,2,41,105.0,4.0,1,EUFO5,1,EUFO5,1,2021-10-27 05:10:14,,9,5
921848981290487,708688613290487,2019,40,2,41,105.0,1.0,1,LOJA,1,LOJA,5,2021-10-27 05:10:14,,9,5
921848982290487,708688613290487,2019,40,2,41,105.0,2.0,1,LOJA,1,LOJA,12,2021-10-27 05:10:14,,9,5
921848983290487,708688613290487,2019,40,2,41,105.0,2.0,1,ROSA5,1,ROSA5,2,2021-10-27 05:10:14,,9,5
921848984290487,708688613290487,2019,40,2,41,105.0,3.0,1,ROSA5,1,ROSA5,2,2021-10-27 05:10:14,,9,5
921849005290487,708688618290487,2019,40,1,89,317.0,3.0,1,LIGUS2,1,LIGUS2,1,2021-10-27 05:10:14,,9,5
921849006290487,708688618290487,2019,40,1,89,317.0,4.0,1,LOJA,1,LOJA,1,2021-10-27 05:10:14,,9,5
921849015290487,708688620290487,2019,40,1,89,410.0,2.0,1,LECU,1,LECU,1,2021-10-27 05:10:14,,9,5
921849016290487,708688620290487,2019,40,1,89,410.0,3.0,1,LECU,1,LECU,8,2021-10-27 05:10:14,,9,5
921849017290487,708688620290487,2019,40,1,89,410.0,4.0,1,LECU,1,LECU,2,2021-10-27 05:10:14,,9,5
921849038290487,708688625290487,2019,40,1,23,127.0,1.0,1,LIGUS2,1,LIGUS2,2,2021-10-27 05:10:14,,9,5
921849047290487,708688627290487,2019,40,1,23,168.0,3.0,2,LOJA,1,LOJA,1,2021-10-27 05:10:14,,9,5
921849052290487,708688628290487,2019,40,1,23,157.0,1.0,1,LECU,1,LECU,2,2021-10-27 05:10:14,,9,5
921849053290487,708688628290487,2019,40,1,23,157.0,1.0,1,LIGUS2,1,LIGUS2,3,2021-10-27 05:10:14,,9,5
921849054290487,708688628290487,2019,40,1,23,157.0,2.0,1,LIGUS2,1,LIGUS2,1,2021-10-27 05:10:14,,9,5
921849055290487,708688628290487,2019,40,1,23,157.0,1.0,1,LOJA,1,LOJA,3,2021-10-27 05:10:14,,9,5
921849056290487,708688628290487,2019,40,1,23,157.0,2.0,1,LOJA,1,LOJA,5,2021-10-27 05:10:14,,9,5
921849057290487,708688628290487,2019,40,1,23,157.0,4.0,1,LOJA,1,LOJA,1,2021-10-27 05:10:14,,9,5
921849066290487,708688630290487,2019,40,1,127,209.0,2.0,1,LECU,1,LECU,10,2021-10-27 05:10:14,,9,5
921849067290487,708688630290487,2019,40,1,127,209.0,2.0,1,LIGUS2,1,LIGUS2,15,2021-10-27 05:10:14,,9,5
921849068290487,708688630290487,2019,40,1,127,209.0,2.0,1,LOJA,1,LOJA,5,2021-10-27 05:10:14,,9,5
921849069290487,708688630290487,2019,40,1,127,209.0,2.0,1,ROSA5,1,ROSA5,5,2021-10-27 05:10:14,,9,5
430718046489998,275622049489998,2015,40,1,127,163.0,3.0,1,LOJA,1,LOJA,1,2016-09-21 14:11:32,,9,1
430718135489998,275622051489998,2015,40,1,23,172.0,1.0,1,ROSA5,1,ROSA5,1,2016-09-21 14:11:32,,9,1
430718136489998,275622051489998,2015,40,1,23,172.0,4.0,1,ROSA5,1,ROSA5,2,2016-09-21 14:11:32,,9,1
430718150489998,275622054489998,2015,40,1,121,216.0,3.0,1,LECU,1,LECU,2,2016-09-21 14:11:32,,9,1
502233707126144,386237064489998,2016,40,5,137,37.0,1.0,1,LECU,1,LECU,1,2018-02-07 14:54:46,,2,8
502233708126144,386237064489998,2016,40,5,137,37.0,3.0,1,LECU,1,LECU,1,2018-02-07 14:54:46,,2,8
502233741126144,386237672489998,2016,40,3,113,107.0,1.0,1,LECU,1,LECU,2,2018-02-07 14:54:46,,2,8
502233742126144,386237672489998,2016,40,3,113,107.0,2.0,1,LECU,1,LECU,10,2018-02-07 14:54:46,,2,8
502233743126144,386237672489998,2016,40,3,113,107.0,3.0,1,LECU,1,LECU,1,2018-02-07 14:54:46,,2,8
502233764126144,386237677489998,2016,40,3,113,57.0,1.0,1,LECU,1,LECU,15,2018-02-07 14:54:46,,2,8
502233765126144,386237677489998,2016,40,3,113,57.0,2.0,1,LECU,1,LECU,75,2018-02-07 14:54:46,,2,8
502233766126144,386237677489998,2016,40,3,113,57.0,3.0,1,LECU,1,LECU,65,2018-02-07 14:54:46,,2,8
502233767126144,386237677489998,2016,40,3,113,57.0,4.0,2,LECU,1,LECU,40,2018-02-07 14:54:46,,2,8
502233772126144,386237678489998,2016,40,3,113,64.0,1.0,1,LECU,1,LECU,1,2018-02-07 14:54:46,,2,8
502233773126144,386237678489998,2016,40,3,113,64.0,2.0,1,LECU,1,LECU,2,2018-02-07 14:54:46,,2,8
502233774126144,386237678489998,2016,40,3,113,64.0,3.0,1,LECU,1,LECU,1,2018-02-07 14:54:46,,2,8
502233775126144,386237678489998,2016,40,3,113,64.0,4.0,1,LECU,1,LECU,1,2018-02-07 14:54:46,,2,8
502233837126144,386237693489998,2016,40,3,37,79.0,1.0,1,LECU,1,LECU,1,2018-02-07 14:54:47,,2,8
502233838126144,386237693489998,2016,40,3,37,79.0,2.0,1,LECU,1,LECU,2,2018-02-07 14:54:47,,2,8
502233839126144,386237693489998,2016,40,3,37,79.0,3.0,1,LECU,1,LECU,1,2018-02-07 14:54:47,,2,8
502233849126144,386237695489998,2016,40,4,107,56.0,1.0,1,LECU,1,LECU,12,2018-02-07 14:54:47,,2,8
502233850126144,386237695489998,2016,40,4,107,56.0,2.0,1,LECU,1,LECU,11,2018-02-07 14:54:47,,2,8
502233851126144,386237695489998,2016,40,4,107,56.0,3.0,1,LECU,1,LECU,10,2018-02-07 14:54:47,,2,8
502233852126144,386237695489998,2016,40,4,107,56.0,4.0,1,LECU,1,LECU,3,2018-02-07 14:54:47,,2,8
502233853126144,386237695489998,2016,40,4,107,56.0,3.0,1,LOJA,1,LOJA,3,2018-02-07 14:54:47,,2,8
502233854126144,386237695489998,2016,40,4,107,56.0,2.0,1,ROSA5,1,ROSA5,1,2018-02-07 14:54:47,,2,8
502233872126144,386237699489998,2016,40,3,117,4.0,3.0,1,LECU,1,LECU,1,2018-02-07 14:54:47,,2,8
502233873126144,386237699489998,2016,40,3,117,4.0,4.0,1,LECU,1,LECU,2,2018-02-07 14:54:47,,2,8
502233874126144,386237699489998,2016,40,3,117,4.0,3.0,1,LIGUS2,1,LIGUS2,1,2018-02-07 14:54:47,,2,8
502233875126144,386237699489998,2016,40,3,117,4.0,1.0,1,LOJA,1,LOJA,5,2018-02-07 14:54:47,,2,8
502233876126144,386237699489998,2016,40,3,117,4.0,3.0,1,LOJA,1,LOJA,15,2018-02-07 14:54:47,,2,8
502233877126144,386237699489998,2016,40,3,117,4.0,1.0,1,ROSA5,1,ROSA5,1,2018-02-07 14:54:47,,2,8
502233882126144,386237700489998,2016,40,3,143,59.0,1.0,1,ROSA5,1,ROSA5,1,2018-02-07 14:54:47,,2,8
502233883126144,386237700489998,2016,40,3,143,59.0,2.0,1,ROSA5,1,ROSA5,1,2018-02-07 14:54:47,,2,8
502233892126144,386237702489998,2016,40,3,37,60.0,1.0,1,LECU,1,LECU,35,2018-02-07 14:54:47,,2,8
502233893126144,386237702489998,2016,40,3,37,60.0,2.0,1,LECU,1,LECU,30,2018-02-07 14:54:47,,2,8
502233894126144,386237702489998,2016,40,3,37,60.0,3.0,1,LECU,1,LECU,3,2018-02-07 14:54:47,,2,8
502233895126144,386237702489998,2016,40,3,37,60.0,4.0,1,LECU,1,LECU,10,2018-02-07 14:54:47,,2,8
502233896126144,386237702489998,2016,40,3,37,60.0,1.0,1,ROSA5,1,ROSA5,1,2018-02-07 14:54:47,,2,8
502233897126144,386237702489998,2016,40,3,37,60.0,2.0,1,ROSA5,1,ROSA5,1,2018-02-07 14:54:47,,2,8
502233898126144,386237702489998,2016,40,3,37,60.0,3.0,1,ROSA5,1,ROSA5,1,2018-02-07 14:54:47,,2,8
502233971126144,386237720489998,2016,40,4,123,34.0,1.0,1,ROSA5,1,ROSA5,1,2018-02-07 14:54:48,,2,8
502233972126144,386237720489998,2016,40,4,123,34.0,2.0,1,ROSA5,1,ROSA5,5,2018-02-07 14:54:48,,2,8
502233978126144,386237721489998,2016,40,4,123,39.0,1.0,2,LECU,1,LECU,6,2018-02-07 14:54:48,,2,8
502233979126144,386237721489998,2016,40,4,123,39.0,3.0,2,LECU,1,LECU,10,2018-02-07 14:54:48,,2,8
502233980126144,386237721489998,2016,40,4,123,39.0,4.0,3,LECU,1,LECU,5,2018-02-07 14:54:48,,2,8
502233981126144,386237721489998,2016,40,4,123,39.0,1.0,2,LOJA,1,LOJA,1,2018-02-07 14:54:48,,2,8
502233982126144,386237721489998,2016,40,4,123,39.0,1.0,2,ROSA5,1,ROSA5,2,2018-02-07 14:54:48,,2,8
502233988126144,386237722489998,2016,40,4,123,53.0,3.0,1,LECU,1,LECU,1,2018-02-07 14:54:48,,2,8
502233989126144,386237722489998,2016,40,4,123,53.0,4.0,1,LECU,1,LECU,60,2018-02-07 14:54:48,,2,8
502233998126144,386237724489998,2016,40,4,69,39.0,4.0,1,LECU,1,LECU,1,2018-02-07 14:54:48,,2,8
502234011126144,386237727489998,2016,40,4,133,20.0,3.0,1,LECU,1,LECU,99,2018-02-07 14:54:49,,2,8
502234012126144,386237727489998,2016,40,4,133,20.0,4.0,1,LOJA,1,LOJA,5,2018-02-07 14:54:49,,2,8
502234025126144,386237730489998,2016,40,4,123,20.0,4.0,1,LOJA,1,LOJA,1,2018-02-07 14:54:49,,2,8
502234036126144,386237732489998,2016,40,5,137,82.0,3.0,1,LIGUS2,1,LIGUS2,2,2018-02-07 14:54:49,,2,8
502234055126144,386237736489998,2016,40,5,51,73.0,1.0,1,ROSA5,1,ROSA5,1,2018-02-07 14:54:49,,2,8
502234056126144,386237736489998,2016,40,5,51,73.0,4.0,1,ROSA5,1,ROSA5,1,2018-02-07 14:54:49,,2,8
502234128126144,386237753489998,2016,40,3,113,2.0,1.0,1,LECU,1,LECU,1,2018-02-07 14:54:50,,2,8
502234129126144,386237753489998,2016,40,3,113,2.0,2.0,1,LECU,1,LECU,4,2018-02-07 14:54:50,,2,8
502234134126144,386237754489998,2016,40,3,147,18.0,3.0,1,LECU,1,LECU,2,2018-02-07 14:54:50,,2,8
502234135126144,386237754489998,2016,40,3,147,18.0,1.0,1,LOJA,1,LOJA,1,2018-02-07 14:54:50,,2,8
502234136126144,386237754489998,2016,40,3,147,18.0,2.0,1,LOJA,1,LOJA,60,2018-02-07 14:54:50,,2,8
502234137126144,386237754489998,2016,40,3,147,18.0,3.0,1,LOJA,1,LOJA,40,2018-02-07 14:54:50,,2,8
502234138126144,386237754489998,2016,40,3,147,18.0,4.0,1,LOJA,1,LOJA,5,2018-02-07 14:54:50,,2,8
502234139126144,386237754489998,2016,40,3,147,18.0,2.0,1,ROSA5,1,ROSA5,1,2018-02-07 14:54:50,,2,8
502234140126144,386237754489998,2016,40,3,147,18.0,3.0,1,ROSA5,1,ROSA5,2,2018-02-07 14:54:50,,2,8
502234169126144,386237761489998,2016,40,4,125,12.0,2.0,1,LECU,1,LECU,1,2018-02-07 14:54:50,,2,8
502234170126144,386237761489998,2016,40,4,125,12.0,4.0,1,LECU,1,LECU,1,2018-02-07 14:54:50,,2,8
502234187126144,386237765489998,2016,40,4,125,42.0,3.0,1,LECU,1,LECU,5,2018-02-07 14:54:51,,2,8
502234205126144,386237769489998,2016,40,4,19,50.0,4.0,2,LECU,1,LECU,2,2018-02-07 14:54:51,,2,8
502234222126144,386237773489998,2016,40,4,49,20.0,4.0,1,LECU,1,LECU,4,2018-02-07 14:54:51,,2,8
502234390126144,386237814489998,2016,40,3,35,57.0,3.0,1,LECU,1,LECU,1,2018-02-07 14:54:53,,2,8
502234399126144,386237816489998,2016,40,4,111,18.0,2.0,1,LECU,1,LECU,1,2018-02-07 14:54:53,,2,8
502234400126144,386237816489998,2016,40,4,111,18.0,3.0,1,LECU,1,LECU,1,2018-02-07 14:54:53,,2,8
502234401126144,386237816489998,2016,40,4,111,18.0,4.0,1,LECU,1,LECU,2,2018-02-07 14:54:53,,2,8
502234418126144,386237820489998,2016,40,4,111,37.0,1.0,1,ALJU,1,ALJU,2,2018-02-07 14:54:53,,2,8
502234419126144,386237820489998,2016,40,4,111,37.0,3.0,1,ALJU,1,ALJU,1,2018-02-07 14:54:53,,2,8
502234420126144,386237820489998,2016,40,4,111,37.0,1.0,1,LECU,1,LECU,10,2018-02-07 14:54:53,,2,8
502234421126144,386237820489998,2016,40,4,111,37.0,4.0,1,LIGUS2,1,LIGUS2,1,2018-02-07 14:54:53,,2,8
502234422126144,386237820489998,2016,40,4,111,37.0,1.0,1,LOJA,1,LOJA,2,2018-02-07 14:54:53,,2,8
502234423126144,386237820489998,2016,40,4,111,37.0,2.0,1,LOJA,1,LOJA,1,2018-02-07 14:54:53,,2,8
502234424126144,386237820489998,2016,40,4,111,37.0,3.0,1,LOJA,1,LOJA,1,2018-02-07 14:54:53,,2,8
502234425126144,386237820489998,2016,40,4,111,37.0,4.0,1,LOJA,1,LOJA,3,2018-02-07 14:54:53,,2,8
502234426126144,386237820489998,2016,40,4,111,37.0,1.0,1,ROSA5,1,ROSA5,2,2018-02-07 14:54:53,,2,8
502234427126144,386237820489998,2016,40,4,111,37.0,3.0,1,ROSA5,1,ROSA5,1,2018-02-07 14:54:53,,2,8
430716103489998,275621874489998,2015,40,1,127,274.0,3.0,1,LIGUS2,1,LIGUS2,5,2016-09-21 14:11:21,,9,1
430716104489998,275621874489998,2015,40,1,127,274.0,4.0,1,LIGUS2,1,LIGUS2,60,2016-09-21 14:11:21,,9,1
430716105489998,275621874489998,2015,40,1,127,274.0,1.0,1,LOJA,1,LOJA,15,2016-09-21 14:11:21,,9,1
430716106489998,275621874489998,2015,40,1,127,274.0,2.0,1,LOJA,1,LOJA,5,2016-09-21 14:11:21,,9,1
430716107489998,275621874489998,2015,40,1,127,274.0,3.0,1,LOJA,1,LOJA,20,2016-09-21 14:11:21,,9,1
430716108489998,275621874489998,2015,40,1,127,274.0,4.0,1,LOJA,1,LOJA,3,2016-09-21 14:11:21,,9,1
430716109489998,275621874489998,2015,40,1,127,274.0,3.0,1,ROSA5,1,ROSA5,15,2016-09-21 14:11:21,,9,1
430716130489998,275621879489998,2015,40,1,23,185.0,1.0,1,LOJA,1,LOJA,5,2016-09-21 14:11:21,,9,1
430716143489998,275621883489998,2015,40,2,135,155.0,4.0,1,LECU,1,LECU,1,2016-09-21 14:11:21,,9,1
430716148489998,275621884489998,2015,40,2,135,111.0,1.0,1,LIGUS2,1,LIGUS2,12,2016-09-21 14:11:21,,9,1
430716149489998,275621884489998,2015,40,2,135,111.0,2.0,1,LIGUS2,1,LIGUS2,1,2016-09-21 14:11:21,,9,1
430716150489998,275621884489998,2015,40,2,135,111.0,3.0,1,LIGUS2,1,LIGUS2,5,2016-09-21 14:11:21,,9,1
430716151489998,275621884489998,2015,40,2,135,111.0,4.0,1,LOJA,1,LOJA,2,2016-09-21 14:11:21,,9,1
430716152489998,275621884489998,2015,40,2,135,111.0,4.0,1,ROSA5,1,ROSA5,1,2016-09-21 14:11:21,,9,1
430716377489998,275621885489998,2015,40,2,135,114.0,2.0,1,LOJA,1,LOJA,4,2016-09-21 14:11:22,,9,1
430716395489998,275621889489998,2015,40,2,135,129.0,1.0,1,LECU,1,LECU,4,2016-09-21 14:11:22,,9,1
430716405489998,275621891489998,2015,40,2,41,102.0,1.0,1,EUFO5,1,EUFO5,35,2016-09-21 14:11:22,,9,1
430716406489998,275621891489998,2015,40,2,41,102.0,1.0,1,LIGUS2,1,LIGUS2,2,2016-09-21 14:11:22,,9,1
430716407489998,275621891489998,2015,40,2,41,102.0,3.0,1,LIGUS2,1,LIGUS2,5,2016-09-21 14:11:22,,9,1
430716408489998,275621891489998,2015,40,2,41,102.0,4.0,1,LIGUS2,1,LIGUS2,1,2016-09-21 14:11:22,,9,1
430716409489998,275621891489998,2015,40,2,41,102.0,1.0,1,LOJA,1,LOJA,60,2016-09-21 14:11:22,,9,1
430716410489998,275621891489998,2015,40,2,41,102.0,2.0,1,LOJA,1,LOJA,1,2016-09-21 14:11:22,,9,1
430716411489998,275621891489998,2015,40,2,41,102.0,3.0,1,LOJA,1,LOJA,1,2016-09-21 14:11:22,,9,1
430716412489998,275621891489998,2015,40,2,41,102.0,4.0,1,LOJA,1,LOJA,7,2016-09-21 14:11:22,,9,1
430716413489998,275621891489998,2015,40,2,41,102.0,3.0,1,ROSA5,1,ROSA5,15,2016-09-21 14:11:22,,9,1
430716414489998,275621891489998,2015,40,2,41,102.0,4.0,1,ROSA5,1,ROSA5,15,2016-09-21 14:11:22,,9,1
430716467489998,275621897489998,2015,40,1,89,411.0,2.0,2,LIGUS2,1,LIGUS2,55,2016-09-21 14:11:22,,9,1
430716472489998,275621898489998,2015,40,1,89,407.0,2.0,1,ALJU,1,ALJU,10,2016-09-21 14:11:22,,9,1
430716473489998,275621898489998,2015,40,1,89,407.0,1.0,1,LIGUS2,1,LIGUS2,90,2016-09-21 14:11:22,,9,1
430716474489998,275621898489998,2015,40,1,89,407.0,2.0,1,LIGUS2,1,LIGUS2,90,2016-09-21 14:11:22,,9,1
430716475489998,275621898489998,2015,40,1,89,407.0,3.0,1,LIGUS2,1,LIGUS2,90,2016-09-21 14:11:22,,9,1
430716476489998,275621898489998,2015,40,1,89,407.0,4.0,1,LIGUS2,1,LIGUS2,20,2016-09-21 14:11:22,,9,1
430716477489998,275621898489998,2015,40,1,89,407.0,2.0,1,LOJA,1,LOJA,1,2016-09-21 14:11:22,,9,1
430716478489998,275621898489998,2015,40,1,89,407.0,3.0,1,LOJA,1,LOJA,2,2016-09-21 14:11:22,,9,1
430716488489998,275621900489998,2015,40,1,89,301.0,2.0,3,LIGUS2,1,LIGUS2,1,2016-09-21 14:11:23,,9,1
430716489489998,275621900489998,2015,40,1,89,301.0,3.0,1,LIGUS2,1,LIGUS2,1,2016-09-21 14:11:23,,9,1
430716490489998,275621900489998,2015,40,1,89,301.0,4.0,1,LIGUS2,1,LIGUS2,1,2016-09-21 14:11:23,,9,1
430716491489998,275621900489998,2015,40,1,89,301.0,1.0,1,LOJA,1,LOJA,40,2016-09-21 14:11:23,,9,1
430716492489998,275621900489998,2015,40,1,89,301.0,2.0,3,LOJA,1,LOJA,3,2016-09-21 14:11:23,,9,1
430716493489998,275621900489998,2015,40,1,89,301.0,3.0,1,LOJA,1,LOJA,1,2016-09-21 14:11:23,,9,1
430716494489998,275621900489998,2015,40,1,89,301.0,4.0,1,LOJA,1,LOJA,35,2016-09-21 14:11:23,,9,1
430716503489998,275621902489998,2015,40,1,121,167.0,1.0,1,LECU,1,LECU,1,2016-09-21 14:11:23,,9,1
430716504489998,275621902489998,2015,40,1,121,167.0,2.0,1,LECU,1,LECU,1,2016-09-21 14:11:23,,9,1
430716505489998,275621902489998,2015,40,1,121,167.0,3.0,1,LECU,1,LECU,1,2016-09-21 14:11:23,,9,1
430716506489998,275621902489998,2015,40,1,121,167.0,4.0,1,LECU,1,LECU,1,2016-09-21 14:11:23,,9,1
430716611489998,275621903489998,2015,40,1,23,118.0,1.0,1,LECU,1,LECU,1,2016-09-21 14:11:23,,9,1
430716612489998,275621903489998,2015,40,1,23,118.0,2.0,1,LECU,1,LECU,1,2016-09-21 14:11:23,,9,1
430716613489998,275621903489998,2015,40,1,23,118.0,3.0,1,LECU,1,LECU,1,2016-09-21 14:11:23,,9,1
430716614489998,275621903489998,2015,40,1,23,118.0,4.0,1,LECU,1,LECU,1,2016-09-21 14:11:23,,9,1
921849082290487,708688633290487,2019,40,1,127,268.0,1.0,1,SCAR7,1,SCAR7,2,2021-10-27 05:10:14,,9,5
921849091290487,708688635290487,2019,40,1,127,248.0,1.0,1,ROSA5,1,ROSA5,1,2021-10-27 05:10:14,,9,5
921849108290487,708688639290487,2019,40,1,127,177.0,2.0,1,LECU,1,LECU,2,2021-10-27 05:10:15,,9,5
921849161290487,708688652290487,2019,40,2,91,103.0,1.0,1,LIGUS2,1,LIGUS2,1,2021-10-27 05:10:15,,9,5
921849162290487,708688652290487,2019,40,2,91,103.0,3.0,1,LIGUS2,1,LIGUS2,1,2021-10-27 05:10:15,,9,5
921849163290487,708688652290487,2019,40,2,91,103.0,1.0,1,LOJA,1,LOJA,2,2021-10-27 05:10:15,,9,5
921849164290487,708688652290487,2019,40,2,91,103.0,4.0,1,LOJA,1,LOJA,4,2021-10-27 05:10:15,,9,5
921849165290487,708688652290487,2019,40,2,91,103.0,1.0,1,ROSA5,1,ROSA5,4,2021-10-27 05:10:15,,9,5
921849166290487,708688652290487,2019,40,2,91,103.0,3.0,1,ROSA5,1,ROSA5,3,2021-10-27 05:10:15,,9,5
921849167290487,708688652290487,2019,40,2,91,103.0,4.0,1,ROSA5,1,ROSA5,1,2021-10-27 05:10:15,,9,5
921849196290487,708688659290487,2019,40,1,5,166.0,1.0,1,LECU,1,LECU,1,2021-10-27 05:10:15,,9,5
921849197290487,708688659290487,2019,40,1,5,166.0,3.0,1,LECU,1,LECU,1,2021-10-27 05:10:15,,9,5
921849203290487,708688660290487,2019,40,1,5,168.0,1.0,1,LECU,1,LECU,7,2021-10-27 05:10:15,,9,5
921849204290487,708688660290487,2019,40,1,5,168.0,2.0,1,LECU,1,LECU,2,2021-10-27 05:10:15,,9,5
1294875602290487,821947634290487,2020,40,2,135,129.0,3.0,1,LIGUS2,1,LIGUS2,2,2023-03-21 10:43:23,,10,1
1294875603290487,821947634290487,2020,40,2,135,129.0,4.0,1,LIGUS2,1,LIGUS2,1,2023-03-21 10:43:23,,10,1
1294875604290487,821947634290487,2020,40,2,135,129.0,2.0,1,LOJA,1,LOJA,1,2023-03-21 10:43:23,,10,1
1294875605290487,821947634290487,2020,40,2,135,129.0,4.0,1,LOJA,1,LOJA,8,2023-03-21 10:43:23,,10,1
1294875606290487,821947634290487,2020,40,2,135,129.0,2.0,1,PYCA80,1,PYCA80,1,2023-03-21 10:43:23,,10,1
1294875615290487,821947636290487,2020,40,2,41,102.0,1.0,1,EUFO5,1,EUFO5,1,2023-03-21 10:43:23,,10,1
1294875616290487,821947636290487,2020,40,2,41,102.0,2.0,1,EUFO5,1,EUFO5,1,2023-03-21 10:43:23,,10,1
1294875617290487,821947636290487,2020,40,2,41,102.0,3.0,1,EUFO5,1,EUFO5,1,2023-03-21 10:43:23,,10,1
1294875618290487,821947636290487,2020,40,2,41,102.0,1.0,1,LIGUS2,1,LIGUS2,1,2023-03-21 10:43:23,,10,1
1294875619290487,821947636290487,2020,40,2,41,102.0,2.0,1,LIGUS2,1,LIGUS2,1,2023-03-21 10:43:23,,10,1
1294875620290487,821947636290487,2020,40,2,41,102.0,3.0,1,LIGUS2,1,LIGUS2,1,2023-03-21 10:43:23,,10,1
1294875621290487,821947636290487,2020,40,2,41,102.0,4.0,1,LIGUS2,1,LIGUS2,1,2023-03-21 10:43:23,,10,1
1294875622290487,821947636290487,2020,40,2,41,102.0,1.0,1,LOJA,1,LOJA,22,2023-03-21 10:43:23,,10,1
1294875623290487,821947636290487,2020,40,2,41,102.0,2.0,1,LOJA,1,LOJA,1,2023-03-21 10:43:23,,10,1
1294875624290487,821947636290487,2020,40,2,41,102.0,4.0,1,LOJA,1,LOJA,9,2023-03-21 10:43:23,,10,1
1294875625290487,821947636290487,2020,40,2,41,102.0,1.0,1,ROSA5,1,ROSA5,1,2023-03-21 10:43:23,,10,1
1294875626290487,821947636290487,2020,40,2,41,102.0,3.0,1,ROSA5,1,ROSA5,5,2023-03-21 10:43:23,,10,1
1294875627290487,821947636290487,2020,40,2,41,102.0,4.0,1,ROSA5,1,ROSA5,7,2023-03-21 10:43:23,,10,1
1294875636290487,821947637290487,2020,40,2,1,96.0,3.0,2,LECU,1,LECU,1,2023-03-21 10:43:23,,10,1
1294875637290487,821947637290487,2020,40,2,1,96.0,4.0,3,LIGUS2,1,LIGUS2,1,2023-03-21 10:43:23,,10,1
1294875685290487,821947642290487,2020,40,1,89,411.0,2.0,2,LIGUS2,1,LIGUS2,55,2023-03-21 10:43:24,,10,1
1294875690290487,821947643290487,2020,40,1,89,407.0,1.0,1,ALJU,1,ALJU,5,2023-03-21 10:43:24,,10,1
1294875691290487,821947643290487,2020,40,1,89,407.0,2.0,1,ALJU,1,ALJU,17,2023-03-21 10:43:24,,10,1
1294875692290487,821947643290487,2020,40,1,89,407.0,3.0,1,ALJU,1,ALJU,1,2023-03-21 10:43:24,,10,1
1294875693290487,821947643290487,2020,40,1,89,407.0,1.0,1,LIGUS2,1,LIGUS2,80,2023-03-21 10:43:24,,10,1
1294875694290487,821947643290487,2020,40,1,89,407.0,2.0,1,LIGUS2,1,LIGUS2,79,2023-03-21 10:43:24,,10,1
1294875695290487,821947643290487,2020,40,1,89,407.0,3.0,1,LIGUS2,1,LIGUS2,95,2023-03-21 10:43:24,,10,1
1294875696290487,821947643290487,2020,40,1,89,407.0,4.0,1,LIGUS2,1,LIGUS2,30,2023-03-21 10:43:24,,10,1
1294875706290487,821947645290487,2020,40,1,89,301.0,1.0,1,DIOSC,1,DIOSC,2,2023-03-21 10:43:24,,10,1
1294875707290487,821947645290487,2020,40,1,89,301.0,1.0,1,LIGUS2,1,LIGUS2,2,2023-03-21 10:43:24,,10,1
1294875708290487,821947645290487,2020,40,1,89,301.0,2.0,3,LIGUS2,1,LIGUS2,3,2023-03-21 10:43:24,,10,1
1294875709290487,821947645290487,2020,40,1,89,301.0,3.0,1,LIGUS2,1,LIGUS2,1,2023-03-21 10:43:24,,10,1
1294875710290487,821947645290487,2020,40,1,89,301.0,1.0,1,LOJA,1,LOJA,1,2023-03-21 10:43:24,,10,1
1294875711290487,821947645290487,2020,40,1,89,301.0,2.0,3,LOJA,1,LOJA,2,2023-03-21 10:43:24,,10,1
1294875824290487,821947648290487,2020,40,1,23,118.0,1.0,1,LECU,1,LECU,3,2023-03-21 10:43:24,,10,1
1294875825290487,821947648290487,2020,40,1,23,118.0,2.0,1,LECU,1,LECU,4,2023-03-21 10:43:24,,10,1
1294875826290487,821947648290487,2020,40,1,23,118.0,3.0,1,LECU,1,LECU,10,2023-03-21 10:43:24,,10,1
1294875827290487,821947648290487,2020,40,1,23,118.0,4.0,1,LECU,1,LECU,10,2023-03-21 10:43:24,,10,1
1294875828290487,821947648290487,2020,40,1,23,118.0,2.0,1,LIGUS2,1,LIGUS2,1,2023-03-21 10:43:24,,10,1
1294875829290487,821947648290487,2020,40,1,23,118.0,4.0,1,LIGUS2,1,LIGUS2,1,2023-03-21 10:43:24,,10,1
1294875830290487,821947648290487,2020,40,1,23,118.0,2.0,1,LOJA,1,LOJA,1,2023-03-21 10:43:24,,10,1
1294875831290487,821947648290487,2020,40,1,23,118.0,1.0,1,ROSA5,1,ROSA5,1,2023-03-21 10:43:24,,10,1
1294875832290487,821947648290487,2020,40,1,23,118.0,2.0,1,ROSA5,1,ROSA5,1,2023-03-21 10:43:24,,10,1
1294875838290487,821947649290487,2020,40,1,23,149.0,1.0,1,LECU,1,LECU,1,2023-03-21 10:43:24,,10,1
1294875839290487,821947649290487,2020,40,1,23,149.0,2.0,1,LECU,1,LECU,1,2023-03-21 10:43:24,,10,1
1294875840290487,821947649290487,2020,40,1,23,149.0,3.0,1,LECU,1,LECU,1,2023-03-21 10:43:24,,10,1
1294875841290487,821947649290487,2020,40,1,23,149.0,3.0,1,LIGUS2,1,LIGUS2,1,2023-03-21 10:43:24,,10,1
1294875854290487,821947652290487,2020,40,1,77,131.0,2.0,1,ALJU,1,ALJU,3,2023-03-21 10:43:24,,10,1
1294875871290487,821947656290487,2020,40,1,127,282.0,1.0,1,LECU,1,LECU,1,2023-03-21 10:43:24,,10,1
1294875884290487,821947659290487,2020,40,1,89,283.0,1.0,1,LECU,1,LECU,1,2023-03-21 10:43:24,,10,1
1294875885290487,821947659290487,2020,40,1,89,283.0,2.0,2,LECU,1,LECU,1,2023-03-21 10:43:24,,10,1
1294875907290487,821947664290487,2020,40,1,61,102.0,1.0,1,LECU,1,LECU,1,2023-03-21 10:43:24,,10,1
1294875920290487,821947667290487,2020,40,1,61,88.0,4.0,2,LECU,1,LECU,1,2023-03-21 10:43:25,,10,1
1294875921290487,821947667290487,2020,40,1,61,88.0,4.0,2,LIGUS2,1,LIGUS2,1,2023-03-21 10:43:25,,10,1
1294875922290487,821947667290487,2020,40,1,61,88.0,4.0,2,LOJA,1,LOJA,1,2023-03-21 10:43:25,,10,1
1294875968290487,821947678290487,2020,40,1,5,163.0,1.0,1,LECU,1,LECU,2,2023-03-21 10:43:25,,10,1
1294875969290487,821947678290487,2020,40,1,5,163.0,1.0,2,LECU,1,LECU,1,2023-03-21 10:43:25,,10,1
1294875970290487,821947678290487,2020,40,1,5,163.0,2.0,1,LECU,1,LECU,1,2023-03-21 10:43:25,,10,1
1294875971290487,821947678290487,2020,40,1,5,163.0,3.0,1,LECU,1,LECU,11,2023-03-21 10:43:25,,10,1
1294875972290487,821947678290487,2020,40,1,5,163.0,4.0,2,LECU,1,LECU,2,2023-03-21 10:43:25,,10,1
1294875986290487,821947681290487,2020,40,2,91,155.0,2.0,2,LOJA,1,LOJA,1,2023-03-21 10:43:25,,10,1
1294875987290487,821947681290487,2020,40,2,91,155.0,3.0,3,LOJA,1,LOJA,3,2023-03-21 10:43:25,,10,1
1294876021290487,821947689290487,2020,40,1,79,244.0,1.0,1,LIGUS2,1,LIGUS2,1,2023-03-21 10:43:25,,10,1
1294876022290487,821947689290487,2020,40,1,79,244.0,1.0,1,LOJA,1,LOJA,5,2023-03-21 10:43:25,,10,1
1294876023290487,821947689290487,2020,40,1,79,244.0,3.0,1,LOJA,1,LOJA,3,2023-03-21 10:43:25,,10,1
1294876032290487,821947691290487,2020,40,1,79,303.0,1.0,1,LIGUS2,1,LIGUS2,1,2023-03-21 10:43:25,,10,1
1294876033290487,821947691290487,2020,40,1,79,303.0,2.0,1,LIGUS2,1,LIGUS2,1,2023-03-21 10:43:25,,10,1
1294876143290487,821947693290487,2020,40,1,89,368.0,2.0,1,ALJU,1,ALJU,1,2023-03-21 10:43:25,,10,1
1294876144290487,821947693290487,2020,40,1,89,368.0,4.0,1,ALJU,1,ALJU,1,2023-03-21 10:43:25,,10,1
1294876151290487,821947694290487,2020,40,1,89,357.0,1.0,1,LECU,1,LECU,2,2023-03-21 10:43:25,,10,1
1294876161290487,821947696290487,2020,40,1,89,372.0,1.0,1,LECU,1,LECU,1,2023-03-21 10:43:25,,10,1
921849205290487,708688660290487,2019,40,1,5,168.0,3.0,1,LECU,1,LECU,1,2021-10-27 05:10:15,,9,5
921849206290487,708688660290487,2019,40,1,5,168.0,4.0,1,LECU,1,LECU,6,2021-10-27 05:10:15,,9,5
921849207290487,708688660290487,2019,40,1,5,168.0,4.0,1,ROSA5,1,ROSA5,4,2021-10-27 05:10:15,,9,5
921849212290487,708688661290487,2019,40,2,91,169.0,1.0,1,LECU,1,LECU,6,2021-10-27 05:10:15,,9,5
921849213290487,708688661290487,2019,40,2,91,169.0,4.0,1,LECU,1,LECU,10,2021-10-27 05:10:15,,9,5
921849371290487,708688668290487,2019,40,2,135,94.0,1.0,1,LECU,1,LECU,1,2021-10-27 05:10:15,,9,5
921849396290487,708688674290487,2019,40,1,79,249.0,3.0,1,LECU,1,LECU,2,2021-10-27 05:10:16,,9,5
921849405290487,708688676290487,2019,40,1,89,325.0,2.0,2,ALJU,1,ALJU,6,2021-10-27 05:10:16,,9,5
921849406290487,708688676290487,2019,40,1,89,325.0,1.0,1,EUFO5,1,EUFO5,1,2021-10-27 05:10:16,,9,5
921849407290487,708688676290487,2019,40,1,89,325.0,2.0,2,EUFO5,1,EUFO5,3,2021-10-27 05:10:16,,9,5
921849408290487,708688676290487,2019,40,1,89,325.0,3.0,2,EUFO5,1,EUFO5,1,2021-10-27 05:10:16,,9,5
921849413290487,708688677290487,2019,40,1,89,366.0,4.0,1,ALJU,1,ALJU,1,2021-10-27 05:10:16,,9,5
921849414290487,708688677290487,2019,40,1,89,366.0,4.0,1,LECU,1,LECU,3,2021-10-27 05:10:16,,9,5
921849423290487,708688679290487,2019,40,1,89,378.0,1.0,1,EUFO5,1,EUFO5,1,2021-10-27 05:10:16,,9,5
921849428290487,708688680290487,2019,40,1,89,324.0,1.0,1,LECU,1,LECU,3,2021-10-27 05:10:16,,9,5
921849429290487,708688680290487,2019,40,1,89,324.0,2.0,1,LECU,1,LECU,3,2021-10-27 05:10:16,,9,5
921849430290487,708688680290487,2019,40,1,89,324.0,3.0,1,LECU,1,LECU,3,2021-10-27 05:10:16,,9,5
921849431290487,708688680290487,2019,40,1,89,324.0,4.0,1,LECU,1,LECU,1,2021-10-27 05:10:16,,9,5
921849432290487,708688680290487,2019,40,1,89,324.0,3.0,1,LOJA,1,LOJA,1,2021-10-27 05:10:16,,9,5
921849437290487,708688681290487,2019,40,1,79,219.0,3.0,1,LIGUS2,1,LIGUS2,6,2021-10-27 05:10:16,,9,5
921849438290487,708688681290487,2019,40,1,79,219.0,2.0,1,POTR4,1,POTR4,8,2021-10-27 05:10:16,,9,5
921849452290487,708688684290487,2019,40,1,61,128.0,3.0,2,LECU,1,LECU,1,2021-10-27 05:10:16,,9,5
921849453290487,708688684290487,2019,40,1,61,128.0,3.0,2,LIGUS2,1,LIGUS2,1,2021-10-27 05:10:16,,9,5
921849478290487,708688690290487,2019,40,1,77,89.0,2.0,1,LECU,1,LECU,1,2021-10-27 05:10:16,,9,5
921849484290487,708688691290487,2019,40,2,1,79.0,1.0,2,LECU,1,LECU,1,2021-10-27 05:10:16,,9,5
921849517290487,708688699290487,2019,40,2,91,152.0,3.0,1,LECU,1,LECU,16,2021-10-27 05:10:16,,9,5
921849548290487,708688706290487,2019,40,1,5,162.0,2.0,1,LECU,1,LECU,3,2021-10-27 05:10:17,,9,5
921849553290487,708688707290487,2019,40,1,121,155.0,3.0,2,LECU,1,LECU,3,2021-10-27 05:10:17,,9,5
921849558290487,708688708290487,2019,40,1,5,111.0,1.0,1,ROSA5,1,ROSA5,1,2021-10-27 05:10:17,,9,5
921849671290487,708688711290487,2019,40,1,5,202.0,1.0,1,LECU,1,LECU,95,2021-10-27 05:10:17,,9,5
921849672290487,708688711290487,2019,40,1,5,202.0,4.0,1,LECU,1,LECU,90,2021-10-27 05:10:17,,9,5
921849677290487,708688712290487,2019,40,1,5,207.0,1.0,1,LECU,1,LECU,1,2021-10-27 05:10:17,,9,5
921849678290487,708688712290487,2019,40,1,5,207.0,3.0,1,LECU,1,LECU,1,2021-10-27 05:10:17,,9,5
921849679290487,708688712290487,2019,40,1,5,207.0,4.0,1,LECU,1,LECU,1,2021-10-27 05:10:17,,9,5
921849697290487,708688716290487,2019,40,1,121,244.0,1.0,1,LECU,1,LECU,8,2021-10-27 05:10:17,,9,5
921849698290487,708688716290487,2019,40,1,121,244.0,3.0,1,LECU,1,LECU,2,2021-10-27 05:10:17,,9,5
921849699290487,708688716290487,2019,40,1,121,244.0,1.0,1,ROSA5,1,ROSA5,1,2021-10-27 05:10:17,,9,5
921849712290487,708688719290487,2019,40,2,91,90.0,1.0,1,LIGUS2,1,LIGUS2,1,2021-10-27 05:10:17,,9,5
921849713290487,708688719290487,2019,40,2,91,90.0,2.0,1,LIGUS2,1,LIGUS2,1,2021-10-27 05:10:17,,9,5
921849714290487,708688719290487,2019,40,2,91,90.0,3.0,1,LIGUS2,1,LIGUS2,2,2021-10-27 05:10:17,,9,5
921849715290487,708688719290487,2019,40,2,91,90.0,4.0,1,LIGUS2,1,LIGUS2,1,2021-10-27 05:10:17,,9,5
921849744290487,708688726290487,2019,40,2,101,104.0,2.0,1,LECU,1,LECU,1,2021-10-27 05:10:17,,9,5
921849745290487,708688726290487,2019,40,2,101,104.0,3.0,1,LECU,1,LECU,1,2021-10-27 05:10:17,,9,5
921849746290487,708688726290487,2019,40,2,101,104.0,3.0,1,ROSA5,1,ROSA5,8,2021-10-27 05:10:17,,9,5
921849775290487,708688733290487,2019,40,1,29,98.0,4.0,2,LECU,1,LECU,1,2021-10-27 05:10:17,,9,5
921849796290487,708688738290487,2019,40,1,5,158.0,3.0,1,LECU,1,LECU,1,2021-10-27 05:10:17,,9,5
921849797290487,708688738290487,2019,40,1,5,158.0,4.0,1,LECU,1,LECU,38,2021-10-27 05:10:17,,9,5
430716615489998,275621903489998,2015,40,1,23,118.0,1.0,1,LOJA,1,LOJA,1,2016-09-21 14:11:23,,9,1
430716616489998,275621903489998,2015,40,1,23,118.0,2.0,1,LOJA,1,LOJA,2,2016-09-21 14:11:23,,9,1
430716617489998,275621903489998,2015,40,1,23,118.0,2.0,1,ROSA5,1,ROSA5,1,2016-09-21 14:11:23,,9,1
430716618489998,275621903489998,2015,40,1,23,118.0,1.0,1,SCAR7,1,SCAR7,60,2016-09-21 14:11:23,2020-08-10 11:38:55,9,1
430716619489998,275621903489998,2015,40,1,23,118.0,2.0,1,SCAR7,1,SCAR7,60,2016-09-21 14:11:23,2020-08-10 11:38:55,9,1
430716620489998,275621903489998,2015,40,1,23,118.0,3.0,1,SCAR7,1,SCAR7,25,2016-09-21 14:11:23,2020-08-10 11:38:55,9,1
430716621489998,275621903489998,2015,40,1,23,118.0,4.0,1,SCAR7,1,SCAR7,30,2016-09-21 14:11:23,2020-08-10 11:38:55,9,1
430716627489998,275621904489998,2015,40,1,23,149.0,1.0,1,LECU,1,LECU,3,2016-09-21 14:11:23,,9,1
430716628489998,275621904489998,2015,40,1,23,149.0,2.0,1,LECU,1,LECU,1,2016-09-21 14:11:23,,9,1
430716629489998,275621904489998,2015,40,1,23,149.0,4.0,1,LECU,1,LECU,2,2016-09-21 14:11:23,,9,1
430716630489998,275621904489998,2015,40,1,23,149.0,2.0,1,LOJA,1,LOJA,1,2016-09-21 14:11:23,,9,1
430716631489998,275621904489998,2015,40,1,23,149.0,3.0,1,LOJA,1,LOJA,1,2016-09-21 14:11:23,,9,1
430716632489998,275621904489998,2015,40,1,23,149.0,4.0,1,LOJA,1,LOJA,1,2016-09-21 14:11:23,,9,1
430716633489998,275621904489998,2015,40,1,23,149.0,4.0,1,ROSA5,1,ROSA5,1,2016-09-21 14:11:23,,9,1
430716638489998,275621905489998,2015,40,1,23,175.0,1.0,1,LOJA,1,LOJA,3,2016-09-21 14:11:23,,9,1
430716639489998,275621905489998,2015,40,1,23,175.0,2.0,1,LOJA,1,LOJA,2,2016-09-21 14:11:23,,9,1
430716680489998,275621915489998,2015,40,1,127,250.0,4.0,1,LOJA,1,LOJA,3,2016-09-21 14:11:24,,9,1
430716686489998,275621916489998,2015,40,1,127,318.0,4.0,1,ROSA5,1,ROSA5,1,2016-09-21 14:11:24,,9,1
430716687489998,275621916489998,2015,40,1,127,318.0,1.0,1,SEVA4,1,SEVA4,1,2016-09-21 14:11:24,,9,1
430716688489998,275621916489998,2015,40,1,127,318.0,4.0,1,SEVA4,1,SEVA4,1,2016-09-21 14:11:24,,9,1
430716697489998,275621918489998,2015,40,1,127,302.0,4.0,3,AIAL,1,AIAL,1,2016-09-21 14:11:24,,9,1
430716763489998,275621934489998,2015,40,1,5,163.0,1.0,1,LECU,1,LECU,1,2016-09-21 14:11:25,,9,1
430716764489998,275621934489998,2015,40,1,5,163.0,1.0,2,LECU,1,LECU,1,2016-09-21 14:11:25,,9,1
430716765489998,275621934489998,2015,40,1,5,163.0,2.0,2,LECU,1,LECU,1,2016-09-21 14:11:25,,9,1
430716766489998,275621934489998,2015,40,1,5,163.0,3.0,1,LECU,1,LECU,3,2016-09-21 14:11:25,,9,1
430716767489998,275621934489998,2015,40,1,5,163.0,4.0,2,LECU,1,LECU,2,2016-09-21 14:11:25,,9,1
430716780489998,275621937489998,2015,40,2,91,155.0,2.0,2,LECU,1,LECU,1,2016-09-21 14:11:25,,9,1
430716781489998,275621937489998,2015,40,2,91,155.0,2.0,2,LIGUS2,1,LIGUS2,2,2016-09-21 14:11:25,,9,1
430716782489998,275621937489998,2015,40,2,91,155.0,3.0,3,LOJA,1,LOJA,15,2016-09-21 14:11:25,,9,1
430716783489998,275621937489998,2015,40,2,91,155.0,3.0,3,ROSA5,1,ROSA5,1,2016-09-21 14:11:25,,9,1
430716800489998,275621941489998,2015,40,1,121,269.0,1.0,1,LECU,1,LECU,1,2016-09-21 14:11:25,,9,1
430716858489998,275621945489998,2015,40,1,79,244.0,3.0,1,LECU,1,LECU,1,2016-09-21 14:11:25,,9,1
430716859489998,275621945489998,2015,40,1,79,244.0,1.0,1,LOJA,1,LOJA,20,2016-09-21 14:11:25,,9,1
430716860489998,275621945489998,2015,40,1,79,244.0,3.0,1,LOJA,1,LOJA,2,2016-09-21 14:11:25,,9,1
430716861489998,275621945489998,2015,40,1,79,244.0,2.0,1,ROSA5,1,ROSA5,1,2016-09-21 14:11:25,,9,1
430717007489998,275621955489998,2015,40,1,79,206.0,2.0,2,ROSA5,1,ROSA5,1,2016-09-21 14:11:26,,9,1
430717016489998,275621957489998,2015,40,1,79,191.0,2.0,2,PYCA80,1,PYCA80,1,2016-09-21 14:11:26,,9,1
430717076489998,275621965489998,2015,40,1,79,263.0,1.0,2,LECU,1,LECU,1,2016-09-21 14:11:27,,9,1
430717077489998,275621965489998,2015,40,1,79,263.0,2.0,2,LECU,1,LECU,1,2016-09-21 14:11:27,,9,1
430717191489998,275621968489998,2015,40,1,121,226.0,1.0,1,LECU,1,LECU,10,2016-09-21 14:11:27,,9,1
430717192489998,275621968489998,2015,40,1,121,226.0,2.0,1,LECU,1,LECU,3,2016-09-21 14:11:27,,9,1
430717213489998,275621973489998,2015,40,2,101,184.0,3.0,2,LIGUS2,1,LIGUS2,2,2016-09-21 14:11:27,,9,1
430717214489998,275621973489998,2015,40,2,101,184.0,3.0,2,LOJA,1,LOJA,15,2016-09-21 14:11:27,,9,1
430717220489998,275621974489998,2015,40,2,101,164.0,1.0,2,LECU,1,LECU,4,2016-09-21 14:11:27,,9,1
430717221489998,275621974489998,2015,40,2,101,164.0,2.0,2,LECU,1,LECU,2,2016-09-21 14:11:27,,9,1
430717222489998,275621974489998,2015,40,2,101,164.0,3.0,2,LECU,1,LECU,2,2016-09-21 14:11:27,,9,1
430717223489998,275621974489998,2015,40,2,101,164.0,2.0,2,LIGUS2,1,LIGUS2,3,2016-09-21 14:11:27,,9,1
430717224489998,275621974489998,2015,40,2,101,164.0,3.0,2,LIGUS2,1,LIGUS2,1,2016-09-21 14:11:27,,9,1
430717225489998,275621974489998,2015,40,2,101,164.0,1.0,2,LOJA,1,LOJA,3,2016-09-21 14:11:27,,9,1
430717226489998,275621974489998,2015,40,2,101,164.0,2.0,2,LOJA,1,LOJA,2,2016-09-21 14:11:27,,9,1
430717227489998,275621974489998,2015,40,2,101,164.0,3.0,2,LOJA,1,LOJA,4,2016-09-21 14:11:27,,9,1
430717228489998,275621974489998,2015,40,2,101,164.0,2.0,2,ROSA5,1,ROSA5,1,2016-09-21 14:11:27,,9,1
430717229489998,275621974489998,2015,40,2,101,164.0,3.0,2,ROSA5,1,ROSA5,1,2016-09-21 14:11:27,,9,1
430717246489998,275621978489998,2015,40,2,101,141.0,2.0,1,LECU,1,LECU,1,2016-09-21 14:11:28,,9,1
430717247489998,275621978489998,2015,40,2,101,141.0,3.0,1,LECU,1,LECU,8,2016-09-21 14:11:28,,9,1
430716102489998,275621874489998,2015,40,1,127,274.0,2.0,1,LIGUS2,1,LIGUS2,1,2016-09-21 14:11:21,,9,1
430717248489998,275621978489998,2015,40,2,101,141.0,2.0,1,LIGUS2,1,LIGUS2,1,2016-09-21 14:11:28,,9,1
430717249489998,275621978489998,2015,40,2,101,141.0,3.0,1,LIGUS2,1,LIGUS2,1,2016-09-21 14:11:28,,9,1
430717250489998,275621978489998,2015,40,2,101,141.0,1.0,1,LOJA,1,LOJA,7,2016-09-21 14:11:28,,9,1
499116847126144,211973204010854,2010,40,2,135,162.0,2.0,1,LIGUS2,1,LIGUS2,5,2018-01-25 14:36:13,2018-03-29 14:57:15,8,1
499116848126144,211973204010854,2010,40,2,135,162.0,2.0,1,LOJA,1,LOJA,70,2018-01-25 14:36:13,2018-03-29 14:57:15,8,1
499116849126144,211973204010854,2010,40,2,135,162.0,2.0,2,LIGUS2,1,LIGUS2,5,2018-01-25 14:36:13,2018-03-29 14:57:15,8,1
499116850126144,211973204010854,2010,40,2,135,162.0,2.0,2,LOJA,1,LOJA,70,2018-01-25 14:36:13,2018-03-29 14:57:15,8,1
499116851126144,211973204010854,2010,40,2,135,162.0,3.0,1,LIGUS2,1,LIGUS2,5,2018-01-25 14:36:13,2018-03-29 14:57:15,8,1
499116852126144,211973204010854,2010,40,2,135,162.0,3.0,1,ROSA5,1,ROSA5,1,2018-01-25 14:36:13,2018-03-29 14:57:15,8,1
499116853126144,211973204010854,2010,40,2,135,162.0,3.0,1,LOJA,1,LOJA,70,2018-01-25 14:36:13,2018-03-29 14:57:15,8,1
499116854126144,211973204010854,2010,40,2,135,162.0,4.0,1,LOJA,1,LOJA,30,2018-01-25 14:36:13,2018-03-29 14:57:15,8,1
499116855126144,211973234010854,2010,40,2,21,112.0,4.0,2,LOJA,1,LOJA,1,2018-01-25 14:36:13,2018-03-29 14:57:15,8,1
499116856126144,211973234010854,2010,40,2,21,112.0,4.0,2,LECU,1,LECU,1,2018-01-25 14:36:13,2018-03-29 14:57:15,8,1
499116857126144,211973268010854,2010,40,1,89,327.0,1.0,1,ROSA5,1,ROSA5,1,2018-01-25 14:36:13,2018-03-29 14:57:15,8,1
499116858126144,211973268010854,2010,40,1,89,327.0,3.0,1,ROSA5,1,ROSA5,5,2018-01-25 14:36:13,2018-03-29 14:57:15,8,1
499116859126144,211973268010854,2010,40,1,89,327.0,4.0,1,ROSA5,1,ROSA5,1,2018-01-25 14:36:13,2018-03-29 14:57:15,8,1
499116860126144,211973272010854,2010,40,1,89,435.0,1.0,1,LOJA,1,LOJA,1,2018-01-25 14:36:13,2018-03-29 14:57:15,8,1
499116861126144,211973272010854,2010,40,1,89,435.0,2.0,1,LOJA,1,LOJA,5,2018-01-25 14:36:13,2018-03-29 14:57:15,8,1
499116862126144,211973272010854,2010,40,1,89,435.0,3.0,2,LOJA,1,LOJA,1,2018-01-25 14:36:13,2018-03-29 14:57:15,8,1
499116863126144,211973272010854,2010,40,1,89,435.0,4.0,1,LOJA,1,LOJA,1,2018-01-25 14:36:13,2018-03-29 14:57:15,8,1
499116864126144,211973278010854,2010,40,1,79,354.0,1.0,1,LESPE,1,LESPE,1,2018-01-25 14:36:13,2018-03-29 14:57:15,8,1
499116865126144,211973280010854,2010,40,1,79,244.0,3.0,1,LECU,1,LECU,30,2018-01-25 14:36:13,2018-03-29 14:57:21,8,1
499116866126144,211973300010854,2010,40,1,79,206.0,1.0,1,ROSA5,1,ROSA5,5,2018-01-25 14:36:13,2018-03-29 14:57:15,8,1
499116867126144,211973312010854,2010,40,1,79,353.0,4.0,2,LOJA,1,LOJA,5,2018-01-25 14:36:13,2018-03-29 14:57:15,8,1
499116868126144,211973320010854,2010,40,1,79,263.0,1.0,2,LECU,1,LECU,1,2018-01-25 14:36:13,2018-03-29 14:57:15,8,1
499116869126144,211973320010854,2010,40,1,79,263.0,2.0,2,LECU,1,LECU,1,2018-01-25 14:36:13,2018-03-29 14:57:15,8,1
499116870126144,211973332010854,2010,40,2,135,111.0,1.0,1,LIGUS2,1,LIGUS2,1,2018-01-25 14:36:13,2018-03-29 14:57:15,8,1
499116871126144,211973332010854,2010,40,2,135,111.0,1.0,1,LOJA,1,LOJA,5,2018-01-25 14:36:13,2018-03-29 14:57:15,8,1
499116872126144,211973332010854,2010,40,2,135,111.0,3.0,1,LIGUS2,1,LIGUS2,1,2018-01-25 14:36:13,2018-03-29 14:57:15,8,1
499116873126144,211973332010854,2010,40,2,135,111.0,3.0,1,LOJA,1,LOJA,5,2018-01-25 14:36:13,2018-03-29 14:57:15,8,1
499116874126144,211973332010854,2010,40,2,135,111.0,4.0,1,ROSA5,1,ROSA5,1,2018-01-25 14:36:13,2018-03-29 14:57:15,8,1
499116875126144,211973332010854,2010,40,2,135,111.0,4.0,1,LOJA,1,LOJA,1,2018-01-25 14:36:13,2018-03-29 14:57:15,8,1
499116876126144,211973342010854,2010,40,2,135,129.0,1.0,2,LIGUS2,1,LIGUS2,1,2018-01-25 14:36:13,2018-03-29 14:57:15,8,1
499116877126144,211973342010854,2010,40,2,135,129.0,2.0,2,LIGUS2,1,LIGUS2,70,2018-01-25 14:36:13,2018-03-29 14:57:15,8,1
499116878126144,211973342010854,2010,40,2,135,129.0,3.0,2,LOJA,1,LOJA,30,2018-01-25 14:36:13,2018-03-29 14:57:15,8,1
499116879126144,211973342010854,2010,40,2,135,129.0,4.0,2,LOJA,1,LOJA,95,2018-01-25 14:36:13,2018-03-29 14:57:15,8,1
499116880126144,211973346010854,2010,40,2,41,102.0,1.0,1,LIGUS2,1,LIGUS2,1,2018-01-25 14:36:13,2018-03-29 14:57:15,8,1
499116881126144,211973346010854,2010,40,2,41,102.0,1.0,1,LOJA,1,LOJA,30,2018-01-25 14:36:13,2018-03-29 14:57:15,8,1
499116882126144,211973346010854,2010,40,2,41,102.0,2.0,1,LOJA,1,LOJA,1,2018-01-25 14:36:13,2018-03-29 14:57:15,8,1
499116883126144,211973346010854,2010,40,2,41,102.0,3.0,1,ROSA5,1,ROSA5,1,2018-01-25 14:36:13,2018-03-29 14:57:21,8,1
499116842126144,211973194010854,2010,40,2,135,151.0,2.0,1,SCAR7,1,SCAR7,5,2018-01-25 14:36:13,2020-08-10 11:38:55,8,1
499116884126144,211973346010854,2010,40,2,41,102.0,4.0,1,ROSA5,1,ROSA5,1,2018-01-25 14:36:13,2018-03-29 14:57:15,8,1
499116885126144,211973346010854,2010,40,2,41,102.0,4.0,1,LOJA,1,LOJA,1,2018-01-25 14:36:13,2018-03-29 14:57:15,8,1
499116886126144,211973348010854,2010,40,2,1,96.0,3.0,2,ROSA5,1,ROSA5,1,2018-01-25 14:36:13,2018-03-29 14:57:15,8,1
499116887126144,211973358010854,2010,40,1,89,411.0,2.0,2,LIGUS2,1,LIGUS2,30,2018-01-25 14:36:13,2018-03-29 14:57:15,8,1
499116888126144,211973360010854,2010,40,1,89,407.0,1.0,1,ALJU,1,ALJU,5,2018-01-25 14:36:13,2018-03-29 14:57:15,8,1
499116889126144,211973360010854,2010,40,1,89,407.0,1.0,1,LIGUS2,1,LIGUS2,95,2018-01-25 14:36:13,2018-03-29 14:57:15,8,1
499116890126144,211973360010854,2010,40,1,89,407.0,2.0,1,ALJU,1,ALJU,5,2018-01-25 14:36:13,2018-03-29 14:57:15,8,1
499116891126144,211973360010854,2010,40,1,89,407.0,2.0,1,LIGUS2,1,LIGUS2,95,2018-01-25 14:36:13,2018-03-29 14:57:15,8,1
499116892126144,211973360010854,2010,40,1,89,407.0,3.0,1,LIGUS2,1,LIGUS2,70,2018-01-25 14:36:13,2018-03-29 14:57:15,8,1
499116893126144,211973360010854,2010,40,1,89,407.0,4.0,1,LIGUS2,1,LIGUS2,30,2018-01-25 14:36:13,2018-03-29 14:57:15,8,1
499116894126144,211973364010854,2010,40,1,89,301.0,1.0,1,LOJA,1,LOJA,1,2018-01-25 14:36:13,2018-03-29 14:57:15,8,1
499116895126144,211973374010854,2010,40,1,89,311.0,1.0,1,ROSA5,1,ROSA5,1,2018-01-25 14:36:13,2018-03-29 14:57:15,8,1
499116896126144,211973374010854,2010,40,1,89,311.0,3.0,1,LESPE,1,LESPE,1,2018-01-25 14:36:13,2018-03-29 14:57:15,8,1
499116898126144,211973376010854,2010,40,1,89,280.0,3.0,1,LECU,1,LECU,1,2018-01-25 14:36:13,2018-03-29 14:57:15,8,1
921849802290487,708688739290487,2019,40,1,5,213.0,1.0,1,LIGUS2,1,LIGUS2,2,2021-10-27 05:10:17,,9,5
921849803290487,708688739290487,2019,40,1,5,213.0,2.0,1,LIGUS2,1,LIGUS2,1,2021-10-27 05:10:17,,9,5
921849804290487,708688739290487,2019,40,1,5,213.0,3.0,1,LIGUS2,1,LIGUS2,1,2021-10-27 05:10:17,,9,5
921849805290487,708688739290487,2019,40,1,5,213.0,1.0,1,LOJA,1,LOJA,1,2021-10-27 05:10:17,,9,5
921849806290487,708688739290487,2019,40,1,5,213.0,2.0,1,LOJA,1,LOJA,2,2021-10-27 05:10:17,,9,5
921849807290487,708688739290487,2019,40,1,5,213.0,3.0,1,LOJA,1,LOJA,2,2021-10-27 05:10:17,,9,5
921849839290487,708688746290487,2019,40,1,5,190.0,4.0,2,LOJA,1,LOJA,4,2021-10-27 05:10:18,,9,5
921849966290487,708688752290487,2019,40,1,89,405.0,2.0,1,LIGUS2,1,LIGUS2,1,2021-10-27 05:10:18,,9,5
921849967290487,708688752290487,2019,40,1,89,405.0,4.0,1,LIGUS2,1,LIGUS2,1,2021-10-27 05:10:18,,9,5
921849968290487,708688752290487,2019,40,1,89,405.0,2.0,1,ROSA5,1,ROSA5,2,2021-10-27 05:10:18,,9,5
921849973290487,708688753290487,2019,40,1,89,253.0,4.0,1,LECU,1,LECU,1,2021-10-27 05:10:18,,9,5
921849978290487,708688754290487,2019,40,1,89,254.0,3.0,1,LECU,1,LECU,1,2021-10-27 05:10:18,,9,5
921849979290487,708688754290487,2019,40,1,89,254.0,1.0,1,LIGUS2,1,LIGUS2,2,2021-10-27 05:10:18,,9,5
921849218290487,708688662290487,2019,40,2,91,137.0,4.0,1,ROSA5,1,ROSA5,1,2021-10-27 05:10:15,,9,5
1294876832290487,821947768290487,2020,40,1,89,335.0,2.0,1,LOJA,1,LOJA,2,2023-03-21 10:43:28,,10,1
1294876833290487,821947768290487,2020,40,1,89,335.0,4.0,1,LOJA,1,LOJA,2,2023-03-21 10:43:28,,10,1
1294876838290487,821947769290487,2020,40,1,89,377.0,3.0,1,MEAZ,1,MEAZ,1,2023-03-21 10:43:28,,10,1
1294876843290487,821947770290487,2020,40,1,89,413.0,4.0,1,ALJU,1,ALJU,1,2023-03-21 10:43:28,,10,1
1294876844290487,821947770290487,2020,40,1,89,413.0,1.0,1,LECU,1,LECU,1,2023-03-21 10:43:28,,10,1
1294876845290487,821947770290487,2020,40,1,89,413.0,2.0,1,LECU,1,LECU,1,2023-03-21 10:43:28,,10,1
1294876846290487,821947770290487,2020,40,1,89,413.0,3.0,1,LECU,1,LECU,1,2023-03-21 10:43:28,,10,1
1294876847290487,821947770290487,2020,40,1,89,413.0,1.0,1,LOJA,1,LOJA,5,2023-03-21 10:43:28,,10,1
1294876848290487,821947770290487,2020,40,1,89,413.0,2.0,1,LOJA,1,LOJA,1,2023-03-21 10:43:28,,10,1
1294876849290487,821947770290487,2020,40,1,89,413.0,3.0,1,LOJA,1,LOJA,5,2023-03-21 10:43:28,,10,1
1294876850290487,821947770290487,2020,40,1,89,413.0,4.0,1,LOJA,1,LOJA,2,2023-03-21 10:43:28,,10,1
1294876856290487,821947771290487,2020,40,1,89,257.0,3.0,1,LECU,1,LECU,1,2023-03-21 10:43:28,,10,1
1294876857290487,821947771290487,2020,40,1,89,257.0,4.0,1,LECU,1,LECU,1,2023-03-21 10:43:28,,10,1
1294876879290487,821947776290487,2020,40,1,89,251.0,3.0,1,LECU,1,LECU,5,2023-03-21 10:43:28,,10,1
1294876885290487,821947777290487,2020,40,1,89,362.0,1.0,1,LECU,1,LECU,2,2023-03-21 10:43:28,,10,1
1294876886290487,821947777290487,2020,40,1,89,362.0,4.0,1,LOJA,1,LOJA,1,2023-03-21 10:43:28,,10,1
1294876909290487,821947782290487,2020,40,1,29,82.0,1.0,1,LIGUS2,1,LIGUS2,1,2023-03-21 10:43:28,,10,1
1294876910290487,821947782290487,2020,40,1,29,82.0,2.0,1,LIGUS2,1,LIGUS2,1,2023-03-21 10:43:28,,10,1
1294876911290487,821947782290487,2020,40,1,29,82.0,3.0,1,LIGUS2,1,LIGUS2,1,2023-03-21 10:43:28,,10,1
1294876912290487,821947782290487,2020,40,1,29,82.0,2.0,1,LOJA,1,LOJA,1,2023-03-21 10:43:28,,10,1
1294876913290487,821947782290487,2020,40,1,29,82.0,2.0,1,ROSA5,1,ROSA5,1,2023-03-21 10:43:28,,10,1
1294876922290487,821947784290487,2020,40,1,29,92.0,1.0,1,LECU,1,LECU,35,2023-03-21 10:43:28,,10,1
1294876923290487,821947784290487,2020,40,1,29,92.0,2.0,1,LECU,1,LECU,5,2023-03-21 10:43:28,,10,1
1294876924290487,821947784290487,2020,40,1,29,92.0,3.0,1,LECU,1,LECU,12,2023-03-21 10:43:28,,10,1
1294876925290487,821947784290487,2020,40,1,29,92.0,2.0,1,LIGUS2,1,LIGUS2,1,2023-03-21 10:43:28,,10,1
1294876926290487,821947784290487,2020,40,1,29,92.0,4.0,1,LIGUS2,1,LIGUS2,1,2023-03-21 10:43:28,,10,1
1294876940290487,821947787290487,2020,40,2,97,146.0,1.0,1,LECU,1,LECU,25,2023-03-21 10:43:28,,10,1
1294876941290487,821947787290487,2020,40,2,97,146.0,2.0,1,LECU,1,LECU,22,2023-03-21 10:43:28,,10,1
1294876942290487,821947787290487,2020,40,2,97,146.0,3.0,2,LECU,1,LECU,25,2023-03-21 10:43:28,,10,1
1294876943290487,821947787290487,2020,40,2,97,146.0,4.0,1,LECU,1,LECU,1,2023-03-21 10:43:28,,10,1
1294876949290487,821947788290487,2020,40,2,97,93.0,4.0,2,LIGUS2,1,LIGUS2,2,2023-03-21 10:43:28,,10,1
1294876950290487,821947788290487,2020,40,2,97,93.0,4.0,2,LOJA,1,LOJA,2,2023-03-21 10:43:28,,10,1
1294876963290487,821947791290487,2020,40,1,127,163.0,1.0,1,LIGUS2,1,LIGUS2,35,2023-03-21 10:43:28,,10,1
1294876964290487,821947791290487,2020,40,1,127,163.0,3.0,1,LIGUS2,1,LIGUS2,5,2023-03-21 10:43:28,,10,1
1294876965290487,821947791290487,2020,40,1,127,163.0,4.0,1,LIGUS2,1,LIGUS2,12,2023-03-21 10:43:28,,10,1
1294876966290487,821947791290487,2020,40,1,127,163.0,3.0,1,LOJA,1,LOJA,2,2023-03-21 10:43:28,,10,1
1294876967290487,821947791290487,2020,40,1,127,163.0,4.0,1,LOJA,1,LOJA,1,2023-03-21 10:43:28,,10,1
1294876968290487,821947791290487,2020,40,1,127,163.0,1.0,1,MEAZ,1,MEAZ,2,2023-03-21 10:43:28,,10,1
1294876969290487,821947791290487,2020,40,1,127,163.0,2.0,1,MEAZ,1,MEAZ,2,2023-03-21 10:43:28,,10,1
1294876978290487,821947793290487,2020,40,1,23,172.0,4.0,1,LECU,1,LECU,1,2023-03-21 10:43:28,,10,1
1294876979290487,821947793290487,2020,40,1,23,172.0,1.0,1,LIGUS2,1,LIGUS2,1,2023-03-21 10:43:28,,10,1
1294876993290487,821947796290487,2020,40,1,121,216.0,3.0,1,LECU,1,LECU,2,2023-03-21 10:43:28,,10,1
1294876994290487,821947796290487,2020,40,1,121,216.0,4.0,1,LECU,1,LECU,1,2023-03-21 10:43:28,,10,1
1294877068290487,822975921290487,2020,40,3,113,108.0,3.0,1,LECU,1,LECU,1,2023-03-21 10:43:29,,3,2
1294877069290487,822975921290487,2020,40,3,113,108.0,4.0,1,LECU,1,LECU,5,2023-03-21 10:43:29,,3,2
1294877067290487,822975921290487,2020,40,3,113,108.0,1.0,1,LECU,1,LECU,10,2023-03-21 10:43:29,,3,2
1294877209290487,822975966290487,2020,40,3,37,80.0,2.0,1,LIGUS2,1,LIGUS2,1,2023-03-21 10:43:29,,3,2
1294877210290487,822975966290487,2020,40,3,37,80.0,3.0,1,LIGUS2,1,LIGUS2,1,2023-03-21 10:43:29,,3,2
1294877211290487,822975966290487,2020,40,3,37,80.0,2.0,1,LOJA,1,LOJA,9,2023-03-21 10:43:29,,3,2
1294877212290487,822975966290487,2020,40,3,37,80.0,3.0,1,LOJA,1,LOJA,14,2023-03-21 10:43:29,,3,2
1294877213290487,822975966290487,2020,40,3,37,80.0,1.0,1,ROSA5,1,ROSA5,1,2023-03-21 10:43:29,,3,2
1294877247290487,822975968290487,2020,40,4,107,47.0,1.0,1,LIGUS2,1,LIGUS2,5,2023-03-21 10:43:29,,3,2
1294877248290487,822975968290487,2020,40,4,107,47.0,2.0,1,LIGUS2,1,LIGUS2,1,2023-03-21 10:43:29,,3,2
1294877249290487,822975968290487,2020,40,4,107,47.0,3.0,1,LIGUS2,1,LIGUS2,3,2023-03-21 10:43:29,,3,2
1294877250290487,822975968290487,2020,40,4,107,47.0,4.0,1,LIGUS2,1,LIGUS2,3,2023-03-21 10:43:29,,3,2
1294877251290487,822975968290487,2020,40,4,107,47.0,1.0,1,LOJA,1,LOJA,50,2023-03-21 10:43:29,,3,2
1294877252290487,822975968290487,2020,40,4,107,47.0,2.0,1,LOJA,1,LOJA,30,2023-03-21 10:43:29,,3,2
1294877253290487,822975968290487,2020,40,4,107,47.0,3.0,1,LOJA,1,LOJA,40,2023-03-21 10:43:29,,3,2
1294877254290487,822975968290487,2020,40,4,107,47.0,4.0,1,LOJA,1,LOJA,20,2023-03-21 10:43:29,,3,2
1294877255290487,822975968290487,2020,40,4,107,47.0,1.0,1,ROSA5,1,ROSA5,3,2023-03-21 10:43:29,,3,2
1294877256290487,822975968290487,2020,40,4,107,47.0,2.0,1,ROSA5,1,ROSA5,1,2023-03-21 10:43:29,,3,2
1294877257290487,822975968290487,2020,40,4,107,47.0,3.0,1,ROSA5,1,ROSA5,1,2023-03-21 10:43:29,,3,2
1294877258290487,822975968290487,2020,40,4,107,47.0,4.0,1,ROSA5,1,ROSA5,1,2023-03-21 10:43:29,,3,2
1294877271290487,822975971290487,2020,40,4,107,67.0,4.0,1,LIGUS2,1,LIGUS2,1,2023-03-21 10:43:29,,3,2
1294877286290487,822975974290487,2020,40,3,37,41.0,1.0,1,LECU,1,LECU,4,2023-03-21 10:43:30,,3,2
1294877287290487,822975974290487,2020,40,3,37,41.0,1.0,2,LECU,1,LECU,1,2023-03-21 10:43:30,,3,2
1294877288290487,822975974290487,2020,40,3,37,41.0,2.0,1,LECU,1,LECU,2,2023-03-21 10:43:30,,3,2
1294877289290487,822975974290487,2020,40,3,37,41.0,3.0,2,LECU,1,LECU,2,2023-03-21 10:43:30,,3,2
1294877295290487,822975976290487,2020,40,3,37,58.0,1.0,1,LECU,1,LECU,1,2023-03-21 10:43:30,,3,2
1294877296290487,822975976290487,2020,40,3,37,58.0,2.0,1,LECU,1,LECU,1,2023-03-21 10:43:30,,3,2
1294877297290487,822975976290487,2020,40,3,37,58.0,3.0,2,LECU,1,LECU,1,2023-03-21 10:43:30,,3,2
1294877298290487,822975976290487,2020,40,3,37,58.0,4.0,1,LECU,1,LECU,14,2023-03-21 10:43:30,,3,2
921849980290487,708688754290487,2019,40,1,89,254.0,1.0,1,LOJA,1,LOJA,1,2021-10-27 05:10:18,,9,5
921849981290487,708688754290487,2019,40,1,89,254.0,3.0,1,LOJA,1,LOJA,1,2021-10-27 05:10:18,,9,5
921849987290487,708688755290487,2019,40,1,89,409.0,2.0,1,LOJA,1,LOJA,1,2021-10-27 05:10:18,,9,5
921849988290487,708688755290487,2019,40,1,89,409.0,3.0,1,LOJA,1,LOJA,1,2021-10-27 05:10:18,,9,5
921849997290487,708688757290487,2019,40,1,29,90.0,2.0,1,LECU,1,LECU,4,2021-10-27 05:10:18,,9,5
921849998290487,708688757290487,2019,40,1,29,90.0,2.0,1,LIGUS2,1,LIGUS2,4,2021-10-27 05:10:18,,9,5
921849999290487,708688757290487,2019,40,1,29,90.0,3.0,2,LIGUS2,1,LIGUS2,1,2021-10-27 05:10:18,,9,5
921850000290487,708688757290487,2019,40,1,29,90.0,2.0,1,LOJA,1,LOJA,1,2021-10-27 05:10:18,,9,5
921850001290487,708688757290487,2019,40,1,29,90.0,3.0,2,LOJA,1,LOJA,1,2021-10-27 05:10:18,,9,5
921850012290487,708688759290487,2019,40,1,5,206.0,2.0,1,POTR4,1,POTR4,1,2021-10-27 05:10:18,,9,5
921850017290487,708688760290487,2019,40,1,29,74.0,4.0,1,LECU,1,LECU,1,2021-10-27 05:10:18,,9,5
921850026290487,708688762290487,2019,40,2,97,142.0,3.0,1,LIGUS2,1,LIGUS2,1,2021-10-27 05:10:18,,9,5
921850027290487,708688762290487,2019,40,2,97,142.0,4.0,1,LIGUS2,1,LIGUS2,1,2021-10-27 05:10:18,,9,5
921850032290487,708688763290487,2019,40,1,127,227.0,4.0,1,LECU,1,LECU,1,2021-10-27 05:10:18,,9,5
921850055290487,708688768290487,2019,40,1,23,151.0,2.0,1,LECU,1,LECU,2,2021-10-27 05:10:18,,9,5
921850061290487,708688769290487,2019,40,1,23,128.0,3.0,2,ROSA5,1,ROSA5,2,2021-10-27 05:10:18,,9,5
1294878606290487,822976405290487,2020,40,4,63,22.0,3.0,2,LECU,1,LECU,8,2023-03-21 10:43:36,,3,2
1294878640290487,822976425290487,2020,40,3,37,98.0,2.0,2,ALJU,1,ALJU,10,2023-03-21 10:43:36,,3,2
1294878641290487,822976425290487,2020,40,3,37,98.0,2.0,2,LIGUS2,1,LIGUS2,1,2023-03-21 10:43:36,,3,2
1294878642290487,822976425290487,2020,40,3,37,98.0,2.0,2,LOJA,1,LOJA,48,2023-03-21 10:43:36,,3,2
1294878667290487,822976431290487,2020,40,4,125,71.0,2.0,1,SCAR7,1,SCAR7,1,2023-03-21 10:43:37,,3,2
1294878668290487,822976431290487,2020,40,4,125,71.0,3.0,1,SCAR7,1,SCAR7,1,2023-03-21 10:43:37,,3,2
1294878845290487,822976450290487,2020,40,4,49,56.0,2.0,1,LIGUS2,1,LIGUS2,1,2023-03-21 10:43:37,,3,2
1294878971290487,822976482290487,2020,40,4,63,65.0,4.0,2,LECU,1,LECU,1,2023-03-21 10:43:38,,3,2
1294878982290487,822976484290487,2020,40,4,133,4.0,1.0,1,LECU,1,LECU,1,2023-03-21 10:43:38,,3,2
1294878983290487,822976484290487,2020,40,4,133,4.0,3.0,1,LECU,1,LECU,1,2023-03-21 10:43:38,,3,2
1535421023290487,932991425290487,2021,40,2,21,103.0,1.0,1,LIGUS2,1,LIGUS2,1,2023-12-11 17:23:39,,10,2
1535421024290487,932991425290487,2021,40,2,21,103.0,4.0,1,LIGUS2,1,LIGUS2,5,2023-12-11 17:23:39,,10,2
1535421025290487,932991425290487,2021,40,2,21,103.0,3.0,1,LOJA,1,LOJA,1,2023-12-11 17:23:39,,10,2
1535421070290487,932991436290487,2021,40,2,41,140.0,3.0,1,LECU,1,LECU,2,2023-12-11 17:23:42,,10,2
1535421104290487,932991444290487,2021,40,1,89,313.0,1.0,1,SCAR7,1,SCAR7,4,2023-12-11 17:23:43,,10,2
1535421105290487,932991444290487,2021,40,1,89,313.0,2.0,1,SCAR7,1,SCAR7,1,2023-12-11 17:23:43,,10,2
1535421106290487,932991444290487,2021,40,1,89,313.0,4.0,1,SCAR7,1,SCAR7,2,2023-12-11 17:23:43,,10,2
1535421211290487,932991445290487,2021,40,1,127,200.0,1.0,1,LOJA,1,LOJA,20,2023-12-11 17:23:43,,10,2
1535421212290487,932991445290487,2021,40,1,127,200.0,2.0,1,LOJA,1,LOJA,5,2023-12-11 17:23:43,,10,2
1535421213290487,932991445290487,2021,40,1,127,200.0,3.0,1,LOJA,1,LOJA,20,2023-12-11 17:23:43,,10,2
1535421214290487,932991445290487,2021,40,1,127,200.0,4.0,1,LOJA,1,LOJA,5,2023-12-11 17:23:43,,10,2
1535421215290487,932991445290487,2021,40,1,127,200.0,2.0,1,PYCA80,1,PYCA80,1,2023-12-11 17:23:43,,10,2
1535421216290487,932991445290487,2021,40,1,127,200.0,4.0,1,PYCA80,1,PYCA80,5,2023-12-11 17:23:43,,10,2
1535421217290487,932991445290487,2021,40,1,127,200.0,4.0,1,ROSA5,1,ROSA5,5,2023-12-11 17:23:43,,10,2
1535421251290487,932991453290487,2021,40,2,101,188.0,4.0,1,LOJA,1,LOJA,1,2023-12-11 17:23:44,,10,2
1535421260290487,932991455290487,2021,40,2,101,169.0,3.0,1,EUFO5,1,EUFO5,1,2023-12-11 17:23:44,,10,2
1535421261290487,932991455290487,2021,40,2,101,169.0,1.0,1,LOJA,1,LOJA,1,2023-12-11 17:23:44,,10,2
1535421262290487,932991455290487,2021,40,2,101,169.0,4.0,1,LOJA,1,LOJA,1,2023-12-11 17:23:44,,10,2
1535421284290487,932991460290487,2021,40,2,101,183.0,1.0,1,LECU,1,LECU,1,2023-12-11 17:23:44,,10,2
1535421285290487,932991460290487,2021,40,2,101,183.0,2.0,1,LECU,1,LECU,2,2023-12-11 17:23:44,,10,2
499116899126144,211973376010854,2010,40,1,89,280.0,4.0,2,LECU,1,LECU,1,2018-01-25 14:36:13,2018-03-29 14:57:15,8,1
499116897126144,211973376010854,2010,40,1,89,280.0,2.0,2,ROSA5,1,ROSA5,1,2018-01-25 14:36:13,2018-03-29 14:57:15,8,1
499116900126144,211973380010854,2010,40,1,89,375.0,4.0,1,LOJA,1,LOJA,1,2018-01-25 14:36:13,2018-03-29 14:57:15,8,1
499116901126144,211973404010854,2010,40,1,79,193.0,3.0,1,LIGUS2,1,LIGUS2,5,2018-01-25 14:36:13,2018-03-29 14:57:15,8,1
499116902126144,211973404010854,2010,40,1,79,193.0,3.0,1,LOJA,1,LOJA,30,2018-01-25 14:36:13,2018-03-29 14:57:15,8,1
499116903126144,211973404010854,2010,40,1,79,193.0,4.0,1,LIGUS2,1,LIGUS2,5,2018-01-25 14:36:13,2018-03-29 14:57:21,8,1
499116904126144,211973404010854,2010,40,1,79,193.0,4.0,1,LOJA,1,LOJA,95,2018-01-25 14:36:13,2018-03-29 14:57:15,8,1
499116905126144,211973410010854,2010,40,1,89,377.0,3.0,1,MEAZ,1,MEAZ,1,2018-01-25 14:36:13,2018-03-29 14:57:15,8,1
499116906126144,211973412010854,2010,40,1,89,413.0,1.0,1,LONIC,1,LONIC,5,2018-01-25 14:36:13,2018-03-29 14:57:15,8,1
499116907126144,211973412010854,2010,40,1,89,413.0,3.0,1,LONIC,1,LONIC,1,2018-01-25 14:36:13,2018-03-29 14:57:15,8,1
499116908126144,211973414010854,2010,40,1,89,257.0,4.0,1,LESPE,1,LESPE,1,2018-01-25 14:36:13,2018-03-29 14:57:15,8,1
499116909126144,211973426010854,2010,40,1,89,362.0,1.0,1,LIGUS2,1,LIGUS2,1,2018-01-25 14:36:13,2018-03-29 14:57:15,8,1
499116571126144,211971942010854,2010,40,5,31,104.0,1.0,1,LIGUS2,1,LIGUS2,1,2018-01-25 14:36:13,2018-03-29 14:57:15,2,2
499116572126144,211971954010854,2010,40,5,15,137.0,2.0,2,SCAR7,1,SCAR7,5,2018-01-25 14:36:13,2020-08-10 11:38:55,2,2
499116573126144,211971954010854,2010,40,5,15,137.0,4.0,2,SCAR7,1,SCAR7,5,2018-01-25 14:36:13,2020-08-10 11:38:55,2,2
499116574126144,211972066010854,2010,40,5,15,33.0,2.0,1,LECU,1,LECU,5,2018-01-25 14:36:13,2018-03-29 14:57:15,2,2
499116575126144,211972144010854,2010,40,5,51,78.0,1.0,1,LIGUS2,1,LIGUS2,5,2018-01-25 14:36:13,2018-03-29 14:57:15,2,2
499116576126144,211972144010854,2010,40,5,51,78.0,1.0,1,LOJA,1,LOJA,5,2018-01-25 14:36:13,2018-03-29 14:57:15,2,2
499116577126144,211972144010854,2010,40,5,51,78.0,2.0,1,LIGUS2,1,LIGUS2,1,2018-01-25 14:36:13,2018-03-29 14:57:15,2,2
499116578126144,211972144010854,2010,40,5,51,78.0,2.0,1,LOJA,1,LOJA,30,2018-01-25 14:36:13,2018-03-29 14:57:15,2,2
499116579126144,211972144010854,2010,40,5,51,78.0,3.0,1,LIGUS2,1,LIGUS2,5,2018-01-25 14:36:13,2018-03-29 14:57:15,2,2
499116580126144,211972144010854,2010,40,5,51,78.0,3.0,1,LOJA,1,LOJA,5,2018-01-25 14:36:13,2018-03-29 14:57:15,2,2
499116581126144,211972144010854,2010,40,5,51,78.0,4.0,1,LIGUS2,1,LIGUS2,1,2018-01-25 14:36:13,2018-03-29 14:57:15,2,2
499116582126144,211972150010854,2010,40,5,51,105.0,3.0,2,ROSA5,1,ROSA5,1,2018-01-25 14:36:13,2018-03-29 14:57:15,2,2
499116583126144,211972152010854,2010,40,5,17,29.0,4.0,2,ROSA5,1,ROSA5,1,2018-01-25 14:36:13,2018-03-29 14:57:15,2,2
499116584126144,211972306010854,2010,40,4,109,30.0,1.0,1,LOJA,1,LOJA,5,2018-01-25 14:36:13,2018-03-29 14:57:15,2,2
499116585126144,211972310010854,2010,40,4,27,32.0,3.0,1,ROSA5,1,ROSA5,5,2018-01-25 14:36:13,2018-03-29 14:57:15,2,2
499116586126144,211972316010854,2010,40,4,87,15.0,2.0,1,LIGUS2,1,LIGUS2,1,2018-01-25 14:36:13,2018-03-29 14:57:15,2,2
499116587126144,211972324010854,2010,40,4,109,11.0,1.0,1,LIGUS2,1,LIGUS2,5,2018-01-25 14:36:13,2018-03-29 14:57:15,2,2
499116588126144,211972324010854,2010,40,4,109,11.0,1.0,1,ROSA5,1,ROSA5,1,2018-01-25 14:36:13,2018-03-29 14:57:15,2,2
499116589126144,211972324010854,2010,40,4,109,11.0,1.0,1,LOJA,1,LOJA,5,2018-01-25 14:36:13,2018-03-29 14:57:15,2,2
499116590126144,211972324010854,2010,40,4,109,11.0,2.0,1,LIGUS2,1,LIGUS2,1,2018-01-25 14:36:13,2018-03-29 14:57:15,2,2
499116591126144,211972324010854,2010,40,4,109,11.0,2.0,1,LOJA,1,LOJA,5,2018-01-25 14:36:13,2018-03-29 14:57:21,2,2
499116592126144,211972324010854,2010,40,4,109,11.0,3.0,1,LIGUS2,1,LIGUS2,5,2018-01-25 14:36:13,2018-03-29 14:57:15,2,2
499116593126144,211972324010854,2010,40,4,109,11.0,3.0,1,ROSA5,1,ROSA5,5,2018-01-25 14:36:13,2018-03-29 14:57:15,2,2
499116594126144,211972324010854,2010,40,4,109,11.0,3.0,1,LOJA,1,LOJA,5,2018-01-25 14:36:13,2018-03-29 14:57:15,2,2
499116595126144,211972326010854,2010,40,4,109,15.0,3.0,1,ROSA5,1,ROSA5,1,2018-01-25 14:36:13,2018-03-29 14:57:15,2,2
499116596126144,211972326010854,2010,40,4,109,15.0,3.0,1,LOJA,1,LOJA,30,2018-01-25 14:36:13,2018-03-29 14:57:15,2,2
499116597126144,211972326010854,2010,40,4,109,15.0,4.0,1,LOJA,1,LOJA,70,2018-01-25 14:36:13,2018-03-29 14:57:15,2,2
499116843126144,211973194010854,2010,40,2,135,151.0,4.0,1,SCAR7,1,SCAR7,1,2018-01-25 14:36:13,2020-08-10 11:38:55,8,1
499116844126144,211973200010854,2010,40,2,135,115.0,2.0,2,SCAR7,1,SCAR7,1,2018-01-25 14:36:13,2020-08-10 11:38:55,8,1
499116845126144,211973200010854,2010,40,2,135,115.0,3.0,1,SCAR7,1,SCAR7,1,2018-01-25 14:36:13,2020-08-10 11:38:55,8,1
499116846126144,211973204010854,2010,40,2,135,162.0,1.0,1,LIGUS2,1,LIGUS2,5,2018-01-25 14:36:13,2018-03-29 14:57:15,8,1
499116598126144,211972344010854,2010,40,7,71,16.0,1.0,1,ROSA5,1,ROSA5,1,2018-01-25 14:36:13,2018-03-29 14:57:15,2,2
499116599126144,211972344010854,2010,40,7,71,16.0,2.0,1,ROSA5,1,ROSA5,1,2018-01-25 14:36:13,2018-03-29 14:57:15,2,2
499116600126144,211972344010854,2010,40,7,71,16.0,4.0,1,ROSA5,1,ROSA5,1,2018-01-25 14:36:13,2018-03-29 14:57:15,2,2
499116604126144,211972400010854,2010,40,4,81,57.0,3.0,2,LONIC,1,LONIC,1,2018-01-25 14:36:13,2018-03-29 14:57:15,2,2
499116605126144,211972400010854,2010,40,4,81,57.0,3.0,2,LESPE,1,LESPE,1,2018-01-25 14:36:13,2018-03-29 14:57:15,2,2
499116606126144,211972400010854,2010,40,4,81,57.0,3.0,2,LECU,1,LECU,30,2018-01-25 14:36:13,2018-03-29 14:57:15,2,2
499116607126144,211972450010854,2010,40,4,125,36.0,1.0,1,ROSA5,1,ROSA5,1,2018-01-25 14:36:13,2018-03-29 14:57:15,2,2
499116608126144,211972472010854,2010,40,3,37,98.0,2.0,2,ALJU,1,ALJU,5,2018-01-25 14:36:13,2018-03-29 14:57:15,2,2
499116609126144,211972472010854,2010,40,3,37,98.0,2.0,2,LOJA,1,LOJA,5,2018-01-25 14:36:13,2018-03-29 14:57:15,2,2
499116610126144,211972484010854,2010,40,3,113,177.0,3.0,1,LECU,1,LECU,1,2018-01-25 14:36:13,2018-03-29 14:57:15,2,2
499116611126144,211972488010854,2010,40,3,113,191.0,2.0,1,LESPE,1,LESPE,5,2018-01-25 14:36:13,2018-03-29 14:57:15,2,2
499116612126144,211972488010854,2010,40,3,113,191.0,4.0,1,LESPE,1,LESPE,1,2018-01-25 14:36:13,2018-03-29 14:57:15,2,2
499116613126144,211972494010854,2010,40,3,113,138.0,2.0,1,LECU,1,LECU,1,2018-01-25 14:36:13,2018-03-29 14:57:15,2,2
499116614126144,211972520010854,2010,40,4,133,21.0,3.0,1,ROSA5,1,ROSA5,1,2018-01-25 14:36:13,2018-03-29 14:57:15,2,2
499116615126144,211972534010854,2010,40,4,107,47.0,1.0,1,ROSA5,1,ROSA5,5,2018-01-25 14:36:13,2018-03-29 14:57:15,2,2
499116616126144,211972534010854,2010,40,4,107,47.0,1.0,1,LOJA,1,LOJA,5,2018-01-25 14:36:13,2018-03-29 14:57:15,2,2
499116617126144,211972534010854,2010,40,4,107,47.0,2.0,1,LOJA,1,LOJA,5,2018-01-25 14:36:13,2018-03-29 14:57:15,2,2
499116618126144,211972534010854,2010,40,4,107,47.0,3.0,1,ROSA5,1,ROSA5,5,2018-01-25 14:36:13,2018-03-29 14:57:15,2,2
499116619126144,211972534010854,2010,40,4,107,47.0,4.0,1,LIGUS2,1,LIGUS2,5,2018-01-25 14:36:13,2018-03-29 14:57:15,2,2
499116620126144,211972534010854,2010,40,4,107,47.0,4.0,1,ROSA5,1,ROSA5,30,2018-01-25 14:36:13,2018-03-29 14:57:15,2,2
499116621126144,211972534010854,2010,40,4,107,47.0,4.0,1,LOJA,1,LOJA,30,2018-01-25 14:36:13,2018-03-29 14:57:15,2,2
499116622126144,211972536010854,2010,40,4,107,50.0,3.0,2,LECU,1,LECU,1,2018-01-25 14:36:13,2018-03-29 14:57:15,2,2
499116623126144,211972538010854,2010,40,4,107,64.0,2.0,2,LESPE,1,LESPE,30,2018-01-25 14:36:13,2018-03-29 14:57:15,2,2
499116624126144,211972540010854,2010,40,4,107,67.0,1.0,1,ROSA5,1,ROSA5,1,2018-01-25 14:36:13,2018-03-29 14:57:15,2,2
499116625126144,211972540010854,2010,40,4,107,67.0,4.0,1,LECU,1,LECU,5,2018-01-25 14:36:13,2018-03-29 14:57:15,2,2
499116626126144,211972546010854,2010,40,3,37,41.0,2.0,1,LOJA,1,LOJA,1,2018-01-25 14:36:13,2018-03-29 14:57:15,2,2
499116627126144,211972546010854,2010,40,3,37,41.0,2.0,1,LECU,1,LECU,1,2018-01-25 14:36:13,2018-03-29 14:57:15,2,2
499116628126144,211972546010854,2010,40,3,37,41.0,3.0,2,LECU,1,LECU,1,2018-01-25 14:36:13,2018-03-29 14:57:15,2,2
499116629126144,211972546010854,2010,40,3,37,41.0,4.0,2,LECU,1,LECU,1,2018-01-25 14:36:13,2018-03-29 14:57:15,2,2
499116630126144,211972548010854,2010,40,3,37,58.0,1.0,1,LECU,1,LECU,1,2018-01-25 14:36:13,2018-03-29 14:57:15,2,2
499116631126144,211972548010854,2010,40,3,37,58.0,2.0,1,LECU,1,LECU,1,2018-01-25 14:36:13,2018-03-29 14:57:15,2,2
499116632126144,211972548010854,2010,40,3,37,58.0,3.0,2,LECU,1,LECU,1,2018-01-25 14:36:13,2018-03-29 14:57:15,2,2
499116633126144,211972548010854,2010,40,3,37,58.0,4.0,1,LECU,1,LECU,30,2018-01-25 14:36:13,2018-03-29 14:57:15,2,2
499116634126144,211972550010854,2010,40,3,37,65.0,3.0,1,LECU,1,LECU,1,2018-01-25 14:36:13,2018-03-29 14:57:15,2,2
499116635126144,211972550010854,2010,40,3,37,65.0,4.0,1,LECU,1,LECU,1,2018-01-25 14:36:13,2018-03-29 14:57:15,2,2
499116636126144,211972560010854,2010,40,3,113,108.0,1.0,1,LECU,1,LECU,70,2018-01-25 14:36:13,2018-03-29 14:57:15,2,2
499116637126144,211972560010854,2010,40,3,113,108.0,2.0,1,LECU,1,LECU,30,2018-01-25 14:36:13,2018-03-29 14:57:15,2,2
499116638126144,211972560010854,2010,40,3,113,108.0,3.0,1,LECU,1,LECU,70,2018-01-25 14:36:13,2018-03-29 14:57:15,2,2
499116639126144,211972560010854,2010,40,3,113,108.0,4.0,1,LECU,1,LECU,70,2018-01-25 14:36:13,2018-03-29 14:57:15,2,2
499116640126144,211972574010854,2010,40,4,69,28.0,2.0,1,ROSA5,1,ROSA5,5,2018-01-25 14:36:13,2018-03-29 14:57:15,2,2
499116641126144,211972576010854,2010,40,4,63,65.0,4.0,2,LECU,1,LECU,1,2018-01-25 14:36:13,2018-03-29 14:57:21,2,2
499116642126144,211972578010854,2010,40,4,63,72.0,3.0,2,ROSA5,1,ROSA5,5,2018-01-25 14:36:13,2018-03-29 14:57:15,2,2
499116643126144,211972580010854,2010,40,4,133,4.0,1.0,1,LESPE,1,LESPE,5,2018-01-25 14:36:13,2018-03-29 14:57:15,2,2
499116644126144,211972580010854,2010,40,4,133,4.0,4.0,1,ROSA5,1,ROSA5,5,2018-01-25 14:36:13,2018-03-29 14:57:15,2,2
499116645126144,211972580010854,2010,40,4,133,4.0,4.0,3,ROSA5,1,ROSA5,5,2018-01-25 14:36:13,2018-03-29 14:57:15,2,2
499116646126144,211972592010854,2010,40,4,107,27.0,2.0,1,LIGUS2,1,LIGUS2,5,2018-01-25 14:36:13,2018-03-29 14:57:15,2,2
499116647126144,211972592010854,2010,40,4,107,27.0,2.0,1,LOJA,1,LOJA,1,2018-01-25 14:36:13,2018-03-29 14:57:15,2,2
499116648126144,211972594010854,2010,40,4,107,40.0,1.0,1,LONIC,1,LONIC,1,2018-01-25 14:36:13,2018-03-29 14:57:21,2,2
499116649126144,211972594010854,2010,40,4,107,40.0,1.0,1,ROSA5,1,ROSA5,1,2018-01-25 14:36:13,2018-03-29 14:57:15,2,2
499116650126144,211972594010854,2010,40,4,107,40.0,2.0,1,ROSA5,1,ROSA5,1,2018-01-25 14:36:13,2018-03-29 14:57:15,2,2
499116651126144,211972594010854,2010,40,4,107,40.0,3.0,1,ROSA5,1,ROSA5,5,2018-01-25 14:36:13,2018-03-29 14:57:15,2,2
499116652126144,211972594010854,2010,40,4,107,40.0,4.0,1,LONIC,1,LONIC,1,2018-01-25 14:36:13,2018-03-29 14:57:15,2,2
499116653126144,211972594010854,2010,40,4,107,40.0,4.0,1,ROSA5,1,ROSA5,1,2018-01-25 14:36:13,2018-03-29 14:57:15,2,2
1535421286290487,932991460290487,2021,40,2,101,183.0,4.0,1,LECU,1,LECU,1,2023-12-11 17:23:44,,10,2
1535421287290487,932991460290487,2021,40,2,101,183.0,1.0,1,LIGUS2,1,LIGUS2,1,2023-12-11 17:23:44,,10,2
1535421288290487,932991460290487,2021,40,2,101,183.0,2.0,1,LIGUS2,1,LIGUS2,3,2023-12-11 17:23:44,,10,2
1535421289290487,932991460290487,2021,40,2,101,183.0,1.0,1,ROSA5,1,ROSA5,1,2023-12-11 17:23:44,,10,2
1535421290290487,932991460290487,2021,40,2,101,183.0,2.0,1,ROSA5,1,ROSA5,10,2023-12-11 17:23:44,,10,2
1535421291290487,932991460290487,2021,40,2,101,183.0,4.0,1,SCAR7,1,SCAR7,2,2023-12-11 17:23:44,,10,2
1535421296290487,932991461290487,2021,40,2,101,136.0,1.0,1,LECU,1,LECU,25,2023-12-11 17:23:44,,10,2
1535421297290487,932991461290487,2021,40,2,101,136.0,2.0,1,LECU,1,LECU,30,2023-12-11 17:23:44,,10,2
1535421298290487,932991461290487,2021,40,2,101,136.0,3.0,1,LECU,1,LECU,15,2023-12-11 17:23:44,,10,2
1535421299290487,932991461290487,2021,40,2,101,136.0,4.0,1,LECU,1,LECU,5,2023-12-11 17:23:44,,10,2
1535421300290487,932991461290487,2021,40,2,101,136.0,1.0,1,LIGUS2,1,LIGUS2,1,2023-12-11 17:23:44,,10,2
1535421301290487,932991461290487,2021,40,2,101,136.0,4.0,1,LIGUS2,1,LIGUS2,1,2023-12-11 17:23:44,,10,2
1535421302290487,932991461290487,2021,40,2,101,136.0,2.0,1,LOJA,1,LOJA,8,2023-12-11 17:23:44,,10,2
1535421303290487,932991461290487,2021,40,2,101,136.0,3.0,1,LOJA,1,LOJA,4,2023-12-11 17:23:44,,10,2
1535421304290487,932991461290487,2021,40,2,101,136.0,1.0,1,PYCA80,1,PYCA80,35,2023-12-11 17:23:44,,10,2
1294877299290487,822975976290487,2020,40,3,37,58.0,4.0,2,LECU,1,LECU,1,2023-03-21 10:43:30,,3,2
1294877359290487,822976001290487,2020,40,4,123,50.0,1.0,1,LECU,1,LECU,20,2023-03-21 10:43:30,,3,2
1294877360290487,822976001290487,2020,40,4,123,50.0,2.0,1,LECU,1,LECU,30,2023-03-21 10:43:30,,3,2
1294877361290487,822976001290487,2020,40,4,123,50.0,3.0,1,LECU,1,LECU,10,2023-03-21 10:43:30,,3,2
1294877362290487,822976001290487,2020,40,4,123,50.0,4.0,1,LECU,1,LECU,10,2023-03-21 10:43:30,,3,2
1294877379290487,822976005290487,2020,40,4,133,21.0,1.0,1,LECU,1,LECU,1,2023-03-21 10:43:30,,3,2
1294877380290487,822976005290487,2020,40,4,133,21.0,2.0,1,LECU,1,LECU,1,2023-03-21 10:43:30,,3,2
1294877381290487,822976005290487,2020,40,4,133,21.0,3.0,1,LECU,1,LECU,6,2023-03-21 10:43:30,,3,2
1294877382290487,822976005290487,2020,40,4,133,21.0,4.0,1,LECU,1,LECU,1,2023-03-21 10:43:30,,3,2
1294877423290487,822976015290487,2020,40,5,51,78.0,1.0,1,LIGUS2,1,LIGUS2,8,2023-03-21 10:43:30,,3,2
1294877424290487,822976015290487,2020,40,5,51,78.0,2.0,1,LIGUS2,1,LIGUS2,2,2023-03-21 10:43:30,,3,2
1294877425290487,822976015290487,2020,40,5,51,78.0,3.0,1,LIGUS2,1,LIGUS2,45,2023-03-21 10:43:30,,3,2
1294877426290487,822976015290487,2020,40,5,51,78.0,4.0,1,LIGUS2,1,LIGUS2,14,2023-03-21 10:43:30,,3,2
1294877427290487,822976015290487,2020,40,5,51,78.0,1.0,1,LOJA,1,LOJA,70,2023-03-21 10:43:30,,3,2
1294877428290487,822976015290487,2020,40,5,51,78.0,2.0,1,LOJA,1,LOJA,50,2023-03-21 10:43:30,,3,2
1294877429290487,822976015290487,2020,40,5,51,78.0,3.0,1,LOJA,1,LOJA,30,2023-03-21 10:43:30,,3,2
1294877430290487,822976015290487,2020,40,5,51,78.0,4.0,1,LOJA,1,LOJA,8,2023-03-21 10:43:30,,3,2
1294877431290487,822976015290487,2020,40,5,51,78.0,1.0,1,LONIC,1,LONIC,22,2023-03-21 10:43:30,,3,2
1294877432290487,822976015290487,2020,40,5,51,78.0,2.0,1,LONIC,1,LONIC,6,2023-03-21 10:43:30,,3,2
1294877433290487,822976015290487,2020,40,5,51,78.0,3.0,1,LONIC,1,LONIC,10,2023-03-21 10:43:30,,3,2
1294877434290487,822976015290487,2020,40,5,51,78.0,4.0,1,LONIC,1,LONIC,8,2023-03-21 10:43:30,,3,2
1294877464290487,822976022290487,2020,40,3,131,49.0,1.0,1,LECU,1,LECU,35,2023-03-21 10:43:31,,3,2
1294877465290487,822976022290487,2020,40,3,131,49.0,1.0,2,LECU,1,LECU,20,2023-03-21 10:43:31,,3,2
1294877466290487,822976022290487,2020,40,3,131,49.0,2.0,2,LECU,1,LECU,8,2023-03-21 10:43:31,,3,2
1294877467290487,822976022290487,2020,40,3,131,49.0,4.0,1,LECU,1,LECU,20,2023-03-21 10:43:31,,3,2
1294877468290487,822976022290487,2020,40,3,131,49.0,1.0,1,ROSA5,1,ROSA5,1,2023-03-21 10:43:31,,3,2
1294877469290487,822976022290487,2020,40,3,131,49.0,4.0,1,ROSA5,1,ROSA5,1,2023-03-21 10:43:31,,3,2
1294877522290487,822976062290487,2020,40,3,147,26.0,3.0,2,EUFO5,1,EUFO5,15,2023-03-21 10:43:31,,3,2
1294877635290487,822976123290487,2020,40,4,109,11.0,1.0,1,LECU,1,LECU,1,2023-03-21 10:43:32,,3,2
1294877636290487,822976123290487,2020,40,4,109,11.0,4.0,1,LECU,1,LECU,1,2023-03-21 10:43:32,,3,2
1294877637290487,822976123290487,2020,40,4,109,11.0,1.0,1,LIGUS2,1,LIGUS2,9,2023-03-21 10:43:32,,3,2
1294877638290487,822976123290487,2020,40,4,109,11.0,2.0,1,LIGUS2,1,LIGUS2,2,2023-03-21 10:43:32,,3,2
1294877639290487,822976123290487,2020,40,4,109,11.0,3.0,1,LIGUS2,1,LIGUS2,85,2023-03-21 10:43:32,,3,2
1294877640290487,822976123290487,2020,40,4,109,11.0,4.0,1,LIGUS2,1,LIGUS2,1,2023-03-21 10:43:32,,3,2
1294877641290487,822976123290487,2020,40,4,109,11.0,1.0,1,LOJA,1,LOJA,90,2023-03-21 10:43:32,,3,2
1294877642290487,822976123290487,2020,40,4,109,11.0,2.0,1,LOJA,1,LOJA,37,2023-03-21 10:43:32,,3,2
1294877643290487,822976123290487,2020,40,4,109,11.0,3.0,1,LOJA,1,LOJA,50,2023-03-21 10:43:32,,3,2
1294877644290487,822976123290487,2020,40,4,109,11.0,4.0,1,LOJA,1,LOJA,12,2023-03-21 10:43:32,,3,2
1294877645290487,822976123290487,2020,40,4,109,11.0,1.0,1,ROSA5,1,ROSA5,5,2023-03-21 10:43:32,,3,2
1294877646290487,822976123290487,2020,40,4,109,11.0,2.0,1,ROSA5,1,ROSA5,1,2023-03-21 10:43:32,,3,2
1294877647290487,822976123290487,2020,40,4,109,11.0,3.0,1,ROSA5,1,ROSA5,3,2023-03-21 10:43:32,,3,2
1294877835290487,822976211290487,2020,40,3,131,68.0,1.0,1,LECU,1,LECU,5,2023-03-21 10:43:33,,3,2
1294877836290487,822976211290487,2020,40,3,131,68.0,2.0,1,LECU,1,LECU,3,2023-03-21 10:43:33,,3,2
1294877837290487,822976211290487,2020,40,3,131,68.0,3.0,1,LECU,1,LECU,2,2023-03-21 10:43:33,,3,2
1294877838290487,822976211290487,2020,40,3,131,68.0,4.0,1,LECU,1,LECU,2,2023-03-21 10:43:33,,3,2
1294877839290487,822976211290487,2020,40,3,131,68.0,1.0,1,LIGUS2,1,LIGUS2,1,2023-03-21 10:43:33,,3,2
1294877840290487,822976211290487,2020,40,3,131,68.0,2.0,1,LIGUS2,1,LIGUS2,2,2023-03-21 10:43:33,,3,2
1294877841290487,822976211290487,2020,40,3,131,68.0,3.0,1,LIGUS2,1,LIGUS2,6,2023-03-21 10:43:33,,3,2
1294877842290487,822976211290487,2020,40,3,131,68.0,4.0,1,LIGUS2,1,LIGUS2,2,2023-03-21 10:43:33,,3,2
1294877843290487,822976211290487,2020,40,3,131,68.0,1.0,1,LOJA,1,LOJA,3,2023-03-21 10:43:33,,3,2
1294877844290487,822976211290487,2020,40,3,131,68.0,4.0,1,LOJA,1,LOJA,15,2023-03-21 10:43:33,,3,2
1294877845290487,822976211290487,2020,40,3,131,68.0,1.0,1,PYCA80,1,PYCA80,3,2023-03-21 10:43:33,,3,2
502232931126144,371555965489998,2016,40,1,89,345.0,1.0,1,LOJA,1,LOJA,2,2018-02-07 14:54:32,,9,2
502232932126144,371555965489998,2016,40,1,89,345.0,2.0,1,LOJA,1,LOJA,10,2018-02-07 14:54:32,,9,2
502232933126144,371555965489998,2016,40,1,89,345.0,3.0,1,LOJA,1,LOJA,2,2018-02-07 14:54:32,,9,2
502232934126144,371555965489998,2016,40,1,89,345.0,2.0,1,ROSA5,1,ROSA5,1,2018-02-07 14:54:32,,9,2
502232948126144,371555968489998,2016,40,1,89,230.0,2.0,1,LOJA,1,LOJA,3,2018-02-07 14:54:33,,9,2
502232949126144,371555968489998,2016,40,1,89,230.0,3.0,1,LOJA,1,LOJA,2,2018-02-07 14:54:33,,9,2
502232950126144,371555968489998,2016,40,1,89,230.0,2.0,1,ROSA5,1,ROSA5,1,2018-02-07 14:54:33,,9,2
502232975126144,371555974489998,2016,40,1,23,143.0,4.0,1,LECU,1,LECU,1,2018-02-07 14:54:33,,9,2
502232976126144,371555974489998,2016,40,1,23,143.0,1.0,1,LIGUS2,1,LIGUS2,30,2018-02-07 14:54:33,,9,2
502232977126144,371555974489998,2016,40,1,23,143.0,2.0,1,LIGUS2,1,LIGUS2,2,2018-02-07 14:54:33,,9,2
502232978126144,371555974489998,2016,40,1,23,143.0,3.0,1,LIGUS2,1,LIGUS2,2,2018-02-07 14:54:33,,9,2
502232979126144,371555974489998,2016,40,1,23,143.0,4.0,1,LIGUS2,1,LIGUS2,26,2018-02-07 14:54:33,,9,2
502232980126144,371555974489998,2016,40,1,23,143.0,1.0,1,LOJA,1,LOJA,3,2018-02-07 14:54:33,,9,2
502232981126144,371555974489998,2016,40,1,23,143.0,2.0,1,LOJA,1,LOJA,6,2018-02-07 14:54:33,,9,2
502232982126144,371555974489998,2016,40,1,23,143.0,3.0,1,LOJA,1,LOJA,4,2018-02-07 14:54:33,,9,2
502232983126144,371555974489998,2016,40,1,23,143.0,4.0,1,LOJA,1,LOJA,8,2018-02-07 14:54:33,,9,2
502232984126144,371555974489998,2016,40,1,23,143.0,1.0,1,NADO,1,NADO,1,2018-02-07 14:54:33,,9,2
502232997126144,371555977489998,2016,40,1,127,229.0,2.0,1,LIGUS2,1,LIGUS2,1,2018-02-07 14:54:34,,9,2
502232998126144,371555977489998,2016,40,1,127,229.0,2.0,1,ROSA5,1,ROSA5,1,2018-02-07 14:54:34,,9,2
502233003126144,371555978489998,2016,40,1,127,263.0,4.0,1,PYCA80,1,PYCA80,1,2018-02-07 14:54:34,,9,2
502233008126144,371555979489998,2016,40,1,127,267.0,3.0,1,LECU,1,LECU,1,2018-02-07 14:54:35,,9,2
502233013126144,371555980489998,2016,40,1,127,264.0,3.0,1,LECU,1,LECU,20,2018-02-07 14:54:35,,9,2
502233014126144,371555980489998,2016,40,1,127,264.0,3.0,1,LESPE,1,LESPE,1,2018-02-07 14:54:35,,9,2
502233020126144,371555981489998,2016,40,1,89,318.0,1.0,1,LECU,1,LECU,1,2018-02-07 14:54:35,,9,2
502233021126144,371555981489998,2016,40,1,89,318.0,4.0,1,LECU,1,LECU,1,2018-02-07 14:54:35,,9,2
502233022126144,371555981489998,2016,40,1,89,318.0,1.0,1,LOJA,1,LOJA,2,2018-02-07 14:54:35,,9,2
502233023126144,371555981489998,2016,40,1,89,318.0,3.0,1,LOJA,1,LOJA,15,2018-02-07 14:54:35,,9,2
502233024126144,371555981489998,2016,40,1,89,318.0,4.0,1,LOJA,1,LOJA,2,2018-02-07 14:54:35,,9,2
502233025126144,371555981489998,2016,40,1,89,318.0,1.0,1,ROSA5,1,ROSA5,1,2018-02-07 14:54:35,,9,2
502233030126144,371555982489998,2016,40,1,127,233.0,2.0,1,ROSA5,1,ROSA5,1,2018-02-07 14:54:35,,9,2
502233036126144,371555983489998,2016,40,1,127,192.0,1.0,1,LECU,1,LECU,1,2018-02-07 14:54:35,,9,2
502233037126144,371555983489998,2016,40,1,127,192.0,2.0,1,LECU,1,LECU,1,2018-02-07 14:54:35,,9,2
502233038126144,371555983489998,2016,40,1,127,192.0,1.0,1,LESPE,1,LESPE,1,2018-02-07 14:54:35,,9,2
502233039126144,371555983489998,2016,40,1,127,192.0,1.0,2,LESPE,1,LESPE,1,2018-02-07 14:54:35,,9,2
502233054126144,371555986489998,2016,40,1,127,215.0,1.0,1,ROSA5,1,ROSA5,1,2018-02-07 14:54:36,,9,2
502233055126144,371555986489998,2016,40,1,127,215.0,2.0,1,ROSA5,1,ROSA5,2,2018-02-07 14:54:36,,9,2
502233056126144,371555986489998,2016,40,1,127,215.0,4.0,1,ROSA5,1,ROSA5,1,2018-02-07 14:54:36,,9,2
502233078126144,371555991489998,2016,40,1,77,121.0,2.0,1,LECU,1,LECU,1,2018-02-07 14:54:36,,9,2
502233079126144,371555991489998,2016,40,1,77,121.0,4.0,1,LECU,1,LECU,2,2018-02-07 14:54:36,,9,2
502233080126144,371555991489998,2016,40,1,77,121.0,4.0,1,LOJA,1,LOJA,8,2018-02-07 14:54:36,,9,2
502233089126144,371555993489998,2016,40,2,101,127.0,2.0,1,LECU,1,LECU,10,2018-02-07 14:54:36,,9,2
502233090126144,371555993489998,2016,40,2,101,127.0,4.0,1,LECU,1,LECU,1,2018-02-07 14:54:36,,9,2
502233108126144,371555997489998,2016,40,2,91,120.0,1.0,1,LECU,1,LECU,1,2018-02-07 14:54:36,,9,2
502233109126144,371555997489998,2016,40,2,91,120.0,2.0,1,LECU,1,LECU,1,2018-02-07 14:54:36,,9,2
502233110126144,371555997489998,2016,40,2,91,120.0,4.0,1,LECU,1,LECU,1,2018-02-07 14:54:36,,9,2
502233111126144,371555997489998,2016,40,2,91,120.0,2.0,1,ROSA5,1,ROSA5,1,2018-02-07 14:54:36,,9,2
502233112126144,371555997489998,2016,40,2,91,120.0,3.0,1,ROSA5,1,ROSA5,1,2018-02-07 14:54:36,,9,2
502233143126144,371556004489998,2016,40,1,121,170.0,4.0,2,LECU,1,LECU,1,2018-02-07 14:54:37,,9,2
502233149126144,371556005489998,2016,40,1,79,278.0,1.0,1,ROSA5,1,ROSA5,15,2018-02-07 14:54:37,,9,2
502233150126144,371556005489998,2016,40,1,79,278.0,4.0,3,ROSA5,1,ROSA5,1,2018-02-07 14:54:37,,9,2
502233167126144,371556009489998,2016,40,1,89,329.0,4.0,1,LECU,1,LECU,1,2018-02-07 14:54:38,,9,2
502233193126144,371556015489998,2016,40,1,79,212.0,3.0,2,LECU,1,LECU,2,2018-02-07 14:54:38,,9,2
502233194126144,371556015489998,2016,40,1,79,212.0,1.0,1,LIGUS2,1,LIGUS2,3,2018-02-07 14:54:38,,9,2
502233195126144,371556015489998,2016,40,1,79,212.0,2.0,1,LIGUS2,1,LIGUS2,1,2018-02-07 14:54:38,,9,2
502233196126144,371556015489998,2016,40,1,79,212.0,3.0,2,LIGUS2,1,LIGUS2,1,2018-02-07 14:54:38,,9,2
502233197126144,371556015489998,2016,40,1,79,212.0,4.0,1,LIGUS2,1,LIGUS2,2,2018-02-07 14:54:38,,9,2
502233198126144,371556015489998,2016,40,1,79,212.0,1.0,1,LOJA,1,LOJA,10,2018-02-07 14:54:38,,9,2
502233199126144,371556015489998,2016,40,1,79,212.0,2.0,1,LOJA,1,LOJA,25,2018-02-07 14:54:38,,9,2
502233200126144,371556015489998,2016,40,1,79,212.0,4.0,1,LOJA,1,LOJA,1,2018-02-07 14:54:38,,9,2
502233201126144,371556015489998,2016,40,1,79,212.0,1.0,1,ROSA5,1,ROSA5,2,2018-02-07 14:54:38,,9,2
502233214126144,371556018489998,2016,40,1,79,236.0,1.0,1,ROSA5,1,ROSA5,2,2018-02-07 14:54:38,,9,2
502233215126144,371556018489998,2016,40,1,79,236.0,2.0,1,ROSA5,1,ROSA5,1,2018-02-07 14:54:38,,9,2
502233233126144,371556022489998,2016,40,2,1,89.0,4.0,1,LOJA,1,LOJA,20,2018-02-07 14:54:39,,9,2
502233234126144,371556022489998,2016,40,2,1,89.0,4.0,1,PUMOL,1,PUMOL,5,2018-02-07 14:54:39,,9,2
502233251126144,371556026489998,2016,40,1,77,151.0,1.0,1,LECU,1,LECU,1,2018-02-07 14:54:39,,9,2
502235654126144,386238002489998,2016,40,4,81,75.0,1.0,1,LECU,1,LECU,1,2018-02-07 14:55:02,,2,8
502235655126144,386238002489998,2016,40,4,81,75.0,3.0,1,LECU,1,LECU,1,2018-02-07 14:55:02,,2,8
502235694126144,386238007489998,2016,40,4,49,79.0,2.0,1,LECU,1,LECU,2,2018-02-07 14:55:03,,2,8
502235707126144,386238009489998,2016,40,5,137,8.0,1.0,1,LECU,1,LECU,1,2018-02-07 14:55:03,,2,8
502235716126144,386238010489998,2016,40,4,19,80.0,1.0,1,LECU,1,LECU,1,2018-02-07 14:55:03,,2,8
502235729126144,386238012489998,2016,40,5,67,3.0,1.0,1,LECU,1,LECU,1,2018-02-07 14:55:03,,2,8
502235748126144,386238015489998,2016,40,4,87,21.0,2.0,1,LECU,1,LECU,1,2018-02-07 14:55:03,,2,8
502235749126144,386238015489998,2016,40,4,87,21.0,1.0,1,LOJA,1,LOJA,1,2018-02-07 14:55:03,,2,8
502235912126144,386238047489998,2016,40,4,69,17.0,3.0,1,LOJA,1,LOJA,3,2018-02-07 14:55:04,,2,8
502235913126144,386238047489998,2016,40,4,69,17.0,1.0,1,ROSA5,1,ROSA5,1,2018-02-07 14:55:04,,2,8
502235923126144,386238048489998,2016,40,4,63,56.0,1.0,1,ROSA5,1,ROSA5,1,2018-02-07 14:55:04,,2,8
502235924126144,386238048489998,2016,40,4,63,56.0,2.0,1,ROSA5,1,ROSA5,2,2018-02-07 14:55:04,,2,8
502235936126144,386238049489998,2016,40,4,63,77.0,3.0,1,LECU,1,LECU,2,2018-02-07 14:55:04,,2,8
502235944126144,386238050489998,2016,40,4,63,78.0,2.0,1,LOJA,1,LOJA,1,2018-02-07 14:55:05,,2,8
502235953126144,386238051489998,2016,40,3,37,71.0,1.0,1,LECU,1,LECU,2,2018-02-07 14:55:05,,2,8
502235954126144,386238051489998,2016,40,3,37,71.0,2.0,1,LECU,1,LECU,1,2018-02-07 14:55:05,,2,8
502235955126144,386238051489998,2016,40,3,37,71.0,3.0,1,LECU,1,LECU,3,2018-02-07 14:55:05,,2,8
502237107126144,386238203489998,2016,40,5,55,31.0,3.0,1,TAMAR2,1,TAMAR2,33,2018-02-07 14:55:10,,2,8
502237108126144,386238203489998,2016,40,5,55,31.0,4.0,1,TAMAR2,1,TAMAR2,18,2018-02-07 14:55:10,,2,8
502231903126144,371555399489998,2016,40,2,21,103.0,2.0,1,LECU,1,LECU,2,2018-02-07 14:54:13,,9,2
502231904126144,371555399489998,2016,40,2,21,103.0,3.0,1,LECU,1,LECU,1,2018-02-07 14:54:13,,9,2
502231905126144,371555399489998,2016,40,2,21,103.0,4.0,1,LIGUS2,1,LIGUS2,3,2018-02-07 14:54:13,,9,2
502231942126144,371555408489998,2016,40,2,41,127.0,1.0,1,LECU,1,LECU,1,2018-02-07 14:54:14,,9,2
502231943126144,371555408489998,2016,40,2,41,127.0,4.0,1,LECU,1,LECU,1,2018-02-07 14:54:14,,9,2
502231944126144,371555408489998,2016,40,2,41,127.0,1.0,1,LESPE,1,LESPE,1,2018-02-07 14:54:14,,9,2
502231949126144,371555409489998,2016,40,2,41,136.0,1.0,1,ROSA5,1,ROSA5,1,2018-02-07 14:54:14,,9,2
502231950126144,371555409489998,2016,40,2,41,136.0,2.0,1,ROSA5,1,ROSA5,1,2018-02-07 14:54:14,,9,2
502231955126144,371555410489998,2016,40,2,41,140.0,3.0,1,LECU,1,LECU,10,2018-02-07 14:54:14,,9,2
502231985126144,371555417489998,2016,40,1,89,266.0,1.0,1,LIGUS2,1,LIGUS2,1,2018-02-07 14:54:15,,9,2
502231986126144,371555417489998,2016,40,1,89,266.0,3.0,1,ROSA5,1,ROSA5,1,2018-02-07 14:54:15,,9,2
502231991126144,371555418489998,2016,40,1,89,313.0,1.0,1,LOJA,1,LOJA,1,2018-02-07 14:54:15,,9,2
502231992126144,371555418489998,2016,40,1,89,313.0,2.0,1,LOJA,1,LOJA,2,2018-02-07 14:54:15,,9,2
502231993126144,371555418489998,2016,40,1,89,313.0,3.0,1,LOJA,1,LOJA,1,2018-02-07 14:54:15,,9,2
502231994126144,371555418489998,2016,40,1,89,313.0,4.0,1,LOJA,1,LOJA,1,2018-02-07 14:54:15,,9,2
502231999126144,371555419489998,2016,40,1,127,200.0,1.0,1,LECU,1,LECU,1,2018-02-07 14:54:15,,9,2
502232000126144,371555419489998,2016,40,1,127,200.0,2.0,1,LECU,1,LECU,1,2018-02-07 14:54:15,,9,2
502232001126144,371555419489998,2016,40,1,127,200.0,3.0,1,LECU,1,LECU,1,2018-02-07 14:54:15,,9,2
502232002126144,371555419489998,2016,40,1,127,200.0,4.0,1,LECU,1,LECU,1,2018-02-07 14:54:15,,9,2
502232003126144,371555419489998,2016,40,1,127,200.0,1.0,1,LOJA,1,LOJA,1,2018-02-07 14:54:15,,9,2
502232004126144,371555419489998,2016,40,1,127,200.0,3.0,1,LOJA,1,LOJA,3,2018-02-07 14:54:15,,9,2
502232005126144,371555419489998,2016,40,1,127,200.0,4.0,1,LOJA,1,LOJA,5,2018-02-07 14:54:15,,9,2
502232006126144,371555419489998,2016,40,1,127,200.0,4.0,1,ROSA5,1,ROSA5,1,2018-02-07 14:54:15,,9,2
502232039126144,371555427489998,2016,40,2,101,188.0,2.0,1,LECU,1,LECU,1,2018-02-07 14:54:16,,9,2
502232040126144,371555427489998,2016,40,2,101,188.0,4.0,1,LECU,1,LECU,1,2018-02-07 14:54:16,,9,2
502232041126144,371555427489998,2016,40,2,101,188.0,2.0,1,ROSA5,1,ROSA5,1,2018-02-07 14:54:16,,9,2
502232042126144,371555427489998,2016,40,2,101,188.0,4.0,1,ROSA5,1,ROSA5,1,2018-02-07 14:54:16,,9,2
502232051126144,371555429489998,2016,40,2,101,169.0,4.0,1,LECU,1,LECU,4,2018-02-07 14:54:16,,9,2
722643161290487,471790173489998,2017,40,2,1,117.0,4.0,1,LIGUS2,1,LIGUS2,1,2020-02-13 13:46:12,,9,3
722643162290487,471790173489998,2017,40,2,1,117.0,2.0,1,ROSA5,1,ROSA5,5,2020-02-13 13:46:12,,9,3
722643179290487,471790177489998,2017,40,1,89,386.0,1.0,1,LIGUS2,1,LIGUS2,20,2020-02-13 13:46:12,,9,3
722643180290487,471790177489998,2017,40,1,89,386.0,2.0,1,LIGUS2,1,LIGUS2,5,2020-02-13 13:46:12,,9,3
722643181290487,471790177489998,2017,40,1,89,386.0,3.0,1,LIGUS2,1,LIGUS2,20,2020-02-13 13:46:12,,9,3
722643182290487,471790177489998,2017,40,1,89,386.0,4.0,1,LIGUS2,1,LIGUS2,30,2020-02-13 13:46:12,,9,3
722643183290487,471790177489998,2017,40,1,89,386.0,1.0,1,LOJA,1,LOJA,5,2020-02-13 13:46:12,,9,3
722643184290487,471790177489998,2017,40,1,89,386.0,2.0,1,LOJA,1,LOJA,1,2020-02-13 13:46:12,,9,3
722643185290487,471790177489998,2017,40,1,89,386.0,3.0,1,LOJA,1,LOJA,5,2020-02-13 13:46:12,,9,3
722643186290487,471790177489998,2017,40,1,89,386.0,4.0,1,LOJA,1,LOJA,10,2020-02-13 13:46:12,,9,3
722643291290487,471790178489998,2017,40,1,89,300.0,4.0,1,LIGUS2,1,LIGUS2,2,2020-02-13 13:46:12,,9,3
722643296290487,471790179489998,2017,40,1,89,408.0,2.0,1,LIGUS2,1,LIGUS2,4,2020-02-13 13:46:12,,9,3
722643305290487,471790181489998,2017,40,1,89,231.0,1.0,1,LIGUS2,1,LIGUS2,3,2020-02-13 13:46:12,,9,3
722643306290487,471790181489998,2017,40,1,89,231.0,4.0,1,LIGUS2,1,LIGUS2,15,2020-02-13 13:46:12,,9,3
722643307290487,471790181489998,2017,40,1,89,231.0,1.0,1,LOJA,1,LOJA,7,2020-02-13 13:46:12,,9,3
722643308290487,471790181489998,2017,40,1,89,231.0,2.0,1,LOJA,1,LOJA,6,2020-02-13 13:46:12,,9,3
722643309290487,471790181489998,2017,40,1,89,231.0,3.0,1,LOJA,1,LOJA,6,2020-02-13 13:46:12,,9,3
722643310290487,471790181489998,2017,40,1,89,231.0,4.0,1,LOJA,1,LOJA,2,2020-02-13 13:46:12,,9,3
722643316290487,471790182489998,2017,40,1,89,285.0,4.0,1,LIGUS2,1,LIGUS2,1,2020-02-13 13:46:12,,9,3
722643317290487,471790182489998,2017,40,1,89,285.0,1.0,1,LOJA,1,LOJA,5,2020-02-13 13:46:12,,9,3
722643318290487,471790182489998,2017,40,1,89,285.0,2.0,1,LOJA,1,LOJA,1,2020-02-13 13:46:12,,9,3
722643319290487,471790182489998,2017,40,1,89,285.0,3.0,1,LOJA,1,LOJA,2,2020-02-13 13:46:12,,9,3
722643320290487,471790182489998,2017,40,1,89,285.0,4.0,1,LOJA,1,LOJA,7,2020-02-13 13:46:12,,9,3
722643455290487,471790190489998,2017,40,1,127,265.0,4.0,2,LECU,1,LECU,1,2020-02-13 13:46:13,,9,3
722643469290487,471790193489998,2017,40,1,127,176.0,2.0,2,LECU,1,LECU,2,2020-02-13 13:46:13,,9,3
722643470290487,471790193489998,2017,40,1,127,176.0,3.0,3,LECU,1,LECU,2,2020-02-13 13:46:13,,9,3
722643476290487,471790194489998,2017,40,1,127,214.0,4.0,1,LECU,1,LECU,1,2020-02-13 13:46:13,,9,3
722643593290487,471790198489998,2017,40,1,77,90.0,1.0,1,LECU,1,LECU,95,2020-02-13 13:46:13,,9,3
722643594290487,471790198489998,2017,40,1,77,90.0,4.0,1,LECU,1,LECU,1,2020-02-13 13:46:13,,9,3
722643604290487,471790200489998,2017,40,2,21,171.0,2.0,2,LECU,1,LECU,1,2020-02-13 13:46:13,,9,3
722643605290487,471790200489998,2017,40,2,21,171.0,3.0,2,LECU,1,LECU,5,2020-02-13 13:46:13,,9,3
722643618290487,471790203489998,2017,40,2,91,142.0,2.0,1,LECU,1,LECU,1,2020-02-13 13:46:13,,9,3
722643623290487,471790204489998,2017,40,2,91,131.0,1.0,1,LECU,1,LECU,3,2020-02-13 13:46:13,,9,3
722643624290487,471790204489998,2017,40,2,91,131.0,3.0,1,LECU,1,LECU,1,2020-02-13 13:46:13,,9,3
722643625290487,471790204489998,2017,40,2,91,131.0,4.0,1,LECU,1,LECU,1,2020-02-13 13:46:13,,9,3
722643626290487,471790204489998,2017,40,2,91,131.0,3.0,1,LIGUS2,1,LIGUS2,1,2020-02-13 13:46:13,,9,3
722643627290487,471790204489998,2017,40,2,91,131.0,1.0,1,LOJA,1,LOJA,10,2020-02-13 13:46:13,,9,3
722643628290487,471790204489998,2017,40,2,91,131.0,3.0,1,LOJA,1,LOJA,2,2020-02-13 13:46:13,,9,3
722643629290487,471790204489998,2017,40,2,91,131.0,4.0,1,LOJA,1,LOJA,2,2020-02-13 13:46:13,,9,3
722643666290487,471790213489998,2017,40,2,91,121.0,2.0,1,LECU,1,LECU,15,2020-02-13 13:46:13,,9,3
722643667290487,471790213489998,2017,40,2,91,121.0,1.0,1,LIGUS2,1,LIGUS2,1,2020-02-13 13:46:13,,9,3
722643668290487,471790213489998,2017,40,2,91,121.0,4.0,1,LIGUS2,1,LIGUS2,2,2020-02-13 13:46:13,,9,3
722643669290487,471790213489998,2017,40,2,91,121.0,3.0,1,ROSA5,1,ROSA5,1,2020-02-13 13:46:13,,9,3
722643670290487,471790213489998,2017,40,2,91,121.0,4.0,1,ROSA5,1,ROSA5,1,2020-02-13 13:46:13,,9,3
722643679290487,471790215489998,2017,40,1,121,274.0,1.0,1,LECU,1,LECU,2,2020-02-13 13:46:13,,9,3
722643680290487,471790215489998,2017,40,1,121,274.0,2.0,1,LECU,1,LECU,1,2020-02-13 13:46:13,,9,3
722643681290487,471790215489998,2017,40,1,121,274.0,3.0,1,LECU,1,LECU,2,2020-02-13 13:46:13,,9,3
722643682290487,471790215489998,2017,40,1,121,274.0,4.0,1,LECU,1,LECU,1,2020-02-13 13:46:13,,9,3
722643687290487,471790216489998,2017,40,1,121,276.0,1.0,1,LECU,1,LECU,1,2020-02-13 13:46:13,,9,3
722643688290487,471790216489998,2017,40,1,121,276.0,2.0,1,LECU,1,LECU,1,2020-02-13 13:46:13,,9,3
722643689290487,471790216489998,2017,40,1,121,276.0,3.0,1,LECU,1,LECU,1,2020-02-13 13:46:13,,9,3
722643739290487,471790228489998,2017,40,1,89,374.0,1.0,1,LIGUS2,1,LIGUS2,3,2020-02-13 13:46:14,,9,3
722643740290487,471790228489998,2017,40,1,89,374.0,3.0,3,ROSA5,1,ROSA5,60,2020-02-13 13:46:14,,9,3
722643761290487,471790233489998,2017,40,1,79,199.0,4.0,2,LIGUS2,1,LIGUS2,15,2020-02-13 13:46:14,,9,3
722643762290487,471790233489998,2017,40,1,79,199.0,1.0,1,LOJA,1,LOJA,3,2020-02-13 13:46:14,,9,3
722643763290487,471790233489998,2017,40,1,79,199.0,2.0,1,LOJA,1,LOJA,5,2020-02-13 13:46:14,,9,3
722643764290487,471790233489998,2017,40,1,79,199.0,4.0,2,LOJA,1,LOJA,75,2020-02-13 13:46:14,,9,3
502232057126144,371555430489998,2016,40,2,135,164.0,4.0,2,LECU,1,LECU,1,2018-02-07 14:54:16,,9,2
502232074126144,371555434489998,2016,40,2,101,183.0,1.0,1,LECU,1,LECU,1,2018-02-07 14:54:17,,9,2
502232075126144,371555434489998,2016,40,2,101,183.0,2.0,1,LECU,1,LECU,1,2018-02-07 14:54:17,,9,2
502232076126144,371555434489998,2016,40,2,101,183.0,2.0,1,ROSA5,1,ROSA5,4,2018-02-07 14:54:17,,9,2
502232077126144,371555434489998,2016,40,2,101,183.0,3.0,1,ROSA5,1,ROSA5,2,2018-02-07 14:54:17,,9,2
502232082126144,371555795489998,2016,40,2,101,136.0,1.0,1,LECU,1,LECU,50,2018-02-07 14:54:17,,9,2
502232083126144,371555795489998,2016,40,2,101,136.0,2.0,1,LECU,1,LECU,20,2018-02-07 14:54:17,,9,2
502232084126144,371555795489998,2016,40,2,101,136.0,3.0,1,LECU,1,LECU,2,2018-02-07 14:54:17,,9,2
502232085126144,371555795489998,2016,40,2,101,136.0,4.0,1,LECU,1,LECU,45,2018-02-07 14:54:17,,9,2
502232086126144,371555795489998,2016,40,2,101,136.0,2.0,1,LOJA,1,LOJA,1,2018-02-07 14:54:17,,9,2
502232087126144,371555795489998,2016,40,2,101,136.0,1.0,1,PYCA80,1,PYCA80,15,2018-02-07 14:54:17,,9,2
502232088126144,371555795489998,2016,40,2,101,136.0,2.0,1,PYCA80,1,PYCA80,1,2018-02-07 14:54:17,,9,2
502232089126144,371555795489998,2016,40,2,101,136.0,3.0,1,PYCA80,1,PYCA80,2,2018-02-07 14:54:17,,9,2
502232116126144,371555801489998,2016,40,2,21,149.0,2.0,1,AIAL,1,AIAL,18,2018-02-07 14:54:17,,9,2
502232117126144,371555801489998,2016,40,2,21,149.0,1.0,1,LECU,1,LECU,30,2018-02-07 14:54:17,,9,2
502232118126144,371555801489998,2016,40,2,21,149.0,2.0,1,LECU,1,LECU,15,2018-02-07 14:54:17,,9,2
502232119126144,371555801489998,2016,40,2,21,149.0,1.0,1,SCAR7,1,SCAR7,8,2018-02-07 14:54:17,2020-08-10 11:38:55,9,2
502232120126144,371555801489998,2016,40,2,21,149.0,2.0,1,SCAR7,1,SCAR7,45,2018-02-07 14:54:17,2020-08-10 11:38:55,9,2
502232133126144,371555804489998,2016,40,2,21,129.0,1.0,1,LECU,1,LECU,1,2018-02-07 14:54:18,,9,2
502232151126144,371555808489998,2016,40,1,23,159.0,1.0,1,LOJA,1,LOJA,2,2018-02-07 14:54:18,,9,2
502232180126144,371555815489998,2016,40,1,127,281.0,4.0,2,LECU,1,LECU,1,2018-02-07 14:54:19,,9,2
502232189126144,371555817489998,2016,40,1,127,314.0,2.0,1,LECU,1,LECU,1,2018-02-07 14:54:19,,9,2
502232206126144,371555821489998,2016,40,1,127,213.0,2.0,1,LESPE,1,LESPE,2,2018-02-07 14:54:20,,9,2
502232207126144,371555821489998,2016,40,1,127,213.0,3.0,1,LESPE,1,LESPE,1,2018-02-07 14:54:20,,9,2
502233252126144,371556026489998,2016,40,1,77,151.0,3.0,1,LIGUS2,1,LIGUS2,15,2018-02-07 14:54:39,,9,2
502233253126144,371556026489998,2016,40,1,77,151.0,4.0,1,LIGUS2,1,LIGUS2,1,2018-02-07 14:54:39,,9,2
502233254126144,371556026489998,2016,40,1,77,151.0,1.0,1,ROSA5,1,ROSA5,2,2018-02-07 14:54:39,,9,2
502233259126144,371556027489998,2016,40,1,77,144.0,3.0,1,LECU,1,LECU,1,2018-02-07 14:54:39,,9,2
502233265126144,371556028489998,2016,40,2,101,178.0,2.0,1,LECU,1,LECU,10,2018-02-07 14:54:39,,9,2
502233266126144,371556028489998,2016,40,2,101,178.0,4.0,1,LECU,1,LECU,6,2018-02-07 14:54:39,,9,2
502233267126144,371556028489998,2016,40,2,101,178.0,1.0,1,LIGUS2,1,LIGUS2,1,2018-02-07 14:54:39,,9,2
502233268126144,371556028489998,2016,40,2,101,178.0,2.0,1,LIGUS2,1,LIGUS2,2,2018-02-07 14:54:39,,9,2
502233269126144,371556028489998,2016,40,2,101,178.0,3.0,1,LIGUS2,1,LIGUS2,1,2018-02-07 14:54:39,,9,2
502233270126144,371556028489998,2016,40,2,101,178.0,2.0,1,LOJA,1,LOJA,1,2018-02-07 14:54:39,,9,2
502233271126144,371556028489998,2016,40,2,101,178.0,4.0,1,PYCA80,1,PYCA80,6,2018-02-07 14:54:39,,9,2
502233284126144,371556031489998,2016,40,2,101,172.0,1.0,1,LECU,1,LECU,1,2018-02-07 14:54:39,,9,2
502233285126144,371556031489998,2016,40,2,101,172.0,4.0,1,LIGUS2,1,LIGUS2,6,2018-02-07 14:54:39,,9,2
502233286126144,371556031489998,2016,40,2,101,172.0,1.0,1,LOJA,1,LOJA,9,2018-02-07 14:54:39,,9,2
502233287126144,371556031489998,2016,40,2,101,172.0,2.0,1,LOJA,1,LOJA,3,2018-02-07 14:54:39,,9,2
502233288126144,371556031489998,2016,40,2,101,172.0,4.0,1,LOJA,1,LOJA,15,2018-02-07 14:54:39,,9,2
502233317126144,371556038489998,2016,40,2,97,145.0,1.0,1,LECU,1,LECU,11,2018-02-07 14:54:40,,9,2
502233318126144,371556038489998,2016,40,2,97,145.0,2.0,1,LECU,1,LECU,1,2018-02-07 14:54:40,,9,2
502233319126144,371556038489998,2016,40,2,97,145.0,3.0,1,LECU,1,LECU,6,2018-02-07 14:54:40,,9,2
502233320126144,371556038489998,2016,40,2,97,145.0,1.0,1,LIGUS2,1,LIGUS2,3,2018-02-07 14:54:40,,9,2
502233321126144,371556038489998,2016,40,2,97,145.0,2.0,1,LIGUS2,1,LIGUS2,3,2018-02-07 14:54:40,,9,2
502233322126144,371556038489998,2016,40,2,97,145.0,3.0,1,LIGUS2,1,LIGUS2,1,2018-02-07 14:54:40,,9,2
502233323126144,371556038489998,2016,40,2,97,145.0,4.0,1,LIGUS2,1,LIGUS2,2,2018-02-07 14:54:40,,9,2
502233324126144,371556038489998,2016,40,2,97,145.0,1.0,1,LOJA,1,LOJA,8,2018-02-07 14:54:40,,9,2
502233325126144,371556038489998,2016,40,2,97,145.0,2.0,1,LOJA,1,LOJA,15,2018-02-07 14:54:40,,9,2
502233326126144,371556038489998,2016,40,2,97,145.0,3.0,1,LOJA,1,LOJA,11,2018-02-07 14:54:40,,9,2
502233327126144,371556038489998,2016,40,2,97,145.0,4.0,1,LOJA,1,LOJA,15,2018-02-07 14:54:40,,9,2
502233328126144,371556038489998,2016,40,2,97,145.0,1.0,1,ROSA5,1,ROSA5,5,2018-02-07 14:54:40,,9,2
502233329126144,371556038489998,2016,40,2,97,145.0,2.0,1,ROSA5,1,ROSA5,3,2018-02-07 14:54:40,,9,2
502233330126144,371556038489998,2016,40,2,97,145.0,3.0,1,ROSA5,1,ROSA5,4,2018-02-07 14:54:40,,9,2
502233331126144,371556038489998,2016,40,2,97,145.0,4.0,1,ROSA5,1,ROSA5,1,2018-02-07 14:54:40,,9,2
502233357126144,371556044489998,2016,40,1,5,167.0,1.0,1,LECU,1,LECU,5,2018-02-07 14:54:40,,9,2
502233358126144,371556044489998,2016,40,1,5,167.0,2.0,1,LECU,1,LECU,10,2018-02-07 14:54:40,,9,2
502233359126144,371556044489998,2016,40,1,5,167.0,3.0,1,LECU,1,LECU,2,2018-02-07 14:54:40,,9,2
502233360126144,371556044489998,2016,40,1,5,167.0,1.0,1,ROSA5,1,ROSA5,1,2018-02-07 14:54:40,,9,2
502233374126144,371556047489998,2016,40,1,5,205.0,1.0,1,LECU,1,LECU,10,2018-02-07 14:54:40,,9,2
502233375126144,371556047489998,2016,40,1,5,205.0,3.0,1,LECU,1,LECU,1,2018-02-07 14:54:40,,9,2
502233376126144,371556047489998,2016,40,1,5,205.0,4.0,1,LECU,1,LECU,5,2018-02-07 14:54:40,,9,2
502233377126144,371556047489998,2016,40,1,5,205.0,1.0,1,LIGUS2,1,LIGUS2,1,2018-02-07 14:54:40,,9,2
502233378126144,371556047489998,2016,40,1,5,205.0,4.0,1,LIGUS2,1,LIGUS2,1,2018-02-07 14:54:40,,9,2
502233379126144,371556047489998,2016,40,1,5,205.0,1.0,1,LOJA,1,LOJA,1,2018-02-07 14:54:40,,9,2
502233380126144,371556047489998,2016,40,1,5,205.0,4.0,1,LOJA,1,LOJA,4,2018-02-07 14:54:40,,9,2
502233381126144,371556047489998,2016,40,1,5,205.0,1.0,1,ROSA5,1,ROSA5,1,2018-02-07 14:54:40,,9,2
502233394126144,371556050489998,2016,40,2,91,164.0,4.0,1,LECU,1,LECU,2,2018-02-07 14:54:41,,9,2
502233395126144,371556050489998,2016,40,2,91,164.0,1.0,1,LOJA,1,LOJA,1,2018-02-07 14:54:41,,9,2
502233405126144,371556052489998,2016,40,2,91,161.0,3.0,2,ROSA5,1,ROSA5,3,2018-02-07 14:54:41,,9,2
502233443126144,371556061489998,2016,40,1,121,273.0,1.0,1,LIGUS2,1,LIGUS2,8,2018-02-07 14:54:41,,9,2
502233444126144,371556061489998,2016,40,1,121,273.0,2.0,1,LIGUS2,1,LIGUS2,3,2018-02-07 14:54:41,,9,2
502233445126144,371556061489998,2016,40,1,121,273.0,4.0,1,LIGUS2,1,LIGUS2,1,2018-02-07 14:54:41,,9,2
502233446126144,371556061489998,2016,40,1,121,273.0,1.0,1,LOJA,1,LOJA,3,2018-02-07 14:54:41,,9,2
502233447126144,371556061489998,2016,40,1,121,273.0,2.0,1,LOJA,1,LOJA,9,2018-02-07 14:54:41,,9,2
502233448126144,371556061489998,2016,40,1,121,273.0,3.0,1,LOJA,1,LOJA,13,2018-02-07 14:54:41,,9,2
502233449126144,371556061489998,2016,40,1,121,273.0,4.0,1,LOJA,1,LOJA,20,2018-02-07 14:54:41,,9,2
502233450126144,371556061489998,2016,40,1,121,273.0,4.0,1,ROSA5,1,ROSA5,1,2018-02-07 14:54:41,,9,2
502233499126144,371556073489998,2016,40,1,5,200.0,3.0,1,LOJA,1,LOJA,1,2018-02-07 14:54:42,,9,2
502233508126144,371556075489998,2016,40,1,5,179.0,2.0,1,ROSA5,1,ROSA5,1,2018-02-07 14:54:42,,9,2
502233540126144,371556082489998,2016,40,1,79,196.0,2.0,2,LIGUS2,1,LIGUS2,1,2018-02-07 14:54:43,,9,2
502233546126144,371556083489998,2016,40,1,79,305.0,1.0,1,LIGUS2,1,LIGUS2,2,2018-02-07 14:54:43,,9,2
502233547126144,371556083489998,2016,40,1,79,305.0,3.0,1,LIGUS2,1,LIGUS2,4,2018-02-07 14:54:43,,9,2
502233548126144,371556083489998,2016,40,1,79,305.0,1.0,1,POTR4,1,POTR4,40,2018-02-07 14:54:43,,9,2
502233557126144,371556085489998,2016,40,1,89,323.0,1.0,1,LIGUS2,1,LIGUS2,1,2018-02-07 14:54:43,,9,2
502233562126144,371556086489998,2016,40,1,89,353.0,1.0,1,LOJA,1,LOJA,3,2018-02-07 14:54:43,,9,2
502233567126144,371556087489998,2016,40,1,89,293.0,1.0,1,LOJA,1,LOJA,30,2018-02-07 14:54:43,,9,2
502233568126144,371556087489998,2016,40,1,89,293.0,2.0,1,LOJA,1,LOJA,3,2018-02-07 14:54:43,,9,2
502233569126144,371556087489998,2016,40,1,89,293.0,3.0,1,LOJA,1,LOJA,4,2018-02-07 14:54:43,,9,2
502233570126144,371556087489998,2016,40,1,89,293.0,4.0,1,LOJA,1,LOJA,4,2018-02-07 14:54:43,,9,2
502233571126144,371556087489998,2016,40,1,89,293.0,3.0,1,ROSA5,1,ROSA5,1,2018-02-07 14:54:43,,9,2
502233580126144,371556089489998,2016,40,1,89,388.0,3.0,1,LOJA,1,LOJA,2,2018-02-07 14:54:44,,9,2
502233598126144,371556092489998,2016,40,1,89,276.0,1.0,1,LOJA,1,LOJA,10,2018-02-07 14:54:44,,9,2
502233599126144,371556092489998,2016,40,1,89,276.0,2.0,1,LOJA,1,LOJA,10,2018-02-07 14:54:44,,9,2
502233600126144,371556092489998,2016,40,1,89,276.0,3.0,1,LOJA,1,LOJA,2,2018-02-07 14:54:44,,9,2
502233601126144,371556092489998,2016,40,1,89,276.0,4.0,1,LOJA,1,LOJA,4,2018-02-07 14:54:44,,9,2
502233630126144,371556099489998,2016,40,1,5,215.0,2.0,2,ROSA5,1,ROSA5,1,2018-02-07 14:54:44,,9,2
722641470290487,471789985489998,2017,40,2,41,146.0,4.0,3,EUFO5,1,EUFO5,7,2020-02-13 13:46:01,,9,3
722641471290487,471789985489998,2017,40,2,41,146.0,1.0,1,LECU,1,LECU,53,2020-02-13 13:46:01,,9,3
722641472290487,471789985489998,2017,40,2,41,146.0,3.0,1,LECU,1,LECU,1,2020-02-13 13:46:01,,9,3
722641473290487,471789985489998,2017,40,2,41,146.0,4.0,3,LECU,1,LECU,1,2020-02-13 13:46:01,,9,3
722641478290487,471789986489998,2017,40,2,41,126.0,1.0,1,LECU,1,LECU,3,2020-02-13 13:46:01,,9,3
722641479290487,471789986489998,2017,40,2,41,126.0,1.0,1,ROSA5,1,ROSA5,8,2020-02-13 13:46:01,,9,3
722641484290487,471789987489998,2017,40,2,41,153.0,3.0,1,LECU,1,LECU,2,2020-02-13 13:46:01,,9,3
722641485290487,471789987489998,2017,40,2,41,153.0,4.0,1,ROSA5,1,ROSA5,1,2020-02-13 13:46:01,,9,3
722641490290487,471789988489998,2017,40,2,41,123.0,3.0,2,ALJU,1,ALJU,1,2020-02-13 13:46:01,,9,3
722641491290487,471789988489998,2017,40,2,41,123.0,2.0,1,EUFO5,1,EUFO5,1,2020-02-13 13:46:01,,9,3
722641492290487,471789988489998,2017,40,2,41,123.0,4.0,1,LESPE,1,LESPE,1,2020-02-13 13:46:01,,9,3
722641493290487,471789988489998,2017,40,2,41,123.0,3.0,2,LOJA,1,LOJA,1,2020-02-13 13:46:01,,9,3
722641494290487,471789988489998,2017,40,2,41,123.0,2.0,1,ROSA5,1,ROSA5,3,2020-02-13 13:46:01,,9,3
722641495290487,471789988489998,2017,40,2,41,123.0,3.0,2,ROSA5,1,ROSA5,6,2020-02-13 13:46:01,,9,3
722641504290487,471789990489998,2017,40,2,115,70.0,3.0,1,LECU,1,LECU,1,2020-02-13 13:46:02,,9,3
722641505290487,471789990489998,2017,40,2,115,70.0,4.0,1,LECU,1,LECU,1,2020-02-13 13:46:02,,9,3
722641506290487,471789990489998,2017,40,2,115,70.0,2.0,1,LESPE,1,LESPE,3,2020-02-13 13:46:02,,9,3
722641507290487,471789990489998,2017,40,2,115,70.0,4.0,1,LESPE,1,LESPE,1,2020-02-13 13:46:02,,9,3
722641516290487,471789992489998,2017,40,2,115,103.0,2.0,2,LECU,1,LECU,50,2020-02-13 13:46:02,,9,3
722641529290487,471789995489998,2017,40,2,115,80.0,1.0,1,AIAL,1,AIAL,4,2020-02-13 13:46:02,,9,3
722641530290487,471789995489998,2017,40,2,115,80.0,2.0,1,AIAL,1,AIAL,2,2020-02-13 13:46:02,,9,3
722641535290487,471789996489998,2017,40,2,115,98.0,1.0,1,LIGUS2,1,LIGUS2,1,2020-02-13 13:46:02,,9,3
722641536290487,471789996489998,2017,40,2,115,98.0,1.0,1,ROSA5,1,ROSA5,1,2020-02-13 13:46:02,,9,3
722641545290487,471789998489998,2017,40,1,77,107.0,1.0,1,LIGUS2,1,LIGUS2,1,2020-02-13 13:46:02,,9,3
722641562290487,471790002489998,2017,40,1,77,139.0,1.0,1,LECU,1,LECU,2,2020-02-13 13:46:03,,9,3
722641563290487,471790002489998,2017,40,1,77,139.0,3.0,1,LECU,1,LECU,22,2020-02-13 13:46:03,,9,3
722641568290487,471790003489998,2017,40,1,77,99.0,3.0,1,LECU,1,LECU,1,2020-02-13 13:46:03,,9,3
722641585290487,471790007489998,2017,40,2,101,168.0,4.0,1,LECU,1,LECU,1,2020-02-13 13:46:03,,9,3
722641599290487,471790010489998,2017,40,2,101,158.0,4.0,1,LIGUS2,1,LIGUS2,1,2020-02-13 13:46:03,,9,3
722641618290487,471790014489998,2017,40,1,61,118.0,1.0,1,LECU,1,LECU,15,2020-02-13 13:46:03,,9,3
722641619290487,471790014489998,2017,40,1,61,118.0,2.0,1,LECU,1,LECU,10,2020-02-13 13:46:03,,9,3
722641620290487,471790014489998,2017,40,1,61,118.0,1.0,1,LIGUS2,1,LIGUS2,10,2020-02-13 13:46:03,,9,3
722641621290487,471790014489998,2017,40,1,61,118.0,2.0,1,LIGUS2,1,LIGUS2,10,2020-02-13 13:46:03,,9,3
722641622290487,471790014489998,2017,40,1,61,118.0,3.0,1,LIGUS2,1,LIGUS2,80,2020-02-13 13:46:03,,9,3
722641623290487,471790014489998,2017,40,1,61,118.0,4.0,1,LIGUS2,1,LIGUS2,75,2020-02-13 13:46:03,,9,3
722641624290487,471790014489998,2017,40,1,61,118.0,1.0,1,LOJA,1,LOJA,3,2020-02-13 13:46:03,,9,3
722641625290487,471790014489998,2017,40,1,61,118.0,3.0,1,LOJA,1,LOJA,4,2020-02-13 13:46:03,,9,3
722641626290487,471790014489998,2017,40,1,61,118.0,4.0,1,LOJA,1,LOJA,5,2020-02-13 13:46:03,,9,3
722641627290487,471790014489998,2017,40,1,61,118.0,1.0,1,ROSA5,1,ROSA5,3,2020-02-13 13:46:03,,9,3
722641628290487,471790014489998,2017,40,1,61,118.0,3.0,1,ROSA5,1,ROSA5,1,2020-02-13 13:46:03,,9,3
722641650290487,471790019489998,2017,40,2,21,146.0,4.0,1,LECU,1,LECU,3,2020-02-13 13:46:04,,9,3
722641651290487,471790019489998,2017,40,2,21,146.0,1.0,1,LESPE,1,LESPE,1,2020-02-13 13:46:04,,9,3
722641684290487,471790027489998,2017,40,1,77,91.0,1.0,1,LECU,1,LECU,1,2020-02-13 13:46:04,,9,3
722641685290487,471790027489998,2017,40,1,77,91.0,4.0,1,LECU,1,LECU,2,2020-02-13 13:46:04,,9,3
722641695290487,471790029489998,2017,40,1,127,290.0,1.0,1,LECU,1,LECU,20,2020-02-13 13:46:04,,9,3
722641696290487,471790029489998,2017,40,1,127,290.0,2.0,1,LECU,1,LECU,20,2020-02-13 13:46:04,,9,3
722641697290487,471790029489998,2017,40,1,127,290.0,4.0,1,LECU,1,LECU,10,2020-02-13 13:46:04,,9,3
722641710290487,471790032489998,2017,40,1,121,266.0,2.0,1,LECU,1,LECU,2,2020-02-13 13:46:04,,9,3
722641711290487,471790032489998,2017,40,1,121,266.0,3.0,1,LECU,1,LECU,1,2020-02-13 13:46:04,,9,3
722641716290487,471790033489998,2017,40,1,127,260.0,4.0,1,LECU,1,LECU,4,2020-02-13 13:46:04,,9,3
722641721290487,471790034489998,2017,40,1,127,204.0,4.0,1,LECU,1,LECU,1,2020-02-13 13:46:04,,9,3
722641730290487,471790036489998,2017,40,1,127,301.0,1.0,1,LECU,1,LECU,2,2020-02-13 13:46:04,,9,3
722641731290487,471790036489998,2017,40,1,127,301.0,2.0,1,LECU,1,LECU,4,2020-02-13 13:46:04,,9,3
722641746290487,471790039489998,2017,40,2,91,88.0,1.0,1,LECU,1,LECU,1,2020-02-13 13:46:04,,9,3
722641747290487,471790039489998,2017,40,2,91,88.0,3.0,1,LECU,1,LECU,1,2020-02-13 13:46:04,,9,3
502232242126144,371555829489998,2016,40,1,61,99.0,1.0,1,LECU,1,LECU,1,2018-02-07 14:54:20,,9,2
502232243126144,371555829489998,2016,40,1,61,99.0,2.0,2,LECU,1,LECU,1,2018-02-07 14:54:20,,9,2
502232244126144,371555829489998,2016,40,1,61,99.0,3.0,1,LECU,1,LECU,25,2018-02-07 14:54:20,,9,2
502232245126144,371555829489998,2016,40,1,61,99.0,4.0,1,LECU,1,LECU,15,2018-02-07 14:54:20,,9,2
502232254126144,371555831489998,2016,40,1,121,206.0,3.0,2,LECU,1,LECU,8,2018-02-07 14:54:21,,9,2
502232255126144,371555831489998,2016,40,1,121,206.0,1.0,1,ROSA5,1,ROSA5,1,2018-02-07 14:54:21,,9,2
502232264126144,371555833489998,2016,40,2,21,125.0,1.0,1,LECU,1,LECU,20,2018-02-07 14:54:21,,9,2
502232265126144,371555833489998,2016,40,2,21,125.0,2.0,1,LECU,1,LECU,35,2018-02-07 14:54:21,,9,2
502232266126144,371555833489998,2016,40,2,21,125.0,3.0,1,LECU,1,LECU,35,2018-02-07 14:54:21,,9,2
502232267126144,371555833489998,2016,40,2,21,125.0,4.0,2,LECU,1,LECU,2,2018-02-07 14:54:21,,9,2
502232268126144,371555833489998,2016,40,2,21,125.0,1.0,1,LIGUS2,1,LIGUS2,1,2018-02-07 14:54:21,,9,2
502232269126144,371555833489998,2016,40,2,21,125.0,2.0,1,LIGUS2,1,LIGUS2,4,2018-02-07 14:54:21,,9,2
502232270126144,371555833489998,2016,40,2,21,125.0,3.0,1,LIGUS2,1,LIGUS2,2,2018-02-07 14:54:21,,9,2
502232271126144,371555833489998,2016,40,2,21,125.0,1.0,1,LOJA,1,LOJA,2,2018-02-07 14:54:21,,9,2
502232272126144,371555833489998,2016,40,2,21,125.0,3.0,1,LOJA,1,LOJA,2,2018-02-07 14:54:21,,9,2
502232273126144,371555833489998,2016,40,2,21,125.0,1.0,1,ROSA5,1,ROSA5,3,2018-02-07 14:54:21,,9,2
502232274126144,371555833489998,2016,40,2,21,125.0,2.0,1,ROSA5,1,ROSA5,4,2018-02-07 14:54:21,,9,2
502232275126144,371555833489998,2016,40,2,21,125.0,3.0,1,ROSA5,1,ROSA5,1,2018-02-07 14:54:21,,9,2
502232276126144,371555833489998,2016,40,2,21,125.0,4.0,2,SEVA4,1,SEVA4,2,2018-02-07 14:54:21,,9,2
502232281126144,371555834489998,2016,40,2,21,118.0,1.0,1,EUFO5,1,EUFO5,1,2018-02-07 14:54:21,,9,2
502232287126144,371555835489998,2016,40,2,21,161.0,1.0,1,LECU,1,LECU,7,2018-02-07 14:54:21,,9,2
502232288126144,371555835489998,2016,40,2,21,161.0,2.0,1,LECU,1,LECU,1,2018-02-07 14:54:21,,9,2
502232289126144,371555835489998,2016,40,2,21,161.0,4.0,1,LECU,1,LECU,20,2018-02-07 14:54:21,,9,2
502232345126144,371555847489998,2016,40,1,89,260.0,2.0,1,LECU,1,LECU,1,2018-02-07 14:54:22,,9,2
502232351126144,371555848489998,2016,40,1,89,394.0,4.0,3,LIGUS2,1,LIGUS2,8,2018-02-07 14:54:22,,9,2
502232352126144,371555848489998,2016,40,1,89,394.0,4.0,3,LOJA,1,LOJA,1,2018-02-07 14:54:22,,9,2
502232357126144,371555849489998,2016,40,1,89,267.0,4.0,1,LOJA,1,LOJA,5,2018-02-07 14:54:23,,9,2
502232363126144,371555850489998,2016,40,1,79,314.0,3.0,2,LECU,1,LECU,1,2018-02-07 14:54:23,,9,2
502232368126144,371555851489998,2016,40,1,79,335.0,4.0,1,LECU,1,LECU,1,2018-02-07 14:54:23,,9,2
502232406126144,371555860489998,2016,40,1,121,238.0,4.0,2,LOJA,1,LOJA,1,2018-02-07 14:54:23,,9,2
502232407126144,371555860489998,2016,40,1,121,238.0,3.0,2,ROSA5,1,ROSA5,1,2018-02-07 14:54:23,,9,2
502232408126144,371555860489998,2016,40,1,121,238.0,4.0,2,ROSA5,1,ROSA5,1,2018-02-07 14:54:23,,9,2
502232414126144,371555861489998,2016,40,1,121,209.0,2.0,1,ROSA5,1,ROSA5,1,2018-02-07 14:54:24,,9,2
502232428126144,371555864489998,2016,40,1,127,249.0,3.0,1,ROSA5,1,ROSA5,1,2018-02-07 14:54:24,,9,2
502232445126144,371555868489998,2016,40,2,91,113.0,2.0,1,LECU,1,LECU,5,2018-02-07 14:54:24,,9,2
502232446126144,371555868489998,2016,40,2,91,113.0,1.0,1,LOJA,1,LOJA,50,2018-02-07 14:54:24,,9,2
502232447126144,371555868489998,2016,40,2,91,113.0,2.0,1,LOJA,1,LOJA,35,2018-02-07 14:54:24,,9,2
502232448126144,371555868489998,2016,40,2,91,113.0,3.0,1,LOJA,1,LOJA,4,2018-02-07 14:54:24,,9,2
502232449126144,371555868489998,2016,40,2,91,113.0,4.0,1,LOJA,1,LOJA,65,2018-02-07 14:54:24,,9,2
502232450126144,371555868489998,2016,40,2,91,113.0,2.0,1,ROSA5,1,ROSA5,13,2018-02-07 14:54:24,,9,2
502232451126144,371555868489998,2016,40,2,91,113.0,4.0,1,ROSA5,1,ROSA5,8,2018-02-07 14:54:24,,9,2
502232460126144,371555870489998,2016,40,1,121,183.0,1.0,1,LECU,1,LECU,11,2018-02-07 14:54:24,,9,2
502232461126144,371555870489998,2016,40,1,121,183.0,2.0,1,LECU,1,LECU,5,2018-02-07 14:54:24,,9,2
502232462126144,371555870489998,2016,40,1,121,183.0,4.0,1,LECU,1,LECU,4,2018-02-07 14:54:24,,9,2
502232488126144,371555876489998,2016,40,1,5,157.0,1.0,1,ROSA5,1,ROSA5,1,2018-02-07 14:54:25,,9,2
502232056126144,371555430489998,2016,40,2,135,164.0,3.0,2,LECU,1,LECU,6,2018-02-07 14:54:16,,9,2
722643777290487,471790236489998,2017,40,1,79,224.0,4.0,1,LECU,1,LECU,10,2020-02-13 13:46:14,,9,3
722643778290487,471790236489998,2017,40,1,79,224.0,1.0,1,LIGUS2,1,LIGUS2,1,2020-02-13 13:46:14,,9,3
722643779290487,471790236489998,2017,40,1,79,224.0,2.0,1,LIGUS2,1,LIGUS2,25,2020-02-13 13:46:14,,9,3
722643780290487,471790236489998,2017,40,1,79,224.0,1.0,1,LOJA,1,LOJA,5,2020-02-13 13:46:14,,9,3
722643781290487,471790236489998,2017,40,1,79,224.0,2.0,1,LOJA,1,LOJA,3,2020-02-13 13:46:14,,9,3
722643782290487,471790236489998,2017,40,1,79,224.0,4.0,1,LOJA,1,LOJA,3,2020-02-13 13:46:14,,9,3
722643787290487,471790237489998,2017,40,1,79,271.0,1.0,1,LECU,1,LECU,6,2020-02-13 13:46:14,,9,3
722643788290487,471790237489998,2017,40,1,79,271.0,3.0,1,LECU,1,LECU,8,2020-02-13 13:46:14,,9,3
722643789290487,471790237489998,2017,40,1,79,271.0,4.0,1,LECU,1,LECU,2,2020-02-13 13:46:14,,9,3
722643814290487,471790243489998,2017,40,1,77,109.0,2.0,1,LECU,1,LECU,1,2020-02-13 13:46:14,,9,3
722643815290487,471790243489998,2017,40,1,77,109.0,3.0,1,LECU,1,LECU,1,2020-02-13 13:46:14,,9,3
722643816290487,471790243489998,2017,40,1,77,109.0,3.0,1,LIGUS2,1,LIGUS2,1,2020-02-13 13:46:14,,9,3
722643834290487,471790246489998,2017,40,2,101,174.0,4.0,1,ROSA5,1,ROSA5,1,2020-02-13 13:46:14,,9,3
722643829290487,471790246489998,2017,40,2,101,174.0,2.0,1,EUFO5,1,EUFO5,1,2020-02-13 13:46:14,,9,3
722643830290487,471790246489998,2017,40,2,101,174.0,2.0,1,LIGUS2,1,LIGUS2,3,2020-02-13 13:46:14,,9,3
722643831290487,471790246489998,2017,40,2,101,174.0,4.0,1,LIGUS2,1,LIGUS2,1,2020-02-13 13:46:14,,9,3
722643832290487,471790246489998,2017,40,2,101,174.0,1.0,1,ROSA5,1,ROSA5,2,2020-02-13 13:46:14,,9,3
722643833290487,471790246489998,2017,40,2,101,174.0,2.0,1,ROSA5,1,ROSA5,5,2020-02-13 13:46:14,,9,3
722643839290487,471790247489998,2017,40,2,101,176.0,1.0,1,LIGUS2,1,LIGUS2,1,2020-02-13 13:46:15,,9,3
722643840290487,471790247489998,2017,40,2,101,176.0,2.0,1,LIGUS2,1,LIGUS2,2,2020-02-13 13:46:15,,9,3
722643841290487,471790247489998,2017,40,2,101,176.0,3.0,1,LIGUS2,1,LIGUS2,1,2020-02-13 13:46:15,,9,3
722643842290487,471790247489998,2017,40,2,101,176.0,4.0,1,LIGUS2,1,LIGUS2,1,2020-02-13 13:46:15,,9,3
722643843290487,471790247489998,2017,40,2,101,176.0,4.0,1,LOJA,1,LOJA,3,2020-02-13 13:46:15,,9,3
722643890290487,471790258489998,2017,40,2,97,105.0,1.0,1,LECU,1,LECU,1,2020-02-13 13:46:15,,9,3
722643891290487,471790258489998,2017,40,2,97,105.0,3.0,1,LECU,1,LECU,1,2020-02-13 13:46:15,,9,3
722643908290487,471790262489998,2017,40,1,121,159.0,1.0,1,LECU,1,LECU,1,2020-02-13 13:46:15,,9,3
722643913290487,471790263489998,2017,40,1,5,126.0,1.0,1,LECU,1,LECU,65,2020-02-13 13:46:15,,9,3
722643914290487,471790263489998,2017,40,1,5,126.0,2.0,1,LECU,1,LECU,40,2020-02-13 13:46:15,,9,3
722643915290487,471790263489998,2017,40,1,5,126.0,3.0,1,LECU,1,LECU,10,2020-02-13 13:46:15,,9,3
722643916290487,471790263489998,2017,40,1,5,126.0,4.0,1,LECU,1,LECU,25,2020-02-13 13:46:15,,9,3
722643929290487,471790266489998,2017,40,1,5,160.0,1.0,1,LECU,1,LECU,1,2020-02-13 13:46:15,,9,3
722643934290487,471790267489998,2017,40,1,5,177.0,1.0,1,LECU,1,LECU,1,2020-02-13 13:46:15,,9,3
722643935290487,471790267489998,2017,40,1,5,177.0,3.0,2,LECU,1,LECU,1,2020-02-13 13:46:15,,9,3
722643948290487,471790270489998,2017,40,2,91,166.0,1.0,1,ROSA5,1,ROSA5,1,2020-02-13 13:46:15,,9,3
722643949290487,471790270489998,2017,40,2,91,166.0,2.0,1,ROSA5,1,ROSA5,1,2020-02-13 13:46:15,,9,3
722643954290487,471790271489998,2017,40,2,91,168.0,1.0,1,LECU,1,LECU,95,2020-02-13 13:46:15,,9,3
722643955290487,471790271489998,2017,40,2,91,168.0,2.0,1,LECU,1,LECU,95,2020-02-13 13:46:15,,9,3
722643956290487,471790271489998,2017,40,2,91,168.0,3.0,1,LECU,1,LECU,60,2020-02-13 13:46:15,,9,3
722643957290487,471790271489998,2017,40,2,91,168.0,4.0,1,LECU,1,LECU,2,2020-02-13 13:46:15,,9,3
722643975290487,471790275489998,2017,40,1,121,262.0,4.0,2,LECU,1,LECU,5,2020-02-13 13:46:15,,9,3
722643980290487,471790276489998,2017,40,1,121,185.0,2.0,1,LECU,1,LECU,30,2020-02-13 13:46:15,,9,3
722643981290487,471790276489998,2017,40,1,121,185.0,3.0,1,LECU,1,LECU,3,2020-02-13 13:46:15,,9,3
722643982290487,471790276489998,2017,40,1,121,185.0,4.0,1,LECU,1,LECU,8,2020-02-13 13:46:15,,9,3
722644007290487,471790282489998,2017,40,1,13,119.0,4.0,1,LECU,1,LECU,2,2020-02-13 13:46:15,,9,3
722644008290487,471790282489998,2017,40,1,13,119.0,1.0,1,LOJA,1,LOJA,25,2020-02-13 13:46:15,,9,3
722644009290487,471790282489998,2017,40,1,13,119.0,2.0,1,LOJA,1,LOJA,65,2020-02-13 13:46:15,,9,3
722644010290487,471790282489998,2017,40,1,13,119.0,4.0,1,LOJA,1,LOJA,25,2020-02-13 13:46:15,,9,3
722644055290487,471790293489998,2017,40,1,29,63.0,1.0,1,LECU,1,LECU,2,2020-02-13 13:46:16,,9,3
722644056290487,471790293489998,2017,40,1,29,63.0,2.0,1,LECU,1,LECU,8,2020-02-13 13:46:16,,9,3
722644057290487,471790293489998,2017,40,1,29,63.0,3.0,1,LECU,1,LECU,2,2020-02-13 13:46:16,,9,3
722644162290487,471790294489998,2017,40,1,5,151.0,1.0,1,LIGUS2,1,LIGUS2,1,2020-02-13 13:46:16,,9,3
722644163290487,471790294489998,2017,40,1,5,151.0,2.0,1,LIGUS2,1,LIGUS2,1,2020-02-13 13:46:16,,9,3
722644168290487,471790295489998,2017,40,1,5,217.0,4.0,1,LIGUS2,1,LIGUS2,1,2020-02-13 13:46:16,,9,3
722644198290487,471790302489998,2017,40,1,121,236.0,3.0,2,LIJA,1,LIJA,1,2020-02-13 13:46:16,,9,3
722644228290487,471790309489998,2017,40,1,89,271.0,1.0,1,LOJA,1,LOJA,18,2020-02-13 13:46:16,,9,3
722644229290487,471790309489998,2017,40,1,89,271.0,1.0,2,LOJA,1,LOJA,1,2020-02-13 13:46:16,,9,3
722644230290487,471790309489998,2017,40,1,89,271.0,2.0,2,LOJA,1,LOJA,5,2020-02-13 13:46:16,,9,3
502232493126144,371555877489998,2016,40,1,5,169.0,2.0,1,LIGUS2,1,LIGUS2,1,2018-02-07 14:54:25,,9,2
502232494126144,371555877489998,2016,40,1,5,169.0,3.0,1,LIGUS2,1,LIGUS2,1,2018-02-07 14:54:25,,9,2
502232495126144,371555877489998,2016,40,1,5,169.0,2.0,1,ROSA5,1,ROSA5,4,2018-02-07 14:54:25,,9,2
502232496126144,371555877489998,2016,40,1,5,169.0,3.0,1,ROSA5,1,ROSA5,2,2018-02-07 14:54:25,,9,2
502232564126144,371555893489998,2016,40,1,79,262.0,1.0,2,LECU,1,LECU,1,2018-02-07 14:54:26,,9,2
502232565126144,371555893489998,2016,40,1,79,262.0,3.0,2,LECU,1,LECU,1,2018-02-07 14:54:26,,9,2
502232566126144,371555893489998,2016,40,1,79,262.0,4.0,2,LECU,1,LECU,1,2018-02-07 14:54:26,,9,2
502232576126144,371555895489998,2016,40,1,89,361.0,4.0,1,LIGUS2,1,LIGUS2,1,2018-02-07 14:54:26,,9,2
502232582126144,371555896489998,2016,40,1,89,303.0,4.0,1,LECU,1,LECU,70,2018-02-07 14:54:26,,9,2
502232581126144,371555896489998,2016,40,1,89,303.0,3.0,1,LECU,1,LECU,30,2018-02-07 14:54:26,,9,2
502232595126144,371555899489998,2016,40,1,89,379.0,4.0,1,ROSA5,1,ROSA5,1,2018-02-07 14:54:26,,9,2
502232225126144,371555825489998,2016,40,1,61,143.0,1.0,1,LECU,1,LECU,1,2018-02-07 14:54:20,,9,2
502232600126144,371555900489998,2016,40,1,89,330.0,1.0,1,ROSA5,1,ROSA5,1,2018-02-07 14:54:27,,9,2
502232601126144,371555900489998,2016,40,1,89,330.0,4.0,1,ROSA5,1,ROSA5,5,2018-02-07 14:54:27,,9,2
502232624126144,371555905489998,2016,40,1,79,238.0,1.0,1,LIGUS2,1,LIGUS2,15,2018-02-07 14:54:27,,9,2
502232625126144,371555905489998,2016,40,1,79,238.0,2.0,1,LIGUS2,1,LIGUS2,10,2018-02-07 14:54:27,,9,2
502232626126144,371555905489998,2016,40,1,79,238.0,3.0,1,LIGUS2,1,LIGUS2,1,2018-02-07 14:54:27,,9,2
502232627126144,371555905489998,2016,40,1,79,238.0,4.0,1,LIGUS2,1,LIGUS2,25,2018-02-07 14:54:27,,9,2
502232628126144,371555905489998,2016,40,1,79,238.0,2.0,1,LOJA,1,LOJA,1,2018-02-07 14:54:27,,9,2
502232629126144,371555905489998,2016,40,1,79,238.0,4.0,1,LOJA,1,LOJA,1,2018-02-07 14:54:27,,9,2
502232630126144,371555905489998,2016,40,1,79,238.0,2.0,1,ROSA5,1,ROSA5,1,2018-02-07 14:54:27,,9,2
502232677126144,371555916489998,2016,40,1,77,81.0,4.0,1,LIGUS2,1,LIGUS2,1,2018-02-07 14:54:28,,9,2
502232690126144,371555919489998,2016,40,2,135,160.0,1.0,1,LECU,1,LECU,1,2018-02-07 14:54:29,,9,2
502232699126144,371555921489998,2016,40,2,135,121.0,1.0,1,LECU,1,LECU,25,2018-02-07 14:54:29,,9,2
503665849126144,371555922489998,2016,40,2,21,165.0,4.0,2,LECU,1,LECU,6,2018-02-12 13:08:24,,9,2
502232714126144,371555924489998,2016,40,2,135,120.0,2.0,1,LIGUS2,1,LIGUS2,1,2018-02-07 14:54:29,,9,2
502232715126144,371555924489998,2016,40,2,135,120.0,3.0,1,LIGUS2,1,LIGUS2,1,2018-02-07 14:54:29,,9,2
502232716126144,371555924489998,2016,40,2,135,120.0,2.0,1,LOJA,1,LOJA,1,2018-02-07 14:54:29,,9,2
502232721126144,371555925489998,2016,40,2,135,166.0,2.0,1,LIGUS2,1,LIGUS2,4,2018-02-07 14:54:29,,9,2
502232722126144,371555925489998,2016,40,2,135,166.0,1.0,1,LOJA,1,LOJA,60,2018-02-07 14:54:29,,9,2
502232723126144,371555925489998,2016,40,2,135,166.0,2.0,1,LOJA,1,LOJA,9,2018-02-07 14:54:29,,9,2
502232724126144,371555925489998,2016,40,2,135,166.0,4.0,1,LOJA,1,LOJA,7,2018-02-07 14:54:29,,9,2
502232725126144,371555925489998,2016,40,2,135,166.0,4.0,1,ROSA5,1,ROSA5,3,2018-02-07 14:54:29,,9,2
502232743126144,371555929489998,2016,40,1,61,115.0,1.0,1,LECU,1,LECU,1,2018-02-07 14:54:29,,9,2
502232744126144,371555929489998,2016,40,1,61,115.0,3.0,1,LECU,1,LECU,1,2018-02-07 14:54:29,,9,2
502232745126144,371555929489998,2016,40,1,61,115.0,3.0,1,LIGUS2,1,LIGUS2,40,2018-02-07 14:54:29,,9,2
502232746126144,371555929489998,2016,40,1,61,115.0,1.0,1,ROSA5,1,ROSA5,1,2018-02-07 14:54:29,,9,2
502232768126144,371555934489998,2016,40,2,1,101.0,3.0,1,DIOSC,1,DIOSC,1,2018-02-07 14:54:30,,9,2
502232769126144,371555934489998,2016,40,2,1,101.0,4.0,1,DIOSC,1,DIOSC,1,2018-02-07 14:54:30,,9,2
502232782126144,371555937489998,2016,40,2,21,128.0,3.0,1,AIAL,1,AIAL,15,2018-02-07 14:54:30,,9,2
502232783126144,371555937489998,2016,40,2,21,128.0,4.0,1,AIAL,1,AIAL,20,2018-02-07 14:54:30,,9,2
502232784126144,371555937489998,2016,40,2,21,128.0,4.0,1,EUAL13,1,EUAL13,1,2018-02-07 14:54:30,,9,2
502232790126144,371555938489998,2016,40,1,127,164.0,3.0,1,ROSA5,1,ROSA5,1,2018-02-07 14:54:30,,9,2
502232791126144,371555938489998,2016,40,1,127,164.0,3.0,1,SCAR7,1,SCAR7,1,2018-02-07 14:54:30,2020-08-10 11:38:55,9,2
502232804126144,371555941489998,2016,40,1,23,120.0,1.0,1,LECU,1,LECU,1,2018-02-07 14:54:30,,9,2
502232805126144,371555941489998,2016,40,1,23,120.0,3.0,1,LECU,1,LECU,1,2018-02-07 14:54:30,,9,2
502232806126144,371555941489998,2016,40,1,23,120.0,4.0,1,LECU,1,LECU,1,2018-02-07 14:54:30,,9,2
502232807126144,371555941489998,2016,40,1,23,120.0,4.0,1,LIGUS2,1,LIGUS2,1,2018-02-07 14:54:30,,9,2
502232808126144,371555941489998,2016,40,1,23,120.0,1.0,1,LOJA,1,LOJA,1,2018-02-07 14:54:30,,9,2
502232809126144,371555941489998,2016,40,1,23,120.0,3.0,1,LOJA,1,LOJA,1,2018-02-07 14:54:30,,9,2
502232810126144,371555941489998,2016,40,1,23,120.0,4.0,1,LOJA,1,LOJA,1,2018-02-07 14:54:30,,9,2
502232811126144,371555941489998,2016,40,1,23,120.0,1.0,1,ROSA5,1,ROSA5,2,2018-02-07 14:54:30,,9,2
502232812126144,371555941489998,2016,40,1,23,120.0,4.0,1,ROSA5,1,ROSA5,1,2018-02-07 14:54:30,,9,2
502232817126144,371555942489998,2016,40,1,23,165.0,2.0,2,LIGUS2,1,LIGUS2,2,2018-02-07 14:54:30,,9,2
502232818126144,371555942489998,2016,40,1,23,165.0,2.0,2,ROSA5,1,ROSA5,5,2018-02-07 14:54:30,,9,2
502232823126144,371555943489998,2016,40,1,23,167.0,1.0,1,ROSA5,1,ROSA5,2,2018-02-07 14:54:30,,9,2
502232829126144,371555944489998,2016,40,1,5,122.0,4.0,3,LOJA,1,LOJA,1,2018-02-07 14:54:31,,9,2
502232844126144,371555947489998,2016,40,1,127,165.0,4.0,1,AIAL,1,AIAL,75,2018-02-07 14:54:31,,9,2
502232845126144,371555947489998,2016,40,1,127,165.0,4.0,1,ALJU,1,ALJU,1,2018-02-07 14:54:31,,9,2
502232846126144,371555947489998,2016,40,1,127,165.0,3.0,2,LECU,1,LECU,1,2018-02-07 14:54:31,,9,2
502232847126144,371555947489998,2016,40,1,127,165.0,3.0,2,LIGUS2,1,LIGUS2,25,2018-02-07 14:54:31,,9,2
502232848126144,371555947489998,2016,40,1,127,165.0,3.0,2,LOJA,1,LOJA,1,2018-02-07 14:54:31,,9,2
502232849126144,371555947489998,2016,40,1,127,165.0,4.0,1,LOJA,1,LOJA,5,2018-02-07 14:54:31,,9,2
502232866126144,371555951489998,2016,40,2,1,80.0,3.0,1,LECU,1,LECU,1,2018-02-07 14:54:31,,9,2
502232867126144,371555951489998,2016,40,2,1,80.0,4.0,1,LECU,1,LECU,1,2018-02-07 14:54:31,,9,2
502232868126144,371555951489998,2016,40,2,1,80.0,1.0,1,ROSA5,1,ROSA5,1,2018-02-07 14:54:31,,9,2
502232869126144,371555951489998,2016,40,2,1,80.0,2.0,1,ROSA5,1,ROSA5,1,2018-02-07 14:54:31,,9,2
502232870126144,371555951489998,2016,40,2,1,80.0,4.0,1,ROSA5,1,ROSA5,1,2018-02-07 14:54:31,,9,2
502232927126144,371555965489998,2016,40,1,89,345.0,1.0,1,LIGUS2,1,LIGUS2,1,2018-02-07 14:54:32,,9,2
502232928126144,371555965489998,2016,40,1,89,345.0,2.0,1,LIGUS2,1,LIGUS2,21,2018-02-07 14:54:32,,9,2
502232929126144,371555965489998,2016,40,1,89,345.0,3.0,1,LIGUS2,1,LIGUS2,17,2018-02-07 14:54:32,,9,2
502232930126144,371555965489998,2016,40,1,89,345.0,4.0,1,LIGUS2,1,LIGUS2,8,2018-02-07 14:54:32,,9,2
722644231290487,471790309489998,2017,40,1,89,271.0,3.0,1,LOJA,1,LOJA,1,2020-02-13 13:46:16,,9,3
722644238290487,471790310489998,2017,40,1,89,419.0,3.0,2,LOJA,1,LOJA,1,2020-02-13 13:46:16,,9,3
722644245290487,471790311489998,2017,40,1,89,275.0,2.0,1,LIGUS2,1,LIGUS2,1,2020-02-13 13:46:16,,9,3
722644254290487,471790313489998,2017,40,1,89,263.0,2.0,1,LESPE,1,LESPE,1,2020-02-13 13:46:17,,9,3
722644255290487,471790313489998,2017,40,1,89,263.0,1.0,1,LOJA,1,LOJA,5,2020-02-13 13:46:17,,9,3
722644256290487,471790313489998,2017,40,1,89,263.0,2.0,1,LOJA,1,LOJA,15,2020-02-13 13:46:17,,9,3
722644257290487,471790313489998,2017,40,1,89,263.0,3.0,1,LOJA,1,LOJA,1,2020-02-13 13:46:17,,9,3
722644258290487,471790313489998,2017,40,1,89,263.0,4.0,1,LOJA,1,LOJA,4,2020-02-13 13:46:17,,9,3
722644267290487,471790315489998,2017,40,1,89,306.0,2.0,1,ALJU,1,ALJU,10,2020-02-13 13:46:17,,9,3
722644268290487,471790315489998,2017,40,1,89,306.0,4.0,1,LECU,1,LECU,7,2020-02-13 13:46:17,,9,3
722644269290487,471790315489998,2017,40,1,89,306.0,2.0,1,LOJA,1,LOJA,3,2020-02-13 13:46:17,,9,3
722644274290487,471790316489998,2017,40,1,79,292.0,2.0,2,LESPE,1,LESPE,1,2020-02-13 13:46:17,,9,3
722644275290487,471790316489998,2017,40,1,79,292.0,4.0,2,LESPE,1,LESPE,1,2020-02-13 13:46:17,,9,3
722644276290487,471790316489998,2017,40,1,79,292.0,1.0,1,LOJA,1,LOJA,1,2020-02-13 13:46:17,,9,3
722644385290487,471790318489998,2017,40,1,89,289.0,1.0,1,LECU,1,LECU,3,2020-02-13 13:46:17,,9,3
722644386290487,471790318489998,2017,40,1,89,289.0,2.0,1,LECU,1,LECU,5,2020-02-13 13:46:17,,9,3
722644387290487,471790318489998,2017,40,1,89,289.0,4.0,1,LECU,1,LECU,1,2020-02-13 13:46:17,,9,3
722644388290487,471790318489998,2017,40,1,89,289.0,1.0,1,LIGUS2,1,LIGUS2,1,2020-02-13 13:46:17,,9,3
722644389290487,471790318489998,2017,40,1,89,289.0,2.0,1,LIGUS2,1,LIGUS2,1,2020-02-13 13:46:17,,9,3
722644394290487,471790319489998,2017,40,1,89,270.0,4.0,1,LECU,1,LECU,10,2020-02-13 13:46:17,,9,3
722644395290487,471790319489998,2017,40,1,89,270.0,1.0,1,LIGUS2,1,LIGUS2,1,2020-02-13 13:46:17,,9,3
722644406290487,471790321489998,2017,40,1,29,76.0,1.0,2,LIGUS2,1,LIGUS2,1,2020-02-13 13:46:17,,9,3
722644407290487,471790321489998,2017,40,1,29,76.0,2.0,2,LIGUS2,1,LIGUS2,3,2020-02-13 13:46:17,,9,3
722644408290487,471790321489998,2017,40,1,29,76.0,1.0,2,LOJA,1,LOJA,1,2020-02-13 13:46:17,,9,3
722644409290487,471790321489998,2017,40,1,29,76.0,2.0,2,LOJA,1,LOJA,2,2020-02-13 13:46:17,,9,3
722644438290487,471790328489998,2017,40,2,97,143.0,2.0,2,LECU,1,LECU,2,2020-02-13 13:46:17,,9,3
722644439290487,471790328489998,2017,40,2,97,143.0,3.0,1,LECU,1,LECU,3,2020-02-13 13:46:17,,9,3
722644469290487,471790335489998,2017,40,1,23,154.0,1.0,1,LOJA,1,LOJA,4,2020-02-13 13:46:18,,9,3
722644470290487,471790335489998,2017,40,1,23,154.0,4.0,3,LOJA,1,LOJA,4,2020-02-13 13:46:18,,9,3
722644484290487,471790338489998,2017,40,1,121,249.0,1.0,1,LECU,1,LECU,2,2020-02-13 13:46:18,,9,3
722644589290487,471837245489998,2017,40,5,67,54.0,3.0,1,LIGUS2,1,LIGUS2,1,2020-02-13 13:46:18,,2,9
722644648290487,471837259489998,2017,40,3,113,97.0,1.0,1,LECU,1,LECU,1,2020-02-13 13:46:19,,2,9
722644656290487,471837260489998,2017,40,3,113,119.0,2.0,1,LECU,1,LECU,1,2020-02-13 13:46:19,,2,9
722644657290487,471837260489998,2017,40,3,113,119.0,4.0,1,LECU,1,LECU,3,2020-02-13 13:46:19,,2,9
722644727290487,471837277489998,2017,40,3,37,74.0,2.0,1,ALJU,1,ALJU,11,2020-02-13 13:46:19,,2,9
722644728290487,471837277489998,2017,40,3,37,74.0,1.0,1,LECU,1,LECU,1,2020-02-13 13:46:19,,2,9
722644729290487,471837277489998,2017,40,3,37,74.0,1.0,1,LOJA,1,LOJA,45,2020-02-13 13:46:19,,2,9
722644730290487,471837277489998,2017,40,3,37,74.0,2.0,1,LOJA,1,LOJA,30,2020-02-13 13:46:19,,2,9
722644731290487,471837277489998,2017,40,3,37,74.0,3.0,1,LOJA,1,LOJA,35,2020-02-13 13:46:19,,2,9
722644732290487,471837277489998,2017,40,3,37,74.0,4.0,1,LOJA,1,LOJA,65,2020-02-13 13:46:19,,2,9
722644737290487,471837278489998,2017,40,3,37,84.0,4.0,2,LECU,1,LECU,20,2020-02-13 13:46:19,,2,9
722644750290487,471837281489998,2017,40,3,113,121.0,4.0,1,LECU,1,LECU,2,2020-02-13 13:46:19,,2,9
722644804290487,471837294489998,2017,40,4,123,59.0,2.0,1,LECU,1,LECU,2,2020-02-13 13:46:20,,2,9
722644817290487,471837297489998,2017,40,4,133,15.0,1.0,1,LIGUS2,1,LIGUS2,1,2020-02-13 13:46:20,,2,9
722644818290487,471837297489998,2017,40,4,133,15.0,1.0,1,LOJA,1,LOJA,80,2020-02-13 13:46:20,,2,9
722644823290487,471837298489998,2017,40,4,133,28.0,4.0,2,LOJA,1,LOJA,6,2020-02-13 13:46:20,,2,9
722644828290487,471837299489998,2017,40,4,133,43.0,1.0,1,LIGUS2,1,LIGUS2,10,2020-02-13 13:46:20,,2,9
722644829290487,471837299489998,2017,40,4,133,43.0,2.0,1,LIGUS2,1,LIGUS2,1,2020-02-13 13:46:20,,2,9
722644830290487,471837299489998,2017,40,4,133,43.0,3.0,1,LIGUS2,1,LIGUS2,2,2020-02-13 13:46:20,,2,9
722644831290487,471837299489998,2017,40,4,133,43.0,4.0,1,LIGUS2,1,LIGUS2,5,2020-02-13 13:46:20,,2,9
722644832290487,471837299489998,2017,40,4,133,43.0,1.0,1,LOJA,1,LOJA,3,2020-02-13 13:46:20,,2,9
722644833290487,471837299489998,2017,40,4,133,43.0,4.0,1,LOJA,1,LOJA,25,2020-02-13 13:46:20,,2,9
722644875290487,471837309489998,2017,40,5,137,68.0,1.0,1,LECU,1,LECU,80,2020-02-13 13:46:20,,2,9
722644876290487,471837309489998,2017,40,5,137,68.0,1.0,1,PYCA80,1,PYCA80,2,2020-02-13 13:46:20,,2,9
722644881290487,471837310489998,2017,40,4,99,3.0,3.0,1,LECU,1,LECU,2,2020-02-13 13:46:20,,2,9
722644910290487,471837317489998,2017,40,3,113,20.0,3.0,1,LECU,1,LECU,2,2020-02-13 13:46:20,,2,9
722644911290487,471837317489998,2017,40,3,113,20.0,3.0,1,ROSA5,1,ROSA5,1,2020-02-13 13:46:20,,2,9
430717251489998,275621978489998,2015,40,2,101,141.0,2.0,1,LOJA,1,LOJA,1,2016-09-21 14:11:28,,9,1
430717252489998,275621978489998,2015,40,2,101,141.0,4.0,1,LOJA,1,LOJA,8,2016-09-21 14:11:28,,9,1
430717253489998,275621978489998,2015,40,2,101,141.0,1.0,1,ROSA5,1,ROSA5,1,2016-09-21 14:11:28,,9,1
430717254489998,275621978489998,2015,40,2,101,141.0,2.0,1,ROSA5,1,ROSA5,1,2016-09-21 14:11:28,,9,1
430717255489998,275621978489998,2015,40,2,101,141.0,4.0,1,ROSA5,1,ROSA5,5,2016-09-21 14:11:28,,9,1
430717260489998,275621979489998,2015,40,2,97,130.0,2.0,1,ROSA5,1,ROSA5,1,2016-09-21 14:11:28,,9,1
430717261489998,275621979489998,2015,40,2,97,130.0,4.0,1,ROSA5,1,ROSA5,2,2016-09-21 14:11:28,,9,1
430717278489998,275621984489998,2015,40,2,97,148.0,3.0,1,LECU,1,LECU,7,2016-09-21 14:11:28,,9,1
430717279489998,275621984489998,2015,40,2,97,148.0,2.0,1,LOJA,1,LOJA,2,2016-09-21 14:11:28,,9,1
430717280489998,275621984489998,2015,40,2,97,148.0,3.0,1,LOJA,1,LOJA,55,2016-09-21 14:11:28,,9,1
430717297489998,275621988489998,2015,40,1,5,189.0,3.0,1,LOJA,1,LOJA,2,2016-09-21 14:11:28,,9,1
430717303489998,275621989489998,2015,40,1,121,272.0,1.0,1,LIGUS2,1,LIGUS2,2,2016-09-21 14:11:28,,9,1
430717304489998,275621989489998,2015,40,1,121,272.0,3.0,1,LIGUS2,1,LIGUS2,1,2016-09-21 14:11:28,,9,1
430717305489998,275621989489998,2015,40,1,121,272.0,3.0,1,ROSA5,1,ROSA5,1,2016-09-21 14:11:28,,9,1
430717327489998,275621994489998,2015,40,2,91,124.0,2.0,1,LECU,1,LECU,1,2016-09-21 14:11:29,,9,1
430717328489998,275621994489998,2015,40,2,91,124.0,4.0,1,LECU,1,LECU,5,2016-09-21 14:11:29,,9,1
430717537489998,275622001489998,2015,40,1,121,179.0,2.0,1,LECU,1,LECU,1,2016-09-21 14:11:29,,9,1
430717538489998,275622001489998,2015,40,1,121,179.0,3.0,1,LECU,1,LECU,2,2016-09-21 14:11:29,,9,1
430717539489998,275622001489998,2015,40,1,121,179.0,4.0,1,LIGUS2,1,LIGUS2,15,2016-09-21 14:11:29,,9,1
430717540489998,275622001489998,2015,40,1,121,179.0,4.0,1,ROSA5,1,ROSA5,5,2016-09-21 14:11:29,,9,1
430717580489998,275622010489998,2015,40,1,29,87.0,2.0,1,LIGUS2,1,LIGUS2,1,2016-09-21 14:11:29,,9,1
430717659489998,275622019489998,2015,40,1,13,187.0,1.0,1,LECU,1,LECU,1,2016-09-21 14:11:30,,9,1
430717660489998,275622019489998,2015,40,1,13,187.0,3.0,1,LECU,1,LECU,5,2016-09-21 14:11:30,,9,1
430717753489998,275622023489998,2015,40,1,79,193.0,1.0,1,LIGUS2,1,LIGUS2,1,2016-09-21 14:11:30,,9,1
722641748290487,471790039489998,2017,40,2,91,88.0,4.0,1,LECU,1,LECU,1,2020-02-13 13:46:04,,9,3
722641753290487,471790040489998,2017,40,1,61,83.0,2.0,2,LECU,1,LECU,2,2020-02-13 13:46:05,,9,3
722641754290487,471790040489998,2017,40,1,61,83.0,3.0,2,LECU,1,LECU,1,2020-02-13 13:46:05,,9,3
722641755290487,471790040489998,2017,40,1,61,83.0,4.0,1,LECU,1,LECU,1,2020-02-13 13:46:05,,9,3
722641756290487,471790040489998,2017,40,1,61,83.0,1.0,1,LOJA,1,LOJA,4,2020-02-13 13:46:05,,9,3
722641757290487,471790040489998,2017,40,1,61,83.0,3.0,2,LOJA,1,LOJA,1,2020-02-13 13:46:05,,9,3
722641758290487,471790040489998,2017,40,1,61,83.0,1.0,1,ROSA5,1,ROSA5,1,2020-02-13 13:46:05,,9,3
722641767290487,471790042489998,2017,40,1,61,109.0,2.0,1,LECU,1,LECU,1,2020-02-13 13:46:05,,9,3
722641768290487,471790042489998,2017,40,1,61,109.0,3.0,1,LECU,1,LECU,1,2020-02-13 13:46:05,,9,3
722641773290487,471790043489998,2017,40,1,77,132.0,1.0,1,LECU,1,LECU,1,2020-02-13 13:46:05,,9,3
722641774290487,471790043489998,2017,40,1,77,132.0,2.0,1,LECU,1,LECU,1,2020-02-13 13:46:05,,9,3
722641775290487,471790043489998,2017,40,1,77,132.0,4.0,1,ROSA5,1,ROSA5,1,2020-02-13 13:46:05,,9,3
722641781290487,471790044489998,2017,40,1,77,80.0,1.0,2,LECU,1,LECU,2,2020-02-13 13:46:05,,9,3
722641786290487,471790045489998,2017,40,1,121,205.0,1.0,1,LECU,1,LECU,2,2020-02-13 13:46:05,,9,3
722641787290487,471790045489998,2017,40,1,121,205.0,2.0,1,LECU,1,LECU,1,2020-02-13 13:46:05,,9,3
722641788290487,471790045489998,2017,40,1,121,205.0,3.0,1,LECU,1,LECU,1,2020-02-13 13:46:05,,9,3
722641798290487,471790047489998,2017,40,2,97,150.0,3.0,1,LECU,1,LECU,2,2020-02-13 13:46:05,,9,3
722641799290487,471790047489998,2017,40,2,97,150.0,4.0,1,LECU,1,LECU,1,2020-02-13 13:46:05,,9,3
722641800290487,471790047489998,2017,40,2,97,150.0,1.0,1,LIGUS2,1,LIGUS2,1,2020-02-13 13:46:05,,9,3
722641801290487,471790047489998,2017,40,2,97,150.0,2.0,1,LIGUS2,1,LIGUS2,1,2020-02-13 13:46:05,,9,3
722641802290487,471790047489998,2017,40,2,97,150.0,3.0,1,LIGUS2,1,LIGUS2,1,2020-02-13 13:46:05,,9,3
722641803290487,471790047489998,2017,40,2,97,150.0,2.0,1,LOJA,1,LOJA,20,2020-02-13 13:46:05,,9,3
722641804290487,471790047489998,2017,40,2,97,150.0,3.0,1,LOJA,1,LOJA,1,2020-02-13 13:46:05,,9,3
722641805290487,471790047489998,2017,40,2,97,150.0,1.0,1,ROSA5,1,ROSA5,1,2020-02-13 13:46:05,,9,3
722641910290487,471790048489998,2017,40,2,21,122.0,4.0,1,DIOSC,1,DIOSC,4,2020-02-13 13:46:05,,9,3
722641911290487,471790048489998,2017,40,2,21,122.0,3.0,1,EUFO5,1,EUFO5,2,2020-02-13 13:46:05,,9,3
722641912290487,471790048489998,2017,40,2,21,122.0,1.0,1,LIGUS2,1,LIGUS2,1,2020-02-13 13:46:05,,9,3
722641913290487,471790048489998,2017,40,2,21,122.0,2.0,1,LIGUS2,1,LIGUS2,4,2020-02-13 13:46:05,,9,3
722641914290487,471790048489998,2017,40,2,21,122.0,3.0,1,LIGUS2,1,LIGUS2,6,2020-02-13 13:46:05,,9,3
722641915290487,471790048489998,2017,40,2,21,122.0,4.0,1,LIGUS2,1,LIGUS2,1,2020-02-13 13:46:05,,9,3
722641916290487,471790048489998,2017,40,2,21,122.0,2.0,1,LOJA,1,LOJA,2,2020-02-13 13:46:05,,9,3
722641917290487,471790048489998,2017,40,2,21,122.0,4.0,1,LOJA,1,LOJA,10,2020-02-13 13:46:05,,9,3
722641922290487,471790049489998,2017,40,2,21,101.0,1.0,1,LESPE,1,LESPE,1,2020-02-13 13:46:05,,9,3
722641923290487,471790049489998,2017,40,2,21,101.0,3.0,1,LESPE,1,LESPE,5,2020-02-13 13:46:05,,9,3
722641929290487,471790050489998,2017,40,2,21,151.0,3.0,1,LECU,1,LECU,4,2020-02-13 13:46:06,,9,3
722641934290487,471790051489998,2017,40,2,115,58.0,4.0,1,AIAL,1,AIAL,3,2020-02-13 13:46:06,,9,3
722641939290487,471790052489998,2017,40,2,41,108.0,1.0,1,LECU,1,LECU,40,2020-02-13 13:46:06,,9,3
502233586126144,371556090489998,2016,40,1,89,434.0,1.0,1,LOJA,1,LOJA,1,2018-02-07 14:54:44,,9,2
502233587126144,371556090489998,2016,40,1,89,434.0,1.0,2,LOJA,1,LOJA,1,2018-02-07 14:54:44,,9,2
502233588126144,371556090489998,2016,40,1,89,434.0,2.0,1,LOJA,1,LOJA,15,2018-02-07 14:54:44,,9,2
722644917290487,471837318489998,2017,40,3,143,41.0,1.0,1,LIGUS2,1,LIGUS2,1,2020-02-13 13:46:20,,2,9
722644918290487,471837318489998,2017,40,3,143,41.0,1.0,1,ROSA5,1,ROSA5,1,2020-02-13 13:46:20,,2,9
722644919290487,471837318489998,2017,40,3,143,41.0,4.0,1,ROSA5,1,ROSA5,1,2020-02-13 13:46:20,,2,9
722644952290487,471837326489998,2017,40,3,147,39.0,1.0,1,LOJA,1,LOJA,2,2020-02-13 13:46:20,,2,9
722644953290487,471837326489998,2017,40,3,147,39.0,2.0,1,LOJA,1,LOJA,5,2020-02-13 13:46:20,,2,9
722644954290487,471837326489998,2017,40,3,147,39.0,4.0,1,LOJA,1,LOJA,2,2020-02-13 13:46:20,,2,9
722644955290487,471837326489998,2017,40,3,147,39.0,2.0,1,ROSA5,1,ROSA5,1,2020-02-13 13:46:20,,2,9
722644956290487,471837326489998,2017,40,3,147,39.0,4.0,1,ROSA5,1,ROSA5,2,2020-02-13 13:46:20,,2,9
722645073290487,471837330489998,2017,40,4,125,10.0,1.0,1,LECU,1,LECU,2,2020-02-13 13:46:20,,2,9
722645074290487,471837330489998,2017,40,4,125,10.0,2.0,1,LECU,1,LECU,1,2020-02-13 13:46:20,,2,9
722645075290487,471837330489998,2017,40,4,125,10.0,3.0,1,LECU,1,LECU,2,2020-02-13 13:46:20,,2,9
722645076290487,471837330489998,2017,40,4,125,10.0,4.0,1,LECU,1,LECU,1,2020-02-13 13:46:20,,2,9
722645077290487,471837330489998,2017,40,4,125,10.0,2.0,1,ROSA5,1,ROSA5,1,2020-02-13 13:46:20,,2,9
722645078290487,471837330489998,2017,40,4,125,10.0,4.0,1,ROSA5,1,ROSA5,1,2020-02-13 13:46:20,,2,9
722645095290487,471837334489998,2017,40,4,125,45.0,2.0,1,LECU,1,LECU,1,2020-02-13 13:46:20,,2,9
722645096290487,471837334489998,2017,40,4,125,45.0,4.0,1,LECU,1,LECU,1,2020-02-13 13:46:20,,2,9
722645097290487,471837334489998,2017,40,4,125,45.0,4.0,1,ROSA5,1,ROSA5,1,2020-02-13 13:46:20,,2,9
722645110290487,471837337489998,2017,40,4,81,12.0,2.0,2,LECU,1,LECU,1,2020-02-13 13:46:21,,2,9
722645123290487,471837340489998,2017,40,4,19,44.0,1.0,1,LECU,1,LECU,1,2020-02-13 13:46:21,,2,9
722645124290487,471837340489998,2017,40,4,19,44.0,2.0,1,LECU,1,LECU,1,2020-02-13 13:46:21,,2,9
722645125290487,471837340489998,2017,40,4,19,44.0,3.0,1,LECU,1,LECU,3,2020-02-13 13:46:21,,2,9
722645126290487,471837340489998,2017,40,4,19,44.0,4.0,1,LECU,1,LECU,3,2020-02-13 13:46:21,,2,9
722645127290487,471837340489998,2017,40,4,19,44.0,1.0,1,LIGUS2,1,LIGUS2,4,2020-02-13 13:46:21,,2,9
722645128290487,471837340489998,2017,40,4,19,44.0,1.0,1,LOJA,1,LOJA,2,2020-02-13 13:46:21,,2,9
722645129290487,471837340489998,2017,40,4,19,44.0,2.0,1,LOJA,1,LOJA,1,2020-02-13 13:46:21,,2,9
722645130290487,471837340489998,2017,40,4,19,44.0,3.0,1,LOJA,1,LOJA,1,2020-02-13 13:46:21,,2,9
722645131290487,471837340489998,2017,40,4,19,44.0,4.0,1,LOJA,1,LOJA,1,2020-02-13 13:46:21,,2,9
722645132290487,471837340489998,2017,40,4,19,44.0,1.0,1,ROSA5,1,ROSA5,1,2020-02-13 13:46:21,,2,9
722645133290487,471837340489998,2017,40,4,19,44.0,2.0,1,ROSA5,1,ROSA5,10,2020-02-13 13:46:21,,2,9
722645138290487,471837341489998,2017,40,4,19,51.0,3.0,1,ROSA5,1,ROSA5,1,2020-02-13 13:46:21,,2,9
722645143290487,471837342489998,2017,40,4,19,64.0,1.0,1,LIGUS2,1,LIGUS2,1,2020-02-13 13:46:21,,2,9
722645144290487,471837342489998,2017,40,4,19,64.0,2.0,1,LIGUS2,1,LIGUS2,2,2020-02-13 13:46:21,,2,9
722645145290487,471837342489998,2017,40,4,19,64.0,1.0,1,LOJA,1,LOJA,1,2020-02-13 13:46:21,,2,9
722645146290487,471837342489998,2017,40,4,19,64.0,2.0,1,LOJA,1,LOJA,75,2020-02-13 13:46:21,,2,9
722645147290487,471837342489998,2017,40,4,19,64.0,1.0,1,ROSA5,1,ROSA5,1,2020-02-13 13:46:21,,2,9
722645172290487,471837348489998,2017,40,4,49,43.0,3.0,1,ROSA5,1,ROSA5,1,2020-02-13 13:46:21,,2,9
722645173290487,471837348489998,2017,40,4,49,43.0,4.0,1,ROSA5,1,ROSA5,1,2020-02-13 13:46:21,,2,9
722645202290487,471837355489998,2017,40,4,83,58.0,2.0,2,LECU,1,LECU,2,2020-02-13 13:46:21,,2,9
722645349290487,471837391489998,2017,40,3,105,12.0,1.0,1,LECU,1,LECU,15,2020-02-13 13:46:21,,2,9
722645350290487,471837391489998,2017,40,3,105,12.0,3.0,1,LECU,1,LECU,2,2020-02-13 13:46:21,,2,9
722645351290487,471837391489998,2017,40,3,105,12.0,4.0,1,LECU,1,LECU,4,2020-02-13 13:46:21,,2,9
722645352290487,471837391489998,2017,40,3,105,12.0,3.0,1,ROSA5,1,ROSA5,2,2020-02-13 13:46:21,,2,9
722645382290487,471837398489998,2017,40,4,111,39.0,2.0,1,LOJA,1,LOJA,3,2020-02-13 13:46:22,,2,9
722645383290487,471837398489998,2017,40,4,111,39.0,4.0,1,LOJA,1,LOJA,1,2020-02-13 13:46:22,,2,9
722645397290487,471837401489998,2017,40,3,131,72.0,2.0,2,ROSA5,1,ROSA5,3,2020-02-13 13:46:22,,2,9
722645402290487,471837402489998,2017,40,3,143,4.0,2.0,1,LECU,1,LECU,7,2020-02-13 13:46:22,,2,9
722645403290487,471837402489998,2017,40,3,143,4.0,1.0,1,LIGUS2,1,LIGUS2,2,2020-02-13 13:46:22,,2,9
722645404290487,471837402489998,2017,40,3,143,4.0,2.0,1,LOJA,1,LOJA,15,2020-02-13 13:46:22,,2,9
722645433290487,471837409489998,2017,40,4,19,5.0,1.0,1,LECU,1,LECU,1,2020-02-13 13:46:22,,2,9
722645450290487,471837413489998,2017,40,4,95,46.0,1.0,1,LOJA,1,LOJA,1,2020-02-13 13:46:22,,2,9
722645451290487,471837413489998,2017,40,4,95,46.0,3.0,1,LOJA,1,LOJA,1,2020-02-13 13:46:22,,2,9
722645464290487,471837416489998,2017,40,4,87,2.0,2.0,1,LECU,1,LECU,1,2020-02-13 13:46:22,,2,9
722645485290487,471837421489998,2017,40,7,103,23.0,1.0,1,LECU,1,LECU,2,2020-02-13 13:46:22,,2,9
502234428126144,386237820489998,2016,40,4,111,37.0,4.0,1,ROSA5,1,ROSA5,1,2018-02-07 14:54:53,,2,8
502234437126144,386237822489998,2016,40,3,131,60.0,1.0,1,LECU,1,LECU,70,2018-02-07 14:54:53,,2,8
502234438126144,386237822489998,2016,40,3,131,60.0,2.0,1,LECU,1,LECU,40,2018-02-07 14:54:53,,2,8
502234439126144,386237822489998,2016,40,3,131,60.0,3.0,1,LECU,1,LECU,1,2018-02-07 14:54:53,,2,8
502234440126144,386237822489998,2016,40,3,131,60.0,4.0,1,LECU,1,LECU,8,2018-02-07 14:54:53,,2,8
502234466126144,386237828489998,2016,40,3,105,24.0,1.0,1,ROSA5,1,ROSA5,2,2018-02-07 14:54:53,,2,8
502234476126144,386237830489998,2016,40,4,109,14.0,1.0,1,LECU,1,LECU,6,2018-02-07 14:54:53,,2,8
502234477126144,386237830489998,2016,40,4,109,14.0,2.0,1,LECU,1,LECU,1,2018-02-07 14:54:53,,2,8
502234478126144,386237830489998,2016,40,4,109,14.0,4.0,1,LECU,1,LECU,15,2018-02-07 14:54:53,,2,8
502234503126144,386237836489998,2016,40,4,95,45.0,2.0,1,LIGUS2,1,LIGUS2,1,2018-02-07 14:54:54,,2,8
502234554126144,386237848489998,2016,40,3,119,64.0,1.0,1,LECU,1,LECU,1,2018-02-07 14:54:54,,2,8
502234567126144,386237851489998,2016,40,7,71,27.0,1.0,1,LECU,1,LECU,1,2018-02-07 14:54:54,,2,8
502234568126144,386237851489998,2016,40,7,71,27.0,3.0,1,LECU,1,LECU,3,2018-02-07 14:54:54,,2,8
502234585126144,386237855489998,2016,40,4,111,75.0,1.0,1,LECU,1,LECU,4,2018-02-07 14:54:55,,2,8
502234586126144,386237855489998,2016,40,4,111,75.0,2.0,1,LECU,1,LECU,1,2018-02-07 14:54:55,,2,8
502234587126144,386237855489998,2016,40,4,111,75.0,3.0,1,LECU,1,LECU,1,2018-02-07 14:54:55,,2,8
502234588126144,386237855489998,2016,40,4,111,75.0,4.0,1,LECU,1,LECU,18,2018-02-07 14:54:55,,2,8
502234589126144,386237855489998,2016,40,4,111,75.0,4.0,1,ROSA5,1,ROSA5,10,2018-02-07 14:54:55,,2,8
502234599126144,386237857489998,2016,40,4,107,35.0,2.0,1,LECU,1,LECU,3,2018-02-07 14:54:55,,2,8
502234600126144,386237857489998,2016,40,4,107,35.0,1.0,1,LIGUS2,1,LIGUS2,1,2018-02-07 14:54:55,,2,8
502234601126144,386237857489998,2016,40,4,107,35.0,2.0,1,LIGUS2,1,LIGUS2,2,2018-02-07 14:54:55,,2,8
502234602126144,386237857489998,2016,40,4,107,35.0,3.0,1,LIGUS2,1,LIGUS2,1,2018-02-07 14:54:55,,2,8
502234603126144,386237857489998,2016,40,4,107,35.0,1.0,1,LOJA,1,LOJA,1,2018-02-07 14:54:55,,2,8
502234604126144,386237857489998,2016,40,4,107,35.0,2.0,1,LOJA,1,LOJA,5,2018-02-07 14:54:55,,2,8
502234605126144,386237857489998,2016,40,4,107,35.0,4.0,1,ROSA5,1,ROSA5,2,2018-02-07 14:54:55,,2,8
502234610126144,386237858489998,2016,40,4,63,44.0,1.0,1,LECU,1,LECU,95,2018-02-07 14:54:55,,2,8
502234611126144,386237858489998,2016,40,4,63,44.0,2.0,1,LECU,1,LECU,75,2018-02-07 14:54:55,,2,8
502234612126144,386237858489998,2016,40,4,63,44.0,3.0,1,LECU,1,LECU,85,2018-02-07 14:54:55,,2,8
502234613126144,386237858489998,2016,40,4,63,44.0,4.0,1,LECU,1,LECU,98,2018-02-07 14:54:55,,2,8
502234614126144,386237858489998,2016,40,4,63,44.0,2.0,1,ROSA5,1,ROSA5,2,2018-02-07 14:54:55,,2,8
502234624126144,386237860489998,2016,40,3,37,18.0,1.0,1,ROSA5,1,ROSA5,1,2018-02-07 14:54:55,,2,8
502234625126144,386237860489998,2016,40,3,37,18.0,3.0,1,ROSA5,1,ROSA5,1,2018-02-07 14:54:55,,2,8
502234630126144,386237861489998,2016,40,3,37,20.0,1.0,1,LECU,1,LECU,2,2018-02-07 14:54:55,,2,8
502234631126144,386237861489998,2016,40,3,37,20.0,2.0,1,LECU,1,LECU,2,2018-02-07 14:54:55,,2,8
430717755489998,275622023489998,2015,40,1,79,193.0,3.0,1,LIGUS2,1,LIGUS2,5,2016-09-21 14:11:30,,9,1
430717756489998,275622023489998,2015,40,1,79,193.0,4.0,1,LIGUS2,1,LIGUS2,2,2016-09-21 14:11:30,,9,1
430717757489998,275622023489998,2015,40,1,79,193.0,3.0,1,LOJA,1,LOJA,40,2016-09-21 14:11:30,,9,1
430717758489998,275622023489998,2015,40,1,79,193.0,4.0,1,LOJA,1,LOJA,70,2016-09-21 14:11:30,,9,1
430717764489998,275622024489998,2015,40,1,89,295.0,2.0,1,LOJA,1,LOJA,2,2016-09-21 14:11:30,,9,1
430717765489998,275622024489998,2015,40,1,89,295.0,4.0,1,LOJA,1,LOJA,1,2016-09-21 14:11:30,,9,1
430717771489998,275622025489998,2015,40,1,89,335.0,1.0,1,LOJA,1,LOJA,4,2016-09-21 14:11:30,,9,1
430717772489998,275622025489998,2015,40,1,89,335.0,2.0,1,LOJA,1,LOJA,2,2016-09-21 14:11:30,,9,1
430717773489998,275622025489998,2015,40,1,89,335.0,3.0,1,LOJA,1,LOJA,40,2016-09-21 14:11:30,,9,1
430717774489998,275622025489998,2015,40,1,89,335.0,4.0,1,LOJA,1,LOJA,35,2016-09-21 14:11:30,,9,1
430717849489998,275622034489998,2015,40,1,89,251.0,1.0,1,ROSA5,1,ROSA5,1,2016-09-21 14:11:31,,9,1
430717952489998,275622039489998,2015,40,1,29,88.0,4.0,1,ROSA5,1,ROSA5,1,2016-09-21 14:11:31,,9,1
430717957489998,275622040489998,2015,40,1,29,82.0,3.0,1,LIGUS2,1,LIGUS2,1,2016-09-21 14:11:31,,9,1
430717958489998,275622040489998,2015,40,1,29,82.0,2.0,1,ROSA5,1,ROSA5,2,2016-09-21 14:11:31,,9,1
430717967489998,275622042489998,2015,40,1,29,92.0,1.0,1,LECU,1,LECU,20,2016-09-21 14:11:31,,9,1
430718019489998,275622044489998,2015,40,1,29,101.0,4.0,1,ROSA5,1,ROSA5,1,2016-09-21 14:11:31,,9,1
430717754489998,275622023489998,2015,40,1,79,193.0,2.0,1,LIGUS2,1,LIGUS2,1,2016-09-21 14:11:30,,9,1
430718024489998,275622045489998,2015,40,2,97,146.0,1.0,1,LECU,1,LECU,10,2016-09-21 14:11:32,,9,1
430718025489998,275622045489998,2015,40,2,97,146.0,2.0,1,LECU,1,LECU,15,2016-09-21 14:11:32,,9,1
430718026489998,275622045489998,2015,40,2,97,146.0,3.0,1,LECU,1,LECU,3,2016-09-21 14:11:32,,9,1
430718039489998,275622048489998,2015,40,1,127,162.0,2.0,2,LECU,1,LECU,25,2016-09-21 14:11:32,,9,1
430718040489998,275622048489998,2015,40,1,127,162.0,2.0,2,LOJA,1,LOJA,10,2016-09-21 14:11:32,,9,1
430718045489998,275622049489998,2015,40,1,127,163.0,1.0,1,LIGUS2,1,LIGUS2,20,2016-09-21 14:11:32,,9,1
499116654126144,211972598010854,2010,40,4,63,50.0,1.0,1,ROSA5,1,ROSA5,1,2018-01-25 14:36:13,2018-03-29 14:57:15,2,2
499116655126144,211972598010854,2010,40,4,63,50.0,1.0,1,LOJA,1,LOJA,30,2018-01-25 14:36:13,2018-03-29 14:57:15,2,2
499116656126144,211972598010854,2010,40,4,63,50.0,2.0,1,ROSA5,1,ROSA5,1,2018-01-25 14:36:13,2018-03-29 14:57:15,2,2
499116657126144,211972598010854,2010,40,4,63,50.0,2.0,1,LOJA,1,LOJA,5,2018-01-25 14:36:13,2018-03-29 14:57:15,2,2
499116658126144,211972598010854,2010,40,4,63,50.0,3.0,1,ROSA5,1,ROSA5,5,2018-01-25 14:36:13,2018-03-29 14:57:15,2,2
499116659126144,211972598010854,2010,40,4,63,50.0,3.0,1,LOJA,1,LOJA,30,2018-01-25 14:36:13,2018-03-29 14:57:15,2,2
499116660126144,211972598010854,2010,40,4,63,50.0,4.0,1,LOJA,1,LOJA,30,2018-01-25 14:36:13,2018-03-29 14:57:15,2,2
499116661126144,211972600010854,2010,40,4,133,2.0,3.0,1,ROSA5,1,ROSA5,1,2018-01-25 14:36:13,2018-03-29 14:57:15,2,2
499116662126144,211972600010854,2010,40,4,133,2.0,3.0,1,SCAR7,1,SCAR7,1,2018-01-25 14:36:13,2020-08-10 11:38:55,2,2
499116663126144,211972610010854,2010,40,3,37,29.0,2.0,2,LECU,1,LECU,5,2018-01-25 14:36:13,2018-03-29 14:57:15,2,2
499116664126144,211972638010854,2010,40,3,113,10.0,1.0,1,LESPE,1,LESPE,1,2018-01-25 14:36:13,2018-03-29 14:57:15,2,2
499116665126144,211972638010854,2010,40,3,113,10.0,4.0,1,LESPE,1,LESPE,1,2018-01-25 14:36:13,2018-03-29 14:57:15,2,2
499116666126144,211972640010854,2010,40,4,63,18.0,3.0,2,LECU,1,LECU,1,2018-01-25 14:36:13,2018-03-29 14:57:15,2,2
499116667126144,211972642010854,2010,40,4,63,22.0,3.0,2,LECU,1,LECU,30,2018-01-25 14:36:13,2018-03-29 14:57:15,2,2
499116668126144,211972650010854,2010,40,4,63,6.0,1.0,1,ROSA5,1,ROSA5,1,2018-01-25 14:36:13,2018-03-29 14:57:15,2,2
499116669126144,211972650010854,2010,40,4,63,6.0,4.0,1,ROSA5,1,ROSA5,1,2018-01-25 14:36:13,2018-03-29 14:57:15,2,2
499116670126144,211972656010854,2010,40,4,111,11.0,1.0,1,ROSA5,1,ROSA5,1,2018-01-25 14:36:13,2018-03-29 14:57:15,2,2
499116671126144,211972662010854,2010,40,3,147,3.0,1.0,1,ROSA5,1,ROSA5,1,2018-01-25 14:36:13,2018-03-29 14:57:15,2,2
499116672126144,211972666010854,2010,40,3,131,68.0,1.0,1,ROSA5,1,ROSA5,1,2018-01-25 14:36:13,2018-03-29 14:57:15,2,2
499116673126144,211972666010854,2010,40,3,131,68.0,3.0,1,ROSA5,1,ROSA5,5,2018-01-25 14:36:13,2018-03-29 14:57:15,2,2
499116674126144,211972666010854,2010,40,3,131,68.0,4.0,1,ROSA5,1,ROSA5,1,2018-01-25 14:36:13,2018-03-29 14:57:15,2,2
499116675126144,211972672010854,2010,40,3,145,63.0,4.0,1,ROSA5,1,ROSA5,1,2018-01-25 14:36:13,2018-03-29 14:57:15,2,2
499116676126144,211972672010854,2010,40,3,145,63.0,4.0,1,LOJA,1,LOJA,1,2018-01-25 14:36:13,2018-03-29 14:57:15,2,2
499116677126144,211972686010854,2010,40,3,131,49.0,1.0,3,ROSA5,1,ROSA5,5,2018-01-25 14:36:13,2018-03-29 14:57:15,2,2
499116678126144,211972686010854,2010,40,3,131,49.0,2.0,2,ROSA5,1,ROSA5,1,2018-01-25 14:36:13,2018-03-29 14:57:15,2,2
499116679126144,211972692010854,2010,40,3,145,32.0,4.0,2,LIJA,1,LIJA,1,2018-01-25 14:36:13,2018-03-29 14:57:15,2,2
499116680126144,211972692010854,2010,40,3,145,32.0,4.0,2,ROSA5,1,ROSA5,5,2018-01-25 14:36:13,2018-03-29 14:57:15,2,2
499116681126144,211972696010854,2010,40,3,145,48.0,1.0,1,LIJA,1,LIJA,5,2018-01-25 14:36:13,2018-03-29 14:57:15,2,2
499116682126144,211972696010854,2010,40,3,145,48.0,1.0,1,ROSA5,1,ROSA5,1,2018-01-25 14:36:13,2018-03-29 14:57:15,2,2
499116683126144,211972696010854,2010,40,3,145,48.0,1.0,1,LOJA,1,LOJA,70,2018-01-25 14:36:13,2018-03-29 14:57:15,2,2
499116684126144,211972696010854,2010,40,3,145,48.0,2.0,1,LIJA,1,LIJA,1,2018-01-25 14:36:13,2018-03-29 14:57:15,2,2
499116685126144,211972696010854,2010,40,3,145,48.0,2.0,1,ROSA5,1,ROSA5,1,2018-01-25 14:36:13,2018-03-29 14:57:15,2,2
499116686126144,211972696010854,2010,40,3,145,48.0,2.0,1,LOJA,1,LOJA,95,2018-01-25 14:36:13,2018-03-29 14:57:15,2,2
499116687126144,211972696010854,2010,40,3,145,48.0,3.0,1,LIJA,1,LIJA,5,2018-01-25 14:36:13,2018-03-29 14:57:15,2,2
499116688126144,211972696010854,2010,40,3,145,48.0,3.0,1,LOJA,1,LOJA,70,2018-01-25 14:36:13,2018-03-29 14:57:15,2,2
499116689126144,211972710010854,2010,40,3,145,22.0,3.0,1,LOJA,1,LOJA,1,2018-01-25 14:36:13,2018-03-29 14:57:15,2,2
499116690126144,211972710010854,2010,40,3,145,22.0,4.0,1,LOJA,1,LOJA,1,2018-01-25 14:36:13,2018-03-29 14:57:15,2,2
499116691126144,211972716010854,2010,40,3,35,22.0,3.0,2,ROSA5,1,ROSA5,1,2018-01-25 14:36:13,2018-03-29 14:57:15,2,2
499149019126144,254501981010854,2011,40,1,79,196.0,2.0,2,LIGUS2,1,LIGUS2,5,2018-01-25 14:36:24,2018-03-29 14:57:18,8,2
499116601126144,211972376010854,2010,40,4,125,71.0,2.0,1,LOJA,1,LOJA,1,2018-01-25 14:36:13,2018-03-29 14:57:15,2,2
499116602126144,211972378010854,2010,40,4,27,7.0,2.0,2,LOJA,1,LOJA,1,2018-01-25 14:36:13,2018-03-29 14:57:15,2,2
499116603126144,211972396010854,2010,40,3,119,29.0,4.0,2,LOJA,1,LOJA,1,2018-01-25 14:36:13,2018-03-29 14:57:15,2,2
