CN,PLT_CN,INVYR,STATECD,UNITCD,COUNTYCD,PLOT,SUBP,CONDID,VEG_FLDSPCD,UNIQUE_SP_NBR,VEG_SPCD,COVER_PCT,CREATED_DATE,MODIFIED_DATE,CYCLE,SUBCYCLE
1234982264290487,618638156126144,2020,42,0,57,2926.0,4.0,1,ROPS,1,ROPS,4,2022-08-17 07:49:55,,8,6
1234982452290487,618638269126144,2020,42,7,21,3889.0,1.0,1,MIVI,1,MIVI,3,2022-08-17 07:49:56,,8,6
1234982453290487,618638269126144,2020,42,7,21,3889.0,2.0,1,MIVI,1,MIVI,2,2022-08-17 07:49:56,,8,6
1234982454290487,618638269126144,2020,42,7,21,3889.0,3.0,1,MIVI,1,MIVI,5,2022-08-17 07:49:56,,8,6
1234982606290487,618638335126144,2020,42,5,5,3303.0,4.0,1,BETH,1,BETH,1,2022-08-17 07:49:56,,8,6
1234982607290487,618638335126144,2020,42,5,5,3303.0,1.0,1,MIVI,1,MIVI,15,2022-08-17 07:49:56,,8,6
1234982608290487,618638335126144,2020,42,5,5,3303.0,2.0,1,MIVI,1,MIVI,3,2022-08-17 07:49:56,,8,6
1234982609290487,618638335126144,2020,42,5,5,3303.0,4.0,1,MIVI,1,MIVI,10,2022-08-17 07:49:56,,8,6
1234982610290487,618638335126144,2020,42,5,5,3303.0,1.0,1,ROMU,1,ROMU,5,2022-08-17 07:49:56,,8,6
1234982611290487,618638335126144,2020,42,5,5,3303.0,2.0,1,ROMU,1,ROMU,1,2022-08-17 07:49:56,,8,6
1234982612290487,618638335126144,2020,42,5,5,3303.0,4.0,1,ROMU,1,ROMU,3,2022-08-17 07:49:56,,8,6
1234990845290487,618638340126144,2020,42,5,5,3642.0,2.0,1,MIVI,1,MIVI,5,2022-08-17 07:50:13,,8,6
1234990846290487,618638340126144,2020,42,5,5,3642.0,4.0,1,MIVI,1,MIVI,5,2022-08-17 07:50:13,,8,6
207181076020004,247104960010661,2012,42,8,79,2880.0,2.0,1,BETH,1,BETH,2,2013-05-30 13:44:40,,7,3
207181077020004,247104960010661,2012,42,8,79,2880.0,3.0,1,BETH,1,BETH,1,2013-05-30 13:44:40,,7,3
207181078020004,247104960010661,2012,42,8,79,2880.0,4.0,1,BETH,1,BETH,1,2013-05-30 13:44:40,,7,3
207181421020004,247105136010661,2012,42,7,111,2149.0,4.0,1,CIAR4,1,CIAR4,2,2013-05-30 13:44:43,,7,3
207181422020004,247105136010661,2012,42,7,111,2149.0,2.0,1,ROPS,1,ROPS,6,2013-05-30 13:44:43,,7,3
207181423020004,247105136010661,2012,42,7,111,2149.0,3.0,1,ROPS,1,ROPS,1,2013-05-30 13:44:43,,7,3
207187971020004,247104800010661,2012,42,9,41,2086.0,4.0,1,AIAL,1,AIAL,1,2013-05-30 13:45:27,,7,3
207187972020004,247104800010661,2012,42,9,41,2086.0,2.0,1,BETH,1,BETH,1,2013-05-30 13:45:27,,7,3
207187973020004,247104800010661,2012,42,9,41,2086.0,3.0,1,BETH,1,BETH,1,2013-05-30 13:45:27,,7,3
207187974020004,247104800010661,2012,42,9,41,2086.0,1.0,1,MIVI,1,MIVI,2,2013-05-30 13:45:27,,7,3
207187975020004,247104800010661,2012,42,9,41,2086.0,2.0,1,MIVI,1,MIVI,20,2013-05-30 13:45:27,,7,3
207187976020004,247104800010661,2012,42,9,41,2086.0,3.0,1,MIVI,1,MIVI,10,2013-05-30 13:45:27,,7,3
207187977020004,247104800010661,2012,42,9,41,2086.0,4.0,1,MIVI,1,MIVI,25,2013-05-30 13:45:27,,7,3
207187978020004,247104800010661,2012,42,9,41,2086.0,4.0,1,ROPS,1,ROPS,1,2013-05-30 13:45:27,,7,3
207195095020004,247104407010661,2012,42,6,31,2184.0,2.0,1,BETH,1,BETH,1,2013-05-30 13:46:12,,7,3
207195096020004,247104407010661,2012,42,6,31,2184.0,1.0,1,LOMO2,1,LOMO2,1,2013-05-30 13:46:12,,7,3
207195097020004,247104407010661,2012,42,6,31,2184.0,2.0,1,LOMO2,1,LOMO2,8,2013-05-30 13:46:12,,7,3
207195098020004,247104407010661,2012,42,6,31,2184.0,3.0,1,LOMO2,1,LOMO2,1,2013-05-30 13:46:12,,7,3
207195099020004,247104407010661,2012,42,6,31,2184.0,2.0,1,ROMU,1,ROMU,4,2013-05-30 13:46:12,,7,3
207195100020004,247104407010661,2012,42,6,31,2184.0,3.0,1,ROMU,1,ROMU,5,2013-05-30 13:46:12,,7,3
207195199020004,247104455010661,2012,42,7,51,2169.0,2.0,1,ALPE4,1,ALPE4,1,2013-05-30 13:46:12,,7,3
207195200020004,247104455010661,2012,42,7,51,2169.0,2.0,1,BETH,1,BETH,10,2013-05-30 13:46:12,,7,3
207195201020004,247104455010661,2012,42,7,51,2169.0,4.0,1,BETH,1,BETH,1,2013-05-30 13:46:12,,7,3
207195202020004,247104455010661,2012,42,7,51,2169.0,2.0,1,CEOR7,1,CEOR7,20,2013-05-30 13:46:12,,7,3
207195203020004,247104455010661,2012,42,7,51,2169.0,1.0,1,CESTM,1,CESTM,2,2013-05-30 13:46:12,,7,3
207195204020004,247104455010661,2012,42,7,51,2169.0,1.0,1,CIVU,1,CIVU,2,2013-05-30 13:46:12,,7,3
207195205020004,247104455010661,2012,42,7,51,2169.0,1.0,1,ELUM,1,ELUM,13,2013-05-30 13:46:12,,7,3
207195206020004,247104455010661,2012,42,7,51,2169.0,2.0,1,ELUM,1,ELUM,10,2013-05-30 13:46:12,,7,3
207195207020004,247104455010661,2012,42,7,51,2169.0,4.0,1,ELUM,1,ELUM,45,2013-05-30 13:46:12,,7,3
207195208020004,247104455010661,2012,42,7,51,2169.0,4.0,1,EUES,1,EUES,15,2013-05-30 13:46:12,,7,3
207195209020004,247104455010661,2012,42,7,51,2169.0,2.0,1,LIVU,1,LIVU,7,2013-05-30 13:46:12,,7,3
207195210020004,247104455010661,2012,42,7,51,2169.0,2.0,1,LOMO2,1,LOMO2,25,2013-05-30 13:46:12,,7,3
207195211020004,247104455010661,2012,42,7,51,2169.0,4.0,1,LOMO2,1,LOMO2,20,2013-05-30 13:46:12,,7,3
207195212020004,247104455010661,2012,42,7,51,2169.0,1.0,1,ROMU,1,ROMU,3,2013-05-30 13:46:12,,7,3
207195213020004,247104455010661,2012,42,7,51,2169.0,2.0,1,ROMU,1,ROMU,15,2013-05-30 13:46:12,,7,3
207195214020004,247104455010661,2012,42,7,51,2169.0,4.0,1,ROMU,1,ROMU,20,2013-05-30 13:46:12,,7,3
207195215020004,247104455010661,2012,42,7,51,2169.0,1.0,1,ROPS,1,ROPS,1,2013-05-30 13:46:12,,7,3
207195216020004,247104455010661,2012,42,7,51,2169.0,2.0,1,ROPS,1,ROPS,10,2013-05-30 13:46:12,,7,3
207176409020004,247104548010661,2012,42,6,47,2061.0,2.0,1,FRAL4,1,FRAL4,1,2013-05-30 13:43:55,,7,3
207176542020004,247104568010661,2012,42,7,111,2630.0,1.0,1,LOMO2,1,LOMO2,3,2013-05-30 13:43:56,,7,3
207176543020004,247104568010661,2012,42,7,111,2630.0,1.0,1,MIVI,1,MIVI,4,2013-05-30 13:43:56,,7,3
207176544020004,247104568010661,2012,42,7,111,2630.0,1.0,1,ROMU,1,ROMU,1,2013-05-30 13:43:56,,7,3
207176545020004,247104568010661,2012,42,7,111,2630.0,2.0,1,ROMU,1,ROMU,3,2013-05-30 13:43:56,,7,3
207176546020004,247104568010661,2012,42,7,111,2630.0,4.0,1,ROMU,1,ROMU,5,2013-05-30 13:43:56,,7,3
207176680020004,247104622010661,2012,42,7,13,2530.0,1.0,1,ACPL,1,ACPL,3,2013-05-30 13:43:57,,7,3
207176681020004,247104622010661,2012,42,7,13,2530.0,2.0,1,ACPL,1,ACPL,2,2013-05-30 13:43:57,,7,3
207176682020004,247104622010661,2012,42,7,13,2530.0,4.0,1,ACPL,1,ACPL,1,2013-05-30 13:43:57,,7,3
207176683020004,247104622010661,2012,42,7,13,2530.0,1.0,1,AIAL,1,AIAL,12,2013-05-30 13:43:57,,7,3
207176684020004,247104622010661,2012,42,7,13,2530.0,1.0,1,ALPE4,1,ALPE4,5,2013-05-30 13:43:57,,7,3
207176685020004,247104622010661,2012,42,7,13,2530.0,2.0,1,ALPE4,1,ALPE4,15,2013-05-30 13:43:57,,7,3
207176686020004,247104622010661,2012,42,7,13,2530.0,4.0,1,ALPE4,1,ALPE4,10,2013-05-30 13:43:57,,7,3
207176687020004,247104622010661,2012,42,7,13,2530.0,1.0,1,LIVU,1,LIVU,3,2013-05-30 13:43:57,,7,3
207176688020004,247104622010661,2012,42,7,13,2530.0,2.0,1,LIVU,1,LIVU,8,2013-05-30 13:43:57,,7,3
207176689020004,247104622010661,2012,42,7,13,2530.0,4.0,1,LIVU,1,LIVU,20,2013-05-30 13:43:57,,7,3
207176690020004,247104622010661,2012,42,7,13,2530.0,1.0,1,LOMO2,1,LOMO2,6,2013-05-30 13:43:57,,7,3
207176691020004,247104622010661,2012,42,7,13,2530.0,2.0,1,LOMO2,1,LOMO2,2,2013-05-30 13:43:57,,7,3
207176692020004,247104622010661,2012,42,7,13,2530.0,4.0,1,LOMO2,1,LOMO2,5,2013-05-30 13:43:57,,7,3
207176693020004,247104622010661,2012,42,7,13,2530.0,4.0,1,ROMU,1,ROMU,5,2013-05-30 13:43:57,,7,3
207176926020004,247104652010661,2012,42,7,9,2815.0,3.0,1,BETH,1,BETH,3,2013-05-30 13:43:59,,7,3
207176927020004,247104652010661,2012,42,7,9,2815.0,1.0,1,ROPS,1,ROPS,1,2013-05-30 13:43:59,,7,3
207176928020004,247104652010661,2012,42,7,9,2815.0,2.0,1,ROPS,1,ROPS,5,2013-05-30 13:43:59,,7,3
207176929020004,247104652010661,2012,42,7,9,2815.0,3.0,1,ROPS,1,ROPS,2,2013-05-30 13:43:59,,7,3
207177054020004,247104660010661,2012,42,6,35,2882.0,1.0,1,ROPS,1,ROPS,8,2013-05-30 13:43:59,,7,3
207177055020004,247104660010661,2012,42,6,35,2882.0,2.0,1,ROPS,1,ROPS,1,2013-05-30 13:43:59,,7,3
207177181020004,247104664010661,2012,42,6,35,2045.0,3.0,1,ROPS,1,ROPS,1,2013-05-30 13:44:00,,7,3
207182463020004,247104741010661,2012,42,0,67,2304.0,1.0,1,ALPE4,1,ALPE4,25,2013-05-30 13:44:52,,7,3
207182464020004,247104741010661,2012,42,0,67,2304.0,2.0,1,ALPE4,1,ALPE4,60,2013-05-30 13:44:52,,7,3
207182465020004,247104741010661,2012,42,0,67,2304.0,3.0,1,ALPE4,1,ALPE4,10,2013-05-30 13:44:52,,7,3
207182466020004,247104741010661,2012,42,0,67,2304.0,4.0,1,ALPE4,1,ALPE4,1,2013-05-30 13:44:52,,7,3
207182467020004,247104741010661,2012,42,0,67,2304.0,1.0,1,BETH,1,BETH,1,2013-05-30 13:44:52,,7,3
207182468020004,247104741010661,2012,42,0,67,2304.0,1.0,1,MIVI,1,MIVI,99,2013-05-30 13:44:52,,7,3
207182469020004,247104741010661,2012,42,0,67,2304.0,2.0,1,MIVI,1,MIVI,5,2013-05-30 13:44:52,,7,3
207182470020004,247104741010661,2012,42,0,67,2304.0,3.0,1,MIVI,1,MIVI,90,2013-05-30 13:44:52,,7,3
207182471020004,247104741010661,2012,42,0,67,2304.0,4.0,1,MIVI,1,MIVI,20,2013-05-30 13:44:52,,7,3
207182472020004,247104741010661,2012,42,0,67,2304.0,1.0,1,ROMU,1,ROMU,2,2013-05-30 13:44:52,,7,3
207182473020004,247104741010661,2012,42,0,67,2304.0,3.0,1,ROMU,1,ROMU,2,2013-05-30 13:44:52,,7,3
207182474020004,247104741010661,2012,42,0,67,2304.0,1.0,1,ROPS,1,ROPS,25,2013-05-30 13:44:52,,7,3
207182475020004,247104741010661,2012,42,0,67,2304.0,2.0,1,ROPS,1,ROPS,20,2013-05-30 13:44:52,,7,3
207182476020004,247104741010661,2012,42,0,67,2304.0,4.0,1,ROPS,1,ROPS,1,2013-05-30 13:44:52,,7,3
207182627020004,247104795010661,2012,42,0,99,1980.0,2.0,1,ALPE4,1,ALPE4,4,2013-05-30 13:44:53,,7,3
207182628020004,247104795010661,2012,42,0,99,1980.0,2.0,1,LIVU,1,LIVU,1,2013-05-30 13:44:53,,7,3
207182629020004,247104795010661,2012,42,0,99,1980.0,3.0,1,LOJA,1,LOJA,1,2013-05-30 13:44:53,,7,3
207182630020004,247104795010661,2012,42,0,99,1980.0,4.0,1,LOJA,1,LOJA,10,2013-05-30 13:44:53,,7,3
207182631020004,247104795010661,2012,42,0,99,1980.0,1.0,1,LOMA6,1,LOMA6,4,2013-05-30 13:44:53,,7,3
207182632020004,247104795010661,2012,42,0,99,1980.0,1.0,1,MIVI,1,MIVI,4,2013-05-30 13:44:53,,7,3
207182633020004,247104795010661,2012,42,0,99,1980.0,2.0,1,MIVI,1,MIVI,3,2013-05-30 13:44:53,,7,3
207182634020004,247104795010661,2012,42,0,99,1980.0,3.0,1,MIVI,1,MIVI,1,2013-05-30 13:44:53,,7,3
207182635020004,247104795010661,2012,42,0,99,1980.0,3.0,2,MIVI,1,MIVI,1,2013-05-30 13:44:53,,7,3
207182636020004,247104795010661,2012,42,0,99,1980.0,4.0,1,MIVI,1,MIVI,35,2013-05-30 13:44:53,,7,3
207182637020004,247104795010661,2012,42,0,99,1980.0,1.0,1,ROMU,1,ROMU,35,2013-05-30 13:44:53,,7,3
207182638020004,247104795010661,2012,42,0,99,1980.0,2.0,1,ROMU,1,ROMU,4,2013-05-30 13:44:53,,7,3
207182639020004,247104795010661,2012,42,0,99,1980.0,4.0,1,ROMU,1,ROMU,35,2013-05-30 13:44:53,,7,3
207182926020004,247104812010661,2012,42,8,15,2727.0,1.0,1,ROMU,1,ROMU,1,2013-05-30 13:44:54,,7,3
207189603020004,247104611010661,2012,42,6,27,2889.0,1.0,1,CESTM,1,CESTM,8,2013-05-30 13:45:39,,7,3
207189604020004,247104611010661,2012,42,6,27,2889.0,2.0,1,CESTM,1,CESTM,15,2013-05-30 13:45:39,,7,3
207189605020004,247104611010661,2012,42,6,27,2889.0,3.0,1,CESTM,1,CESTM,90,2013-05-30 13:45:39,,7,3
207189606020004,247104611010661,2012,42,6,27,2889.0,4.0,1,CESTM,1,CESTM,20,2013-05-30 13:45:39,,7,3
207189607020004,247104611010661,2012,42,6,27,2889.0,1.0,1,CIVU,1,CIVU,1,2013-05-30 13:45:39,,7,3
207189608020004,247104611010661,2012,42,6,27,2889.0,1.0,1,ROPS,1,ROPS,20,2013-05-30 13:45:39,,7,3
207189609020004,247104611010661,2012,42,6,27,2889.0,2.0,1,ROPS,1,ROPS,65,2013-05-30 13:45:39,,7,3
207189610020004,247104611010661,2012,42,6,27,2889.0,3.0,1,ROPS,1,ROPS,8,2013-05-30 13:45:39,,7,3
207189611020004,247104611010661,2012,42,6,27,2889.0,4.0,1,ROPS,1,ROPS,45,2013-05-30 13:45:39,,7,3
207177514020004,247104927010661,2012,42,9,71,2824.0,3.0,2,ACPL,1,ACPL,1,2013-05-30 13:44:05,,7,3
207177515020004,247104927010661,2012,42,9,71,2824.0,3.0,2,ALPE4,1,ALPE4,15,2013-05-30 13:44:05,,7,3
207177516020004,247104927010661,2012,42,9,71,2824.0,3.0,2,LOMA6,1,LOMA6,2,2013-05-30 13:44:05,,7,3
207177517020004,247104927010661,2012,42,9,71,2824.0,3.0,2,ROMU,1,ROMU,1,2013-05-30 13:44:05,,7,3
207183241020004,247104951010661,2012,42,8,69,2188.0,2.0,1,ALPE4,1,ALPE4,3,2013-05-30 13:44:56,,7,3
207183242020004,247104951010661,2012,42,8,69,2188.0,4.0,1,ALPE4,1,ALPE4,1,2013-05-30 13:44:56,,7,3
207183243020004,247104951010661,2012,42,8,69,2188.0,1.0,1,BETH,1,BETH,4,2013-05-30 13:44:56,,7,3
207183244020004,247104951010661,2012,42,8,69,2188.0,2.0,1,BETH,1,BETH,2,2013-05-30 13:44:56,,7,3
207183245020004,247104951010661,2012,42,8,69,2188.0,3.0,1,BETH,1,BETH,5,2013-05-30 13:44:56,,7,3
207183246020004,247104951010661,2012,42,8,69,2188.0,4.0,1,BETH,1,BETH,7,2013-05-30 13:44:56,,7,3
207183247020004,247104951010661,2012,42,8,69,2188.0,2.0,1,CEOR7,1,CEOR7,1,2013-05-30 13:44:56,,7,3
207183248020004,247104951010661,2012,42,8,69,2188.0,1.0,1,LOMO2,1,LOMO2,3,2013-05-30 13:44:56,,7,3
207183249020004,247104951010661,2012,42,8,69,2188.0,2.0,1,LOMO2,1,LOMO2,13,2013-05-30 13:44:56,,7,3
207183250020004,247104951010661,2012,42,8,69,2188.0,3.0,1,LOMO2,1,LOMO2,3,2013-05-30 13:44:56,,7,3
207183251020004,247104951010661,2012,42,8,69,2188.0,4.0,1,LOMO2,1,LOMO2,2,2013-05-30 13:44:56,,7,3
207183252020004,247104951010661,2012,42,8,69,2188.0,2.0,1,ROMU,1,ROMU,2,2013-05-30 13:44:56,,7,3
207190037020004,247104690010661,2012,42,0,57,2513.0,3.0,1,BETH,1,BETH,2,2013-05-30 13:45:41,,7,3
207190038020004,247104690010661,2012,42,0,57,2513.0,4.0,1,BETH,1,BETH,4,2013-05-30 13:45:41,,7,3
207190039020004,247104690010661,2012,42,0,57,2513.0,1.0,1,MIVI,1,MIVI,80,2013-05-30 13:45:41,,7,3
207190040020004,247104690010661,2012,42,0,57,2513.0,2.0,1,MIVI,1,MIVI,60,2013-05-30 13:45:41,,7,3
207190041020004,247104690010661,2012,42,0,57,2513.0,3.0,1,MIVI,1,MIVI,7,2013-05-30 13:45:41,,7,3
207190042020004,247104690010661,2012,42,0,57,2513.0,4.0,1,MIVI,1,MIVI,3,2013-05-30 13:45:41,,7,3
207190213020004,247104790010661,2012,42,0,119,2010.0,1.0,1,MIVI,1,MIVI,18,2013-05-30 13:45:43,,7,3
207190214020004,247104790010661,2012,42,0,119,2010.0,2.0,1,MIVI,1,MIVI,5,2013-05-30 13:45:43,,7,3
207190215020004,247104790010661,2012,42,0,119,2010.0,3.0,1,MIVI,1,MIVI,4,2013-05-30 13:45:43,,7,3
207190216020004,247104790010661,2012,42,0,119,2010.0,4.0,1,MIVI,1,MIVI,2,2013-05-30 13:45:43,,7,3
207190341020004,247104794010661,2012,42,0,67,1951.0,1.0,1,ALPE4,1,ALPE4,15,2013-05-30 13:45:43,,7,3
207190342020004,247104794010661,2012,42,0,67,1951.0,2.0,1,ALPE4,1,ALPE4,1,2013-05-30 13:45:43,,7,3
207190343020004,247104794010661,2012,42,0,67,1951.0,3.0,1,ALPE4,1,ALPE4,2,2013-05-30 13:45:43,,7,3
207190344020004,247104794010661,2012,42,0,67,1951.0,2.0,1,BETH,1,BETH,1,2013-05-30 13:45:43,,7,3
207190345020004,247104794010661,2012,42,0,67,1951.0,3.0,1,BETH,1,BETH,1,2013-05-30 13:45:43,,7,3
469231845489998,306268772489998,2016,42,5,63,736.0,2.0,1,ROMU,1,ROMU,5,2017-05-10 12:45:13,,8,2
469231846489998,306268772489998,2016,42,5,63,736.0,4.0,1,ROMU,1,ROMU,8,2017-05-10 12:45:13,,8,2
469232428489998,306269048489998,2016,42,8,115,745.0,2.0,2,LOMO2,1,LOMO2,1,2017-05-10 12:45:18,,8,2
469232492489998,306269081489998,2016,42,0,61,1797.0,4.0,1,BETH,1,BETH,1,2017-05-10 12:45:18,,8,2
469232493489998,306269081489998,2016,42,0,61,1797.0,4.0,1,MIVI,1,MIVI,65,2017-05-10 12:45:18,,8,2
469232494489998,306269081489998,2016,42,0,61,1797.0,4.0,1,ROMU,1,ROMU,1,2017-05-10 12:45:18,,8,2
469232495489998,306269081489998,2016,42,0,61,1797.0,4.0,1,ROPS,1,ROPS,1,2017-05-10 12:45:18,,8,2
469232652489998,306269083489998,2016,42,0,61,511.0,2.0,2,LONIC,1,LONIC,2,2017-05-10 12:45:19,,8,2
469232653489998,306269083489998,2016,42,0,61,511.0,3.0,1,LONIC,1,LONIC,1,2017-05-10 12:45:19,,8,2
469232654489998,306269083489998,2016,42,0,61,511.0,4.0,1,LONIC,1,LONIC,1,2017-05-10 12:45:19,,8,2
469232655489998,306269083489998,2016,42,0,61,511.0,1.0,1,ROMU,1,ROMU,1,2017-05-10 12:45:19,,8,2
469232656489998,306269083489998,2016,42,0,61,511.0,2.0,2,ROMU,1,ROMU,1,2017-05-10 12:45:19,,8,2
469232657489998,306269083489998,2016,42,0,61,511.0,3.0,1,ROMU,1,ROMU,2,2017-05-10 12:45:19,,8,2
469232658489998,306269083489998,2016,42,0,61,511.0,4.0,1,ROMU,1,ROMU,1,2017-05-10 12:45:19,,8,2
469232985489998,306269168489998,2016,42,6,35,430.0,2.0,1,MIVI,1,MIVI,5,2017-05-10 12:45:21,,8,2
469233162489998,306269223489998,2016,42,9,75,731.0,3.0,1,AIAL,1,AIAL,10,2017-05-10 12:45:22,,8,2
469233163489998,306269223489998,2016,42,9,75,731.0,1.0,1,ALPE4,1,ALPE4,7,2017-05-10 12:45:22,,8,2
469233164489998,306269223489998,2016,42,9,75,731.0,2.0,1,ALPE4,1,ALPE4,15,2017-05-10 12:45:22,,8,2
469233165489998,306269223489998,2016,42,9,75,731.0,3.0,1,ALPE4,1,ALPE4,3,2017-05-10 12:45:22,,8,2
469233166489998,306269223489998,2016,42,9,75,731.0,4.0,1,ALPE4,1,ALPE4,4,2017-05-10 12:45:22,,8,2
469233167489998,306269223489998,2016,42,9,75,731.0,1.0,1,BETH,1,BETH,1,2017-05-10 12:45:22,,8,2
469233168489998,306269223489998,2016,42,9,75,731.0,4.0,1,LIVU,1,LIVU,10,2017-05-10 12:45:22,,8,2
469233169489998,306269223489998,2016,42,9,75,731.0,1.0,1,LOMA6,1,LOMA6,20,2017-05-10 12:45:22,,8,2
469233170489998,306269223489998,2016,42,9,75,731.0,2.0,1,LOMA6,1,LOMA6,10,2017-05-10 12:45:22,,8,2
469233171489998,306269223489998,2016,42,9,75,731.0,3.0,1,LOMA6,1,LOMA6,5,2017-05-10 12:45:22,,8,2
469233172489998,306269223489998,2016,42,9,75,731.0,4.0,1,LOMA6,1,LOMA6,35,2017-05-10 12:45:22,,8,2
469233173489998,306269223489998,2016,42,9,75,731.0,1.0,1,MIVI,1,MIVI,15,2017-05-10 12:45:22,,8,2
469233174489998,306269223489998,2016,42,9,75,731.0,2.0,1,MIVI,1,MIVI,1,2017-05-10 12:45:22,,8,2
469233175489998,306269223489998,2016,42,9,75,731.0,4.0,1,MIVI,1,MIVI,1,2017-05-10 12:45:22,,8,2
469233176489998,306269223489998,2016,42,9,75,731.0,1.0,1,ROMU,1,ROMU,3,2017-05-10 12:45:22,,8,2
469233177489998,306269223489998,2016,42,9,75,731.0,2.0,1,ROMU,1,ROMU,1,2017-05-10 12:45:22,,8,2
469233178489998,306269223489998,2016,42,9,75,731.0,3.0,1,ROMU,1,ROMU,1,2017-05-10 12:45:22,,8,2
469233179489998,306269223489998,2016,42,9,75,731.0,4.0,1,ROMU,1,ROMU,25,2017-05-10 12:45:22,,8,2
469233180489998,306269223489998,2016,42,9,75,731.0,1.0,1,ROPS,1,ROPS,30,2017-05-10 12:45:22,,8,2
469233181489998,306269223489998,2016,42,9,75,731.0,2.0,1,ROPS,1,ROPS,10,2017-05-10 12:45:22,,8,2
469233182489998,306269223489998,2016,42,9,75,731.0,3.0,1,ROPS,1,ROPS,17,2017-05-10 12:45:22,,8,2
469233183489998,306269223489998,2016,42,9,75,731.0,4.0,1,ROPS,1,ROPS,15,2017-05-10 12:45:22,,8,2
469233396489998,306268684489998,2016,42,5,19,948.0,1.0,1,ALPE4,1,ALPE4,1,2017-05-10 12:45:25,,8,2
469233397489998,306268684489998,2016,42,5,19,948.0,1.0,1,BETH,1,BETH,1,2017-05-10 12:45:25,,8,2
469233398489998,306268684489998,2016,42,5,19,948.0,2.0,1,BETH,1,BETH,1,2017-05-10 12:45:25,,8,2
469233399489998,306268684489998,2016,42,5,19,948.0,3.0,1,BETH,1,BETH,1,2017-05-10 12:45:25,,8,2
469233400489998,306268684489998,2016,42,5,19,948.0,1.0,1,LOMO2,1,LOMO2,3,2017-05-10 12:45:25,,8,2
469233401489998,306268684489998,2016,42,5,19,948.0,1.0,1,ROMU,1,ROMU,1,2017-05-10 12:45:25,,8,2
469233402489998,306268684489998,2016,42,5,19,948.0,2.0,1,ROMU,1,ROMU,1,2017-05-10 12:45:25,,8,2
469233403489998,306268684489998,2016,42,5,19,948.0,4.0,1,ROMU,1,ROMU,2,2017-05-10 12:45:25,,8,2
469233559489998,306268697489998,2016,42,6,123,505.0,2.0,1,BETH,1,BETH,1,2017-05-10 12:45:26,,8,2
469233560489998,306268697489998,2016,42,6,123,505.0,2.0,1,LOMO2,1,LOMO2,1,2017-05-10 12:45:26,,8,2
469233561489998,306268697489998,2016,42,6,123,505.0,4.0,1,LOMO2,1,LOMO2,1,2017-05-10 12:45:26,,8,2
469233562489998,306268697489998,2016,42,6,123,505.0,1.0,1,ROMU,1,ROMU,1,2017-05-10 12:45:26,,8,2
469225167489998,306268803489998,2016,42,5,39,947.0,2.0,1,ROMU,1,ROMU,6,2017-05-10 12:44:22,,8,2
469225168489998,306268803489998,2016,42,5,39,947.0,3.0,1,ROMU,1,ROMU,3,2017-05-10 12:44:22,,8,2
469225169489998,306268803489998,2016,42,5,39,947.0,4.0,1,ROMU,1,ROMU,1,2017-05-10 12:44:22,,8,2
469233790489998,306269011489998,2016,42,6,117,1309.0,3.0,1,ALPE4,1,ALPE4,9,2017-05-10 12:45:28,,8,2
469225355489998,306268846489998,2016,42,5,85,1735.0,1.0,1,ALPE4,1,ALPE4,3,2017-05-10 12:44:24,,8,2
469225356489998,306268846489998,2016,42,5,85,1735.0,4.0,1,ALPE4,1,ALPE4,25,2017-05-10 12:44:24,,8,2
469225357489998,306268846489998,2016,42,5,85,1735.0,1.0,1,BETH,1,BETH,1,2017-05-10 12:44:24,,8,2
469225358489998,306268846489998,2016,42,5,85,1735.0,4.0,1,BETH,1,BETH,1,2017-05-10 12:44:24,,8,2
469225359489998,306268846489998,2016,42,5,85,1735.0,1.0,1,FRAL4,1,FRAL4,1,2017-05-10 12:44:24,,8,2
469225360489998,306268846489998,2016,42,5,85,1735.0,4.0,1,FRAL4,1,FRAL4,1,2017-05-10 12:44:24,,8,2
1234981667290487,618638090126144,2020,42,8,15,3789.0,1.0,1,ROMU,1,ROMU,2,2022-08-17 07:49:54,,8,6
1234981712290487,618638104126144,2020,42,0,67,5526.0,1.0,1,ALPE4,1,ALPE4,2,2022-08-17 07:49:55,,8,6
1234981713290487,618638104126144,2020,42,0,67,5526.0,3.0,1,ALPE4,1,ALPE4,3,2022-08-17 07:49:55,,8,6
1234981714290487,618638104126144,2020,42,0,67,5526.0,4.0,1,ALPE4,1,ALPE4,1,2022-08-17 07:49:55,,8,6
1234981715290487,618638104126144,2020,42,0,67,5526.0,1.0,1,ROPS,1,ROPS,7,2022-08-17 07:49:55,,8,6
1234981865290487,618638133126144,2020,42,6,35,5171.0,4.0,1,MIVI,1,MIVI,5,2022-08-17 07:49:55,,8,6
1234981866290487,618638133126144,2020,42,6,35,5171.0,1.0,1,ROMU,1,ROMU,7,2022-08-17 07:49:55,,8,6
1234981867290487,618638133126144,2020,42,6,35,5171.0,3.0,1,ROMU,1,ROMU,15,2022-08-17 07:49:55,,8,6
1234981868290487,618638133126144,2020,42,6,35,5171.0,4.0,1,ROMU,1,ROMU,10,2022-08-17 07:49:55,,8,6
1234981853290487,618638133126144,2020,42,6,35,5171.0,1.0,1,ALPE4,1,ALPE4,5,2022-08-17 07:49:55,,8,6
1234981854290487,618638133126144,2020,42,6,35,5171.0,3.0,1,ALPE4,1,ALPE4,1,2022-08-17 07:49:55,,8,6
1234981855290487,618638133126144,2020,42,6,35,5171.0,4.0,1,ALPE4,1,ALPE4,1,2022-08-17 07:49:55,,8,6
1234981856290487,618638133126144,2020,42,6,35,5171.0,1.0,1,BETH,1,BETH,11,2022-08-17 07:49:55,,8,6
1234981857290487,618638133126144,2020,42,6,35,5171.0,3.0,1,BETH,1,BETH,20,2022-08-17 07:49:55,,8,6
1234981858290487,618638133126144,2020,42,6,35,5171.0,4.0,1,BETH,1,BETH,35,2022-08-17 07:49:55,,8,6
1234981859290487,618638133126144,2020,42,6,35,5171.0,3.0,1,LIVU,1,LIVU,1,2022-08-17 07:49:55,,8,6
1234981860290487,618638133126144,2020,42,6,35,5171.0,1.0,1,LONIC,1,LONIC,5,2022-08-17 07:49:55,,8,6
1234981861290487,618638133126144,2020,42,6,35,5171.0,3.0,1,LONIC,1,LONIC,1,2022-08-17 07:49:55,,8,6
1234981862290487,618638133126144,2020,42,6,35,5171.0,4.0,1,LONIC,1,LONIC,15,2022-08-17 07:49:55,,8,6
1234981863290487,618638133126144,2020,42,6,35,5171.0,1.0,1,MIVI,1,MIVI,8,2022-08-17 07:49:55,,8,6
1234981864290487,618638133126144,2020,42,6,35,5171.0,3.0,1,MIVI,1,MIVI,3,2022-08-17 07:49:55,,8,6
1234982097290487,618638146126144,2020,42,0,61,6002.0,4.0,1,AIAL,1,AIAL,7,2022-08-17 07:49:55,,8,6
1234982098290487,618638146126144,2020,42,0,61,6002.0,4.0,1,ALPE4,1,ALPE4,1,2022-08-17 07:49:55,,8,6
1234982099290487,618638146126144,2020,42,0,61,6002.0,4.0,1,MIVI,1,MIVI,2,2022-08-17 07:49:55,,8,6
1234982100290487,618638146126144,2020,42,0,61,6002.0,1.0,1,ROMU,1,ROMU,3,2022-08-17 07:49:55,,8,6
1234982101290487,618638146126144,2020,42,0,61,6002.0,2.0,1,ROMU,1,ROMU,1,2022-08-17 07:49:55,,8,6
1234982102290487,618638146126144,2020,42,0,61,6002.0,4.0,1,ROMU,1,ROMU,3,2022-08-17 07:49:55,,8,6
1234982103290487,618638146126144,2020,42,0,61,6002.0,1.0,1,SPJA,1,SPJA,1,2022-08-17 07:49:55,,8,6
1234982104290487,618638146126144,2020,42,0,61,6002.0,2.0,1,SPJA,1,SPJA,40,2022-08-17 07:49:55,,8,6
1234982105290487,618638146126144,2020,42,0,61,6002.0,3.0,1,SPJA,1,SPJA,25,2022-08-17 07:49:55,,8,6
1234982106290487,618638146126144,2020,42,0,61,6002.0,4.0,1,SPJA,1,SPJA,1,2022-08-17 07:49:55,,8,6
1234982255290487,618638156126144,2020,42,0,57,2926.0,4.0,1,ALPE4,1,ALPE4,2,2022-08-17 07:49:55,,8,6
1234982256290487,618638156126144,2020,42,0,57,2926.0,1.0,1,BETH,1,BETH,1,2022-08-17 07:49:55,,8,6
1234982257290487,618638156126144,2020,42,0,57,2926.0,2.0,1,BETH,1,BETH,5,2022-08-17 07:49:55,,8,6
1234982258290487,618638156126144,2020,42,0,57,2926.0,4.0,1,BETH,1,BETH,8,2022-08-17 07:49:55,,8,6
1234982259290487,618638156126144,2020,42,0,57,2926.0,1.0,1,MIVI,1,MIVI,1,2022-08-17 07:49:55,,8,6
1234982260290487,618638156126144,2020,42,0,57,2926.0,2.0,1,MIVI,1,MIVI,1,2022-08-17 07:49:55,,8,6
1234982261290487,618638156126144,2020,42,0,57,2926.0,3.0,1,MIVI,1,MIVI,1,2022-08-17 07:49:55,,8,6
1234982262290487,618638156126144,2020,42,0,57,2926.0,4.0,1,MIVI,1,MIVI,1,2022-08-17 07:49:55,,8,6
1234982263290487,618638156126144,2020,42,0,57,2926.0,4.0,1,ROMU,1,ROMU,1,2022-08-17 07:49:55,,8,6
1234990838290487,618638340126144,2020,42,5,5,3642.0,2.0,1,BETH,1,BETH,1,2022-08-17 07:50:13,,8,6
1234990839290487,618638340126144,2020,42,5,5,3642.0,3.0,1,BETH,1,BETH,1,2022-08-17 07:50:13,,8,6
1234990840290487,618638340126144,2020,42,5,5,3642.0,4.0,1,BETH,1,BETH,5,2022-08-17 07:50:13,,8,6
1234990841290487,618638340126144,2020,42,5,5,3642.0,3.0,1,CEOR7,1,CEOR7,3,2022-08-17 07:50:13,,8,6
1234990842290487,618638340126144,2020,42,5,5,3642.0,2.0,1,ELUM,1,ELUM,1,2022-08-17 07:50:13,,8,6
1234990843290487,618638340126144,2020,42,5,5,3642.0,4.0,1,ELUM,1,ELUM,5,2022-08-17 07:50:13,,8,6
1234990844290487,618638340126144,2020,42,5,5,3642.0,1.0,1,MIVI,1,MIVI,5,2022-08-17 07:50:13,,8,6
1234989479290487,618637960126144,2020,42,9,133,4434.0,2.0,1,LIVU,1,LIVU,1,2022-08-17 07:50:11,,8,6
1234989480290487,618637960126144,2020,42,9,133,4434.0,3.0,1,LIVU,1,LIVU,7,2022-08-17 07:50:11,,8,6
1234989481290487,618637960126144,2020,42,9,133,4434.0,2.0,1,LOJA,1,LOJA,2,2022-08-17 07:50:11,,8,6
1234989482290487,618637960126144,2020,42,9,133,4434.0,3.0,1,LOJA,1,LOJA,6,2022-08-17 07:50:11,,8,6
1234989483290487,618637960126144,2020,42,9,133,4434.0,4.0,1,LOJA,1,LOJA,1,2022-08-17 07:50:11,,8,6
1234989484290487,618637960126144,2020,42,9,133,4434.0,1.0,1,MIVI,1,MIVI,1,2022-08-17 07:50:11,,8,6
1234989485290487,618637960126144,2020,42,9,133,4434.0,2.0,1,MIVI,1,MIVI,2,2022-08-17 07:50:11,,8,6
1234989486290487,618637960126144,2020,42,9,133,4434.0,3.0,1,MIVI,1,MIVI,3,2022-08-17 07:50:11,,8,6
1234989487290487,618637960126144,2020,42,9,133,4434.0,4.0,1,MIVI,1,MIVI,2,2022-08-17 07:50:11,,8,6
1234989488290487,618637960126144,2020,42,9,133,4434.0,2.0,1,ROMU,1,ROMU,5,2022-08-17 07:50:11,,8,6
1234989489290487,618637960126144,2020,42,9,133,4434.0,3.0,1,ROMU,1,ROMU,7,2022-08-17 07:50:11,,8,6
1234989490290487,618637960126144,2020,42,9,133,4434.0,4.0,1,ROMU,1,ROMU,1,2022-08-17 07:50:11,,8,6
1234989658290487,618638022126144,2020,42,6,81,3094.0,1.0,1,ROPS,1,ROPS,2,2022-08-17 07:50:11,,8,6
1234989659290487,618638022126144,2020,42,6,81,3094.0,2.0,1,ROPS,1,ROPS,10,2022-08-17 07:50:11,,8,6
1234989652290487,618638022126144,2020,42,6,81,3094.0,1.0,1,ALPE4,1,ALPE4,3,2022-08-17 07:50:11,,8,6
1234989653290487,618638022126144,2020,42,6,81,3094.0,2.0,1,ALPE4,1,ALPE4,2,2022-08-17 07:50:11,,8,6
1234989654290487,618638022126144,2020,42,6,81,3094.0,4.0,1,ALPE4,1,ALPE4,2,2022-08-17 07:50:11,,8,6
1234989655290487,618638022126144,2020,42,6,81,3094.0,1.0,1,MIVI,1,MIVI,30,2022-08-17 07:50:11,,8,6
1234989656290487,618638022126144,2020,42,6,81,3094.0,1.0,1,ROMU,1,ROMU,1,2022-08-17 07:50:11,,8,6
1234989657290487,618638022126144,2020,42,6,81,3094.0,2.0,1,ROMU,1,ROMU,2,2022-08-17 07:50:11,,8,6
1234989956290487,618638153126144,2020,42,7,9,5438.0,4.0,1,AIAL,1,AIAL,20,2022-08-17 07:50:12,,8,6
1234989957290487,618638153126144,2020,42,7,9,5438.0,2.0,1,ALPE4,1,ALPE4,15,2022-08-17 07:50:12,,8,6
1234989958290487,618638153126144,2020,42,7,9,5438.0,3.0,1,BETH,1,BETH,1,2022-08-17 07:50:12,,8,6
1234989959290487,618638153126144,2020,42,7,9,5438.0,4.0,1,BETH,1,BETH,2,2022-08-17 07:50:12,,8,6
1234989960290487,618638153126144,2020,42,7,9,5438.0,2.0,1,MIVI,1,MIVI,15,2022-08-17 07:50:12,,8,6
1234989961290487,618638153126144,2020,42,7,9,5438.0,4.0,1,MIVI,1,MIVI,33,2022-08-17 07:50:12,,8,6
1234989962290487,618638153126144,2020,42,7,9,5438.0,1.0,1,ROMU,1,ROMU,3,2022-08-17 07:50:12,,8,6
1234989963290487,618638153126144,2020,42,7,9,5438.0,2.0,1,ROPS,1,ROPS,1,2022-08-17 07:50:12,,8,6
1234989964290487,618638153126144,2020,42,7,9,5438.0,4.0,1,ROPS,1,ROPS,1,2022-08-17 07:50:12,,8,6
1234990109290487,618638204126144,2020,42,7,9,5977.0,1.0,1,ALPE4,1,ALPE4,70,2022-08-17 07:50:12,,8,6
1234990110290487,618638204126144,2020,42,7,9,5977.0,2.0,1,ALPE4,1,ALPE4,25,2022-08-17 07:50:12,,8,6
1234990111290487,618638204126144,2020,42,7,9,5977.0,3.0,1,ALPE4,1,ALPE4,30,2022-08-17 07:50:12,,8,6
1234990112290487,618638204126144,2020,42,7,9,5977.0,4.0,1,ALPE4,1,ALPE4,35,2022-08-17 07:50:12,,8,6
1234990113290487,618638204126144,2020,42,7,9,5977.0,1.0,1,ROMU,1,ROMU,5,2022-08-17 07:50:12,,8,6
1234990114290487,618638204126144,2020,42,7,9,5977.0,3.0,1,ROPS,1,ROPS,20,2022-08-17 07:50:12,,8,6
1234981969290487,618638141126144,2020,42,0,61,2981.0,3.0,1,CEOR7,1,CEOR7,1,2022-08-17 07:49:55,,8,6
1234981665290487,618638090126144,2020,42,8,15,3789.0,1.0,1,ELUM,1,ELUM,2,2022-08-17 07:49:54,,8,6
1234981666290487,618638090126144,2020,42,8,15,3789.0,1.0,1,LOMO2,1,LOMO2,7,2022-08-17 07:49:54,,8,6
1278539387290487,722437901290487,2021,42,5,5,3766.0,4.0,1,LOMO2,1,LOMO2,1,2023-01-03 16:58:12,,8,7
1278539388290487,722437901290487,2021,42,5,5,3766.0,1.0,1,MIVI,1,MIVI,4,2023-01-03 16:58:12,,8,7
1278539389290487,722437901290487,2021,42,5,5,3766.0,3.0,1,MIVI,1,MIVI,34,2023-01-03 16:58:12,,8,7
1278539390290487,722437901290487,2021,42,5,5,3766.0,4.0,1,MIVI,1,MIVI,1,2023-01-03 16:58:12,,8,7
1278539391290487,722437901290487,2021,42,5,5,3766.0,1.0,1,ROMU,1,ROMU,2,2023-01-03 16:58:12,,8,7
1278539392290487,722437901290487,2021,42,5,5,3766.0,3.0,1,ROMU,1,ROMU,10,2023-01-03 16:58:12,,8,7
1278539393290487,722437901290487,2021,42,5,5,3766.0,4.0,1,ROMU,1,ROMU,1,2023-01-03 16:58:12,,8,7
1278546512290487,722438529290487,2021,42,0,57,3454.0,2.0,2,HEMA3,1,HEMA3,1,2023-01-03 16:58:30,,8,7
1278546513290487,722438529290487,2021,42,0,57,3454.0,2.0,2,LOJA,1,LOJA,2,2023-01-03 16:58:30,,8,7
1278546514290487,722438529290487,2021,42,0,57,3454.0,2.0,2,MIVI,1,MIVI,5,2023-01-03 16:58:30,,8,7
1278546515290487,722438529290487,2021,42,0,57,3454.0,2.0,2,ROMU,1,ROMU,10,2023-01-03 16:58:30,,8,7
1278546269290487,722438420290487,2021,42,8,103,4578.0,1.0,1,BETH,1,BETH,2,2023-01-03 16:58:29,,8,7
1278546270290487,722438420290487,2021,42,8,103,4578.0,2.0,1,BETH,1,BETH,1,2023-01-03 16:58:29,,8,7
1278546271290487,722438420290487,2021,42,8,103,4578.0,2.0,2,BETH,1,BETH,4,2023-01-03 16:58:29,,8,7
1278546272290487,722438420290487,2021,42,8,103,4578.0,3.0,1,BETH,1,BETH,2,2023-01-03 16:58:29,,8,7
1278546273290487,722438420290487,2021,42,8,103,4578.0,4.0,1,BETH,1,BETH,10,2023-01-03 16:58:29,,8,7
1278546553290487,722438532290487,2021,42,7,111,4239.0,2.0,2,LIVU,1,LIVU,10,2023-01-03 16:58:30,,8,7
1278539386290487,722437901290487,2021,42,5,5,3766.0,3.0,1,LOMO2,1,LOMO2,1,2023-01-03 16:58:12,,8,7
1278546554290487,722438532290487,2021,42,7,111,4239.0,2.0,2,LOMA6,1,LOMA6,1,2023-01-03 16:58:30,,8,7
1278546555290487,722438532290487,2021,42,7,111,4239.0,3.0,2,LOMA6,1,LOMA6,3,2023-01-03 16:58:30,,8,7
1278546556290487,722438532290487,2021,42,7,111,4239.0,2.0,2,LOMO2,1,LOMO2,5,2023-01-03 16:58:30,,8,7
1278546557290487,722438532290487,2021,42,7,111,4239.0,2.0,2,ROMU,1,ROMU,10,2023-01-03 16:58:30,,8,7
1278546558290487,722438532290487,2021,42,7,111,4239.0,3.0,2,ROMU,1,ROMU,7,2023-01-03 16:58:30,,8,7
469225362489998,306268846489998,2016,42,5,85,1735.0,4.0,1,MIVI,1,MIVI,1,2017-05-10 12:44:24,,8,2
469225363489998,306268846489998,2016,42,5,85,1735.0,1.0,1,ROMU,1,ROMU,10,2017-05-10 12:44:24,,8,2
469225364489998,306268846489998,2016,42,5,85,1735.0,4.0,1,ROMU,1,ROMU,1,2017-05-10 12:44:24,,8,2
469225432489998,306268851489998,2016,42,6,31,1003.0,2.0,1,ALPE4,1,ALPE4,1,2017-05-10 12:44:24,,8,2
469225433489998,306268851489998,2016,42,6,31,1003.0,3.0,2,ALPE4,1,ALPE4,1,2017-05-10 12:44:24,,8,2
469225434489998,306268851489998,2016,42,6,31,1003.0,1.0,1,ROMU,1,ROMU,1,2017-05-10 12:44:24,,8,2
469225573489998,306268855489998,2016,42,5,3,539.0,3.0,2,AIAL,1,AIAL,3,2017-05-10 12:44:25,,8,2
469225574489998,306268855489998,2016,42,5,3,539.0,4.0,2,AIAL,1,AIAL,17,2017-05-10 12:44:25,,8,2
469225575489998,306268855489998,2016,42,5,3,539.0,1.0,2,ALPE4,1,ALPE4,10,2017-05-10 12:44:25,,8,2
469225576489998,306268855489998,2016,42,5,3,539.0,2.0,2,ALPE4,1,ALPE4,5,2017-05-10 12:44:25,,8,2
469225577489998,306268855489998,2016,42,5,3,539.0,3.0,2,ALPE4,1,ALPE4,10,2017-05-10 12:44:25,,8,2
469225578489998,306268855489998,2016,42,5,3,539.0,4.0,2,ALPE4,1,ALPE4,10,2017-05-10 12:44:25,,8,2
469225579489998,306268855489998,2016,42,5,3,539.0,1.0,2,BETH,1,BETH,12,2017-05-10 12:44:25,,8,2
469225580489998,306268855489998,2016,42,5,3,539.0,2.0,2,BETH,1,BETH,2,2017-05-10 12:44:25,,8,2
469225581489998,306268855489998,2016,42,5,3,539.0,3.0,2,BETH,1,BETH,15,2017-05-10 12:44:25,,8,2
469225582489998,306268855489998,2016,42,5,3,539.0,1.0,2,LIVU,1,LIVU,10,2017-05-10 12:44:25,,8,2
469225583489998,306268855489998,2016,42,5,3,539.0,2.0,2,LIVU,1,LIVU,5,2017-05-10 12:44:25,,8,2
469225584489998,306268855489998,2016,42,5,3,539.0,3.0,2,LIVU,1,LIVU,5,2017-05-10 12:44:25,,8,2
469225585489998,306268855489998,2016,42,5,3,539.0,4.0,2,LIVU,1,LIVU,55,2017-05-10 12:44:25,,8,2
469225586489998,306268855489998,2016,42,5,3,539.0,1.0,2,LOJA,1,LOJA,10,2017-05-10 12:44:25,,8,2
469225587489998,306268855489998,2016,42,5,3,539.0,2.0,2,LOJA,1,LOJA,1,2017-05-10 12:44:25,,8,2
469225588489998,306268855489998,2016,42,5,3,539.0,3.0,2,LOJA,1,LOJA,1,2017-05-10 12:44:25,,8,2
469225589489998,306268855489998,2016,42,5,3,539.0,1.0,2,MIVI,1,MIVI,3,2017-05-10 12:44:25,,8,2
469225590489998,306268855489998,2016,42,5,3,539.0,1.0,2,ROMU,1,ROMU,1,2017-05-10 12:44:25,,8,2
469225591489998,306268855489998,2016,42,5,3,539.0,2.0,2,ROMU,1,ROMU,1,2017-05-10 12:44:25,,8,2
469225592489998,306268855489998,2016,42,5,3,539.0,3.0,2,ROMU,1,ROMU,3,2017-05-10 12:44:25,,8,2
469225593489998,306268855489998,2016,42,5,3,539.0,4.0,2,ROMU,1,ROMU,1,2017-05-10 12:44:25,,8,2
469225594489998,306268855489998,2016,42,5,3,539.0,3.0,2,ROPS,1,ROPS,15,2017-05-10 12:44:25,,8,2
469225901489998,306268897489998,2016,42,6,53,1629.0,1.0,1,MIVI,1,MIVI,1,2017-05-10 12:44:27,,8,2
469226209489998,306268949489998,2016,42,7,9,529.0,3.0,1,ROPS,1,ROPS,1,2017-05-10 12:44:29,,8,2
469226368489998,306268986489998,2016,42,8,115,289.0,1.0,1,ALPE4,1,ALPE4,21,2017-05-10 12:44:30,,8,2
469226369489998,306268986489998,2016,42,8,115,289.0,3.0,1,ALPE4,1,ALPE4,10,2017-05-10 12:44:30,,8,2
469226370489998,306268986489998,2016,42,8,115,289.0,4.0,1,ALPE4,1,ALPE4,7,2017-05-10 12:44:30,,8,2
469226371489998,306268986489998,2016,42,8,115,289.0,3.0,1,BETH,1,BETH,1,2017-05-10 12:44:30,,8,2
469226372489998,306268986489998,2016,42,8,115,289.0,1.0,1,CEOR7,1,CEOR7,1,2017-05-10 12:44:30,,8,2
469226373489998,306268986489998,2016,42,8,115,289.0,1.0,1,LIVU,1,LIVU,1,2017-05-10 12:44:30,,8,2
469226374489998,306268986489998,2016,42,8,115,289.0,4.0,1,LIVU,1,LIVU,1,2017-05-10 12:44:30,,8,2
469226375489998,306268986489998,2016,42,8,115,289.0,1.0,1,LOMA6,1,LOMA6,1,2017-05-10 12:44:30,,8,2
469226376489998,306268986489998,2016,42,8,115,289.0,4.0,1,LOMA6,1,LOMA6,1,2017-05-10 12:44:30,,8,2
469226377489998,306268986489998,2016,42,8,115,289.0,1.0,1,LOMO2,1,LOMO2,6,2017-05-10 12:44:30,,8,2
469226378489998,306268986489998,2016,42,8,115,289.0,4.0,1,LOMO2,1,LOMO2,3,2017-05-10 12:44:30,,8,2
469226379489998,306268986489998,2016,42,8,115,289.0,1.0,1,ROMU,1,ROMU,12,2017-05-10 12:44:30,,8,2
469226380489998,306268986489998,2016,42,8,115,289.0,3.0,1,ROMU,1,ROMU,17,2017-05-10 12:44:30,,8,2
469226381489998,306268986489998,2016,42,8,115,289.0,4.0,1,ROMU,1,ROMU,11,2017-05-10 12:44:30,,8,2
469226505489998,306269034489998,2016,42,9,1,1606.0,1.0,1,ACPL,1,ACPL,9,2017-05-10 12:44:31,,8,2
469226506489998,306269034489998,2016,42,9,1,1606.0,2.0,1,ACPL,1,ACPL,1,2017-05-10 12:44:31,,8,2
469226507489998,306269034489998,2016,42,9,1,1606.0,3.0,1,ACPL,1,ACPL,21,2017-05-10 12:44:31,,8,2
469226508489998,306269034489998,2016,42,9,1,1606.0,1.0,1,ALPE4,1,ALPE4,5,2017-05-10 12:44:31,,8,2
469226509489998,306269034489998,2016,42,9,1,1606.0,3.0,1,ALPE4,1,ALPE4,70,2017-05-10 12:44:31,,8,2
469226510489998,306269034489998,2016,42,9,1,1606.0,4.0,1,ALPE4,1,ALPE4,20,2017-05-10 12:44:31,,8,2
469226511489998,306269034489998,2016,42,9,1,1606.0,1.0,1,LOJA,1,LOJA,1,2017-05-10 12:44:31,,8,2
469226512489998,306269034489998,2016,42,9,1,1606.0,3.0,1,LOJA,1,LOJA,5,2017-05-10 12:44:31,,8,2
469226513489998,306269034489998,2016,42,9,1,1606.0,4.0,1,LOJA,1,LOJA,65,2017-05-10 12:44:31,,8,2
469226514489998,306269034489998,2016,42,9,1,1606.0,3.0,1,LOMA6,1,LOMA6,2,2017-05-10 12:44:31,,8,2
469226515489998,306269034489998,2016,42,9,1,1606.0,1.0,1,LOMO2,1,LOMO2,1,2017-05-10 12:44:31,,8,2
469226516489998,306269034489998,2016,42,9,1,1606.0,3.0,1,MIVI,1,MIVI,14,2017-05-10 12:44:31,,8,2
469226517489998,306269034489998,2016,42,9,1,1606.0,1.0,1,ROMU,1,ROMU,1,2017-05-10 12:44:31,,8,2
469226518489998,306269034489998,2016,42,9,1,1606.0,3.0,1,ROMU,1,ROMU,2,2017-05-10 12:44:31,,8,2
469226707489998,306269142489998,2016,42,6,27,854.0,1.0,1,MIVI,1,MIVI,2,2017-05-10 12:44:33,,8,2
469226708489998,306269142489998,2016,42,6,27,854.0,2.0,1,MIVI,1,MIVI,3,2017-05-10 12:44:33,,8,2
469226709489998,306269142489998,2016,42,6,27,854.0,3.0,1,MIVI,1,MIVI,3,2017-05-10 12:44:33,,8,2
469226710489998,306269142489998,2016,42,6,27,854.0,4.0,1,MIVI,1,MIVI,81,2017-05-10 12:44:33,,8,2
469226972489998,306268660489998,2016,42,8,107,1352.0,2.0,2,MIVI,1,MIVI,1,2017-05-10 12:44:36,,8,2
469226973489998,306268660489998,2016,42,8,107,1352.0,3.0,1,MIVI,1,MIVI,4,2017-05-10 12:44:36,,8,2
469226974489998,306268660489998,2016,42,8,107,1352.0,3.0,1,ROPS,1,ROPS,1,2017-05-10 12:44:36,,8,2
469227122489998,306268701489998,2016,42,6,53,241.0,3.0,1,MIVI,1,MIVI,1,2017-05-10 12:44:37,,8,2
469227427489998,306268744489998,2016,42,6,105,6131.0,4.0,2,ALPE4,1,ALPE4,1,2017-05-10 12:44:39,,8,2
469227428489998,306268744489998,2016,42,6,105,6131.0,1.0,2,LOMO2,1,LOMO2,1,2017-05-10 12:44:39,,8,2
469227429489998,306268744489998,2016,42,6,105,6131.0,2.0,2,LOMO2,1,LOMO2,3,2017-05-10 12:44:39,,8,2
469227430489998,306268744489998,2016,42,6,105,6131.0,4.0,2,LOMO2,1,LOMO2,1,2017-05-10 12:44:39,,8,2
469227431489998,306268744489998,2016,42,6,105,6131.0,1.0,2,ROMU,1,ROMU,1,2017-05-10 12:44:39,,8,2
469227432489998,306268744489998,2016,42,6,105,6131.0,2.0,2,ROMU,1,ROMU,13,2017-05-10 12:44:39,,8,2
1278540307290487,722438332290487,2021,42,6,117,5935.0,3.0,2,LONIC,1,LONIC,1,2023-01-03 16:58:15,,8,7
1278540308290487,722438332290487,2021,42,6,117,5935.0,4.0,2,LONIC,1,LONIC,6,2023-01-03 16:58:15,,8,7
1278540309290487,722438332290487,2021,42,6,117,5935.0,1.0,1,ROMU,1,ROMU,2,2023-01-03 16:58:15,,8,7
1278540310290487,722438332290487,2021,42,6,117,5935.0,2.0,1,ROMU,1,ROMU,5,2023-01-03 16:58:15,,8,7
1278540311290487,722438332290487,2021,42,6,117,5935.0,3.0,1,ROMU,1,ROMU,3,2023-01-03 16:58:15,,8,7
1278540312290487,722438332290487,2021,42,6,117,5935.0,4.0,2,ROMU,1,ROMU,6,2023-01-03 16:58:15,,8,7
1278540532290487,722438369290487,2021,42,0,43,3835.0,3.0,2,ALPE4,1,ALPE4,1,2023-01-03 16:58:15,,8,7
1278540533290487,722438369290487,2021,42,0,43,3835.0,3.0,2,CEOR7,1,CEOR7,1,2023-01-03 16:58:15,,8,7
1278540534290487,722438369290487,2021,42,0,43,3835.0,3.0,2,LIVU,1,LIVU,2,2023-01-03 16:58:15,,8,7
1278540535290487,722438369290487,2021,42,0,43,3835.0,3.0,2,MIVI,1,MIVI,10,2023-01-03 16:58:15,,8,7
1278540536290487,722438369290487,2021,42,0,43,3835.0,3.0,2,ROMU,1,ROMU,2,2023-01-03 16:58:15,,8,7
1278540624290487,722438411290487,2021,42,9,29,6010.0,1.0,1,ALPE4,1,ALPE4,1,2023-01-03 16:58:15,,8,7
1278540625290487,722438411290487,2021,42,9,29,6010.0,2.0,1,ALPE4,1,ALPE4,1,2023-01-03 16:58:15,,8,7
1278540626290487,722438411290487,2021,42,9,29,6010.0,3.0,1,ALPE4,1,ALPE4,4,2023-01-03 16:58:15,,8,7
1278540627290487,722438411290487,2021,42,9,29,6010.0,4.0,1,ALPE4,1,ALPE4,1,2023-01-03 16:58:15,,8,7
1278540628290487,722438411290487,2021,42,9,29,6010.0,1.0,1,BETH,1,BETH,1,2023-01-03 16:58:15,,8,7
1278540629290487,722438411290487,2021,42,9,29,6010.0,2.0,1,BETH,1,BETH,1,2023-01-03 16:58:15,,8,7
1278540630290487,722438411290487,2021,42,9,29,6010.0,2.0,2,BETH,1,BETH,1,2023-01-03 16:58:15,,8,7
1278540631290487,722438411290487,2021,42,9,29,6010.0,3.0,1,BETH,1,BETH,1,2023-01-03 16:58:15,,8,7
1278540632290487,722438411290487,2021,42,9,29,6010.0,4.0,1,BETH,1,BETH,1,2023-01-03 16:58:15,,8,7
1278540633290487,722438411290487,2021,42,9,29,6010.0,1.0,1,CEOR7,1,CEOR7,1,2023-01-03 16:58:15,,8,7
469225361489998,306268846489998,2016,42,5,85,1735.0,1.0,1,MIVI,1,MIVI,10,2017-05-10 12:44:24,,8,2
1278540634290487,722438411290487,2021,42,9,29,6010.0,2.0,1,CEOR7,1,CEOR7,2,2023-01-03 16:58:15,,8,7
1278540635290487,722438411290487,2021,42,9,29,6010.0,2.0,2,CEOR7,1,CEOR7,1,2023-01-03 16:58:15,,8,7
1278541284290487,722437899290487,2021,42,6,47,4965.0,1.0,1,FRAL4,1,FRAL4,1,2023-01-03 16:58:17,,8,7
1278541285290487,722437899290487,2021,42,6,47,4965.0,2.0,1,FRAL4,1,FRAL4,1,2023-01-03 16:58:17,,8,7
1278541286290487,722437899290487,2021,42,6,47,4965.0,4.0,1,FRAL4,1,FRAL4,2,2023-01-03 16:58:17,,8,7
1278541430290487,722437903290487,2021,42,5,59,4452.0,1.0,1,ALPE4,1,ALPE4,10,2023-01-03 16:58:17,,8,7
1278541431290487,722437903290487,2021,42,5,59,4452.0,2.0,1,ALPE4,1,ALPE4,10,2023-01-03 16:58:17,,8,7
1278541432290487,722437903290487,2021,42,5,59,4452.0,3.0,1,ALPE4,1,ALPE4,20,2023-01-03 16:58:17,,8,7
1278541433290487,722437903290487,2021,42,5,59,4452.0,4.0,1,ALPE4,1,ALPE4,5,2023-01-03 16:58:17,,8,7
1278541434290487,722437903290487,2021,42,5,59,4452.0,1.0,1,LOJA,1,LOJA,3,2023-01-03 16:58:17,,8,7
1278541435290487,722437903290487,2021,42,5,59,4452.0,3.0,1,LOJA,1,LOJA,17,2023-01-03 16:58:17,,8,7
1278541436290487,722437903290487,2021,42,5,59,4452.0,4.0,1,LOJA,1,LOJA,3,2023-01-03 16:58:17,,8,7
1278541437290487,722437903290487,2021,42,5,59,4452.0,1.0,1,ROMU,1,ROMU,4,2023-01-03 16:58:17,,8,7
1278541438290487,722437903290487,2021,42,5,59,4452.0,3.0,1,ROMU,1,ROMU,15,2023-01-03 16:58:17,,8,7
1278541439290487,722437903290487,2021,42,5,59,4452.0,4.0,1,ROMU,1,ROMU,2,2023-01-03 16:58:17,,8,7
1278547021290487,722438012290487,2021,42,5,63,3729.0,2.0,1,AIAL,1,AIAL,20,2023-01-03 16:58:31,,8,7
1278547022290487,722438012290487,2021,42,5,63,3729.0,3.0,1,BETH,1,BETH,10,2023-01-03 16:58:31,,8,7
1278547023290487,722438012290487,2021,42,5,63,3729.0,2.0,1,LOMO2,1,LOMO2,10,2023-01-03 16:58:31,,8,7
1278547024290487,722438012290487,2021,42,5,63,3729.0,3.0,1,LOMO2,1,LOMO2,3,2023-01-03 16:58:31,,8,7
1278547025290487,722438012290487,2021,42,5,63,3729.0,1.0,1,ROMU,1,ROMU,1,2023-01-03 16:58:31,,8,7
1278547026290487,722438012290487,2021,42,5,63,3729.0,3.0,1,ROMU,1,ROMU,1,2023-01-03 16:58:31,,8,7
1278547287290487,722438030290487,2021,42,0,61,3139.0,1.0,1,ALPE4,1,ALPE4,5,2023-01-03 16:58:31,,8,7
1278547288290487,722438030290487,2021,42,0,61,3139.0,2.0,1,ALPE4,1,ALPE4,2,2023-01-03 16:58:31,,8,7
1278547289290487,722438030290487,2021,42,0,61,3139.0,4.0,1,ALPE4,1,ALPE4,10,2023-01-03 16:58:31,,8,7
1278547290290487,722438030290487,2021,42,0,61,3139.0,1.0,1,BETH,1,BETH,2,2023-01-03 16:58:31,,8,7
1278547291290487,722438030290487,2021,42,0,61,3139.0,1.0,1,ELUM,1,ELUM,1,2023-01-03 16:58:31,,8,7
1278547292290487,722438030290487,2021,42,0,61,3139.0,1.0,1,LIVU,1,LIVU,2,2023-01-03 16:58:31,,8,7
1278547293290487,722438030290487,2021,42,0,61,3139.0,1.0,1,LOJA,1,LOJA,8,2023-01-03 16:58:31,,8,7
1278547294290487,722438030290487,2021,42,0,61,3139.0,2.0,1,LOJA,1,LOJA,1,2023-01-03 16:58:31,,8,7
1278547295290487,722438030290487,2021,42,0,61,3139.0,4.0,1,LOJA,1,LOJA,2,2023-01-03 16:58:31,,8,7
1278547296290487,722438030290487,2021,42,0,61,3139.0,1.0,1,ROMU,1,ROMU,2,2023-01-03 16:58:31,,8,7
1278547297290487,722438030290487,2021,42,0,61,3139.0,2.0,1,ROMU,1,ROMU,1,2023-01-03 16:58:31,,8,7
1278547298290487,722438030290487,2021,42,0,61,3139.0,4.0,1,ROMU,1,ROMU,1,2023-01-03 16:58:31,,8,7
1278547299290487,722438030290487,2021,42,0,61,3139.0,1.0,1,ROPS,1,ROPS,1,2023-01-03 16:58:31,,8,7
1278547300290487,722438030290487,2021,42,0,61,3139.0,4.0,1,ROPS,1,ROPS,1,2023-01-03 16:58:31,,8,7
1278547419290487,722438039290487,2021,42,7,111,4914.0,1.0,2,MIVI,1,MIVI,25,2023-01-03 16:58:31,,8,7
1278547420290487,722438039290487,2021,42,7,111,4914.0,2.0,2,MIVI,1,MIVI,20,2023-01-03 16:58:31,,8,7
1278547421290487,722438039290487,2021,42,7,111,4914.0,3.0,2,MIVI,1,MIVI,99,2023-01-03 16:58:31,,8,7
1278541621290487,722437992290487,2021,42,7,111,4888.0,2.0,1,BETH,1,BETH,20,2023-01-03 16:58:17,,8,7
1278541622290487,722437992290487,2021,42,7,111,4888.0,4.0,1,BETH,1,BETH,3,2023-01-03 16:58:17,,8,7
1278546559290487,722438532290487,2021,42,7,111,4239.0,2.0,2,ROPS,1,ROPS,25,2023-01-03 16:58:30,,8,7
1278541623290487,722437992290487,2021,42,7,111,4888.0,1.0,1,ROMU,1,ROMU,15,2023-01-03 16:58:17,,8,7
1278541624290487,722437992290487,2021,42,7,111,4888.0,2.0,1,ROMU,1,ROMU,10,2023-01-03 16:58:17,,8,7
1278541625290487,722437992290487,2021,42,7,111,4888.0,1.0,1,ROPS,1,ROPS,20,2023-01-03 16:58:17,,8,7
1278540636290487,722438411290487,2021,42,9,29,6010.0,3.0,1,CEOR7,1,CEOR7,1,2023-01-03 16:58:15,,8,7
1278540637290487,722438411290487,2021,42,9,29,6010.0,4.0,1,CEOR7,1,CEOR7,5,2023-01-03 16:58:15,,8,7
1278540638290487,722438411290487,2021,42,9,29,6010.0,2.0,1,LOJA,1,LOJA,5,2023-01-03 16:58:15,,8,7
1278540639290487,722438411290487,2021,42,9,29,6010.0,2.0,2,LOJA,1,LOJA,1,2023-01-03 16:58:15,,8,7
1278540640290487,722438411290487,2021,42,9,29,6010.0,3.0,1,LOJA,1,LOJA,25,2023-01-03 16:58:15,,8,7
1278540641290487,722438411290487,2021,42,9,29,6010.0,4.0,1,LOJA,1,LOJA,1,2023-01-03 16:58:15,,8,7
1278540642290487,722438411290487,2021,42,9,29,6010.0,3.0,1,LOMA6,1,LOMA6,25,2023-01-03 16:58:15,,8,7
1278540643290487,722438411290487,2021,42,9,29,6010.0,4.0,1,LOMA6,1,LOMA6,1,2023-01-03 16:58:15,,8,7
1278540644290487,722438411290487,2021,42,9,29,6010.0,1.0,1,MIVI,1,MIVI,1,2023-01-03 16:58:15,,8,7
1278540645290487,722438411290487,2021,42,9,29,6010.0,2.0,1,MIVI,1,MIVI,1,2023-01-03 16:58:15,,8,7
1278540646290487,722438411290487,2021,42,9,29,6010.0,2.0,2,MIVI,1,MIVI,1,2023-01-03 16:58:15,,8,7
1278540647290487,722438411290487,2021,42,9,29,6010.0,3.0,1,MIVI,1,MIVI,1,2023-01-03 16:58:15,,8,7
1278540648290487,722438411290487,2021,42,9,29,6010.0,4.0,1,MIVI,1,MIVI,1,2023-01-03 16:58:15,,8,7
1278540649290487,722438411290487,2021,42,9,29,6010.0,1.0,1,ROMU,1,ROMU,1,2023-01-03 16:58:15,,8,7
1278540650290487,722438411290487,2021,42,9,29,6010.0,2.0,1,ROMU,1,ROMU,20,2023-01-03 16:58:15,,8,7
1278540651290487,722438411290487,2021,42,9,29,6010.0,2.0,2,ROMU,1,ROMU,25,2023-01-03 16:58:15,,8,7
1278540652290487,722438411290487,2021,42,9,29,6010.0,3.0,1,ROMU,1,ROMU,1,2023-01-03 16:58:15,,8,7
1278540653290487,722438411290487,2021,42,9,29,6010.0,4.0,1,ROMU,1,ROMU,5,2023-01-03 16:58:15,,8,7
1278540818290487,722438419290487,2021,42,8,115,4593.0,2.0,2,MIVI,1,MIVI,1,2023-01-03 16:58:16,,8,7
1278540819290487,722438419290487,2021,42,8,115,4593.0,1.0,2,ROMU,1,ROMU,2,2023-01-03 16:58:16,,8,7
1278540820290487,722438419290487,2021,42,8,115,4593.0,2.0,2,ROMU,1,ROMU,1,2023-01-03 16:58:16,,8,7
1278540894290487,722438430290487,2021,42,8,15,3940.0,2.0,2,ALPE4,1,ALPE4,1,2023-01-03 16:58:16,,8,7
1278540895290487,722438430290487,2021,42,8,15,3940.0,2.0,2,CEOR7,1,CEOR7,3,2023-01-03 16:58:16,,8,7
1278540896290487,722438430290487,2021,42,8,15,3940.0,4.0,2,CEOR7,1,CEOR7,1,2023-01-03 16:58:16,,8,7
1278540897290487,722438430290487,2021,42,8,15,3940.0,2.0,2,LOMA6,1,LOMA6,1,2023-01-03 16:58:16,,8,7
1278540898290487,722438430290487,2021,42,8,15,3940.0,4.0,2,MIVI,1,MIVI,1,2023-01-03 16:58:16,,8,7
1278540899290487,722438430290487,2021,42,8,15,3940.0,2.0,2,RHCA3,1,RHCA3,1,2023-01-03 16:58:16,,8,7
1278540900290487,722438430290487,2021,42,8,15,3940.0,1.0,2,ROMU,1,ROMU,1,2023-01-03 16:58:16,,8,7
1278540901290487,722438430290487,2021,42,8,15,3940.0,2.0,2,ROMU,1,ROMU,7,2023-01-03 16:58:16,,8,7
1278540902290487,722438430290487,2021,42,8,15,3940.0,4.0,2,ROMU,1,ROMU,2,2023-01-03 16:58:16,,8,7
1278539381290487,722437901290487,2021,42,5,5,3766.0,1.0,1,ALPE4,1,ALPE4,2,2023-01-03 16:58:12,,8,7
1278539382290487,722437901290487,2021,42,5,5,3766.0,3.0,1,ALPE4,1,ALPE4,2,2023-01-03 16:58:12,,8,7
1278539383290487,722437901290487,2021,42,5,5,3766.0,4.0,1,ALPE4,1,ALPE4,1,2023-01-03 16:58:12,,8,7
1278539384290487,722437901290487,2021,42,5,5,3766.0,3.0,1,LIVU,1,LIVU,1,2023-01-03 16:58:12,,8,7
1278539385290487,722437901290487,2021,42,5,5,3766.0,1.0,1,LOMO2,1,LOMO2,1,2023-01-03 16:58:12,,8,7
1852489713290487,1287138064290487,2024,42,8,15,628.0,2.0,1,ROMU,1,ROMU,3,2025-05-07 07:37:22,,9,3
1852489714290487,1287138064290487,2024,42,8,15,628.0,3.0,1,ROMU,1,ROMU,70,2025-05-07 07:37:22,,9,3
1852489715290487,1287138064290487,2024,42,8,15,628.0,4.0,1,ROMU,1,ROMU,1,2025-05-07 07:37:22,,9,3
1852489716290487,1287138064290487,2024,42,8,15,628.0,3.0,1,ROPS,1,ROPS,5,2025-05-07 07:37:22,,9,3
1852491785290487,1287138242290487,2024,42,6,123,492.0,1.0,1,LONIC,1,LONIC,1,2025-05-07 07:37:28,,9,3
1852491786290487,1287138242290487,2024,42,6,123,492.0,3.0,1,LONIC,1,LONIC,1,2025-05-07 07:37:28,,9,3
1852491787290487,1287138242290487,2024,42,6,123,492.0,4.0,1,LONIC,1,LONIC,5,2025-05-07 07:37:28,,9,3
1852491788290487,1287138242290487,2024,42,6,123,492.0,1.0,1,ROMU,1,ROMU,10,2025-05-07 07:37:28,,9,3
1852491789290487,1287138242290487,2024,42,6,123,492.0,3.0,1,ROMU,1,ROMU,1,2025-05-07 07:37:28,,9,3
1852491790290487,1287138242290487,2024,42,6,123,492.0,4.0,1,ROMU,1,ROMU,20,2025-05-07 07:37:28,,9,3
1852491969290487,1287138244290487,2024,42,6,123,1361.0,4.0,1,MIVI,1,MIVI,5,2025-05-07 07:37:28,,9,3
1852492485290487,1287138472290487,2024,42,0,57,1174.0,3.0,2,BETH,1,BETH,2,2025-05-07 07:37:29,,9,3
1852492486290487,1287138472290487,2024,42,0,57,1174.0,3.0,2,CEOR7,1,CEOR7,2,2025-05-07 07:37:29,,9,3
1852492487290487,1287138472290487,2024,42,0,57,1174.0,3.0,2,LOMA6,1,LOMA6,3,2025-05-07 07:37:29,,9,3
1852492488290487,1287138472290487,2024,42,0,57,1174.0,3.0,2,LONIC,1,LONIC,5,2025-05-07 07:37:29,,9,3
1852492489290487,1287138472290487,2024,42,0,57,1174.0,3.0,2,MIVI,1,MIVI,15,2025-05-07 07:37:29,,9,3
1852492490290487,1287138472290487,2024,42,0,57,1174.0,3.0,2,ROMU,1,ROMU,35,2025-05-07 07:37:29,,9,3
1852486688290487,1287138031290487,2024,42,7,111,1732.0,2.0,1,MIVI,1,MIVI,15,2025-05-07 07:37:15,,9,3
1852486689290487,1287138031290487,2024,42,7,111,1732.0,4.0,1,MIVI,1,MIVI,25,2025-05-07 07:37:15,,9,3
1852486690290487,1287138031290487,2024,42,7,111,1732.0,2.0,1,POSA4,1,POSA4,5,2025-05-07 07:37:15,,9,3
1852486691290487,1287138031290487,2024,42,7,111,1732.0,4.0,1,POSA4,1,POSA4,3,2025-05-07 07:37:15,,9,3
1852486692290487,1287138031290487,2024,42,7,111,1732.0,3.0,1,ROPS,1,ROPS,15,2025-05-07 07:37:15,,9,3
1852486836290487,1287138056290487,2024,42,6,47,1613.0,1.0,1,RHCA3,1,RHCA3,1,2025-05-07 07:37:16,,9,3
1852486837290487,1287138056290487,2024,42,6,47,1613.0,2.0,1,RHCA3,1,RHCA3,1,2025-05-07 07:37:16,,9,3
1852486838290487,1287138056290487,2024,42,6,47,1613.0,3.0,1,RHCA3,1,RHCA3,1,2025-05-07 07:37:16,,9,3
1852492146290487,1287138365290487,2024,42,9,95,1273.0,1.0,1,ALPE4,1,ALPE4,22,2025-05-07 07:37:29,,9,3
1852492147290487,1287138365290487,2024,42,9,95,1273.0,2.0,1,ALPE4,1,ALPE4,2,2025-05-07 07:37:29,,9,3
1852492148290487,1287138365290487,2024,42,9,95,1273.0,3.0,1,ALPE4,1,ALPE4,3,2025-05-07 07:37:29,,9,3
1852492149290487,1287138365290487,2024,42,9,95,1273.0,4.0,1,ALPE4,1,ALPE4,5,2025-05-07 07:37:29,,9,3
1852492150290487,1287138365290487,2024,42,9,95,1273.0,2.0,1,BETH,1,BETH,1,2025-05-07 07:37:29,,9,3
1852492151290487,1287138365290487,2024,42,9,95,1273.0,3.0,1,BETH,1,BETH,1,2025-05-07 07:37:29,,9,3
1852492152290487,1287138365290487,2024,42,9,95,1273.0,4.0,1,BETH,1,BETH,1,2025-05-07 07:37:29,,9,3
1852492153290487,1287138365290487,2024,42,9,95,1273.0,1.0,1,CEOR7,1,CEOR7,1,2025-05-07 07:37:29,,9,3
1852492154290487,1287138365290487,2024,42,9,95,1273.0,2.0,1,CEOR7,1,CEOR7,1,2025-05-07 07:37:29,,9,3
1809196427290487,1192933879290487,2023,42,6,27,854.0,1.0,1,MIVI,1,MIVI,4,2025-03-11 11:02:13,,9,2
1852492155290487,1287138365290487,2024,42,9,95,1273.0,3.0,1,CEOR7,1,CEOR7,1,2025-05-07 07:37:29,,9,3
1852492156290487,1287138365290487,2024,42,9,95,1273.0,4.0,1,CEOR7,1,CEOR7,15,2025-05-07 07:37:29,,9,3
1852492157290487,1287138365290487,2024,42,9,95,1273.0,1.0,1,ELUM,1,ELUM,52,2025-05-07 07:37:29,,9,3
1852492158290487,1287138365290487,2024,42,9,95,1273.0,2.0,1,ELUM,1,ELUM,16,2025-05-07 07:37:29,,9,3
1852492159290487,1287138365290487,2024,42,9,95,1273.0,3.0,1,ELUM,1,ELUM,68,2025-05-07 07:37:29,,9,3
1852492160290487,1287138365290487,2024,42,9,95,1273.0,4.0,1,ELUM,1,ELUM,62,2025-05-07 07:37:29,,9,3
1852492161290487,1287138365290487,2024,42,9,95,1273.0,1.0,1,LIVU,1,LIVU,1,2025-05-07 07:37:29,,9,3
1958341701290487,1543502235290487,2025,42,8,25,2231.0,1.0,1,BETH,1,BETH,1,2026-04-29 15:40:17,,9,4
1958341702290487,1543502235290487,2025,42,8,25,2231.0,2.0,1,BETH,1,BETH,1,2026-04-29 15:40:17,,9,4
1958341703290487,1543502235290487,2025,42,8,25,2231.0,2.0,1,MIVI,1,MIVI,1,2026-04-29 15:40:17,,9,4
1958344952290487,1543502013290487,2025,42,8,69,2188.0,3.0,1,ALPE4,1,ALPE4,1,2026-04-29 15:40:24,,9,4
1958344953290487,1543502013290487,2025,42,8,69,2188.0,4.0,1,ALPE4,1,ALPE4,1,2026-04-29 15:40:24,,9,4
1958344954290487,1543502013290487,2025,42,8,69,2188.0,1.0,1,BETH,1,BETH,9,2026-04-29 15:40:24,,9,4
1958344955290487,1543502013290487,2025,42,8,69,2188.0,2.0,1,BETH,1,BETH,6,2026-04-29 15:40:24,,9,4
1958344956290487,1543502013290487,2025,42,8,69,2188.0,3.0,1,BETH,1,BETH,12,2026-04-29 15:40:24,,9,4
1958344957290487,1543502013290487,2025,42,8,69,2188.0,4.0,1,BETH,1,BETH,15,2026-04-29 15:40:24,,9,4
1958344958290487,1543502013290487,2025,42,8,69,2188.0,1.0,1,CEOR7,1,CEOR7,1,2026-04-29 15:40:24,,9,4
1958344959290487,1543502013290487,2025,42,8,69,2188.0,2.0,1,CEOR7,1,CEOR7,1,2026-04-29 15:40:24,,9,4
1958344960290487,1543502013290487,2025,42,8,69,2188.0,3.0,1,CEOR7,1,CEOR7,1,2026-04-29 15:40:24,,9,4
1958344961290487,1543502013290487,2025,42,8,69,2188.0,4.0,1,CEOR7,1,CEOR7,1,2026-04-29 15:40:24,,9,4
1958344962290487,1543502013290487,2025,42,8,69,2188.0,1.0,1,LOJA,1,LOJA,1,2026-04-29 15:40:24,,9,4
1958344963290487,1543502013290487,2025,42,8,69,2188.0,1.0,1,LONIC,1,LONIC,1,2026-04-29 15:40:24,,9,4
1958344964290487,1543502013290487,2025,42,8,69,2188.0,2.0,1,LONIC,1,LONIC,3,2026-04-29 15:40:24,,9,4
1958344965290487,1543502013290487,2025,42,8,69,2188.0,3.0,1,LONIC,1,LONIC,1,2026-04-29 15:40:24,,9,4
1958344966290487,1543502013290487,2025,42,8,69,2188.0,4.0,1,LONIC,1,LONIC,1,2026-04-29 15:40:24,,9,4
1958344967290487,1543502013290487,2025,42,8,69,2188.0,2.0,1,MIVI,1,MIVI,14,2026-04-29 15:40:24,,9,4
1958344968290487,1543502013290487,2025,42,8,69,2188.0,1.0,1,ROMU,1,ROMU,1,2026-04-29 15:40:24,,9,4
1958344969290487,1543502013290487,2025,42,8,69,2188.0,2.0,1,ROMU,1,ROMU,3,2026-04-29 15:40:24,,9,4
1958344970290487,1543502013290487,2025,42,8,69,2188.0,4.0,1,ROMU,1,ROMU,1,2026-04-29 15:40:24,,9,4
1809188836290487,1192933926290487,2023,42,8,89,487.0,2.0,1,LONIC,1,LONIC,35,2025-03-11 11:01:54,,9,2
1809188837290487,1192933926290487,2023,42,8,89,487.0,3.0,1,LONIC,1,LONIC,1,2025-03-11 11:01:54,,9,2
1809188838290487,1192933926290487,2023,42,8,89,487.0,4.0,1,LONIC,1,LONIC,50,2025-03-11 11:01:54,,9,2
1809188839290487,1192933926290487,2023,42,8,89,487.0,1.0,1,MIVI,1,MIVI,58,2025-03-11 11:01:54,,9,2
1809188840290487,1192933926290487,2023,42,8,89,487.0,3.0,1,MIVI,1,MIVI,2,2025-03-11 11:01:54,,9,2
1809188841290487,1192933926290487,2023,42,8,89,487.0,4.0,1,MIVI,1,MIVI,5,2025-03-11 11:01:54,,9,2
1809188842290487,1192933926290487,2023,42,8,89,487.0,1.0,1,ROMU,1,ROMU,1,2025-03-11 11:01:54,,9,2
1809188843290487,1192933926290487,2023,42,8,89,487.0,2.0,1,ROMU,1,ROMU,1,2025-03-11 11:01:54,,9,2
1809188844290487,1192933926290487,2023,42,8,89,487.0,3.0,1,ROMU,1,ROMU,2,2025-03-11 11:01:54,,9,2
1809188845290487,1192933926290487,2023,42,8,89,487.0,4.0,1,ROMU,1,ROMU,1,2025-03-11 11:01:54,,9,2
1809187489290487,1192933960290487,2023,42,9,75,731.0,3.0,1,AIAL,1,AIAL,4,2025-03-11 11:01:50,,9,2
1809187490290487,1192933960290487,2023,42,9,75,731.0,1.0,1,ALPE4,1,ALPE4,3,2025-03-11 11:01:50,,9,2
1809187491290487,1192933960290487,2023,42,9,75,731.0,2.0,1,ALPE4,1,ALPE4,6,2025-03-11 11:01:50,,9,2
1809187492290487,1192933960290487,2023,42,9,75,731.0,3.0,1,ALPE4,1,ALPE4,2,2025-03-11 11:01:50,,9,2
1809187493290487,1192933960290487,2023,42,9,75,731.0,4.0,1,ALPE4,1,ALPE4,1,2025-03-11 11:01:50,,9,2
1809187494290487,1192933960290487,2023,42,9,75,731.0,2.0,1,LIVU,1,LIVU,1,2025-03-11 11:01:50,,9,2
1809187495290487,1192933960290487,2023,42,9,75,731.0,4.0,1,LOJA,1,LOJA,5,2025-03-11 11:01:50,,9,2
1809187496290487,1192933960290487,2023,42,9,75,731.0,1.0,1,LOMA6,1,LOMA6,55,2025-03-11 11:01:50,,9,2
1809187497290487,1192933960290487,2023,42,9,75,731.0,2.0,1,LOMA6,1,LOMA6,35,2025-03-11 11:01:50,,9,2
1809187498290487,1192933960290487,2023,42,9,75,731.0,3.0,1,LOMA6,1,LOMA6,7,2025-03-11 11:01:50,,9,2
1809187499290487,1192933960290487,2023,42,9,75,731.0,4.0,1,LOMA6,1,LOMA6,45,2025-03-11 11:01:50,,9,2
1809187500290487,1192933960290487,2023,42,9,75,731.0,1.0,1,MIVI,1,MIVI,17,2025-03-11 11:01:50,,9,2
1809187501290487,1192933960290487,2023,42,9,75,731.0,2.0,1,MIVI,1,MIVI,5,2025-03-11 11:01:50,,9,2
1809187502290487,1192933960290487,2023,42,9,75,731.0,1.0,1,ROMU,1,ROMU,6,2025-03-11 11:01:50,,9,2
1809187503290487,1192933960290487,2023,42,9,75,731.0,2.0,1,ROMU,1,ROMU,7,2025-03-11 11:01:50,,9,2
1809187504290487,1192933960290487,2023,42,9,75,731.0,3.0,1,ROMU,1,ROMU,1,2025-03-11 11:01:50,,9,2
1809187505290487,1192933960290487,2023,42,9,75,731.0,4.0,1,ROMU,1,ROMU,30,2025-03-11 11:01:50,,9,2
1809187506290487,1192933960290487,2023,42,9,75,731.0,1.0,1,ROPS,1,ROPS,15,2025-03-11 11:01:50,,9,2
1809187507290487,1192933960290487,2023,42,9,75,731.0,2.0,1,ROPS,1,ROPS,20,2025-03-11 11:01:50,,9,2
1809187508290487,1192933960290487,2023,42,9,75,731.0,3.0,1,ROPS,1,ROPS,15,2025-03-11 11:01:50,,9,2
1809187509290487,1192933960290487,2023,42,9,75,731.0,4.0,1,ROPS,1,ROPS,20,2025-03-11 11:01:50,,9,2
1809195162290487,1192933615290487,2023,42,6,123,1220.0,3.0,1,ROMU,1,ROMU,1,2025-03-11 11:02:11,,9,2
1809195305290487,1192933637290487,2023,42,6,121,1024.0,4.0,1,BETH,1,BETH,1,2025-03-11 11:02:11,,9,2
1809195306290487,1192933637290487,2023,42,6,121,1024.0,2.0,1,ROMU,1,ROMU,1,2025-03-11 11:02:11,,9,2
1809195307290487,1192933637290487,2023,42,6,121,1024.0,4.0,1,ROMU,1,ROMU,1,2025-03-11 11:02:11,,9,2
1809197391290487,1192933827290487,2023,42,0,57,1244.0,3.0,1,ROPS,1,ROPS,1,2025-03-11 11:02:17,,9,2
1809197562290487,1192933845290487,2023,42,8,97,1563.0,3.0,1,ALPE4,1,ALPE4,1,2025-03-11 11:02:17,,9,2
1809197563290487,1192933845290487,2023,42,8,97,1563.0,1.0,1,CEOR7,1,CEOR7,1,2025-03-11 11:02:17,,9,2
1809197564290487,1192933845290487,2023,42,8,97,1563.0,3.0,1,CEOR7,1,CEOR7,1,2025-03-11 11:02:17,,9,2
1809197565290487,1192933845290487,2023,42,8,97,1563.0,4.0,1,CEOR7,1,CEOR7,12,2025-03-11 11:02:17,,9,2
1809197566290487,1192933845290487,2023,42,8,97,1563.0,3.0,1,MIVI,1,MIVI,1,2025-03-11 11:02:17,,9,2
1809197567290487,1192933845290487,2023,42,8,97,1563.0,4.0,1,MIVI,1,MIVI,1,2025-03-11 11:02:17,,9,2
1809197568290487,1192933845290487,2023,42,8,97,1563.0,2.0,1,ROMU,1,ROMU,1,2025-03-11 11:02:17,,9,2
1809197569290487,1192933845290487,2023,42,8,97,1563.0,3.0,1,ROMU,1,ROMU,1,2025-03-11 11:02:17,,9,2
1809197570290487,1192933845290487,2023,42,8,97,1563.0,4.0,1,ROMU,1,ROMU,3,2025-03-11 11:02:17,,9,2
1809193826290487,1192933765290487,2023,42,8,15,76.0,1.0,1,ROMU,1,ROMU,1,2025-03-11 11:02:08,,9,2
1809195493290487,1192933696290487,2023,42,6,33,1232.0,3.0,1,BETH,1,BETH,5,2025-03-11 11:02:12,,9,2
1809195494290487,1192933696290487,2023,42,6,33,1232.0,1.0,1,ELUM,1,ELUM,55,2025-03-11 11:02:12,,9,2
1809195495290487,1192933696290487,2023,42,6,33,1232.0,2.0,1,ELUM,1,ELUM,55,2025-03-11 11:02:12,,9,2
1809195496290487,1192933696290487,2023,42,6,33,1232.0,3.0,1,ELUM,1,ELUM,35,2025-03-11 11:02:12,,9,2
1809195497290487,1192933696290487,2023,42,6,33,1232.0,4.0,1,ELUM,1,ELUM,55,2025-03-11 11:02:12,,9,2
1809195498290487,1192933696290487,2023,42,6,33,1232.0,2.0,1,MIVI,1,MIVI,15,2025-03-11 11:02:12,,9,2
1809195499290487,1192933696290487,2023,42,6,33,1232.0,3.0,1,MIVI,1,MIVI,1,2025-03-11 11:02:12,,9,2
1809195500290487,1192933696290487,2023,42,6,33,1232.0,4.0,1,MIVI,1,MIVI,1,2025-03-11 11:02:12,,9,2
1809195501290487,1192933696290487,2023,42,6,33,1232.0,1.0,1,ROMU,1,ROMU,5,2025-03-11 11:02:12,,9,2
1809195502290487,1192933696290487,2023,42,6,33,1232.0,2.0,1,ROMU,1,ROMU,5,2025-03-11 11:02:12,,9,2
1809195503290487,1192933696290487,2023,42,6,33,1232.0,3.0,1,ROMU,1,ROMU,10,2025-03-11 11:02:12,,9,2
1809195504290487,1192933696290487,2023,42,6,33,1232.0,4.0,1,ROMU,1,ROMU,5,2025-03-11 11:02:12,,9,2
1809195505290487,1192933696290487,2023,42,6,33,1232.0,1.0,1,ROPS,1,ROPS,10,2025-03-11 11:02:12,,9,2
1809195506290487,1192933696290487,2023,42,6,33,1232.0,2.0,1,ROPS,1,ROPS,25,2025-03-11 11:02:12,,9,2
1809195507290487,1192933696290487,2023,42,6,33,1232.0,3.0,1,ROPS,1,ROPS,25,2025-03-11 11:02:12,,9,2
1809195508290487,1192933696290487,2023,42,6,33,1232.0,4.0,1,ROPS,1,ROPS,15,2025-03-11 11:02:12,,9,2
1278545629290487,722438056290487,2021,42,5,85,4414.0,2.0,1,LOMO2,1,LOMO2,1,2023-01-03 16:58:27,,8,7
1278545630290487,722438056290487,2021,42,5,85,4414.0,1.0,1,LYNU,1,LYNU,1,2023-01-03 16:58:27,,8,7
1278545631290487,722438056290487,2021,42,5,85,4414.0,2.0,1,LYNU,1,LYNU,1,2023-01-03 16:58:27,,8,7
1278545632290487,722438056290487,2021,42,5,85,4414.0,4.0,1,LYNU,1,LYNU,1,2023-01-03 16:58:27,,8,7
1278545633290487,722438056290487,2021,42,5,85,4414.0,1.0,1,ROMU,1,ROMU,20,2023-01-03 16:58:27,,8,7
1278545634290487,722438056290487,2021,42,5,85,4414.0,2.0,1,ROMU,1,ROMU,5,2023-01-03 16:58:27,,8,7
1278545635290487,722438056290487,2021,42,5,85,4414.0,3.0,1,ROMU,1,ROMU,5,2023-01-03 16:58:27,,8,7
1278545636290487,722438056290487,2021,42,5,85,4414.0,4.0,1,ROMU,1,ROMU,1,2023-01-03 16:58:27,,8,7
1536633021290487,816544609290487,2022,42,0,61,4885.0,2.0,2,ALPE4,1,ALPE4,5,2024-01-05 14:21:43,,8,8
1536633022290487,816544609290487,2022,42,0,61,4885.0,2.0,2,LONIC,1,LONIC,15,2024-01-05 14:21:43,,8,8
1536633023290487,816544609290487,2022,42,0,61,4885.0,2.0,2,ROMU,1,ROMU,1,2024-01-05 14:21:43,,8,8
1536633081290487,816544635290487,2022,42,0,61,6069.0,1.0,1,ALPE4,1,ALPE4,1,2024-01-05 14:21:43,,8,8
1536633082290487,816544635290487,2022,42,0,61,6069.0,2.0,1,ALPE4,1,ALPE4,3,2024-01-05 14:21:43,,8,8
1536633083290487,816544635290487,2022,42,0,61,6069.0,3.0,1,ALPE4,1,ALPE4,2,2024-01-05 14:21:43,,8,8
1536633084290487,816544635290487,2022,42,0,61,6069.0,4.0,1,ALPE4,1,ALPE4,1,2024-01-05 14:21:43,,8,8
1536633085290487,816544635290487,2022,42,0,61,6069.0,1.0,1,ELUM,1,ELUM,2,2024-01-05 14:21:43,,8,8
1536633086290487,816544635290487,2022,42,0,61,6069.0,2.0,1,ELUM,1,ELUM,1,2024-01-05 14:21:43,,8,8
1536633087290487,816544635290487,2022,42,0,61,6069.0,3.0,1,ELUM,1,ELUM,4,2024-01-05 14:21:43,,8,8
1536633088290487,816544635290487,2022,42,0,61,6069.0,4.0,1,ELUM,1,ELUM,1,2024-01-05 14:21:43,,8,8
1536633089290487,816544635290487,2022,42,0,61,6069.0,2.0,1,LOJA,1,LOJA,1,2024-01-05 14:21:43,,8,8
1536633090290487,816544635290487,2022,42,0,61,6069.0,3.0,1,LOJA,1,LOJA,1,2024-01-05 14:21:43,,8,8
1536633091290487,816544635290487,2022,42,0,61,6069.0,4.0,1,LOJA,1,LOJA,1,2024-01-05 14:21:43,,8,8
1278544961290487,722438507290487,2021,42,8,127,5103.0,4.0,1,ROMU,1,ROMU,1,2023-01-03 16:58:25,,8,7
1536633092290487,816544635290487,2022,42,0,61,6069.0,2.0,1,MIVI,1,MIVI,13,2024-01-05 14:21:43,,8,8
1536633093290487,816544635290487,2022,42,0,61,6069.0,2.0,1,ROMU,1,ROMU,1,2024-01-05 14:21:43,,8,8
1536633094290487,816544635290487,2022,42,0,61,6069.0,3.0,1,ROMU,1,ROMU,1,2024-01-05 14:21:43,,8,8
1536633095290487,816544635290487,2022,42,0,61,6069.0,2.0,1,ROPS,1,ROPS,1,2024-01-05 14:21:43,,8,8
1536633242290487,816544642290487,2022,42,9,71,4171.0,3.0,1,MIVI,1,MIVI,1,2024-01-05 14:21:44,,8,8
1536633385290487,816544667290487,2022,42,8,79,5218.0,2.0,2,ALPE4,1,ALPE4,1,2024-01-05 14:21:44,,8,8
1536633386290487,816544667290487,2022,42,8,79,5218.0,2.0,2,CEOR7,1,CEOR7,3,2024-01-05 14:21:44,,8,8
1536633387290487,816544667290487,2022,42,8,79,5218.0,3.0,3,CEOR7,1,CEOR7,1,2024-01-05 14:21:44,,8,8
1536633388290487,816544667290487,2022,42,8,79,5218.0,2.0,2,FRAL4,1,FRAL4,1,2024-01-05 14:21:44,,8,8
1536633389290487,816544667290487,2022,42,8,79,5218.0,3.0,3,FRAL4,1,FRAL4,1,2024-01-05 14:21:44,,8,8
1536633390290487,816544667290487,2022,42,8,79,5218.0,2.0,2,LOMO2,1,LOMO2,1,2024-01-05 14:21:44,,8,8
1536633391290487,816544667290487,2022,42,8,79,5218.0,2.0,2,MIVI,1,MIVI,1,2024-01-05 14:21:44,,8,8
1536633392290487,816544667290487,2022,42,8,79,5218.0,2.0,2,ROMU,1,ROMU,1,2024-01-05 14:21:44,,8,8
1536633393290487,816544667290487,2022,42,8,79,5218.0,3.0,3,ROMU,1,ROMU,1,2024-01-05 14:21:44,,8,8
1536633394290487,816544667290487,2022,42,8,79,5218.0,2.0,2,ROPS,1,ROPS,65,2024-01-05 14:21:44,,8,8
1536633395290487,816544667290487,2022,42,8,79,5218.0,3.0,3,ROPS,1,ROPS,7,2024-01-05 14:21:44,,8,8
1536641009290487,816544434290487,2022,42,7,21,3730.0,1.0,1,AIAL,1,AIAL,1,2024-01-05 14:22:09,,8,8
1536641010290487,816544434290487,2022,42,7,21,3730.0,2.0,1,ELUM,1,ELUM,1,2024-01-05 14:22:09,,8,8
1536641011290487,816544434290487,2022,42,7,21,3730.0,3.0,1,ELUM,1,ELUM,25,2024-01-05 14:22:09,,8,8
1809193114290487,1192933552290487,2023,42,5,7,1756.0,2.0,1,MIVI,1,MIVI,9,2025-03-11 11:02:06,,9,2
1809193115290487,1192933552290487,2023,42,5,7,1756.0,3.0,1,MIVI,1,MIVI,13,2025-03-11 11:02:06,,9,2
1809193116290487,1192933552290487,2023,42,5,7,1756.0,4.0,1,MIVI,1,MIVI,3,2025-03-11 11:02:06,,9,2
1809193117290487,1192933552290487,2023,42,5,7,1756.0,3.0,1,ROMU,1,ROMU,1,2025-03-11 11:02:06,,9,2
1809193118290487,1192933552290487,2023,42,5,7,1756.0,4.0,1,ROMU,1,ROMU,1,2025-03-11 11:02:06,,9,2
1809193297290487,1192933583290487,2023,42,5,85,1735.0,2.0,1,AIAL,1,AIAL,3,2025-03-11 11:02:07,,9,2
1809193298290487,1192933583290487,2023,42,5,85,1735.0,2.0,1,ALPE4,1,ALPE4,1,2025-03-11 11:02:07,,9,2
1809193299290487,1192933583290487,2023,42,5,85,1735.0,4.0,1,ALPE4,1,ALPE4,4,2025-03-11 11:02:07,,9,2
1809193300290487,1192933583290487,2023,42,5,85,1735.0,2.0,1,BETH,1,BETH,1,2025-03-11 11:02:07,,9,2
1809193301290487,1192933583290487,2023,42,5,85,1735.0,1.0,1,FRAL4,1,FRAL4,1,2025-03-11 11:02:07,,9,2
1809193302290487,1192933583290487,2023,42,5,85,1735.0,1.0,1,LOMO2,1,LOMO2,1,2025-03-11 11:02:07,,9,2
1809193303290487,1192933583290487,2023,42,5,85,1735.0,2.0,1,LOMO2,1,LOMO2,9,2025-03-11 11:02:07,,9,2
1809193304290487,1192933583290487,2023,42,5,85,1735.0,3.0,1,LOMO2,1,LOMO2,5,2025-03-11 11:02:07,,9,2
1809193305290487,1192933583290487,2023,42,5,85,1735.0,4.0,1,LOMO2,1,LOMO2,1,2025-03-11 11:02:07,,9,2
1809193306290487,1192933583290487,2023,42,5,85,1735.0,1.0,1,LYNU,1,LYNU,2,2025-03-11 11:02:07,,9,2
1809193307290487,1192933583290487,2023,42,5,85,1735.0,3.0,1,LYNU,1,LYNU,1,2025-03-11 11:02:07,,9,2
1809193308290487,1192933583290487,2023,42,5,85,1735.0,1.0,1,ROMU,1,ROMU,10,2025-03-11 11:02:07,,9,2
1809193309290487,1192933583290487,2023,42,5,85,1735.0,2.0,1,ROMU,1,ROMU,3,2025-03-11 11:02:07,,9,2
1809193310290487,1192933583290487,2023,42,5,85,1735.0,3.0,1,ROMU,1,ROMU,14,2025-03-11 11:02:07,,9,2
1809193311290487,1192933583290487,2023,42,5,85,1735.0,4.0,1,ROMU,1,ROMU,1,2025-03-11 11:02:07,,9,2
1809190189290487,1192933648290487,2023,42,7,111,1164.0,1.0,1,BETH,1,BETH,3,2025-03-11 11:01:58,,9,2
1809190190290487,1192933648290487,2023,42,7,111,1164.0,2.0,1,BETH,1,BETH,2,2025-03-11 11:01:58,,9,2
1809190191290487,1192933648290487,2023,42,7,111,1164.0,4.0,1,BETH,1,BETH,1,2025-03-11 11:01:58,,9,2
1809190192290487,1192933648290487,2023,42,7,111,1164.0,1.0,1,LOMO2,1,LOMO2,1,2025-03-11 11:01:58,,9,2
1809190193290487,1192933648290487,2023,42,7,111,1164.0,4.0,1,LOMO2,1,LOMO2,1,2025-03-11 11:01:58,,9,2
1809190194290487,1192933648290487,2023,42,7,111,1164.0,1.0,1,ROMU,1,ROMU,35,2025-03-11 11:01:58,,9,2
1809190195290487,1192933648290487,2023,42,7,111,1164.0,2.0,1,ROMU,1,ROMU,12,2025-03-11 11:01:58,,9,2
1809190196290487,1192933648290487,2023,42,7,111,1164.0,4.0,1,ROMU,1,ROMU,12,2025-03-11 11:01:58,,9,2
1809190197290487,1192933648290487,2023,42,7,111,1164.0,1.0,1,ROPS,1,ROPS,15,2025-03-11 11:01:58,,9,2
1809190198290487,1192933648290487,2023,42,7,111,1164.0,2.0,1,ROPS,1,ROPS,33,2025-03-11 11:01:58,,9,2
1809190309290487,1192933649290487,2023,42,6,47,1803.0,2.0,2,FRAL4,1,FRAL4,1,2025-03-11 11:01:58,,9,2
1809190310290487,1192933649290487,2023,42,6,47,1803.0,3.0,1,FRAL4,1,FRAL4,1,2025-03-11 11:01:58,,9,2
1809190311290487,1192933649290487,2023,42,6,47,1803.0,4.0,1,FRAL4,1,FRAL4,1,2025-03-11 11:01:58,,9,2
1809190657290487,1192933856290487,2023,42,8,131,687.0,1.0,1,ALPE4,1,ALPE4,1,2025-03-11 11:01:59,,9,2
1809190658290487,1192933856290487,2023,42,8,131,687.0,3.0,1,ALPE4,1,ALPE4,1,2025-03-11 11:01:59,,9,2
1809190659290487,1192933856290487,2023,42,8,131,687.0,1.0,1,BETH,1,BETH,1,2025-03-11 11:01:59,,9,2
1809190660290487,1192933856290487,2023,42,8,131,687.0,2.0,1,BETH,1,BETH,1,2025-03-11 11:01:59,,9,2
1809190661290487,1192933856290487,2023,42,8,131,687.0,3.0,1,BETH,1,BETH,1,2025-03-11 11:01:59,,9,2
1809190662290487,1192933856290487,2023,42,8,131,687.0,1.0,1,CEOR7,1,CEOR7,1,2025-03-11 11:01:59,,9,2
1809190663290487,1192933856290487,2023,42,8,131,687.0,2.0,1,CEOR7,1,CEOR7,1,2025-03-11 11:01:59,,9,2
1809190664290487,1192933856290487,2023,42,8,131,687.0,3.0,1,CEOR7,1,CEOR7,1,2025-03-11 11:01:59,,9,2
1809190665290487,1192933856290487,2023,42,8,131,687.0,4.0,1,CEOR7,1,CEOR7,1,2025-03-11 11:01:59,,9,2
1809190666290487,1192933856290487,2023,42,8,131,687.0,1.0,1,ELUM,1,ELUM,3,2025-03-11 11:01:59,,9,2
1809190667290487,1192933856290487,2023,42,8,131,687.0,2.0,1,ELUM,1,ELUM,3,2025-03-11 11:01:59,,9,2
1809190668290487,1192933856290487,2023,42,8,131,687.0,3.0,1,ELUM,1,ELUM,65,2025-03-11 11:01:59,,9,2
1809190669290487,1192933856290487,2023,42,8,131,687.0,4.0,1,ELUM,1,ELUM,1,2025-03-11 11:01:59,,9,2
1809190670290487,1192933856290487,2023,42,8,131,687.0,1.0,1,LOMO2,1,LOMO2,1,2025-03-11 11:01:59,,9,2
1809190671290487,1192933856290487,2023,42,8,131,687.0,2.0,1,LOMO2,1,LOMO2,1,2025-03-11 11:01:59,,9,2
1809190672290487,1192933856290487,2023,42,8,131,687.0,3.0,1,LOMO2,1,LOMO2,1,2025-03-11 11:01:59,,9,2
1809190673290487,1192933856290487,2023,42,8,131,687.0,4.0,1,LOMO2,1,LOMO2,1,2025-03-11 11:01:59,,9,2
1809190674290487,1192933856290487,2023,42,8,131,687.0,1.0,1,MIVI,1,MIVI,35,2025-03-11 11:01:59,,9,2
1809190675290487,1192933856290487,2023,42,8,131,687.0,2.0,1,MIVI,1,MIVI,4,2025-03-11 11:01:59,,9,2
1809190676290487,1192933856290487,2023,42,8,131,687.0,3.0,1,MIVI,1,MIVI,28,2025-03-11 11:01:59,,9,2
1809190677290487,1192933856290487,2023,42,8,131,687.0,4.0,1,MIVI,1,MIVI,3,2025-03-11 11:01:59,,9,2
1809190678290487,1192933856290487,2023,42,8,131,687.0,1.0,1,ROMU,1,ROMU,3,2025-03-11 11:01:59,,9,2
1809190679290487,1192933856290487,2023,42,8,131,687.0,2.0,1,ROMU,1,ROMU,1,2025-03-11 11:01:59,,9,2
1809190680290487,1192933856290487,2023,42,8,131,687.0,3.0,1,ROMU,1,ROMU,2,2025-03-11 11:01:59,,9,2
1809190681290487,1192933856290487,2023,42,8,131,687.0,4.0,1,ROMU,1,ROMU,1,2025-03-11 11:01:59,,9,2
1809190817290487,1192933857290487,2023,42,8,131,352.0,2.0,1,MIVI,1,MIVI,2,2025-03-11 11:01:59,,9,2
1809190818290487,1192933857290487,2023,42,8,131,352.0,2.0,1,ROMU,1,ROMU,1,2025-03-11 11:01:59,,9,2
1809193464290487,1192933650290487,2023,42,6,47,1823.0,2.0,1,FRAL4,1,FRAL4,1,2025-03-11 11:02:07,,9,2
1809193465290487,1192933650290487,2023,42,6,47,1823.0,3.0,1,FRAL4,1,FRAL4,2,2025-03-11 11:02:07,,9,2
1809191228290487,1192933336290487,2023,42,9,11,1.0,1.0,1,ALPE4,1,ALPE4,5,2025-03-11 11:02:00,,9,2
1809191229290487,1192933336290487,2023,42,9,11,1.0,2.0,1,ALPE4,1,ALPE4,2,2025-03-11 11:02:00,,9,2
1809191230290487,1192933336290487,2023,42,9,11,1.0,3.0,1,ALPE4,1,ALPE4,5,2025-03-11 11:02:00,,9,2
1809191231290487,1192933336290487,2023,42,9,11,1.0,4.0,1,ALPE4,1,ALPE4,1,2025-03-11 11:02:00,,9,2
1809191232290487,1192933336290487,2023,42,9,11,1.0,1.0,1,BETH,1,BETH,1,2025-03-11 11:02:00,,9,2
1809191233290487,1192933336290487,2023,42,9,11,1.0,2.0,1,BETH,1,BETH,2,2025-03-11 11:02:00,,9,2
1809191234290487,1192933336290487,2023,42,9,11,1.0,1.0,1,CEOR7,1,CEOR7,2,2025-03-11 11:02:00,,9,2
1809191235290487,1192933336290487,2023,42,9,11,1.0,2.0,1,CEOR7,1,CEOR7,2,2025-03-11 11:02:00,,9,2
1809191236290487,1192933336290487,2023,42,9,11,1.0,3.0,1,CEOR7,1,CEOR7,10,2025-03-11 11:02:00,,9,2
1809191237290487,1192933336290487,2023,42,9,11,1.0,4.0,1,CEOR7,1,CEOR7,6,2025-03-11 11:02:00,,9,2
1809191238290487,1192933336290487,2023,42,9,11,1.0,3.0,1,ELUM,1,ELUM,2,2025-03-11 11:02:00,,9,2
1809191239290487,1192933336290487,2023,42,9,11,1.0,1.0,1,LOJA,1,LOJA,3,2025-03-11 11:02:00,,9,2
1809191240290487,1192933336290487,2023,42,9,11,1.0,2.0,1,LOJA,1,LOJA,25,2025-03-11 11:02:00,,9,2
1809191241290487,1192933336290487,2023,42,9,11,1.0,3.0,1,LOJA,1,LOJA,40,2025-03-11 11:02:00,,9,2
1809191242290487,1192933336290487,2023,42,9,11,1.0,4.0,1,LOJA,1,LOJA,4,2025-03-11 11:02:00,,9,2
1809191243290487,1192933336290487,2023,42,9,11,1.0,1.0,1,MIVI,1,MIVI,75,2025-03-11 11:02:00,,9,2
1809191244290487,1192933336290487,2023,42,9,11,1.0,2.0,1,MIVI,1,MIVI,20,2025-03-11 11:02:00,,9,2
1809191245290487,1192933336290487,2023,42,9,11,1.0,3.0,1,MIVI,1,MIVI,1,2025-03-11 11:02:00,,9,2
1809191246290487,1192933336290487,2023,42,9,11,1.0,4.0,1,MIVI,1,MIVI,8,2025-03-11 11:02:00,,9,2
1809191247290487,1192933336290487,2023,42,9,11,1.0,1.0,1,ROMU,1,ROMU,18,2025-03-11 11:02:00,,9,2
1809191248290487,1192933336290487,2023,42,9,11,1.0,2.0,1,ROMU,1,ROMU,10,2025-03-11 11:02:00,,9,2
1809191249290487,1192933336290487,2023,42,9,11,1.0,3.0,1,ROMU,1,ROMU,1,2025-03-11 11:02:00,,9,2
1809191250290487,1192933336290487,2023,42,9,11,1.0,4.0,1,ROMU,1,ROMU,11,2025-03-11 11:02:00,,9,2
1852477316290487,1287138253290487,2024,42,5,19,536.0,4.0,1,ROMU,1,ROMU,1,2025-05-07 07:36:48,,9,3
1852477317290487,1287138253290487,2024,42,5,19,536.0,1.0,1,ROPS,1,ROPS,2,2025-05-07 07:36:48,,9,3
1852477318290487,1287138253290487,2024,42,5,19,536.0,2.0,1,ROPS,1,ROPS,2,2025-05-07 07:36:48,,9,3
1852477319290487,1287138253290487,2024,42,5,19,536.0,3.0,1,ROPS,1,ROPS,30,2025-05-07 07:36:48,,9,3
1852477320290487,1287138253290487,2024,42,5,19,536.0,4.0,1,ROPS,1,ROPS,5,2025-05-07 07:36:48,,9,3
1852477453290487,1287138269290487,2024,42,5,125,1916.0,4.0,3,AIAL,1,AIAL,60,2025-05-07 07:36:49,,9,3
1852477454290487,1287138269290487,2024,42,5,125,1916.0,4.0,3,ALPE4,1,ALPE4,60,2025-05-07 07:36:49,,9,3
1852477455290487,1287138269290487,2024,42,5,125,1916.0,4.0,3,CEOR7,1,CEOR7,25,2025-05-07 07:36:49,,9,3
1852477456290487,1287138269290487,2024,42,5,125,1916.0,4.0,3,LOJA,1,LOJA,1,2025-05-07 07:36:49,,9,3
1852477457290487,1287138269290487,2024,42,5,125,1916.0,4.0,3,ROMU,1,ROMU,20,2025-05-07 07:36:49,,9,3
1852477495290487,1287138276290487,2024,42,6,83,856.0,1.0,1,LOMO2,1,LOMO2,1,2025-05-07 07:36:49,,9,3
1852477496290487,1287138276290487,2024,42,6,83,856.0,4.0,1,LOMO2,1,LOMO2,1,2025-05-07 07:36:49,,9,3
1852477789290487,1287138334290487,2024,42,6,33,1034.0,2.0,1,MIVI,1,MIVI,1,2025-05-07 07:36:50,,9,3
1852477790290487,1287138334290487,2024,42,6,33,1034.0,3.0,1,MIVI,1,MIVI,1,2025-05-07 07:36:50,,9,3
1852477791290487,1287138334290487,2024,42,6,33,1034.0,2.0,1,ROMU,1,ROMU,1,2025-05-07 07:36:50,,9,3
1852479956290487,1287138588290487,2024,42,9,71,1416.0,4.0,2,CEOR7,1,CEOR7,1,2025-05-07 07:36:57,,9,3
1852479957290487,1287138588290487,2024,42,9,71,1416.0,1.0,2,HEHE,1,HEHE,1,2025-05-07 07:36:57,,9,3
1852479958290487,1287138588290487,2024,42,9,71,1416.0,4.0,2,LIVU,1,LIVU,1,2025-05-07 07:36:57,,9,3
1852479959290487,1287138588290487,2024,42,9,71,1416.0,1.0,2,LOJA,1,LOJA,1,2025-05-07 07:36:57,,9,3
1852479960290487,1287138588290487,2024,42,9,71,1416.0,2.0,2,LOJA,1,LOJA,1,2025-05-07 07:36:57,,9,3
1852479961290487,1287138588290487,2024,42,9,71,1416.0,3.0,2,LOJA,1,LOJA,1,2025-05-07 07:36:57,,9,3
1852479962290487,1287138588290487,2024,42,9,71,1416.0,4.0,2,LOJA,1,LOJA,5,2025-05-07 07:36:57,,9,3
1852479963290487,1287138588290487,2024,42,9,71,1416.0,1.0,2,LONIC,1,LONIC,1,2025-05-07 07:36:57,,9,3
1852479964290487,1287138588290487,2024,42,9,71,1416.0,2.0,2,LONIC,1,LONIC,2,2025-05-07 07:36:57,,9,3
1852479965290487,1287138588290487,2024,42,9,71,1416.0,3.0,2,LONIC,1,LONIC,2,2025-05-07 07:36:57,,9,3
1852479966290487,1287138588290487,2024,42,9,71,1416.0,4.0,2,LONIC,1,LONIC,1,2025-05-07 07:36:57,,9,3
1852479967290487,1287138588290487,2024,42,9,71,1416.0,2.0,2,MIVI,1,MIVI,2,2025-05-07 07:36:57,,9,3
1852479968290487,1287138588290487,2024,42,9,71,1416.0,3.0,2,MIVI,1,MIVI,5,2025-05-07 07:36:57,,9,3
1852479969290487,1287138588290487,2024,42,9,71,1416.0,4.0,2,MIVI,1,MIVI,10,2025-05-07 07:36:57,,9,3
1852479970290487,1287138588290487,2024,42,9,71,1416.0,1.0,2,ROMU,1,ROMU,1,2025-05-07 07:36:57,,9,3
1852479971290487,1287138588290487,2024,42,9,71,1416.0,2.0,2,ROMU,1,ROMU,1,2025-05-07 07:36:57,,9,3
1852479972290487,1287138588290487,2024,42,9,71,1416.0,3.0,2,ROMU,1,ROMU,1,2025-05-07 07:36:57,,9,3
1852479973290487,1287138588290487,2024,42,9,71,1416.0,4.0,2,ROMU,1,ROMU,1,2025-05-07 07:36:57,,9,3
1852479948290487,1287138588290487,2024,42,9,71,1416.0,1.0,2,AIAL,1,AIAL,1,2025-05-07 07:36:57,,9,3
1852479949290487,1287138588290487,2024,42,9,71,1416.0,1.0,2,ALPE4,1,ALPE4,1,2025-05-07 07:36:57,,9,3
1852479950290487,1287138588290487,2024,42,9,71,1416.0,2.0,2,ALPE4,1,ALPE4,5,2025-05-07 07:36:57,,9,3
1852479951290487,1287138588290487,2024,42,9,71,1416.0,3.0,2,ALPE4,1,ALPE4,2,2025-05-07 07:36:57,,9,3
1852479952290487,1287138588290487,2024,42,9,71,1416.0,4.0,2,ALPE4,1,ALPE4,2,2025-05-07 07:36:57,,9,3
1852479953290487,1287138588290487,2024,42,9,71,1416.0,1.0,2,CEOR7,1,CEOR7,1,2025-05-07 07:36:57,,9,3
1852479954290487,1287138588290487,2024,42,9,71,1416.0,2.0,2,CEOR7,1,CEOR7,1,2025-05-07 07:36:57,,9,3
1852479955290487,1287138588290487,2024,42,9,71,1416.0,3.0,2,CEOR7,1,CEOR7,1,2025-05-07 07:36:57,,9,3
1852481539290487,1287138301290487,2024,42,6,65,417.0,1.0,1,ALPE4,1,ALPE4,5,2025-05-07 07:37:01,,9,3
1852481540290487,1287138301290487,2024,42,6,65,417.0,2.0,1,ALPE4,1,ALPE4,2,2025-05-07 07:37:01,,9,3
1852481541290487,1287138301290487,2024,42,6,65,417.0,1.0,1,BETH,1,BETH,1,2025-05-07 07:37:01,,9,3
1852481542290487,1287138301290487,2024,42,6,65,417.0,2.0,1,BETH,1,BETH,1,2025-05-07 07:37:01,,9,3
1852481543290487,1287138301290487,2024,42,6,65,417.0,1.0,1,CEOR7,1,CEOR7,1,2025-05-07 07:37:01,,9,3
1852481544290487,1287138301290487,2024,42,6,65,417.0,2.0,1,CEOR7,1,CEOR7,1,2025-05-07 07:37:01,,9,3
1852481545290487,1287138301290487,2024,42,6,65,417.0,1.0,1,HEMA3,1,HEMA3,7,2025-05-07 07:37:01,,9,3
1852481546290487,1287138301290487,2024,42,6,65,417.0,2.0,1,HEMA3,1,HEMA3,20,2025-05-07 07:37:01,,9,3
1852481547290487,1287138301290487,2024,42,6,65,417.0,1.0,1,LIVU,1,LIVU,1,2025-05-07 07:37:01,,9,3
1852481548290487,1287138301290487,2024,42,6,65,417.0,2.0,1,LIVU,1,LIVU,1,2025-05-07 07:37:01,,9,3
1852481549290487,1287138301290487,2024,42,6,65,417.0,1.0,1,LOMO2,1,LOMO2,45,2025-05-07 07:37:01,,9,3
1852481550290487,1287138301290487,2024,42,6,65,417.0,2.0,1,LOMO2,1,LOMO2,23,2025-05-07 07:37:01,,9,3
1852481551290487,1287138301290487,2024,42,6,65,417.0,1.0,1,ROMU,1,ROMU,5,2025-05-07 07:37:01,,9,3
1852481552290487,1287138301290487,2024,42,6,65,417.0,2.0,1,ROMU,1,ROMU,5,2025-05-07 07:37:01,,9,3
1852477991290487,1287138473290487,2024,42,7,9,1546.0,2.0,2,BETH,1,BETH,3,2025-05-07 07:36:50,,9,3
1852477992290487,1287138473290487,2024,42,7,9,1546.0,2.0,2,CEOR7,1,CEOR7,2,2025-05-07 07:36:50,,9,3
1852477993290487,1287138473290487,2024,42,7,9,1546.0,4.0,1,CEOR7,1,CEOR7,1,2025-05-07 07:36:50,,9,3
1852477994290487,1287138473290487,2024,42,7,9,1546.0,1.0,1,ELUM,1,ELUM,12,2025-05-07 07:36:50,,9,3
1852477995290487,1287138473290487,2024,42,7,9,1546.0,2.0,2,MIVI,1,MIVI,1,2025-05-07 07:36:50,,9,3
1852477996290487,1287138473290487,2024,42,7,9,1546.0,4.0,3,MIVI,1,MIVI,1,2025-05-07 07:36:50,,9,3
1852477997290487,1287138473290487,2024,42,7,9,1546.0,2.0,2,ROMU,1,ROMU,1,2025-05-07 07:36:50,,9,3
1852477998290487,1287138473290487,2024,42,7,9,1546.0,4.0,3,ROMU,1,ROMU,1,2025-05-07 07:36:50,,9,3
1852480257290487,1287138681290487,2024,42,0,99,1719.0,3.0,1,MIVI,1,MIVI,15,2025-05-07 07:36:58,,9,3
1852480258290487,1287138681290487,2024,42,0,99,1719.0,4.0,1,MIVI,1,MIVI,1,2025-05-07 07:36:58,,9,3
1852480259290487,1287138681290487,2024,42,0,99,1719.0,4.0,1,ROPS,1,ROPS,1,2025-05-07 07:36:58,,9,3
1852480463290487,1287138042290487,2024,42,0,109,1113.0,2.0,1,CIVU,1,CIVU,1,2025-05-07 07:36:58,,9,3
1852481655290487,1287138376290487,2024,42,7,9,514.0,1.0,1,AIAL,1,AIAL,15,2025-05-07 07:37:02,,9,3
1852481656290487,1287138376290487,2024,42,7,9,514.0,1.0,1,BETH,1,BETH,30,2025-05-07 07:37:02,,9,3
1852481657290487,1287138376290487,2024,42,7,9,514.0,2.0,2,BETH,1,BETH,7,2025-05-07 07:37:02,,9,3
1852481658290487,1287138376290487,2024,42,7,9,514.0,3.0,1,BETH,1,BETH,10,2025-05-07 07:37:02,,9,3
1852481659290487,1287138376290487,2024,42,7,9,514.0,4.0,1,BETH,1,BETH,15,2025-05-07 07:37:02,,9,3
1852481660290487,1287138376290487,2024,42,7,9,514.0,4.0,2,BETH,1,BETH,1,2025-05-07 07:37:02,,9,3
1852481661290487,1287138376290487,2024,42,7,9,514.0,1.0,1,CEOR7,1,CEOR7,1,2025-05-07 07:37:02,,9,3
1852481662290487,1287138376290487,2024,42,7,9,514.0,2.0,2,CEOR7,1,CEOR7,1,2025-05-07 07:37:02,,9,3
1852481663290487,1287138376290487,2024,42,7,9,514.0,2.0,2,LOJA,1,LOJA,2,2025-05-07 07:37:02,,9,3
1852481664290487,1287138376290487,2024,42,7,9,514.0,1.0,1,ROMU,1,ROMU,15,2025-05-07 07:37:02,,9,3
1852481665290487,1287138376290487,2024,42,7,9,514.0,2.0,2,ROMU,1,ROMU,10,2025-05-07 07:37:02,,9,3
1852481666290487,1287138376290487,2024,42,7,9,514.0,3.0,1,ROMU,1,ROMU,5,2025-05-07 07:37:02,,9,3
1852482438290487,1287138631290487,2024,42,8,79,1704.0,1.0,1,ALPE4,1,ALPE4,1,2025-05-07 07:37:04,,9,3
1852482439290487,1287138631290487,2024,42,8,79,1704.0,2.0,1,ALPE4,1,ALPE4,5,2025-05-07 07:37:04,,9,3
1852482440290487,1287138631290487,2024,42,8,79,1704.0,3.0,1,ALPE4,1,ALPE4,3,2025-05-07 07:37:04,,9,3
1852482441290487,1287138631290487,2024,42,8,79,1704.0,4.0,1,ALPE4,1,ALPE4,1,2025-05-07 07:37:04,,9,3
1852482442290487,1287138631290487,2024,42,8,79,1704.0,1.0,1,BETH,1,BETH,4,2025-05-07 07:37:04,,9,3
1852482443290487,1287138631290487,2024,42,8,79,1704.0,3.0,1,BETH,1,BETH,1,2025-05-07 07:37:04,,9,3
1852482444290487,1287138631290487,2024,42,8,79,1704.0,4.0,1,BETH,1,BETH,1,2025-05-07 07:37:04,,9,3
1852482445290487,1287138631290487,2024,42,8,79,1704.0,1.0,1,ELUM,1,ELUM,1,2025-05-07 07:37:04,,9,3
1852482446290487,1287138631290487,2024,42,8,79,1704.0,2.0,1,HEMA3,1,HEMA3,1,2025-05-07 07:37:04,,9,3
1852482447290487,1287138631290487,2024,42,8,79,1704.0,3.0,1,HEMA3,1,HEMA3,2,2025-05-07 07:37:04,,9,3
1852482448290487,1287138631290487,2024,42,8,79,1704.0,4.0,1,HEMA3,1,HEMA3,1,2025-05-07 07:37:04,,9,3
1852482449290487,1287138631290487,2024,42,8,79,1704.0,1.0,1,LOMA6,1,LOMA6,8,2025-05-07 07:37:04,,9,3
1852482450290487,1287138631290487,2024,42,8,79,1704.0,3.0,1,LOMA6,1,LOMA6,1,2025-05-07 07:37:04,,9,3
1852482451290487,1287138631290487,2024,42,8,79,1704.0,4.0,1,LOMA6,1,LOMA6,1,2025-05-07 07:37:04,,9,3
1852482452290487,1287138631290487,2024,42,8,79,1704.0,3.0,1,MIVI,1,MIVI,70,2025-05-07 07:37:04,,9,3
1852482453290487,1287138631290487,2024,42,8,79,1704.0,4.0,1,MIVI,1,MIVI,2,2025-05-07 07:37:04,,9,3
1852482454290487,1287138631290487,2024,42,8,79,1704.0,1.0,1,ROMU,1,ROMU,15,2025-05-07 07:37:04,,9,3
1852482455290487,1287138631290487,2024,42,8,79,1704.0,2.0,1,ROMU,1,ROMU,7,2025-05-07 07:37:04,,9,3
1852482456290487,1287138631290487,2024,42,8,79,1704.0,3.0,1,ROMU,1,ROMU,4,2025-05-07 07:37:04,,9,3
1852482457290487,1287138631290487,2024,42,8,79,1704.0,4.0,1,ROMU,1,ROMU,4,2025-05-07 07:37:04,,9,3
1852482595290487,1287138644290487,2024,42,8,127,826.0,1.0,1,BETH,1,BETH,1,2025-05-07 07:37:04,,9,3
1958339229290487,1543501914290487,2025,42,6,31,2184.0,2.0,1,BETH,1,BETH,1,2026-04-29 15:40:11,,9,4
1958339230290487,1543501914290487,2025,42,6,31,2184.0,3.0,1,ELUM,1,ELUM,1,2026-04-29 15:40:11,,9,4
1958339231290487,1543501914290487,2025,42,6,31,2184.0,1.0,1,LOMO2,1,LOMO2,1,2026-04-29 15:40:11,,9,4
1958339232290487,1543501914290487,2025,42,6,31,2184.0,2.0,1,LOMO2,1,LOMO2,18,2026-04-29 15:40:11,,9,4
1958339233290487,1543501914290487,2025,42,6,31,2184.0,3.0,1,LOMO2,1,LOMO2,6,2026-04-29 15:40:11,,9,4
1958339234290487,1543501914290487,2025,42,6,31,2184.0,1.0,1,ROMU,1,ROMU,1,2026-04-29 15:40:11,,9,4
1958339235290487,1543501914290487,2025,42,6,31,2184.0,2.0,1,ROMU,1,ROMU,22,2026-04-29 15:40:11,,9,4
1958339236290487,1543501914290487,2025,42,6,31,2184.0,3.0,1,ROMU,1,ROMU,10,2026-04-29 15:40:11,,9,4
1958339359290487,1543501950290487,2025,42,7,13,2530.0,1.0,1,ACPL,1,ACPL,8,2026-04-29 15:40:11,,9,4
1958339360290487,1543501950290487,2025,42,7,13,2530.0,2.0,1,ACPL,1,ACPL,2,2026-04-29 15:40:11,,9,4
1958339361290487,1543501950290487,2025,42,7,13,2530.0,4.0,1,ACPL,1,ACPL,35,2026-04-29 15:40:11,,9,4
1958339362290487,1543501950290487,2025,42,7,13,2530.0,1.0,1,AIAL,1,AIAL,5,2026-04-29 15:40:11,,9,4
1958339363290487,1543501950290487,2025,42,7,13,2530.0,4.0,1,AIAL,1,AIAL,1,2026-04-29 15:40:11,,9,4
1958339364290487,1543501950290487,2025,42,7,13,2530.0,1.0,1,ALPE4,1,ALPE4,1,2026-04-29 15:40:12,,9,4
1958339365290487,1543501950290487,2025,42,7,13,2530.0,2.0,1,ALPE4,1,ALPE4,1,2026-04-29 15:40:12,,9,4
1958339366290487,1543501950290487,2025,42,7,13,2530.0,4.0,1,ALPE4,1,ALPE4,7,2026-04-29 15:40:12,,9,4
1958339367290487,1543501950290487,2025,42,7,13,2530.0,4.0,1,CIVU,1,CIVU,1,2026-04-29 15:40:12,,9,4
1958339368290487,1543501950290487,2025,42,7,13,2530.0,2.0,1,ELUM,1,ELUM,3,2026-04-29 15:40:12,,9,4
1958339369290487,1543501950290487,2025,42,7,13,2530.0,4.0,1,ELUM,1,ELUM,2,2026-04-29 15:40:12,,9,4
1958339370290487,1543501950290487,2025,42,7,13,2530.0,1.0,1,HEMA3,1,HEMA3,1,2026-04-29 15:40:12,,9,4
1958339371290487,1543501950290487,2025,42,7,13,2530.0,2.0,1,HEMA3,1,HEMA3,1,2026-04-29 15:40:12,,9,4
1958339372290487,1543501950290487,2025,42,7,13,2530.0,4.0,1,HEMA3,1,HEMA3,1,2026-04-29 15:40:12,,9,4
1958339373290487,1543501950290487,2025,42,7,13,2530.0,1.0,1,LIVU,1,LIVU,2,2026-04-29 15:40:12,,9,4
1958339374290487,1543501950290487,2025,42,7,13,2530.0,2.0,1,LIVU,1,LIVU,23,2026-04-29 15:40:12,,9,4
1958339375290487,1543501950290487,2025,42,7,13,2530.0,4.0,1,LIVU,1,LIVU,10,2026-04-29 15:40:12,,9,4
1958339376290487,1543501950290487,2025,42,7,13,2530.0,1.0,1,LOMA6,1,LOMA6,2,2026-04-29 15:40:12,,9,4
1958339377290487,1543501950290487,2025,42,7,13,2530.0,2.0,1,LOMA6,1,LOMA6,1,2026-04-29 15:40:12,,9,4
1958339378290487,1543501950290487,2025,42,7,13,2530.0,1.0,1,LOMO2,1,LOMO2,1,2026-04-29 15:40:12,,9,4
1958339379290487,1543501950290487,2025,42,7,13,2530.0,4.0,1,LOMO2,1,LOMO2,1,2026-04-29 15:40:12,,9,4
1958339380290487,1543501950290487,2025,42,7,13,2530.0,4.0,1,MIVI,1,MIVI,2,2026-04-29 15:40:12,,9,4
1852477315290487,1287138253290487,2024,42,5,19,536.0,2.0,1,ROMU,1,ROMU,6,2025-05-07 07:36:48,,9,3
1958339381290487,1543501950290487,2025,42,7,13,2530.0,1.0,1,RHCA3,1,RHCA3,15,2026-04-29 15:40:12,,9,4
1958339382290487,1543501950290487,2025,42,7,13,2530.0,2.0,1,RHCA3,1,RHCA3,9,2026-04-29 15:40:12,,9,4
1809195661290487,1192933727290487,2023,42,8,103,956.0,1.0,1,ALPE4,1,ALPE4,1,2025-03-11 11:02:12,,9,2
1809195662290487,1192933727290487,2023,42,8,103,956.0,1.0,1,BETH,1,BETH,1,2025-03-11 11:02:12,,9,2
1809195663290487,1192933727290487,2023,42,8,103,956.0,2.0,1,BETH,1,BETH,1,2025-03-11 11:02:12,,9,2
1809195664290487,1192933727290487,2023,42,8,103,956.0,3.0,1,BETH,1,BETH,1,2025-03-11 11:02:12,,9,2
1809195665290487,1192933727290487,2023,42,8,103,956.0,1.0,1,LOMA6,1,LOMA6,1,2025-03-11 11:02:12,,9,2
1809195666290487,1192933727290487,2023,42,8,103,956.0,1.0,1,LONIC,1,LONIC,1,2025-03-11 11:02:12,,9,2
1809195667290487,1192933727290487,2023,42,8,103,956.0,1.0,1,MIVI,1,MIVI,6,2025-03-11 11:02:12,,9,2
1809195668290487,1192933727290487,2023,42,8,103,956.0,2.0,1,MIVI,1,MIVI,3,2025-03-11 11:02:12,,9,2
1809195669290487,1192933727290487,2023,42,8,103,956.0,3.0,1,MIVI,1,MIVI,1,2025-03-11 11:02:12,,9,2
1809195670290487,1192933727290487,2023,42,8,103,956.0,1.0,1,ROMU,1,ROMU,1,2025-03-11 11:02:12,,9,2
1809195671290487,1192933727290487,2023,42,8,103,956.0,2.0,1,ROMU,1,ROMU,1,2025-03-11 11:02:12,,9,2
1809195672290487,1192933727290487,2023,42,8,103,956.0,3.0,1,ROMU,1,ROMU,1,2025-03-11 11:02:12,,9,2
1809197740290487,1192933862290487,2023,42,8,37,689.0,3.0,1,BETH,1,BETH,1,2025-03-11 11:02:17,,9,2
1809197887290487,1192933889290487,2023,42,0,61,273.0,4.0,1,MIVI,1,MIVI,1,2025-03-11 11:02:17,,9,2
1809195835290487,1192933804290487,2023,42,8,15,1429.0,1.0,1,BETH,1,BETH,1,2025-03-11 11:02:13,,9,2
1809195836290487,1192933804290487,2023,42,8,15,1429.0,3.0,1,BETH,1,BETH,1,2025-03-11 11:02:13,,9,2
1809195837290487,1192933804290487,2023,42,8,15,1429.0,1.0,1,CEOR7,1,CEOR7,1,2025-03-11 11:02:13,,9,2
1809195838290487,1192933804290487,2023,42,8,15,1429.0,3.0,1,CEOR7,1,CEOR7,35,2025-03-11 11:02:13,,9,2
1809195839290487,1192933804290487,2023,42,8,15,1429.0,1.0,1,ELUM,1,ELUM,5,2025-03-11 11:02:13,,9,2
1809195840290487,1192933804290487,2023,42,8,15,1429.0,2.0,1,ELUM,1,ELUM,2,2025-03-11 11:02:13,,9,2
1809195841290487,1192933804290487,2023,42,8,15,1429.0,3.0,1,ELUM,1,ELUM,2,2025-03-11 11:02:13,,9,2
1809195842290487,1192933804290487,2023,42,8,15,1429.0,4.0,1,ELUM,1,ELUM,4,2025-03-11 11:02:13,,9,2
1809195843290487,1192933804290487,2023,42,8,15,1429.0,3.0,1,MIVI,1,MIVI,1,2025-03-11 11:02:13,,9,2
1809195844290487,1192933804290487,2023,42,8,15,1429.0,4.0,1,MIVI,1,MIVI,1,2025-03-11 11:02:13,,9,2
1809195845290487,1192933804290487,2023,42,8,15,1429.0,1.0,1,ROMU,1,ROMU,1,2025-03-11 11:02:13,,9,2
1809195846290487,1192933804290487,2023,42,8,15,1429.0,2.0,1,ROMU,1,ROMU,1,2025-03-11 11:02:13,,9,2
1809195847290487,1192933804290487,2023,42,8,15,1429.0,3.0,1,ROMU,1,ROMU,1,2025-03-11 11:02:13,,9,2
1809195848290487,1192933804290487,2023,42,8,15,1429.0,4.0,1,ROMU,1,ROMU,1,2025-03-11 11:02:13,,9,2
1809196026290487,1192933820290487,2023,42,0,61,511.0,3.0,1,BETH,1,BETH,1,2025-03-11 11:02:13,,9,2
1809196027290487,1192933820290487,2023,42,0,61,511.0,1.0,1,LONIC,1,LONIC,1,2025-03-11 11:02:13,,9,2
1809196028290487,1192933820290487,2023,42,0,61,511.0,3.0,1,MIVI,1,MIVI,7,2025-03-11 11:02:13,,9,2
1809196029290487,1192933820290487,2023,42,0,61,511.0,1.0,1,ROMU,1,ROMU,1,2025-03-11 11:02:13,,9,2
1809196030290487,1192933820290487,2023,42,0,61,511.0,2.0,2,ROMU,1,ROMU,1,2025-03-11 11:02:13,,9,2
1809196031290487,1192933820290487,2023,42,0,61,511.0,3.0,1,ROMU,1,ROMU,1,2025-03-11 11:02:13,,9,2
1809196032290487,1192933820290487,2023,42,0,61,511.0,4.0,1,ROMU,1,ROMU,1,2025-03-11 11:02:13,,9,2
1809196193290487,1192933851290487,2023,42,8,131,911.0,1.0,1,ALPE4,1,ALPE4,1,2025-03-11 11:02:13,,9,2
1809196194290487,1192933851290487,2023,42,8,131,911.0,2.0,1,ALPE4,1,ALPE4,1,2025-03-11 11:02:13,,9,2
1809196195290487,1192933851290487,2023,42,8,131,911.0,3.0,1,ALPE4,1,ALPE4,1,2025-03-11 11:02:13,,9,2
1809196196290487,1192933851290487,2023,42,8,131,911.0,4.0,1,ALPE4,1,ALPE4,1,2025-03-11 11:02:13,,9,2
1809196197290487,1192933851290487,2023,42,8,131,911.0,1.0,1,BETH,1,BETH,2,2025-03-11 11:02:13,,9,2
1809196198290487,1192933851290487,2023,42,8,131,911.0,2.0,1,BETH,1,BETH,7,2025-03-11 11:02:13,,9,2
1809196199290487,1192933851290487,2023,42,8,131,911.0,3.0,1,BETH,1,BETH,9,2025-03-11 11:02:13,,9,2
1809196200290487,1192933851290487,2023,42,8,131,911.0,4.0,1,BETH,1,BETH,6,2025-03-11 11:02:13,,9,2
1809196201290487,1192933851290487,2023,42,8,131,911.0,4.0,2,BETH,1,BETH,1,2025-03-11 11:02:13,,9,2
1809196202290487,1192933851290487,2023,42,8,131,911.0,1.0,1,ELUM,1,ELUM,1,2025-03-11 11:02:13,,9,2
1809196203290487,1192933851290487,2023,42,8,131,911.0,2.0,1,ELUM,1,ELUM,5,2025-03-11 11:02:13,,9,2
1809196204290487,1192933851290487,2023,42,8,131,911.0,3.0,1,ELUM,1,ELUM,1,2025-03-11 11:02:13,,9,2
1809196205290487,1192933851290487,2023,42,8,131,911.0,4.0,1,ELUM,1,ELUM,3,2025-03-11 11:02:13,,9,2
1809196206290487,1192933851290487,2023,42,8,131,911.0,4.0,2,ELUM,1,ELUM,3,2025-03-11 11:02:13,,9,2
1809196207290487,1192933851290487,2023,42,8,131,911.0,4.0,1,LIVU,1,LIVU,1,2025-03-11 11:02:13,,9,2
1809196208290487,1192933851290487,2023,42,8,131,911.0,4.0,2,LIVU,1,LIVU,1,2025-03-11 11:02:13,,9,2
1809196209290487,1192933851290487,2023,42,8,131,911.0,2.0,1,LONIC,1,LONIC,7,2025-03-11 11:02:13,,9,2
1809196210290487,1192933851290487,2023,42,8,131,911.0,4.0,1,LONIC,1,LONIC,1,2025-03-11 11:02:13,,9,2
1809196211290487,1192933851290487,2023,42,8,131,911.0,4.0,2,LONIC,1,LONIC,3,2025-03-11 11:02:13,,9,2
1809196212290487,1192933851290487,2023,42,8,131,911.0,1.0,1,ROMU,1,ROMU,2,2025-03-11 11:02:13,,9,2
1809196213290487,1192933851290487,2023,42,8,131,911.0,2.0,1,ROMU,1,ROMU,15,2025-03-11 11:02:13,,9,2
1809196214290487,1192933851290487,2023,42,8,131,911.0,3.0,1,ROMU,1,ROMU,5,2025-03-11 11:02:13,,9,2
1958339384290487,1543501950290487,2025,42,7,13,2530.0,4.0,1,ROMU,1,ROMU,2,2026-04-29 15:40:12,,9,4
1958339768290487,1543502148290487,2025,42,8,131,2822.0,1.0,1,ALPE4,1,ALPE4,3,2026-04-29 15:40:12,,9,4
1958339769290487,1543502148290487,2025,42,8,131,2822.0,2.0,1,ALPE4,1,ALPE4,1,2026-04-29 15:40:12,,9,4
1958339770290487,1543502148290487,2025,42,8,131,2822.0,3.0,1,ALPE4,1,ALPE4,1,2026-04-29 15:40:12,,9,4
1958339771290487,1543502148290487,2025,42,8,131,2822.0,4.0,1,ALPE4,1,ALPE4,4,2026-04-29 15:40:12,,9,4
1958339772290487,1543502148290487,2025,42,8,131,2822.0,1.0,1,BETH,1,BETH,1,2026-04-29 15:40:12,,9,4
1958339773290487,1543502148290487,2025,42,8,131,2822.0,2.0,1,BETH,1,BETH,1,2026-04-29 15:40:12,,9,4
1958339774290487,1543502148290487,2025,42,8,131,2822.0,1.0,1,ELUM,1,ELUM,7,2026-04-29 15:40:12,,9,4
1958339775290487,1543502148290487,2025,42,8,131,2822.0,4.0,1,ELUM,1,ELUM,90,2026-04-29 15:40:12,,9,4
1958339776290487,1543502148290487,2025,42,8,131,2822.0,1.0,1,LONIC,1,LONIC,1,2026-04-29 15:40:12,,9,4
1958339777290487,1543502148290487,2025,42,8,131,2822.0,3.0,1,LONIC,1,LONIC,1,2026-04-29 15:40:12,,9,4
1958339778290487,1543502148290487,2025,42,8,131,2822.0,1.0,1,MIVI,1,MIVI,8,2026-04-29 15:40:12,,9,4
1958339779290487,1543502148290487,2025,42,8,131,2822.0,3.0,1,MIVI,1,MIVI,1,2026-04-29 15:40:12,,9,4
1958339780290487,1543502148290487,2025,42,8,131,2822.0,4.0,1,MIVI,1,MIVI,1,2026-04-29 15:40:12,,9,4
1958339781290487,1543502148290487,2025,42,8,131,2822.0,1.0,1,ROMU,1,ROMU,1,2026-04-29 15:40:12,,9,4
1958339782290487,1543502148290487,2025,42,8,131,2822.0,2.0,1,ROMU,1,ROMU,1,2026-04-29 15:40:12,,9,4
1958339783290487,1543502148290487,2025,42,8,131,2822.0,3.0,1,ROMU,1,ROMU,1,2026-04-29 15:40:12,,9,4
1958339784290487,1543502148290487,2025,42,8,131,2822.0,4.0,1,ROMU,1,ROMU,1,2026-04-29 15:40:12,,9,4
1958339946290487,1543502178290487,2025,42,0,61,1111.0,1.0,1,BETH,1,BETH,55,2026-04-29 15:40:13,,9,4
1958339947290487,1543502178290487,2025,42,0,61,1111.0,2.0,1,BETH,1,BETH,95,2026-04-29 15:40:13,,9,4
1958339948290487,1543502178290487,2025,42,0,61,1111.0,3.0,1,BETH,1,BETH,75,2026-04-29 15:40:13,,9,4
1958339949290487,1543502178290487,2025,42,0,61,1111.0,4.0,1,BETH,1,BETH,90,2026-04-29 15:40:13,,9,4
1958339950290487,1543502178290487,2025,42,0,61,1111.0,3.0,1,ELUM,1,ELUM,3,2026-04-29 15:40:13,,9,4
1958339951290487,1543502178290487,2025,42,0,61,1111.0,1.0,1,LOJA,1,LOJA,20,2026-04-29 15:40:13,,9,4
1958339952290487,1543502178290487,2025,42,0,61,1111.0,2.0,1,LOJA,1,LOJA,4,2026-04-29 15:40:13,,9,4
1958339953290487,1543502178290487,2025,42,0,61,1111.0,3.0,1,LOJA,1,LOJA,9,2026-04-29 15:40:13,,9,4
1958339954290487,1543502178290487,2025,42,0,61,1111.0,4.0,1,LOJA,1,LOJA,2,2026-04-29 15:40:13,,9,4
1958339955290487,1543502178290487,2025,42,0,61,1111.0,1.0,1,MIVI,1,MIVI,5,2026-04-29 15:40:13,,9,4
1958339956290487,1543502178290487,2025,42,0,61,1111.0,2.0,1,MIVI,1,MIVI,1,2026-04-29 15:40:13,,9,4
1958339957290487,1543502178290487,2025,42,0,61,1111.0,3.0,1,MIVI,1,MIVI,10,2026-04-29 15:40:13,,9,4
1958339958290487,1543502178290487,2025,42,0,61,1111.0,4.0,1,MIVI,1,MIVI,5,2026-04-29 15:40:13,,9,4
1958339959290487,1543502178290487,2025,42,0,61,1111.0,1.0,1,ROMU,1,ROMU,1,2026-04-29 15:40:13,,9,4
1958339960290487,1543502178290487,2025,42,0,61,1111.0,2.0,1,ROMU,1,ROMU,1,2026-04-29 15:40:13,,9,4
1958339961290487,1543502178290487,2025,42,0,61,1111.0,3.0,1,ROMU,1,ROMU,1,2026-04-29 15:40:13,,9,4
1958339962290487,1543502178290487,2025,42,0,61,1111.0,4.0,1,ROMU,1,ROMU,4,2026-04-29 15:40:13,,9,4
1958340189290487,1543502309290487,2025,42,0,119,2010.0,1.0,1,MIVI,1,MIVI,5,2026-04-29 15:40:13,,9,4
1958340190290487,1543502309290487,2025,42,0,119,2010.0,2.0,1,MIVI,1,MIVI,24,2026-04-29 15:40:13,,9,4
1958340191290487,1543502309290487,2025,42,0,119,2010.0,3.0,1,MIVI,1,MIVI,2,2026-04-29 15:40:13,,9,4
1958340516290487,1543501692290487,2025,42,9,1,2072.0,2.0,1,MIVI,1,MIVI,20,2026-04-29 15:40:14,,9,4
1958340517290487,1543501692290487,2025,42,9,1,2072.0,3.0,1,MIVI,1,MIVI,35,2026-04-29 15:40:14,,9,4
1958340518290487,1543501692290487,2025,42,9,1,2072.0,4.0,1,MIVI,1,MIVI,15,2026-04-29 15:40:14,,9,4
1958340678290487,1543501696290487,2025,42,8,127,1259.0,1.0,1,BETH,1,BETH,65,2026-04-29 15:40:14,,9,4
1958340679290487,1543501696290487,2025,42,8,127,1259.0,3.0,1,BETH,1,BETH,8,2026-04-29 15:40:14,,9,4
1958340680290487,1543501696290487,2025,42,8,127,1259.0,4.0,1,BETH,1,BETH,3,2026-04-29 15:40:14,,9,4
1958340681290487,1543501696290487,2025,42,8,127,1259.0,1.0,1,ROMU,1,ROMU,5,2026-04-29 15:40:14,,9,4
1958340809290487,1543501736290487,2025,42,5,59,2627.0,4.0,2,CEOR7,1,CEOR7,10,2026-04-29 15:40:14,,9,4
1958340810290487,1543501736290487,2025,42,5,59,2627.0,4.0,2,ELUM,1,ELUM,3,2026-04-29 15:40:14,,9,4
1958340811290487,1543501736290487,2025,42,5,59,2627.0,4.0,2,LOMA6,1,LOMA6,8,2026-04-29 15:40:14,,9,4
1958340812290487,1543501736290487,2025,42,5,59,2627.0,4.0,2,MIVI,1,MIVI,12,2026-04-29 15:40:14,,9,4
1958340813290487,1543501736290487,2025,42,5,59,2627.0,4.0,2,ROMU,1,ROMU,10,2026-04-29 15:40:14,,9,4
1958341101290487,1543502049290487,2025,42,0,99,1980.0,1.0,1,ALPE4,1,ALPE4,3,2026-04-29 15:40:16,,9,4
1958341102290487,1543502049290487,2025,42,0,99,1980.0,4.0,1,ALPE4,1,ALPE4,1,2026-04-29 15:40:16,,9,4
1958341103290487,1543502049290487,2025,42,0,99,1980.0,2.0,1,BETH,1,BETH,1,2026-04-29 15:40:16,,9,4
1958341104290487,1543502049290487,2025,42,0,99,1980.0,4.0,1,BETH,1,BETH,1,2026-04-29 15:40:16,,9,4
1958341105290487,1543502049290487,2025,42,0,99,1980.0,4.0,1,CEOR7,1,CEOR7,3,2026-04-29 15:40:16,,9,4
1958341106290487,1543502049290487,2025,42,0,99,1980.0,4.0,1,LOJA,1,LOJA,25,2026-04-29 15:40:16,,9,4
1958341107290487,1543502049290487,2025,42,0,99,1980.0,1.0,1,LOMA6,1,LOMA6,20,2026-04-29 15:40:16,,9,4
1958341108290487,1543502049290487,2025,42,0,99,1980.0,2.0,1,LOMA6,1,LOMA6,15,2026-04-29 15:40:16,,9,4
1958341109290487,1543502049290487,2025,42,0,99,1980.0,4.0,1,LOMA6,1,LOMA6,5,2026-04-29 15:40:16,,9,4
1958341110290487,1543502049290487,2025,42,0,99,1980.0,1.0,1,MIVI,1,MIVI,30,2026-04-29 15:40:16,,9,4
1958341111290487,1543502049290487,2025,42,0,99,1980.0,2.0,1,MIVI,1,MIVI,7,2026-04-29 15:40:16,,9,4
1958341112290487,1543502049290487,2025,42,0,99,1980.0,3.0,2,MIVI,1,MIVI,10,2026-04-29 15:40:16,,9,4
1958341113290487,1543502049290487,2025,42,0,99,1980.0,4.0,1,MIVI,1,MIVI,35,2026-04-29 15:40:16,,9,4
1958341114290487,1543502049290487,2025,42,0,99,1980.0,1.0,1,ROMU,1,ROMU,40,2026-04-29 15:40:16,,9,4
1958341115290487,1543502049290487,2025,42,0,99,1980.0,2.0,1,ROMU,1,ROMU,8,2026-04-29 15:40:16,,9,4
1958341116290487,1543502049290487,2025,42,0,99,1980.0,4.0,1,ROMU,1,ROMU,25,2026-04-29 15:40:16,,9,4
1958341257290487,1543502056290487,2025,42,8,15,1733.0,3.0,1,ALPE4,1,ALPE4,1,2026-04-29 15:40:16,,9,4
1958341258290487,1543502056290487,2025,42,8,15,1733.0,3.0,1,ROMU,1,ROMU,1,2026-04-29 15:40:16,,9,4
1958341419290487,1543502095290487,2025,42,6,81,2274.0,1.0,1,ALPE4,1,ALPE4,15,2026-04-29 15:40:16,,9,4
1958341420290487,1543502095290487,2025,42,6,81,2274.0,2.0,1,ALPE4,1,ALPE4,1,2026-04-29 15:40:16,,9,4
1958341421290487,1543502095290487,2025,42,6,81,2274.0,3.0,1,ALPE4,1,ALPE4,15,2026-04-29 15:40:16,,9,4
1958341422290487,1543502095290487,2025,42,6,81,2274.0,4.0,1,ALPE4,1,ALPE4,2,2026-04-29 15:40:16,,9,4
1809191251290487,1192933336290487,2023,42,9,11,1.0,1.0,1,ROPS,1,ROPS,15,2025-03-11 11:02:00,,9,2
1809191252290487,1192933336290487,2023,42,9,11,1.0,3.0,1,ROPS,1,ROPS,4,2025-03-11 11:02:00,,9,2
1809193652290487,1192933748290487,2023,42,6,117,1309.0,1.0,1,ALPE4,1,ALPE4,1,2025-03-11 11:02:07,,9,2
1809193653290487,1192933748290487,2023,42,6,117,1309.0,2.0,1,ALPE4,1,ALPE4,7,2025-03-11 11:02:07,,9,2
1809193654290487,1192933748290487,2023,42,6,117,1309.0,3.0,1,ALPE4,1,ALPE4,5,2025-03-11 11:02:07,,9,2
1809193655290487,1192933748290487,2023,42,6,117,1309.0,4.0,1,ALPE4,1,ALPE4,2,2025-03-11 11:02:07,,9,2
1809191546290487,1192933438290487,2023,42,6,53,241.0,3.0,1,MIVI,1,MIVI,4,2025-03-11 11:02:01,,9,2
1809191709290487,1192933457290487,2023,42,5,59,834.0,1.0,2,ALPE4,1,ALPE4,2,2025-03-11 11:02:01,,9,2
1809191710290487,1192933457290487,2023,42,5,59,834.0,4.0,2,ALPE4,1,ALPE4,3,2025-03-11 11:02:01,,9,2
1809191711290487,1192933457290487,2023,42,5,59,834.0,1.0,2,MIVI,1,MIVI,5,2025-03-11 11:02:01,,9,2
1809191712290487,1192933457290487,2023,42,5,59,834.0,1.0,2,ROMU,1,ROMU,2,2025-03-11 11:02:01,,9,2
1809191713290487,1192933457290487,2023,42,5,59,834.0,4.0,2,ROMU,1,ROMU,85,2025-03-11 11:02:01,,9,2
1809191714290487,1192933457290487,2023,42,5,59,834.0,4.0,2,ROPS,1,ROPS,4,2025-03-11 11:02:01,,9,2
1809191943290487,1192933540290487,2023,42,5,39,947.0,2.0,1,PHAR3,1,PHAR3,15,2025-03-11 11:02:02,,9,2
1809191944290487,1192933540290487,2023,42,5,39,947.0,2.0,1,ROMU,1,ROMU,17,2025-03-11 11:02:02,,9,2
1809191945290487,1192933540290487,2023,42,5,39,947.0,3.0,1,ROMU,1,ROMU,4,2025-03-11 11:02:02,,9,2
1809191946290487,1192933540290487,2023,42,5,39,947.0,4.0,1,ROMU,1,ROMU,1,2025-03-11 11:02:02,,9,2
1809194592290487,1192934033290487,2023,42,5,63,1253.0,3.0,2,BETH,1,BETH,10,2025-03-11 11:02:09,,9,2
1809194593290487,1192934033290487,2023,42,5,63,1253.0,3.0,2,MIVI,1,MIVI,33,2025-03-11 11:02:09,,9,2
1809194594290487,1192934033290487,2023,42,5,63,1253.0,3.0,2,ROMU,1,ROMU,35,2025-03-11 11:02:09,,9,2
1809193113290487,1192933552290487,2023,42,5,7,1756.0,1.0,1,MIVI,1,MIVI,7,2025-03-11 11:02:06,,9,2
1809196958290487,1192933349290487,2023,42,5,3,425.0,3.0,3,ACPL,1,ACPL,15,2025-03-11 11:02:15,,9,2
1809196959290487,1192933349290487,2023,42,5,3,425.0,1.0,1,ALPE4,1,ALPE4,15,2025-03-11 11:02:15,,9,2
1809196960290487,1192933349290487,2023,42,5,3,425.0,3.0,3,ALPE4,1,ALPE4,1,2025-03-11 11:02:15,,9,2
1809196961290487,1192933349290487,2023,42,5,3,425.0,1.0,1,CEOR7,1,CEOR7,50,2025-03-11 11:02:15,,9,2
1809196962290487,1192933349290487,2023,42,5,3,425.0,3.0,3,CEOR7,1,CEOR7,40,2025-03-11 11:02:15,,9,2
1809196963290487,1192933349290487,2023,42,5,3,425.0,1.0,1,ELUM,1,ELUM,40,2025-03-11 11:02:15,,9,2
1809196964290487,1192933349290487,2023,42,5,3,425.0,3.0,3,ELUM,1,ELUM,12,2025-03-11 11:02:15,,9,2
1809196965290487,1192933349290487,2023,42,5,3,425.0,1.0,1,LIVU,1,LIVU,3,2025-03-11 11:02:15,,9,2
1809196966290487,1192933349290487,2023,42,5,3,425.0,3.0,3,LIVU,1,LIVU,20,2025-03-11 11:02:15,,9,2
1809196967290487,1192933349290487,2023,42,5,3,425.0,1.0,1,LOJA,1,LOJA,1,2025-03-11 11:02:15,,9,2
1809196968290487,1192933349290487,2023,42,5,3,425.0,3.0,3,LOJA,1,LOJA,3,2025-03-11 11:02:15,,9,2
1809196969290487,1192933349290487,2023,42,5,3,425.0,1.0,1,LOMO2,1,LOMO2,1,2025-03-11 11:02:15,,9,2
1809196970290487,1192933349290487,2023,42,5,3,425.0,3.0,3,LOMO2,1,LOMO2,12,2025-03-11 11:02:15,,9,2
1809196971290487,1192933349290487,2023,42,5,3,425.0,1.0,1,MIVI,1,MIVI,1,2025-03-11 11:02:15,,9,2
1809196972290487,1192933349290487,2023,42,5,3,425.0,1.0,1,ROMU,1,ROMU,15,2025-03-11 11:02:15,,9,2
1809196973290487,1192933349290487,2023,42,5,3,425.0,3.0,3,ROMU,1,ROMU,10,2025-03-11 11:02:15,,9,2
1809197058290487,1192933421290487,2023,42,5,19,948.0,2.0,2,BETH,1,BETH,8,2025-03-11 11:02:15,,9,2
1809197059290487,1192933421290487,2023,42,5,19,948.0,2.0,2,RHCA3,1,RHCA3,1,2025-03-11 11:02:15,,9,2
1809197060290487,1192933421290487,2023,42,5,19,948.0,2.0,2,ROMU,1,ROMU,10,2025-03-11 11:02:15,,9,2
1809196428290487,1192933879290487,2023,42,6,27,854.0,2.0,1,MIVI,1,MIVI,9,2025-03-11 11:02:13,,9,2
1809196429290487,1192933879290487,2023,42,6,27,854.0,3.0,1,MIVI,1,MIVI,11,2025-03-11 11:02:13,,9,2
1809196430290487,1192933879290487,2023,42,6,27,854.0,4.0,1,MIVI,1,MIVI,70,2025-03-11 11:02:13,,9,2
1809196590290487,1192933935290487,2023,42,9,71,221.0,2.0,2,ALPE4,1,ALPE4,35,2025-03-11 11:02:14,,9,2
1809196591290487,1192933935290487,2023,42,9,71,221.0,2.0,2,CEOR7,1,CEOR7,1,2025-03-11 11:02:14,,9,2
1809196592290487,1192933935290487,2023,42,9,71,221.0,2.0,2,LOJA,1,LOJA,80,2025-03-11 11:02:14,,9,2
1809196593290487,1192933935290487,2023,42,9,71,221.0,2.0,2,LOMA6,1,LOMA6,2,2025-03-11 11:02:14,,9,2
1809196594290487,1192933935290487,2023,42,9,71,221.0,2.0,2,ROMU,1,ROMU,55,2025-03-11 11:02:14,,9,2
1809196595290487,1192933935290487,2023,42,9,71,221.0,2.0,2,ROPS,1,ROPS,60,2025-03-11 11:02:14,,9,2
1809194037290487,1192933892290487,2023,42,9,75,1846.0,3.0,1,BETH,1,BETH,1,2025-03-11 11:02:08,,9,2
1809194038290487,1192933892290487,2023,42,9,75,1846.0,2.0,1,MIVI,1,MIVI,1,2025-03-11 11:02:08,,9,2
1809194039290487,1192933892290487,2023,42,9,75,1846.0,3.0,1,MIVI,1,MIVI,35,2025-03-11 11:02:08,,9,2
1809194040290487,1192933892290487,2023,42,9,75,1846.0,4.0,1,MIVI,1,MIVI,4,2025-03-11 11:02:08,,9,2
1809194041290487,1192933892290487,2023,42,9,75,1846.0,2.0,1,ROMU,1,ROMU,1,2025-03-11 11:02:08,,9,2
1809194042290487,1192933892290487,2023,42,9,75,1846.0,3.0,1,ROMU,1,ROMU,2,2025-03-11 11:02:08,,9,2
1809194247290487,1192933923290487,2023,42,8,89,1246.0,4.0,1,BETH,1,BETH,1,2025-03-11 11:02:09,,9,2
1809196822290487,1192934039290487,2023,42,5,73,78.0,3.0,2,ROMU,1,ROMU,1,2025-03-11 11:02:14,,9,2
1809198132290487,1192934032290487,2023,42,6,65,1585.0,1.0,1,MIVI,1,MIVI,1,2025-03-11 11:02:18,,9,2
1809198133290487,1192934032290487,2023,42,6,65,1585.0,3.0,1,MIVI,1,MIVI,1,2025-03-11 11:02:18,,9,2
1809198134290487,1192934032290487,2023,42,6,65,1585.0,3.0,1,ROMU,1,ROMU,1,2025-03-11 11:02:18,,9,2
1809198135290487,1192934032290487,2023,42,6,65,1585.0,3.0,2,ROMU,1,ROMU,15,2025-03-11 11:02:18,,9,2
1809198124290487,1192934032290487,2023,42,6,65,1585.0,3.0,2,BETH,1,BETH,1,2025-03-11 11:02:18,,9,2
1809198125290487,1192934032290487,2023,42,6,65,1585.0,3.0,2,CEOR7,1,CEOR7,1,2025-03-11 11:02:18,,9,2
1809198126290487,1192934032290487,2023,42,6,65,1585.0,3.0,2,ELUM,1,ELUM,3,2025-03-11 11:02:18,,9,2
1809198127290487,1192934032290487,2023,42,6,65,1585.0,2.0,1,LOMO2,1,LOMO2,1,2025-03-11 11:02:18,,9,2
1809198128290487,1192934032290487,2023,42,6,65,1585.0,3.0,1,LOMO2,1,LOMO2,1,2025-03-11 11:02:18,,9,2
1809198129290487,1192934032290487,2023,42,6,65,1585.0,3.0,2,LOMO2,1,LOMO2,1,2025-03-11 11:02:18,,9,2
1809198130290487,1192934032290487,2023,42,6,65,1585.0,4.0,1,LOMO2,1,LOMO2,1,2025-03-11 11:02:18,,9,2
1809198131290487,1192934032290487,2023,42,6,65,1585.0,4.0,1,LYNU,1,LYNU,1,2025-03-11 11:02:18,,9,2
1852483570290487,1287138427290487,2024,42,8,115,1653.0,1.0,1,BETH,1,BETH,1,2025-05-07 07:37:07,,9,3
1852483571290487,1287138427290487,2024,42,8,115,1653.0,2.0,1,BETH,1,BETH,1,2025-05-07 07:37:07,,9,3
1852483572290487,1287138427290487,2024,42,8,115,1653.0,3.0,1,BETH,1,BETH,1,2025-05-07 07:37:07,,9,3
1852483573290487,1287138427290487,2024,42,8,115,1653.0,4.0,1,BETH,1,BETH,2,2025-05-07 07:37:07,,9,3
1852483574290487,1287138427290487,2024,42,8,115,1653.0,3.0,1,CEOR7,1,CEOR7,1,2025-05-07 07:37:07,,9,3
1852483575290487,1287138427290487,2024,42,8,115,1653.0,3.0,1,ELUM,1,ELUM,1,2025-05-07 07:37:07,,9,3
1852483576290487,1287138427290487,2024,42,8,115,1653.0,4.0,1,ELUM,1,ELUM,1,2025-05-07 07:37:07,,9,3
1852483577290487,1287138427290487,2024,42,8,115,1653.0,4.0,1,LOMA6,1,LOMA6,1,2025-05-07 07:37:07,,9,3
1852483578290487,1287138427290487,2024,42,8,115,1653.0,4.0,1,LONIC,1,LONIC,1,2025-05-07 07:37:07,,9,3
1852483579290487,1287138427290487,2024,42,8,115,1653.0,1.0,1,MIVI,1,MIVI,1,2025-05-07 07:37:07,,9,3
1852483580290487,1287138427290487,2024,42,8,115,1653.0,3.0,1,MIVI,1,MIVI,1,2025-05-07 07:37:07,,9,3
1852483581290487,1287138427290487,2024,42,8,115,1653.0,1.0,1,ROMU,1,ROMU,1,2025-05-07 07:37:07,,9,3
1852483582290487,1287138427290487,2024,42,8,115,1653.0,4.0,1,ROMU,1,ROMU,1,2025-05-07 07:37:07,,9,3
1852483724290487,1287138437290487,2024,42,8,15,534.0,1.0,1,ALPE4,1,ALPE4,1,2025-05-07 07:37:07,,9,3
1852483725290487,1287138437290487,2024,42,8,15,534.0,3.0,1,ALPE4,1,ALPE4,1,2025-05-07 07:37:07,,9,3
1852483726290487,1287138437290487,2024,42,8,15,534.0,4.0,1,ALPE4,1,ALPE4,3,2025-05-07 07:37:07,,9,3
1852483727290487,1287138437290487,2024,42,8,15,534.0,1.0,1,LOMA6,1,LOMA6,1,2025-05-07 07:37:07,,9,3
1852483728290487,1287138437290487,2024,42,8,15,534.0,3.0,1,ROMU,1,ROMU,2,2025-05-07 07:37:07,,9,3
1852483729290487,1287138437290487,2024,42,8,15,534.0,4.0,1,ROMU,1,ROMU,3,2025-05-07 07:37:07,,9,3
1852483905290487,1287138447290487,2024,42,6,113,1186.0,1.0,1,BETH,1,BETH,25,2025-05-07 07:37:08,,9,3
1852483906290487,1287138447290487,2024,42,6,113,1186.0,2.0,1,BETH,1,BETH,4,2025-05-07 07:37:08,,9,3
1852483907290487,1287138447290487,2024,42,6,113,1186.0,3.0,1,BETH,1,BETH,1,2025-05-07 07:37:08,,9,3
1852483908290487,1287138447290487,2024,42,6,113,1186.0,4.0,1,BETH,1,BETH,1,2025-05-07 07:37:08,,9,3
1852483909290487,1287138447290487,2024,42,6,113,1186.0,2.0,1,LONIC,1,LONIC,1,2025-05-07 07:37:08,,9,3
1852483910290487,1287138447290487,2024,42,6,113,1186.0,1.0,1,MIVI,1,MIVI,10,2025-05-07 07:37:08,,9,3
1852483911290487,1287138447290487,2024,42,6,113,1186.0,2.0,1,MIVI,1,MIVI,18,2025-05-07 07:37:08,,9,3
1852483912290487,1287138447290487,2024,42,6,113,1186.0,3.0,1,MIVI,1,MIVI,20,2025-05-07 07:37:08,,9,3
1852483913290487,1287138447290487,2024,42,6,113,1186.0,4.0,1,MIVI,1,MIVI,16,2025-05-07 07:37:08,,9,3
1852486307290487,1287138568290487,2024,42,8,89,202.0,3.0,1,ROMU,1,ROMU,1,2025-05-07 07:37:14,,9,3
1852484079290487,1287138449290487,2024,42,6,81,393.0,4.0,1,BETH,1,BETH,1,2025-05-07 07:37:08,,9,3
1852484229290487,1287138482290487,2024,42,6,117,270.0,3.0,1,ALPE4,1,ALPE4,1,2025-05-07 07:37:08,,9,3
1852484230290487,1287138482290487,2024,42,6,117,270.0,3.0,1,BETH,1,BETH,1,2025-05-07 07:37:08,,9,3
1852489382290487,1287138693290487,2024,42,5,5,413.0,2.0,2,LOMO2,1,LOMO2,1,2025-05-07 07:37:21,,9,3
1852489383290487,1287138693290487,2024,42,5,5,413.0,2.0,2,ROMU,1,ROMU,1,2025-05-07 07:37:21,,9,3
1852489384290487,1287138693290487,2024,42,5,5,413.0,2.0,2,ROPS,1,ROPS,15,2025-05-07 07:37:21,,9,3
1852489420290487,1287138696290487,2024,42,5,19,455.0,3.0,2,ROMU,1,ROMU,1,2025-05-07 07:37:22,,9,3
1852484435290487,1287138552290487,2024,42,9,11,1270.0,3.0,2,ALPE4,1,ALPE4,10,2025-05-07 07:37:09,,9,3
1852484436290487,1287138552290487,2024,42,9,11,1270.0,4.0,2,ALPE4,1,ALPE4,2,2025-05-07 07:37:09,,9,3
1852484437290487,1287138552290487,2024,42,9,11,1270.0,3.0,2,BETH,1,BETH,2,2025-05-07 07:37:09,,9,3
1852484438290487,1287138552290487,2024,42,9,11,1270.0,4.0,2,BETH,1,BETH,3,2025-05-07 07:37:09,,9,3
1852484439290487,1287138552290487,2024,42,9,11,1270.0,3.0,2,CEOR7,1,CEOR7,5,2025-05-07 07:37:09,,9,3
1852484440290487,1287138552290487,2024,42,9,11,1270.0,4.0,2,CEOR7,1,CEOR7,5,2025-05-07 07:37:09,,9,3
1852484441290487,1287138552290487,2024,42,9,11,1270.0,3.0,2,ELUM,1,ELUM,30,2025-05-07 07:37:09,,9,3
1852484442290487,1287138552290487,2024,42,9,11,1270.0,3.0,2,LOJA,1,LOJA,25,2025-05-07 07:37:09,,9,3
1852484443290487,1287138552290487,2024,42,9,11,1270.0,4.0,2,LOJA,1,LOJA,60,2025-05-07 07:37:09,,9,3
1852484444290487,1287138552290487,2024,42,9,11,1270.0,4.0,2,LOMO2,1,LOMO2,5,2025-05-07 07:37:09,,9,3
1852484445290487,1287138552290487,2024,42,9,11,1270.0,4.0,2,MIVI,1,MIVI,3,2025-05-07 07:37:09,,9,3
1852484446290487,1287138552290487,2024,42,9,11,1270.0,3.0,2,ROMU,1,ROMU,45,2025-05-07 07:37:09,,9,3
1852484447290487,1287138552290487,2024,42,9,11,1270.0,4.0,2,ROMU,1,ROMU,60,2025-05-07 07:37:09,,9,3
1852484690290487,1287138652290487,2024,42,0,109,747.0,2.0,2,ALPE4,1,ALPE4,1,2025-05-07 07:37:10,,9,3
1852484691290487,1287138652290487,2024,42,0,109,747.0,2.0,2,LOMA6,1,LOMA6,95,2025-05-07 07:37:10,,9,3
1852484692290487,1287138652290487,2024,42,0,109,747.0,2.0,2,ROMU,1,ROMU,5,2025-05-07 07:37:10,,9,3
1852489706290487,1287138064290487,2024,42,8,15,628.0,1.0,1,ALPE4,1,ALPE4,1,2025-05-07 07:37:22,,9,3
1852489707290487,1287138064290487,2024,42,8,15,628.0,2.0,1,ALPE4,1,ALPE4,1,2025-05-07 07:37:22,,9,3
1852489708290487,1287138064290487,2024,42,8,15,628.0,3.0,1,ALPE4,1,ALPE4,1,2025-05-07 07:37:22,,9,3
1852489709290487,1287138064290487,2024,42,8,15,628.0,4.0,1,ALPE4,1,ALPE4,1,2025-05-07 07:37:22,,9,3
1852489710290487,1287138064290487,2024,42,8,15,628.0,1.0,1,BETH,1,BETH,2,2025-05-07 07:37:22,,9,3
1852489711290487,1287138064290487,2024,42,8,15,628.0,2.0,1,BETH,1,BETH,5,2025-05-07 07:37:22,,9,3
1852489712290487,1287138064290487,2024,42,8,15,628.0,1.0,1,ROMU,1,ROMU,6,2025-05-07 07:37:22,,9,3
1536629452290487,816545117290487,2022,42,0,57,630.0,3.0,2,ROMU,1,ROMU,15,2024-01-05 14:21:35,,9,1
1536638637290487,816544717290487,2022,42,5,3,1081.0,1.0,1,ALPE4,1,ALPE4,3,2024-01-05 14:22:02,,9,1
1536638638290487,816544717290487,2022,42,5,3,1081.0,2.0,1,ALPE4,1,ALPE4,18,2024-01-05 14:22:02,,9,1
1536638639290487,816544717290487,2022,42,5,3,1081.0,3.0,1,ALPE4,1,ALPE4,3,2024-01-05 14:22:02,,9,1
1536638640290487,816544717290487,2022,42,5,3,1081.0,4.0,1,ALPE4,1,ALPE4,6,2024-01-05 14:22:02,,9,1
1536638641290487,816544717290487,2022,42,5,3,1081.0,2.0,1,BETH,1,BETH,3,2024-01-05 14:22:02,,9,1
1536638642290487,816544717290487,2022,42,5,3,1081.0,4.0,1,BETH,1,BETH,1,2024-01-05 14:22:02,,9,1
1536638643290487,816544717290487,2022,42,5,3,1081.0,1.0,1,CEOR7,1,CEOR7,4,2024-01-05 14:22:02,,9,1
1536638644290487,816544717290487,2022,42,5,3,1081.0,2.0,1,CEOR7,1,CEOR7,1,2024-01-05 14:22:02,,9,1
1536638645290487,816544717290487,2022,42,5,3,1081.0,3.0,1,CEOR7,1,CEOR7,1,2024-01-05 14:22:02,,9,1
1536638646290487,816544717290487,2022,42,5,3,1081.0,4.0,1,CEOR7,1,CEOR7,1,2024-01-05 14:22:02,,9,1
1536638647290487,816544717290487,2022,42,5,3,1081.0,1.0,1,LIVU,1,LIVU,1,2024-01-05 14:22:02,,9,1
1536638648290487,816544717290487,2022,42,5,3,1081.0,2.0,1,LIVU,1,LIVU,1,2024-01-05 14:22:02,,9,1
1536638649290487,816544717290487,2022,42,5,3,1081.0,3.0,1,LIVU,1,LIVU,1,2024-01-05 14:22:02,,9,1
1536638650290487,816544717290487,2022,42,5,3,1081.0,4.0,1,LIVU,1,LIVU,1,2024-01-05 14:22:02,,9,1
1536638651290487,816544717290487,2022,42,5,3,1081.0,1.0,1,LOJA,1,LOJA,1,2024-01-05 14:22:02,,9,1
1536638652290487,816544717290487,2022,42,5,3,1081.0,2.0,1,LOJA,1,LOJA,1,2024-01-05 14:22:02,,9,1
1536638653290487,816544717290487,2022,42,5,3,1081.0,1.0,1,LOMO2,1,LOMO2,1,2024-01-05 14:22:02,,9,1
1536638654290487,816544717290487,2022,42,5,3,1081.0,1.0,1,MIVI,1,MIVI,90,2024-01-05 14:22:02,,9,1
1536638655290487,816544717290487,2022,42,5,3,1081.0,2.0,1,MIVI,1,MIVI,40,2024-01-05 14:22:02,,9,1
1536638656290487,816544717290487,2022,42,5,3,1081.0,3.0,1,MIVI,1,MIVI,98,2024-01-05 14:22:02,,9,1
1536638657290487,816544717290487,2022,42,5,3,1081.0,4.0,1,MIVI,1,MIVI,98,2024-01-05 14:22:02,,9,1
1536638658290487,816544717290487,2022,42,5,3,1081.0,1.0,1,ROMU,1,ROMU,5,2024-01-05 14:22:02,,9,1
1536638659290487,816544717290487,2022,42,5,3,1081.0,2.0,1,ROMU,1,ROMU,2,2024-01-05 14:22:02,,9,1
1536638660290487,816544717290487,2022,42,5,3,1081.0,3.0,1,ROMU,1,ROMU,4,2024-01-05 14:22:02,,9,1
1536638661290487,816544717290487,2022,42,5,3,1081.0,4.0,1,ROMU,1,ROMU,3,2024-01-05 14:22:02,,9,1
1536638662290487,816544717290487,2022,42,5,3,1081.0,1.0,1,ROPS,1,ROPS,3,2024-01-05 14:22:02,,9,1
1536638663290487,816544717290487,2022,42,5,3,1081.0,3.0,1,ROPS,1,ROPS,7,2024-01-05 14:22:02,,9,1
1536630915290487,816544822290487,2022,42,5,49,443.0,3.0,2,LOMO2,1,LOMO2,1,2024-01-05 14:21:38,,9,1
1536630916290487,816544822290487,2022,42,5,49,443.0,3.0,2,ROMU,1,ROMU,4,2024-01-05 14:21:38,,9,1
1536630917290487,816544822290487,2022,42,5,49,443.0,4.0,2,ROMU,1,ROMU,35,2024-01-05 14:21:38,,9,1
1536631035290487,816544888290487,2022,42,6,121,359.0,1.0,1,BETH,1,BETH,1,2024-01-05 14:21:39,,9,1
1536631036290487,816544888290487,2022,42,6,121,359.0,2.0,1,BETH,1,BETH,2,2024-01-05 14:21:39,,9,1
1536631037290487,816544888290487,2022,42,6,121,359.0,3.0,1,BETH,1,BETH,4,2024-01-05 14:21:39,,9,1
1536631038290487,816544888290487,2022,42,6,121,359.0,4.0,1,BETH,1,BETH,3,2024-01-05 14:21:39,,9,1
1536631039290487,816544888290487,2022,42,6,121,359.0,1.0,1,MIVI,1,MIVI,1,2024-01-05 14:21:39,,9,1
1536631040290487,816544888290487,2022,42,6,121,359.0,2.0,1,MIVI,1,MIVI,1,2024-01-05 14:21:39,,9,1
1536631041290487,816544888290487,2022,42,6,121,359.0,2.0,1,ROMU,1,ROMU,2,2024-01-05 14:21:39,,9,1
1536631468290487,816544936290487,2022,42,8,69,160.0,1.0,1,ALPE4,1,ALPE4,2,2024-01-05 14:21:40,,9,1
1536631469290487,816544936290487,2022,42,8,69,160.0,2.0,1,ALPE4,1,ALPE4,5,2024-01-05 14:21:40,,9,1
1536631470290487,816544936290487,2022,42,8,69,160.0,4.0,1,ALPE4,1,ALPE4,3,2024-01-05 14:21:40,,9,1
1536631471290487,816544936290487,2022,42,8,69,160.0,1.0,1,BETH,1,BETH,3,2024-01-05 14:21:40,,9,1
1536631472290487,816544936290487,2022,42,8,69,160.0,1.0,1,FRAL4,1,FRAL4,1,2024-01-05 14:21:40,,9,1
1536631473290487,816544936290487,2022,42,8,69,160.0,2.0,1,FRAL4,1,FRAL4,2,2024-01-05 14:21:40,,9,1
1536631474290487,816544936290487,2022,42,8,69,160.0,1.0,1,HEMA3,1,HEMA3,1,2024-01-05 14:21:40,,9,1
1536631475290487,816544936290487,2022,42,8,69,160.0,2.0,1,HEMA3,1,HEMA3,1,2024-01-05 14:21:40,,9,1
1536631476290487,816544936290487,2022,42,8,69,160.0,4.0,1,HEMA3,1,HEMA3,1,2024-01-05 14:21:40,,9,1
1536631477290487,816544936290487,2022,42,8,69,160.0,1.0,1,LIVU,1,LIVU,4,2024-01-05 14:21:40,,9,1
1536631478290487,816544936290487,2022,42,8,69,160.0,2.0,1,LIVU,1,LIVU,6,2024-01-05 14:21:40,,9,1
1536631479290487,816544936290487,2022,42,8,69,160.0,4.0,1,LIVU,1,LIVU,2,2024-01-05 14:21:40,,9,1
1536631480290487,816544936290487,2022,42,8,69,160.0,1.0,1,LOMO2,1,LOMO2,10,2024-01-05 14:21:40,,9,1
1536631481290487,816544936290487,2022,42,8,69,160.0,2.0,1,LOMO2,1,LOMO2,1,2024-01-05 14:21:40,,9,1
1536631482290487,816544936290487,2022,42,8,69,160.0,4.0,1,LOMO2,1,LOMO2,3,2024-01-05 14:21:40,,9,1
1536631483290487,816544936290487,2022,42,8,69,160.0,1.0,1,ROMU,1,ROMU,20,2024-01-05 14:21:40,,9,1
1536631484290487,816544936290487,2022,42,8,69,160.0,2.0,1,ROMU,1,ROMU,15,2024-01-05 14:21:40,,9,1
1536631485290487,816544936290487,2022,42,8,69,160.0,4.0,1,ROMU,1,ROMU,45,2024-01-05 14:21:40,,9,1
1536638856290487,816544849290487,2022,42,6,31,136.0,4.0,1,ALPE4,1,ALPE4,1,2024-01-05 14:22:03,,9,1
1536638857290487,816544849290487,2022,42,6,31,136.0,1.0,1,BETH,1,BETH,4,2024-01-05 14:22:03,,9,1
1536638858290487,816544849290487,2022,42,6,31,136.0,2.0,1,BETH,1,BETH,2,2024-01-05 14:22:03,,9,1
1536638859290487,816544849290487,2022,42,6,31,136.0,3.0,1,BETH,1,BETH,6,2024-01-05 14:22:03,,9,1
1536638860290487,816544849290487,2022,42,6,31,136.0,4.0,1,BETH,1,BETH,10,2024-01-05 14:22:03,,9,1
1536638861290487,816544849290487,2022,42,6,31,136.0,2.0,1,CEOR7,1,CEOR7,1,2024-01-05 14:22:03,,9,1
1536638862290487,816544849290487,2022,42,6,31,136.0,3.0,1,CEOR7,1,CEOR7,1,2024-01-05 14:22:03,,9,1
1536638863290487,816544849290487,2022,42,6,31,136.0,1.0,1,ELUM,1,ELUM,1,2024-01-05 14:22:03,,9,1
1536638864290487,816544849290487,2022,42,6,31,136.0,1.0,1,FRAL4,1,FRAL4,2,2024-01-05 14:22:03,,9,1
1536638865290487,816544849290487,2022,42,6,31,136.0,1.0,1,LIVU,1,LIVU,12,2024-01-05 14:22:03,,9,1
1536638866290487,816544849290487,2022,42,6,31,136.0,2.0,1,LIVU,1,LIVU,8,2024-01-05 14:22:03,,9,1
1536638867290487,816544849290487,2022,42,6,31,136.0,3.0,1,LIVU,1,LIVU,12,2024-01-05 14:22:03,,9,1
1536638868290487,816544849290487,2022,42,6,31,136.0,4.0,1,LIVU,1,LIVU,27,2024-01-05 14:22:03,,9,1
1536638869290487,816544849290487,2022,42,6,31,136.0,1.0,1,LOMO2,1,LOMO2,1,2024-01-05 14:22:03,,9,1
1536638870290487,816544849290487,2022,42,6,31,136.0,2.0,1,LOMO2,1,LOMO2,6,2024-01-05 14:22:03,,9,1
1536638871290487,816544849290487,2022,42,6,31,136.0,3.0,1,LOMO2,1,LOMO2,1,2024-01-05 14:22:03,,9,1
1536638872290487,816544849290487,2022,42,6,31,136.0,4.0,1,LOMO2,1,LOMO2,1,2024-01-05 14:22:03,,9,1
1536638873290487,816544849290487,2022,42,6,31,136.0,2.0,1,MIVI,1,MIVI,4,2024-01-05 14:22:03,,9,1
1536638874290487,816544849290487,2022,42,6,31,136.0,3.0,1,MIVI,1,MIVI,1,2024-01-05 14:22:03,,9,1
1536638875290487,816544849290487,2022,42,6,31,136.0,4.0,1,MIVI,1,MIVI,1,2024-01-05 14:22:03,,9,1
1536638876290487,816544849290487,2022,42,6,31,136.0,1.0,1,ROMU,1,ROMU,3,2024-01-05 14:22:03,,9,1
1536638877290487,816544849290487,2022,42,6,31,136.0,2.0,1,ROMU,1,ROMU,12,2024-01-05 14:22:03,,9,1
1536638878290487,816544849290487,2022,42,6,31,136.0,3.0,1,ROMU,1,ROMU,2,2024-01-05 14:22:03,,9,1
1536638879290487,816544849290487,2022,42,6,31,136.0,4.0,1,ROMU,1,ROMU,9,2024-01-05 14:22:03,,9,1
1644984825290487,816544730290487,2022,42,0,99,627.0,2.0,2,BETH,1,BETH,1,2024-07-16 09:41:52,,9,1
1644984826290487,816544730290487,2022,42,0,99,627.0,2.0,2,MIVI,1,MIVI,4,2024-07-16 09:41:52,,9,1
1644984827290487,816544730290487,2022,42,0,99,627.0,2.0,2,ROMU,1,ROMU,6,2024-07-16 09:41:52,,9,1
1644984828290487,816544730290487,2022,42,0,99,627.0,2.0,2,ROPS,1,ROPS,1,2024-07-16 09:41:52,,9,1
1536632099290487,816544965290487,2022,42,6,27,739.0,4.0,1,ALPE4,1,ALPE4,1,2024-01-05 14:21:41,,9,1
1536632100290487,816544965290487,2022,42,6,27,739.0,2.0,1,BETH,1,BETH,1,2024-01-05 14:21:41,,9,1
1536632101290487,816544965290487,2022,42,6,27,739.0,4.0,1,BETH,1,BETH,1,2024-01-05 14:21:41,,9,1
1536632102290487,816544965290487,2022,42,6,27,739.0,4.0,1,MIVI,1,MIVI,5,2024-01-05 14:21:41,,9,1
1536632103290487,816544965290487,2022,42,6,27,739.0,1.0,1,ROMU,1,ROMU,1,2024-01-05 14:21:41,,9,1
1536632104290487,816544965290487,2022,42,6,27,739.0,2.0,1,ROMU,1,ROMU,1,2024-01-05 14:21:41,,9,1
1536632105290487,816544965290487,2022,42,6,27,739.0,4.0,1,ROMU,1,ROMU,1,2024-01-05 14:21:41,,9,1
1536632106290487,816544965290487,2022,42,6,27,739.0,4.0,1,ROPS,1,ROPS,5,2024-01-05 14:21:41,,9,1
1536632224290487,816545002290487,2022,42,6,117,556.0,4.0,1,ROMU,1,ROMU,2,2024-01-05 14:21:41,,9,1
1809192232290487,1192933771290487,2023,42,9,1,1606.0,1.0,1,ACPL,1,ACPL,11,2025-03-11 11:02:03,,9,2
1809192233290487,1192933771290487,2023,42,9,1,1606.0,2.0,1,ACPL,1,ACPL,8,2025-03-11 11:02:03,,9,2
1809192234290487,1192933771290487,2023,42,9,1,1606.0,3.0,1,ACPL,1,ACPL,12,2025-03-11 11:02:03,,9,2
1809192235290487,1192933771290487,2023,42,9,1,1606.0,4.0,1,ACPL,1,ACPL,4,2025-03-11 11:02:03,,9,2
1809192236290487,1192933771290487,2023,42,9,1,1606.0,1.0,1,ALPE4,1,ALPE4,4,2025-03-11 11:02:03,,9,2
1809192237290487,1192933771290487,2023,42,9,1,1606.0,3.0,1,ALPE4,1,ALPE4,15,2025-03-11 11:02:03,,9,2
1809192238290487,1192933771290487,2023,42,9,1,1606.0,4.0,1,ALPE4,1,ALPE4,4,2025-03-11 11:02:03,,9,2
1809192239290487,1192933771290487,2023,42,9,1,1606.0,1.0,1,LOJA,1,LOJA,1,2025-03-11 11:02:03,,9,2
1809192240290487,1192933771290487,2023,42,9,1,1606.0,4.0,1,LOJA,1,LOJA,40,2025-03-11 11:02:03,,9,2
1809192241290487,1192933771290487,2023,42,9,1,1606.0,4.0,1,LOMA6,1,LOMA6,2,2025-03-11 11:02:03,,9,2
1809192242290487,1192933771290487,2023,42,9,1,1606.0,3.0,1,MIVI,1,MIVI,7,2025-03-11 11:02:03,,9,2
1809192383290487,1192933790290487,2023,42,6,81,766.0,3.0,2,ALPE4,1,ALPE4,5,2025-03-11 11:02:03,,9,2
1809192384290487,1192933790290487,2023,42,6,81,766.0,3.0,2,BETH,1,BETH,6,2025-03-11 11:02:03,,9,2
1809192385290487,1192933790290487,2023,42,6,81,766.0,3.0,2,CEOR7,1,CEOR7,1,2025-03-11 11:02:03,,9,2
1809192386290487,1192933790290487,2023,42,6,81,766.0,3.0,2,ELUM,1,ELUM,6,2025-03-11 11:02:03,,9,2
1809192387290487,1192933790290487,2023,42,6,81,766.0,3.0,2,LONIC,1,LONIC,15,2025-03-11 11:02:03,,9,2
1809192388290487,1192933790290487,2023,42,6,81,766.0,3.0,2,ROMU,1,ROMU,3,2025-03-11 11:02:03,,9,2
1809189869290487,1192933585290487,2023,42,6,121,617.0,2.0,1,MIVI,1,MIVI,9,2025-03-11 11:01:57,,9,2
1809189870290487,1192933585290487,2023,42,6,121,617.0,4.0,1,MIVI,1,MIVI,30,2025-03-11 11:01:57,,9,2
1809193102290487,1192933552290487,2023,42,5,7,1756.0,3.0,1,ALPE4,1,ALPE4,1,2025-03-11 11:02:06,,9,2
1809193103290487,1192933552290487,2023,42,5,7,1756.0,1.0,1,BETH,1,BETH,1,2025-03-11 11:02:06,,9,2
1809193104290487,1192933552290487,2023,42,5,7,1756.0,2.0,1,BETH,1,BETH,7,2025-03-11 11:02:06,,9,2
1809193105290487,1192933552290487,2023,42,5,7,1756.0,3.0,1,BETH,1,BETH,2,2025-03-11 11:02:06,,9,2
1809193106290487,1192933552290487,2023,42,5,7,1756.0,1.0,1,CEOR7,1,CEOR7,1,2025-03-11 11:02:06,,9,2
1809193107290487,1192933552290487,2023,42,5,7,1756.0,2.0,1,CEOR7,1,CEOR7,1,2025-03-11 11:02:06,,9,2
1809193108290487,1192933552290487,2023,42,5,7,1756.0,3.0,1,CEOR7,1,CEOR7,1,2025-03-11 11:02:06,,9,2
1809193109290487,1192933552290487,2023,42,5,7,1756.0,4.0,1,CEOR7,1,CEOR7,1,2025-03-11 11:02:06,,9,2
1809193110290487,1192933552290487,2023,42,5,7,1756.0,4.0,1,ELUM,1,ELUM,1,2025-03-11 11:02:06,,9,2
1809193111290487,1192933552290487,2023,42,5,7,1756.0,2.0,1,FRAL4,1,FRAL4,1,2025-03-11 11:02:06,,9,2
1809193112290487,1192933552290487,2023,42,5,7,1756.0,3.0,1,FRAL4,1,FRAL4,1,2025-03-11 11:02:06,,9,2
1809196215290487,1192933851290487,2023,42,8,131,911.0,4.0,1,ROMU,1,ROMU,2,2025-03-11 11:02:13,,9,2
1809196216290487,1192933851290487,2023,42,8,131,911.0,4.0,2,ROMU,1,ROMU,1,2025-03-11 11:02:13,,9,2
1809196217290487,1192933851290487,2023,42,8,131,911.0,3.0,1,ROPS,1,ROPS,1,2025-03-11 11:02:13,,9,2
1809196424290487,1192933879290487,2023,42,6,27,854.0,2.0,1,AIAL,1,AIAL,2,2025-03-11 11:02:13,,9,2
1809196425290487,1192933879290487,2023,42,6,27,854.0,1.0,1,BETH,1,BETH,1,2025-03-11 11:02:13,,9,2
1809196426290487,1192933879290487,2023,42,6,27,854.0,3.0,1,BETH,1,BETH,1,2025-03-11 11:02:13,,9,2
1958341423290487,1543502095290487,2025,42,6,81,2274.0,1.0,1,BETH,1,BETH,1,2026-04-29 15:40:16,,9,4
1958341424290487,1543502095290487,2025,42,6,81,2274.0,2.0,1,BETH,1,BETH,1,2026-04-29 15:40:16,,9,4
1958341425290487,1543502095290487,2025,42,6,81,2274.0,3.0,1,BETH,1,BETH,1,2026-04-29 15:40:16,,9,4
1958341426290487,1543502095290487,2025,42,6,81,2274.0,4.0,1,BETH,1,BETH,2,2026-04-29 15:40:16,,9,4
1958341427290487,1543502095290487,2025,42,6,81,2274.0,1.0,1,CEOR7,1,CEOR7,2,2026-04-29 15:40:16,,9,4
1958341428290487,1543502095290487,2025,42,6,81,2274.0,2.0,1,CEOR7,1,CEOR7,1,2026-04-29 15:40:16,,9,4
1958341429290487,1543502095290487,2025,42,6,81,2274.0,3.0,1,CEOR7,1,CEOR7,1,2026-04-29 15:40:16,,9,4
1958341430290487,1543502095290487,2025,42,6,81,2274.0,4.0,1,CEOR7,1,CEOR7,1,2026-04-29 15:40:16,,9,4
1958341431290487,1543502095290487,2025,42,6,81,2274.0,2.0,1,HEMA3,1,HEMA3,1,2026-04-29 15:40:16,,9,4
1958341432290487,1543502095290487,2025,42,6,81,2274.0,2.0,1,LIVU,1,LIVU,4,2026-04-29 15:40:16,,9,4
1958341433290487,1543502095290487,2025,42,6,81,2274.0,3.0,1,LIVU,1,LIVU,1,2026-04-29 15:40:16,,9,4
1958341434290487,1543502095290487,2025,42,6,81,2274.0,1.0,1,LOMA6,1,LOMA6,1,2026-04-29 15:40:16,,9,4
1958341435290487,1543502095290487,2025,42,6,81,2274.0,2.0,1,LOMA6,1,LOMA6,36,2026-04-29 15:40:16,,9,4
1958341436290487,1543502095290487,2025,42,6,81,2274.0,3.0,1,LOMA6,1,LOMA6,38,2026-04-29 15:40:16,,9,4
1958341437290487,1543502095290487,2025,42,6,81,2274.0,4.0,1,LOMA6,1,LOMA6,31,2026-04-29 15:40:16,,9,4
1958341438290487,1543502095290487,2025,42,6,81,2274.0,1.0,1,MIVI,1,MIVI,4,2026-04-29 15:40:16,,9,4
1958341439290487,1543502095290487,2025,42,6,81,2274.0,2.0,1,MIVI,1,MIVI,35,2026-04-29 15:40:16,,9,4
1958341440290487,1543502095290487,2025,42,6,81,2274.0,3.0,1,MIVI,1,MIVI,1,2026-04-29 15:40:16,,9,4
1958341441290487,1543502095290487,2025,42,6,81,2274.0,4.0,1,MIVI,1,MIVI,8,2026-04-29 15:40:16,,9,4
1958341442290487,1543502095290487,2025,42,6,81,2274.0,1.0,1,POCU6,1,POCU6,96,2026-04-29 15:40:16,,9,4
1958341443290487,1543502095290487,2025,42,6,81,2274.0,2.0,1,POCU6,1,POCU6,5,2026-04-29 15:40:16,,9,4
1958341444290487,1543502095290487,2025,42,6,81,2274.0,3.0,1,POCU6,1,POCU6,50,2026-04-29 15:40:16,,9,4
1958341445290487,1543502095290487,2025,42,6,81,2274.0,4.0,1,POCU6,1,POCU6,58,2026-04-29 15:40:16,,9,4
1958341446290487,1543502095290487,2025,42,6,81,2274.0,1.0,1,POSA4,1,POSA4,2,2026-04-29 15:40:16,,9,4
1958341447290487,1543502095290487,2025,42,6,81,2274.0,3.0,1,POSA4,1,POSA4,1,2026-04-29 15:40:16,,9,4
1958341448290487,1543502095290487,2025,42,6,81,2274.0,4.0,1,POSA4,1,POSA4,1,2026-04-29 15:40:16,,9,4
1958341449290487,1543502095290487,2025,42,6,81,2274.0,1.0,1,ROMU,1,ROMU,1,2026-04-29 15:40:16,,9,4
1958341450290487,1543502095290487,2025,42,6,81,2274.0,2.0,1,ROMU,1,ROMU,1,2026-04-29 15:40:16,,9,4
1958341451290487,1543502095290487,2025,42,6,81,2274.0,3.0,1,ROMU,1,ROMU,2,2026-04-29 15:40:16,,9,4
1958341452290487,1543502095290487,2025,42,6,81,2274.0,4.0,1,ROMU,1,ROMU,1,2026-04-29 15:40:16,,9,4
1958341453290487,1543502095290487,2025,42,6,81,2274.0,1.0,1,ROPS,1,ROPS,20,2026-04-29 15:40:16,,9,4
1958341625290487,1543502188290487,2025,42,6,81,2074.0,2.0,2,ALPE4,1,ALPE4,1,2026-04-29 15:40:16,,9,4
1958341626290487,1543502188290487,2025,42,6,81,2074.0,2.0,2,LONIC,1,LONIC,1,2026-04-29 15:40:16,,9,4
1958341627290487,1543502188290487,2025,42,6,81,2074.0,2.0,2,MIVI,1,MIVI,1,2026-04-29 15:40:16,,9,4
1958341628290487,1543502188290487,2025,42,6,81,2074.0,2.0,2,ROMU,1,ROMU,4,2026-04-29 15:40:16,,9,4
1958339383290487,1543501950290487,2025,42,7,13,2530.0,4.0,1,RHCA3,1,RHCA3,18,2026-04-29 15:40:12,,9,4
1278545129290487,722438536290487,2021,42,7,51,4968.0,2.0,1,AIAL,1,AIAL,10,2023-01-03 16:58:25,,8,7
1278545130290487,722438536290487,2021,42,7,51,4968.0,1.0,1,ALPE4,1,ALPE4,3,2023-01-03 16:58:25,,8,7
1278545131290487,722438536290487,2021,42,7,51,4968.0,2.0,1,ALPE4,1,ALPE4,10,2023-01-03 16:58:25,,8,7
1278545132290487,722438536290487,2021,42,7,51,4968.0,4.0,1,ALPE4,1,ALPE4,40,2023-01-03 16:58:25,,8,7
1278545133290487,722438536290487,2021,42,7,51,4968.0,1.0,1,CEOR7,1,CEOR7,5,2023-01-03 16:58:25,,8,7
1278545134290487,722438536290487,2021,42,7,51,4968.0,2.0,1,CEOR7,1,CEOR7,10,2023-01-03 16:58:25,,8,7
1278545135290487,722438536290487,2021,42,7,51,4968.0,4.0,1,CEOR7,1,CEOR7,2,2023-01-03 16:58:25,,8,7
1278545136290487,722438536290487,2021,42,7,51,4968.0,1.0,1,LOJA,1,LOJA,5,2023-01-03 16:58:25,,8,7
1278545137290487,722438536290487,2021,42,7,51,4968.0,2.0,1,LOJA,1,LOJA,15,2023-01-03 16:58:25,,8,7
1278545138290487,722438536290487,2021,42,7,51,4968.0,4.0,1,LOJA,1,LOJA,10,2023-01-03 16:58:25,,8,7
1278545139290487,722438536290487,2021,42,7,51,4968.0,1.0,1,LOMO2,1,LOMO2,10,2023-01-03 16:58:25,,8,7
1278545140290487,722438536290487,2021,42,7,51,4968.0,2.0,1,LOMO2,1,LOMO2,35,2023-01-03 16:58:25,,8,7
1278545141290487,722438536290487,2021,42,7,51,4968.0,4.0,1,LOMO2,1,LOMO2,80,2023-01-03 16:58:25,,8,7
1278545142290487,722438536290487,2021,42,7,51,4968.0,1.0,1,LOTA,1,LOTA,25,2023-01-03 16:58:25,,8,7
1278545143290487,722438536290487,2021,42,7,51,4968.0,2.0,1,LOTA,1,LOTA,15,2023-01-03 16:58:25,,8,7
1278545144290487,722438536290487,2021,42,7,51,4968.0,1.0,1,ROMU,1,ROMU,5,2023-01-03 16:58:25,,8,7
1278545145290487,722438536290487,2021,42,7,51,4968.0,2.0,1,ROMU,1,ROMU,20,2023-01-03 16:58:25,,8,7
1278545146290487,722438536290487,2021,42,7,51,4968.0,4.0,1,ROMU,1,ROMU,25,2023-01-03 16:58:25,,8,7
1278545147290487,722438536290487,2021,42,7,51,4968.0,1.0,1,ROPS,1,ROPS,3,2023-01-03 16:58:25,,8,7
1278545148290487,722438536290487,2021,42,7,51,4968.0,2.0,1,ROPS,1,ROPS,35,2023-01-03 16:58:25,,8,7
1278545149290487,722438536290487,2021,42,7,51,4968.0,4.0,1,ROPS,1,ROPS,20,2023-01-03 16:58:25,,8,7
1278545286290487,722437902290487,2021,42,5,129,3712.0,4.0,3,LIVU,1,LIVU,75,2023-01-03 16:58:26,,8,7
1278545287290487,722437902290487,2021,42,5,129,3712.0,4.0,3,MIVI,1,MIVI,20,2023-01-03 16:58:26,,8,7
1278545288290487,722437902290487,2021,42,5,129,3712.0,4.0,3,ROMU,1,ROMU,3,2023-01-03 16:58:26,,8,7
1278545346290487,722437946290487,2021,42,6,31,3089.0,2.0,2,LOMO2,1,LOMO2,30,2023-01-03 16:58:26,,8,7
1278545347290487,722437946290487,2021,42,6,31,3089.0,4.0,2,LOMO2,1,LOMO2,1,2023-01-03 16:58:26,,8,7
1278545348290487,722437946290487,2021,42,6,31,3089.0,2.0,2,PHAR3,1,PHAR3,2,2023-01-03 16:58:26,,8,7
1278545349290487,722437946290487,2021,42,6,31,3089.0,4.0,2,PHAR3,1,PHAR3,1,2023-01-03 16:58:26,,8,7
1278545350290487,722437946290487,2021,42,6,31,3089.0,2.0,2,ROMU,1,ROMU,1,2023-01-03 16:58:26,,8,7
1278545436290487,722437977290487,2021,42,6,105,3596.0,1.0,1,BETH,1,BETH,1,2023-01-03 16:58:27,,8,7
1278545628290487,722438056290487,2021,42,5,85,4414.0,1.0,1,LOMO2,1,LOMO2,1,2023-01-03 16:58:27,,8,7
1958345317290487,1543502087290487,2025,42,8,15,2321.0,3.0,1,ELUM,1,ELUM,1,2026-04-29 15:40:24,,9,4
1958345318290487,1543502087290487,2025,42,8,15,2321.0,3.0,1,HEMA3,1,HEMA3,1,2026-04-29 15:40:24,,9,4
1958345319290487,1543502087290487,2025,42,8,15,2321.0,2.0,1,MIVI,1,MIVI,1,2026-04-29 15:40:24,,9,4
1958345320290487,1543502087290487,2025,42,8,15,2321.0,3.0,1,MIVI,1,MIVI,1,2026-04-29 15:40:24,,9,4
1958345321290487,1543502087290487,2025,42,8,15,2321.0,1.0,1,ROMU,1,ROMU,1,2026-04-29 15:40:24,,9,4
1958345322290487,1543502087290487,2025,42,8,15,2321.0,2.0,1,ROMU,1,ROMU,2,2026-04-29 15:40:24,,9,4
1958345323290487,1543502087290487,2025,42,8,15,2321.0,3.0,1,ROMU,1,ROMU,1,2026-04-29 15:40:24,,9,4
1958345324290487,1543502087290487,2025,42,8,15,2321.0,4.0,1,ROMU,1,ROMU,1,2026-04-29 15:40:24,,9,4
1958345528290487,1543502237290487,2025,42,9,11,2316.0,3.0,1,ACPL,1,ACPL,5,2026-04-29 15:40:25,,9,4
1958345529290487,1543502237290487,2025,42,9,11,2316.0,2.0,1,AIAL,1,AIAL,2,2026-04-29 15:40:25,,9,4
1958345530290487,1543502237290487,2025,42,9,11,2316.0,1.0,1,ALPE4,1,ALPE4,1,2026-04-29 15:40:25,,9,4
1958345531290487,1543502237290487,2025,42,9,11,2316.0,2.0,1,ALPE4,1,ALPE4,1,2026-04-29 15:40:25,,9,4
1958345532290487,1543502237290487,2025,42,9,11,2316.0,3.0,1,ALPE4,1,ALPE4,1,2026-04-29 15:40:25,,9,4
1958345533290487,1543502237290487,2025,42,9,11,2316.0,4.0,1,ALPE4,1,ALPE4,2,2026-04-29 15:40:25,,9,4
1958345534290487,1543502237290487,2025,42,9,11,2316.0,1.0,1,BETH,1,BETH,1,2026-04-29 15:40:25,,9,4
1958345535290487,1543502237290487,2025,42,9,11,2316.0,2.0,1,BETH,1,BETH,1,2026-04-29 15:40:25,,9,4
1958345536290487,1543502237290487,2025,42,9,11,2316.0,3.0,1,BETH,1,BETH,1,2026-04-29 15:40:25,,9,4
1958345537290487,1543502237290487,2025,42,9,11,2316.0,4.0,1,BETH,1,BETH,2,2026-04-29 15:40:25,,9,4
1958345538290487,1543502237290487,2025,42,9,11,2316.0,1.0,1,CEOR7,1,CEOR7,1,2026-04-29 15:40:25,,9,4
1958345539290487,1543502237290487,2025,42,9,11,2316.0,2.0,1,CEOR7,1,CEOR7,1,2026-04-29 15:40:25,,9,4
1958345540290487,1543502237290487,2025,42,9,11,2316.0,4.0,1,CEOR7,1,CEOR7,1,2026-04-29 15:40:25,,9,4
1958345541290487,1543502237290487,2025,42,9,11,2316.0,1.0,1,LIVU,1,LIVU,1,2026-04-29 15:40:25,,9,4
1958345542290487,1543502237290487,2025,42,9,11,2316.0,1.0,1,LONIC,1,LONIC,1,2026-04-29 15:40:25,,9,4
1958345543290487,1543502237290487,2025,42,9,11,2316.0,2.0,1,LONIC,1,LONIC,25,2026-04-29 15:40:25,,9,4
1958345544290487,1543502237290487,2025,42,9,11,2316.0,3.0,1,LONIC,1,LONIC,2,2026-04-29 15:40:25,,9,4
1958345545290487,1543502237290487,2025,42,9,11,2316.0,4.0,1,LONIC,1,LONIC,20,2026-04-29 15:40:25,,9,4
1958345546290487,1543502237290487,2025,42,9,11,2316.0,1.0,1,MIVI,1,MIVI,1,2026-04-29 15:40:25,,9,4
1958345547290487,1543502237290487,2025,42,9,11,2316.0,2.0,1,MIVI,1,MIVI,55,2026-04-29 15:40:25,,9,4
1958345548290487,1543502237290487,2025,42,9,11,2316.0,3.0,1,MIVI,1,MIVI,1,2026-04-29 15:40:25,,9,4
1958345549290487,1543502237290487,2025,42,9,11,2316.0,4.0,1,MIVI,1,MIVI,25,2026-04-29 15:40:25,,9,4
1958346090290487,1543501665290487,2025,42,6,105,2327.0,3.0,1,ALPE4,1,ALPE4,1,2026-04-29 15:40:26,,9,4
1958346091290487,1543501665290487,2025,42,6,105,2327.0,3.0,1,LOMO2,1,LOMO2,1,2026-04-29 15:40:26,,9,4
1958346092290487,1543501665290487,2025,42,6,105,2327.0,2.0,1,ROPS,1,ROPS,8,2026-04-29 15:40:26,,9,4
1958346402290487,1543501740290487,2025,42,5,59,2524.0,3.0,2,ALPE4,1,ALPE4,20,2026-04-29 15:40:26,,9,4
1958346403290487,1543501740290487,2025,42,5,59,2524.0,3.0,2,BETH,1,BETH,5,2026-04-29 15:40:26,,9,4
1958346404290487,1543501740290487,2025,42,5,59,2524.0,3.0,2,LOMA6,1,LOMA6,1,2026-04-29 15:40:26,,9,4
1958346405290487,1543501740290487,2025,42,5,59,2524.0,3.0,2,LOMO2,1,LOMO2,10,2026-04-29 15:40:26,,9,4
1958346406290487,1543501740290487,2025,42,5,59,2524.0,3.0,2,ROMU,1,ROMU,20,2026-04-29 15:40:26,,9,4
1958346407290487,1543501740290487,2025,42,5,59,2524.0,3.0,2,ROPS,1,ROPS,15,2026-04-29 15:40:26,,9,4
1958346582290487,1543501766290487,2025,42,6,105,1507.0,3.0,1,ALPE4,1,ALPE4,1,2026-04-29 15:40:27,,9,4
1958346583290487,1543501766290487,2025,42,6,105,1507.0,1.0,1,BETH,1,BETH,1,2026-04-29 15:40:27,,9,4
1958346584290487,1543501766290487,2025,42,6,105,1507.0,4.0,1,MIVI,1,MIVI,4,2026-04-29 15:40:27,,9,4
1958346585290487,1543501766290487,2025,42,6,105,1507.0,4.0,1,ROMU,1,ROMU,1,2026-04-29 15:40:27,,9,4
1958346684290487,1543501778290487,2025,42,6,83,2345.0,3.0,1,BETH,1,BETH,2,2026-04-29 15:40:27,,9,4
1958346685290487,1543501778290487,2025,42,6,83,2345.0,4.0,1,BETH,1,BETH,2,2026-04-29 15:40:27,,9,4
1958346686290487,1543501778290487,2025,42,6,83,2345.0,4.0,1,ROMU,1,ROMU,3,2026-04-29 15:40:27,,9,4
1958347064290487,1543501994290487,2025,42,9,71,2824.0,3.0,2,ACPL,1,ACPL,1,2026-04-29 15:40:28,,9,4
1958347065290487,1543501994290487,2025,42,9,71,2824.0,3.0,2,CEOR7,1,CEOR7,2,2026-04-29 15:40:28,,9,4
1958347066290487,1543501994290487,2025,42,9,71,2824.0,3.0,2,LIVU,1,LIVU,1,2026-04-29 15:40:28,,9,4
1958347067290487,1543501994290487,2025,42,9,71,2824.0,3.0,2,LOMA6,1,LOMA6,5,2026-04-29 15:40:28,,9,4
1958347068290487,1543501994290487,2025,42,9,71,2824.0,3.0,2,ROMU,1,ROMU,1,2026-04-29 15:40:28,,9,4
1958347125290487,1543502033290487,2025,42,9,91,2413.0,4.0,2,ACPL,1,ACPL,60,2026-04-29 15:40:28,,9,4
1958347126290487,1543502033290487,2025,42,9,91,2413.0,4.0,2,ALPE4,1,ALPE4,1,2026-04-29 15:40:28,,9,4
1958347127290487,1543502033290487,2025,42,9,91,2413.0,4.0,2,BETH,1,BETH,1,2026-04-29 15:40:28,,9,4
1958347128290487,1543502033290487,2025,42,9,91,2413.0,4.0,2,CEOR7,1,CEOR7,2,2026-04-29 15:40:28,,9,4
1958347129290487,1543502033290487,2025,42,9,91,2413.0,4.0,2,LIVU,1,LIVU,1,2026-04-29 15:40:28,,9,4
1958347130290487,1543502033290487,2025,42,9,91,2413.0,4.0,2,LOJA,1,LOJA,8,2026-04-29 15:40:28,,9,4
1958347131290487,1543502033290487,2025,42,9,91,2413.0,4.0,2,LOMA6,1,LOMA6,1,2026-04-29 15:40:28,,9,4
1958347132290487,1543502033290487,2025,42,9,91,2413.0,4.0,2,ROMU,1,ROMU,1,2026-04-29 15:40:28,,9,4
1958347405290487,1543502193290487,2025,42,6,81,58.0,4.0,1,BETH,1,BETH,1,2026-04-29 15:40:29,,9,4
1958347406290487,1543502193290487,2025,42,6,81,58.0,4.0,1,ELUM,1,ELUM,1,2026-04-29 15:40:29,,9,4
1958347407290487,1543502193290487,2025,42,6,81,58.0,1.0,1,MIVI,1,MIVI,1,2026-04-29 15:40:29,,9,4
1958347408290487,1543502193290487,2025,42,6,81,58.0,2.0,1,MIVI,1,MIVI,1,2026-04-29 15:40:29,,9,4
1958347409290487,1543502193290487,2025,42,6,81,58.0,4.0,1,MIVI,1,MIVI,1,2026-04-29 15:40:29,,9,4
1958347709290487,1543502219290487,2025,42,8,25,2401.0,4.0,3,ALPE4,1,ALPE4,1,2026-04-29 15:40:29,,9,4
1958347935290487,1543501742290487,2025,42,6,31,2175.0,1.0,1,MIVI,1,MIVI,1,2026-04-29 15:40:30,,9,4
1958347936290487,1543501742290487,2025,42,6,31,2175.0,3.0,1,MIVI,1,MIVI,1,2026-04-29 15:40:30,,9,4
1958347937290487,1543501742290487,2025,42,6,31,2175.0,4.0,1,MIVI,1,MIVI,1,2026-04-29 15:40:30,,9,4
1958347938290487,1543501742290487,2025,42,6,31,2175.0,4.0,1,ROMU,1,ROMU,1,2026-04-29 15:40:30,,9,4
1958348073290487,1543501751290487,2025,42,5,5,2029.0,1.0,1,ALPE4,1,ALPE4,1,2026-04-29 15:40:30,,9,4
1958348074290487,1543501751290487,2025,42,5,5,2029.0,2.0,1,ALPE4,1,ALPE4,2,2026-04-29 15:40:30,,9,4
1958348075290487,1543501751290487,2025,42,5,5,2029.0,4.0,1,ALPE4,1,ALPE4,1,2026-04-29 15:40:30,,9,4
1536637063290487,816544436290487,2022,42,5,5,3364.0,3.0,1,ROMU,1,ROMU,25,2024-01-05 14:21:53,,8,8
1536637064290487,816544436290487,2022,42,5,5,3364.0,4.0,3,ROMU,1,ROMU,99,2024-01-05 14:21:53,,8,8
1536637210290487,816544498290487,2022,42,5,19,3009.0,3.0,1,ALPE4,1,ALPE4,1,2024-01-05 14:21:54,,8,8
1536637211290487,816544498290487,2022,42,5,19,3009.0,4.0,1,BETH,1,BETH,1,2024-01-05 14:21:54,,8,8
1536637212290487,816544498290487,2022,42,5,19,3009.0,3.0,1,CEOR7,1,CEOR7,1,2024-01-05 14:21:54,,8,8
1536637213290487,816544498290487,2022,42,5,19,3009.0,4.0,1,CEOR7,1,CEOR7,1,2024-01-05 14:21:54,,8,8
1536637214290487,816544498290487,2022,42,5,19,3009.0,1.0,1,ELUM,1,ELUM,1,2024-01-05 14:21:54,,8,8
1536637215290487,816544498290487,2022,42,5,19,3009.0,4.0,1,LOJA,1,LOJA,1,2024-01-05 14:21:54,,8,8
1536637216290487,816544498290487,2022,42,5,19,3009.0,1.0,1,LOMA6,1,LOMA6,1,2024-01-05 14:21:54,,8,8
1536637217290487,816544498290487,2022,42,5,19,3009.0,3.0,1,LOMA6,1,LOMA6,1,2024-01-05 14:21:54,,8,8
1536637218290487,816544498290487,2022,42,5,19,3009.0,1.0,1,LOMO2,1,LOMO2,3,2024-01-05 14:21:54,,8,8
1536637219290487,816544498290487,2022,42,5,19,3009.0,2.0,1,LOMO2,1,LOMO2,1,2024-01-05 14:21:54,,8,8
1536637220290487,816544498290487,2022,42,5,19,3009.0,4.0,1,LOMO2,1,LOMO2,1,2024-01-05 14:21:54,,8,8
1536637221290487,816544498290487,2022,42,5,19,3009.0,1.0,1,MIVI,1,MIVI,1,2024-01-05 14:21:54,,8,8
1536637222290487,816544498290487,2022,42,5,19,3009.0,3.0,1,MIVI,1,MIVI,2,2024-01-05 14:21:54,,8,8
1536637223290487,816544498290487,2022,42,5,19,3009.0,4.0,1,MIVI,1,MIVI,2,2024-01-05 14:21:54,,8,8
1536637224290487,816544498290487,2022,42,5,19,3009.0,1.0,1,ROMU,1,ROMU,2,2024-01-05 14:21:54,,8,8
1536637225290487,816544498290487,2022,42,5,19,3009.0,2.0,1,ROMU,1,ROMU,1,2024-01-05 14:21:54,,8,8
1536637226290487,816544498290487,2022,42,5,19,3009.0,3.0,1,ROMU,1,ROMU,1,2024-01-05 14:21:54,,8,8
1536637227290487,816544498290487,2022,42,5,19,3009.0,4.0,1,ROMU,1,ROMU,25,2024-01-05 14:21:54,,8,8
1644984577290487,816544558290487,2022,42,9,133,5863.0,1.0,1,ALPE4,1,ALPE4,2,2024-07-16 09:41:44,,8,8
1644984578290487,816544558290487,2022,42,9,133,5863.0,4.0,4,ALPE4,1,ALPE4,1,2024-07-16 09:41:44,,8,8
1644984579290487,816544558290487,2022,42,9,133,5863.0,1.0,1,BETH,1,BETH,1,2024-07-16 09:41:44,,8,8
1644984580290487,816544558290487,2022,42,9,133,5863.0,4.0,4,BETH,1,BETH,1,2024-07-16 09:41:44,,8,8
1644984581290487,816544558290487,2022,42,9,133,5863.0,4.0,4,CEOR7,1,CEOR7,3,2024-07-16 09:41:44,,8,8
1644984582290487,816544558290487,2022,42,9,133,5863.0,4.0,4,ELUM,1,ELUM,3,2024-07-16 09:41:44,,8,8
1644984583290487,816544558290487,2022,42,9,133,5863.0,1.0,1,LIVU,1,LIVU,1,2024-07-16 09:41:44,,8,8
1644984584290487,816544558290487,2022,42,9,133,5863.0,4.0,4,LIVU,1,LIVU,15,2024-07-16 09:41:44,,8,8
1644984585290487,816544558290487,2022,42,9,133,5863.0,1.0,1,LOJA,1,LOJA,6,2024-07-16 09:41:44,,8,8
1644984586290487,816544558290487,2022,42,9,133,5863.0,4.0,4,LOJA,1,LOJA,3,2024-07-16 09:41:44,,8,8
1644984587290487,816544558290487,2022,42,9,133,5863.0,1.0,1,MIVI,1,MIVI,40,2024-07-16 09:41:44,,8,8
1644984588290487,816544558290487,2022,42,9,133,5863.0,4.0,4,MIVI,1,MIVI,7,2024-07-16 09:41:44,,8,8
1644984589290487,816544558290487,2022,42,9,133,5863.0,1.0,1,ROMU,1,ROMU,1,2024-07-16 09:41:44,,8,8
1644984590290487,816544558290487,2022,42,9,133,5863.0,4.0,4,ROMU,1,ROMU,8,2024-07-16 09:41:44,,8,8
1536638472290487,816544602290487,2022,42,0,99,3079.0,2.0,2,BETH,1,BETH,25,2024-01-05 14:22:01,,8,8
1536638473290487,816544602290487,2022,42,0,99,3079.0,4.0,2,BETH,1,BETH,10,2024-01-05 14:22:01,,8,8
1536638474290487,816544602290487,2022,42,0,99,3079.0,4.0,2,CEOR7,1,CEOR7,1,2024-01-05 14:22:01,,8,8
1536638475290487,816544602290487,2022,42,0,99,3079.0,4.0,2,LOJA,1,LOJA,1,2024-01-05 14:22:01,,8,8
1536638476290487,816544602290487,2022,42,0,99,3079.0,4.0,2,LOMA6,1,LOMA6,8,2024-01-05 14:22:01,,8,8
1536638477290487,816544602290487,2022,42,0,99,3079.0,2.0,2,ROMU,1,ROMU,3,2024-01-05 14:22:01,,8,8
1536638478290487,816544602290487,2022,42,0,99,3079.0,4.0,2,ROMU,1,ROMU,20,2024-01-05 14:22:01,,8,8
1536629650290487,816544462290487,2022,42,6,105,3825.0,1.0,1,BETH,1,BETH,1,2024-01-05 14:21:35,,8,8
1536629651290487,816544462290487,2022,42,6,105,3825.0,3.0,1,BETH,1,BETH,1,2024-01-05 14:21:35,,8,8
1536629652290487,816544462290487,2022,42,6,105,3825.0,1.0,1,ROMU,1,ROMU,2,2024-01-05 14:21:35,,8,8
1958348228290487,1543501842290487,2025,42,6,121,2158.0,2.0,1,MIVI,1,MIVI,4,2026-04-29 15:40:31,,9,4
1958348229290487,1543501842290487,2025,42,6,121,2158.0,3.0,1,MIVI,1,MIVI,1,2026-04-29 15:40:31,,9,4
1958348230290487,1543501842290487,2025,42,6,121,2158.0,1.0,1,ROMU,1,ROMU,1,2026-04-29 15:40:31,,9,4
1958348231290487,1543501842290487,2025,42,6,121,2158.0,2.0,1,ROMU,1,ROMU,1,2026-04-29 15:40:31,,9,4
1958348232290487,1543501842290487,2025,42,6,121,2158.0,3.0,1,ROMU,1,ROMU,1,2026-04-29 15:40:31,,9,4
1958336583290487,1543501765290487,2025,42,6,105,2115.0,3.0,1,ROMU,1,ROMU,1,2026-04-29 15:40:04,,9,4
1958336584290487,1543501765290487,2025,42,6,105,2115.0,4.0,1,ROMU,1,ROMU,1,2026-04-29 15:40:04,,9,4
1958336732290487,1543501783290487,2025,42,6,47,2050.0,1.0,1,BETH,1,BETH,5,2026-04-29 15:40:06,,9,4
1958336733290487,1543501783290487,2025,42,6,47,2050.0,1.0,1,ELUM,1,ELUM,35,2026-04-29 15:40:06,,9,4
1958336734290487,1543501783290487,2025,42,6,47,2050.0,1.0,1,RHCA3,1,RHCA3,35,2026-04-29 15:40:06,,9,4
1958337017290487,1543501786290487,2025,42,6,33,2572.0,1.0,1,BEVU,1,BEVU,10,2026-04-29 15:40:06,,9,4
1958337018290487,1543501786290487,2025,42,6,33,2572.0,2.0,1,BEVU,1,BEVU,2,2026-04-29 15:40:06,,9,4
1958337019290487,1543501786290487,2025,42,6,33,2572.0,4.0,1,BEVU,1,BEVU,5,2026-04-29 15:40:06,,9,4
1958337020290487,1543501786290487,2025,42,6,33,2572.0,1.0,1,CEOR7,1,CEOR7,5,2026-04-29 15:40:06,,9,4
1958337021290487,1543501786290487,2025,42,6,33,2572.0,2.0,1,CEOR7,1,CEOR7,2,2026-04-29 15:40:06,,9,4
1958337022290487,1543501786290487,2025,42,6,33,2572.0,4.0,1,CEOR7,1,CEOR7,3,2026-04-29 15:40:06,,9,4
1958337023290487,1543501786290487,2025,42,6,33,2572.0,1.0,1,ELUM,1,ELUM,20,2026-04-29 15:40:06,,9,4
1958337024290487,1543501786290487,2025,42,6,33,2572.0,2.0,1,ELUM,1,ELUM,2,2026-04-29 15:40:06,,9,4
1958337025290487,1543501786290487,2025,42,6,33,2572.0,4.0,1,ELUM,1,ELUM,7,2026-04-29 15:40:06,,9,4
1958337026290487,1543501786290487,2025,42,6,33,2572.0,1.0,1,LIVU,1,LIVU,10,2026-04-29 15:40:06,,9,4
1958337027290487,1543501786290487,2025,42,6,33,2572.0,2.0,1,LIVU,1,LIVU,2,2026-04-29 15:40:06,,9,4
1958337028290487,1543501786290487,2025,42,6,33,2572.0,4.0,1,LIVU,1,LIVU,5,2026-04-29 15:40:06,,9,4
1958337029290487,1543501786290487,2025,42,6,33,2572.0,1.0,1,LOTA,1,LOTA,10,2026-04-29 15:40:06,,9,4
1958337030290487,1543501786290487,2025,42,6,33,2572.0,2.0,1,LOTA,1,LOTA,2,2026-04-29 15:40:06,,9,4
1958337031290487,1543501786290487,2025,42,6,33,2572.0,4.0,1,LOTA,1,LOTA,7,2026-04-29 15:40:06,,9,4
1958337032290487,1543501786290487,2025,42,6,33,2572.0,1.0,1,ROMU,1,ROMU,25,2026-04-29 15:40:06,,9,4
1958337033290487,1543501786290487,2025,42,6,33,2572.0,2.0,1,ROMU,1,ROMU,2,2026-04-29 15:40:06,,9,4
1958337034290487,1543501786290487,2025,42,6,33,2572.0,4.0,1,ROMU,1,ROMU,10,2026-04-29 15:40:06,,9,4
1958337157290487,1543501876290487,2025,42,6,35,6113.0,4.0,1,MIVI,1,MIVI,1,2026-04-29 15:40:06,,9,4
1958337158290487,1543501876290487,2025,42,6,35,6113.0,1.0,1,ROMU,1,ROMU,1,2026-04-29 15:40:06,,9,4
1958337159290487,1543501876290487,2025,42,6,35,6113.0,3.0,1,ROMU,1,ROMU,1,2026-04-29 15:40:06,,9,4
1958337160290487,1543501876290487,2025,42,6,35,6113.0,4.0,1,ROMU,1,ROMU,1,2026-04-29 15:40:06,,9,4
1958337325290487,1543501889290487,2025,42,6,123,1277.0,1.0,1,BETH,1,BETH,1,2026-04-29 15:40:07,,9,4
1809197159290487,1192933470290487,2023,42,5,129,618.0,2.0,2,MIVI,1,MIVI,15,2025-03-11 11:02:16,,9,2
1809197160290487,1192933470290487,2023,42,5,129,618.0,3.0,1,MIVI,1,MIVI,1,2025-03-11 11:02:16,,9,2
1809194752290487,1192933481290487,2023,42,6,105,6131.0,1.0,2,ALPE4,1,ALPE4,1,2025-03-11 11:02:10,,9,2
1809194753290487,1192933481290487,2023,42,6,105,6131.0,3.0,2,ALPE4,1,ALPE4,1,2025-03-11 11:02:10,,9,2
1809194754290487,1192933481290487,2023,42,6,105,6131.0,4.0,2,ALPE4,1,ALPE4,4,2025-03-11 11:02:10,,9,2
1809194755290487,1192933481290487,2023,42,6,105,6131.0,2.0,2,CEOR7,1,CEOR7,1,2025-03-11 11:02:10,,9,2
1809194756290487,1192933481290487,2023,42,6,105,6131.0,1.0,2,LOMO2,1,LOMO2,2,2025-03-11 11:02:10,,9,2
1809194757290487,1192933481290487,2023,42,6,105,6131.0,2.0,2,LOMO2,1,LOMO2,13,2025-03-11 11:02:10,,9,2
1809194758290487,1192933481290487,2023,42,6,105,6131.0,3.0,2,LOMO2,1,LOMO2,1,2025-03-11 11:02:10,,9,2
1809194759290487,1192933481290487,2023,42,6,105,6131.0,4.0,2,LOMO2,1,LOMO2,1,2025-03-11 11:02:10,,9,2
1809194760290487,1192933481290487,2023,42,6,105,6131.0,1.0,2,ROMU,1,ROMU,2,2025-03-11 11:02:10,,9,2
1809194761290487,1192933481290487,2023,42,6,105,6131.0,2.0,2,ROMU,1,ROMU,20,2025-03-11 11:02:10,,9,2
1809194762290487,1192933481290487,2023,42,6,105,6131.0,4.0,2,ROMU,1,ROMU,4,2025-03-11 11:02:10,,9,2
1809195094290487,1192933534290487,2023,42,5,125,1699.0,4.0,2,ALPE4,1,ALPE4,3,2025-03-11 11:02:11,,9,2
1809195095290487,1192933534290487,2023,42,5,125,1699.0,4.0,2,LONIC,1,LONIC,65,2025-03-11 11:02:11,,9,2
1809195096290487,1192933534290487,2023,42,5,125,1699.0,4.0,2,PHAU7,1,PHAU7,2,2025-03-11 11:02:11,,9,2
1809195097290487,1192933534290487,2023,42,5,125,1699.0,4.0,2,ROMU,1,ROMU,30,2025-03-11 11:02:11,,9,2
1809184168290487,1192933513290487,2023,42,5,129,1249.0,1.0,1,BETH,1,BETH,30,2025-03-11 11:01:39,,9,2
1809184169290487,1192933513290487,2023,42,5,129,1249.0,3.0,1,BETH,1,BETH,25,2025-03-11 11:01:39,,9,2
1809184170290487,1192933513290487,2023,42,5,129,1249.0,3.0,1,CEOR7,1,CEOR7,5,2025-03-11 11:01:39,,9,2
1809184171290487,1192933513290487,2023,42,5,129,1249.0,1.0,1,MIVI,1,MIVI,15,2025-03-11 11:01:39,,9,2
1809184172290487,1192933513290487,2023,42,5,129,1249.0,3.0,1,MIVI,1,MIVI,10,2025-03-11 11:01:39,,9,2
1809184173290487,1192933513290487,2023,42,5,129,1249.0,4.0,1,MIVI,1,MIVI,15,2025-03-11 11:01:39,,9,2
1809184174290487,1192933513290487,2023,42,5,129,1249.0,1.0,1,ROMU,1,ROMU,35,2025-03-11 11:01:39,,9,2
1809184175290487,1192933513290487,2023,42,5,129,1249.0,2.0,1,ROMU,1,ROMU,50,2025-03-11 11:01:39,,9,2
1809184176290487,1192933513290487,2023,42,5,129,1249.0,3.0,1,ROMU,1,ROMU,30,2025-03-11 11:01:39,,9,2
1809184177290487,1192933513290487,2023,42,5,129,1249.0,4.0,1,ROMU,1,ROMU,10,2025-03-11 11:01:39,,9,2
1809184178290487,1192933513290487,2023,42,5,129,1249.0,2.0,1,ROPS,1,ROPS,5,2025-03-11 11:01:39,,9,2
1809184179290487,1192933513290487,2023,42,5,129,1249.0,3.0,1,ROPS,1,ROPS,15,2025-03-11 11:01:39,,9,2
1809187686290487,1192933366290487,2023,42,7,51,167.0,3.0,1,MIVI,1,MIVI,15,2025-03-11 11:01:51,,9,2
1809187687290487,1192933366290487,2023,42,7,51,167.0,4.0,1,MIVI,1,MIVI,15,2025-03-11 11:01:51,,9,2
1809187688290487,1192933366290487,2023,42,7,51,167.0,4.0,1,ROMU,1,ROMU,1,2025-03-11 11:01:51,,9,2
1809189072290487,1192933340290487,2023,42,9,11,1079.0,1.0,1,ALPE4,1,ALPE4,1,2025-03-11 11:01:55,,9,2
1809189073290487,1192933340290487,2023,42,9,11,1079.0,2.0,1,ALPE4,1,ALPE4,15,2025-03-11 11:01:55,,9,2
1809189074290487,1192933340290487,2023,42,9,11,1079.0,3.0,1,ALPE4,1,ALPE4,25,2025-03-11 11:01:55,,9,2
1809189075290487,1192933340290487,2023,42,9,11,1079.0,1.0,1,CEOR7,1,CEOR7,15,2025-03-11 11:01:55,,9,2
1809189076290487,1192933340290487,2023,42,9,11,1079.0,2.0,1,CEOR7,1,CEOR7,8,2025-03-11 11:01:55,,9,2
1809189077290487,1192933340290487,2023,42,9,11,1079.0,3.0,1,CEOR7,1,CEOR7,35,2025-03-11 11:01:55,,9,2
1809189078290487,1192933340290487,2023,42,9,11,1079.0,1.0,1,LOJA,1,LOJA,2,2025-03-11 11:01:55,,9,2
1809189079290487,1192933340290487,2023,42,9,11,1079.0,1.0,1,LOMA6,1,LOMA6,32,2025-03-11 11:01:55,,9,2
1809189080290487,1192933340290487,2023,42,9,11,1079.0,2.0,1,LOMA6,1,LOMA6,3,2025-03-11 11:01:55,,9,2
1809189081290487,1192933340290487,2023,42,9,11,1079.0,3.0,1,LOMA6,1,LOMA6,7,2025-03-11 11:01:55,,9,2
1809189082290487,1192933340290487,2023,42,9,11,1079.0,1.0,1,MIVI,1,MIVI,25,2025-03-11 11:01:55,,9,2
1809189083290487,1192933340290487,2023,42,9,11,1079.0,2.0,1,MIVI,1,MIVI,15,2025-03-11 11:01:55,,9,2
1809189084290487,1192933340290487,2023,42,9,11,1079.0,3.0,1,MIVI,1,MIVI,20,2025-03-11 11:01:55,,9,2
1809189085290487,1192933340290487,2023,42,9,11,1079.0,1.0,1,ROMU,1,ROMU,8,2025-03-11 11:01:55,,9,2
1809189086290487,1192933340290487,2023,42,9,11,1079.0,2.0,1,ROMU,1,ROMU,2,2025-03-11 11:01:55,,9,2
1852574676290487,1287138547290487,2024,42,6,35,1930.0,2.0,1,MIVI,1,MIVI,55,2025-05-08 11:10:50,,9,3
1852488268290487,1287138355290487,2024,42,8,115,1163.0,2.0,1,ALPE4,1,ALPE4,2,2025-05-07 07:37:19,,9,3
1852488269290487,1287138355290487,2024,42,8,115,1163.0,3.0,1,ALPE4,1,ALPE4,1,2025-05-07 07:37:19,,9,3
1852488270290487,1287138355290487,2024,42,8,115,1163.0,4.0,1,ALPE4,1,ALPE4,1,2025-05-07 07:37:19,,9,3
1852488271290487,1287138355290487,2024,42,8,115,1163.0,1.0,1,BETH,1,BETH,1,2025-05-07 07:37:19,,9,3
1958348076290487,1543501751290487,2025,42,5,5,2029.0,1.0,1,CEOR7,1,CEOR7,1,2026-04-29 15:40:30,,9,4
1958348077290487,1543501751290487,2025,42,5,5,2029.0,2.0,1,CEOR7,1,CEOR7,1,2026-04-29 15:40:30,,9,4
1958348078290487,1543501751290487,2025,42,5,5,2029.0,1.0,1,LIVU,1,LIVU,22,2026-04-29 15:40:30,,9,4
1958348079290487,1543501751290487,2025,42,5,5,2029.0,2.0,1,LIVU,1,LIVU,7,2026-04-29 15:40:30,,9,4
1958348080290487,1543501751290487,2025,42,5,5,2029.0,4.0,1,LIVU,1,LIVU,14,2026-04-29 15:40:30,,9,4
1958348081290487,1543501751290487,2025,42,5,5,2029.0,2.0,1,LOMO2,1,LOMO2,1,2026-04-29 15:40:30,,9,4
1958348082290487,1543501751290487,2025,42,5,5,2029.0,4.0,1,LOMO2,1,LOMO2,2,2026-04-29 15:40:30,,9,4
1958348083290487,1543501751290487,2025,42,5,5,2029.0,2.0,1,MIVI,1,MIVI,2,2026-04-29 15:40:30,,9,4
1958348084290487,1543501751290487,2025,42,5,5,2029.0,1.0,1,ROMU,1,ROMU,3,2026-04-29 15:40:30,,9,4
1958348085290487,1543501751290487,2025,42,5,5,2029.0,2.0,1,ROMU,1,ROMU,10,2026-04-29 15:40:30,,9,4
1958348086290487,1543501751290487,2025,42,5,5,2029.0,4.0,1,ROMU,1,ROMU,2,2026-04-29 15:40:30,,9,4
1958348220290487,1543501842290487,2025,42,6,121,2158.0,1.0,1,ALPE4,1,ALPE4,1,2026-04-29 15:40:31,,9,4
1958348221290487,1543501842290487,2025,42,6,121,2158.0,2.0,1,ALPE4,1,ALPE4,1,2026-04-29 15:40:31,,9,4
1958341700290487,1543502235290487,2025,42,8,25,2231.0,2.0,1,ALPE4,1,ALPE4,1,2026-04-29 15:40:17,,9,4
1958348222290487,1543501842290487,2025,42,6,121,2158.0,3.0,1,ALPE4,1,ALPE4,1,2026-04-29 15:40:31,,9,4
1958348223290487,1543501842290487,2025,42,6,121,2158.0,1.0,1,BETH,1,BETH,5,2026-04-29 15:40:31,,9,4
1958348224290487,1543501842290487,2025,42,6,121,2158.0,2.0,1,BETH,1,BETH,25,2026-04-29 15:40:31,,9,4
1958348225290487,1543501842290487,2025,42,6,121,2158.0,3.0,1,BETH,1,BETH,15,2026-04-29 15:40:31,,9,4
1958348226290487,1543501842290487,2025,42,6,121,2158.0,4.0,1,BETH,1,BETH,1,2026-04-29 15:40:31,,9,4
1958348227290487,1543501842290487,2025,42,6,121,2158.0,1.0,1,MIVI,1,MIVI,7,2026-04-29 15:40:31,,9,4
1852492163290487,1287138365290487,2024,42,9,95,1273.0,3.0,1,LIVU,1,LIVU,3,2025-05-07 07:37:29,,9,3
1852492164290487,1287138365290487,2024,42,9,95,1273.0,4.0,1,LIVU,1,LIVU,2,2025-05-07 07:37:29,,9,3
1852492165290487,1287138365290487,2024,42,9,95,1273.0,3.0,1,LOJA,1,LOJA,1,2025-05-07 07:37:29,,9,3
1852492166290487,1287138365290487,2024,42,9,95,1273.0,4.0,1,LOJA,1,LOJA,3,2025-05-07 07:37:29,,9,3
1852492167290487,1287138365290487,2024,42,9,95,1273.0,1.0,1,LOMO2,1,LOMO2,1,2025-05-07 07:37:29,,9,3
1852492168290487,1287138365290487,2024,42,9,95,1273.0,2.0,1,MIVI,1,MIVI,1,2025-05-07 07:37:29,,9,3
1852492169290487,1287138365290487,2024,42,9,95,1273.0,4.0,1,MIVI,1,MIVI,1,2025-05-07 07:37:29,,9,3
1852492170290487,1287138365290487,2024,42,9,95,1273.0,1.0,1,ROMU,1,ROMU,2,2025-05-07 07:37:29,,9,3
1852492171290487,1287138365290487,2024,42,9,95,1273.0,2.0,1,ROMU,1,ROMU,1,2025-05-07 07:37:29,,9,3
1852492172290487,1287138365290487,2024,42,9,95,1273.0,3.0,1,ROMU,1,ROMU,4,2025-05-07 07:37:29,,9,3
1852492173290487,1287138365290487,2024,42,9,95,1273.0,4.0,1,ROMU,1,ROMU,2,2025-05-07 07:37:29,,9,3
1852484801290487,1287138119290487,2024,42,6,31,409.0,1.0,1,LOMO2,1,LOMO2,1,2025-05-07 07:37:10,,9,3
1852484802290487,1287138119290487,2024,42,6,31,409.0,2.0,1,LOMO2,1,LOMO2,1,2025-05-07 07:37:10,,9,3
1852484803290487,1287138119290487,2024,42,6,31,409.0,3.0,1,LOMO2,1,LOMO2,1,2025-05-07 07:37:10,,9,3
1852484804290487,1287138119290487,2024,42,6,31,409.0,4.0,1,LOMO2,1,LOMO2,5,2025-05-07 07:37:10,,9,3
1852484805290487,1287138119290487,2024,42,6,31,409.0,3.0,1,ROMU,1,ROMU,1,2025-05-07 07:37:10,,9,3
1852484806290487,1287138119290487,2024,42,6,31,409.0,4.0,1,ROMU,1,ROMU,3,2025-05-07 07:37:10,,9,3
1852484947290487,1287138147290487,2024,42,6,105,1897.0,1.0,1,LOMO2,1,LOMO2,3,2025-05-07 07:37:11,,9,3
1852484948290487,1287138147290487,2024,42,6,105,1897.0,4.0,1,LOMO2,1,LOMO2,2,2025-05-07 07:37:11,,9,3
1852487215290487,1287138163290487,2024,42,6,83,1252.0,3.0,1,ROMU,1,ROMU,1,2025-05-07 07:37:17,,9,3
1852487608290487,1287138176290487,2024,42,7,13,456.0,3.0,1,AIAL,1,AIAL,3,2025-05-07 07:37:17,,9,3
1852487609290487,1287138176290487,2024,42,7,13,456.0,1.0,1,ALPE4,1,ALPE4,1,2025-05-07 07:37:17,,9,3
1852487610290487,1287138176290487,2024,42,7,13,456.0,2.0,1,ALPE4,1,ALPE4,3,2025-05-07 07:37:17,,9,3
1852487611290487,1287138176290487,2024,42,7,13,456.0,3.0,1,ALPE4,1,ALPE4,1,2025-05-07 07:37:17,,9,3
1852487612290487,1287138176290487,2024,42,7,13,456.0,4.0,1,ALPE4,1,ALPE4,1,2025-05-07 07:37:17,,9,3
1852487613290487,1287138176290487,2024,42,7,13,456.0,1.0,1,BETH,1,BETH,6,2025-05-07 07:37:17,,9,3
1852487614290487,1287138176290487,2024,42,7,13,456.0,2.0,1,BETH,1,BETH,3,2025-05-07 07:37:17,,9,3
1852487615290487,1287138176290487,2024,42,7,13,456.0,3.0,1,BETH,1,BETH,4,2025-05-07 07:37:17,,9,3
1852487616290487,1287138176290487,2024,42,7,13,456.0,4.0,1,BETH,1,BETH,1,2025-05-07 07:37:17,,9,3
1852487617290487,1287138176290487,2024,42,7,13,456.0,4.0,1,ELUM,1,ELUM,4,2025-05-07 07:37:17,,9,3
1852487618290487,1287138176290487,2024,42,7,13,456.0,2.0,1,LIVU,1,LIVU,1,2025-05-07 07:37:17,,9,3
1852487619290487,1287138176290487,2024,42,7,13,456.0,4.0,1,LIVU,1,LIVU,1,2025-05-07 07:37:17,,9,3
1852487620290487,1287138176290487,2024,42,7,13,456.0,1.0,1,LOMO2,1,LOMO2,3,2025-05-07 07:37:17,,9,3
1852487621290487,1287138176290487,2024,42,7,13,456.0,1.0,1,MIVI,1,MIVI,1,2025-05-07 07:37:17,,9,3
1852487622290487,1287138176290487,2024,42,7,13,456.0,2.0,1,MIVI,1,MIVI,8,2025-05-07 07:37:17,,9,3
1852487623290487,1287138176290487,2024,42,7,13,456.0,3.0,1,MIVI,1,MIVI,7,2025-05-07 07:37:17,,9,3
1852487624290487,1287138176290487,2024,42,7,13,456.0,4.0,1,MIVI,1,MIVI,8,2025-05-07 07:37:17,,9,3
1852487625290487,1287138176290487,2024,42,7,13,456.0,1.0,1,ROMU,1,ROMU,2,2025-05-07 07:37:17,,9,3
1852487626290487,1287138176290487,2024,42,7,13,456.0,2.0,1,ROMU,1,ROMU,3,2025-05-07 07:37:17,,9,3
1852487627290487,1287138176290487,2024,42,7,13,456.0,3.0,1,ROMU,1,ROMU,1,2025-05-07 07:37:17,,9,3
1852487628290487,1287138176290487,2024,42,7,13,456.0,4.0,1,ROMU,1,ROMU,3,2025-05-07 07:37:17,,9,3
1852487629290487,1287138176290487,2024,42,7,13,456.0,4.0,1,ROPS,1,ROPS,2,2025-05-07 07:37:17,,9,3
1852492582290487,1287138566290487,2024,42,8,15,4.0,3.0,2,POCU6,1,POCU6,40,2025-05-07 07:37:30,,9,3
1852485136290487,1287138237290487,2024,42,5,85,439.0,1.0,1,LOMO2,1,LOMO2,1,2025-05-07 07:37:11,,9,3
1852485137290487,1287138237290487,2024,42,5,85,439.0,4.0,1,MIVI,1,MIVI,1,2025-05-07 07:37:11,,9,3
1852485138290487,1287138237290487,2024,42,5,85,439.0,1.0,1,ROMU,1,ROMU,1,2025-05-07 07:37:11,,9,3
1852485139290487,1287138237290487,2024,42,5,85,439.0,2.0,1,ROMU,1,ROMU,5,2025-05-07 07:37:11,,9,3
1852485140290487,1287138237290487,2024,42,5,85,439.0,3.0,1,ROMU,1,ROMU,3,2025-05-07 07:37:11,,9,3
1852485141290487,1287138237290487,2024,42,5,85,439.0,4.0,1,ROMU,1,ROMU,1,2025-05-07 07:37:11,,9,3
1852490223290487,1287138222290487,2024,42,5,7,1291.0,4.0,1,ALPE4,1,ALPE4,1,2025-05-07 07:37:24,,9,3
1852490224290487,1287138222290487,2024,42,5,7,1291.0,1.0,1,BETH,1,BETH,1,2025-05-07 07:37:24,,9,3
1852490225290487,1287138222290487,2024,42,5,7,1291.0,1.0,1,CEOR7,1,CEOR7,1,2025-05-07 07:37:24,,9,3
1852490226290487,1287138222290487,2024,42,5,7,1291.0,3.0,3,CEOR7,1,CEOR7,3,2025-05-07 07:37:24,,9,3
1852490227290487,1287138222290487,2024,42,5,7,1291.0,4.0,1,CEOR7,1,CEOR7,1,2025-05-07 07:37:24,,9,3
1852490228290487,1287138222290487,2024,42,5,7,1291.0,1.0,1,LIVU,1,LIVU,1,2025-05-07 07:37:24,,9,3
1852490229290487,1287138222290487,2024,42,5,7,1291.0,3.0,3,LIVU,1,LIVU,1,2025-05-07 07:37:24,,9,3
1852490230290487,1287138222290487,2024,42,5,7,1291.0,4.0,1,LIVU,1,LIVU,1,2025-05-07 07:37:24,,9,3
1852490231290487,1287138222290487,2024,42,5,7,1291.0,1.0,1,LOMO2,1,LOMO2,1,2025-05-07 07:37:24,,9,3
1852490232290487,1287138222290487,2024,42,5,7,1291.0,3.0,3,LOMO2,1,LOMO2,1,2025-05-07 07:37:24,,9,3
1852490233290487,1287138222290487,2024,42,5,7,1291.0,4.0,1,LOMO2,1,LOMO2,8,2025-05-07 07:37:24,,9,3
1852490234290487,1287138222290487,2024,42,5,7,1291.0,3.0,3,MIVI,1,MIVI,6,2025-05-07 07:37:24,,9,3
1852490235290487,1287138222290487,2024,42,5,7,1291.0,3.0,3,PHAR3,1,PHAR3,1,2025-05-07 07:37:24,,9,3
1852490236290487,1287138222290487,2024,42,5,7,1291.0,1.0,1,ROMU,1,ROMU,2,2025-05-07 07:37:24,,9,3
1852490237290487,1287138222290487,2024,42,5,7,1291.0,3.0,3,ROMU,1,ROMU,8,2025-05-07 07:37:24,,9,3
1852490238290487,1287138222290487,2024,42,5,7,1291.0,4.0,1,ROMU,1,ROMU,3,2025-05-07 07:37:24,,9,3
1852490239290487,1287138222290487,2024,42,5,7,1291.0,1.0,1,ROPS,1,ROPS,1,2025-05-07 07:37:24,,9,3
1852490352290487,1287138240290487,2024,42,5,19,581.0,4.0,1,ALPE4,1,ALPE4,10,2025-05-07 07:37:24,,9,3
1852490353290487,1287138240290487,2024,42,5,19,581.0,2.0,1,BETH,1,BETH,1,2025-05-07 07:37:24,,9,3
1852490354290487,1287138240290487,2024,42,5,19,581.0,3.0,1,BETH,1,BETH,3,2025-05-07 07:37:24,,9,3
1852490355290487,1287138240290487,2024,42,5,19,581.0,4.0,1,BETH,1,BETH,3,2025-05-07 07:37:24,,9,3
1852490356290487,1287138240290487,2024,42,5,19,581.0,1.0,1,CEOR7,1,CEOR7,1,2025-05-07 07:37:24,,9,3
1852490357290487,1287138240290487,2024,42,5,19,581.0,2.0,1,CEOR7,1,CEOR7,8,2025-05-07 07:37:24,,9,3
1852490358290487,1287138240290487,2024,42,5,19,581.0,4.0,1,CEOR7,1,CEOR7,1,2025-05-07 07:37:24,,9,3
1852490359290487,1287138240290487,2024,42,5,19,581.0,1.0,1,LIVU,1,LIVU,1,2025-05-07 07:37:24,,9,3
1852490360290487,1287138240290487,2024,42,5,19,581.0,2.0,1,LIVU,1,LIVU,1,2025-05-07 07:37:24,,9,3
1852490361290487,1287138240290487,2024,42,5,19,581.0,4.0,1,LIVU,1,LIVU,1,2025-05-07 07:37:24,,9,3
1852490362290487,1287138240290487,2024,42,5,19,581.0,4.0,1,LOMO2,1,LOMO2,1,2025-05-07 07:37:24,,9,3
1852490363290487,1287138240290487,2024,42,5,19,581.0,1.0,1,MIVI,1,MIVI,3,2025-05-07 07:37:24,,9,3
1852490364290487,1287138240290487,2024,42,5,19,581.0,2.0,1,MIVI,1,MIVI,3,2025-05-07 07:37:24,,9,3
1852490365290487,1287138240290487,2024,42,5,19,581.0,3.0,1,MIVI,1,MIVI,8,2025-05-07 07:37:24,,9,3
1852490366290487,1287138240290487,2024,42,5,19,581.0,1.0,1,ROMU,1,ROMU,26,2025-05-07 07:37:24,,9,3
1852490367290487,1287138240290487,2024,42,5,19,581.0,2.0,1,ROMU,1,ROMU,60,2025-05-07 07:37:24,,9,3
1852490368290487,1287138240290487,2024,42,5,19,581.0,3.0,1,ROMU,1,ROMU,55,2025-05-07 07:37:24,,9,3
1852490369290487,1287138240290487,2024,42,5,19,581.0,4.0,1,ROMU,1,ROMU,30,2025-05-07 07:37:24,,9,3
1852490513290487,1287138273290487,2024,42,6,83,1292.0,1.0,1,LOMO2,1,LOMO2,1,2025-05-07 07:37:24,,9,3
1852490514290487,1287138273290487,2024,42,6,83,1292.0,2.0,1,LOMO2,1,LOMO2,1,2025-05-07 07:37:24,,9,3
1852490515290487,1287138273290487,2024,42,6,83,1292.0,3.0,1,ROMU,1,ROMU,28,2025-05-07 07:37:24,,9,3
1852482775290487,1287138698290487,2024,42,5,125,1264.0,3.0,2,BETH,1,BETH,15,2025-05-07 07:37:04,,9,3
1852482776290487,1287138698290487,2024,42,5,125,1264.0,3.0,2,MIVI,1,MIVI,40,2025-05-07 07:37:04,,9,3
1852482777290487,1287138698290487,2024,42,5,125,1264.0,3.0,2,ROMU,1,ROMU,10,2025-05-07 07:37:04,,9,3
1852487796290487,1287138258290487,2024,42,6,105,1455.0,3.0,1,ALPE4,1,ALPE4,1,2025-05-07 07:37:18,,9,3
1852487797290487,1287138258290487,2024,42,6,105,1455.0,1.0,1,BETH,1,BETH,2,2025-05-07 07:37:18,,9,3
1852487798290487,1287138258290487,2024,42,6,105,1455.0,2.0,1,BETH,1,BETH,1,2025-05-07 07:37:18,,9,3
1852487799290487,1287138258290487,2024,42,6,105,1455.0,3.0,1,BETH,1,BETH,1,2025-05-07 07:37:18,,9,3
1852487800290487,1287138258290487,2024,42,6,105,1455.0,2.0,1,ROMU,1,ROMU,1,2025-05-07 07:37:18,,9,3
1852490671290487,1287138286290487,2024,42,6,123,6197.0,1.0,1,BETH,1,BETH,1,2025-05-07 07:37:24,,9,3
1852490803290487,1287138305290487,2024,42,6,33,546.0,2.0,1,ELUM,1,ELUM,2,2025-05-07 07:37:25,,9,3
1852490804290487,1287138305290487,2024,42,6,33,546.0,3.0,1,ELUM,1,ELUM,32,2025-05-07 07:37:25,,9,3
1852490805290487,1287138305290487,2024,42,6,33,546.0,4.0,1,ELUM,1,ELUM,5,2025-05-07 07:37:25,,9,3
1852490806290487,1287138305290487,2024,42,6,33,546.0,2.0,1,LOMO2,1,LOMO2,1,2025-05-07 07:37:25,,9,3
1852490807290487,1287138305290487,2024,42,6,33,546.0,1.0,1,ROMU,1,ROMU,16,2025-05-07 07:37:25,,9,3
1852490808290487,1287138305290487,2024,42,6,33,546.0,2.0,1,ROMU,1,ROMU,3,2025-05-07 07:37:25,,9,3
1852490809290487,1287138305290487,2024,42,6,33,546.0,3.0,1,ROMU,1,ROMU,17,2025-05-07 07:37:25,,9,3
1852490810290487,1287138305290487,2024,42,6,33,546.0,4.0,1,ROMU,1,ROMU,1,2025-05-07 07:37:25,,9,3
1852490798290487,1287138305290487,2024,42,6,33,546.0,1.0,1,ALPE4,1,ALPE4,1,2025-05-07 07:37:25,,9,3
1852490799290487,1287138305290487,2024,42,6,33,546.0,3.0,1,ALPE4,1,ALPE4,1,2025-05-07 07:37:25,,9,3
1852490800290487,1287138305290487,2024,42,6,33,546.0,4.0,1,ALPE4,1,ALPE4,1,2025-05-07 07:37:25,,9,3
1852492162290487,1287138365290487,2024,42,9,95,1273.0,2.0,1,LIVU,1,LIVU,1,2025-05-07 07:37:29,,9,3
1852490801290487,1287138305290487,2024,42,6,33,546.0,2.0,1,BETH,1,BETH,1,2025-05-07 07:37:25,,9,3
1852490802290487,1287138305290487,2024,42,6,33,546.0,1.0,1,ELUM,1,ELUM,1,2025-05-07 07:37:25,,9,3
1852487986290487,1287138289290487,2024,42,6,31,1377.0,2.0,2,ALPE4,1,ALPE4,1,2025-05-07 07:37:18,,9,3
1852487987290487,1287138289290487,2024,42,6,31,1377.0,3.0,2,ALPE4,1,ALPE4,1,2025-05-07 07:37:18,,9,3
1852487988290487,1287138289290487,2024,42,6,31,1377.0,2.0,2,LIVU,1,LIVU,1,2025-05-07 07:37:18,,9,3
1852487989290487,1287138289290487,2024,42,6,31,1377.0,3.0,2,LIVU,1,LIVU,1,2025-05-07 07:37:18,,9,3
1852487990290487,1287138289290487,2024,42,6,31,1377.0,2.0,2,LOMO2,1,LOMO2,10,2025-05-07 07:37:18,,9,3
1852487991290487,1287138289290487,2024,42,6,31,1377.0,3.0,2,LOMO2,1,LOMO2,1,2025-05-07 07:37:18,,9,3
1852488272290487,1287138355290487,2024,42,8,115,1163.0,2.0,1,BETH,1,BETH,1,2025-05-07 07:37:19,,9,3
1852488273290487,1287138355290487,2024,42,8,115,1163.0,3.0,1,BETH,1,BETH,1,2025-05-07 07:37:19,,9,3
1852488274290487,1287138355290487,2024,42,8,115,1163.0,3.0,1,ELUM,1,ELUM,1,2025-05-07 07:37:19,,9,3
1852488275290487,1287138355290487,2024,42,8,115,1163.0,4.0,1,ELUM,1,ELUM,1,2025-05-07 07:37:19,,9,3
1852488276290487,1287138355290487,2024,42,8,115,1163.0,3.0,1,HEMA3,1,HEMA3,1,2025-05-07 07:37:19,,9,3
1852488277290487,1287138355290487,2024,42,8,115,1163.0,4.0,1,HEMA3,1,HEMA3,1,2025-05-07 07:37:19,,9,3
1852488278290487,1287138355290487,2024,42,8,115,1163.0,1.0,1,LONIC,1,LONIC,1,2025-05-07 07:37:19,,9,3
1852488279290487,1287138355290487,2024,42,8,115,1163.0,2.0,1,LONIC,1,LONIC,1,2025-05-07 07:37:19,,9,3
1852488280290487,1287138355290487,2024,42,8,115,1163.0,3.0,1,LONIC,1,LONIC,1,2025-05-07 07:37:19,,9,3
1852488281290487,1287138355290487,2024,42,8,115,1163.0,4.0,1,LONIC,1,LONIC,1,2025-05-07 07:37:19,,9,3
1852488282290487,1287138355290487,2024,42,8,115,1163.0,1.0,1,ROMU,1,ROMU,50,2025-05-07 07:37:19,,9,3
1852488283290487,1287138355290487,2024,42,8,115,1163.0,2.0,1,ROMU,1,ROMU,4,2025-05-07 07:37:19,,9,3
1852488284290487,1287138355290487,2024,42,8,115,1163.0,3.0,1,ROMU,1,ROMU,3,2025-05-07 07:37:19,,9,3
1852488285290487,1287138355290487,2024,42,8,115,1163.0,4.0,1,ROMU,1,ROMU,3,2025-05-07 07:37:19,,9,3
1852488286290487,1287138355290487,2024,42,8,115,1163.0,3.0,1,ROPS,1,ROPS,1,2025-05-07 07:37:19,,9,3
1852482952290487,1287138219290487,2024,42,5,19,1333.0,2.0,1,ALPE4,1,ALPE4,1,2025-05-07 07:37:06,,9,3
1852482953290487,1287138219290487,2024,42,5,19,1333.0,1.0,1,BETH,1,BETH,1,2025-05-07 07:37:06,,9,3
1852482954290487,1287138219290487,2024,42,5,19,1333.0,2.0,1,BETH,1,BETH,12,2025-05-07 07:37:06,,9,3
1852482955290487,1287138219290487,2024,42,5,19,1333.0,3.0,1,BETH,1,BETH,1,2025-05-07 07:37:06,,9,3
1852482956290487,1287138219290487,2024,42,5,19,1333.0,4.0,1,BETH,1,BETH,1,2025-05-07 07:37:06,,9,3
1852482957290487,1287138219290487,2024,42,5,19,1333.0,2.0,1,ELUM,1,ELUM,1,2025-05-07 07:37:06,,9,3
1852482958290487,1287138219290487,2024,42,5,19,1333.0,4.0,1,ELUM,1,ELUM,6,2025-05-07 07:37:06,,9,3
1852482959290487,1287138219290487,2024,42,5,19,1333.0,1.0,1,LIVU,1,LIVU,1,2025-05-07 07:37:06,,9,3
1852482960290487,1287138219290487,2024,42,5,19,1333.0,2.0,1,LIVU,1,LIVU,9,2025-05-07 07:37:06,,9,3
1852482961290487,1287138219290487,2024,42,5,19,1333.0,3.0,1,LIVU,1,LIVU,26,2025-05-07 07:37:06,,9,3
1852482962290487,1287138219290487,2024,42,5,19,1333.0,4.0,1,LIVU,1,LIVU,1,2025-05-07 07:37:06,,9,3
1852482963290487,1287138219290487,2024,42,5,19,1333.0,1.0,1,LOMO2,1,LOMO2,1,2025-05-07 07:37:06,,9,3
1852482964290487,1287138219290487,2024,42,5,19,1333.0,2.0,1,LOMO2,1,LOMO2,1,2025-05-07 07:37:06,,9,3
1852482965290487,1287138219290487,2024,42,5,19,1333.0,3.0,1,LOMO2,1,LOMO2,1,2025-05-07 07:37:06,,9,3
1852482966290487,1287138219290487,2024,42,5,19,1333.0,4.0,1,LOMO2,1,LOMO2,1,2025-05-07 07:37:06,,9,3
1852482967290487,1287138219290487,2024,42,5,19,1333.0,1.0,1,MIVI,1,MIVI,53,2025-05-07 07:37:06,,9,3
1852482968290487,1287138219290487,2024,42,5,19,1333.0,2.0,1,MIVI,1,MIVI,49,2025-05-07 07:37:06,,9,3
1852482969290487,1287138219290487,2024,42,5,19,1333.0,3.0,1,MIVI,1,MIVI,53,2025-05-07 07:37:06,,9,3
1852482970290487,1287138219290487,2024,42,5,19,1333.0,4.0,1,MIVI,1,MIVI,3,2025-05-07 07:37:06,,9,3
1852482971290487,1287138219290487,2024,42,5,19,1333.0,1.0,1,ROMU,1,ROMU,1,2025-05-07 07:37:06,,9,3
1852482972290487,1287138219290487,2024,42,5,19,1333.0,2.0,1,ROMU,1,ROMU,16,2025-05-07 07:37:06,,9,3
1852482973290487,1287138219290487,2024,42,5,19,1333.0,3.0,1,ROMU,1,ROMU,1,2025-05-07 07:37:06,,9,3
1852482974290487,1287138219290487,2024,42,5,19,1333.0,4.0,1,ROMU,1,ROMU,5,2025-05-07 07:37:06,,9,3
1852488510290487,1287138446290487,2024,42,6,113,1595.0,2.0,1,ROMU,1,ROMU,1,2025-05-07 07:37:19,,9,3
1852491170290487,1287138380290487,2024,42,6,117,1692.0,2.0,2,ALPE4,1,ALPE4,5,2025-05-07 07:37:25,,9,3
1852491171290487,1287138380290487,2024,42,6,117,1692.0,4.0,2,ALPE4,1,ALPE4,5,2025-05-07 07:37:25,,9,3
1852491172290487,1287138380290487,2024,42,6,117,1692.0,2.0,2,ROMU,1,ROMU,6,2025-05-07 07:37:25,,9,3
1852491173290487,1287138380290487,2024,42,6,117,1692.0,4.0,2,ROMU,1,ROMU,7,2025-05-07 07:37:25,,9,3
1852485512290487,1287138352290487,2024,42,8,115,198.0,4.0,1,ROMU,1,ROMU,1,2025-05-07 07:37:12,,9,3
1852485659290487,1287138357290487,2024,42,8,103,1660.0,1.0,1,BETH,1,BETH,1,2025-05-07 07:37:13,,9,3
1852489171290487,1287138626290487,2024,42,8,127,1696.0,2.0,1,BETH,1,BETH,1,2025-05-07 07:37:21,,9,3
1852489172290487,1287138626290487,2024,42,8,127,1696.0,3.0,1,BETH,1,BETH,3,2025-05-07 07:37:21,,9,3
1852489173290487,1287138626290487,2024,42,8,127,1696.0,3.0,1,ROMU,1,ROMU,1,2025-05-07 07:37:21,,9,3
1852491311290487,1287138481290487,2024,42,6,117,1078.0,1.0,1,ROMU,1,ROMU,1,2025-05-07 07:37:26,,9,3
1852491312290487,1287138481290487,2024,42,6,117,1078.0,4.0,1,ROMU,1,ROMU,1,2025-05-07 07:37:26,,9,3
1852483430290487,1287138399290487,2024,42,9,1,1591.0,1.0,1,ALPE4,1,ALPE4,9,2025-05-07 07:37:07,,9,3
1852483431290487,1287138399290487,2024,42,9,1,1591.0,3.0,1,ALPE4,1,ALPE4,1,2025-05-07 07:37:07,,9,3
1852483432290487,1287138399290487,2024,42,9,1,1591.0,4.0,1,ALPE4,1,ALPE4,4,2025-05-07 07:37:07,,9,3
1852483433290487,1287138399290487,2024,42,9,1,1591.0,1.0,1,CEOR7,1,CEOR7,1,2025-05-07 07:37:07,,9,3
1852483434290487,1287138399290487,2024,42,9,1,1591.0,3.0,1,CEOR7,1,CEOR7,5,2025-05-07 07:37:07,,9,3
1852483435290487,1287138399290487,2024,42,9,1,1591.0,4.0,1,CEOR7,1,CEOR7,8,2025-05-07 07:37:07,,9,3
1852483436290487,1287138399290487,2024,42,9,1,1591.0,3.0,1,LIVU,1,LIVU,5,2025-05-07 07:37:07,,9,3
1852483437290487,1287138399290487,2024,42,9,1,1591.0,4.0,1,LIVU,1,LIVU,7,2025-05-07 07:37:07,,9,3
1852483438290487,1287138399290487,2024,42,9,1,1591.0,1.0,1,LOJA,1,LOJA,3,2025-05-07 07:37:07,,9,3
1852483439290487,1287138399290487,2024,42,9,1,1591.0,3.0,1,LOJA,1,LOJA,5,2025-05-07 07:37:07,,9,3
1852483440290487,1287138399290487,2024,42,9,1,1591.0,4.0,1,LOJA,1,LOJA,5,2025-05-07 07:37:07,,9,3
1852483441290487,1287138399290487,2024,42,9,1,1591.0,1.0,1,LOMA6,1,LOMA6,1,2025-05-07 07:37:07,,9,3
1852483442290487,1287138399290487,2024,42,9,1,1591.0,3.0,1,LOMA6,1,LOMA6,3,2025-05-07 07:37:07,,9,3
1852483443290487,1287138399290487,2024,42,9,1,1591.0,3.0,1,MIVI,1,MIVI,1,2025-05-07 07:37:07,,9,3
1852483444290487,1287138399290487,2024,42,9,1,1591.0,1.0,1,ROMU,1,ROMU,28,2025-05-07 07:37:07,,9,3
1852483445290487,1287138399290487,2024,42,9,1,1591.0,3.0,1,ROMU,1,ROMU,4,2025-05-07 07:37:07,,9,3
1852483446290487,1287138399290487,2024,42,9,1,1591.0,4.0,1,ROMU,1,ROMU,25,2025-05-07 07:37:07,,9,3
1852483447290487,1287138399290487,2024,42,9,1,1591.0,4.0,1,ROPS,1,ROPS,9,2025-05-07 07:37:07,,9,3
1852486098290487,1287138413290487,2024,42,0,43,1169.0,3.0,1,AIAL,1,AIAL,3,2025-05-07 07:37:13,,9,3
1852486099290487,1287138413290487,2024,42,0,43,1169.0,1.0,1,BETH,1,BETH,2,2025-05-07 07:37:13,,9,3
1852486100290487,1287138413290487,2024,42,0,43,1169.0,3.0,1,BETH,1,BETH,1,2025-05-07 07:37:13,,9,3
1852486101290487,1287138413290487,2024,42,0,43,1169.0,4.0,1,BETH,1,BETH,8,2025-05-07 07:37:13,,9,3
1852486102290487,1287138413290487,2024,42,0,43,1169.0,1.0,1,CEOR7,1,CEOR7,10,2025-05-07 07:37:13,,9,3
1852486103290487,1287138413290487,2024,42,0,43,1169.0,3.0,1,CEOR7,1,CEOR7,2,2025-05-07 07:37:13,,9,3
1852486104290487,1287138413290487,2024,42,0,43,1169.0,4.0,1,CEOR7,1,CEOR7,6,2025-05-07 07:37:13,,9,3
1852486105290487,1287138413290487,2024,42,0,43,1169.0,4.0,1,LOJA,1,LOJA,1,2025-05-07 07:37:13,,9,3
1852486106290487,1287138413290487,2024,42,0,43,1169.0,1.0,1,MIVI,1,MIVI,25,2025-05-07 07:37:13,,9,3
1852486107290487,1287138413290487,2024,42,0,43,1169.0,3.0,1,MIVI,1,MIVI,25,2025-05-07 07:37:13,,9,3
1852486108290487,1287138413290487,2024,42,0,43,1169.0,4.0,1,MIVI,1,MIVI,10,2025-05-07 07:37:13,,9,3
1852486109290487,1287138413290487,2024,42,0,43,1169.0,1.0,1,ROMU,1,ROMU,4,2025-05-07 07:37:13,,9,3
1852486110290487,1287138413290487,2024,42,0,43,1169.0,3.0,1,ROMU,1,ROMU,5,2025-05-07 07:37:13,,9,3
1852486111290487,1287138413290487,2024,42,0,43,1169.0,4.0,1,ROMU,1,ROMU,2,2025-05-07 07:37:13,,9,3
1852486112290487,1287138413290487,2024,42,0,43,1169.0,1.0,1,ROPS,1,ROPS,1,2025-05-07 07:37:13,,9,3
1852491507290487,1287138632290487,2024,42,8,79,725.0,2.0,1,ALPE4,1,ALPE4,3,2025-05-07 07:37:27,,9,3
1852491508290487,1287138632290487,2024,42,8,79,725.0,2.0,1,BETH,1,BETH,1,2025-05-07 07:37:27,,9,3
1852491509290487,1287138632290487,2024,42,8,79,725.0,2.0,1,MIVI,1,MIVI,1,2025-05-07 07:37:27,,9,3
1852491510290487,1287138632290487,2024,42,8,79,725.0,2.0,1,ROMU,1,ROMU,1,2025-05-07 07:37:27,,9,3
1852492661290487,1287138655290487,2024,42,0,119,1212.0,3.0,1,ACPL,1,ACPL,2,2025-05-07 07:37:30,,9,3
1852492662290487,1287138655290487,2024,42,0,119,1212.0,4.0,1,ACPL,1,ACPL,1,2025-05-07 07:37:30,,9,3
1852492663290487,1287138655290487,2024,42,0,119,1212.0,3.0,1,BETH,1,BETH,4,2025-05-07 07:37:30,,9,3
1852492664290487,1287138655290487,2024,42,0,119,1212.0,1.0,1,LOMA6,1,LOMA6,1,2025-05-07 07:37:30,,9,3
1852492665290487,1287138655290487,2024,42,0,119,1212.0,2.0,1,LOMA6,1,LOMA6,5,2025-05-07 07:37:30,,9,3
1852492666290487,1287138655290487,2024,42,0,119,1212.0,4.0,1,LOMA6,1,LOMA6,5,2025-05-07 07:37:30,,9,3
1852492667290487,1287138655290487,2024,42,0,119,1212.0,1.0,1,MIVI,1,MIVI,1,2025-05-07 07:37:30,,9,3
1852492668290487,1287138655290487,2024,42,0,119,1212.0,4.0,1,MIVI,1,MIVI,20,2025-05-07 07:37:30,,9,3
1852492669290487,1287138655290487,2024,42,0,119,1212.0,3.0,1,ROMU,1,ROMU,5,2025-05-07 07:37:30,,9,3
1852492840290487,1287138697290487,2024,42,5,125,207.0,1.0,1,ALPE4,1,ALPE4,20,2025-05-07 07:37:31,,9,3
1852492841290487,1287138697290487,2024,42,5,125,207.0,2.0,1,ALPE4,1,ALPE4,3,2025-05-07 07:37:31,,9,3
1852492842290487,1287138697290487,2024,42,5,125,207.0,3.0,1,ALPE4,1,ALPE4,25,2025-05-07 07:37:31,,9,3
1852492843290487,1287138697290487,2024,42,5,125,207.0,4.0,1,ALPE4,1,ALPE4,40,2025-05-07 07:37:31,,9,3
1852492844290487,1287138697290487,2024,42,5,125,207.0,1.0,1,CEOR7,1,CEOR7,10,2025-05-07 07:37:31,,9,3
1852492845290487,1287138697290487,2024,42,5,125,207.0,2.0,1,CEOR7,1,CEOR7,4,2025-05-07 07:37:31,,9,3
1852492846290487,1287138697290487,2024,42,5,125,207.0,3.0,1,CEOR7,1,CEOR7,10,2025-05-07 07:37:31,,9,3
1852492847290487,1287138697290487,2024,42,5,125,207.0,4.0,1,CEOR7,1,CEOR7,70,2025-05-07 07:37:31,,9,3
1852492848290487,1287138697290487,2024,42,5,125,207.0,2.0,1,LIVU,1,LIVU,1,2025-05-07 07:37:31,,9,3
1852492849290487,1287138697290487,2024,42,5,125,207.0,4.0,1,LIVU,1,LIVU,1,2025-05-07 07:37:31,,9,3
1852492850290487,1287138697290487,2024,42,5,125,207.0,4.0,1,LOMA6,1,LOMA6,1,2025-05-07 07:37:31,,9,3
1852492851290487,1287138697290487,2024,42,5,125,207.0,1.0,1,MIVI,1,MIVI,40,2025-05-07 07:37:31,,9,3
1852492852290487,1287138697290487,2024,42,5,125,207.0,2.0,1,MIVI,1,MIVI,12,2025-05-07 07:37:31,,9,3
1852492853290487,1287138697290487,2024,42,5,125,207.0,3.0,1,MIVI,1,MIVI,80,2025-05-07 07:37:31,,9,3
1852492854290487,1287138697290487,2024,42,5,125,207.0,4.0,1,MIVI,1,MIVI,25,2025-05-07 07:37:31,,9,3
1852492855290487,1287138697290487,2024,42,5,125,207.0,1.0,1,ROMU,1,ROMU,15,2025-05-07 07:37:31,,9,3
1852492856290487,1287138697290487,2024,42,5,125,207.0,2.0,1,ROMU,1,ROMU,7,2025-05-07 07:37:31,,9,3
1852492857290487,1287138697290487,2024,42,5,125,207.0,3.0,1,ROMU,1,ROMU,20,2025-05-07 07:37:31,,9,3
1852492858290487,1287138697290487,2024,42,5,125,207.0,4.0,1,ROMU,1,ROMU,1,2025-05-07 07:37:31,,9,3
1852492859290487,1287138697290487,2024,42,5,125,207.0,1.0,1,ROPS,1,ROPS,20,2025-05-07 07:37:31,,9,3
1852492860290487,1287138697290487,2024,42,5,125,207.0,3.0,1,ROPS,1,ROPS,50,2025-05-07 07:37:31,,9,3
1852574671290487,1287138547290487,2024,42,6,35,1930.0,4.0,1,AIAL,1,AIAL,1,2025-05-08 11:10:50,,9,3
1852574672290487,1287138547290487,2024,42,6,35,1930.0,2.0,1,ALPE4,1,ALPE4,2,2025-05-08 11:10:50,,9,3
1852574673290487,1287138547290487,2024,42,6,35,1930.0,2.0,1,BETH,1,BETH,2,2025-05-08 11:10:50,,9,3
1852574674290487,1287138547290487,2024,42,6,35,1930.0,2.0,1,ELUM,1,ELUM,7,2025-05-08 11:10:50,,9,3
1852574675290487,1287138547290487,2024,42,6,35,1930.0,2.0,1,LOMO2,1,LOMO2,5,2025-05-08 11:10:50,,9,3
1958341894290487,1543502300290487,2025,42,9,29,448.0,2.0,1,MIVI,1,MIVI,1,2026-04-29 15:40:17,,9,4
1958341895290487,1543502300290487,2025,42,9,29,448.0,3.0,1,MIVI,1,MIVI,1,2026-04-29 15:40:17,,9,4
1958341896290487,1543502300290487,2025,42,9,29,448.0,4.0,1,MIVI,1,MIVI,1,2026-04-29 15:40:17,,9,4
1958341897290487,1543502300290487,2025,42,9,29,448.0,1.0,1,ROMU,1,ROMU,1,2026-04-29 15:40:17,,9,4
1958341898290487,1543502300290487,2025,42,9,29,448.0,2.0,1,ROMU,1,ROMU,2,2026-04-29 15:40:17,,9,4
1958342138290487,1543501755290487,2025,42,7,21,2831.0,2.0,1,BETH,1,BETH,1,2026-04-29 15:40:18,,9,4
1958342281290487,1543501760290487,2025,42,7,111,2122.0,3.0,1,ROPS,1,ROPS,1,2026-04-29 15:40:18,,9,4
1958342485290487,1543501895290487,2025,42,6,47,2801.0,1.0,1,FRAL4,1,FRAL4,98,2026-04-29 15:40:19,,9,4
1958342486290487,1543501895290487,2025,42,6,47,2801.0,2.0,1,FRAL4,1,FRAL4,80,2026-04-29 15:40:19,,9,4
1958342487290487,1543501895290487,2025,42,6,47,2801.0,3.0,1,FRAL4,1,FRAL4,75,2026-04-29 15:40:19,,9,4
1852487992290487,1287138289290487,2024,42,6,31,1377.0,2.0,2,ROMU,1,ROMU,20,2025-05-07 07:37:18,,9,3
1852487993290487,1287138289290487,2024,42,6,31,1377.0,3.0,2,ROMU,1,ROMU,1,2025-05-07 07:37:18,,9,3
1852488130290487,1287138337290487,2024,42,6,33,700.0,1.0,2,ALPE4,1,ALPE4,1,2025-05-07 07:37:19,,9,3
1852488131290487,1287138337290487,2024,42,6,33,700.0,3.0,2,ALPE4,1,ALPE4,1,2025-05-07 07:37:19,,9,3
1852488132290487,1287138337290487,2024,42,6,33,700.0,4.0,2,ALPE4,1,ALPE4,1,2025-05-07 07:37:19,,9,3
1852488133290487,1287138337290487,2024,42,6,33,700.0,3.0,2,LIVU,1,LIVU,1,2025-05-07 07:37:19,,9,3
1852488134290487,1287138337290487,2024,42,6,33,700.0,4.0,2,LIVU,1,LIVU,7,2025-05-07 07:37:19,,9,3
1852488135290487,1287138337290487,2024,42,6,33,700.0,1.0,2,ROMU,1,ROMU,1,2025-05-07 07:37:19,,9,3
1852488136290487,1287138337290487,2024,42,6,33,700.0,3.0,2,ROMU,1,ROMU,2,2025-05-07 07:37:19,,9,3
1852488137290487,1287138337290487,2024,42,6,33,700.0,4.0,2,ROMU,1,ROMU,1,2025-05-07 07:37:19,,9,3
1852488138290487,1287138337290487,2024,42,6,33,700.0,3.0,2,ROPS,1,ROPS,1,2025-05-07 07:37:19,,9,3
1852488139290487,1287138337290487,2024,42,6,33,700.0,4.0,2,ROPS,1,ROPS,2,2025-05-07 07:37:19,,9,3
1852490976290487,1287138338290487,2024,42,7,21,1862.0,1.0,1,ELUM,1,ELUM,12,2025-05-07 07:37:25,,9,3
1852490977290487,1287138338290487,2024,42,7,21,1862.0,2.0,1,ELUM,1,ELUM,5,2025-05-07 07:37:25,,9,3
1852490978290487,1287138338290487,2024,42,7,21,1862.0,4.0,1,ELUM,1,ELUM,33,2025-05-07 07:37:25,,9,3
1852482888290487,1287138139290487,2024,42,7,111,851.0,4.0,2,BETH,1,BETH,8,2025-05-07 07:37:05,,9,3
1852488267290487,1287138355290487,2024,42,8,115,1163.0,1.0,1,ALPE4,1,ALPE4,1,2025-05-07 07:37:19,,9,3
1958341870290487,1543502300290487,2025,42,9,29,448.0,1.0,1,ACPL,1,ACPL,5,2026-04-29 15:40:17,,9,4
1958341871290487,1543502300290487,2025,42,9,29,448.0,2.0,1,ACPL,1,ACPL,3,2026-04-29 15:40:17,,9,4
1958341872290487,1543502300290487,2025,42,9,29,448.0,4.0,1,ACPL,1,ACPL,15,2026-04-29 15:40:17,,9,4
1958341873290487,1543502300290487,2025,42,9,29,448.0,3.0,1,AIAL,1,AIAL,1,2026-04-29 15:40:17,,9,4
1958341874290487,1543502300290487,2025,42,9,29,448.0,1.0,1,ALPE4,1,ALPE4,5,2026-04-29 15:40:17,,9,4
1958341875290487,1543502300290487,2025,42,9,29,448.0,2.0,1,ALPE4,1,ALPE4,1,2026-04-29 15:40:17,,9,4
1958341876290487,1543502300290487,2025,42,9,29,448.0,3.0,1,ALPE4,1,ALPE4,2,2026-04-29 15:40:17,,9,4
1958341877290487,1543502300290487,2025,42,9,29,448.0,4.0,1,ALPE4,1,ALPE4,25,2026-04-29 15:40:17,,9,4
1958341878290487,1543502300290487,2025,42,9,29,448.0,1.0,1,BETH,1,BETH,1,2026-04-29 15:40:17,,9,4
1958341879290487,1543502300290487,2025,42,9,29,448.0,2.0,1,BETH,1,BETH,1,2026-04-29 15:40:17,,9,4
1958341880290487,1543502300290487,2025,42,9,29,448.0,1.0,1,CEOR7,1,CEOR7,1,2026-04-29 15:40:17,,9,4
1958341881290487,1543502300290487,2025,42,9,29,448.0,2.0,1,CEOR7,1,CEOR7,1,2026-04-29 15:40:17,,9,4
1958341882290487,1543502300290487,2025,42,9,29,448.0,3.0,1,CEOR7,1,CEOR7,1,2026-04-29 15:40:17,,9,4
1958341883290487,1543502300290487,2025,42,9,29,448.0,1.0,1,LIVU,1,LIVU,1,2026-04-29 15:40:17,,9,4
1958341884290487,1543502300290487,2025,42,9,29,448.0,2.0,1,LIVU,1,LIVU,1,2026-04-29 15:40:17,,9,4
1958341885290487,1543502300290487,2025,42,9,29,448.0,4.0,1,LIVU,1,LIVU,1,2026-04-29 15:40:17,,9,4
1958341886290487,1543502300290487,2025,42,9,29,448.0,1.0,1,LOJA,1,LOJA,4,2026-04-29 15:40:17,,9,4
1958341887290487,1543502300290487,2025,42,9,29,448.0,2.0,1,LOJA,1,LOJA,1,2026-04-29 15:40:17,,9,4
1958341888290487,1543502300290487,2025,42,9,29,448.0,3.0,1,LOJA,1,LOJA,1,2026-04-29 15:40:17,,9,4
1958341889290487,1543502300290487,2025,42,9,29,448.0,4.0,1,LOJA,1,LOJA,4,2026-04-29 15:40:17,,9,4
1958341890290487,1543502300290487,2025,42,9,29,448.0,1.0,1,LOMA6,1,LOMA6,1,2026-04-29 15:40:17,,9,4
1958341891290487,1543502300290487,2025,42,9,29,448.0,2.0,1,LOMA6,1,LOMA6,2,2026-04-29 15:40:17,,9,4
1958341892290487,1543502300290487,2025,42,9,29,448.0,3.0,1,LOMA6,1,LOMA6,18,2026-04-29 15:40:17,,9,4
1958341893290487,1543502300290487,2025,42,9,29,448.0,1.0,1,MIVI,1,MIVI,1,2026-04-29 15:40:17,,9,4
1536641013290487,816544434290487,2022,42,7,21,3730.0,3.0,1,ROMU,1,ROMU,1,2024-01-05 14:22:09,,8,8
1536641014290487,816544434290487,2022,42,7,21,3730.0,4.0,1,ROMU,1,ROMU,3,2024-01-05 14:22:09,,8,8
1536641198290487,816544470290487,2022,42,7,111,3536.0,2.0,2,ALPE4,1,ALPE4,40,2024-01-05 14:22:09,,8,8
1536641199290487,816544470290487,2022,42,7,111,3536.0,1.0,2,ROMU,1,ROMU,50,2024-01-05 14:22:09,,8,8
1536641200290487,816544470290487,2022,42,7,111,3536.0,2.0,2,ROMU,1,ROMU,20,2024-01-05 14:22:09,,8,8
1536641201290487,816544470290487,2022,42,7,111,3536.0,4.0,2,ROMU,1,ROMU,1,2024-01-05 14:22:09,,8,8
1536641202290487,816544470290487,2022,42,7,111,3536.0,1.0,2,ROPS,1,ROPS,20,2024-01-05 14:22:09,,8,8
1536641203290487,816544470290487,2022,42,7,111,3536.0,2.0,2,ROPS,1,ROPS,15,2024-01-05 14:22:09,,8,8
1536641204290487,816544470290487,2022,42,7,111,3536.0,4.0,2,ROPS,1,ROPS,10,2024-01-05 14:22:09,,8,8
1536630820290487,816544685290487,2022,42,9,91,4654.0,3.0,2,ACPL,1,ACPL,12,2024-01-05 14:21:38,,8,8
1536630821290487,816544685290487,2022,42,9,91,4654.0,3.0,2,BETH,1,BETH,3,2024-01-05 14:21:38,,8,8
1536630822290487,816544685290487,2022,42,9,91,4654.0,3.0,2,CEOR7,1,CEOR7,2,2024-01-05 14:21:38,,8,8
1536630823290487,816544685290487,2022,42,9,91,4654.0,3.0,2,LIVU,1,LIVU,1,2024-01-05 14:21:38,,8,8
1536630824290487,816544685290487,2022,42,9,91,4654.0,3.0,2,LOJA,1,LOJA,1,2024-01-05 14:21:38,,8,8
1536630825290487,816544685290487,2022,42,9,91,4654.0,3.0,2,MIVI,1,MIVI,7,2024-01-05 14:21:38,,8,8
1536630826290487,816544685290487,2022,42,9,91,4654.0,3.0,2,ROMU,1,ROMU,2,2024-01-05 14:21:38,,8,8
1536635143290487,816544486290487,2022,42,5,129,5532.0,3.0,1,MIVI,1,MIVI,35,2024-01-05 14:21:48,,8,8
1536635144290487,816544486290487,2022,42,5,129,5532.0,3.0,1,ROMU,1,ROMU,2,2024-01-05 14:21:48,,8,8
1536635657290487,816544673290487,2022,42,8,127,4180.0,4.0,1,BETH,1,BETH,1,2024-01-05 14:21:49,,8,8
1536635658290487,816544673290487,2022,42,8,127,4180.0,1.0,1,MIVI,1,MIVI,1,2024-01-05 14:21:49,,8,8
1536635659290487,816544673290487,2022,42,8,127,4180.0,4.0,1,MIVI,1,MIVI,7,2024-01-05 14:21:49,,8,8
1536635660290487,816544673290487,2022,42,8,127,4180.0,1.0,1,ROMU,1,ROMU,1,2024-01-05 14:21:49,,8,8
1536635661290487,816544673290487,2022,42,8,127,4180.0,4.0,1,ROMU,1,ROMU,1,2024-01-05 14:21:49,,8,8
1536636900290487,816544416290487,2022,42,6,27,4606.0,3.0,1,ROMU,1,ROMU,20,2024-01-05 14:21:53,,8,8
1536636901290487,816544416290487,2022,42,6,27,4606.0,4.0,1,ROMU,1,ROMU,75,2024-01-05 14:21:53,,8,8
1536636881290487,816544416290487,2022,42,6,27,4606.0,1.0,1,ALPE4,1,ALPE4,1,2024-01-05 14:21:53,,8,8
1536636882290487,816544416290487,2022,42,6,27,4606.0,1.0,1,BETH,1,BETH,1,2024-01-05 14:21:53,,8,8
1536636883290487,816544416290487,2022,42,6,27,4606.0,2.0,1,BETH,1,BETH,6,2024-01-05 14:21:53,,8,8
1536636884290487,816544416290487,2022,42,6,27,4606.0,3.0,1,BETH,1,BETH,1,2024-01-05 14:21:53,,8,8
1536641012290487,816544434290487,2022,42,7,21,3730.0,2.0,1,LOJA,1,LOJA,1,2024-01-05 14:22:09,,8,8
1536636885290487,816544416290487,2022,42,6,27,4606.0,4.0,1,BETH,1,BETH,1,2024-01-05 14:21:53,,8,8
1536636886290487,816544416290487,2022,42,6,27,4606.0,1.0,1,LONIC,1,LONIC,10,2024-01-05 14:21:53,,8,8
1536636887290487,816544416290487,2022,42,6,27,4606.0,2.0,1,LONIC,1,LONIC,5,2024-01-05 14:21:53,,8,8
1536636888290487,816544416290487,2022,42,6,27,4606.0,3.0,1,LONIC,1,LONIC,45,2024-01-05 14:21:53,,8,8
1536636889290487,816544416290487,2022,42,6,27,4606.0,4.0,1,LONIC,1,LONIC,45,2024-01-05 14:21:53,,8,8
1536636890290487,816544416290487,2022,42,6,27,4606.0,1.0,1,MIVI,1,MIVI,1,2024-01-05 14:21:53,,8,8
1536636891290487,816544416290487,2022,42,6,27,4606.0,2.0,1,MIVI,1,MIVI,5,2024-01-05 14:21:53,,8,8
1536636892290487,816544416290487,2022,42,6,27,4606.0,3.0,1,MIVI,1,MIVI,5,2024-01-05 14:21:53,,8,8
1536636893290487,816544416290487,2022,42,6,27,4606.0,4.0,1,MIVI,1,MIVI,10,2024-01-05 14:21:53,,8,8
1536636894290487,816544416290487,2022,42,6,27,4606.0,1.0,1,RHCA3,1,RHCA3,15,2024-01-05 14:21:53,,8,8
1536636895290487,816544416290487,2022,42,6,27,4606.0,2.0,1,RHCA3,1,RHCA3,45,2024-01-05 14:21:53,,8,8
1536636896290487,816544416290487,2022,42,6,27,4606.0,3.0,1,RHCA3,1,RHCA3,1,2024-01-05 14:21:53,,8,8
1536636897290487,816544416290487,2022,42,6,27,4606.0,4.0,1,RHCA3,1,RHCA3,10,2024-01-05 14:21:53,,8,8
1536636898290487,816544416290487,2022,42,6,27,4606.0,1.0,1,ROMU,1,ROMU,15,2024-01-05 14:21:53,,8,8
1536636899290487,816544416290487,2022,42,6,27,4606.0,2.0,1,ROMU,1,ROMU,1,2024-01-05 14:21:53,,8,8
1536637054290487,816544436290487,2022,42,5,5,3364.0,2.0,2,BETH,1,BETH,1,2024-01-05 14:21:53,,8,8
1536637055290487,816544436290487,2022,42,5,5,3364.0,1.0,1,ELUM,1,ELUM,30,2024-01-05 14:21:53,,8,8
1536637056290487,816544436290487,2022,42,5,5,3364.0,2.0,2,ELUM,1,ELUM,45,2024-01-05 14:21:53,,8,8
1536637057290487,816544436290487,2022,42,5,5,3364.0,3.0,1,ELUM,1,ELUM,20,2024-01-05 14:21:53,,8,8
1536637058290487,816544436290487,2022,42,5,5,3364.0,4.0,3,ELUM,1,ELUM,10,2024-01-05 14:21:53,,8,8
1536637059290487,816544436290487,2022,42,5,5,3364.0,1.0,1,MIVI,1,MIVI,9,2024-01-05 14:21:53,,8,8
1536637060290487,816544436290487,2022,42,5,5,3364.0,2.0,2,MIVI,1,MIVI,2,2024-01-05 14:21:53,,8,8
1536637061290487,816544436290487,2022,42,5,5,3364.0,1.0,1,ROMU,1,ROMU,15,2024-01-05 14:21:53,,8,8
1536637062290487,816544436290487,2022,42,5,5,3364.0,2.0,2,ROMU,1,ROMU,35,2024-01-05 14:21:53,,8,8
1536630492290487,816544606290487,2022,42,8,15,4815.0,1.0,1,LONIC,1,LONIC,1,2024-01-05 14:21:37,,8,8
1536630493290487,816544606290487,2022,42,8,15,4815.0,2.0,1,LONIC,1,LONIC,2,2024-01-05 14:21:37,,8,8
1536630494290487,816544606290487,2022,42,8,15,4815.0,3.0,1,LONIC,1,LONIC,1,2024-01-05 14:21:37,,8,8
1536630495290487,816544606290487,2022,42,8,15,4815.0,4.0,1,LONIC,1,LONIC,1,2024-01-05 14:21:37,,8,8
1536630496290487,816544606290487,2022,42,8,15,4815.0,1.0,1,RHCA3,1,RHCA3,1,2024-01-05 14:21:37,,8,8
1536630497290487,816544606290487,2022,42,8,15,4815.0,4.0,1,RHCA3,1,RHCA3,1,2024-01-05 14:21:37,,8,8
1536629653290487,816544462290487,2022,42,6,105,3825.0,3.0,1,ROMU,1,ROMU,1,2024-01-05 14:21:35,,8,8
1536630498290487,816544606290487,2022,42,8,15,4815.0,1.0,1,ROMU,1,ROMU,2,2024-01-05 14:21:37,,8,8
1536630499290487,816544606290487,2022,42,8,15,4815.0,2.0,1,ROMU,1,ROMU,2,2024-01-05 14:21:37,,8,8
1536630500290487,816544606290487,2022,42,8,15,4815.0,3.0,1,ROMU,1,ROMU,1,2024-01-05 14:21:37,,8,8
1536630501290487,816544606290487,2022,42,8,15,4815.0,4.0,1,ROMU,1,ROMU,9,2024-01-05 14:21:37,,8,8
1536638570290487,816544659290487,2022,42,9,75,2954.0,2.0,2,ROMU,1,ROMU,1,2024-01-05 14:22:01,,8,8
1644984675290487,816544526290487,2022,42,7,51,5140.0,1.0,1,AIAL,1,AIAL,5,2024-07-16 09:41:50,,8,8
1644984676290487,816544526290487,2022,42,7,51,5140.0,2.0,1,AIAL,1,AIAL,25,2024-07-16 09:41:50,,8,8
1644984677290487,816544526290487,2022,42,7,51,5140.0,3.0,1,AIAL,1,AIAL,1,2024-07-16 09:41:50,,8,8
1644984678290487,816544526290487,2022,42,7,51,5140.0,3.0,1,ALPE4,1,ALPE4,1,2024-07-16 09:41:50,,8,8
1644984679290487,816544526290487,2022,42,7,51,5140.0,4.0,1,ALPE4,1,ALPE4,20,2024-07-16 09:41:50,,8,8
1644984680290487,816544526290487,2022,42,7,51,5140.0,2.0,1,CEOR7,1,CEOR7,1,2024-07-16 09:41:50,,8,8
1644984681290487,816544526290487,2022,42,7,51,5140.0,4.0,1,CEOR7,1,CEOR7,15,2024-07-16 09:41:50,,8,8
1644984682290487,816544526290487,2022,42,7,51,5140.0,2.0,1,LIVU,1,LIVU,10,2024-07-16 09:41:50,,8,8
1644984683290487,816544526290487,2022,42,7,51,5140.0,1.0,1,MIVI,1,MIVI,45,2024-07-16 09:41:50,,8,8
1644984684290487,816544526290487,2022,42,7,51,5140.0,2.0,1,MIVI,1,MIVI,10,2024-07-16 09:41:50,,8,8
1809185886290487,1192933528290487,2023,42,5,39,1932.0,1.0,1,ALPE4,1,ALPE4,1,2025-03-11 11:01:46,,9,2
1809185887290487,1192933528290487,2023,42,5,39,1932.0,2.0,1,ALPE4,1,ALPE4,1,2025-03-11 11:01:46,,9,2
1809185888290487,1192933528290487,2023,42,5,39,1932.0,2.0,1,LOMO2,1,LOMO2,1,2025-03-11 11:01:46,,9,2
1809185889290487,1192933528290487,2023,42,5,39,1932.0,1.0,1,LYNU,1,LYNU,1,2025-03-11 11:01:46,,9,2
1809185890290487,1192933528290487,2023,42,5,39,1932.0,2.0,1,LYNU,1,LYNU,5,2025-03-11 11:01:46,,9,2
1809185891290487,1192933528290487,2023,42,5,39,1932.0,3.0,1,LYNU,1,LYNU,6,2025-03-11 11:01:46,,9,2
1809185892290487,1192933528290487,2023,42,5,39,1932.0,4.0,1,LYNU,1,LYNU,4,2025-03-11 11:01:46,,9,2
1809185893290487,1192933528290487,2023,42,5,39,1932.0,1.0,1,PHAR3,1,PHAR3,4,2025-03-11 11:01:46,,9,2
1809185894290487,1192933528290487,2023,42,5,39,1932.0,2.0,1,PHAR3,1,PHAR3,1,2025-03-11 11:01:46,,9,2
1809185895290487,1192933528290487,2023,42,5,39,1932.0,3.0,1,PHAR3,1,PHAR3,1,2025-03-11 11:01:46,,9,2
1809185896290487,1192933528290487,2023,42,5,39,1932.0,4.0,1,PHAR3,1,PHAR3,2,2025-03-11 11:01:46,,9,2
1809185897290487,1192933528290487,2023,42,5,39,1932.0,1.0,1,ROMU,1,ROMU,1,2025-03-11 11:01:46,,9,2
1809185898290487,1192933528290487,2023,42,5,39,1932.0,2.0,1,ROMU,1,ROMU,2,2025-03-11 11:01:46,,9,2
1809185899290487,1192933528290487,2023,42,5,39,1932.0,3.0,1,ROMU,1,ROMU,1,2025-03-11 11:01:46,,9,2
1809185900290487,1192933528290487,2023,42,5,39,1932.0,4.0,1,ROMU,1,ROMU,2,2025-03-11 11:01:46,,9,2
1809186030290487,1192933541290487,2023,42,5,39,1603.0,2.0,1,BETH,1,BETH,1,2025-03-11 11:01:46,,9,2
1809186031290487,1192933541290487,2023,42,5,39,1603.0,3.0,1,BETH,1,BETH,1,2025-03-11 11:01:46,,9,2
1809186032290487,1192933541290487,2023,42,5,39,1603.0,4.0,1,BETH,1,BETH,1,2025-03-11 11:01:46,,9,2
1809186033290487,1192933541290487,2023,42,5,39,1603.0,3.0,1,LOMO2,1,LOMO2,1,2025-03-11 11:01:46,,9,2
1809186034290487,1192933541290487,2023,42,5,39,1603.0,1.0,1,ROMU,1,ROMU,11,2025-03-11 11:01:46,,9,2
1809186035290487,1192933541290487,2023,42,5,39,1603.0,2.0,1,ROMU,1,ROMU,1,2025-03-11 11:01:46,,9,2
1809186036290487,1192933541290487,2023,42,5,39,1603.0,3.0,1,ROMU,1,ROMU,30,2025-03-11 11:01:46,,9,2
1809186037290487,1192933541290487,2023,42,5,39,1603.0,4.0,1,ROMU,1,ROMU,3,2025-03-11 11:01:46,,9,2
1809186206290487,1192933556290487,2023,42,5,7,89.0,1.0,1,ALPE4,1,ALPE4,1,2025-03-11 11:01:47,,9,2
1809186207290487,1192933556290487,2023,42,5,7,89.0,2.0,1,ALPE4,1,ALPE4,2,2025-03-11 11:01:47,,9,2
1809186208290487,1192933556290487,2023,42,5,7,89.0,3.0,1,ALPE4,1,ALPE4,1,2025-03-11 11:01:47,,9,2
1809186209290487,1192933556290487,2023,42,5,7,89.0,4.0,1,ALPE4,1,ALPE4,1,2025-03-11 11:01:47,,9,2
1809186210290487,1192933556290487,2023,42,5,7,89.0,1.0,1,CEOR7,1,CEOR7,5,2025-03-11 11:01:47,,9,2
1809186211290487,1192933556290487,2023,42,5,7,89.0,2.0,1,CEOR7,1,CEOR7,1,2025-03-11 11:01:47,,9,2
1809186212290487,1192933556290487,2023,42,5,7,89.0,3.0,1,CEOR7,1,CEOR7,7,2025-03-11 11:01:47,,9,2
1809186213290487,1192933556290487,2023,42,5,7,89.0,4.0,1,CEOR7,1,CEOR7,1,2025-03-11 11:01:47,,9,2
1809186214290487,1192933556290487,2023,42,5,7,89.0,1.0,1,LOMO2,1,LOMO2,1,2025-03-11 11:01:47,,9,2
1809186215290487,1192933556290487,2023,42,5,7,89.0,4.0,1,LYNU,1,LYNU,1,2025-03-11 11:01:47,,9,2
1809186216290487,1192933556290487,2023,42,5,7,89.0,1.0,1,MIVI,1,MIVI,20,2025-03-11 11:01:47,,9,2
1809186217290487,1192933556290487,2023,42,5,7,89.0,2.0,1,MIVI,1,MIVI,5,2025-03-11 11:01:47,,9,2
1809186218290487,1192933556290487,2023,42,5,7,89.0,3.0,1,MIVI,1,MIVI,45,2025-03-11 11:01:47,,9,2
1809186219290487,1192933556290487,2023,42,5,7,89.0,4.0,1,MIVI,1,MIVI,2,2025-03-11 11:01:47,,9,2
1809186220290487,1192933556290487,2023,42,5,7,89.0,1.0,1,POSA4,1,POSA4,12,2025-03-11 11:01:47,,9,2
1809186221290487,1192933556290487,2023,42,5,7,89.0,1.0,1,ROMU,1,ROMU,5,2025-03-11 11:01:47,,9,2
1809186222290487,1192933556290487,2023,42,5,7,89.0,2.0,1,ROMU,1,ROMU,2,2025-03-11 11:01:47,,9,2
1809186223290487,1192933556290487,2023,42,5,7,89.0,3.0,1,ROMU,1,ROMU,6,2025-03-11 11:01:47,,9,2
1809186224290487,1192933556290487,2023,42,5,7,89.0,4.0,1,ROMU,1,ROMU,5,2025-03-11 11:01:47,,9,2
1809186225290487,1192933556290487,2023,42,5,7,89.0,2.0,1,ROPS,1,ROPS,8,2025-03-11 11:01:47,,9,2
1809186226290487,1192933556290487,2023,42,5,7,89.0,3.0,1,ROPS,1,ROPS,5,2025-03-11 11:01:47,,9,2
1809189201290487,1192933397290487,2023,42,8,107,1352.0,1.0,1,MIVI,1,MIVI,1,2025-03-11 11:01:55,,9,2
1809189202290487,1192933397290487,2023,42,8,107,1352.0,2.0,1,MIVI,1,MIVI,4,2025-03-11 11:01:55,,9,2
1809189203290487,1192933397290487,2023,42,8,107,1352.0,3.0,1,MIVI,1,MIVI,10,2025-03-11 11:01:55,,9,2
1809189204290487,1192933397290487,2023,42,8,107,1352.0,1.0,1,POSA4,1,POSA4,2,2025-03-11 11:01:55,,9,2
1809189205290487,1192933397290487,2023,42,8,107,1352.0,3.0,1,POSA4,1,POSA4,3,2025-03-11 11:01:55,,9,2
1809189206290487,1192933397290487,2023,42,8,107,1352.0,1.0,1,ROPS,1,ROPS,3,2025-03-11 11:01:55,,9,2
1809189207290487,1192933397290487,2023,42,8,107,1352.0,3.0,1,ROPS,1,ROPS,1,2025-03-11 11:01:55,,9,2
1809187874290487,1192933434290487,2023,42,6,123,505.0,1.0,1,BETH,1,BETH,1,2025-03-11 11:01:51,,9,2
1809187875290487,1192933434290487,2023,42,6,123,505.0,2.0,1,BETH,1,BETH,1,2025-03-11 11:01:51,,9,2
1809187876290487,1192933434290487,2023,42,6,123,505.0,1.0,1,ROMU,1,ROMU,1,2025-03-11 11:01:51,,9,2
1809189386290487,1192933486290487,2023,42,5,63,1122.0,1.0,1,MIVI,1,MIVI,1,2025-03-11 11:01:56,,9,2
1809189087290487,1192933340290487,2023,42,9,11,1079.0,3.0,1,ROMU,1,ROMU,3,2025-03-11 11:01:55,,9,2
1809189387290487,1192933486290487,2023,42,5,63,1122.0,2.0,1,MIVI,1,MIVI,20,2025-03-11 11:01:56,,9,2
1809189388290487,1192933486290487,2023,42,5,63,1122.0,3.0,1,MIVI,1,MIVI,2,2025-03-11 11:01:56,,9,2
1809189530290487,1192933507290487,2023,42,0,61,593.0,3.0,1,BETH,1,BETH,1,2025-03-11 11:01:56,,9,2
1809189706290487,1192933559290487,2023,42,5,49,1395.0,4.0,1,AIAL,1,AIAL,1,2025-03-11 11:01:57,,9,2
1809189707290487,1192933559290487,2023,42,5,49,1395.0,1.0,1,ALPE4,1,ALPE4,2,2025-03-11 11:01:57,,9,2
1809189708290487,1192933559290487,2023,42,5,49,1395.0,2.0,1,ALPE4,1,ALPE4,1,2025-03-11 11:01:57,,9,2
1809189709290487,1192933559290487,2023,42,5,49,1395.0,3.0,1,ALPE4,1,ALPE4,1,2025-03-11 11:01:57,,9,2
1809189710290487,1192933559290487,2023,42,5,49,1395.0,4.0,1,ALPE4,1,ALPE4,2,2025-03-11 11:01:57,,9,2
1809189711290487,1192933559290487,2023,42,5,49,1395.0,2.0,1,FRAL4,1,FRAL4,2,2025-03-11 11:01:57,,9,2
1809189712290487,1192933559290487,2023,42,5,49,1395.0,3.0,1,FRAL4,1,FRAL4,2,2025-03-11 11:01:57,,9,2
1809189713290487,1192933559290487,2023,42,5,49,1395.0,1.0,1,LIVU,1,LIVU,17,2025-03-11 11:01:57,,9,2
1809189714290487,1192933559290487,2023,42,5,49,1395.0,3.0,1,LIVU,1,LIVU,1,2025-03-11 11:01:57,,9,2
1809189715290487,1192933559290487,2023,42,5,49,1395.0,4.0,1,LIVU,1,LIVU,2,2025-03-11 11:01:57,,9,2
1809189716290487,1192933559290487,2023,42,5,49,1395.0,1.0,1,LOMO2,1,LOMO2,37,2025-03-11 11:01:57,,9,2
1809189717290487,1192933559290487,2023,42,5,49,1395.0,2.0,1,LOMO2,1,LOMO2,95,2025-03-11 11:01:57,,9,2
1809189718290487,1192933559290487,2023,42,5,49,1395.0,3.0,1,LOMO2,1,LOMO2,100,2025-03-11 11:01:57,,9,2
1809189719290487,1192933559290487,2023,42,5,49,1395.0,4.0,1,LOMO2,1,LOMO2,55,2025-03-11 11:01:57,,9,2
1852478501290487,1287138680290487,2024,42,0,99,1226.0,1.0,1,ROMU,1,ROMU,3,2025-05-07 07:36:52,,9,3
1852478502290487,1287138680290487,2024,42,0,99,1226.0,2.0,1,ROMU,1,ROMU,1,2025-05-07 07:36:52,,9,3
1852478503290487,1287138680290487,2024,42,0,99,1226.0,3.0,1,ROMU,1,ROMU,4,2025-05-07 07:36:52,,9,3
1852478504290487,1287138680290487,2024,42,0,99,1226.0,4.0,1,ROMU,1,ROMU,3,2025-05-07 07:36:52,,9,3
1852481275290487,1287138232290487,2024,42,6,121,68.0,4.0,1,ROMU,1,ROMU,8,2025-05-07 07:37:01,,9,3
1852481389290487,1287138238290487,2024,42,5,19,1091.0,1.0,1,ALPE4,1,ALPE4,1,2025-05-07 07:37:01,,9,3
1852481390290487,1287138238290487,2024,42,5,19,1091.0,3.0,1,ALPE4,1,ALPE4,1,2025-05-07 07:37:01,,9,3
1852481391290487,1287138238290487,2024,42,5,19,1091.0,4.0,1,ALPE4,1,ALPE4,1,2025-05-07 07:37:01,,9,3
1852481392290487,1287138238290487,2024,42,5,19,1091.0,1.0,1,MIVI,1,MIVI,1,2025-05-07 07:37:01,,9,3
1852481393290487,1287138238290487,2024,42,5,19,1091.0,1.0,1,ROMU,1,ROMU,21,2025-05-07 07:37:01,,9,3
1852481394290487,1287138238290487,2024,42,5,19,1091.0,3.0,1,ROMU,1,ROMU,1,2025-05-07 07:37:01,,9,3
1852481395290487,1287138238290487,2024,42,5,19,1091.0,4.0,1,ROMU,1,ROMU,16,2025-05-07 07:37:01,,9,3
1852478687290487,1287138052290487,2024,42,5,129,33.0,3.0,1,AIAL,1,AIAL,18,2025-05-07 07:36:53,,9,3
1852478688290487,1287138052290487,2024,42,5,129,33.0,1.0,1,ALPE4,1,ALPE4,20,2025-05-07 07:36:53,,9,3
1852478689290487,1287138052290487,2024,42,5,129,33.0,2.0,1,ALPE4,1,ALPE4,1,2025-05-07 07:36:53,,9,3
1852478690290487,1287138052290487,2024,42,5,129,33.0,3.0,1,ALPE4,1,ALPE4,25,2025-05-07 07:36:53,,9,3
1852478691290487,1287138052290487,2024,42,5,129,33.0,4.0,1,ALPE4,1,ALPE4,5,2025-05-07 07:36:53,,9,3
1852574677290487,1287138547290487,2024,42,6,35,1930.0,3.0,1,MIVI,1,MIVI,1,2025-05-08 11:10:50,,9,3
1852574678290487,1287138547290487,2024,42,6,35,1930.0,2.0,1,ROMU,1,ROMU,1,2025-05-08 11:10:50,,9,3
1852480617290487,1287138063290487,2024,42,0,99,1207.0,2.0,2,CEOR7,1,CEOR7,17,2025-05-07 07:36:59,,9,3
1852480618290487,1287138063290487,2024,42,0,99,1207.0,4.0,2,CEOR7,1,CEOR7,2,2025-05-07 07:36:59,,9,3
1852480619290487,1287138063290487,2024,42,0,99,1207.0,4.0,2,ELUM,1,ELUM,3,2025-05-07 07:36:59,,9,3
1536630491290487,816544606290487,2022,42,8,15,4815.0,3.0,1,ELUM,1,ELUM,2,2024-01-05 14:21:37,,8,8
1852480620290487,1287138063290487,2024,42,0,99,1207.0,2.0,2,LIVU,1,LIVU,4,2025-05-07 07:36:59,,9,3
1852480621290487,1287138063290487,2024,42,0,99,1207.0,4.0,2,LOJA,1,LOJA,10,2025-05-07 07:36:59,,9,3
1852480622290487,1287138063290487,2024,42,0,99,1207.0,2.0,2,LONIC,1,LONIC,10,2025-05-07 07:36:59,,9,3
1852480623290487,1287138063290487,2024,42,0,99,1207.0,4.0,2,LONIC,1,LONIC,5,2025-05-07 07:36:59,,9,3
1852480624290487,1287138063290487,2024,42,0,99,1207.0,2.0,2,ROMU,1,ROMU,55,2025-05-07 07:36:59,,9,3
1852480625290487,1287138063290487,2024,42,0,99,1207.0,4.0,2,ROMU,1,ROMU,1,2025-05-07 07:36:59,,9,3
1852480890290487,1287138187290487,2024,42,5,129,1739.0,3.0,1,ROMU,1,ROMU,1,2025-05-07 07:37:00,,9,3
1852481041290487,1287138218290487,2024,42,5,73,1610.0,3.0,2,ALPE4,1,ALPE4,1,2025-05-07 07:37:00,,9,3
1852481042290487,1287138218290487,2024,42,5,73,1610.0,3.0,2,CEOR7,1,CEOR7,8,2025-05-07 07:37:00,,9,3
1852481043290487,1287138218290487,2024,42,5,73,1610.0,1.0,2,LOMO2,1,LOMO2,1,2025-05-07 07:37:00,,9,3
1958342629290487,1543501941290487,2025,42,6,27,2889.0,1.0,1,ROPS,1,ROPS,70,2026-04-29 15:40:19,,9,4
1958342630290487,1543501941290487,2025,42,6,27,2889.0,2.0,1,ROPS,1,ROPS,25,2026-04-29 15:40:19,,9,4
1958342631290487,1543501941290487,2025,42,6,27,2889.0,3.0,1,ROPS,1,ROPS,15,2026-04-29 15:40:19,,9,4
1958342632290487,1543501941290487,2025,42,6,27,2889.0,4.0,1,ROPS,1,ROPS,47,2026-04-29 15:40:19,,9,4
1958342952290487,1543502046290487,2025,42,6,35,2882.0,4.0,1,ALPE4,1,ALPE4,1,2026-04-29 15:40:20,,9,4
1958342953290487,1543502046290487,2025,42,6,35,2882.0,1.0,1,ROMU,1,ROMU,1,2026-04-29 15:40:20,,9,4
1958342954290487,1543502046290487,2025,42,6,35,2882.0,1.0,1,ROPS,1,ROPS,1,2026-04-29 15:40:20,,9,4
1958342955290487,1543502046290487,2025,42,6,35,2882.0,3.0,1,ROPS,1,ROPS,1,2026-04-29 15:40:20,,9,4
1958343288290487,1543502128290487,2025,42,8,37,2364.0,4.0,2,BETH,1,BETH,1,2026-04-29 15:40:20,,9,4
1958343289290487,1543502128290487,2025,42,8,37,2364.0,4.0,2,CEOR7,1,CEOR7,1,2026-04-29 15:40:20,,9,4
1958343290290487,1543502128290487,2025,42,8,37,2364.0,4.0,2,CIAR4,1,CIAR4,1,2026-04-29 15:40:20,,9,4
1958343291290487,1543502128290487,2025,42,8,37,2364.0,4.0,2,ELUM,1,ELUM,4,2026-04-29 15:40:20,,9,4
1958343292290487,1543502128290487,2025,42,8,37,2364.0,4.0,2,LIVU,1,LIVU,1,2026-04-29 15:40:20,,9,4
1958343293290487,1543502128290487,2025,42,8,37,2364.0,4.0,2,MIVI,1,MIVI,41,2026-04-29 15:40:20,,9,4
1958343294290487,1543502128290487,2025,42,8,37,2364.0,4.0,2,ROMU,1,ROMU,1,2026-04-29 15:40:20,,9,4
1958343358290487,1543502171290487,2025,42,0,67,2304.0,1.0,1,ALPE4,1,ALPE4,1,2026-04-29 15:40:20,,9,4
1958343359290487,1543502171290487,2025,42,0,67,2304.0,2.0,1,ALPE4,1,ALPE4,20,2026-04-29 15:40:20,,9,4
1958343360290487,1543502171290487,2025,42,0,67,2304.0,3.0,1,ALPE4,1,ALPE4,3,2026-04-29 15:40:20,,9,4
1958343361290487,1543502171290487,2025,42,0,67,2304.0,4.0,1,ALPE4,1,ALPE4,2,2026-04-29 15:40:20,,9,4
1958343362290487,1543502171290487,2025,42,0,67,2304.0,1.0,1,BETH,1,BETH,2,2026-04-29 15:40:20,,9,4
1958343363290487,1543502171290487,2025,42,0,67,2304.0,4.0,1,CEOR7,1,CEOR7,1,2026-04-29 15:40:20,,9,4
1958343364290487,1543502171290487,2025,42,0,67,2304.0,3.0,1,ELUM,1,ELUM,1,2026-04-29 15:40:20,,9,4
1958343365290487,1543502171290487,2025,42,0,67,2304.0,1.0,1,LOJA,1,LOJA,1,2026-04-29 15:40:20,,9,4
1958343366290487,1543502171290487,2025,42,0,67,2304.0,4.0,1,LOMA6,1,LOMA6,2,2026-04-29 15:40:20,,9,4
1958343367290487,1543502171290487,2025,42,0,67,2304.0,1.0,1,MIVI,1,MIVI,96,2026-04-29 15:40:20,,9,4
1958343368290487,1543502171290487,2025,42,0,67,2304.0,2.0,1,MIVI,1,MIVI,90,2026-04-29 15:40:20,,9,4
1958343369290487,1543502171290487,2025,42,0,67,2304.0,3.0,1,MIVI,1,MIVI,98,2026-04-29 15:40:20,,9,4
1958343370290487,1543502171290487,2025,42,0,67,2304.0,4.0,1,MIVI,1,MIVI,90,2026-04-29 15:40:20,,9,4
1958343371290487,1543502171290487,2025,42,0,67,2304.0,1.0,1,ROMU,1,ROMU,1,2026-04-29 15:40:20,,9,4
1958343372290487,1543502171290487,2025,42,0,67,2304.0,2.0,1,ROMU,1,ROMU,1,2026-04-29 15:40:20,,9,4
1958343373290487,1543502171290487,2025,42,0,67,2304.0,3.0,1,ROMU,1,ROMU,1,2026-04-29 15:40:20,,9,4
1958343374290487,1543502171290487,2025,42,0,67,2304.0,4.0,1,ROMU,1,ROMU,1,2026-04-29 15:40:20,,9,4
1958343375290487,1543502171290487,2025,42,0,67,2304.0,1.0,1,ROPS,1,ROPS,15,2026-04-29 15:40:20,,9,4
1958343376290487,1543502171290487,2025,42,0,67,2304.0,2.0,1,ROPS,1,ROPS,12,2026-04-29 15:40:20,,9,4
1958343377290487,1543502171290487,2025,42,0,67,2304.0,4.0,1,ROPS,1,ROPS,2,2026-04-29 15:40:20,,9,4
1958343672290487,1543502326290487,2025,42,5,7,2423.0,1.0,1,ALPE4,1,ALPE4,1,2026-04-29 15:40:21,,9,4
1958343673290487,1543502326290487,2025,42,5,7,2423.0,2.0,1,ALPE4,1,ALPE4,1,2026-04-29 15:40:21,,9,4
1958343674290487,1543502326290487,2025,42,5,7,2423.0,3.0,1,ALPE4,1,ALPE4,1,2026-04-29 15:40:21,,9,4
1958343675290487,1543502326290487,2025,42,5,7,2423.0,4.0,1,ALPE4,1,ALPE4,1,2026-04-29 15:40:21,,9,4
1958343676290487,1543502326290487,2025,42,5,7,2423.0,3.0,1,BETH,1,BETH,2,2026-04-29 15:40:21,,9,4
1958343677290487,1543502326290487,2025,42,5,7,2423.0,1.0,1,LOMO2,1,LOMO2,1,2026-04-29 15:40:21,,9,4
1958343678290487,1543502326290487,2025,42,5,7,2423.0,3.0,1,ROMU,1,ROMU,1,2026-04-29 15:40:21,,9,4
1958343679290487,1543502326290487,2025,42,5,7,2423.0,4.0,1,ROMU,1,ROMU,1,2026-04-29 15:40:21,,9,4
1958344197290487,1543501804290487,2025,42,6,105,1110.0,1.0,1,ROMU,1,ROMU,1,2026-04-29 15:40:22,,9,4
1958344198290487,1543501804290487,2025,42,6,105,1110.0,2.0,1,ROMU,1,ROMU,1,2026-04-29 15:40:22,,9,4
1958344199290487,1543501804290487,2025,42,6,105,1110.0,4.0,1,ROMU,1,ROMU,1,2026-04-29 15:40:22,,9,4
1958344362290487,1543501841290487,2025,42,6,121,2714.0,3.0,2,ALPE4,1,ALPE4,1,2026-04-29 15:40:22,,9,4
1958344363290487,1543501841290487,2025,42,6,121,2714.0,1.0,1,BETH,1,BETH,1,2026-04-29 15:40:22,,9,4
1958344364290487,1543501841290487,2025,42,6,121,2714.0,2.0,2,BETH,1,BETH,1,2026-04-29 15:40:22,,9,4
1958344365290487,1543501841290487,2025,42,6,121,2714.0,1.0,1,ROMU,1,ROMU,1,2026-04-29 15:40:22,,9,4
1958344366290487,1543501841290487,2025,42,6,121,2714.0,2.0,2,ROMU,1,ROMU,10,2026-04-29 15:40:22,,9,4
1958344367290487,1543501841290487,2025,42,6,121,2714.0,3.0,2,ROMU,1,ROMU,10,2026-04-29 15:40:22,,9,4
1958344368290487,1543501841290487,2025,42,6,121,2714.0,4.0,2,ROMU,1,ROMU,3,2026-04-29 15:40:22,,9,4
1958344538290487,1543501851290487,2025,42,5,39,2187.0,3.0,1,LOMO2,1,LOMO2,1,2026-04-29 15:40:23,,9,4
1958344539290487,1543501851290487,2025,42,5,39,2187.0,1.0,1,ROMU,1,ROMU,5,2026-04-29 15:40:23,,9,4
1958344540290487,1543501851290487,2025,42,5,39,2187.0,2.0,1,ROMU,1,ROMU,15,2026-04-29 15:40:23,,9,4
1958344541290487,1543501851290487,2025,42,5,39,2187.0,3.0,1,ROMU,1,ROMU,72,2026-04-29 15:40:23,,9,4
1958344542290487,1543501851290487,2025,42,5,39,2187.0,4.0,1,ROMU,1,ROMU,92,2026-04-29 15:40:23,,9,4
1958344703290487,1543501878290487,2025,42,5,3,2918.0,3.0,2,ALPE4,1,ALPE4,10,2026-04-29 15:40:23,,9,4
1958344704290487,1543501878290487,2025,42,5,3,2918.0,3.0,2,BETH,1,BETH,18,2026-04-29 15:40:23,,9,4
1958344705290487,1543501878290487,2025,42,5,3,2918.0,3.0,2,CEOR7,1,CEOR7,10,2026-04-29 15:40:23,,9,4
1958344706290487,1543501878290487,2025,42,5,3,2918.0,3.0,2,LIVU,1,LIVU,20,2026-04-29 15:40:23,,9,4
1958344707290487,1543501878290487,2025,42,5,3,2918.0,3.0,2,LOJA,1,LOJA,3,2026-04-29 15:40:23,,9,4
1958344708290487,1543501878290487,2025,42,5,3,2918.0,3.0,2,LOMA6,1,LOMA6,5,2026-04-29 15:40:23,,9,4
1958344709290487,1543501878290487,2025,42,5,3,2918.0,3.0,2,MIVI,1,MIVI,70,2026-04-29 15:40:23,,9,4
1958344710290487,1543501878290487,2025,42,5,3,2918.0,3.0,2,ROMU,1,ROMU,20,2026-04-29 15:40:23,,9,4
1958344950290487,1543502013290487,2025,42,8,69,2188.0,1.0,1,ALPE4,1,ALPE4,1,2026-04-29 15:40:24,,9,4
1958344951290487,1543502013290487,2025,42,8,69,2188.0,2.0,1,ALPE4,1,ALPE4,1,2026-04-29 15:40:24,,9,4
1536629654290487,816544462290487,2022,42,6,105,3825.0,4.0,1,ROMU,1,ROMU,1,2024-01-05 14:21:35,,8,8
1536629983290487,816544518290487,2022,42,6,83,3907.0,4.0,2,BETH,1,BETH,2,2024-01-05 14:21:36,,8,8
1536629984290487,816544518290487,2022,42,6,83,3907.0,4.0,2,ROMU,1,ROMU,2,2024-01-05 14:21:36,,8,8
1536630028290487,816544559290487,2022,42,8,115,3218.0,3.0,1,ROMU,1,ROMU,1,2024-01-05 14:21:36,,8,8
1536630169290487,816544564290487,2022,42,8,89,5758.0,1.0,1,ALPE4,1,ALPE4,1,2024-01-05 14:21:36,,8,8
1536630170290487,816544564290487,2022,42,8,89,5758.0,2.0,1,ALPE4,1,ALPE4,1,2024-01-05 14:21:36,,8,8
1536630171290487,816544564290487,2022,42,8,89,5758.0,4.0,1,ALPE4,1,ALPE4,1,2024-01-05 14:21:36,,8,8
1536630172290487,816544564290487,2022,42,8,89,5758.0,1.0,1,BETH,1,BETH,1,2024-01-05 14:21:36,,8,8
1958342488290487,1543501895290487,2025,42,6,47,2801.0,4.0,1,FRAL4,1,FRAL4,98,2026-04-29 15:40:19,,9,4
1536630173290487,816544564290487,2022,42,8,89,5758.0,2.0,1,BETH,1,BETH,1,2024-01-05 14:21:36,,8,8
1536630174290487,816544564290487,2022,42,8,89,5758.0,3.0,1,BETH,1,BETH,1,2024-01-05 14:21:36,,8,8
1536630175290487,816544564290487,2022,42,8,89,5758.0,4.0,1,BETH,1,BETH,2,2024-01-05 14:21:36,,8,8
1536630176290487,816544564290487,2022,42,8,89,5758.0,4.0,1,CEOR7,1,CEOR7,1,2024-01-05 14:21:36,,8,8
1536630177290487,816544564290487,2022,42,8,89,5758.0,1.0,1,ELUM,1,ELUM,7,2024-01-05 14:21:36,,8,8
1536630178290487,816544564290487,2022,42,8,89,5758.0,2.0,1,ELUM,1,ELUM,4,2024-01-05 14:21:36,,8,8
1536630179290487,816544564290487,2022,42,8,89,5758.0,4.0,1,ELUM,1,ELUM,1,2024-01-05 14:21:36,,8,8
1536630180290487,816544564290487,2022,42,8,89,5758.0,4.0,1,LIVU,1,LIVU,1,2024-01-05 14:21:36,,8,8
1536630181290487,816544564290487,2022,42,8,89,5758.0,1.0,1,MIVI,1,MIVI,1,2024-01-05 14:21:36,,8,8
1536630182290487,816544564290487,2022,42,8,89,5758.0,2.0,1,MIVI,1,MIVI,1,2024-01-05 14:21:36,,8,8
1536630183290487,816544564290487,2022,42,8,89,5758.0,4.0,1,MIVI,1,MIVI,1,2024-01-05 14:21:36,,8,8
1536630184290487,816544564290487,2022,42,8,89,5758.0,1.0,1,ROMU,1,ROMU,1,2024-01-05 14:21:36,,8,8
1536630185290487,816544564290487,2022,42,8,89,5758.0,2.0,1,ROMU,1,ROMU,1,2024-01-05 14:21:36,,8,8
1536630186290487,816544564290487,2022,42,8,89,5758.0,3.0,1,ROMU,1,ROMU,1,2024-01-05 14:21:36,,8,8
1536630187290487,816544564290487,2022,42,8,89,5758.0,4.0,1,ROMU,1,ROMU,1,2024-01-05 14:21:36,,8,8
1536630335290487,816544578290487,2022,42,0,99,5778.0,2.0,2,MIVI,1,MIVI,2,2024-01-05 14:21:37,,8,8
1536630336290487,816544578290487,2022,42,0,99,5778.0,4.0,2,MIVI,1,MIVI,1,2024-01-05 14:21:37,,8,8
1536630337290487,816544578290487,2022,42,0,99,5778.0,1.0,2,ROPS,1,ROPS,1,2024-01-05 14:21:37,,8,8
1536630486290487,816544606290487,2022,42,8,15,4815.0,3.0,1,ALPE4,1,ALPE4,1,2024-01-05 14:21:37,,8,8
1536630487290487,816544606290487,2022,42,8,15,4815.0,4.0,1,ALPE4,1,ALPE4,1,2024-01-05 14:21:37,,8,8
1536630488290487,816544606290487,2022,42,8,15,4815.0,3.0,1,BETH,1,BETH,1,2024-01-05 14:21:37,,8,8
1536630489290487,816544606290487,2022,42,8,15,4815.0,1.0,1,ELUM,1,ELUM,3,2024-01-05 14:21:37,,8,8
1536630490290487,816544606290487,2022,42,8,15,4815.0,2.0,1,ELUM,1,ELUM,3,2024-01-05 14:21:37,,8,8
1852481044290487,1287138218290487,2024,42,5,73,1610.0,3.0,2,LOMO2,1,LOMO2,7,2025-05-07 07:37:00,,9,3
1852481045290487,1287138218290487,2024,42,5,73,1610.0,1.0,2,ROMU,1,ROMU,2,2025-05-07 07:37:00,,9,3
1852481046290487,1287138218290487,2024,42,5,73,1610.0,3.0,2,ROMU,1,ROMU,2,2025-05-07 07:37:00,,9,3
1852481900290487,1287138477290487,2024,42,6,117,1177.0,1.0,1,LOMO2,1,LOMO2,1,2025-05-07 07:37:02,,9,3
1852481901290487,1287138477290487,2024,42,6,117,1177.0,2.0,1,LOMO2,1,LOMO2,1,2025-05-07 07:37:02,,9,3
1852481902290487,1287138477290487,2024,42,6,117,1177.0,4.0,1,LOMO2,1,LOMO2,1,2025-05-07 07:37:02,,9,3
1852481903290487,1287138477290487,2024,42,6,117,1177.0,3.0,2,ROMU,1,ROMU,1,2025-05-07 07:37:02,,9,3
1852478490290487,1287138680290487,2024,42,0,99,1226.0,1.0,1,ALPE4,1,ALPE4,1,2025-05-07 07:36:52,,9,3
1852478491290487,1287138680290487,2024,42,0,99,1226.0,2.0,1,ALPE4,1,ALPE4,1,2025-05-07 07:36:52,,9,3
1852478492290487,1287138680290487,2024,42,0,99,1226.0,3.0,1,ALPE4,1,ALPE4,1,2025-05-07 07:36:52,,9,3
1852478493290487,1287138680290487,2024,42,0,99,1226.0,4.0,1,ALPE4,1,ALPE4,1,2025-05-07 07:36:52,,9,3
1852478494290487,1287138680290487,2024,42,0,99,1226.0,1.0,1,LOMA6,1,LOMA6,2,2025-05-07 07:36:52,,9,3
1852478495290487,1287138680290487,2024,42,0,99,1226.0,3.0,1,LOMA6,1,LOMA6,2,2025-05-07 07:36:52,,9,3
1852478496290487,1287138680290487,2024,42,0,99,1226.0,4.0,1,LOMA6,1,LOMA6,12,2025-05-07 07:36:52,,9,3
1852478497290487,1287138680290487,2024,42,0,99,1226.0,1.0,1,MIVI,1,MIVI,3,2025-05-07 07:36:52,,9,3
1852478498290487,1287138680290487,2024,42,0,99,1226.0,2.0,1,MIVI,1,MIVI,5,2025-05-07 07:36:52,,9,3
1852478499290487,1287138680290487,2024,42,0,99,1226.0,3.0,1,MIVI,1,MIVI,3,2025-05-07 07:36:52,,9,3
1852478500290487,1287138680290487,2024,42,0,99,1226.0,4.0,1,MIVI,1,MIVI,5,2025-05-07 07:36:52,,9,3
1852478692290487,1287138052290487,2024,42,5,129,33.0,1.0,1,ROMU,1,ROMU,15,2025-05-07 07:36:53,,9,3
1852478693290487,1287138052290487,2024,42,5,129,33.0,2.0,1,ROMU,1,ROMU,18,2025-05-07 07:36:53,,9,3
1852478694290487,1287138052290487,2024,42,5,129,33.0,3.0,1,ROMU,1,ROMU,35,2025-05-07 07:36:53,,9,3
1852478695290487,1287138052290487,2024,42,5,129,33.0,4.0,1,ROMU,1,ROMU,10,2025-05-07 07:36:53,,9,3
1852478878290487,1287138166290487,2024,42,6,23,1596.0,1.0,1,ALPE4,1,ALPE4,1,2025-05-07 07:36:54,,9,3
1852478879290487,1287138166290487,2024,42,6,23,1596.0,2.0,1,ALPE4,1,ALPE4,1,2025-05-07 07:36:54,,9,3
1644984686290487,816544526290487,2022,42,7,51,5140.0,1.0,1,ROMU,1,ROMU,8,2024-07-16 09:41:50,,8,8
1644984687290487,816544526290487,2022,42,7,51,5140.0,2.0,1,ROMU,1,ROMU,10,2024-07-16 09:41:50,,8,8
1644984688290487,816544526290487,2022,42,7,51,5140.0,3.0,1,ROMU,1,ROMU,1,2024-07-16 09:41:50,,8,8
1644984689290487,816544526290487,2022,42,7,51,5140.0,4.0,1,ROMU,1,ROMU,33,2024-07-16 09:41:50,,8,8
1644984690290487,816544526290487,2022,42,7,51,5140.0,1.0,1,ROPS,1,ROPS,40,2024-07-16 09:41:50,,8,8
1644984691290487,816544526290487,2022,42,7,51,5140.0,2.0,1,ROPS,1,ROPS,3,2024-07-16 09:41:50,,8,8
1644984692290487,816544526290487,2022,42,7,51,5140.0,3.0,1,ROPS,1,ROPS,20,2024-07-16 09:41:50,,8,8
1644985007290487,816544619290487,2022,42,0,43,4117.0,3.0,1,LOMO2,1,LOMO2,6,2024-07-16 09:41:53,,8,8
1644985008290487,816544619290487,2022,42,0,43,4117.0,4.0,1,LOMO2,1,LOMO2,2,2024-07-16 09:41:53,,8,8
1644985009290487,816544619290487,2022,42,0,43,4117.0,1.0,1,ROMU,1,ROMU,1,2024-07-16 09:41:53,,8,8
1644985010290487,816544619290487,2022,42,0,43,4117.0,3.0,1,ROMU,1,ROMU,3,2024-07-16 09:41:53,,8,8
1958350432290487,1543502218290487,2025,42,8,89,1491.0,4.0,1,CEOR7,1,CEOR7,3,2026-04-29 15:40:36,,9,4
1958350433290487,1543502218290487,2025,42,8,89,1491.0,1.0,1,ELUM,1,ELUM,10,2026-04-29 15:40:36,,9,4
1958350434290487,1543502218290487,2025,42,8,89,1491.0,4.0,1,ELUM,1,ELUM,85,2026-04-29 15:40:36,,9,4
1958350435290487,1543502218290487,2025,42,8,89,1491.0,1.0,1,HEMA3,1,HEMA3,1,2026-04-29 15:40:36,,9,4
1958350436290487,1543502218290487,2025,42,8,89,1491.0,2.0,1,HEMA3,1,HEMA3,1,2026-04-29 15:40:36,,9,4
1958350437290487,1543502218290487,2025,42,8,89,1491.0,4.0,1,HEMA3,1,HEMA3,1,2026-04-29 15:40:36,,9,4
1958350438290487,1543502218290487,2025,42,8,89,1491.0,1.0,1,LONIC,1,LONIC,1,2026-04-29 15:40:36,,9,4
1958350439290487,1543502218290487,2025,42,8,89,1491.0,1.0,1,MIVI,1,MIVI,3,2026-04-29 15:40:36,,9,4
1958350440290487,1543502218290487,2025,42,8,89,1491.0,2.0,1,MIVI,1,MIVI,17,2026-04-29 15:40:36,,9,4
1958350441290487,1543502218290487,2025,42,8,89,1491.0,1.0,1,ROMU,1,ROMU,1,2026-04-29 15:40:36,,9,4
1958350442290487,1543502218290487,2025,42,8,89,1491.0,2.0,1,ROMU,1,ROMU,1,2026-04-29 15:40:36,,9,4
1958350443290487,1543502218290487,2025,42,8,89,1491.0,4.0,1,ROMU,1,ROMU,1,2026-04-29 15:40:36,,9,4
1958350425290487,1543502218290487,2025,42,8,89,1491.0,1.0,1,ALPE4,1,ALPE4,5,2026-04-29 15:40:36,,9,4
1958337326290487,1543501889290487,2025,42,6,123,1277.0,2.0,1,BETH,1,BETH,1,2026-04-29 15:40:07,,9,4
1958337327290487,1543501889290487,2025,42,6,123,1277.0,4.0,1,BETH,1,BETH,1,2026-04-29 15:40:07,,9,4
1958349065290487,1543502256290487,2025,42,8,79,2400.0,3.0,1,BETH,1,BETH,1,2026-04-29 15:40:33,,9,4
1958337819290487,1543502034290487,2025,42,9,91,2156.0,4.0,1,ALPE4,1,ALPE4,1,2026-04-29 15:40:08,,9,4
1958337820290487,1543502034290487,2025,42,9,91,2156.0,4.0,3,ALPE4,1,ALPE4,10,2026-04-29 15:40:08,,9,4
1958337821290487,1543502034290487,2025,42,9,91,2156.0,4.0,3,ELUM,1,ELUM,1,2026-04-29 15:40:08,,9,4
1958337822290487,1543502034290487,2025,42,9,91,2156.0,4.0,3,LOMA6,1,LOMA6,1,2026-04-29 15:40:08,,9,4
1958337823290487,1543502034290487,2025,42,9,91,2156.0,3.0,1,LONIC,1,LONIC,1,2026-04-29 15:40:08,,9,4
1958337824290487,1543502034290487,2025,42,9,91,2156.0,4.0,3,LONIC,1,LONIC,1,2026-04-29 15:40:08,,9,4
1958337825290487,1543502034290487,2025,42,9,91,2156.0,4.0,1,MIVI,1,MIVI,3,2026-04-29 15:40:08,,9,4
1958337826290487,1543502034290487,2025,42,9,91,2156.0,4.0,3,MIVI,1,MIVI,30,2026-04-29 15:40:08,,9,4
1958337827290487,1543502034290487,2025,42,9,91,2156.0,1.0,1,ROMU,1,ROMU,1,2026-04-29 15:40:08,,9,4
1958337828290487,1543502034290487,2025,42,9,91,2156.0,3.0,1,ROMU,1,ROMU,1,2026-04-29 15:40:08,,9,4
1958337829290487,1543502034290487,2025,42,9,91,2156.0,4.0,3,ROMU,1,ROMU,1,2026-04-29 15:40:08,,9,4
1958338158290487,1543502106290487,2025,42,0,55,1954.0,1.0,1,BETH,1,BETH,1,2026-04-29 15:40:08,,9,4
1958338159290487,1543502106290487,2025,42,0,55,1954.0,3.0,1,BETH,1,BETH,20,2026-04-29 15:40:08,,9,4
1958338160290487,1543502106290487,2025,42,0,55,1954.0,3.0,1,CEOR7,1,CEOR7,2,2026-04-29 15:40:08,,9,4
1958338161290487,1543502106290487,2025,42,0,55,1954.0,1.0,1,ROMU,1,ROMU,1,2026-04-29 15:40:08,,9,4
1958338162290487,1543502106290487,2025,42,0,55,1954.0,3.0,1,ROMU,1,ROMU,4,2026-04-29 15:40:08,,9,4
1958350005290487,1543501831290487,2025,42,5,85,2468.0,2.0,2,LIVU,1,LIVU,1,2026-04-29 15:40:34,,9,4
1958350006290487,1543501831290487,2025,42,5,85,2468.0,2.0,2,ROMU,1,ROMU,5,2026-04-29 15:40:34,,9,4
1958350076290487,1543501882290487,2025,42,5,3,2460.0,2.0,2,CEOR7,1,CEOR7,3,2026-04-29 15:40:35,,9,4
1958338399290487,1543502351290487,2025,42,5,59,2284.0,1.0,1,ALPE4,1,ALPE4,1,2026-04-29 15:40:09,,9,4
1958338400290487,1543502351290487,2025,42,5,59,2284.0,2.0,1,ALPE4,1,ALPE4,1,2026-04-29 15:40:09,,9,4
1958338401290487,1543502351290487,2025,42,5,59,2284.0,3.0,1,ALPE4,1,ALPE4,1,2026-04-29 15:40:09,,9,4
1958338402290487,1543502351290487,2025,42,5,59,2284.0,4.0,1,ALPE4,1,ALPE4,5,2026-04-29 15:40:09,,9,4
1958338403290487,1543502351290487,2025,42,5,59,2284.0,1.0,1,MIVI,1,MIVI,95,2026-04-29 15:40:09,,9,4
1958338404290487,1543502351290487,2025,42,5,59,2284.0,2.0,1,MIVI,1,MIVI,10,2026-04-29 15:40:09,,9,4
1958338405290487,1543502351290487,2025,42,5,59,2284.0,3.0,1,MIVI,1,MIVI,3,2026-04-29 15:40:09,,9,4
1958338406290487,1543502351290487,2025,42,5,59,2284.0,4.0,1,MIVI,1,MIVI,40,2026-04-29 15:40:09,,9,4
1958338598290487,1543501728290487,2025,42,5,129,615.0,1.0,1,ALPE4,1,ALPE4,1,2026-04-29 15:40:10,,9,4
1958338599290487,1543501728290487,2025,42,5,129,615.0,3.0,1,ALPE4,1,ALPE4,1,2026-04-29 15:40:10,,9,4
1958338600290487,1543501728290487,2025,42,5,129,615.0,1.0,1,BETH,1,BETH,1,2026-04-29 15:40:10,,9,4
1958338601290487,1543501728290487,2025,42,5,129,615.0,2.0,1,BETH,1,BETH,10,2026-04-29 15:40:10,,9,4
1958338602290487,1543501728290487,2025,42,5,129,615.0,4.0,1,BETH,1,BETH,30,2026-04-29 15:40:10,,9,4
1958338603290487,1543501728290487,2025,42,5,129,615.0,1.0,1,CEOR7,1,CEOR7,20,2026-04-29 15:40:10,,9,4
1958338604290487,1543501728290487,2025,42,5,129,615.0,2.0,1,CEOR7,1,CEOR7,30,2026-04-29 15:40:10,,9,4
1958338605290487,1543501728290487,2025,42,5,129,615.0,3.0,1,CEOR7,1,CEOR7,75,2026-04-29 15:40:10,,9,4
1958338606290487,1543501728290487,2025,42,5,129,615.0,4.0,1,CEOR7,1,CEOR7,25,2026-04-29 15:40:10,,9,4
1958338607290487,1543501728290487,2025,42,5,129,615.0,2.0,1,ELUM,1,ELUM,5,2026-04-29 15:40:10,,9,4
1958338608290487,1543501728290487,2025,42,5,129,615.0,3.0,1,ELUM,1,ELUM,55,2026-04-29 15:40:10,,9,4
1958338609290487,1543501728290487,2025,42,5,129,615.0,4.0,1,ELUM,1,ELUM,5,2026-04-29 15:40:10,,9,4
1958338610290487,1543501728290487,2025,42,5,129,615.0,1.0,1,LIVU,1,LIVU,5,2026-04-29 15:40:10,,9,4
1958338611290487,1543501728290487,2025,42,5,129,615.0,2.0,1,LIVU,1,LIVU,15,2026-04-29 15:40:10,,9,4
1958338612290487,1543501728290487,2025,42,5,129,615.0,3.0,1,LIVU,1,LIVU,2,2026-04-29 15:40:10,,9,4
1958338613290487,1543501728290487,2025,42,5,129,615.0,4.0,1,LIVU,1,LIVU,15,2026-04-29 15:40:10,,9,4
1958338614290487,1543501728290487,2025,42,5,129,615.0,1.0,1,LOJA,1,LOJA,15,2026-04-29 15:40:10,,9,4
1958338615290487,1543501728290487,2025,42,5,129,615.0,2.0,1,LOJA,1,LOJA,10,2026-04-29 15:40:10,,9,4
1958338616290487,1543501728290487,2025,42,5,129,615.0,1.0,1,LOMA6,1,LOMA6,7,2026-04-29 15:40:10,,9,4
1958338617290487,1543501728290487,2025,42,5,129,615.0,3.0,1,LOMA6,1,LOMA6,1,2026-04-29 15:40:10,,9,4
1958338618290487,1543501728290487,2025,42,5,129,615.0,4.0,1,LOMA6,1,LOMA6,3,2026-04-29 15:40:10,,9,4
1958338619290487,1543501728290487,2025,42,5,129,615.0,1.0,1,LOMO2,1,LOMO2,2,2026-04-29 15:40:10,,9,4
1958338620290487,1543501728290487,2025,42,5,129,615.0,2.0,1,LOMO2,1,LOMO2,25,2026-04-29 15:40:10,,9,4
1958338621290487,1543501728290487,2025,42,5,129,615.0,3.0,1,LOMO2,1,LOMO2,1,2026-04-29 15:40:10,,9,4
1958338622290487,1543501728290487,2025,42,5,129,615.0,1.0,1,MIVI,1,MIVI,1,2026-04-29 15:40:10,,9,4
1958338623290487,1543501728290487,2025,42,5,129,615.0,4.0,1,MIVI,1,MIVI,25,2026-04-29 15:40:10,,9,4
1958338624290487,1543501728290487,2025,42,5,129,615.0,1.0,1,ROMU,1,ROMU,15,2026-04-29 15:40:10,,9,4
1958338625290487,1543501728290487,2025,42,5,129,615.0,2.0,1,ROMU,1,ROMU,30,2026-04-29 15:40:10,,9,4
1958338626290487,1543501728290487,2025,42,5,129,615.0,3.0,1,ROMU,1,ROMU,10,2026-04-29 15:40:10,,9,4
1958338627290487,1543501728290487,2025,42,5,129,615.0,4.0,1,ROMU,1,ROMU,35,2026-04-29 15:40:10,,9,4
1958338808290487,1543501800290487,2025,42,7,51,2763.0,1.0,1,BETH,1,BETH,1,2026-04-29 15:40:10,,9,4
1958338809290487,1543501800290487,2025,42,7,51,2763.0,1.0,1,ROMU,1,ROMU,3,2026-04-29 15:40:10,,9,4
1958338810290487,1543501800290487,2025,42,7,51,2763.0,4.0,1,ROMU,1,ROMU,5,2026-04-29 15:40:10,,9,4
1958338811290487,1543501800290487,2025,42,7,51,2763.0,1.0,1,ROPS,1,ROPS,10,2026-04-29 15:40:10,,9,4
1958338893290487,1543501818290487,2025,42,5,39,1284.0,2.0,2,ROMU,1,ROMU,2,2026-04-29 15:40:11,,9,4
1958338894290487,1543501818290487,2025,42,5,39,1284.0,3.0,1,ROMU,1,ROMU,5,2026-04-29 15:40:11,,9,4
1958350225290487,1543502050290487,2025,42,0,99,2360.0,2.0,1,BETH,1,BETH,2,2026-04-29 15:40:36,,9,4
1958350424290487,1543502218290487,2025,42,8,89,1491.0,1.0,1,AIAL,1,AIAL,5,2026-04-29 15:40:36,,9,4
1958350226290487,1543502050290487,2025,42,0,99,2360.0,4.0,1,LOJA,1,LOJA,1,2026-04-29 15:40:36,,9,4
1958350227290487,1543502050290487,2025,42,0,99,2360.0,1.0,1,MIVI,1,MIVI,18,2026-04-29 15:40:36,,9,4
1958350228290487,1543502050290487,2025,42,0,99,2360.0,2.0,1,MIVI,1,MIVI,60,2026-04-29 15:40:36,,9,4
1958350229290487,1543502050290487,2025,42,0,99,2360.0,4.0,1,MIVI,1,MIVI,7,2026-04-29 15:40:36,,9,4
44607324020004,222096338010661,2011,42,9,11,1639.0,2.0,2,ROMU,1,ROMU,7,2012-06-25 13:14:52,,7,2
44607340020004,222096344010661,2011,42,9,29,448.0,1.0,1,ACPL,1,ACPL,18,2012-06-25 13:14:52,,7,2
44607341020004,222096344010661,2011,42,9,29,448.0,2.0,1,ACPL,1,ACPL,4,2012-06-25 13:14:52,,7,2
44607342020004,222096344010661,2011,42,9,29,448.0,4.0,1,ACPL,1,ACPL,12,2012-06-25 13:14:52,,7,2
44607343020004,222096344010661,2011,42,9,29,448.0,3.0,1,AIAL,1,AIAL,1,2012-06-25 13:14:52,,7,2
44607344020004,222096344010661,2011,42,9,29,448.0,1.0,1,ALPE4,1,ALPE4,25,2012-06-25 13:14:52,,7,2
44607345020004,222096344010661,2011,42,9,29,448.0,2.0,1,ALPE4,1,ALPE4,2,2012-06-25 13:14:52,,7,2
1958350431290487,1543502218290487,2025,42,8,89,1491.0,1.0,1,CEOR7,1,CEOR7,2,2026-04-29 15:40:36,,9,4
44607346020004,222096344010661,2011,42,9,29,448.0,3.0,1,ALPE4,1,ALPE4,5,2012-06-25 13:14:52,,7,2
44607347020004,222096344010661,2011,42,9,29,448.0,4.0,1,ALPE4,1,ALPE4,40,2012-06-25 13:14:52,,7,2
44607348020004,222096344010661,2011,42,9,29,448.0,1.0,1,CEOR7,1,CEOR7,1,2012-06-25 13:14:52,,7,2
44607349020004,222096344010661,2011,42,9,29,448.0,2.0,1,CEOR7,1,CEOR7,10,2012-06-25 13:14:52,,7,2
44607350020004,222096344010661,2011,42,9,29,448.0,3.0,1,CEOR7,1,CEOR7,5,2012-06-25 13:14:52,,7,2
44607351020004,222096344010661,2011,42,9,29,448.0,1.0,1,LOJA,1,LOJA,1,2012-06-25 13:14:52,,7,2
44607352020004,222096344010661,2011,42,9,29,448.0,2.0,1,LOJA,1,LOJA,2,2012-06-25 13:14:52,,7,2
44607353020004,222096344010661,2011,42,9,29,448.0,3.0,1,LOJA,1,LOJA,3,2012-06-25 13:14:52,,7,2
44607354020004,222096344010661,2011,42,9,29,448.0,4.0,1,LOJA,1,LOJA,2,2012-06-25 13:14:52,,7,2
44607355020004,222096344010661,2011,42,9,29,448.0,1.0,1,LOMA6,1,LOMA6,1,2012-06-25 13:14:52,,7,2
44607356020004,222096344010661,2011,42,9,29,448.0,2.0,1,LOMA6,1,LOMA6,4,2012-06-25 13:14:52,,7,2
44607357020004,222096344010661,2011,42,9,29,448.0,3.0,1,LOMA6,1,LOMA6,10,2012-06-25 13:14:52,,7,2
44607358020004,222096344010661,2011,42,9,29,448.0,4.0,1,LOMA6,1,LOMA6,1,2012-06-25 13:14:52,,7,2
44607359020004,222096344010661,2011,42,9,29,448.0,2.0,1,ROMU,1,ROMU,1,2012-06-25 13:14:52,,7,2
44607360020004,222096344010661,2011,42,9,29,448.0,3.0,1,ROMU,1,ROMU,3,2012-06-25 13:14:52,,7,2
44607406020004,222096366010661,2011,42,9,95,1273.0,4.0,1,AIAL,1,AIAL,3,2012-06-25 13:14:54,,7,2
44607407020004,222096366010661,2011,42,9,95,1273.0,1.0,1,ALPE4,1,ALPE4,40,2012-06-25 13:14:54,,7,2
44607408020004,222096366010661,2011,42,9,95,1273.0,2.0,1,ALPE4,1,ALPE4,5,2012-06-25 13:14:54,,7,2
44607409020004,222096366010661,2011,42,9,95,1273.0,3.0,1,ALPE4,1,ALPE4,10,2012-06-25 13:14:54,,7,2
44607410020004,222096366010661,2011,42,9,95,1273.0,4.0,1,ALPE4,1,ALPE4,20,2012-06-25 13:14:54,,7,2
44607411020004,222096366010661,2011,42,9,95,1273.0,2.0,1,BETH,1,BETH,1,2012-06-25 13:14:54,,7,2
44607412020004,222096366010661,2011,42,9,95,1273.0,3.0,1,BETH,1,BETH,2,2012-06-25 13:14:54,,7,2
44607413020004,222096366010661,2011,42,9,95,1273.0,4.0,1,BETH,1,BETH,1,2012-06-25 13:14:54,,7,2
44607414020004,222096366010661,2011,42,9,95,1273.0,2.0,1,CEOR7,1,CEOR7,1,2012-06-25 13:14:54,,7,2
44607415020004,222096366010661,2011,42,9,95,1273.0,3.0,1,CEOR7,1,CEOR7,1,2012-06-25 13:14:54,,7,2
44607416020004,222096366010661,2011,42,9,95,1273.0,4.0,1,CEOR7,1,CEOR7,65,2012-06-25 13:14:54,,7,2
44607417020004,222096366010661,2011,42,9,95,1273.0,1.0,1,ELUM,1,ELUM,55,2012-06-25 13:14:54,,7,2
44607418020004,222096366010661,2011,42,9,95,1273.0,2.0,1,ELUM,1,ELUM,5,2012-06-25 13:14:54,,7,2
44607419020004,222096366010661,2011,42,9,95,1273.0,3.0,1,ELUM,1,ELUM,65,2012-06-25 13:14:54,,7,2
44607420020004,222096366010661,2011,42,9,95,1273.0,4.0,1,ELUM,1,ELUM,35,2012-06-25 13:14:54,,7,2
44607421020004,222096366010661,2011,42,9,95,1273.0,1.0,1,LIVU,1,LIVU,1,2012-06-25 13:14:54,,7,2
44607422020004,222096366010661,2011,42,9,95,1273.0,3.0,1,LIVU,1,LIVU,1,2012-06-25 13:14:54,,7,2
44607423020004,222096366010661,2011,42,9,95,1273.0,4.0,1,LIVU,1,LIVU,1,2012-06-25 13:14:54,,7,2
44607424020004,222096366010661,2011,42,9,95,1273.0,3.0,1,LOJA,1,LOJA,1,2012-06-25 13:14:54,,7,2
44607425020004,222096366010661,2011,42,9,95,1273.0,4.0,1,LOJA,1,LOJA,1,2012-06-25 13:14:54,,7,2
44607426020004,222096366010661,2011,42,9,95,1273.0,3.0,1,LOMO2,1,LOMO2,1,2012-06-25 13:14:54,,7,2
44607427020004,222096366010661,2011,42,9,95,1273.0,1.0,1,ROMU,1,ROMU,1,2012-06-25 13:14:54,,7,2
152865084020004,145020297010661,2009,42,0,61,5230.0,2.0,1,BETH,1,BETH,35,2012-12-07 10:11:50,,6,5
152865085020004,145020297010661,2009,42,0,61,5230.0,1.0,1,BETH,1,BETH,30,2012-12-07 10:11:50,,6,5
207188772020004,247104261010661,2012,42,9,11,2310.0,3.0,1,BETH,1,BETH,1,2013-05-30 13:45:34,,7,3
207188773020004,247104261010661,2012,42,9,11,2310.0,3.0,1,CEOR7,1,CEOR7,1,2013-05-30 13:45:34,,7,3
207188774020004,247104261010661,2012,42,9,11,2310.0,4.0,1,CEOR7,1,CEOR7,1,2013-05-30 13:45:34,,7,3
207188775020004,247104261010661,2012,42,9,11,2310.0,1.0,1,MIVI,1,MIVI,2,2013-05-30 13:45:34,,7,3
207188776020004,247104261010661,2012,42,9,11,2310.0,2.0,1,MIVI,1,MIVI,1,2013-05-30 13:45:34,,7,3
207188777020004,247104261010661,2012,42,9,11,2310.0,3.0,1,MIVI,1,MIVI,10,2013-05-30 13:45:34,,7,3
207188778020004,247104261010661,2012,42,9,11,2310.0,4.0,1,MIVI,1,MIVI,3,2013-05-30 13:45:34,,7,3
207188779020004,247104261010661,2012,42,9,11,2310.0,1.0,1,ROMU,1,ROMU,3,2013-05-30 13:45:34,,7,3
207188780020004,247104261010661,2012,42,9,11,2310.0,3.0,1,ROMU,1,ROMU,1,2013-05-30 13:45:34,,7,3
207188781020004,247104261010661,2012,42,9,11,2310.0,4.0,1,ROMU,1,ROMU,8,2013-05-30 13:45:34,,7,3
207188923020004,247104336010661,2012,42,5,19,2174.0,1.0,1,ELUM,1,ELUM,19,2013-05-30 13:45:35,,7,3
207188924020004,247104336010661,2012,42,5,19,2174.0,3.0,1,ELUM,1,ELUM,4,2013-05-30 13:45:35,,7,3
207188925020004,247104336010661,2012,42,5,19,2174.0,1.0,1,LOMO2,1,LOMO2,4,2013-05-30 13:45:35,,7,3
207188926020004,247104336010661,2012,42,5,19,2174.0,2.0,1,LOMO2,1,LOMO2,1,2013-05-30 13:45:35,,7,3
207188927020004,247104336010661,2012,42,5,19,2174.0,3.0,1,LOMO2,1,LOMO2,3,2013-05-30 13:45:35,,7,3
207188928020004,247104336010661,2012,42,5,19,2174.0,1.0,1,ROMU,1,ROMU,1,2013-05-30 13:45:35,,7,3
207189025020004,247104349010661,2012,42,6,123,2026.0,3.0,1,ROMU,1,ROMU,1,2013-05-30 13:45:35,,7,3
207189155020004,247104353010661,2012,42,5,59,2627.0,3.0,2,ALPE4,1,ALPE4,5,2013-05-30 13:45:35,,7,3
207189156020004,247104353010661,2012,42,5,59,2627.0,4.0,2,ALPE4,1,ALPE4,3,2013-05-30 13:45:35,,7,3
207189157020004,247104353010661,2012,42,5,59,2627.0,3.0,2,LOMO2,1,LOMO2,6,2013-05-30 13:45:35,,7,3
207189158020004,247104353010661,2012,42,5,59,2627.0,4.0,2,LOMO2,1,LOMO2,1,2013-05-30 13:45:35,,7,3
207189159020004,247104353010661,2012,42,5,59,2627.0,3.0,2,ROMU,1,ROMU,75,2013-05-30 13:45:35,,7,3
207189160020004,247104353010661,2012,42,5,59,2627.0,4.0,2,ROMU,1,ROMU,2,2013-05-30 13:45:35,,7,3
207189241020004,247104415010661,2012,42,5,3,2580.0,1.0,1,ALPE4,1,ALPE4,35,2013-05-30 13:45:36,,7,3
207189242020004,247104415010661,2012,42,5,3,2580.0,2.0,1,ALPE4,1,ALPE4,20,2013-05-30 13:45:36,,7,3
207189243020004,247104415010661,2012,42,5,3,2580.0,4.0,1,ALPE4,1,ALPE4,25,2013-05-30 13:45:36,,7,3
207189244020004,247104415010661,2012,42,5,3,2580.0,1.0,1,CEOR7,1,CEOR7,33,2013-05-30 13:45:36,,7,3
207189245020004,247104415010661,2012,42,5,3,2580.0,2.0,1,CEOR7,1,CEOR7,10,2013-05-30 13:45:36,,7,3
207189246020004,247104415010661,2012,42,5,3,2580.0,4.0,1,CEOR7,1,CEOR7,10,2013-05-30 13:45:36,,7,3
207189247020004,247104415010661,2012,42,5,3,2580.0,1.0,1,LOMA6,1,LOMA6,20,2013-05-30 13:45:36,,7,3
207189248020004,247104415010661,2012,42,5,3,2580.0,2.0,1,LOMA6,1,LOMA6,90,2013-05-30 13:45:36,,7,3
207189249020004,247104415010661,2012,42,5,3,2580.0,4.0,1,LOMA6,1,LOMA6,65,2013-05-30 13:45:36,,7,3
207189250020004,247104415010661,2012,42,5,3,2580.0,2.0,1,ROMU,1,ROMU,5,2013-05-30 13:45:36,,7,3
207189251020004,247104415010661,2012,42,5,3,2580.0,4.0,1,ROMU,1,ROMU,10,2013-05-30 13:45:36,,7,3
207189252020004,247104415010661,2012,42,5,3,2580.0,1.0,1,ROPS,1,ROPS,10,2013-05-30 13:45:36,,7,3
207189253020004,247104415010661,2012,42,5,3,2580.0,2.0,1,ROPS,1,ROPS,30,2013-05-30 13:45:36,,7,3
207189254020004,247104415010661,2012,42,5,3,2580.0,4.0,1,ROPS,1,ROPS,27,2013-05-30 13:45:36,,7,3
207189362020004,247104439010661,2012,42,6,31,2701.0,4.0,2,BETH,1,BETH,1,2013-05-30 13:45:37,,7,3
207189363020004,247104439010661,2012,42,6,31,2701.0,4.0,2,ROMU,1,ROMU,1,2013-05-30 13:45:37,,7,3
207177859020004,247104398010661,2012,42,6,123,2717.0,1.0,1,BETH,1,BETH,1,2013-05-30 13:44:12,,7,3
207177860020004,247104398010661,2012,42,6,123,2717.0,2.0,1,BETH,1,BETH,1,2013-05-30 13:44:13,,7,3
207177861020004,247104398010661,2012,42,6,123,2717.0,4.0,1,LOMO2,1,LOMO2,1,2013-05-30 13:44:13,,7,3
207177862020004,247104398010661,2012,42,6,123,2717.0,1.0,1,ROMU,1,ROMU,2,2013-05-30 13:44:13,,7,3
207178055020004,247104499010661,2012,42,6,47,2801.0,1.0,1,FRAL4,1,FRAL4,99,2013-05-30 13:44:15,,7,3
207178056020004,247104499010661,2012,42,6,47,2801.0,2.0,1,FRAL4,1,FRAL4,99,2013-05-30 13:44:15,,7,3
207178057020004,247104499010661,2012,42,6,47,2801.0,4.0,1,FRAL4,1,FRAL4,99,2013-05-30 13:44:15,,7,3
207184210020004,247104356010661,2012,42,5,59,2524.0,3.0,2,ELUM,1,ELUM,1,2013-05-30 13:45:03,,7,3
207184211020004,247104356010661,2012,42,5,59,2524.0,3.0,2,ROMU,1,ROMU,2,2013-05-30 13:45:03,,7,3
207184212020004,247104356010661,2012,42,5,59,2524.0,3.0,2,ROPS,1,ROPS,1,2013-05-30 13:45:03,,7,3
207184260020004,247104390010661,2012,42,6,123,2099.0,4.0,1,BETH,1,BETH,3,2013-05-30 13:45:03,,7,3
207184261020004,247104390010661,2012,42,6,123,2099.0,2.0,1,LOMO2,1,LOMO2,1,2013-05-30 13:45:03,,7,3
207184262020004,247104390010661,2012,42,6,123,2099.0,1.0,1,ROMU,1,ROMU,8,2013-05-30 13:45:03,,7,3
207184263020004,247104390010661,2012,42,6,123,2099.0,2.0,1,ROMU,1,ROMU,1,2013-05-30 13:45:03,,7,3
207184264020004,247104390010661,2012,42,6,123,2099.0,4.0,1,ROMU,1,ROMU,3,2013-05-30 13:45:03,,7,3
207184727020004,247104562010661,2012,42,6,33,2847.0,4.0,1,BETH,1,BETH,4,2013-05-30 13:45:07,,7,3
207184728020004,247104562010661,2012,42,6,33,2847.0,2.0,1,ROMU,1,ROMU,1,2013-05-30 13:45:07,,7,3
207184729020004,247104562010661,2012,42,6,33,2847.0,4.0,1,ROMU,1,ROMU,5,2013-05-30 13:45:07,,7,3
207191382020004,247104185010661,2012,42,6,105,2327.0,2.0,1,ALPE4,1,ALPE4,1,2013-05-30 13:45:50,,7,3
207191383020004,247104185010661,2012,42,6,105,2327.0,1.0,1,ROPS,1,ROPS,3,2013-05-30 13:45:50,,7,3
207191384020004,247104185010661,2012,42,6,105,2327.0,2.0,1,ROPS,1,ROPS,13,2013-05-30 13:45:50,,7,3
207178551020004,247104815010661,2012,42,6,81,2274.0,1.0,1,ALPE4,1,ALPE4,1,2013-05-30 13:44:22,,7,3
207178552020004,247104815010661,2012,42,6,81,2274.0,2.0,1,ALPE4,1,ALPE4,3,2013-05-30 13:44:22,,7,3
249557276010661,168998166010661,2010,42,6,121,1877.0,1.0,1,ROPS,1,ROPS,1,2011-06-08 12:11:28,,7,1
249557277010661,168998166010661,2010,42,6,121,1877.0,4.0,1,ROPS,1,ROPS,1,2011-06-08 12:11:28,,7,1
249557278010661,168998168010661,2010,42,6,121,617.0,4.0,1,ROMU,1,ROMU,1,2011-06-08 12:11:28,,7,1
249557279010661,168998254010661,2010,42,6,121,1851.0,1.0,1,ROMU,1,ROMU,1,2011-06-08 12:11:28,,7,1
249556934010661,168998298010661,2010,42,5,7,1756.0,2.0,1,AIAL,1,AIAL,1,2011-06-08 12:11:26,,7,1
249556935010661,168998298010661,2010,42,5,7,1756.0,4.0,1,AIAL,1,AIAL,1,2011-06-08 12:11:26,,7,1
249556936010661,168998298010661,2010,42,5,7,1756.0,2.0,1,BETH,1,BETH,3,2011-06-08 12:11:26,,7,1
249556937010661,168998298010661,2010,42,5,7,1756.0,3.0,1,BETH,1,BETH,1,2011-06-08 12:11:26,,7,1
249556938010661,168998298010661,2010,42,5,7,1756.0,4.0,1,ELUM,1,ELUM,1,2011-06-08 12:11:26,,7,1
249556977010661,168996792010661,2010,42,9,17,1202.0,2.0,1,AIAL,1,AIAL,1,2011-06-08 12:11:27,,7,1
249556978010661,168996792010661,2010,42,9,17,1202.0,3.0,1,AIAL,1,AIAL,15,2011-06-08 12:11:27,,7,1
249556979010661,168996792010661,2010,42,9,17,1202.0,4.0,1,AIAL,1,AIAL,1,2011-06-08 12:11:27,,7,1
249556980010661,168996792010661,2010,42,9,17,1202.0,1.0,1,ALPE4,1,ALPE4,30,2011-06-08 12:11:27,,7,1
249556981010661,168996792010661,2010,42,9,17,1202.0,2.0,1,ALPE4,1,ALPE4,1,2011-06-08 12:11:27,,7,1
249556982010661,168996792010661,2010,42,9,17,1202.0,3.0,1,ALPE4,1,ALPE4,1,2011-06-08 12:11:27,,7,1
249556983010661,168996792010661,2010,42,9,17,1202.0,4.0,1,ALPE4,1,ALPE4,50,2011-06-08 12:11:27,,7,1
249556984010661,168996792010661,2010,42,9,17,1202.0,1.0,1,BETH,1,BETH,1,2011-06-08 12:11:27,,7,1
249556985010661,168996792010661,2010,42,9,17,1202.0,2.0,1,BETH,1,BETH,1,2011-06-08 12:11:27,,7,1
249556986010661,168996792010661,2010,42,9,17,1202.0,3.0,1,BETH,1,BETH,3,2011-06-08 12:11:27,,7,1
249556987010661,168996792010661,2010,42,9,17,1202.0,1.0,1,CEOR7,1,CEOR7,50,2011-06-08 12:11:27,,7,1
249556988010661,168996792010661,2010,42,9,17,1202.0,2.0,1,CEOR7,1,CEOR7,30,2011-06-08 12:11:27,,7,1
249556989010661,168996792010661,2010,42,9,17,1202.0,3.0,1,CEOR7,1,CEOR7,20,2011-06-08 12:11:27,,7,1
249556990010661,168996792010661,2010,42,9,17,1202.0,4.0,1,CEOR7,1,CEOR7,30,2011-06-08 12:11:27,,7,1
249556991010661,168996792010661,2010,42,9,17,1202.0,1.0,1,ELUM,1,ELUM,20,2011-06-08 12:11:27,,7,1
249556992010661,168996792010661,2010,42,9,17,1202.0,2.0,1,ELUM,1,ELUM,40,2011-06-08 12:11:27,,7,1
249556993010661,168996792010661,2010,42,9,17,1202.0,3.0,1,ELUM,1,ELUM,10,2011-06-08 12:11:27,,7,1
249556994010661,168996792010661,2010,42,9,17,1202.0,4.0,1,ELUM,1,ELUM,10,2011-06-08 12:11:27,,7,1
249556995010661,168996792010661,2010,42,9,17,1202.0,1.0,1,LIVU,1,LIVU,1,2011-06-08 12:11:27,,7,1
249556996010661,168996792010661,2010,42,9,17,1202.0,2.0,1,LIVU,1,LIVU,1,2011-06-08 12:11:27,,7,1
249556997010661,168996792010661,2010,42,9,17,1202.0,4.0,1,LIVU,1,LIVU,2,2011-06-08 12:11:27,,7,1
249556998010661,168996792010661,2010,42,9,17,1202.0,1.0,1,LOJA,1,LOJA,1,2011-06-08 12:11:27,,7,1
249556999010661,168996792010661,2010,42,9,17,1202.0,2.0,1,LOJA,1,LOJA,1,2011-06-08 12:11:27,,7,1
249557000010661,168996792010661,2010,42,9,17,1202.0,3.0,1,LOJA,1,LOJA,1,2011-06-08 12:11:27,,7,1
249557001010661,168996792010661,2010,42,9,17,1202.0,4.0,1,LOJA,1,LOJA,1,2011-06-08 12:11:27,,7,1
249557002010661,168996792010661,2010,42,9,17,1202.0,1.0,1,LYNU,1,LYNU,10,2011-06-08 12:11:27,,7,1
249557003010661,168996792010661,2010,42,9,17,1202.0,2.0,1,LYNU,1,LYNU,2,2011-06-08 12:11:27,,7,1
249557004010661,168996792010661,2010,42,9,17,1202.0,4.0,1,LYNU,1,LYNU,15,2011-06-08 12:11:27,,7,1
249557005010661,168996792010661,2010,42,9,17,1202.0,1.0,1,MIVI,1,MIVI,1,2011-06-08 12:11:27,,7,1
249557006010661,168996792010661,2010,42,9,17,1202.0,2.0,1,MIVI,1,MIVI,10,2011-06-08 12:11:27,,7,1
249557007010661,168996792010661,2010,42,9,17,1202.0,3.0,1,MIVI,1,MIVI,25,2011-06-08 12:11:27,,7,1
249557008010661,168996792010661,2010,42,9,17,1202.0,4.0,1,MIVI,1,MIVI,10,2011-06-08 12:11:27,,7,1
249557009010661,168996792010661,2010,42,9,17,1202.0,2.0,1,PATO2,1,PATO2,10,2011-06-08 12:11:27,,7,1
249557010010661,168996792010661,2010,42,9,17,1202.0,1.0,1,ROMU,1,ROMU,1,2011-06-08 12:11:27,,7,1
249557011010661,168996792010661,2010,42,9,17,1202.0,2.0,1,ROMU,1,ROMU,1,2011-06-08 12:11:27,,7,1
249557012010661,168996792010661,2010,42,9,17,1202.0,3.0,1,ROMU,1,ROMU,1,2011-06-08 12:11:27,,7,1
249557013010661,168996792010661,2010,42,9,17,1202.0,4.0,1,ROMU,1,ROMU,1,2011-06-08 12:11:27,,7,1
249557261010661,168997358010661,2010,42,0,119,1483.0,2.0,2,HEMA3,1,HEMA3,1,2011-06-08 12:11:28,,7,1
249557262010661,168997358010661,2010,42,0,119,1483.0,4.0,2,HEMA3,1,HEMA3,1,2011-06-08 12:11:28,,7,1
249556890010661,168998606010661,2010,42,9,1,483.0,2.0,1,LONIC,1,LONIC,2,2011-06-08 12:11:26,,7,1
249556891010661,168998606010661,2010,42,9,1,483.0,1.0,1,ROMU,1,ROMU,12,2011-06-08 12:11:26,,7,1
249556892010661,168998606010661,2010,42,9,1,483.0,2.0,1,ROMU,1,ROMU,15,2011-06-08 12:11:26,,7,1
249556893010661,168998606010661,2010,42,9,1,483.0,3.0,1,ROMU,1,ROMU,35,2011-06-08 12:11:26,,7,1
249556894010661,168998606010661,2010,42,9,1,483.0,4.0,1,ROMU,1,ROMU,18,2011-06-08 12:11:26,,7,1
249557145010661,168997522010661,2010,42,6,81,345.0,2.0,1,MIVI,1,MIVI,2,2011-06-08 12:11:27,,7,1
249557146010661,168997522010661,2010,42,6,81,345.0,1.0,1,ROMU,1,ROMU,1,2011-06-08 12:11:27,,7,1
249557151010661,168997260010661,2010,42,6,81,766.0,3.0,2,ROMU,1,ROMU,5,2011-06-08 12:11:27,,7,1
249557147010661,168997260010661,2010,42,6,81,766.0,3.0,2,ALPE4,1,ALPE4,1,2011-06-08 12:11:27,,7,1
249557148010661,168997260010661,2010,42,6,81,766.0,3.0,2,BETH,1,BETH,2,2011-06-08 12:11:27,,7,1
249557149010661,168997260010661,2010,42,6,81,766.0,3.0,2,ELUM,1,ELUM,12,2011-06-08 12:11:27,,7,1
249557150010661,168997260010661,2010,42,6,81,766.0,3.0,2,LOMA6,1,LOMA6,35,2011-06-08 12:11:27,,7,1
249557263010661,168997358010661,2010,42,0,119,1483.0,3.0,2,LOMA6,1,LOMA6,2,2011-06-08 12:11:28,,7,1
249557061010661,168998380010661,2010,42,5,49,443.0,3.0,2,LYSA2,1,LYSA2,1,2011-06-08 12:11:27,,7,1
249557062010661,168998380010661,2010,42,5,49,443.0,4.0,2,LYSA2,1,LYSA2,1,2011-06-08 12:11:27,,7,1
249557063010661,168998380010661,2010,42,5,49,443.0,4.0,2,PHAR3,1,PHAR3,1,2011-06-08 12:11:27,,7,1
249557064010661,168998380010661,2010,42,5,49,443.0,4.0,2,ROMU,1,ROMU,8,2011-06-08 12:11:27,,7,1
152865087020004,145020297010661,2009,42,0,61,5230.0,3.0,1,MIVI,1,MIVI,15,2012-12-07 10:11:50,,6,5
152865088020004,145020297010661,2009,42,0,61,5230.0,2.0,1,MIVI,1,MIVI,20,2012-12-07 10:11:50,,6,5
152865089020004,145020297010661,2009,42,0,61,5230.0,1.0,1,MIVI,1,MIVI,30,2012-12-07 10:11:50,,6,5
152865090020004,145020297010661,2009,42,0,61,5230.0,4.0,1,ROMU,1,ROMU,1,2012-12-07 10:11:50,,6,5
152865091020004,145020297010661,2009,42,0,61,5230.0,2.0,1,ROMU,1,ROMU,5,2012-12-07 10:11:50,,6,5
152865092020004,145020297010661,2009,42,0,61,5230.0,1.0,1,ROMU,1,ROMU,5,2012-12-07 10:11:50,,6,5
152865093020004,145020317010661,2009,42,0,61,3139.0,4.0,1,ALPE4,1,ALPE4,1,2012-12-07 10:11:50,,6,5
152865094020004,145020317010661,2009,42,0,61,3139.0,2.0,1,ALPE4,1,ALPE4,1,2012-12-07 10:11:50,,6,5
152865095020004,145020317010661,2009,42,0,61,3139.0,1.0,1,ALPE4,1,ALPE4,1,2012-12-07 10:11:50,,6,5
152865096020004,145020317010661,2009,42,0,61,3139.0,1.0,1,BETH,1,BETH,1,2012-12-07 10:11:50,,6,5
152865097020004,145020317010661,2009,42,0,61,3139.0,4.0,1,CEOR7,1,CEOR7,1,2012-12-07 10:11:50,,6,5
152865098020004,145020317010661,2009,42,0,61,3139.0,1.0,1,CEOR7,1,CEOR7,1,2012-12-07 10:11:50,,6,5
152864604020004,145020317010661,2009,42,0,61,3139.0,1.0,1,LONIC,1,LONIC,1,2012-12-07 10:11:48,,6,5
152864605020004,145020317010661,2009,42,0,61,3139.0,4.0,1,ROMU,1,ROMU,1,2012-12-07 10:11:48,,6,5
152864606020004,145020317010661,2009,42,0,61,3139.0,2.0,1,ROMU,1,ROMU,1,2012-12-07 10:11:48,,6,5
152864607020004,145020317010661,2009,42,0,61,3139.0,1.0,1,ROMU,1,ROMU,3,2012-12-07 10:11:48,,6,5
152864608020004,145020317010661,2009,42,0,61,3139.0,2.0,1,ROPS,1,ROPS,1,2012-12-07 10:11:48,,6,5
152864609020004,145020317010661,2009,42,0,61,3139.0,1.0,1,ROPS,1,ROPS,1,2012-12-07 10:11:48,,6,5
226327909010661,145020335010661,2009,42,7,9,5064.0,1.0,1,BETH,1,BETH,6,2010-06-08 09:55:48,2012-02-28 07:14:00,6,5
226327914010661,145020335010661,2009,42,7,9,5064.0,1.0,1,ROMU,1,ROMU,3,2010-06-08 09:55:48,2012-02-28 07:14:59,6,5
226327916010661,145020335010661,2009,42,7,9,5064.0,1.0,1,ROPS,1,ROPS,3,2010-06-08 09:55:48,2012-02-28 07:12:40,6,5
226327910010661,145020335010661,2009,42,7,9,5064.0,2.0,1,BETH,1,BETH,6,2010-06-08 09:55:48,2012-02-28 07:14:00,6,5
226327912010661,145020335010661,2009,42,7,9,5064.0,2.0,1,LOMA6,1,LOMA6,15,2010-06-08 09:55:48,2012-02-28 07:14:00,6,5
226327913010661,145020335010661,2009,42,7,9,5064.0,2.0,1,LOTA,1,LOTA,9,2010-06-08 09:55:48,2012-02-28 07:12:11,6,5
226327915010661,145020335010661,2009,42,7,9,5064.0,2.0,1,ROMU,1,ROMU,6,2010-06-08 09:55:48,2012-02-28 07:14:59,6,5
226327917010661,145020335010661,2009,42,7,9,5064.0,2.0,1,ROPS,1,ROPS,8,2010-06-08 09:55:48,2012-02-28 07:12:40,6,5
226327911010661,145020335010661,2009,42,7,9,5064.0,4.0,1,BETH,1,BETH,5,2010-06-08 09:55:48,2012-02-28 07:14:00,6,5
226327972010661,145019459010661,2009,42,9,17,5514.0,1.0,1,LOJA,1,LOJA,1,2010-06-08 09:55:49,2012-02-28 07:14:59,6,5
226327973010661,145019459010661,2009,42,9,17,5514.0,1.0,1,ROMU,1,ROMU,1,2010-06-08 09:55:49,2012-02-28 07:12:11,6,5
226327974010661,145019459010661,2009,42,9,17,5514.0,2.0,1,ROMU,1,ROMU,1,2010-06-08 09:55:49,2012-02-28 07:12:11,6,5
226327971010661,145019459010661,2009,42,9,17,5514.0,4.0,1,ALPE4,1,ALPE4,1,2010-06-08 09:55:49,2012-02-28 07:13:05,6,5
226327975010661,145019459010661,2009,42,9,17,5514.0,4.0,1,ROMU,1,ROMU,1,2010-06-08 09:55:49,2012-02-28 07:12:11,6,5
152864640020004,145019493010661,2009,42,8,89,5758.0,4.0,1,ALPE4,1,ALPE4,1,2012-12-07 10:11:48,,6,5
152864641020004,145019493010661,2009,42,8,89,5758.0,2.0,1,ALPE4,1,ALPE4,1,2012-12-07 10:11:48,,6,5
152864642020004,145019493010661,2009,42,8,89,5758.0,4.0,1,BETH,1,BETH,1,2012-12-07 10:11:48,,6,5
152864643020004,145019493010661,2009,42,8,89,5758.0,2.0,1,MIVI,1,MIVI,1,2012-12-07 10:11:48,,6,5
152864644020004,145019493010661,2009,42,8,89,5758.0,3.0,1,ROMU,1,ROMU,1,2012-12-07 10:11:48,,6,5
152864645020004,145019493010661,2009,42,8,89,5758.0,2.0,1,ROMU,1,ROMU,1,2012-12-07 10:11:48,,6,5
152864646020004,145019493010661,2009,42,8,89,5758.0,1.0,1,ROMU,1,ROMU,1,2012-12-07 10:11:48,,6,5
226328142010661,145019533010661,2009,42,9,29,3434.0,4.0,1,ELUM,1,ELUM,1,2010-06-08 09:55:51,2012-02-28 07:13:05,6,5
226328143010661,145019533010661,2009,42,9,29,3434.0,4.0,1,LIVU,1,LIVU,1,2010-06-08 09:55:51,2012-02-28 07:12:11,6,5
226328147010661,145019533010661,2009,42,9,29,3434.0,4.0,1,LOJA,1,LOJA,7,2010-06-08 09:55:51,2012-02-28 07:14:57,6,5
226328151010661,145019533010661,2009,42,9,29,3434.0,4.0,1,LOMA6,1,LOMA6,3,2010-06-08 09:55:51,2012-02-28 07:13:04,6,5
226328152010661,145019533010661,2009,42,9,29,3434.0,4.0,1,LOMO2,1,LOMO2,1,2010-06-08 09:55:51,2012-02-28 07:13:59,6,5
226328154010661,145019533010661,2009,42,9,29,3434.0,4.0,1,LONIC,1,LONIC,1,2010-06-08 09:55:51,2012-02-28 07:12:38,6,5
226328156010661,145019533010661,2009,42,9,29,3434.0,4.0,1,MIVI,1,MIVI,1,2010-06-08 09:55:51,2012-02-28 07:14:26,6,5
226328160010661,145019533010661,2009,42,9,29,3434.0,4.0,1,ROMU,1,ROMU,2,2010-06-08 09:55:51,2012-02-28 07:13:31,6,5
226328136010661,145019533010661,2009,42,9,29,3434.0,3.0,1,ALPE4,1,ALPE4,5,2010-06-08 09:55:51,2012-02-28 07:14:26,6,5
226328140010661,145019533010661,2009,42,9,29,3434.0,3.0,1,CEOR7,1,CEOR7,7,2010-06-08 09:55:51,2012-02-28 07:13:57,6,5
226328146010661,145019533010661,2009,42,9,29,3434.0,3.0,1,LOJA,1,LOJA,5,2010-06-08 09:55:51,2012-02-28 07:14:57,6,5
226328150010661,145019533010661,2009,42,9,29,3434.0,3.0,1,LOMA6,1,LOMA6,2,2010-06-08 09:55:51,2012-02-28 07:13:04,6,5
226328159010661,145019533010661,2009,42,9,29,3434.0,3.0,1,ROMU,1,ROMU,2,2010-06-08 09:55:51,2012-02-28 07:13:31,6,5
226328137010661,145019533010661,2009,42,9,29,3434.0,4.0,1,ALPE4,1,ALPE4,1,2010-06-08 09:55:51,2012-02-28 07:14:26,6,5
226328134010661,145019533010661,2009,42,9,29,3434.0,1.0,1,ALPE4,1,ALPE4,4,2010-06-08 09:55:51,2012-02-28 07:14:26,6,5
226328138010661,145019533010661,2009,42,9,29,3434.0,1.0,1,CEOR7,1,CEOR7,10,2010-06-08 09:55:51,2012-02-28 07:13:57,6,5
226328144010661,145019533010661,2009,42,9,29,3434.0,1.0,1,LOJA,1,LOJA,10,2010-06-08 09:55:51,2012-02-28 07:14:57,6,5
226328148010661,145019533010661,2009,42,9,29,3434.0,1.0,1,LOMA6,1,LOMA6,5,2010-06-08 09:55:51,2012-02-28 07:13:04,6,5
226328153010661,145019533010661,2009,42,9,29,3434.0,1.0,1,LONIC,1,LONIC,1,2010-06-08 09:55:51,2012-02-28 07:12:38,6,5
226328155010661,145019533010661,2009,42,9,29,3434.0,1.0,1,MIVI,1,MIVI,1,2010-06-08 09:55:51,2012-02-28 07:14:26,6,5
226328157010661,145019533010661,2009,42,9,29,3434.0,1.0,1,ROMU,1,ROMU,2,2010-06-08 09:55:51,2012-02-28 07:13:31,6,5
226328135010661,145019533010661,2009,42,9,29,3434.0,2.0,1,ALPE4,1,ALPE4,3,2010-06-08 09:55:51,2012-02-28 07:14:26,6,5
226328139010661,145019533010661,2009,42,9,29,3434.0,2.0,1,CEOR7,1,CEOR7,17,2010-06-08 09:55:51,2012-02-28 07:13:57,6,5
226328145010661,145019533010661,2009,42,9,29,3434.0,2.0,1,LOJA,1,LOJA,7,2010-06-08 09:55:51,2012-02-28 07:14:57,6,5
226328149010661,145019533010661,2009,42,9,29,3434.0,2.0,1,LOMA6,1,LOMA6,8,2010-06-08 09:55:51,2012-02-28 07:13:04,6,5
226328158010661,145019533010661,2009,42,9,29,3434.0,2.0,1,ROMU,1,ROMU,2,2010-06-08 09:55:51,2012-02-28 07:13:31,6,5
226328141010661,145019533010661,2009,42,9,29,3434.0,4.0,1,CEOR7,1,CEOR7,7,2010-06-08 09:55:51,2012-02-28 07:13:57,6,5
152865052020004,145019575010661,2009,42,8,89,3021.0,4.0,1,MIVI,1,MIVI,10,2012-12-07 10:11:50,,6,5
249557079010661,168998060010661,2010,42,7,51,1760.0,2.0,1,MIVI,1,MIVI,11,2011-06-08 12:11:27,,7,1
249557080010661,168998060010661,2010,42,7,51,1760.0,4.0,1,MIVI,1,MIVI,5,2011-06-08 12:11:27,,7,1
249557081010661,168998060010661,2010,42,7,51,1760.0,1.0,1,ROMU,1,ROMU,1,2011-06-08 12:11:27,,7,1
249557082010661,168998060010661,2010,42,7,51,1760.0,4.0,1,ROMU,1,ROMU,25,2011-06-08 12:11:27,,7,1
249557240010661,168997782010661,2010,42,7,111,451.0,2.0,1,ROPS,1,ROPS,1,2011-06-08 12:11:28,,7,1
249557344010661,168997144010661,2010,42,9,133,186.0,4.0,1,ROMU,1,ROMU,1,2011-06-08 12:11:28,,7,1
249557337010661,168997144010661,2010,42,9,133,186.0,1.0,1,ALPE4,1,ALPE4,10,2011-06-08 12:11:28,,7,1
249557338010661,168997144010661,2010,42,9,133,186.0,2.0,1,ALPE4,1,ALPE4,8,2011-06-08 12:11:28,,7,1
249557339010661,168997144010661,2010,42,9,133,186.0,4.0,1,ALPE4,1,ALPE4,6,2011-06-08 12:11:28,,7,1
249557340010661,168997144010661,2010,42,9,133,186.0,3.0,1,LIVU,1,LIVU,1,2011-06-08 12:11:28,,7,1
249557341010661,168997144010661,2010,42,9,133,186.0,3.0,1,LOJA,1,LOJA,1,2011-06-08 12:11:28,,7,1
249557342010661,168997144010661,2010,42,9,133,186.0,2.0,1,ROMU,1,ROMU,1,2011-06-08 12:11:28,,7,1
249557343010661,168997144010661,2010,42,9,133,186.0,3.0,1,ROMU,1,ROMU,5,2011-06-08 12:11:28,,7,1
249557143010661,168997076010661,2010,42,8,79,1687.0,2.0,2,ROMU,1,ROMU,10,2011-06-08 12:11:27,,7,1
249557144010661,168997076010661,2010,42,8,79,1687.0,2.0,2,SPJA,1,SPJA,10,2011-06-08 12:11:27,,7,1
249557336010661,168998684010661,2010,42,9,133,974.0,1.0,1,LONIC,1,LONIC,1,2011-06-08 12:11:28,,7,1
249557284010661,168998310010661,2010,42,5,125,55.0,3.0,2,ELUM,1,ELUM,3,2011-06-08 12:11:28,,7,1
249557285010661,168998310010661,2010,42,5,125,55.0,3.0,2,LONIC,1,LONIC,2,2011-06-08 12:11:28,,7,1
249557286010661,168998310010661,2010,42,5,125,55.0,3.0,2,ROMU,1,ROMU,5,2011-06-08 12:11:28,,7,1
249557065010661,168998382010661,2010,42,5,49,378.0,2.0,2,LOMO2,1,LOMO2,1,2011-06-08 12:11:27,,7,1
249557066010661,168998382010661,2010,42,5,49,378.0,2.0,2,ROMU,1,ROMU,4,2011-06-08 12:11:27,,7,1
249556907010661,168998648010661,2010,42,5,3,425.0,4.0,1,LOMO2,1,LOMO2,35,2011-06-08 12:11:26,,7,1
249556908010661,168998648010661,2010,42,5,3,425.0,1.0,1,ROMU,1,ROMU,1,2011-06-08 12:11:26,,7,1
249556909010661,168998648010661,2010,42,5,3,425.0,3.0,2,ROMU,1,ROMU,25,2011-06-08 12:11:26,,7,1
249556910010661,168998648010661,2010,42,5,3,425.0,4.0,1,ROMU,1,ROMU,10,2011-06-08 12:11:26,,7,1
249556897010661,168998648010661,2010,42,5,3,425.0,3.0,2,ACPL,1,ACPL,18,2011-06-08 12:11:26,,7,1
152865086020004,145020297010661,2009,42,0,61,5230.0,4.0,1,MIVI,1,MIVI,6,2012-12-07 10:11:50,,6,5
249556898010661,168998648010661,2010,42,5,3,425.0,3.0,2,BETH,1,BETH,3,2011-06-08 12:11:26,,7,1
249556899010661,168998648010661,2010,42,5,3,425.0,3.0,2,CEOR7,1,CEOR7,65,2011-06-08 12:11:26,,7,1
249556900010661,168998648010661,2010,42,5,3,425.0,3.0,2,ELUM,1,ELUM,12,2011-06-08 12:11:26,,7,1
249556901010661,168998648010661,2010,42,5,3,425.0,4.0,1,ELUM,1,ELUM,15,2011-06-08 12:11:26,,7,1
249556902010661,168998648010661,2010,42,5,3,425.0,3.0,2,LIVU,1,LIVU,10,2011-06-08 12:11:26,,7,1
249556903010661,168998648010661,2010,42,5,3,425.0,1.0,1,LOJA,1,LOJA,40,2011-06-08 12:11:26,,7,1
249556904010661,168998648010661,2010,42,5,3,425.0,1.0,1,LOMO2,1,LOMO2,15,2011-06-08 12:11:26,,7,1
249556905010661,168998648010661,2010,42,5,3,425.0,2.0,1,LOMO2,1,LOMO2,28,2011-06-08 12:11:26,,7,1
249556906010661,168998648010661,2010,42,5,3,425.0,3.0,2,LOMO2,1,LOMO2,30,2011-06-08 12:11:26,,7,1
249557318010661,168997162010661,2010,42,8,131,911.0,1.0,1,BETH,1,BETH,1,2011-06-08 12:11:28,,7,1
249557319010661,168997162010661,2010,42,8,131,911.0,2.0,1,BETH,1,BETH,2,2011-06-08 12:11:28,,7,1
249557320010661,168997162010661,2010,42,8,131,911.0,3.0,1,BETH,1,BETH,1,2011-06-08 12:11:28,,7,1
249557321010661,168997162010661,2010,42,8,131,911.0,4.0,1,BETH,1,BETH,1,2011-06-08 12:11:28,,7,1
249557322010661,168997162010661,2010,42,8,131,911.0,4.0,2,BETH,1,BETH,1,2011-06-08 12:11:28,,7,1
249557323010661,168997162010661,2010,42,8,131,911.0,1.0,1,ELUM,1,ELUM,1,2011-06-08 12:11:28,,7,1
249557324010661,168997162010661,2010,42,8,131,911.0,3.0,1,ELUM,1,ELUM,1,2011-06-08 12:11:28,,7,1
249557325010661,168997162010661,2010,42,8,131,911.0,4.0,1,ELUM,1,ELUM,15,2011-06-08 12:11:28,,7,1
249557204010661,168996828010661,2010,42,8,103,1800.0,1.0,2,ALPE4,1,ALPE4,1,2011-06-08 12:11:27,,7,1
249557205010661,168996828010661,2010,42,8,103,1800.0,4.0,2,ALPE4,1,ALPE4,1,2011-06-08 12:11:27,,7,1
249557206010661,168996828010661,2010,42,8,103,1800.0,3.0,2,BETH,1,BETH,1,2011-06-08 12:11:27,,7,1
249557207010661,168996828010661,2010,42,8,103,1800.0,4.0,2,BETH,1,BETH,2,2011-06-08 12:11:27,,7,1
249557208010661,168996828010661,2010,42,8,103,1800.0,1.0,2,MIVI,1,MIVI,10,2011-06-08 12:11:27,,7,1
249557209010661,168996828010661,2010,42,8,103,1800.0,2.0,2,MIVI,1,MIVI,3,2011-06-08 12:11:27,,7,1
249557210010661,168996828010661,2010,42,8,103,1800.0,3.0,2,MIVI,1,MIVI,1,2011-06-08 12:11:27,,7,1
249557211010661,168996828010661,2010,42,8,103,1800.0,4.0,2,MIVI,1,MIVI,50,2011-06-08 12:11:27,,7,1
249557212010661,168996828010661,2010,42,8,103,1800.0,1.0,2,ROMU,1,ROMU,1,2011-06-08 12:11:27,,7,1
249557273010661,168998166010661,2010,42,6,121,1877.0,1.0,1,CIAR4,1,CIAR4,1,2011-06-08 12:11:28,,7,1
249557274010661,168998166010661,2010,42,6,121,1877.0,4.0,1,CIAR4,1,CIAR4,1,2011-06-08 12:11:28,,7,1
249557275010661,168998166010661,2010,42,6,121,1877.0,2.0,1,MIVI,1,MIVI,1,2011-06-08 12:11:28,,7,1
44609547020004,222095258010661,2011,42,5,129,1922.0,1.0,1,LOMO2,1,LOMO2,12,2012-06-25 13:15:59,,7,2
44609548020004,222095258010661,2011,42,5,129,1922.0,2.0,1,LOMO2,1,LOMO2,10,2012-06-25 13:15:59,,7,2
44609549020004,222095258010661,2011,42,5,129,1922.0,3.0,1,LOMO2,1,LOMO2,4,2012-06-25 13:15:59,,7,2
44609550020004,222095258010661,2011,42,5,129,1922.0,4.0,1,LOMO2,1,LOMO2,30,2012-06-25 13:15:59,,7,2
44609551020004,222095258010661,2011,42,5,129,1922.0,1.0,1,ROMU,1,ROMU,15,2012-06-25 13:15:59,,7,2
44609552020004,222095258010661,2011,42,5,129,1922.0,3.0,1,ROMU,1,ROMU,10,2012-06-25 13:15:59,,7,2
44609553020004,222095258010661,2011,42,5,129,1922.0,4.0,1,ROMU,1,ROMU,10,2012-06-25 13:15:59,,7,2
44609558020004,222095260010661,2011,42,5,129,1739.0,1.0,1,ROPS,1,ROPS,15,2012-06-25 13:15:59,,7,2
44607962020004,222094580010661,2011,42,5,3,123.0,2.0,2,BETH,1,BETH,18,2012-06-25 13:15:13,,7,2
44607963020004,222094580010661,2011,42,5,3,123.0,2.0,2,HEMA3,1,HEMA3,1,2012-06-25 13:15:13,,7,2
44607964020004,222094580010661,2011,42,5,3,123.0,2.0,2,ROMU,1,ROMU,38,2012-06-25 13:15:13,,7,2
44607972020004,222094582010661,2011,42,5,3,244.0,2.0,1,ROMU,1,ROMU,15,2012-06-25 13:15:13,,7,2
44607997020004,222094594010661,2011,42,6,27,500.0,1.0,1,ALPE4,1,ALPE4,1,2012-06-25 13:15:14,,7,2
44607998020004,222094594010661,2011,42,6,27,500.0,2.0,1,ALPE4,1,ALPE4,1,2012-06-25 13:15:14,,7,2
44607999020004,222094594010661,2011,42,6,27,500.0,4.0,1,ALPE4,1,ALPE4,1,2012-06-25 13:15:14,,7,2
44608000020004,222094594010661,2011,42,6,27,500.0,1.0,1,BETH,1,BETH,3,2012-06-25 13:15:14,,7,2
44608001020004,222094594010661,2011,42,6,27,500.0,2.0,1,BETH,1,BETH,1,2012-06-25 13:15:14,,7,2
44608002020004,222094594010661,2011,42,6,27,500.0,3.0,1,BETH,1,BETH,3,2012-06-25 13:15:14,,7,2
44608003020004,222094594010661,2011,42,6,27,500.0,4.0,1,BETH,1,BETH,3,2012-06-25 13:15:14,,7,2
44608004020004,222094594010661,2011,42,6,27,500.0,1.0,1,ELUM,1,ELUM,1,2012-06-25 13:15:14,,7,2
44608005020004,222094594010661,2011,42,6,27,500.0,4.0,1,ELUM,1,ELUM,3,2012-06-25 13:15:14,,7,2
44608006020004,222094594010661,2011,42,6,27,500.0,1.0,1,LOMA6,1,LOMA6,1,2012-06-25 13:15:14,,7,2
44608007020004,222094594010661,2011,42,6,27,500.0,1.0,1,LOMO2,1,LOMO2,1,2012-06-25 13:15:14,,7,2
44608008020004,222094594010661,2011,42,6,27,500.0,4.0,1,LOMO2,1,LOMO2,1,2012-06-25 13:15:14,,7,2
44608009020004,222094594010661,2011,42,6,27,500.0,1.0,1,MIVI,1,MIVI,2,2012-06-25 13:15:14,,7,2
44608010020004,222094594010661,2011,42,6,27,500.0,2.0,1,MIVI,1,MIVI,25,2012-06-25 13:15:14,,7,2
44608011020004,222094594010661,2011,42,6,27,500.0,3.0,1,MIVI,1,MIVI,1,2012-06-25 13:15:14,,7,2
44608012020004,222094594010661,2011,42,6,27,500.0,4.0,1,MIVI,1,MIVI,2,2012-06-25 13:15:14,,7,2
44608013020004,222094594010661,2011,42,6,27,500.0,1.0,1,ROMU,1,ROMU,2,2012-06-25 13:15:14,,7,2
44608014020004,222094594010661,2011,42,6,27,500.0,2.0,1,ROMU,1,ROMU,2,2012-06-25 13:15:14,,7,2
44608015020004,222094594010661,2011,42,6,27,500.0,3.0,1,ROMU,1,ROMU,5,2012-06-25 13:15:14,,7,2
44608016020004,222094594010661,2011,42,6,27,500.0,4.0,1,ROMU,1,ROMU,4,2012-06-25 13:15:14,,7,2
44610201020004,222095560010661,2011,42,6,27,1225.0,3.0,1,ELUM,1,ELUM,1,2012-06-25 13:16:21,,7,2
44610202020004,222095560010661,2011,42,6,27,1225.0,4.0,1,ELUM,1,ELUM,3,2012-06-25 13:16:21,,7,2
44610203020004,222095560010661,2011,42,6,27,1225.0,1.0,1,LIVU,1,LIVU,6,2012-06-25 13:16:21,,7,2
44610204020004,222095560010661,2011,42,6,27,1225.0,4.0,1,LIVU,1,LIVU,2,2012-06-25 13:16:21,,7,2
44610205020004,222095560010661,2011,42,6,27,1225.0,1.0,1,LOMO2,1,LOMO2,3,2012-06-25 13:16:21,,7,2
44610206020004,222095560010661,2011,42,6,27,1225.0,4.0,1,LOMO2,1,LOMO2,3,2012-06-25 13:16:21,,7,2
44610207020004,222095560010661,2011,42,6,27,1225.0,1.0,1,ROMU,1,ROMU,1,2012-06-25 13:16:21,,7,2
44610208020004,222095560010661,2011,42,6,27,1225.0,4.0,1,ROMU,1,ROMU,1,2012-06-25 13:16:21,,7,2
44610235020004,222095572010661,2011,42,6,117,235.0,2.0,1,ROMU,1,ROMU,1,2012-06-25 13:16:22,,7,2
44610277020004,222095592010661,2011,42,0,61,1662.0,1.0,1,BEVU,1,BEVU,5,2012-06-25 13:16:24,,7,2
44610278020004,222095592010661,2011,42,0,61,1662.0,2.0,2,BEVU,1,BEVU,3,2012-06-25 13:16:24,,7,2
44610279020004,222095592010661,2011,42,0,61,1662.0,3.0,1,BEVU,1,BEVU,4,2012-06-25 13:16:24,,7,2
44610280020004,222095592010661,2011,42,0,61,1662.0,4.0,1,BEVU,1,BEVU,2,2012-06-25 13:16:24,,7,2
44610281020004,222095592010661,2011,42,0,61,1662.0,2.0,2,CEOR7,1,CEOR7,1,2012-06-25 13:16:24,,7,2
44610282020004,222095592010661,2011,42,0,61,1662.0,2.0,2,LOMO2,1,LOMO2,1,2012-06-25 13:16:24,,7,2
44610283020004,222095592010661,2011,42,0,61,1662.0,3.0,1,LOMO2,1,LOMO2,2,2012-06-25 13:16:24,,7,2
44610284020004,222095592010661,2011,42,0,61,1662.0,4.0,1,LOMO2,1,LOMO2,1,2012-06-25 13:16:24,,7,2
44610285020004,222095592010661,2011,42,0,61,1662.0,1.0,1,ROMU,1,ROMU,3,2012-06-25 13:16:24,,7,2
44610286020004,222095592010661,2011,42,0,61,1662.0,2.0,2,ROMU,1,ROMU,2,2012-06-25 13:16:24,,7,2
44610287020004,222095592010661,2011,42,0,61,1662.0,3.0,1,ROMU,1,ROMU,15,2012-06-25 13:16:24,,7,2
44610288020004,222095592010661,2011,42,0,61,1662.0,4.0,1,ROMU,1,ROMU,1,2012-06-25 13:16:24,,7,2
44610306020004,222095600010661,2011,42,0,61,1135.0,2.0,1,ROPS,1,ROPS,3,2012-06-25 13:16:24,,7,2
44610307020004,222095600010661,2011,42,0,61,1135.0,3.0,1,ROPS,1,ROPS,3,2012-06-25 13:16:24,,7,2
44608129020004,222094646010661,2011,42,5,73,1051.0,1.0,1,BETH,1,BETH,1,2012-06-25 13:15:18,,7,2
44608130020004,222094646010661,2011,42,5,73,1051.0,3.0,1,BETH,1,BETH,1,2012-06-25 13:15:18,,7,2
44608131020004,222094646010661,2011,42,5,73,1051.0,3.0,1,LOMO2,1,LOMO2,1,2012-06-25 13:15:18,,7,2
44608132020004,222094646010661,2011,42,5,73,1051.0,1.0,1,ROMU,1,ROMU,2,2012-06-25 13:15:18,,7,2
44608133020004,222094646010661,2011,42,5,73,1051.0,3.0,1,ROMU,1,ROMU,2,2012-06-25 13:15:18,,7,2
44610350020004,222095622010661,2011,42,0,57,1174.0,3.0,2,LOJA,1,LOJA,1,2012-06-25 13:16:26,,7,2
44610351020004,222095622010661,2011,42,0,57,1174.0,3.0,2,LOMA6,1,LOMA6,1,2012-06-25 13:16:26,,7,2
44610352020004,222095622010661,2011,42,0,57,1174.0,3.0,2,ROMU,1,ROMU,10,2012-06-25 13:16:26,,7,2
44610435020004,222095662010661,2011,42,6,35,1930.0,4.0,1,AIAL,1,AIAL,1,2012-06-25 13:16:29,,7,2
44610436020004,222095662010661,2011,42,6,35,1930.0,2.0,1,ELUM,1,ELUM,2,2012-06-25 13:16:29,,7,2
44610437020004,222095662010661,2011,42,6,35,1930.0,2.0,1,LOMO2,1,LOMO2,12,2012-06-25 13:16:29,,7,2
44610438020004,222095662010661,2011,42,6,35,1930.0,2.0,1,ROMU,1,ROMU,3,2012-06-25 13:16:29,,7,2
44610471020004,222095678010661,2011,42,0,55,520.0,1.0,1,ALPE4,1,ALPE4,1,2012-06-25 13:16:31,,7,2
44610472020004,222095678010661,2011,42,0,55,520.0,4.0,1,ALPE4,1,ALPE4,1,2012-06-25 13:16:31,,7,2
44610473020004,222095678010661,2011,42,0,55,520.0,4.0,1,BETH,1,BETH,1,2012-06-25 13:16:31,,7,2
44610474020004,222095678010661,2011,42,0,55,520.0,1.0,1,MIVI,1,MIVI,10,2012-06-25 13:16:31,,7,2
44610475020004,222095678010661,2011,42,0,55,520.0,2.0,1,MIVI,1,MIVI,1,2012-06-25 13:16:31,,7,2
44610476020004,222095678010661,2011,42,0,55,520.0,3.0,1,MIVI,1,MIVI,15,2012-06-25 13:16:31,,7,2
44610477020004,222095678010661,2011,42,0,55,520.0,4.0,1,MIVI,1,MIVI,30,2012-06-25 13:16:31,,7,2
44608182020004,222094670010661,2011,42,5,129,33.0,1.0,1,AIAL,1,AIAL,20,2012-06-25 13:15:20,,7,2
44608183020004,222094670010661,2011,42,5,129,33.0,3.0,1,AIAL,1,AIAL,60,2012-06-25 13:15:20,,7,2
44608184020004,222094670010661,2011,42,5,129,33.0,1.0,1,ROMU,1,ROMU,2,2012-06-25 13:15:20,,7,2
44608185020004,222094670010661,2011,42,5,129,33.0,2.0,1,ROMU,1,ROMU,3,2012-06-25 13:15:20,,7,2
44607233020004,222096296010661,2011,42,8,89,1486.0,3.0,2,ROMU,1,ROMU,13,2012-06-25 13:14:49,,7,2
44608186020004,222094670010661,2011,42,5,129,33.0,3.0,1,ROMU,1,ROMU,3,2012-06-25 13:15:20,,7,2
44607428020004,222096366010661,2011,42,9,95,1273.0,2.0,1,ROMU,1,ROMU,15,2012-06-25 13:14:54,,7,2
44607429020004,222096366010661,2011,42,9,95,1273.0,3.0,1,ROMU,1,ROMU,20,2012-06-25 13:14:54,,7,2
44607430020004,222096366010661,2011,42,9,95,1273.0,4.0,1,ROMU,1,ROMU,10,2012-06-25 13:14:54,,7,2
44609665020004,222095310010661,2011,42,6,47,495.0,4.0,1,ROMU,1,ROMU,3,2012-06-25 13:16:03,,7,2
44609734020004,222095342010661,2011,42,7,21,1464.0,1.0,1,ACPL,1,ACPL,33,2012-06-25 13:16:05,,7,2
44609735020004,222095342010661,2011,42,7,21,1464.0,4.0,1,ACPL,1,ACPL,48,2012-06-25 13:16:05,,7,2
44609736020004,222095342010661,2011,42,7,21,1464.0,1.0,1,ALPE4,1,ALPE4,80,2012-06-25 13:16:05,,7,2
44609737020004,222095342010661,2011,42,7,21,1464.0,3.0,1,ALPE4,1,ALPE4,8,2012-06-25 13:16:05,,7,2
44609738020004,222095342010661,2011,42,7,21,1464.0,4.0,1,ALPE4,1,ALPE4,72,2012-06-25 13:16:05,,7,2
44609739020004,222095342010661,2011,42,7,21,1464.0,1.0,1,BETH,1,BETH,5,2012-06-25 13:16:05,,7,2
44609740020004,222095342010661,2011,42,7,21,1464.0,3.0,1,ROPS,1,ROPS,10,2012-06-25 13:16:05,,7,2
44609741020004,222095342010661,2011,42,7,21,1464.0,4.0,1,ROPS,1,ROPS,32,2012-06-25 13:16:05,,7,2
44609779020004,222095360010661,2011,42,7,111,157.0,1.0,1,BETH,1,BETH,3,2012-06-25 13:16:06,,7,2
44609780020004,222095360010661,2011,42,7,111,157.0,1.0,1,LOMO2,1,LOMO2,63,2012-06-25 13:16:06,,7,2
44609781020004,222095360010661,2011,42,7,111,157.0,3.0,1,LOMO2,1,LOMO2,29,2012-06-25 13:16:06,,7,2
44609782020004,222095360010661,2011,42,7,111,157.0,4.0,1,LOMO2,1,LOMO2,25,2012-06-25 13:16:06,,7,2
44609783020004,222095360010661,2011,42,7,111,157.0,1.0,1,ROMU,1,ROMU,3,2012-06-25 13:16:06,,7,2
44609784020004,222095360010661,2011,42,7,111,157.0,3.0,1,ROMU,1,ROMU,3,2012-06-25 13:16:06,,7,2
44607501020004,222096400010661,2011,42,9,17,1230.0,1.0,1,ALPE4,1,ALPE4,20,2012-06-25 13:14:56,,7,2
44607502020004,222096400010661,2011,42,9,17,1230.0,3.0,2,ALPE4,1,ALPE4,20,2012-06-25 13:14:56,,7,2
44607503020004,222096400010661,2011,42,9,17,1230.0,4.0,1,ALPE4,1,ALPE4,20,2012-06-25 13:14:56,,7,2
44607504020004,222096400010661,2011,42,9,17,1230.0,1.0,1,BETH,1,BETH,1,2012-06-25 13:14:56,,7,2
44607505020004,222096400010661,2011,42,9,17,1230.0,4.0,1,BETH,1,BETH,1,2012-06-25 13:14:56,,7,2
44607506020004,222096400010661,2011,42,9,17,1230.0,3.0,2,CEOR7,1,CEOR7,1,2012-06-25 13:14:56,,7,2
44607507020004,222096400010661,2011,42,9,17,1230.0,4.0,1,CEOR7,1,CEOR7,1,2012-06-25 13:14:56,,7,2
44607508020004,222096400010661,2011,42,9,17,1230.0,1.0,1,LIVU,1,LIVU,1,2012-06-25 13:14:56,,7,2
44607509020004,222096400010661,2011,42,9,17,1230.0,3.0,2,LIVU,1,LIVU,1,2012-06-25 13:14:56,,7,2
44607510020004,222096400010661,2011,42,9,17,1230.0,4.0,1,LIVU,1,LIVU,1,2012-06-25 13:14:56,,7,2
44607511020004,222096400010661,2011,42,9,17,1230.0,1.0,1,LOJA,1,LOJA,30,2012-06-25 13:14:56,,7,2
44607512020004,222096400010661,2011,42,9,17,1230.0,3.0,2,LOJA,1,LOJA,20,2012-06-25 13:14:56,,7,2
44607513020004,222096400010661,2011,42,9,17,1230.0,4.0,1,LOJA,1,LOJA,30,2012-06-25 13:14:56,,7,2
44607514020004,222096400010661,2011,42,9,17,1230.0,3.0,2,MIVI,1,MIVI,60,2012-06-25 13:14:56,,7,2
44607515020004,222096400010661,2011,42,9,17,1230.0,4.0,1,MIVI,1,MIVI,1,2012-06-25 13:14:56,,7,2
44607516020004,222096400010661,2011,42,9,17,1230.0,1.0,1,ROMU,1,ROMU,20,2012-06-25 13:14:56,,7,2
44607517020004,222096400010661,2011,42,9,17,1230.0,3.0,2,ROMU,1,ROMU,10,2012-06-25 13:14:56,,7,2
44607518020004,222096400010661,2011,42,9,17,1230.0,4.0,1,ROMU,1,ROMU,10,2012-06-25 13:14:56,,7,2
44609831020004,222095382010661,2011,42,6,105,1897.0,1.0,1,LOMO2,1,LOMO2,3,2012-06-25 13:16:08,,7,2
44609832020004,222095382010661,2011,42,6,105,1897.0,4.0,1,LOMO2,1,LOMO2,1,2012-06-25 13:16:08,,7,2
44607685020004,222096480010661,2011,42,7,111,1476.0,3.0,1,BETH,1,BETH,10,2012-06-25 13:15:02,,7,2
44607728020004,222096498010661,2011,42,7,51,1016.0,2.0,1,ROMU,1,ROMU,10,2012-06-25 13:15:03,,7,2
44607729020004,222096498010661,2011,42,7,51,1016.0,3.0,1,ROMU,1,ROMU,20,2012-06-25 13:15:03,,7,2
249557326010661,168997162010661,2010,42,8,131,911.0,4.0,2,ELUM,1,ELUM,5,2011-06-08 12:11:28,,7,1
249557327010661,168997162010661,2010,42,8,131,911.0,2.0,1,LOMO2,1,LOMO2,1,2011-06-08 12:11:28,,7,1
249557328010661,168997162010661,2010,42,8,131,911.0,4.0,1,LOMO2,1,LOMO2,15,2011-06-08 12:11:28,,7,1
249557329010661,168997162010661,2010,42,8,131,911.0,4.0,2,LOMO2,1,LOMO2,5,2011-06-08 12:11:28,,7,1
249557330010661,168997162010661,2010,42,8,131,911.0,1.0,1,ROMU,1,ROMU,5,2011-06-08 12:11:28,,7,1
249557331010661,168997162010661,2010,42,8,131,911.0,2.0,1,ROMU,1,ROMU,5,2011-06-08 12:11:28,,7,1
249557332010661,168997162010661,2010,42,8,131,911.0,3.0,1,ROMU,1,ROMU,3,2011-06-08 12:11:28,,7,1
249557333010661,168997162010661,2010,42,8,131,911.0,4.0,1,ROMU,1,ROMU,15,2011-06-08 12:11:28,,7,1
249557334010661,168997162010661,2010,42,8,131,911.0,4.0,2,ROMU,1,ROMU,5,2011-06-08 12:11:28,,7,1
249557335010661,168997162010661,2010,42,8,131,911.0,3.0,1,ROPS,1,ROPS,1,2011-06-08 12:11:28,,7,1
249557179010661,168997192010661,2010,42,8,97,1563.0,3.0,1,ACPL,1,ACPL,1,2011-06-08 12:11:27,,7,1
249557180010661,168997192010661,2010,42,8,97,1563.0,3.0,1,BETH,1,BETH,1,2011-06-08 12:11:27,,7,1
249557181010661,168997192010661,2010,42,8,97,1563.0,4.0,1,CEOR7,1,CEOR7,7,2011-06-08 12:11:27,,7,1
249557182010661,168997192010661,2010,42,8,97,1563.0,4.0,1,LOJA,1,LOJA,1,2011-06-08 12:11:27,,7,1
249557183010661,168997192010661,2010,42,8,97,1563.0,3.0,1,ROMU,1,ROMU,7,2011-06-08 12:11:27,,7,1
249557184010661,168997192010661,2010,42,8,97,1563.0,4.0,1,ROMU,1,ROMU,3,2011-06-08 12:11:27,,7,1
249557152010661,168997968010661,2010,42,6,83,1222.0,1.0,1,LOMO2,1,LOMO2,1,2011-06-08 12:11:27,,7,1
249557287010661,168998734010661,2010,42,5,125,1881.0,2.0,2,ALPE4,1,ALPE4,65,2011-06-08 12:11:28,,7,1
249557288010661,168998734010661,2010,42,5,125,1881.0,1.0,1,BETH,1,BETH,1,2011-06-08 12:11:28,,7,1
249557289010661,168998734010661,2010,42,5,125,1881.0,1.0,2,BETH,1,BETH,1,2011-06-08 12:11:28,,7,1
249557290010661,168998734010661,2010,42,5,125,1881.0,1.0,1,LONIC,1,LONIC,1,2011-06-08 12:11:28,,7,1
249557291010661,168998734010661,2010,42,5,125,1881.0,1.0,2,LONIC,1,LONIC,1,2011-06-08 12:11:28,,7,1
249557078010661,168998060010661,2010,42,7,51,1760.0,1.0,1,MIVI,1,MIVI,8,2011-06-08 12:11:27,,7,1
249557292010661,168998734010661,2010,42,5,125,1881.0,3.0,1,LONIC,1,LONIC,1,2011-06-08 12:11:28,,7,1
249557293010661,168998734010661,2010,42,5,125,1881.0,1.0,1,ROMU,1,ROMU,3,2011-06-08 12:11:28,,7,1
249557294010661,168998734010661,2010,42,5,125,1881.0,1.0,2,ROMU,1,ROMU,3,2011-06-08 12:11:28,,7,1
249557295010661,168998734010661,2010,42,5,125,1881.0,3.0,1,ROMU,1,ROMU,7,2011-06-08 12:11:28,,7,1
249557296010661,168998734010661,2010,42,5,125,1881.0,4.0,1,ROMU,1,ROMU,2,2011-06-08 12:11:28,,7,1
249556911010661,168998192010661,2010,42,5,3,539.0,1.0,2,ALPE4,1,ALPE4,7,2011-06-08 12:11:26,,7,1
249556912010661,168998192010661,2010,42,5,3,539.0,2.0,2,ALPE4,1,ALPE4,50,2011-06-08 12:11:26,,7,1
249556913010661,168998192010661,2010,42,5,3,539.0,3.0,2,ALPE4,1,ALPE4,5,2011-06-08 12:11:26,,7,1
249556914010661,168998192010661,2010,42,5,3,539.0,4.0,2,ALPE4,1,ALPE4,70,2011-06-08 12:11:26,,7,1
249556915010661,168998192010661,2010,42,5,3,539.0,1.0,2,BETH,1,BETH,1,2011-06-08 12:11:26,,7,1
249556916010661,168998192010661,2010,42,5,3,539.0,3.0,2,BETH,1,BETH,6,2011-06-08 12:11:26,,7,1
249556917010661,168998192010661,2010,42,5,3,539.0,1.0,2,LIVU,1,LIVU,7,2011-06-08 12:11:26,,7,1
249556918010661,168998192010661,2010,42,5,3,539.0,2.0,2,LIVU,1,LIVU,3,2011-06-08 12:11:26,,7,1
249556919010661,168998192010661,2010,42,5,3,539.0,3.0,2,LIVU,1,LIVU,2,2011-06-08 12:11:26,,7,1
249556920010661,168998192010661,2010,42,5,3,539.0,4.0,2,LIVU,1,LIVU,70,2011-06-08 12:11:26,,7,1
249556921010661,168998192010661,2010,42,5,3,539.0,1.0,2,MIVI,1,MIVI,3,2011-06-08 12:11:26,,7,1
249556922010661,168998192010661,2010,42,5,3,539.0,2.0,2,MIVI,1,MIVI,1,2011-06-08 12:11:26,,7,1
249556923010661,168998192010661,2010,42,5,3,539.0,2.0,2,ROMU,1,ROMU,1,2011-06-08 12:11:26,,7,1
249556924010661,168998192010661,2010,42,5,3,539.0,3.0,2,ROMU,1,ROMU,2,2011-06-08 12:11:26,,7,1
249556925010661,168998192010661,2010,42,5,3,539.0,4.0,2,ROMU,1,ROMU,1,2011-06-08 12:11:26,,7,1
152865054020004,145019575010661,2009,42,8,89,3021.0,2.0,1,MIVI,1,MIVI,1,2012-12-07 10:11:50,,6,5
152865055020004,145019575010661,2009,42,8,89,3021.0,1.0,1,MIVI,1,MIVI,3,2012-12-07 10:11:50,,6,5
152864652020004,145019575010661,2009,42,8,89,3021.0,4.0,1,BETH,1,BETH,1,2012-12-07 10:11:48,,6,5
152864653020004,145019575010661,2009,42,8,89,3021.0,2.0,1,BETH,1,BETH,1,2012-12-07 10:11:48,,6,5
152865062020004,145019713010661,2009,42,8,115,3218.0,3.0,1,ROMU,1,ROMU,1,2012-12-07 10:11:50,,6,5
226328648010661,145019767010661,2009,42,9,133,5863.0,1.0,1,ALPE4,1,ALPE4,1,2010-06-08 09:56:01,2012-02-28 07:13:59,6,5
226328650010661,145019767010661,2009,42,9,133,5863.0,1.0,1,BETH,1,BETH,1,2010-06-08 09:56:01,2012-02-28 07:13:32,6,5
226328653010661,145019767010661,2009,42,9,133,5863.0,1.0,1,LOJA,1,LOJA,1,2010-06-08 09:56:01,2012-02-28 07:13:59,6,5
226328655010661,145019767010661,2009,42,9,133,5863.0,1.0,1,LOMO2,1,LOMO2,1,2010-06-08 09:56:01,2012-02-28 07:13:05,6,5
226328660010661,145019767010661,2009,42,9,133,5863.0,1.0,1,PHAR3,1,PHAR3,1,2010-06-08 09:56:01,2012-02-28 07:11:47,6,5
226328654010661,145019767010661,2009,42,9,133,5863.0,2.0,1,LOJA,1,LOJA,2,2010-06-08 09:56:01,2012-02-28 07:13:59,6,5
226328656010661,145019767010661,2009,42,9,133,5863.0,2.0,1,LOMO2,1,LOMO2,15,2010-06-08 09:56:01,2012-02-28 07:13:05,6,5
226328661010661,145019767010661,2009,42,9,133,5863.0,2.0,1,ROMU,1,ROMU,22,2010-06-08 09:56:01,2012-02-28 07:13:05,6,5
226328649010661,145019767010661,2009,42,9,133,5863.0,4.0,3,ALPE4,1,ALPE4,1,2010-06-08 09:56:01,2012-02-28 07:13:59,6,5
226328651010661,145019767010661,2009,42,9,133,5863.0,4.0,3,CEOR7,1,CEOR7,3,2010-06-08 09:56:01,2012-02-28 07:13:32,6,5
226328652010661,145019767010661,2009,42,9,133,5863.0,4.0,3,LIVU,1,LIVU,5,2010-06-08 09:56:01,2012-02-28 07:14:28,6,5
226328657010661,145019767010661,2009,42,9,133,5863.0,4.0,3,LOMO2,1,LOMO2,15,2010-06-08 09:56:01,2012-02-28 07:13:05,6,5
226328658010661,145019767010661,2009,42,9,133,5863.0,4.0,3,LONIC,1,LONIC,3,2010-06-08 09:56:01,2012-02-28 07:13:32,6,5
226328659010661,145019767010661,2009,42,9,133,5863.0,4.0,3,MIVI,1,MIVI,1,2010-06-08 09:56:01,2012-02-28 07:13:05,6,5
226328662010661,145019767010661,2009,42,9,133,5863.0,4.0,3,ROMU,1,ROMU,8,2010-06-08 09:56:01,2012-02-28 07:13:05,6,5
152864748020004,145019867010661,2009,42,9,133,5353.0,4.0,1,LONIC,1,LOMO2,25,2012-12-07 10:11:49,,6,5
152864749020004,145019867010661,2009,42,9,133,5353.0,3.0,1,LONIC,1,LOMO2,20,2012-12-07 10:11:49,,6,5
152864750020004,145019867010661,2009,42,9,133,5353.0,2.0,1,LONIC,1,LOMO2,1,2012-12-07 10:11:49,,6,5
152864751020004,145019867010661,2009,42,9,133,5353.0,1.0,1,LONIC,1,LOMO2,7,2012-12-07 10:11:49,,6,5
152864752020004,145019867010661,2009,42,9,133,5353.0,4.0,1,ALPE4,1,ALPE4,1,2012-12-07 10:11:49,,6,5
152865053020004,145019575010661,2009,42,8,89,3021.0,3.0,1,MIVI,1,MIVI,3,2012-12-07 10:11:50,,6,5
44606703020004,222096044010661,2011,42,8,131,1362.0,4.0,2,LOMO2,1,LOMO2,1,2012-06-25 13:14:32,,7,2
44606704020004,222096044010661,2011,42,8,131,1362.0,2.0,2,ROMU,1,ROMU,1,2012-06-25 13:14:32,,7,2
44608904020004,222094990010661,2011,42,5,3,1815.0,2.0,2,ALPE4,1,ALPE4,70,2012-06-25 13:15:39,,7,2
44608905020004,222094990010661,2011,42,5,3,1815.0,2.0,2,CEOR7,1,CEOR7,40,2012-06-25 13:15:39,,7,2
44608906020004,222094990010661,2011,42,5,3,1815.0,2.0,2,HEMA3,1,HEMA3,13,2012-06-25 13:15:39,,7,2
44608907020004,222094990010661,2011,42,5,3,1815.0,2.0,2,LIVU,1,LIVU,15,2012-06-25 13:15:39,,7,2
249556926010661,168998192010661,2010,42,5,3,539.0,1.0,2,ROPS,1,ROPS,15,2011-06-08 12:11:26,,7,1
249556927010661,168998192010661,2010,42,5,3,539.0,3.0,2,ROPS,1,ROPS,10,2011-06-08 12:11:26,,7,1
249557213010661,168998448010661,2010,42,8,107,1352.0,2.0,2,MIVI,1,MIVI,2,2011-06-08 12:11:27,,7,1
249557214010661,168998448010661,2010,42,8,107,1352.0,3.0,1,POSA4,1,POSA4,1,2011-06-08 12:11:27,,7,1
249557215010661,168998448010661,2010,42,8,107,1352.0,3.0,1,ROPS,1,ROPS,2,2011-06-08 12:11:27,,7,1
249556928010661,168998012010661,2010,42,5,5,1711.0,4.0,1,BETH,1,BETH,1,2011-06-08 12:11:26,,7,1
249556929010661,168998012010661,2010,42,5,5,1711.0,3.0,3,ELUM,1,ELUM,1,2011-06-08 12:11:26,,7,1
249556930010661,168998012010661,2010,42,5,5,1711.0,1.0,1,ROMU,1,ROMU,1,2011-06-08 12:11:26,,7,1
249556931010661,168998012010661,2010,42,5,5,1711.0,3.0,3,ROMU,1,ROMU,2,2011-06-08 12:11:26,,7,1
249556932010661,168998012010661,2010,42,5,5,1711.0,4.0,1,ROMU,1,ROMU,1,2011-06-08 12:11:26,,7,1
249556933010661,168998012010661,2010,42,5,5,1711.0,4.0,1,ROPS,1,ROPS,5,2011-06-08 12:11:26,,7,1
249556962010661,168997324010661,2010,42,8,15,1085.0,1.0,1,BETH,1,BETH,1,2011-06-08 12:11:27,,7,1
249556963010661,168997324010661,2010,42,8,15,1085.0,2.0,1,BETH,1,BETH,2,2011-06-08 12:11:27,,7,1
249556964010661,168997324010661,2010,42,8,15,1085.0,1.0,1,ELUM,1,ELUM,3,2011-06-08 12:11:27,,7,1
249556965010661,168997324010661,2010,42,8,15,1085.0,1.0,1,MIVI,1,MIVI,2,2011-06-08 12:11:27,,7,1
249556966010661,168997324010661,2010,42,8,15,1085.0,1.0,1,ROMU,1,ROMU,5,2011-06-08 12:11:27,,7,1
249556967010661,168997324010661,2010,42,8,15,1085.0,2.0,1,ROMU,1,ROMU,8,2011-06-08 12:11:27,,7,1
249556968010661,168997324010661,2010,42,8,15,1085.0,3.0,1,ROMU,1,ROMU,2,2011-06-08 12:11:27,,7,1
249556969010661,168997324010661,2010,42,8,15,1085.0,4.0,1,ROMU,1,ROMU,3,2011-06-08 12:11:27,,7,1
249557014010661,168998546010661,2010,42,5,19,948.0,3.0,1,BETH,1,BETH,1,2011-06-08 12:11:27,,7,1
249557015010661,168998546010661,2010,42,5,19,948.0,1.0,1,LOMO2,1,LOMO2,2,2011-06-08 12:11:27,,7,1
249557016010661,168998546010661,2010,42,5,19,948.0,1.0,1,ROMU,1,ROMU,1,2011-06-08 12:11:27,,7,1
249557057010661,168997910010661,2010,42,6,47,391.0,2.0,1,ELUM,1,ELUM,1,2011-06-08 12:11:27,,7,1
249557058010661,168997910010661,2010,42,6,47,391.0,1.0,1,LOMA6,1,LOMA6,50,2011-06-08 12:11:27,,7,1
249557059010661,168997910010661,2010,42,6,47,391.0,1.0,1,ROMU,1,ROMU,1,2011-06-08 12:11:27,,7,1
249557060010661,168997910010661,2010,42,6,47,391.0,2.0,1,ROMU,1,ROMU,1,2011-06-08 12:11:27,,7,1
249557037010661,168997544010661,2010,42,6,27,854.0,2.0,1,AIAL,1,AIAL,1,2011-06-08 12:11:27,,7,1
249557038010661,168997544010661,2010,42,6,27,854.0,1.0,1,MIVI,1,MIVI,1,2011-06-08 12:11:27,,7,1
249557039010661,168997544010661,2010,42,6,27,854.0,4.0,1,MIVI,1,MIVI,4,2011-06-08 12:11:27,,7,1
249557048010661,168997696010661,2010,42,6,35,6115.0,1.0,1,BETH,1,BETH,1,2011-06-08 12:11:27,,7,1
249557049010661,168997696010661,2010,42,6,35,6115.0,2.0,1,BETH,1,BETH,1,2011-06-08 12:11:27,,7,1
249557050010661,168997696010661,2010,42,6,35,6115.0,4.0,1,BETH,1,BETH,1,2011-06-08 12:11:27,,7,1
249557051010661,168997696010661,2010,42,6,35,6115.0,2.0,1,MIVI,1,MIVI,5,2011-06-08 12:11:27,,7,1
249557052010661,168997696010661,2010,42,6,35,6115.0,1.0,1,ROMU,1,ROMU,3,2011-06-08 12:11:27,,7,1
249557053010661,168997696010661,2010,42,6,35,6115.0,2.0,1,ROMU,1,ROMU,3,2011-06-08 12:11:27,,7,1
249557054010661,168997696010661,2010,42,6,35,6115.0,4.0,1,ROMU,1,ROMU,1,2011-06-08 12:11:27,,7,1
249557055010661,168997696010661,2010,42,6,35,6115.0,1.0,1,ROPS,1,ROPS,57,2011-06-08 12:11:27,,7,1
249557216010661,168997368010661,2010,42,0,109,708.0,1.0,2,ALPE4,1,ALPE4,1,2011-06-08 12:11:27,,7,1
249557217010661,168997368010661,2010,42,0,109,708.0,2.0,2,ALPE4,1,ALPE4,5,2011-06-08 12:11:27,,7,1
249557218010661,168997368010661,2010,42,0,109,708.0,3.0,2,ALPE4,1,ALPE4,5,2011-06-08 12:11:27,,7,1
249557219010661,168997368010661,2010,42,0,109,708.0,4.0,2,ALPE4,1,ALPE4,10,2011-06-08 12:11:27,,7,1
249557220010661,168997368010661,2010,42,0,109,708.0,1.0,2,ELUM,1,ELUM,2,2011-06-08 12:11:27,,7,1
249557221010661,168997368010661,2010,42,0,109,708.0,3.0,2,ELUM,1,ELUM,2,2011-06-08 12:11:27,,7,1
44607730020004,222096498010661,2011,42,7,51,1016.0,4.0,1,ROMU,1,ROMU,10,2012-06-25 13:15:03,,7,2
152864886020004,145021129010661,2009,42,5,129,3712.0,4.0,2,ROMU,1,ROMU,55,2012-12-07 10:11:49,,6,5
152864887020004,145021129010661,2009,42,5,129,3712.0,4.0,2,ULPU,1,ULPU,15,2012-12-07 10:11:49,,6,5
226330112010661,145021215010661,2009,42,8,127,5962.0,2.0,1,ROMU,1,ROMU,50,2010-06-08 09:56:28,2012-02-28 07:14:01,6,5
226330113010661,145021215010661,2009,42,8,127,5962.0,3.0,1,ROMU,1,ROMU,1,2010-06-08 09:56:28,2012-02-28 07:14:01,6,5
226330114010661,145021215010661,2009,42,8,127,5962.0,4.0,1,ROMU,1,ROMU,10,2010-06-08 09:56:28,2012-02-28 07:14:01,6,5
226328370010661,145019633010661,2009,42,8,127,5103.0,1.0,1,BETH,1,BETH,1,2010-06-08 09:55:56,2012-02-28 07:13:05,6,5
226328371010661,145019633010661,2009,42,8,127,5103.0,4.0,1,BETH,1,BETH,1,2010-06-08 09:55:56,2012-02-28 07:13:05,6,5
226328372010661,145019633010661,2009,42,8,127,5103.0,4.0,1,ROMU,1,ROMU,3,2010-06-08 09:55:56,2012-02-28 07:13:32,6,5
226330177010661,145021243010661,2009,42,7,111,3018.0,1.0,1,ROMU,1,ROMU,1,2010-06-08 09:56:30,2012-02-28 07:12:09,6,5
226330178010661,145021243010661,2009,42,7,111,3018.0,2.0,1,ROMU,1,ROMU,1,2010-06-08 09:56:30,2012-02-28 07:12:09,6,5
226330205010661,145021255010661,2009,42,7,21,5185.0,1.0,1,BETH,1,BETH,5,2010-06-08 09:56:31,2012-02-28 07:13:03,6,5
226330206010661,145021255010661,2009,42,7,21,5185.0,1.0,1,LOMO2,1,LOMO2,10,2010-06-08 09:56:31,2012-02-28 07:13:30,6,5
226330208010661,145021255010661,2009,42,7,21,5185.0,1.0,1,ROMU,1,ROMU,15,2010-06-08 09:56:31,2012-02-28 07:13:03,6,5
226330209010661,145021255010661,2009,42,7,21,5185.0,1.0,1,ROPS,1,ROPS,20,2010-06-08 09:56:31,2012-02-28 07:14:55,6,5
226330207010661,145021255010661,2009,42,7,21,5185.0,2.0,2,LOMO2,1,LOMO2,5,2010-06-08 09:56:31,2012-02-28 07:13:30,6,5
226330210010661,145021255010661,2009,42,7,21,5185.0,3.0,1,ROPS,1,ROPS,5,2010-06-08 09:56:31,2012-02-28 07:14:55,6,5
226330211010661,145021255010661,2009,42,7,21,5185.0,4.0,1,ROPS,1,ROPS,15,2010-06-08 09:56:31,2012-02-28 07:14:55,6,5
152864656020004,145021259010661,2009,42,5,63,5004.0,4.0,1,ELUM,1,ELUM,15,2012-12-07 10:11:48,,6,5
152864657020004,145021259010661,2009,42,5,63,5004.0,3.0,1,ELUM,1,ELUM,3,2012-12-07 10:11:48,,6,5
152864658020004,145021259010661,2009,42,5,63,5004.0,1.0,1,ELUM,1,ELUM,12,2012-12-07 10:11:48,,6,5
152864888020004,145021259010661,2009,42,5,63,5004.0,4.0,1,LOMO2,1,LOMO2,20,2012-12-07 10:11:49,,6,5
152864889020004,145021259010661,2009,42,5,63,5004.0,3.0,1,LOMO2,1,LOMO2,8,2012-12-07 10:11:49,,6,5
152864890020004,145021259010661,2009,42,5,63,5004.0,2.0,1,LOMO2,1,LOMO2,5,2012-12-07 10:11:49,,6,5
152864891020004,145021259010661,2009,42,5,63,5004.0,1.0,1,LOMO2,1,LOMO2,16,2012-12-07 10:11:49,,6,5
152864892020004,145021259010661,2009,42,5,63,5004.0,4.0,1,ROMU,1,ROMU,10,2012-12-07 10:11:49,,6,5
152864893020004,145021259010661,2009,42,5,63,5004.0,3.0,1,ROMU,1,ROMU,1,2012-12-07 10:11:49,,6,5
152864894020004,145021259010661,2009,42,5,63,5004.0,2.0,1,ROMU,1,ROMU,1,2012-12-07 10:11:49,,6,5
152864895020004,145021259010661,2009,42,5,63,5004.0,1.0,1,ROMU,1,ROMU,5,2012-12-07 10:11:50,,6,5
249557264010661,168997358010661,2010,42,0,119,1483.0,4.0,2,LOMA6,1,LOMA6,2,2011-06-08 12:11:28,,7,1
249557265010661,168997358010661,2010,42,0,119,1483.0,2.0,2,LOMO2,1,LOMO2,1,2011-06-08 12:11:28,,7,1
249557266010661,168997358010661,2010,42,0,119,1483.0,3.0,2,LOMO2,1,LOMO2,3,2011-06-08 12:11:28,,7,1
249557267010661,168997358010661,2010,42,0,119,1483.0,4.0,2,LOMO2,1,LOMO2,7,2011-06-08 12:11:28,,7,1
249557268010661,168997358010661,2010,42,0,119,1483.0,2.0,2,LYNU,1,LYNU,2,2011-06-08 12:11:28,,7,1
249557269010661,168997358010661,2010,42,0,119,1483.0,2.0,2,MIVI,1,MIVI,6,2011-06-08 12:11:28,,7,1
249557270010661,168997358010661,2010,42,0,119,1483.0,2.0,2,ROMU,1,ROMU,62,2011-06-08 12:11:28,,7,1
249557271010661,168997358010661,2010,42,0,119,1483.0,3.0,2,ROMU,1,ROMU,3,2011-06-08 12:11:28,,7,1
249557272010661,168997358010661,2010,42,0,119,1483.0,4.0,2,ROMU,1,ROMU,31,2011-06-08 12:11:28,,7,1
249557256010661,168997358010661,2010,42,0,119,1483.0,4.0,2,ALPE4,1,ALPE4,2,2011-06-08 12:11:28,,7,1
249557257010661,168997358010661,2010,42,0,119,1483.0,3.0,2,BETH,1,BETH,2,2011-06-08 12:11:28,,7,1
249557258010661,168997358010661,2010,42,0,119,1483.0,4.0,2,BETH,1,BETH,5,2011-06-08 12:11:28,,7,1
249557259010661,168997358010661,2010,42,0,119,1483.0,4.0,2,CEOR7,1,CEOR7,1,2011-06-08 12:11:28,,7,1
249557260010661,168997358010661,2010,42,0,119,1483.0,3.0,2,ELUM,1,ELUM,1,2011-06-08 12:11:28,,7,1
249557119010661,168998676010661,2010,42,9,71,990.0,1.0,1,ACPL,1,ACPL,1,2011-06-08 12:11:27,,7,1
249557120010661,168998676010661,2010,42,9,71,990.0,2.0,1,ACPL,1,ACPL,1,2011-06-08 12:11:27,,7,1
249557121010661,168998676010661,2010,42,9,71,990.0,4.0,1,ACPL,1,ACPL,1,2011-06-08 12:11:27,,7,1
249557122010661,168998676010661,2010,42,9,71,990.0,2.0,1,BETH,1,BETH,1,2011-06-08 12:11:27,,7,1
249557123010661,168998676010661,2010,42,9,71,990.0,1.0,1,CEOR7,1,CEOR7,1,2011-06-08 12:11:27,,7,1
249557124010661,168998676010661,2010,42,9,71,990.0,2.0,1,CEOR7,1,CEOR7,1,2011-06-08 12:11:27,,7,1
249557125010661,168998676010661,2010,42,9,71,990.0,3.0,1,CEOR7,1,CEOR7,3,2011-06-08 12:11:27,,7,1
249557126010661,168998676010661,2010,42,9,71,990.0,4.0,1,CEOR7,1,CEOR7,1,2011-06-08 12:11:27,,7,1
249557127010661,168998676010661,2010,42,9,71,990.0,3.0,1,LIVU,1,LIVU,2,2011-06-08 12:11:27,,7,1
249557128010661,168998676010661,2010,42,9,71,990.0,1.0,1,LOJA,1,LOJA,10,2011-06-08 12:11:27,,7,1
249557129010661,168998676010661,2010,42,9,71,990.0,2.0,1,LOJA,1,LOJA,6,2011-06-08 12:11:27,,7,1
249557130010661,168998676010661,2010,42,9,71,990.0,3.0,1,LOJA,1,LOJA,1,2011-06-08 12:11:27,,7,1
249557131010661,168998676010661,2010,42,9,71,990.0,4.0,1,LOJA,1,LOJA,1,2011-06-08 12:11:27,,7,1
249557132010661,168998676010661,2010,42,9,71,990.0,1.0,1,MIVI,1,MIVI,2,2011-06-08 12:11:27,,7,1
249557133010661,168998676010661,2010,42,9,71,990.0,2.0,1,MIVI,1,MIVI,3,2011-06-08 12:11:27,,7,1
249557134010661,168998676010661,2010,42,9,71,990.0,1.0,1,ROMU,1,ROMU,1,2011-06-08 12:11:27,,7,1
249557135010661,168998676010661,2010,42,9,71,990.0,2.0,1,ROMU,1,ROMU,1,2011-06-08 12:11:27,,7,1
249557233010661,168998720010661,2010,42,7,111,513.0,1.0,1,BETH,1,BETH,10,2011-06-08 12:11:28,,7,1
249557234010661,168998720010661,2010,42,7,111,513.0,2.0,1,BETH,1,BETH,2,2011-06-08 12:11:28,,7,1
249557235010661,168998720010661,2010,42,7,111,513.0,1.0,1,ROMU,1,ROMU,80,2011-06-08 12:11:28,,7,1
249557236010661,168998720010661,2010,42,7,111,513.0,2.0,1,ROMU,1,ROMU,5,2011-06-08 12:11:28,,7,1
249557237010661,168998720010661,2010,42,7,111,513.0,3.0,1,ROMU,1,ROMU,92,2011-06-08 12:11:28,,7,1
249557238010661,168998720010661,2010,42,7,111,513.0,4.0,1,ROMU,1,ROMU,5,2011-06-08 12:11:28,,7,1
249557239010661,168997772010661,2010,42,7,111,771.0,3.0,2,ROPS,1,ROPS,24,2011-06-08 12:11:28,,7,1
249556895010661,168997308010661,2010,42,9,1,1923.0,1.0,2,ALPE4,1,ALPE4,1,2011-06-08 12:11:26,,7,1
249556896010661,168997308010661,2010,42,9,1,1923.0,1.0,2,MIVI,1,MIVI,1,2011-06-08 12:11:26,,7,1
44608187020004,222094670010661,2011,42,5,129,33.0,4.0,1,ROMU,1,ROMU,3,2012-06-25 13:15:20,,7,2
44608285020004,222094714010661,2011,42,0,99,1207.0,2.0,2,CEOR7,1,CEOR7,25,2012-06-25 13:15:24,,7,2
44608286020004,222094714010661,2011,42,0,99,1207.0,2.0,2,LOJA,1,LOJA,15,2012-06-25 13:15:24,,7,2
44608287020004,222094714010661,2011,42,0,99,1207.0,2.0,2,LOMO2,1,LOMO2,3,2012-06-25 13:15:24,,7,2
44608288020004,222094714010661,2011,42,0,99,1207.0,2.0,2,ROMU,1,ROMU,75,2012-06-25 13:15:24,,7,2
44610501020004,222095688010661,2011,42,6,27,1796.0,2.0,1,ALPE4,1,ALPE4,1,2012-06-25 13:16:32,,7,2
44610502020004,222095688010661,2011,42,6,27,1796.0,1.0,1,ELUM,1,ELUM,3,2012-06-25 13:16:32,,7,2
44610503020004,222095688010661,2011,42,6,27,1796.0,1.0,1,LOMO2,1,LOMO2,4,2012-06-25 13:16:32,,7,2
44610504020004,222095688010661,2011,42,6,27,1796.0,2.0,1,LOMO2,1,LOMO2,2,2012-06-25 13:16:32,,7,2
44610505020004,222095688010661,2011,42,6,27,1796.0,3.0,1,LOMO2,1,LOMO2,1,2012-06-25 13:16:32,,7,2
44610506020004,222095688010661,2011,42,6,27,1796.0,4.0,1,LOMO2,1,LOMO2,3,2012-06-25 13:16:32,,7,2
44610507020004,222095688010661,2011,42,6,27,1796.0,1.0,1,MIVI,1,MIVI,1,2012-06-25 13:16:32,,7,2
44610508020004,222095688010661,2011,42,6,27,1796.0,3.0,1,MIVI,1,MIVI,1,2012-06-25 13:16:32,,7,2
44610509020004,222095688010661,2011,42,6,27,1796.0,2.0,1,ROMU,1,ROMU,1,2012-06-25 13:16:32,,7,2
44610510020004,222095688010661,2011,42,6,27,1796.0,4.0,1,ROMU,1,ROMU,2,2012-06-25 13:16:32,,7,2
44610621020004,222095740010661,2011,42,8,15,900.0,1.0,1,ALPE4,1,ALPE4,1,2012-06-25 13:16:35,,7,2
44610622020004,222095740010661,2011,42,8,15,900.0,2.0,1,ALPE4,1,ALPE4,5,2012-06-25 13:16:35,,7,2
44610623020004,222095740010661,2011,42,8,15,900.0,3.0,1,ALPE4,1,ALPE4,1,2012-06-25 13:16:35,,7,2
44610624020004,222095740010661,2011,42,8,15,900.0,2.0,1,CEOR7,1,CEOR7,1,2012-06-25 13:16:35,,7,2
44610625020004,222095740010661,2011,42,8,15,900.0,4.0,1,CEOR7,1,CEOR7,1,2012-06-25 13:16:35,,7,2
44610626020004,222095740010661,2011,42,8,15,900.0,1.0,1,CIAR4,1,CIAR4,1,2012-06-25 13:16:35,,7,2
249557222010661,168997368010661,2010,42,0,109,708.0,1.0,2,LOMA6,1,LOMA6,1,2011-06-08 12:11:27,,7,1
249557223010661,168997368010661,2010,42,0,109,708.0,2.0,2,LOMA6,1,LOMA6,70,2011-06-08 12:11:27,,7,1
249557224010661,168997368010661,2010,42,0,109,708.0,4.0,2,LOMA6,1,LOMA6,3,2011-06-08 12:11:27,,7,1
249557225010661,168997368010661,2010,42,0,109,708.0,1.0,2,LOMO2,1,LOMO2,2,2011-06-08 12:11:27,,7,1
249557226010661,168997368010661,2010,42,0,109,708.0,2.0,2,LOMO2,1,LOMO2,10,2011-06-08 12:11:27,,7,1
249557227010661,168997368010661,2010,42,0,109,708.0,3.0,2,LOMO2,1,LOMO2,20,2011-06-08 12:11:27,,7,1
249557228010661,168997368010661,2010,42,0,109,708.0,4.0,2,LOMO2,1,LOMO2,67,2011-06-08 12:11:27,,7,1
249557229010661,168997368010661,2010,42,0,109,708.0,1.0,2,ROMU,1,ROMU,2,2011-06-08 12:11:27,,7,1
249557230010661,168997368010661,2010,42,0,109,708.0,2.0,2,ROMU,1,ROMU,1,2011-06-08 12:11:27,,7,1
249557231010661,168997368010661,2010,42,0,109,708.0,3.0,2,ROMU,1,ROMU,60,2011-06-08 12:11:28,,7,1
249557232010661,168997368010661,2010,42,0,109,708.0,4.0,2,ROMU,1,ROMU,9,2011-06-08 12:11:28,,7,1
44608596020004,222094858010661,2011,42,5,85,866.0,3.0,2,ROMU,1,ROMU,3,2012-06-25 13:15:31,,7,2
44610882020004,222095846010661,2011,42,8,15,1345.0,3.0,2,ALPE4,1,ALPE4,2,2012-06-25 13:16:42,,7,2
44610883020004,222095846010661,2011,42,8,15,1345.0,3.0,2,LOMO2,1,LOMO2,1,2012-06-25 13:16:42,,7,2
44610908020004,222095858010661,2011,42,8,15,1429.0,3.0,1,CEOR7,1,CEOR7,10,2012-06-25 13:16:43,,7,2
44610909020004,222095858010661,2011,42,8,15,1429.0,1.0,1,ELUM,1,ELUM,3,2012-06-25 13:16:43,,7,2
44610910020004,222095858010661,2011,42,8,15,1429.0,2.0,1,ELUM,1,ELUM,1,2012-06-25 13:16:43,,7,2
44610911020004,222095858010661,2011,42,8,15,1429.0,4.0,1,ELUM,1,ELUM,2,2012-06-25 13:16:43,,7,2
44610912020004,222095858010661,2011,42,8,15,1429.0,1.0,1,ROMU,1,ROMU,1,2012-06-25 13:16:43,,7,2
44610913020004,222095858010661,2011,42,8,15,1429.0,2.0,1,ROMU,1,ROMU,1,2012-06-25 13:16:43,,7,2
44610914020004,222095858010661,2011,42,8,15,1429.0,3.0,1,ROMU,1,ROMU,1,2012-06-25 13:16:43,,7,2
44610915020004,222095858010661,2011,42,8,15,1429.0,4.0,1,ROMU,1,ROMU,1,2012-06-25 13:16:43,,7,2
44608655020004,222094886010661,2011,42,6,121,524.0,3.0,1,ROMU,1,ROMU,2,2012-06-25 13:15:33,,7,2
44608703020004,222094908010661,2011,42,5,19,35.0,3.0,2,ALPE4,1,ALPE4,1,2012-06-25 13:15:35,,7,2
44608704020004,222094908010661,2011,42,5,19,35.0,3.0,2,CEOR7,1,CEOR7,1,2012-06-25 13:15:35,,7,2
44608705020004,222094908010661,2011,42,5,19,35.0,3.0,2,LIVU,1,LIVU,12,2012-06-25 13:15:35,,7,2
44608706020004,222094908010661,2011,42,5,19,35.0,3.0,2,LOMA6,1,LOMA6,1,2012-06-25 13:15:35,,7,2
44608707020004,222094908010661,2011,42,5,19,35.0,3.0,2,ROMU,1,ROMU,3,2012-06-25 13:15:35,,7,2
44611031020004,222095912010661,2011,42,0,109,1242.0,3.0,3,ROMU,1,ROMU,3,2012-06-25 13:16:46,,7,2
44611032020004,222095912010661,2011,42,0,109,1242.0,3.0,3,ROPS,1,ROPS,6,2012-06-25 13:16:46,,7,2
44611079020004,222095934010661,2011,42,8,15,23.0,1.0,1,ELUM,1,ELUM,2,2012-06-25 13:16:46,,7,2
44611080020004,222095934010661,2011,42,8,15,23.0,1.0,1,ROMU,1,ROMU,1,2012-06-25 13:16:46,,7,2
44608775020004,222094938010661,2011,42,5,125,1863.0,1.0,1,ROMU,1,ROMU,33,2012-06-25 13:15:37,,7,2
1536639625290487,816544517290487,2022,42,6,123,4404.0,1.0,1,BETH,1,BETH,1,2024-01-05 14:22:05,,8,8
1536639626290487,816544517290487,2022,42,6,123,4404.0,2.0,1,LONIC,1,LONIC,1,2024-01-05 14:22:05,,8,8
1536639627290487,816544517290487,2022,42,6,123,4404.0,1.0,1,ROMU,1,ROMU,4,2024-01-05 14:22:05,,8,8
1536639628290487,816544517290487,2022,42,6,123,4404.0,2.0,1,ROMU,1,ROMU,2,2024-01-05 14:22:05,,8,8
1536639629290487,816544517290487,2022,42,6,123,4404.0,3.0,1,ROMU,1,ROMU,1,2024-01-05 14:22:05,,8,8
1536639630290487,816544517290487,2022,42,6,123,4404.0,4.0,1,ROMU,1,ROMU,5,2024-01-05 14:22:05,,8,8
1536639774290487,816544524290487,2022,42,6,31,3318.0,4.0,1,MIVI,1,MIVI,1,2024-01-05 14:22:06,,8,8
1536639775290487,816544524290487,2022,42,6,31,3318.0,4.0,1,ROMU,1,ROMU,1,2024-01-05 14:22:06,,8,8
1536639939290487,816544610290487,2022,42,7,9,4170.0,2.0,1,MIVI,1,MIVI,1,2024-01-05 14:22:06,,8,8
1536639940290487,816544610290487,2022,42,7,9,4170.0,3.0,1,MIVI,1,MIVI,10,2024-01-05 14:22:06,,8,8
1536640490290487,816544777290487,2022,42,6,105,6220.0,2.0,1,ELUM,1,ELUM,2,2024-01-05 14:22:07,,9,1
1536640491290487,816544777290487,2022,42,6,105,6220.0,2.0,1,RHCA3,1,RHCA3,1,2024-01-05 14:22:07,,9,1
1536640492290487,816544777290487,2022,42,6,105,6220.0,2.0,1,ROMU,1,ROMU,3,2024-01-05 14:22:07,,9,1
1536640682290487,816544912290487,2022,42,7,13,1573.0,4.0,2,ALPE4,1,ALPE4,1,2024-01-05 14:22:08,,9,1
1536640683290487,816544912290487,2022,42,7,13,1573.0,4.0,2,MIVI,1,MIVI,5,2024-01-05 14:22:08,,9,1
1536633718290487,816544782290487,2022,42,6,31,1425.0,1.0,1,MIVI,1,MIVI,10,2024-01-05 14:21:45,,9,1
1536633866290487,816544813290487,2022,42,6,83,1936.0,1.0,1,LONIC,1,LONIC,1,2024-01-05 14:21:45,,9,1
1536633867290487,816544813290487,2022,42,6,83,1936.0,1.0,1,ROMU,1,ROMU,3,2024-01-05 14:21:45,,9,1
1536640735290487,816544960290487,2022,42,8,15,553.0,1.0,1,ROMU,1,ROMU,1,2024-01-05 14:22:08,,9,1
1536640736290487,816544960290487,2022,42,8,15,553.0,3.0,1,ROMU,1,ROMU,1,2024-01-05 14:22:08,,9,1
1536640896290487,816544997290487,2022,42,8,93,1604.0,3.0,2,BETH,1,BETH,3,2024-01-05 14:22:08,,9,1
1536640897290487,816544997290487,2022,42,8,93,1604.0,3.0,2,ELUM,1,ELUM,13,2024-01-05 14:22:08,,9,1
1536640898290487,816544997290487,2022,42,8,93,1604.0,3.0,2,LOJA,1,LOJA,1,2024-01-05 14:22:08,,9,1
1536640899290487,816544997290487,2022,42,8,93,1604.0,3.0,2,MIVI,1,MIVI,7,2024-01-05 14:22:08,,9,1
1536640900290487,816544997290487,2022,42,8,93,1604.0,3.0,2,ROMU,1,ROMU,1,2024-01-05 14:22:08,,9,1
1536629306290487,816545112290487,2022,42,9,133,974.0,3.0,1,MIVI,1,MIVI,3,2024-01-05 14:21:34,,9,1
1536635892290487,816544784290487,2022,42,5,5,1043.0,1.0,1,ALPE4,1,ALPE4,7,2024-01-05 14:21:50,,9,1
1536635893290487,816544784290487,2022,42,5,5,1043.0,2.0,1,ALPE4,1,ALPE4,1,2024-01-05 14:21:50,,9,1
1536635894290487,816544784290487,2022,42,5,5,1043.0,1.0,1,CEOR7,1,CEOR7,3,2024-01-05 14:21:51,,9,1
1536635895290487,816544784290487,2022,42,5,5,1043.0,2.0,1,CEOR7,1,CEOR7,6,2024-01-05 14:21:51,,9,1
1536635896290487,816544784290487,2022,42,5,5,1043.0,2.0,1,ELUM,1,ELUM,5,2024-01-05 14:21:51,,9,1
1536635897290487,816544784290487,2022,42,5,5,1043.0,1.0,1,LIVU,1,LIVU,50,2024-01-05 14:21:51,,9,1
1536635898290487,816544784290487,2022,42,5,5,1043.0,2.0,1,LIVU,1,LIVU,35,2024-01-05 14:21:51,,9,1
1536635899290487,816544784290487,2022,42,5,5,1043.0,1.0,1,ROMU,1,ROMU,35,2024-01-05 14:21:51,,9,1
1536635900290487,816544784290487,2022,42,5,5,1043.0,2.0,1,ROMU,1,ROMU,30,2024-01-05 14:21:51,,9,1
1536635901290487,816544784290487,2022,42,5,5,1043.0,2.0,1,ROPS,1,ROPS,20,2024-01-05 14:21:51,,9,1
1536633977290487,816544865290487,2022,42,5,3,316.0,4.0,1,AIAL,1,AIAL,10,2024-01-05 14:21:45,,9,1
1536633978290487,816544865290487,2022,42,5,3,316.0,1.0,1,ALPE4,1,ALPE4,1,2024-01-05 14:21:45,,9,1
1536633979290487,816544865290487,2022,42,5,3,316.0,3.0,1,ALPE4,1,ALPE4,1,2024-01-05 14:21:45,,9,1
1536633980290487,816544865290487,2022,42,5,3,316.0,4.0,1,ALPE4,1,ALPE4,2,2024-01-05 14:21:45,,9,1
1536633981290487,816544865290487,2022,42,5,3,316.0,1.0,1,CEOR7,1,CEOR7,1,2024-01-05 14:21:45,,9,1
1536633982290487,816544865290487,2022,42,5,3,316.0,3.0,1,CEOR7,1,CEOR7,15,2024-01-05 14:21:45,,9,1
1536633983290487,816544865290487,2022,42,5,3,316.0,4.0,1,CEOR7,1,CEOR7,1,2024-01-05 14:21:45,,9,1
1536633984290487,816544865290487,2022,42,5,3,316.0,4.0,1,LOJA,1,LOJA,1,2024-01-05 14:21:45,,9,1
1536633985290487,816544865290487,2022,42,5,3,316.0,4.0,1,LOMA6,1,LOMA6,2,2024-01-05 14:21:45,,9,1
1536633986290487,816544865290487,2022,42,5,3,316.0,4.0,1,MIVI,1,MIVI,3,2024-01-05 14:21:45,,9,1
1536633987290487,816544865290487,2022,42,5,3,316.0,1.0,1,POCU6,1,POCU6,30,2024-01-05 14:21:45,,9,1
1536633988290487,816544865290487,2022,42,5,3,316.0,3.0,1,POCU6,1,POCU6,35,2024-01-05 14:21:45,,9,1
1536633989290487,816544865290487,2022,42,5,3,316.0,4.0,1,POCU6,1,POCU6,10,2024-01-05 14:21:45,,9,1
1536633990290487,816544865290487,2022,42,5,3,316.0,1.0,1,ROMU,1,ROMU,3,2024-01-05 14:21:45,,9,1
1536633991290487,816544865290487,2022,42,5,3,316.0,4.0,1,ROMU,1,ROMU,2,2024-01-05 14:21:45,,9,1
1536633992290487,816544865290487,2022,42,5,3,316.0,4.0,1,ROPS,1,ROPS,1,2024-01-05 14:21:45,,9,1
1536634092290487,816544868290487,2022,42,5,125,922.0,2.0,1,AIAL,1,AIAL,10,2024-01-05 14:21:46,,9,1
1536634093290487,816544868290487,2022,42,5,125,922.0,1.0,1,CEOR7,1,CEOR7,6,2024-01-05 14:21:46,,9,1
1536634094290487,816544868290487,2022,42,5,125,922.0,2.0,1,CEOR7,1,CEOR7,3,2024-01-05 14:21:46,,9,1
1536634095290487,816544868290487,2022,42,5,125,922.0,1.0,1,ELUM,1,ELUM,12,2024-01-05 14:21:46,,9,1
1536634096290487,816544868290487,2022,42,5,125,922.0,2.0,1,LONIC,1,LONIC,1,2024-01-05 14:21:46,,9,1
1536634097290487,816544868290487,2022,42,5,125,922.0,1.0,1,ROMU,1,ROMU,45,2024-01-05 14:21:46,,9,1
1536634098290487,816544868290487,2022,42,5,125,922.0,2.0,1,ROMU,1,ROMU,21,2024-01-05 14:21:46,,9,1
1536634191290487,816544917290487,2022,42,5,63,1432.0,2.0,2,LOMO2,1,LOMO2,3,2024-01-05 14:21:46,,9,1
1536634192290487,816544917290487,2022,42,5,63,1432.0,3.0,2,LOMO2,1,LOMO2,10,2024-01-05 14:21:46,,9,1
1536634193290487,816544917290487,2022,42,5,63,1432.0,2.0,2,ROMU,1,ROMU,50,2024-01-05 14:21:46,,9,1
1536634194290487,816544917290487,2022,42,5,63,1432.0,3.0,2,ROMU,1,ROMU,35,2024-01-05 14:21:46,,9,1
1536634299290487,816544955290487,2022,42,0,99,943.0,1.0,1,BETH,1,BETH,1,2024-01-05 14:21:46,,9,1
1536634300290487,816544955290487,2022,42,0,99,943.0,2.0,1,BETH,1,BETH,1,2024-01-05 14:21:46,,9,1
1536634301290487,816544955290487,2022,42,0,99,943.0,4.0,1,CEOR7,1,CEOR7,1,2024-01-05 14:21:46,,9,1
1536634302290487,816544955290487,2022,42,0,99,943.0,1.0,1,MIVI,1,MIVI,1,2024-01-05 14:21:46,,9,1
1536634303290487,816544955290487,2022,42,0,99,943.0,2.0,1,MIVI,1,MIVI,1,2024-01-05 14:21:46,,9,1
1536634304290487,816544955290487,2022,42,0,99,943.0,3.0,1,MIVI,1,MIVI,2,2024-01-05 14:21:46,,9,1
1536634305290487,816544955290487,2022,42,0,99,943.0,4.0,1,MIVI,1,MIVI,10,2024-01-05 14:21:46,,9,1
1536634306290487,816544955290487,2022,42,0,99,943.0,1.0,1,ROMU,1,ROMU,1,2024-01-05 14:21:46,,9,1
1536634307290487,816544955290487,2022,42,0,99,943.0,4.0,1,ROMU,1,ROMU,1,2024-01-05 14:21:46,,9,1
1536634477290487,816544958290487,2022,42,9,41,528.0,2.0,2,LOMA6,1,LOMA6,1,2024-01-05 14:21:46,,9,1
1536641793290487,816544739290487,2022,42,5,129,1393.0,1.0,1,ALPE4,1,ALPE4,20,2024-01-05 14:22:10,,9,1
1536641794290487,816544739290487,2022,42,5,129,1393.0,2.0,1,ALPE4,1,ALPE4,2,2024-01-05 14:22:10,,9,1
1536641795290487,816544739290487,2022,42,5,129,1393.0,3.0,1,ALPE4,1,ALPE4,5,2024-01-05 14:22:10,,9,1
1536641796290487,816544739290487,2022,42,5,129,1393.0,2.0,1,BETH,1,BETH,1,2024-01-05 14:22:10,,9,1
1536641797290487,816544739290487,2022,42,5,129,1393.0,1.0,1,CEOR7,1,CEOR7,5,2024-01-05 14:22:10,,9,1
1536641798290487,816544739290487,2022,42,5,129,1393.0,2.0,1,CEOR7,1,CEOR7,15,2024-01-05 14:22:10,,9,1
1536641799290487,816544739290487,2022,42,5,129,1393.0,3.0,1,CEOR7,1,CEOR7,15,2024-01-05 14:22:10,,9,1
1536641800290487,816544739290487,2022,42,5,129,1393.0,4.0,1,CEOR7,1,CEOR7,20,2024-01-05 14:22:10,,9,1
1536641801290487,816544739290487,2022,42,5,129,1393.0,2.0,1,ELUM,1,ELUM,3,2024-01-05 14:22:10,,9,1
1536641802290487,816544739290487,2022,42,5,129,1393.0,1.0,1,LIVU,1,LIVU,1,2024-01-05 14:22:10,,9,1
1536641803290487,816544739290487,2022,42,5,129,1393.0,2.0,1,LIVU,1,LIVU,1,2024-01-05 14:22:10,,9,1
1536641804290487,816544739290487,2022,42,5,129,1393.0,3.0,1,LIVU,1,LIVU,1,2024-01-05 14:22:10,,9,1
1536641805290487,816544739290487,2022,42,5,129,1393.0,2.0,1,LOMO2,1,LOMO2,1,2024-01-05 14:22:10,,9,1
1536641806290487,816544739290487,2022,42,5,129,1393.0,1.0,1,MIVI,1,MIVI,50,2024-01-05 14:22:10,,9,1
1536641807290487,816544739290487,2022,42,5,129,1393.0,2.0,1,MIVI,1,MIVI,70,2024-01-05 14:22:10,,9,1
1536641808290487,816544739290487,2022,42,5,129,1393.0,3.0,1,MIVI,1,MIVI,25,2024-01-05 14:22:10,,9,1
1536641809290487,816544739290487,2022,42,5,129,1393.0,4.0,1,MIVI,1,MIVI,25,2024-01-05 14:22:10,,9,1
1536641810290487,816544739290487,2022,42,5,129,1393.0,1.0,1,ROMU,1,ROMU,20,2024-01-05 14:22:10,,9,1
1536641811290487,816544739290487,2022,42,5,129,1393.0,2.0,1,ROMU,1,ROMU,25,2024-01-05 14:22:10,,9,1
1644985011290487,816544619290487,2022,42,0,43,4117.0,4.0,1,ROMU,1,ROMU,2,2024-07-16 09:41:53,,8,8
1536641812290487,816544739290487,2022,42,5,129,1393.0,3.0,1,ROMU,1,ROMU,55,2024-01-05 14:22:10,,9,1
1536641813290487,816544739290487,2022,42,5,129,1393.0,4.0,1,ROMU,1,ROMU,85,2024-01-05 14:22:10,,9,1
1536641814290487,816544739290487,2022,42,5,129,1393.0,1.0,1,ROPS,1,ROPS,5,2024-01-05 14:22:10,,9,1
1536641815290487,816544739290487,2022,42,5,129,1393.0,2.0,1,ROPS,1,ROPS,12,2024-01-05 14:22:10,,9,1
1536634967290487,816545122290487,2022,42,5,59,1341.0,1.0,1,ALPE4,1,ALPE4,1,2024-01-05 14:21:48,,9,1
1536634968290487,816545122290487,2022,42,5,59,1341.0,2.0,1,ALPE4,1,ALPE4,1,2024-01-05 14:21:48,,9,1
1536634969290487,816545122290487,2022,42,5,59,1341.0,3.0,1,ALPE4,1,ALPE4,1,2024-01-05 14:21:48,,9,1
1536634970290487,816545122290487,2022,42,5,59,1341.0,4.0,1,ALPE4,1,ALPE4,1,2024-01-05 14:21:48,,9,1
1536634971290487,816545122290487,2022,42,5,59,1341.0,2.0,1,BETH,1,BETH,1,2024-01-05 14:21:48,,9,1
1536634972290487,816545122290487,2022,42,5,59,1341.0,1.0,1,ROMU,1,ROMU,1,2024-01-05 14:21:48,,9,1
1536634973290487,816545122290487,2022,42,5,59,1341.0,2.0,1,ROMU,1,ROMU,1,2024-01-05 14:21:48,,9,1
1536634974290487,816545122290487,2022,42,5,59,1341.0,4.0,1,ROMU,1,ROMU,1,2024-01-05 14:21:48,,9,1
1536642040290487,816544886290487,2022,42,6,53,292.0,2.0,1,BETH,1,BETH,1,2024-01-05 14:22:11,,9,1
1536642041290487,816544886290487,2022,42,6,53,292.0,3.0,1,BETH,1,BETH,1,2024-01-05 14:22:11,,9,1
1536642042290487,816544886290487,2022,42,6,53,292.0,3.0,1,ROMU,1,ROMU,1,2024-01-05 14:22:11,,9,1
1536635981290487,816544809290487,2022,42,5,63,671.0,1.0,1,BETH,1,BETH,1,2024-01-05 14:21:51,,9,1
1536635982290487,816544809290487,2022,42,5,63,671.0,3.0,1,BETH,1,BETH,2,2024-01-05 14:21:51,,9,1
1536635983290487,816544809290487,2022,42,5,63,671.0,4.0,1,BETH,1,BETH,15,2024-01-05 14:21:51,,9,1
1536635984290487,816544809290487,2022,42,5,63,671.0,1.0,1,ROMU,1,ROMU,15,2024-01-05 14:21:51,,9,1
1536636150290487,816544871290487,2022,42,6,123,1155.0,1.0,2,BETH,1,BETH,1,2024-01-05 14:21:51,,9,1
1536636151290487,816544871290487,2022,42,6,123,1155.0,2.0,3,LONIC,1,LONIC,8,2024-01-05 14:21:51,,9,1
1536636152290487,816544871290487,2022,42,6,123,1155.0,4.0,2,LONIC,1,LONIC,2,2024-01-05 14:21:51,,9,1
1536636153290487,816544871290487,2022,42,6,123,1155.0,1.0,2,ROMU,1,ROMU,1,2024-01-05 14:21:51,,9,1
1536636154290487,816544871290487,2022,42,6,123,1155.0,2.0,3,ROMU,1,ROMU,15,2024-01-05 14:21:51,,9,1
1536636155290487,816544871290487,2022,42,6,123,1155.0,4.0,2,ROMU,1,ROMU,15,2024-01-05 14:21:51,,9,1
1644984685290487,816544526290487,2022,42,7,51,5140.0,4.0,1,MIVI,1,MIVI,10,2024-07-16 09:41:50,,8,8
1809188833290487,1192933926290487,2023,42,8,89,487.0,1.0,1,LOJA,1,LOJA,2,2025-03-11 11:01:54,,9,2
1809188834290487,1192933926290487,2023,42,8,89,487.0,3.0,1,LOMA6,1,LOMA6,1,2025-03-11 11:01:54,,9,2
1809188835290487,1192933926290487,2023,42,8,89,487.0,1.0,1,LONIC,1,LONIC,20,2025-03-11 11:01:54,,9,2
1809189720290487,1192933559290487,2023,42,5,49,1395.0,3.0,1,PHAU7,1,PHAU7,3,2025-03-11 11:01:57,,9,2
1809189721290487,1192933559290487,2023,42,5,49,1395.0,1.0,1,ROMU,1,ROMU,1,2025-03-11 11:01:57,,9,2
1809189722290487,1192933559290487,2023,42,5,49,1395.0,2.0,1,ROMU,1,ROMU,1,2025-03-11 11:01:57,,9,2
1809189723290487,1192933559290487,2023,42,5,49,1395.0,3.0,1,ROMU,1,ROMU,1,2025-03-11 11:01:57,,9,2
1809189724290487,1192933559290487,2023,42,5,49,1395.0,4.0,1,ROMU,1,ROMU,1,2025-03-11 11:01:57,,9,2
1809188021290487,1192933509290487,2023,42,5,63,736.0,2.0,1,BETH,1,BETH,2,2025-03-11 11:01:52,,9,2
1809188022290487,1192933509290487,2023,42,5,63,736.0,4.0,1,BETH,1,BETH,3,2025-03-11 11:01:52,,9,2
1809188023290487,1192933509290487,2023,42,5,63,736.0,1.0,1,CEOR7,1,CEOR7,15,2025-03-11 11:01:52,,9,2
44608776020004,222094938010661,2011,42,5,125,1863.0,3.0,1,ROMU,1,ROMU,10,2012-06-25 13:15:37,,7,2
44608777020004,222094938010661,2011,42,5,125,1863.0,1.0,1,ROPS,1,ROPS,8,2012-06-25 13:15:37,,7,2
44608778020004,222094938010661,2011,42,5,125,1863.0,3.0,1,ROPS,1,ROPS,10,2012-06-25 13:15:37,,7,2
44608796020004,222094946010661,2011,42,6,123,492.0,1.0,1,ROMU,1,ROMU,2,2012-06-25 13:15:37,,7,2
44608797020004,222094946010661,2011,42,6,123,492.0,3.0,1,ROMU,1,ROMU,1,2012-06-25 13:15:37,,7,2
44608798020004,222094946010661,2011,42,6,123,492.0,4.0,1,ROMU,1,ROMU,2,2012-06-25 13:15:37,,7,2
44608834020004,222094962010661,2011,42,5,59,297.0,1.0,1,ELUM,1,ELUM,20,2012-06-25 13:15:38,,7,2
44608835020004,222094962010661,2011,42,5,59,297.0,3.0,1,ELUM,1,ELUM,10,2012-06-25 13:15:38,,7,2
44608836020004,222094962010661,2011,42,5,59,297.0,4.0,1,ELUM,1,ELUM,15,2012-06-25 13:15:38,,7,2
44608837020004,222094962010661,2011,42,5,59,297.0,1.0,1,LOMA6,1,LOMA6,15,2012-06-25 13:15:38,,7,2
44608838020004,222094962010661,2011,42,5,59,297.0,3.0,1,LOMA6,1,LOMA6,35,2012-06-25 13:15:38,,7,2
44608839020004,222094962010661,2011,42,5,59,297.0,4.0,1,LOMA6,1,LOMA6,33,2012-06-25 13:15:38,,7,2
44608840020004,222094962010661,2011,42,5,59,297.0,1.0,1,ROMU,1,ROMU,5,2012-06-25 13:15:38,,7,2
44608841020004,222094962010661,2011,42,5,59,297.0,2.0,1,ROMU,1,ROMU,6,2012-06-25 13:15:38,,7,2
44608842020004,222094962010661,2011,42,5,59,297.0,3.0,1,ROMU,1,ROMU,15,2012-06-25 13:15:38,,7,2
44608843020004,222094962010661,2011,42,5,59,297.0,4.0,1,ROMU,1,ROMU,11,2012-06-25 13:15:38,,7,2
44608854020004,222094966010661,2011,42,6,121,197.0,2.0,1,ROMU,1,ROMU,12,2012-06-25 13:15:38,,7,2
44611127020004,222095956010661,2011,42,9,1,718.0,1.0,1,ALPE4,1,ALPE4,10,2012-06-25 13:16:48,,7,2
44611128020004,222095956010661,2011,42,9,1,718.0,2.0,1,ALPE4,1,ALPE4,10,2012-06-25 13:16:48,,7,2
44611129020004,222095956010661,2011,42,9,1,718.0,4.0,1,ALPE4,1,ALPE4,10,2012-06-25 13:16:48,,7,2
44611130020004,222095956010661,2011,42,9,1,718.0,1.0,1,LOJA,1,LOJA,10,2012-06-25 13:16:48,,7,2
44611131020004,222095956010661,2011,42,9,1,718.0,2.0,1,LOJA,1,LOJA,15,2012-06-25 13:16:48,,7,2
44611132020004,222095956010661,2011,42,9,1,718.0,4.0,1,LOJA,1,LOJA,30,2012-06-25 13:16:48,,7,2
44611133020004,222095956010661,2011,42,9,1,718.0,1.0,1,ROMU,1,ROMU,30,2012-06-25 13:16:48,,7,2
44611134020004,222095956010661,2011,42,9,1,718.0,2.0,1,ROMU,1,ROMU,30,2012-06-25 13:16:48,,7,2
44611135020004,222095956010661,2011,42,9,1,718.0,4.0,1,ROMU,1,ROMU,25,2012-06-25 13:16:48,,7,2
44606588020004,222095998010661,2011,42,0,43,1169.0,3.0,1,AIAL,1,AIAL,3,2012-06-25 13:14:27,,7,2
44606589020004,222095998010661,2011,42,0,43,1169.0,4.0,1,CIVU,1,CIVU,1,2012-06-25 13:14:27,,7,2
44606590020004,222095998010661,2011,42,0,43,1169.0,4.0,1,LOJA,1,LOJA,1,2012-06-25 13:14:27,,7,2
44606591020004,222095998010661,2011,42,0,43,1169.0,1.0,1,MIVI,1,MIVI,1,2012-06-25 13:14:27,,7,2
44606592020004,222095998010661,2011,42,0,43,1169.0,3.0,1,MIVI,1,MIVI,1,2012-06-25 13:14:27,,7,2
44606593020004,222095998010661,2011,42,0,43,1169.0,4.0,1,MIVI,1,MIVI,13,2012-06-25 13:14:27,,7,2
44606594020004,222095998010661,2011,42,0,43,1169.0,1.0,1,ROMU,1,ROMU,1,2012-06-25 13:14:27,,7,2
44606595020004,222095998010661,2011,42,0,43,1169.0,3.0,1,ROMU,1,ROMU,2,2012-06-25 13:14:27,,7,2
44606596020004,222095998010661,2011,42,0,43,1169.0,4.0,1,ROMU,1,ROMU,7,2012-06-25 13:14:27,,7,2
44606654020004,222096026010661,2011,42,8,115,1329.0,1.0,1,ROMU,1,ROMU,5,2012-06-25 13:14:30,,7,2
44606671020004,222096034010661,2011,42,8,115,71.0,2.0,1,ALPE4,1,ALPE4,1,2012-06-25 13:14:31,,7,2
44606672020004,222096034010661,2011,42,8,115,71.0,3.0,1,ALPE4,1,ALPE4,10,2012-06-25 13:14:31,,7,2
44606673020004,222096034010661,2011,42,8,115,71.0,4.0,1,ALPE4,1,ALPE4,1,2012-06-25 13:14:31,,7,2
44606674020004,222096034010661,2011,42,8,115,71.0,3.0,1,BETH,1,BETH,1,2012-06-25 13:14:31,,7,2
44606675020004,222096034010661,2011,42,8,115,71.0,4.0,1,BETH,1,BETH,2,2012-06-25 13:14:31,,7,2
44606676020004,222096034010661,2011,42,8,115,71.0,4.0,1,BEVU,1,BEVU,10,2012-06-25 13:14:31,,7,2
44606677020004,222096034010661,2011,42,8,115,71.0,1.0,1,ROMU,1,ROMU,1,2012-06-25 13:14:31,,7,2
44606678020004,222096034010661,2011,42,8,115,71.0,2.0,1,ROMU,1,ROMU,1,2012-06-25 13:14:31,,7,2
44606679020004,222096034010661,2011,42,8,115,71.0,3.0,1,ROMU,1,ROMU,1,2012-06-25 13:14:31,,7,2
44606680020004,222096034010661,2011,42,8,115,71.0,4.0,1,ROMU,1,ROMU,20,2012-06-25 13:14:31,,7,2
44606702020004,222096044010661,2011,42,8,131,1362.0,3.0,2,LOMO2,1,LOMO2,1,2012-06-25 13:14:32,,7,2
152864753020004,145019867010661,2009,42,9,133,5353.0,1.0,1,ALPE4,1,ALPE4,1,2012-12-07 10:11:49,,6,5
152864754020004,145019867010661,2009,42,9,133,5353.0,4.0,1,CEOR,1,CEOR7,4,2012-12-07 10:11:49,,6,5
152864755020004,145019867010661,2009,42,9,133,5353.0,3.0,1,CEOR,1,CEOR7,1,2012-12-07 10:11:49,,6,5
152864756020004,145019867010661,2009,42,9,133,5353.0,2.0,1,CEOR,1,CEOR7,7,2012-12-07 10:11:49,,6,5
152864757020004,145019867010661,2009,42,9,133,5353.0,1.0,1,CEOR,1,CEOR7,30,2012-12-07 10:11:49,,6,5
152864758020004,145019867010661,2009,42,9,133,5353.0,3.0,1,CIVU,1,CIVU,1,2012-12-07 10:11:49,,6,5
152864759020004,145019867010661,2009,42,9,133,5353.0,2.0,1,CIVU,1,CIVU,1,2012-12-07 10:11:49,,6,5
152864760020004,145019867010661,2009,42,9,133,5353.0,1.0,1,CIVU,1,CIVU,1,2012-12-07 10:11:49,,6,5
152864761020004,145019867010661,2009,42,9,133,5353.0,4.0,1,ELAN,1,ELAN,8,2012-12-07 10:11:49,,6,5
152864762020004,145019867010661,2009,42,9,133,5353.0,3.0,1,ELAN,1,ELAN,30,2012-12-07 10:11:49,,6,5
152864763020004,145019867010661,2009,42,9,133,5353.0,2.0,1,ELAN,1,ELAN,5,2012-12-07 10:11:49,,6,5
152864764020004,145019867010661,2009,42,9,133,5353.0,1.0,1,ELAN,1,ELAN,20,2012-12-07 10:11:49,,6,5
152864765020004,145019867010661,2009,42,9,133,5353.0,1.0,1,LOJA,1,LOJA,2,2012-12-07 10:11:49,,6,5
152864766020004,145019867010661,2009,42,9,133,5353.0,4.0,1,ROMU,1,ROMU,4,2012-12-07 10:11:49,,6,5
152864767020004,145019867010661,2009,42,9,133,5353.0,3.0,1,ROMU,1,ROMU,2,2012-12-07 10:11:49,,6,5
152864768020004,145019867010661,2009,42,9,133,5353.0,1.0,1,ROMU,1,ROMU,5,2012-12-07 10:11:49,,6,5
226328920010661,145021263010661,2009,42,5,5,3364.0,1.0,1,ELUM,1,ELUM,90,2010-06-08 09:56:07,2012-02-28 07:11:47,6,5
226328924010661,145021263010661,2009,42,5,5,3364.0,1.0,1,ROMU,1,ROMU,2,2010-06-08 09:56:07,2012-02-28 07:12:11,6,5
226328921010661,145021263010661,2009,42,5,5,3364.0,2.0,2,ELUM,1,ELUM,38,2010-06-08 09:56:07,2012-02-28 07:11:47,6,5
226328925010661,145021263010661,2009,42,5,5,3364.0,2.0,2,ROMU,1,ROMU,30,2010-06-08 09:56:07,2012-02-28 07:12:11,6,5
226328922010661,145021263010661,2009,42,5,5,3364.0,3.0,1,ELUM,1,ELUM,25,2010-06-08 09:56:07,2012-02-28 07:11:47,6,5
226328926010661,145021263010661,2009,42,5,5,3364.0,3.0,1,ROMU,1,ROMU,4,2010-06-08 09:56:07,2012-02-28 07:12:11,6,5
226328923010661,145021263010661,2009,42,5,5,3364.0,4.0,3,ELUM,1,ELUM,65,2010-06-08 09:56:07,2012-02-28 07:11:47,6,5
226328927010661,145021263010661,2009,42,5,5,3364.0,4.0,3,ROMU,1,ROMU,2,2010-06-08 09:56:07,2012-02-28 07:12:11,6,5
226328949010661,145021275010661,2009,42,5,125,4116.0,1.0,1,CEOR7,1,CEOR7,5,2010-06-08 09:56:07,2012-02-28 07:11:47,6,5
226328951010661,145021275010661,2009,42,5,125,4116.0,1.0,1,ROMU,1,ROMU,2,2010-06-08 09:56:07,2012-02-28 07:14:28,6,5
226328950010661,145021275010661,2009,42,5,125,4116.0,2.0,1,CEOR7,1,CEOR7,1,2010-06-08 09:56:07,2012-02-28 07:11:47,6,5
226328952010661,145021275010661,2009,42,5,125,4116.0,2.0,1,ROMU,1,ROMU,3,2010-06-08 09:56:07,2012-02-28 07:14:28,6,5
152865063020004,145019753010661,2009,42,9,75,2954.0,2.0,2,MIVI,1,MIVI,1,2012-12-07 10:11:50,,6,5
152865064020004,145019753010661,2009,42,9,75,2954.0,2.0,2,ROMU,1,ROMU,3,2012-12-07 10:11:50,,6,5
152865065020004,145019753010661,2009,42,9,75,2954.0,2.0,2,ROPS,1,ROPS,2,2012-12-07 10:11:50,,6,5
226328804010661,145019831010661,2009,42,8,97,3981.0,1.0,1,ROMU,1,ROMU,1,2010-06-08 09:56:04,2012-02-28 07:13:08,6,5
226328802010661,145019831010661,2009,42,8,97,3981.0,3.0,3,MIVI,1,MIVI,2,2010-06-08 09:56:04,2012-02-28 07:11:50,6,5
226328805010661,145019831010661,2009,42,8,97,3981.0,3.0,3,ROMU,1,ROMU,69,2010-06-08 09:56:04,2012-02-28 07:13:08,6,5
226328803010661,145019831010661,2009,42,8,97,3981.0,4.0,1,MIVI,1,MIVI,10,2010-06-08 09:56:04,2012-02-28 07:11:50,6,5
226328806010661,145019831010661,2009,42,8,97,3981.0,4.0,1,ROMU,1,ROMU,5,2010-06-08 09:56:04,2012-02-28 07:13:08,6,5
226327261010661,145020059010661,2009,42,0,55,6112.0,2.0,2,LONIC,1,LONIC,2,2010-06-08 09:55:32,2012-02-28 07:14:31,6,5
226327262010661,145020059010661,2009,42,0,55,6112.0,2.0,2,MIVI,1,MIVI,2,2010-06-08 09:55:32,2012-02-28 07:13:34,6,5
226327263010661,145020059010661,2009,42,0,55,6112.0,2.0,2,ROMU,1,ROMU,1,2010-06-08 09:55:32,2012-02-28 07:12:13,6,5
152864769020004,145019893010661,2009,42,8,15,3940.0,2.0,2,RHCA3,1,RHCA3,2,2012-12-07 10:11:49,,6,5
152864770020004,145019893010661,2009,42,8,15,3940.0,4.0,2,ROMU,1,ROMU,8,2012-12-07 10:11:49,,6,5
152864771020004,145019893010661,2009,42,8,15,3940.0,2.0,2,ROMU,1,ROMU,20,2012-12-07 10:11:49,,6,5
152864772020004,145019893010661,2009,42,8,15,3940.0,1.0,2,ROMU,1,ROMU,1,2012-12-07 10:11:49,,6,5
152864773020004,145019893010661,2009,42,8,15,3940.0,2.0,2,ALPE4,1,ALPE4,1,2012-12-07 10:11:49,,6,5
152864774020004,145019893010661,2009,42,8,15,3940.0,1.0,2,ALPE4,1,ALPE4,1,2012-12-07 10:11:49,,6,5
152864669020004,145020649010661,2009,42,6,65,3961.0,4.0,1,ELUM,1,ELUM,5,2012-12-07 10:11:48,,6,5
152864670020004,145020649010661,2009,42,6,65,3961.0,3.0,1,ELUM,1,ELUM,5,2012-12-07 10:11:48,,6,5
152864671020004,145020649010661,2009,42,6,65,3961.0,4.0,1,LOMO2,1,LOMO2,6,2012-12-07 10:11:48,,6,5
152864672020004,145020649010661,2009,42,6,65,3961.0,4.0,1,ROMU,1,ROMU,7,2012-12-07 10:11:48,,6,5
152864673020004,145020649010661,2009,42,6,65,3961.0,3.0,1,ROMU,1,ROMU,5,2012-12-07 10:11:48,,6,5
152864674020004,145020649010661,2009,42,6,65,3961.0,1.0,1,ROMU,1,ROMU,8,2012-12-07 10:11:48,,6,5
152864664020004,145020507010661,2009,42,7,111,3536.0,2.0,2,ROMU,1,ROMU,25,2012-12-07 10:11:48,,6,5
152864665020004,145020507010661,2009,42,7,111,3536.0,1.0,2,ROMU,1,ROMU,12,2012-12-07 10:11:48,,6,5
152864666020004,145020507010661,2009,42,7,111,3536.0,4.0,2,ROPS,1,ROPS,3,2012-12-07 10:11:48,,6,5
152864667020004,145020507010661,2009,42,7,111,3536.0,2.0,2,ROPS,1,ROPS,1,2012-12-07 10:11:48,,6,5
152864668020004,145020507010661,2009,42,7,111,3536.0,1.0,2,ROPS,1,ROPS,3,2012-12-07 10:11:48,,6,5
152864659020004,145021295010661,2009,42,9,91,4654.0,3.0,2,CELAS,1,CEOR7,5,2012-12-07 10:11:48,,6,5
152864660020004,145021295010661,2009,42,9,91,4654.0,3.0,2,ACPL,1,ACPL,20,2012-12-07 10:11:48,,6,5
152864661020004,145021295010661,2009,42,9,91,4654.0,3.0,2,ALPE4,1,ALPE4,1,2012-12-07 10:11:48,,6,5
152864662020004,145021295010661,2009,42,9,91,4654.0,3.0,2,LOJA,1,LOJA,3,2012-12-07 10:11:48,,6,5
152864663020004,145021295010661,2009,42,9,91,4654.0,3.0,2,ROMU,1,ROMU,1,2012-12-07 10:11:48,,6,5
226327622010661,145020209010661,2009,42,0,61,6069.0,1.0,1,ALPE4,1,ALPE4,10,2010-06-08 09:55:40,2012-02-28 07:13:34,6,5
226327623010661,145020209010661,2009,42,0,61,6069.0,2.0,1,ALPE4,1,ALPE4,10,2010-06-08 09:55:40,2012-02-28 07:13:34,6,5
226327632010661,145020209010661,2009,42,0,61,6069.0,2.0,1,ROMU,1,ROMU,1,2010-06-08 09:55:40,2012-02-28 07:15:02,6,5
226327634010661,145020209010661,2009,42,0,61,6069.0,2.0,1,ROPS,1,ROPS,1,2010-06-08 09:55:40,2012-02-28 07:13:34,6,5
226327624010661,145020209010661,2009,42,0,61,6069.0,3.0,1,ALPE4,1,ALPE4,10,2010-06-08 09:55:40,2012-02-28 07:13:34,6,5
226327626010661,145020209010661,2009,42,0,61,6069.0,3.0,1,BETH,1,BETH,1,2010-06-08 09:55:40,2012-02-28 07:13:34,6,5
226327628010661,145020209010661,2009,42,0,61,6069.0,3.0,1,ELAN,1,ELAN,1,2010-06-08 09:55:40,2012-02-28 07:14:02,6,5
226327630010661,145020209010661,2009,42,0,61,6069.0,3.0,1,LOMO2,1,LOMO2,1,2010-06-08 09:55:40,2012-02-28 07:15:02,6,5
226327633010661,145020209010661,2009,42,0,61,6069.0,3.0,1,ROMU,1,ROMU,1,2010-06-08 09:55:40,2012-02-28 07:15:02,6,5
1809188024290487,1192933509290487,2023,42,5,63,736.0,1.0,1,LOMO2,1,LOMO2,10,2025-03-11 11:01:52,,9,2
1809188025290487,1192933509290487,2023,42,5,63,736.0,2.0,1,LOMO2,1,LOMO2,5,2025-03-11 11:01:52,,9,2
1809188026290487,1192933509290487,2023,42,5,63,736.0,4.0,1,LOMO2,1,LOMO2,10,2025-03-11 11:01:52,,9,2
1809188027290487,1192933509290487,2023,42,5,63,736.0,1.0,1,MIVI,1,MIVI,7,2025-03-11 11:01:52,,9,2
1809188028290487,1192933509290487,2023,42,5,63,736.0,1.0,1,ROMU,1,ROMU,12,2025-03-11 11:01:52,,9,2
1809188029290487,1192933509290487,2023,42,5,63,736.0,2.0,1,ROMU,1,ROMU,2,2025-03-11 11:01:52,,9,2
1809188030290487,1192933509290487,2023,42,5,63,736.0,4.0,1,ROMU,1,ROMU,7,2025-03-11 11:01:52,,9,2
1809188178290487,1192933588290487,2023,42,6,31,1003.0,1.0,1,ROMU,1,ROMU,1,2025-03-11 11:01:52,,9,2
1809188179290487,1192933588290487,2023,42,6,31,1003.0,3.0,2,ROMU,1,ROMU,1,2025-03-11 11:01:52,,9,2
1809188175290487,1192933588290487,2023,42,6,31,1003.0,3.0,2,ALPE4,1,ALPE4,1,2025-03-11 11:01:52,,9,2
1809188176290487,1192933588290487,2023,42,6,31,1003.0,2.0,1,BETH,1,BETH,1,2025-03-11 11:01:52,,9,2
1809188177290487,1192933588290487,2023,42,6,31,1003.0,1.0,1,MIVI,1,MIVI,2,2025-03-11 11:01:52,,9,2
1809188324290487,1192933592290487,2023,42,5,3,539.0,3.0,2,AIAL,1,AIAL,1,2025-03-11 11:01:52,,9,2
1809188325290487,1192933592290487,2023,42,5,3,539.0,4.0,2,AIAL,1,AIAL,5,2025-03-11 11:01:52,,9,2
1809188326290487,1192933592290487,2023,42,5,3,539.0,1.0,2,ALPE4,1,ALPE4,1,2025-03-11 11:01:52,,9,2
1809188327290487,1192933592290487,2023,42,5,3,539.0,2.0,2,ALPE4,1,ALPE4,6,2025-03-11 11:01:52,,9,2
1809188328290487,1192933592290487,2023,42,5,3,539.0,3.0,2,ALPE4,1,ALPE4,3,2025-03-11 11:01:52,,9,2
1809188329290487,1192933592290487,2023,42,5,3,539.0,4.0,2,ALPE4,1,ALPE4,20,2025-03-11 11:01:52,,9,2
1809188330290487,1192933592290487,2023,42,5,3,539.0,1.0,2,BETH,1,BETH,15,2025-03-11 11:01:52,,9,2
1809188331290487,1192933592290487,2023,42,5,3,539.0,3.0,2,BETH,1,BETH,38,2025-03-11 11:01:52,,9,2
1809188332290487,1192933592290487,2023,42,5,3,539.0,4.0,2,BETH,1,BETH,5,2025-03-11 11:01:52,,9,2
1809188333290487,1192933592290487,2023,42,5,3,539.0,1.0,2,LIVU,1,LIVU,20,2025-03-11 11:01:52,,9,2
1809188334290487,1192933592290487,2023,42,5,3,539.0,2.0,2,LIVU,1,LIVU,10,2025-03-11 11:01:52,,9,2
1809188335290487,1192933592290487,2023,42,5,3,539.0,3.0,2,LIVU,1,LIVU,2,2025-03-11 11:01:52,,9,2
1809188336290487,1192933592290487,2023,42,5,3,539.0,4.0,2,LIVU,1,LIVU,88,2025-03-11 11:01:52,,9,2
1809188337290487,1192933592290487,2023,42,5,3,539.0,1.0,2,LOJA,1,LOJA,2,2025-03-11 11:01:52,,9,2
1809188338290487,1192933592290487,2023,42,5,3,539.0,2.0,2,LOJA,1,LOJA,1,2025-03-11 11:01:52,,9,2
1809188339290487,1192933592290487,2023,42,5,3,539.0,3.0,2,LOJA,1,LOJA,2,2025-03-11 11:01:52,,9,2
1809188340290487,1192933592290487,2023,42,5,3,539.0,2.0,2,LOMA6,1,LOMA6,1,2025-03-11 11:01:52,,9,2
1809188341290487,1192933592290487,2023,42,5,3,539.0,1.0,2,MIVI,1,MIVI,20,2025-03-11 11:01:52,,9,2
1809188342290487,1192933592290487,2023,42,5,3,539.0,2.0,2,MIVI,1,MIVI,20,2025-03-11 11:01:52,,9,2
1809188343290487,1192933592290487,2023,42,5,3,539.0,3.0,2,MIVI,1,MIVI,1,2025-03-11 11:01:52,,9,2
1809188344290487,1192933592290487,2023,42,5,3,539.0,4.0,2,MIVI,1,MIVI,5,2025-03-11 11:01:52,,9,2
1809188345290487,1192933592290487,2023,42,5,3,539.0,1.0,2,ROMU,1,ROMU,5,2025-03-11 11:01:52,,9,2
1809188346290487,1192933592290487,2023,42,5,3,539.0,2.0,2,ROMU,1,ROMU,5,2025-03-11 11:01:52,,9,2
1809188347290487,1192933592290487,2023,42,5,3,539.0,3.0,2,ROMU,1,ROMU,3,2025-03-11 11:01:52,,9,2
1809188348290487,1192933592290487,2023,42,5,3,539.0,4.0,2,ROMU,1,ROMU,1,2025-03-11 11:01:52,,9,2
1809188349290487,1192933592290487,2023,42,5,3,539.0,1.0,2,ROPS,1,ROPS,1,2025-03-11 11:01:52,,9,2
1809188350290487,1192933592290487,2023,42,5,3,539.0,3.0,2,ROPS,1,ROPS,7,2025-03-11 11:01:52,,9,2
1809188485290487,1192933640290487,2023,42,6,121,1877.0,1.0,1,ALPE4,1,ALPE4,1,2025-03-11 11:01:52,,9,2
1809188486290487,1192933640290487,2023,42,6,121,1877.0,1.0,1,CIAR4,1,CIAR4,25,2025-03-11 11:01:52,,9,2
1809188487290487,1192933640290487,2023,42,6,121,1877.0,4.0,1,CIAR4,1,CIAR4,5,2025-03-11 11:01:52,,9,2
1809186558290487,1192933634290487,2023,42,6,53,1629.0,3.0,1,FRAL4,1,FRAL4,1,2025-03-11 11:01:48,,9,2
1809186719290487,1192933672290487,2023,42,6,47,384.0,2.0,1,CIVU,1,CIVU,1,2025-03-11 11:01:48,,9,2
1809186720290487,1192933672290487,2023,42,6,47,384.0,2.0,1,ROMU,1,ROMU,1,2025-03-11 11:01:48,,9,2
1809186721290487,1192933672290487,2023,42,6,47,384.0,4.0,1,ROMU,1,ROMU,1,2025-03-11 11:01:48,,9,2
1809184887290487,1192933716290487,2023,42,8,115,885.0,2.0,2,CESTM,1,CESTM,1,2025-03-11 11:01:42,,9,2
1809184888290487,1192933716290487,2023,42,8,115,885.0,3.0,2,CESTM,1,CESTM,2,2025-03-11 11:01:42,,9,2
1809184889290487,1192933716290487,2023,42,8,115,885.0,3.0,2,ROMU,1,ROMU,2,2025-03-11 11:01:42,,9,2
1809185185290487,1192933769290487,2023,42,8,15,1085.0,1.0,1,ALPE4,1,ALPE4,1,2025-03-11 11:01:43,,9,2
1809185186290487,1192933769290487,2023,42,8,15,1085.0,2.0,1,ALPE4,1,ALPE4,1,2025-03-11 11:01:43,,9,2
1809185187290487,1192933769290487,2023,42,8,15,1085.0,3.0,1,ALPE4,1,ALPE4,1,2025-03-11 11:01:43,,9,2
1809185188290487,1192933769290487,2023,42,8,15,1085.0,4.0,1,ALPE4,1,ALPE4,1,2025-03-11 11:01:43,,9,2
1809185189290487,1192933769290487,2023,42,8,15,1085.0,1.0,1,BETH,1,BETH,1,2025-03-11 11:01:43,,9,2
1809185190290487,1192933769290487,2023,42,8,15,1085.0,3.0,1,BETH,1,BETH,1,2025-03-11 11:01:43,,9,2
1809185191290487,1192933769290487,2023,42,8,15,1085.0,1.0,1,ELUM,1,ELUM,3,2025-03-11 11:01:43,,9,2
1809185192290487,1192933769290487,2023,42,8,15,1085.0,1.0,1,HEMA3,1,HEMA3,1,2025-03-11 11:01:43,,9,2
1809185193290487,1192933769290487,2023,42,8,15,1085.0,2.0,1,HEMA3,1,HEMA3,1,2025-03-11 11:01:43,,9,2
1809185194290487,1192933769290487,2023,42,8,15,1085.0,4.0,1,HEMA3,1,HEMA3,1,2025-03-11 11:01:43,,9,2
1809185195290487,1192933769290487,2023,42,8,15,1085.0,1.0,1,MIVI,1,MIVI,26,2025-03-11 11:01:43,,9,2
1809185196290487,1192933769290487,2023,42,8,15,1085.0,2.0,1,MIVI,1,MIVI,7,2025-03-11 11:01:43,,9,2
1809185197290487,1192933769290487,2023,42,8,15,1085.0,3.0,1,MIVI,1,MIVI,1,2025-03-11 11:01:43,,9,2
1809185198290487,1192933769290487,2023,42,8,15,1085.0,4.0,1,MIVI,1,MIVI,7,2025-03-11 11:01:43,,9,2
1809185199290487,1192933769290487,2023,42,8,15,1085.0,1.0,1,ROMU,1,ROMU,2,2025-03-11 11:01:43,,9,2
1809185200290487,1192933769290487,2023,42,8,15,1085.0,2.0,1,ROMU,1,ROMU,1,2025-03-11 11:01:43,,9,2
1809185201290487,1192933769290487,2023,42,8,15,1085.0,3.0,1,ROMU,1,ROMU,2,2025-03-11 11:01:43,,9,2
1809185202290487,1192933769290487,2023,42,8,15,1085.0,4.0,1,ROMU,1,ROMU,1,2025-03-11 11:01:43,,9,2
1809186985290487,1192933818290487,2023,42,0,61,1797.0,4.0,1,BETH,1,BETH,2,2025-03-11 11:01:49,,9,2
1809186986290487,1192933818290487,2023,42,0,61,1797.0,4.0,1,MIVI,1,MIVI,65,2025-03-11 11:01:49,,9,2
1809186987290487,1192933818290487,2023,42,0,61,1797.0,4.0,1,ROMU,1,ROMU,1,2025-03-11 11:01:49,,9,2
1809183666290487,1192933347290487,2023,42,5,3,244.0,4.0,1,AIAL,1,AIAL,8,2025-03-11 11:01:37,,9,2
1809183667290487,1192933347290487,2023,42,5,3,244.0,2.0,1,ALPE4,1,ALPE4,15,2025-03-11 11:01:38,,9,2
1809183668290487,1192933347290487,2023,42,5,3,244.0,3.0,1,ALPE4,1,ALPE4,2,2025-03-11 11:01:38,,9,2
1809183669290487,1192933347290487,2023,42,5,3,244.0,3.0,1,BETH,1,BETH,2,2025-03-11 11:01:38,,9,2
1809183670290487,1192933347290487,2023,42,5,3,244.0,4.0,1,BETH,1,BETH,15,2025-03-11 11:01:38,,9,2
1809183671290487,1192933347290487,2023,42,5,3,244.0,1.0,1,CEOR7,1,CEOR7,1,2025-03-11 11:01:38,,9,2
1809183672290487,1192933347290487,2023,42,5,3,244.0,2.0,1,CEOR7,1,CEOR7,1,2025-03-11 11:01:38,,9,2
1809183673290487,1192933347290487,2023,42,5,3,244.0,1.0,1,FRAL4,1,FRAL4,1,2025-03-11 11:01:38,,9,2
1809183674290487,1192933347290487,2023,42,5,3,244.0,2.0,1,FRAL4,1,FRAL4,1,2025-03-11 11:01:38,,9,2
1809183675290487,1192933347290487,2023,42,5,3,244.0,2.0,1,LIVU,1,LIVU,10,2025-03-11 11:01:38,,9,2
1809183676290487,1192933347290487,2023,42,5,3,244.0,2.0,1,LOMO2,1,LOMO2,1,2025-03-11 11:01:38,,9,2
1809183677290487,1192933347290487,2023,42,5,3,244.0,1.0,1,MIVI,1,MIVI,2,2025-03-11 11:01:38,,9,2
1809183678290487,1192933347290487,2023,42,5,3,244.0,2.0,1,MIVI,1,MIVI,1,2025-03-11 11:01:38,,9,2
1809183679290487,1192933347290487,2023,42,5,3,244.0,4.0,1,MIVI,1,MIVI,5,2025-03-11 11:01:38,,9,2
1809183680290487,1192933347290487,2023,42,5,3,244.0,2.0,1,ROMU,1,ROMU,3,2025-03-11 11:01:38,,9,2
1809183681290487,1192933347290487,2023,42,5,3,244.0,3.0,1,ROMU,1,ROMU,1,2025-03-11 11:01:38,,9,2
1809183682290487,1192933347290487,2023,42,5,3,244.0,4.0,1,ROMU,1,ROMU,1,2025-03-11 11:01:38,,9,2
1809183683290487,1192933347290487,2023,42,5,3,244.0,2.0,1,ROPS,1,ROPS,1,2025-03-11 11:01:38,,9,2
1809183684290487,1192933347290487,2023,42,5,3,244.0,1.0,1,SPJA,1,SPJA,3,2025-03-11 11:01:38,,9,2
1809185431290487,1192933905290487,2023,42,6,35,430.0,2.0,1,MIVI,1,MIVI,1,2025-03-11 11:01:44,,9,2
1809187321290487,1192933931290487,2023,42,8,15,626.0,2.0,1,ALPE4,1,ALPE4,2,2025-03-11 11:01:50,,9,2
1809187322290487,1192933931290487,2023,42,8,15,626.0,4.0,1,ALPE4,1,ALPE4,1,2025-03-11 11:01:50,,9,2
1809187323290487,1192933931290487,2023,42,8,15,626.0,2.0,1,ROMU,1,ROMU,2,2025-03-11 11:01:50,,9,2
1809187324290487,1192933931290487,2023,42,8,15,626.0,4.0,1,ROMU,1,ROMU,1,2025-03-11 11:01:50,,9,2
1809188813290487,1192933926290487,2023,42,8,89,487.0,1.0,1,ALPE4,1,ALPE4,18,2025-03-11 11:01:54,,9,2
1809188814290487,1192933926290487,2023,42,8,89,487.0,2.0,1,ALPE4,1,ALPE4,8,2025-03-11 11:01:54,,9,2
1809188815290487,1192933926290487,2023,42,8,89,487.0,3.0,1,ALPE4,1,ALPE4,6,2025-03-11 11:01:54,,9,2
1809188816290487,1192933926290487,2023,42,8,89,487.0,4.0,1,ALPE4,1,ALPE4,20,2025-03-11 11:01:54,,9,2
1809188817290487,1192933926290487,2023,42,8,89,487.0,1.0,1,BETH,1,BETH,1,2025-03-11 11:01:54,,9,2
1809188818290487,1192933926290487,2023,42,8,89,487.0,2.0,1,BETH,1,BETH,1,2025-03-11 11:01:54,,9,2
1809188819290487,1192933926290487,2023,42,8,89,487.0,3.0,1,BETH,1,BETH,1,2025-03-11 11:01:54,,9,2
1809188820290487,1192933926290487,2023,42,8,89,487.0,4.0,1,BETH,1,BETH,1,2025-03-11 11:01:54,,9,2
1809188821290487,1192933926290487,2023,42,8,89,487.0,1.0,1,CEOR7,1,CEOR7,4,2025-03-11 11:01:54,,9,2
1809188822290487,1192933926290487,2023,42,8,89,487.0,2.0,1,CEOR7,1,CEOR7,1,2025-03-11 11:01:54,,9,2
1809188823290487,1192933926290487,2023,42,8,89,487.0,3.0,1,CEOR7,1,CEOR7,3,2025-03-11 11:01:54,,9,2
1809188824290487,1192933926290487,2023,42,8,89,487.0,4.0,1,CEOR7,1,CEOR7,5,2025-03-11 11:01:54,,9,2
1809188825290487,1192933926290487,2023,42,8,89,487.0,2.0,1,ELUM,1,ELUM,7,2025-03-11 11:01:54,,9,2
1809188826290487,1192933926290487,2023,42,8,89,487.0,1.0,1,HEMA3,1,HEMA3,5,2025-03-11 11:01:54,,9,2
1809188827290487,1192933926290487,2023,42,8,89,487.0,2.0,1,HEMA3,1,HEMA3,1,2025-03-11 11:01:54,,9,2
1809188828290487,1192933926290487,2023,42,8,89,487.0,3.0,1,HEMA3,1,HEMA3,1,2025-03-11 11:01:54,,9,2
1809188829290487,1192933926290487,2023,42,8,89,487.0,4.0,1,HEMA3,1,HEMA3,20,2025-03-11 11:01:54,,9,2
1809188830290487,1192933926290487,2023,42,8,89,487.0,1.0,1,LIVU,1,LIVU,4,2025-03-11 11:01:54,,9,2
1809188831290487,1192933926290487,2023,42,8,89,487.0,2.0,1,LIVU,1,LIVU,1,2025-03-11 11:01:54,,9,2
1809188832290487,1192933926290487,2023,42,8,89,487.0,4.0,1,LIVU,1,LIVU,1,2025-03-11 11:01:54,,9,2
1278547618290487,722438151290487,2021,42,7,51,3807.0,4.0,1,BETH,1,BETH,1,2023-01-03 16:58:32,,8,7
1278547619290487,722438151290487,2021,42,7,51,3807.0,1.0,1,ROMU,1,ROMU,1,2023-01-03 16:58:32,,8,7
1278547620290487,722438151290487,2021,42,7,51,3807.0,2.0,1,ROMU,1,ROMU,1,2023-01-03 16:58:32,,8,7
1278547621290487,722438151290487,2021,42,7,51,3807.0,3.0,1,ROMU,1,ROMU,5,2023-01-03 16:58:32,,8,7
1278547622290487,722438151290487,2021,42,7,51,3807.0,4.0,1,ROMU,1,ROMU,1,2023-01-03 16:58:32,,8,7
1278541786290487,722438033290487,2021,42,5,63,5786.0,3.0,2,LOMO2,1,LOMO2,20,2023-01-03 16:58:18,,8,7
1278541787290487,722438033290487,2021,42,5,63,5786.0,3.0,2,ROMU,1,ROMU,5,2023-01-03 16:58:18,,8,7
1278548233290487,722438476290487,2021,42,8,79,5764.0,4.0,1,AIAL,1,AIAL,3,2023-01-03 16:58:34,,8,7
1278548234290487,722438476290487,2021,42,8,79,5764.0,4.0,2,AIAL,1,AIAL,1,2023-01-03 16:58:34,,8,7
1278548235290487,722438476290487,2021,42,8,79,5764.0,4.0,1,ALPE4,1,ALPE4,2,2023-01-03 16:58:34,,8,7
1278548236290487,722438476290487,2021,42,8,79,5764.0,4.0,2,ALPE4,1,ALPE4,1,2023-01-03 16:58:34,,8,7
226327625010661,145020209010661,2009,42,0,61,6069.0,4.0,1,ALPE4,1,ALPE4,20,2010-06-08 09:55:40,2012-02-28 07:13:34,6,5
226327627010661,145020209010661,2009,42,0,61,6069.0,4.0,1,BETH,1,BETH,1,2010-06-08 09:55:40,2012-02-28 07:13:34,6,5
226327629010661,145020209010661,2009,42,0,61,6069.0,4.0,1,ELAN,1,ELAN,1,2010-06-08 09:55:40,2012-02-28 07:14:02,6,5
226327631010661,145020209010661,2009,42,0,61,6069.0,4.0,1,LOMO2,1,LOMO2,1,2010-06-08 09:55:40,2012-02-28 07:15:02,6,5
226327195010661,145020031010661,2009,42,0,109,4871.0,1.0,1,ROMU,1,ROMU,52,2010-06-08 09:55:31,2012-02-28 07:14:02,6,5
226327194010661,145020031010661,2009,42,0,109,4871.0,3.0,1,BETH,1,BETH,1,2010-06-08 09:55:31,2012-02-28 07:12:13,6,5
226327196010661,145020031010661,2009,42,0,109,4871.0,3.0,1,ROMU,1,ROMU,2,2010-06-08 09:55:31,2012-02-28 07:14:02,6,5
226327197010661,145020031010661,2009,42,0,109,4871.0,4.0,1,ROMU,1,ROMU,1,2010-06-08 09:55:31,2012-02-28 07:14:02,6,5
152864882020004,145021009010661,2009,42,5,49,4412.0,3.0,2,ROMU,1,ROMU,1,2012-12-07 10:11:49,,6,5
226329313010661,145020863010661,2009,42,5,125,4127.0,2.0,2,BETH,1,BETH,1,2010-06-08 09:56:14,2012-02-28 07:15:02,6,5
226329314010661,145020863010661,2009,42,5,125,4127.0,2.0,2,ROMU,1,ROMU,10,2010-06-08 09:56:14,2012-02-28 07:12:13,6,5
226329311010661,145020863010661,2009,42,5,125,4127.0,3.0,2,AIAL,1,AIAL,30,2010-06-08 09:56:14,2012-02-28 07:11:50,6,5
226329312010661,145020863010661,2009,42,5,125,4127.0,3.0,2,ALPE4,1,ALPE4,10,2010-06-08 09:56:14,2012-02-28 07:13:34,6,5
226329315010661,145020863010661,2009,42,5,125,4127.0,3.0,2,ROMU,1,ROMU,3,2010-06-08 09:56:14,2012-02-28 07:12:13,6,5
152864647020004,145019557010661,2009,42,8,103,4578.0,4.0,1,BETH,1,BETH,12,2012-12-07 10:11:48,,6,5
152864648020004,145019557010661,2009,42,8,103,4578.0,3.0,1,BETH,1,BETH,4,2012-12-07 10:11:48,,6,5
152864649020004,145019557010661,2009,42,8,103,4578.0,2.0,2,BETH,1,BETH,2,2012-12-07 10:11:48,,6,5
152864650020004,145019557010661,2009,42,8,103,4578.0,2.0,1,BETH,1,BETH,6,2012-12-07 10:11:48,,6,5
152864651020004,145019557010661,2009,42,8,103,4578.0,1.0,1,BETH,1,BETH,5,2012-12-07 10:11:48,,6,5
226328700010661,145019785010661,2009,42,8,115,5259.0,1.0,1,ALPE4,1,ALPE4,1,2010-06-08 09:56:02,2012-02-28 07:14:31,6,5
226328702010661,145019785010661,2009,42,8,115,5259.0,1.0,1,BETH,1,BETH,1,2010-06-08 09:56:02,2012-02-28 07:13:07,6,5
226328704010661,145019785010661,2009,42,8,115,5259.0,1.0,1,ROMU,1,ROMU,40,2010-06-08 09:56:02,2012-02-28 07:14:02,6,5
226328701010661,145019785010661,2009,42,8,115,5259.0,2.0,1,ALPE4,1,ALPE4,1,2010-06-08 09:56:02,2012-02-28 07:14:31,6,5
226328703010661,145019785010661,2009,42,8,115,5259.0,2.0,1,BETH,1,BETH,1,2010-06-08 09:56:02,2012-02-28 07:13:07,6,5
207179815020004,247104348010661,2012,42,5,49,2421.0,1.0,1,LOMO2,1,LOMO2,41,2013-05-30 13:44:32,,7,3
207179816020004,247104348010661,2012,42,5,49,2421.0,2.0,1,LOMO2,1,LOMO2,49,2013-05-30 13:44:32,,7,3
207179817020004,247104348010661,2012,42,5,49,2421.0,3.0,1,LOMO2,1,LOMO2,7,2013-05-30 13:44:32,,7,3
207179818020004,247104348010661,2012,42,5,49,2421.0,4.0,2,LOMO2,1,LOMO2,15,2013-05-30 13:44:32,,7,3
207179819020004,247104348010661,2012,42,5,49,2421.0,1.0,1,ROMU,1,ROMU,4,2013-05-30 13:44:32,,7,3
207179820020004,247104348010661,2012,42,5,49,2421.0,2.0,1,ROMU,1,ROMU,6,2013-05-30 13:44:32,,7,3
207180148020004,247104576010661,2012,42,6,105,2581.0,2.0,1,ROMU,1,ROMU,1,2013-05-30 13:44:34,,7,3
207186145020004,247104333010661,2012,42,6,121,2158.0,1.0,1,ALPE4,1,ALPE4,1,2013-05-30 13:45:18,,7,3
207186146020004,247104333010661,2012,42,6,121,2158.0,2.0,1,ALPE4,1,ALPE4,1,2013-05-30 13:45:18,,7,3
207186147020004,247104333010661,2012,42,6,121,2158.0,3.0,1,ALPE4,1,ALPE4,1,2013-05-30 13:45:18,,7,3
207186148020004,247104333010661,2012,42,6,121,2158.0,1.0,1,BETH,1,BETH,2,2013-05-30 13:45:18,,7,3
207186149020004,247104333010661,2012,42,6,121,2158.0,2.0,1,BETH,1,BETH,13,2013-05-30 13:45:18,,7,3
207186150020004,247104333010661,2012,42,6,121,2158.0,3.0,1,BETH,1,BETH,8,2013-05-30 13:45:18,,7,3
207186151020004,247104333010661,2012,42,6,121,2158.0,4.0,1,BETH,1,BETH,1,2013-05-30 13:45:18,,7,3
207186152020004,247104333010661,2012,42,6,121,2158.0,1.0,1,ROMU,1,ROMU,1,2013-05-30 13:45:18,,7,3
207186153020004,247104333010661,2012,42,6,121,2158.0,2.0,1,ROMU,1,ROMU,1,2013-05-30 13:45:18,,7,3
207186338020004,247104443010661,2012,42,5,5,2625.0,1.0,1,ROMU,1,ROMU,3,2013-05-30 13:45:19,,7,3
207186339020004,247104443010661,2012,42,5,5,2625.0,2.0,1,ROMU,1,ROMU,1,2013-05-30 13:45:19,,7,3
207186340020004,247104443010661,2012,42,5,5,2625.0,3.0,1,ROMU,1,ROMU,3,2013-05-30 13:45:19,,7,3
207186341020004,247104443010661,2012,42,5,5,2625.0,4.0,1,ROMU,1,ROMU,3,2013-05-30 13:45:19,,7,3
207193625020004,247105037010661,2012,42,8,89,2426.0,1.0,1,BETH,1,BETH,35,2013-05-30 13:46:05,,7,3
207193626020004,247105037010661,2012,42,8,89,2426.0,2.0,1,BETH,1,BETH,8,2013-05-30 13:46:05,,7,3
207193627020004,247105037010661,2012,42,8,89,2426.0,3.0,1,BETH,1,BETH,18,2013-05-30 13:46:05,,7,3
207179814020004,247104348010661,2012,42,5,49,2421.0,1.0,1,FRAL4,1,FRAL4,1,2013-05-30 13:44:32,,7,3
207193628020004,247105037010661,2012,42,8,89,2426.0,4.0,1,BETH,1,BETH,6,2013-05-30 13:46:05,,7,3
207193753020004,247105043010661,2012,42,9,11,2316.0,3.0,1,ACPL,1,ACPL,8,2013-05-30 13:46:06,,7,3
207193754020004,247105043010661,2012,42,9,11,2316.0,2.0,1,AIAL,1,AIAL,26,2013-05-30 13:46:06,,7,3
207193755020004,247105043010661,2012,42,9,11,2316.0,1.0,1,ALPE4,1,ALPE4,1,2013-05-30 13:46:06,,7,3
207193756020004,247105043010661,2012,42,9,11,2316.0,2.0,1,ALPE4,1,ALPE4,1,2013-05-30 13:46:06,,7,3
207193757020004,247105043010661,2012,42,9,11,2316.0,3.0,1,ALPE4,1,ALPE4,6,2013-05-30 13:46:06,,7,3
207193758020004,247105043010661,2012,42,9,11,2316.0,4.0,1,ALPE4,1,ALPE4,2,2013-05-30 13:46:06,,7,3
207193759020004,247105043010661,2012,42,9,11,2316.0,3.0,1,BETH,1,BETH,1,2013-05-30 13:46:06,,7,3
207193760020004,247105043010661,2012,42,9,11,2316.0,4.0,1,BETH,1,BETH,1,2013-05-30 13:46:06,,7,3
226331177010661,145020769010661,2009,42,7,51,5266.0,3.0,1,BETH,1,BETH,6,2010-06-08 09:56:52,2012-02-28 07:14:30,6,5
226331185010661,145020769010661,2009,42,7,51,5266.0,3.0,1,ROMU,1,ROMU,25,2010-06-08 09:56:52,2012-02-28 07:15:01,6,5
226331182010661,145020769010661,2009,42,7,51,5266.0,4.0,1,LOMO2,1,LOMO2,2,2010-06-08 09:56:52,2012-02-28 07:14:30,6,5
226331186010661,145020769010661,2009,42,7,51,5266.0,4.0,1,ROMU,1,ROMU,10,2010-06-08 09:56:52,2012-02-28 07:15:01,6,5
226331189010661,145020769010661,2009,42,7,51,5266.0,4.0,1,ROPS,1,ROPS,10,2010-06-08 09:56:52,2012-02-28 07:12:41,6,5
226330145010661,145021229010661,2009,42,8,15,3013.0,1.0,1,ROMU,1,ROMU,1,2010-06-08 09:56:29,2012-02-28 07:13:30,6,5
226330144010661,145021229010661,2009,42,8,15,3013.0,3.0,1,ELUM,1,ELUM,10,2010-06-08 09:56:29,2012-02-28 07:12:37,6,5
226330146010661,145021229010661,2009,42,8,15,3013.0,3.0,1,ROMU,1,ROMU,1,2010-06-08 09:56:29,2012-02-28 07:13:30,6,5
226330147010661,145021229010661,2009,42,8,15,3013.0,4.0,1,ROMU,1,ROMU,1,2010-06-08 09:56:29,2012-02-28 07:13:30,6,5
226330703010661,145020561010661,2009,42,6,65,3602.0,1.0,2,LOMO2,1,LOMO2,1,2010-06-08 09:56:42,2012-02-28 07:14:56,6,5
226330721010661,145020567010661,2009,42,6,33,3971.0,1.0,1,ROMU,1,ROMU,1,2010-06-08 09:56:42,2012-02-28 07:14:56,6,5
226330719010661,145020567010661,2009,42,6,33,3971.0,2.0,1,ALPE4,1,ALPE4,1,2010-06-08 09:56:42,2012-02-28 07:14:25,6,5
226330720010661,145020567010661,2009,42,6,33,3971.0,2.0,1,BETH,1,BETH,10,2010-06-08 09:56:42,2012-02-28 07:13:30,6,5
226330722010661,145020567010661,2009,42,6,33,3971.0,2.0,1,ROMU,1,ROMU,1,2010-06-08 09:56:42,2012-02-28 07:14:56,6,5
226330741010661,145020575010661,2009,42,5,63,5804.0,1.0,1,ROMU,1,ROMU,7,2010-06-08 09:56:42,2012-02-28 07:14:56,6,5
226330742010661,145020575010661,2009,42,5,63,5804.0,2.0,2,ROMU,1,ROMU,13,2010-06-08 09:56:42,2012-02-28 07:14:56,6,5
226330740010661,145020575010661,2009,42,5,63,5804.0,3.0,1,LOMO2,1,LOMO2,5,2010-06-08 09:56:42,2012-02-28 07:12:09,6,5
226330743010661,145020575010661,2009,42,5,63,5804.0,3.0,1,ROMU,1,ROMU,22,2010-06-08 09:56:42,2012-02-28 07:14:56,6,5
226330744010661,145020575010661,2009,42,5,63,5804.0,4.0,2,ROMU,1,ROMU,10,2010-06-08 09:56:42,2012-02-28 07:14:56,6,5
226329187010661,145020815010661,2009,42,5,19,4416.0,1.0,1,ALPE4,1,ALPE4,7,2010-06-08 09:56:12,2012-02-28 07:12:37,6,5
226329194010661,145020815010661,2009,42,5,19,4416.0,1.0,1,ROMU,1,ROMU,1,2010-06-08 09:56:12,2012-02-28 07:13:57,6,5
226329188010661,145020815010661,2009,42,5,19,4416.0,2.0,1,ALPE4,1,ALPE4,60,2010-06-08 09:56:12,2012-02-28 07:12:37,6,5
226329191010661,145020815010661,2009,42,5,19,4416.0,2.0,1,BETH,1,BETH,3,2010-06-08 09:56:12,2012-02-28 07:14:56,6,5
226329195010661,145020815010661,2009,42,5,19,4416.0,2.0,1,ROMU,1,ROMU,1,2010-06-08 09:56:12,2012-02-28 07:13:57,6,5
226329189010661,145020815010661,2009,42,5,19,4416.0,3.0,1,ALPE4,1,ALPE4,13,2010-06-08 09:56:12,2012-02-28 07:12:37,6,5
226329192010661,145020815010661,2009,42,5,19,4416.0,3.0,1,BETH,1,BETH,2,2010-06-08 09:56:12,2012-02-28 07:14:56,6,5
226329196010661,145020815010661,2009,42,5,19,4416.0,3.0,1,ROMU,1,ROMU,2,2010-06-08 09:56:12,2012-02-28 07:13:57,6,5
226329190010661,145020815010661,2009,42,5,19,4416.0,4.0,1,ALPE4,1,ALPE4,25,2010-06-08 09:56:12,2012-02-28 07:12:37,6,5
226329193010661,145020815010661,2009,42,5,19,4416.0,4.0,1,BETH,1,BETH,1,2010-06-08 09:56:12,2012-02-28 07:14:56,6,5
226329197010661,145020815010661,2009,42,5,19,4416.0,4.0,1,ROMU,1,ROMU,2,2010-06-08 09:56:12,2012-02-28 07:13:57,6,5
226329209010661,145020819010661,2009,42,5,19,4437.0,2.0,1,LOMO2,1,LOMO2,1,2010-06-08 09:56:12,2012-02-28 07:11:45,6,5
226329212010661,145020819010661,2009,42,5,19,4437.0,2.0,1,ROMU,1,ROMU,3,2010-06-08 09:56:12,2012-02-28 07:11:46,6,5
226329206010661,145020819010661,2009,42,5,19,4437.0,3.0,1,ALPE4,1,ALPE4,1,2010-06-08 09:56:12,2012-02-28 07:12:10,6,5
226329210010661,145020819010661,2009,42,5,19,4437.0,3.0,1,LOMO2,1,LOMO2,3,2010-06-08 09:56:12,2012-02-28 07:11:45,6,5
226329211010661,145020819010661,2009,42,5,19,4437.0,4.0,1,LOMO2,1,LOMO2,9,2010-06-08 09:56:12,2012-02-28 07:11:45,6,5
226329207010661,145020819010661,2009,42,5,19,4437.0,1.0,1,BETH,1,BETH,1,2010-06-08 09:56:12,2012-02-28 07:11:45,6,5
226329208010661,145020819010661,2009,42,5,19,4437.0,1.0,1,LOMO2,1,LOMO2,1,2010-06-08 09:56:12,2012-02-28 07:11:45,6,5
226329340010661,145020873010661,2009,42,5,59,4792.0,1.0,1,ROMU,1,ROMU,7,2010-06-08 09:56:14,2012-02-28 07:11:46,6,5
226329341010661,145020873010661,2009,42,5,59,4792.0,2.0,1,ROMU,1,ROMU,7,2010-06-08 09:56:14,2012-02-28 07:11:46,6,5
226329336010661,145020873010661,2009,42,5,59,4792.0,3.0,1,ALPE4,1,ALPE4,15,2010-06-08 09:56:14,2012-02-28 07:12:10,6,5
226329338010661,145020873010661,2009,42,5,59,4792.0,3.0,1,LOMA6,1,LOMA6,3,2010-06-08 09:56:14,2012-02-28 07:14:57,6,5
226329339010661,145020873010661,2009,42,5,59,4792.0,3.0,1,MIVI,1,MIVI,4,2010-06-08 09:56:14,2012-02-28 07:11:46,6,5
226329342010661,145020873010661,2009,42,5,59,4792.0,3.0,1,ROMU,1,ROMU,12,2010-06-08 09:56:14,2012-02-28 07:11:46,6,5
226329337010661,145020873010661,2009,42,5,59,4792.0,4.0,1,ALPE4,1,ALPE4,2,2010-06-08 09:56:14,2012-02-28 07:12:10,6,5
226329343010661,145020873010661,2009,42,5,59,4792.0,4.0,1,ROMU,1,ROMU,65,2010-06-08 09:56:14,2012-02-28 07:11:46,6,5
226329390010661,145020895010661,2009,42,6,121,3130.0,1.0,1,ROMU,1,ROMU,1,2010-06-08 09:56:15,2012-02-28 07:13:31,6,5
226329391010661,145020895010661,2009,42,6,121,3130.0,2.0,1,ROMU,1,ROMU,1,2010-06-08 09:56:15,2012-02-28 07:13:31,6,5
226329392010661,145020895010661,2009,42,6,121,3130.0,3.0,1,ROMU,1,ROMU,1,2010-06-08 09:56:15,2012-02-28 07:13:31,6,5
226329720010661,145021041010661,2009,42,9,11,3252.0,2.0,2,BETH,1,BETH,1,2010-06-08 09:56:21,2012-02-28 07:13:57,6,5
226329721010661,145021041010661,2009,42,9,11,3252.0,2.0,2,MIVI,1,MIVI,1,2010-06-08 09:56:21,2012-02-28 07:14:57,6,5
226329722010661,145021041010661,2009,42,9,11,3252.0,2.0,2,ROMU,1,ROMU,7,2010-06-08 09:56:21,2012-02-28 07:14:57,6,5
1278548238290487,722438476290487,2021,42,8,79,5764.0,4.0,1,MIVI,1,MIVI,4,2023-01-03 16:58:34,,8,7
1278548239290487,722438476290487,2021,42,8,79,5764.0,4.0,2,MIVI,1,MIVI,1,2023-01-03 16:58:34,,8,7
1278548240290487,722438476290487,2021,42,8,79,5764.0,4.0,1,ROPS,1,ROPS,2,2023-01-03 16:58:34,,8,7
1278541868290487,722438135290487,2021,42,5,73,3342.0,1.0,1,ALPE4,1,ALPE4,1,2023-01-03 16:58:18,,8,7
1278541869290487,722438135290487,2021,42,5,73,3342.0,2.0,1,ALPE4,1,ALPE4,1,2023-01-03 16:58:18,,8,7
1278541870290487,722438135290487,2021,42,5,73,3342.0,3.0,1,ALPE4,1,ALPE4,15,2023-01-03 16:58:18,,8,7
1278541871290487,722438135290487,2021,42,5,73,3342.0,4.0,1,ALPE4,1,ALPE4,5,2023-01-03 16:58:18,,8,7
1278541872290487,722438135290487,2021,42,5,73,3342.0,1.0,1,BETH,1,BETH,1,2023-01-03 16:58:18,,8,7
1278541873290487,722438135290487,2021,42,5,73,3342.0,3.0,1,BETH,1,BETH,3,2023-01-03 16:58:18,,8,7
1278541874290487,722438135290487,2021,42,5,73,3342.0,4.0,1,BETH,1,BETH,1,2023-01-03 16:58:18,,8,7
1278541875290487,722438135290487,2021,42,5,73,3342.0,1.0,1,CEOR7,1,CEOR7,1,2023-01-03 16:58:18,,8,7
1278541876290487,722438135290487,2021,42,5,73,3342.0,2.0,1,CEOR7,1,CEOR7,1,2023-01-03 16:58:18,,8,7
1278541877290487,722438135290487,2021,42,5,73,3342.0,4.0,1,CEOR7,1,CEOR7,3,2023-01-03 16:58:18,,8,7
1278541878290487,722438135290487,2021,42,5,73,3342.0,2.0,1,LIVU,1,LIVU,2,2023-01-03 16:58:18,,8,7
1278541879290487,722438135290487,2021,42,5,73,3342.0,3.0,1,LIVU,1,LIVU,3,2023-01-03 16:58:18,,8,7
1278541880290487,722438135290487,2021,42,5,73,3342.0,4.0,1,LIVU,1,LIVU,3,2023-01-03 16:58:18,,8,7
1278541881290487,722438135290487,2021,42,5,73,3342.0,2.0,1,LOMO2,1,LOMO2,4,2023-01-03 16:58:18,,8,7
1278541882290487,722438135290487,2021,42,5,73,3342.0,1.0,1,ROMU,1,ROMU,2,2023-01-03 16:58:18,,8,7
1278541883290487,722438135290487,2021,42,5,73,3342.0,2.0,1,ROMU,1,ROMU,3,2023-01-03 16:58:18,,8,7
1278548646290487,722437893290487,2021,42,0,67,5805.0,1.0,1,ALPE4,1,ALPE4,1,2023-01-03 16:58:35,,8,7
1278548647290487,722437893290487,2021,42,0,67,5805.0,2.0,1,ALPE4,1,ALPE4,1,2023-01-03 16:58:35,,8,7
1278548648290487,722437893290487,2021,42,0,67,5805.0,1.0,1,BETH,1,BETH,1,2023-01-03 16:58:35,,8,7
1278548649290487,722437893290487,2021,42,0,67,5805.0,4.0,1,BETH,1,BETH,1,2023-01-03 16:58:35,,8,7
1278548650290487,722437893290487,2021,42,0,67,5805.0,1.0,1,CEOR7,1,CEOR7,1,2023-01-03 16:58:35,,8,7
1278548651290487,722437893290487,2021,42,0,67,5805.0,2.0,1,CEOR7,1,CEOR7,10,2023-01-03 16:58:35,,8,7
1278548652290487,722437893290487,2021,42,0,67,5805.0,4.0,1,CEOR7,1,CEOR7,3,2023-01-03 16:58:35,,8,7
1278548653290487,722437893290487,2021,42,0,67,5805.0,2.0,1,ELUM,1,ELUM,1,2023-01-03 16:58:35,,8,7
1278548654290487,722437893290487,2021,42,0,67,5805.0,1.0,1,LIVU,1,LIVU,50,2023-01-03 16:58:35,,8,7
1278548655290487,722437893290487,2021,42,0,67,5805.0,2.0,1,LIVU,1,LIVU,5,2023-01-03 16:58:35,,8,7
1278548656290487,722437893290487,2021,42,0,67,5805.0,4.0,1,LIVU,1,LIVU,1,2023-01-03 16:58:35,,8,7
1278548657290487,722437893290487,2021,42,0,67,5805.0,1.0,1,LOJA,1,LOJA,10,2023-01-03 16:58:35,,8,7
1278548658290487,722437893290487,2021,42,0,67,5805.0,2.0,1,LOJA,1,LOJA,1,2023-01-03 16:58:35,,8,7
1278548659290487,722437893290487,2021,42,0,67,5805.0,4.0,1,LOJA,1,LOJA,20,2023-01-03 16:58:35,,8,7
1278548660290487,722437893290487,2021,42,0,67,5805.0,1.0,1,LONIC,1,LONIC,5,2023-01-03 16:58:35,,8,7
1278548661290487,722437893290487,2021,42,0,67,5805.0,4.0,1,LONIC,1,LONIC,8,2023-01-03 16:58:35,,8,7
1278548662290487,722437893290487,2021,42,0,67,5805.0,1.0,1,MIVI,1,MIVI,20,2023-01-03 16:58:35,,8,7
1278548663290487,722437893290487,2021,42,0,67,5805.0,2.0,1,MIVI,1,MIVI,30,2023-01-03 16:58:35,,8,7
1278548664290487,722437893290487,2021,42,0,67,5805.0,4.0,1,MIVI,1,MIVI,1,2023-01-03 16:58:35,,8,7
1278548665290487,722437893290487,2021,42,0,67,5805.0,1.0,1,ROMU,1,ROMU,2,2023-01-03 16:58:35,,8,7
1278548666290487,722437893290487,2021,42,0,67,5805.0,2.0,1,ROMU,1,ROMU,1,2023-01-03 16:58:35,,8,7
1278548667290487,722437893290487,2021,42,0,67,5805.0,4.0,1,ROMU,1,ROMU,1,2023-01-03 16:58:35,,8,7
1278548668290487,722437893290487,2021,42,0,67,5805.0,1.0,1,ROPS,1,ROPS,1,2023-01-03 16:58:35,,8,7
1278548669290487,722437893290487,2021,42,0,67,5805.0,2.0,1,ROPS,1,ROPS,2,2023-01-03 16:58:35,,8,7
1278542409290487,722438312290487,2021,42,0,61,4763.0,2.0,1,AIAL,1,AIAL,1,2023-01-03 16:58:20,,8,7
1278542410290487,722438312290487,2021,42,0,61,4763.0,1.0,1,ALPE4,1,ALPE4,12,2023-01-03 16:58:20,,8,7
1278542411290487,722438312290487,2021,42,0,61,4763.0,2.0,1,ALPE4,1,ALPE4,70,2023-01-03 16:58:20,,8,7
1278542412290487,722438312290487,2021,42,0,61,4763.0,3.0,1,ALPE4,1,ALPE4,5,2023-01-03 16:58:20,,8,7
1278542413290487,722438312290487,2021,42,0,61,4763.0,4.0,1,ALPE4,1,ALPE4,20,2023-01-03 16:58:20,,8,7
1278542414290487,722438312290487,2021,42,0,61,4763.0,1.0,1,BETH,1,BETH,2,2023-01-03 16:58:20,,8,7
1278542415290487,722438312290487,2021,42,0,61,4763.0,3.0,1,BETH,1,BETH,6,2023-01-03 16:58:20,,8,7
1278542416290487,722438312290487,2021,42,0,61,4763.0,4.0,1,BETH,1,BETH,1,2023-01-03 16:58:20,,8,7
1278542417290487,722438312290487,2021,42,0,61,4763.0,1.0,1,MIVI,1,MIVI,4,2023-01-03 16:58:20,,8,7
1278542555290487,722438315290487,2021,42,6,113,5950.0,2.0,1,ALPE4,1,ALPE4,1,2023-01-03 16:58:20,,8,7
1278542556290487,722438315290487,2021,42,6,113,5950.0,4.0,1,ALPE4,1,ALPE4,1,2023-01-03 16:58:20,,8,7
1278542728290487,722438331290487,2021,42,6,117,3998.0,1.0,1,ELUM,1,ELUM,6,2023-01-03 16:58:20,,8,7
1278542729290487,722438331290487,2021,42,6,117,3998.0,2.0,1,ELUM,1,ELUM,7,2023-01-03 16:58:20,,8,7
1278542730290487,722438331290487,2021,42,6,117,3998.0,3.0,1,FRAL4,1,FRAL4,2,2023-01-03 16:58:20,,8,7
1278542731290487,722438331290487,2021,42,6,117,3998.0,2.0,1,LONIC,1,LONIC,7,2023-01-03 16:58:20,,8,7
1278542732290487,722438331290487,2021,42,6,117,3998.0,1.0,1,ROMU,1,ROMU,2,2023-01-03 16:58:20,,8,7
1278542733290487,722438331290487,2021,42,6,117,3998.0,2.0,1,ROMU,1,ROMU,6,2023-01-03 16:58:20,,8,7
1278542734290487,722438331290487,2021,42,6,117,3998.0,3.0,1,ROMU,1,ROMU,1,2023-01-03 16:58:20,,8,7
1278542877290487,722438447290487,2021,42,9,11,5441.0,2.0,2,AIAL,1,AIAL,1,2023-01-03 16:58:20,,8,7
1278542878290487,722438447290487,2021,42,9,11,5441.0,2.0,2,ALPE4,1,ALPE4,3,2023-01-03 16:58:20,,8,7
1278542879290487,722438447290487,2021,42,9,11,5441.0,2.0,2,CEOR7,1,CEOR7,5,2023-01-03 16:58:20,,8,7
1278542880290487,722438447290487,2021,42,9,11,5441.0,2.0,2,ELUM,1,ELUM,1,2023-01-03 16:58:20,,8,7
1278542881290487,722438447290487,2021,42,9,11,5441.0,2.0,2,LOJA,1,LOJA,8,2023-01-03 16:58:20,,8,7
1278542882290487,722438447290487,2021,42,9,11,5441.0,2.0,2,LOMA6,1,LOMA6,10,2023-01-03 16:58:20,,8,7
1278542883290487,722438447290487,2021,42,9,11,5441.0,2.0,2,LONIC,1,LONIC,10,2023-01-03 16:58:20,,8,7
1278542884290487,722438447290487,2021,42,9,11,5441.0,2.0,2,ROMU,1,ROMU,1,2023-01-03 16:58:20,,8,7
1278542928290487,722438478290487,2021,42,8,79,5093.0,2.0,2,ALPE4,1,ALPE4,5,2023-01-03 16:58:21,,8,7
1278542929290487,722438478290487,2021,42,8,79,5093.0,2.0,2,BETH,1,BETH,1,2023-01-03 16:58:21,,8,7
1278542930290487,722438478290487,2021,42,8,79,5093.0,2.0,2,CEOR7,1,CEOR7,1,2023-01-03 16:58:21,,8,7
1278542931290487,722438478290487,2021,42,8,79,5093.0,2.0,2,LOJA,1,LOJA,1,2023-01-03 16:58:21,,8,7
1278542932290487,722438478290487,2021,42,8,79,5093.0,2.0,2,LOMA6,1,LOMA6,1,2023-01-03 16:58:21,,8,7
1278542933290487,722438478290487,2021,42,8,79,5093.0,2.0,2,MIVI,1,MIVI,6,2023-01-03 16:58:21,,8,7
1278541884290487,722438135290487,2021,42,5,73,3342.0,3.0,1,ROMU,1,ROMU,24,2023-01-03 16:58:18,,8,7
1278541885290487,722438135290487,2021,42,5,73,3342.0,4.0,1,ROMU,1,ROMU,40,2023-01-03 16:58:18,,8,7
1278541886290487,722438135290487,2021,42,5,73,3342.0,1.0,1,ROPS,1,ROPS,75,2023-01-03 16:58:18,,8,7
1278541887290487,722438135290487,2021,42,5,73,3342.0,2.0,1,ROPS,1,ROPS,2,2023-01-03 16:58:18,,8,7
1278541888290487,722438135290487,2021,42,5,73,3342.0,3.0,1,ROPS,1,ROPS,1,2023-01-03 16:58:18,,8,7
1278541889290487,722438135290487,2021,42,5,73,3342.0,4.0,1,ROPS,1,ROPS,18,2023-01-03 16:58:18,,8,7
1278542199290487,722438201290487,2021,42,6,33,4285.0,1.0,1,BETH,1,BETH,1,2023-01-03 16:58:19,,8,7
1278542200290487,722438201290487,2021,42,6,33,4285.0,3.0,1,BETH,1,BETH,1,2023-01-03 16:58:19,,8,7
1278542201290487,722438201290487,2021,42,6,33,4285.0,4.0,1,BETH,1,BETH,1,2023-01-03 16:58:19,,8,7
1278542202290487,722438201290487,2021,42,6,33,4285.0,2.0,1,ELUM,1,ELUM,1,2023-01-03 16:58:19,,8,7
1278542203290487,722438201290487,2021,42,6,33,4285.0,1.0,1,MIVI,1,MIVI,77,2023-01-03 16:58:19,,8,7
1278542204290487,722438201290487,2021,42,6,33,4285.0,2.0,1,MIVI,1,MIVI,50,2023-01-03 16:58:19,,8,7
1278542205290487,722438201290487,2021,42,6,33,4285.0,3.0,1,MIVI,1,MIVI,40,2023-01-03 16:58:19,,8,7
1278542206290487,722438201290487,2021,42,6,33,4285.0,4.0,1,MIVI,1,MIVI,7,2023-01-03 16:58:19,,8,7
1278542207290487,722438201290487,2021,42,6,33,4285.0,1.0,1,POSA4,1,POSA4,4,2023-01-03 16:58:19,,8,7
1278542208290487,722438201290487,2021,42,6,33,4285.0,2.0,1,ROMU,1,ROMU,1,2023-01-03 16:58:19,,8,7
1278542209290487,722438201290487,2021,42,6,33,4285.0,1.0,1,ROPS,1,ROPS,6,2023-01-03 16:58:19,,8,7
1278542210290487,722438201290487,2021,42,6,33,4285.0,2.0,1,ROPS,1,ROPS,5,2023-01-03 16:58:19,,8,7
1278548237290487,722438476290487,2021,42,8,79,5764.0,4.0,1,FRAL4,1,FRAL4,3,2023-01-03 16:58:34,,8,7
1278542211290487,722438201290487,2021,42,6,33,4285.0,4.0,1,ROPS,1,ROPS,4,2023-01-03 16:58:19,,8,7
1278542934290487,722438478290487,2021,42,8,79,5093.0,2.0,2,ROMU,1,ROMU,1,2023-01-03 16:58:21,,8,7
1278542935290487,722438478290487,2021,42,8,79,5093.0,2.0,2,ROPS,1,ROPS,20,2023-01-03 16:58:21,,8,7
1278542978290487,722438505290487,2021,42,8,127,5333.0,1.0,1,BETH,1,BETH,2,2023-01-03 16:58:21,,8,7
1278542979290487,722438505290487,2021,42,8,127,5333.0,2.0,1,BETH,1,BETH,1,2023-01-03 16:58:21,,8,7
1278542980290487,722438505290487,2021,42,8,127,5333.0,1.0,1,HEMA3,1,HEMA3,4,2023-01-03 16:58:21,,8,7
1278542981290487,722438505290487,2021,42,8,127,5333.0,4.0,1,HEMA3,1,HEMA3,1,2023-01-03 16:58:21,,8,7
1278542982290487,722438505290487,2021,42,8,127,5333.0,1.0,1,ROMU,1,ROMU,2,2023-01-03 16:58:21,,8,7
1278543215290487,722437991290487,2021,42,7,9,3273.0,1.0,1,ALPE4,1,ALPE4,1,2023-01-03 16:58:22,,8,7
1278543216290487,722437991290487,2021,42,7,9,3273.0,4.0,1,ALPE4,1,ALPE4,2,2023-01-03 16:58:22,,8,7
1278543217290487,722437991290487,2021,42,7,9,3273.0,3.0,1,BETH,1,BETH,1,2023-01-03 16:58:22,,8,7
1278543218290487,722437991290487,2021,42,7,9,3273.0,4.0,1,BETH,1,BETH,20,2023-01-03 16:58:22,,8,7
1278543219290487,722437991290487,2021,42,7,9,3273.0,4.0,1,MIVI,1,MIVI,10,2023-01-03 16:58:22,,8,7
1278543220290487,722437991290487,2021,42,7,9,3273.0,4.0,1,ROMU,1,ROMU,1,2023-01-03 16:58:22,,8,7
1278543221290487,722437991290487,2021,42,7,9,3273.0,1.0,1,ROPS,1,ROPS,20,2023-01-03 16:58:22,,8,7
1278543222290487,722437991290487,2021,42,7,9,3273.0,2.0,2,ROPS,1,ROPS,15,2023-01-03 16:58:22,,8,7
1278543223290487,722437991290487,2021,42,7,9,3273.0,3.0,1,ROPS,1,ROPS,10,2023-01-03 16:58:22,,8,7
1278543224290487,722437991290487,2021,42,7,9,3273.0,4.0,1,ROPS,1,ROPS,1,2023-01-03 16:58:22,,8,7
1278543373290487,722438023290487,2021,42,0,61,5230.0,1.0,1,ALPE4,1,ALPE4,20,2023-01-03 16:58:22,,8,7
1278543374290487,722438023290487,2021,42,0,61,5230.0,2.0,1,ALPE4,1,ALPE4,6,2023-01-03 16:58:22,,8,7
1278543375290487,722438023290487,2021,42,0,61,5230.0,3.0,1,ALPE4,1,ALPE4,4,2023-01-03 16:58:22,,8,7
1278543376290487,722438023290487,2021,42,0,61,5230.0,4.0,1,ALPE4,1,ALPE4,1,2023-01-03 16:58:22,,8,7
1278543377290487,722438023290487,2021,42,0,61,5230.0,1.0,1,BETH,1,BETH,60,2023-01-03 16:58:22,,8,7
1278543378290487,722438023290487,2021,42,0,61,5230.0,2.0,1,BETH,1,BETH,85,2023-01-03 16:58:22,,8,7
1278543379290487,722438023290487,2021,42,0,61,5230.0,3.0,1,BETH,1,BETH,35,2023-01-03 16:58:22,,8,7
1278543380290487,722438023290487,2021,42,0,61,5230.0,4.0,1,BETH,1,BETH,40,2023-01-03 16:58:22,,8,7
1278543381290487,722438023290487,2021,42,0,61,5230.0,3.0,1,MIVI,1,MIVI,23,2023-01-03 16:58:22,,8,7
1278543382290487,722438023290487,2021,42,0,61,5230.0,4.0,1,MIVI,1,MIVI,35,2023-01-03 16:58:22,,8,7
1278536031290487,722437887290487,2021,42,6,105,2998.0,3.0,2,LOMO2,1,LOMO2,2,2023-01-03 16:58:02,,8,7
1278536393290487,722438045290487,2021,42,6,83,4735.0,1.0,1,ROMU,1,ROMU,2,2023-01-03 16:58:04,,8,7
1278536394290487,722438045290487,2021,42,6,83,4735.0,3.0,1,ROMU,1,ROMU,2,2023-01-03 16:58:04,,8,7
1278536544290487,722438072290487,2021,42,5,7,5044.0,1.0,1,ALPE4,1,ALPE4,1,2023-01-03 16:58:04,,8,7
1278536545290487,722438072290487,2021,42,5,7,5044.0,4.0,1,ALPE4,1,ALPE4,5,2023-01-03 16:58:04,,8,7
1278536546290487,722438072290487,2021,42,5,7,5044.0,1.0,1,CEOR7,1,CEOR7,15,2023-01-03 16:58:04,,8,7
1278536547290487,722438072290487,2021,42,5,7,5044.0,2.0,1,CEOR7,1,CEOR7,1,2023-01-03 16:58:04,,8,7
1278536548290487,722438072290487,2021,42,5,7,5044.0,4.0,1,CEOR7,1,CEOR7,65,2023-01-03 16:58:04,,8,7
1278536549290487,722438072290487,2021,42,5,7,5044.0,1.0,1,ELUM,1,ELUM,15,2023-01-03 16:58:04,,8,7
1278536550290487,722438072290487,2021,42,5,7,5044.0,2.0,1,ELUM,1,ELUM,3,2023-01-03 16:58:04,,8,7
226329755010661,145021057010661,2009,42,8,131,4148.0,1.0,1,BETH,1,BETH,2,2010-06-08 09:56:21,2012-02-28 07:14:26,6,5
226329757010661,145021057010661,2009,42,8,131,4148.0,1.0,1,ELUM,1,ELUM,1,2010-06-08 09:56:21,2012-02-28 07:11:46,6,5
226329759010661,145021057010661,2009,42,8,131,4148.0,1.0,1,ROMU,1,ROMU,6,2010-06-08 09:56:21,2012-02-28 07:13:03,6,5
226329760010661,145021057010661,2009,42,8,131,4148.0,2.0,1,ROMU,1,ROMU,5,2010-06-08 09:56:21,2012-02-28 07:13:03,6,5
226329758010661,145021057010661,2009,42,8,131,4148.0,3.0,1,ELUM,1,ELUM,3,2010-06-08 09:56:21,2012-02-28 07:11:46,6,5
226329761010661,145021057010661,2009,42,8,131,4148.0,3.0,1,ROMU,1,ROMU,2,2010-06-08 09:56:21,2012-02-28 07:13:03,6,5
226329756010661,145021057010661,2009,42,8,131,4148.0,4.0,2,BETH,1,BETH,1,2010-06-08 09:56:21,2012-02-28 07:14:26,6,5
226329898010661,145021121010661,2009,42,7,111,5965.0,1.0,1,LOMO2,1,LOMO2,6,2010-06-08 09:56:24,2012-02-28 07:14:26,6,5
226329899010661,145021121010661,2009,42,7,111,5965.0,1.0,1,ROMU,1,ROMU,80,2010-06-08 09:56:24,2012-02-28 07:13:04,6,5
226329900010661,145021121010661,2009,42,7,111,5965.0,2.0,1,ROMU,1,ROMU,70,2010-06-08 09:56:24,2012-02-28 07:13:04,6,5
226329901010661,145021121010661,2009,42,7,111,5965.0,3.0,1,ROMU,1,ROMU,80,2010-06-08 09:56:24,2012-02-28 07:13:04,6,5
226329902010661,145021121010661,2009,42,7,111,5965.0,4.0,1,ROMU,1,ROMU,90,2010-06-08 09:56:24,2012-02-28 07:13:04,6,5
152864883020004,145021129010661,2009,42,5,129,3712.0,4.0,2,ALPE4,1,ALPE4,1,2012-12-07 10:11:49,,6,5
152864884020004,145021129010661,2009,42,5,129,3712.0,4.0,2,LOMO2,1,LOMO2,7,2012-12-07 10:11:49,,6,5
152864885020004,145021129010661,2009,42,5,129,3712.0,4.0,2,LONIC,2,LONIC,15,2012-12-07 10:11:49,,6,5
226328705010661,145019785010661,2009,42,8,115,5259.0,2.0,1,ROMU,1,ROMU,10,2010-06-08 09:56:02,2012-02-28 07:14:02,6,5
226328706010661,145019785010661,2009,42,8,115,5259.0,3.0,1,ROMU,1,ROMU,30,2010-06-08 09:56:02,2012-02-28 07:14:02,6,5
226328707010661,145019785010661,2009,42,8,115,5259.0,4.0,1,ROMU,1,ROMU,1,2010-06-08 09:56:02,2012-02-28 07:14:02,6,5
226329566010661,145020973010661,2009,42,5,85,5614.0,4.0,3,LOMO2,1,LOMO2,9,2010-06-08 09:56:19,2012-02-28 07:14:31,6,5
226329567010661,145020973010661,2009,42,5,85,5614.0,4.0,3,ROPS,1,ROPS,10,2010-06-08 09:56:19,2012-02-28 07:15:02,6,5
152864737020004,145020147010661,2009,42,0,99,3079.0,2.0,2,ALPE4,1,ALPE4,1,2012-12-07 10:11:49,,6,5
152864738020004,145020147010661,2009,42,0,99,3079.0,4.0,3,BETH,1,BETH,3,2012-12-07 10:11:49,,6,5
152864739020004,145020147010661,2009,42,0,99,3079.0,2.0,2,BETH,1,BETH,18,2012-12-07 10:11:49,,6,5
152864740020004,145020147010661,2009,42,0,99,3079.0,4.0,3,LOJA,1,LOJA,1,2012-12-07 10:11:49,,6,5
152864741020004,145020147010661,2009,42,0,99,3079.0,4.0,3,LOMA6,1,LOMA6,1,2012-12-07 10:11:49,,6,5
152864742020004,145020147010661,2009,42,0,99,3079.0,4.0,3,MIVI,1,MIVI,1,2012-12-07 10:11:49,,6,5
152864743020004,145020147010661,2009,42,0,99,3079.0,2.0,2,MIVI,1,MIVI,1,2012-12-07 10:11:49,,6,5
152864744020004,145020147010661,2009,42,0,99,3079.0,4.0,3,ROMU,1,ROMU,7,2012-12-07 10:11:49,,6,5
152864745020004,145020147010661,2009,42,0,99,3079.0,2.0,2,ROMU,1,ROMU,5,2012-12-07 10:11:49,,6,5
152864746020004,145020147010661,2009,42,0,99,3079.0,4.0,3,ROPS,1,ROPS,5,2012-12-07 10:11:49,,6,5
226326903010661,145019901010661,2009,42,8,15,3959.0,1.0,1,ELUM,1,ELUM,20,2010-06-08 09:55:23,2012-02-28 07:14:29,6,5
226326907010661,145019901010661,2009,42,8,15,3959.0,1.0,1,ROMU,1,ROMU,40,2010-06-08 09:55:23,2012-02-28 07:13:06,6,5
226326904010661,145019901010661,2009,42,8,15,3959.0,2.0,1,ELUM,1,ELUM,20,2010-06-08 09:55:23,2012-02-28 07:14:29,6,5
226326908010661,145019901010661,2009,42,8,15,3959.0,2.0,1,ROMU,1,ROMU,20,2010-06-08 09:55:23,2012-02-28 07:13:06,6,5
226326905010661,145019901010661,2009,42,8,15,3959.0,3.0,2,ELUM,1,ELUM,1,2010-06-08 09:55:23,2012-02-28 07:14:29,6,5
226326906010661,145019901010661,2009,42,8,15,3959.0,4.0,1,ELUM,1,ELUM,90,2010-06-08 09:55:23,2012-02-28 07:14:29,6,5
152864775020004,145019935010661,2009,42,8,97,5549.0,4.0,2,ALPE4,1,ALPE4,2,2012-12-07 10:11:49,,6,5
152864776020004,145019935010661,2009,42,8,97,5549.0,3.0,2,ALPE4,1,ALPE4,1,2012-12-07 10:11:49,,6,5
152864777020004,145019935010661,2009,42,8,97,5549.0,2.0,2,ALPE4,1,ALPE4,1,2012-12-07 10:11:49,,6,5
152864778020004,145019935010661,2009,42,8,97,5549.0,2.0,2,BETH,1,BETH,1,2012-12-07 10:11:49,,6,5
152864779020004,145019935010661,2009,42,8,97,5549.0,4.0,2,CEOR7,1,CEOR7,18,2012-12-07 10:11:49,,6,5
152864780020004,145019935010661,2009,42,8,97,5549.0,3.0,2,CEOR7,1,CEOR7,3,2012-12-07 10:11:49,,6,5
152864781020004,145019935010661,2009,42,8,97,5549.0,2.0,2,CEOR7,1,CEOR7,3,2012-12-07 10:11:49,,6,5
152864782020004,145019935010661,2009,42,8,97,5549.0,3.0,2,ELUM,1,ELUM,3,2012-12-07 10:11:49,,6,5
152864783020004,145019935010661,2009,42,8,97,5549.0,2.0,2,LOJA,1,LOJA,1,2012-12-07 10:11:49,,6,5
152864784020004,145019935010661,2009,42,8,97,5549.0,2.0,2,LOMA6,1,LOMA6,1,2012-12-07 10:11:49,,6,5
152864785020004,145019935010661,2009,42,8,97,5549.0,2.0,2,LOMO2,1,LOMO2,1,2012-12-07 10:11:49,,6,5
152864786020004,145019935010661,2009,42,8,97,5549.0,4.0,2,MIVI,1,MIVI,10,2012-12-07 10:11:49,,6,5
152864787020004,145019935010661,2009,42,8,97,5549.0,3.0,2,MIVI,1,MIVI,10,2012-12-07 10:11:49,,6,5
152864788020004,145019935010661,2009,42,8,97,5549.0,4.0,2,ROMU,1,ROMU,12,2012-12-07 10:11:49,,6,5
152864789020004,145019935010661,2009,42,8,97,5549.0,3.0,2,ROMU,1,ROMU,5,2012-12-07 10:11:49,,6,5
152864790020004,145019935010661,2009,42,8,97,5549.0,2.0,2,ROMU,1,ROMU,8,2012-12-07 10:11:49,,6,5
226329237010661,145020829010661,2009,42,5,19,5535.0,1.0,1,ALPE4,1,ALPE4,1,2010-06-08 09:56:13,2012-02-28 07:11:50,6,5
226329238010661,145020829010661,2009,42,5,19,5535.0,1.0,1,ROMU,1,ROMU,1,2010-06-08 09:56:13,2012-02-28 07:14:02,6,5
226329586010661,145020981010661,2009,42,5,73,5794.0,1.0,1,LOMO2,1,LOMO2,1,2010-06-08 09:56:19,2012-02-28 07:12:13,6,5
226329590010661,145020981010661,2009,42,5,73,5794.0,1.0,1,ROMU,1,ROMU,1,2010-06-08 09:56:19,2012-02-28 07:14:31,6,5
226329584010661,145020981010661,2009,42,5,73,5794.0,2.0,1,ELUM,1,ELUM,1,2010-06-08 09:56:19,2012-02-28 07:11:50,6,5
226329587010661,145020981010661,2009,42,5,73,5794.0,2.0,1,LOMO2,1,LOMO2,1,2010-06-08 09:56:19,2012-02-28 07:12:13,6,5
226329591010661,145020981010661,2009,42,5,73,5794.0,2.0,1,ROMU,1,ROMU,5,2010-06-08 09:56:19,2012-02-28 07:14:31,6,5
226329585010661,145020981010661,2009,42,5,73,5794.0,3.0,1,ELUM,1,ELUM,1,2010-06-08 09:56:19,2012-02-28 07:11:50,6,5
226329588010661,145020981010661,2009,42,5,73,5794.0,3.0,1,LOMO2,1,LOMO2,1,2010-06-08 09:56:19,2012-02-28 07:12:13,6,5
226329592010661,145020981010661,2009,42,5,73,5794.0,3.0,1,ROMU,1,ROMU,2,2010-06-08 09:56:19,2012-02-28 07:14:31,6,5
226329589010661,145020981010661,2009,42,5,73,5794.0,4.0,1,LOMO2,1,LOMO2,1,2010-06-08 09:56:19,2012-02-28 07:12:13,6,5
226329593010661,145020981010661,2009,42,5,73,5794.0,4.0,1,ROMU,1,ROMU,1,2010-06-08 09:56:19,2012-02-28 07:14:31,6,5
152864866020004,145020993010661,2009,42,5,73,3342.0,4.0,1,LIVU,1,LIVU,5,2012-12-07 10:11:49,,6,5
152864867020004,145020993010661,2009,42,5,73,3342.0,3.0,1,LIVU,1,LIVU,5,2012-12-07 10:11:49,,6,5
152864868020004,145020993010661,2009,42,5,73,3342.0,2.0,1,LIVU,1,LIVU,1,2012-12-07 10:11:49,,6,5
152864869020004,145020993010661,2009,42,5,73,3342.0,4.0,1,ALPE4,1,ALPE4,1,2012-12-07 10:11:49,,6,5
152864870020004,145020993010661,2009,42,5,73,3342.0,2.0,1,ALPE4,1,ALPE4,1,2012-12-07 10:11:49,,6,5
152864871020004,145020993010661,2009,42,5,73,3342.0,4.0,1,BETH,1,BETH,2,2012-12-07 10:11:49,,6,5
152864872020004,145020993010661,2009,42,5,73,3342.0,3.0,1,BETH,1,BETH,4,2012-12-07 10:11:49,,6,5
152864873020004,145020993010661,2009,42,5,73,3342.0,1.0,1,BETH,1,BETH,1,2012-12-07 10:11:49,,6,5
152864874020004,145020993010661,2009,42,5,73,3342.0,2.0,1,LOMO2,1,LOMO2,3,2012-12-07 10:11:49,,6,5
152864875020004,145020993010661,2009,42,5,73,3342.0,4.0,1,ROMU,1,ROMU,3,2012-12-07 10:11:49,,6,5
152864876020004,145020993010661,2009,42,5,73,3342.0,3.0,1,ROMU,1,ROMU,1,2012-12-07 10:11:49,,6,5
152864877020004,145020993010661,2009,42,5,73,3342.0,2.0,1,ROMU,1,ROMU,3,2012-12-07 10:11:49,,6,5
152864878020004,145020993010661,2009,42,5,73,3342.0,1.0,1,ROMU,1,ROMU,3,2012-12-07 10:11:49,,6,5
152864879020004,145020993010661,2009,42,5,73,3342.0,4.0,1,ROPS,1,ROPS,8,2012-12-07 10:11:49,,6,5
152864880020004,145020993010661,2009,42,5,73,3342.0,3.0,1,ROPS,1,ROPS,1,2012-12-07 10:11:49,,6,5
152864881020004,145020993010661,2009,42,5,73,3342.0,1.0,1,ROPS,1,ROPS,5,2012-12-07 10:11:49,,6,5
1278536551290487,722438072290487,2021,42,5,7,5044.0,4.0,1,ELUM,1,ELUM,1,2023-01-03 16:58:04,,8,7
1278536552290487,722438072290487,2021,42,5,7,5044.0,1.0,1,LOMO2,1,LOMO2,10,2023-01-03 16:58:04,,8,7
1278536553290487,722438072290487,2021,42,5,7,5044.0,2.0,1,LOMO2,1,LOMO2,1,2023-01-03 16:58:04,,8,7
1278536554290487,722438072290487,2021,42,5,7,5044.0,4.0,1,LOMO2,1,LOMO2,1,2023-01-03 16:58:04,,8,7
1278536555290487,722438072290487,2021,42,5,7,5044.0,1.0,1,MIVI,1,MIVI,5,2023-01-03 16:58:04,,8,7
1278536556290487,722438072290487,2021,42,5,7,5044.0,1.0,1,ROMU,1,ROMU,5,2023-01-03 16:58:04,,8,7
1278536557290487,722438072290487,2021,42,5,7,5044.0,2.0,1,ROMU,1,ROMU,1,2023-01-03 16:58:04,,8,7
1278536558290487,722438072290487,2021,42,5,7,5044.0,4.0,1,ROMU,1,ROMU,10,2023-01-03 16:58:04,,8,7
1278536674290487,722438120290487,2021,42,6,123,4115.0,2.0,1,BETH,1,BETH,2,2023-01-03 16:58:05,,8,7
1278536675290487,722438120290487,2021,42,6,123,4115.0,3.0,1,BETH,1,BETH,3,2023-01-03 16:58:05,,8,7
1278536830290487,722438149290487,2021,42,5,129,5610.0,3.0,2,ALPE4,1,ALPE4,10,2023-01-03 16:58:05,,8,7
1278536831290487,722438149290487,2021,42,5,129,5610.0,3.0,2,LOJA,1,LOJA,35,2023-01-03 16:58:05,,8,7
1278536832290487,722438149290487,2021,42,5,129,5610.0,3.0,2,MIVI,1,MIVI,20,2023-01-03 16:58:05,,8,7
1278536833290487,722438149290487,2021,42,5,129,5610.0,3.0,2,ROMU,1,ROMU,3,2023-01-03 16:58:05,,8,7
1278536834290487,722438149290487,2021,42,5,129,5610.0,3.0,2,ROPS,1,ROPS,10,2023-01-03 16:58:05,,8,7
1278543655290487,722438156290487,2021,42,6,65,3961.0,4.0,1,ELUM,1,ELUM,25,2023-01-03 16:58:23,,8,7
1278543656290487,722438156290487,2021,42,6,65,3961.0,1.0,1,LOMO2,1,LOMO2,5,2023-01-03 16:58:23,,8,7
1278543657290487,722438156290487,2021,42,6,65,3961.0,3.0,1,LOMO2,1,LOMO2,1,2023-01-03 16:58:23,,8,7
1278543658290487,722438156290487,2021,42,6,65,3961.0,4.0,1,LOMO2,1,LOMO2,20,2023-01-03 16:58:23,,8,7
1278543659290487,722438156290487,2021,42,6,65,3961.0,1.0,1,ROMU,1,ROMU,35,2023-01-03 16:58:23,,8,7
1278543660290487,722438156290487,2021,42,6,65,3961.0,3.0,1,ROMU,1,ROMU,10,2023-01-03 16:58:23,,8,7
1278543661290487,722438156290487,2021,42,6,65,3961.0,4.0,1,ROMU,1,ROMU,35,2023-01-03 16:58:23,,8,7
1278543913290487,722438214290487,2021,42,8,115,4705.0,3.0,1,LOMO2,1,LOMO2,2,2023-01-03 16:58:23,,8,7
1278543914290487,722438214290487,2021,42,8,115,4705.0,1.0,1,LYNU,1,LYNU,1,2023-01-03 16:58:23,,8,7
1278543915290487,722438214290487,2021,42,8,115,4705.0,3.0,1,LYNU,1,LYNU,1,2023-01-03 16:58:23,,8,7
1278543916290487,722438214290487,2021,42,8,115,4705.0,4.0,1,LYNU,1,LYNU,1,2023-01-03 16:58:23,,8,7
1278543917290487,722438214290487,2021,42,8,115,4705.0,1.0,1,ROMU,1,ROMU,1,2023-01-03 16:58:23,,8,7
1278543918290487,722438214290487,2021,42,8,115,4705.0,3.0,1,ROMU,1,ROMU,1,2023-01-03 16:58:23,,8,7
1278543919290487,722438214290487,2021,42,8,115,4705.0,4.0,1,ROMU,1,ROMU,1,2023-01-03 16:58:23,,8,7
1278544138290487,722438319290487,2021,42,0,99,5240.0,3.0,1,AIAL,1,AIAL,3,2023-01-03 16:58:24,,8,7
1278544139290487,722438319290487,2021,42,0,99,5240.0,4.0,1,AIAL,1,AIAL,1,2023-01-03 16:58:24,,8,7
1278544140290487,722438319290487,2021,42,0,99,5240.0,1.0,1,BETH,1,BETH,1,2023-01-03 16:58:24,,8,7
152864721020004,145020865010661,2009,42,5,125,4934.0,3.0,1,CEOR7,1,CEOR7,1,2012-12-07 10:11:49,,6,5
152864722020004,145020865010661,2009,42,5,125,4934.0,1.0,1,CEOR7,1,CEOR7,1,2012-12-07 10:11:49,,6,5
152864723020004,145020865010661,2009,42,5,125,4934.0,4.0,1,LOJA,1,LOJA,1,2012-12-07 10:11:49,,6,5
152864724020004,145020865010661,2009,42,5,125,4934.0,3.0,1,LOJA,1,LOJA,1,2012-12-07 10:11:49,,6,5
152864725020004,145020865010661,2009,42,5,125,4934.0,1.0,1,LOJA,1,LOJA,2,2012-12-07 10:11:49,,6,5
152864726020004,145020865010661,2009,42,5,125,4934.0,1.0,1,LOMO2,1,LOMO2,1,2012-12-07 10:11:49,,6,5
152864727020004,145020865010661,2009,42,5,125,4934.0,4.0,1,ROMU,1,ROMU,7,2012-12-07 10:11:49,,6,5
152864728020004,145020865010661,2009,42,5,125,4934.0,3.0,1,ROMU,1,ROMU,55,2012-12-07 10:11:49,,6,5
152864729020004,145020865010661,2009,42,5,125,4934.0,2.0,2,ROMU,1,ROMU,60,2012-12-07 10:11:49,,6,5
152864730020004,145020865010661,2009,42,5,125,4934.0,1.0,1,ROMU,1,ROMU,55,2012-12-07 10:11:49,,6,5
152864731020004,145020865010661,2009,42,5,125,4934.0,2.0,2,ROPS,1,ROPS,15,2012-12-07 10:11:49,,6,5
152864863020004,145020865010661,2009,42,5,125,4934.0,2.0,2,ALPE4,1,ALPE4,1,2012-12-07 10:11:49,,6,5
152864864020004,145020865010661,2009,42,5,125,4934.0,1.0,1,ALPE4,1,ALPE4,1,2012-12-07 10:11:49,,6,5
152864865020004,145020865010661,2009,42,5,125,4934.0,4.0,1,BETH,1,BETH,1,2012-12-07 10:11:49,,6,5
226328819010661,145019837010661,2009,42,8,107,3696.0,1.0,1,MIVI,1,MIVI,1,2010-06-08 09:56:05,2012-02-28 07:13:29,6,5
152865056020004,145019587010661,2009,42,9,11,5605.0,3.0,2,BETH,1,BETH,1,2012-12-07 10:11:50,,6,5
152865057020004,145019587010661,2009,42,9,11,5605.0,3.0,2,CEOR7,1,CEOR7,20,2012-12-07 10:11:50,,6,5
152865058020004,145019587010661,2009,42,9,11,5605.0,3.0,2,LIVU,1,LIVU,1,2012-12-07 10:11:50,,6,5
152865059020004,145019587010661,2009,42,9,11,5605.0,3.0,2,LOJA,1,LOJA,1,2012-12-07 10:11:50,,6,5
152865060020004,145019587010661,2009,42,9,11,5605.0,3.0,2,ROMU,1,ROMU,20,2012-12-07 10:11:50,,6,5
152865061020004,145019587010661,2009,42,9,11,5605.0,3.0,2,ROPS,1,ROPS,5,2012-12-07 10:11:50,,6,5
226331256010661,145020801010661,2009,42,6,121,4771.0,1.0,2,ROMU,1,ROMU,2,2010-06-08 09:56:54,2012-02-28 07:14:24,6,5
226331253010661,145020801010661,2009,42,6,121,4771.0,2.0,2,ALPE4,1,ALPE4,1,2010-06-08 09:56:54,2012-02-28 07:11:44,6,5
226331255010661,145020801010661,2009,42,6,121,4771.0,2.0,2,BETH,1,BETH,1,2010-06-08 09:56:54,2012-02-28 07:12:09,6,5
226331257010661,145020801010661,2009,42,6,121,4771.0,2.0,2,ROMU,1,ROMU,8,2010-06-08 09:56:54,2012-02-28 07:14:24,6,5
226331258010661,145020801010661,2009,42,6,121,4771.0,3.0,3,ROMU,1,ROMU,6,2010-06-08 09:56:54,2012-02-28 07:14:24,6,5
226331254010661,145020801010661,2009,42,6,121,4771.0,4.0,2,ALPE4,1,ALPE4,1,2010-06-08 09:56:54,2012-02-28 07:11:44,6,5
226331259010661,145020801010661,2009,42,6,121,4771.0,4.0,2,ROMU,1,ROMU,2,2010-06-08 09:56:54,2012-02-28 07:14:24,6,5
152864696020004,145020185010661,2009,42,6,117,5935.0,4.0,2,ELUM,1,ELUM,1,2012-12-07 10:11:49,,6,5
152864697020004,145020185010661,2009,42,6,117,5935.0,4.0,1,ELUM,1,ELUM,1,2012-12-07 10:11:49,,6,5
152864698020004,145020185010661,2009,42,6,117,5935.0,3.0,2,ELUM,1,ELUM,1,2012-12-07 10:11:49,,6,5
152864699020004,145020185010661,2009,42,6,117,5935.0,3.0,1,ELUM,1,ELUM,1,2012-12-07 10:11:49,,6,5
152864700020004,145020185010661,2009,42,6,117,5935.0,1.0,1,ELUM,1,ELUM,1,2012-12-07 10:11:49,,6,5
152864701020004,145020185010661,2009,42,6,117,5935.0,4.0,2,LONIC,1,LONIC,6,2012-12-07 10:11:49,,6,5
152864702020004,145020185010661,2009,42,6,117,5935.0,4.0,1,LONIC,1,LONIC,1,2012-12-07 10:11:49,,6,5
152864703020004,145020185010661,2009,42,6,117,5935.0,2.0,1,LONIC,1,LONIC,1,2012-12-07 10:11:49,,6,5
152864704020004,145020185010661,2009,42,6,117,5935.0,1.0,1,LONIC,1,LONIC,1,2012-12-07 10:11:49,,6,5
152864705020004,145020185010661,2009,42,6,117,5935.0,4.0,2,ROMU,1,ROMU,12,2012-12-07 10:11:49,,6,5
44608908020004,222094990010661,2011,42,5,3,1815.0,2.0,2,LOMO2,1,LOMO2,20,2012-06-25 13:15:39,,7,2
44608909020004,222094990010661,2011,42,5,3,1815.0,2.0,2,ROMU,1,ROMU,90,2012-06-25 13:15:39,,7,2
44608910020004,222094990010661,2011,42,5,3,1815.0,4.0,2,ROMU,1,ROMU,1,2012-06-25 13:15:39,,7,2
44608911020004,222094990010661,2011,42,5,3,1815.0,4.0,2,ROPS,1,ROPS,1,2012-06-25 13:15:39,,7,2
44608932020004,222095000010661,2011,42,5,59,832.0,1.0,1,ROMU,1,ROMU,2,2012-06-25 13:15:40,,7,2
44608933020004,222095000010661,2011,42,5,59,832.0,2.0,1,ROMU,1,ROMU,1,2012-06-25 13:15:40,,7,2
44608934020004,222095000010661,2011,42,5,59,832.0,3.0,1,ROMU,1,ROMU,30,2012-06-25 13:15:40,,7,2
44608935020004,222095000010661,2011,42,5,59,832.0,4.0,1,ROMU,1,ROMU,20,2012-06-25 13:15:40,,7,2
44608940020004,222095002010661,2011,42,6,123,1277.0,1.0,1,BETH,1,BETH,1,2012-06-25 13:15:40,,7,2
44608941020004,222095002010661,2011,42,6,123,1277.0,2.0,1,BETH,1,BETH,1,2012-06-25 13:15:40,,7,2
44608942020004,222095002010661,2011,42,6,123,1277.0,4.0,1,BETH,1,BETH,1,2012-06-25 13:15:40,,7,2
44608943020004,222095002010661,2011,42,6,123,1277.0,2.0,1,LOMO2,1,LOMO2,6,2012-06-25 13:15:40,,7,2
44608944020004,222095002010661,2011,42,6,123,1277.0,4.0,1,LOMO2,1,LOMO2,1,2012-06-25 13:15:40,,7,2
44608945020004,222095002010661,2011,42,6,123,1277.0,1.0,1,ROMU,1,ROMU,1,2012-06-25 13:15:40,,7,2
44608946020004,222095002010661,2011,42,6,123,1277.0,2.0,1,ROMU,1,ROMU,8,2012-06-25 13:15:40,,7,2
44608947020004,222095002010661,2011,42,6,123,1277.0,3.0,1,ROMU,1,ROMU,3,2012-06-25 13:15:40,,7,2
44608948020004,222095002010661,2011,42,6,123,1277.0,4.0,1,ROMU,1,ROMU,1,2012-06-25 13:15:40,,7,2
44609012020004,222095032010661,2011,42,5,3,1850.0,1.0,1,ALPE4,1,ALPE4,10,2012-06-25 13:15:42,,7,2
44609013020004,222095032010661,2011,42,5,3,1850.0,1.0,1,LIVU,1,LIVU,25,2012-06-25 13:15:42,,7,2
44609014020004,222095032010661,2011,42,5,3,1850.0,2.0,1,LIVU,1,LIVU,1,2012-06-25 13:15:42,,7,2
44609015020004,222095032010661,2011,42,5,3,1850.0,4.0,1,LIVU,1,LIVU,10,2012-06-25 13:15:42,,7,2
44609016020004,222095032010661,2011,42,5,3,1850.0,2.0,1,LOJA,1,LOJA,1,2012-06-25 13:15:42,,7,2
44609017020004,222095032010661,2011,42,5,3,1850.0,1.0,1,LOMO2,1,LOMO2,15,2012-06-25 13:15:42,,7,2
44609018020004,222095032010661,2011,42,5,3,1850.0,2.0,1,LOMO2,1,LOMO2,20,2012-06-25 13:15:42,,7,2
44609019020004,222095032010661,2011,42,5,3,1850.0,1.0,1,MIVI,1,MIVI,45,2012-06-25 13:15:42,,7,2
44609020020004,222095032010661,2011,42,5,3,1850.0,2.0,1,MIVI,1,MIVI,10,2012-06-25 13:15:42,,7,2
44609021020004,222095032010661,2011,42,5,3,1850.0,4.0,1,MIVI,1,MIVI,10,2012-06-25 13:15:42,,7,2
44609022020004,222095032010661,2011,42,5,3,1850.0,1.0,1,ROMU,1,ROMU,1,2012-06-25 13:15:42,,7,2
44609023020004,222095032010661,2011,42,5,3,1850.0,2.0,1,ROMU,1,ROMU,20,2012-06-25 13:15:42,,7,2
44609024020004,222095032010661,2011,42,5,3,1850.0,4.0,1,ROMU,1,ROMU,20,2012-06-25 13:15:42,,7,2
44609025020004,222095032010661,2011,42,5,3,1850.0,4.0,1,ROPS,1,ROPS,20,2012-06-25 13:15:42,,7,2
44606819020004,222096100010661,2011,42,9,133,824.0,1.0,1,ROMU,1,ROMU,3,2012-06-25 13:14:36,,7,2
44606820020004,222096100010661,2011,42,9,133,824.0,2.0,1,ROMU,1,ROMU,5,2012-06-25 13:14:36,,7,2
44606821020004,222096100010661,2011,42,9,133,824.0,3.0,1,ROMU,1,ROMU,2,2012-06-25 13:14:36,,7,2
44606882020004,222096130010661,2011,42,8,79,1828.0,2.0,1,BETH,1,BETH,1,2012-06-25 13:14:38,,7,2
44606883020004,222096130010661,2011,42,8,79,1828.0,2.0,1,LIVU,1,LIVU,1,2012-06-25 13:14:38,,7,2
44606884020004,222096130010661,2011,42,8,79,1828.0,2.0,1,ROMU,1,ROMU,1,2012-06-25 13:14:38,,7,2
44609248020004,222095140010661,2011,42,7,51,992.0,1.0,1,AIAL,1,AIAL,10,2012-06-25 13:15:49,,7,2
44609249020004,222095140010661,2011,42,7,51,992.0,1.0,1,ALPE4,1,ALPE4,7,2012-06-25 13:15:49,,7,2
44609250020004,222095140010661,2011,42,7,51,992.0,2.0,1,ALPE4,1,ALPE4,30,2012-06-25 13:15:49,,7,2
44609251020004,222095140010661,2011,42,7,51,992.0,1.0,1,CEOR7,1,CEOR7,99,2012-06-25 13:15:49,,7,2
44609252020004,222095140010661,2011,42,7,51,992.0,2.0,1,CEOR7,1,CEOR7,90,2012-06-25 13:15:49,,7,2
44609253020004,222095140010661,2011,42,7,51,992.0,3.0,1,CEOR7,1,CEOR7,30,2012-06-25 13:15:49,,7,2
44609254020004,222095140010661,2011,42,7,51,992.0,2.0,1,ROMU,1,ROMU,1,2012-06-25 13:15:49,,7,2
44609255020004,222095140010661,2011,42,7,51,992.0,3.0,1,ROMU,1,ROMU,5,2012-06-25 13:15:49,,7,2
44609296020004,222095160010661,2011,42,6,65,417.0,1.0,1,ALPE4,1,ALPE4,10,2012-06-25 13:15:51,,7,2
44609297020004,222095160010661,2011,42,6,65,417.0,2.0,1,ALPE4,1,ALPE4,25,2012-06-25 13:15:51,,7,2
44609298020004,222095160010661,2011,42,6,65,417.0,1.0,1,BETH,1,BETH,1,2012-06-25 13:15:51,,7,2
44609299020004,222095160010661,2011,42,6,65,417.0,1.0,1,LOMO2,1,LOMO2,40,2012-06-25 13:15:51,,7,2
44609300020004,222095160010661,2011,42,6,65,417.0,2.0,1,LOMO2,1,LOMO2,30,2012-06-25 13:15:51,,7,2
44609301020004,222095160010661,2011,42,6,65,417.0,1.0,1,ROMU,1,ROMU,1,2012-06-25 13:15:51,,7,2
44606995020004,222096182010661,2011,42,8,79,1175.0,3.0,1,MIVI,1,MIVI,1,2012-06-25 13:14:42,,7,2
44609382020004,222095198010661,2011,42,6,47,164.0,1.0,1,RHCA3,1,RHCA3,1,2012-06-25 13:15:54,,7,2
44609383020004,222095198010661,2011,42,6,47,164.0,2.0,1,RHCA3,1,RHCA3,1,2012-06-25 13:15:54,,7,2
44609384020004,222095198010661,2011,42,6,47,164.0,3.0,1,RHCA3,1,RHCA3,2,2012-06-25 13:15:54,,7,2
44609385020004,222095198010661,2011,42,6,47,164.0,4.0,1,RHCA3,1,RHCA3,1,2012-06-25 13:15:54,,7,2
1278544141290487,722438319290487,2021,42,0,99,5240.0,3.0,1,BETH,1,BETH,1,2023-01-03 16:58:24,,8,7
1278544142290487,722438319290487,2021,42,0,99,5240.0,4.0,1,BETH,1,BETH,2,2023-01-03 16:58:24,,8,7
1278544143290487,722438319290487,2021,42,0,99,5240.0,1.0,1,LOMA6,1,LOMA6,1,2023-01-03 16:58:24,,8,7
1278544144290487,722438319290487,2021,42,0,99,5240.0,1.0,1,MIVI,1,MIVI,1,2023-01-03 16:58:24,,8,7
1278544145290487,722438319290487,2021,42,0,99,5240.0,4.0,1,MIVI,1,MIVI,1,2023-01-03 16:58:24,,8,7
1278544146290487,722438319290487,2021,42,0,99,5240.0,1.0,1,ROMU,1,ROMU,1,2023-01-03 16:58:24,,8,7
1278544147290487,722438319290487,2021,42,0,99,5240.0,2.0,1,ROMU,1,ROMU,1,2023-01-03 16:58:24,,8,7
1278544148290487,722438319290487,2021,42,0,99,5240.0,4.0,1,ROMU,1,ROMU,3,2023-01-03 16:58:24,,8,7
1278544330290487,722438381290487,2021,42,6,27,3844.0,1.0,1,MIVI,1,MIVI,24,2023-01-03 16:58:24,,8,7
1278537539290487,722438408290487,2021,42,6,35,3837.0,2.0,2,MIVI,1,MIVI,1,2023-01-03 16:58:07,,8,7
1278537540290487,722438408290487,2021,42,6,35,3837.0,2.0,2,POCU6,1,POCU6,55,2023-01-03 16:58:07,,8,7
1278537541290487,722438408290487,2021,42,6,35,3837.0,1.0,2,ROPS,1,ROPS,5,2023-01-03 16:58:07,,8,7
1278537542290487,722438408290487,2021,42,6,35,3837.0,2.0,2,ROPS,1,ROPS,3,2023-01-03 16:58:07,,8,7
1278544504290487,722438427290487,2021,42,8,89,3021.0,1.0,1,BETH,1,BETH,1,2023-01-03 16:58:25,,8,7
1278544505290487,722438427290487,2021,42,8,89,3021.0,2.0,1,BETH,1,BETH,1,2023-01-03 16:58:25,,8,7
1278544506290487,722438427290487,2021,42,8,89,3021.0,1.0,1,LYNU,1,LYNU,1,2023-01-03 16:58:25,,8,7
1278544507290487,722438427290487,2021,42,8,89,3021.0,3.0,1,LYNU,1,LYNU,1,2023-01-03 16:58:25,,8,7
1278544508290487,722438427290487,2021,42,8,89,3021.0,4.0,1,LYNU,1,LYNU,1,2023-01-03 16:58:25,,8,7
1278544509290487,722438427290487,2021,42,8,89,3021.0,1.0,1,ROMU,1,ROMU,2,2023-01-03 16:58:25,,8,7
1278544510290487,722438427290487,2021,42,8,89,3021.0,4.0,1,ROMU,1,ROMU,1,2023-01-03 16:58:25,,8,7
1278544954290487,722438507290487,2021,42,8,127,5103.0,1.0,1,ALPE4,1,ALPE4,1,2023-01-03 16:58:25,,8,7
1278544955290487,722438507290487,2021,42,8,127,5103.0,1.0,1,BETH,1,BETH,1,2023-01-03 16:58:25,,8,7
1278544956290487,722438507290487,2021,42,8,127,5103.0,2.0,1,BETH,1,BETH,1,2023-01-03 16:58:25,,8,7
1278544957290487,722438507290487,2021,42,8,127,5103.0,4.0,1,BETH,1,BETH,1,2023-01-03 16:58:25,,8,7
1278544958290487,722438507290487,2021,42,8,127,5103.0,1.0,1,ROMU,1,ROMU,1,2023-01-03 16:58:25,,8,7
1278544959290487,722438507290487,2021,42,8,127,5103.0,2.0,1,ROMU,1,ROMU,1,2023-01-03 16:58:25,,8,7
1278544960290487,722438507290487,2021,42,8,127,5103.0,3.0,1,ROMU,1,ROMU,1,2023-01-03 16:58:25,,8,7
1536636156290487,816544871290487,2022,42,6,123,1155.0,4.0,2,ROPS,1,ROPS,2,2024-01-05 14:21:51,,9,1
1536636540290487,816545062290487,2022,42,8,107,964.0,1.0,1,BETH,1,BETH,1,2024-01-05 14:21:52,,9,1
1536636541290487,816545062290487,2022,42,8,107,964.0,3.0,1,BETH,1,BETH,3,2024-01-05 14:21:52,,9,1
44609395020004,222095202010661,2011,42,7,111,502.0,2.0,1,BETH,1,BETH,5,2012-06-25 13:15:55,,7,2
44609396020004,222095202010661,2011,42,7,111,502.0,3.0,2,BETH,1,BETH,14,2012-06-25 13:15:55,,7,2
44609397020004,222095202010661,2011,42,7,111,502.0,4.0,1,BETH,1,BETH,5,2012-06-25 13:15:55,,7,2
44609398020004,222095202010661,2011,42,7,111,502.0,1.0,1,CEOR7,1,CEOR7,11,2012-06-25 13:15:55,,7,2
44609399020004,222095202010661,2011,42,7,111,502.0,2.0,1,CEOR7,1,CEOR7,7,2012-06-25 13:15:55,,7,2
44609400020004,222095202010661,2011,42,7,111,502.0,1.0,1,ROMU,1,ROMU,16,2012-06-25 13:15:55,,7,2
44609401020004,222095202010661,2011,42,7,111,502.0,2.0,1,ROMU,1,ROMU,20,2012-06-25 13:15:55,,7,2
44609402020004,222095202010661,2011,42,7,111,502.0,3.0,2,ROMU,1,ROMU,65,2012-06-25 13:15:55,,7,2
44609403020004,222095202010661,2011,42,7,111,502.0,4.0,1,ROMU,1,ROMU,10,2012-06-25 13:15:55,,7,2
44609404020004,222095202010661,2011,42,7,111,502.0,2.0,1,ROPS,1,ROPS,30,2012-06-25 13:15:55,,7,2
44609417020004,222095208010661,2011,42,6,65,727.0,2.0,2,BETH,1,BETH,1,2012-06-25 13:15:55,,7,2
44609418020004,222095208010661,2011,42,6,65,727.0,4.0,2,BETH,1,BETH,1,2012-06-25 13:15:55,,7,2
44609419020004,222095208010661,2011,42,6,65,727.0,2.0,2,ELUM,1,ELUM,1,2012-06-25 13:15:55,,7,2
44609420020004,222095208010661,2011,42,6,65,727.0,2.0,2,LOMO2,1,LOMO2,2,2012-06-25 13:15:55,,7,2
44609421020004,222095208010661,2011,42,6,65,727.0,2.0,2,PHAR3,1,PHAR3,1,2012-06-25 13:15:55,,7,2
44609422020004,222095208010661,2011,42,6,65,727.0,4.0,2,PHAR3,1,PHAR3,1,2012-06-25 13:15:55,,7,2
44609423020004,222095208010661,2011,42,6,65,727.0,4.0,2,ROMU,1,ROMU,1,2012-06-25 13:15:55,,7,2
44609435020004,222095212010661,2011,42,6,33,765.0,1.0,1,LOMO2,1,LOMO2,8,2012-06-25 13:15:55,,7,2
44609436020004,222095212010661,2011,42,6,33,765.0,2.0,1,LOMO2,1,LOMO2,1,2012-06-25 13:15:55,,7,2
44609437020004,222095212010661,2011,42,6,33,765.0,4.0,1,LOMO2,1,LOMO2,15,2012-06-25 13:15:55,,7,2
44609438020004,222095212010661,2011,42,6,33,765.0,1.0,1,ROMU,1,ROMU,1,2012-06-25 13:15:55,,7,2
44609439020004,222095212010661,2011,42,6,33,765.0,2.0,1,ROMU,1,ROMU,1,2012-06-25 13:15:55,,7,2
44609440020004,222095212010661,2011,42,6,33,765.0,4.0,1,ROMU,1,ROMU,1,2012-06-25 13:15:55,,7,2
44609454020004,222095218010661,2011,42,6,33,1275.0,4.0,1,ELUM,1,ELUM,6,2012-06-25 13:15:56,,7,2
44609455020004,222095218010661,2011,42,6,33,1275.0,1.0,1,ROPS,1,ROPS,12,2012-06-25 13:15:56,,7,2
44609456020004,222095218010661,2011,42,6,33,1275.0,2.0,1,ROPS,1,ROPS,68,2012-06-25 13:15:56,,7,2
44609457020004,222095218010661,2011,42,6,33,1275.0,4.0,1,ROPS,1,ROPS,65,2012-06-25 13:15:56,,7,2
44609479020004,222095228010661,2011,42,5,63,1282.0,2.0,1,ROMU,1,ROMU,1,2012-06-25 13:15:57,,7,2
44609501020004,222095238010661,2011,42,5,63,1817.0,3.0,2,ALPE4,1,ALPE4,20,2012-06-25 13:15:57,,7,2
44609502020004,222095238010661,2011,42,5,63,1817.0,3.0,2,ROMU,1,ROMU,1,2012-06-25 13:15:57,,7,2
44607230020004,222096296010661,2011,42,8,89,1486.0,3.0,2,BETH,1,BETH,1,2012-06-25 13:14:49,,7,2
44607231020004,222096296010661,2011,42,8,89,1486.0,3.0,2,CEOR7,1,CEOR7,2,2012-06-25 13:14:49,,7,2
44607232020004,222096296010661,2011,42,8,89,1486.0,3.0,2,LOMO2,1,LOMO2,5,2012-06-25 13:14:49,,7,2
152864707020004,145020185010661,2009,42,6,117,5935.0,3.0,2,ROMU,1,ROMU,1,2012-12-07 10:11:49,,6,5
152864708020004,145020185010661,2009,42,6,117,5935.0,3.0,1,ROMU,1,ROMU,1,2012-12-07 10:11:49,,6,5
152864709020004,145020185010661,2009,42,6,117,5935.0,2.0,1,ROMU,1,ROMU,1,2012-12-07 10:11:49,,6,5
152864710020004,145020185010661,2009,42,6,117,5935.0,1.0,1,ROMU,1,ROMU,1,2012-12-07 10:11:49,,6,5
152864747020004,145020185010661,2009,42,6,117,5935.0,1.0,1,ALPE4,1,ALPE4,1,2012-12-07 10:11:49,,6,5
249556944010661,168996862010661,2010,42,9,11,1702.0,4.0,2,AIAL,1,AIAL,1,2011-06-08 12:11:26,,7,1
249556945010661,168996862010661,2010,42,9,11,1702.0,3.0,2,CEOR7,1,CEOR7,1,2011-06-08 12:11:26,,7,1
249556946010661,168996862010661,2010,42,9,11,1702.0,3.0,2,ELUM,1,ELUM,1,2011-06-08 12:11:26,,7,1
249556947010661,168996862010661,2010,42,9,11,1702.0,4.0,2,ELUM,1,ELUM,3,2011-06-08 12:11:26,,7,1
249556948010661,168996862010661,2010,42,9,11,1702.0,2.0,2,LOJA,1,LOJA,20,2011-06-08 12:11:26,,7,1
249556949010661,168996862010661,2010,42,9,11,1702.0,3.0,2,LOJA,1,LOJA,15,2011-06-08 12:11:26,,7,1
249556950010661,168996862010661,2010,42,9,11,1702.0,4.0,2,LOJA,1,LOJA,2,2011-06-08 12:11:26,,7,1
249556951010661,168996862010661,2010,42,9,11,1702.0,2.0,2,LOMO2,1,LOMO2,60,2011-06-08 12:11:26,,7,1
249556952010661,168996862010661,2010,42,9,11,1702.0,3.0,2,LOMO2,1,LOMO2,40,2011-06-08 12:11:26,,7,1
249556953010661,168996862010661,2010,42,9,11,1702.0,4.0,2,LOMO2,1,LOMO2,55,2011-06-08 12:11:26,,7,1
249556954010661,168996862010661,2010,42,9,11,1702.0,2.0,2,ROMU,1,ROMU,11,2011-06-08 12:11:26,,7,1
249556955010661,168996862010661,2010,42,9,11,1702.0,3.0,2,ROMU,1,ROMU,10,2011-06-08 12:11:26,,7,1
249556956010661,168996862010661,2010,42,9,11,1702.0,4.0,2,ROMU,1,ROMU,15,2011-06-08 12:11:27,,7,1
249557097010661,168997926010661,2010,42,5,63,1122.0,1.0,1,ELUM,1,ELUM,1,2011-06-08 12:11:27,,7,1
249557254010661,168997506010661,2010,42,6,117,1835.0,4.0,1,LOMO2,1,LOMO2,1,2011-06-08 12:11:28,,7,1
249557102010661,168997462010661,2010,42,0,67,398.0,1.0,1,BETH,1,BETH,20,2011-06-08 12:11:27,,7,1
249557103010661,168997462010661,2010,42,0,67,398.0,2.0,1,BETH,1,BETH,5,2011-06-08 12:11:27,,7,1
249557104010661,168997462010661,2010,42,0,67,398.0,3.0,1,BETH,1,BETH,5,2011-06-08 12:11:27,,7,1
249557105010661,168997462010661,2010,42,0,67,398.0,4.0,1,BETH,1,BETH,20,2011-06-08 12:11:27,,7,1
249557106010661,168997462010661,2010,42,0,67,398.0,1.0,1,ROMU,1,ROMU,1,2011-06-08 12:11:27,,7,1
249557098010661,168997462010661,2010,42,0,67,398.0,1.0,1,ALPE4,1,ALPE4,10,2011-06-08 12:11:27,,7,1
249557099010661,168997462010661,2010,42,0,67,398.0,2.0,1,ALPE4,1,ALPE4,10,2011-06-08 12:11:27,,7,1
249557100010661,168997462010661,2010,42,0,67,398.0,3.0,1,ALPE4,1,ALPE4,10,2011-06-08 12:11:27,,7,1
249557101010661,168997462010661,2010,42,0,67,398.0,4.0,1,ALPE4,1,ALPE4,10,2011-06-08 12:11:27,,7,1
249556939010661,168997662010661,2010,42,7,9,1570.0,3.0,2,BETH,1,BETH,13,2011-06-08 12:11:26,,7,1
249556940010661,168997662010661,2010,42,7,9,1570.0,3.0,2,LONIC,1,LONIC,2,2011-06-08 12:11:26,,7,1
249556941010661,168997662010661,2010,42,7,9,1570.0,3.0,2,MIVI,1,MIVI,4,2011-06-08 12:11:26,,7,1
249556942010661,168997662010661,2010,42,7,9,1570.0,3.0,2,ROMU,1,ROMU,2,2011-06-08 12:11:26,,7,1
249556943010661,168997662010661,2010,42,7,9,1570.0,3.0,2,ROPS,1,ROPS,6,2011-06-08 12:11:26,,7,1
249557017010661,168997860010661,2010,42,7,21,223.0,1.0,1,ALPE4,1,ALPE4,12,2011-06-08 12:11:27,,7,1
249557018010661,168997860010661,2010,42,7,21,223.0,2.0,1,ALPE4,1,ALPE4,7,2011-06-08 12:11:27,,7,1
249557019010661,168997860010661,2010,42,7,21,223.0,3.0,1,ALPE4,1,ALPE4,3,2011-06-08 12:11:27,,7,1
249557020010661,168997860010661,2010,42,7,21,223.0,2.0,1,HEMA3,1,HEMA3,5,2011-06-08 12:11:27,,7,1
249557021010661,168997860010661,2010,42,7,21,223.0,3.0,1,HEMA3,1,HEMA3,15,2011-06-08 12:11:27,,7,1
249557022010661,168997860010661,2010,42,7,21,223.0,2.0,1,LIVU,1,LIVU,2,2011-06-08 12:11:27,,7,1
249557023010661,168997860010661,2010,42,7,21,223.0,2.0,1,POSA4,1,POSA4,15,2011-06-08 12:11:27,,7,1
249557024010661,168997860010661,2010,42,7,21,223.0,4.0,1,POSA4,1,POSA4,48,2011-06-08 12:11:27,,7,1
249557025010661,168997860010661,2010,42,7,21,223.0,1.0,1,ROMU,1,ROMU,38,2011-06-08 12:11:27,,7,1
249557026010661,168997860010661,2010,42,7,21,223.0,2.0,1,ROMU,1,ROMU,20,2011-06-08 12:11:27,,7,1
249557027010661,168997860010661,2010,42,7,21,223.0,3.0,1,ROMU,1,ROMU,7,2011-06-08 12:11:27,,7,1
249557028010661,168997860010661,2010,42,7,21,223.0,4.0,1,ROMU,1,ROMU,25,2011-06-08 12:11:27,,7,1
249557029010661,168997860010661,2010,42,7,21,223.0,1.0,1,ROPS,1,ROPS,3,2011-06-08 12:11:27,,7,1
249557030010661,168997860010661,2010,42,7,21,223.0,2.0,1,ROPS,1,ROPS,20,2011-06-08 12:11:27,,7,1
249557046010661,168997528010661,2010,42,6,35,967.0,3.0,1,ROMU,1,ROMU,1,2011-06-08 12:11:27,,7,1
249557047010661,168997528010661,2010,42,6,35,967.0,3.0,2,ROMU,1,ROMU,1,2011-06-08 12:11:27,,7,1
249557154010661,168996836010661,2010,42,8,89,722.0,2.0,1,ALPE4,1,ALPE4,1,2011-06-08 12:11:27,,7,1
249557155010661,168996836010661,2010,42,8,89,722.0,3.0,1,ALPE4,1,ALPE4,15,2011-06-08 12:11:27,,7,1
249557156010661,168996836010661,2010,42,8,89,722.0,4.0,1,ALPE4,1,ALPE4,1,2011-06-08 12:11:27,,7,1
249557157010661,168996836010661,2010,42,8,89,722.0,1.0,1,BEVU,1,BEVU,1,2011-06-08 12:11:27,,7,1
249557158010661,168996836010661,2010,42,8,89,722.0,4.0,1,BEVU,1,BEVU,3,2011-06-08 12:11:27,,7,1
249557159010661,168996836010661,2010,42,8,89,722.0,2.0,1,CEOR7,1,CEOR7,1,2011-06-08 12:11:27,,7,1
249557160010661,168996836010661,2010,42,8,89,722.0,3.0,1,CEOR7,1,CEOR7,2,2011-06-08 12:11:27,,7,1
249557161010661,168996836010661,2010,42,8,89,722.0,4.0,1,CEOR7,1,CEOR7,1,2011-06-08 12:11:27,,7,1
249557162010661,168996836010661,2010,42,8,89,722.0,3.0,1,CIAR4,1,CIAR4,1,2011-06-08 12:11:27,,7,1
249557163010661,168996836010661,2010,42,8,89,722.0,4.0,1,CIAR4,1,CIAR4,1,2011-06-08 12:11:27,,7,1
249557164010661,168996836010661,2010,42,8,89,722.0,1.0,1,ELUM,1,ELUM,20,2011-06-08 12:11:27,,7,1
249557165010661,168996836010661,2010,42,8,89,722.0,2.0,1,ELUM,1,ELUM,25,2011-06-08 12:11:27,,7,1
249557166010661,168996836010661,2010,42,8,89,722.0,3.0,1,ELUM,1,ELUM,40,2011-06-08 12:11:27,,7,1
249557167010661,168996836010661,2010,42,8,89,722.0,4.0,1,ELUM,1,ELUM,45,2011-06-08 12:11:27,,7,1
1536636542290487,816545062290487,2022,42,8,107,964.0,3.0,1,LOJA,1,LOJA,1,2024-01-05 14:21:52,,9,1
1536636543290487,816545062290487,2022,42,8,107,964.0,1.0,1,LONIC,1,LONIC,3,2024-01-05 14:21:52,,9,1
1536636544290487,816545062290487,2022,42,8,107,964.0,1.0,1,MIVI,1,MIVI,60,2024-01-05 14:21:52,,9,1
1536636545290487,816545062290487,2022,42,8,107,964.0,3.0,1,MIVI,1,MIVI,82,2024-01-05 14:21:52,,9,1
1536636546290487,816545062290487,2022,42,8,107,964.0,4.0,1,MIVI,1,MIVI,2,2024-01-05 14:21:52,,9,1
1536636547290487,816545062290487,2022,42,8,107,964.0,1.0,1,ROMU,1,ROMU,1,2024-01-05 14:21:52,,9,1
1536636548290487,816545062290487,2022,42,8,107,964.0,3.0,1,ROMU,1,ROMU,1,2024-01-05 14:21:52,,9,1
1536638003290487,816545073290487,2022,42,8,103,705.0,4.0,1,BETH,1,BETH,15,2024-01-05 14:21:59,,9,1
1536638004290487,816545073290487,2022,42,8,103,705.0,1.0,1,MIVI,1,MIVI,1,2024-01-05 14:21:59,,9,1
1536638005290487,816545073290487,2022,42,8,103,705.0,2.0,1,MIVI,1,MIVI,7,2024-01-05 14:21:59,,9,1
1536638006290487,816545073290487,2022,42,8,103,705.0,3.0,1,MIVI,1,MIVI,1,2024-01-05 14:21:59,,9,1
1536628901290487,816545014290487,2022,42,6,27,20.0,1.0,1,ALPE4,1,ALPE4,5,2024-01-05 14:21:33,,9,1
1536628902290487,816545014290487,2022,42,6,27,20.0,1.0,2,ALPE4,1,ALPE4,1,2024-01-05 14:21:33,,9,1
1536628903290487,816545014290487,2022,42,6,27,20.0,2.0,1,ALPE4,1,ALPE4,18,2024-01-05 14:21:33,,9,1
1536628904290487,816545014290487,2022,42,6,27,20.0,4.0,2,ALPE4,1,ALPE4,1,2024-01-05 14:21:33,,9,1
1536628905290487,816545014290487,2022,42,6,27,20.0,1.0,1,BETH,1,BETH,1,2024-01-05 14:21:33,,9,1
1536628906290487,816545014290487,2022,42,6,27,20.0,2.0,1,BETH,1,BETH,4,2024-01-05 14:21:33,,9,1
1536628907290487,816545014290487,2022,42,6,27,20.0,4.0,2,BETH,1,BETH,1,2024-01-05 14:21:33,,9,1
1536628908290487,816545014290487,2022,42,6,27,20.0,1.0,1,ELUM,1,ELUM,1,2024-01-05 14:21:33,,9,1
1536628909290487,816545014290487,2022,42,6,27,20.0,3.0,2,ELUM,1,ELUM,1,2024-01-05 14:21:33,,9,1
1536628910290487,816545014290487,2022,42,6,27,20.0,1.0,1,HEMA3,1,HEMA3,2,2024-01-05 14:21:33,,9,1
1536628911290487,816545014290487,2022,42,6,27,20.0,1.0,2,HEMA3,1,HEMA3,1,2024-01-05 14:21:33,,9,1
1536628912290487,816545014290487,2022,42,6,27,20.0,2.0,1,LIVU,1,LIVU,1,2024-01-05 14:21:34,,9,1
1536628913290487,816545014290487,2022,42,6,27,20.0,1.0,1,LOMA6,1,LOMA6,60,2024-01-05 14:21:34,,9,1
1536628914290487,816545014290487,2022,42,6,27,20.0,1.0,2,LOMA6,1,LOMA6,8,2024-01-05 14:21:34,,9,1
1536628915290487,816545014290487,2022,42,6,27,20.0,2.0,1,LOMA6,1,LOMA6,45,2024-01-05 14:21:34,,9,1
1536628916290487,816545014290487,2022,42,6,27,20.0,1.0,1,LOMO2,1,LOMO2,2,2024-01-05 14:21:34,,9,1
1536628917290487,816545014290487,2022,42,6,27,20.0,3.0,2,LOMO2,1,LOMO2,3,2024-01-05 14:21:34,,9,1
249557168010661,168996836010661,2010,42,8,89,722.0,3.0,1,LIVU,1,LIVU,20,2011-06-08 12:11:27,,7,1
249557169010661,168996836010661,2010,42,8,89,722.0,4.0,1,LIVU,1,LIVU,10,2011-06-08 12:11:27,,7,1
249557170010661,168996836010661,2010,42,8,89,722.0,1.0,1,LOJA,1,LOJA,85,2011-06-08 12:11:27,,7,1
249557171010661,168996836010661,2010,42,8,89,722.0,2.0,1,LOJA,1,LOJA,65,2011-06-08 12:11:27,,7,1
249557172010661,168996836010661,2010,42,8,89,722.0,3.0,1,LOJA,1,LOJA,1,2011-06-08 12:11:27,,7,1
249557173010661,168996836010661,2010,42,8,89,722.0,4.0,1,LOTA,1,LOTA,5,2011-06-08 12:11:27,,7,1
249557174010661,168996836010661,2010,42,8,89,722.0,3.0,1,MIVI,1,MIVI,10,2011-06-08 12:11:27,,7,1
249557175010661,168996836010661,2010,42,8,89,722.0,1.0,1,ROMU,1,ROMU,10,2011-06-08 12:11:27,,7,1
249557176010661,168996836010661,2010,42,8,89,722.0,2.0,1,ROMU,1,ROMU,40,2011-06-08 12:11:27,,7,1
249557177010661,168996836010661,2010,42,8,89,722.0,3.0,1,ROMU,1,ROMU,10,2011-06-08 12:11:27,,7,1
249557178010661,168996836010661,2010,42,8,89,722.0,4.0,1,ROMU,1,ROMU,5,2011-06-08 12:11:27,,7,1
249557280010661,168998130010661,2010,42,6,123,791.0,1.0,1,ROMU,1,ROMU,10,2011-06-08 12:11:28,,7,1
249557281010661,168998130010661,2010,42,6,123,791.0,2.0,1,ROMU,1,ROMU,18,2011-06-08 12:11:28,,7,1
249557282010661,168998130010661,2010,42,6,123,791.0,3.0,1,ROMU,1,ROMU,80,2011-06-08 12:11:28,,7,1
249557283010661,168998130010661,2010,42,6,123,791.0,4.0,1,ROMU,1,ROMU,2,2011-06-08 12:11:28,,7,1
249557297010661,168998436010661,2010,42,8,127,6173.0,2.0,1,ROMU,1,ROMU,1,2011-06-08 12:11:28,,7,1
249556970010661,168997314010661,2010,42,8,15,1426.0,1.0,1,ALPE4,1,ALPE4,8,2011-06-08 12:11:27,,7,1
249556971010661,168997314010661,2010,42,8,15,1426.0,4.0,1,ALPE4,1,ALPE4,10,2011-06-08 12:11:27,,7,1
249556972010661,168997314010661,2010,42,8,15,1426.0,4.0,1,HEMA3,1,HEMA3,14,2011-06-08 12:11:27,,7,1
249556973010661,168997314010661,2010,42,8,15,1426.0,1.0,1,ROMU,1,ROMU,1,2011-06-08 12:11:27,,7,1
249556974010661,168997314010661,2010,42,8,15,1426.0,4.0,1,ROMU,1,ROMU,1,2011-06-08 12:11:27,,7,1
249556975010661,168997314010661,2010,42,8,15,1426.0,1.0,1,ROPS,1,ROPS,2,2011-06-08 12:11:27,,7,1
249556976010661,168997314010661,2010,42,8,15,1426.0,4.0,1,ROPS,1,ROPS,9,2011-06-08 12:11:27,,7,1
249557185010661,168998414010661,2010,42,9,101,410.0,2.0,1,AIAL,1,AIAL,4,2011-06-08 12:11:27,,7,1
249557186010661,168998414010661,2010,42,9,101,410.0,3.0,1,AIAL,1,AIAL,1,2011-06-08 12:11:27,,7,1
249557187010661,168998414010661,2010,42,9,101,410.0,4.0,1,AIAL,1,AIAL,7,2011-06-08 12:11:27,,7,1
249557188010661,168998414010661,2010,42,9,101,410.0,1.0,1,ALPE4,1,ALPE4,35,2011-06-08 12:11:27,,7,1
249557189010661,168998414010661,2010,42,9,101,410.0,2.0,1,ALPE4,1,ALPE4,3,2011-06-08 12:11:27,,7,1
249557190010661,168998414010661,2010,42,9,101,410.0,3.0,1,ALPE4,1,ALPE4,35,2011-06-08 12:11:27,,7,1
249557191010661,168998414010661,2010,42,9,101,410.0,4.0,1,ALPE4,1,ALPE4,35,2011-06-08 12:11:27,,7,1
249557192010661,168998414010661,2010,42,9,101,410.0,1.0,1,CEOR7,1,CEOR7,15,2011-06-08 12:11:27,,7,1
249557193010661,168998414010661,2010,42,9,101,410.0,2.0,1,CEOR7,1,CEOR7,16,2011-06-08 12:11:27,,7,1
249557194010661,168998414010661,2010,42,9,101,410.0,3.0,1,CEOR7,1,CEOR7,70,2011-06-08 12:11:27,,7,1
249557195010661,168998414010661,2010,42,9,101,410.0,4.0,1,CEOR7,1,CEOR7,20,2011-06-08 12:11:27,,7,1
249557196010661,168998414010661,2010,42,9,101,410.0,4.0,1,LOJA,1,LOJA,1,2011-06-08 12:11:27,,7,1
249557197010661,168998414010661,2010,42,9,101,410.0,1.0,1,LOMA6,1,LOMA6,45,2011-06-08 12:11:27,,7,1
249557198010661,168998414010661,2010,42,9,101,410.0,3.0,1,LOMA6,1,LOMA6,25,2011-06-08 12:11:27,,7,1
249557199010661,168998414010661,2010,42,9,101,410.0,4.0,1,LOMA6,1,LOMA6,7,2011-06-08 12:11:27,,7,1
249557200010661,168998414010661,2010,42,9,101,410.0,1.0,1,LONIC,1,LONIC,1,2011-06-08 12:11:27,,7,1
249557201010661,168998414010661,2010,42,9,101,410.0,2.0,1,LONIC,1,LONIC,5,2011-06-08 12:11:27,,7,1
249557202010661,168998414010661,2010,42,9,101,410.0,4.0,1,LONIC,1,LONIC,11,2011-06-08 12:11:27,,7,1
249557203010661,168998414010661,2010,42,9,101,410.0,3.0,1,PATO2,1,PATO2,85,2011-06-08 12:11:27,,7,1
249557042010661,168997920010661,2010,42,6,33,842.0,1.0,1,MIVI,1,MIVI,5,2011-06-08 12:11:27,,7,1
249557043010661,168997920010661,2010,42,6,33,842.0,2.0,1,MIVI,1,MIVI,1,2011-06-08 12:11:27,,7,1
249557044010661,168997920010661,2010,42,6,33,842.0,3.0,1,MIVI,1,MIVI,1,2011-06-08 12:11:27,,7,1
249557045010661,168997920010661,2010,42,6,33,842.0,2.0,1,ROMU,1,ROMU,1,2011-06-08 12:11:27,,7,1
249556879010661,168998606010661,2010,42,9,1,483.0,1.0,1,ACPL,1,ACPL,20,2011-06-08 12:11:26,,7,1
249556880010661,168998606010661,2010,42,9,1,483.0,2.0,1,ACPL,1,ACPL,1,2011-06-08 12:11:26,,7,1
249556881010661,168998606010661,2010,42,9,1,483.0,4.0,1,ACPL,1,ACPL,8,2011-06-08 12:11:26,,7,1
249556882010661,168998606010661,2010,42,9,1,483.0,2.0,1,AIAL,1,AIAL,25,2011-06-08 12:11:26,,7,1
249556883010661,168998606010661,2010,42,9,1,483.0,1.0,1,ALPE4,1,ALPE4,30,2011-06-08 12:11:26,,7,1
249556884010661,168998606010661,2010,42,9,1,483.0,2.0,1,CEOR7,1,CEOR7,60,2011-06-08 12:11:26,,7,1
249556885010661,168998606010661,2010,42,9,1,483.0,2.0,1,ELUM,1,ELUM,1,2011-06-08 12:11:26,,7,1
249556886010661,168998606010661,2010,42,9,1,483.0,1.0,1,LOJA,1,LOJA,35,2011-06-08 12:11:26,,7,1
249556887010661,168998606010661,2010,42,9,1,483.0,2.0,1,LOJA,1,LOJA,85,2011-06-08 12:11:26,,7,1
249556888010661,168998606010661,2010,42,9,1,483.0,3.0,1,LOJA,1,LOJA,20,2011-06-08 12:11:26,,7,1
249556889010661,168998606010661,2010,42,9,1,483.0,4.0,1,LOJA,1,LOJA,42,2011-06-08 12:11:26,,7,1
152864706020004,145020185010661,2009,42,6,117,5935.0,4.0,1,ROMU,1,ROMU,1,2012-12-07 10:11:49,,6,5
44607731020004,222096498010661,2011,42,7,51,1016.0,4.0,1,ROPS,1,ROPS,20,2012-06-25 13:15:03,,7,2
44607722020004,222096498010661,2011,42,7,51,1016.0,3.0,1,BETH,1,BETH,10,2012-06-25 13:15:03,,7,2
44607723020004,222096498010661,2011,42,7,51,1016.0,1.0,1,MIVI,1,MIVI,70,2012-06-25 13:15:03,,7,2
44607724020004,222096498010661,2011,42,7,51,1016.0,2.0,1,MIVI,1,MIVI,20,2012-06-25 13:15:03,,7,2
44607725020004,222096498010661,2011,42,7,51,1016.0,3.0,1,MIVI,1,MIVI,10,2012-06-25 13:15:03,,7,2
44607726020004,222096498010661,2011,42,7,51,1016.0,4.0,1,MIVI,1,MIVI,10,2012-06-25 13:15:03,,7,2
44607727020004,222096498010661,2011,42,7,51,1016.0,1.0,1,ROMU,1,ROMU,1,2012-06-25 13:15:03,,7,2
44607799020004,222096530010661,2011,42,6,123,7283.0,2.0,2,BETH,1,BETH,1,2012-06-25 13:15:06,,7,2
44607800020004,222096530010661,2011,42,6,123,7283.0,2.0,2,ROMU,1,ROMU,2,2012-06-25 13:15:06,,7,2
44610104020004,222095514010661,2011,42,7,9,22.0,4.0,2,MIVI,1,MIVI,10,2012-06-25 13:16:17,,7,2
207181619020004,247104241010661,2012,42,6,117,6189.0,2.0,2,ELUM,1,ELUM,2,2013-05-30 13:44:45,,7,3
207181620020004,247104241010661,2012,42,6,117,6189.0,2.0,2,LOMO2,1,LOMO2,3,2013-05-30 13:44:45,,7,3
207181621020004,247104241010661,2012,42,6,117,6189.0,2.0,2,MIVI,1,MIVI,3,2013-05-30 13:44:45,,7,3
207181622020004,247104241010661,2012,42,6,117,6189.0,2.0,2,ROMU,1,ROMU,1,2013-05-30 13:44:45,,7,3
207181658020004,247104249010661,2012,42,9,1,2072.0,2.0,1,MIVI,1,MIVI,1,2013-05-30 13:44:45,,7,3
207181659020004,247104249010661,2012,42,9,1,2072.0,3.0,1,MIVI,1,MIVI,2,2013-05-30 13:44:45,,7,3
207181660020004,247104249010661,2012,42,9,1,2072.0,4.0,1,ROMU,1,ROMU,5,2013-05-30 13:44:45,,7,3
207188635020004,247105105010661,2012,42,9,17,2720.0,4.0,2,ALPE4,1,ALPE4,35,2013-05-30 13:45:32,,7,3
207188636020004,247105105010661,2012,42,9,17,2720.0,4.0,2,LOJA,1,LOJA,5,2013-05-30 13:45:32,,7,3
207188637020004,247105105010661,2012,42,9,17,2720.0,4.0,2,PHAU7,1,PHAU7,5,2013-05-30 13:45:32,,7,3
207188638020004,247105105010661,2012,42,9,17,2720.0,4.0,2,ROMU,1,ROMU,1,2013-05-30 13:45:32,,7,3
208455451020004,247104359010661,2012,42,6,31,2777.0,4.0,2,ALPE4,1,ALPE4,3,2013-06-06 06:49:21,,7,3
208455452020004,247104359010661,2012,42,6,31,2777.0,4.0,2,BETH,1,BETH,1,2013-06-06 06:49:22,,7,3
208455453020004,247104359010661,2012,42,6,31,2777.0,1.0,2,LOMO2,1,LOMO2,1,2013-06-06 06:49:22,,7,3
208455454020004,247104359010661,2012,42,6,31,2777.0,4.0,2,LOMO2,1,LOMO2,82,2013-06-06 06:49:22,,7,3
208455455020004,247104359010661,2012,42,6,31,2777.0,4.0,2,ROMU,1,ROMU,1,2013-06-06 06:49:22,,7,3
208455520020004,247104584010661,2012,42,6,47,2050.0,1.0,1,BETH,1,BETH,2,2013-06-06 06:49:22,,7,3
208455521020004,247104584010661,2012,42,6,47,2050.0,1.0,1,ELUM,1,ELUM,11,2013-06-06 06:49:22,,7,3
208455646020004,247104630010661,2012,42,6,105,2843.0,1.0,1,ALPE4,1,ALPE4,2,2013-06-06 06:49:23,,7,3
208455647020004,247104630010661,2012,42,6,105,2843.0,2.0,1,ALPE4,1,ALPE4,1,2013-06-06 06:49:23,,7,3
208455742020004,247104668010661,2012,42,6,27,2236.0,1.0,1,BETH,1,BETH,1,2013-06-06 06:49:24,,7,3
208455743020004,247104668010661,2012,42,6,27,2236.0,3.0,1,BETH,1,BETH,1,2013-06-06 06:49:24,,7,3
208455744020004,247104668010661,2012,42,6,27,2236.0,4.0,1,BETH,1,BETH,1,2013-06-06 06:49:24,,7,3
208455745020004,247104668010661,2012,42,6,27,2236.0,1.0,1,ELUM,1,ELUM,1,2013-06-06 06:49:24,,7,3
208455746020004,247104668010661,2012,42,6,27,2236.0,3.0,1,ELUM,1,ELUM,12,2013-06-06 06:49:24,,7,3
208455747020004,247104668010661,2012,42,6,27,2236.0,4.0,1,ELUM,1,ELUM,6,2013-06-06 06:49:24,,7,3
208455748020004,247104668010661,2012,42,6,27,2236.0,3.0,1,ROMU,1,ROMU,1,2013-06-06 06:49:24,,7,3
208455749020004,247104668010661,2012,42,6,27,2236.0,4.0,1,ROMU,1,ROMU,3,2013-06-06 06:49:24,,7,3
207181852020004,247104419010661,2012,42,5,125,2907.0,1.0,2,ALPE4,1,ALPE4,5,2013-05-30 13:44:47,,7,3
207181853020004,247104419010661,2012,42,5,125,2907.0,2.0,2,ALPE4,1,ALPE4,8,2013-05-30 13:44:47,,7,3
207181854020004,247104419010661,2012,42,5,125,2907.0,3.0,2,ALPE4,1,ALPE4,10,2013-05-30 13:44:47,,7,3
207181855020004,247104419010661,2012,42,5,125,2907.0,4.0,2,ALPE4,1,ALPE4,10,2013-05-30 13:44:47,,7,3
207181856020004,247104419010661,2012,42,5,125,2907.0,4.0,2,CEOR7,1,CEOR7,2,2013-05-30 13:44:47,,7,3
207181857020004,247104419010661,2012,42,5,125,2907.0,4.0,2,LOMO2,1,LOMO2,5,2013-05-30 13:44:47,,7,3
207181858020004,247104419010661,2012,42,5,125,2907.0,4.0,2,LONIC,1,LONIC,3,2013-05-30 13:44:47,,7,3
207181859020004,247104419010661,2012,42,5,125,2907.0,1.0,2,ROMU,1,ROMU,15,2013-05-30 13:44:47,,7,3
207181860020004,247104419010661,2012,42,5,125,2907.0,2.0,2,ROMU,1,ROMU,1,2013-05-30 13:44:47,,7,3
207181861020004,247104419010661,2012,42,5,125,2907.0,3.0,2,ROMU,1,ROMU,2,2013-05-30 13:44:47,,7,3
207181862020004,247104419010661,2012,42,5,125,2907.0,4.0,2,ROMU,1,ROMU,20,2013-05-30 13:44:47,,7,3
207181863020004,247104419010661,2012,42,5,125,2907.0,2.0,2,ROPS,1,ROPS,8,2013-05-30 13:44:47,,7,3
207182010020004,247104444010661,2012,42,5,5,2029.0,1.0,1,ALPE4,1,ALPE4,1,2013-05-30 13:44:48,,7,3
207182011020004,247104444010661,2012,42,5,5,2029.0,2.0,1,ALPE4,1,ALPE4,1,2013-05-30 13:44:48,,7,3
207182012020004,247104444010661,2012,42,5,5,2029.0,4.0,1,ALPE4,1,ALPE4,3,2013-05-30 13:44:48,,7,3
207182013020004,247104444010661,2012,42,5,5,2029.0,4.0,1,LIVU,1,LIVU,3,2013-05-30 13:44:48,,7,3
207182014020004,247104444010661,2012,42,5,5,2029.0,1.0,1,ROMU,1,ROMU,1,2013-05-30 13:44:48,,7,3
207182015020004,247104444010661,2012,42,5,5,2029.0,2.0,1,ROMU,1,ROMU,2,2013-05-30 13:44:48,,7,3
207182016020004,247104444010661,2012,42,5,5,2029.0,4.0,1,ROMU,1,ROMU,2,2013-05-30 13:44:48,,7,3
207182159020004,247104588010661,2012,42,6,33,2572.0,4.0,1,BETH,1,BETH,1,2013-05-30 13:44:49,,7,3
207182160020004,247104588010661,2012,42,6,33,2572.0,1.0,1,ELUM,1,ELUM,1,2013-05-30 13:44:49,,7,3
207182161020004,247104588010661,2012,42,6,33,2572.0,4.0,1,ELUM,1,ELUM,1,2013-05-30 13:44:49,,7,3
207182162020004,247104588010661,2012,42,6,33,2572.0,4.0,1,LIVU,1,LIVU,1,2013-05-30 13:44:49,,7,3
207182163020004,247104588010661,2012,42,6,33,2572.0,1.0,1,LOMO2,1,LOMO2,1,2013-05-30 13:44:49,,7,3
207182164020004,247104588010661,2012,42,6,33,2572.0,2.0,1,LOMO2,1,LOMO2,2,2013-05-30 13:44:49,,7,3
207182165020004,247104588010661,2012,42,6,33,2572.0,4.0,1,LOMO2,1,LOMO2,7,2013-05-30 13:44:49,,7,3
207182166020004,247104588010661,2012,42,6,33,2572.0,1.0,1,ROMU,1,ROMU,1,2013-05-30 13:44:49,,7,3
207182167020004,247104588010661,2012,42,6,33,2572.0,2.0,1,ROMU,1,ROMU,2,2013-05-30 13:44:49,,7,3
207182168020004,247104588010661,2012,42,6,33,2572.0,4.0,1,ROMU,1,ROMU,13,2013-05-30 13:44:49,,7,3
207182267020004,247104592010661,2012,42,7,9,2242.0,1.0,1,ROPS,1,ROPS,10,2013-05-30 13:44:50,,7,3
207188770020004,247104261010661,2012,42,9,11,2310.0,2.0,1,AIAL,1,AIAL,1,2013-05-30 13:45:34,,7,3
207188771020004,247104261010661,2012,42,9,11,2310.0,3.0,1,AIAL,1,AIAL,1,2013-05-30 13:45:34,,7,3
1536628919290487,816545014290487,2022,42,6,27,20.0,1.0,1,ROMU,1,ROMU,4,2024-01-05 14:21:34,,9,1
1536628920290487,816545014290487,2022,42,6,27,20.0,1.0,2,ROMU,1,ROMU,1,2024-01-05 14:21:34,,9,1
1536628921290487,816545014290487,2022,42,6,27,20.0,2.0,1,ROMU,1,ROMU,1,2024-01-05 14:21:34,,9,1
1536628922290487,816545014290487,2022,42,6,27,20.0,4.0,2,ROMU,1,ROMU,1,2024-01-05 14:21:34,,9,1
1536629101290487,816545056290487,2022,42,9,11,176.0,1.0,1,ALPE4,1,ALPE4,1,2024-01-05 14:21:34,,9,1
1536629102290487,816545056290487,2022,42,9,11,176.0,2.0,1,ALPE4,1,ALPE4,3,2024-01-05 14:21:34,,9,1
1536629103290487,816545056290487,2022,42,9,11,176.0,2.0,1,BETH,1,BETH,1,2024-01-05 14:21:34,,9,1
1536629104290487,816545056290487,2022,42,9,11,176.0,1.0,1,CEOR7,1,CEOR7,1,2024-01-05 14:21:34,,9,1
1536629105290487,816545056290487,2022,42,9,11,176.0,2.0,1,CEOR7,1,CEOR7,1,2024-01-05 14:21:34,,9,1
1536629106290487,816545056290487,2022,42,9,11,176.0,1.0,1,LOJA,1,LOJA,1,2024-01-05 14:21:34,,9,1
1536629107290487,816545056290487,2022,42,9,11,176.0,2.0,1,LOJA,1,LOJA,2,2024-01-05 14:21:34,,9,1
1536629108290487,816545056290487,2022,42,9,11,176.0,1.0,1,MIVI,1,MIVI,2,2024-01-05 14:21:34,,9,1
1536629109290487,816545056290487,2022,42,9,11,176.0,2.0,1,MIVI,1,MIVI,1,2024-01-05 14:21:34,,9,1
1536629110290487,816545056290487,2022,42,9,11,176.0,1.0,1,ROMU,1,ROMU,1,2024-01-05 14:21:34,,9,1
1536629111290487,816545056290487,2022,42,9,11,176.0,2.0,1,ROMU,1,ROMU,11,2024-01-05 14:21:34,,9,1
1536629450290487,816545117290487,2022,42,0,57,630.0,3.0,2,ALPE4,1,ALPE4,8,2024-01-05 14:21:35,,9,1
1536629451290487,816545117290487,2022,42,0,57,630.0,3.0,2,BETH,1,BETH,1,2024-01-05 14:21:35,,9,1
1852478881290487,1287138166290487,2024,42,6,23,1596.0,1.0,1,BETH,1,BETH,72,2025-05-07 07:36:54,,9,3
1852478882290487,1287138166290487,2024,42,6,23,1596.0,2.0,1,BETH,1,BETH,40,2025-05-07 07:36:54,,9,3
1852478883290487,1287138166290487,2024,42,6,23,1596.0,3.0,1,BETH,1,BETH,60,2025-05-07 07:36:54,,9,3
1852478884290487,1287138166290487,2024,42,6,23,1596.0,4.0,1,BETH,1,BETH,2,2025-05-07 07:36:54,,9,3
1852478885290487,1287138166290487,2024,42,6,23,1596.0,1.0,1,LOMO2,1,LOMO2,1,2025-05-07 07:36:54,,9,3
1852478886290487,1287138166290487,2024,42,6,23,1596.0,3.0,1,LOMO2,1,LOMO2,3,2025-05-07 07:36:54,,9,3
1852478887290487,1287138166290487,2024,42,6,23,1596.0,1.0,1,MIVI,1,MIVI,5,2025-05-07 07:36:54,,9,3
1852478888290487,1287138166290487,2024,42,6,23,1596.0,2.0,1,MIVI,1,MIVI,23,2025-05-07 07:36:54,,9,3
1852478889290487,1287138166290487,2024,42,6,23,1596.0,3.0,1,MIVI,1,MIVI,8,2025-05-07 07:36:54,,9,3
1852478890290487,1287138166290487,2024,42,6,23,1596.0,1.0,1,ROMU,1,ROMU,2,2025-05-07 07:36:54,,9,3
1852478891290487,1287138166290487,2024,42,6,23,1596.0,2.0,1,ROMU,1,ROMU,1,2025-05-07 07:36:54,,9,3
1852478892290487,1287138166290487,2024,42,6,23,1596.0,3.0,1,ROMU,1,ROMU,1,2025-05-07 07:36:54,,9,3
1852479032290487,1287138216290487,2024,42,5,19,35.0,3.0,2,LIVU,1,LIVU,70,2025-05-07 07:36:54,,9,3
1852479033290487,1287138216290487,2024,42,5,19,35.0,3.0,2,LOMA6,1,LOMA6,10,2025-05-07 07:36:54,,9,3
1852479034290487,1287138216290487,2024,42,5,19,35.0,3.0,2,ROMU,1,ROMU,5,2025-05-07 07:36:54,,9,3
1852482109290487,1287138575290487,2024,42,8,89,1486.0,1.0,2,BETH,1,BETH,1,2025-05-07 07:37:03,,9,3
1852482110290487,1287138575290487,2024,42,8,89,1486.0,3.0,2,BETH,1,BETH,4,2025-05-07 07:37:03,,9,3
1852482111290487,1287138575290487,2024,42,8,89,1486.0,1.0,2,CEOR7,1,CEOR7,1,2025-05-07 07:37:03,,9,3
1852482112290487,1287138575290487,2024,42,8,89,1486.0,3.0,2,CEOR7,1,CEOR7,2,2025-05-07 07:37:03,,9,3
1852482113290487,1287138575290487,2024,42,8,89,1486.0,4.0,2,CEOR7,1,CEOR7,1,2025-05-07 07:37:03,,9,3
1852482114290487,1287138575290487,2024,42,8,89,1486.0,3.0,2,MIVI,1,MIVI,1,2025-05-07 07:37:03,,9,3
1852482115290487,1287138575290487,2024,42,8,89,1486.0,4.0,2,MIVI,1,MIVI,3,2025-05-07 07:37:03,,9,3
1852482116290487,1287138575290487,2024,42,8,89,1486.0,3.0,2,ROMU,1,ROMU,2,2025-05-07 07:37:03,,9,3
1852482117290487,1287138575290487,2024,42,8,89,1486.0,4.0,2,ROMU,1,ROMU,12,2025-05-07 07:37:03,,9,3
1852482228290487,1287138595290487,2024,42,9,77,131.0,3.0,2,ACPL,1,ACPL,45,2025-05-07 07:37:03,,9,3
1852482229290487,1287138595290487,2024,42,9,77,131.0,3.0,2,ALPE4,1,ALPE4,1,2025-05-07 07:37:03,,9,3
1852482230290487,1287138595290487,2024,42,9,77,131.0,3.0,2,BETH,1,BETH,2,2025-05-07 07:37:03,,9,3
1852482231290487,1287138595290487,2024,42,9,77,131.0,3.0,2,ELUM,1,ELUM,37,2025-05-07 07:37:03,,9,3
1852482232290487,1287138595290487,2024,42,9,77,131.0,3.0,2,LIVU,1,LIVU,1,2025-05-07 07:37:03,,9,3
1852482233290487,1287138595290487,2024,42,9,77,131.0,3.0,2,LOMA6,1,LOMA6,3,2025-05-07 07:37:03,,9,3
1852482234290487,1287138595290487,2024,42,9,77,131.0,3.0,2,LONIC,1,LONIC,1,2025-05-07 07:37:03,,9,3
1852482235290487,1287138595290487,2024,42,9,77,131.0,3.0,2,ROMU,1,ROMU,1,2025-05-07 07:37:03,,9,3
1852482236290487,1287138595290487,2024,42,9,77,131.0,3.0,2,ROPS,1,ROPS,15,2025-05-07 07:37:03,,9,3
1852479333290487,1287138340290487,2024,42,5,63,1181.0,4.0,2,ALPE4,1,ALPE4,1,2025-05-07 07:36:55,,9,3
1852479334290487,1287138340290487,2024,42,5,63,1181.0,4.0,2,MIVI,1,MIVI,1,2025-05-07 07:36:55,,9,3
1852476700290487,1287138044290487,2024,42,0,99,148.0,2.0,1,ALPE4,1,ALPE4,1,2025-05-07 07:36:42,,9,3
1852476701290487,1287138044290487,2024,42,0,99,148.0,4.0,1,ALPE4,1,ALPE4,3,2025-05-07 07:36:42,,9,3
1852476702290487,1287138044290487,2024,42,0,99,148.0,1.0,1,MIVI,1,MIVI,2,2025-05-07 07:36:42,,9,3
1852478880290487,1287138166290487,2024,42,6,23,1596.0,3.0,1,ALPE4,1,ALPE4,1,2025-05-07 07:36:54,,9,3
1852476703290487,1287138044290487,2024,42,0,99,148.0,2.0,1,MIVI,1,MIVI,15,2025-05-07 07:36:42,,9,3
1852476704290487,1287138044290487,2024,42,0,99,148.0,3.0,1,MIVI,1,MIVI,10,2025-05-07 07:36:42,,9,3
1852476705290487,1287138044290487,2024,42,0,99,148.0,4.0,1,MIVI,1,MIVI,40,2025-05-07 07:36:42,,9,3
1852479397290487,1287138387290487,2024,42,0,67,533.0,1.0,1,AIAL,1,AIAL,1,2025-05-07 07:36:55,,9,3
1852479398290487,1287138387290487,2024,42,0,67,533.0,2.0,1,AIAL,1,AIAL,1,2025-05-07 07:36:55,,9,3
1852479399290487,1287138387290487,2024,42,0,67,533.0,4.0,1,AIAL,1,AIAL,3,2025-05-07 07:36:55,,9,3
1852479400290487,1287138387290487,2024,42,0,67,533.0,1.0,1,ALPE4,1,ALPE4,1,2025-05-07 07:36:55,,9,3
1852479401290487,1287138387290487,2024,42,0,67,533.0,3.0,1,ALPE4,1,ALPE4,7,2025-05-07 07:36:55,,9,3
1852479402290487,1287138387290487,2024,42,0,67,533.0,4.0,1,ALPE4,1,ALPE4,2,2025-05-07 07:36:55,,9,3
1852479403290487,1287138387290487,2024,42,0,67,533.0,1.0,1,MIVI,1,MIVI,1,2025-05-07 07:36:55,,9,3
1852479404290487,1287138387290487,2024,42,0,67,533.0,3.0,1,MIVI,1,MIVI,5,2025-05-07 07:36:55,,9,3
1852479405290487,1287138387290487,2024,42,0,67,533.0,4.0,1,MIVI,1,MIVI,1,2025-05-07 07:36:55,,9,3
1852479406290487,1287138387290487,2024,42,0,67,533.0,4.0,1,PATO2,1,PATO2,14,2025-05-07 07:36:55,,9,3
1852479407290487,1287138387290487,2024,42,0,67,533.0,1.0,1,ROMU,1,ROMU,2,2025-05-07 07:36:55,,9,3
1852479408290487,1287138387290487,2024,42,0,67,533.0,2.0,1,ROMU,1,ROMU,1,2025-05-07 07:36:55,,9,3
1852479409290487,1287138387290487,2024,42,0,67,533.0,4.0,1,ROMU,1,ROMU,1,2025-05-07 07:36:55,,9,3
1852479410290487,1287138387290487,2024,42,0,67,533.0,4.0,1,ROPS,1,ROPS,1,2025-05-07 07:36:55,,9,3
1536628918290487,816545014290487,2022,42,6,27,20.0,4.0,2,LOMO2,1,LOMO2,3,2024-01-05 14:21:34,,9,1
1852479609290487,1287138492290487,2024,42,9,1,1343.0,4.0,2,AIAL,1,AIAL,6,2025-05-07 07:36:56,,9,3
1852479610290487,1287138492290487,2024,42,9,1,1343.0,4.0,2,ROMU,1,ROMU,3,2025-05-07 07:36:56,,9,3
1852479611290487,1287138492290487,2024,42,9,1,1343.0,4.0,2,ROPS,1,ROPS,7,2025-05-07 07:36:56,,9,3
1852479651290487,1287138497290487,2024,42,8,97,471.0,1.0,1,ELUM,1,ELUM,55,2025-05-07 07:36:56,,9,3
1852479652290487,1287138497290487,2024,42,8,97,471.0,2.0,1,ELUM,1,ELUM,5,2025-05-07 07:36:56,,9,3
1852479653290487,1287138497290487,2024,42,8,97,471.0,4.0,1,ELUM,1,ELUM,30,2025-05-07 07:36:56,,9,3
1852479654290487,1287138497290487,2024,42,8,97,471.0,1.0,1,LONIC,1,LONIC,12,2025-05-07 07:36:56,,9,3
1852479655290487,1287138497290487,2024,42,8,97,471.0,2.0,1,LONIC,1,LONIC,85,2025-05-07 07:36:56,,9,3
1852479656290487,1287138497290487,2024,42,8,97,471.0,4.0,1,LONIC,1,LONIC,25,2025-05-07 07:36:56,,9,3
1852479657290487,1287138497290487,2024,42,8,97,471.0,1.0,1,MIVI,1,MIVI,12,2025-05-07 07:36:56,,9,3
1852479658290487,1287138497290487,2024,42,8,97,471.0,2.0,1,MIVI,1,MIVI,55,2025-05-07 07:36:56,,9,3
1852479659290487,1287138497290487,2024,42,8,97,471.0,4.0,1,MIVI,1,MIVI,55,2025-05-07 07:36:56,,9,3
1852479660290487,1287138497290487,2024,42,8,97,471.0,2.0,1,ROMU,1,ROMU,1,2025-05-07 07:36:56,,9,3
1852479661290487,1287138497290487,2024,42,8,97,471.0,4.0,1,ROMU,1,ROMU,2,2025-05-07 07:36:56,,9,3
1852479662290487,1287138497290487,2024,42,8,97,471.0,4.0,1,ROPS,1,ROPS,65,2025-05-07 07:36:56,,9,3
1852477260290487,1287138225290487,2024,42,5,125,605.0,3.0,2,AIAL,1,AIAL,5,2025-05-07 07:36:48,,9,3
1852477261290487,1287138225290487,2024,42,5,125,605.0,3.0,2,ALPE4,1,ALPE4,10,2025-05-07 07:36:48,,9,3
1852477262290487,1287138225290487,2024,42,5,125,605.0,3.0,2,CEOR7,1,CEOR7,20,2025-05-07 07:36:48,,9,3
1852477263290487,1287138225290487,2024,42,5,125,605.0,3.0,2,LIVU,1,LIVU,30,2025-05-07 07:36:48,,9,3
1852477264290487,1287138225290487,2024,42,5,125,605.0,3.0,2,LOMO2,1,LOMO2,20,2025-05-07 07:36:48,,9,3
1852477265290487,1287138225290487,2024,42,5,125,605.0,3.0,2,ROMU,1,ROMU,20,2025-05-07 07:36:48,,9,3
1852477310290487,1287138253290487,2024,42,5,19,536.0,3.0,1,ALPE4,1,ALPE4,1,2025-05-07 07:36:48,,9,3
1852477311290487,1287138253290487,2024,42,5,19,536.0,1.0,1,LOMA6,1,LOMA6,1,2025-05-07 07:36:48,,9,3
1852477312290487,1287138253290487,2024,42,5,19,536.0,2.0,1,LOMA6,1,LOMA6,1,2025-05-07 07:36:48,,9,3
1852477313290487,1287138253290487,2024,42,5,19,536.0,3.0,1,LOMA6,1,LOMA6,3,2025-05-07 07:36:48,,9,3
1852477314290487,1287138253290487,2024,42,5,19,536.0,1.0,1,ROMU,1,ROMU,3,2025-05-07 07:36:48,,9,3
1958350426290487,1543502218290487,2025,42,8,89,1491.0,2.0,1,ALPE4,1,ALPE4,1,2026-04-29 15:40:36,,9,4
1958350427290487,1543502218290487,2025,42,8,89,1491.0,4.0,1,ALPE4,1,ALPE4,6,2026-04-29 15:40:36,,9,4
1958350428290487,1543502218290487,2025,42,8,89,1491.0,1.0,1,BETH,1,BETH,4,2026-04-29 15:40:36,,9,4
1958350429290487,1543502218290487,2025,42,8,89,1491.0,2.0,1,BETH,1,BETH,2,2026-04-29 15:40:36,,9,4
1958350430290487,1543502218290487,2025,42,8,89,1491.0,4.0,1,BETH,1,BETH,9,2026-04-29 15:40:36,,9,4
207185221020004,247104783010661,2012,42,0,55,2750.0,1.0,1,ROMU,1,ROMU,15,2013-05-30 13:45:10,,7,3
207185222020004,247104783010661,2012,42,0,55,2750.0,3.0,1,ROMU,1,ROMU,10,2013-05-30 13:45:10,,7,3
207185223020004,247104783010661,2012,42,0,55,2750.0,3.0,1,ROPS,1,ROPS,15,2013-05-30 13:45:10,,7,3
207185224020004,247104783010661,2012,42,0,55,2750.0,4.0,1,ROPS,1,ROPS,25,2013-05-30 13:45:10,,7,3
207191695020004,247104275010661,2012,42,5,49,1955.0,1.0,1,CEOR7,1,CEOR7,2,2013-05-30 13:45:52,,7,3
207191696020004,247104275010661,2012,42,5,49,1955.0,2.0,1,CEOR7,1,CEOR7,1,2013-05-30 13:45:52,,7,3
207191697020004,247104275010661,2012,42,5,49,1955.0,4.0,1,CEOR7,1,CEOR7,2,2013-05-30 13:45:52,,7,3
207191698020004,247104275010661,2012,42,5,49,1955.0,1.0,1,ROMU,1,ROMU,1,2013-05-30 13:45:52,,7,3
207191699020004,247104275010661,2012,42,5,49,1955.0,4.0,1,ROMU,1,ROMU,6,2013-05-30 13:45:52,,7,3
207191700020004,247104275010661,2012,42,5,49,1955.0,2.0,1,ROPS,1,ROPS,7,2013-05-30 13:45:52,,7,3
207191873020004,247104351010661,2012,42,5,39,2187.0,3.0,1,ALPE4,1,ALPE4,1,2013-05-30 13:45:54,,7,3
207191874020004,247104351010661,2012,42,5,39,2187.0,4.0,1,ALPE4,1,ALPE4,1,2013-05-30 13:45:54,,7,3
207191875020004,247104351010661,2012,42,5,39,2187.0,3.0,1,LOMO2,1,LOMO2,1,2013-05-30 13:45:54,,7,3
207191876020004,247104351010661,2012,42,5,39,2187.0,1.0,1,ROMU,1,ROMU,3,2013-05-30 13:45:54,,7,3
207191877020004,247104351010661,2012,42,5,39,2187.0,2.0,1,ROMU,1,ROMU,9,2013-05-30 13:45:54,,7,3
207191878020004,247104351010661,2012,42,5,39,2187.0,3.0,1,ROMU,1,ROMU,55,2013-05-30 13:45:54,,7,3
207191879020004,247104351010661,2012,42,5,39,2187.0,4.0,1,ROMU,1,ROMU,40,2013-05-30 13:45:54,,7,3
207192012020004,247104374010661,2012,42,5,3,2918.0,3.0,2,ALPE4,1,ALPE4,60,2013-05-30 13:45:54,,7,3
207192013020004,247104374010661,2012,42,5,3,2918.0,3.0,2,BETH,1,BETH,5,2013-05-30 13:45:54,,7,3
207192014020004,247104374010661,2012,42,5,3,2918.0,3.0,2,CEOR7,1,CEOR7,5,2013-05-30 13:45:54,,7,3
207192015020004,247104374010661,2012,42,5,3,2918.0,3.0,2,LIVU,1,LIVU,7,2013-05-30 13:45:54,,7,3
207192016020004,247104374010661,2012,42,5,3,2918.0,3.0,2,LOJA,1,LOJA,50,2013-05-30 13:45:54,,7,3
207192017020004,247104374010661,2012,42,5,3,2918.0,3.0,2,LOMO2,1,LOMO2,30,2013-05-30 13:45:54,,7,3
207192018020004,247104374010661,2012,42,5,3,2918.0,3.0,2,MIVI,1,MIVI,5,2013-05-30 13:45:54,,7,3
207192019020004,247104374010661,2012,42,5,3,2918.0,3.0,2,ROMU,1,ROMU,25,2013-05-30 13:45:54,,7,3
207192059020004,247104379010661,2012,42,5,3,2460.0,2.0,2,ALPE4,1,ALPE4,75,2013-05-30 13:45:54,,7,3
207192235020004,247104434010661,2012,42,6,31,2175.0,4.0,1,CIAR4,1,CIAR4,1,2013-05-30 13:45:55,,7,3
207179069020004,247105039010661,2012,42,8,25,2231.0,1.0,1,BETH,1,BETH,1,2013-05-30 13:44:26,,7,3
207179070020004,247105039010661,2012,42,8,25,2231.0,2.0,1,BETH,1,BETH,2,2013-05-30 13:44:26,,7,3
207192381020004,247104469010661,2012,42,6,65,2007.0,1.0,1,ROMU,1,ROMU,33,2013-05-30 13:45:56,,7,3
207192382020004,247104469010661,2012,42,6,65,2007.0,2.0,1,ROMU,1,ROMU,1,2013-05-30 13:45:56,,7,3
207192383020004,247104469010661,2012,42,6,65,2007.0,4.0,1,ROMU,1,ROMU,1,2013-05-30 13:45:56,,7,3
207192491020004,247104489010661,2012,42,5,129,2903.0,2.0,1,BETH,1,BETH,3,2013-05-30 13:45:56,,7,3
207192492020004,247104489010661,2012,42,5,129,2903.0,3.0,1,LOJA,1,LOJA,1,2013-05-30 13:45:56,,7,3
207192493020004,247104489010661,2012,42,5,129,2903.0,1.0,1,MIVI,1,MIVI,2,2013-05-30 13:45:56,,7,3
207192494020004,247104489010661,2012,42,5,129,2903.0,2.0,1,MIVI,1,MIVI,5,2013-05-30 13:45:56,,7,3
207192495020004,247104489010661,2012,42,5,129,2903.0,3.0,1,MIVI,1,MIVI,7,2013-05-30 13:45:56,,7,3
207192496020004,247104489010661,2012,42,5,129,2903.0,4.0,1,MIVI,1,MIVI,2,2013-05-30 13:45:56,,7,3
207192497020004,247104489010661,2012,42,5,129,2903.0,1.0,1,ROMU,1,ROMU,5,2013-05-30 13:45:56,,7,3
207192498020004,247104489010661,2012,42,5,129,2903.0,2.0,1,ROMU,1,ROMU,1,2013-05-30 13:45:56,,7,3
207192499020004,247104489010661,2012,42,5,129,2903.0,3.0,1,ROMU,1,ROMU,15,2013-05-30 13:45:56,,7,3
207192669020004,247104563010661,2012,42,7,21,2779.0,2.0,1,ALPE4,1,ALPE4,2,2013-05-30 13:45:58,,7,3
207192670020004,247104563010661,2012,42,7,21,2779.0,3.0,1,ALPE4,1,ALPE4,1,2013-05-30 13:45:58,,7,3
207192671020004,247104563010661,2012,42,7,21,2779.0,3.0,1,ROMU,1,ROMU,1,2013-05-30 13:45:58,,7,3
207192767020004,247104571010661,2012,42,7,111,2122.0,1.0,1,ROPS,1,ROPS,3,2013-05-30 13:45:58,,7,3
207192768020004,247104571010661,2012,42,7,111,2122.0,2.0,1,ROPS,1,ROPS,3,2013-05-30 13:45:58,,7,3
207192769020004,247104571010661,2012,42,7,111,2122.0,3.0,1,ROPS,1,ROPS,25,2013-05-30 13:45:58,,7,3
207192770020004,247104571010661,2012,42,7,111,2122.0,4.0,1,ROPS,1,ROPS,4,2013-05-30 13:45:58,,7,3
207179224020004,247105130010661,2012,42,7,9,2000.0,3.0,2,ALPE4,1,ALPE4,6,2013-05-30 13:44:27,,7,3
207179225020004,247105130010661,2012,42,7,9,2000.0,3.0,2,CEOR7,1,CEOR7,5,2013-05-30 13:44:27,,7,3
207179226020004,247105130010661,2012,42,7,9,2000.0,3.0,2,HEMA3,1,HEMA3,3,2013-05-30 13:44:27,,7,3
207179227020004,247105130010661,2012,42,7,9,2000.0,3.0,2,LIVU,1,LIVU,5,2013-05-30 13:44:27,,7,3
207179228020004,247105130010661,2012,42,7,9,2000.0,3.0,2,LOMO2,1,LOMO2,10,2013-05-30 13:44:27,,7,3
207179229020004,247105130010661,2012,42,7,9,2000.0,3.0,2,ROMU,1,ROMU,10,2013-05-30 13:44:27,,7,3
207179230020004,247105130010661,2012,42,7,9,2000.0,3.0,2,ROPS,1,ROPS,2,2013-05-30 13:44:27,,7,3
207179278020004,247105157010661,2012,42,5,7,2423.0,1.0,1,ALPE4,1,ALPE4,6,2013-05-30 13:44:27,,7,3
207179279020004,247105157010661,2012,42,5,7,2423.0,2.0,1,ALPE4,1,ALPE4,18,2013-05-30 13:44:27,,7,3
207179280020004,247105157010661,2012,42,5,7,2423.0,3.0,1,ALPE4,1,ALPE4,2,2013-05-30 13:44:27,,7,3
207179281020004,247105157010661,2012,42,5,7,2423.0,4.0,1,ALPE4,1,ALPE4,2,2013-05-30 13:44:27,,7,3
207179282020004,247105157010661,2012,42,5,7,2423.0,3.0,1,BETH,1,BETH,1,2013-05-30 13:44:27,,7,3
207179470020004,247104272010661,2012,42,5,73,2584.0,1.0,1,FRAL4,1,FRAL4,95,2013-05-30 13:44:30,,7,3
207179471020004,247104272010661,2012,42,5,73,2584.0,2.0,1,FRAL4,1,FRAL4,95,2013-05-30 13:44:30,,7,3
207179472020004,247104272010661,2012,42,5,73,2584.0,3.0,1,FRAL4,1,FRAL4,15,2013-05-30 13:44:30,,7,3
207179473020004,247104272010661,2012,42,5,73,2584.0,4.0,1,FRAL4,1,FRAL4,50,2013-05-30 13:44:30,,7,3
207179474020004,247104272010661,2012,42,5,73,2584.0,1.0,1,LOMO2,1,LOMO2,1,2013-05-30 13:44:30,,7,3
207179475020004,247104272010661,2012,42,5,73,2584.0,2.0,1,LOMO2,1,LOMO2,1,2013-05-30 13:44:30,,7,3
207179476020004,247104272010661,2012,42,5,73,2584.0,4.0,1,LOMO2,1,LOMO2,1,2013-05-30 13:44:30,,7,3
207179477020004,247104272010661,2012,42,5,73,2584.0,2.0,1,ROMU,1,ROMU,3,2013-05-30 13:44:30,,7,3
207179478020004,247104272010661,2012,42,5,73,2584.0,3.0,1,ROMU,1,ROMU,5,2013-05-30 13:44:30,,7,3
44610628020004,222095740010661,2011,42,8,15,900.0,4.0,1,CIAR4,1,CIAR4,1,2012-06-25 13:16:35,,7,2
44610629020004,222095740010661,2011,42,8,15,900.0,4.0,1,ELUM,1,ELUM,1,2012-06-25 13:16:35,,7,2
44610630020004,222095740010661,2011,42,8,15,900.0,1.0,1,ROMU,1,ROMU,1,2012-06-25 13:16:35,,7,2
44610631020004,222095740010661,2011,42,8,15,900.0,2.0,1,ROMU,1,ROMU,10,2012-06-25 13:16:35,,7,2
44610632020004,222095740010661,2011,42,8,15,900.0,4.0,1,ROMU,1,ROMU,10,2012-06-25 13:16:35,,7,2
44610633020004,222095740010661,2011,42,8,15,900.0,1.0,1,ROPS,1,ROPS,1,2012-06-25 13:16:35,,7,2
44610634020004,222095740010661,2011,42,8,15,900.0,2.0,1,ROPS,1,ROPS,99,2012-06-25 13:16:35,,7,2
44610635020004,222095740010661,2011,42,8,15,900.0,3.0,1,ROPS,1,ROPS,23,2012-06-25 13:16:35,,7,2
44608363020004,222094750010661,2011,42,9,29,1565.0,2.0,2,ACPL,1,ACPL,55,2012-06-25 13:15:26,,7,2
44608364020004,222094750010661,2011,42,9,29,1565.0,2.0,2,CEOR7,1,CEOR7,4,2012-06-25 13:15:26,,7,2
44608365020004,222094750010661,2011,42,9,29,1565.0,2.0,2,LOJA,1,LOJA,4,2012-06-25 13:15:26,,7,2
44608366020004,222094750010661,2011,42,9,29,1565.0,2.0,2,MIVI,1,MIVI,1,2012-06-25 13:15:26,,7,2
44608367020004,222094750010661,2011,42,9,29,1565.0,2.0,2,ROMU,1,ROMU,3,2012-06-25 13:15:26,,7,2
44610682020004,222095762010661,2011,42,6,81,742.0,3.0,1,LOMO2,1,LOMO2,1,2012-06-25 13:16:37,,7,2
44610683020004,222095762010661,2011,42,6,81,742.0,4.0,1,LOMO2,1,LOMO2,9,2012-06-25 13:16:37,,7,2
44610684020004,222095762010661,2011,42,6,81,742.0,4.0,1,ROMU,1,ROMU,2,2012-06-25 13:16:37,,7,2
44610730020004,222095784010661,2011,42,0,55,1421.0,1.0,1,AIAL,1,AIAL,1,2012-06-25 13:16:38,,7,2
44610731020004,222095784010661,2011,42,0,55,1421.0,4.0,1,AIAL,1,AIAL,10,2012-06-25 13:16:38,,7,2
44610732020004,222095784010661,2011,42,0,55,1421.0,1.0,1,ALPE4,1,ALPE4,20,2012-06-25 13:16:38,,7,2
44610733020004,222095784010661,2011,42,0,55,1421.0,3.0,1,ALPE4,1,ALPE4,40,2012-06-25 13:16:38,,7,2
44610734020004,222095784010661,2011,42,0,55,1421.0,4.0,1,ALPE4,1,ALPE4,30,2012-06-25 13:16:38,,7,2
44610735020004,222095784010661,2011,42,0,55,1421.0,1.0,1,CEOR7,1,CEOR7,30,2012-06-25 13:16:38,,7,2
44610736020004,222095784010661,2011,42,0,55,1421.0,3.0,1,CEOR7,1,CEOR7,10,2012-06-25 13:16:38,,7,2
44610737020004,222095784010661,2011,42,0,55,1421.0,4.0,1,CEOR7,1,CEOR7,20,2012-06-25 13:16:38,,7,2
44610738020004,222095784010661,2011,42,0,55,1421.0,1.0,1,ELUM,1,ELUM,50,2012-06-25 13:16:38,,7,2
44610739020004,222095784010661,2011,42,0,55,1421.0,3.0,1,ELUM,1,ELUM,30,2012-06-25 13:16:38,,7,2
44610740020004,222095784010661,2011,42,0,55,1421.0,4.0,1,ELUM,1,ELUM,40,2012-06-25 13:16:38,,7,2
44610741020004,222095784010661,2011,42,0,55,1421.0,3.0,1,LOJA,1,LOJA,1,2012-06-25 13:16:38,,7,2
44610742020004,222095784010661,2011,42,0,55,1421.0,1.0,1,LOMA6,1,LOMA6,1,2012-06-25 13:16:38,,7,2
44610743020004,222095784010661,2011,42,0,55,1421.0,3.0,1,LOMA6,1,LOMA6,1,2012-06-25 13:16:38,,7,2
44610744020004,222095784010661,2011,42,0,55,1421.0,4.0,1,LOMA6,1,LOMA6,10,2012-06-25 13:16:38,,7,2
44610745020004,222095784010661,2011,42,0,55,1421.0,1.0,1,LOMO2,1,LOMO2,1,2012-06-25 13:16:38,,7,2
44610746020004,222095784010661,2011,42,0,55,1421.0,1.0,1,MIVI,1,MIVI,30,2012-06-25 13:16:38,,7,2
44610747020004,222095784010661,2011,42,0,55,1421.0,1.0,1,ROMU,1,ROMU,10,2012-06-25 13:16:38,,7,2
44610748020004,222095784010661,2011,42,0,55,1421.0,3.0,1,ROMU,1,ROMU,40,2012-06-25 13:16:38,,7,2
44610749020004,222095784010661,2011,42,0,55,1421.0,4.0,1,ROMU,1,ROMU,10,2012-06-25 13:16:38,,7,2
44610750020004,222095784010661,2011,42,0,55,1421.0,1.0,1,ROPS,1,ROPS,10,2012-06-25 13:16:38,,7,2
44610751020004,222095784010661,2011,42,0,55,1421.0,4.0,1,ROPS,1,ROPS,1,2012-06-25 13:16:38,,7,2
44610792020004,222095804010661,2011,42,0,109,747.0,2.0,2,LOMA6,1,LOMA6,90,2012-06-25 13:16:39,,7,2
44610793020004,222095804010661,2011,42,0,109,747.0,2.0,2,ROMU,1,ROMU,1,2012-06-25 13:16:39,,7,2
44607321020004,222096338010661,2011,42,9,11,1639.0,2.0,2,ACPL,1,ACPL,13,2012-06-25 13:14:52,,7,2
44607322020004,222096338010661,2011,42,9,11,1639.0,2.0,2,AIAL,1,AIAL,20,2012-06-25 13:14:52,,7,2
44607323020004,222096338010661,2011,42,9,11,1639.0,2.0,2,LOJA,1,LOJA,58,2012-06-25 13:14:52,,7,2
207178553020004,247104815010661,2012,42,6,81,2274.0,3.0,1,ALPE4,1,ALPE4,2,2013-05-30 13:44:22,,7,3
207178554020004,247104815010661,2012,42,6,81,2274.0,4.0,1,ALPE4,1,ALPE4,1,2013-05-30 13:44:22,,7,3
207178555020004,247104815010661,2012,42,6,81,2274.0,2.0,1,BETH,1,BETH,2,2013-05-30 13:44:22,,7,3
207178556020004,247104815010661,2012,42,6,81,2274.0,3.0,1,BETH,1,BETH,2,2013-05-30 13:44:22,,7,3
207178557020004,247104815010661,2012,42,6,81,2274.0,4.0,1,BETH,1,BETH,4,2013-05-30 13:44:22,,7,3
207178558020004,247104815010661,2012,42,6,81,2274.0,2.0,1,LIVU,1,LIVU,2,2013-05-30 13:44:22,,7,3
207178559020004,247104815010661,2012,42,6,81,2274.0,1.0,1,LOMA6,1,LOMA6,3,2013-05-30 13:44:22,,7,3
207178560020004,247104815010661,2012,42,6,81,2274.0,2.0,1,LOMA6,1,LOMA6,18,2013-05-30 13:44:22,,7,3
207178561020004,247104815010661,2012,42,6,81,2274.0,3.0,1,LOMA6,1,LOMA6,7,2013-05-30 13:44:22,,7,3
207178562020004,247104815010661,2012,42,6,81,2274.0,4.0,1,LOMA6,1,LOMA6,34,2013-05-30 13:44:22,,7,3
207178563020004,247104815010661,2012,42,6,81,2274.0,1.0,1,LOMO2,1,LOMO2,12,2013-05-30 13:44:22,,7,3
207178564020004,247104815010661,2012,42,6,81,2274.0,2.0,1,LOMO2,1,LOMO2,5,2013-05-30 13:44:22,,7,3
207178565020004,247104815010661,2012,42,6,81,2274.0,3.0,1,LOMO2,1,LOMO2,2,2013-05-30 13:44:22,,7,3
207178566020004,247104815010661,2012,42,6,81,2274.0,1.0,1,POCU6,1,POCU6,7,2013-05-30 13:44:22,,7,3
207178567020004,247104815010661,2012,42,6,81,2274.0,2.0,1,POCU6,1,POCU6,3,2013-05-30 13:44:22,,7,3
207178568020004,247104815010661,2012,42,6,81,2274.0,3.0,1,POCU6,1,POCU6,4,2013-05-30 13:44:22,,7,3
207178569020004,247104815010661,2012,42,6,81,2274.0,4.0,1,POCU6,1,POCU6,2,2013-05-30 13:44:22,,7,3
207178570020004,247104815010661,2012,42,6,81,2274.0,1.0,1,ROMU,1,ROMU,20,2013-05-30 13:44:22,,7,3
207178571020004,247104815010661,2012,42,6,81,2274.0,2.0,1,ROMU,1,ROMU,16,2013-05-30 13:44:22,,7,3
207178572020004,247104815010661,2012,42,6,81,2274.0,3.0,1,ROMU,1,ROMU,16,2013-05-30 13:44:22,,7,3
207178573020004,247104815010661,2012,42,6,81,2274.0,4.0,1,ROMU,1,ROMU,26,2013-05-30 13:44:22,,7,3
207178574020004,247104815010661,2012,42,6,81,2274.0,1.0,1,ROPS,1,ROPS,11,2013-05-30 13:44:22,,7,3
207178575020004,247104815010661,2012,42,6,81,2274.0,4.0,1,ROPS,1,ROPS,1,2013-05-30 13:44:22,,7,3
207185212020004,247104783010661,2012,42,0,55,2750.0,3.0,1,ACPL,1,ACPL,3,2013-05-30 13:45:10,,7,3
207185213020004,247104783010661,2012,42,0,55,2750.0,1.0,1,ALPE4,1,ALPE4,3,2013-05-30 13:45:10,,7,3
207185214020004,247104783010661,2012,42,0,55,2750.0,3.0,1,ALPE4,1,ALPE4,20,2013-05-30 13:45:10,,7,3
207185215020004,247104783010661,2012,42,0,55,2750.0,4.0,1,ALPE4,1,ALPE4,5,2013-05-30 13:45:10,,7,3
207185216020004,247104783010661,2012,42,0,55,2750.0,1.0,1,CIAR4,1,CIAR4,1,2013-05-30 13:45:10,,7,3
207185217020004,247104783010661,2012,42,0,55,2750.0,4.0,1,CIAR4,1,CIAR4,3,2013-05-30 13:45:10,,7,3
207185218020004,247104783010661,2012,42,0,55,2750.0,1.0,1,LOJA,1,LOJA,35,2013-05-30 13:45:10,,7,3
207185219020004,247104783010661,2012,42,0,55,2750.0,3.0,1,LOJA,1,LOJA,10,2013-05-30 13:45:10,,7,3
44610627020004,222095740010661,2011,42,8,15,900.0,3.0,1,CIAR4,1,CIAR4,1,2012-06-25 13:16:35,,7,2
207185220020004,247104783010661,2012,42,0,55,2750.0,1.0,1,MIVI,1,MIVI,25,2013-05-30 13:45:10,,7,3
207179479020004,247104272010661,2012,42,5,73,2584.0,4.0,1,ROMU,1,ROMU,10,2013-05-30 13:44:30,,7,3
207179613020004,247104291010661,2012,42,5,85,2468.0,2.0,2,ROMU,1,ROMU,4,2013-05-30 13:44:30,,7,3
207179654020004,247104303010661,2012,42,5,7,2334.0,1.0,1,ALPE4,1,ALPE4,9,2013-05-30 13:44:31,,7,3
207179655020004,247104303010661,2012,42,5,7,2334.0,2.0,1,ALPE4,1,ALPE4,1,2013-05-30 13:44:31,,7,3
207179656020004,247104303010661,2012,42,5,7,2334.0,3.0,1,ALPE4,1,ALPE4,5,2013-05-30 13:44:31,,7,3
207179657020004,247104303010661,2012,42,5,7,2334.0,4.0,1,ALPE4,1,ALPE4,3,2013-05-30 13:44:31,,7,3
207179658020004,247104303010661,2012,42,5,7,2334.0,1.0,1,BETH,1,BETH,2,2013-05-30 13:44:31,,7,3
207179659020004,247104303010661,2012,42,5,7,2334.0,1.0,1,LONIC,1,LONIC,2,2013-05-30 13:44:31,,7,3
207179660020004,247104303010661,2012,42,5,7,2334.0,2.0,1,LONIC,1,LONIC,2,2013-05-30 13:44:31,,7,3
207179661020004,247104303010661,2012,42,5,7,2334.0,3.0,1,LONIC,1,LONIC,15,2013-05-30 13:44:31,,7,3
207179662020004,247104303010661,2012,42,5,7,2334.0,4.0,1,LONIC,1,LONIC,5,2013-05-30 13:44:31,,7,3
207179663020004,247104303010661,2012,42,5,7,2334.0,1.0,1,ROMU,1,ROMU,2,2013-05-30 13:44:31,,7,3
207179664020004,247104303010661,2012,42,5,7,2334.0,2.0,1,ROMU,1,ROMU,1,2013-05-30 13:44:31,,7,3
207179665020004,247104303010661,2012,42,5,7,2334.0,3.0,1,ROMU,1,ROMU,2,2013-05-30 13:44:31,,7,3
207179666020004,247104303010661,2012,42,5,7,2334.0,2.0,1,ROPS,1,ROPS,10,2013-05-30 13:44:31,,7,3
207179667020004,247104303010661,2012,42,5,7,2334.0,3.0,1,ROPS,1,ROPS,5,2013-05-30 13:44:31,,7,3
207185756020004,247105147010661,2012,42,5,59,2284.0,1.0,1,ALPE4,1,ALPE4,15,2013-05-30 13:45:14,,7,3
207185757020004,247105147010661,2012,42,5,59,2284.0,2.0,1,ALPE4,1,ALPE4,35,2013-05-30 13:45:14,,7,3
207185758020004,247105147010661,2012,42,5,59,2284.0,4.0,1,ALPE4,1,ALPE4,24,2013-05-30 13:45:14,,7,3
207185759020004,247105147010661,2012,42,5,59,2284.0,2.0,1,HEHE,1,HEHE,1,2013-05-30 13:45:14,,7,3
207185760020004,247105147010661,2012,42,5,59,2284.0,1.0,1,MIVI,1,MIVI,11,2013-05-30 13:45:14,,7,3
207185761020004,247105147010661,2012,42,5,59,2284.0,2.0,1,MIVI,1,MIVI,2,2013-05-30 13:45:14,,7,3
207185762020004,247105147010661,2012,42,5,59,2284.0,3.0,1,MIVI,1,MIVI,20,2013-05-30 13:45:14,,7,3
207185763020004,247105147010661,2012,42,5,59,2284.0,4.0,1,MIVI,1,MIVI,7,2013-05-30 13:45:14,,7,3
207193196020004,247104699010661,2012,42,6,117,2639.0,4.0,2,ALPE4,1,ALPE4,6,2013-05-30 13:46:01,,7,3
207193197020004,247104699010661,2012,42,6,117,2639.0,4.0,2,LOMO2,1,LOMO2,18,2013-05-30 13:46:01,,7,3
207193198020004,247104699010661,2012,42,6,117,2639.0,4.0,2,RHCA3,1,RHCA3,8,2013-05-30 13:46:01,,7,3
207193199020004,247104699010661,2012,42,6,117,2639.0,4.0,2,ROMU,1,ROMU,26,2013-05-30 13:46:01,,7,3
207193296020004,247104882010661,2012,42,8,97,2133.0,3.0,2,ALPE4,1,ALPE4,3,2013-05-30 13:46:03,,7,3
207193297020004,247104882010661,2012,42,8,97,2133.0,3.0,2,BETH,1,BETH,4,2013-05-30 13:46:03,,7,3
207193298020004,247104882010661,2012,42,8,97,2133.0,3.0,2,ROMU,1,ROMU,8,2013-05-30 13:46:03,,7,3
152864897020004,145021259010661,2009,42,5,63,5004.0,2.0,1,BETH,1,BETH,1,2012-12-07 10:11:50,,6,5
226330343010661,145020399010661,2009,42,6,33,4833.0,2.0,1,LOMO2,1,LOMO2,1,2010-06-08 09:56:34,2012-02-28 07:12:09,6,5
226330344010661,145020399010661,2009,42,6,33,4833.0,4.0,1,LOMO2,1,LOMO2,1,2010-06-08 09:56:34,2012-02-28 07:12:09,6,5
226330378010661,145020415010661,2009,42,7,13,4053.0,2.0,2,LOMA6,1,LOMA6,30,2010-06-08 09:56:35,2012-02-28 07:14:25,6,5
226330379010661,145020415010661,2009,42,7,13,4053.0,2.0,2,ROMU,1,ROMU,10,2010-06-08 09:56:35,2012-02-28 07:13:03,6,5
152864610020004,145020449010661,2009,42,7,111,4888.0,2.0,1,BETH,1,BETH,4,2012-12-07 10:11:48,,6,5
152864611020004,145020449010661,2009,42,7,111,4888.0,4.0,1,ROMU,1,ROMU,1,2012-12-07 10:11:48,,6,5
152864612020004,145020449010661,2009,42,7,111,4888.0,3.0,1,ROMU,1,ROMU,1,2012-12-07 10:11:48,,6,5
152864613020004,145020449010661,2009,42,7,111,4888.0,2.0,1,ROMU,1,ROMU,1,2012-12-07 10:11:48,,6,5
152864614020004,145020449010661,2009,42,7,111,4888.0,1.0,1,ROMU,1,ROMU,8,2012-12-07 10:11:48,,6,5
152864615020004,145020449010661,2009,42,7,111,4888.0,4.0,1,ROPS,1,ROPS,1,2012-12-07 10:11:48,,6,5
152864616020004,145020449010661,2009,42,7,111,4888.0,2.0,1,ROPS,1,ROPS,3,2012-12-07 10:11:48,,6,5
152864617020004,145020449010661,2009,42,7,111,4888.0,1.0,1,ROPS,1,ROPS,10,2012-12-07 10:11:48,,6,5
226330504010661,145020473010661,2009,42,6,33,3816.0,2.0,1,ROMU,1,ROMU,5,2010-06-08 09:56:38,2012-02-28 07:14:25,6,5
226330505010661,145020473010661,2009,42,6,33,3816.0,4.0,1,ROMU,1,ROMU,5,2010-06-08 09:56:38,2012-02-28 07:14:25,6,5
226330581010661,145020505010661,2009,42,7,111,5226.0,4.0,1,ELUM,1,ELUM,5,2010-06-08 09:56:39,2012-02-28 07:14:25,6,5
226330582010661,145020505010661,2009,42,7,111,5226.0,4.0,1,ROPS,1,ROPS,5,2010-06-08 09:56:39,2012-02-28 07:14:56,6,5
226327025010661,145019955010661,2009,42,0,99,4197.0,2.0,1,ROMU,1,ROMU,2,2010-06-08 09:55:27,2012-02-28 07:12:40,6,5
226327023010661,145019955010661,2009,42,0,99,4197.0,3.0,1,MIVI,1,MIVI,7,2010-06-08 09:55:27,2012-02-28 07:14:28,6,5
226327024010661,145019955010661,2009,42,0,99,4197.0,4.0,1,MIVI,1,MIVI,5,2010-06-08 09:55:27,2012-02-28 07:14:28,6,5
152864732020004,145019959010661,2009,42,0,43,3835.0,3.0,2,LIVU,1,LIVU,1,2012-12-07 10:11:49,,6,5
152864733020004,145019959010661,2009,42,0,43,3835.0,3.0,2,LOJA,1,LOJA,1,2012-12-07 10:11:49,,6,5
152864734020004,145019959010661,2009,42,0,43,3835.0,3.0,2,MIVI,1,MIVI,2,2012-12-07 10:11:49,,6,5
152864735020004,145019959010661,2009,42,0,43,3835.0,3.0,2,PHAR3,1,PHAR3,12,2012-12-07 10:11:49,,6,5
152864736020004,145019959010661,2009,42,0,43,3835.0,3.0,2,ROMU,1,ROMU,4,2012-12-07 10:11:49,,6,5
152864791020004,145019959010661,2009,42,0,43,3835.0,3.0,2,ALPE4,1,ALPE4,1,2012-12-07 10:11:49,,6,5
152864792020004,145019959010661,2009,42,0,43,3835.0,3.0,2,CEOR7,1,CEOR7,4,2012-12-07 10:11:49,,6,5
226327153010661,145020015010661,2009,42,6,81,3263.0,3.0,2,BETH,1,BETH,2,2010-06-08 09:55:30,2012-02-28 07:14:28,6,5
226327155010661,145020015010661,2009,42,6,81,3263.0,3.0,2,CEOR7,1,CEOR7,1,2010-06-08 09:55:30,2012-02-28 07:13:59,6,5
226327156010661,145020015010661,2009,42,6,81,3263.0,3.0,2,ELUM,1,ELUM,6,2010-06-08 09:55:30,2012-02-28 07:11:47,6,5
226327159010661,145020015010661,2009,42,6,81,3263.0,3.0,2,ROMU,1,ROMU,1,2010-06-08 09:55:30,2012-02-28 07:14:59,6,5
226327152010661,145020015010661,2009,42,6,81,3263.0,4.0,2,ALPE4,1,ALPE4,1,2010-06-08 09:55:30,2012-02-28 07:12:40,6,5
226327154010661,145020015010661,2009,42,6,81,3263.0,4.0,2,BETH,1,BETH,1,2010-06-08 09:55:30,2012-02-28 07:14:28,6,5
226327157010661,145020015010661,2009,42,6,81,3263.0,4.0,2,ELUM,1,ELUM,1,2010-06-08 09:55:30,2012-02-28 07:11:47,6,5
226327158010661,145020015010661,2009,42,6,81,3263.0,4.0,2,MIVI,1,MIVI,5,2010-06-08 09:55:30,2012-02-28 07:13:58,6,5
226327395010661,145020123010661,2009,42,6,27,3678.0,4.0,2,ALPE4,1,ALPE4,10,2010-06-08 09:55:36,2012-02-28 07:13:04,6,5
226327396010661,145020123010661,2009,42,6,27,3678.0,4.0,2,BETH,1,BETH,1,2010-06-08 09:55:36,2012-02-28 07:12:10,6,5
226327397010661,145020123010661,2009,42,6,27,3678.0,4.0,2,ELAN,1,ELAN,10,2010-06-08 09:55:36,2012-02-28 07:14:57,6,5
226327398010661,145020123010661,2009,42,6,27,3678.0,4.0,2,ELUM,1,ELUM,10,2010-06-08 09:55:36,2012-02-28 07:12:10,6,5
226327399010661,145020123010661,2009,42,6,27,3678.0,4.0,2,LIVU,1,LIVU,1,2010-06-08 09:55:36,2012-02-28 07:12:10,6,5
226327400010661,145020123010661,2009,42,6,27,3678.0,4.0,2,LOMO2,1,LOMO2,1,2010-06-08 09:55:36,2012-02-28 07:13:31,6,5
226327401010661,145020123010661,2009,42,6,27,3678.0,4.0,2,ROMU,1,ROMU,10,2010-06-08 09:55:36,2012-02-28 07:11:46,6,5
226327497010661,145020167010661,2009,42,0,57,4905.0,1.0,1,BETH,1,BETH,8,2010-06-08 09:55:38,2012-02-28 07:11:46,6,5
226327503010661,145020167010661,2009,42,0,57,4905.0,1.0,1,LOJA,1,LOJA,80,2010-06-08 09:55:38,2012-02-28 07:12:10,6,5
226327507010661,145020167010661,2009,42,0,57,4905.0,1.0,1,LOMA6,1,LOMA6,5,2010-06-08 09:55:38,2012-02-28 07:12:39,6,5
226327515010661,145020167010661,2009,42,0,57,4905.0,1.0,1,ROPS,1,ROPS,5,2010-06-08 09:55:38,2012-02-28 07:13:58,6,5
226327498010661,145020167010661,2009,42,0,57,4905.0,2.0,1,BETH,1,BETH,13,2010-06-08 09:55:38,2012-02-28 07:11:46,6,5
226327501010661,145020167010661,2009,42,0,57,4905.0,2.0,1,LIVU,1,LIVU,2,2010-06-08 09:55:38,2012-02-28 07:12:39,6,5
226327504010661,145020167010661,2009,42,0,57,4905.0,2.0,1,LOJA,1,LOJA,88,2010-06-08 09:55:38,2012-02-28 07:12:10,6,5
226327508010661,145020167010661,2009,42,0,57,4905.0,2.0,1,LOMA6,1,LOMA6,3,2010-06-08 09:55:38,2012-02-28 07:12:39,6,5
226327512010661,145020167010661,2009,42,0,57,4905.0,2.0,1,ROMU,1,ROMU,10,2010-06-08 09:55:38,2012-02-28 07:14:26,6,5
226327496010661,145020167010661,2009,42,0,57,4905.0,3.0,1,ALPE4,1,ALPE4,2,2010-06-08 09:55:38,2012-02-28 07:13:58,6,5
226327499010661,145020167010661,2009,42,0,57,4905.0,3.0,1,BETH,1,BETH,7,2010-06-08 09:55:38,2012-02-28 07:11:46,6,5
226327502010661,145020167010661,2009,42,0,57,4905.0,3.0,1,LIVU,1,LIVU,10,2010-06-08 09:55:38,2012-02-28 07:12:39,6,5
226327505010661,145020167010661,2009,42,0,57,4905.0,3.0,1,LOJA,1,LOJA,8,2010-06-08 09:55:38,2012-02-28 07:12:10,6,5
226327509010661,145020167010661,2009,42,0,57,4905.0,3.0,1,LOMA6,1,LOMA6,5,2010-06-08 09:55:38,2012-02-28 07:12:39,6,5
226327513010661,145020167010661,2009,42,0,57,4905.0,3.0,1,ROMU,1,ROMU,1,2010-06-08 09:55:38,2012-02-28 07:14:26,6,5
226327500010661,145020167010661,2009,42,0,57,4905.0,4.0,1,BETH,1,BETH,10,2010-06-08 09:55:38,2012-02-28 07:11:46,6,5
226327506010661,145020167010661,2009,42,0,57,4905.0,4.0,1,LOJA,1,LOJA,60,2010-06-08 09:55:38,2012-02-28 07:12:10,6,5
226327510010661,145020167010661,2009,42,0,57,4905.0,4.0,1,LOMA6,1,LOMA6,20,2010-06-08 09:55:38,2012-02-28 07:12:39,6,5
226327511010661,145020167010661,2009,42,0,57,4905.0,4.0,1,MIVI,1,MIVI,15,2010-06-08 09:55:38,2012-02-28 07:13:04,6,5
226327514010661,145020167010661,2009,42,0,57,4905.0,4.0,1,ROMU,1,ROMU,10,2010-06-08 09:55:38,2012-02-28 07:14:26,6,5
226327516010661,145020167010661,2009,42,0,57,4905.0,4.0,1,ROPS,1,ROPS,10,2010-06-08 09:55:38,2012-02-28 07:13:58,6,5
226327533010661,145020175010661,2009,42,0,57,4249.0,1.0,1,AIAL,1,AIAL,1,2010-06-08 09:55:38,2012-02-28 07:12:39,6,5
226327538010661,145020175010661,2009,42,0,57,4249.0,1.0,1,BETH,1,BETH,30,2010-06-08 09:55:38,2012-02-28 07:11:46,6,5
226327544010661,145020175010661,2009,42,0,57,4249.0,1.0,1,LOMO2,1,LOMO2,1,2010-06-08 09:55:38,2012-02-28 07:13:58,6,5
226327548010661,145020175010661,2009,42,0,57,4249.0,1.0,1,ROMU,1,ROMU,18,2010-06-08 09:55:38,2012-02-28 07:14:58,6,5
226327534010661,145020175010661,2009,42,0,57,4249.0,3.0,1,AIAL,1,AIAL,30,2010-06-08 09:55:38,2012-02-28 07:12:39,6,5
226327536010661,145020175010661,2009,42,0,57,4249.0,3.0,1,ALPE4,1,ALPE4,3,2010-06-08 09:55:38,2012-02-28 07:13:31,6,5
226327539010661,145020175010661,2009,42,0,57,4249.0,3.0,1,BETH,1,BETH,5,2010-06-08 09:55:38,2012-02-28 07:11:46,6,5
226327541010661,145020175010661,2009,42,0,57,4249.0,3.0,1,LOJA,1,LOJA,5,2010-06-08 09:55:38,2012-02-28 07:14:58,6,5
226327543010661,145020175010661,2009,42,0,57,4249.0,3.0,1,LOMA6,1,LOMA6,3,2010-06-08 09:55:38,2012-02-28 07:12:39,6,5
226327545010661,145020175010661,2009,42,0,57,4249.0,3.0,1,LOMO2,1,LOMO2,2,2010-06-08 09:55:38,2012-02-28 07:13:58,6,5
226327547010661,145020175010661,2009,42,0,57,4249.0,3.0,1,MIVI,1,MIVI,1,2010-06-08 09:55:38,2012-02-28 07:14:26,6,5
226327549010661,145020175010661,2009,42,0,57,4249.0,3.0,1,ROMU,1,ROMU,30,2010-06-08 09:55:38,2012-02-28 07:14:58,6,5
226327535010661,145020175010661,2009,42,0,57,4249.0,4.0,1,AIAL,1,AIAL,38,2010-06-08 09:55:38,2012-02-28 07:12:39,6,5
226327537010661,145020175010661,2009,42,0,57,4249.0,4.0,1,ALPE4,1,ALPE4,20,2010-06-08 09:55:38,2012-02-28 07:13:31,6,5
226327540010661,145020175010661,2009,42,0,57,4249.0,4.0,1,BETH,1,BETH,58,2010-06-08 09:55:38,2012-02-28 07:11:46,6,5
226327542010661,145020175010661,2009,42,0,57,4249.0,4.0,1,LOJA,1,LOJA,7,2010-06-08 09:55:38,2012-02-28 07:14:58,6,5
226327546010661,145020175010661,2009,42,0,57,4249.0,4.0,1,LOMO2,1,LOMO2,3,2010-06-08 09:55:38,2012-02-28 07:13:58,6,5
226327550010661,145020175010661,2009,42,0,57,4249.0,4.0,1,ROMU,1,ROMU,8,2010-06-08 09:55:38,2012-02-28 07:14:58,6,5
226327642010661,145020211010661,2009,42,0,61,4946.0,4.0,2,ROMU,1,ROMU,40,2010-06-08 09:55:40,2012-02-28 07:14:26,6,5
226327644010661,145020211010661,2009,42,0,61,4946.0,4.0,2,ROPS,1,ROPS,20,2010-06-08 09:55:40,2012-02-28 07:13:58,6,5
226327641010661,145020211010661,2009,42,0,61,4946.0,2.0,2,ROMU,1,ROMU,20,2010-06-08 09:55:40,2012-02-28 07:14:26,6,5
226327643010661,145020211010661,2009,42,0,61,4946.0,2.0,2,ROPS,1,ROPS,20,2010-06-08 09:55:40,2012-02-28 07:13:58,6,5
152864711020004,145020213010661,2009,42,0,61,3027.0,3.0,1,ROPS,1,ROPS,1,2012-12-07 10:11:49,,6,5
226327705010661,145020241010661,2009,42,6,117,2988.0,4.0,1,LOMO2,1,LOMO2,1,2010-06-08 09:55:42,2012-02-28 07:14:00,6,5
226327706010661,145020241010661,2009,42,6,117,2988.0,4.0,1,ROMU,1,ROMU,1,2010-06-08 09:55:42,2012-02-28 07:13:33,6,5
152865078020004,145020271010661,2009,42,6,27,4717.0,2.0,1,ROPS,1,ROPS,15,2012-12-07 10:11:50,,6,5
226327774010661,145020273010661,2009,42,6,27,3944.0,1.0,1,ELUM,1,ELUM,1,2010-06-08 09:55:44,2012-02-28 07:11:48,6,5
226327776010661,145020273010661,2009,42,6,27,3944.0,1.0,1,LONIC,1,LONIC,1,2010-06-08 09:55:44,2012-02-28 07:14:59,6,5
226327779010661,145020273010661,2009,42,6,27,3944.0,1.0,1,ROMU,1,ROMU,1,2010-06-08 09:55:44,2012-02-28 07:14:29,6,5
226327777010661,145020273010661,2009,42,6,27,3944.0,2.0,1,LONIC,1,LONIC,5,2010-06-08 09:55:44,2012-02-28 07:14:59,6,5
226327775010661,145020273010661,2009,42,6,27,3944.0,4.0,1,ELUM,1,ELUM,1,2010-06-08 09:55:44,2012-02-28 07:11:48,6,5
226327778010661,145020273010661,2009,42,6,27,3944.0,4.0,1,LONIC,1,LONIC,1,2010-06-08 09:55:44,2012-02-28 07:14:59,6,5
226327780010661,145020273010661,2009,42,6,27,3944.0,4.0,1,ROMU,1,ROMU,1,2010-06-08 09:55:44,2012-02-28 07:14:29,6,5
152865079020004,145020297010661,2009,42,0,61,5230.0,3.0,1,ALPE4,1,ALPE4,1,2012-12-07 10:11:50,,6,5
152865080020004,145020297010661,2009,42,0,61,5230.0,2.0,1,ALPE4,1,ALPE4,1,2012-12-07 10:11:50,,6,5
152865081020004,145020297010661,2009,42,0,61,5230.0,1.0,1,ALPE4,1,ALPE4,1,2012-12-07 10:11:50,,6,5
152865082020004,145020297010661,2009,42,0,61,5230.0,4.0,1,BETH,1,BETH,15,2012-12-07 10:11:50,,6,5
152865083020004,145020297010661,2009,42,0,61,5230.0,3.0,1,BETH,1,BETH,26,2012-12-07 10:11:50,,6,5
152864896020004,145021259010661,2009,42,5,63,5004.0,3.0,1,BETH,1,BETH,1,2012-12-07 10:11:50,,6,5
249557153010661,168998348010661,2010,42,5,85,84.0,2.0,2,ROMU,1,ROMU,40,2011-06-08 12:11:27,,7,1
249557040010661,168998084010661,2010,42,6,31,1935.0,4.0,1,CIVU,1,CIVU,1,2011-06-08 12:11:27,,7,1
249557041010661,168998084010661,2010,42,6,31,1935.0,4.0,1,ROMU,1,ROMU,1,2011-06-08 12:11:27,,7,1
249557298010661,168998636010661,2010,42,5,129,963.0,4.0,2,ALPE4,1,ALPE4,2,2011-06-08 12:11:28,,7,1
249557299010661,168998636010661,2010,42,5,129,963.0,4.0,2,LIVU,1,LIVU,1,2011-06-08 12:11:28,,7,1
249557300010661,168998636010661,2010,42,5,129,963.0,4.0,2,LOJA,1,LOJA,1,2011-06-08 12:11:28,,7,1
249557301010661,168998636010661,2010,42,5,129,963.0,4.0,2,LOMA6,1,LOMA6,5,2011-06-08 12:11:28,,7,1
249557302010661,168998636010661,2010,42,5,129,963.0,4.0,2,ROMU,1,ROMU,18,2011-06-08 12:11:28,,7,1
249557311010661,168998632010661,2010,42,5,129,322.0,2.0,1,AIAL,1,AIAL,15,2011-06-08 12:11:28,,7,1
249557312010661,168998632010661,2010,42,5,129,322.0,4.0,1,LOMO2,1,LOMO2,1,2011-06-08 12:11:28,,7,1
249557313010661,168998632010661,2010,42,5,129,322.0,2.0,1,MIVI,1,MIVI,5,2011-06-08 12:11:28,,7,1
249557314010661,168998632010661,2010,42,5,129,322.0,4.0,1,MIVI,1,MIVI,22,2011-06-08 12:11:28,,7,1
249557315010661,168998632010661,2010,42,5,129,322.0,2.0,1,ROMU,1,ROMU,12,2011-06-08 12:11:28,,7,1
249557241010661,168997870010661,2010,42,7,111,1388.0,3.0,1,LOMO2,1,LOMO2,10,2011-06-08 12:11:28,,7,1
249557242010661,168997870010661,2010,42,7,111,1388.0,3.0,1,ROMU,1,ROMU,7,2011-06-08 12:11:28,,7,1
249557067010661,168998052010661,2010,42,7,51,182.0,1.0,1,ALPE4,1,ALPE4,65,2011-06-08 12:11:27,,7,1
249557068010661,168998052010661,2010,42,7,51,182.0,2.0,1,ALPE4,1,ALPE4,3,2011-06-08 12:11:27,,7,1
249557069010661,168998052010661,2010,42,7,51,182.0,4.0,1,ALPE4,1,ALPE4,5,2011-06-08 12:11:27,,7,1
249557070010661,168998052010661,2010,42,7,51,182.0,1.0,1,LOMO2,1,LOMO2,2,2011-06-08 12:11:27,,7,1
249557071010661,168998052010661,2010,42,7,51,182.0,2.0,1,LOMO2,1,LOMO2,65,2011-06-08 12:11:27,,7,1
249557072010661,168998052010661,2010,42,7,51,182.0,4.0,1,LOMO2,1,LOMO2,35,2011-06-08 12:11:27,,7,1
249557073010661,168998052010661,2010,42,7,51,182.0,1.0,1,ROMU,1,ROMU,1,2011-06-08 12:11:27,,7,1
249557074010661,168998052010661,2010,42,7,51,182.0,2.0,1,ROMU,1,ROMU,18,2011-06-08 12:11:27,,7,1
249556957010661,168997758010661,2010,42,7,13,1516.0,1.0,1,MIVI,1,MIVI,18,2011-06-08 12:11:27,,7,1
249556958010661,168997758010661,2010,42,7,13,1516.0,2.0,1,MIVI,1,MIVI,2,2011-06-08 12:11:27,,7,1
249556959010661,168997758010661,2010,42,7,13,1516.0,3.0,1,MIVI,1,MIVI,18,2011-06-08 12:11:27,,7,1
249556960010661,168997758010661,2010,42,7,13,1516.0,4.0,1,MIVI,1,MIVI,2,2011-06-08 12:11:27,,7,1
249556961010661,168997758010661,2010,42,7,13,1516.0,1.0,1,ROPS,1,ROPS,15,2011-06-08 12:11:27,,7,1
249557083010661,168998732010661,2010,42,5,59,1341.0,2.0,1,BETH,1,BETH,1,2011-06-08 12:11:27,,7,1
249557084010661,168998732010661,2010,42,5,59,1341.0,3.0,1,LOMO2,1,LOMO2,1,2011-06-08 12:11:27,,7,1
249557085010661,168998732010661,2010,42,5,59,1341.0,1.0,1,ROMU,1,ROMU,1,2011-06-08 12:11:27,,7,1
249557086010661,168998732010661,2010,42,5,59,1341.0,2.0,1,ROMU,1,ROMU,3,2011-06-08 12:11:27,,7,1
249557087010661,168998732010661,2010,42,5,59,1341.0,3.0,1,ROMU,1,ROMU,3,2011-06-08 12:11:27,,7,1
249557088010661,168998732010661,2010,42,5,59,1341.0,4.0,1,ROMU,1,ROMU,3,2011-06-08 12:11:27,,7,1
249557056010661,168997908010661,2010,42,6,47,384.0,3.0,1,MIVI,1,MIVI,1,2011-06-08 12:11:27,,7,1
249557248010661,168997064010661,2010,42,8,115,289.0,1.0,1,LOMO2,1,LOMO2,1,2011-06-08 12:11:28,,7,1
249557249010661,168997064010661,2010,42,8,115,289.0,3.0,1,LOMO2,1,LOMO2,1,2011-06-08 12:11:28,,7,1
249557250010661,168997064010661,2010,42,8,115,289.0,4.0,1,LOMO2,1,LOMO2,1,2011-06-08 12:11:28,,7,1
249557251010661,168997064010661,2010,42,8,115,289.0,1.0,1,ROMU,1,ROMU,85,2011-06-08 12:11:28,,7,1
249557252010661,168997064010661,2010,42,8,115,289.0,3.0,1,ROMU,1,ROMU,35,2011-06-08 12:11:28,,7,1
249557253010661,168997064010661,2010,42,8,115,289.0,4.0,1,ROMU,1,ROMU,20,2011-06-08 12:11:28,,7,1
249557243010661,168997064010661,2010,42,8,115,289.0,1.0,1,ALPE4,1,ALPE4,1,2011-06-08 12:11:28,,7,1
249557244010661,168997064010661,2010,42,8,115,289.0,3.0,1,ALPE4,1,ALPE4,1,2011-06-08 12:11:28,,7,1
249557245010661,168997064010661,2010,42,8,115,289.0,4.0,1,ALPE4,1,ALPE4,1,2011-06-08 12:11:28,,7,1
249557246010661,168997064010661,2010,42,8,115,289.0,3.0,1,BETH,1,BETH,1,2011-06-08 12:11:28,,7,1
249557141010661,168998286010661,2010,42,5,73,1670.0,2.0,1,ROMU,1,ROMU,10,2011-06-08 12:11:27,,7,1
249557142010661,168998286010661,2010,42,5,73,1670.0,4.0,1,ROMU,1,ROMU,35,2011-06-08 12:11:27,,7,1
249557303010661,168997948010661,2010,42,5,129,1249.0,1.0,1,BETH,1,BETH,1,2011-06-08 12:11:28,,7,1
249557304010661,168997948010661,2010,42,5,129,1249.0,2.0,1,BETH,1,BETH,1,2011-06-08 12:11:28,,7,1
249557305010661,168997948010661,2010,42,5,129,1249.0,1.0,1,LIVU,1,LIVU,1,2011-06-08 12:11:28,,7,1
249557306010661,168997948010661,2010,42,5,129,1249.0,4.0,1,MIVI,1,MIVI,5,2011-06-08 12:11:28,,7,1
249557307010661,168997948010661,2010,42,5,129,1249.0,1.0,1,ROMU,1,ROMU,5,2011-06-08 12:11:28,,7,1
249557308010661,168997948010661,2010,42,5,129,1249.0,2.0,1,ROMU,1,ROMU,6,2011-06-08 12:11:28,,7,1
249557309010661,168997948010661,2010,42,5,129,1249.0,3.0,1,ROMU,1,ROMU,20,2011-06-08 12:11:28,,7,1
249557310010661,168997948010661,2010,42,5,129,1249.0,2.0,1,ROPS,1,ROPS,8,2011-06-08 12:11:28,,7,1
249557089010661,168998490010661,2010,42,0,61,108.0,1.0,1,BETH,1,BETH,20,2011-06-08 12:11:27,,7,1
249557090010661,168998490010661,2010,42,0,61,108.0,2.0,1,BETH,1,BETH,87,2011-06-08 12:11:27,,7,1
249557091010661,168998490010661,2010,42,0,61,108.0,4.0,2,BETH,1,BETH,8,2011-06-08 12:11:27,,7,1
249557092010661,168998490010661,2010,42,0,61,108.0,3.0,2,PHAR3,1,PHAR3,4,2011-06-08 12:11:27,,7,1
249557093010661,168998490010661,2010,42,0,61,108.0,4.0,2,PHAR3,1,PHAR3,1,2011-06-08 12:11:27,,7,1
249557094010661,168998490010661,2010,42,0,61,108.0,1.0,1,ROMU,1,ROMU,3,2011-06-08 12:11:27,,7,1
249557095010661,168998490010661,2010,42,0,61,108.0,2.0,1,ROMU,1,ROMU,15,2011-06-08 12:11:27,,7,1
249557096010661,168998490010661,2010,42,0,61,108.0,4.0,2,ROMU,1,ROMU,5,2011-06-08 12:11:27,,7,1
249557107010661,168997394010661,2010,42,0,67,792.0,1.0,1,ALPE4,1,ALPE4,20,2011-06-08 12:11:27,,7,1
249557108010661,168997394010661,2010,42,0,67,792.0,2.0,1,ALPE4,1,ALPE4,10,2011-06-08 12:11:27,,7,1
249557109010661,168997394010661,2010,42,0,67,792.0,3.0,1,ALPE4,1,ALPE4,20,2011-06-08 12:11:27,,7,1
249557110010661,168997394010661,2010,42,0,67,792.0,4.0,1,LIVU,1,LIVU,10,2011-06-08 12:11:27,,7,1
249557111010661,168997394010661,2010,42,0,67,792.0,2.0,1,LOJA,1,LOJA,5,2011-06-08 12:11:27,,7,1
249557112010661,168997394010661,2010,42,0,67,792.0,4.0,1,LOJA,1,LOJA,5,2011-06-08 12:11:27,,7,1
249557113010661,168997394010661,2010,42,0,67,792.0,3.0,1,MIVI,1,MIVI,20,2011-06-08 12:11:27,,7,1
249557114010661,168997394010661,2010,42,0,67,792.0,1.0,1,ROMU,1,ROMU,1,2011-06-08 12:11:27,,7,1
249557115010661,168997394010661,2010,42,0,67,792.0,3.0,1,ROMU,1,ROMU,1,2011-06-08 12:11:27,,7,1
249557116010661,168997394010661,2010,42,0,67,792.0,2.0,1,ROPS,1,ROPS,10,2011-06-08 12:11:27,,7,1
249557117010661,168997394010661,2010,42,0,67,792.0,3.0,1,ROPS,1,ROPS,5,2011-06-08 12:11:27,,7,1
249557118010661,168997394010661,2010,42,0,67,792.0,4.0,1,ROPS,1,ROPS,10,2011-06-08 12:11:27,,7,1
249557316010661,168997168010661,2010,42,8,131,352.0,2.0,1,MIVI,1,MIVI,2,2011-06-08 12:11:28,,7,1
249557317010661,168997168010661,2010,42,8,131,352.0,2.0,1,ROMU,1,ROMU,1,2011-06-08 12:11:28,,7,1
249557031010661,168997804010661,2010,42,6,23,213.0,4.0,1,BETH,1,BETH,1,2011-06-08 12:11:27,,7,1
249557032010661,168997804010661,2010,42,6,23,213.0,2.0,1,CIAR4,1,CIAR4,1,2011-06-08 12:11:27,,7,1
249557033010661,168997804010661,2010,42,6,23,213.0,4.0,1,CIAR4,1,CIAR4,1,2011-06-08 12:11:27,,7,1
249557034010661,168997804010661,2010,42,6,23,213.0,1.0,1,ROMU,1,ROMU,1,2011-06-08 12:11:27,,7,1
249557035010661,168997804010661,2010,42,6,23,213.0,2.0,1,ROMU,1,ROMU,5,2011-06-08 12:11:27,,7,1
249557036010661,168997804010661,2010,42,6,23,213.0,4.0,1,ROMU,1,ROMU,1,2011-06-08 12:11:27,,7,1
249557255010661,168997600010661,2010,42,6,117,770.0,2.0,1,ROMU,1,ROMU,10,2011-06-08 12:11:28,,7,1
249557075010661,168998060010661,2010,42,7,51,1760.0,1.0,1,BETH,1,BETH,1,2011-06-08 12:11:27,,7,1
249557076010661,168998060010661,2010,42,7,51,1760.0,2.0,1,BETH,1,BETH,1,2011-06-08 12:11:27,,7,1
249557077010661,168998060010661,2010,42,7,51,1760.0,4.0,1,BETH,1,BETH,15,2011-06-08 12:11:27,,7,1
222861709010661,122561796010661,2007,42,0,99,2588.0,4.0,1,ROPS,1,ROPS,2,2010-03-01 11:18:00,2012-02-28 07:13:12,6,3
222861735010661,122562468010661,2007,42,6,123,2099.0,1.0,1,BETH,1,BETH,1,2010-03-01 11:18:00,2012-02-28 07:13:38,6,3
222861738010661,122562468010661,2007,42,6,123,2099.0,1.0,1,ROMU,1,ROMU,10,2010-03-01 11:18:00,2012-02-28 07:11:54,6,3
222861736010661,122562468010661,2007,42,6,123,2099.0,3.0,1,BETH,1,BETH,1,2010-03-01 11:18:00,2012-02-28 07:13:38,6,3
222861739010661,122562468010661,2007,42,6,123,2099.0,3.0,1,ROMU,1,ROMU,1,2010-03-01 11:18:00,2012-02-28 07:11:54,6,3
222861737010661,122562468010661,2007,42,6,123,2099.0,4.0,1,BETH,1,BETH,1,2010-03-01 11:18:00,2012-02-28 07:13:38,6,3
222861765010661,122562552010661,2007,42,5,125,2049.0,4.0,2,ALPE4,1,ALPE4,80,2010-03-01 11:18:00,2012-02-28 07:13:12,6,3
249557247010661,168997064010661,2010,42,8,115,289.0,4.0,1,BETH,1,BETH,1,2011-06-08 12:11:28,,7,1
249557136010661,168998286010661,2010,42,5,73,1670.0,3.0,1,ALPE4,1,ALPE4,1,2011-06-08 12:11:27,,7,1
249557137010661,168998286010661,2010,42,5,73,1670.0,4.0,1,BETH,1,BETH,5,2011-06-08 12:11:27,,7,1
249557138010661,168998286010661,2010,42,5,73,1670.0,3.0,1,LIVU,1,LIVU,1,2011-06-08 12:11:27,,7,1
249557139010661,168998286010661,2010,42,5,73,1670.0,4.0,1,LIVU,1,LIVU,1,2011-06-08 12:11:27,,7,1
249557140010661,168998286010661,2010,42,5,73,1670.0,1.0,1,ROMU,1,ROMU,6,2011-06-08 12:11:27,,7,1
222861766010661,122562552010661,2007,42,5,125,2049.0,4.0,2,LOMA6,1,LOMA6,10,2010-03-01 11:18:00,2012-02-28 07:11:29,6,3
222861767010661,122562552010661,2007,42,5,125,2049.0,4.0,2,LOMO2,1,LOMO2,30,2010-03-01 11:18:00,2012-02-28 07:12:17,6,3
222861768010661,122562552010661,2007,42,5,125,2049.0,4.0,2,ROMU,1,ROMU,5,2010-03-01 11:18:00,2012-02-28 07:12:17,6,3
222861794010661,122562258010661,2007,42,5,129,2471.0,1.0,1,ROPS,1,ROPS,15,2010-03-01 11:18:00,2012-02-28 07:13:12,6,3
222861795010661,122562258010661,2007,42,5,129,2471.0,2.0,1,ROPS,1,ROPS,70,2010-03-01 11:18:00,2012-02-28 07:13:12,6,3
222861796010661,122562258010661,2007,42,5,129,2471.0,3.0,1,ROPS,1,ROPS,3,2010-03-01 11:18:00,2012-02-28 07:13:12,6,3
222861793010661,122562258010661,2007,42,5,129,2471.0,4.0,1,ROMU,1,ROMU,3,2010-03-01 11:18:00,2012-02-28 07:13:12,6,3
222861797010661,122562258010661,2007,42,5,129,2471.0,4.0,1,ROPS,1,ROPS,30,2010-03-01 11:18:00,2012-02-28 07:13:12,6,3
152864455020004,122562382010661,2007,42,7,51,2169.0,2.0,1,CEOR,1,CEOR7,1,2012-12-07 10:11:47,,6,3
222861492010661,122562382010661,2007,42,7,51,2169.0,1.0,1,BETH,1,BETH,1,2010-03-01 11:17:59,2012-02-29 11:15:28,6,3
222861495010661,122562382010661,2007,42,7,51,2169.0,1.0,1,CIVU,1,CIVU,2,2010-03-01 11:17:59,2012-02-28 07:03:10,6,3
222861499010661,122562382010661,2007,42,7,51,2169.0,1.0,1,ELAN,1,ELAN,1,2010-03-01 11:17:59,2012-02-29 11:15:28,6,3
222861493010661,122562382010661,2007,42,7,51,2169.0,2.0,1,BETH,1,BETH,1,2010-03-01 11:17:59,2012-02-28 07:06:55,6,3
222861496010661,122562382010661,2007,42,7,51,2169.0,2.0,1,CIVU,1,CIVU,2,2010-03-01 11:17:59,2012-02-28 07:03:10,6,3
222861500010661,122562382010661,2007,42,7,51,2169.0,2.0,1,ELAN,1,ELAN,6,2010-03-01 11:17:59,2012-02-28 07:02:51,6,3
222861503010661,122562382010661,2007,42,7,51,2169.0,2.0,1,LOTA,1,LOTA,8,2010-03-01 11:17:59,2012-02-28 07:02:57,6,3
222861506010661,122562382010661,2007,42,7,51,2169.0,2.0,1,ROMU,1,ROMU,6,2010-03-01 11:17:59,2012-02-28 07:06:55,6,3
222861509010661,122562382010661,2007,42,7,51,2169.0,2.0,1,ROPS,1,ROPS,20,2010-03-01 11:17:59,2012-02-28 07:02:25,6,3
222861494010661,122562382010661,2007,42,7,51,2169.0,3.0,1,BETH,1,BETH,4,2010-03-01 11:17:59,2012-02-28 07:07:10,6,3
222861497010661,122562382010661,2007,42,7,51,2169.0,3.0,1,CIVU,1,CIVU,1,2010-03-01 11:17:59,2012-02-29 11:15:28,6,3
222861661010661,122561384010661,2007,42,8,79,2712.0,2.0,1,ROMU,1,ROMU,1,2010-03-01 11:18:00,2012-02-28 07:13:39,6,3
222861664010661,122561384010661,2007,42,8,79,2712.0,2.0,1,ROPS,1,ROPS,50,2010-03-01 11:18:00,2012-02-28 07:14:07,6,3
222861656010661,122561384010661,2007,42,8,79,2712.0,3.0,1,ALPE4,1,ALPE4,3,2010-03-01 11:18:00,2012-02-28 07:12:46,6,3
222861658010661,122561384010661,2007,42,8,79,2712.0,3.0,1,LOJA,1,LOJA,5,2010-03-01 11:18:00,2012-02-28 07:13:39,6,3
222861659010661,122561384010661,2007,42,8,79,2712.0,3.0,1,LOMA6,1,LOMA6,3,2010-03-01 11:18:00,2012-02-28 07:11:54,6,3
222861660010661,122561384010661,2007,42,8,79,2712.0,3.0,1,MIVI,1,MIVI,8,2010-03-01 11:18:00,2012-02-28 07:14:07,6,3
222861662010661,122561384010661,2007,42,8,79,2712.0,3.0,1,ROMU,1,ROMU,15,2010-03-01 11:18:00,2012-02-28 07:13:39,6,3
222861657010661,122561384010661,2007,42,8,79,2712.0,4.0,1,ALPE4,1,ALPE4,1,2010-03-01 11:18:00,2012-02-28 07:12:46,6,3
222861663010661,122561384010661,2007,42,8,79,2712.0,4.0,1,ROMU,1,ROMU,4,2010-03-01 11:18:00,2012-02-28 07:13:39,6,3
222861519010661,122562456010661,2007,42,7,51,2435.0,1.0,1,ELUM,1,ELUM,10,2010-03-01 11:17:59,2012-02-28 07:13:12,6,3
222861520010661,122562456010661,2007,42,7,51,2435.0,1.0,1,ROMU,1,ROMU,40,2010-03-01 11:17:59,2012-02-28 07:11:29,6,3
222861523010661,122562456010661,2007,42,7,51,2435.0,1.0,1,ROPS,1,ROPS,17,2010-03-01 11:17:59,2012-02-28 07:12:17,6,3
222861521010661,122562456010661,2007,42,7,51,2435.0,3.0,1,ROMU,1,ROMU,66,2010-03-01 11:17:59,2012-02-28 07:11:29,6,3
222861524010661,122562456010661,2007,42,7,51,2435.0,3.0,1,ROPS,1,ROPS,5,2010-03-01 11:17:59,2012-02-28 07:12:17,6,3
222861522010661,122562456010661,2007,42,7,51,2435.0,4.0,1,ROMU,1,ROMU,80,2010-03-01 11:17:59,2012-02-28 07:11:29,6,3
222861525010661,122562456010661,2007,42,7,51,2435.0,4.0,1,ROPS,1,ROPS,5,2010-03-01 11:17:59,2012-02-28 07:12:17,6,3
222861665010661,122561752010661,2007,42,6,81,2074.0,1.0,1,ALPE4,1,ALPE4,15,2010-03-01 11:18:00,2012-02-28 07:02:58,6,3
222861669010661,122561752010661,2007,42,6,81,2074.0,1.0,1,ROMU,1,ROMU,8,2010-03-01 11:18:00,2012-02-28 07:06:40,6,3
222861666010661,122561752010661,2007,42,6,81,2074.0,2.0,1,ALPE4,1,ALPE4,15,2010-03-01 11:18:00,2012-02-28 07:03:11,6,3
222861668010661,122561752010661,2007,42,6,81,2074.0,2.0,1,MIVI,1,MIVI,1,2010-03-01 11:18:00,2012-02-29 11:15:28,6,3
222861670010661,122561752010661,2007,42,6,81,2074.0,2.0,1,ROMU,1,ROMU,18,2010-03-01 11:18:00,2012-02-28 07:06:54,6,3
222861667010661,122561752010661,2007,42,6,81,2074.0,4.0,1,ALPE4,1,ALPE4,20,2010-03-01 11:18:00,2012-02-28 07:02:53,6,3
222861671010661,122561752010661,2007,42,6,81,2074.0,4.0,1,ROMU,1,ROMU,3,2010-03-01 11:18:00,2012-02-28 07:07:25,6,3
222861444010661,122561966010661,2007,42,6,27,2236.0,1.0,1,BETH,1,BETH,1,2010-03-01 11:17:59,2012-02-29 11:15:28,6,3
222861447010661,122561966010661,2007,42,6,27,2236.0,1.0,1,ELAN,1,ELAN,1,2010-03-01 11:17:59,2012-02-28 07:02:54,6,3
222861450010661,122561966010661,2007,42,6,27,2236.0,1.0,1,ROMU,1,ROMU,1,2010-03-01 11:17:59,2012-02-28 07:06:40,6,3
222861445010661,122561966010661,2007,42,6,27,2236.0,2.0,1,BETH,1,BETH,1,2010-03-01 11:17:59,2012-02-28 07:06:25,6,3
222861448010661,122561966010661,2007,42,6,27,2236.0,2.0,1,ELAN,1,ELAN,5,2010-03-01 11:17:59,2012-02-28 07:02:54,6,3
222861451010661,122561966010661,2007,42,6,27,2236.0,2.0,1,ROMU,1,ROMU,1,2010-03-01 11:17:59,2012-02-28 07:07:25,6,3
222861446010661,122561966010661,2007,42,6,27,2236.0,3.0,1,BETH,1,BETH,2,2010-03-01 11:17:59,2012-02-28 07:06:40,6,3
222861449010661,122561966010661,2007,42,6,27,2236.0,3.0,1,ELAN,1,ELAN,5,2010-03-01 11:17:59,2012-02-28 07:03:06,6,3
222861452010661,122561966010661,2007,42,6,27,2236.0,3.0,1,ROMU,1,ROMU,5,2010-03-01 11:17:59,2012-02-28 07:06:25,6,3
222861537010661,122561914010661,2007,42,0,57,2513.0,1.0,1,BETH,1,BETH,70,2010-03-01 11:18:00,2012-02-28 07:12:17,6,3
222861540010661,122561914010661,2007,42,0,57,2513.0,1.0,1,MIVI,1,MIVI,10,2010-03-01 11:18:00,2012-02-28 07:11:28,6,3
222861541010661,122561914010661,2007,42,0,57,2513.0,2.0,1,MIVI,1,MIVI,50,2010-03-01 11:18:00,2012-02-28 07:11:28,6,3
222861538010661,122561914010661,2007,42,0,57,2513.0,3.0,1,BETH,1,BETH,7,2010-03-01 11:18:00,2012-02-28 07:12:17,6,3
222861543010661,122561914010661,2007,42,0,57,2513.0,3.0,1,ROMU,1,ROMU,20,2010-03-01 11:18:00,2012-02-28 07:11:28,6,3
222861539010661,122561914010661,2007,42,0,57,2513.0,4.0,1,BETH,1,BETH,30,2010-03-01 11:18:00,2012-02-28 07:12:17,6,3
222861582010661,122561984010661,2007,42,0,61,2504.0,1.0,1,ROPS,1,ROPS,1,2010-03-01 11:18:00,2012-02-29 11:15:28,6,3
222861569010661,122561984010661,2007,42,0,61,2504.0,2.0,1,AIAL,1,AIAL,2,2010-03-01 11:18:00,2012-02-28 07:02:58,6,3
222861572010661,122561984010661,2007,42,0,61,2504.0,2.0,1,ALPE4,1,ALPE4,1,2010-03-01 11:18:00,2012-02-29 11:15:28,6,3
222861575010661,122561984010661,2007,42,0,61,2504.0,2.0,1,LOTA,1,LOTA,2,2010-03-01 11:18:00,2012-02-28 07:03:06,6,3
222861578010661,122561984010661,2007,42,0,61,2504.0,2.0,1,MIVI,1,MIVI,18,2010-03-01 11:18:00,2012-02-28 07:03:06,6,3
222861581010661,122561984010661,2007,42,0,61,2504.0,2.0,1,ROMU,1,ROMU,1,2010-03-01 11:18:00,2012-02-29 11:15:28,6,3
222861869010661,113492271010661,2008,42,9,11,4419.0,4.0,1,LOJA,1,LOJA,3,2010-03-01 11:18:08,2012-02-28 07:12:05,6,4
222861870010661,113492271010661,2008,42,9,11,4419.0,4.0,1,LOMA6,1,LOMA6,1,2010-03-01 11:18:08,2012-02-28 07:13:52,6,4
222861874010661,113492271010661,2008,42,9,11,4419.0,4.0,1,LOMO2,1,LOMO2,6,2010-03-01 11:18:08,2012-02-28 07:11:40,6,4
222861875010661,113492271010661,2008,42,9,11,4419.0,4.0,1,LYNU,1,LYNU,1,2010-03-01 11:18:08,2012-02-28 07:12:57,6,4
222861879010661,113492271010661,2008,42,9,11,4419.0,4.0,1,ROMU,1,ROMU,3,2010-03-01 11:18:08,2012-02-28 07:12:30,6,4
222862319010661,113492577010661,2008,42,9,133,3584.0,1.0,2,BETH,1,BETH,1,2010-03-01 11:18:09,2012-02-28 07:12:57,6,4
222862321010661,113492577010661,2008,42,9,133,3584.0,1.0,2,CEOR7,1,CEOR7,2,2010-03-01 11:18:09,2012-02-28 07:12:31,6,4
222862322010661,113492577010661,2008,42,9,133,3584.0,1.0,2,LOJA,1,LOJA,5,2010-03-01 11:18:09,2012-02-28 07:12:05,6,4
222862318010661,113492577010661,2008,42,9,133,3584.0,2.0,2,ALPE4,1,ALPE4,2,2010-03-01 11:18:09,2012-02-28 07:12:31,6,4
222862323010661,113492577010661,2008,42,9,133,3584.0,2.0,2,LOJA,1,LOJA,2,2010-03-01 11:18:09,2012-02-28 07:12:05,6,4
222862320010661,113492577010661,2008,42,9,133,3584.0,3.0,2,BETH,1,BETH,1,2010-03-01 11:18:09,2012-02-28 07:12:57,6,4
222862324010661,113492577010661,2008,42,9,133,3584.0,3.0,2,LOJA,1,LOJA,2,2010-03-01 11:18:09,2012-02-28 07:12:05,6,4
222861916010661,113492609010661,2008,42,8,15,3865.0,1.0,1,ELUM,1,ELUM,8,2010-03-01 11:18:08,2012-02-28 07:07:22,6,4
222861917010661,113492609010661,2008,42,8,15,3865.0,2.0,1,ELUM,1,ELUM,6,2010-03-01 11:18:08,2012-02-28 07:07:07,6,4
222861914010661,113492609010661,2008,42,8,15,3865.0,4.0,1,ALPE4,1,ALPE4,1,2010-03-01 11:18:08,2012-02-28 07:07:22,6,4
222861915010661,113492609010661,2008,42,8,15,3865.0,4.0,1,CEBI2,1,CESTM,1,2010-03-01 11:18:08,2012-02-29 11:15:31,6,4
222861918010661,113492609010661,2008,42,8,15,3865.0,4.0,1,ELUM,1,ELUM,20,2010-03-01 11:18:08,2012-02-28 07:05:43,6,4
222861919010661,113492609010661,2008,42,8,15,3865.0,4.0,1,LOMO2,1,LOMO2,5,2010-03-01 11:18:08,2012-02-28 07:05:43,6,4
222862033010661,113493679010661,2008,42,5,39,3282.0,2.0,1,ROMU,1,ROMU,1,2010-03-01 11:18:08,2012-02-28 07:12:04,6,4
222862034010661,113493679010661,2008,42,5,39,3282.0,3.0,1,ROMU,1,ROMU,2,2010-03-01 11:18:08,2012-02-28 07:12:04,6,4
222862030010661,113493679010661,2008,42,5,39,3282.0,4.0,1,LIVU,1,LIVU,5,2010-03-01 11:18:08,2012-02-28 07:13:24,6,4
222862035010661,113493679010661,2008,42,5,39,3282.0,4.0,1,ROMU,1,ROMU,20,2010-03-01 11:18:08,2012-02-28 07:12:04,6,4
222862032010661,113493679010661,2008,42,5,39,3282.0,1.0,1,ROMU,1,ROMU,18,2010-03-01 11:18:08,2012-02-28 07:12:04,6,4
222862027010661,113493679010661,2008,42,5,39,3282.0,2.0,1,ALPE4,1,ALPE4,1,2010-03-01 11:18:08,2012-02-28 07:11:40,6,4
222862028010661,113493679010661,2008,42,5,39,3282.0,2.0,1,BEVU,1,BEVU,1,2010-03-01 11:18:08,2012-02-28 07:11:40,6,4
222862029010661,113493679010661,2008,42,5,39,3282.0,2.0,1,LIVU,1,LIVU,1,2010-03-01 11:18:08,2012-02-28 07:13:24,6,4
222862031010661,113493679010661,2008,42,5,39,3282.0,2.0,1,RHCA3,1,RHCA3,1,2010-03-01 11:18:08,2012-02-28 07:14:50,6,4
222862168010661,113492645010661,2008,42,0,99,4501.0,2.0,1,LOMO2,1,LOMO2,12,2010-03-01 11:18:09,2012-02-28 07:12:23,6,4
222862169010661,113492645010661,2008,42,0,99,4501.0,3.0,1,LOMO2,1,LOMO2,9,2010-03-01 11:18:09,2012-02-28 07:12:23,6,4
222862171010661,113492645010661,2008,42,0,99,4501.0,3.0,1,ROMU,1,ROMU,4,2010-03-01 11:18:09,2012-02-28 07:14:13,6,4
222862300010661,113492319010661,2008,42,8,127,5039.0,2.0,1,ROMU,1,ROMU,1,2010-03-01 11:18:09,2012-02-28 07:05:56,6,4
222861932010661,113492139010661,2008,42,9,17,5317.0,1.0,1,BETH,1,BETH,1,2010-03-01 11:18:08,2012-02-28 07:12:31,6,4
222861934010661,113492139010661,2008,42,9,17,5317.0,1.0,1,MIVI,1,MIVI,1,2010-03-01 11:18:08,2012-02-28 07:12:57,6,4
222861935010661,113492139010661,2008,42,9,17,5317.0,3.0,2,MIVI,1,MIVI,3,2010-03-01 11:18:08,2012-02-28 07:12:57,6,4
222861933010661,113492139010661,2008,42,9,17,5317.0,4.0,1,LOTA,1,LOTA,1,2010-03-01 11:18:08,2012-02-28 07:12:31,6,4
222861936010661,113492139010661,2008,42,9,17,5317.0,4.0,1,MIVI,1,MIVI,1,2010-03-01 11:18:08,2012-02-28 07:12:57,6,4
222862048010661,113493717010661,2008,42,5,49,4553.0,1.0,1,RHCA3,1,RHCA3,1,2010-03-01 11:18:08,2012-02-28 07:14:50,6,4
222862049010661,113493717010661,2008,42,5,49,4553.0,2.0,1,RHCA3,1,RHCA3,1,2010-03-01 11:18:08,2012-02-28 07:14:50,6,4
222862050010661,113493717010661,2008,42,5,49,4553.0,3.0,1,RHCA3,1,RHCA3,1,2010-03-01 11:18:08,2012-02-28 07:14:50,6,4
222862051010661,113493717010661,2008,42,5,49,4553.0,4.0,1,RHCA3,1,RHCA3,1,2010-03-01 11:18:08,2012-02-28 07:14:50,6,4
222862129010661,113492549010661,2008,42,9,75,4696.0,1.0,1,ALPE4,1,ALPE4,11,2010-03-01 11:18:09,2012-02-28 07:14:50,6,4
222862130010661,113492549010661,2008,42,9,75,4696.0,2.0,1,ALPE4,1,ALPE4,1,2010-03-01 11:18:09,2012-02-28 07:14:50,6,4
222862133010661,113492549010661,2008,42,9,75,4696.0,2.0,1,BETH,1,BETH,1,2010-03-01 11:18:09,2012-02-28 07:12:05,6,4
222862134010661,113492549010661,2008,42,9,75,4696.0,2.0,1,MIVI,1,MIVI,1,2010-03-01 11:18:09,2012-02-28 07:12:57,6,4
222862131010661,113492549010661,2008,42,9,75,4696.0,3.0,1,ALPE4,1,ALPE4,9,2010-03-01 11:18:09,2012-02-28 07:14:50,6,4
222862132010661,113492549010661,2008,42,9,75,4696.0,4.0,1,ALPE4,1,ALPE4,5,2010-03-01 11:18:09,2012-02-28 07:14:50,6,4
222861853010661,113494005010661,2008,42,7,9,3288.0,2.0,1,BETH,1,BETH,3,2010-03-01 11:18:08,2012-02-28 07:11:49,6,4
222861854010661,113494005010661,2008,42,7,9,3288.0,4.0,1,ROPS,1,ROPS,10,2010-03-01 11:18:08,2012-02-28 07:12:41,6,4
222861887010661,113492353010661,2008,42,9,11,3078.0,3.0,3,LOMA6,1,LOMA6,8,2010-03-01 11:18:08,2012-02-28 07:13:07,6,4
222861890010661,113492353010661,2008,42,9,11,3078.0,3.0,3,LOMO2,1,LOMO2,10,2010-03-01 11:18:08,2012-02-28 07:11:49,6,4
222861892010661,113492353010661,2008,42,9,11,3078.0,3.0,3,LYNU,1,LYNU,4,2010-03-01 11:18:08,2012-02-28 07:13:07,6,4
222861895010661,113492353010661,2008,42,9,11,3078.0,3.0,3,MIVI,1,MIVI,3,2010-03-01 11:18:08,2012-02-28 07:14:01,6,4
222861898010661,113492353010661,2008,42,9,11,3078.0,3.0,3,ROMU,1,ROMU,20,2010-03-01 11:18:08,2012-02-28 07:12:13,6,4
222861880010661,113492353010661,2008,42,9,11,3078.0,1.0,2,ALPE4,1,ALPE4,7,2010-03-01 11:18:08,2012-02-28 07:12:41,6,4
222861885010661,113492353010661,2008,42,9,11,3078.0,1.0,2,LOMA6,1,LOMA6,10,2010-03-01 11:18:08,2012-02-28 07:13:07,6,4
222861888010661,113492353010661,2008,42,9,11,3078.0,1.0,2,LOMO2,1,LOMO2,5,2010-03-01 11:18:08,2012-02-28 07:11:49,6,4
222861891010661,113492353010661,2008,42,9,11,3078.0,1.0,2,LYNU,1,LYNU,1,2010-03-01 11:18:08,2012-02-28 07:13:07,6,4
222861893010661,113492353010661,2008,42,9,11,3078.0,1.0,2,MIVI,1,MIVI,4,2010-03-01 11:18:08,2012-02-28 07:14:01,6,4
222861896010661,113492353010661,2008,42,9,11,3078.0,1.0,2,ROMU,1,ROMU,50,2010-03-01 11:18:08,2012-02-28 07:12:13,6,4
222861881010661,113492353010661,2008,42,9,11,3078.0,2.0,2,ALPE4,1,ALPE4,10,2010-03-01 11:18:08,2012-02-28 07:12:41,6,4
222861883010661,113492353010661,2008,42,9,11,3078.0,2.0,2,HEMA3,1,HEMA3,25,2010-03-01 11:18:08,2012-02-28 07:13:07,6,4
222861886010661,113492353010661,2008,42,9,11,3078.0,2.0,2,LOMA6,1,LOMA6,10,2010-03-01 11:18:08,2012-02-28 07:13:07,6,4
222861889010661,113492353010661,2008,42,9,11,3078.0,2.0,2,LOMO2,1,LOMO2,20,2010-03-01 11:18:08,2012-02-28 07:11:49,6,4
222861894010661,113492353010661,2008,42,9,11,3078.0,2.0,2,MIVI,1,MIVI,55,2010-03-01 11:18:08,2012-02-28 07:14:01,6,4
222861897010661,113492353010661,2008,42,9,11,3078.0,2.0,2,ROMU,1,ROMU,30,2010-03-01 11:18:08,2012-02-28 07:12:13,6,4
222861882010661,113492353010661,2008,42,9,11,3078.0,3.0,3,ALPE4,1,ALPE4,9,2010-03-01 11:18:08,2012-02-28 07:12:41,6,4
222861884010661,113492353010661,2008,42,9,11,3078.0,3.0,3,HEMA3,1,HEMA3,4,2010-03-01 11:18:08,2012-02-28 07:13:07,6,4
222862240010661,113492485010661,2008,42,8,115,5281.0,2.0,2,LOMO2,1,LOMO2,11,2010-03-01 11:18:09,2012-02-28 07:06:10,6,4
222862241010661,113492485010661,2008,42,8,115,5281.0,2.0,2,ROMU,1,ROMU,7,2010-03-01 11:18:09,2012-02-28 07:07:22,6,4
222862243010661,113492489010661,2008,42,8,115,5533.0,1.0,1,BETH,1,BETH,1,2010-03-01 11:18:09,2012-02-28 07:12:30,6,4
222862246010661,113492489010661,2008,42,8,115,5533.0,1.0,1,ROMU,1,ROMU,1,2010-03-01 11:18:09,2012-02-28 07:12:30,6,4
222862242010661,113492489010661,2008,42,8,115,5533.0,2.0,1,ALPE4,1,ALPE4,1,2010-03-01 11:18:09,2012-02-28 07:12:30,6,4
222862244010661,113492489010661,2008,42,8,115,5533.0,2.0,1,LOTA,1,LOTA,1,2010-03-01 11:18:09,2012-02-28 07:11:39,6,4
222862247010661,113492489010661,2008,42,8,115,5533.0,2.0,1,ROMU,1,ROMU,1,2010-03-01 11:18:09,2012-02-28 07:12:30,6,4
222862245010661,113492489010661,2008,42,8,115,5533.0,4.0,1,LOTA,1,LOTA,1,2010-03-01 11:18:09,2012-02-28 07:11:39,6,4
222862248010661,113492489010661,2008,42,8,115,5533.0,4.0,1,ROMU,1,ROMU,3,2010-03-01 11:18:09,2012-02-28 07:12:30,6,4
222862303010661,113492497010661,2008,42,8,131,3153.0,1.0,1,ALPE4,1,ALPE4,3,2010-03-01 11:18:09,2012-02-28 07:13:52,6,4
222862306010661,113492497010661,2008,42,8,131,3153.0,1.0,1,ELUM,1,ELUM,30,2010-03-01 11:18:09,2012-02-28 07:14:50,6,4
222862309010661,113492497010661,2008,42,8,131,3153.0,1.0,1,HEHE,1,HEHE,1,2010-03-01 11:18:09,2012-02-28 07:11:39,6,4
222862312010661,113492497010661,2008,42,8,131,3153.0,1.0,1,LOTA,1,LOTA,3,2010-03-01 11:18:09,2012-02-28 07:13:25,6,4
222862315010661,113492497010661,2008,42,8,131,3153.0,1.0,1,ROMU,1,ROMU,3,2010-03-01 11:18:09,2012-02-28 07:13:25,6,4
222862304010661,113492497010661,2008,42,8,131,3153.0,2.0,1,ALPE4,1,ALPE4,5,2010-03-01 11:18:09,2012-02-28 07:13:52,6,4
222862307010661,113492497010661,2008,42,8,131,3153.0,2.0,1,ELUM,1,ELUM,25,2010-03-01 11:18:09,2012-02-28 07:14:50,6,4
222862311010661,113492497010661,2008,42,8,131,3153.0,2.0,1,LOMA6,1,LOMA6,5,2010-03-01 11:18:09,2012-02-28 07:14:20,6,4
222862313010661,113492497010661,2008,42,8,131,3153.0,2.0,1,LOTA,1,LOTA,8,2010-03-01 11:18:09,2012-02-28 07:13:25,6,4
222862316010661,113492497010661,2008,42,8,131,3153.0,2.0,1,ROMU,1,ROMU,1,2010-03-01 11:18:09,2012-02-28 07:13:25,6,4
222861464010661,122561958010661,2007,42,6,35,2045.0,1.0,1,ROPS,1,ROPS,1,2010-03-01 11:17:59,2012-02-28 07:11:29,6,3
222861465010661,122561958010661,2007,42,6,35,2045.0,3.0,1,ROPS,1,ROPS,1,2010-03-01 11:17:59,2012-02-28 07:11:29,6,3
222861436010661,122561666010661,2007,42,8,15,2727.0,1.0,1,ROMU,1,ROMU,2,2010-03-01 11:17:59,2012-02-28 07:07:09,6,3
222861798010661,122561530010661,2007,42,9,133,2620.0,1.0,1,ALPE4,1,ALPE4,8,2010-03-01 11:18:00,2012-02-28 07:11:28,6,3
222861802010661,122561530010661,2007,42,9,133,2620.0,1.0,1,LOMA6,1,LOMA6,20,2010-03-01 11:18:00,2012-02-28 07:11:28,6,3
222861583010661,122561984010661,2007,42,0,61,2504.0,2.0,1,ROPS,1,ROPS,1,2010-03-01 11:18:00,2012-02-29 11:15:28,6,3
222861809010661,122561530010661,2007,42,9,133,2620.0,1.0,1,POBO10,1,POBO10,2,2010-03-01 11:18:00,2012-02-28 07:13:12,6,3
222861813010661,122561530010661,2007,42,9,133,2620.0,1.0,1,ROMU,1,ROMU,70,2010-03-01 11:18:00,2012-02-28 07:12:45,6,3
222861799010661,122561530010661,2007,42,9,133,2620.0,2.0,1,ALPE4,1,ALPE4,20,2010-03-01 11:18:00,2012-02-28 07:11:28,6,3
222861803010661,122561530010661,2007,42,9,133,2620.0,2.0,1,LOMA6,1,LOMA6,1,2010-03-01 11:18:00,2012-02-28 07:11:28,6,3
222861807010661,122561530010661,2007,42,9,133,2620.0,2.0,1,MIVI,1,MIVI,20,2010-03-01 11:18:00,2012-02-28 07:13:38,6,3
222861810010661,122561530010661,2007,42,9,133,2620.0,2.0,1,POBO10,1,POBO10,3,2010-03-01 11:18:00,2012-02-28 07:13:12,6,3
222861814010661,122561530010661,2007,42,9,133,2620.0,2.0,1,ROMU,1,ROMU,50,2010-03-01 11:18:00,2012-02-28 07:12:45,6,3
222861800010661,122561530010661,2007,42,9,133,2620.0,3.0,1,ALPE4,1,ALPE4,15,2010-03-01 11:18:00,2012-02-28 07:11:28,6,3
222861804010661,122561530010661,2007,42,9,133,2620.0,3.0,1,LOMO2,1,LOMO2,2,2010-03-01 11:18:00,2012-02-28 07:14:06,6,3
222861811010661,122561530010661,2007,42,9,133,2620.0,3.0,1,POBO10,1,POBO10,5,2010-03-01 11:18:00,2012-02-28 07:13:12,6,3
222861815010661,122561530010661,2007,42,9,133,2620.0,3.0,1,ROMU,1,ROMU,70,2010-03-01 11:18:00,2012-02-28 07:12:45,6,3
222861801010661,122561530010661,2007,42,9,133,2620.0,4.0,1,ALPE4,1,ALPE4,10,2010-03-01 11:18:00,2012-02-28 07:11:28,6,3
222861805010661,122561530010661,2007,42,9,133,2620.0,4.0,1,LOMO2,1,LOMO2,2,2010-03-01 11:18:00,2012-02-28 07:14:06,6,3
222861808010661,122561530010661,2007,42,9,133,2620.0,4.0,1,MIVI,1,MIVI,18,2010-03-01 11:18:00,2012-02-28 07:13:38,6,3
222861812010661,122561530010661,2007,42,9,133,2620.0,4.0,1,POBO10,1,POBO10,8,2010-03-01 11:18:00,2012-02-28 07:13:12,6,3
222861816010661,122561530010661,2007,42,9,133,2620.0,4.0,1,ROMU,1,ROMU,60,2010-03-01 11:18:00,2012-02-28 07:12:45,6,3
222861485010661,122562628010661,2007,42,5,49,1964.0,1.0,2,CIVU,1,CIVU,10,2010-03-01 11:17:59,2012-02-28 07:14:07,6,3
222861487010661,122562628010661,2007,42,5,49,1964.0,2.0,2,ROMU,1,ROMU,5,2010-03-01 11:17:59,2012-02-28 07:14:07,6,3
222861486010661,122562628010661,2007,42,5,49,1964.0,4.0,2,CIVU,1,CIVU,35,2010-03-01 11:17:59,2012-02-28 07:14:07,6,3
222861488010661,122562628010661,2007,42,5,49,1964.0,4.0,2,ROMU,1,ROMU,2,2010-03-01 11:17:59,2012-02-28 07:14:07,6,3
222861467010661,122562936010661,2007,42,5,39,2047.0,2.0,1,ROMU,1,ROMU,3,2010-03-01 11:17:59,2012-02-28 07:06:19,6,3
222861468010661,122562936010661,2007,42,5,39,2047.0,3.0,2,ROMU,1,ROMU,1,2010-03-01 11:17:59,2012-02-29 11:15:33,6,3
222861477010661,122562128010661,2007,42,6,47,2050.0,1.0,1,BETH,1,BETH,2,2010-03-01 11:17:59,2012-02-28 07:06:40,6,3
222861478010661,122562128010661,2007,42,6,47,2050.0,1.0,1,CIVU,1,CIVU,1,2010-03-01 11:17:59,2012-02-28 07:02:48,6,3
222861480010661,122562128010661,2007,42,6,47,2050.0,1.0,1,ELUM,1,ELUM,2,2010-03-01 11:17:59,2012-02-28 07:02:55,6,3
222861479010661,122562128010661,2007,42,6,47,2050.0,2.0,1,CIVU,1,CIVU,1,2010-03-01 11:17:59,2012-02-29 11:15:28,6,3
222861391010661,122562754010661,2007,42,9,11,2310.0,1.0,1,AIAL,1,AIAL,3,2010-03-01 11:17:59,2012-02-28 07:02:31,6,3
222861395010661,122562754010661,2007,42,9,11,2310.0,1.0,1,MIVI,1,MIVI,8,2010-03-01 11:17:59,2012-02-28 07:02:25,6,3
222861399010661,122562754010661,2007,42,9,11,2310.0,1.0,1,ROMU,1,ROMU,2,2010-03-01 11:17:59,2012-02-28 07:06:12,6,3
222861392010661,122562754010661,2007,42,9,11,2310.0,2.0,1,AIAL,1,AIAL,1,2010-03-01 11:17:59,2012-02-28 07:02:38,6,3
222861396010661,122562754010661,2007,42,9,11,2310.0,2.0,1,MIVI,1,MIVI,5,2010-03-01 11:17:59,2012-02-28 07:02:44,6,3
222861400010661,122562754010661,2007,42,9,11,2310.0,2.0,1,ROMU,1,ROMU,3,2010-03-01 11:17:59,2012-02-28 07:06:55,6,3
222861393010661,122562754010661,2007,42,9,11,2310.0,3.0,1,AIAL,1,AIAL,1,2010-03-01 11:17:59,2012-02-29 11:15:33,6,3
222861394010661,122562754010661,2007,42,9,11,2310.0,3.0,1,BETH,1,BETH,1,2010-03-01 11:17:59,2012-02-29 11:15:28,6,3
222861397010661,122562754010661,2007,42,9,11,2310.0,3.0,1,MIVI,1,MIVI,5,2010-03-01 11:17:59,2012-02-28 07:02:25,6,3
222861401010661,122562754010661,2007,42,9,11,2310.0,3.0,1,ROMU,1,ROMU,2,2010-03-01 11:17:59,2012-02-28 07:07:25,6,3
222861398010661,122562754010661,2007,42,9,11,2310.0,4.0,1,MIVI,1,MIVI,5,2010-03-01 11:17:59,2012-02-28 07:02:57,6,3
222861402010661,122562754010661,2007,42,9,11,2310.0,4.0,1,ROMU,1,ROMU,2,2010-03-01 11:17:59,2012-02-28 07:06:55,6,3
222861466010661,122562876010661,2007,42,8,37,2858.0,4.0,1,CEBI2,1,CESTM,30,2010-03-01 11:17:59,2012-02-28 07:14:06,6,3
222861719010661,122562166010661,2007,42,7,111,2122.0,1.0,1,ROPS,1,ROPS,2,2010-03-01 11:18:00,2012-02-28 07:02:25,6,3
222861718010661,122562166010661,2007,42,7,111,2122.0,2.0,1,MIVI,1,MIVI,1,2010-03-01 11:18:00,2012-02-28 07:07:25,6,3
222861720010661,122562166010661,2007,42,7,111,2122.0,2.0,1,ROPS,1,ROPS,3,2010-03-01 11:18:00,2012-02-28 07:03:10,6,3
222861721010661,122562166010661,2007,42,7,111,2122.0,3.0,1,ROPS,1,ROPS,12,2010-03-01 11:18:00,2012-02-28 07:03:03,6,3
222861722010661,122562166010661,2007,42,7,111,2122.0,4.0,1,ROPS,1,ROPS,1,2010-03-01 11:18:00,2012-02-28 07:02:25,6,3
234803235010661,122562166010661,2007,42,7,111,2122.0,4.0,2,ROPS,1,ROPS,6,2010-03-01 11:18:00,2012-02-28 07:02:25,6,3
222861469010661,122562654010661,2007,42,5,39,2223.0,1.0,1,ALPE4,1,ALPE4,1,2010-03-01 11:17:59,2012-02-28 07:14:06,6,3
222861471010661,122562654010661,2007,42,5,39,2223.0,1.0,1,HEMA3,1,HEMA3,1,2010-03-01 11:17:59,2012-02-28 07:14:35,6,3
222861473010661,122562654010661,2007,42,5,39,2223.0,1.0,1,LOTA,1,LOTA,1,2010-03-01 11:17:59,2012-02-28 07:13:11,6,3
222861474010661,122562654010661,2007,42,5,39,2223.0,1.0,1,ROMU,1,ROMU,1,2010-03-01 11:17:59,2012-02-28 07:14:35,6,3
222861472010661,122562654010661,2007,42,5,39,2223.0,2.0,1,HEMA3,1,HEMA3,1,2010-03-01 11:17:59,2012-02-28 07:14:35,6,3
222861475010661,122562654010661,2007,42,5,39,2223.0,2.0,1,ROMU,1,ROMU,2,2010-03-01 11:17:59,2012-02-28 07:14:35,6,3
222861476010661,122562654010661,2007,42,5,39,2223.0,3.0,1,ROMU,1,ROMU,1,2010-03-01 11:17:59,2012-02-28 07:14:35,6,3
222861470010661,122562654010661,2007,42,5,39,2223.0,4.0,2,ALPE4,1,ALPE4,1,2010-03-01 11:17:59,2012-02-28 07:14:06,6,3
222861560010661,122563030010661,2007,42,5,59,2560.0,1.0,1,ELUM,1,ELUM,20,2010-03-01 11:18:00,2012-02-28 07:13:38,6,3
222861562010661,122563030010661,2007,42,5,59,2560.0,1.0,1,ROMU,1,ROMU,10,2010-03-01 11:18:00,2012-02-28 07:11:54,6,3
222861559010661,122563030010661,2007,42,5,59,2560.0,3.0,1,AIAL,1,AIAL,38,2010-03-01 11:18:00,2012-02-28 07:13:38,6,3
222861561010661,122563030010661,2007,42,5,59,2560.0,3.0,1,ELUM,1,ELUM,5,2010-03-01 11:18:00,2012-02-28 07:13:38,6,3
222861563010661,122563030010661,2007,42,5,59,2560.0,3.0,1,ROMU,1,ROMU,20,2010-03-01 11:18:00,2012-02-28 07:11:54,6,3
222861510010661,122562268010661,2007,42,7,51,2763.0,1.0,1,BETH,1,BETH,1,2010-03-01 11:17:59,2012-02-28 07:06:25,6,3
222861513010661,122562268010661,2007,42,7,51,2763.0,1.0,1,ROMU,1,ROMU,1,2010-03-01 11:17:59,2012-02-28 07:06:25,6,3
222861515010661,122562268010661,2007,42,7,51,2763.0,1.0,1,ROPS,1,ROPS,5,2010-03-01 11:17:59,2012-02-28 07:06:12,6,3
222861511010661,122562268010661,2007,42,7,51,2763.0,2.0,1,BETH,1,BETH,5,2010-03-01 11:17:59,2012-02-28 07:05:45,6,3
222861514010661,122562268010661,2007,42,7,51,2763.0,2.0,1,ROMU,1,ROMU,1,2010-03-01 11:17:59,2012-02-28 07:06:40,6,3
222861516010661,122562268010661,2007,42,7,51,2763.0,2.0,1,ROPS,1,ROPS,3,2010-03-01 11:17:59,2012-02-28 07:05:44,6,3
222861512010661,122562268010661,2007,42,7,51,2763.0,3.0,1,MIVI,1,MIVI,1,2010-03-01 11:17:59,2012-02-29 11:15:28,6,3
222861517010661,122562268010661,2007,42,7,51,2763.0,3.0,1,ROPS,1,ROPS,4,2010-03-01 11:17:59,2012-02-28 07:05:44,6,3
222861518010661,122562268010661,2007,42,7,51,2763.0,4.0,1,ROPS,1,ROPS,3,2010-03-01 11:17:59,2012-02-28 07:07:25,6,3
222861602010661,122561786010661,2007,42,0,67,2054.0,2.0,1,MIVI,1,MIVI,20,2010-03-01 11:18:00,2012-02-28 07:13:12,6,3
222861603010661,122561786010661,2007,42,0,67,2054.0,2.0,1,ROMU,1,ROMU,10,2010-03-01 11:18:00,2012-02-28 07:12:45,6,3
222861601010661,122561786010661,2007,42,0,67,2054.0,3.0,1,BEVU,1,BEVU,2,2010-03-01 11:18:00,2012-02-28 07:11:54,6,3
152864448020004,122561816010661,2007,42,0,55,1954.0,3.0,1,CEOR,1,CEOR7,5,2012-12-07 10:11:46,,6,3
222861531010661,122561816010661,2007,42,0,55,1954.0,1.0,1,ROMU,1,ROMU,1,2010-03-01 11:17:59,2012-02-28 07:07:09,6,3
222861534010661,122561816010661,2007,42,0,55,1954.0,1.0,1,ROPS,1,ROPS,12,2010-03-01 11:17:59,2012-02-28 07:02:57,6,3
222861526010661,122561816010661,2007,42,0,55,1954.0,3.0,1,ALPE4,1,ALPE4,3,2010-03-01 11:17:59,2012-02-28 07:02:31,6,3
222861528010661,122561816010661,2007,42,0,55,1954.0,3.0,1,BETH,1,BETH,10,2010-03-01 11:17:59,2012-02-28 07:02:45,6,3
222861529010661,122561816010661,2007,42,0,55,1954.0,3.0,1,MIVI,1,MIVI,4,2010-03-01 11:17:59,2012-02-28 07:02:25,6,3
222861532010661,122561816010661,2007,42,0,55,1954.0,3.0,1,ROMU,1,ROMU,2,2010-03-01 11:17:59,2012-02-28 07:07:09,6,3
222861535010661,122561816010661,2007,42,0,55,1954.0,3.0,1,ROPS,1,ROPS,3,2010-03-01 11:17:59,2012-02-28 07:03:11,6,3
222861527010661,122561816010661,2007,42,0,55,1954.0,4.0,1,ALPE4,1,ALPE4,5,2010-03-01 11:17:59,2012-02-28 07:02:31,6,3
222861530010661,122561816010661,2007,42,0,55,1954.0,4.0,1,MIVI,1,MIVI,2,2010-03-01 11:17:59,2012-02-28 07:02:25,6,3
222861533010661,122561816010661,2007,42,0,55,1954.0,4.0,1,ROMU,1,ROMU,1,2010-03-01 11:17:59,2012-02-28 07:05:59,6,3
222861536010661,122561816010661,2007,42,0,55,1954.0,4.0,1,ROPS,1,ROPS,4,2010-03-01 11:17:59,2012-02-28 07:02:38,6,3
222861438010661,122562532010661,2007,42,5,19,1957.0,2.0,2,ALPE4,1,ALPE4,20,2010-03-01 11:17:59,2012-02-28 07:03:05,6,3
222861440010661,122562532010661,2007,42,5,19,1957.0,2.0,2,BETH,1,BETH,1,2010-03-01 11:17:59,2012-02-28 07:07:10,6,3
222861442010661,122562532010661,2007,42,5,19,1957.0,2.0,2,ROMU,1,ROMU,10,2010-03-01 11:17:59,2012-02-28 07:07:10,6,3
222861439010661,122562532010661,2007,42,5,19,1957.0,3.0,2,ALPE4,1,ALPE4,5,2010-03-01 11:17:59,2012-02-28 07:02:26,6,3
222861441010661,122562532010661,2007,42,5,19,1957.0,3.0,2,BETH,1,BETH,2,2010-03-01 11:17:59,2012-02-28 07:05:45,6,3
222861806010661,122561530010661,2007,42,9,133,2620.0,1.0,1,LOTA,1,LOTA,20,2010-03-01 11:18:00,2012-02-28 07:14:35,6,3
222862178010661,113492239010661,2008,42,8,103,3045.0,3.0,1,BETH,1,BETH,2,2010-03-01 11:18:09,2012-02-28 07:06:23,6,4
222862111010661,113492303010661,2008,42,9,71,5901.0,1.0,1,AIAL,1,AIAL,7,2010-03-01 11:18:08,2012-02-28 07:12:32,6,4
222862114010661,113492303010661,2008,42,9,71,5901.0,1.0,1,ALPE4,1,ALPE4,5,2010-03-01 11:18:08,2012-02-28 07:13:26,6,4
222862116010661,113492303010661,2008,42,9,71,5901.0,1.0,1,LOJA,1,LOJA,35,2010-03-01 11:18:08,2012-02-28 07:12:58,6,4
222862120010661,113492303010661,2008,42,9,71,5901.0,1.0,1,ROMU,1,ROMU,1,2010-03-01 11:18:08,2012-02-28 07:14:21,6,4
222862121010661,113492303010661,2008,42,9,71,5901.0,1.0,1,ROPS,1,ROPS,1,2010-03-01 11:18:08,2012-02-28 07:12:06,6,4
222862123010661,113492303010661,2008,42,9,71,5901.0,1.0,1,SPJA,1,SPJA,1,2010-03-01 11:18:08,2012-02-28 07:14:51,6,4
222862110010661,113492303010661,2008,42,9,71,5901.0,2.0,1,ACPL,1,ACPL,1,2010-03-01 11:18:08,2012-02-28 07:13:27,6,4
222862112010661,113492303010661,2008,42,9,71,5901.0,2.0,1,AIAL,1,AIAL,10,2010-03-01 11:18:08,2012-02-28 07:12:32,6,4
222862115010661,113492303010661,2008,42,9,71,5901.0,2.0,1,ALPE4,1,ALPE4,30,2010-03-01 11:18:08,2012-02-28 07:13:26,6,4
222862117010661,113492303010661,2008,42,9,71,5901.0,2.0,1,LOJA,1,LOJA,24,2010-03-01 11:18:08,2012-02-28 07:12:58,6,4
222862113010661,113492303010661,2008,42,9,71,5901.0,3.0,1,AIAL,1,AIAL,25,2010-03-01 11:18:08,2012-02-28 07:12:32,6,4
222862118010661,113492303010661,2008,42,9,71,5901.0,3.0,1,LOJA,1,LOJA,35,2010-03-01 11:18:08,2012-02-28 07:12:58,6,4
222862119010661,113492303010661,2008,42,9,71,5901.0,4.0,1,LOJA,1,LOJA,2,2010-03-01 11:18:08,2012-02-28 07:12:58,6,4
222862122010661,113492303010661,2008,42,9,71,5901.0,4.0,1,ROPS,1,ROPS,1,2010-03-01 11:18:08,2012-02-28 07:12:06,6,4
222862250010661,113492949010661,2008,42,6,117,4512.0,4.0,2,LOMO2,1,LOMO2,1,2010-03-01 11:18:09,2012-02-28 07:12:05,6,4
222862177010661,113492239010661,2008,42,8,103,3045.0,2.0,1,BETH,1,BETH,5,2010-03-01 11:18:09,2012-02-28 07:05:43,6,4
222861954010661,113493207010661,2008,42,7,21,5310.0,3.0,1,ROMU,1,ROMU,7,2010-03-01 11:18:08,2012-02-28 07:12:05,6,4
222861949010661,113493207010661,2008,42,7,21,5310.0,4.0,1,BETH,1,BETH,10,2010-03-01 11:18:08,2012-02-28 07:14:20,6,4
222861952010661,113493207010661,2008,42,7,21,5310.0,4.0,1,MIVI,1,MIVI,3,2010-03-01 11:18:08,2012-02-28 07:13:51,6,4
222861955010661,113493207010661,2008,42,7,21,5310.0,4.0,1,ROMU,1,ROMU,8,2010-03-01 11:18:08,2012-02-28 07:12:05,6,4
222861988010661,113493267010661,2008,42,6,33,3637.0,1.0,1,LONIC,1,LONIC,1,2010-03-01 11:18:08,2012-02-29 11:15:31,6,4
222861991010661,113493267010661,2008,42,6,33,3637.0,1.0,1,ROMU,1,ROMU,1,2010-03-01 11:18:08,2012-02-28 07:07:07,6,4
222861989010661,113493267010661,2008,42,6,33,3637.0,2.0,1,LONIC,1,LONIC,14,2010-03-01 11:18:08,2012-02-28 07:02:43,6,4
222861990010661,113493267010661,2008,42,6,33,3637.0,2.0,1,RHAMN,1,FRAL4,8,2010-03-01 11:18:08,2012-02-28 07:03:08,6,4
222861992010661,113493267010661,2008,42,6,33,3637.0,2.0,1,ROMU,1,ROMU,5,2010-03-01 11:18:08,2012-02-28 07:07:07,6,4
222862237010661,113492611010661,2008,42,6,113,4875.0,1.0,1,CIVU,1,CIVU,1,2010-03-01 11:18:09,2012-02-28 07:12:30,6,4
222862238010661,113492611010661,2008,42,6,113,4875.0,4.0,1,CIVU,1,CIVU,1,2010-03-01 11:18:09,2012-02-28 07:12:30,6,4
222862142010661,113492863010661,2008,42,6,81,4907.0,1.0,1,BETH,1,BETH,1,2010-03-01 11:18:09,2012-02-28 07:13:29,6,4
222861993010661,113493271010661,2008,42,6,33,3272.0,3.0,1,ELUM,1,ELUM,1,2010-03-01 11:18:08,2012-02-28 07:12:29,6,4
222861994010661,113493271010661,2008,42,6,33,3272.0,3.0,1,ROMU,1,ROMU,1,2010-03-01 11:18:08,2012-02-28 07:14:49,6,4
222861960010661,113493157010661,2008,42,6,23,4610.0,2.0,2,LOMA6,1,LOMA6,1,2010-03-01 11:18:08,2012-02-29 11:15:31,6,4
222861851010661,113494025010661,2008,42,5,5,3303.0,1.0,1,ROMU,1,ROMU,1,2010-03-01 11:18:08,2012-02-29 11:15:31,6,4
222861850010661,113494025010661,2008,42,5,5,3303.0,4.0,1,POCU6,1,POCU6,1,2010-03-01 11:18:08,2012-02-29 11:15:31,6,4
222861852010661,113494025010661,2008,42,5,5,3303.0,4.0,1,ROMU,1,ROMU,1,2010-03-01 11:18:08,2012-02-29 11:15:31,6,4
222862143010661,113493241010661,2008,42,6,83,4765.0,2.0,1,CIVU,1,CIVU,1,2010-03-01 11:18:09,2012-02-28 07:12:29,6,4
222862144010661,113493241010661,2008,42,6,83,4765.0,4.0,1,CIVU,1,CIVU,1,2010-03-01 11:18:09,2012-02-28 07:12:29,6,4
222861871010661,113492271010661,2008,42,9,11,4419.0,1.0,1,LOMO2,1,LOMO2,42,2010-03-01 11:18:08,2012-02-28 07:11:40,6,4
222861876010661,113492271010661,2008,42,9,11,4419.0,1.0,1,ROMU,1,ROMU,10,2010-03-01 11:18:08,2012-02-28 07:12:30,6,4
222861868010661,113492271010661,2008,42,9,11,4419.0,2.0,1,BETH,1,BETH,1,2010-03-01 11:18:08,2012-02-28 07:12:31,6,4
222861872010661,113492271010661,2008,42,9,11,4419.0,2.0,1,LOMO2,1,LOMO2,7,2010-03-01 11:18:08,2012-02-28 07:11:40,6,4
222861877010661,113492271010661,2008,42,9,11,4419.0,2.0,1,ROMU,1,ROMU,1,2010-03-01 11:18:08,2012-02-28 07:12:30,6,4
222861867010661,113492271010661,2008,42,9,11,4419.0,3.0,1,ALPE4,1,ALPE4,15,2010-03-01 11:18:08,2012-02-28 07:12:31,6,4
222861873010661,113492271010661,2008,42,9,11,4419.0,3.0,1,LOMO2,1,LOMO2,4,2010-03-01 11:18:08,2012-02-28 07:11:40,6,4
222861878010661,113492271010661,2008,42,9,11,4419.0,3.0,1,ROMU,1,ROMU,1,2010-03-01 11:18:08,2012-02-28 07:12:30,6,4
222862251010661,113492949010661,2008,42,6,117,4512.0,4.0,2,ROMU,1,ROMU,1,2010-03-01 11:18:09,2012-02-28 07:14:20,6,4
222861970010661,113493169010661,2008,42,6,33,3063.0,1.0,1,ALPE4,1,ALPE4,50,2010-03-01 11:18:08,2012-02-28 07:12:30,6,4
222861971010661,113493169010661,2008,42,6,33,3063.0,2.0,1,ALPE4,1,ALPE4,40,2010-03-01 11:18:08,2012-02-28 07:12:30,6,4
222861972010661,113493169010661,2008,42,6,33,3063.0,3.0,1,ALPE4,1,ALPE4,40,2010-03-01 11:18:08,2012-02-28 07:12:30,6,4
222861973010661,113493169010661,2008,42,6,33,3063.0,4.0,1,ALPE4,1,ALPE4,20,2010-03-01 11:18:08,2012-02-28 07:12:30,6,4
222861946010661,113493207010661,2008,42,7,21,5310.0,1.0,1,BETH,1,BETH,1,2010-03-01 11:18:08,2012-02-28 07:14:20,6,4
222861950010661,113493207010661,2008,42,7,21,5310.0,1.0,1,MIVI,1,MIVI,12,2010-03-01 11:18:08,2012-02-28 07:13:51,6,4
222861956010661,113493207010661,2008,42,7,21,5310.0,1.0,1,ROPS,1,ROPS,10,2010-03-01 11:18:08,2012-02-28 07:11:39,6,4
222861947010661,113493207010661,2008,42,7,21,5310.0,2.0,1,BETH,1,BETH,1,2010-03-01 11:18:08,2012-02-28 07:14:20,6,4
222861953010661,113493207010661,2008,42,7,21,5310.0,2.0,1,ROMU,1,ROMU,1,2010-03-01 11:18:08,2012-02-28 07:12:05,6,4
222861948010661,113493207010661,2008,42,7,21,5310.0,3.0,1,BETH,1,BETH,3,2010-03-01 11:18:08,2012-02-28 07:14:20,6,4
222861951010661,113493207010661,2008,42,7,21,5310.0,3.0,1,MIVI,1,MIVI,20,2010-03-01 11:18:08,2012-02-28 07:13:51,6,4
222861443010661,122562532010661,2007,42,5,19,1957.0,3.0,2,ROMU,1,ROMU,5,2010-03-01 11:17:59,2012-02-28 07:07:10,6,3
222861742010661,122562484010661,2007,42,6,123,2717.0,1.0,1,ROMU,1,ROMU,1,2010-03-01 11:18:00,2012-02-29 11:15:28,6,3
222861741010661,122562484010661,2007,42,6,123,2717.0,2.0,1,BETH,1,BETH,1,2010-03-01 11:18:00,2012-02-28 07:06:25,6,3
222861556010661,122562566010661,2007,42,5,59,2433.0,2.0,2,ROMU,1,ROMU,30,2010-03-01 11:18:00,2012-02-28 07:11:28,6,3
222861557010661,122562566010661,2007,42,5,59,2433.0,3.0,2,ROMU,1,ROMU,90,2010-03-01 11:18:00,2012-02-28 07:11:28,6,3
222861380010661,122562988010661,2007,42,7,9,2000.0,3.0,2,LOJA,1,LOJA,4,2010-03-01 11:17:59,2012-02-28 07:02:54,6,3
222861383010661,122562988010661,2007,42,7,9,2000.0,3.0,2,ROMU,1,ROMU,7,2010-03-01 11:17:59,2012-02-28 07:07:02,6,3
222861385010661,122562988010661,2007,42,7,9,2000.0,3.0,2,ROPS,1,ROPS,1,2010-03-01 11:17:59,2012-02-28 07:02:52,6,3
222861386010661,122562990010661,2007,42,7,9,2636.0,1.0,1,BETH,1,BETH,8,2010-03-01 11:17:59,2012-02-28 07:14:06,6,3
222861387010661,122562990010661,2007,42,7,9,2636.0,1.0,1,MIVI,1,MIVI,12,2010-03-01 11:17:59,2012-02-28 07:11:28,6,3
222861389010661,122562990010661,2007,42,7,9,2636.0,2.0,1,ROPS,1,ROPS,2,2010-03-01 11:17:59,2012-02-28 07:14:35,6,3
222861388010661,122562990010661,2007,42,7,9,2636.0,3.0,1,MIVI,1,MIVI,17,2010-03-01 11:17:59,2012-02-28 07:11:28,6,3
222861390010661,122562990010661,2007,42,7,9,2636.0,3.0,1,ROPS,1,ROPS,3,2010-03-01 11:17:59,2012-02-28 07:14:35,6,3
222861545010661,122562808010661,2007,42,0,57,2689.0,2.0,2,CEBI2,1,CESTM,1,2010-03-01 11:18:00,2012-02-28 07:02:57,6,3
222861546010661,122562808010661,2007,42,0,57,2689.0,2.0,2,ELAN,1,ELAN,55,2010-03-01 11:18:00,2012-02-28 07:02:32,6,3
222861547010661,122562808010661,2007,42,0,57,2689.0,2.0,2,LOJA,1,LOJA,2,2010-03-01 11:18:00,2012-02-28 07:03:11,6,3
222861548010661,122562808010661,2007,42,0,57,2689.0,2.0,2,ROMU,1,ROMU,7,2010-03-01 11:18:00,2012-02-28 07:06:19,6,3
222861407010661,122562824010661,2007,42,7,13,2510.0,1.0,1,BEVU,1,BEVU,6,2010-03-01 11:17:59,2012-02-28 07:12:45,6,3
222861416010661,122562824010661,2007,42,7,13,2510.0,1.0,1,ROMU,1,ROMU,10,2010-03-01 11:17:59,2012-02-28 07:13:38,6,3
222861405010661,122562824010661,2007,42,7,13,2510.0,3.0,1,ALPE4,1,ALPE4,3,2010-03-01 11:17:59,2012-02-28 07:13:38,6,3
222861408010661,122562824010661,2007,42,7,13,2510.0,3.0,1,BEVU,1,BEVU,3,2010-03-01 11:17:59,2012-02-28 07:12:45,6,3
222861558010661,122562566010661,2007,42,5,59,2433.0,4.0,2,ROMU,1,ROMU,25,2010-03-01 11:18:00,2012-02-28 07:11:28,6,3
222861672010661,122561864010661,2007,42,6,81,2912.0,1.0,1,BETH,1,BETH,12,2010-03-01 11:18:00,2012-02-28 07:12:17,6,3
222861676010661,122561864010661,2007,42,6,81,2912.0,1.0,1,MIVI,1,MIVI,10,2010-03-01 11:18:00,2012-02-28 07:13:38,6,3
222861679010661,122561864010661,2007,42,6,81,2912.0,1.0,1,ROMU,1,ROMU,1,2010-03-01 11:18:00,2012-02-28 07:11:28,6,3
222861683010661,122561864010661,2007,42,6,81,2912.0,1.0,1,ROPS,1,ROPS,2,2010-03-01 11:18:00,2012-02-28 07:12:45,6,3
222861673010661,122561864010661,2007,42,6,81,2912.0,2.0,1,BETH,1,BETH,2,2010-03-01 11:18:00,2012-02-28 07:12:17,6,3
222861680010661,122561864010661,2007,42,6,81,2912.0,2.0,1,ROMU,1,ROMU,1,2010-03-01 11:18:00,2012-02-28 07:11:28,6,3
222861684010661,122561864010661,2007,42,6,81,2912.0,2.0,1,ROPS,1,ROPS,1,2010-03-01 11:18:00,2012-02-28 07:12:45,6,3
222861674010661,122561864010661,2007,42,6,81,2912.0,3.0,1,BETH,1,BETH,1,2010-03-01 11:18:00,2012-02-28 07:12:17,6,3
222861677010661,122561864010661,2007,42,6,81,2912.0,3.0,1,MIVI,1,MIVI,6,2010-03-01 11:18:00,2012-02-28 07:13:38,6,3
222861681010661,122561864010661,2007,42,6,81,2912.0,3.0,1,ROMU,1,ROMU,1,2010-03-01 11:18:00,2012-02-28 07:11:28,6,3
222861685010661,122561864010661,2007,42,6,81,2912.0,3.0,1,ROPS,1,ROPS,3,2010-03-01 11:18:00,2012-02-28 07:12:45,6,3
222861675010661,122561864010661,2007,42,6,81,2912.0,4.0,1,BETH,1,BETH,5,2010-03-01 11:18:00,2012-02-28 07:12:17,6,3
222861678010661,122561864010661,2007,42,6,81,2912.0,4.0,1,MIVI,1,MIVI,9,2010-03-01 11:18:00,2012-02-28 07:13:38,6,3
222861682010661,122561864010661,2007,42,6,81,2912.0,4.0,1,ROMU,1,ROMU,1,2010-03-01 11:18:00,2012-02-28 07:11:28,6,3
222861686010661,122561864010661,2007,42,6,81,2912.0,4.0,1,ROPS,1,ROPS,1,2010-03-01 11:18:00,2012-02-28 07:12:45,6,3
222861352010661,122562434010661,2007,42,5,5,2625.0,1.0,1,ROMU,1,ROMU,2,2010-03-01 11:17:59,2012-02-28 07:07:10,6,3
222861353010661,122562434010661,2007,42,5,5,2625.0,2.0,1,ROMU,1,ROMU,1,2010-03-01 11:17:59,2012-02-28 07:07:25,6,3
222861354010661,122562434010661,2007,42,5,5,2625.0,3.0,1,ROMU,1,ROMU,1,2010-03-01 11:17:59,2012-02-28 07:07:10,6,3
222861355010661,122562434010661,2007,42,5,5,2625.0,4.0,1,ROMU,1,ROMU,2,2010-03-01 11:17:59,2012-02-28 07:05:59,6,3
222861628010661,122561438010661,2007,42,9,71,2824.0,3.0,2,ACPL,1,ACPL,1,2010-03-01 11:18:00,2012-02-28 07:06:25,6,3
222861629010661,122561438010661,2007,42,9,71,2824.0,3.0,2,AIAL,1,AIAL,1,2010-03-01 11:18:00,2012-02-28 07:02:25,6,3
222861630010661,122561438010661,2007,42,9,71,2824.0,3.0,2,ALPE4,1,ALPE4,5,2010-03-01 11:18:00,2012-02-28 07:02:44,6,3
222861631010661,122561438010661,2007,42,9,71,2824.0,3.0,2,LIVU,1,LIVU,1,2010-03-01 11:18:00,2012-02-29 11:15:28,6,3
222861632010661,122561438010661,2007,42,9,71,2824.0,3.0,2,ROMU,1,ROMU,1,2010-03-01 11:18:00,2012-02-28 07:05:44,6,3
222861786010661,122562358010661,2007,42,5,129,2903.0,1.0,1,MIVI,1,MIVI,1,2010-03-01 11:18:00,2012-02-29 11:15:33,6,3
222861789010661,122562358010661,2007,42,5,129,2903.0,1.0,1,ROMU,1,ROMU,1,2010-03-01 11:18:00,2012-02-29 11:15:28,6,3
222861782010661,122562358010661,2007,42,5,129,2903.0,2.0,1,BETH,1,BETH,1,2010-03-01 11:18:00,2012-02-28 07:05:45,6,3
222861784010661,122562358010661,2007,42,5,129,2903.0,2.0,1,LIVU,1,LIVU,1,2010-03-01 11:18:00,2012-02-29 11:15:28,6,3
222861787010661,122562358010661,2007,42,5,129,2903.0,2.0,1,MIVI,1,MIVI,1,2010-03-01 11:18:00,2012-02-28 07:07:10,6,3
222861790010661,122562358010661,2007,42,5,129,2903.0,2.0,1,ROMU,1,ROMU,1,2010-03-01 11:18:00,2012-02-28 07:07:25,6,3
222861791010661,122562358010661,2007,42,5,129,2903.0,3.0,1,ROMU,1,ROMU,1,2010-03-01 11:18:00,2012-02-28 07:06:54,6,3
222861792010661,122562358010661,2007,42,5,129,2903.0,4.0,1,ROMU,1,ROMU,1,2010-03-01 11:18:00,2012-02-29 11:15:33,6,3
222861783010661,122562358010661,2007,42,5,129,2903.0,3.0,1,BETH,1,BETH,1,2010-03-01 11:18:00,2012-02-29 11:15:28,6,3
222861785010661,122562358010661,2007,42,5,129,2903.0,3.0,1,LOJA,1,LOJA,4,2010-03-01 11:18:00,2012-02-28 07:02:32,6,3
222861788010661,122562358010661,2007,42,5,129,2903.0,3.0,1,MIVI,1,MIVI,1,2010-03-01 11:18:00,2012-02-28 07:06:54,6,3
222861729010661,122561932010661,2007,42,6,117,2804.0,1.0,1,LOMO2,1,LOMO2,1,2010-03-01 11:18:00,2012-02-28 07:14:35,6,3
222861731010661,122561932010661,2007,42,6,117,2804.0,1.0,1,ROMU,1,ROMU,2,2010-03-01 11:18:00,2012-02-28 07:12:45,6,3
222861727010661,122561932010661,2007,42,6,117,2804.0,2.0,1,ELUM,1,ELUM,1,2010-03-01 11:18:00,2012-02-28 07:12:17,6,3
222861732010661,122561932010661,2007,42,6,117,2804.0,2.0,1,ROMU,1,ROMU,1,2010-03-01 11:18:00,2012-02-28 07:12:45,6,3
222861733010661,122561932010661,2007,42,6,117,2804.0,3.0,1,ROMU,1,ROMU,5,2010-03-01 11:18:00,2012-02-28 07:12:45,6,3
222861728010661,122561932010661,2007,42,6,117,2804.0,4.0,1,ELUM,1,ELUM,1,2010-03-01 11:18:00,2012-02-28 07:12:17,6,3
222861730010661,122561932010661,2007,42,6,117,2804.0,4.0,1,LOMO2,1,LOMO2,1,2010-03-01 11:18:00,2012-02-28 07:14:35,6,3
222861734010661,122561932010661,2007,42,6,117,2804.0,4.0,1,ROMU,1,ROMU,7,2010-03-01 11:18:00,2012-02-28 07:12:45,6,3
222861432010661,122561728010661,2007,42,8,15,1998.0,1.0,1,ELUM,1,ELUM,1,2010-03-01 11:17:59,2012-02-28 07:11:28,6,3
222861435010661,122561728010661,2007,42,8,15,1998.0,1.0,1,ROMU,1,ROMU,1,2010-03-01 11:17:59,2012-02-28 07:11:54,6,3
222861433010661,122561728010661,2007,42,8,15,1998.0,2.0,1,ELUM,1,ELUM,1,2010-03-01 11:17:59,2012-02-28 07:11:28,6,3
222861434010661,122561728010661,2007,42,8,15,1998.0,3.0,1,ELUM,1,ELUM,2,2010-03-01 11:17:59,2012-02-28 07:11:28,6,3
222861460010661,122562054010661,2007,42,6,33,2118.0,1.0,1,MIVI,1,MIVI,10,2010-03-01 11:17:59,2012-02-28 07:13:38,6,3
222861462010661,122562054010661,2007,42,6,33,2118.0,1.0,1,ROMU,1,ROMU,10,2010-03-01 11:17:59,2012-02-28 07:13:38,6,3
222861461010661,122562054010661,2007,42,6,33,2118.0,2.0,1,MIVI,1,MIVI,10,2010-03-01 11:17:59,2012-02-28 07:13:38,6,3
222861463010661,122562054010661,2007,42,6,33,2118.0,2.0,1,ROMU,1,ROMU,10,2010-03-01 11:17:59,2012-02-28 07:13:38,6,3
222861633010661,122561314010661,2007,42,9,71,2651.0,2.0,2,CEBI2,1,CESTM,2,2010-03-01 11:18:00,2012-02-28 07:13:38,6,3
222861634010661,122561314010661,2007,42,9,71,2651.0,2.0,2,LOJA,1,LOJA,7,2010-03-01 11:18:00,2012-02-28 07:12:17,6,3
222861635010661,122561314010661,2007,42,9,71,2651.0,2.0,2,LOMA6,1,LOMA6,3,2010-03-01 11:18:00,2012-02-28 07:14:06,6,3
222861636010661,122561314010661,2007,42,9,71,2651.0,2.0,2,ROMU,1,ROMU,3,2010-03-01 11:18:00,2012-02-28 07:12:45,6,3
222861456010661,122562508010661,2007,42,6,31,2777.0,1.0,2,ALPE4,1,ALPE4,1,2010-03-01 11:17:59,2012-02-29 11:15:28,6,3
222861457010661,122562508010661,2007,42,6,31,2777.0,1.0,2,LOMO2,1,LOMO2,1,2010-03-01 11:17:59,2012-02-29 11:15:33,6,3
222861458010661,122562508010661,2007,42,6,31,2777.0,4.0,2,LOMO2,1,LOMO2,70,2010-03-01 11:17:59,2012-02-28 07:05:45,6,3
222861459010661,122562508010661,2007,42,6,31,2777.0,4.0,2,ROMU,1,ROMU,2,2010-03-01 11:17:59,2012-02-28 07:05:59,6,3
222861552010661,122562574010661,2007,42,5,59,2524.0,3.0,2,ELAN,1,ELAN,3,2010-03-01 11:18:00,2012-02-28 07:07:25,6,3
222861553010661,122562574010661,2007,42,5,59,2524.0,3.0,2,LOJA,1,LOJA,5,2010-03-01 11:18:00,2012-02-28 07:05:45,6,3
222861554010661,122562574010661,2007,42,5,59,2524.0,3.0,2,ROMU,1,ROMU,5,2010-03-01 11:18:00,2012-02-28 07:06:55,6,3
222861555010661,122562574010661,2007,42,5,59,2524.0,3.0,2,ROPS,1,ROPS,2,2010-03-01 11:18:00,2012-02-28 07:06:40,6,3
152864449020004,122562988010661,2007,42,7,9,2000.0,3.0,2,CEOR,1,CEOR7,5,2012-12-07 10:11:46,,6,3
152864450020004,122562988010661,2007,42,7,9,2000.0,2.0,2,CEOR,1,CEOR7,20,2012-12-07 10:11:47,,6,3
222861376010661,122562988010661,2007,42,7,9,2000.0,2.0,2,2FD,2,HEMA3,1,2010-03-01 11:17:59,2012-02-29 11:15:28,6,3
222861378010661,122562988010661,2007,42,7,9,2000.0,2.0,2,ALPE4,1,ALPE4,1,2010-03-01 11:17:59,2012-02-29 11:15:28,6,3
222861381010661,122562988010661,2007,42,7,9,2000.0,2.0,2,MIVI,1,MIVI,1,2010-03-01 11:17:59,2012-02-28 07:03:10,6,3
222861382010661,122562988010661,2007,42,7,9,2000.0,2.0,2,ROMU,1,ROMU,12,2010-03-01 11:17:59,2012-02-28 07:06:05,6,3
222861384010661,122562988010661,2007,42,7,9,2000.0,2.0,2,ROPS,1,ROPS,6,2010-03-01 11:17:59,2012-02-28 07:02:25,6,3
222861379010661,122562988010661,2007,42,7,9,2000.0,3.0,2,ALPE4,1,ALPE4,5,2010-03-01 11:17:59,2012-02-28 07:02:33,6,3
222861835010661,113493363010661,2008,42,5,5,5338.0,1.0,1,ROMU,1,ROMU,1,2010-03-01 11:18:08,2012-02-28 07:12:04,6,4
222861836010661,113493363010661,2008,42,5,5,5338.0,2.0,1,ROMU,1,ROMU,1,2010-03-01 11:18:08,2012-02-28 07:12:04,6,4
222861834010661,113493363010661,2008,42,5,5,5338.0,3.0,1,ALPE4,1,ALPE4,1,2010-03-01 11:18:08,2012-02-28 07:12:04,6,4
222861837010661,113493363010661,2008,42,5,5,5338.0,4.0,1,ROMU,1,ROMU,1,2010-03-01 11:18:08,2012-02-28 07:12:04,6,4
222862086010661,113493997010661,2008,42,0,57,2926.0,1.0,1,ROPS,1,ROPS,1,2010-03-01 11:18:08,2012-02-28 07:14:19,6,4
222862080010661,113493997010661,2008,42,0,57,2926.0,2.0,1,ALPE4,1,ALPE4,1,2010-03-01 11:18:08,2012-02-28 07:13:24,6,4
222862084010661,113493997010661,2008,42,0,57,2926.0,2.0,1,ROMU,1,ROMU,1,2010-03-01 11:18:08,2012-02-28 07:11:39,6,4
222862087010661,113493997010661,2008,42,0,57,2926.0,2.0,1,ROPS,1,ROPS,1,2010-03-01 11:18:08,2012-02-28 07:14:19,6,4
222862088010661,113493997010661,2008,42,0,57,2926.0,3.0,1,ROPS,1,ROPS,1,2010-03-01 11:18:08,2012-02-28 07:14:19,6,4
222862081010661,113493997010661,2008,42,0,57,2926.0,4.0,1,ALPE4,1,ALPE4,5,2010-03-01 11:18:08,2012-02-28 07:13:24,6,4
222862082010661,113493997010661,2008,42,0,57,2926.0,4.0,1,BETH,1,BETH,2,2010-03-01 11:18:08,2012-02-28 07:14:49,6,4
222862083010661,113493997010661,2008,42,0,57,2926.0,4.0,1,LONIC,1,LONIC,3,2010-03-01 11:18:08,2012-02-28 07:12:04,6,4
222862085010661,113493997010661,2008,42,0,57,2926.0,4.0,1,ROMU,1,ROMU,1,2010-03-01 11:18:08,2012-02-28 07:11:39,6,4
222862089010661,113493997010661,2008,42,0,57,2926.0,4.0,1,ROPS,1,ROPS,1,2010-03-01 11:18:08,2012-02-28 07:14:19,6,4
222862167010661,113492747010661,2008,42,0,99,4233.0,1.0,1,ROPS,1,ROPS,5,2010-03-01 11:18:09,2012-02-28 07:13:51,6,4
222862226010661,113493225010661,2008,42,7,111,3060.0,1.0,1,BETH,1,BETH,2,2010-03-01 11:18:09,2012-02-28 07:05:56,6,4
222862228010661,113493225010661,2008,42,7,111,3060.0,1.0,1,ELUM,1,ELUM,1,2010-03-01 11:18:09,2012-02-29 11:15:31,6,4
222862231010661,113493225010661,2008,42,7,111,3060.0,1.0,1,LOJA,1,LOJA,1,2010-03-01 11:18:09,2012-02-29 11:15:31,6,4
222862233010661,113493225010661,2008,42,7,111,3060.0,1.0,1,ROMU,1,ROMU,12,2010-03-01 11:18:09,2012-02-28 07:05:56,6,4
222862229010661,113493225010661,2008,42,7,111,3060.0,2.0,1,ELUM,1,ELUM,22,2010-03-01 11:18:09,2012-02-28 07:02:51,6,4
222862234010661,113493225010661,2008,42,7,111,3060.0,2.0,1,ROMU,1,ROMU,6,2010-03-01 11:18:09,2012-02-28 07:06:10,6,4
222862230010661,113493225010661,2008,42,7,111,3060.0,3.0,3,HEMA3,1,HEMA3,1,2010-03-01 11:18:09,2012-02-29 11:15:31,6,4
222862232010661,113493225010661,2008,42,7,111,3060.0,3.0,3,LONIC,1,LONIC,3,2010-03-01 11:18:09,2012-02-28 07:02:44,6,4
222862235010661,113493225010661,2008,42,7,111,3060.0,3.0,3,ROMU,1,ROMU,1,2010-03-01 11:18:09,2012-02-29 11:15:31,6,4
222862227010661,113493225010661,2008,42,7,111,3060.0,4.0,4,BETH,1,BETH,1,2010-03-01 11:18:09,2012-02-29 11:15:31,6,4
222862236010661,113493225010661,2008,42,7,111,3060.0,4.0,4,ROMU,1,ROMU,35,2010-03-01 11:18:09,2012-02-28 07:06:23,6,4
222862063010661,113493493010661,2008,42,7,51,5499.0,1.0,1,ELUM,1,ELUM,2,2010-03-01 11:18:08,2012-02-28 07:11:39,6,4
222862064010661,113493493010661,2008,42,7,51,5499.0,1.0,1,LOMO2,1,LOMO2,11,2010-03-01 11:18:08,2012-02-28 07:11:39,6,4
222862067010661,113493493010661,2008,42,7,51,5499.0,1.0,1,ROMU,1,ROMU,40,2010-03-01 11:18:08,2012-02-28 07:13:51,6,4
222862071010661,113493493010661,2008,42,7,51,5499.0,1.0,1,ROPS,1,ROPS,8,2010-03-01 11:18:08,2012-02-28 07:12:29,6,4
222862062010661,113493493010661,2008,42,7,51,5499.0,2.0,2,BETH,1,BETH,4,2010-03-01 11:18:08,2012-02-28 07:12:04,6,4
222862068010661,113493493010661,2008,42,7,51,5499.0,2.0,2,ROMU,1,ROMU,15,2010-03-01 11:18:08,2012-02-28 07:13:51,6,4
222862065010661,113493493010661,2008,42,7,51,5499.0,3.0,2,LOMO2,1,LOMO2,8,2010-03-01 11:18:08,2012-02-28 07:11:39,6,4
222862305010661,113492497010661,2008,42,8,131,3153.0,4.0,1,ALPE4,1,ALPE4,5,2010-03-01 11:18:09,2012-02-28 07:13:52,6,4
222862308010661,113492497010661,2008,42,8,131,3153.0,4.0,1,ELUM,1,ELUM,15,2010-03-01 11:18:09,2012-02-28 07:14:50,6,4
222862310010661,113492497010661,2008,42,8,131,3153.0,4.0,1,HEHE,1,HEHE,1,2010-03-01 11:18:09,2012-02-28 07:11:39,6,4
222862314010661,113492497010661,2008,42,8,131,3153.0,4.0,1,LOTA,1,LOTA,1,2010-03-01 11:18:09,2012-02-28 07:13:25,6,4
222862317010661,113492497010661,2008,42,8,131,3153.0,4.0,1,ROPS,1,ROPS,55,2010-03-01 11:18:09,2012-02-28 07:12:05,6,4
222862135010661,113492507010661,2008,42,8,79,4346.0,3.0,1,LOTA,1,LOTA,1,2010-03-01 11:18:09,2012-02-28 07:12:57,6,4
222862017010661,113493991010661,2008,42,6,35,5449.0,1.0,1,BETH,1,BETH,2,2010-03-01 11:18:08,2012-02-28 07:06:52,6,4
222862019010661,113493991010661,2008,42,6,35,5449.0,1.0,1,ROMU,1,ROMU,1,2010-03-01 11:18:08,2012-02-29 11:15:31,6,4
222862018010661,113493991010661,2008,42,6,35,5449.0,3.0,1,BETH,1,BETH,3,2010-03-01 11:18:08,2012-02-28 07:06:52,6,4
222862020010661,113493991010661,2008,42,6,35,5449.0,3.0,1,ROMU,1,ROMU,1,2010-03-01 11:18:08,2012-02-28 07:06:10,6,4
152864389020004,113493991010661,2008,42,6,35,5449.0,4.0,1,2GRAM,4,MIVI,1,2012-12-07 10:11:44,,6,4
152864390020004,113493991010661,2008,42,6,35,5449.0,3.0,1,2GRAM,4,MIVI,75,2012-12-07 10:11:44,,6,4
152864391020004,113493991010661,2008,42,6,35,5449.0,1.0,1,2GRAM,4,MIVI,2,2012-12-07 10:11:44,,6,4
222862293010661,113494049010661,2008,42,5,125,5436.0,2.0,2,ALPE4,1,ALPE4,40,2010-03-01 11:18:09,2012-02-28 07:14:48,6,4
222862294010661,113494049010661,2008,42,5,125,5436.0,2.0,2,HEMA3,1,HEMA3,5,2010-03-01 11:18:09,2012-02-28 07:14:49,6,4
222862295010661,113494049010661,2008,42,5,125,5436.0,2.0,2,ROMU,1,ROMU,10,2010-03-01 11:18:09,2012-02-28 07:12:29,6,4
222862044010661,113493319010661,2008,42,6,47,5502.0,3.0,1,BETH,1,BETH,1,2010-03-01 11:18:08,2012-02-28 07:14:19,6,4
222862302010661,113493377010661,2008,42,5,129,3382.0,4.0,1,ROMU,1,ROMU,1,2010-03-01 11:18:09,2012-02-28 07:12:56,6,4
222862136010661,113492701010661,2008,42,6,81,4221.0,4.0,1,LOMA6,1,LOMA6,1,2010-03-01 11:18:09,2012-02-28 07:13:26,6,4
222862139010661,113492701010661,2008,42,6,81,4221.0,4.0,1,ROMU,1,ROMU,3,2010-03-01 11:18:09,2012-02-28 07:11:34,6,4
222862137010661,113492701010661,2008,42,6,81,4221.0,2.0,1,ROMU,1,ROMU,2,2010-03-01 11:18:09,2012-02-28 07:11:34,6,4
222862138010661,113492701010661,2008,42,6,81,4221.0,3.0,1,ROMU,1,ROMU,1,2010-03-01 11:18:09,2012-02-28 07:11:34,6,4
222861968010661,113492213010661,2008,42,9,29,4486.0,1.0,1,ROMU,1,ROMU,1,2010-03-01 11:18:08,2012-02-28 07:12:06,6,4
222861961010661,113492213010661,2008,42,9,29,4486.0,2.0,1,ALPE4,1,ALPE4,20,2010-03-01 11:18:08,2012-02-28 07:14:51,6,4
222861963010661,113492213010661,2008,42,9,29,4486.0,2.0,1,CEOR7,1,CEOR7,10,2010-03-01 11:18:08,2012-02-28 07:13:53,6,4
222861965010661,113492213010661,2008,42,9,29,4486.0,2.0,1,ELUM,1,ELUM,1,2010-03-01 11:18:08,2012-02-28 07:12:32,6,4
222861966010661,113492213010661,2008,42,9,29,4486.0,2.0,1,LOJA,1,LOJA,10,2010-03-01 11:18:08,2012-02-28 07:14:21,6,4
222861962010661,113492213010661,2008,42,9,29,4486.0,4.0,1,ALPE4,1,ALPE4,5,2010-03-01 11:18:08,2012-02-28 07:14:51,6,4
222861964010661,113492213010661,2008,42,9,29,4486.0,4.0,1,CEOR7,1,CEOR7,10,2010-03-01 11:18:08,2012-02-28 07:13:53,6,4
222861967010661,113492213010661,2008,42,9,29,4486.0,4.0,1,LOMA6,1,LOMA6,1,2010-03-01 11:18:08,2012-02-28 07:14:21,6,4
222861969010661,113492213010661,2008,42,9,29,4486.0,4.0,1,ROMU,1,ROMU,40,2010-03-01 11:18:08,2012-02-28 07:12:06,6,4
222862176010661,113492239010661,2008,42,8,103,3045.0,1.0,1,BETH,1,BETH,5,2010-03-01 11:18:09,2012-02-28 07:06:10,6,4
222862170010661,113492645010661,2008,42,0,99,4501.0,1.0,1,ROMU,1,ROMU,1,2010-03-01 11:18:09,2012-02-28 07:14:13,6,4
222861570010661,122561984010661,2007,42,0,61,2504.0,3.0,1,AIAL,1,AIAL,10,2010-03-01 11:18:00,2012-02-28 07:03:12,6,3
222861576010661,122561984010661,2007,42,0,61,2504.0,3.0,1,LOTA,1,LOTA,2,2010-03-01 11:18:00,2012-02-28 07:02:59,6,3
222861579010661,122561984010661,2007,42,0,61,2504.0,3.0,1,MIVI,1,MIVI,5,2010-03-01 11:18:00,2012-02-28 07:02:47,6,3
222861571010661,122561984010661,2007,42,0,61,2504.0,4.0,1,AIAL,1,AIAL,35,2010-03-01 11:18:00,2012-02-28 07:02:40,6,3
222861573010661,122561984010661,2007,42,0,61,2504.0,4.0,1,ALPE4,1,ALPE4,1,2010-03-01 11:18:00,2012-02-28 07:02:46,6,3
222861580010661,122561984010661,2007,42,0,61,2504.0,4.0,1,MIVI,1,MIVI,75,2010-03-01 11:18:00,2012-02-28 07:02:59,6,3
222861600010661,122562334010661,2007,42,5,63,2641.0,3.0,1,ROMU,1,ROMU,1,2010-03-01 11:18:00,2012-02-29 11:15:28,6,3
152864451020004,122563034010661,2007,42,5,125,2160.0,4.0,1,CEOR,1,CEOR7,1,2012-12-07 10:11:47,,6,3
152864452020004,122563034010661,2007,42,5,125,2160.0,3.0,1,CEOR,1,CEOR7,2,2012-12-07 10:11:47,,6,3
152864453020004,122563034010661,2007,42,5,125,2160.0,2.0,1,CEOR,1,CEOR7,1,2012-12-07 10:11:47,,6,3
152864454020004,122563034010661,2007,42,5,125,2160.0,1.0,1,CEOR,1,CEOR7,3,2012-12-07 10:11:47,,6,3
222861744010661,122563034010661,2007,42,5,125,2160.0,1.0,1,ALPE4,1,ALPE4,6,2010-03-01 11:18:00,2012-02-28 07:02:54,6,3
222861748010661,122563034010661,2007,42,5,125,2160.0,1.0,1,BETH,1,BETH,1,2010-03-01 11:18:00,2012-02-29 11:15:28,6,3
222861750010661,122563034010661,2007,42,5,125,2160.0,1.0,1,CIAR4,1,CIAR4,1,2010-03-01 11:18:00,2012-02-28 07:02:54,6,3
222861752010661,122563034010661,2007,42,5,125,2160.0,1.0,1,ELUM,1,ELUM,70,2010-03-01 11:18:00,2012-02-28 07:02:47,6,3
222861756010661,122563034010661,2007,42,5,125,2160.0,1.0,1,LOMO2,1,LOMO2,25,2010-03-01 11:18:00,2012-02-28 07:03:05,6,3
222861760010661,122563034010661,2007,42,5,125,2160.0,1.0,1,ROMU,1,ROMU,1,2010-03-01 11:18:00,2012-02-28 07:06:32,6,3
222861763010661,122563034010661,2007,42,5,125,2160.0,1.0,1,ROPS,1,ROPS,8,2010-03-01 11:18:00,2012-02-28 07:05:51,6,3
222861745010661,122563034010661,2007,42,5,125,2160.0,2.0,1,ALPE4,1,ALPE4,3,2010-03-01 11:18:00,2012-02-28 07:02:47,6,3
222861753010661,122563034010661,2007,42,5,125,2160.0,2.0,1,ELUM,1,ELUM,80,2010-03-01 11:18:00,2012-02-28 07:02:47,6,3
222861757010661,122563034010661,2007,42,5,125,2160.0,2.0,1,LOMO2,1,LOMO2,15,2010-03-01 11:18:00,2012-02-28 07:02:58,6,3
222861761010661,122563034010661,2007,42,5,125,2160.0,2.0,1,ROMU,1,ROMU,6,2010-03-01 11:18:00,2012-02-28 07:05:51,6,3
222861764010661,122563034010661,2007,42,5,125,2160.0,2.0,1,ROPS,1,ROPS,5,2010-03-01 11:18:00,2012-02-28 07:06:05,6,3
222861746010661,122563034010661,2007,42,5,125,2160.0,3.0,1,ALPE4,1,ALPE4,8,2010-03-01 11:18:00,2012-02-28 07:03:12,6,3
222861749010661,122563034010661,2007,42,5,125,2160.0,3.0,1,CEBI2,1,CESTM,1,2010-03-01 11:18:00,2012-02-28 07:02:33,6,3
222861754010661,122563034010661,2007,42,5,125,2160.0,3.0,1,ELUM,1,ELUM,80,2010-03-01 11:18:00,2012-02-28 07:02:59,6,3
222861758010661,122563034010661,2007,42,5,125,2160.0,3.0,1,LOMO2,1,LOMO2,15,2010-03-01 11:18:00,2012-02-28 07:03:05,6,3
222861747010661,122563034010661,2007,42,5,125,2160.0,4.0,1,ALPE4,1,ALPE4,5,2010-03-01 11:18:00,2012-02-28 07:02:59,6,3
222861751010661,122563034010661,2007,42,5,125,2160.0,4.0,1,CIAR4,1,CIAR4,1,2010-03-01 11:18:00,2012-02-29 11:15:28,6,3
222861755010661,122563034010661,2007,42,5,125,2160.0,4.0,1,ELUM,1,ELUM,78,2010-03-01 11:18:00,2012-02-28 07:02:40,6,3
222861759010661,122563034010661,2007,42,5,125,2160.0,4.0,1,LOMO2,1,LOMO2,5,2010-03-01 11:18:00,2012-02-28 07:02:33,6,3
222861762010661,122563034010661,2007,42,5,125,2160.0,4.0,1,ROMU,1,ROMU,3,2010-03-01 11:18:00,2012-02-28 07:06:31,6,3
222861350010661,122562330010661,2007,42,5,5,2497.0,4.0,2,MIVI,1,MIVI,10,2010-03-01 11:17:59,2012-02-28 07:12:45,6,3
222861700010661,122561608010661,2007,42,0,99,2447.0,4.0,1,ROMU,1,ROMU,1,2010-03-01 11:18:00,2012-02-28 07:11:54,6,3
222861740010661,122562584010661,2007,42,6,123,2026.0,4.0,1,ROMU,1,ROMU,1,2010-03-01 11:18:00,2012-02-28 07:12:45,6,3
222861611010661,122561374010661,2007,42,8,69,2188.0,1.0,1,2SHRUB,2,LONIC,2,2010-03-01 11:18:00,2012-02-28 07:02:52,6,3
222861615010661,122561374010661,2007,42,8,69,2188.0,1.0,1,BETH,1,BETH,25,2010-03-01 11:18:00,2012-02-28 07:06:40,6,3
222861612010661,122561374010661,2007,42,8,69,2188.0,2.0,1,2SHRUB,2,LONIC,25,2010-03-01 11:18:00,2012-02-28 07:02:38,6,3
222861616010661,122561374010661,2007,42,8,69,2188.0,2.0,1,BETH,1,BETH,1,2010-03-01 11:18:00,2012-02-29 11:15:33,6,3
222861613010661,122561374010661,2007,42,8,69,2188.0,3.0,1,2SHRUB,2,LONIC,5,2010-03-01 11:18:00,2012-02-28 07:02:25,6,3
222861617010661,122561374010661,2007,42,8,69,2188.0,3.0,1,BETH,1,BETH,1,2010-03-01 11:18:00,2012-02-28 07:06:40,6,3
222861614010661,122561374010661,2007,42,8,69,2188.0,4.0,1,2SHRUB,2,LONIC,1,2010-03-01 11:18:00,2012-02-28 07:02:44,6,3
222861618010661,122561374010661,2007,42,8,69,2188.0,4.0,1,BETH,1,BETH,10,2010-03-01 11:18:00,2012-02-28 07:05:59,6,3
222861374010661,122562614010661,2007,42,5,7,2802.0,3.0,2,BETH,1,BETH,1,2010-03-01 11:17:59,2012-02-28 07:14:06,6,3
222861375010661,122562614010661,2007,42,5,7,2802.0,3.0,2,LOMO2,1,LOMO2,1,2010-03-01 11:17:59,2012-02-28 07:14:36,6,3
222861418010661,122561556010661,2007,42,8,15,2796.0,1.0,1,ALPE4,1,ALPE4,3,2010-03-01 11:17:59,2012-02-28 07:11:29,6,3
222861421010661,122561556010661,2007,42,8,15,2796.0,1.0,1,ELUM,1,ELUM,45,2010-03-01 11:17:59,2012-02-28 07:14:07,6,3
222861425010661,122561556010661,2007,42,8,15,2796.0,1.0,1,ROMU,1,ROMU,9,2010-03-01 11:17:59,2012-02-28 07:11:54,6,3
222861419010661,122561556010661,2007,42,8,15,2796.0,2.0,2,ALPE4,1,ALPE4,17,2010-03-01 11:17:59,2012-02-28 07:11:29,6,3
222861422010661,122561556010661,2007,42,8,15,2796.0,2.0,2,ELUM,1,ELUM,2,2010-03-01 11:17:59,2012-02-28 07:14:07,6,3
222861426010661,122561556010661,2007,42,8,15,2796.0,2.0,2,ROMU,1,ROMU,1,2010-03-01 11:17:59,2012-02-28 07:11:54,6,3
222861423010661,122561556010661,2007,42,8,15,2796.0,3.0,1,ELUM,1,ELUM,45,2010-03-01 11:17:59,2012-02-28 07:14:07,6,3
222861427010661,122561556010661,2007,42,8,15,2796.0,3.0,1,ROMU,1,ROMU,40,2010-03-01 11:17:59,2012-02-28 07:11:54,6,3
222861420010661,122561556010661,2007,42,8,15,2796.0,4.0,1,ALPE4,1,ALPE4,2,2010-03-01 11:17:59,2012-02-28 07:11:29,6,3
222861424010661,122561556010661,2007,42,8,15,2796.0,4.0,1,ELUM,1,ELUM,25,2010-03-01 11:17:59,2012-02-28 07:14:07,6,3
222861428010661,122561556010661,2007,42,8,15,2796.0,4.0,1,ROMU,1,ROMU,3,2010-03-01 11:17:59,2012-02-28 07:11:54,6,3
222861565010661,122561900010661,2007,42,0,61,2772.0,1.0,1,MIVI,1,MIVI,1,2010-03-01 11:18:00,2012-02-28 07:14:35,6,3
222861564010661,122561900010661,2007,42,0,61,2772.0,3.0,1,ALPE4,1,ALPE4,1,2010-03-01 11:18:00,2012-02-28 07:14:06,6,3
222861566010661,122561900010661,2007,42,0,61,2772.0,3.0,1,MIVI,1,MIVI,10,2010-03-01 11:18:00,2012-02-28 07:14:35,6,3
222861567010661,122561900010661,2007,42,0,61,2772.0,4.0,1,MIVI,1,MIVI,3,2010-03-01 11:18:00,2012-02-28 07:14:35,6,3
222861542010661,122561914010661,2007,42,0,57,2513.0,4.0,1,MIVI,1,MIVI,15,2010-03-01 11:18:00,2012-02-28 07:11:28,6,3
222861453010661,122561960010661,2007,42,6,27,2436.0,3.0,1,ALPE4,1,ALPE4,3,2010-03-01 11:17:59,2012-02-28 07:12:46,6,3
222861454010661,122561960010661,2007,42,6,27,2436.0,3.0,1,LOMO2,1,LOMO2,15,2010-03-01 11:17:59,2012-02-28 07:12:17,6,3
222861455010661,122561960010661,2007,42,6,27,2436.0,3.0,1,ROMU,1,ROMU,5,2010-03-01 11:17:59,2012-02-28 07:11:28,6,3
222861689010661,122561208010661,2007,42,8,89,2426.0,1.0,1,BETH,1,BETH,20,2010-03-01 11:18:00,2012-02-28 07:13:12,6,3
222861693010661,122561208010661,2007,42,8,89,2426.0,1.0,1,MIVI,1,MIVI,1,2010-03-01 11:18:00,2012-02-28 07:12:17,6,3
222861690010661,122561208010661,2007,42,8,89,2426.0,2.0,1,BETH,1,BETH,20,2010-03-01 11:18:00,2012-02-28 07:13:12,6,3
222861691010661,122561208010661,2007,42,8,89,2426.0,3.0,1,BETH,1,BETH,15,2010-03-01 11:18:00,2012-02-28 07:13:12,6,3
222861692010661,122561208010661,2007,42,8,89,2426.0,4.0,1,BETH,1,BETH,18,2010-03-01 11:18:00,2012-02-28 07:13:12,6,3
222861694010661,122561208010661,2007,42,8,89,2426.0,4.0,1,MIVI,1,MIVI,1,2010-03-01 11:18:00,2012-02-28 07:12:17,6,3
222861711010661,122562016010661,2007,42,6,105,2843.0,1.0,1,ALPE4,1,ALPE4,7,2010-03-01 11:18:00,2012-02-28 07:02:57,6,3
222861712010661,122562016010661,2007,42,6,105,2843.0,2.0,1,ALPE4,1,ALPE4,1,2010-03-01 11:18:00,2012-02-28 07:03:11,6,3
222861713010661,122562016010661,2007,42,6,105,2843.0,4.0,1,ALPE4,1,ALPE4,1,2010-03-01 11:18:00,2012-02-29 11:15:28,6,3
222861590010661,122562246010661,2007,42,5,63,2751.0,1.0,1,LOMO2,1,LOMO2,40,2010-03-01 11:18:00,2012-02-28 07:11:54,6,3
222861594010661,122562246010661,2007,42,5,63,2751.0,1.0,1,ROMU,1,ROMU,30,2010-03-01 11:18:00,2012-02-28 07:14:36,6,3
222861591010661,122562246010661,2007,42,5,63,2751.0,3.0,1,LOMO2,1,LOMO2,60,2010-03-01 11:18:00,2012-02-28 07:11:54,6,3
222861595010661,122562246010661,2007,42,5,63,2751.0,3.0,1,ROMU,1,ROMU,50,2010-03-01 11:18:00,2012-02-28 07:14:36,6,3
222861592010661,122562246010661,2007,42,5,63,2751.0,4.0,1,LOMO2,1,LOMO2,70,2010-03-01 11:18:00,2012-02-28 07:11:54,6,3
222861593010661,122562246010661,2007,42,5,63,2751.0,4.0,1,MIVI,1,MIVI,5,2010-03-01 11:18:00,2012-02-28 07:13:38,6,3
222861596010661,122562246010661,2007,42,5,63,2751.0,4.0,1,ROMU,1,ROMU,10,2010-03-01 11:18:00,2012-02-28 07:14:36,6,3
222861723010661,122561560010661,2007,42,6,113,2711.0,2.0,1,LONIC,1,LONIC,1,2010-03-01 11:18:00,2012-02-29 11:15:28,6,3
222861639010661,122562684010661,2007,42,5,73,2610.0,1.0,1,ROMU,1,ROMU,1,2010-03-01 11:18:00,2012-02-28 07:11:29,6,3
222861640010661,122562684010661,2007,42,5,73,2610.0,2.0,1,ROMU,1,ROMU,1,2010-03-01 11:18:00,2012-02-28 07:11:29,6,3
222861638010661,122562684010661,2007,42,5,73,2610.0,3.0,1,LIVU,1,LIVU,2,2010-03-01 11:18:00,2012-02-28 07:14:07,6,3
222861641010661,122562684010661,2007,42,5,73,2610.0,3.0,1,ROMU,1,ROMU,3,2010-03-01 11:18:00,2012-02-28 07:11:29,6,3
222861637010661,122562684010661,2007,42,5,73,2610.0,4.0,1,BETH,1,BETH,1,2010-03-01 11:18:00,2012-02-28 07:14:07,6,3
222861642010661,122562684010661,2007,42,5,73,2610.0,4.0,1,ROMU,1,ROMU,2,2010-03-01 11:18:00,2012-02-28 07:11:29,6,3
222861643010661,122562672010661,2007,42,5,73,2155.0,1.0,1,CIVU,1,CIVU,3,2010-03-01 11:18:00,2012-02-28 07:14:36,6,3
222861644010661,122562672010661,2007,42,5,73,2155.0,1.0,1,ROMU,1,ROMU,20,2010-03-01 11:18:00,2012-02-28 07:11:28,6,3
222861645010661,122562672010661,2007,42,5,73,2155.0,2.0,1,ROMU,1,ROMU,5,2010-03-01 11:18:00,2012-02-28 07:11:28,6,3
222861646010661,122562672010661,2007,42,5,73,2155.0,3.0,1,ROMU,1,ROMU,60,2010-03-01 11:18:00,2012-02-28 07:11:28,6,3
222861647010661,122562672010661,2007,42,5,73,2155.0,4.0,1,ROMU,1,ROMU,3,2010-03-01 11:18:00,2012-02-28 07:11:28,6,3
234803236010661,122562672010661,2007,42,5,73,2155.0,2.0,2,ROMU,1,ROMU,5,2010-03-01 11:18:00,2012-02-28 07:11:28,6,3
222861568010661,122561984010661,2007,42,0,61,2504.0,1.0,1,AIAL,1,AIAL,1,2010-03-01 11:18:00,2012-02-28 07:02:33,6,3
222861574010661,122561984010661,2007,42,0,61,2504.0,1.0,1,BETH,1,BETH,1,2010-03-01 11:18:00,2012-02-29 11:15:28,6,3
222861577010661,122561984010661,2007,42,0,61,2504.0,1.0,1,MIVI,1,MIVI,1,2010-03-01 11:18:00,2012-02-29 11:15:33,6,3
222862069010661,113493493010661,2008,42,7,51,5499.0,3.0,2,ROMU,1,ROMU,10,2010-03-01 11:18:08,2012-02-28 07:13:51,6,4
222862066010661,113493493010661,2008,42,7,51,5499.0,4.0,1,LOMO2,1,LOMO2,15,2010-03-01 11:18:08,2012-02-28 07:11:39,6,4
222862070010661,113493493010661,2008,42,7,51,5499.0,4.0,1,ROMU,1,ROMU,18,2010-03-01 11:18:08,2012-02-28 07:13:51,6,4
222862072010661,113493493010661,2008,42,7,51,5499.0,4.0,1,ROPS,1,ROPS,40,2010-03-01 11:18:08,2012-02-28 07:12:29,6,4
222862279010661,113493495010661,2008,42,5,125,6017.0,1.0,1,ALPE4,1,ALPE4,1,2010-03-01 11:18:09,2012-02-29 11:15:31,6,4
222862283010661,113493495010661,2008,42,5,125,6017.0,1.0,1,CEOR7,1,CEOR7,1,2010-03-01 11:18:09,2012-02-29 11:15:31,6,4
222862284010661,113493495010661,2008,42,5,125,6017.0,1.0,1,LIVU,1,LIVU,1,2010-03-01 11:18:09,2012-02-29 11:15:31,6,4
222862285010661,113493495010661,2008,42,5,125,6017.0,1.0,1,LOMO2,1,LOMO2,1,2010-03-01 11:18:09,2012-02-29 11:15:31,6,4
222862287010661,113493495010661,2008,42,5,125,6017.0,1.0,1,ROMU,1,ROMU,25,2010-03-01 11:18:09,2012-02-28 07:05:57,6,4
222862290010661,113493495010661,2008,42,5,125,6017.0,1.0,1,ROPS,1,ROPS,30,2010-03-01 11:18:09,2012-02-28 07:07:22,6,4
222862280010661,113493495010661,2008,42,5,125,6017.0,2.0,1,ALPE4,1,ALPE4,1,2010-03-01 11:18:09,2012-02-28 07:06:52,6,4
222862282010661,113493495010661,2008,42,5,125,6017.0,2.0,1,BETH,1,BETH,1,2010-03-01 11:18:09,2012-02-29 11:15:31,6,4
222862286010661,113493495010661,2008,42,5,125,6017.0,2.0,1,LOMO2,1,LOMO2,1,2010-03-01 11:18:09,2012-02-28 07:06:23,6,4
222862288010661,113493495010661,2008,42,5,125,6017.0,2.0,1,ROMU,1,ROMU,15,2010-03-01 11:18:09,2012-02-28 07:05:57,6,4
222862291010661,113493495010661,2008,42,5,125,6017.0,2.0,1,ROPS,1,ROPS,8,2010-03-01 11:18:09,2012-02-28 07:06:23,6,4
222862281010661,113493495010661,2008,42,5,125,6017.0,4.0,1,ALPE4,1,ALPE4,5,2010-03-01 11:18:09,2012-02-28 07:05:43,6,4
222862289010661,113493495010661,2008,42,5,125,6017.0,4.0,1,ROMU,1,ROMU,15,2010-03-01 11:18:09,2012-02-28 07:07:07,6,4
222862292010661,113493495010661,2008,42,5,125,6017.0,4.0,1,ROPS,1,ROPS,18,2010-03-01 11:18:09,2012-02-28 07:05:56,6,4
222862090010661,113493507010661,2008,42,5,59,3862.0,1.0,1,ELUM,1,ELUM,80,2010-03-01 11:18:08,2012-02-28 07:13:26,6,4
222862094010661,113493507010661,2008,42,5,59,3862.0,1.0,1,ROMU,1,ROMU,30,2010-03-01 11:18:08,2012-02-28 07:13:52,6,4
222862091010661,113493507010661,2008,42,5,59,3862.0,2.0,1,ELUM,1,ELUM,30,2010-03-01 11:18:08,2012-02-28 07:13:26,6,4
222862095010661,113493507010661,2008,42,5,59,3862.0,2.0,1,ROMU,1,ROMU,10,2010-03-01 11:18:08,2012-02-28 07:13:52,6,4
222862092010661,113493507010661,2008,42,5,59,3862.0,3.0,1,ELUM,1,ELUM,90,2010-03-01 11:18:08,2012-02-28 07:13:26,6,4
222862096010661,113493507010661,2008,42,5,59,3862.0,3.0,1,ROMU,1,ROMU,70,2010-03-01 11:18:08,2012-02-28 07:13:52,6,4
222862093010661,113493507010661,2008,42,5,59,3862.0,4.0,1,ELUM,1,ELUM,20,2010-03-01 11:18:08,2012-02-28 07:13:26,6,4
222862097010661,113493507010661,2008,42,5,59,3862.0,4.0,1,ROMU,1,ROMU,10,2010-03-01 11:18:08,2012-02-28 07:13:52,6,4
222862179010661,113493837010661,2008,42,6,105,4709.0,2.0,1,MIVI,1,MIVI,1,2010-03-01 11:18:09,2012-02-28 07:12:06,6,4
226331118010661,145020749010661,2009,42,5,3,3174.0,2.0,1,BETH,1,BETH,7,2010-06-08 09:56:51,2012-02-28 07:13:07,6,5
226331119010661,145020749010661,2009,42,5,3,3174.0,2.0,1,MIVI,1,MIVI,30,2010-06-08 09:56:51,2012-02-28 07:13:07,6,5
226331121010661,145020749010661,2009,42,5,3,3174.0,2.0,1,ROMU,1,ROMU,1,2010-06-08 09:56:51,2012-02-28 07:12:41,6,5
226331120010661,145020749010661,2009,42,5,3,3174.0,3.0,1,MIVI,1,MIVI,10,2010-06-08 09:56:51,2012-02-28 07:13:07,6,5
226331122010661,145020749010661,2009,42,5,3,3174.0,3.0,1,ROMU,1,ROMU,5,2010-06-08 09:56:51,2012-02-28 07:12:41,6,5
226330678010661,145020551010661,2009,42,6,47,3528.0,1.0,1,ALPE4,1,ALPE4,1,2010-06-08 09:56:41,2012-02-28 07:13:03,6,5
226330679010661,145020551010661,2009,42,6,47,3528.0,2.0,1,ALPE4,1,ALPE4,10,2010-06-08 09:56:41,2012-02-28 07:13:03,6,5
226330680010661,145020551010661,2009,42,6,47,3528.0,3.0,1,ALPE4,1,ALPE4,10,2010-06-08 09:56:41,2012-02-28 07:13:03,6,5
226330681010661,145020551010661,2009,42,6,47,3528.0,4.0,1,ALPE4,1,ALPE4,1,2010-06-08 09:56:41,2012-02-28 07:13:03,6,5
226330820010661,145020609010661,2009,42,5,129,3152.0,3.0,1,ALPE4,1,ALPE4,2,2010-06-08 09:56:44,2012-02-28 07:14:56,6,5
226331040010661,145020715010661,2009,42,5,5,4831.0,1.0,1,ROMU,1,ROMU,1,2010-06-08 09:56:49,2012-02-28 07:14:30,6,5
226331039010661,145020715010661,2009,42,5,5,4831.0,2.0,1,LOMO2,1,LOMO2,1,2010-06-08 09:56:49,2012-02-28 07:13:07,6,5
226331041010661,145020715010661,2009,42,5,5,4831.0,2.0,1,ROMU,1,ROMU,3,2010-06-08 09:56:49,2012-02-28 07:14:30,6,5
226331042010661,145020715010661,2009,42,5,5,4831.0,4.0,1,ROMU,1,ROMU,1,2010-06-08 09:56:49,2012-02-28 07:14:30,6,5
226331138010661,145020755010661,2009,42,5,3,4214.0,1.0,1,CEOR7,1,CEOR7,87,2010-06-08 09:56:51,2012-02-28 07:11:49,6,5
226331137010661,145020755010661,2009,42,5,3,4214.0,2.0,1,BETH,1,BETH,8,2010-06-08 09:56:51,2012-02-28 07:14:01,6,5
226331139010661,145020755010661,2009,42,5,3,4214.0,2.0,1,CEOR7,1,CEOR7,90,2010-06-08 09:56:51,2012-02-28 07:11:49,6,5
226331142010661,145020755010661,2009,42,5,3,4214.0,2.0,1,ROMU,1,ROMU,13,2010-06-08 09:56:51,2012-02-28 07:14:30,6,5
226331140010661,145020755010661,2009,42,5,3,4214.0,3.0,1,CEOR7,1,CEOR7,15,2010-06-08 09:56:51,2012-02-28 07:11:49,6,5
226331143010661,145020755010661,2009,42,5,3,4214.0,3.0,1,ROMU,1,ROMU,10,2010-06-08 09:56:51,2012-02-28 07:14:30,6,5
226331141010661,145020755010661,2009,42,5,3,4214.0,4.0,1,CEOR7,1,CEOR7,100,2010-06-08 09:56:51,2012-02-28 07:11:49,6,5
152864718020004,145020763010661,2009,42,5,3,4621.0,2.0,2,ALPE4,1,ALPE4,4,2012-12-07 10:11:49,,6,5
152864719020004,145020763010661,2009,42,5,3,4621.0,2.0,2,CEOR7,1,CEOR7,1,2012-12-07 10:11:49,,6,5
152864720020004,145020763010661,2009,42,5,3,4621.0,2.0,2,ROMU,1,ROMU,8,2012-12-07 10:11:49,,6,5
226331180010661,145020769010661,2009,42,7,51,5266.0,1.0,1,LOMO2,1,LOMO2,2,2010-06-08 09:56:52,2012-02-28 07:14:30,6,5
226331183010661,145020769010661,2009,42,7,51,5266.0,1.0,1,ROMU,1,ROMU,15,2010-06-08 09:56:52,2012-02-28 07:15:01,6,5
226331187010661,145020769010661,2009,42,7,51,5266.0,1.0,1,ROPS,1,ROPS,4,2010-06-08 09:56:52,2012-02-28 07:12:41,6,5
226331178010661,145020769010661,2009,42,7,51,5266.0,2.0,1,ELUM,1,ELUM,15,2010-06-08 09:56:52,2012-02-28 07:13:33,6,5
226331179010661,145020769010661,2009,42,7,51,5266.0,2.0,1,LOJA,1,LOJA,10,2010-06-08 09:56:52,2012-02-28 07:15:01,6,5
226331181010661,145020769010661,2009,42,7,51,5266.0,2.0,1,LOMO2,1,LOMO2,15,2010-06-08 09:56:52,2012-02-28 07:14:30,6,5
226331184010661,145020769010661,2009,42,7,51,5266.0,2.0,1,ROMU,1,ROMU,35,2010-06-08 09:56:52,2012-02-28 07:15:01,6,5
226331188010661,145020769010661,2009,42,7,51,5266.0,2.0,1,ROPS,1,ROPS,46,2010-06-08 09:56:52,2012-02-28 07:12:41,6,5
226331176010661,145020769010661,2009,42,7,51,5266.0,3.0,1,ALPE4,1,ALPE4,60,2010-06-08 09:56:52,2012-02-28 07:12:41,6,5
222861833010661,113493363010661,2008,42,5,5,5338.0,1.0,1,ALPE4,1,ALPE4,80,2010-03-01 11:18:08,2012-02-28 07:12:04,6,4
222861358010661,122562516010661,2007,42,5,5,1974.0,4.0,2,ROMU,1,ROMU,1,2010-03-01 11:17:59,2012-02-28 07:13:38,6,3
222861701010661,122561796010661,2007,42,0,99,2588.0,1.0,1,CIVU,1,CIVU,1,2010-03-01 11:18:00,2012-02-28 07:11:28,6,3
222861704010661,122561796010661,2007,42,0,99,2588.0,1.0,1,LOMO2,1,LOMO2,30,2010-03-01 11:18:00,2012-02-28 07:13:12,6,3
222861707010661,122561796010661,2007,42,0,99,2588.0,1.0,1,ROPS,1,ROPS,1,2010-03-01 11:18:00,2012-02-28 07:13:12,6,3
222861702010661,122561796010661,2007,42,0,99,2588.0,2.0,1,LOMA6,1,LOMA6,1,2010-03-01 11:18:00,2012-02-28 07:11:54,6,3
222861705010661,122561796010661,2007,42,0,99,2588.0,3.0,1,LOMO2,1,LOMO2,12,2010-03-01 11:18:00,2012-02-28 07:13:12,6,3
222861708010661,122561796010661,2007,42,0,99,2588.0,3.0,1,ROPS,1,ROPS,1,2010-03-01 11:18:00,2012-02-28 07:13:12,6,3
222861703010661,122561796010661,2007,42,0,99,2588.0,4.0,1,LOMA6,1,LOMA6,1,2010-03-01 11:18:00,2012-02-28 07:11:54,6,3
222861706010661,122561796010661,2007,42,0,99,2588.0,4.0,1,LOMO2,1,LOMO2,4,2010-03-01 11:18:00,2012-02-28 07:13:12,6,3
222861411010661,122562824010661,2007,42,7,13,2510.0,3.0,1,ELUM,1,ELUM,12,2010-03-01 11:17:59,2012-02-28 07:11:54,6,3
222861412010661,122562824010661,2007,42,7,13,2510.0,3.0,1,LIVU,1,LIVU,10,2010-03-01 11:17:59,2012-02-28 07:11:54,6,3
222861415010661,122562824010661,2007,42,7,13,2510.0,3.0,1,LOMA6,1,LOMA6,18,2010-03-01 11:17:59,2012-02-28 07:14:36,6,3
222861417010661,122562824010661,2007,42,7,13,2510.0,3.0,1,ROMU,1,ROMU,79,2010-03-01 11:17:59,2012-02-28 07:13:38,6,3
222861403010661,122562824010661,2007,42,7,13,2510.0,4.0,1,ACPL,1,ACPL,10,2010-03-01 11:17:59,2012-02-28 07:11:28,6,3
222861406010661,122562824010661,2007,42,7,13,2510.0,4.0,1,ALPE4,1,ALPE4,10,2010-03-01 11:17:59,2012-02-28 07:13:38,6,3
222861409010661,122562824010661,2007,42,7,13,2510.0,4.0,1,BEVU,1,BEVU,2,2010-03-01 11:17:59,2012-02-28 07:12:46,6,3
222861410010661,122562824010661,2007,42,7,13,2510.0,4.0,1,CEOR7,1,CEOR7,5,2010-03-01 11:17:59,2012-02-28 07:14:07,6,3
222861413010661,122562824010661,2007,42,7,13,2510.0,4.0,1,LIVU,1,LIVU,3,2010-03-01 11:17:59,2012-02-28 07:11:54,6,3
222861414010661,122562824010661,2007,42,7,13,2510.0,4.0,1,LOBE,1,LOBE,5,2010-03-01 11:17:59,2012-02-28 07:12:17,6,3
222861404010661,122562824010661,2007,42,7,13,2510.0,1.0,1,ALPE4,1,ALPE4,3,2010-03-01 11:17:59,2012-02-28 07:13:38,6,3
222861687010661,122561196010661,2007,42,8,89,2674.0,1.0,1,SPJA,1,SPJA,1,2010-03-01 11:18:00,2012-02-28 07:13:12,6,3
222861688010661,122561196010661,2007,42,8,89,2674.0,4.0,1,SPJA,1,SPJA,1,2010-03-01 11:18:00,2012-02-28 07:13:12,6,3
152864432020004,122562696010661,2007,42,5,7,2334.0,3.0,1,CEOR,1,CEOR7,1,2012-12-07 10:11:46,,6,3
222861360010661,122562696010661,2007,42,5,7,2334.0,1.0,1,ALPE4,1,ALPE4,3,2010-03-01 11:17:59,2012-02-28 07:03:12,6,3
222861363010661,122562696010661,2007,42,5,7,2334.0,1.0,1,FRAL4,1,FRAL4,10,2010-03-01 11:17:59,2012-02-28 07:02:46,6,3
222861368010661,122562696010661,2007,42,5,7,2334.0,1.0,1,ROMU,1,ROMU,1,2010-03-01 11:17:59,2012-02-28 07:06:25,6,3
222861371010661,122562696010661,2007,42,5,7,2334.0,1.0,1,ROPS,1,ROPS,1,2010-03-01 11:17:59,2012-02-28 07:06:25,6,3
222861364010661,122562696010661,2007,42,5,7,2334.0,2.0,1,FRAL4,1,FRAL4,2,2010-03-01 11:17:59,2012-02-28 07:02:46,6,3
222861369010661,122562696010661,2007,42,5,7,2334.0,2.0,1,ROMU,1,ROMU,1,2010-03-01 11:17:59,2012-02-28 07:07:25,6,3
222861372010661,122562696010661,2007,42,5,7,2334.0,2.0,1,ROPS,1,ROPS,15,2010-03-01 11:17:59,2012-02-28 07:06:12,6,3
222861361010661,122562696010661,2007,42,5,7,2334.0,3.0,1,ALPE4,1,ALPE4,2,2010-03-01 11:17:59,2012-02-28 07:02:53,6,3
222861365010661,122562696010661,2007,42,5,7,2334.0,3.0,1,FRAL4,1,FRAL4,4,2010-03-01 11:17:59,2012-02-28 07:02:59,6,3
222861370010661,122562696010661,2007,42,5,7,2334.0,3.0,1,ROMU,1,ROMU,3,2010-03-01 11:17:59,2012-02-28 07:06:25,6,3
536727784126144,375840910489998,2017,42,9,95,1273.0,2.0,1,LIVU,1,LIVU,1,2018-05-18 14:24:02,,8,3
536727785126144,375840910489998,2017,42,9,95,1273.0,3.0,1,LIVU,1,LIVU,2,2018-05-18 14:24:02,,8,3
536727786126144,375840910489998,2017,42,9,95,1273.0,4.0,1,LIVU,1,LIVU,2,2018-05-18 14:24:02,,8,3
536727787126144,375840910489998,2017,42,9,95,1273.0,3.0,1,LOJA,1,LOJA,2,2018-05-18 14:24:02,,8,3
536727788126144,375840910489998,2017,42,9,95,1273.0,4.0,1,LOJA,1,LOJA,3,2018-05-18 14:24:02,,8,3
536727789126144,375840910489998,2017,42,9,95,1273.0,1.0,1,LOMO2,1,LOMO2,1,2018-05-18 14:24:02,,8,3
536727790126144,375840910489998,2017,42,9,95,1273.0,3.0,1,LOMO2,1,LOMO2,2,2018-05-18 14:24:02,,8,3
536727791126144,375840910489998,2017,42,9,95,1273.0,2.0,1,RHCA3,1,RHCA3,6,2018-05-18 14:24:02,,8,3
536727792126144,375840910489998,2017,42,9,95,1273.0,1.0,1,ROMU,1,ROMU,2,2018-05-18 14:24:02,,8,3
269690058489998,16265470020004,2013,42,9,17,3398.0,2.0,2,ALPE4,1,ALPE4,1,2014-07-15 10:26:21,,7,4
269690059489998,16265470020004,2013,42,9,17,3398.0,2.0,2,ELUM,1,ELUM,2,2014-07-15 10:26:21,,7,4
269690060489998,16265470020004,2013,42,9,17,3398.0,2.0,2,LOJA,1,LOJA,15,2014-07-15 10:26:21,,7,4
269690061489998,16265470020004,2013,42,9,17,3398.0,2.0,2,LOMO2,1,LOMO2,4,2014-07-15 10:26:21,,7,4
269690062489998,16265470020004,2013,42,9,17,3398.0,2.0,2,MIVI,1,MIVI,8,2014-07-15 10:26:21,,7,4
269690063489998,16265470020004,2013,42,9,17,3398.0,2.0,2,ROMU,1,ROMU,3,2014-07-15 10:26:21,,7,4
269690141489998,16264570020004,2013,42,0,61,2981.0,2.0,1,BETH,1,BETH,1,2014-07-15 10:26:22,,7,4
269690142489998,16264570020004,2013,42,0,61,2981.0,3.0,1,BETH,1,BETH,1,2014-07-15 10:26:22,,7,4
269690515489998,16264687020004,2013,42,5,129,5643.0,4.0,1,ALPE4,1,ALPE4,5,2014-07-15 10:26:23,,7,4
269690516489998,16264687020004,2013,42,5,129,5643.0,4.0,1,LIVU,1,LIVU,1,2014-07-15 10:26:23,,7,4
269690517489998,16264687020004,2013,42,5,129,5643.0,1.0,1,ROMU,1,ROMU,3,2014-07-15 10:26:23,,7,4
269690518489998,16264687020004,2013,42,5,129,5643.0,4.0,1,ROMU,1,ROMU,18,2014-07-15 10:26:23,,7,4
269697148489998,16264836020004,2013,42,6,121,5557.0,1.0,1,ROMU,1,ROMU,1,2014-07-15 10:26:38,,7,4
269697149489998,16264836020004,2013,42,6,121,5557.0,2.0,1,ROMU,1,ROMU,10,2014-07-15 10:26:38,,7,4
269697566489998,16264854020004,2013,42,5,39,3775.0,2.0,2,LOMO2,1,LOMO2,1,2014-07-15 10:26:39,,7,4
269697567489998,16264854020004,2013,42,5,39,3775.0,2.0,2,LYNU,1,LYNU,5,2014-07-15 10:26:39,,7,4
269697568489998,16264854020004,2013,42,5,39,3775.0,3.0,2,LYNU,1,LYNU,10,2014-07-15 10:26:39,,7,4
269697569489998,16264854020004,2013,42,5,39,3775.0,4.0,2,LYNU,1,LYNU,2,2014-07-15 10:26:39,,7,4
269697992489998,16264964020004,2013,42,6,33,3484.0,1.0,1,ALPE4,1,ALPE4,1,2014-07-15 10:26:40,,7,4
269697993489998,16264964020004,2013,42,6,33,3484.0,3.0,1,ALPE4,1,ALPE4,2,2014-07-15 10:26:40,,7,4
269697994489998,16264964020004,2013,42,6,33,3484.0,4.0,1,ALPE4,1,ALPE4,1,2014-07-15 10:26:40,,7,4
269697995489998,16264964020004,2013,42,6,33,3484.0,1.0,1,ROMU,1,ROMU,1,2014-07-15 10:26:40,,7,4
269697996489998,16264964020004,2013,42,6,33,3484.0,3.0,1,ROMU,1,ROMU,3,2014-07-15 10:26:40,,7,4
269697997489998,16264964020004,2013,42,6,33,3484.0,4.0,1,ROMU,1,ROMU,2,2014-07-15 10:26:40,,7,4
269670958489998,16264863020004,2013,42,5,19,3226.0,1.0,1,ALPE4,1,ALPE4,4,2014-07-15 10:25:34,,7,4
269670959489998,16264863020004,2013,42,5,19,3226.0,2.0,1,ALPE4,1,ALPE4,5,2014-07-15 10:25:34,,7,4
269670960489998,16264863020004,2013,42,5,19,3226.0,4.0,1,ALPE4,1,ALPE4,7,2014-07-15 10:25:34,,7,4
269670961489998,16264863020004,2013,42,5,19,3226.0,1.0,1,BETH,1,BETH,1,2014-07-15 10:25:34,,7,4
269670962489998,16264863020004,2013,42,5,19,3226.0,2.0,1,BETH,1,BETH,6,2014-07-15 10:25:34,,7,4
269670963489998,16264863020004,2013,42,5,19,3226.0,3.0,1,CEOR7,1,CEOR7,4,2014-07-15 10:25:34,,7,4
269670964489998,16264863020004,2013,42,5,19,3226.0,2.0,1,LIVU,1,LIVU,1,2014-07-15 10:25:34,,7,4
269670965489998,16264863020004,2013,42,5,19,3226.0,1.0,1,ROMU,1,ROMU,16,2014-07-15 10:25:34,,7,4
269670966489998,16264863020004,2013,42,5,19,3226.0,2.0,1,ROMU,1,ROMU,24,2014-07-15 10:25:34,,7,4
269670967489998,16264863020004,2013,42,5,19,3226.0,3.0,1,ROMU,1,ROMU,5,2014-07-15 10:25:34,,7,4
269670968489998,16264863020004,2013,42,5,19,3226.0,4.0,1,ROMU,1,ROMU,7,2014-07-15 10:25:34,,7,4
269671968489998,16264942020004,2013,42,7,51,4223.0,4.0,1,ELUM,1,ELUM,2,2014-07-15 10:25:36,,7,4
269671969489998,16264942020004,2013,42,7,51,4223.0,1.0,1,MIVI,1,MIVI,2,2014-07-15 10:25:36,,7,4
269671970489998,16264942020004,2013,42,7,51,4223.0,4.0,1,MIVI,1,MIVI,10,2014-07-15 10:25:36,,7,4
269671971489998,16264942020004,2013,42,7,51,4223.0,2.0,1,ROMU,1,ROMU,1,2014-07-15 10:25:36,,7,4
269671972489998,16264942020004,2013,42,7,51,4223.0,4.0,1,ROMU,1,ROMU,2,2014-07-15 10:25:36,,7,4
269671973489998,16264942020004,2013,42,7,51,4223.0,1.0,1,ROPS,1,ROPS,1,2014-07-15 10:25:36,,7,4
269671974489998,16264942020004,2013,42,7,51,4223.0,4.0,1,ROPS,1,ROPS,20,2014-07-15 10:25:36,,7,4
269672459489998,16264953020004,2013,42,6,65,5000.0,1.0,1,RHCA3,1,RHCA3,1,2014-07-15 10:25:37,,7,4
269672770489998,16264955020004,2013,42,6,65,3843.0,2.0,1,CEOR7,1,CEOR7,1,2014-07-15 10:25:38,,7,4
269672771489998,16264955020004,2013,42,6,65,3843.0,2.0,1,LOMO2,1,LOMO2,2,2014-07-15 10:25:38,,7,4
269672772489998,16264955020004,2013,42,6,65,3843.0,3.0,1,LOMO2,1,LOMO2,1,2014-07-15 10:25:38,,7,4
269673865489998,16265048020004,2013,42,8,131,5788.0,1.0,1,ALPE4,1,ALPE4,30,2014-07-15 10:25:39,,7,4
269673866489998,16265048020004,2013,42,8,131,5788.0,2.0,1,ALPE4,1,ALPE4,23,2014-07-15 10:25:39,,7,4
269673867489998,16265048020004,2013,42,8,131,5788.0,3.0,2,ALPE4,1,ALPE4,1,2014-07-15 10:25:39,,7,4
269673868489998,16265048020004,2013,42,8,131,5788.0,4.0,1,ALPE4,1,ALPE4,27,2014-07-15 10:25:39,,7,4
269673869489998,16265048020004,2013,42,8,131,5788.0,3.0,2,BETH,1,BETH,1,2014-07-15 10:25:39,,7,4
269673870489998,16265048020004,2013,42,8,131,5788.0,1.0,1,HEMA3,1,HEMA3,45,2014-07-15 10:25:39,,7,4
269673871489998,16265048020004,2013,42,8,131,5788.0,2.0,1,HEMA3,1,HEMA3,40,2014-07-15 10:25:39,,7,4
269673872489998,16265048020004,2013,42,8,131,5788.0,4.0,1,HEMA3,1,HEMA3,23,2014-07-15 10:25:39,,7,4
269673873489998,16265048020004,2013,42,8,131,5788.0,1.0,1,LOMO2,1,LOMO2,11,2014-07-15 10:25:39,,7,4
269673874489998,16265048020004,2013,42,8,131,5788.0,2.0,1,LOMO2,1,LOMO2,2,2014-07-15 10:25:39,,7,4
269673875489998,16265048020004,2013,42,8,131,5788.0,4.0,1,LOMO2,1,LOMO2,4,2014-07-15 10:25:39,,7,4
269673876489998,16265048020004,2013,42,8,131,5788.0,2.0,1,LYNU,1,LYNU,3,2014-07-15 10:25:39,,7,4
269673877489998,16265048020004,2013,42,8,131,5788.0,4.0,1,LYNU,1,LYNU,3,2014-07-15 10:25:39,,7,4
269673878489998,16265048020004,2013,42,8,131,5788.0,1.0,1,ROMU,1,ROMU,9,2014-07-15 10:25:39,,7,4
269673879489998,16265048020004,2013,42,8,131,5788.0,2.0,1,ROMU,1,ROMU,4,2014-07-15 10:25:39,,7,4
269673880489998,16265048020004,2013,42,8,131,5788.0,4.0,1,ROMU,1,ROMU,9,2014-07-15 10:25:39,,7,4
269674140489998,16265065020004,2013,42,9,95,4967.0,1.0,2,ALPE4,1,ALPE4,1,2014-07-15 10:25:40,,7,4
269674141489998,16265065020004,2013,42,9,95,4967.0,2.0,2,ALPE4,1,ALPE4,5,2014-07-15 10:25:40,,7,4
269674142489998,16265065020004,2013,42,9,95,4967.0,3.0,2,ALPE4,1,ALPE4,21,2014-07-15 10:25:40,,7,4
269674143489998,16265065020004,2013,42,9,95,4967.0,4.0,2,ALPE4,1,ALPE4,31,2014-07-15 10:25:40,,7,4
269674144489998,16265065020004,2013,42,9,95,4967.0,4.0,2,CEOR7,1,CEOR7,1,2014-07-15 10:25:40,,7,4
269674145489998,16265065020004,2013,42,9,95,4967.0,3.0,2,HEMA3,1,HEMA3,1,2014-07-15 10:25:40,,7,4
269674146489998,16265065020004,2013,42,9,95,4967.0,4.0,2,HEMA3,1,HEMA3,2,2014-07-15 10:25:40,,7,4
269674147489998,16265065020004,2013,42,9,95,4967.0,1.0,2,LOMA6,1,LOMA6,5,2014-07-15 10:25:40,,7,4
269674148489998,16265065020004,2013,42,9,95,4967.0,2.0,2,LOMA6,1,LOMA6,40,2014-07-15 10:25:40,,7,4
269674149489998,16265065020004,2013,42,9,95,4967.0,3.0,2,LOMA6,1,LOMA6,43,2014-07-15 10:25:40,,7,4
269674150489998,16265065020004,2013,42,9,95,4967.0,4.0,2,LOMA6,1,LOMA6,90,2014-07-15 10:25:40,,7,4
269674151489998,16265065020004,2013,42,9,95,4967.0,2.0,2,LYNU,1,LYNU,1,2014-07-15 10:25:40,,7,4
269674152489998,16265065020004,2013,42,9,95,4967.0,3.0,2,LYNU,1,LYNU,2,2014-07-15 10:25:40,,7,4
269674153489998,16265065020004,2013,42,9,95,4967.0,1.0,2,MIVI,1,MIVI,10,2014-07-15 10:25:40,,7,4
269674154489998,16265065020004,2013,42,9,95,4967.0,2.0,2,MIVI,1,MIVI,2,2014-07-15 10:25:40,,7,4
269674155489998,16265065020004,2013,42,9,95,4967.0,3.0,2,MIVI,1,MIVI,1,2014-07-15 10:25:40,,7,4
269674156489998,16265065020004,2013,42,9,95,4967.0,4.0,2,MIVI,1,MIVI,5,2014-07-15 10:25:40,,7,4
269674157489998,16265065020004,2013,42,9,95,4967.0,2.0,2,POCU6,1,POCU6,2,2014-07-15 10:25:40,,7,4
269674158489998,16265065020004,2013,42,9,95,4967.0,3.0,2,POCU6,1,POCU6,4,2014-07-15 10:25:40,,7,4
269674159489998,16265065020004,2013,42,9,95,4967.0,1.0,2,ROMU,1,ROMU,1,2014-07-15 10:25:40,,7,4
269674160489998,16265065020004,2013,42,9,95,4967.0,2.0,2,ROMU,1,ROMU,4,2014-07-15 10:25:40,,7,4
269674161489998,16265065020004,2013,42,9,95,4967.0,3.0,2,ROMU,1,ROMU,3,2014-07-15 10:25:40,,7,4
269699272489998,16265063020004,2013,42,8,89,5022.0,2.0,1,BETH,1,BETH,1,2014-07-15 10:26:42,,7,4
269699635489998,16265185020004,2013,42,6,81,4221.0,4.0,1,LOMA6,1,LOMA6,2,2014-07-15 10:26:43,,7,4
269699636489998,16265185020004,2013,42,6,81,4221.0,4.0,1,MIVI,1,MIVI,2,2014-07-15 10:26:43,,7,4
269699637489998,16265185020004,2013,42,6,81,4221.0,4.0,1,ROMU,1,ROMU,3,2014-07-15 10:26:43,,7,4
269700036489998,16265193020004,2013,42,0,55,5091.0,4.0,2,AIAL,1,AIAL,80,2014-07-15 10:26:44,,7,4
269700037489998,16265193020004,2013,42,0,55,5091.0,4.0,2,ALPE4,1,ALPE4,70,2014-07-15 10:26:44,,7,4
269700038489998,16265193020004,2013,42,0,55,5091.0,4.0,2,CEOR7,1,CEOR7,6,2014-07-15 10:26:44,,7,4
269700039489998,16265193020004,2013,42,0,55,5091.0,4.0,2,LOJA,1,LOJA,2,2014-07-15 10:26:44,,7,4
269700040489998,16265193020004,2013,42,0,55,5091.0,4.0,2,LOMO2,1,LOMO2,6,2014-07-15 10:26:44,,7,4
269700041489998,16265193020004,2013,42,0,55,5091.0,4.0,2,MIVI,1,MIVI,66,2014-07-15 10:26:44,,7,4
269700042489998,16265193020004,2013,42,0,55,5091.0,4.0,2,ROMU,1,ROMU,7,2014-07-15 10:26:44,,7,4
269700425489998,16265256020004,2013,42,0,43,4779.0,2.0,1,AIAL,1,AIAL,3,2014-07-15 10:26:45,,7,4
269700426489998,16265256020004,2013,42,0,43,4779.0,3.0,1,AIAL,1,AIAL,1,2014-07-15 10:26:45,,7,4
269700427489998,16265256020004,2013,42,0,43,4779.0,4.0,1,AIAL,1,AIAL,1,2014-07-15 10:26:45,,7,4
269700428489998,16265256020004,2013,42,0,43,4779.0,4.0,1,MIVI,1,MIVI,1,2014-07-15 10:26:45,,7,4
269674346489998,16265161020004,2013,42,8,97,3664.0,1.0,2,ACPL,1,ACPL,1,2014-07-15 10:25:41,,7,4
269674347489998,16265161020004,2013,42,8,97,3664.0,1.0,3,ACPL,1,ACPL,6,2014-07-15 10:25:41,,7,4
269674348489998,16265161020004,2013,42,8,97,3664.0,3.0,2,ACPL,1,ACPL,2,2014-07-15 10:25:41,,7,4
269674349489998,16265161020004,2013,42,8,97,3664.0,1.0,3,ALPE4,1,ALPE4,1,2014-07-15 10:25:41,,7,4
269674350489998,16265161020004,2013,42,8,97,3664.0,4.0,3,ALPE4,1,ALPE4,1,2014-07-15 10:25:41,,7,4
269674351489998,16265161020004,2013,42,8,97,3664.0,3.0,2,BETH,1,BETH,1,2014-07-15 10:25:41,,7,4
269674352489998,16265161020004,2013,42,8,97,3664.0,1.0,3,ELUM,1,ELUM,3,2014-07-15 10:25:41,,7,4
269674353489998,16265161020004,2013,42,8,97,3664.0,4.0,3,HEMA3,1,HEMA3,1,2014-07-15 10:25:41,,7,4
269674354489998,16265161020004,2013,42,8,97,3664.0,1.0,3,LOMA6,1,LOMA6,1,2014-07-15 10:25:41,,7,4
269674355489998,16265161020004,2013,42,8,97,3664.0,1.0,3,LOMO2,1,LOMO2,4,2014-07-15 10:25:41,,7,4
269674356489998,16265161020004,2013,42,8,97,3664.0,3.0,2,LOMO2,1,LOMO2,3,2014-07-15 10:25:41,,7,4
269674357489998,16265161020004,2013,42,8,97,3664.0,1.0,2,MIVI,1,MIVI,1,2014-07-15 10:25:41,,7,4
269674358489998,16265161020004,2013,42,8,97,3664.0,1.0,3,MIVI,1,MIVI,4,2014-07-15 10:25:41,,7,4
269674359489998,16265161020004,2013,42,8,97,3664.0,3.0,2,MIVI,1,MIVI,1,2014-07-15 10:25:41,,7,4
269674360489998,16265161020004,2013,42,8,97,3664.0,4.0,3,MIVI,1,MIVI,2,2014-07-15 10:25:41,,7,4
269674361489998,16265161020004,2013,42,8,97,3664.0,1.0,3,ROMU,1,ROMU,7,2014-07-15 10:25:41,,7,4
269674362489998,16265161020004,2013,42,8,97,3664.0,3.0,2,ROMU,1,ROMU,4,2014-07-15 10:25:41,,7,4
269674363489998,16265161020004,2013,42,8,97,3664.0,4.0,3,ROMU,1,ROMU,1,2014-07-15 10:25:41,,7,4
269675156489998,16265197020004,2013,42,0,61,4075.0,3.0,1,BETH,1,BETH,1,2014-07-15 10:25:42,,7,4
269675157489998,16265197020004,2013,42,0,61,4075.0,1.0,1,LONIC,1,LONIC,1,2014-07-15 10:25:42,,7,4
269675158489998,16265197020004,2013,42,0,61,4075.0,2.0,1,MIVI,1,MIVI,1,2014-07-15 10:25:42,,7,4
269675159489998,16265197020004,2013,42,0,61,4075.0,4.0,1,MIVI,1,MIVI,5,2014-07-15 10:25:42,,7,4
269675677489998,16265344020004,2013,42,8,103,3045.0,1.0,1,BETH,1,BETH,1,2014-07-15 10:25:44,,7,4
269675678489998,16265344020004,2013,42,8,103,3045.0,2.0,1,BETH,1,BETH,2,2014-07-15 10:25:44,,7,4
666325297126144,464514236489998,2018,42,5,3,2580.0,4.0,1,ROPS,1,ROPS,15,2019-05-21 12:50:38,,8,4
666336774126144,464513837489998,2018,42,6,47,2050.0,1.0,1,ELUM,1,ELUM,25,2019-05-21 12:51:09,,8,4
666325887126144,464515508489998,2018,42,7,51,1016.0,3.0,1,BETH,1,BETH,7,2019-05-21 12:50:41,,8,4
666325888126144,464515508489998,2018,42,7,51,1016.0,2.0,1,CIVU,1,CIVU,1,2019-05-21 12:50:41,,8,4
666325889126144,464515508489998,2018,42,7,51,1016.0,3.0,1,CIVU,1,CIVU,1,2019-05-21 12:50:41,,8,4
666325890126144,464515508489998,2018,42,7,51,1016.0,4.0,1,CIVU,1,CIVU,1,2019-05-21 12:50:41,,8,4
666325891126144,464515508489998,2018,42,7,51,1016.0,1.0,1,MIVI,1,MIVI,40,2019-05-21 12:50:41,,8,4
666325892126144,464515508489998,2018,42,7,51,1016.0,2.0,1,MIVI,1,MIVI,1,2019-05-21 12:50:41,,8,4
666325893126144,464515508489998,2018,42,7,51,1016.0,3.0,1,MIVI,1,MIVI,1,2019-05-21 12:50:41,,8,4
666325894126144,464515508489998,2018,42,7,51,1016.0,4.0,1,MIVI,1,MIVI,1,2019-05-21 12:50:41,,8,4
666325895126144,464515508489998,2018,42,7,51,1016.0,1.0,1,ROMU,1,ROMU,7,2019-05-21 12:50:41,,8,4
666325896126144,464515508489998,2018,42,7,51,1016.0,2.0,1,ROMU,1,ROMU,3,2019-05-21 12:50:41,,8,4
269665029489998,16265154020004,2013,42,6,81,3094.0,3.0,2,ROMU,1,ROMU,2,2014-07-15 10:25:21,,7,4
269665030489998,16265154020004,2013,42,6,81,3094.0,4.0,1,ROMU,1,ROMU,7,2014-07-15 10:25:21,,7,4
269665031489998,16265154020004,2013,42,6,81,3094.0,1.0,1,ROPS,1,ROPS,2,2014-07-15 10:25:21,,7,4
269665032489998,16265154020004,2013,42,6,81,3094.0,2.0,1,ROPS,1,ROPS,8,2014-07-15 10:25:21,,7,4
269665350489998,16265216020004,2013,42,6,117,5166.0,2.0,1,BETH,1,BETH,1,2014-07-15 10:25:22,,7,4
269665351489998,16265216020004,2013,42,6,117,5166.0,3.0,1,BETH,1,BETH,3,2014-07-15 10:25:22,,7,4
269665352489998,16265216020004,2013,42,6,117,5166.0,1.0,1,LOMO2,1,LOMO2,1,2014-07-15 10:25:22,,7,4
269665353489998,16265216020004,2013,42,6,117,5166.0,3.0,1,LOMO2,1,LOMO2,1,2014-07-15 10:25:22,,7,4
269665354489998,16265216020004,2013,42,6,117,5166.0,1.0,1,ROMU,1,ROMU,4,2014-07-15 10:25:22,,7,4
269665355489998,16265216020004,2013,42,6,117,5166.0,2.0,1,ROMU,1,ROMU,16,2014-07-15 10:25:22,,7,4
269665356489998,16265216020004,2013,42,6,117,5166.0,3.0,1,ROMU,1,ROMU,19,2014-07-15 10:25:22,,7,4
269665357489998,16265216020004,2013,42,6,117,5166.0,4.0,1,ROMU,1,ROMU,1,2014-07-15 10:25:22,,7,4
269665910489998,16265260020004,2013,42,0,99,5639.0,2.0,1,MIVI,1,MIVI,3,2014-07-15 10:25:23,,7,4
269665911489998,16265260020004,2013,42,0,99,5639.0,4.0,1,ROMU,1,ROMU,1,2014-07-15 10:25:23,,7,4
269666896489998,16265290020004,2013,42,0,61,6002.0,4.0,1,ALPE4,1,ALPE4,1,2014-07-15 10:25:25,,7,4
269666897489998,16265290020004,2013,42,0,61,6002.0,1.0,1,ROMU,1,ROMU,2,2014-07-15 10:25:25,,7,4
269666898489998,16265290020004,2013,42,0,61,6002.0,2.0,1,ROMU,1,ROMU,3,2014-07-15 10:25:25,,7,4
269666899489998,16265290020004,2013,42,0,61,6002.0,4.0,1,ROMU,1,ROMU,2,2014-07-15 10:25:25,,7,4
269667814489998,16265313020004,2013,42,6,35,5425.0,1.0,1,ALPE4,1,ALPE4,1,2014-07-15 10:25:26,,7,4
269667815489998,16265313020004,2013,42,6,35,5425.0,2.0,1,ALPE4,1,ALPE4,2,2014-07-15 10:25:26,,7,4
269667816489998,16265313020004,2013,42,6,35,5425.0,4.0,1,ALPE4,1,ALPE4,1,2014-07-15 10:25:26,,7,4
269667817489998,16265313020004,2013,42,6,35,5425.0,2.0,1,BETH,1,BETH,2,2014-07-15 10:25:26,,7,4
269667818489998,16265313020004,2013,42,6,35,5425.0,4.0,1,BETH,1,BETH,2,2014-07-15 10:25:26,,7,4
269667819489998,16265313020004,2013,42,6,35,5425.0,1.0,1,MIVI,1,MIVI,29,2014-07-15 10:25:26,,7,4
269667820489998,16265313020004,2013,42,6,35,5425.0,2.0,1,MIVI,1,MIVI,45,2014-07-15 10:25:26,,7,4
269667821489998,16265313020004,2013,42,6,35,5425.0,3.0,1,MIVI,1,MIVI,7,2014-07-15 10:25:26,,7,4
269667822489998,16265313020004,2013,42,6,35,5425.0,4.0,1,MIVI,1,MIVI,80,2014-07-15 10:25:26,,7,4
269667823489998,16265313020004,2013,42,6,35,5425.0,1.0,1,ROMU,1,ROMU,1,2014-07-15 10:25:26,,7,4
269667824489998,16265313020004,2013,42,6,35,5425.0,4.0,1,ROMU,1,ROMU,1,2014-07-15 10:25:26,,7,4
269667825489998,16265313020004,2013,42,6,35,5425.0,2.0,1,ROPS,1,ROPS,2,2014-07-15 10:25:26,,7,4
269667826489998,16265313020004,2013,42,6,35,5425.0,3.0,1,ROPS,1,ROPS,1,2014-07-15 10:25:26,,7,4
269667827489998,16265313020004,2013,42,6,35,5425.0,4.0,1,ROPS,1,ROPS,2,2014-07-15 10:25:26,,7,4
269692683489998,16265190020004,2013,42,0,67,4294.0,1.0,1,ACPL,1,ACPL,7,2014-07-15 10:26:29,,7,4
269692684489998,16265190020004,2013,42,0,67,4294.0,2.0,1,ACPL,1,ACPL,45,2014-07-15 10:26:29,,7,4
269692685489998,16265190020004,2013,42,0,67,4294.0,3.0,1,ACPL,1,ACPL,8,2014-07-15 10:26:29,,7,4
269692686489998,16265190020004,2013,42,0,67,4294.0,4.0,1,ACPL,1,ACPL,2,2014-07-15 10:26:29,,7,4
269692687489998,16265190020004,2013,42,0,67,4294.0,1.0,1,AIAL,1,AIAL,7,2014-07-15 10:26:29,,7,4
269692688489998,16265190020004,2013,42,0,67,4294.0,1.0,1,ALPE4,1,ALPE4,20,2014-07-15 10:26:29,,7,4
269692689489998,16265190020004,2013,42,0,67,4294.0,2.0,1,ALPE4,1,ALPE4,30,2014-07-15 10:26:29,,7,4
269692690489998,16265190020004,2013,42,0,67,4294.0,4.0,1,ALPE4,1,ALPE4,4,2014-07-15 10:26:29,,7,4
269692691489998,16265190020004,2013,42,0,67,4294.0,1.0,1,LONIC,1,LONIC,1,2014-07-15 10:26:29,,7,4
269692692489998,16265190020004,2013,42,0,67,4294.0,1.0,1,ROMU,1,ROMU,17,2014-07-15 10:26:29,,7,4
269692693489998,16265190020004,2013,42,0,67,4294.0,4.0,1,ROMU,1,ROMU,2,2014-07-15 10:26:29,,7,4
269693250489998,16265199020004,2013,42,0,57,3146.0,4.0,1,BETH,1,BETH,1,2014-07-15 10:26:30,,7,4
269693251489998,16265199020004,2013,42,0,57,3146.0,2.0,1,CEOR7,1,CEOR7,10,2014-07-15 10:26:30,,7,4
269693252489998,16265199020004,2013,42,0,57,3146.0,4.0,1,CEOR7,1,CEOR7,1,2014-07-15 10:26:30,,7,4
269693253489998,16265199020004,2013,42,0,57,3146.0,2.0,1,ELUM,1,ELUM,30,2014-07-15 10:26:30,,7,4
269693254489998,16265199020004,2013,42,0,57,3146.0,1.0,1,LIVU,1,LIVU,3,2014-07-15 10:26:30,,7,4
269693255489998,16265199020004,2013,42,0,57,3146.0,3.0,1,LIVU,1,LIVU,4,2014-07-15 10:26:30,,7,4
269693256489998,16265199020004,2013,42,0,57,3146.0,1.0,1,LONIC,1,LONIC,2,2014-07-15 10:26:30,,7,4
269693257489998,16265199020004,2013,42,0,57,3146.0,2.0,1,LONIC,1,LONIC,1,2014-07-15 10:26:30,,7,4
269693258489998,16265199020004,2013,42,0,57,3146.0,3.0,1,LONIC,1,LONIC,1,2014-07-15 10:26:30,,7,4
269693259489998,16265199020004,2013,42,0,57,3146.0,4.0,1,LONIC,1,LONIC,1,2014-07-15 10:26:30,,7,4
269693260489998,16265199020004,2013,42,0,57,3146.0,1.0,1,MIVI,1,MIVI,48,2014-07-15 10:26:30,,7,4
269693261489998,16265199020004,2013,42,0,57,3146.0,2.0,1,MIVI,1,MIVI,10,2014-07-15 10:26:30,,7,4
269693262489998,16265199020004,2013,42,0,57,3146.0,3.0,1,MIVI,1,MIVI,50,2014-07-15 10:26:30,,7,4
269693263489998,16265199020004,2013,42,0,57,3146.0,4.0,1,MIVI,1,MIVI,60,2014-07-15 10:26:30,,7,4
269693264489998,16265199020004,2013,42,0,57,3146.0,1.0,1,ROMU,1,ROMU,1,2014-07-15 10:26:30,,7,4
269693265489998,16265199020004,2013,42,0,57,3146.0,2.0,1,ROMU,1,ROMU,3,2014-07-15 10:26:30,,7,4
269693266489998,16265199020004,2013,42,0,57,3146.0,3.0,1,ROMU,1,ROMU,8,2014-07-15 10:26:30,,7,4
269693267489998,16265199020004,2013,42,0,57,3146.0,4.0,1,ROMU,1,ROMU,5,2014-07-15 10:26:30,,7,4
269669222489998,16265474020004,2013,42,9,29,4536.0,1.0,2,ACPL,1,ACPL,1,2014-07-15 10:25:29,,7,4
269669223489998,16265474020004,2013,42,9,29,4536.0,4.0,2,ACPL,1,ACPL,25,2014-07-15 10:25:29,,7,4
269669224489998,16265474020004,2013,42,9,29,4536.0,1.0,2,LOJA,1,LOJA,2,2014-07-15 10:25:29,,7,4
269669225489998,16265474020004,2013,42,9,29,4536.0,3.0,2,LOJA,1,LOJA,2,2014-07-15 10:25:29,,7,4
269669226489998,16265474020004,2013,42,9,29,4536.0,4.0,2,LOJA,1,LOJA,5,2014-07-15 10:25:29,,7,4
269669227489998,16265474020004,2013,42,9,29,4536.0,3.0,2,MIVI,1,MIVI,1,2014-07-15 10:25:29,,7,4
269669228489998,16265474020004,2013,42,9,29,4536.0,4.0,2,MIVI,1,MIVI,3,2014-07-15 10:25:29,,7,4
269669229489998,16265474020004,2013,42,9,29,4536.0,1.0,2,ROMU,1,ROMU,1,2014-07-15 10:25:29,,7,4
269669230489998,16265474020004,2013,42,9,29,4536.0,3.0,2,ROMU,1,ROMU,35,2014-07-15 10:25:29,,7,4
269669231489998,16265474020004,2013,42,9,29,4536.0,4.0,2,ROMU,1,ROMU,10,2014-07-15 10:25:29,,7,4
269693891489998,16265315020004,2013,42,6,35,5171.0,1.0,1,ACPL,1,ACPL,1,2014-07-15 10:26:31,,7,4
269693892489998,16265315020004,2013,42,6,35,5171.0,4.0,1,ACPL,1,ACPL,1,2014-07-15 10:26:31,,7,4
269693893489998,16265315020004,2013,42,6,35,5171.0,1.0,1,ALPE4,1,ALPE4,30,2014-07-15 10:26:31,,7,4
269693894489998,16265315020004,2013,42,6,35,5171.0,3.0,1,ALPE4,1,ALPE4,6,2014-07-15 10:26:31,,7,4
269693895489998,16265315020004,2013,42,6,35,5171.0,4.0,1,ALPE4,1,ALPE4,4,2014-07-15 10:26:31,,7,4
269693896489998,16265315020004,2013,42,6,35,5171.0,1.0,1,BETH,1,BETH,3,2014-07-15 10:26:31,,7,4
269693897489998,16265315020004,2013,42,6,35,5171.0,3.0,1,BETH,1,BETH,12,2014-07-15 10:26:31,,7,4
269693898489998,16265315020004,2013,42,6,35,5171.0,4.0,1,BETH,1,BETH,6,2014-07-15 10:26:31,,7,4
269693899489998,16265315020004,2013,42,6,35,5171.0,1.0,1,HEMA3,1,HEMA3,1,2014-07-15 10:26:31,,7,4
269693900489998,16265315020004,2013,42,6,35,5171.0,3.0,1,HEMA3,1,HEMA3,3,2014-07-15 10:26:31,,7,4
269693901489998,16265315020004,2013,42,6,35,5171.0,4.0,1,HEMA3,1,HEMA3,3,2014-07-15 10:26:31,,7,4
269693902489998,16265315020004,2013,42,6,35,5171.0,1.0,1,LOMA6,1,LOMA6,1,2014-07-15 10:26:31,,7,4
269693903489998,16265315020004,2013,42,6,35,5171.0,3.0,1,LOMA6,1,LOMA6,1,2014-07-15 10:26:31,,7,4
269693904489998,16265315020004,2013,42,6,35,5171.0,4.0,1,LOMA6,1,LOMA6,1,2014-07-15 10:26:31,,7,4
269693905489998,16265315020004,2013,42,6,35,5171.0,1.0,1,LOMO2,1,LOMO2,6,2014-07-15 10:26:31,,7,4
269693906489998,16265315020004,2013,42,6,35,5171.0,3.0,1,LOMO2,1,LOMO2,5,2014-07-15 10:26:31,,7,4
269693907489998,16265315020004,2013,42,6,35,5171.0,4.0,1,LOMO2,1,LOMO2,7,2014-07-15 10:26:31,,7,4
269693908489998,16265315020004,2013,42,6,35,5171.0,1.0,1,ROMU,1,ROMU,2,2014-07-15 10:26:31,,7,4
269693909489998,16265315020004,2013,42,6,35,5171.0,3.0,1,ROMU,1,ROMU,1,2014-07-15 10:26:31,,7,4
269693910489998,16265315020004,2013,42,6,35,5171.0,4.0,1,ROMU,1,ROMU,3,2014-07-15 10:26:31,,7,4
269695035489998,16265488020004,2013,42,6,35,5449.0,1.0,1,BETH,1,BETH,2,2014-07-15 10:26:33,,7,4
269695036489998,16265488020004,2013,42,6,35,5449.0,3.0,1,BETH,1,BETH,4,2014-07-15 10:26:33,,7,4
269695037489998,16265488020004,2013,42,6,35,5449.0,4.0,1,CEOR7,1,CEOR7,1,2014-07-15 10:26:33,,7,4
269695038489998,16265488020004,2013,42,6,35,5449.0,1.0,1,MIVI,1,MIVI,3,2014-07-15 10:26:33,,7,4
269695039489998,16265488020004,2013,42,6,35,5449.0,3.0,1,MIVI,1,MIVI,78,2014-07-15 10:26:33,,7,4
269695040489998,16265488020004,2013,42,6,35,5449.0,1.0,1,ROMU,1,ROMU,1,2014-07-15 10:26:33,,7,4
269695041489998,16265488020004,2013,42,6,35,5449.0,3.0,1,ROMU,1,ROMU,2,2014-07-15 10:26:33,,7,4
269695042489998,16265488020004,2013,42,6,35,5449.0,4.0,1,ROMU,1,ROMU,1,2014-07-15 10:26:33,,7,4
269669466489998,16264569020004,2013,42,5,39,5648.0,3.0,2,ROMU,1,ROMU,1,2014-07-15 10:25:30,,7,4
269669467489998,16264569020004,2013,42,5,39,5648.0,4.0,1,ROMU,1,ROMU,2,2014-07-15 10:25:30,,7,4
269670132489998,16264658020004,2013,42,5,125,6017.0,1.0,1,ALPE4,1,ALPE4,5,2014-07-15 10:25:32,,7,4
269670133489998,16264658020004,2013,42,5,125,6017.0,2.0,1,ALPE4,1,ALPE4,5,2014-07-15 10:25:32,,7,4
269670134489998,16264658020004,2013,42,5,125,6017.0,4.0,1,ALPE4,1,ALPE4,8,2014-07-15 10:25:32,,7,4
269670135489998,16264658020004,2013,42,5,125,6017.0,1.0,1,LIVU,1,LIVU,2,2014-07-15 10:25:32,,7,4
269670136489998,16264658020004,2013,42,5,125,6017.0,1.0,1,LONIC,1,LONIC,5,2014-07-15 10:25:32,,7,4
269670137489998,16264658020004,2013,42,5,125,6017.0,2.0,1,LONIC,1,LONIC,1,2014-07-15 10:25:32,,7,4
269670138489998,16264658020004,2013,42,5,125,6017.0,4.0,1,LONIC,1,LONIC,6,2014-07-15 10:25:32,,7,4
269670139489998,16264658020004,2013,42,5,125,6017.0,1.0,1,ROMU,1,ROMU,16,2014-07-15 10:25:32,,7,4
269670140489998,16264658020004,2013,42,5,125,6017.0,2.0,1,ROMU,1,ROMU,6,2014-07-15 10:25:32,,7,4
269670141489998,16264658020004,2013,42,5,125,6017.0,4.0,1,ROMU,1,ROMU,19,2014-07-15 10:25:32,,7,4
269670142489998,16264658020004,2013,42,5,125,6017.0,1.0,1,ROPS,1,ROPS,9,2014-07-15 10:25:32,,7,4
269670143489998,16264658020004,2013,42,5,125,6017.0,4.0,1,ROPS,1,ROPS,3,2014-07-15 10:25:32,,7,4
269696266489998,16264642020004,2013,42,0,61,5127.0,2.0,1,ELUM,1,ELUM,6,2014-07-15 10:26:36,,7,4
269696267489998,16264642020004,2013,42,0,61,5127.0,4.0,1,ELUM,1,ELUM,1,2014-07-15 10:26:36,,7,4
269696268489998,16264642020004,2013,42,0,61,5127.0,1.0,1,MIVI,1,MIVI,5,2014-07-15 10:26:36,,7,4
269696269489998,16264642020004,2013,42,0,61,5127.0,3.0,1,MIVI,1,MIVI,13,2014-07-15 10:26:36,,7,4
269696270489998,16264642020004,2013,42,0,61,5127.0,4.0,1,MIVI,1,MIVI,35,2014-07-15 10:26:36,,7,4
334776595489998,171958967020004,2014,42,8,97,5368.0,2.0,1,LOJA,1,LOJA,1,2015-05-29 06:45:53,,7,5
334776596489998,171958967020004,2014,42,8,97,5368.0,2.0,1,LOMA6,1,LOMA6,2,2015-05-29 06:45:53,,7,5
334776597489998,171958967020004,2014,42,8,97,5368.0,2.0,1,LOMO2,1,LOMO2,7,2015-05-29 06:45:53,,7,5
269675679489998,16265344020004,2013,42,8,103,3045.0,3.0,1,BETH,1,BETH,2,2014-07-15 10:25:44,,7,4
269701884489998,16265423020004,2013,42,8,69,5870.0,3.0,2,ROMU,1,ROMU,2,2014-07-15 10:26:48,,7,4
269702089489998,16265461020004,2013,42,8,127,5717.0,4.0,1,ALPE4,1,ALPE4,7,2014-07-15 10:26:49,,7,4
269702090489998,16265461020004,2013,42,8,127,5717.0,4.0,1,BETH,1,BETH,4,2014-07-15 10:26:49,,7,4
269702091489998,16265461020004,2013,42,8,127,5717.0,4.0,1,CEOR7,1,CEOR7,1,2014-07-15 10:26:49,,7,4
269702092489998,16265461020004,2013,42,8,127,5717.0,1.0,1,ELUM,1,ELUM,4,2014-07-15 10:26:49,,7,4
269702093489998,16265461020004,2013,42,8,127,5717.0,4.0,1,ELUM,1,ELUM,50,2014-07-15 10:26:49,,7,4
269702094489998,16265461020004,2013,42,8,127,5717.0,1.0,1,ROMU,1,ROMU,5,2014-07-15 10:26:49,,7,4
269702095489998,16265461020004,2013,42,8,127,5717.0,4.0,1,ROMU,1,ROMU,9,2014-07-15 10:26:49,,7,4
269702232489998,16265476020004,2013,42,8,107,4203.0,1.0,1,MIVI,1,MIVI,1,2014-07-15 10:26:49,,7,4
536727793126144,375840910489998,2017,42,9,95,1273.0,2.0,1,ROMU,1,ROMU,2,2018-05-18 14:24:02,,8,3
536727794126144,375840910489998,2017,42,9,95,1273.0,3.0,1,ROMU,1,ROMU,3,2018-05-18 14:24:02,,8,3
536727795126144,375840910489998,2017,42,9,95,1273.0,4.0,1,ROMU,1,ROMU,3,2018-05-18 14:24:02,,8,3
536727942126144,375840992489998,2017,42,6,113,1186.0,1.0,1,BETH,1,BETH,15,2018-05-18 14:24:03,,8,3
536727943126144,375840992489998,2017,42,6,113,1186.0,2.0,1,BETH,1,BETH,4,2018-05-18 14:24:03,,8,3
536727944126144,375840992489998,2017,42,6,113,1186.0,4.0,1,BETH,1,BETH,1,2018-05-18 14:24:03,,8,3
536727945126144,375840992489998,2017,42,6,113,1186.0,1.0,1,CIAR4,1,CIAR4,1,2018-05-18 14:24:03,,8,3
536727946126144,375840992489998,2017,42,6,113,1186.0,1.0,1,MIVI,1,MIVI,35,2018-05-18 14:24:03,,8,3
536727947126144,375840992489998,2017,42,6,113,1186.0,2.0,1,MIVI,1,MIVI,26,2018-05-18 14:24:03,,8,3
536727948126144,375840992489998,2017,42,6,113,1186.0,3.0,1,MIVI,1,MIVI,20,2018-05-18 14:24:03,,8,3
536727949126144,375840992489998,2017,42,6,113,1186.0,4.0,1,MIVI,1,MIVI,37,2018-05-18 14:24:03,,8,3
536728164126144,375841102489998,2017,42,9,29,897.0,3.0,2,ALPE4,1,ALPE4,9,2018-05-18 14:24:03,,8,3
536728165126144,375841102489998,2017,42,9,29,897.0,3.0,2,CEOR7,1,CEOR7,2,2018-05-18 14:24:03,,8,3
536728166126144,375841102489998,2017,42,9,29,897.0,3.0,2,LOJA,1,LOJA,2,2018-05-18 14:24:03,,8,3
536728167126144,375841102489998,2017,42,9,29,897.0,3.0,2,LOMA6,1,LOMA6,3,2018-05-18 14:24:03,,8,3
536728168126144,375841102489998,2017,42,9,29,897.0,3.0,2,ROMU,1,ROMU,5,2018-05-18 14:24:03,,8,3
536717519126144,375840684489998,2017,42,7,111,851.0,4.0,2,BEVU,1,BEVU,7,2018-05-18 14:23:35,,8,3
536717736126144,375840732489998,2017,42,5,129,1739.0,3.0,1,ROMU,1,ROMU,1,2018-05-18 14:23:36,,8,3
536717737126144,375840732489998,2017,42,5,129,1739.0,1.0,1,ROPS,1,ROPS,5,2018-05-18 14:23:36,,8,3
536717879126144,375840778489998,2017,42,6,121,524.0,3.0,1,MIVI,1,MIVI,7,2018-05-18 14:23:37,,8,3
536717880126144,375840778489998,2017,42,6,121,524.0,3.0,1,ROMU,1,ROMU,2,2018-05-18 14:23:37,,8,3
536722678126144,375841017489998,2017,42,0,57,1174.0,3.0,2,AIAL,1,AIAL,1,2018-05-18 14:23:50,,8,3
536722679126144,375841017489998,2017,42,0,57,1174.0,3.0,2,LONIC,1,LONIC,2,2018-05-18 14:23:50,,8,3
536722680126144,375841017489998,2017,42,0,57,1174.0,3.0,2,ROMU,1,ROMU,20,2018-05-18 14:23:50,,8,3
536722734126144,375841067489998,2017,42,6,27,910.0,1.0,2,ALPE4,1,ALPE4,1,2018-05-18 14:23:50,,8,3
536722735126144,375841067489998,2017,42,6,27,910.0,3.0,2,LIVU,1,LIVU,1,2018-05-18 14:23:50,,8,3
536722736126144,375841067489998,2017,42,6,27,910.0,1.0,2,LOMO2,1,LOMO2,1,2018-05-18 14:23:50,,8,3
536722737126144,375841067489998,2017,42,6,27,910.0,1.0,2,ROMU,1,ROMU,1,2018-05-18 14:23:50,,8,3
536722848126144,375841105489998,2017,42,9,71,165.0,3.0,2,CEOR7,1,CEOR7,1,2018-05-18 14:23:51,,8,3
536722849126144,375841105489998,2017,42,9,71,165.0,3.0,2,LOJA,1,LOJA,1,2018-05-18 14:23:51,,8,3
536722910126144,375841120489998,2017,42,8,89,1486.0,1.0,2,BETH,1,BETH,1,2018-05-18 14:23:51,,8,3
536722911126144,375841120489998,2017,42,8,89,1486.0,3.0,2,BETH,1,BETH,3,2018-05-18 14:23:51,,8,3
536722912126144,375841120489998,2017,42,8,89,1486.0,1.0,2,CEOR7,1,CEOR7,1,2018-05-18 14:23:51,,8,3
536722913126144,375841120489998,2017,42,8,89,1486.0,3.0,2,CEOR7,1,CEOR7,2,2018-05-18 14:23:51,,8,3
536722914126144,375841120489998,2017,42,8,89,1486.0,4.0,2,CEOR7,1,CEOR7,1,2018-05-18 14:23:51,,8,3
536722915126144,375841120489998,2017,42,8,89,1486.0,3.0,2,LOMO2,1,LOMO2,1,2018-05-18 14:23:51,,8,3
536722916126144,375841120489998,2017,42,8,89,1486.0,4.0,2,LOMO2,1,LOMO2,2,2018-05-18 14:23:51,,8,3
536722917126144,375841120489998,2017,42,8,89,1486.0,1.0,2,MIVI,1,MIVI,1,2018-05-18 14:23:51,,8,3
536722918126144,375841120489998,2017,42,8,89,1486.0,3.0,2,ROMU,1,ROMU,1,2018-05-18 14:23:51,,8,3
536722919126144,375841120489998,2017,42,8,89,1486.0,4.0,2,ROMU,1,ROMU,11,2018-05-18 14:23:51,,8,3
536723036126144,375841124489998,2017,42,8,15,23.0,1.0,1,ELUM,1,ELUM,12,2018-05-18 14:23:51,,8,3
536723037126144,375841124489998,2017,42,8,15,23.0,4.0,1,ELUM,1,ELUM,2,2018-05-18 14:23:51,,8,3
536723038126144,375841124489998,2017,42,8,15,23.0,1.0,1,ROMU,1,ROMU,4,2018-05-18 14:23:51,,8,3
536723301126144,375841171489998,2017,42,8,127,1696.0,3.0,1,BETH,1,BETH,3,2018-05-18 14:23:52,,8,3
536723302126144,375841171489998,2017,42,8,127,1696.0,3.0,1,ROMU,1,ROMU,1,2018-05-18 14:23:52,,8,3
536728396126144,375840601489998,2017,42,6,47,1613.0,1.0,1,FRAL4,1,FRAL4,1,2018-05-18 14:24:04,,8,3
536728397126144,375840601489998,2017,42,6,47,1613.0,2.0,1,FRAL4,1,FRAL4,1,2018-05-18 14:24:04,,8,3
536728398126144,375840601489998,2017,42,6,47,1613.0,3.0,1,FRAL4,1,FRAL4,1,2018-05-18 14:24:04,,8,3
536728575126144,375840678489998,2017,42,7,21,1825.0,3.0,1,ALPE4,1,ALPE4,20,2018-05-18 14:24:04,,8,3
536728576126144,375840678489998,2017,42,7,21,1825.0,2.0,1,BETH,1,BETH,1,2018-05-18 14:24:04,,8,3
536728577126144,375840678489998,2017,42,7,21,1825.0,1.0,1,LONIC,1,LONIC,1,2018-05-18 14:24:04,,8,3
536728578126144,375840678489998,2017,42,7,21,1825.0,3.0,1,POSA4,1,POSA4,40,2018-05-18 14:24:04,,8,3
536728579126144,375840678489998,2017,42,7,21,1825.0,4.0,1,POSA4,1,POSA4,35,2018-05-18 14:24:04,,8,3
536728580126144,375840678489998,2017,42,7,21,1825.0,1.0,1,ROMU,1,ROMU,3,2018-05-18 14:24:04,,8,3
536728581126144,375840678489998,2017,42,7,21,1825.0,2.0,1,ROMU,1,ROMU,15,2018-05-18 14:24:04,,8,3
536728582126144,375840678489998,2017,42,7,21,1825.0,3.0,1,ROMU,1,ROMU,12,2018-05-18 14:24:04,,8,3
536728583126144,375840678489998,2017,42,7,21,1825.0,4.0,1,ROMU,1,ROMU,15,2018-05-18 14:24:04,,8,3
536728584126144,375840678489998,2017,42,7,21,1825.0,1.0,1,ROPS,1,ROPS,20,2018-05-18 14:24:04,,8,3
536718105126144,375840921489998,2017,42,7,9,514.0,1.0,1,AIAL,1,AIAL,12,2018-05-18 14:23:38,,8,3
536718106126144,375840921489998,2017,42,7,9,514.0,1.0,1,BETH,1,BETH,10,2018-05-18 14:23:38,,8,3
536718107126144,375840921489998,2017,42,7,9,514.0,2.0,2,BETH,1,BETH,1,2018-05-18 14:23:38,,8,3
536718108126144,375840921489998,2017,42,7,9,514.0,3.0,1,BETH,1,BETH,1,2018-05-18 14:23:38,,8,3
536718109126144,375840921489998,2017,42,7,9,514.0,4.0,2,BETH,1,BETH,2,2018-05-18 14:23:38,,8,3
536718110126144,375840921489998,2017,42,7,9,514.0,1.0,1,ROMU,1,ROMU,5,2018-05-18 14:23:38,,8,3
536718111126144,375840921489998,2017,42,7,9,514.0,2.0,2,ROMU,1,ROMU,5,2018-05-18 14:23:38,,8,3
536718112126144,375840921489998,2017,42,7,9,514.0,3.0,1,ROMU,1,ROMU,1,2018-05-18 14:23:38,,8,3
536718113126144,375840921489998,2017,42,7,9,514.0,4.0,2,ROMU,1,ROMU,2,2018-05-18 14:23:38,,8,3
536718329126144,375840991489998,2017,42,6,113,1595.0,2.0,1,ROMU,1,ROMU,1,2018-05-18 14:23:39,,8,3
536718606126144,375841022489998,2017,42,6,117,1177.0,3.0,2,ROMU,1,ROMU,1,2018-05-18 14:23:39,,8,3
536718602126144,375841022489998,2017,42,6,117,1177.0,1.0,1,LONIC,1,LONIC,1,2018-05-18 14:23:39,,8,3
536718603126144,375841022489998,2017,42,6,117,1177.0,2.0,1,LONIC,1,LONIC,2,2018-05-18 14:23:39,,8,3
536718604126144,375841022489998,2017,42,6,117,1177.0,4.0,1,LONIC,1,LONIC,1,2018-05-18 14:23:39,,8,3
536718605126144,375841022489998,2017,42,6,117,1177.0,2.0,1,ROMU,1,ROMU,1,2018-05-18 14:23:39,,8,3
536728894126144,375840846489998,2017,42,6,65,417.0,1.0,1,ALPE4,1,ALPE4,5,2018-05-18 14:24:05,,8,3
536728895126144,375840846489998,2017,42,6,65,417.0,2.0,1,ALPE4,1,ALPE4,10,2018-05-18 14:24:05,,8,3
536728896126144,375840846489998,2017,42,6,65,417.0,1.0,1,BETH,1,BETH,1,2018-05-18 14:24:05,,8,3
536728897126144,375840846489998,2017,42,6,65,417.0,2.0,1,BETH,1,BETH,1,2018-05-18 14:24:05,,8,3
536728898126144,375840846489998,2017,42,6,65,417.0,2.0,1,HEMA3,1,HEMA3,1,2018-05-18 14:24:05,,8,3
536728899126144,375840846489998,2017,42,6,65,417.0,1.0,1,LIVU,1,LIVU,1,2018-05-18 14:24:05,,8,3
536728900126144,375840846489998,2017,42,6,65,417.0,2.0,1,LIVU,1,LIVU,1,2018-05-18 14:24:05,,8,3
536728901126144,375840846489998,2017,42,6,65,417.0,1.0,1,LOMO2,1,LOMO2,35,2018-05-18 14:24:05,,8,3
536728902126144,375840846489998,2017,42,6,65,417.0,2.0,1,LOMO2,1,LOMO2,35,2018-05-18 14:24:05,,8,3
536728903126144,375840846489998,2017,42,6,65,417.0,1.0,1,LOTA,1,LOTA,10,2018-05-18 14:24:05,,8,3
536728904126144,375840846489998,2017,42,6,65,417.0,2.0,1,LOTA,1,LOTA,5,2018-05-18 14:24:05,,8,3
536728905126144,375840846489998,2017,42,6,65,417.0,1.0,1,ROMU,1,ROMU,5,2018-05-18 14:24:05,,8,3
536728906126144,375840846489998,2017,42,6,65,417.0,2.0,1,ROMU,1,ROMU,10,2018-05-18 14:24:05,,8,3
536729004126144,375840881489998,2017,42,6,33,1315.0,2.0,1,ROMU,1,ROMU,1,2018-05-18 14:24:05,,8,3
536729152126144,375840897489998,2017,42,8,115,198.0,4.0,2,ROMU,1,ROMU,1,2018-05-18 14:24:06,,8,3
536729306126144,375840900489998,2017,42,8,115,1163.0,1.0,1,ALPE4,1,ALPE4,1,2018-05-18 14:24:06,,8,3
536729307126144,375840900489998,2017,42,8,115,1163.0,2.0,1,ALPE4,1,ALPE4,1,2018-05-18 14:24:06,,8,3
536729308126144,375840900489998,2017,42,8,115,1163.0,3.0,1,ALPE4,1,ALPE4,1,2018-05-18 14:24:06,,8,3
536729309126144,375840900489998,2017,42,8,115,1163.0,4.0,1,ALPE4,1,ALPE4,1,2018-05-18 14:24:06,,8,3
536729310126144,375840900489998,2017,42,8,115,1163.0,3.0,1,ELUM,1,ELUM,3,2018-05-18 14:24:06,,8,3
536729311126144,375840900489998,2017,42,8,115,1163.0,2.0,1,LOMO2,1,LOMO2,1,2018-05-18 14:24:06,,8,3
536729312126144,375840900489998,2017,42,8,115,1163.0,3.0,1,LOMO2,1,LOMO2,1,2018-05-18 14:24:06,,8,3
536729313126144,375840900489998,2017,42,8,115,1163.0,4.0,1,LOMO2,1,LOMO2,1,2018-05-18 14:24:06,,8,3
536729314126144,375840900489998,2017,42,8,115,1163.0,1.0,1,ROMU,1,ROMU,14,2018-05-18 14:24:06,,8,3
536729315126144,375840900489998,2017,42,8,115,1163.0,2.0,1,ROMU,1,ROMU,3,2018-05-18 14:24:06,,8,3
536729316126144,375840900489998,2017,42,8,115,1163.0,3.0,1,ROMU,1,ROMU,8,2018-05-18 14:24:06,,8,3
536729317126144,375840900489998,2017,42,8,115,1163.0,4.0,1,ROMU,1,ROMU,4,2018-05-18 14:24:06,,8,3
536729527126144,375840932489998,2017,42,0,67,533.0,2.0,1,AIAL,1,AIAL,2,2018-05-18 14:24:06,,8,3
536729528126144,375840932489998,2017,42,0,67,533.0,3.0,1,AIAL,1,AIAL,2,2018-05-18 14:24:06,,8,3
536729529126144,375840932489998,2017,42,0,67,533.0,4.0,1,AIAL,1,AIAL,2,2018-05-18 14:24:06,,8,3
536729530126144,375840932489998,2017,42,0,67,533.0,1.0,1,ALPE4,1,ALPE4,5,2018-05-18 14:24:06,,8,3
536729531126144,375840932489998,2017,42,0,67,533.0,3.0,1,ALPE4,1,ALPE4,15,2018-05-18 14:24:06,,8,3
536729532126144,375840932489998,2017,42,0,67,533.0,4.0,1,ALPE4,1,ALPE4,5,2018-05-18 14:24:06,,8,3
536729533126144,375840932489998,2017,42,0,67,533.0,2.0,1,LONIC,1,LONIC,2,2018-05-18 14:24:06,,8,3
536729534126144,375840932489998,2017,42,0,67,533.0,1.0,1,MIVI,1,MIVI,2,2018-05-18 14:24:06,,8,3
536729535126144,375840932489998,2017,42,0,67,533.0,3.0,1,MIVI,1,MIVI,1,2018-05-18 14:24:06,,8,3
536729536126144,375840932489998,2017,42,0,67,533.0,4.0,1,MIVI,1,MIVI,2,2018-05-18 14:24:06,,8,3
536729537126144,375840932489998,2017,42,0,67,533.0,4.0,1,PATO2,1,PATO2,10,2018-05-18 14:24:06,,8,3
536729538126144,375840932489998,2017,42,0,67,533.0,1.0,1,ROPS,1,ROPS,3,2018-05-18 14:24:06,,8,3
536723911126144,375840705489998,2017,42,5,63,1817.0,3.0,2,ALPE4,1,ALPE4,25,2018-05-18 14:23:54,,8,3
536723912126144,375840705489998,2017,42,5,63,1817.0,3.0,2,ROMU,1,ROMU,5,2018-05-18 14:23:54,,8,3
536723969126144,375840783489998,2017,42,5,19,1091.0,1.0,1,ALPE4,1,ALPE4,8,2018-05-18 14:23:54,,8,3
536723970126144,375840783489998,2017,42,5,19,1091.0,2.0,1,ALPE4,1,ALPE4,1,2018-05-18 14:23:54,,8,3
536723971126144,375840783489998,2017,42,5,19,1091.0,3.0,1,ALPE4,1,ALPE4,6,2018-05-18 14:23:54,,8,3
536723972126144,375840783489998,2017,42,5,19,1091.0,4.0,1,ALPE4,1,ALPE4,9,2018-05-18 14:23:54,,8,3
536723973126144,375840783489998,2017,42,5,19,1091.0,1.0,1,ROMU,1,ROMU,70,2018-05-18 14:23:54,,8,3
536723974126144,375840783489998,2017,42,5,19,1091.0,2.0,1,ROMU,1,ROMU,2,2018-05-18 14:23:54,,8,3
536723975126144,375840783489998,2017,42,5,19,1091.0,3.0,1,ROMU,1,ROMU,2,2018-05-18 14:23:54,,8,3
334776598489998,171958967020004,2014,42,8,97,5368.0,2.0,1,MIVI,1,MIVI,3,2015-05-29 06:45:53,,7,5
334776599489998,171958967020004,2014,42,8,97,5368.0,2.0,1,ROMU,1,ROMU,4,2015-05-29 06:45:53,,7,5
334776837489998,171958989020004,2014,42,6,81,3263.0,3.0,2,BETH,1,BETH,6,2015-05-29 06:45:54,,7,5
334776838489998,171958989020004,2014,42,6,81,3263.0,4.0,2,BETH,1,BETH,2,2015-05-29 06:45:54,,7,5
334776839489998,171958989020004,2014,42,6,81,3263.0,3.0,2,CEOR7,1,CEOR7,1,2015-05-29 06:45:54,,7,5
334776840489998,171958989020004,2014,42,6,81,3263.0,3.0,2,ELUM,1,ELUM,8,2015-05-29 06:45:54,,7,5
334776841489998,171958989020004,2014,42,6,81,3263.0,4.0,2,ELUM,1,ELUM,1,2015-05-29 06:45:54,,7,5
334776842489998,171958989020004,2014,42,6,81,3263.0,4.0,2,MIVI,1,MIVI,14,2015-05-29 06:45:54,,7,5
334776843489998,171958989020004,2014,42,6,81,3263.0,3.0,2,ROMU,1,ROMU,1,2015-05-29 06:45:54,,7,5
334797514489998,171958468020004,2014,42,6,31,3089.0,2.0,2,LOMO2,1,LOMO2,25,2015-05-29 06:46:49,,7,5
334797515489998,171958468020004,2014,42,6,31,3089.0,4.0,2,LOMO2,1,LOMO2,3,2015-05-29 06:46:49,,7,5
334797516489998,171958468020004,2014,42,6,31,3089.0,2.0,2,ROMU,1,ROMU,1,2015-05-29 06:46:49,,7,5
666332200126144,464513790489998,2018,42,5,59,2627.0,3.0,2,ROMU,1,ROMU,65,2019-05-21 12:50:59,,8,4
666332201126144,464513790489998,2018,42,5,59,2627.0,4.0,2,ROMU,1,ROMU,6,2019-05-21 12:50:59,,8,4
666332585126144,464513940489998,2018,42,6,121,2158.0,1.0,1,ALPE4,1,ALPE4,1,2019-05-21 12:51:00,,8,4
666332586126144,464513940489998,2018,42,6,121,2158.0,2.0,1,ALPE4,1,ALPE4,1,2019-05-21 12:51:00,,8,4
666332587126144,464513940489998,2018,42,6,121,2158.0,3.0,1,ALPE4,1,ALPE4,1,2019-05-21 12:51:00,,8,4
666332588126144,464513940489998,2018,42,6,121,2158.0,1.0,1,BETH,1,BETH,2,2019-05-21 12:51:00,,8,4
666332589126144,464513940489998,2018,42,6,121,2158.0,2.0,1,BETH,1,BETH,13,2019-05-21 12:51:00,,8,4
666332590126144,464513940489998,2018,42,6,121,2158.0,3.0,1,BETH,1,BETH,7,2019-05-21 12:51:00,,8,4
666332591126144,464513940489998,2018,42,6,121,2158.0,4.0,1,BETH,1,BETH,1,2019-05-21 12:51:00,,8,4
666332592126144,464513940489998,2018,42,6,121,2158.0,1.0,1,MIVI,1,MIVI,2,2019-05-21 12:51:00,,8,4
666332593126144,464513940489998,2018,42,6,121,2158.0,2.0,1,MIVI,1,MIVI,1,2019-05-21 12:51:00,,8,4
666332594126144,464513940489998,2018,42,6,121,2158.0,1.0,1,ROMU,1,ROMU,1,2019-05-21 12:51:00,,8,4
666332595126144,464513940489998,2018,42,6,121,2158.0,2.0,1,ROMU,1,ROMU,1,2019-05-21 12:51:00,,8,4
666332596126144,464513940489998,2018,42,6,121,2158.0,3.0,1,ROMU,1,ROMU,1,2019-05-21 12:51:00,,8,4
666332769126144,464514113489998,2018,42,6,31,2184.0,2.0,1,BEVU,1,BEVU,1,2019-05-21 12:51:00,,8,4
666332770126144,464514113489998,2018,42,6,31,2184.0,3.0,1,BEVU,1,BEVU,1,2019-05-21 12:51:00,,8,4
666332771126144,464514113489998,2018,42,6,31,2184.0,1.0,1,LOMO2,1,LOMO2,1,2019-05-21 12:51:00,,8,4
666332772126144,464514113489998,2018,42,6,31,2184.0,2.0,1,LOMO2,1,LOMO2,10,2019-05-21 12:51:00,,8,4
666332773126144,464514113489998,2018,42,6,31,2184.0,3.0,1,LOMO2,1,LOMO2,2,2019-05-21 12:51:00,,8,4
666332774126144,464514113489998,2018,42,6,31,2184.0,1.0,1,ROMU,1,ROMU,1,2019-05-21 12:51:00,,8,4
666332775126144,464514113489998,2018,42,6,31,2184.0,2.0,1,ROMU,1,ROMU,1,2019-05-21 12:51:00,,8,4
666332776126144,464514113489998,2018,42,6,31,2184.0,3.0,1,ROMU,1,ROMU,2,2019-05-21 12:51:00,,8,4
666333044126144,464514254489998,2018,42,6,33,2538.0,3.0,1,CIVU,1,CIVU,1,2019-05-21 12:51:01,,8,4
666333045126144,464514254489998,2018,42,6,33,2538.0,1.0,1,ELUM,1,ELUM,3,2019-05-21 12:51:01,,8,4
666333046126144,464514254489998,2018,42,6,33,2538.0,2.0,1,ELUM,1,ELUM,8,2019-05-21 12:51:01,,8,4
666333047126144,464514254489998,2018,42,6,33,2538.0,3.0,1,ELUM,1,ELUM,6,2019-05-21 12:51:01,,8,4
666333048126144,464514254489998,2018,42,6,33,2538.0,4.0,1,ELUM,1,ELUM,3,2019-05-21 12:51:01,,8,4
666333049126144,464514254489998,2018,42,6,33,2538.0,2.0,1,LOMO2,1,LOMO2,1,2019-05-21 12:51:01,,8,4
666333050126144,464514254489998,2018,42,6,33,2538.0,3.0,1,LOMO2,1,LOMO2,1,2019-05-21 12:51:01,,8,4
666333051126144,464514254489998,2018,42,6,33,2538.0,1.0,1,ROMU,1,ROMU,1,2019-05-21 12:51:01,,8,4
666333052126144,464514254489998,2018,42,6,33,2538.0,2.0,1,ROMU,1,ROMU,1,2019-05-21 12:51:01,,8,4
666333053126144,464514254489998,2018,42,6,33,2538.0,3.0,1,ROMU,1,ROMU,2,2019-05-21 12:51:01,,8,4
666333054126144,464514254489998,2018,42,6,33,2538.0,1.0,1,ROPS,1,ROPS,60,2019-05-21 12:51:01,,8,4
666333055126144,464514254489998,2018,42,6,33,2538.0,2.0,1,ROPS,1,ROPS,70,2019-05-21 12:51:01,,8,4
666333056126144,464514254489998,2018,42,6,33,2538.0,3.0,1,ROPS,1,ROPS,37,2019-05-21 12:51:01,,8,4
666333057126144,464514254489998,2018,42,6,33,2538.0,4.0,1,ROPS,1,ROPS,40,2019-05-21 12:51:01,,8,4
666333204126144,464514352489998,2018,42,8,69,2188.0,1.0,1,ALPE4,1,ALPE4,1,2019-05-21 12:51:01,,8,4
666333205126144,464514352489998,2018,42,8,69,2188.0,2.0,1,ALPE4,1,ALPE4,1,2019-05-21 12:51:01,,8,4
666333206126144,464514352489998,2018,42,8,69,2188.0,3.0,1,ALPE4,1,ALPE4,1,2019-05-21 12:51:01,,8,4
666333207126144,464514352489998,2018,42,8,69,2188.0,4.0,1,ALPE4,1,ALPE4,1,2019-05-21 12:51:01,,8,4
666333208126144,464514352489998,2018,42,8,69,2188.0,1.0,1,BETH,1,BETH,2,2019-05-21 12:51:01,,8,4
666333209126144,464514352489998,2018,42,8,69,2188.0,2.0,1,BETH,1,BETH,1,2019-05-21 12:51:01,,8,4
666333210126144,464514352489998,2018,42,8,69,2188.0,3.0,1,BETH,1,BETH,2,2019-05-21 12:51:01,,8,4
666333211126144,464514352489998,2018,42,8,69,2188.0,4.0,1,BETH,1,BETH,2,2019-05-21 12:51:01,,8,4
666333212126144,464514352489998,2018,42,8,69,2188.0,1.0,1,LOMO2,1,LOMO2,1,2019-05-21 12:51:01,,8,4
666333213126144,464514352489998,2018,42,8,69,2188.0,2.0,1,LOMO2,1,LOMO2,2,2019-05-21 12:51:01,,8,4
666333214126144,464514352489998,2018,42,8,69,2188.0,3.0,1,LOMO2,1,LOMO2,1,2019-05-21 12:51:01,,8,4
666333215126144,464514352489998,2018,42,8,69,2188.0,4.0,1,LOMO2,1,LOMO2,1,2019-05-21 12:51:01,,8,4
666333216126144,464514352489998,2018,42,8,69,2188.0,1.0,1,ROMU,1,ROMU,1,2019-05-21 12:51:01,,8,4
666333217126144,464514352489998,2018,42,8,69,2188.0,2.0,1,ROMU,1,ROMU,1,2019-05-21 12:51:01,,8,4
666333371126144,464514429489998,2018,42,6,35,2882.0,2.0,1,ROPS,1,ROPS,1,2019-05-21 12:51:01,,8,4
666333370126144,464514429489998,2018,42,6,35,2882.0,1.0,1,ROPS,1,ROPS,1,2019-05-21 12:51:01,,8,4
666333516126144,464514440489998,2018,42,0,99,1980.0,1.0,1,ALPE4,1,ALPE4,1,2019-05-21 12:51:02,,8,4
666333517126144,464514440489998,2018,42,0,99,1980.0,2.0,1,ALPE4,1,ALPE4,1,2019-05-21 12:51:02,,8,4
666333518126144,464514440489998,2018,42,0,99,1980.0,2.0,1,BETH,1,BETH,1,2019-05-21 12:51:02,,8,4
666333519126144,464514440489998,2018,42,0,99,1980.0,2.0,1,LIVU,1,LIVU,1,2019-05-21 12:51:02,,8,4
666333520126144,464514440489998,2018,42,0,99,1980.0,1.0,1,LOJA,1,LOJA,2,2019-05-21 12:51:02,,8,4
666333521126144,464514440489998,2018,42,0,99,1980.0,4.0,1,LOJA,1,LOJA,7,2019-05-21 12:51:02,,8,4
666333522126144,464514440489998,2018,42,0,99,1980.0,1.0,1,LOMA6,1,LOMA6,25,2019-05-21 12:51:02,,8,4
666333523126144,464514440489998,2018,42,0,99,1980.0,2.0,1,LOMA6,1,LOMA6,7,2019-05-21 12:51:02,,8,4
666333524126144,464514440489998,2018,42,0,99,1980.0,4.0,1,LOMA6,1,LOMA6,2,2019-05-21 12:51:02,,8,4
666333525126144,464514440489998,2018,42,0,99,1980.0,1.0,1,MIVI,1,MIVI,65,2019-05-21 12:51:02,,8,4
666333526126144,464514440489998,2018,42,0,99,1980.0,3.0,1,MIVI,1,MIVI,3,2019-05-21 12:51:02,,8,4
666333527126144,464514440489998,2018,42,0,99,1980.0,3.0,2,MIVI,1,MIVI,2,2019-05-21 12:51:02,,8,4
666333528126144,464514440489998,2018,42,0,99,1980.0,4.0,1,MIVI,1,MIVI,80,2019-05-21 12:51:02,,8,4
666333529126144,464514440489998,2018,42,0,99,1980.0,1.0,1,ROMU,1,ROMU,40,2019-05-21 12:51:02,,8,4
666333530126144,464514440489998,2018,42,0,99,1980.0,2.0,1,ROMU,1,ROMU,2,2019-05-21 12:51:02,,8,4
666333531126144,464514440489998,2018,42,0,99,1980.0,4.0,1,ROMU,1,ROMU,22,2019-05-21 12:51:02,,8,4
666333727126144,464514576489998,2018,42,6,117,2639.0,4.0,2,ALPE4,1,ALPE4,3,2019-05-21 12:51:02,,8,4
666333728126144,464514576489998,2018,42,6,117,2639.0,4.0,2,LONIC,1,LONIC,40,2019-05-21 12:51:02,,8,4
666333729126144,464514576489998,2018,42,6,117,2639.0,4.0,2,RHCA3,1,RHCA3,10,2019-05-21 12:51:02,,8,4
666333730126144,464514576489998,2018,42,6,117,2639.0,4.0,2,ROMU,1,ROMU,25,2019-05-21 12:51:02,,8,4
666334129126144,464515008489998,2018,42,0,119,2010.0,1.0,1,MIVI,1,MIVI,45,2019-05-21 12:51:03,,8,4
666334130126144,464515008489998,2018,42,0,119,2010.0,2.0,1,MIVI,1,MIVI,25,2019-05-21 12:51:03,,8,4
666334131126144,464515008489998,2018,42,0,119,2010.0,4.0,1,MIVI,1,MIVI,1,2019-05-21 12:51:03,,8,4
666334282126144,464515012489998,2018,42,0,109,2479.0,4.0,1,ALPE4,1,ALPE4,1,2019-05-21 12:51:03,,8,4
666334283126144,464515012489998,2018,42,0,109,2479.0,1.0,1,BETH,1,BETH,2,2019-05-21 12:51:03,,8,4
666334284126144,464515012489998,2018,42,0,109,2479.0,2.0,1,BETH,1,BETH,1,2019-05-21 12:51:03,,8,4
666334285126144,464515012489998,2018,42,0,109,2479.0,3.0,1,BETH,1,BETH,4,2019-05-21 12:51:03,,8,4
666334286126144,464515012489998,2018,42,0,109,2479.0,4.0,1,BETH,1,BETH,2,2019-05-21 12:51:03,,8,4
666334287126144,464515012489998,2018,42,0,109,2479.0,1.0,1,CEOR7,1,CEOR7,1,2019-05-21 12:51:03,,8,4
666334288126144,464515012489998,2018,42,0,109,2479.0,3.0,1,CEOR7,1,CEOR7,4,2019-05-21 12:51:03,,8,4
666334289126144,464515012489998,2018,42,0,109,2479.0,4.0,1,CEOR7,1,CEOR7,4,2019-05-21 12:51:03,,8,4
666334290126144,464515012489998,2018,42,0,109,2479.0,3.0,1,ELUM,1,ELUM,3,2019-05-21 12:51:03,,8,4
666334291126144,464515012489998,2018,42,0,109,2479.0,4.0,1,ELUM,1,ELUM,3,2019-05-21 12:51:03,,8,4
666334292126144,464515012489998,2018,42,0,109,2479.0,1.0,1,LOJA,1,LOJA,1,2019-05-21 12:51:03,,8,4
666334293126144,464515012489998,2018,42,0,109,2479.0,4.0,1,LOJA,1,LOJA,1,2019-05-21 12:51:03,,8,4
666334294126144,464515012489998,2018,42,0,109,2479.0,1.0,1,LOMA6,1,LOMA6,50,2019-05-21 12:51:03,,8,4
666334295126144,464515012489998,2018,42,0,109,2479.0,2.0,1,LOMA6,1,LOMA6,3,2019-05-21 12:51:03,,8,4
666334296126144,464515012489998,2018,42,0,109,2479.0,3.0,1,LOMA6,1,LOMA6,40,2019-05-21 12:51:03,,8,4
666334297126144,464515012489998,2018,42,0,109,2479.0,4.0,1,LOMA6,1,LOMA6,80,2019-05-21 12:51:03,,8,4
666334298126144,464515012489998,2018,42,0,109,2479.0,1.0,1,LOMO2,1,LOMO2,3,2019-05-21 12:51:03,,8,4
666334299126144,464515012489998,2018,42,0,109,2479.0,4.0,1,LOMO2,1,LOMO2,5,2019-05-21 12:51:03,,8,4
666334300126144,464515012489998,2018,42,0,109,2479.0,1.0,1,MIVI,1,MIVI,11,2019-05-21 12:51:03,,8,4
666334301126144,464515012489998,2018,42,0,109,2479.0,2.0,1,MIVI,1,MIVI,30,2019-05-21 12:51:03,,8,4
666334302126144,464515012489998,2018,42,0,109,2479.0,3.0,1,MIVI,1,MIVI,15,2019-05-21 12:51:03,,8,4
666334303126144,464515012489998,2018,42,0,109,2479.0,1.0,1,ROMU,1,ROMU,5,2019-05-21 12:51:03,,8,4
666334304126144,464515012489998,2018,42,0,109,2479.0,3.0,1,ROMU,1,ROMU,6,2019-05-21 12:51:03,,8,4
666334305126144,464515012489998,2018,42,0,109,2479.0,4.0,1,ROMU,1,ROMU,3,2019-05-21 12:51:03,,8,4
666334457126144,464515045489998,2018,42,5,7,2423.0,1.0,1,ALPE4,1,ALPE4,1,2019-05-21 12:51:03,,8,4
666334458126144,464515045489998,2018,42,5,7,2423.0,2.0,1,ALPE4,1,ALPE4,1,2019-05-21 12:51:03,,8,4
666334459126144,464515045489998,2018,42,5,7,2423.0,3.0,1,ALPE4,1,ALPE4,1,2019-05-21 12:51:03,,8,4
666334460126144,464515045489998,2018,42,5,7,2423.0,4.0,1,ALPE4,1,ALPE4,1,2019-05-21 12:51:03,,8,4
666334461126144,464515045489998,2018,42,5,7,2423.0,3.0,1,BETH,1,BETH,2,2019-05-21 12:51:03,,8,4
666334462126144,464515045489998,2018,42,5,7,2423.0,1.0,1,LOMO2,1,LOMO2,1,2019-05-21 12:51:03,,8,4
745071872290487,511231784126144,2019,42,0,43,3545.0,2.0,1,BETH,1,BETH,1,2020-04-30 11:14:14,,8,5
745071873290487,511231784126144,2019,42,0,43,3545.0,4.0,1,BETH,1,BETH,1,2020-04-30 11:14:14,,8,5
745073645290487,511231940126144,2019,42,0,87,4205.0,1.0,2,ACPL,1,ACPL,1,2020-04-30 11:14:18,,8,5
745073646290487,511231940126144,2019,42,0,87,4205.0,4.0,2,ACPL,1,ACPL,4,2020-04-30 11:14:18,,8,5
745073647290487,511231940126144,2019,42,0,87,4205.0,4.0,2,CEOR7,1,CEOR7,9,2020-04-30 11:14:18,,8,5
745073648290487,511231940126144,2019,42,0,87,4205.0,1.0,2,ROMU,1,ROMU,1,2020-04-30 11:14:18,,8,5
745073649290487,511231940126144,2019,42,0,87,4205.0,4.0,2,ROMU,1,ROMU,1,2020-04-30 11:14:18,,8,5
745064406290487,511231763126144,2019,42,8,115,5281.0,2.0,2,LOMO2,1,LOMO2,6,2020-04-30 11:13:55,,8,5
745064407290487,511231763126144,2019,42,8,115,5281.0,2.0,2,ROMU,1,ROMU,4,2020-04-30 11:13:55,,8,5
745066928290487,511231715126144,2019,42,8,127,5143.0,1.0,1,ALPE4,1,ALPE4,2,2020-04-30 11:14:03,,8,5
745066929290487,511231715126144,2019,42,8,127,5143.0,2.0,1,ALPE4,1,ALPE4,1,2020-04-30 11:14:03,,8,5
745066930290487,511231715126144,2019,42,8,127,5143.0,3.0,1,ALPE4,1,ALPE4,1,2020-04-30 11:14:03,,8,5
745066931290487,511231715126144,2019,42,8,127,5143.0,4.0,1,ALPE4,1,ALPE4,1,2020-04-30 11:14:03,,8,5
745066932290487,511231715126144,2019,42,8,127,5143.0,1.0,1,ROMU,1,ROMU,3,2020-04-30 11:14:03,,8,5
745066933290487,511231715126144,2019,42,8,127,5143.0,2.0,1,ROMU,1,ROMU,2,2020-04-30 11:14:03,,8,5
745066934290487,511231715126144,2019,42,8,127,5143.0,3.0,1,ROMU,1,ROMU,2,2020-04-30 11:14:03,,8,5
536723976126144,375840783489998,2017,42,5,19,1091.0,4.0,1,ROMU,1,ROMU,21,2018-05-18 14:23:54,,8,3
536724110126144,375840794489998,2017,42,5,85,328.0,1.0,1,ALPE4,1,ALPE4,1,2018-05-18 14:23:54,,8,3
536724111126144,375840794489998,2017,42,5,85,328.0,1.0,1,ROMU,1,ROMU,33,2018-05-18 14:23:54,,8,3
536724151126144,375840818489998,2017,42,6,83,1292.0,1.0,1,LONIC,1,LONIC,1,2018-05-18 14:23:54,,8,3
536724152126144,375840818489998,2017,42,6,83,1292.0,3.0,1,LONIC,1,LONIC,1,2018-05-18 14:23:54,,8,3
536724153126144,375840818489998,2017,42,6,83,1292.0,1.0,1,LYNU,1,LYNU,1,2018-05-18 14:23:54,,8,3
536724154126144,375840818489998,2017,42,6,83,1292.0,3.0,1,LYNU,1,LYNU,3,2018-05-18 14:23:54,,8,3
536724316126144,375840875489998,2017,42,7,9,1845.0,1.0,1,BETH,1,BETH,7,2018-05-18 14:23:55,,8,3
536724317126144,375840875489998,2017,42,7,9,1845.0,3.0,1,BETH,1,BETH,5,2018-05-18 14:23:55,,8,3
536724318126144,375840875489998,2017,42,7,9,1845.0,1.0,1,LOMO2,1,LOMO2,2,2018-05-18 14:23:55,,8,3
536724319126144,375840875489998,2017,42,7,9,1845.0,4.0,1,MIVI,1,MIVI,10,2018-05-18 14:23:55,,8,3
269702233489998,16265476020004,2013,42,8,107,4203.0,3.0,1,MIVI,1,MIVI,1,2014-07-15 10:26:49,,7,4
269702234489998,16265476020004,2013,42,8,107,4203.0,4.0,1,MIVI,1,MIVI,35,2014-07-15 10:26:49,,7,4
269702235489998,16265476020004,2013,42,8,107,4203.0,1.0,1,ROMU,1,ROMU,1,2014-07-15 10:26:49,,7,4
269702236489998,16265476020004,2013,42,8,107,4203.0,4.0,1,ROMU,1,ROMU,1,2014-07-15 10:26:49,,7,4
269702226489998,16265476020004,2013,42,8,107,4203.0,1.0,1,ALPE4,1,ALPE4,1,2014-07-15 10:26:49,,7,4
269702227489998,16265476020004,2013,42,8,107,4203.0,3.0,1,BETH,1,BETH,1,2014-07-15 10:26:49,,7,4
269702228489998,16265476020004,2013,42,8,107,4203.0,4.0,1,ELUM,1,ELUM,1,2014-07-15 10:26:49,,7,4
269702229489998,16265476020004,2013,42,8,107,4203.0,1.0,1,LOMO2,1,LOMO2,4,2014-07-15 10:26:49,,7,4
269702230489998,16265476020004,2013,42,8,107,4203.0,3.0,1,LOMO2,1,LOMO2,5,2014-07-15 10:26:49,,7,4
269702231489998,16265476020004,2013,42,8,107,4203.0,4.0,1,LOMO2,1,LOMO2,1,2014-07-15 10:26:49,,7,4
269702590489998,16265505020004,2013,42,5,5,3303.0,1.0,1,ROMU,1,ROMU,1,2014-07-15 10:26:50,,7,4
269702591489998,16265505020004,2013,42,5,5,3303.0,4.0,1,ROMU,1,ROMU,1,2014-07-15 10:26:50,,7,4
269676119489998,16265407020004,2013,42,8,89,5757.0,4.0,1,ALPE4,1,ALPE4,1,2014-07-15 10:25:45,,7,4
269676345489998,16265430020004,2013,42,8,79,3555.0,4.0,1,ALPE4,1,ALPE4,1,2014-07-15 10:25:45,,7,4
269676346489998,16265430020004,2013,42,8,79,3555.0,1.0,1,BETH,1,BETH,3,2014-07-15 10:25:45,,7,4
269676347489998,16265430020004,2013,42,8,79,3555.0,3.0,1,BETH,1,BETH,1,2014-07-15 10:25:45,,7,4
269676348489998,16265430020004,2013,42,8,79,3555.0,3.0,1,LIVU,1,LIVU,1,2014-07-15 10:25:45,,7,4
269676349489998,16265430020004,2013,42,8,79,3555.0,1.0,1,MIVI,1,MIVI,1,2014-07-15 10:25:45,,7,4
269676350489998,16265430020004,2013,42,8,79,3555.0,1.0,1,ROMU,1,ROMU,1,2014-07-15 10:25:45,,7,4
269676351489998,16265430020004,2013,42,8,79,3555.0,3.0,1,ROMU,1,ROMU,10,2014-07-15 10:25:45,,7,4
269676352489998,16265430020004,2013,42,8,79,3555.0,4.0,1,ROMU,1,ROMU,1,2014-07-15 10:25:45,,7,4
269676864489998,16265518020004,2013,42,5,59,3895.0,1.0,1,LONIC,1,LONIC,1,2014-07-15 10:25:47,,7,4
269676865489998,16265518020004,2013,42,5,59,3895.0,2.0,1,LONIC,1,LONIC,2,2014-07-15 10:25:47,,7,4
269676866489998,16265518020004,2013,42,5,59,3895.0,3.0,1,LONIC,1,LONIC,1,2014-07-15 10:25:47,,7,4
269676867489998,16265518020004,2013,42,5,59,3895.0,4.0,1,LONIC,1,LONIC,1,2014-07-15 10:25:47,,7,4
269676868489998,16265518020004,2013,42,5,59,3895.0,1.0,1,ROMU,1,ROMU,2,2014-07-15 10:25:47,,7,4
269676869489998,16265518020004,2013,42,5,59,3895.0,2.0,1,ROMU,1,ROMU,2,2014-07-15 10:25:47,,7,4
269676870489998,16265518020004,2013,42,5,59,3895.0,3.0,1,ROMU,1,ROMU,2,2014-07-15 10:25:47,,7,4
269703468489998,16264643020004,2013,42,7,9,5438.0,4.0,1,ALPE4,1,ALPE4,3,2014-07-15 10:26:52,,7,4
269703469489998,16264643020004,2013,42,7,9,5438.0,3.0,1,BETH,1,BETH,1,2014-07-15 10:26:52,,7,4
269703470489998,16264643020004,2013,42,7,9,5438.0,2.0,1,MIVI,1,MIVI,33,2014-07-15 10:26:52,,7,4
269703471489998,16264643020004,2013,42,7,9,5438.0,3.0,1,MIVI,1,MIVI,20,2014-07-15 10:26:52,,7,4
269703472489998,16264643020004,2013,42,7,9,5438.0,4.0,1,MIVI,1,MIVI,5,2014-07-15 10:26:52,,7,4
269703473489998,16264643020004,2013,42,7,9,5438.0,1.0,1,ROMU,1,ROMU,1,2014-07-15 10:26:52,,7,4
269703474489998,16264643020004,2013,42,7,9,5438.0,2.0,1,ROMU,1,ROMU,1,2014-07-15 10:26:52,,7,4
269703475489998,16264643020004,2013,42,7,9,5438.0,2.0,1,ROPS,1,ROPS,5,2014-07-15 10:26:52,,7,4
269704195489998,16264719020004,2013,42,7,111,3154.0,1.0,1,BETH,1,BETH,15,2014-07-15 10:26:54,,7,4
269704196489998,16264719020004,2013,42,7,111,3154.0,1.0,1,ROMU,1,ROMU,25,2014-07-15 10:26:54,,7,4
269704197489998,16264719020004,2013,42,7,111,3154.0,2.0,1,ROMU,1,ROMU,23,2014-07-15 10:26:54,,7,4
269704198489998,16264719020004,2013,42,7,111,3154.0,3.0,1,ROMU,1,ROMU,11,2014-07-15 10:26:54,,7,4
269704199489998,16264719020004,2013,42,7,111,3154.0,4.0,1,ROMU,1,ROMU,5,2014-07-15 10:26:54,,7,4
269704200489998,16264719020004,2013,42,7,111,3154.0,1.0,1,ROPS,1,ROPS,10,2014-07-15 10:26:54,,7,4
269704201489998,16264719020004,2013,42,7,111,3154.0,2.0,1,ROPS,1,ROPS,1,2014-07-15 10:26:54,,7,4
269704202489998,16264719020004,2013,42,7,111,3154.0,3.0,1,ROPS,1,ROPS,29,2014-07-15 10:26:54,,7,4
269677412489998,16264749020004,2013,42,6,23,3537.0,1.0,1,ELUM,1,ELUM,1,2014-07-15 10:25:48,,7,4
269677413489998,16264749020004,2013,42,6,23,3537.0,3.0,1,ELUM,1,ELUM,1,2014-07-15 10:25:48,,7,4
269677414489998,16264749020004,2013,42,6,23,3537.0,1.0,1,FRAL4,1,FRAL4,85,2014-07-15 10:25:48,,7,4
269677415489998,16264749020004,2013,42,6,23,3537.0,2.0,2,FRAL4,1,FRAL4,15,2014-07-15 10:25:48,,7,4
269677416489998,16264749020004,2013,42,6,23,3537.0,3.0,1,FRAL4,1,FRAL4,97,2014-07-15 10:25:48,,7,4
269677417489998,16264749020004,2013,42,6,23,3537.0,4.0,1,FRAL4,1,FRAL4,83,2014-07-15 10:25:48,,7,4
269678239489998,16264797020004,2013,42,5,125,5945.0,1.0,1,ALPE4,1,ALPE4,5,2014-07-15 10:25:50,,7,4
269678240489998,16264797020004,2013,42,5,125,5945.0,2.0,1,ALPE4,1,ALPE4,2,2014-07-15 10:25:50,,7,4
269678241489998,16264797020004,2013,42,5,125,5945.0,3.0,1,ALPE4,1,ALPE4,2,2014-07-15 10:25:50,,7,4
269678242489998,16264797020004,2013,42,5,125,5945.0,1.0,1,CEOR7,1,CEOR7,5,2014-07-15 10:25:50,,7,4
269678243489998,16264797020004,2013,42,5,125,5945.0,2.0,1,CEOR7,1,CEOR7,5,2014-07-15 10:25:50,,7,4
269678244489998,16264797020004,2013,42,5,125,5945.0,1.0,1,ELUM,1,ELUM,5,2014-07-15 10:25:50,,7,4
269678245489998,16264797020004,2013,42,5,125,5945.0,2.0,1,ELUM,1,ELUM,11,2014-07-15 10:25:50,,7,4
269678246489998,16264797020004,2013,42,5,125,5945.0,1.0,1,LONIC,1,LONIC,25,2014-07-15 10:25:50,,7,4
269678247489998,16264797020004,2013,42,5,125,5945.0,2.0,1,LONIC,1,LONIC,6,2014-07-15 10:25:50,,7,4
269678248489998,16264797020004,2013,42,5,125,5945.0,3.0,1,LONIC,1,LONIC,60,2014-07-15 10:25:50,,7,4
269678249489998,16264797020004,2013,42,5,125,5945.0,1.0,1,ROMU,1,ROMU,25,2014-07-15 10:25:50,,7,4
269678250489998,16264797020004,2013,42,5,125,5945.0,2.0,1,ROMU,1,ROMU,16,2014-07-15 10:25:50,,7,4
269678251489998,16264797020004,2013,42,5,125,5945.0,3.0,1,ROMU,1,ROMU,10,2014-07-15 10:25:50,,7,4
269678384489998,16264800020004,2013,42,5,49,4265.0,1.0,1,FRAL4,1,FRAL4,1,2014-07-15 10:25:51,,7,4
269678385489998,16264800020004,2013,42,5,49,4265.0,1.0,1,LOMO2,1,LOMO2,1,2014-07-15 10:25:51,,7,4
269678386489998,16264800020004,2013,42,5,49,4265.0,1.0,1,ROMU,1,ROMU,1,2014-07-15 10:25:51,,7,4
269678387489998,16264800020004,2013,42,5,49,4265.0,3.0,1,ROMU,1,ROMU,1,2014-07-15 10:25:51,,7,4
269678673489998,16264824020004,2013,42,5,7,4392.0,1.0,1,ALPE4,1,ALPE4,2,2014-07-15 10:25:51,,7,4
269678674489998,16264824020004,2013,42,5,7,4392.0,3.0,1,ALPE4,1,ALPE4,1,2014-07-15 10:25:51,,7,4
269678675489998,16264824020004,2013,42,5,7,4392.0,4.0,1,ALPE4,1,ALPE4,1,2014-07-15 10:25:51,,7,4
269678676489998,16264824020004,2013,42,5,7,4392.0,1.0,1,LONIC,1,LONIC,19,2014-07-15 10:25:51,,7,4
269678677489998,16264824020004,2013,42,5,7,4392.0,2.0,1,LONIC,1,LONIC,2,2014-07-15 10:25:51,,7,4
269678678489998,16264824020004,2013,42,5,7,4392.0,3.0,1,LONIC,1,LONIC,1,2014-07-15 10:25:51,,7,4
269678679489998,16264824020004,2013,42,5,7,4392.0,1.0,1,ROMU,1,ROMU,1,2014-07-15 10:25:51,,7,4
269678680489998,16264824020004,2013,42,5,7,4392.0,2.0,1,ROMU,1,ROMU,8,2014-07-15 10:25:51,,7,4
269678681489998,16264824020004,2013,42,5,7,4392.0,3.0,1,ROMU,1,ROMU,1,2014-07-15 10:25:51,,7,4
269678682489998,16264824020004,2013,42,5,7,4392.0,3.0,1,ROPS,1,ROPS,1,2014-07-15 10:25:51,,7,4
269704545489998,16264775020004,2013,42,5,129,3371.0,1.0,1,LIVU,1,LIVU,35,2014-07-15 10:26:55,,7,4
269704546489998,16264775020004,2013,42,5,129,3371.0,2.0,1,LIVU,1,LIVU,80,2014-07-15 10:26:55,,7,4
269704547489998,16264775020004,2013,42,5,129,3371.0,3.0,1,LIVU,1,LIVU,16,2014-07-15 10:26:55,,7,4
269704548489998,16264775020004,2013,42,5,129,3371.0,4.0,1,LIVU,1,LIVU,71,2014-07-15 10:26:55,,7,4
269704549489998,16264775020004,2013,42,5,129,3371.0,1.0,1,ROMU,1,ROMU,75,2014-07-15 10:26:55,,7,4
269704550489998,16264775020004,2013,42,5,129,3371.0,2.0,1,ROMU,1,ROMU,15,2014-07-15 10:26:55,,7,4
269704551489998,16264775020004,2013,42,5,129,3371.0,3.0,1,ROMU,1,ROMU,87,2014-07-15 10:26:55,,7,4
269704552489998,16264775020004,2013,42,5,129,3371.0,4.0,1,ROMU,1,ROMU,68,2014-07-15 10:26:55,,7,4
269704553489998,16264775020004,2013,42,5,129,3371.0,2.0,1,ROPS,1,ROPS,1,2014-07-15 10:26:55,,7,4
269704696489998,16264783020004,2013,42,6,83,4727.0,4.0,1,LOMO2,1,LOMO2,1,2014-07-15 10:26:55,,7,4
269705066489998,16264832020004,2013,42,5,49,5362.0,3.0,1,LOMO2,1,LOMO2,2,2014-07-15 10:26:56,,7,4
269705067489998,16264832020004,2013,42,5,49,5362.0,4.0,2,LOMO2,1,LOMO2,1,2014-07-15 10:26:56,,7,4
269705068489998,16264832020004,2013,42,5,49,5362.0,1.0,1,LYNU,1,LYNU,2,2014-07-15 10:26:56,,7,4
269705069489998,16264832020004,2013,42,5,49,5362.0,3.0,1,LYNU,1,LYNU,2,2014-07-15 10:26:56,,7,4
269705070489998,16264832020004,2013,42,5,49,5362.0,4.0,2,LYNU,1,LYNU,1,2014-07-15 10:26:56,,7,4
269705071489998,16264832020004,2013,42,5,49,5362.0,4.0,2,ROMU,1,ROMU,1,2014-07-15 10:26:56,,7,4
269705479489998,16264861020004,2013,42,5,73,6040.0,1.0,1,ALPE4,1,ALPE4,1,2014-07-15 10:26:57,,7,4
269705480489998,16264861020004,2013,42,5,73,6040.0,2.0,1,ALPE4,1,ALPE4,9,2014-07-15 10:26:57,,7,4
269705481489998,16264861020004,2013,42,5,73,6040.0,3.0,1,ALPE4,1,ALPE4,35,2014-07-15 10:26:57,,7,4
269705482489998,16264861020004,2013,42,5,73,6040.0,1.0,1,LIVU,1,LIVU,7,2014-07-15 10:26:57,,7,4
269705483489998,16264861020004,2013,42,5,73,6040.0,1.0,1,LOMO2,1,LOMO2,3,2014-07-15 10:26:57,,7,4
269705484489998,16264861020004,2013,42,5,73,6040.0,3.0,1,LOMO2,1,LOMO2,1,2014-07-15 10:26:57,,7,4
269705485489998,16264861020004,2013,42,5,73,6040.0,1.0,1,ROMU,1,ROMU,13,2014-07-15 10:26:57,,7,4
269705486489998,16264861020004,2013,42,5,73,6040.0,2.0,1,ROMU,1,ROMU,4,2014-07-15 10:26:57,,7,4
269705487489998,16264861020004,2013,42,5,73,6040.0,3.0,1,ROMU,1,ROMU,2,2014-07-15 10:26:57,,7,4
269705488489998,16264861020004,2013,42,5,73,6040.0,4.0,1,ROMU,1,ROMU,6,2014-07-15 10:26:57,,7,4
269705877489998,16264914020004,2013,42,5,85,3650.0,4.0,1,ALPE4,1,ALPE4,2,2014-07-15 10:26:58,,7,4
269705878489998,16264914020004,2013,42,5,85,3650.0,1.0,1,ROMU,1,ROMU,5,2014-07-15 10:26:58,,7,4
269705879489998,16264914020004,2013,42,5,85,3650.0,3.0,1,ROMU,1,ROMU,11,2014-07-15 10:26:58,,7,4
269664470489998,16264820020004,2013,42,5,7,3527.0,2.0,2,ALPE4,1,ALPE4,2,2014-07-15 10:25:18,,7,4
269664471489998,16264820020004,2013,42,5,7,3527.0,2.0,2,ROMU,1,ROMU,11,2014-07-15 10:25:18,,7,4
269691158489998,16264771020004,2013,42,5,63,4510.0,1.0,1,ROMU,1,ROMU,1,2014-07-15 10:26:24,,7,4
269691159489998,16264771020004,2013,42,5,63,4510.0,2.0,1,ROMU,1,ROMU,3,2014-07-15 10:26:24,,7,4
269691528489998,16264930020004,2013,42,6,121,5531.0,3.0,1,FRAL4,1,FRAL4,1,2014-07-15 10:26:25,,7,4
269691963489998,16264967020004,2013,42,7,21,5318.0,2.0,2,LOMA6,1,LOMA6,25,2014-07-15 10:26:26,,7,4
269691964489998,16264967020004,2013,42,7,21,5318.0,1.0,1,ROMU,1,ROMU,8,2014-07-15 10:26:26,,7,4
269691965489998,16264967020004,2013,42,7,21,5318.0,1.0,2,ROMU,1,ROMU,18,2014-07-15 10:26:26,,7,4
269691966489998,16264967020004,2013,42,7,21,5318.0,2.0,2,ROMU,1,ROMU,38,2014-07-15 10:26:26,,7,4
269691967489998,16264967020004,2013,42,7,21,5318.0,1.0,2,ROPS,1,ROPS,2,2014-07-15 10:26:26,,7,4
269692343489998,16264978020004,2013,42,6,33,3637.0,2.0,1,FRAL4,1,FRAL4,5,2014-07-15 10:26:27,,7,4
269692344489998,16264978020004,2013,42,6,33,3637.0,1.0,1,LOMO2,1,LOMO2,1,2014-07-15 10:26:27,,7,4
269692345489998,16264978020004,2013,42,6,33,3637.0,2.0,1,LOMO2,1,LOMO2,20,2014-07-15 10:26:27,,7,4
269692346489998,16264978020004,2013,42,6,33,3637.0,1.0,1,ROMU,1,ROMU,1,2014-07-15 10:26:27,,7,4
269692347489998,16264978020004,2013,42,6,33,3637.0,2.0,1,ROMU,1,ROMU,1,2014-07-15 10:26:27,,7,4
745066935290487,511231715126144,2019,42,8,127,5143.0,4.0,1,ROMU,1,ROMU,1,2020-04-30 11:14:03,,8,5
745067069290487,511231777126144,2019,42,8,37,2858.0,3.0,1,LOMO2,1,LOMO2,1,2020-04-30 11:14:03,,8,5
745067070290487,511231777126144,2019,42,8,37,2858.0,2.0,1,MIVI,1,MIVI,3,2020-04-30 11:14:03,,8,5
745067071290487,511231777126144,2019,42,8,37,2858.0,3.0,1,MIVI,1,MIVI,1,2020-04-30 11:14:03,,8,5
745067072290487,511231777126144,2019,42,8,37,2858.0,2.0,1,ROMU,1,ROMU,1,2020-04-30 11:14:03,,8,5
745067073290487,511231777126144,2019,42,8,37,2858.0,3.0,1,ROMU,1,ROMU,1,2020-04-30 11:14:03,,8,5
745070302290487,511231804126144,2019,42,8,15,3392.0,1.0,2,ALPE4,1,ALPE4,2,2020-04-30 11:14:09,,8,5
745070303290487,511231804126144,2019,42,8,15,3392.0,2.0,2,ALPE4,1,ALPE4,1,2020-04-30 11:14:09,,8,5
745070304290487,511231804126144,2019,42,8,15,3392.0,1.0,2,CEOR7,1,CEOR7,1,2020-04-30 11:14:09,,8,5
745070305290487,511231804126144,2019,42,8,15,3392.0,2.0,2,CEOR7,1,CEOR7,5,2020-04-30 11:14:09,,8,5
745070306290487,511231804126144,2019,42,8,15,3392.0,1.0,2,LOMA6,1,LOMA6,1,2020-04-30 11:14:09,,8,5
745070307290487,511231804126144,2019,42,8,15,3392.0,2.0,2,LOMA6,1,LOMA6,8,2020-04-30 11:14:09,,8,5
334797721489998,171958585020004,2014,42,0,61,3139.0,1.0,1,ALPE4,1,ALPE4,5,2015-05-29 06:46:51,,7,5
334797722489998,171958585020004,2014,42,0,61,3139.0,2.0,1,ALPE4,1,ALPE4,1,2015-05-29 06:46:51,,7,5
334797723489998,171958585020004,2014,42,0,61,3139.0,4.0,1,ALPE4,1,ALPE4,10,2015-05-29 06:46:51,,7,5
334797724489998,171958585020004,2014,42,0,61,3139.0,1.0,1,ELUM,1,ELUM,2,2015-05-29 06:46:51,,7,5
334797725489998,171958585020004,2014,42,0,61,3139.0,1.0,1,LIVU,1,LIVU,3,2015-05-29 06:46:51,,7,5
334797726489998,171958585020004,2014,42,0,61,3139.0,1.0,1,LONIC,1,LONIC,2,2015-05-29 06:46:51,,7,5
334797727489998,171958585020004,2014,42,0,61,3139.0,1.0,1,ROMU,1,ROMU,3,2015-05-29 06:46:51,,7,5
334797728489998,171958585020004,2014,42,0,61,3139.0,4.0,1,ROMU,1,ROMU,2,2015-05-29 06:46:51,,7,5
334798047489998,171958664020004,2014,42,5,39,4422.0,2.0,2,LOMO2,1,LOMO2,3,2015-05-29 06:46:52,,7,5
334798048489998,171958664020004,2014,42,5,39,4422.0,1.0,1,ROMU,1,ROMU,1,2015-05-29 06:46:52,,7,5
334798049489998,171958664020004,2014,42,5,39,4422.0,2.0,2,ROMU,1,ROMU,2,2015-05-29 06:46:52,,7,5
334798050489998,171958664020004,2014,42,5,39,4422.0,3.0,1,ROMU,1,ROMU,1,2015-05-29 06:46:52,,7,5
334798051489998,171958664020004,2014,42,5,39,4422.0,4.0,1,ROMU,1,ROMU,1,2015-05-29 06:46:52,,7,5
334798534489998,171958750020004,2014,42,7,51,3807.0,1.0,1,ALPE4,1,ALPE4,1,2015-05-29 06:46:52,,7,5
334798535489998,171958750020004,2014,42,7,51,3807.0,2.0,1,ALPE4,1,ALPE4,5,2015-05-29 06:46:52,,7,5
334798536489998,171958750020004,2014,42,7,51,3807.0,4.0,1,ALPE4,1,ALPE4,10,2015-05-29 06:46:52,,7,5
334798537489998,171958750020004,2014,42,7,51,3807.0,1.0,1,ELUM,1,ELUM,42,2015-05-29 06:46:52,,7,5
334798538489998,171958750020004,2014,42,7,51,3807.0,2.0,1,ELUM,1,ELUM,35,2015-05-29 06:46:52,,7,5
334798539489998,171958750020004,2014,42,7,51,3807.0,3.0,1,ELUM,1,ELUM,2,2015-05-29 06:46:52,,7,5
334798540489998,171958750020004,2014,42,7,51,3807.0,4.0,1,ELUM,1,ELUM,15,2015-05-29 06:46:52,,7,5
334798541489998,171958750020004,2014,42,7,51,3807.0,1.0,1,MIVI,1,MIVI,5,2015-05-29 06:46:52,,7,5
334778134489998,171958413020004,2014,42,5,129,3712.0,4.0,2,LIVU,1,LIVU,60,2015-05-29 06:45:58,,7,5
334778135489998,171958413020004,2014,42,5,129,3712.0,4.0,2,ROMU,1,ROMU,12,2015-05-29 06:45:58,,7,5
334778618489998,171958617020004,2014,42,5,39,3216.0,2.0,1,FRAL4,1,FRAL4,5,2015-05-29 06:45:59,,7,5
334778619489998,171958617020004,2014,42,5,39,3216.0,3.0,1,FRAL4,1,FRAL4,1,2015-05-29 06:45:59,,7,5
334778620489998,171958617020004,2014,42,5,39,3216.0,4.0,1,FRAL4,1,FRAL4,1,2015-05-29 06:45:59,,7,5
334778621489998,171958617020004,2014,42,5,39,3216.0,3.0,1,ROMU,1,ROMU,2,2015-05-29 06:45:59,,7,5
334799549489998,171959126020004,2014,42,9,29,6010.0,1.0,1,ALPE4,1,ALPE4,1,2015-05-29 06:46:55,,7,5
334799550489998,171959126020004,2014,42,9,29,6010.0,2.0,2,ALPE4,1,ALPE4,2,2015-05-29 06:46:55,,7,5
334799551489998,171959126020004,2014,42,9,29,6010.0,3.0,1,ALPE4,1,ALPE4,1,2015-05-29 06:46:55,,7,5
334799552489998,171959126020004,2014,42,9,29,6010.0,4.0,1,ALPE4,1,ALPE4,20,2015-05-29 06:46:55,,7,5
334799553489998,171959126020004,2014,42,9,29,6010.0,1.0,1,BETH,1,BETH,1,2015-05-29 06:46:55,,7,5
334799554489998,171959126020004,2014,42,9,29,6010.0,2.0,2,BETH,1,BETH,1,2015-05-29 06:46:55,,7,5
334799555489998,171959126020004,2014,42,9,29,6010.0,3.0,1,BETH,1,BETH,1,2015-05-29 06:46:55,,7,5
334799556489998,171959126020004,2014,42,9,29,6010.0,4.0,1,BETH,1,BETH,1,2015-05-29 06:46:55,,7,5
334799557489998,171959126020004,2014,42,9,29,6010.0,1.0,1,CEOR7,1,CEOR7,2,2015-05-29 06:46:55,,7,5
334799558489998,171959126020004,2014,42,9,29,6010.0,3.0,1,CEOR7,1,CEOR7,1,2015-05-29 06:46:55,,7,5
334799559489998,171959126020004,2014,42,9,29,6010.0,4.0,1,CEOR7,1,CEOR7,5,2015-05-29 06:46:55,,7,5
334799560489998,171959126020004,2014,42,9,29,6010.0,2.0,1,LOJA,1,LOJA,1,2015-05-29 06:46:55,,7,5
334799561489998,171959126020004,2014,42,9,29,6010.0,2.0,2,LOJA,1,LOJA,10,2015-05-29 06:46:55,,7,5
334799562489998,171959126020004,2014,42,9,29,6010.0,3.0,1,LOJA,1,LOJA,1,2015-05-29 06:46:55,,7,5
334799563489998,171959126020004,2014,42,9,29,6010.0,4.0,1,LOJA,1,LOJA,1,2015-05-29 06:46:55,,7,5
334799564489998,171959126020004,2014,42,9,29,6010.0,2.0,2,MIVI,1,MIVI,1,2015-05-29 06:46:55,,7,5
334799565489998,171959126020004,2014,42,9,29,6010.0,3.0,1,MIVI,1,MIVI,1,2015-05-29 06:46:55,,7,5
334799566489998,171959126020004,2014,42,9,29,6010.0,1.0,1,ROMU,1,ROMU,2,2015-05-29 06:46:55,,7,5
334799567489998,171959126020004,2014,42,9,29,6010.0,2.0,1,ROMU,1,ROMU,5,2015-05-29 06:46:55,,7,5
334799568489998,171959126020004,2014,42,9,29,6010.0,2.0,2,ROMU,1,ROMU,8,2015-05-29 06:46:55,,7,5
334799569489998,171959126020004,2014,42,9,29,6010.0,3.0,1,ROMU,1,ROMU,1,2015-05-29 06:46:55,,7,5
334799570489998,171959126020004,2014,42,9,29,6010.0,4.0,1,ROMU,1,ROMU,2,2015-05-29 06:46:55,,7,5
334799838489998,171959138020004,2014,42,8,115,4593.0,1.0,2,ROMU,1,ROMU,3,2015-05-29 06:46:56,,7,5
334799839489998,171959138020004,2014,42,8,115,4593.0,2.0,2,ROMU,1,ROMU,1,2015-05-29 06:46:56,,7,5
334799994489998,171959170020004,2014,42,9,11,5605.0,3.0,2,CEOR7,1,CEOR7,25,2015-05-29 06:46:56,,7,5
334799995489998,171959170020004,2014,42,9,11,5605.0,3.0,2,LOJA,1,LOJA,3,2015-05-29 06:46:56,,7,5
334799996489998,171959170020004,2014,42,9,11,5605.0,3.0,2,ROMU,1,ROMU,15,2015-05-29 06:46:56,,7,5
334799997489998,171959170020004,2014,42,9,11,5605.0,3.0,2,ROPS,1,ROPS,7,2015-05-29 06:46:56,,7,5
334800684489998,171959296020004,2014,42,7,111,4239.0,2.0,2,LOTA,1,LOTA,10,2015-05-29 06:46:58,,7,5
334800685489998,171959296020004,2014,42,7,111,4239.0,2.0,2,ROMU,1,ROMU,5,2015-05-29 06:46:58,,7,5
334800686489998,171959296020004,2014,42,7,111,4239.0,3.0,2,ROMU,1,ROMU,3,2015-05-29 06:46:58,,7,5
334800687489998,171959296020004,2014,42,7,111,4239.0,2.0,2,ROPS,1,ROPS,12,2015-05-29 06:46:58,,7,5
334780012489998,171958788020004,2014,42,5,49,3847.0,2.0,1,ROMU,1,ROMU,73,2015-05-29 06:46:02,,7,5
334780013489998,171958788020004,2014,42,5,49,3847.0,3.0,1,ROMU,1,ROMU,33,2015-05-29 06:46:02,,7,5
334780014489998,171958788020004,2014,42,5,49,3847.0,4.0,1,ROMU,1,ROMU,1,2015-05-29 06:46:02,,7,5
334780248489998,171958969020004,2014,42,8,97,5549.0,2.0,2,ALPE4,1,ALPE4,2,2015-05-29 06:46:03,,7,5
334780249489998,171958969020004,2014,42,8,97,5549.0,4.0,2,ALPE4,1,ALPE4,10,2015-05-29 06:46:03,,7,5
334780250489998,171958969020004,2014,42,8,97,5549.0,2.0,2,CEOR7,1,CEOR7,2,2015-05-29 06:46:03,,7,5
334780251489998,171958969020004,2014,42,8,97,5549.0,3.0,2,CEOR7,1,CEOR7,1,2015-05-29 06:46:03,,7,5
334780252489998,171958969020004,2014,42,8,97,5549.0,4.0,2,CEOR7,1,CEOR7,40,2015-05-29 06:46:03,,7,5
334780253489998,171958969020004,2014,42,8,97,5549.0,4.0,2,ELUM,1,ELUM,1,2015-05-29 06:46:03,,7,5
334780254489998,171958969020004,2014,42,8,97,5549.0,2.0,2,LOMA6,1,LOMA6,12,2015-05-29 06:46:03,,7,5
334780255489998,171958969020004,2014,42,8,97,5549.0,2.0,2,LOMO2,1,LOMO2,1,2015-05-29 06:46:03,,7,5
334780256489998,171958969020004,2014,42,8,97,5549.0,2.0,2,MIVI,1,MIVI,2,2015-05-29 06:46:03,,7,5
334780257489998,171958969020004,2014,42,8,97,5549.0,4.0,2,MIVI,1,MIVI,36,2015-05-29 06:46:03,,7,5
334780258489998,171958969020004,2014,42,8,97,5549.0,2.0,2,ROMU,1,ROMU,7,2015-05-29 06:46:03,,7,5
334780259489998,171958969020004,2014,42,8,97,5549.0,3.0,2,ROMU,1,ROMU,1,2015-05-29 06:46:03,,7,5
334780260489998,171958969020004,2014,42,8,97,5549.0,4.0,2,ROMU,1,ROMU,11,2015-05-29 06:46:03,,7,5
334780435489998,171959015020004,2014,42,6,117,3998.0,1.0,1,ELUM,1,ELUM,6,2015-05-29 06:46:04,,7,5
334780436489998,171959015020004,2014,42,6,117,3998.0,2.0,1,ELUM,1,ELUM,17,2015-05-29 06:46:04,,7,5
334780437489998,171959015020004,2014,42,6,117,3998.0,4.0,1,ELUM,1,ELUM,1,2015-05-29 06:46:04,,7,5
334780438489998,171959015020004,2014,42,6,117,3998.0,1.0,1,LOMO2,1,LOMO2,2,2015-05-29 06:46:04,,7,5
334780439489998,171959015020004,2014,42,6,117,3998.0,2.0,1,LOMO2,1,LOMO2,4,2015-05-29 06:46:04,,7,5
334780440489998,171959015020004,2014,42,6,117,3998.0,4.0,1,LOMO2,1,LOMO2,1,2015-05-29 06:46:04,,7,5
334780441489998,171959015020004,2014,42,6,117,3998.0,1.0,1,RHCA3,1,RHCA3,1,2015-05-29 06:46:04,,7,5
334780442489998,171959015020004,2014,42,6,117,3998.0,2.0,1,RHCA3,1,RHCA3,1,2015-05-29 06:46:04,,7,5
334780443489998,171959015020004,2014,42,6,117,3998.0,1.0,1,ROMU,1,ROMU,1,2015-05-29 06:46:04,,7,5
334780444489998,171959015020004,2014,42,6,117,3998.0,2.0,1,ROMU,1,ROMU,2,2015-05-29 06:46:04,,7,5
334780445489998,171959015020004,2014,42,6,117,3998.0,4.0,1,ROMU,1,ROMU,2,2015-05-29 06:46:04,,7,5
334780740489998,171959017020004,2014,42,6,117,5935.0,4.0,2,CIAR4,1,CIAR4,1,2015-05-29 06:46:04,,7,5
334780741489998,171959017020004,2014,42,6,117,5935.0,3.0,1,ELUM,1,ELUM,1,2015-05-29 06:46:04,,7,5
334780742489998,171959017020004,2014,42,6,117,5935.0,4.0,2,ELUM,1,ELUM,1,2015-05-29 06:46:04,,7,5
334780743489998,171959017020004,2014,42,6,117,5935.0,1.0,1,LOMO2,1,LOMO2,2,2015-05-29 06:46:04,,7,5
334780744489998,171959017020004,2014,42,6,117,5935.0,2.0,1,LOMO2,1,LOMO2,3,2015-05-29 06:46:04,,7,5
334780745489998,171959017020004,2014,42,6,117,5935.0,3.0,1,LOMO2,1,LOMO2,1,2015-05-29 06:46:04,,7,5
334780746489998,171959017020004,2014,42,6,117,5935.0,3.0,2,LOMO2,1,LOMO2,1,2015-05-29 06:46:04,,7,5
334780747489998,171959017020004,2014,42,6,117,5935.0,4.0,2,LOMO2,1,LOMO2,2,2015-05-29 06:46:04,,7,5
334780748489998,171959017020004,2014,42,6,117,5935.0,1.0,1,ROMU,1,ROMU,2,2015-05-29 06:46:04,,7,5
334780749489998,171959017020004,2014,42,6,117,5935.0,2.0,1,ROMU,1,ROMU,2,2015-05-29 06:46:04,,7,5
334780750489998,171959017020004,2014,42,6,117,5935.0,3.0,1,ROMU,1,ROMU,2,2015-05-29 06:46:04,,7,5
334780751489998,171959017020004,2014,42,6,117,5935.0,4.0,2,ROMU,1,ROMU,1,2015-05-29 06:46:04,,7,5
334781361489998,171959068020004,2014,42,0,43,3835.0,3.0,2,ALPE4,1,ALPE4,1,2015-05-29 06:46:05,,7,5
334781362489998,171959068020004,2014,42,0,43,3835.0,3.0,2,CEOR7,1,CEOR7,1,2015-05-29 06:46:05,,7,5
334781363489998,171959068020004,2014,42,0,43,3835.0,3.0,2,LIVU,1,LIVU,2,2015-05-29 06:46:05,,7,5
334781364489998,171959068020004,2014,42,0,43,3835.0,3.0,2,LOMO2,1,LOMO2,2,2015-05-29 06:46:05,,7,5
334781365489998,171959068020004,2014,42,0,43,3835.0,3.0,2,MIVI,1,MIVI,10,2015-05-29 06:46:05,,7,5
334781881489998,171959148020004,2014,42,8,89,3021.0,2.0,1,BETH,1,BETH,1,2015-05-29 06:46:07,,7,5
334781882489998,171959148020004,2014,42,8,89,3021.0,4.0,1,BETH,1,BETH,1,2015-05-29 06:46:07,,7,5
334781883489998,171959148020004,2014,42,8,89,3021.0,2.0,1,LYNU,1,LYNU,1,2015-05-29 06:46:07,,7,5
334781884489998,171959148020004,2014,42,8,89,3021.0,3.0,1,LYNU,1,LYNU,1,2015-05-29 06:46:07,,7,5
334781885489998,171959148020004,2014,42,8,89,3021.0,4.0,1,LYNU,1,LYNU,1,2015-05-29 06:46:07,,7,5
334781886489998,171959148020004,2014,42,8,89,3021.0,2.0,1,MIVI,1,MIVI,1,2015-05-29 06:46:07,,7,5
334781887489998,171959148020004,2014,42,8,89,3021.0,1.0,1,ROMU,1,ROMU,1,2015-05-29 06:46:07,,7,5
334781888489998,171959148020004,2014,42,8,89,3021.0,4.0,1,ROMU,1,ROMU,1,2015-05-29 06:46:07,,7,5
334782015489998,171959154020004,2014,42,8,15,3940.0,2.0,2,ALPE4,1,ALPE4,14,2015-05-29 06:46:07,,7,5
334782016489998,171959154020004,2014,42,8,15,3940.0,2.0,2,RHCA3,1,RHCA3,1,2015-05-29 06:46:07,,7,5
334782017489998,171959154020004,2014,42,8,15,3940.0,1.0,2,ROMU,1,ROMU,6,2015-05-29 06:46:07,,7,5
334782018489998,171959154020004,2014,42,8,15,3940.0,2.0,2,ROMU,1,ROMU,39,2015-05-29 06:46:07,,7,5
334782019489998,171959154020004,2014,42,8,15,3940.0,4.0,2,ROMU,1,ROMU,8,2015-05-29 06:46:07,,7,5
334782155489998,171959175020004,2014,42,9,11,5441.0,3.0,2,AIAL,1,AIAL,7,2015-05-29 06:46:07,,7,5
334782156489998,171959175020004,2014,42,9,11,5441.0,2.0,2,ALPE4,1,ALPE4,4,2015-05-29 06:46:07,,7,5
334782157489998,171959175020004,2014,42,9,11,5441.0,3.0,2,ALPE4,1,ALPE4,25,2015-05-29 06:46:07,,7,5
269686370489998,16264725020004,2013,42,7,111,3562.0,1.0,1,LOMO2,1,LOMO2,2,2014-07-15 10:26:10,,7,4
269686371489998,16264725020004,2013,42,7,111,3562.0,4.0,1,LOMO2,1,LOMO2,6,2014-07-15 10:26:10,,7,4
269663043489998,16265396020004,2013,42,8,107,5577.0,1.0,1,ACPL,1,ACPL,15,2014-07-15 10:25:13,,7,4
269663044489998,16265396020004,2013,42,8,107,5577.0,2.0,1,ACPL,1,ACPL,8,2014-07-15 10:25:13,,7,4
269663045489998,16265396020004,2013,42,8,107,5577.0,3.0,1,ACPL,1,ACPL,12,2014-07-15 10:25:13,,7,4
269663046489998,16265396020004,2013,42,8,107,5577.0,2.0,1,POSA4,1,POSA4,8,2014-07-15 10:25:13,,7,4
269663047489998,16265396020004,2013,42,8,107,5577.0,2.0,1,ROPS,1,ROPS,25,2014-07-15 10:25:13,,7,4
269663375489998,16265399020004,2013,42,9,11,3624.0,2.0,2,AIAL,1,AIAL,40,2014-07-15 10:25:14,,7,4
269663376489998,16265399020004,2013,42,9,11,3624.0,2.0,2,CEOR7,1,CEOR7,3,2014-07-15 10:25:14,,7,4
269686844489998,16264843020004,2013,42,5,85,4987.0,1.0,1,ROMU,1,ROMU,7,2014-07-15 10:26:11,,7,4
269686845489998,16264843020004,2013,42,5,85,4987.0,2.0,1,ROMU,1,ROMU,5,2014-07-15 10:26:11,,7,4
269686846489998,16264843020004,2013,42,5,85,4987.0,3.0,1,ROMU,1,ROMU,1,2014-07-15 10:26:11,,7,4
269687360489998,16264921020004,2013,42,5,7,5164.0,3.0,2,ROMU,1,ROMU,1,2014-07-15 10:26:12,,7,4
269687726489998,16265021020004,2013,42,9,17,3737.0,1.0,1,ALPE4,1,ALPE4,30,2014-07-15 10:26:14,,7,4
269687727489998,16265021020004,2013,42,9,17,3737.0,2.0,1,ALPE4,1,ALPE4,9,2014-07-15 10:26:14,,7,4
269687728489998,16265021020004,2013,42,9,17,3737.0,3.0,1,ALPE4,1,ALPE4,2,2014-07-15 10:26:14,,7,4
269687729489998,16265021020004,2013,42,9,17,3737.0,4.0,1,ALPE4,1,ALPE4,2,2014-07-15 10:26:14,,7,4
269687730489998,16265021020004,2013,42,9,17,3737.0,1.0,1,LIVU,1,LIVU,7,2014-07-15 10:26:14,,7,4
269687731489998,16265021020004,2013,42,9,17,3737.0,2.0,1,LIVU,1,LIVU,3,2014-07-15 10:26:14,,7,4
269687732489998,16265021020004,2013,42,9,17,3737.0,3.0,1,LIVU,1,LIVU,3,2014-07-15 10:26:14,,7,4
269687733489998,16265021020004,2013,42,9,17,3737.0,4.0,1,LIVU,1,LIVU,2,2014-07-15 10:26:14,,7,4
269687734489998,16265021020004,2013,42,9,17,3737.0,1.0,1,LOJA,1,LOJA,6,2014-07-15 10:26:14,,7,4
269687735489998,16265021020004,2013,42,9,17,3737.0,2.0,1,LOJA,1,LOJA,2,2014-07-15 10:26:14,,7,4
269687736489998,16265021020004,2013,42,9,17,3737.0,3.0,1,LOJA,1,LOJA,3,2014-07-15 10:26:14,,7,4
269687737489998,16265021020004,2013,42,9,17,3737.0,4.0,1,LOJA,1,LOJA,3,2014-07-15 10:26:14,,7,4
269687738489998,16265021020004,2013,42,9,17,3737.0,1.0,1,LOMA6,1,LOMA6,12,2014-07-15 10:26:14,,7,4
269687739489998,16265021020004,2013,42,9,17,3737.0,2.0,1,LOMA6,1,LOMA6,5,2014-07-15 10:26:14,,7,4
269687740489998,16265021020004,2013,42,9,17,3737.0,3.0,1,LOMA6,1,LOMA6,5,2014-07-15 10:26:14,,7,4
269687741489998,16265021020004,2013,42,9,17,3737.0,4.0,1,LOMA6,1,LOMA6,50,2014-07-15 10:26:14,,7,4
269687742489998,16265021020004,2013,42,9,17,3737.0,4.0,1,LYNU,1,LYNU,1,2014-07-15 10:26:14,,7,4
269687743489998,16265021020004,2013,42,9,17,3737.0,1.0,1,MIVI,1,MIVI,50,2014-07-15 10:26:14,,7,4
269687744489998,16265021020004,2013,42,9,17,3737.0,2.0,1,MIVI,1,MIVI,2,2014-07-15 10:26:14,,7,4
269687745489998,16265021020004,2013,42,9,17,3737.0,3.0,1,MIVI,1,MIVI,5,2014-07-15 10:26:14,,7,4
269687746489998,16265021020004,2013,42,9,17,3737.0,4.0,1,MIVI,1,MIVI,3,2014-07-15 10:26:14,,7,4
269687747489998,16265021020004,2013,42,9,17,3737.0,1.0,1,ROMU,1,ROMU,31,2014-07-15 10:26:14,,7,4
269687748489998,16265021020004,2013,42,9,17,3737.0,3.0,1,ROMU,1,ROMU,13,2014-07-15 10:26:14,,7,4
269687749489998,16265021020004,2013,42,9,17,3737.0,4.0,1,ROMU,1,ROMU,5,2014-07-15 10:26:14,,7,4
269688545489998,16265173020004,2013,42,0,61,4762.0,4.0,1,AIAL,1,AIAL,5,2014-07-15 10:26:16,,7,4
269688546489998,16265173020004,2013,42,0,61,4762.0,4.0,1,ALPE4,1,ALPE4,7,2014-07-15 10:26:16,,7,4
269688547489998,16265173020004,2013,42,0,61,4762.0,1.0,1,MIVI,1,MIVI,15,2014-07-15 10:26:16,,7,4
269688548489998,16265173020004,2013,42,0,61,4762.0,4.0,1,MIVI,1,MIVI,2,2014-07-15 10:26:16,,7,4
269689260489998,16265364020004,2013,42,9,133,5133.0,1.0,1,LOJA,1,LOJA,40,2014-07-15 10:26:18,,7,4
269689261489998,16265364020004,2013,42,9,133,5133.0,2.0,1,LOJA,1,LOJA,30,2014-07-15 10:26:18,,7,4
269689262489998,16265364020004,2013,42,9,133,5133.0,3.0,1,LOJA,1,LOJA,20,2014-07-15 10:26:18,,7,4
269689263489998,16265364020004,2013,42,9,133,5133.0,4.0,1,LOJA,1,LOJA,10,2014-07-15 10:26:18,,7,4
269689264489998,16265364020004,2013,42,9,133,5133.0,1.0,1,LOMA6,1,LOMA6,1,2014-07-15 10:26:18,,7,4
269689265489998,16265364020004,2013,42,9,133,5133.0,3.0,1,LOMA6,1,LOMA6,3,2014-07-15 10:26:18,,7,4
269689266489998,16265364020004,2013,42,9,133,5133.0,4.0,1,LOMA6,1,LOMA6,4,2014-07-15 10:26:18,,7,4
269689267489998,16265364020004,2013,42,9,133,5133.0,1.0,1,LOMO2,1,LOMO2,1,2014-07-15 10:26:18,,7,4
269689268489998,16265364020004,2013,42,9,133,5133.0,2.0,1,LOMO2,1,LOMO2,3,2014-07-15 10:26:18,,7,4
269689269489998,16265364020004,2013,42,9,133,5133.0,3.0,1,LOMO2,1,LOMO2,1,2014-07-15 10:26:18,,7,4
269689270489998,16265364020004,2013,42,9,133,5133.0,1.0,1,MIVI,1,MIVI,30,2014-07-15 10:26:18,,7,4
269689271489998,16265364020004,2013,42,9,133,5133.0,2.0,1,MIVI,1,MIVI,15,2014-07-15 10:26:18,,7,4
269689272489998,16265364020004,2013,42,9,133,5133.0,3.0,1,MIVI,1,MIVI,10,2014-07-15 10:26:18,,7,4
269689273489998,16265364020004,2013,42,9,133,5133.0,4.0,1,MIVI,1,MIVI,22,2014-07-15 10:26:18,,7,4
269689274489998,16265364020004,2013,42,9,133,5133.0,1.0,1,RHCA3,1,RHCA3,1,2014-07-15 10:26:18,,7,4
269689275489998,16265364020004,2013,42,9,133,5133.0,1.0,1,ROMU,1,ROMU,2,2014-07-15 10:26:18,,7,4
269689276489998,16265364020004,2013,42,9,133,5133.0,2.0,1,ROMU,1,ROMU,1,2014-07-15 10:26:18,,7,4
269689277489998,16265364020004,2013,42,9,133,5133.0,3.0,1,ROMU,1,ROMU,2,2014-07-15 10:26:18,,7,4
269689819489998,16265424020004,2013,42,8,131,5312.0,2.0,2,ALPE4,1,ALPE4,33,2014-07-15 10:26:20,,7,4
269689820489998,16265424020004,2013,42,8,131,5312.0,3.0,2,ALPE4,1,ALPE4,44,2014-07-15 10:26:20,,7,4
269689821489998,16265424020004,2013,42,8,131,5312.0,4.0,2,ALPE4,1,ALPE4,1,2014-07-15 10:26:20,,7,4
269689822489998,16265424020004,2013,42,8,131,5312.0,2.0,2,BETH,1,BETH,3,2014-07-15 10:26:20,,7,4
269689823489998,16265424020004,2013,42,8,131,5312.0,2.0,2,ELUM,1,ELUM,18,2014-07-15 10:26:20,,7,4
269689824489998,16265424020004,2013,42,8,131,5312.0,3.0,2,ELUM,1,ELUM,2,2014-07-15 10:26:20,,7,4
269689825489998,16265424020004,2013,42,8,131,5312.0,2.0,2,HEMA3,1,HEMA3,1,2014-07-15 10:26:20,,7,4
269689826489998,16265424020004,2013,42,8,131,5312.0,3.0,2,HEMA3,1,HEMA3,1,2014-07-15 10:26:20,,7,4
269689827489998,16265424020004,2013,42,8,131,5312.0,4.0,2,HEMA3,1,HEMA3,1,2014-07-15 10:26:20,,7,4
269689828489998,16265424020004,2013,42,8,131,5312.0,2.0,2,LIVU,1,LIVU,10,2014-07-15 10:26:20,,7,4
269689829489998,16265424020004,2013,42,8,131,5312.0,3.0,2,LIVU,1,LIVU,1,2014-07-15 10:26:20,,7,4
269689830489998,16265424020004,2013,42,8,131,5312.0,2.0,2,LOMA6,1,LOMA6,7,2014-07-15 10:26:20,,7,4
269689831489998,16265424020004,2013,42,8,131,5312.0,2.0,2,LOMO2,1,LOMO2,20,2014-07-15 10:26:20,,7,4
269689832489998,16265424020004,2013,42,8,131,5312.0,2.0,2,ROMU,1,ROMU,17,2014-07-15 10:26:20,,7,4
269689833489998,16265424020004,2013,42,8,131,5312.0,3.0,2,ROMU,1,ROMU,9,2014-07-15 10:26:20,,7,4
269689834489998,16265424020004,2013,42,8,131,5312.0,4.0,2,ROMU,1,ROMU,12,2014-07-15 10:26:20,,7,4
269689929489998,16265425020004,2013,42,8,79,3459.0,1.0,1,AIAL,1,AIAL,40,2014-07-15 10:26:20,,7,4
269689930489998,16265425020004,2013,42,8,79,3459.0,2.0,1,AIAL,1,AIAL,3,2014-07-15 10:26:20,,7,4
269689931489998,16265425020004,2013,42,8,79,3459.0,1.0,1,CIAR4,1,CIAR4,1,2014-07-15 10:26:20,,7,4
269689932489998,16265425020004,2013,42,8,79,3459.0,2.0,1,ROPS,1,ROPS,3,2014-07-15 10:26:20,,7,4
536727518126144,375840767489998,2017,42,5,7,1291.0,4.0,1,ROMU,1,ROMU,6,2018-05-18 14:24:02,,8,3
536727519126144,375840767489998,2017,42,5,7,1291.0,1.0,1,ROPS,1,ROPS,5,2018-05-18 14:24:02,,8,3
536716583126144,375841176489998,2017,42,8,79,1704.0,1.0,1,ALPE4,1,ALPE4,2,2018-05-18 14:23:33,,8,3
536716584126144,375841176489998,2017,42,8,79,1704.0,3.0,1,ALPE4,1,ALPE4,5,2018-05-18 14:23:33,,8,3
536716585126144,375841176489998,2017,42,8,79,1704.0,4.0,1,ALPE4,1,ALPE4,2,2018-05-18 14:23:33,,8,3
536716586126144,375841176489998,2017,42,8,79,1704.0,1.0,1,BETH,1,BETH,3,2018-05-18 14:23:33,,8,3
536716587126144,375841176489998,2017,42,8,79,1704.0,3.0,1,BETH,1,BETH,1,2018-05-18 14:23:33,,8,3
536716588126144,375841176489998,2017,42,8,79,1704.0,4.0,1,BETH,1,BETH,1,2018-05-18 14:23:33,,8,3
536716589126144,375841176489998,2017,42,8,79,1704.0,1.0,1,ELUM,1,ELUM,1,2018-05-18 14:23:33,,8,3
536716590126144,375841176489998,2017,42,8,79,1704.0,3.0,1,HEMA3,1,HEMA3,2,2018-05-18 14:23:33,,8,3
536716591126144,375841176489998,2017,42,8,79,1704.0,1.0,1,LOMA6,1,LOMA6,4,2018-05-18 14:23:33,,8,3
536716592126144,375841176489998,2017,42,8,79,1704.0,3.0,1,LOMA6,1,LOMA6,2,2018-05-18 14:23:33,,8,3
536716593126144,375841176489998,2017,42,8,79,1704.0,3.0,1,MIVI,1,MIVI,40,2018-05-18 14:23:33,,8,3
536716594126144,375841176489998,2017,42,8,79,1704.0,1.0,1,ROMU,1,ROMU,8,2018-05-18 14:23:33,,8,3
536716595126144,375841176489998,2017,42,8,79,1704.0,3.0,1,ROMU,1,ROMU,5,2018-05-18 14:23:33,,8,3
536716596126144,375841176489998,2017,42,8,79,1704.0,4.0,1,ROMU,1,ROMU,4,2018-05-18 14:23:33,,8,3
536716708126144,375841177489998,2017,42,8,79,725.0,2.0,1,LOJA,1,LOJA,1,2018-05-18 14:23:33,,8,3
536717039126144,375841225489998,2017,42,0,99,1226.0,3.0,1,AIAL,1,AIAL,1,2018-05-18 14:23:34,,8,3
536717040126144,375841225489998,2017,42,0,99,1226.0,4.0,1,AIAL,1,AIAL,1,2018-05-18 14:23:34,,8,3
536717041126144,375841225489998,2017,42,0,99,1226.0,1.0,1,ALPE4,1,ALPE4,1,2018-05-18 14:23:34,,8,3
536717042126144,375841225489998,2017,42,0,99,1226.0,2.0,1,ALPE4,1,ALPE4,1,2018-05-18 14:23:34,,8,3
536717043126144,375841225489998,2017,42,0,99,1226.0,3.0,1,ALPE4,1,ALPE4,2,2018-05-18 14:23:34,,8,3
536717044126144,375841225489998,2017,42,0,99,1226.0,4.0,1,ALPE4,1,ALPE4,1,2018-05-18 14:23:34,,8,3
536717045126144,375841225489998,2017,42,0,99,1226.0,1.0,1,LOMA6,1,LOMA6,2,2018-05-18 14:23:34,,8,3
536717046126144,375841225489998,2017,42,0,99,1226.0,3.0,1,LOMA6,1,LOMA6,1,2018-05-18 14:23:34,,8,3
536717047126144,375841225489998,2017,42,0,99,1226.0,1.0,1,MIVI,1,MIVI,3,2018-05-18 14:23:34,,8,3
536717048126144,375841225489998,2017,42,0,99,1226.0,2.0,1,MIVI,1,MIVI,2,2018-05-18 14:23:34,,8,3
536717049126144,375841225489998,2017,42,0,99,1226.0,3.0,1,MIVI,1,MIVI,1,2018-05-18 14:23:34,,8,3
536717050126144,375841225489998,2017,42,0,99,1226.0,4.0,1,MIVI,1,MIVI,4,2018-05-18 14:23:34,,8,3
536717051126144,375841225489998,2017,42,0,99,1226.0,2.0,1,ROMU,1,ROMU,1,2018-05-18 14:23:34,,8,3
536717052126144,375841225489998,2017,42,0,99,1226.0,3.0,1,ROMU,1,ROMU,1,2018-05-18 14:23:34,,8,3
536717053126144,375841225489998,2017,42,0,99,1226.0,4.0,1,ROMU,1,ROMU,3,2018-05-18 14:23:34,,8,3
536717054126144,375841225489998,2017,42,0,99,1226.0,3.0,1,ROPS,1,ROPS,1,2018-05-18 14:23:34,,8,3
536717244126144,375840664489998,2017,42,6,31,409.0,1.0,1,LOMO2,1,LOMO2,1,2018-05-18 14:23:35,,8,3
536717245126144,375840664489998,2017,42,6,31,409.0,3.0,1,LOMO2,1,LOMO2,1,2018-05-18 14:23:35,,8,3
536717246126144,375840664489998,2017,42,6,31,409.0,4.0,1,LOMO2,1,LOMO2,1,2018-05-18 14:23:35,,8,3
536717247126144,375840664489998,2017,42,6,31,409.0,3.0,1,ROMU,1,ROMU,1,2018-05-18 14:23:35,,8,3
536717248126144,375840664489998,2017,42,6,31,409.0,4.0,1,ROMU,1,ROMU,1,2018-05-18 14:23:35,,8,3
536721314126144,375840787489998,2017,42,6,123,492.0,4.0,1,LONIC,1,LONIC,5,2018-05-18 14:23:48,,8,3
536721315126144,375840787489998,2017,42,6,123,492.0,1.0,1,ROMU,1,ROMU,10,2018-05-18 14:23:48,,8,3
536721316126144,375840787489998,2017,42,6,123,492.0,3.0,1,ROMU,1,ROMU,8,2018-05-18 14:23:48,,8,3
536721317126144,375840787489998,2017,42,6,123,492.0,4.0,1,ROMU,1,ROMU,11,2018-05-18 14:23:48,,8,3
536721636126144,375840798489998,2017,42,5,19,536.0,3.0,1,ALPE4,1,ALPE4,1,2018-05-18 14:23:48,,8,3
536721637126144,375840798489998,2017,42,5,19,536.0,4.0,1,ALPE4,1,ALPE4,1,2018-05-18 14:23:48,,8,3
536721638126144,375840798489998,2017,42,5,19,536.0,3.0,1,LOMA6,1,LOMA6,1,2018-05-18 14:23:48,,8,3
536721639126144,375840798489998,2017,42,5,19,536.0,1.0,1,ROMU,1,ROMU,5,2018-05-18 14:23:48,,8,3
536721640126144,375840798489998,2017,42,5,19,536.0,2.0,1,ROMU,1,ROMU,2,2018-05-18 14:23:48,,8,3
536721641126144,375840798489998,2017,42,5,19,536.0,3.0,1,ROMU,1,ROMU,14,2018-05-18 14:23:48,,8,3
536721642126144,375840798489998,2017,42,5,19,536.0,4.0,1,ROMU,1,ROMU,1,2018-05-18 14:23:48,,8,3
536721643126144,375840798489998,2017,42,5,19,536.0,1.0,1,ROPS,1,ROPS,7,2018-05-18 14:23:48,,8,3
536721644126144,375840798489998,2017,42,5,19,536.0,2.0,1,ROPS,1,ROPS,4,2018-05-18 14:23:48,,8,3
536721645126144,375840798489998,2017,42,5,19,536.0,4.0,1,ROPS,1,ROPS,5,2018-05-18 14:23:48,,8,3
536721781126144,375840805489998,2017,42,6,35,875.0,4.0,1,BETH,1,BETH,1,2018-05-18 14:23:48,,8,3
269665018489998,16265154020004,2013,42,6,81,3094.0,1.0,1,ALPE4,1,ALPE4,8,2014-07-15 10:25:21,,7,4
269665019489998,16265154020004,2013,42,6,81,3094.0,2.0,1,ALPE4,1,ALPE4,27,2014-07-15 10:25:21,,7,4
269665020489998,16265154020004,2013,42,6,81,3094.0,3.0,2,ALPE4,1,ALPE4,6,2014-07-15 10:25:21,,7,4
269665021489998,16265154020004,2013,42,6,81,3094.0,4.0,1,ALPE4,1,ALPE4,4,2014-07-15 10:25:21,,7,4
269665022489998,16265154020004,2013,42,6,81,3094.0,1.0,1,HEMA3,1,HEMA3,5,2014-07-15 10:25:21,,7,4
269665023489998,16265154020004,2013,42,6,81,3094.0,2.0,1,HEMA3,1,HEMA3,6,2014-07-15 10:25:21,,7,4
269665024489998,16265154020004,2013,42,6,81,3094.0,3.0,2,LOMO2,1,LOMO2,1,2014-07-15 10:25:21,,7,4
269665025489998,16265154020004,2013,42,6,81,3094.0,1.0,1,MIVI,1,MIVI,2,2014-07-15 10:25:21,,7,4
269665026489998,16265154020004,2013,42,6,81,3094.0,3.0,2,MIVI,1,MIVI,4,2014-07-15 10:25:21,,7,4
269665027489998,16265154020004,2013,42,6,81,3094.0,1.0,1,ROMU,1,ROMU,7,2014-07-15 10:25:21,,7,4
269665028489998,16265154020004,2013,42,6,81,3094.0,2.0,1,ROMU,1,ROMU,5,2014-07-15 10:25:21,,7,4
536724321126144,375840875489998,2017,42,7,9,1845.0,2.0,1,ROMU,1,ROMU,1,2018-05-18 14:23:55,,8,3
536724322126144,375840875489998,2017,42,7,9,1845.0,3.0,1,ROMU,1,ROMU,5,2018-05-18 14:23:55,,8,3
536724474126144,375840883489998,2017,42,7,21,1862.0,1.0,1,ELUM,1,ELUM,12,2018-05-18 14:23:55,,8,3
536724475126144,375840883489998,2017,42,7,21,1862.0,2.0,1,ELUM,1,ELUM,5,2018-05-18 14:23:55,,8,3
536724476126144,375840883489998,2017,42,7,21,1862.0,4.0,1,ELUM,1,ELUM,20,2018-05-18 14:23:55,,8,3
536724668126144,375840930489998,2017,42,0,87,1389.0,1.0,1,MIVI,1,MIVI,2,2018-05-18 14:23:55,,8,3
536730003126144,375841018489998,2017,42,7,9,1546.0,1.0,1,ELUM,1,ELUM,10,2018-05-18 14:24:07,,8,3
536730004126144,375841018489998,2017,42,7,9,1546.0,2.0,2,ELUM,1,ELUM,7,2018-05-18 14:24:07,,8,3
536730005126144,375841018489998,2017,42,7,9,1546.0,3.0,1,ELUM,1,ELUM,7,2018-05-18 14:24:07,,8,3
536730006126144,375841018489998,2017,42,7,9,1546.0,3.0,2,ELUM,1,ELUM,5,2018-05-18 14:24:07,,8,3
536730007126144,375841018489998,2017,42,7,9,1546.0,2.0,2,MIVI,1,MIVI,3,2018-05-18 14:24:07,,8,3
536730008126144,375841018489998,2017,42,7,9,1546.0,2.0,2,ROMU,1,ROMU,1,2018-05-18 14:24:07,,8,3
536730247126144,375841037489998,2017,42,9,1,1343.0,4.0,2,AIAL,1,AIAL,2,2018-05-18 14:24:07,,8,3
536730248126144,375841037489998,2017,42,9,1,1343.0,4.0,2,LIVU,1,LIVU,1,2018-05-18 14:24:07,,8,3
536730249126144,375841037489998,2017,42,9,1,1343.0,4.0,2,ROMU,1,ROMU,1,2018-05-18 14:24:07,,8,3
536730250126144,375841037489998,2017,42,9,1,1343.0,4.0,2,ROPS,1,ROPS,2,2018-05-18 14:24:07,,8,3
536730934126144,375841195489998,2017,42,0,119,307.0,1.0,1,ALPE4,1,ALPE4,2,2018-05-18 14:24:08,,8,3
536730935126144,375841195489998,2017,42,0,119,307.0,3.0,1,ALPE4,1,ALPE4,10,2018-05-18 14:24:08,,8,3
536730936126144,375841195489998,2017,42,0,119,307.0,4.0,1,ALPE4,1,ALPE4,5,2018-05-18 14:24:08,,8,3
536730937126144,375841195489998,2017,42,0,119,307.0,1.0,1,LONIC,1,LONIC,1,2018-05-18 14:24:08,,8,3
536730938126144,375841195489998,2017,42,0,119,307.0,3.0,1,LONIC,1,LONIC,5,2018-05-18 14:24:08,,8,3
536730939126144,375841195489998,2017,42,0,119,307.0,4.0,1,LONIC,1,LONIC,3,2018-05-18 14:24:08,,8,3
536730940126144,375841195489998,2017,42,0,119,307.0,1.0,1,MIVI,1,MIVI,17,2018-05-18 14:24:08,,8,3
536730941126144,375841195489998,2017,42,0,119,307.0,3.0,1,MIVI,1,MIVI,6,2018-05-18 14:24:08,,8,3
536730942126144,375841195489998,2017,42,0,119,307.0,1.0,1,ROMU,1,ROMU,1,2018-05-18 14:24:08,,8,3
536730943126144,375841195489998,2017,42,0,119,307.0,3.0,1,ROMU,1,ROMU,2,2018-05-18 14:24:08,,8,3
536730944126144,375841195489998,2017,42,0,119,307.0,4.0,1,ROMU,1,ROMU,1,2018-05-18 14:24:08,,8,3
666335037126144,464514204489998,2018,42,7,13,2530.0,1.0,1,AIAL,1,AIAL,6,2019-05-21 12:51:05,,8,4
666335038126144,464514204489998,2018,42,7,13,2530.0,2.0,1,AIAL,1,AIAL,1,2019-05-21 12:51:05,,8,4
666335039126144,464514204489998,2018,42,7,13,2530.0,1.0,1,ALPE4,1,ALPE4,3,2019-05-21 12:51:05,,8,4
666335040126144,464514204489998,2018,42,7,13,2530.0,2.0,1,ALPE4,1,ALPE4,20,2019-05-21 12:51:05,,8,4
666335041126144,464514204489998,2018,42,7,13,2530.0,4.0,1,ALPE4,1,ALPE4,8,2019-05-21 12:51:05,,8,4
666335042126144,464514204489998,2018,42,7,13,2530.0,2.0,1,ELUM,1,ELUM,1,2019-05-21 12:51:05,,8,4
666335043126144,464514204489998,2018,42,7,13,2530.0,2.0,1,FRAL4,1,FRAL4,3,2019-05-21 12:51:05,,8,4
666335044126144,464514204489998,2018,42,7,13,2530.0,4.0,1,FRAL4,1,FRAL4,6,2019-05-21 12:51:05,,8,4
666335045126144,464514204489998,2018,42,7,13,2530.0,1.0,1,HEMA3,1,HEMA3,1,2019-05-21 12:51:05,,8,4
666335046126144,464514204489998,2018,42,7,13,2530.0,2.0,1,HEMA3,1,HEMA3,1,2019-05-21 12:51:05,,8,4
666335047126144,464514204489998,2018,42,7,13,2530.0,4.0,1,HEMA3,1,HEMA3,1,2019-05-21 12:51:05,,8,4
666335048126144,464514204489998,2018,42,7,13,2530.0,1.0,1,LIVU,1,LIVU,2,2019-05-21 12:51:05,,8,4
666335049126144,464514204489998,2018,42,7,13,2530.0,2.0,1,LIVU,1,LIVU,6,2019-05-21 12:51:05,,8,4
666335050126144,464514204489998,2018,42,7,13,2530.0,4.0,1,LIVU,1,LIVU,15,2019-05-21 12:51:05,,8,4
666335051126144,464514204489998,2018,42,7,13,2530.0,1.0,1,LONIC,1,LONIC,2,2019-05-21 12:51:05,,8,4
666335052126144,464514204489998,2018,42,7,13,2530.0,2.0,1,LONIC,1,LONIC,2,2019-05-21 12:51:05,,8,4
666335053126144,464514204489998,2018,42,7,13,2530.0,4.0,1,LONIC,1,LONIC,2,2019-05-21 12:51:05,,8,4
666335054126144,464514204489998,2018,42,7,13,2530.0,1.0,1,ROMU,1,ROMU,3,2019-05-21 12:51:05,,8,4
666335055126144,464514204489998,2018,42,7,13,2530.0,2.0,1,ROMU,1,ROMU,4,2019-05-21 12:51:05,,8,4
666335056126144,464514204489998,2018,42,7,13,2530.0,4.0,1,ROMU,1,ROMU,4,2019-05-21 12:51:05,,8,4
666335539126144,464514517489998,2018,42,0,61,716.0,3.0,1,MIVI,1,MIVI,3,2019-05-21 12:51:06,,8,4
666324481126144,464513752489998,2018,42,6,35,6192.0,1.0,1,ALPE4,1,ALPE4,1,2019-05-21 12:50:31,,8,4
666324482126144,464513752489998,2018,42,6,35,6192.0,2.0,1,ALPE4,1,ALPE4,1,2019-05-21 12:50:31,,8,4
666324483126144,464513752489998,2018,42,6,35,6192.0,3.0,1,ALPE4,1,ALPE4,3,2019-05-21 12:50:31,,8,4
666324484126144,464513752489998,2018,42,6,35,6192.0,4.0,1,ALPE4,1,ALPE4,2,2019-05-21 12:50:31,,8,4
666324485126144,464513752489998,2018,42,6,35,6192.0,1.0,1,BETH,1,BETH,1,2019-05-21 12:50:31,,8,4
666324486126144,464513752489998,2018,42,6,35,6192.0,2.0,1,BETH,1,BETH,1,2019-05-21 12:50:31,,8,4
666324487126144,464513752489998,2018,42,6,35,6192.0,3.0,1,BETH,1,BETH,1,2019-05-21 12:50:31,,8,4
666324488126144,464513752489998,2018,42,6,35,6192.0,4.0,1,BETH,1,BETH,1,2019-05-21 12:50:31,,8,4
666324489126144,464513752489998,2018,42,6,35,6192.0,1.0,1,LOMO2,1,LOMO2,1,2019-05-21 12:50:31,,8,4
666324490126144,464513752489998,2018,42,6,35,6192.0,3.0,1,LOMO2,1,LOMO2,33,2019-05-21 12:50:31,,8,4
666324491126144,464513752489998,2018,42,6,35,6192.0,4.0,1,LOMO2,1,LOMO2,50,2019-05-21 12:50:31,,8,4
666324492126144,464513752489998,2018,42,6,35,6192.0,2.0,1,ROMU,1,ROMU,1,2019-05-21 12:50:31,,8,4
666324493126144,464513752489998,2018,42,6,35,6192.0,3.0,1,ROMU,1,ROMU,33,2019-05-21 12:50:31,,8,4
666324494126144,464513752489998,2018,42,6,35,6192.0,4.0,1,ROMU,1,ROMU,5,2019-05-21 12:50:31,,8,4
666324641126144,464513794489998,2018,42,5,59,2524.0,3.0,2,ALPE4,1,ALPE4,3,2019-05-21 12:50:34,,8,4
666324642126144,464513794489998,2018,42,5,59,2524.0,3.0,2,ROMU,1,ROMU,7,2019-05-21 12:50:34,,8,4
666324678126144,464513805489998,2018,42,5,5,2029.0,1.0,1,ALPE4,1,ALPE4,1,2019-05-21 12:50:35,,8,4
666324679126144,464513805489998,2018,42,5,5,2029.0,2.0,1,ALPE4,1,ALPE4,15,2019-05-21 12:50:35,,8,4
666324680126144,464513805489998,2018,42,5,5,2029.0,4.0,1,ALPE4,1,ALPE4,5,2019-05-21 12:50:35,,8,4
666324681126144,464513805489998,2018,42,5,5,2029.0,2.0,1,CIAR4,1,CIAR4,1,2019-05-21 12:50:35,,8,4
666324682126144,464513805489998,2018,42,5,5,2029.0,1.0,1,LOMO2,1,LOMO2,1,2019-05-21 12:50:35,,8,4
666324683126144,464513805489998,2018,42,5,5,2029.0,2.0,1,LOMO2,1,LOMO2,1,2019-05-21 12:50:35,,8,4
666324684126144,464513805489998,2018,42,5,5,2029.0,4.0,1,LOMO2,1,LOMO2,5,2019-05-21 12:50:35,,8,4
666324685126144,464513805489998,2018,42,5,5,2029.0,1.0,1,ROMU,1,ROMU,10,2019-05-21 12:50:35,,8,4
666324686126144,464513805489998,2018,42,5,5,2029.0,2.0,1,ROMU,1,ROMU,1,2019-05-21 12:50:35,,8,4
666324687126144,464513805489998,2018,42,5,5,2029.0,4.0,1,ROMU,1,ROMU,3,2019-05-21 12:50:35,,8,4
666324822126144,464513832489998,2018,42,6,83,2345.0,3.0,1,BEVU,1,BEVU,2,2019-05-21 12:50:35,,8,4
666325002126144,464514016489998,2018,42,6,31,2777.0,1.0,2,ALPE4,1,ALPE4,1,2019-05-21 12:50:37,,8,4
666325003126144,464514016489998,2018,42,6,31,2777.0,1.0,2,LOMO2,1,LOMO2,1,2019-05-21 12:50:37,,8,4
666325004126144,464514016489998,2018,42,6,31,2777.0,4.0,2,LOMO2,1,LOMO2,75,2019-05-21 12:50:37,,8,4
666325005126144,464514016489998,2018,42,6,31,2777.0,1.0,2,ROMU,1,ROMU,1,2019-05-21 12:50:37,,8,4
666325006126144,464514016489998,2018,42,6,31,2777.0,4.0,2,ROMU,1,ROMU,1,2019-05-21 12:50:37,,8,4
666325087126144,464514056489998,2018,42,5,3,2460.0,2.0,2,ALPE4,1,ALPE4,2,2019-05-21 12:50:37,,8,4
666325088126144,464514056489998,2018,42,5,3,2460.0,2.0,2,CEOR7,1,CEOR7,1,2019-05-21 12:50:37,,8,4
666335708126144,464514542489998,2018,42,0,55,1954.0,1.0,1,ACPL,1,ACPL,15,2019-05-21 12:51:06,,8,4
666335709126144,464514542489998,2018,42,0,55,1954.0,2.0,1,ACPL,1,ACPL,5,2019-05-21 12:51:06,,8,4
666335710126144,464514542489998,2018,42,0,55,1954.0,3.0,1,ACPL,1,ACPL,5,2019-05-21 12:51:06,,8,4
666335711126144,464514542489998,2018,42,0,55,1954.0,4.0,1,ALPE4,1,ALPE4,1,2019-05-21 12:51:06,,8,4
666335712126144,464514542489998,2018,42,0,55,1954.0,3.0,1,BEVU,1,BEVU,9,2019-05-21 12:51:06,,8,4
666335713126144,464514542489998,2018,42,0,55,1954.0,3.0,1,CEOR7,1,CEOR7,5,2019-05-21 12:51:06,,8,4
666335714126144,464514542489998,2018,42,0,55,1954.0,4.0,1,MIVI,1,MIVI,1,2019-05-21 12:51:06,,8,4
666335715126144,464514542489998,2018,42,0,55,1954.0,1.0,1,ROMU,1,ROMU,1,2019-05-21 12:51:06,,8,4
666335716126144,464514542489998,2018,42,0,55,1954.0,3.0,1,ROMU,1,ROMU,3,2019-05-21 12:51:06,,8,4
666335717126144,464514542489998,2018,42,0,55,1954.0,4.0,1,ROMU,1,ROMU,1,2019-05-21 12:51:06,,8,4
666335718126144,464514542489998,2018,42,0,55,1954.0,1.0,1,ROPS,1,ROPS,5,2019-05-21 12:51:06,,8,4
666335719126144,464514542489998,2018,42,0,55,1954.0,2.0,1,ROPS,1,ROPS,3,2019-05-21 12:51:06,,8,4
666335720126144,464514542489998,2018,42,0,55,1954.0,4.0,1,ROPS,1,ROPS,4,2019-05-21 12:51:06,,8,4
666335919126144,464514788489998,2018,42,8,25,2231.0,1.0,1,BETH,1,BETH,1,2019-05-21 12:51:07,,8,4
536724320126144,375840875489998,2017,42,7,9,1845.0,1.0,1,ROMU,1,ROMU,12,2018-05-18 14:23:55,,8,3
666335920126144,464514788489998,2018,42,8,25,2231.0,2.0,1,BETH,1,BETH,1,2019-05-21 12:51:07,,8,4
666336057126144,464514910489998,2018,42,8,79,2400.0,3.0,1,ROMU,1,ROMU,1,2019-05-21 12:51:07,,8,4
666325152126144,464514173489998,2018,42,6,65,2007.0,1.0,1,ALPE4,1,ALPE4,1,2019-05-21 12:50:38,,8,4
666325153126144,464514173489998,2018,42,6,65,2007.0,2.0,1,ALPE4,1,ALPE4,1,2019-05-21 12:50:38,,8,4
666325154126144,464514173489998,2018,42,6,65,2007.0,1.0,1,MIVI,1,MIVI,40,2019-05-21 12:50:38,,8,4
666325155126144,464514173489998,2018,42,6,65,2007.0,2.0,1,MIVI,1,MIVI,1,2019-05-21 12:50:38,,8,4
666325156126144,464514173489998,2018,42,6,65,2007.0,1.0,1,ROMU,1,ROMU,35,2019-05-21 12:50:38,,8,4
666325157126144,464514173489998,2018,42,6,65,2007.0,2.0,1,ROMU,1,ROMU,5,2019-05-21 12:50:38,,8,4
666325158126144,464514173489998,2018,42,6,65,2007.0,4.0,1,ROMU,1,ROMU,1,2019-05-21 12:50:38,,8,4
666325282126144,464514236489998,2018,42,5,3,2580.0,1.0,1,AIAL,1,AIAL,1,2019-05-21 12:50:38,,8,4
666325283126144,464514236489998,2018,42,5,3,2580.0,4.0,1,AIAL,1,AIAL,4,2019-05-21 12:50:38,,8,4
666325284126144,464514236489998,2018,42,5,3,2580.0,1.0,1,ALPE4,1,ALPE4,1,2019-05-21 12:50:38,,8,4
666325285126144,464514236489998,2018,42,5,3,2580.0,2.0,1,ALPE4,1,ALPE4,1,2019-05-21 12:50:38,,8,4
666325286126144,464514236489998,2018,42,5,3,2580.0,4.0,1,ALPE4,1,ALPE4,50,2019-05-21 12:50:38,,8,4
666325287126144,464514236489998,2018,42,5,3,2580.0,1.0,1,CEOR7,1,CEOR7,10,2019-05-21 12:50:38,,8,4
666325288126144,464514236489998,2018,42,5,3,2580.0,2.0,1,CEOR7,1,CEOR7,2,2019-05-21 12:50:38,,8,4
666325289126144,464514236489998,2018,42,5,3,2580.0,4.0,1,CEOR7,1,CEOR7,1,2019-05-21 12:50:38,,8,4
666325290126144,464514236489998,2018,42,5,3,2580.0,1.0,1,LOMA6,1,LOMA6,75,2019-05-21 12:50:38,,8,4
666325291126144,464514236489998,2018,42,5,3,2580.0,2.0,1,LOMA6,1,LOMA6,95,2019-05-21 12:50:38,,8,4
666325292126144,464514236489998,2018,42,5,3,2580.0,4.0,1,LOMA6,1,LOMA6,70,2019-05-21 12:50:38,,8,4
666325293126144,464514236489998,2018,42,5,3,2580.0,1.0,1,ROMU,1,ROMU,1,2019-05-21 12:50:38,,8,4
666325294126144,464514236489998,2018,42,5,3,2580.0,4.0,1,ROMU,1,ROMU,3,2019-05-21 12:50:38,,8,4
666325295126144,464514236489998,2018,42,5,3,2580.0,1.0,1,ROPS,1,ROPS,1,2019-05-21 12:50:38,,8,4
666325296126144,464514236489998,2018,42,5,3,2580.0,2.0,1,ROPS,1,ROPS,20,2019-05-21 12:50:38,,8,4
536721924126144,375840840489998,2017,42,7,51,992.0,1.0,1,ALPE4,1,ALPE4,1,2018-05-18 14:23:49,,8,3
536721925126144,375840840489998,2017,42,7,51,992.0,2.0,1,ALPE4,1,ALPE4,10,2018-05-18 14:23:49,,8,3
536721926126144,375840840489998,2017,42,7,51,992.0,3.0,1,ALPE4,1,ALPE4,1,2018-05-18 14:23:49,,8,3
536721927126144,375840840489998,2017,42,7,51,992.0,4.0,1,ALPE4,1,ALPE4,1,2018-05-18 14:23:49,,8,3
536721928126144,375840840489998,2017,42,7,51,992.0,1.0,1,BETH,1,BETH,1,2018-05-18 14:23:49,,8,3
536721929126144,375840840489998,2017,42,7,51,992.0,2.0,1,BETH,1,BETH,1,2018-05-18 14:23:49,,8,3
536721930126144,375840840489998,2017,42,7,51,992.0,3.0,1,BETH,1,BETH,1,2018-05-18 14:23:49,,8,3
536721931126144,375840840489998,2017,42,7,51,992.0,4.0,1,BETH,1,BETH,1,2018-05-18 14:23:49,,8,3
536721932126144,375840840489998,2017,42,7,51,992.0,1.0,1,CEOR7,1,CEOR7,85,2018-05-18 14:23:49,,8,3
536721933126144,375840840489998,2017,42,7,51,992.0,2.0,1,CEOR7,1,CEOR7,75,2018-05-18 14:23:49,,8,3
536721934126144,375840840489998,2017,42,7,51,992.0,3.0,1,CEOR7,1,CEOR7,30,2018-05-18 14:23:49,,8,3
536721935126144,375840840489998,2017,42,7,51,992.0,4.0,1,CEOR7,1,CEOR7,37,2018-05-18 14:23:49,,8,3
536721936126144,375840840489998,2017,42,7,51,992.0,1.0,1,ELUM,1,ELUM,1,2018-05-18 14:23:49,,8,3
536721937126144,375840840489998,2017,42,7,51,992.0,2.0,1,ELUM,1,ELUM,5,2018-05-18 14:23:49,,8,3
536721938126144,375840840489998,2017,42,7,51,992.0,3.0,1,ELUM,1,ELUM,1,2018-05-18 14:23:49,,8,3
536721939126144,375840840489998,2017,42,7,51,992.0,4.0,1,ELUM,1,ELUM,1,2018-05-18 14:23:49,,8,3
536721940126144,375840840489998,2017,42,7,51,992.0,1.0,1,LIVU,1,LIVU,1,2018-05-18 14:23:49,,8,3
536721941126144,375840840489998,2017,42,7,51,992.0,2.0,1,LIVU,1,LIVU,5,2018-05-18 14:23:49,,8,3
536721942126144,375840840489998,2017,42,7,51,992.0,3.0,1,LIVU,1,LIVU,1,2018-05-18 14:23:49,,8,3
536721943126144,375840840489998,2017,42,7,51,992.0,4.0,1,LIVU,1,LIVU,7,2018-05-18 14:23:49,,8,3
536721944126144,375840840489998,2017,42,7,51,992.0,1.0,1,LOJA,1,LOJA,2,2018-05-18 14:23:49,,8,3
536721945126144,375840840489998,2017,42,7,51,992.0,2.0,1,LOJA,1,LOJA,1,2018-05-18 14:23:49,,8,3
536721946126144,375840840489998,2017,42,7,51,992.0,3.0,1,LOJA,1,LOJA,1,2018-05-18 14:23:49,,8,3
536721947126144,375840840489998,2017,42,7,51,992.0,4.0,1,LOJA,1,LOJA,2,2018-05-18 14:23:49,,8,3
536721948126144,375840840489998,2017,42,7,51,992.0,1.0,1,MIVI,1,MIVI,20,2018-05-18 14:23:49,,8,3
536721949126144,375840840489998,2017,42,7,51,992.0,2.0,1,MIVI,1,MIVI,20,2018-05-18 14:23:49,,8,3
536721950126144,375840840489998,2017,42,7,51,992.0,3.0,1,MIVI,1,MIVI,3,2018-05-18 14:23:49,,8,3
536721951126144,375840840489998,2017,42,7,51,992.0,4.0,1,MIVI,1,MIVI,3,2018-05-18 14:23:49,,8,3
536721952126144,375840840489998,2017,42,7,51,992.0,1.0,1,ROMU,1,ROMU,1,2018-05-18 14:23:49,,8,3
536721953126144,375840840489998,2017,42,7,51,992.0,2.0,1,ROMU,1,ROMU,3,2018-05-18 14:23:49,,8,3
536721954126144,375840840489998,2017,42,7,51,992.0,3.0,1,ROMU,1,ROMU,2,2018-05-18 14:23:49,,8,3
536721955126144,375840840489998,2017,42,7,51,992.0,4.0,1,ROMU,1,ROMU,1,2018-05-18 14:23:49,,8,3
536722196126144,375840902489998,2017,42,8,103,1660.0,1.0,1,BETH,1,BETH,1,2018-05-18 14:23:49,,8,3
222861373010661,122562696010661,2007,42,5,7,2334.0,3.0,1,ROPS,1,ROPS,25,2010-03-01 11:17:59,2012-02-28 07:05:45,6,3
222861362010661,122562696010661,2007,42,5,7,2334.0,4.0,1,ALPE4,1,ALPE4,6,2010-03-01 11:17:59,2012-02-28 07:03:05,6,3
222861366010661,122562696010661,2007,42,5,7,2334.0,4.0,1,FRAL4,1,FRAL4,2,2010-03-01 11:17:59,2012-02-28 07:02:59,6,3
222861429010661,122561548010661,2007,42,8,15,2283.0,1.0,1,ELUM,1,ELUM,5,2010-03-01 11:17:59,2012-02-28 07:14:06,6,3
222861431010661,122561548010661,2007,42,8,15,2283.0,1.0,1,ROMU,1,ROMU,1,2010-03-01 11:17:59,2012-02-28 07:12:17,6,3
222861430010661,122561548010661,2007,42,8,15,2283.0,2.0,1,ELUM,1,ELUM,6,2010-03-01 11:17:59,2012-02-28 07:14:06,6,3
222861356010661,122562516010661,2007,42,5,5,1974.0,3.0,2,BETH,1,BETH,1,2010-03-01 11:17:59,2012-02-28 07:11:28,6,3
222861357010661,122562516010661,2007,42,5,5,1974.0,3.0,2,ROMU,1,ROMU,1,2010-03-01 11:17:59,2012-02-28 07:13:38,6,3
222861695010661,122561504010661,2007,42,8,97,2133.0,3.0,2,2GRAM,1,MIVI,1,2010-03-01 11:18:00,2012-02-28 07:02:38,6,3
222861697010661,122561504010661,2007,42,8,97,2133.0,3.0,2,ALPE4,1,ALPE4,25,2010-03-01 11:18:00,2012-02-28 07:02:31,6,3
222861698010661,122561504010661,2007,42,8,97,2133.0,3.0,2,BETH,1,BETH,2,2010-03-01 11:18:00,2012-02-28 07:06:54,6,3
222861699010661,122561504010661,2007,42,8,97,2133.0,3.0,2,ROMU,1,ROMU,25,2010-03-01 11:18:00,2012-02-28 07:06:40,6,3
222862188010661,113492437010661,2008,42,8,107,4640.0,1.0,1,BETH,1,BETH,7,2010-03-01 11:18:09,2012-02-28 07:14:39,6,4
222862190010661,113492437010661,2008,42,8,107,4640.0,1.0,1,ELUM,1,ELUM,7,2010-03-01 11:18:09,2012-02-28 07:12:49,6,4
222862194010661,113492437010661,2008,42,8,107,4640.0,1.0,1,LOJA,1,LOJA,8,2010-03-01 11:18:09,2012-02-28 07:12:49,6,4
222862196010661,113492437010661,2008,42,8,107,4640.0,1.0,1,LOMO2,1,LOMO2,14,2010-03-01 11:18:09,2012-02-28 07:13:42,6,4
222862200010661,113492437010661,2008,42,8,107,4640.0,1.0,1,MIVI,1,MIVI,1,2010-03-01 11:18:09,2012-02-28 07:14:10,6,4
222862204010661,113492437010661,2008,42,8,107,4640.0,1.0,1,ROMU,1,ROMU,80,2010-03-01 11:18:09,2012-02-28 07:13:16,6,4
222861501010661,122562382010661,2007,42,7,51,2169.0,3.0,1,ELAN,1,ELAN,5,2010-03-01 11:17:59,2012-02-28 07:02:57,6,3
222861504010661,122562382010661,2007,42,7,51,2169.0,3.0,1,LOTA,1,LOTA,8,2010-03-01 11:17:59,2012-02-28 07:02:38,6,3
222861507010661,122562382010661,2007,42,7,51,2169.0,3.0,1,ROMU,1,ROMU,25,2010-03-01 11:17:59,2012-02-28 07:07:10,6,3
222861498010661,122562382010661,2007,42,7,51,2169.0,4.0,1,CIVU,1,CIVU,1,2010-03-01 11:17:59,2012-02-28 07:02:51,6,3
222861502010661,122562382010661,2007,42,7,51,2169.0,4.0,1,ELAN,1,ELAN,8,2010-03-01 11:17:59,2012-02-28 07:02:25,6,3
222861505010661,122562382010661,2007,42,7,51,2169.0,4.0,1,LOTA,1,LOTA,4,2010-03-01 11:17:59,2012-02-28 07:03:03,6,3
222861508010661,122562382010661,2007,42,7,51,2169.0,4.0,1,ROMU,1,ROMU,8,2010-03-01 11:17:59,2012-02-28 07:06:40,6,3
222861585010661,122562802010661,2007,42,0,61,2347.0,1.0,1,ELUM,1,ELUM,7,2010-03-01 11:18:00,2012-02-28 07:14:07,6,3
222861586010661,122562802010661,2007,42,0,61,2347.0,1.0,1,MIVI,1,MIVI,20,2010-03-01 11:18:00,2012-02-28 07:12:46,6,3
222861588010661,122562802010661,2007,42,0,61,2347.0,1.0,1,ROMU,1,ROMU,12,2010-03-01 11:18:00,2012-02-28 07:14:07,6,3
222861584010661,122562802010661,2007,42,0,61,2347.0,2.0,1,BETH,1,BETH,7,2010-03-01 11:18:00,2012-02-28 07:11:29,6,3
222861587010661,122562802010661,2007,42,0,61,2347.0,2.0,1,MIVI,1,MIVI,8,2010-03-01 11:18:00,2012-02-28 07:12:46,6,3
222861589010661,122562802010661,2007,42,0,61,2347.0,2.0,1,ROMU,1,ROMU,20,2010-03-01 11:18:00,2012-02-28 07:14:07,6,3
222862189010661,113492437010661,2008,42,8,107,4640.0,2.0,2,BETH,1,BETH,1,2010-03-01 11:18:09,2012-02-28 07:14:39,6,4
222862191010661,113492437010661,2008,42,8,107,4640.0,2.0,2,ELUM,1,ELUM,14,2010-03-01 11:18:09,2012-02-28 07:12:49,6,4
222862197010661,113492437010661,2008,42,8,107,4640.0,2.0,2,LOMO2,1,LOMO2,7,2010-03-01 11:18:09,2012-02-28 07:13:42,6,4
222862201010661,113492437010661,2008,42,8,107,4640.0,2.0,2,MIVI,1,MIVI,55,2010-03-01 11:18:09,2012-02-28 07:14:10,6,4
222862205010661,113492437010661,2008,42,8,107,4640.0,2.0,2,ROMU,1,ROMU,20,2010-03-01 11:18:09,2012-02-28 07:13:16,6,4
222862192010661,113492437010661,2008,42,8,107,4640.0,3.0,2,ELUM,1,ELUM,20,2010-03-01 11:18:09,2012-02-28 07:12:49,6,4
222862198010661,113492437010661,2008,42,8,107,4640.0,3.0,2,LOMO2,1,LOMO2,1,2010-03-01 11:18:09,2012-02-28 07:13:42,6,4
222862202010661,113492437010661,2008,42,8,107,4640.0,3.0,2,MIVI,1,MIVI,70,2010-03-01 11:18:09,2012-02-28 07:14:10,6,4
222862206010661,113492437010661,2008,42,8,107,4640.0,3.0,2,ROMU,1,ROMU,7,2010-03-01 11:18:09,2012-02-28 07:13:16,6,4
222862193010661,113492437010661,2008,42,8,107,4640.0,4.0,1,ELUM,1,ELUM,5,2010-03-01 11:18:09,2012-02-28 07:12:49,6,4
222862195010661,113492437010661,2008,42,8,107,4640.0,4.0,1,LOJA,1,LOJA,5,2010-03-01 11:18:09,2012-02-28 07:12:49,6,4
222862199010661,113492437010661,2008,42,8,107,4640.0,4.0,1,LOMO2,1,LOMO2,7,2010-03-01 11:18:09,2012-02-28 07:13:42,6,4
222862203010661,113492437010661,2008,42,8,107,4640.0,4.0,1,MIVI,1,MIVI,20,2010-03-01 11:18:09,2012-02-28 07:14:10,6,4
222862207010661,113492437010661,2008,42,8,107,4640.0,4.0,1,ROMU,1,ROMU,60,2010-03-01 11:18:09,2012-02-28 07:13:16,6,4
222862264010661,113493949010661,2008,42,5,125,3633.0,2.0,1,ALPE4,1,ALPE4,3,2010-03-01 11:18:09,2012-02-28 07:11:32,6,4
222861937010661,113493957010661,2008,42,9,17,3398.0,2.0,2,ALPE4,1,ALPE4,1,2010-03-01 11:18:08,2012-02-28 07:02:51,6,4
222861938010661,113493957010661,2008,42,9,17,3398.0,2.0,2,LOJA,1,LOJA,1,2010-03-01 11:18:08,2012-02-28 07:07:23,6,4
222861939010661,113493957010661,2008,42,9,17,3398.0,2.0,2,LONIC,1,LONIC,3,2010-03-01 11:18:08,2012-02-28 07:03:03,6,4
222861940010661,113493957010661,2008,42,9,17,3398.0,2.0,2,MIVI,1,MIVI,18,2010-03-01 11:18:08,2012-02-28 07:05:57,6,4
222861941010661,113493957010661,2008,42,9,17,3398.0,2.0,2,ROMU,1,ROMU,22,2010-03-01 11:18:08,2012-02-28 07:06:37,6,4
222862301010661,113492321010661,2008,42,8,127,3278.0,1.0,1,MIVI,1,MIVI,1,2010-03-01 11:18:09,2012-02-28 07:14:10,6,4
222861921010661,113492777010661,2008,42,8,15,6001.0,1.0,1,ELUM,1,ELUM,2,2010-03-01 11:18:08,2012-02-28 07:14:48,6,4
222861924010661,113492777010661,2008,42,8,15,6001.0,1.0,1,LOMO2,1,LOMO2,3,2010-03-01 11:18:08,2012-02-28 07:13:24,6,4
222861928010661,113492777010661,2008,42,8,15,6001.0,1.0,1,ROMU,1,ROMU,20,2010-03-01 11:18:08,2012-02-28 07:11:39,6,4
222861925010661,113492777010661,2008,42,8,15,6001.0,2.0,1,LOMO2,1,LOMO2,1,2010-03-01 11:18:08,2012-02-28 07:13:24,6,4
222861922010661,113492777010661,2008,42,8,15,6001.0,3.0,1,ELUM,1,ELUM,2,2010-03-01 11:18:08,2012-02-28 07:14:48,6,4
222861926010661,113492777010661,2008,42,8,15,6001.0,3.0,1,LOMO2,1,LOMO2,3,2010-03-01 11:18:08,2012-02-28 07:13:24,6,4
222861929010661,113492777010661,2008,42,8,15,6001.0,3.0,1,ROMU,1,ROMU,15,2010-03-01 11:18:08,2012-02-28 07:11:39,6,4
222861920010661,113492777010661,2008,42,8,15,6001.0,4.0,1,CIVU,1,CIVU,1,2010-03-01 11:18:08,2012-02-28 07:14:19,6,4
222861923010661,113492777010661,2008,42,8,15,6001.0,4.0,1,ELUM,1,ELUM,2,2010-03-01 11:18:08,2012-02-28 07:14:48,6,4
222861930010661,113492777010661,2008,42,8,15,6001.0,4.0,1,ROMU,1,ROMU,2,2010-03-01 11:18:08,2012-02-28 07:11:39,6,4
222861931010661,113492781010661,2008,42,8,15,3789.0,1.0,1,LOMO2,1,LOMO2,4,2010-03-01 11:18:08,2012-02-28 07:13:24,6,4
222862079010661,113492837010661,2008,42,0,57,5418.0,2.0,1,ROPS,1,ROPS,5,2010-03-01 11:18:08,2012-02-28 07:05:56,6,4
222862078010661,113492837010661,2008,42,0,57,5418.0,3.0,1,ALPE4,1,ALPE4,1,2010-03-01 11:18:08,2012-02-28 07:05:56,6,4
152864403020004,113493781010661,2008,42,9,11,3336.0,4.0,1,CEOR,1,CEOR7,1,2012-12-07 10:11:44,,6,4
222862024010661,113492535010661,2008,42,8,37,4213.0,1.0,1,ROMU,1,ROMU,72,2010-03-01 11:18:08,2012-02-28 07:13:51,6,4
222862022010661,113492535010661,2008,42,8,37,4213.0,2.0,1,BETH,1,BETH,7,2010-03-01 11:18:08,2012-02-28 07:14:48,6,4
222862025010661,113492535010661,2008,42,8,37,4213.0,2.0,1,ROMU,1,ROMU,50,2010-03-01 11:18:08,2012-02-28 07:13:51,6,4
222862023010661,113492535010661,2008,42,8,37,4213.0,4.0,1,BETH,1,BETH,4,2010-03-01 11:18:08,2012-02-28 07:14:48,6,4
222862026010661,113492535010661,2008,42,8,37,4213.0,4.0,1,ROMU,1,ROMU,13,2010-03-01 11:18:08,2012-02-28 07:13:51,6,4
222862021010661,113492535010661,2008,42,8,37,4213.0,1.0,1,BETH,1,BETH,1,2010-03-01 11:18:08,2012-02-28 07:14:48,6,4
222861817010661,113493937010661,2008,42,5,3,5840.0,1.0,2,ALPE4,1,ALPE4,20,2010-03-01 11:18:08,2012-02-28 07:13:24,6,4
222861818010661,113493937010661,2008,42,5,3,5840.0,2.0,2,ALPE4,1,ALPE4,10,2010-03-01 11:18:08,2012-02-28 07:13:24,6,4
222861820010661,113493937010661,2008,42,5,3,5840.0,2.0,2,LOMO2,1,LOMO2,20,2010-03-01 11:18:08,2012-02-28 07:14:19,6,4
222861819010661,113493937010661,2008,42,5,3,5840.0,4.0,3,BETH,1,BETH,1,2010-03-01 11:18:08,2012-02-28 07:14:48,6,4
222861821010661,113493937010661,2008,42,5,3,5840.0,4.0,3,LONIC,1,LONIC,80,2010-03-01 11:18:08,2012-02-28 07:14:19,6,4
222861822010661,113493937010661,2008,42,5,3,5840.0,4.0,3,ROMU,1,ROMU,10,2010-03-01 11:18:08,2012-02-28 07:12:29,6,4
222862126010661,113494057010661,2008,42,5,73,4601.0,1.0,1,ROMU,1,ROMU,1,2010-03-01 11:18:09,2012-02-28 07:12:29,6,4
222862124010661,113494057010661,2008,42,5,73,4601.0,2.0,1,ALPE4,1,ALPE4,1,2010-03-01 11:18:09,2012-02-28 07:14:49,6,4
222862127010661,113494057010661,2008,42,5,73,4601.0,2.0,1,ROMU,1,ROMU,1,2010-03-01 11:18:09,2012-02-28 07:12:29,6,4
222862125010661,113494057010661,2008,42,5,73,4601.0,3.0,1,ALPE4,1,ALPE4,3,2010-03-01 11:18:09,2012-02-28 07:14:49,6,4
222862128010661,113494057010661,2008,42,5,73,4601.0,3.0,1,ROMU,1,ROMU,5,2010-03-01 11:18:09,2012-02-28 07:12:29,6,4
222862109010661,113493335010661,2008,42,6,65,5578.0,4.0,2,LOTA,1,LOTA,60,2010-03-01 11:18:08,2012-02-28 07:14:49,6,4
222861825010661,113493565010661,2008,42,5,3,2959.0,1.0,1,ALPE4,1,ALPE4,1,2010-03-01 11:18:08,2012-02-29 11:15:31,6,4
222861826010661,113493565010661,2008,42,5,3,2959.0,2.0,1,ALPE4,1,ALPE4,8,2010-03-01 11:18:08,2012-02-28 07:06:52,6,4
222861827010661,113493565010661,2008,42,5,3,2959.0,3.0,1,ALPE4,1,ALPE4,3,2010-03-01 11:18:08,2012-02-28 07:05:57,6,4
222861829010661,113493565010661,2008,42,5,3,2959.0,3.0,1,LOMA6,1,LOMA6,1,2010-03-01 11:18:08,2012-02-28 07:07:22,6,4
222861831010661,113493565010661,2008,42,5,3,2959.0,3.0,1,LONIC,1,LONIC,1,2010-03-01 11:18:08,2012-02-29 11:15:31,6,4
222861828010661,113493565010661,2008,42,5,3,2959.0,4.0,1,ALPE4,1,ALPE4,1,2010-03-01 11:18:08,2012-02-29 11:15:31,6,4
222861830010661,113493565010661,2008,42,5,3,2959.0,4.0,1,LOMA6,1,LOMA6,1,2010-03-01 11:18:08,2012-02-29 11:15:31,6,4
222861832010661,113493565010661,2008,42,5,3,2959.0,4.0,1,ROMU,1,ROMU,1,2010-03-01 11:18:08,2012-02-29 11:15:31,6,4
222862255010661,113493607010661,2008,42,6,121,5557.0,1.0,1,ROMU,1,ROMU,1,2010-03-01 11:18:09,2012-02-29 11:15:31,6,4
222862256010661,113493607010661,2008,42,6,121,5557.0,2.0,1,ROMU,1,ROMU,1,2010-03-01 11:18:09,2012-02-28 07:06:37,6,4
222862257010661,113493607010661,2008,42,6,121,5557.0,3.0,1,ROMU,1,ROMU,1,2010-03-01 11:18:09,2012-02-29 11:15:31,6,4
222862046010661,113493671010661,2008,42,5,49,4359.0,3.0,2,LYNU,1,LYNU,1,2010-03-01 11:18:08,2012-02-29 11:15:31,6,4
222862047010661,113493671010661,2008,42,5,49,4359.0,3.0,2,RHAMN,1,FRAL4,10,2010-03-01 11:18:08,2012-02-28 07:02:24,6,4
222862164010661,113493689010661,2008,42,5,85,4065.0,4.0,1,ROMU,1,ROMU,1,2010-03-01 11:18:09,2012-02-28 07:14:50,6,4
222862162010661,113493693010661,2008,42,5,85,3650.0,1.0,1,ROMU,1,ROMU,1,2010-03-01 11:18:09,2012-02-29 11:15:31,6,4
222862163010661,113493693010661,2008,42,5,85,3650.0,3.0,1,ROMU,1,ROMU,4,2010-03-01 11:18:09,2012-02-28 07:05:43,6,4
222862161010661,113493693010661,2008,42,5,85,3650.0,4.0,1,ALPE4,1,ALPE4,1,2010-03-01 11:18:09,2012-02-29 11:15:31,6,4
222861860010661,113493835010661,2008,42,7,9,5977.0,1.0,1,ALPE4,1,ALPE4,50,2010-03-01 11:18:08,2012-02-28 07:06:52,6,4
222861864010661,113493835010661,2008,42,7,9,5977.0,1.0,1,ROMU,1,ROMU,1,2010-03-01 11:18:08,2012-02-29 11:15:31,6,4
222861861010661,113493835010661,2008,42,7,9,5977.0,2.0,1,ALPE4,1,ALPE4,5,2010-03-01 11:18:08,2012-02-28 07:06:52,6,4
222861865010661,113493835010661,2008,42,7,9,5977.0,2.0,1,ROPS,1,ROPS,1,2010-03-01 11:18:08,2012-02-29 11:15:33,6,4
222861862010661,113493835010661,2008,42,7,9,5977.0,3.0,1,ALPE4,1,ALPE4,15,2010-03-01 11:18:08,2012-02-28 07:06:52,6,4
222861866010661,113493835010661,2008,42,7,9,5977.0,3.0,1,ROPS,1,ROPS,10,2010-03-01 11:18:08,2012-02-28 07:06:52,6,4
222861859010661,113493835010661,2008,42,7,9,5977.0,4.0,1,AIAL,1,AIAL,1,2010-03-01 11:18:08,2012-02-28 07:06:37,6,4
222861863010661,113493835010661,2008,42,7,9,5977.0,4.0,1,ALPE4,1,ALPE4,15,2010-03-01 11:18:08,2012-02-28 07:07:22,6,4
222862260010661,113493877010661,2008,42,6,121,3938.0,1.0,2,ROMU,1,ROMU,2,2010-03-01 11:18:09,2012-02-28 07:14:20,6,4
222862258010661,113493877010661,2008,42,6,121,3938.0,2.0,2,BETH,1,BETH,5,2010-03-01 11:18:09,2012-02-28 07:11:40,6,4
222862259010661,113493877010661,2008,42,6,121,3938.0,2.0,2,LIVU,1,LIVU,1,2010-03-01 11:18:09,2012-02-28 07:13:52,6,4
222862261010661,113493877010661,2008,42,6,121,3938.0,2.0,2,ROMU,1,ROMU,50,2010-03-01 11:18:09,2012-02-28 07:14:20,6,4
222861999010661,113493919010661,2008,42,6,35,5585.0,3.0,1,MIVI,1,MIVI,1,2010-03-01 11:18:08,2012-02-29 11:15:33,6,4
222862105010661,113493927010661,2008,42,5,63,3878.0,4.0,1,BETH,1,BETH,10,2010-03-01 11:18:08,2012-02-28 07:13:51,6,4
222862108010661,113493927010661,2008,42,5,63,3878.0,4.0,1,ROMU,1,ROMU,5,2010-03-01 11:18:08,2012-02-28 07:14:49,6,4
222862104010661,113493927010661,2008,42,5,63,3878.0,1.0,1,BETH,1,BETH,1,2010-03-01 11:18:08,2012-02-28 07:13:51,6,4
222862106010661,113493927010661,2008,42,5,63,3878.0,2.0,1,ROMU,1,ROMU,1,2010-03-01 11:18:08,2012-02-28 07:14:49,6,4
222862107010661,113493927010661,2008,42,5,63,3878.0,3.0,1,ROMU,1,ROMU,1,2010-03-01 11:18:08,2012-02-28 07:14:49,6,4
222862036010661,113492639010661,2008,42,0,43,4779.0,2.0,1,ALPE4,1,ALPE4,1,2010-03-01 11:18:08,2012-02-28 07:13:25,6,4
222862037010661,113492639010661,2008,42,0,43,4779.0,4.0,1,ALPE4,1,ALPE4,1,2010-03-01 11:18:08,2012-02-28 07:13:25,6,4
222862038010661,113492639010661,2008,42,0,43,4779.0,4.0,1,MIVI,1,MIVI,1,2010-03-01 11:18:08,2012-02-28 07:12:30,6,4
222861927010661,113492777010661,2008,42,8,15,6001.0,4.0,1,LOMO2,1,LOMO2,3,2010-03-01 11:18:08,2012-02-28 07:13:24,6,4
269662766489998,16265333020004,2013,42,0,55,3151.0,1.0,1,CIAR4,1,CIAR4,1,2014-07-15 10:25:12,,7,4
269662767489998,16265333020004,2013,42,0,55,3151.0,2.0,1,CIAR4,1,CIAR4,1,2014-07-15 10:25:12,,7,4
269662768489998,16265333020004,2013,42,0,55,3151.0,4.0,1,CIAR4,1,CIAR4,2,2014-07-15 10:25:12,,7,4
269662769489998,16265333020004,2013,42,0,55,3151.0,2.0,1,LIVU,1,LIVU,3,2014-07-15 10:25:12,,7,4
269662770489998,16265333020004,2013,42,0,55,3151.0,3.0,1,LIVU,1,LIVU,2,2014-07-15 10:25:12,,7,4
269662771489998,16265333020004,2013,42,0,55,3151.0,1.0,1,LOJA,1,LOJA,15,2014-07-15 10:25:12,,7,4
269662772489998,16265333020004,2013,42,0,55,3151.0,2.0,1,LOJA,1,LOJA,4,2014-07-15 10:25:12,,7,4
269662773489998,16265333020004,2013,42,0,55,3151.0,3.0,1,LOJA,1,LOJA,3,2014-07-15 10:25:12,,7,4
269662774489998,16265333020004,2013,42,0,55,3151.0,4.0,1,LOJA,1,LOJA,2,2014-07-15 10:25:12,,7,4
269662775489998,16265333020004,2013,42,0,55,3151.0,1.0,1,LOMA6,1,LOMA6,25,2014-07-15 10:25:12,,7,4
269662776489998,16265333020004,2013,42,0,55,3151.0,2.0,1,LOMA6,1,LOMA6,13,2014-07-15 10:25:12,,7,4
269662777489998,16265333020004,2013,42,0,55,3151.0,3.0,1,LOMA6,1,LOMA6,7,2014-07-15 10:25:12,,7,4
269662778489998,16265333020004,2013,42,0,55,3151.0,4.0,1,LOMA6,1,LOMA6,3,2014-07-15 10:25:12,,7,4
269662779489998,16265333020004,2013,42,0,55,3151.0,1.0,1,ROMU,1,ROMU,1,2014-07-15 10:25:12,,7,4
269662780489998,16265333020004,2013,42,0,55,3151.0,2.0,1,ROMU,1,ROMU,15,2014-07-15 10:25:12,,7,4
269662781489998,16265333020004,2013,42,0,55,3151.0,3.0,1,ROMU,1,ROMU,1,2014-07-15 10:25:12,,7,4
269662782489998,16265333020004,2013,42,0,55,3151.0,4.0,1,ROMU,1,ROMU,11,2014-07-15 10:25:12,,7,4
269662783489998,16265333020004,2013,42,0,55,3151.0,2.0,1,ROPS,1,ROPS,1,2014-07-15 10:25:12,,7,4
269685297489998,16264621020004,2013,42,7,9,5977.0,1.0,1,ALPE4,1,ALPE4,38,2014-07-15 10:26:07,,7,4
269685298489998,16264621020004,2013,42,7,9,5977.0,2.0,1,ALPE4,1,ALPE4,18,2014-07-15 10:26:07,,7,4
269685299489998,16264621020004,2013,42,7,9,5977.0,3.0,1,ALPE4,1,ALPE4,38,2014-07-15 10:26:07,,7,4
269685300489998,16264621020004,2013,42,7,9,5977.0,4.0,1,ALPE4,1,ALPE4,15,2014-07-15 10:26:07,,7,4
269685301489998,16264621020004,2013,42,7,9,5977.0,1.0,1,ROMU,1,ROMU,1,2014-07-15 10:26:07,,7,4
269685302489998,16264621020004,2013,42,7,9,5977.0,3.0,1,ROPS,1,ROPS,25,2014-07-15 10:26:07,,7,4
269685610489998,16264681020004,2013,42,5,5,3642.0,1.0,1,AIAL,1,AIAL,1,2014-07-15 10:26:08,,7,4
269685611489998,16264681020004,2013,42,5,5,3642.0,2.0,1,AIAL,1,AIAL,1,2014-07-15 10:26:08,,7,4
269685612489998,16264681020004,2013,42,5,5,3642.0,1.0,1,BETH,1,BETH,1,2014-07-15 10:26:08,,7,4
269685613489998,16264681020004,2013,42,5,5,3642.0,2.0,1,BETH,1,BETH,1,2014-07-15 10:26:08,,7,4
269685614489998,16264681020004,2013,42,5,5,3642.0,4.0,1,BETH,1,BETH,1,2014-07-15 10:26:08,,7,4
269685615489998,16264681020004,2013,42,5,5,3642.0,4.0,1,ELUM,1,ELUM,1,2014-07-15 10:26:08,,7,4
269685616489998,16264681020004,2013,42,5,5,3642.0,4.0,1,LIVU,1,LIVU,1,2014-07-15 10:26:08,,7,4
269685617489998,16264681020004,2013,42,5,5,3642.0,1.0,1,LONIC,1,LONIC,1,2014-07-15 10:26:08,,7,4
269685618489998,16264681020004,2013,42,5,5,3642.0,2.0,1,LONIC,1,LONIC,1,2014-07-15 10:26:08,,7,4
269685619489998,16264681020004,2013,42,5,5,3642.0,4.0,1,LONIC,1,LONIC,1,2014-07-15 10:26:08,,7,4
269685620489998,16264681020004,2013,42,5,5,3642.0,1.0,1,MIVI,1,MIVI,4,2014-07-15 10:26:08,,7,4
269685621489998,16264681020004,2013,42,5,5,3642.0,4.0,1,MIVI,1,MIVI,10,2014-07-15 10:26:08,,7,4
269685622489998,16264681020004,2013,42,5,5,3642.0,1.0,1,ROMU,1,ROMU,2,2014-07-15 10:26:08,,7,4
269685623489998,16264681020004,2013,42,5,5,3642.0,2.0,1,ROMU,1,ROMU,35,2014-07-15 10:26:08,,7,4
269685624489998,16264681020004,2013,42,5,5,3642.0,3.0,1,ROMU,1,ROMU,1,2014-07-15 10:26:08,,7,4
269685625489998,16264681020004,2013,42,5,5,3642.0,4.0,1,ROMU,1,ROMU,35,2014-07-15 10:26:08,,7,4
269685996489998,16264700020004,2013,42,5,59,3188.0,1.0,1,ALPE4,1,ALPE4,2,2014-07-15 10:26:09,,7,4
269685997489998,16264700020004,2013,42,5,59,3188.0,2.0,1,ALPE4,1,ALPE4,5,2014-07-15 10:26:09,,7,4
269685998489998,16264700020004,2013,42,5,59,3188.0,3.0,1,ALPE4,1,ALPE4,5,2014-07-15 10:26:09,,7,4
269685999489998,16264700020004,2013,42,5,59,3188.0,4.0,1,ALPE4,1,ALPE4,9,2014-07-15 10:26:09,,7,4
269686000489998,16264700020004,2013,42,5,59,3188.0,1.0,1,BEVU,1,BEVU,1,2014-07-15 10:26:09,,7,4
269686001489998,16264700020004,2013,42,5,59,3188.0,2.0,1,BEVU,1,BEVU,1,2014-07-15 10:26:09,,7,4
269686002489998,16264700020004,2013,42,5,59,3188.0,3.0,1,BEVU,1,BEVU,3,2014-07-15 10:26:09,,7,4
269686003489998,16264700020004,2013,42,5,59,3188.0,4.0,1,BEVU,1,BEVU,3,2014-07-15 10:26:09,,7,4
269686004489998,16264700020004,2013,42,5,59,3188.0,2.0,1,ELUM,1,ELUM,1,2014-07-15 10:26:09,,7,4
269686005489998,16264700020004,2013,42,5,59,3188.0,3.0,1,LONIC,1,LONIC,1,2014-07-15 10:26:09,,7,4
269686006489998,16264700020004,2013,42,5,59,3188.0,4.0,1,LONIC,1,LONIC,1,2014-07-15 10:26:09,,7,4
269686007489998,16264700020004,2013,42,5,59,3188.0,2.0,1,MIVI,1,MIVI,62,2014-07-15 10:26:09,,7,4
269686008489998,16264700020004,2013,42,5,59,3188.0,3.0,1,MIVI,1,MIVI,5,2014-07-15 10:26:09,,7,4
269686009489998,16264700020004,2013,42,5,59,3188.0,4.0,1,MIVI,1,MIVI,13,2014-07-15 10:26:09,,7,4
536722353126144,375840958489998,2017,42,0,43,1169.0,2.0,1,AIAL,1,AIAL,1,2018-05-18 14:23:49,,8,3
536722354126144,375840958489998,2017,42,0,43,1169.0,3.0,1,AIAL,1,AIAL,4,2018-05-18 14:23:49,,8,3
536722355126144,375840958489998,2017,42,0,43,1169.0,4.0,1,AIAL,1,AIAL,1,2018-05-18 14:23:49,,8,3
536722356126144,375840958489998,2017,42,0,43,1169.0,4.0,1,BETH,1,BETH,1,2018-05-18 14:23:49,,8,3
536722357126144,375840958489998,2017,42,0,43,1169.0,4.0,1,CEOR7,1,CEOR7,1,2018-05-18 14:23:49,,8,3
536727517126144,375840767489998,2017,42,5,7,1291.0,3.0,3,ROMU,1,ROMU,1,2018-05-18 14:24:02,,8,3
536722358126144,375840958489998,2017,42,0,43,1169.0,4.0,1,LOJA,1,LOJA,1,2018-05-18 14:23:49,,8,3
536722359126144,375840958489998,2017,42,0,43,1169.0,1.0,1,MIVI,1,MIVI,65,2018-05-18 14:23:49,,8,3
536722360126144,375840958489998,2017,42,0,43,1169.0,2.0,1,MIVI,1,MIVI,1,2018-05-18 14:23:49,,8,3
536722361126144,375840958489998,2017,42,0,43,1169.0,3.0,1,MIVI,1,MIVI,17,2018-05-18 14:23:49,,8,3
536722362126144,375840958489998,2017,42,0,43,1169.0,4.0,1,MIVI,1,MIVI,90,2018-05-18 14:23:49,,8,3
536722363126144,375840958489998,2017,42,0,43,1169.0,3.0,1,PATO2,1,PATO2,8,2018-05-18 14:23:49,,8,3
536722364126144,375840958489998,2017,42,0,43,1169.0,1.0,1,ROMU,1,ROMU,1,2018-05-18 14:23:49,,8,3
536722365126144,375840958489998,2017,42,0,43,1169.0,3.0,1,ROMU,1,ROMU,3,2018-05-18 14:23:49,,8,3
536722366126144,375840958489998,2017,42,0,43,1169.0,4.0,1,ROMU,1,ROMU,2,2018-05-18 14:23:49,,8,3
536722367126144,375840958489998,2017,42,0,43,1169.0,1.0,1,ROPS,1,ROPS,1,2018-05-18 14:23:49,,8,3
536722516126144,375840972489998,2017,42,8,115,1653.0,4.0,1,BETH,1,BETH,1,2018-05-18 14:23:50,,8,3
536722517126144,375840972489998,2017,42,8,115,1653.0,3.0,1,ELUM,1,ELUM,1,2018-05-18 14:23:50,,8,3
536722518126144,375840972489998,2017,42,8,115,1653.0,4.0,1,LOMO2,1,LOMO2,1,2018-05-18 14:23:50,,8,3
536722519126144,375840972489998,2017,42,8,115,1653.0,3.0,1,ROMU,1,ROMU,1,2018-05-18 14:23:50,,8,3
536727768126144,375840910489998,2017,42,9,95,1273.0,1.0,1,AIAL,1,AIAL,1,2018-05-18 14:24:02,,8,3
536727769126144,375840910489998,2017,42,9,95,1273.0,4.0,1,AIAL,1,AIAL,1,2018-05-18 14:24:02,,8,3
536727770126144,375840910489998,2017,42,9,95,1273.0,1.0,1,ALPE4,1,ALPE4,10,2018-05-18 14:24:02,,8,3
536727771126144,375840910489998,2017,42,9,95,1273.0,2.0,1,ALPE4,1,ALPE4,3,2018-05-18 14:24:02,,8,3
536727772126144,375840910489998,2017,42,9,95,1273.0,3.0,1,ALPE4,1,ALPE4,2,2018-05-18 14:24:02,,8,3
536727773126144,375840910489998,2017,42,9,95,1273.0,4.0,1,ALPE4,1,ALPE4,3,2018-05-18 14:24:02,,8,3
536727774126144,375840910489998,2017,42,9,95,1273.0,2.0,1,BETH,1,BETH,2,2018-05-18 14:24:02,,8,3
536727775126144,375840910489998,2017,42,9,95,1273.0,3.0,1,BETH,1,BETH,1,2018-05-18 14:24:02,,8,3
536727776126144,375840910489998,2017,42,9,95,1273.0,4.0,1,BETH,1,BETH,1,2018-05-18 14:24:02,,8,3
536727777126144,375840910489998,2017,42,9,95,1273.0,3.0,1,CEOR7,1,CEOR7,1,2018-05-18 14:24:02,,8,3
536727778126144,375840910489998,2017,42,9,95,1273.0,4.0,1,CEOR7,1,CEOR7,25,2018-05-18 14:24:02,,8,3
536727779126144,375840910489998,2017,42,9,95,1273.0,1.0,1,ELUM,1,ELUM,40,2018-05-18 14:24:02,,8,3
536727780126144,375840910489998,2017,42,9,95,1273.0,2.0,1,ELUM,1,ELUM,6,2018-05-18 14:24:02,,8,3
536727781126144,375840910489998,2017,42,9,95,1273.0,3.0,1,ELUM,1,ELUM,69,2018-05-18 14:24:02,,8,3
536722352126144,375840958489998,2017,42,0,43,1169.0,1.0,1,AIAL,1,AIAL,1,2018-05-18 14:23:49,,8,3
536727782126144,375840910489998,2017,42,9,95,1273.0,4.0,1,ELUM,1,ELUM,19,2018-05-18 14:24:02,,8,3
536727783126144,375840910489998,2017,42,9,95,1273.0,1.0,1,LIVU,1,LIVU,1,2018-05-18 14:24:02,,8,3
745073092290487,511231821126144,2019,42,8,97,3664.0,3.0,2,ROMU,1,ROMU,2,2020-04-30 11:14:16,,8,5
745073093290487,511231821126144,2019,42,8,97,3664.0,4.0,3,ROMU,1,ROMU,1,2020-04-30 11:14:16,,8,5
745067888290487,511231842126144,2019,42,8,15,2558.0,4.0,2,ALPE4,1,ALPE4,1,2020-04-30 11:14:05,,8,5
745067889290487,511231842126144,2019,42,8,15,2558.0,4.0,2,ELUM,1,ELUM,1,2020-04-30 11:14:05,,8,5
745067890290487,511231842126144,2019,42,8,15,2558.0,4.0,2,LIVU,1,LIVU,1,2020-04-30 11:14:05,,8,5
745067891290487,511231842126144,2019,42,8,15,2558.0,4.0,2,LOMO2,1,LOMO2,3,2020-04-30 11:14:05,,8,5
745067892290487,511231842126144,2019,42,8,15,2558.0,4.0,2,ROMU,1,ROMU,1,2020-04-30 11:14:05,,8,5
745067939290487,511231872126144,2019,42,0,55,3151.0,1.0,1,ALPE4,1,ALPE4,2,2020-04-30 11:14:05,,8,5
745067940290487,511231872126144,2019,42,0,55,3151.0,2.0,1,ALPE4,1,ALPE4,1,2020-04-30 11:14:05,,8,5
745067941290487,511231872126144,2019,42,0,55,3151.0,3.0,1,ALPE4,1,ALPE4,30,2020-04-30 11:14:05,,8,5
745067942290487,511231872126144,2019,42,0,55,3151.0,4.0,1,ALPE4,1,ALPE4,1,2020-04-30 11:14:05,,8,5
745067943290487,511231872126144,2019,42,0,55,3151.0,1.0,1,CEOR7,1,CEOR7,1,2020-04-30 11:14:05,,8,5
745067944290487,511231872126144,2019,42,0,55,3151.0,2.0,1,CEOR7,1,CEOR7,3,2020-04-30 11:14:05,,8,5
745067945290487,511231872126144,2019,42,0,55,3151.0,3.0,1,CEOR7,1,CEOR7,1,2020-04-30 11:14:05,,8,5
745067946290487,511231872126144,2019,42,0,55,3151.0,4.0,1,CEOR7,1,CEOR7,2,2020-04-30 11:14:05,,8,5
745067947290487,511231872126144,2019,42,0,55,3151.0,1.0,1,LIVU,1,LIVU,1,2020-04-30 11:14:05,,8,5
745067948290487,511231872126144,2019,42,0,55,3151.0,2.0,1,LIVU,1,LIVU,1,2020-04-30 11:14:05,,8,5
745067949290487,511231872126144,2019,42,0,55,3151.0,3.0,1,LIVU,1,LIVU,2,2020-04-30 11:14:05,,8,5
745067950290487,511231872126144,2019,42,0,55,3151.0,4.0,1,LIVU,1,LIVU,5,2020-04-30 11:14:05,,8,5
745067951290487,511231872126144,2019,42,0,55,3151.0,1.0,1,LOJA,1,LOJA,1,2020-04-30 11:14:05,,8,5
745067952290487,511231872126144,2019,42,0,55,3151.0,2.0,1,LOJA,1,LOJA,1,2020-04-30 11:14:05,,8,5
745067953290487,511231872126144,2019,42,0,55,3151.0,3.0,1,LOJA,1,LOJA,2,2020-04-30 11:14:05,,8,5
745067954290487,511231872126144,2019,42,0,55,3151.0,4.0,1,LOJA,1,LOJA,3,2020-04-30 11:14:05,,8,5
745067955290487,511231872126144,2019,42,0,55,3151.0,1.0,1,LOMA6,1,LOMA6,25,2020-04-30 11:14:05,,8,5
745067956290487,511231872126144,2019,42,0,55,3151.0,2.0,1,LOMA6,1,LOMA6,20,2020-04-30 11:14:05,,8,5
745067957290487,511231872126144,2019,42,0,55,3151.0,3.0,1,LOMA6,1,LOMA6,30,2020-04-30 11:14:05,,8,5
745067958290487,511231872126144,2019,42,0,55,3151.0,4.0,1,LOMA6,1,LOMA6,9,2020-04-30 11:14:05,,8,5
745067959290487,511231872126144,2019,42,0,55,3151.0,1.0,1,ROMU,1,ROMU,1,2020-04-30 11:14:05,,8,5
745067960290487,511231872126144,2019,42,0,55,3151.0,2.0,1,ROMU,1,ROMU,2,2020-04-30 11:14:05,,8,5
745067961290487,511231872126144,2019,42,0,55,3151.0,3.0,1,ROMU,1,ROMU,1,2020-04-30 11:14:05,,8,5
745067962290487,511231872126144,2019,42,0,55,3151.0,4.0,1,ROMU,1,ROMU,8,2020-04-30 11:14:05,,8,5
745067963290487,511231872126144,2019,42,0,55,3151.0,4.0,1,ROPS,1,ROPS,2,2020-04-30 11:14:05,,8,5
745067935290487,511231872126144,2019,42,0,55,3151.0,1.0,1,AIAL,1,AIAL,14,2020-04-30 11:14:05,,8,5
745067936290487,511231872126144,2019,42,0,55,3151.0,2.0,1,AIAL,1,AIAL,25,2020-04-30 11:14:05,,8,5
745067937290487,511231872126144,2019,42,0,55,3151.0,3.0,1,AIAL,1,AIAL,14,2020-04-30 11:14:05,,8,5
745067938290487,511231872126144,2019,42,0,55,3151.0,4.0,1,AIAL,1,AIAL,2,2020-04-30 11:14:05,,8,5
745062411290487,511231730126144,2019,42,8,79,2880.0,1.0,1,BETH,1,BETH,2,2020-04-30 11:13:48,,8,5
745062412290487,511231730126144,2019,42,8,79,2880.0,2.0,1,BETH,1,BETH,1,2020-04-30 11:13:48,,8,5
745062413290487,511231730126144,2019,42,8,79,2880.0,3.0,1,BETH,1,BETH,1,2020-04-30 11:13:48,,8,5
745062414290487,511231730126144,2019,42,8,79,2880.0,4.0,1,BETH,1,BETH,1,2020-04-30 11:13:48,,8,5
745062415290487,511231730126144,2019,42,8,79,2880.0,4.0,1,MIVI,1,MIVI,50,2020-04-30 11:13:48,,8,5
745062597290487,511231877126144,2019,42,8,15,5089.0,1.0,1,ALPE4,1,ALPE4,1,2020-04-30 11:13:49,,8,5
745062598290487,511231877126144,2019,42,8,15,5089.0,3.0,1,ALPE4,1,ALPE4,2,2020-04-30 11:13:49,,8,5
745062599290487,511231877126144,2019,42,8,15,5089.0,2.0,1,BEVU,1,BEVU,1,2020-04-30 11:13:49,,8,5
745062780290487,511231959126144,2019,42,0,57,2689.0,2.0,2,BETH,1,BETH,4,2020-04-30 11:13:49,,8,5
745062781290487,511231959126144,2019,42,0,57,2689.0,2.0,2,ELUM,1,ELUM,83,2020-04-30 11:13:49,,8,5
745062782290487,511231959126144,2019,42,0,57,2689.0,2.0,2,MIVI,1,MIVI,55,2020-04-30 11:13:49,,8,5
745062783290487,511231959126144,2019,42,0,57,2689.0,2.0,2,ROMU,1,ROMU,2,2020-04-30 11:13:49,,8,5
745062819290487,511231986126144,2019,42,0,61,2504.0,4.0,1,AIAL,1,AIAL,33,2020-04-30 11:13:49,,8,5
745062820290487,511231986126144,2019,42,0,61,2504.0,4.0,1,ALPE4,1,ALPE4,3,2020-04-30 11:13:49,,8,5
745062821290487,511231986126144,2019,42,0,61,2504.0,1.0,1,BETH,1,BETH,1,2020-04-30 11:13:49,,8,5
745062822290487,511231986126144,2019,42,0,61,2504.0,2.0,1,BETH,1,BETH,1,2020-04-30 11:13:49,,8,5
745062823290487,511231986126144,2019,42,0,61,2504.0,3.0,1,BETH,1,BETH,1,2020-04-30 11:13:49,,8,5
745062824290487,511231986126144,2019,42,0,61,2504.0,1.0,1,MIVI,1,MIVI,1,2020-04-30 11:13:49,,8,5
745062825290487,511231986126144,2019,42,0,61,2504.0,2.0,1,MIVI,1,MIVI,29,2020-04-30 11:13:49,,8,5
745062826290487,511231986126144,2019,42,0,61,2504.0,3.0,1,MIVI,1,MIVI,22,2020-04-30 11:13:49,,8,5
745062827290487,511231986126144,2019,42,0,61,2504.0,4.0,1,MIVI,1,MIVI,60,2020-04-30 11:13:49,,8,5
745062988290487,511232006126144,2019,42,6,105,1969.0,1.0,1,LOMO2,1,LOMO2,1,2020-04-30 11:13:50,,8,5
745062989290487,511232006126144,2019,42,6,105,1969.0,3.0,1,MIVI,1,MIVI,5,2020-04-30 11:13:50,,8,5
745060955290487,511232002126144,2019,42,6,105,2843.0,2.0,1,ALPE4,1,ALPE4,1,2020-04-30 11:13:42,,8,5
745063159290487,511232053126144,2019,42,6,33,2565.0,4.0,1,MIVI,1,MIVI,2,2020-04-30 11:13:50,,8,5
745063160290487,511232053126144,2019,42,6,33,2565.0,2.0,1,ROMU,1,ROMU,1,2020-04-30 11:13:50,,8,5
745063161290487,511232053126144,2019,42,6,33,2565.0,3.0,1,ROMU,1,ROMU,1,2020-04-30 11:13:50,,8,5
334790333489998,171958645020004,2014,42,5,7,5044.0,4.0,1,CEOR7,1,CEOR7,15,2015-05-29 06:46:30,,7,5
334790334489998,171958645020004,2014,42,5,7,5044.0,1.0,1,ELUM,1,ELUM,1,2015-05-29 06:46:30,,7,5
334790335489998,171958645020004,2014,42,5,7,5044.0,4.0,1,ELUM,1,ELUM,1,2015-05-29 06:46:30,,7,5
334790336489998,171958645020004,2014,42,5,7,5044.0,1.0,1,LOMO2,1,LOMO2,1,2015-05-29 06:46:30,,7,5
334790337489998,171958645020004,2014,42,5,7,5044.0,1.0,1,ROMU,1,ROMU,10,2015-05-29 06:46:30,,7,5
334790338489998,171958645020004,2014,42,5,7,5044.0,4.0,1,ROMU,1,ROMU,35,2015-05-29 06:46:30,,7,5
334790771489998,171958699020004,2014,42,5,3,4565.0,4.0,2,ROMU,1,ROMU,5,2015-05-29 06:46:30,,7,5
334790866489998,171958707020004,2014,42,5,125,4934.0,1.0,1,ALPE4,1,ALPE4,5,2015-05-29 06:46:31,,7,5
334790867489998,171958707020004,2014,42,5,125,4934.0,2.0,2,ALPE4,1,ALPE4,15,2015-05-29 06:46:31,,7,5
334790868489998,171958707020004,2014,42,5,125,4934.0,3.0,1,ALPE4,1,ALPE4,5,2015-05-29 06:46:31,,7,5
334790869489998,171958707020004,2014,42,5,125,4934.0,4.0,1,ALPE4,1,ALPE4,5,2015-05-29 06:46:31,,7,5
334790870489998,171958707020004,2014,42,5,125,4934.0,4.0,1,BETH,1,BETH,1,2015-05-29 06:46:31,,7,5
334790871489998,171958707020004,2014,42,5,125,4934.0,2.0,2,CEOR7,1,CEOR7,2,2015-05-29 06:46:31,,7,5
334790872489998,171958707020004,2014,42,5,125,4934.0,3.0,1,CEOR7,1,CEOR7,2,2015-05-29 06:46:31,,7,5
334790873489998,171958707020004,2014,42,5,125,4934.0,1.0,1,LONIC,1,LONIC,7,2015-05-29 06:46:31,,7,5
334790874489998,171958707020004,2014,42,5,125,4934.0,2.0,2,LONIC,1,LONIC,5,2015-05-29 06:46:31,,7,5
334790875489998,171958707020004,2014,42,5,125,4934.0,3.0,1,LONIC,1,LONIC,5,2015-05-29 06:46:31,,7,5
334790876489998,171958707020004,2014,42,5,125,4934.0,4.0,1,LONIC,1,LONIC,1,2015-05-29 06:46:31,,7,5
334790877489998,171958707020004,2014,42,5,125,4934.0,3.0,1,MIVI,1,MIVI,2,2015-05-29 06:46:31,,7,5
334790878489998,171958707020004,2014,42,5,125,4934.0,1.0,1,ROMU,1,ROMU,35,2015-05-29 06:46:31,,7,5
334790879489998,171958707020004,2014,42,5,125,4934.0,2.0,2,ROMU,1,ROMU,22,2015-05-29 06:46:31,,7,5
334790880489998,171958707020004,2014,42,5,125,4934.0,3.0,1,ROMU,1,ROMU,12,2015-05-29 06:46:31,,7,5
334790881489998,171958707020004,2014,42,5,125,4934.0,4.0,1,ROMU,1,ROMU,8,2015-05-29 06:46:31,,7,5
334792584489998,171959263020004,2014,42,8,127,5103.0,1.0,1,ALPE4,1,ALPE4,1,2015-05-29 06:46:37,,7,5
334792585489998,171959263020004,2014,42,8,127,5103.0,1.0,1,BETH,1,BETH,1,2015-05-29 06:46:37,,7,5
334792586489998,171959263020004,2014,42,8,127,5103.0,2.0,1,BETH,1,BETH,1,2015-05-29 06:46:37,,7,5
334792587489998,171959263020004,2014,42,8,127,5103.0,4.0,1,BETH,1,BETH,2,2015-05-29 06:46:37,,7,5
334792588489998,171959263020004,2014,42,8,127,5103.0,1.0,1,ROMU,1,ROMU,1,2015-05-29 06:46:37,,7,5
334792589489998,171959263020004,2014,42,8,127,5103.0,2.0,1,ROMU,1,ROMU,1,2015-05-29 06:46:37,,7,5
334792590489998,171959263020004,2014,42,8,127,5103.0,3.0,1,ROMU,1,ROMU,1,2015-05-29 06:46:37,,7,5
334792591489998,171959263020004,2014,42,8,127,5103.0,4.0,1,ROMU,1,ROMU,6,2015-05-29 06:46:37,,7,5
334793056489998,171959291020004,2014,42,0,57,3454.0,2.0,2,ROMU,1,ROMU,1,2015-05-29 06:46:37,,7,5
334793129489998,171958397020004,2014,42,5,63,5004.0,1.0,1,BETH,1,BETH,3,2015-05-29 06:46:38,,7,5
334793130489998,171958397020004,2014,42,5,63,5004.0,2.0,1,BETH,1,BETH,1,2015-05-29 06:46:38,,7,5
334793131489998,171958397020004,2014,42,5,63,5004.0,3.0,1,BETH,1,BETH,5,2015-05-29 06:46:38,,7,5
334793132489998,171958397020004,2014,42,5,63,5004.0,1.0,1,ELUM,1,ELUM,30,2015-05-29 06:46:38,,7,5
334793133489998,171958397020004,2014,42,5,63,5004.0,3.0,1,ELUM,1,ELUM,20,2015-05-29 06:46:38,,7,5
334793134489998,171958397020004,2014,42,5,63,5004.0,4.0,1,ELUM,1,ELUM,30,2015-05-29 06:46:38,,7,5
334793135489998,171958397020004,2014,42,5,63,5004.0,1.0,1,LIVU,1,LIVU,1,2015-05-29 06:46:38,,7,5
334793136489998,171958397020004,2014,42,5,63,5004.0,3.0,1,LIVU,1,LIVU,5,2015-05-29 06:46:38,,7,5
334793137489998,171958397020004,2014,42,5,63,5004.0,1.0,1,LOMO2,1,LOMO2,20,2015-05-29 06:46:38,,7,5
334793138489998,171958397020004,2014,42,5,63,5004.0,2.0,1,LOMO2,1,LOMO2,25,2015-05-29 06:46:38,,7,5
334793139489998,171958397020004,2014,42,5,63,5004.0,3.0,1,LOMO2,1,LOMO2,35,2015-05-29 06:46:38,,7,5
334793140489998,171958397020004,2014,42,5,63,5004.0,4.0,1,LOMO2,1,LOMO2,75,2015-05-29 06:46:38,,7,5
334793141489998,171958397020004,2014,42,5,63,5004.0,1.0,1,ROMU,1,ROMU,10,2015-05-29 06:46:38,,7,5
334793142489998,171958397020004,2014,42,5,63,5004.0,2.0,1,ROMU,1,ROMU,5,2015-05-29 06:46:38,,7,5
334793143489998,171958397020004,2014,42,5,63,5004.0,3.0,1,ROMU,1,ROMU,8,2015-05-29 06:46:38,,7,5
334793144489998,171958397020004,2014,42,5,63,5004.0,4.0,1,ROMU,1,ROMU,15,2015-05-29 06:46:38,,7,5
334794486489998,171958573020004,2014,42,6,33,5903.0,2.0,1,ELUM,1,ELUM,1,2015-05-29 06:46:41,,7,5
334794863489998,171958575020004,2014,42,0,61,5230.0,1.0,1,ALPE4,1,ALPE4,15,2015-05-29 06:46:41,,7,5
334794864489998,171958575020004,2014,42,0,61,5230.0,2.0,1,ALPE4,1,ALPE4,1,2015-05-29 06:46:41,,7,5
334794865489998,171958575020004,2014,42,0,61,5230.0,3.0,1,ALPE4,1,ALPE4,1,2015-05-29 06:46:41,,7,5
334794866489998,171958575020004,2014,42,0,61,5230.0,4.0,1,ALPE4,1,ALPE4,1,2015-05-29 06:46:41,,7,5
334794867489998,171958575020004,2014,42,0,61,5230.0,1.0,1,BETH,1,BETH,38,2015-05-29 06:46:41,,7,5
334794868489998,171958575020004,2014,42,0,61,5230.0,2.0,1,BETH,1,BETH,75,2015-05-29 06:46:41,,7,5
334794869489998,171958575020004,2014,42,0,61,5230.0,3.0,1,BETH,1,BETH,20,2015-05-29 06:46:41,,7,5
334794870489998,171958575020004,2014,42,0,61,5230.0,4.0,1,BETH,1,BETH,16,2015-05-29 06:46:41,,7,5
334794871489998,171958575020004,2014,42,0,61,5230.0,1.0,1,MIVI,1,MIVI,15,2015-05-29 06:46:41,,7,5
334794872489998,171958575020004,2014,42,0,61,5230.0,2.0,1,MIVI,1,MIVI,21,2015-05-29 06:46:41,,7,5
334794873489998,171958575020004,2014,42,0,61,5230.0,3.0,1,MIVI,1,MIVI,20,2015-05-29 06:46:41,,7,5
334794874489998,171958575020004,2014,42,0,61,5230.0,4.0,1,MIVI,1,MIVI,15,2015-05-29 06:46:41,,7,5
334794875489998,171958575020004,2014,42,0,61,5230.0,1.0,1,ROMU,1,ROMU,6,2015-05-29 06:46:41,,7,5
334794876489998,171958575020004,2014,42,0,61,5230.0,2.0,1,ROMU,1,ROMU,1,2015-05-29 06:46:41,,7,5
334794877489998,171958575020004,2014,42,0,61,5230.0,3.0,1,ROMU,1,ROMU,1,2015-05-29 06:46:41,,7,5
334774854489998,171958533020004,2014,42,7,9,3273.0,1.0,1,ALPE4,1,ALPE4,5,2015-05-29 06:45:48,,7,5
334774855489998,171958533020004,2014,42,7,9,3273.0,4.0,1,ALPE4,1,ALPE4,12,2015-05-29 06:45:48,,7,5
334774856489998,171958533020004,2014,42,7,9,3273.0,4.0,1,BETH,1,BETH,8,2015-05-29 06:45:48,,7,5
334774857489998,171958533020004,2014,42,7,9,3273.0,3.0,1,ROMU,1,ROMU,5,2015-05-29 06:45:48,,7,5
334774858489998,171958533020004,2014,42,7,9,3273.0,4.0,1,ROMU,1,ROMU,25,2015-05-29 06:45:48,,7,5
334774859489998,171958533020004,2014,42,7,9,3273.0,1.0,1,ROPS,1,ROPS,5,2015-05-29 06:45:48,,7,5
334774860489998,171958533020004,2014,42,7,9,3273.0,2.0,2,ROPS,1,ROPS,20,2015-05-29 06:45:48,,7,5
334774861489998,171958533020004,2014,42,7,9,3273.0,3.0,1,ROPS,1,ROPS,4,2015-05-29 06:45:48,,7,5
334775252489998,171958557020004,2014,42,5,63,5286.0,1.0,1,ROMU,1,ROMU,3,2015-05-29 06:45:49,,7,5
334775253489998,171958557020004,2014,42,5,63,5286.0,2.0,1,ROMU,1,ROMU,5,2015-05-29 06:45:49,,7,5
334775254489998,171958557020004,2014,42,5,63,5286.0,4.0,1,ROMU,1,ROMU,3,2015-05-29 06:45:49,,7,5
334782158489998,171959175020004,2014,42,9,11,5441.0,2.0,2,CEOR7,1,CEOR7,7,2015-05-29 06:46:07,,7,5
334782159489998,171959175020004,2014,42,9,11,5441.0,3.0,2,CEOR7,1,CEOR7,10,2015-05-29 06:46:07,,7,5
334782160489998,171959175020004,2014,42,9,11,5441.0,2.0,2,LOJA,1,LOJA,40,2015-05-29 06:46:07,,7,5
334782161489998,171959175020004,2014,42,9,11,5441.0,3.0,2,LOJA,1,LOJA,6,2015-05-29 06:46:07,,7,5
334782162489998,171959175020004,2014,42,9,11,5441.0,2.0,2,LOMA6,1,LOMA6,8,2015-05-29 06:46:07,,7,5
334782163489998,171959175020004,2014,42,9,11,5441.0,3.0,2,LOMA6,1,LOMA6,4,2015-05-29 06:46:07,,7,5
334782164489998,171959175020004,2014,42,9,11,5441.0,2.0,2,LOMO2,1,LOMO2,2,2015-05-29 06:46:07,,7,5
334782165489998,171959175020004,2014,42,9,11,5441.0,3.0,2,MIVI,1,MIVI,1,2015-05-29 06:46:07,,7,5
334782166489998,171959175020004,2014,42,9,11,5441.0,2.0,2,ROMU,1,ROMU,1,2015-05-29 06:46:07,,7,5
334782167489998,171959175020004,2014,42,9,11,5441.0,3.0,2,ROMU,1,ROMU,2,2015-05-29 06:46:07,,7,5
334769188489998,171958600020004,2014,42,7,111,4914.0,3.0,2,MIVI,1,MIVI,50,2015-05-29 06:45:31,,7,5
334769555489998,171958607020004,2014,42,6,83,4735.0,1.0,1,ROMU,1,ROMU,8,2015-05-29 06:45:33,,7,5
1234990848290487,618638340126144,2020,42,5,5,3642.0,2.0,1,ROMU,1,ROMU,45,2022-08-17 07:50:13,,8,6
1234990849290487,618638340126144,2020,42,5,5,3642.0,3.0,1,ROMU,1,ROMU,30,2022-08-17 07:50:13,,8,6
1234990850290487,618638340126144,2020,42,5,5,3642.0,4.0,1,ROMU,1,ROMU,45,2022-08-17 07:50:13,,8,6
1234982778290487,618638462126144,2020,42,5,7,3527.0,2.0,2,ALPE4,1,ALPE4,3,2022-08-17 07:49:57,,8,6
1234982779290487,618638462126144,2020,42,5,7,3527.0,2.0,2,CEOR7,1,CEOR7,1,2022-08-17 07:49:57,,8,6
1234982780290487,618638462126144,2020,42,5,7,3527.0,2.0,2,LIVU,1,LIVU,1,2022-08-17 07:49:57,,8,6
1234982781290487,618638462126144,2020,42,5,7,3527.0,2.0,2,LOMO2,1,LOMO2,2,2022-08-17 07:49:57,,8,6
1234982782290487,618638462126144,2020,42,5,7,3527.0,2.0,2,ROMU,1,ROMU,3,2022-08-17 07:49:57,,8,6
1234982939290487,618637857126144,2020,42,9,29,4536.0,4.0,2,ACPL,1,ACPL,25,2022-08-17 07:49:57,,8,6
1234982940290487,618637857126144,2020,42,9,29,4536.0,3.0,2,CEOR7,1,CEOR7,2,2022-08-17 07:49:57,,8,6
1234982941290487,618637857126144,2020,42,9,29,4536.0,4.0,2,CEOR7,1,CEOR7,2,2022-08-17 07:49:57,,8,6
1234982942290487,618637857126144,2020,42,9,29,4536.0,3.0,2,LOJA,1,LOJA,2,2022-08-17 07:49:57,,8,6
1234982943290487,618637857126144,2020,42,9,29,4536.0,4.0,2,LOJA,1,LOJA,2,2022-08-17 07:49:57,,8,6
1234982944290487,618637857126144,2020,42,9,29,4536.0,3.0,2,MIVI,1,MIVI,8,2022-08-17 07:49:57,,8,6
1234982945290487,618637857126144,2020,42,9,29,4536.0,4.0,2,MIVI,1,MIVI,1,2022-08-17 07:49:57,,8,6
1234982946290487,618637857126144,2020,42,9,29,4536.0,4.0,2,PATO2,1,PATO2,1,2022-08-17 07:49:57,,8,6
1234982947290487,618637857126144,2020,42,9,29,4536.0,3.0,2,ROMU,1,ROMU,10,2022-08-17 07:49:57,,8,6
1234982948290487,618637857126144,2020,42,9,29,4536.0,4.0,2,ROMU,1,ROMU,5,2022-08-17 07:49:57,,8,6
1234983026290487,618637886126144,2020,42,9,11,6026.0,1.0,1,ALPE4,1,ALPE4,1,2022-08-17 07:49:58,,8,6
1234983027290487,618637886126144,2020,42,9,11,6026.0,2.0,1,ALPE4,1,ALPE4,2,2022-08-17 07:49:58,,8,6
1234983028290487,618637886126144,2020,42,9,11,6026.0,1.0,1,BETH,1,BETH,5,2022-08-17 07:49:58,,8,6
1234983029290487,618637886126144,2020,42,9,11,6026.0,2.0,1,BETH,1,BETH,10,2022-08-17 07:49:58,,8,6
1234983030290487,618637886126144,2020,42,9,11,6026.0,4.0,1,BETH,1,BETH,2,2022-08-17 07:49:58,,8,6
1234983031290487,618637886126144,2020,42,9,11,6026.0,2.0,1,HEHE,1,HEHE,1,2022-08-17 07:49:58,,8,6
1234983032290487,618637886126144,2020,42,9,11,6026.0,4.0,1,HEHE,1,HEHE,1,2022-08-17 07:49:58,,8,6
1234983033290487,618637886126144,2020,42,9,11,6026.0,2.0,1,LIVU,1,LIVU,1,2022-08-17 07:49:58,,8,6
1234983034290487,618637886126144,2020,42,9,11,6026.0,1.0,1,MIVI,1,MIVI,2,2022-08-17 07:49:58,,8,6
1234983035290487,618637886126144,2020,42,9,11,6026.0,2.0,1,MIVI,1,MIVI,2,2022-08-17 07:49:58,,8,6
1234983036290487,618637886126144,2020,42,9,11,6026.0,4.0,1,MIVI,1,MIVI,1,2022-08-17 07:49:58,,8,6
1234983037290487,618637886126144,2020,42,9,11,6026.0,2.0,1,ROMU,1,ROMU,1,2022-08-17 07:49:58,,8,6
1234983038290487,618637886126144,2020,42,9,11,6026.0,4.0,1,ROMU,1,ROMU,3,2022-08-17 07:49:58,,8,6
1234983168290487,618637899126144,2020,42,8,127,5039.0,1.0,1,ROMU,1,ROMU,1,2022-08-17 07:49:58,,8,6
1234983169290487,618637899126144,2020,42,8,127,5039.0,2.0,1,ROMU,1,ROMU,1,2022-08-17 07:49:58,,8,6
1234986942290487,618638112126144,2020,42,0,55,5008.0,4.0,2,AIAL,1,AIAL,5,2022-08-17 07:50:05,,8,6
1234986943290487,618638112126144,2020,42,0,55,5008.0,2.0,2,ALPE4,1,ALPE4,1,2022-08-17 07:50:05,,8,6
1234986944290487,618638112126144,2020,42,0,55,5008.0,4.0,2,ALPE4,1,ALPE4,2,2022-08-17 07:50:05,,8,6
1234986945290487,618638112126144,2020,42,0,55,5008.0,2.0,2,BETH,1,BETH,1,2022-08-17 07:50:05,,8,6
1234986946290487,618638112126144,2020,42,0,55,5008.0,4.0,2,BETH,1,BETH,1,2022-08-17 07:50:05,,8,6
1234986947290487,618638112126144,2020,42,0,55,5008.0,2.0,2,CEOR7,1,CEOR7,7,2022-08-17 07:50:05,,8,6
1234986948290487,618638112126144,2020,42,0,55,5008.0,4.0,2,CEOR7,1,CEOR7,10,2022-08-17 07:50:05,,8,6
1234986949290487,618638112126144,2020,42,0,55,5008.0,2.0,2,LIVU,1,LIVU,1,2022-08-17 07:50:05,,8,6
1234986950290487,618638112126144,2020,42,0,55,5008.0,4.0,2,LIVU,1,LIVU,1,2022-08-17 07:50:05,,8,6
1234986951290487,618638112126144,2020,42,0,55,5008.0,2.0,2,LOJA,1,LOJA,6,2022-08-17 07:50:05,,8,6
1234986952290487,618638112126144,2020,42,0,55,5008.0,4.0,2,LOJA,1,LOJA,1,2022-08-17 07:50:05,,8,6
1234986953290487,618638112126144,2020,42,0,55,5008.0,2.0,2,LONIC,1,LONIC,4,2022-08-17 07:50:05,,8,6
1234986954290487,618638112126144,2020,42,0,55,5008.0,4.0,2,LONIC,1,LONIC,46,2022-08-17 07:50:05,,8,6
1234986955290487,618638112126144,2020,42,0,55,5008.0,2.0,2,MIVI,1,MIVI,4,2022-08-17 07:50:05,,8,6
1234986956290487,618638112126144,2020,42,0,55,5008.0,4.0,2,MIVI,1,MIVI,2,2022-08-17 07:50:05,,8,6
1234986957290487,618638112126144,2020,42,0,55,5008.0,2.0,2,ROMU,1,ROMU,3,2022-08-17 07:50:05,,8,6
1234986958290487,618638112126144,2020,42,0,55,5008.0,4.0,2,ROMU,1,ROMU,3,2022-08-17 07:50:05,,8,6
1234986959290487,618638112126144,2020,42,0,55,5008.0,4.0,2,ROPS,1,ROPS,3,2022-08-17 07:50:05,,8,6
1234987035290487,618638115126144,2020,42,0,57,5418.0,3.0,1,ALPE4,1,ALPE4,22,2022-08-17 07:50:05,,8,6
1234987036290487,618638115126144,2020,42,0,57,5418.0,3.0,1,LONIC,1,LONIC,3,2022-08-17 07:50:05,,8,6
1234987037290487,618638115126144,2020,42,0,57,5418.0,2.0,1,ROPS,1,ROPS,7,2022-08-17 07:50:05,,8,6
1234991083290487,618638498126144,2020,42,5,39,4898.0,3.0,1,ALPE4,1,ALPE4,1,2022-08-17 07:50:14,,8,6
1234991084290487,618638498126144,2020,42,5,39,4898.0,1.0,1,LOMO2,1,LOMO2,1,2022-08-17 07:50:14,,8,6
1234991085290487,618638498126144,2020,42,5,39,4898.0,1.0,1,ROMU,1,ROMU,18,2022-08-17 07:50:14,,8,6
1234991086290487,618638498126144,2020,42,5,39,4898.0,3.0,1,ROMU,1,ROMU,10,2022-08-17 07:50:14,,8,6
1234991087290487,618638498126144,2020,42,5,39,4898.0,4.0,1,ROMU,1,ROMU,18,2022-08-17 07:50:14,,8,6
1234983856290487,618637981126144,2020,42,8,79,4444.0,3.0,2,LOMO2,1,LOMO2,2,2022-08-17 07:49:59,,8,6
1234983857290487,618637981126144,2020,42,8,79,4444.0,4.0,2,LOMO2,1,LOMO2,4,2022-08-17 07:49:59,,8,6
1234983858290487,618637981126144,2020,42,8,79,4444.0,4.0,2,ROMU,1,ROMU,1,2022-08-17 07:49:59,,8,6
1234983954290487,618638048126144,2020,42,8,15,4174.0,1.0,1,ALPE4,1,ALPE4,1,2022-08-17 07:49:59,,8,6
1234984346290487,618638128126144,2020,42,6,81,6120.0,3.0,1,ALPE4,1,ALPE4,1,2022-08-17 07:50:00,,8,6
1234984347290487,618638128126144,2020,42,6,81,6120.0,1.0,1,MIVI,1,MIVI,12,2022-08-17 07:50:00,,8,6
1234984348290487,618638128126144,2020,42,6,81,6120.0,2.0,1,MIVI,1,MIVI,5,2022-08-17 07:50:00,,8,6
1234987547290487,618638332126144,2020,42,6,65,3319.0,1.0,2,ROMU,1,ROMU,1,2022-08-17 07:50:06,,8,6
1234987630290487,618638344126144,2020,42,5,129,5643.0,4.0,2,ALPE4,1,ALPE4,50,2022-08-17 07:50:06,,8,6
1234987631290487,618638344126144,2020,42,5,129,5643.0,4.0,2,BETH,1,BETH,6,2022-08-17 07:50:06,,8,6
1234987632290487,618638344126144,2020,42,5,129,5643.0,4.0,2,CEOR7,1,CEOR7,1,2022-08-17 07:50:06,,8,6
1234987633290487,618638344126144,2020,42,5,129,5643.0,4.0,2,LIVU,1,LIVU,1,2022-08-17 07:50:06,,8,6
1234987634290487,618638344126144,2020,42,5,129,5643.0,4.0,2,ROMU,1,ROMU,10,2022-08-17 07:50:06,,8,6
1234987695290487,618638436126144,2020,42,5,59,3895.0,2.0,1,BEVU,1,BEVU,2,2022-08-17 07:50:06,,8,6
1234987696290487,618638436126144,2020,42,5,59,3895.0,3.0,1,BEVU,1,BEVU,1,2022-08-17 07:50:06,,8,6
1234987697290487,618638436126144,2020,42,5,59,3895.0,3.0,1,ELUM,1,ELUM,2,2022-08-17 07:50:06,,8,6
1234987698290487,618638436126144,2020,42,5,59,3895.0,4.0,1,ELUM,1,ELUM,1,2022-08-17 07:50:06,,8,6
1234987699290487,618638436126144,2020,42,5,59,3895.0,2.0,1,LONIC,1,LONIC,3,2022-08-17 07:50:06,,8,6
1234987700290487,618638436126144,2020,42,5,59,3895.0,3.0,1,LONIC,1,LONIC,4,2022-08-17 07:50:06,,8,6
1234987701290487,618638436126144,2020,42,5,59,3895.0,1.0,1,MIVI,1,MIVI,10,2022-08-17 07:50:06,,8,6
1234987702290487,618638436126144,2020,42,5,59,3895.0,2.0,1,MIVI,1,MIVI,35,2022-08-17 07:50:06,,8,6
1234987703290487,618638436126144,2020,42,5,59,3895.0,3.0,1,MIVI,1,MIVI,3,2022-08-17 07:50:06,,8,6
1234987704290487,618638436126144,2020,42,5,59,3895.0,1.0,1,ROMU,1,ROMU,8,2022-08-17 07:50:06,,8,6
1234987705290487,618638436126144,2020,42,5,59,3895.0,2.0,1,ROMU,1,ROMU,3,2022-08-17 07:50:06,,8,6
1234987706290487,618638436126144,2020,42,5,59,3895.0,3.0,1,ROMU,1,ROMU,3,2022-08-17 07:50:06,,8,6
1234987886290487,618638465126144,2020,42,5,7,4392.0,1.0,1,ALPE4,1,ALPE4,4,2022-08-17 07:50:07,,8,6
1234987887290487,618638465126144,2020,42,5,7,4392.0,4.0,1,ALPE4,1,ALPE4,1,2022-08-17 07:50:07,,8,6
1234987888290487,618638465126144,2020,42,5,7,4392.0,1.0,1,CEOR7,1,CEOR7,1,2022-08-17 07:50:07,,8,6
1234987889290487,618638465126144,2020,42,5,7,4392.0,2.0,1,CEOR7,1,CEOR7,4,2022-08-17 07:50:07,,8,6
1234987890290487,618638465126144,2020,42,5,7,4392.0,3.0,1,CEOR7,1,CEOR7,5,2022-08-17 07:50:07,,8,6
1234987891290487,618638465126144,2020,42,5,7,4392.0,1.0,1,LOMO2,1,LOMO2,16,2022-08-17 07:50:07,,8,6
1234987892290487,618638465126144,2020,42,5,7,4392.0,2.0,1,LOMO2,1,LOMO2,6,2022-08-17 07:50:07,,8,6
1234987893290487,618638465126144,2020,42,5,7,4392.0,3.0,1,LOMO2,1,LOMO2,1,2022-08-17 07:50:07,,8,6
1234987894290487,618638465126144,2020,42,5,7,4392.0,4.0,1,LOMO2,1,LOMO2,1,2022-08-17 07:50:07,,8,6
1234987895290487,618638465126144,2020,42,5,7,4392.0,1.0,1,MIVI,1,MIVI,1,2022-08-17 07:50:07,,8,6
1234987896290487,618638465126144,2020,42,5,7,4392.0,3.0,1,MIVI,1,MIVI,1,2022-08-17 07:50:07,,8,6
1234987897290487,618638465126144,2020,42,5,7,4392.0,1.0,1,ROMU,1,ROMU,2,2022-08-17 07:50:07,,8,6
1234987898290487,618638465126144,2020,42,5,7,4392.0,2.0,1,ROMU,1,ROMU,10,2022-08-17 07:50:07,,8,6
1234991645290487,618638075126144,2020,42,0,99,3962.0,3.0,2,ALPE4,1,ALPE4,1,2022-08-17 07:50:15,,8,6
1234991646290487,618638075126144,2020,42,0,99,3962.0,3.0,2,BEVU,1,BEVU,1,2022-08-17 07:50:15,,8,6
1234991647290487,618638075126144,2020,42,0,99,3962.0,3.0,2,ROMU,1,ROMU,1,2022-08-17 07:50:15,,8,6
1234991839290487,618638149126144,2020,42,0,61,4075.0,1.0,1,BETH,1,BETH,1,2022-08-17 07:50:16,,8,6
1234991840290487,618638149126144,2020,42,0,61,4075.0,2.0,1,BETH,1,BETH,1,2022-08-17 07:50:16,,8,6
1234991841290487,618638149126144,2020,42,0,61,4075.0,3.0,1,BETH,1,BETH,1,2022-08-17 07:50:16,,8,6
1234991842290487,618638149126144,2020,42,0,61,4075.0,4.0,1,BETH,1,BETH,1,2022-08-17 07:50:16,,8,6
1234991843290487,618638149126144,2020,42,0,61,4075.0,4.0,1,MIVI,1,MIVI,60,2022-08-17 07:50:16,,8,6
1234992043290487,618638232126144,2020,42,7,111,6108.0,2.0,1,MIVI,1,MIVI,3,2022-08-17 07:50:16,,8,6
1234992044290487,618638232126144,2020,42,7,111,6108.0,3.0,1,MIVI,1,MIVI,25,2022-08-17 07:50:16,,8,6
1234992045290487,618638232126144,2020,42,7,111,6108.0,4.0,1,MIVI,1,MIVI,2,2022-08-17 07:50:16,,8,6
1234992046290487,618638232126144,2020,42,7,111,6108.0,1.0,1,PHAR3,1,PHAR3,60,2022-08-17 07:50:16,,8,6
1234992047290487,618638232126144,2020,42,7,111,6108.0,2.0,1,PHAR3,1,PHAR3,1,2022-08-17 07:50:16,,8,6
1234992048290487,618638232126144,2020,42,7,111,6108.0,4.0,1,PHAR3,1,PHAR3,4,2022-08-17 07:50:16,,8,6
1234979303290487,618637915126144,2020,42,9,11,3336.0,4.0,1,CEOR7,1,CEOR7,1,2022-08-17 07:49:49,,8,6
1234979469290487,618637949126144,2020,42,8,107,5577.0,1.0,1,ACPL,1,ACPL,15,2022-08-17 07:49:50,,8,6
1234979470290487,618637949126144,2020,42,8,107,5577.0,2.0,1,ACPL,1,ACPL,16,2022-08-17 07:49:50,,8,6
1234979471290487,618637949126144,2020,42,8,107,5577.0,3.0,1,ACPL,1,ACPL,5,2022-08-17 07:49:50,,8,6
1234979472290487,618637949126144,2020,42,8,107,5577.0,4.0,1,ACPL,1,ACPL,1,2022-08-17 07:49:50,,8,6
1234979473290487,618637949126144,2020,42,8,107,5577.0,2.0,1,ROPS,1,ROPS,7,2022-08-17 07:49:50,,8,6
1234984538290487,618638222126144,2020,42,6,33,3484.0,1.0,1,ALPE4,1,ALPE4,1,2022-08-17 07:50:00,,8,6
1234990847290487,618638340126144,2020,42,5,5,3642.0,1.0,1,ROMU,1,ROMU,15,2022-08-17 07:50:13,,8,6
1234984539290487,618638222126144,2020,42,6,33,3484.0,3.0,1,ALPE4,1,ALPE4,1,2022-08-17 07:50:00,,8,6
1234984540290487,618638222126144,2020,42,6,33,3484.0,4.0,1,ALPE4,1,ALPE4,1,2022-08-17 07:50:00,,8,6
1234984541290487,618638222126144,2020,42,6,33,3484.0,3.0,1,ROMU,1,ROMU,1,2022-08-17 07:50:00,,8,6
1234984542290487,618638222126144,2020,42,6,33,3484.0,4.0,1,ROMU,1,ROMU,1,2022-08-17 07:50:00,,8,6
1234984811290487,618638273126144,2020,42,7,111,3154.0,3.0,1,ROPS,1,ROPS,25,2022-08-17 07:50:01,,8,6
1234984806290487,618638273126144,2020,42,7,111,3154.0,1.0,1,BETH,1,BETH,5,2022-08-17 07:50:01,,8,6
1234984807290487,618638273126144,2020,42,7,111,3154.0,1.0,1,ROMU,1,ROMU,25,2022-08-17 07:50:01,,8,6
1234984808290487,618638273126144,2020,42,7,111,3154.0,2.0,1,ROMU,1,ROMU,15,2022-08-17 07:50:01,,8,6
1234984809290487,618638273126144,2020,42,7,111,3154.0,3.0,1,ROMU,1,ROMU,10,2022-08-17 07:50:01,,8,6
1234984810290487,618638273126144,2020,42,7,111,3154.0,4.0,1,ROMU,1,ROMU,10,2022-08-17 07:50:01,,8,6
1234992359290487,618638329126144,2020,42,6,65,3843.0,3.0,1,SPJA,1,SPJA,1,2022-08-17 07:50:16,,8,6
1234992471290487,618638336126144,2020,42,5,5,5338.0,1.0,1,ALPE4,1,ALPE4,4,2022-08-17 07:50:17,,8,6
1234992472290487,618638336126144,2020,42,5,5,5338.0,2.0,1,ALPE4,1,ALPE4,1,2022-08-17 07:50:17,,8,6
334769556489998,171958607020004,2014,42,6,83,4735.0,2.0,1,ROMU,1,ROMU,6,2015-05-29 06:45:33,,7,5
334769557489998,171958607020004,2014,42,6,83,4735.0,3.0,1,ROMU,1,ROMU,1,2015-05-29 06:45:33,,7,5
334769816489998,171958624020004,2014,42,5,85,4414.0,2.0,1,LYNU,1,LYNU,1,2015-05-29 06:45:33,,7,5
334769817489998,171958624020004,2014,42,5,85,4414.0,4.0,1,LYNU,1,LYNU,1,2015-05-29 06:45:33,,7,5
334769818489998,171958624020004,2014,42,5,85,4414.0,1.0,1,ROMU,1,ROMU,17,2015-05-29 06:45:33,,7,5
334769819489998,171958624020004,2014,42,5,85,4414.0,2.0,1,ROMU,1,ROMU,1,2015-05-29 06:45:33,,7,5
334769820489998,171958624020004,2014,42,5,85,4414.0,3.0,1,ROMU,1,ROMU,2,2015-05-29 06:45:33,,7,5
334769968489998,171958633020004,2014,42,5,39,3876.0,1.0,1,BETH,1,BETH,3,2015-05-29 06:45:34,,7,5
334769969489998,171958633020004,2014,42,5,39,3876.0,1.0,1,LOMO2,1,LOMO2,1,2015-05-29 06:45:34,,7,5
334769970489998,171958633020004,2014,42,5,39,3876.0,4.0,2,LOMO2,1,LOMO2,5,2015-05-29 06:45:34,,7,5
334769971489998,171958633020004,2014,42,5,39,3876.0,1.0,1,ROMU,1,ROMU,2,2015-05-29 06:45:34,,7,5
334769972489998,171958633020004,2014,42,5,39,3876.0,2.0,1,ROMU,1,ROMU,5,2015-05-29 06:45:34,,7,5
334769973489998,171958633020004,2014,42,5,39,3876.0,3.0,1,ROMU,1,ROMU,3,2015-05-29 06:45:34,,7,5
334769974489998,171958633020004,2014,42,5,39,3876.0,3.0,2,ROMU,1,ROMU,1,2015-05-29 06:45:34,,7,5
334769975489998,171958633020004,2014,42,5,39,3876.0,4.0,2,ROMU,1,ROMU,1,2015-05-29 06:45:34,,7,5
334782307489998,171958392020004,2014,42,6,105,2998.0,4.0,1,ALPE4,1,ALPE4,1,2015-05-29 06:46:08,,7,5
334782308489998,171958392020004,2014,42,6,105,2998.0,1.0,1,LOMO2,1,LOMO2,1,2015-05-29 06:46:08,,7,5
334782309489998,171958392020004,2014,42,6,105,2998.0,3.0,2,LOMO2,1,LOMO2,1,2015-05-29 06:46:08,,7,5
334782670489998,171958412020004,2014,42,5,5,3766.0,1.0,1,ALPE4,1,ALPE4,2,2015-05-29 06:46:09,,7,5
334782671489998,171958412020004,2014,42,5,5,3766.0,3.0,1,ALPE4,1,ALPE4,1,2015-05-29 06:46:09,,7,5
334782672489998,171958412020004,2014,42,5,5,3766.0,1.0,1,LIVU,1,LIVU,1,2015-05-29 06:46:09,,7,5
334782673489998,171958412020004,2014,42,5,5,3766.0,3.0,1,LIVU,1,LIVU,1,2015-05-29 06:46:09,,7,5
334782674489998,171958412020004,2014,42,5,5,3766.0,1.0,1,LOMO2,1,LOMO2,1,2015-05-29 06:46:09,,7,5
334782675489998,171958412020004,2014,42,5,5,3766.0,3.0,1,LOMO2,1,LOMO2,1,2015-05-29 06:46:09,,7,5
334782676489998,171958412020004,2014,42,5,5,3766.0,4.0,1,LOMO2,1,LOMO2,1,2015-05-29 06:46:09,,7,5
334782677489998,171958412020004,2014,42,5,5,3766.0,1.0,1,ROMU,1,ROMU,1,2015-05-29 06:46:09,,7,5
334782678489998,171958412020004,2014,42,5,5,3766.0,3.0,1,ROMU,1,ROMU,8,2015-05-29 06:46:09,,7,5
334782679489998,171958412020004,2014,42,5,5,3766.0,4.0,1,ROMU,1,ROMU,1,2015-05-29 06:46:09,,7,5
334782901489998,171958415020004,2014,42,5,59,4452.0,1.0,1,ALPE4,1,ALPE4,45,2015-05-29 06:46:09,,7,5
334782902489998,171958415020004,2014,42,5,59,4452.0,2.0,1,ALPE4,1,ALPE4,5,2015-05-29 06:46:09,,7,5
334782903489998,171958415020004,2014,42,5,59,4452.0,3.0,1,ALPE4,1,ALPE4,25,2015-05-29 06:46:09,,7,5
334782904489998,171958415020004,2014,42,5,59,4452.0,4.0,1,ALPE4,1,ALPE4,70,2015-05-29 06:46:09,,7,5
334782905489998,171958415020004,2014,42,5,59,4452.0,1.0,1,LONIC,1,LONIC,7,2015-05-29 06:46:09,,7,5
334782906489998,171958415020004,2014,42,5,59,4452.0,2.0,1,LONIC,1,LONIC,33,2015-05-29 06:46:09,,7,5
334782907489998,171958415020004,2014,42,5,59,4452.0,3.0,1,LONIC,1,LONIC,33,2015-05-29 06:46:09,,7,5
334782908489998,171958415020004,2014,42,5,59,4452.0,4.0,1,LONIC,1,LONIC,40,2015-05-29 06:46:09,,7,5
334782909489998,171958415020004,2014,42,5,59,4452.0,2.0,1,MIVI,1,MIVI,1,2015-05-29 06:46:09,,7,5
334782910489998,171958415020004,2014,42,5,59,4452.0,3.0,1,MIVI,1,MIVI,7,2015-05-29 06:46:09,,7,5
334782911489998,171958415020004,2014,42,5,59,4452.0,4.0,1,MIVI,1,MIVI,5,2015-05-29 06:46:09,,7,5
334782912489998,171958415020004,2014,42,5,59,4452.0,1.0,1,ROMU,1,ROMU,4,2015-05-29 06:46:09,,7,5
334782913489998,171958415020004,2014,42,5,59,4452.0,2.0,1,ROMU,1,ROMU,6,2015-05-29 06:46:09,,7,5
334782914489998,171958415020004,2014,42,5,59,4452.0,3.0,1,ROMU,1,ROMU,15,2015-05-29 06:46:09,,7,5
334782915489998,171958415020004,2014,42,5,59,4452.0,4.0,1,ROMU,1,ROMU,1,2015-05-29 06:46:09,,7,5
334782916489998,171958415020004,2014,42,5,59,4452.0,1.0,1,ROPS,1,ROPS,2,2015-05-29 06:46:09,,7,5
334782917489998,171958415020004,2014,42,5,59,4452.0,2.0,1,ROPS,1,ROPS,5,2015-05-29 06:46:09,,7,5
334782918489998,171958415020004,2014,42,5,59,4452.0,3.0,1,ROPS,1,ROPS,1,2015-05-29 06:46:09,,7,5
334782919489998,171958415020004,2014,42,5,59,4452.0,4.0,1,ROPS,1,ROPS,9,2015-05-29 06:46:09,,7,5
334783400489998,171958561020004,2014,42,5,63,3729.0,3.0,1,BETH,1,BETH,10,2015-05-29 06:46:11,,7,5
334783401489998,171958561020004,2014,42,5,63,3729.0,1.0,1,LOMO2,1,LOMO2,2,2015-05-29 06:46:11,,7,5
334783684489998,171958656020004,2014,42,5,85,3228.0,2.0,1,ROMU,1,ROMU,2,2015-05-29 06:46:12,,7,5
334783685489998,171958656020004,2014,42,5,85,3228.0,3.0,1,ROMU,1,ROMU,2,2015-05-29 06:46:12,,7,5
334783686489998,171958656020004,2014,42,5,85,3228.0,4.0,1,ROMU,1,ROMU,5,2015-05-29 06:46:12,,7,5
334770358489998,171958709020004,2014,42,6,123,4115.0,2.0,1,BETH,1,BETH,1,2015-05-29 06:45:35,,7,5
334770359489998,171958709020004,2014,42,6,123,4115.0,3.0,1,BETH,1,BETH,4,2015-05-29 06:45:35,,7,5
334770850489998,171958759020004,2014,42,6,65,3961.0,1.0,1,CIVU,1,CIVU,1,2015-05-29 06:45:37,,7,5
334770851489998,171958759020004,2014,42,6,65,3961.0,3.0,1,CIVU,1,CIVU,1,2015-05-29 06:45:37,,7,5
334770852489998,171958759020004,2014,42,6,65,3961.0,3.0,1,ELUM,1,ELUM,4,2015-05-29 06:45:37,,7,5
334770853489998,171958759020004,2014,42,6,65,3961.0,4.0,1,ELUM,1,ELUM,6,2015-05-29 06:45:37,,7,5
334770854489998,171958759020004,2014,42,6,65,3961.0,1.0,1,LOMO2,1,LOMO2,5,2015-05-29 06:45:37,,7,5
334770855489998,171958759020004,2014,42,6,65,3961.0,4.0,1,LOMO2,1,LOMO2,1,2015-05-29 06:45:37,,7,5
334770856489998,171958759020004,2014,42,6,65,3961.0,1.0,1,ROMU,1,ROMU,9,2015-05-29 06:45:37,,7,5
334770857489998,171958759020004,2014,42,6,65,3961.0,3.0,1,ROMU,1,ROMU,10,2015-05-29 06:45:37,,7,5
334770858489998,171958759020004,2014,42,6,65,3961.0,4.0,1,ROMU,1,ROMU,11,2015-05-29 06:45:37,,7,5
334771290489998,171958872020004,2014,42,9,17,6003.0,1.0,1,ALPE4,1,ALPE4,1,2015-05-29 06:45:38,,7,5
334771291489998,171958872020004,2014,42,9,17,6003.0,4.0,1,ALPE4,1,ALPE4,1,2015-05-29 06:45:39,,7,5
334771292489998,171958872020004,2014,42,9,17,6003.0,2.0,1,BETH,1,BETH,1,2015-05-29 06:45:39,,7,5
334771293489998,171958872020004,2014,42,9,17,6003.0,3.0,1,BETH,1,BETH,1,2015-05-29 06:45:39,,7,5
334771294489998,171958872020004,2014,42,9,17,6003.0,1.0,1,CEOR7,1,CEOR7,1,2015-05-29 06:45:39,,7,5
334771295489998,171958872020004,2014,42,9,17,6003.0,3.0,1,CEOR7,1,CEOR7,1,2015-05-29 06:45:39,,7,5
334771296489998,171958872020004,2014,42,9,17,6003.0,2.0,1,ELUM,1,ELUM,2,2015-05-29 06:45:39,,7,5
334771297489998,171958872020004,2014,42,9,17,6003.0,3.0,1,ELUM,1,ELUM,1,2015-05-29 06:45:39,,7,5
334771298489998,171958872020004,2014,42,9,17,6003.0,3.0,1,LIVU,1,LIVU,1,2015-05-29 06:45:39,,7,5
334771299489998,171958872020004,2014,42,9,17,6003.0,1.0,1,LYNU,1,LYNU,27,2015-05-29 06:45:39,,7,5
334771300489998,171958872020004,2014,42,9,17,6003.0,2.0,1,LYNU,1,LYNU,9,2015-05-29 06:45:39,,7,5
334771301489998,171958872020004,2014,42,9,17,6003.0,3.0,1,LYNU,1,LYNU,1,2015-05-29 06:45:39,,7,5
334771302489998,171958872020004,2014,42,9,17,6003.0,4.0,1,LYNU,1,LYNU,30,2015-05-29 06:45:39,,7,5
334771303489998,171958872020004,2014,42,9,17,6003.0,2.0,1,MIVI,1,MIVI,1,2015-05-29 06:45:39,,7,5
334771304489998,171958872020004,2014,42,9,17,6003.0,1.0,1,ROMU,1,ROMU,5,2015-05-29 06:45:39,,7,5
334771305489998,171958872020004,2014,42,9,17,6003.0,2.0,1,ROMU,1,ROMU,3,2015-05-29 06:45:39,,7,5
334771306489998,171958872020004,2014,42,9,17,6003.0,3.0,1,ROMU,1,ROMU,2,2015-05-29 06:45:39,,7,5
334771307489998,171958872020004,2014,42,9,17,6003.0,4.0,1,ROMU,1,ROMU,6,2015-05-29 06:45:39,,7,5
334771914489998,171958927020004,2014,42,6,27,4717.0,4.0,1,CEOR7,1,CEOR7,1,2015-05-29 06:45:40,,7,5
334771915489998,171958927020004,2014,42,6,27,4717.0,2.0,1,ROPS,1,ROPS,4,2015-05-29 06:45:40,,7,5
334771916489998,171958927020004,2014,42,6,27,4717.0,3.0,1,ROPS,1,ROPS,1,2015-05-29 06:45:40,,7,5
334772215489998,171958950020004,2014,42,9,133,5353.0,1.0,1,ALPE4,1,ALPE4,15,2015-05-29 06:45:41,,7,5
334772216489998,171958950020004,2014,42,9,133,5353.0,2.0,1,ALPE4,1,ALPE4,2,2015-05-29 06:45:41,,7,5
334772217489998,171958950020004,2014,42,9,133,5353.0,3.0,1,ALPE4,1,ALPE4,5,2015-05-29 06:45:41,,7,5
334772218489998,171958950020004,2014,42,9,133,5353.0,4.0,1,ALPE4,1,ALPE4,2,2015-05-29 06:45:41,,7,5
334772219489998,171958950020004,2014,42,9,133,5353.0,1.0,1,CEOR7,1,CEOR7,45,2015-05-29 06:45:41,,7,5
334772220489998,171958950020004,2014,42,9,133,5353.0,2.0,1,CEOR7,1,CEOR7,25,2015-05-29 06:45:41,,7,5
334772221489998,171958950020004,2014,42,9,133,5353.0,3.0,1,CEOR7,1,CEOR7,15,2015-05-29 06:45:41,,7,5
334772222489998,171958950020004,2014,42,9,133,5353.0,4.0,1,CEOR7,1,CEOR7,10,2015-05-29 06:45:41,,7,5
334772223489998,171958950020004,2014,42,9,133,5353.0,1.0,1,ELUM,1,ELUM,45,2015-05-29 06:45:41,,7,5
334772224489998,171958950020004,2014,42,9,133,5353.0,2.0,1,ELUM,1,ELUM,5,2015-05-29 06:45:41,,7,5
334772225489998,171958950020004,2014,42,9,133,5353.0,3.0,1,ELUM,1,ELUM,65,2015-05-29 06:45:41,,7,5
334772226489998,171958950020004,2014,42,9,133,5353.0,4.0,1,ELUM,1,ELUM,50,2015-05-29 06:45:41,,7,5
334772227489998,171958950020004,2014,42,9,133,5353.0,1.0,1,LOJA,1,LOJA,20,2015-05-29 06:45:41,,7,5
334772228489998,171958950020004,2014,42,9,133,5353.0,2.0,1,LOJA,1,LOJA,2,2015-05-29 06:45:41,,7,5
334772229489998,171958950020004,2014,42,9,133,5353.0,3.0,1,LOJA,1,LOJA,15,2015-05-29 06:45:41,,7,5
334772230489998,171958950020004,2014,42,9,133,5353.0,4.0,1,LOJA,1,LOJA,10,2015-05-29 06:45:41,,7,5
334772231489998,171958950020004,2014,42,9,133,5353.0,1.0,1,LOMA6,1,LOMA6,5,2015-05-29 06:45:41,,7,5
334772232489998,171958950020004,2014,42,9,133,5353.0,2.0,1,LOMA6,1,LOMA6,5,2015-05-29 06:45:41,,7,5
334772233489998,171958950020004,2014,42,9,133,5353.0,3.0,1,LOMA6,1,LOMA6,15,2015-05-29 06:45:41,,7,5
334772234489998,171958950020004,2014,42,9,133,5353.0,1.0,1,LOMO2,1,LOMO2,8,2015-05-29 06:45:41,,7,5
334772235489998,171958950020004,2014,42,9,133,5353.0,2.0,1,LOMO2,1,LOMO2,2,2015-05-29 06:45:41,,7,5
334772236489998,171958950020004,2014,42,9,133,5353.0,3.0,1,LOMO2,1,LOMO2,15,2015-05-29 06:45:41,,7,5
334772237489998,171958950020004,2014,42,9,133,5353.0,4.0,1,LOMO2,1,LOMO2,3,2015-05-29 06:45:41,,7,5
334772238489998,171958950020004,2014,42,9,133,5353.0,1.0,1,MIVI,1,MIVI,65,2015-05-29 06:45:41,,7,5
334772239489998,171958950020004,2014,42,9,133,5353.0,2.0,1,MIVI,1,MIVI,10,2015-05-29 06:45:41,,7,5
334772240489998,171958950020004,2014,42,9,133,5353.0,3.0,1,MIVI,1,MIVI,35,2015-05-29 06:45:41,,7,5
334772241489998,171958950020004,2014,42,9,133,5353.0,4.0,1,MIVI,1,MIVI,40,2015-05-29 06:45:41,,7,5
334772242489998,171958950020004,2014,42,9,133,5353.0,1.0,1,ROMU,1,ROMU,20,2015-05-29 06:45:41,,7,5
334772243489998,171958950020004,2014,42,9,133,5353.0,2.0,1,ROMU,1,ROMU,2,2015-05-29 06:45:41,,7,5
334772244489998,171958950020004,2014,42,9,133,5353.0,3.0,1,ROMU,1,ROMU,10,2015-05-29 06:45:41,,7,5
334772245489998,171958950020004,2014,42,9,133,5353.0,4.0,1,ROMU,1,ROMU,12,2015-05-29 06:45:41,,7,5
334784287489998,171958729020004,2014,42,5,73,3342.0,3.0,1,ALPE4,1,ALPE4,1,2015-05-29 06:46:13,,7,5
334784288489998,171958729020004,2014,42,5,73,3342.0,3.0,1,BETH,1,BETH,3,2015-05-29 06:46:13,,7,5
334784289489998,171958729020004,2014,42,5,73,3342.0,4.0,1,BETH,1,BETH,2,2015-05-29 06:46:13,,7,5
334784290489998,171958729020004,2014,42,5,73,3342.0,2.0,1,LIVU,1,LIVU,2,2015-05-29 06:46:13,,7,5
334784291489998,171958729020004,2014,42,5,73,3342.0,3.0,1,LIVU,1,LIVU,3,2015-05-29 06:46:13,,7,5
334784292489998,171958729020004,2014,42,5,73,3342.0,4.0,1,LIVU,1,LIVU,4,2015-05-29 06:46:13,,7,5
334784293489998,171958729020004,2014,42,5,73,3342.0,2.0,1,LOMO2,1,LOMO2,1,2015-05-29 06:46:13,,7,5
334784294489998,171958729020004,2014,42,5,73,3342.0,1.0,1,ROMU,1,ROMU,4,2015-05-29 06:46:13,,7,5
334784295489998,171958729020004,2014,42,5,73,3342.0,2.0,1,ROMU,1,ROMU,4,2015-05-29 06:46:13,,7,5
334784296489998,171958729020004,2014,42,5,73,3342.0,3.0,1,ROMU,1,ROMU,24,2015-05-29 06:46:13,,7,5
334784297489998,171958729020004,2014,42,5,73,3342.0,4.0,1,ROMU,1,ROMU,25,2015-05-29 06:46:13,,7,5
334784298489998,171958729020004,2014,42,5,73,3342.0,1.0,1,ROPS,1,ROPS,25,2015-05-29 06:46:13,,7,5
334784299489998,171958729020004,2014,42,5,73,3342.0,2.0,1,ROPS,1,ROPS,1,2015-05-29 06:46:13,,7,5
334784300489998,171958729020004,2014,42,5,73,3342.0,3.0,1,ROPS,1,ROPS,1,2015-05-29 06:46:13,,7,5
334784301489998,171958729020004,2014,42,5,73,3342.0,4.0,1,ROPS,1,ROPS,5,2015-05-29 06:46:13,,7,5
334784716489998,171958825020004,2014,42,6,33,4285.0,2.0,1,ELUM,1,ELUM,1,2015-05-29 06:46:14,,7,5
745074655290487,511231671126144,2019,42,9,11,2310.0,2.0,1,MIVI,1,MIVI,2,2020-04-30 11:14:20,,8,5
745074656290487,511231671126144,2019,42,9,11,2310.0,3.0,1,MIVI,1,MIVI,50,2020-04-30 11:14:20,,8,5
745074657290487,511231671126144,2019,42,9,11,2310.0,4.0,1,MIVI,1,MIVI,1,2020-04-30 11:14:20,,8,5
745074658290487,511231671126144,2019,42,9,11,2310.0,1.0,1,ROMU,1,ROMU,4,2020-04-30 11:14:20,,8,5
745074659290487,511231671126144,2019,42,9,11,2310.0,3.0,1,ROMU,1,ROMU,1,2020-04-30 11:14:20,,8,5
745074660290487,511231671126144,2019,42,9,11,2310.0,4.0,1,ROMU,1,ROMU,7,2020-04-30 11:14:20,,8,5
745067480290487,511232066126144,2019,42,7,111,2630.0,1.0,1,ROMU,1,ROMU,3,2020-04-30 11:14:04,,8,5
745067481290487,511232066126144,2019,42,7,111,2630.0,2.0,1,ROMU,1,ROMU,5,2020-04-30 11:14:04,,8,5
745067482290487,511232066126144,2019,42,7,111,2630.0,3.0,1,ROMU,1,ROMU,3,2020-04-30 11:14:04,,8,5
745067483290487,511232066126144,2019,42,7,111,2630.0,4.0,1,ROMU,1,ROMU,3,2020-04-30 11:14:04,,8,5
745067656290487,511232300126144,2019,42,5,73,6040.0,1.0,1,ALPE4,1,ALPE4,1,2020-04-30 11:14:04,,8,5
745067657290487,511232300126144,2019,42,5,73,6040.0,2.0,1,ALPE4,1,ALPE4,2,2020-04-30 11:14:04,,8,5
745067658290487,511232300126144,2019,42,5,73,6040.0,3.0,1,ALPE4,1,ALPE4,2,2020-04-30 11:14:04,,8,5
745067659290487,511232300126144,2019,42,5,73,6040.0,1.0,1,LIVU,1,LIVU,5,2020-04-30 11:14:04,,8,5
745067660290487,511232300126144,2019,42,5,73,6040.0,2.0,1,LOMA6,1,LOMA6,1,2020-04-30 11:14:04,,8,5
745067661290487,511232300126144,2019,42,5,73,6040.0,1.0,1,LOMO2,1,LOMO2,2,2020-04-30 11:14:04,,8,5
745067662290487,511232300126144,2019,42,5,73,6040.0,3.0,1,LOMO2,1,LOMO2,2,2020-04-30 11:14:04,,8,5
745067663290487,511232300126144,2019,42,5,73,6040.0,4.0,1,PHAR3,1,PHAR3,2,2020-04-30 11:14:04,,8,5
745067664290487,511232300126144,2019,42,5,73,6040.0,1.0,1,ROMU,1,ROMU,5,2020-04-30 11:14:04,,8,5
745067665290487,511232300126144,2019,42,5,73,6040.0,2.0,1,ROMU,1,ROMU,5,2020-04-30 11:14:04,,8,5
745067666290487,511232300126144,2019,42,5,73,6040.0,3.0,1,ROMU,1,ROMU,8,2020-04-30 11:14:04,,8,5
745067667290487,511232300126144,2019,42,5,73,6040.0,4.0,1,ROMU,1,ROMU,1,2020-04-30 11:14:04,,8,5
745061452290487,511232211126144,2019,42,5,5,1974.0,3.0,2,BETH,1,BETH,1,2020-04-30 11:13:45,,8,5
745061453290487,511232211126144,2019,42,5,5,1974.0,4.0,2,BETH,1,BETH,1,2020-04-30 11:13:45,,8,5
745061454290487,511232211126144,2019,42,5,5,1974.0,3.0,2,ELUM,1,ELUM,2,2020-04-30 11:13:45,,8,5
745061455290487,511232211126144,2019,42,5,5,1974.0,4.0,2,ELUM,1,ELUM,1,2020-04-30 11:13:45,,8,5
745061456290487,511232211126144,2019,42,5,5,1974.0,3.0,2,ROMU,1,ROMU,9,2020-04-30 11:13:45,,8,5
745061457290487,511232211126144,2019,42,5,5,1974.0,4.0,2,ROMU,1,ROMU,3,2020-04-30 11:13:45,,8,5
745065462290487,511231867126144,2019,42,9,41,2260.0,1.0,1,ALPE4,1,ALPE4,1,2020-04-30 11:13:58,,8,5
745065463290487,511231867126144,2019,42,9,41,2260.0,2.0,1,ALPE4,1,ALPE4,1,2020-04-30 11:13:58,,8,5
745065464290487,511231867126144,2019,42,9,41,2260.0,3.0,1,ALPE4,1,ALPE4,1,2020-04-30 11:13:58,,8,5
745065465290487,511231867126144,2019,42,9,41,2260.0,3.0,1,LOJA,1,LOJA,10,2020-04-30 11:13:58,,8,5
745065466290487,511231867126144,2019,42,9,41,2260.0,4.0,1,LOJA,1,LOJA,3,2020-04-30 11:13:58,,8,5
745070308290487,511231804126144,2019,42,8,15,3392.0,2.0,2,ROMU,1,ROMU,7,2020-04-30 11:14:09,,8,5
745070309290487,511231804126144,2019,42,8,15,3392.0,3.0,2,ROMU,1,ROMU,1,2020-04-30 11:14:09,,8,5
745070406290487,511231818126144,2019,42,8,97,2743.0,2.0,1,ALPE4,1,ALPE4,1,2020-04-30 11:14:10,,8,5
745070407290487,511231818126144,2019,42,8,97,2743.0,2.0,1,BETH,1,BETH,1,2020-04-30 11:14:10,,8,5
745070408290487,511231818126144,2019,42,8,97,2743.0,2.0,1,MIVI,1,MIVI,13,2020-04-30 11:14:10,,8,5
745070409290487,511231818126144,2019,42,8,97,2743.0,3.0,1,MIVI,1,MIVI,1,2020-04-30 11:14:10,,8,5
745070410290487,511231818126144,2019,42,8,97,2743.0,2.0,1,ROMU,1,ROMU,3,2020-04-30 11:14:10,,8,5
745071055290487,511232157126144,2019,42,5,59,4439.0,2.0,2,LOJA,1,LOJA,10,2020-04-30 11:14:11,,8,5
745071056290487,511232157126144,2019,42,5,59,4439.0,3.0,2,LOJA,1,LOJA,10,2020-04-30 11:14:11,,8,5
745071057290487,511232157126144,2019,42,5,59,4439.0,2.0,2,ROMU,1,ROMU,3,2020-04-30 11:14:11,,8,5
745071058290487,511232157126144,2019,42,5,59,4439.0,3.0,2,ROMU,1,ROMU,6,2020-04-30 11:14:11,,8,5
745071059290487,511232157126144,2019,42,5,59,4439.0,2.0,2,ROPS,1,ROPS,10,2020-04-30 11:14:11,,8,5
745060768290487,511231859126144,2019,42,0,67,1951.0,1.0,1,ALPE4,1,ALPE4,1,2020-04-30 11:13:41,,8,5
745060769290487,511231859126144,2019,42,0,67,1951.0,1.0,1,BETH,1,BETH,1,2020-04-30 11:13:41,,8,5
745060770290487,511231859126144,2019,42,0,67,1951.0,2.0,1,BETH,1,BETH,3,2020-04-30 11:13:41,,8,5
745060771290487,511231859126144,2019,42,0,67,1951.0,3.0,1,BETH,1,BETH,1,2020-04-30 11:13:41,,8,5
745060772290487,511231859126144,2019,42,0,67,1951.0,1.0,1,CEOR7,1,CEOR7,1,2020-04-30 11:13:41,,8,5
745060773290487,511231859126144,2019,42,0,67,1951.0,3.0,1,CEOR7,1,CEOR7,1,2020-04-30 11:13:41,,8,5
745060774290487,511231859126144,2019,42,0,67,1951.0,2.0,1,LOJA,1,LOJA,2,2020-04-30 11:13:41,,8,5
745060775290487,511231859126144,2019,42,0,67,1951.0,1.0,1,LONIC,1,LONIC,1,2020-04-30 11:13:41,,8,5
745060776290487,511231859126144,2019,42,0,67,1951.0,3.0,1,LONIC,1,LONIC,1,2020-04-30 11:13:41,,8,5
745060777290487,511231859126144,2019,42,0,67,1951.0,4.0,1,LONIC,1,LONIC,1,2020-04-30 11:13:41,,8,5
745060778290487,511231859126144,2019,42,0,67,1951.0,1.0,1,LYNU,1,LYNU,1,2020-04-30 11:13:41,,8,5
745060779290487,511231859126144,2019,42,0,67,1951.0,3.0,1,MIVI,1,MIVI,1,2020-04-30 11:13:41,,8,5
745060780290487,511231859126144,2019,42,0,67,1951.0,4.0,1,MIVI,1,MIVI,2,2020-04-30 11:13:41,,8,5
745060781290487,511231859126144,2019,42,0,67,1951.0,1.0,1,ROMU,1,ROMU,4,2020-04-30 11:13:41,,8,5
745060782290487,511231859126144,2019,42,0,67,1951.0,2.0,1,ROMU,1,ROMU,4,2020-04-30 11:13:41,,8,5
745060783290487,511231859126144,2019,42,0,67,1951.0,3.0,1,ROMU,1,ROMU,4,2020-04-30 11:13:41,,8,5
745060784290487,511231859126144,2019,42,0,67,1951.0,4.0,1,ROPS,1,ROPS,1,2020-04-30 11:13:41,,8,5
745064850290487,511232176126144,2019,42,5,5,2625.0,1.0,1,ALPE4,1,ALPE4,1,2020-04-30 11:13:56,,8,5
745064851290487,511232176126144,2019,42,5,5,2625.0,4.0,1,ALPE4,1,ALPE4,1,2020-04-30 11:13:56,,8,5
745064852290487,511232176126144,2019,42,5,5,2625.0,1.0,1,LONIC,1,LONIC,1,2020-04-30 11:13:56,,8,5
745064853290487,511232176126144,2019,42,5,5,2625.0,2.0,1,LONIC,1,LONIC,1,2020-04-30 11:13:56,,8,5
745064854290487,511232176126144,2019,42,5,5,2625.0,3.0,1,LONIC,1,LONIC,3,2020-04-30 11:13:56,,8,5
745064855290487,511232176126144,2019,42,5,5,2625.0,4.0,1,LONIC,1,LONIC,1,2020-04-30 11:13:56,,8,5
745064856290487,511232176126144,2019,42,5,5,2625.0,1.0,1,MIVI,1,MIVI,10,2020-04-30 11:13:56,,8,5
745064857290487,511232176126144,2019,42,5,5,2625.0,4.0,1,MIVI,1,MIVI,1,2020-04-30 11:13:56,,8,5
745064858290487,511232176126144,2019,42,5,5,2625.0,2.0,1,RHCA3,1,RHCA3,1,2020-04-30 11:13:56,,8,5
745064859290487,511232176126144,2019,42,5,5,2625.0,4.0,1,RHCA3,1,RHCA3,1,2020-04-30 11:13:56,,8,5
745064860290487,511232176126144,2019,42,5,5,2625.0,1.0,1,ROMU,1,ROMU,2,2020-04-30 11:13:56,,8,5
745064861290487,511232176126144,2019,42,5,5,2625.0,2.0,1,ROMU,1,ROMU,1,2020-04-30 11:13:56,,8,5
745064862290487,511232176126144,2019,42,5,5,2625.0,3.0,1,ROMU,1,ROMU,1,2020-04-30 11:13:56,,8,5
745064863290487,511232176126144,2019,42,5,5,2625.0,4.0,1,ROMU,1,ROMU,5,2020-04-30 11:13:56,,8,5
745068460290487,511232143126144,2019,42,5,129,2903.0,2.0,1,BETH,1,BETH,3,2020-04-30 11:14:06,,8,5
745068461290487,511232143126144,2019,42,5,129,2903.0,1.0,1,MIVI,1,MIVI,50,2020-04-30 11:14:06,,8,5
745068462290487,511232143126144,2019,42,5,129,2903.0,2.0,1,MIVI,1,MIVI,35,2020-04-30 11:14:06,,8,5
745068463290487,511232143126144,2019,42,5,129,2903.0,3.0,1,MIVI,1,MIVI,20,2020-04-30 11:14:06,,8,5
745068464290487,511232143126144,2019,42,5,129,2903.0,4.0,1,MIVI,1,MIVI,25,2020-04-30 11:14:06,,8,5
745068465290487,511232143126144,2019,42,5,129,2903.0,1.0,1,ROMU,1,ROMU,5,2020-04-30 11:14:06,,8,5
745068466290487,511232143126144,2019,42,5,129,2903.0,2.0,1,ROMU,1,ROMU,15,2020-04-30 11:14:06,,8,5
745068467290487,511232143126144,2019,42,5,129,2903.0,3.0,1,ROMU,1,ROMU,35,2020-04-30 11:14:06,,8,5
745068468290487,511232143126144,2019,42,5,129,2903.0,4.0,1,ROMU,1,ROMU,8,2020-04-30 11:14:06,,8,5
745069670290487,511232154126144,2019,42,7,51,4223.0,4.0,1,ALPE4,1,ALPE4,3,2020-04-30 11:14:08,,8,5
745069671290487,511232154126144,2019,42,7,51,4223.0,4.0,1,MIVI,1,MIVI,8,2020-04-30 11:14:08,,8,5
745069672290487,511232154126144,2019,42,7,51,4223.0,4.0,1,ROPS,1,ROPS,20,2020-04-30 11:14:08,,8,5
745070118290487,511231746126144,2019,42,9,71,5480.0,1.0,1,AIAL,1,AIAL,2,2020-04-30 11:14:09,,8,5
745070119290487,511231746126144,2019,42,9,71,5480.0,4.0,1,BETH,1,BETH,1,2020-04-30 11:14:09,,8,5
745070120290487,511231746126144,2019,42,9,71,5480.0,1.0,1,ELUM,1,ELUM,1,2020-04-30 11:14:09,,8,5
745070121290487,511231746126144,2019,42,9,71,5480.0,4.0,1,ELUM,1,ELUM,1,2020-04-30 11:14:09,,8,5
745070122290487,511231746126144,2019,42,9,71,5480.0,1.0,1,LOJA,1,LOJA,1,2020-04-30 11:14:09,,8,5
745070123290487,511231746126144,2019,42,9,71,5480.0,3.0,1,LOJA,1,LOJA,1,2020-04-30 11:14:09,,8,5
745070124290487,511231746126144,2019,42,9,71,5480.0,4.0,1,LOJA,1,LOJA,1,2020-04-30 11:14:09,,8,5
745070125290487,511231746126144,2019,42,9,71,5480.0,1.0,1,MIVI,1,MIVI,2,2020-04-30 11:14:09,,8,5
745070126290487,511231746126144,2019,42,9,71,5480.0,3.0,1,MIVI,1,MIVI,3,2020-04-30 11:14:09,,8,5
745070127290487,511231746126144,2019,42,9,71,5480.0,4.0,1,MIVI,1,MIVI,1,2020-04-30 11:14:09,,8,5
745070128290487,511231746126144,2019,42,9,71,5480.0,1.0,1,ROMU,1,ROMU,4,2020-04-30 11:14:09,,8,5
745070129290487,511231746126144,2019,42,9,71,5480.0,2.0,1,ROMU,1,ROMU,1,2020-04-30 11:14:09,,8,5
745070130290487,511231746126144,2019,42,9,71,5480.0,4.0,1,ROMU,1,ROMU,3,2020-04-30 11:14:09,,8,5
745073312290487,511231771126144,2019,42,8,79,2528.0,3.0,1,ROMU,1,ROMU,1,2020-04-30 11:14:17,,8,5
745073473290487,511231785126144,2019,42,0,43,2114.0,2.0,1,MIVI,1,MIVI,1,2020-04-30 11:14:17,,8,5
745073716290487,511231943126144,2019,42,0,61,5127.0,4.0,1,BETH,1,BETH,1,2020-04-30 11:14:18,,8,5
745073717290487,511231943126144,2019,42,0,61,5127.0,1.0,1,ELUM,1,ELUM,1,2020-04-30 11:14:18,,8,5
745073718290487,511231943126144,2019,42,0,61,5127.0,2.0,1,ELUM,1,ELUM,15,2020-04-30 11:14:18,,8,5
745073719290487,511231943126144,2019,42,0,61,5127.0,4.0,1,ELUM,1,ELUM,1,2020-04-30 11:14:18,,8,5
745073720290487,511231943126144,2019,42,0,61,5127.0,1.0,1,MIVI,1,MIVI,75,2020-04-30 11:14:18,,8,5
745073721290487,511231943126144,2019,42,0,61,5127.0,2.0,1,MIVI,1,MIVI,4,2020-04-30 11:14:18,,8,5
745073722290487,511231943126144,2019,42,0,61,5127.0,3.0,1,MIVI,1,MIVI,70,2020-04-30 11:14:18,,8,5
745073723290487,511231943126144,2019,42,0,61,5127.0,4.0,1,MIVI,1,MIVI,95,2020-04-30 11:14:18,,8,5
745073724290487,511231943126144,2019,42,0,61,5127.0,2.0,1,ROMU,1,ROMU,1,2020-04-30 11:14:18,,8,5
745073725290487,511231943126144,2019,42,0,61,5127.0,3.0,1,ROMU,1,ROMU,2,2020-04-30 11:14:18,,8,5
745073726290487,511231943126144,2019,42,0,61,5127.0,4.0,1,ROMU,1,ROMU,1,2020-04-30 11:14:18,,8,5
745074475290487,511232287126144,2019,42,5,49,1955.0,1.0,1,CEOR7,1,CEOR7,1,2020-04-30 11:14:19,,8,5
745074476290487,511232287126144,2019,42,5,49,1955.0,2.0,1,CEOR7,1,CEOR7,2,2020-04-30 11:14:19,,8,5
745074477290487,511232287126144,2019,42,5,49,1955.0,4.0,1,CEOR7,1,CEOR7,3,2020-04-30 11:14:19,,8,5
745074478290487,511232287126144,2019,42,5,49,1955.0,1.0,1,RHCA3,1,RHCA3,1,2020-04-30 11:14:19,,8,5
745074479290487,511232287126144,2019,42,5,49,1955.0,2.0,1,RHCA3,1,RHCA3,2,2020-04-30 11:14:19,,8,5
745074480290487,511232287126144,2019,42,5,49,1955.0,4.0,1,RHCA3,1,RHCA3,1,2020-04-30 11:14:19,,8,5
745074481290487,511232287126144,2019,42,5,49,1955.0,1.0,1,ROMU,1,ROMU,1,2020-04-30 11:14:19,,8,5
745074482290487,511232287126144,2019,42,5,49,1955.0,2.0,1,ROMU,1,ROMU,5,2020-04-30 11:14:19,,8,5
745074483290487,511232287126144,2019,42,5,49,1955.0,3.0,2,ROMU,1,ROMU,1,2020-04-30 11:14:19,,8,5
745074484290487,511232287126144,2019,42,5,49,1955.0,4.0,1,ROMU,1,ROMU,3,2020-04-30 11:14:19,,8,5
745074485290487,511232287126144,2019,42,5,49,1955.0,2.0,1,ROPS,1,ROPS,3,2020-04-30 11:14:19,,8,5
745074486290487,511232287126144,2019,42,5,49,1955.0,4.0,1,ROPS,1,ROPS,1,2020-04-30 11:14:19,,8,5
745074649290487,511231671126144,2019,42,9,11,2310.0,1.0,1,AIAL,1,AIAL,1,2020-04-30 11:14:20,,8,5
745074650290487,511231671126144,2019,42,9,11,2310.0,2.0,1,AIAL,1,AIAL,1,2020-04-30 11:14:20,,8,5
745074651290487,511231671126144,2019,42,9,11,2310.0,4.0,1,AIAL,1,AIAL,1,2020-04-30 11:14:20,,8,5
745074652290487,511231671126144,2019,42,9,11,2310.0,3.0,1,BETH,1,BETH,2,2020-04-30 11:14:20,,8,5
745074653290487,511231671126144,2019,42,9,11,2310.0,3.0,1,CEOR7,1,CEOR7,3,2020-04-30 11:14:20,,8,5
745074654290487,511231671126144,2019,42,9,11,2310.0,1.0,1,MIVI,1,MIVI,4,2020-04-30 11:14:20,,8,5
745065467290487,511231867126144,2019,42,9,41,2260.0,2.0,1,MIVI,1,MIVI,1,2020-04-30 11:13:58,,8,5
334784717489998,171958825020004,2014,42,6,33,4285.0,1.0,1,MIVI,1,MIVI,15,2015-05-29 06:46:14,,7,5
334784718489998,171958825020004,2014,42,6,33,4285.0,2.0,1,MIVI,1,MIVI,18,2015-05-29 06:46:14,,7,5
334784719489998,171958825020004,2014,42,6,33,4285.0,4.0,1,MIVI,1,MIVI,5,2015-05-29 06:46:14,,7,5
334784720489998,171958825020004,2014,42,6,33,4285.0,1.0,1,POCU6,1,POCU6,5,2015-05-29 06:46:14,,7,5
334784721489998,171958825020004,2014,42,6,33,4285.0,3.0,1,POCU6,1,POCU6,1,2015-05-29 06:46:14,,7,5
334784722489998,171958825020004,2014,42,6,33,4285.0,2.0,1,ROMU,1,ROMU,1,2015-05-29 06:46:14,,7,5
334784723489998,171958825020004,2014,42,6,33,4285.0,4.0,1,ROMU,1,ROMU,1,2015-05-29 06:46:14,,7,5
334784724489998,171958825020004,2014,42,6,33,4285.0,1.0,1,ROPS,1,ROPS,12,2015-05-29 06:46:14,,7,5
334784725489998,171958825020004,2014,42,6,33,4285.0,2.0,1,ROPS,1,ROPS,3,2015-05-29 06:46:14,,7,5
334784726489998,171958825020004,2014,42,6,33,4285.0,4.0,1,ROPS,1,ROPS,4,2015-05-29 06:46:14,,7,5
334784914489998,171958845020004,2014,42,8,115,4705.0,3.0,1,LOMO2,1,LOMO2,1,2015-05-29 06:46:15,,7,5
334784915489998,171958845020004,2014,42,8,115,4705.0,1.0,1,LYNU,1,LYNU,2,2015-05-29 06:46:15,,7,5
334784916489998,171958845020004,2014,42,8,115,4705.0,3.0,1,LYNU,1,LYNU,4,2015-05-29 06:46:15,,7,5
334784917489998,171958845020004,2014,42,8,115,4705.0,1.0,1,ROMU,1,ROMU,1,2015-05-29 06:46:15,,7,5
334784918489998,171958845020004,2014,42,8,115,4705.0,3.0,1,ROMU,1,ROMU,3,2015-05-29 06:46:15,,7,5
334784919489998,171958845020004,2014,42,8,115,4705.0,4.0,1,ROMU,1,ROMU,1,2015-05-29 06:46:15,,7,5
334785294489998,171958982020004,2014,42,0,61,4763.0,1.0,1,ALPE4,1,ALPE4,25,2015-05-29 06:46:16,,7,5
334785295489998,171958982020004,2014,42,0,61,4763.0,2.0,1,ALPE4,1,ALPE4,65,2015-05-29 06:46:16,,7,5
334785296489998,171958982020004,2014,42,0,61,4763.0,3.0,1,ALPE4,1,ALPE4,38,2015-05-29 06:46:16,,7,5
334785297489998,171958982020004,2014,42,0,61,4763.0,4.0,1,ALPE4,1,ALPE4,20,2015-05-29 06:46:16,,7,5
334785298489998,171958982020004,2014,42,0,61,4763.0,1.0,1,BETH,1,BETH,1,2015-05-29 06:46:16,,7,5
334785299489998,171958982020004,2014,42,0,61,4763.0,2.0,1,BETH,1,BETH,1,2015-05-29 06:46:16,,7,5
334785300489998,171958982020004,2014,42,0,61,4763.0,3.0,1,BETH,1,BETH,4,2015-05-29 06:46:16,,7,5
334785301489998,171958982020004,2014,42,0,61,4763.0,4.0,1,BETH,1,BETH,1,2015-05-29 06:46:16,,7,5
334785302489998,171958982020004,2014,42,0,61,4763.0,1.0,1,MIVI,1,MIVI,2,2015-05-29 06:46:16,,7,5
334773569489998,171959083020004,2014,42,6,27,3844.0,1.0,1,MIVI,1,MIVI,6,2015-05-29 06:45:43,,7,5
334774222489998,171959218020004,2014,42,8,79,5093.0,2.0,2,ALPE4,1,ALPE4,4,2015-05-29 06:45:45,,7,5
334774223489998,171959218020004,2014,42,8,79,5093.0,2.0,2,BETH,1,BETH,1,2015-05-29 06:45:45,,7,5
334774224489998,171959218020004,2014,42,8,79,5093.0,2.0,2,CEOR7,1,CEOR7,1,2015-05-29 06:45:45,,7,5
334774225489998,171959218020004,2014,42,8,79,5093.0,2.0,2,LOMO2,1,LOMO2,1,2015-05-29 06:45:45,,7,5
334774226489998,171959218020004,2014,42,8,79,5093.0,2.0,2,ROMU,1,ROMU,1,2015-05-29 06:45:45,,7,5
334774227489998,171959218020004,2014,42,8,79,5093.0,2.0,2,ROPS,1,ROPS,4,2015-05-29 06:45:45,,7,5
334774351489998,171959300020004,2014,42,7,51,4968.0,2.0,1,AIAL,1,AIAL,16,2015-05-29 06:45:46,,7,5
334774352489998,171959300020004,2014,42,7,51,4968.0,2.0,1,ALPE4,1,ALPE4,1,2015-05-29 06:45:46,,7,5
334774353489998,171959300020004,2014,42,7,51,4968.0,1.0,1,CEOR7,1,CEOR7,5,2015-05-29 06:45:46,,7,5
334774354489998,171959300020004,2014,42,7,51,4968.0,2.0,1,CEOR7,1,CEOR7,10,2015-05-29 06:45:46,,7,5
334774355489998,171959300020004,2014,42,7,51,4968.0,4.0,1,CEOR7,1,CEOR7,3,2015-05-29 06:45:46,,7,5
334774356489998,171959300020004,2014,42,7,51,4968.0,1.0,1,LOJA,1,LOJA,12,2015-05-29 06:45:46,,7,5
334774357489998,171959300020004,2014,42,7,51,4968.0,2.0,1,LOJA,1,LOJA,5,2015-05-29 06:45:46,,7,5
334774358489998,171959300020004,2014,42,7,51,4968.0,4.0,1,LOJA,1,LOJA,10,2015-05-29 06:45:46,,7,5
334774359489998,171959300020004,2014,42,7,51,4968.0,1.0,1,LOTA,1,LOTA,18,2015-05-29 06:45:46,,7,5
334774360489998,171959300020004,2014,42,7,51,4968.0,2.0,1,LOTA,1,LOTA,5,2015-05-29 06:45:46,,7,5
334774361489998,171959300020004,2014,42,7,51,4968.0,4.0,1,LOTA,1,LOTA,25,2015-05-29 06:45:46,,7,5
334774362489998,171959300020004,2014,42,7,51,4968.0,2.0,1,ROMU,1,ROMU,2,2015-05-29 06:45:46,,7,5
334774363489998,171959300020004,2014,42,7,51,4968.0,4.0,1,ROMU,1,ROMU,18,2015-05-29 06:45:46,,7,5
334774364489998,171959300020004,2014,42,7,51,4968.0,2.0,1,ROPS,1,ROPS,25,2015-05-29 06:45:46,,7,5
334774365489998,171959300020004,2014,42,7,51,4968.0,4.0,1,ROPS,1,ROPS,25,2015-05-29 06:45:46,,7,5
334786345489998,171959259020004,2014,42,8,127,5333.0,1.0,1,BETH,1,BETH,4,2015-05-29 06:46:18,,7,5
334786346489998,171959259020004,2014,42,8,127,5333.0,2.0,1,BETH,1,BETH,1,2015-05-29 06:46:18,,7,5
334786347489998,171959259020004,2014,42,8,127,5333.0,2.0,1,CEOR7,1,CEOR7,1,2015-05-29 06:46:18,,7,5
334786348489998,171959259020004,2014,42,8,127,5333.0,1.0,1,HEMA3,1,HEMA3,4,2015-05-29 06:46:18,,7,5
334786349489998,171959259020004,2014,42,8,127,5333.0,2.0,1,LYNU,1,LYNU,1,2015-05-29 06:46:18,,7,5
334786350489998,171959259020004,2014,42,8,127,5333.0,3.0,1,LYNU,1,LYNU,2,2015-05-29 06:46:18,,7,5
334786351489998,171959259020004,2014,42,8,127,5333.0,4.0,1,LYNU,1,LYNU,15,2015-05-29 06:46:18,,7,5
334786352489998,171959259020004,2014,42,8,127,5333.0,1.0,1,ROMU,1,ROMU,3,2015-05-29 06:46:18,,7,5
334787061489998,171958747020004,2014,42,5,129,5610.0,3.0,2,LOJA,1,LOJA,10,2015-05-29 06:46:21,,7,5
334787062489998,171958747020004,2014,42,5,129,5610.0,1.0,2,LOMO2,1,LOMO2,3,2015-05-29 06:46:21,,7,5
334787063489998,171958747020004,2014,42,5,129,5610.0,3.0,2,LOMO2,1,LOMO2,3,2015-05-29 06:46:21,,7,5
334787064489998,171958747020004,2014,42,5,129,5610.0,3.0,2,ROMU,1,ROMU,1,2015-05-29 06:46:21,,7,5
334787065489998,171958747020004,2014,42,5,129,5610.0,3.0,2,ROPS,1,ROPS,10,2015-05-29 06:46:21,,7,5
334787167489998,171958772020004,2014,42,7,13,4053.0,2.0,2,ELUM,1,ELUM,20,2015-05-29 06:46:21,,7,5
334787168489998,171958772020004,2014,42,7,13,4053.0,2.0,2,LIVU,1,LIVU,3,2015-05-29 06:46:21,,7,5
334787169489998,171958772020004,2014,42,7,13,4053.0,2.0,2,LONIC,1,LONIC,30,2015-05-29 06:46:21,,7,5
334787170489998,171958772020004,2014,42,7,13,4053.0,2.0,2,ROMU,1,ROMU,6,2015-05-29 06:46:21,,7,5
334787283489998,171958998020004,2014,42,0,55,4752.0,1.0,1,ACPL,1,ACPL,2,2015-05-29 06:46:22,,7,5
334787284489998,171958998020004,2014,42,0,55,4752.0,2.0,1,ACPL,1,ACPL,2,2015-05-29 06:46:22,,7,5
334787285489998,171958998020004,2014,42,0,55,4752.0,3.0,1,ACPL,1,ACPL,4,2015-05-29 06:46:22,,7,5
334787286489998,171958998020004,2014,42,0,55,4752.0,4.0,1,ACPL,1,ACPL,4,2015-05-29 06:46:22,,7,5
334787287489998,171958998020004,2014,42,0,55,4752.0,2.0,1,AIAL,1,AIAL,15,2015-05-29 06:46:22,,7,5
334787288489998,171958998020004,2014,42,0,55,4752.0,4.0,1,AIAL,1,AIAL,9,2015-05-29 06:46:22,,7,5
334787289489998,171958998020004,2014,42,0,55,4752.0,1.0,1,ALPE4,1,ALPE4,50,2015-05-29 06:46:22,,7,5
334787290489998,171958998020004,2014,42,0,55,4752.0,3.0,1,ALPE4,1,ALPE4,65,2015-05-29 06:46:22,,7,5
334787291489998,171958998020004,2014,42,0,55,4752.0,4.0,1,ALPE4,1,ALPE4,5,2015-05-29 06:46:22,,7,5
334787292489998,171958998020004,2014,42,0,55,4752.0,1.0,1,LOJA,1,LOJA,2,2015-05-29 06:46:22,,7,5
334787293489998,171958998020004,2014,42,0,55,4752.0,2.0,1,LOJA,1,LOJA,37,2015-05-29 06:46:22,,7,5
334787294489998,171958998020004,2014,42,0,55,4752.0,3.0,1,MIVI,1,MIVI,5,2015-05-29 06:46:22,,7,5
334787295489998,171958998020004,2014,42,0,55,4752.0,4.0,1,MIVI,1,MIVI,35,2015-05-29 06:46:22,,7,5
334787296489998,171958998020004,2014,42,0,55,4752.0,1.0,1,ROMU,1,ROMU,10,2015-05-29 06:46:22,,7,5
334787297489998,171958998020004,2014,42,0,55,4752.0,2.0,1,ROMU,1,ROMU,5,2015-05-29 06:46:22,,7,5
334787298489998,171958998020004,2014,42,0,55,4752.0,3.0,1,ROMU,1,ROMU,3,2015-05-29 06:46:22,,7,5
334787299489998,171958998020004,2014,42,0,55,4752.0,4.0,1,ROMU,1,ROMU,18,2015-05-29 06:46:22,,7,5
334788214489998,171959187020004,2014,42,8,107,3126.0,4.0,3,BETH,1,BETH,17,2015-05-29 06:46:25,,7,5
334788215489998,171959187020004,2014,42,8,107,3126.0,4.0,3,LOJA,1,LOJA,5,2015-05-29 06:46:25,,7,5
334788216489998,171959187020004,2014,42,8,107,3126.0,4.0,3,LONIC,1,LONIC,7,2015-05-29 06:46:25,,7,5
334788217489998,171959187020004,2014,42,8,107,3126.0,4.0,3,ROMU,1,ROMU,30,2015-05-29 06:46:25,,7,5
334788340489998,171958403020004,2014,42,0,67,5805.0,1.0,1,ALPE4,1,ALPE4,10,2015-05-29 06:46:26,,7,5
334788341489998,171958403020004,2014,42,0,67,5805.0,2.0,1,ALPE4,1,ALPE4,7,2015-05-29 06:46:26,,7,5
334788342489998,171958403020004,2014,42,0,67,5805.0,4.0,1,ALPE4,1,ALPE4,1,2015-05-29 06:46:26,,7,5
334788343489998,171958403020004,2014,42,0,67,5805.0,1.0,1,BEVU,1,BEVU,3,2015-05-29 06:46:26,,7,5
334788344489998,171958403020004,2014,42,0,67,5805.0,1.0,1,ELUM,1,ELUM,1,2015-05-29 06:46:26,,7,5
334788345489998,171958403020004,2014,42,0,67,5805.0,2.0,1,ELUM,1,ELUM,2,2015-05-29 06:46:26,,7,5
334788346489998,171958403020004,2014,42,0,67,5805.0,1.0,1,LOJA,1,LOJA,10,2015-05-29 06:46:26,,7,5
334788347489998,171958403020004,2014,42,0,67,5805.0,2.0,1,LOJA,1,LOJA,6,2015-05-29 06:46:26,,7,5
334788348489998,171958403020004,2014,42,0,67,5805.0,4.0,1,LOJA,1,LOJA,45,2015-05-29 06:46:26,,7,5
334788349489998,171958403020004,2014,42,0,67,5805.0,1.0,1,LOMO2,1,LOMO2,28,2015-05-29 06:46:26,,7,5
334788350489998,171958403020004,2014,42,0,67,5805.0,2.0,1,LOMO2,1,LOMO2,5,2015-05-29 06:46:26,,7,5
334788351489998,171958403020004,2014,42,0,67,5805.0,4.0,1,LOMO2,1,LOMO2,3,2015-05-29 06:46:26,,7,5
334788352489998,171958403020004,2014,42,0,67,5805.0,1.0,1,ROMU,1,ROMU,2,2015-05-29 06:46:26,,7,5
334788353489998,171958403020004,2014,42,0,67,5805.0,2.0,1,ROMU,1,ROMU,3,2015-05-29 06:46:26,,7,5
334788354489998,171958403020004,2014,42,0,67,5805.0,4.0,1,ROMU,1,ROMU,3,2015-05-29 06:46:26,,7,5
334788355489998,171958403020004,2014,42,0,67,5805.0,2.0,1,ROPS,1,ROPS,16,2015-05-29 06:46:26,,7,5
334788544489998,171958410020004,2014,42,6,47,4965.0,1.0,1,RHCA3,1,RHCA3,1,2015-05-29 06:46:26,,7,5
334788545489998,171958410020004,2014,42,6,47,4965.0,2.0,1,RHCA3,1,RHCA3,1,2015-05-29 06:46:26,,7,5
334788546489998,171958410020004,2014,42,6,47,4965.0,4.0,1,RHCA3,1,RHCA3,2,2015-05-29 06:46:26,,7,5
334788850489998,171958499020004,2014,42,5,63,5867.0,1.0,1,MIVI,1,MIVI,3,2015-05-29 06:46:27,,7,5
334788851489998,171958499020004,2014,42,5,63,5867.0,1.0,1,ROMU,1,ROMU,15,2015-05-29 06:46:27,,7,5
334788852489998,171958499020004,2014,42,5,63,5867.0,2.0,1,ROMU,1,ROMU,25,2015-05-29 06:46:27,,7,5
334788853489998,171958499020004,2014,42,5,63,5867.0,4.0,1,ROMU,1,ROMU,10,2015-05-29 06:46:27,,7,5
334788854489998,171958499020004,2014,42,5,63,5867.0,4.0,1,ROPS,1,ROPS,3,2015-05-29 06:46:27,,7,5
334789307489998,171958534020004,2014,42,7,111,4888.0,2.0,1,BETH,1,BETH,16,2015-05-29 06:46:27,,7,5
334789308489998,171958534020004,2014,42,7,111,4888.0,4.0,1,BETH,1,BETH,5,2015-05-29 06:46:27,,7,5
334789309489998,171958534020004,2014,42,7,111,4888.0,1.0,1,ROMU,1,ROMU,25,2015-05-29 06:46:27,,7,5
334789310489998,171958534020004,2014,42,7,111,4888.0,2.0,1,ROMU,1,ROMU,10,2015-05-29 06:46:27,,7,5
334789311489998,171958534020004,2014,42,7,111,4888.0,3.0,1,ROMU,1,ROMU,1,2015-05-29 06:46:27,,7,5
334789312489998,171958534020004,2014,42,7,111,4888.0,4.0,1,ROMU,1,ROMU,7,2015-05-29 06:46:27,,7,5
334789313489998,171958534020004,2014,42,7,111,4888.0,1.0,1,ROPS,1,ROPS,12,2015-05-29 06:46:27,,7,5
334789314489998,171958534020004,2014,42,7,111,4888.0,2.0,1,ROPS,1,ROPS,10,2015-05-29 06:46:27,,7,5
334790179489998,171958626020004,2014,42,5,85,5614.0,4.0,3,LOMO2,1,LOMO2,15,2015-05-29 06:46:29,,7,5
334790180489998,171958626020004,2014,42,5,85,5614.0,4.0,3,ROMU,1,ROMU,1,2015-05-29 06:46:29,,7,5
334790181489998,171958626020004,2014,42,5,85,5614.0,4.0,3,ROPS,1,ROPS,10,2015-05-29 06:46:29,,7,5
334790227489998,171958640020004,2014,42,5,7,3799.0,2.0,2,AIAL,1,AIAL,1,2015-05-29 06:46:29,,7,5
334790228489998,171958640020004,2014,42,5,7,3799.0,4.0,3,ALPE4,1,ALPE4,1,2015-05-29 06:46:29,,7,5
334790229489998,171958640020004,2014,42,5,7,3799.0,1.0,2,CEOR7,1,CEOR7,1,2015-05-29 06:46:29,,7,5
334790230489998,171958640020004,2014,42,5,7,3799.0,2.0,2,CEOR7,1,CEOR7,25,2015-05-29 06:46:29,,7,5
334790231489998,171958640020004,2014,42,5,7,3799.0,4.0,3,CEOR7,1,CEOR7,6,2015-05-29 06:46:29,,7,5
334790232489998,171958640020004,2014,42,5,7,3799.0,4.0,3,ELUM,1,ELUM,4,2015-05-29 06:46:29,,7,5
334790233489998,171958640020004,2014,42,5,7,3799.0,2.0,2,LOMO2,1,LOMO2,7,2015-05-29 06:46:29,,7,5
334790234489998,171958640020004,2014,42,5,7,3799.0,4.0,3,LOMO2,1,LOMO2,3,2015-05-29 06:46:29,,7,5
334790235489998,171958640020004,2014,42,5,7,3799.0,2.0,2,ROMU,1,ROMU,6,2015-05-29 06:46:29,,7,5
334790236489998,171958640020004,2014,42,5,7,3799.0,4.0,3,ROMU,1,ROMU,7,2015-05-29 06:46:29,,7,5
334790331489998,171958645020004,2014,42,5,7,5044.0,4.0,1,BETH,1,BETH,1,2015-05-29 06:46:30,,7,5
334790332489998,171958645020004,2014,42,5,7,5044.0,1.0,1,CEOR7,1,CEOR7,10,2015-05-29 06:46:30,,7,5
745075081290487,511231652126144,2019,42,8,127,2564.0,2.0,1,ALPE4,1,ALPE4,3,2020-04-30 11:14:21,,8,5
745075082290487,511231652126144,2019,42,8,127,2564.0,4.0,1,ALPE4,1,ALPE4,1,2020-04-30 11:14:21,,8,5
745075083290487,511231652126144,2019,42,8,127,2564.0,1.0,1,BETH,1,BETH,1,2020-04-30 11:14:21,,8,5
745075084290487,511231652126144,2019,42,8,127,2564.0,2.0,1,BETH,1,BETH,2,2020-04-30 11:14:21,,8,5
745075085290487,511231652126144,2019,42,8,127,2564.0,4.0,1,BETH,1,BETH,2,2020-04-30 11:14:21,,8,5
745075086290487,511231652126144,2019,42,8,127,2564.0,2.0,1,LOMA6,1,LOMA6,2,2020-04-30 11:14:21,,8,5
745075087290487,511231652126144,2019,42,8,127,2564.0,2.0,1,MIVI,1,MIVI,1,2020-04-30 11:14:21,,8,5
745075088290487,511231652126144,2019,42,8,127,2564.0,1.0,1,ROMU,1,ROMU,1,2020-04-30 11:14:21,,8,5
745075089290487,511231652126144,2019,42,8,127,2564.0,2.0,1,ROMU,1,ROMU,3,2020-04-30 11:14:21,,8,5
745075090290487,511231652126144,2019,42,8,127,2564.0,4.0,1,ROMU,1,ROMU,1,2020-04-30 11:14:21,,8,5
745062291290487,511231692126144,2019,42,8,89,5757.0,4.0,1,ALPE4,1,ALPE4,1,2020-04-30 11:13:48,,8,5
745062292290487,511231692126144,2019,42,8,89,5757.0,3.0,1,CIAR4,1,CIAR4,1,2020-04-30 11:13:48,,8,5
745062293290487,511231692126144,2019,42,8,89,5757.0,4.0,1,MIVI,1,MIVI,2,2020-04-30 11:13:48,,8,5
745062294290487,511231692126144,2019,42,8,89,5757.0,3.0,1,ROMU,1,ROMU,1,2020-04-30 11:13:48,,8,5
745062295290487,511231692126144,2019,42,8,89,5757.0,4.0,1,ROMU,1,ROMU,1,2020-04-30 11:13:48,,8,5
745066501290487,511232127126144,2019,42,6,31,3902.0,2.0,2,BETH,1,BETH,1,2020-04-30 11:14:01,,8,5
745066502290487,511232127126144,2019,42,6,31,3902.0,3.0,1,ELUM,1,ELUM,1,2020-04-30 11:14:01,,8,5
745066503290487,511232127126144,2019,42,6,31,3902.0,2.0,2,LOMO2,1,LOMO2,1,2020-04-30 11:14:01,,8,5
745066504290487,511232127126144,2019,42,6,31,3902.0,4.0,2,LOMO2,1,LOMO2,1,2020-04-30 11:14:01,,8,5
745066505290487,511232127126144,2019,42,6,31,3902.0,1.0,1,ROMU,1,ROMU,4,2020-04-30 11:14:01,,8,5
745066506290487,511232127126144,2019,42,6,31,3902.0,2.0,2,ROMU,1,ROMU,1,2020-04-30 11:14:01,,8,5
745066507290487,511232127126144,2019,42,6,31,3902.0,3.0,1,ROMU,1,ROMU,1,2020-04-30 11:14:01,,8,5
745066508290487,511232127126144,2019,42,6,31,3902.0,4.0,2,ROMU,1,ROMU,1,2020-04-30 11:14:01,,8,5
745072708290487,511231980126144,2019,42,6,27,2236.0,1.0,1,BETH,1,BETH,1,2020-04-30 11:14:16,,8,5
745072709290487,511231980126144,2019,42,6,27,2236.0,3.0,1,BETH,1,BETH,2,2020-04-30 11:14:16,,8,5
745072710290487,511231980126144,2019,42,6,27,2236.0,4.0,1,BETH,1,BETH,1,2020-04-30 11:14:16,,8,5
745072711290487,511231980126144,2019,42,6,27,2236.0,1.0,1,ELUM,1,ELUM,1,2020-04-30 11:14:16,,8,5
745072712290487,511231980126144,2019,42,6,27,2236.0,3.0,1,ELUM,1,ELUM,17,2020-04-30 11:14:16,,8,5
745072713290487,511231980126144,2019,42,6,27,2236.0,4.0,1,ELUM,1,ELUM,3,2020-04-30 11:14:16,,8,5
745072714290487,511231980126144,2019,42,6,27,2236.0,1.0,1,ROMU,1,ROMU,1,2020-04-30 11:14:16,,8,5
745072715290487,511231980126144,2019,42,6,27,2236.0,3.0,1,ROMU,1,ROMU,1,2020-04-30 11:14:16,,8,5
745072716290487,511231980126144,2019,42,6,27,2236.0,4.0,1,ROMU,1,ROMU,5,2020-04-30 11:14:16,,8,5
745072933290487,511232153126144,2019,42,7,51,2169.0,2.0,2,ALPE4,1,ALPE4,1,2020-04-30 11:14:16,,8,5
745072934290487,511232153126144,2019,42,7,51,2169.0,1.0,2,BETH,1,BETH,1,2020-04-30 11:14:16,,8,5
745072935290487,511232153126144,2019,42,7,51,2169.0,2.0,2,BETH,1,BETH,10,2020-04-30 11:14:16,,8,5
745072936290487,511232153126144,2019,42,7,51,2169.0,4.0,2,BETH,1,BETH,3,2020-04-30 11:14:16,,8,5
745072937290487,511232153126144,2019,42,7,51,2169.0,1.0,2,CEOR7,1,CEOR7,1,2020-04-30 11:14:16,,8,5
745072938290487,511232153126144,2019,42,7,51,2169.0,2.0,2,CEOR7,1,CEOR7,10,2020-04-30 11:14:16,,8,5
745072939290487,511232153126144,2019,42,7,51,2169.0,4.0,2,CEOR7,1,CEOR7,10,2020-04-30 11:14:16,,8,5
745072940290487,511232153126144,2019,42,7,51,2169.0,1.0,2,ELUM,1,ELUM,20,2020-04-30 11:14:16,,8,5
745072941290487,511232153126144,2019,42,7,51,2169.0,2.0,2,ELUM,1,ELUM,15,2020-04-30 11:14:16,,8,5
745072942290487,511232153126144,2019,42,7,51,2169.0,4.0,2,ELUM,1,ELUM,25,2020-04-30 11:14:16,,8,5
745072943290487,511232153126144,2019,42,7,51,2169.0,1.0,2,LIVU,1,LIVU,1,2020-04-30 11:14:16,,8,5
745072944290487,511232153126144,2019,42,7,51,2169.0,2.0,2,LIVU,1,LIVU,25,2020-04-30 11:14:16,,8,5
745072945290487,511232153126144,2019,42,7,51,2169.0,4.0,2,LIVU,1,LIVU,3,2020-04-30 11:14:16,,8,5
745072946290487,511232153126144,2019,42,7,51,2169.0,1.0,2,LOJA,1,LOJA,1,2020-04-30 11:14:16,,8,5
745072947290487,511232153126144,2019,42,7,51,2169.0,4.0,2,LOJA,1,LOJA,1,2020-04-30 11:14:16,,8,5
745072948290487,511232153126144,2019,42,7,51,2169.0,1.0,2,LOMO2,1,LOMO2,1,2020-04-30 11:14:16,,8,5
745072949290487,511232153126144,2019,42,7,51,2169.0,2.0,2,LOMO2,1,LOMO2,25,2020-04-30 11:14:16,,8,5
745072950290487,511232153126144,2019,42,7,51,2169.0,4.0,2,LOMO2,1,LOMO2,7,2020-04-30 11:14:16,,8,5
745072951290487,511232153126144,2019,42,7,51,2169.0,2.0,2,MIVI,1,MIVI,15,2020-04-30 11:14:16,,8,5
745072952290487,511232153126144,2019,42,7,51,2169.0,4.0,2,MIVI,1,MIVI,12,2020-04-30 11:14:16,,8,5
745072953290487,511232153126144,2019,42,7,51,2169.0,1.0,2,ROMU,1,ROMU,1,2020-04-30 11:14:16,,8,5
745072954290487,511232153126144,2019,42,7,51,2169.0,2.0,2,ROMU,1,ROMU,5,2020-04-30 11:14:16,,8,5
745072955290487,511232153126144,2019,42,7,51,2169.0,4.0,2,ROMU,1,ROMU,2,2020-04-30 11:14:16,,8,5
745072956290487,511232153126144,2019,42,7,51,2169.0,2.0,2,ROPS,1,ROPS,10,2020-04-30 11:14:16,,8,5
745073078290487,511231821126144,2019,42,8,97,3664.0,1.0,2,ACPL,1,ACPL,1,2020-04-30 11:14:16,,8,5
745073079290487,511231821126144,2019,42,8,97,3664.0,1.0,3,ACPL,1,ACPL,2,2020-04-30 11:14:16,,8,5
745073080290487,511231821126144,2019,42,8,97,3664.0,3.0,2,ACPL,1,ACPL,1,2020-04-30 11:14:16,,8,5
745073081290487,511231821126144,2019,42,8,97,3664.0,3.0,2,BETH,1,BETH,1,2020-04-30 11:14:16,,8,5
745073082290487,511231821126144,2019,42,8,97,3664.0,1.0,3,ELUM,1,ELUM,1,2020-04-30 11:14:16,,8,5
745073083290487,511231821126144,2019,42,8,97,3664.0,1.0,3,LOJA,1,LOJA,1,2020-04-30 11:14:16,,8,5
745073084290487,511231821126144,2019,42,8,97,3664.0,1.0,3,LOMA6,1,LOMA6,2,2020-04-30 11:14:16,,8,5
745073085290487,511231821126144,2019,42,8,97,3664.0,1.0,3,LONIC,1,LONIC,1,2020-04-30 11:14:16,,8,5
745073086290487,511231821126144,2019,42,8,97,3664.0,3.0,2,LONIC,1,LONIC,2,2020-04-30 11:14:16,,8,5
745073087290487,511231821126144,2019,42,8,97,3664.0,1.0,2,MIVI,1,MIVI,1,2020-04-30 11:14:16,,8,5
745073088290487,511231821126144,2019,42,8,97,3664.0,1.0,3,MIVI,1,MIVI,1,2020-04-30 11:14:16,,8,5
745073089290487,511231821126144,2019,42,8,97,3664.0,3.0,2,MIVI,1,MIVI,1,2020-04-30 11:14:16,,8,5
745073090290487,511231821126144,2019,42,8,97,3664.0,4.0,3,MIVI,1,MIVI,16,2020-04-30 11:14:16,,8,5
745073091290487,511231821126144,2019,42,8,97,3664.0,1.0,3,ROMU,1,ROMU,4,2020-04-30 11:14:16,,8,5
334775794489998,171958673020004,2014,42,5,19,5535.0,4.0,1,BETH,1,BETH,1,2015-05-29 06:45:51,,7,5
334775795489998,171958673020004,2014,42,5,19,5535.0,1.0,1,ROMU,1,ROMU,1,2015-05-29 06:45:51,,7,5
334775796489998,171958673020004,2014,42,5,19,5535.0,4.0,1,ROMU,1,ROMU,1,2015-05-29 06:45:51,,7,5
334795473489998,171958992020004,2014,42,0,99,5240.0,3.0,1,AIAL,1,AIAL,3,2015-05-29 06:46:44,,7,5
334795474489998,171958992020004,2014,42,0,99,5240.0,1.0,1,BEVU,1,BEVU,1,2015-05-29 06:46:44,,7,5
334795475489998,171958992020004,2014,42,0,99,5240.0,4.0,1,BEVU,1,BEVU,2,2015-05-29 06:46:44,,7,5
334795476489998,171958992020004,2014,42,0,99,5240.0,1.0,1,ROMU,1,ROMU,10,2015-05-29 06:46:44,,7,5
334795477489998,171958992020004,2014,42,0,99,5240.0,2.0,1,ROMU,1,ROMU,1,2015-05-29 06:46:44,,7,5
334795478489998,171958992020004,2014,42,0,99,5240.0,4.0,1,ROMU,1,ROMU,7,2015-05-29 06:46:44,,7,5
334795479489998,171958992020004,2014,42,0,99,5240.0,4.0,1,ROPS,1,ROPS,1,2015-05-29 06:46:44,,7,5
334796264489998,171959119020004,2014,42,6,35,3837.0,2.0,2,POCU6,1,POCU6,4,2015-05-29 06:46:46,,7,5
334796265489998,171959119020004,2014,42,6,35,3837.0,1.0,2,ROPS,1,ROPS,4,2015-05-29 06:46:46,,7,5
334796266489998,171959119020004,2014,42,6,35,3837.0,2.0,2,ROPS,1,ROPS,4,2015-05-29 06:46:46,,7,5
334796267489998,171959119020004,2014,42,6,35,3837.0,4.0,2,ROPS,1,ROPS,1,2015-05-29 06:46:46,,7,5
334796363489998,171959139020004,2014,42,8,103,4578.0,1.0,1,BETH,1,BETH,5,2015-05-29 06:46:46,,7,5
334796364489998,171959139020004,2014,42,8,103,4578.0,2.0,1,BETH,1,BETH,3,2015-05-29 06:46:46,,7,5
334796365489998,171959139020004,2014,42,8,103,4578.0,2.0,2,BETH,1,BETH,9,2015-05-29 06:46:46,,7,5
334796366489998,171959139020004,2014,42,8,103,4578.0,3.0,1,BETH,1,BETH,4,2015-05-29 06:46:46,,7,5
334796367489998,171959139020004,2014,42,8,103,4578.0,4.0,1,BETH,1,BETH,12,2015-05-29 06:46:46,,7,5
334796368489998,171959139020004,2014,42,8,103,4578.0,1.0,1,ROMU,1,ROMU,1,2015-05-29 06:46:46,,7,5
334796369489998,171959139020004,2014,42,8,103,4578.0,1.0,1,SPJA,1,SPJA,13,2015-05-29 06:46:46,,7,5
334796370489998,171959139020004,2014,42,8,103,4578.0,2.0,1,SPJA,1,SPJA,2,2015-05-29 06:46:46,,7,5
334796371489998,171959139020004,2014,42,8,103,4578.0,2.0,2,SPJA,1,SPJA,1,2015-05-29 06:46:46,,7,5
334796372489998,171959139020004,2014,42,8,103,4578.0,3.0,1,SPJA,1,SPJA,10,2015-05-29 06:46:46,,7,5
334796373489998,171959139020004,2014,42,8,103,4578.0,4.0,1,SPJA,1,SPJA,4,2015-05-29 06:46:46,,7,5
334797055489998,171959256020004,2014,42,0,109,2971.0,1.0,1,MIVI,1,MIVI,6,2015-05-29 06:46:47,,7,5
334797056489998,171959256020004,2014,42,0,109,2971.0,3.0,1,MIVI,1,MIVI,2,2015-05-29 06:46:47,,7,5
334797057489998,171959256020004,2014,42,0,109,2971.0,4.0,1,MIVI,1,MIVI,3,2015-05-29 06:46:47,,7,5
334797058489998,171959256020004,2014,42,0,109,2971.0,1.0,1,ROMU,1,ROMU,3,2015-05-29 06:46:47,,7,5
334797059489998,171959256020004,2014,42,0,109,2971.0,3.0,1,ROMU,1,ROMU,1,2015-05-29 06:46:47,,7,5
382480783489998,171958612020004,2015,42,5,39,5779.0,2.0,2,ROMU,1,ROMU,1,2016-03-25 09:07:43,,7,6
382480826489998,171958786020004,2015,42,6,33,5146.0,2.0,1,ROMU,1,ROMU,3,2016-03-25 09:07:44,,7,6
382480827489998,171958786020004,2015,42,6,33,5146.0,4.0,1,ROMU,1,ROMU,1,2016-03-25 09:07:44,,7,6
382481169489998,171959216020004,2015,42,8,79,5218.0,2.0,2,ALPE4,1,ALPE4,3,2016-03-25 09:07:46,,7,6
382481170489998,171959216020004,2015,42,8,79,5218.0,2.0,2,CEOR7,1,CEOR7,2,2016-03-25 09:07:46,,7,6
382481171489998,171959216020004,2015,42,8,79,5218.0,2.0,2,CIAR4,1,CIAR4,2,2016-03-25 09:07:46,,7,6
382481172489998,171959216020004,2015,42,8,79,5218.0,2.0,2,LOMO2,1,LOMO2,3,2016-03-25 09:07:46,,7,6
382481173489998,171959216020004,2015,42,8,79,5218.0,2.0,2,ROPS,1,ROPS,70,2016-03-25 09:07:46,,7,6
382485776489998,171959222020004,2015,42,9,11,5003.0,3.0,1,ACPL,1,ACPL,1,2016-03-25 09:08:11,,7,6
382485777489998,171959222020004,2015,42,9,11,5003.0,1.0,1,AIAL,1,AIAL,8,2016-03-25 09:08:11,,7,6
382485778489998,171959222020004,2015,42,9,11,5003.0,3.0,1,AIAL,1,AIAL,10,2016-03-25 09:08:11,,7,6
382485779489998,171959222020004,2015,42,9,11,5003.0,1.0,1,ALPE4,1,ALPE4,35,2016-03-25 09:08:11,,7,6
382485780489998,171959222020004,2015,42,9,11,5003.0,2.0,1,ALPE4,1,ALPE4,9,2016-03-25 09:08:11,,7,6
382485781489998,171959222020004,2015,42,9,11,5003.0,3.0,1,ALPE4,1,ALPE4,45,2016-03-25 09:08:11,,7,6
382485782489998,171959222020004,2015,42,9,11,5003.0,4.0,1,ALPE4,1,ALPE4,8,2016-03-25 09:08:11,,7,6
382485783489998,171959222020004,2015,42,9,11,5003.0,4.0,1,BETH,1,BETH,1,2016-03-25 09:08:11,,7,6
382485784489998,171959222020004,2015,42,9,11,5003.0,2.0,1,CEOR7,1,CEOR7,7,2016-03-25 09:08:11,,7,6
382485785489998,171959222020004,2015,42,9,11,5003.0,3.0,1,CEOR7,1,CEOR7,18,2016-03-25 09:08:11,,7,6
382485786489998,171959222020004,2015,42,9,11,5003.0,4.0,1,CEOR7,1,CEOR7,15,2016-03-25 09:08:11,,7,6
382485787489998,171959222020004,2015,42,9,11,5003.0,2.0,1,HEHE,1,HEHE,1,2016-03-25 09:08:11,,7,6
382485788489998,171959222020004,2015,42,9,11,5003.0,1.0,1,HEMA3,1,HEMA3,1,2016-03-25 09:08:11,,7,6
382485789489998,171959222020004,2015,42,9,11,5003.0,2.0,1,HEMA3,1,HEMA3,1,2016-03-25 09:08:11,,7,6
382485790489998,171959222020004,2015,42,9,11,5003.0,3.0,1,HEMA3,1,HEMA3,2,2016-03-25 09:08:11,,7,6
382485791489998,171959222020004,2015,42,9,11,5003.0,4.0,1,HEMA3,1,HEMA3,3,2016-03-25 09:08:11,,7,6
382485792489998,171959222020004,2015,42,9,11,5003.0,3.0,1,LIVU,1,LIVU,5,2016-03-25 09:08:11,,7,6
382485793489998,171959222020004,2015,42,9,11,5003.0,1.0,1,LOJA,1,LOJA,2,2016-03-25 09:08:11,,7,6
382485794489998,171959222020004,2015,42,9,11,5003.0,2.0,1,LOJA,1,LOJA,4,2016-03-25 09:08:11,,7,6
1234992474290487,618638336126144,2020,42,5,5,5338.0,4.0,1,ALPE4,1,ALPE4,2,2022-08-17 07:50:17,,8,6
1234992475290487,618638336126144,2020,42,5,5,5338.0,1.0,1,ROMU,1,ROMU,2,2022-08-17 07:50:17,,8,6
1234992476290487,618638336126144,2020,42,5,5,5338.0,2.0,1,ROMU,1,ROMU,1,2022-08-17 07:50:17,,8,6
1234992477290487,618638336126144,2020,42,5,5,5338.0,3.0,1,ROMU,1,ROMU,3,2022-08-17 07:50:17,,8,6
1234992478290487,618638336126144,2020,42,5,5,5338.0,4.0,1,ROMU,1,ROMU,1,2022-08-17 07:50:17,,8,6
1234992617290487,618638351126144,2020,42,7,51,4158.0,1.0,1,ROMU,1,ROMU,3,2022-08-17 07:50:17,,8,6
1234992618290487,618638351126144,2020,42,7,51,4158.0,2.0,1,ROMU,1,ROMU,5,2022-08-17 07:50:17,,8,6
1234992619290487,618638351126144,2020,42,7,51,4158.0,3.0,1,ROMU,1,ROMU,3,2022-08-17 07:50:17,,8,6
1234992620290487,618638351126144,2020,42,7,51,4158.0,4.0,1,ROMU,1,ROMU,10,2022-08-17 07:50:17,,8,6
1234992621290487,618638351126144,2020,42,7,51,4158.0,2.0,1,ROPS,1,ROPS,1,2022-08-17 07:50:17,,8,6
1234992622290487,618638351126144,2020,42,7,51,4158.0,3.0,1,ROPS,1,ROPS,1,2022-08-17 07:50:17,,8,6
1234980032290487,618638305126144,2020,42,5,129,3371.0,1.0,1,LIVU,1,LIVU,70,2022-08-17 07:49:51,,8,6
1234980033290487,618638305126144,2020,42,5,129,3371.0,2.0,1,LIVU,1,LIVU,80,2022-08-17 07:49:51,,8,6
1234980034290487,618638305126144,2020,42,5,129,3371.0,3.0,1,LIVU,1,LIVU,40,2022-08-17 07:49:51,,8,6
1234980035290487,618638305126144,2020,42,5,129,3371.0,4.0,1,LIVU,1,LIVU,60,2022-08-17 07:49:51,,8,6
1234980036290487,618638305126144,2020,42,5,129,3371.0,1.0,1,MIVI,1,MIVI,25,2022-08-17 07:49:51,,8,6
1234980037290487,618638305126144,2020,42,5,129,3371.0,3.0,1,MIVI,1,MIVI,10,2022-08-17 07:49:51,,8,6
1234980038290487,618638305126144,2020,42,5,129,3371.0,4.0,1,MIVI,1,MIVI,15,2022-08-17 07:49:51,,8,6
1234980039290487,618638305126144,2020,42,5,129,3371.0,1.0,1,ROMU,1,ROMU,25,2022-08-17 07:49:51,,8,6
1234980040290487,618638305126144,2020,42,5,129,3371.0,2.0,1,ROMU,1,ROMU,25,2022-08-17 07:49:51,,8,6
1234980041290487,618638305126144,2020,42,5,129,3371.0,3.0,1,ROMU,1,ROMU,60,2022-08-17 07:49:51,,8,6
1234980042290487,618638305126144,2020,42,5,129,3371.0,4.0,1,ROMU,1,ROMU,40,2022-08-17 07:49:51,,8,6
1234989209290487,618637930126144,2020,42,8,131,5788.0,1.0,1,ALPE4,1,ALPE4,8,2022-08-17 07:50:10,,8,6
1234989210290487,618637930126144,2020,42,8,131,5788.0,2.0,1,ALPE4,1,ALPE4,1,2022-08-17 07:50:10,,8,6
1234989211290487,618637930126144,2020,42,8,131,5788.0,3.0,2,ALPE4,1,ALPE4,1,2022-08-17 07:50:10,,8,6
1234989212290487,618637930126144,2020,42,8,131,5788.0,4.0,1,ALPE4,1,ALPE4,8,2022-08-17 07:50:10,,8,6
1234989213290487,618637930126144,2020,42,8,131,5788.0,1.0,1,BETH,1,BETH,1,2022-08-17 07:50:10,,8,6
1234989214290487,618637930126144,2020,42,8,131,5788.0,3.0,2,BETH,1,BETH,1,2022-08-17 07:50:10,,8,6
1234989215290487,618637930126144,2020,42,8,131,5788.0,1.0,1,HEMA3,1,HEMA3,24,2022-08-17 07:50:10,,8,6
1234989216290487,618637930126144,2020,42,8,131,5788.0,2.0,1,HEMA3,1,HEMA3,12,2022-08-17 07:50:10,,8,6
1234989217290487,618637930126144,2020,42,8,131,5788.0,4.0,1,HEMA3,1,HEMA3,30,2022-08-17 07:50:10,,8,6
1234989218290487,618637930126144,2020,42,8,131,5788.0,4.0,1,LIVU,1,LIVU,2,2022-08-17 07:50:10,,8,6
745060447290487,511231794126144,2019,42,9,133,2620.0,4.0,1,ALPE4,1,ALPE4,1,2020-04-30 11:13:40,,8,5
745060448290487,511231794126144,2019,42,9,133,2620.0,1.0,1,CEOR7,1,CEOR7,1,2020-04-30 11:13:40,,8,5
745060449290487,511231794126144,2019,42,9,133,2620.0,1.0,1,LOJA,1,LOJA,2,2020-04-30 11:13:40,,8,5
745060450290487,511231794126144,2019,42,9,133,2620.0,4.0,1,LOJA,1,LOJA,2,2020-04-30 11:13:40,,8,5
745060451290487,511231794126144,2019,42,9,133,2620.0,1.0,1,LOMA6,1,LOMA6,1,2020-04-30 11:13:40,,8,5
745060452290487,511231794126144,2019,42,9,133,2620.0,4.0,1,LOMA6,1,LOMA6,1,2020-04-30 11:13:40,,8,5
745060453290487,511231794126144,2019,42,9,133,2620.0,2.0,1,LYNU,1,LYNU,3,2020-04-30 11:13:40,,8,5
745060454290487,511231794126144,2019,42,9,133,2620.0,3.0,1,LYNU,1,LYNU,8,2020-04-30 11:13:40,,8,5
745060455290487,511231794126144,2019,42,9,133,2620.0,4.0,1,LYNU,1,LYNU,5,2020-04-30 11:13:40,,8,5
745060456290487,511231794126144,2019,42,9,133,2620.0,1.0,1,MIVI,1,MIVI,1,2020-04-30 11:13:40,,8,5
745060457290487,511231794126144,2019,42,9,133,2620.0,2.0,1,MIVI,1,MIVI,6,2020-04-30 11:13:40,,8,5
745060458290487,511231794126144,2019,42,9,133,2620.0,3.0,1,MIVI,1,MIVI,2,2020-04-30 11:13:40,,8,5
745060459290487,511231794126144,2019,42,9,133,2620.0,4.0,1,MIVI,1,MIVI,35,2020-04-30 11:13:40,,8,5
745060460290487,511231794126144,2019,42,9,133,2620.0,4.0,1,PATO2,1,PATO2,3,2020-04-30 11:13:40,,8,5
745060461290487,511231794126144,2019,42,9,133,2620.0,1.0,1,ROMU,1,ROMU,70,2020-04-30 11:13:40,,8,5
745060462290487,511231794126144,2019,42,9,133,2620.0,2.0,1,ROMU,1,ROMU,19,2020-04-30 11:13:40,,8,5
745060463290487,511231794126144,2019,42,9,133,2620.0,3.0,1,ROMU,1,ROMU,50,2020-04-30 11:13:40,,8,5
745060464290487,511231794126144,2019,42,9,133,2620.0,4.0,1,ROMU,1,ROMU,37,2020-04-30 11:13:40,,8,5
745065734290487,511231780126144,2019,42,8,97,2133.0,3.0,2,ACPL,1,ACPL,1,2020-04-30 11:13:59,,8,5
745065735290487,511231780126144,2019,42,8,97,2133.0,3.0,2,BETH,1,BETH,2,2020-04-30 11:13:59,,8,5
745065736290487,511231780126144,2019,42,8,97,2133.0,3.0,2,MIVI,1,MIVI,15,2020-04-30 11:13:59,,8,5
745065737290487,511231780126144,2019,42,8,97,2133.0,3.0,2,ROMU,1,ROMU,5,2020-04-30 11:13:59,,8,5
745072551290487,511231614126144,2019,42,9,17,3737.0,2.0,1,ACPL,1,ACPL,4,2020-04-30 11:14:16,,8,5
745072552290487,511231614126144,2019,42,9,17,3737.0,1.0,1,ALPE4,1,ALPE4,3,2020-04-30 11:14:16,,8,5
745072553290487,511231614126144,2019,42,9,17,3737.0,2.0,1,ALPE4,1,ALPE4,15,2020-04-30 11:14:16,,8,5
745072554290487,511231614126144,2019,42,9,17,3737.0,3.0,1,ALPE4,1,ALPE4,3,2020-04-30 11:14:16,,8,5
745072555290487,511231614126144,2019,42,9,17,3737.0,4.0,1,ALPE4,1,ALPE4,1,2020-04-30 11:14:16,,8,5
745072556290487,511231614126144,2019,42,9,17,3737.0,2.0,1,CEOR7,1,CEOR7,1,2020-04-30 11:14:16,,8,5
745072557290487,511231614126144,2019,42,9,17,3737.0,3.0,1,CEOR7,1,CEOR7,1,2020-04-30 11:14:16,,8,5
745072558290487,511231614126144,2019,42,9,17,3737.0,4.0,1,CEOR7,1,CEOR7,1,2020-04-30 11:14:16,,8,5
382492816489998,251021746489998,2015,42,6,83,1936.0,1.0,1,ROMU,1,ROMU,1,2016-03-25 09:08:52,,8,1
382493102489998,251021850489998,2015,42,5,63,1432.0,3.0,2,ELUM,1,ELUM,1,2016-03-25 09:08:53,,8,1
382493103489998,251021850489998,2015,42,5,63,1432.0,3.0,2,LOMO2,1,LOMO2,2,2016-03-25 09:08:53,,8,1
382493104489998,251021850489998,2015,42,5,63,1432.0,2.0,2,ROMU,1,ROMU,30,2016-03-25 09:08:53,,8,1
382493105489998,251021850489998,2015,42,5,63,1432.0,3.0,2,ROMU,1,ROMU,10,2016-03-25 09:08:53,,8,1
382493189489998,251021869489998,2015,42,8,69,160.0,1.0,1,ALPE4,1,ALPE4,17,2016-03-25 09:08:54,,8,1
382493190489998,251021869489998,2015,42,8,69,160.0,2.0,1,ALPE4,1,ALPE4,37,2016-03-25 09:08:54,,8,1
382493191489998,251021869489998,2015,42,8,69,160.0,4.0,1,ALPE4,1,ALPE4,10,2016-03-25 09:08:54,,8,1
382493192489998,251021869489998,2015,42,8,69,160.0,1.0,1,BETH,1,BETH,3,2016-03-25 09:08:54,,8,1
382493193489998,251021869489998,2015,42,8,69,160.0,1.0,1,FRAL4,1,FRAL4,1,2016-03-25 09:08:54,,8,1
382493194489998,251021869489998,2015,42,8,69,160.0,2.0,1,FRAL4,1,FRAL4,2,2016-03-25 09:08:54,,8,1
382493195489998,251021869489998,2015,42,8,69,160.0,1.0,1,LIVU,1,LIVU,2,2016-03-25 09:08:54,,8,1
382493196489998,251021869489998,2015,42,8,69,160.0,2.0,1,LIVU,1,LIVU,2,2016-03-25 09:08:54,,8,1
382493197489998,251021869489998,2015,42,8,69,160.0,4.0,1,LIVU,1,LIVU,1,2016-03-25 09:08:54,,8,1
382493198489998,251021869489998,2015,42,8,69,160.0,1.0,1,LOMO2,1,LOMO2,6,2016-03-25 09:08:54,,8,1
382493199489998,251021869489998,2015,42,8,69,160.0,4.0,1,LOMO2,1,LOMO2,3,2016-03-25 09:08:54,,8,1
382493200489998,251021869489998,2015,42,8,69,160.0,1.0,1,ROMU,1,ROMU,12,2016-03-25 09:08:54,,8,1
382493201489998,251021869489998,2015,42,8,69,160.0,2.0,1,ROMU,1,ROMU,7,2016-03-25 09:08:54,,8,1
382493202489998,251021869489998,2015,42,8,69,160.0,4.0,1,ROMU,1,ROMU,40,2016-03-25 09:08:54,,8,1
382481296489998,251021821489998,2015,42,6,121,359.0,3.0,1,FRAL4,1,FRAL4,1,2016-03-25 09:07:48,,8,1
382481297489998,251021821489998,2015,42,6,121,359.0,3.0,1,LOMO2,1,LOMO2,1,2016-03-25 09:07:48,,8,1
382481298489998,251021821489998,2015,42,6,121,359.0,2.0,1,ROMU,1,ROMU,1,2016-03-25 09:07:48,,8,1
382481299489998,251021821489998,2015,42,6,121,359.0,3.0,1,ROMU,1,ROMU,1,2016-03-25 09:07:48,,8,1
382486329489998,251021947489998,2015,42,6,27,20.0,2.0,1,ALPE4,1,ALPE4,2,2016-03-25 09:08:15,,8,1
382486330489998,251021947489998,2015,42,6,27,20.0,1.0,1,BETH,1,BETH,1,2016-03-25 09:08:15,,8,1
382486331489998,251021947489998,2015,42,6,27,20.0,2.0,1,BETH,1,BETH,4,2016-03-25 09:08:15,,8,1
382486332489998,251021947489998,2015,42,6,27,20.0,2.0,1,ELUM,1,ELUM,1,2016-03-25 09:08:15,,8,1
382486333489998,251021947489998,2015,42,6,27,20.0,1.0,1,LOMA6,1,LOMA6,60,2016-03-25 09:08:15,,8,1
382486334489998,251021947489998,2015,42,6,27,20.0,2.0,1,LOMA6,1,LOMA6,15,2016-03-25 09:08:15,,8,1
382486335489998,251021947489998,2015,42,6,27,20.0,1.0,1,LOMO2,1,LOMO2,2,2016-03-25 09:08:15,,8,1
382486336489998,251021947489998,2015,42,6,27,20.0,1.0,1,ROMU,1,ROMU,5,2016-03-25 09:08:15,,8,1
382493494489998,251022006489998,2015,42,8,103,705.0,4.0,1,BETH,1,BETH,15,2016-03-25 09:08:56,,8,1
382493495489998,251022006489998,2015,42,8,103,705.0,2.0,1,MIVI,1,MIVI,2,2016-03-25 09:08:56,,8,1
382481591489998,251021934489998,2015,42,9,1,1923.0,1.0,2,MIVI,1,MIVI,3,2016-03-25 09:07:49,,8,1
382481592489998,251021934489998,2015,42,9,1,1923.0,3.0,2,MIVI,1,MIVI,8,2016-03-25 09:07:49,,8,1
382481697489998,251021935489998,2015,42,6,117,556.0,2.0,1,LOMO2,1,LOMO2,1,2016-03-25 09:07:50,,8,1
382481698489998,251021935489998,2015,42,6,117,556.0,3.0,1,LOMO2,1,LOMO2,1,2016-03-25 09:07:50,,8,1
382481699489998,251021935489998,2015,42,6,117,556.0,4.0,1,LOMO2,1,LOMO2,2,2016-03-25 09:07:50,,8,1
382481700489998,251021935489998,2015,42,6,117,556.0,4.0,1,ROMU,1,ROMU,3,2016-03-25 09:07:50,,8,1
382482021489998,251021989489998,2015,42,9,11,176.0,1.0,1,ALPE4,1,ALPE4,1,2016-03-25 09:07:51,,8,1
382482022489998,251021989489998,2015,42,9,11,176.0,2.0,1,ALPE4,1,ALPE4,1,2016-03-25 09:07:51,,8,1
382482023489998,251021989489998,2015,42,9,11,176.0,1.0,1,LOJA,1,LOJA,1,2016-03-25 09:07:51,,8,1
382482024489998,251021989489998,2015,42,9,11,176.0,1.0,1,ROMU,1,ROMU,2,2016-03-25 09:07:51,,8,1
382482025489998,251021989489998,2015,42,9,11,176.0,2.0,1,ROMU,1,ROMU,15,2016-03-25 09:07:51,,8,1
382482263489998,251022045489998,2015,42,9,133,974.0,2.0,1,MIVI,1,MIVI,1,2016-03-25 09:07:52,,8,1
382482264489998,251022045489998,2015,42,9,133,974.0,3.0,1,MIVI,1,MIVI,1,2016-03-25 09:07:52,,8,1
382482549489998,251022055489998,2015,42,5,59,1341.0,2.0,1,BETH,1,BETH,1,2016-03-25 09:07:54,,8,1
382482550489998,251022055489998,2015,42,5,59,1341.0,2.0,1,ROMU,1,ROMU,3,2016-03-25 09:07:54,,8,1
382482551489998,251022055489998,2015,42,5,59,1341.0,3.0,1,ROMU,1,ROMU,2,2016-03-25 09:07:54,,8,1
382482552489998,251022055489998,2015,42,5,59,1341.0,4.0,1,ROMU,1,ROMU,1,2016-03-25 09:07:54,,8,1
382487461489998,251021672489998,2015,42,5,129,1393.0,1.0,1,ALPE4,1,ALPE4,1,2016-03-25 09:08:21,,8,1
382487462489998,251021672489998,2015,42,5,129,1393.0,3.0,1,ALPE4,1,ALPE4,5,2016-03-25 09:08:21,,8,1
382487463489998,251021672489998,2015,42,5,129,1393.0,2.0,1,CEOR7,1,CEOR7,15,2016-03-25 09:08:21,,8,1
382487464489998,251021672489998,2015,42,5,129,1393.0,3.0,1,CEOR7,1,CEOR7,10,2016-03-25 09:08:21,,8,1
382487465489998,251021672489998,2015,42,5,129,1393.0,4.0,1,CEOR7,1,CEOR7,1,2016-03-25 09:08:21,,8,1
382487466489998,251021672489998,2015,42,5,129,1393.0,1.0,1,MIVI,1,MIVI,15,2016-03-25 09:08:21,,8,1
382487467489998,251021672489998,2015,42,5,129,1393.0,2.0,1,MIVI,1,MIVI,50,2016-03-25 09:08:21,,8,1
382487468489998,251021672489998,2015,42,5,129,1393.0,3.0,1,MIVI,1,MIVI,20,2016-03-25 09:08:21,,8,1
382487469489998,251021672489998,2015,42,5,129,1393.0,4.0,1,MIVI,1,MIVI,15,2016-03-25 09:08:21,,8,1
382487470489998,251021672489998,2015,42,5,129,1393.0,1.0,1,ROMU,1,ROMU,25,2016-03-25 09:08:21,,8,1
382487471489998,251021672489998,2015,42,5,129,1393.0,2.0,1,ROMU,1,ROMU,50,2016-03-25 09:08:21,,8,1
382487472489998,251021672489998,2015,42,5,129,1393.0,3.0,1,ROMU,1,ROMU,30,2016-03-25 09:08:21,,8,1
382487473489998,251021672489998,2015,42,5,129,1393.0,4.0,1,ROMU,1,ROMU,78,2016-03-25 09:08:21,,8,1
382487474489998,251021672489998,2015,42,5,129,1393.0,1.0,1,ROPS,1,ROPS,10,2016-03-25 09:08:21,,8,1
382487475489998,251021672489998,2015,42,5,129,1393.0,2.0,1,ROPS,1,ROPS,15,2016-03-25 09:08:21,,8,1
382487610489998,251021673489998,2015,42,5,3,317.0,3.0,2,AIAL,1,AIAL,7,2016-03-25 09:08:22,,8,1
1234980945290487,618637923126144,2020,42,8,127,6067.0,4.0,1,ROMU,1,ROMU,2,2022-08-17 07:49:53,,8,6
1234981089290487,618637934126144,2020,42,8,131,5312.0,2.0,2,ALPE4,1,ALPE4,43,2022-08-17 07:49:53,,8,6
1234981090290487,618637934126144,2020,42,8,131,5312.0,3.0,2,ALPE4,1,ALPE4,12,2022-08-17 07:49:53,,8,6
1234981091290487,618637934126144,2020,42,8,131,5312.0,4.0,2,ALPE4,1,ALPE4,3,2022-08-17 07:49:53,,8,6
1234981092290487,618637934126144,2020,42,8,131,5312.0,2.0,2,BETH,1,BETH,2,2022-08-17 07:49:53,,8,6
1234981093290487,618637934126144,2020,42,8,131,5312.0,3.0,2,BETH,1,BETH,1,2022-08-17 07:49:53,,8,6
1234981094290487,618637934126144,2020,42,8,131,5312.0,2.0,2,ELUM,1,ELUM,32,2022-08-17 07:49:53,,8,6
1234981095290487,618637934126144,2020,42,8,131,5312.0,3.0,2,ELUM,1,ELUM,2,2022-08-17 07:49:53,,8,6
1234981096290487,618637934126144,2020,42,8,131,5312.0,2.0,2,HEMA3,1,HEMA3,5,2022-08-17 07:49:53,,8,6
745063162290487,511232053126144,2019,42,6,33,2565.0,4.0,1,ROMU,1,ROMU,1,2020-04-30 11:13:50,,8,5
745074226290487,511232049126144,2019,42,6,23,3537.0,3.0,1,ELUM,1,ELUM,1,2020-04-30 11:14:19,,8,5
745074227290487,511232049126144,2019,42,6,23,3537.0,4.0,1,ELUM,1,ELUM,1,2020-04-30 11:14:19,,8,5
745074228290487,511232049126144,2019,42,6,23,3537.0,2.0,2,RHCA3,1,RHCA3,3,2020-04-30 11:14:19,,8,5
745074229290487,511232049126144,2019,42,6,23,3537.0,3.0,1,RHCA3,1,RHCA3,1,2020-04-30 11:14:19,,8,5
745074230290487,511232049126144,2019,42,6,23,3537.0,4.0,1,RHCA3,1,RHCA3,1,2020-04-30 11:14:19,,8,5
745074067290487,511232025126144,2019,42,7,21,5318.0,2.0,1,LOMA6,1,LOMA6,25,2020-04-30 11:14:18,,8,5
745074068290487,511232025126144,2019,42,7,21,5318.0,1.0,1,ROMU,1,ROMU,25,2020-04-30 11:14:18,,8,5
745074069290487,511232025126144,2019,42,7,21,5318.0,2.0,1,ROMU,1,ROMU,30,2020-04-30 11:14:18,,8,5
745074070290487,511232025126144,2019,42,7,21,5318.0,4.0,1,ROMU,1,ROMU,10,2020-04-30 11:14:18,,8,5
745074071290487,511232025126144,2019,42,7,21,5318.0,1.0,1,ROPS,1,ROPS,10,2020-04-30 11:14:18,,8,5
745060445290487,511231794126144,2019,42,9,133,2620.0,1.0,1,ALPE4,1,ALPE4,1,2020-04-30 11:13:40,,8,5
745060446290487,511231794126144,2019,42,9,133,2620.0,3.0,1,ALPE4,1,ALPE4,1,2020-04-30 11:13:40,,8,5
745072559290487,511231614126144,2019,42,9,17,3737.0,1.0,1,LIVU,1,LIVU,3,2020-04-30 11:14:16,,8,5
745072560290487,511231614126144,2019,42,9,17,3737.0,2.0,1,LIVU,1,LIVU,2,2020-04-30 11:14:16,,8,5
745072561290487,511231614126144,2019,42,9,17,3737.0,3.0,1,LIVU,1,LIVU,2,2020-04-30 11:14:16,,8,5
745072562290487,511231614126144,2019,42,9,17,3737.0,4.0,1,LIVU,1,LIVU,3,2020-04-30 11:14:16,,8,5
745072563290487,511231614126144,2019,42,9,17,3737.0,1.0,1,LOJA,1,LOJA,2,2020-04-30 11:14:16,,8,5
745072564290487,511231614126144,2019,42,9,17,3737.0,2.0,1,LOJA,1,LOJA,1,2020-04-30 11:14:16,,8,5
745072565290487,511231614126144,2019,42,9,17,3737.0,3.0,1,LOJA,1,LOJA,1,2020-04-30 11:14:16,,8,5
745072566290487,511231614126144,2019,42,9,17,3737.0,4.0,1,LOJA,1,LOJA,6,2020-04-30 11:14:16,,8,5
745072567290487,511231614126144,2019,42,9,17,3737.0,1.0,1,LOMA6,1,LOMA6,10,2020-04-30 11:14:16,,8,5
745072568290487,511231614126144,2019,42,9,17,3737.0,2.0,1,LOMA6,1,LOMA6,4,2020-04-30 11:14:16,,8,5
745072569290487,511231614126144,2019,42,9,17,3737.0,3.0,1,LOMA6,1,LOMA6,7,2020-04-30 11:14:16,,8,5
745072570290487,511231614126144,2019,42,9,17,3737.0,4.0,1,LOMA6,1,LOMA6,16,2020-04-30 11:14:16,,8,5
745072571290487,511231614126144,2019,42,9,17,3737.0,1.0,1,MIVI,1,MIVI,80,2020-04-30 11:14:16,,8,5
745072572290487,511231614126144,2019,42,9,17,3737.0,2.0,1,MIVI,1,MIVI,4,2020-04-30 11:14:16,,8,5
1278549510290487,722438303290487,2021,42,8,97,5549.0,4.0,2,ALPE4,1,ALPE4,2,2023-01-03 16:58:37,,8,7
1278549511290487,722438303290487,2021,42,8,97,5549.0,2.0,2,BETH,1,BETH,1,2023-01-03 16:58:37,,8,7
1278549512290487,722438303290487,2021,42,8,97,5549.0,2.0,2,CEOR7,1,CEOR7,3,2023-01-03 16:58:37,,8,7
1278549513290487,722438303290487,2021,42,8,97,5549.0,3.0,2,CEOR7,1,CEOR7,1,2023-01-03 16:58:37,,8,7
1278549514290487,722438303290487,2021,42,8,97,5549.0,4.0,2,CEOR7,1,CEOR7,20,2023-01-03 16:58:37,,8,7
1278549515290487,722438303290487,2021,42,8,97,5549.0,4.0,2,ELUM,1,ELUM,2,2023-01-03 16:58:37,,8,7
1278549516290487,722438303290487,2021,42,8,97,5549.0,2.0,2,LOMA6,1,LOMA6,10,2023-01-03 16:58:37,,8,7
1278549517290487,722438303290487,2021,42,8,97,5549.0,3.0,2,LOMA6,1,LOMA6,1,2023-01-03 16:58:37,,8,7
1278549518290487,722438303290487,2021,42,8,97,5549.0,4.0,2,LOMA6,1,LOMA6,5,2023-01-03 16:58:37,,8,7
1278549519290487,722438303290487,2021,42,8,97,5549.0,2.0,2,MIVI,1,MIVI,7,2023-01-03 16:58:37,,8,7
1278549520290487,722438303290487,2021,42,8,97,5549.0,3.0,2,MIVI,1,MIVI,1,2023-01-03 16:58:37,,8,7
1278549521290487,722438303290487,2021,42,8,97,5549.0,4.0,2,MIVI,1,MIVI,20,2023-01-03 16:58:37,,8,7
1278549522290487,722438303290487,2021,42,8,97,5549.0,2.0,2,ROMU,1,ROMU,3,2023-01-03 16:58:37,,8,7
1278549523290487,722438303290487,2021,42,8,97,5549.0,3.0,2,ROMU,1,ROMU,1,2023-01-03 16:58:37,,8,7
1278549524290487,722438303290487,2021,42,8,97,5549.0,4.0,2,ROMU,1,ROMU,4,2023-01-03 16:58:37,,8,7
1278539726290487,722438087290487,2021,42,5,39,4422.0,2.0,2,ALPE4,1,ALPE4,1,2023-01-03 16:58:13,,8,7
1278539727290487,722438087290487,2021,42,5,39,4422.0,2.0,2,LOMO2,1,LOMO2,3,2023-01-03 16:58:13,,8,7
1278539728290487,722438087290487,2021,42,5,39,4422.0,1.0,1,ROMU,1,ROMU,1,2023-01-03 16:58:13,,8,7
1278539729290487,722438087290487,2021,42,5,39,4422.0,2.0,2,ROMU,1,ROMU,20,2023-01-03 16:58:13,,8,7
1278539730290487,722438087290487,2021,42,5,39,4422.0,3.0,1,ROMU,1,ROMU,1,2023-01-03 16:58:13,,8,7
1278539731290487,722438087290487,2021,42,5,39,4422.0,4.0,1,ROMU,1,ROMU,2,2023-01-03 16:58:13,,8,7
1279211432290487,722438166290487,2021,42,7,13,4053.0,2.0,2,ALPE4,1,ALPE4,2,2023-01-06 09:23:52,,8,7
1279211433290487,722438166290487,2021,42,7,13,4053.0,2.0,2,ELUM,1,ELUM,10,2023-01-06 09:23:52,,8,7
1279211434290487,722438166290487,2021,42,7,13,4053.0,2.0,2,LIVU,1,LIVU,1,2023-01-06 09:23:52,,8,7
1279211435290487,722438166290487,2021,42,7,13,4053.0,2.0,2,LOJA,1,LOJA,30,2023-01-06 09:23:52,,8,7
1279211436290487,722438166290487,2021,42,7,13,4053.0,2.0,2,ROMU,1,ROMU,3,2023-01-06 09:23:52,,8,7
1279211477290487,722438479290487,2021,42,8,79,5727.0,1.0,1,LOMO2,1,LOMO2,1,2023-01-06 09:23:53,,8,7
1279211568290487,722438058290487,2021,42,5,85,5614.0,4.0,3,ELUM,1,ELUM,1,2023-01-06 09:23:54,,8,7
1279211569290487,722438058290487,2021,42,5,85,5614.0,2.0,3,LOMO2,1,LOMO2,15,2023-01-06 09:23:54,,8,7
1279211570290487,722438058290487,2021,42,5,85,5614.0,4.0,3,LOMO2,1,LOMO2,6,2023-01-06 09:23:54,,8,7
1279211571290487,722438058290487,2021,42,5,85,5614.0,4.0,3,ROMU,1,ROMU,1,2023-01-06 09:23:54,,8,7
1279211572290487,722438058290487,2021,42,5,85,5614.0,2.0,3,ROPS,1,ROPS,5,2023-01-06 09:23:54,,8,7
1279211573290487,722438058290487,2021,42,5,85,5614.0,4.0,3,ROPS,1,ROPS,1,2023-01-06 09:23:54,,8,7
1278536175290487,722437889290487,2021,42,5,63,5004.0,1.0,1,ALPE4,1,ALPE4,5,2023-01-03 16:58:03,,8,7
1278536176290487,722437889290487,2021,42,5,63,5004.0,2.0,1,ALPE4,1,ALPE4,3,2023-01-03 16:58:03,,8,7
1278536177290487,722437889290487,2021,42,5,63,5004.0,3.0,1,ALPE4,1,ALPE4,5,2023-01-03 16:58:03,,8,7
1278536178290487,722437889290487,2021,42,5,63,5004.0,4.0,1,ALPE4,1,ALPE4,5,2023-01-03 16:58:03,,8,7
1278536179290487,722437889290487,2021,42,5,63,5004.0,1.0,1,BETH,1,BETH,1,2023-01-03 16:58:03,,8,7
1278536180290487,722437889290487,2021,42,5,63,5004.0,2.0,1,BETH,1,BETH,5,2023-01-03 16:58:03,,8,7
1278536181290487,722437889290487,2021,42,5,63,5004.0,3.0,1,BETH,1,BETH,10,2023-01-03 16:58:03,,8,7
1278536182290487,722437889290487,2021,42,5,63,5004.0,4.0,1,BETH,1,BETH,3,2023-01-03 16:58:03,,8,7
1278536183290487,722437889290487,2021,42,5,63,5004.0,1.0,1,ELUM,1,ELUM,35,2023-01-03 16:58:03,,8,7
1278536184290487,722437889290487,2021,42,5,63,5004.0,2.0,1,ELUM,1,ELUM,10,2023-01-03 16:58:03,,8,7
469221674489998,306268911489998,2016,42,7,111,1164.0,1.0,1,ROPS,1,ROPS,15,2017-05-10 12:43:54,,8,2
469221675489998,306268911489998,2016,42,7,111,1164.0,2.0,1,ROPS,1,ROPS,25,2017-05-10 12:43:54,,8,2
469221975489998,306269032489998,2016,42,8,15,1085.0,1.0,1,ALPE4,1,ALPE4,5,2017-05-10 12:43:56,,8,2
469221976489998,306269032489998,2016,42,8,15,1085.0,2.0,1,ALPE4,1,ALPE4,10,2017-05-10 12:43:56,,8,2
469221977489998,306269032489998,2016,42,8,15,1085.0,3.0,1,ALPE4,1,ALPE4,1,2017-05-10 12:43:56,,8,2
469221978489998,306269032489998,2016,42,8,15,1085.0,1.0,1,BETH,1,BETH,1,2017-05-10 12:43:56,,8,2
469221979489998,306269032489998,2016,42,8,15,1085.0,3.0,1,BETH,1,BETH,1,2017-05-10 12:43:56,,8,2
469221980489998,306269032489998,2016,42,8,15,1085.0,1.0,1,ELUM,1,ELUM,1,2017-05-10 12:43:56,,8,2
469221981489998,306269032489998,2016,42,8,15,1085.0,1.0,1,LONIC,1,LONIC,1,2017-05-10 12:43:56,,8,2
469221982489998,306269032489998,2016,42,8,15,1085.0,1.0,1,MIVI,1,MIVI,8,2017-05-10 12:43:56,,8,2
469221983489998,306269032489998,2016,42,8,15,1085.0,2.0,1,MIVI,1,MIVI,10,2017-05-10 12:43:56,,8,2
469221984489998,306269032489998,2016,42,8,15,1085.0,3.0,1,MIVI,1,MIVI,1,2017-05-10 12:43:56,,8,2
469221985489998,306269032489998,2016,42,8,15,1085.0,4.0,1,MIVI,1,MIVI,1,2017-05-10 12:43:56,,8,2
469221986489998,306269032489998,2016,42,8,15,1085.0,1.0,1,ROMU,1,ROMU,2,2017-05-10 12:43:56,,8,2
469221987489998,306269032489998,2016,42,8,15,1085.0,2.0,1,ROMU,1,ROMU,1,2017-05-10 12:43:56,,8,2
469221988489998,306269032489998,2016,42,8,15,1085.0,3.0,1,ROMU,1,ROMU,2,2017-05-10 12:43:56,,8,2
469221989489998,306269032489998,2016,42,8,15,1085.0,4.0,1,ROMU,1,ROMU,1,2017-05-10 12:43:56,,8,2
469222152489998,306269053489998,2016,42,6,81,766.0,3.0,2,ALPE4,1,ALPE4,1,2017-05-10 12:43:57,,8,2
469222153489998,306269053489998,2016,42,6,81,766.0,3.0,2,BETH,1,BETH,6,2017-05-10 12:43:57,,8,2
469222154489998,306269053489998,2016,42,6,81,766.0,3.0,2,CEOR7,1,CEOR7,2,2017-05-10 12:43:57,,8,2
469222155489998,306269053489998,2016,42,6,81,766.0,3.0,2,ELUM,1,ELUM,11,2017-05-10 12:43:57,,8,2
469222156489998,306269053489998,2016,42,6,81,766.0,3.0,2,LOMA6,1,LOMA6,8,2017-05-10 12:43:57,,8,2
469222157489998,306269053489998,2016,42,6,81,766.0,3.0,2,LOMO2,1,LOMO2,4,2017-05-10 12:43:57,,8,2
469222158489998,306269053489998,2016,42,6,81,766.0,3.0,2,ROMU,1,ROMU,9,2017-05-10 12:43:57,,8,2
469222224489998,306269108489998,2016,42,8,97,1563.0,2.0,1,ACPL,1,ACPL,1,2017-05-10 12:43:58,,8,2
469222225489998,306269108489998,2016,42,8,97,1563.0,3.0,1,ACPL,1,ACPL,1,2017-05-10 12:43:58,,8,2
469222226489998,306269108489998,2016,42,8,97,1563.0,3.0,1,CEOR7,1,CEOR7,5,2017-05-10 12:43:58,,8,2
469222227489998,306269108489998,2016,42,8,97,1563.0,4.0,1,CEOR7,1,CEOR7,9,2017-05-10 12:43:58,,8,2
469222228489998,306269108489998,2016,42,8,97,1563.0,4.0,1,LIVU,1,LIVU,1,2017-05-10 12:43:58,,8,2
469222229489998,306269108489998,2016,42,8,97,1563.0,4.0,1,LOJA,1,LOJA,1,2017-05-10 12:43:58,,8,2
469222230489998,306269108489998,2016,42,8,97,1563.0,3.0,1,ROMU,1,ROMU,1,2017-05-10 12:43:58,,8,2
469222231489998,306269108489998,2016,42,8,97,1563.0,4.0,1,ROMU,1,ROMU,2,2017-05-10 12:43:58,,8,2
469222541489998,306268720489998,2016,42,5,59,834.0,4.0,2,BETH,1,BETH,1,2017-05-10 12:44:02,,8,2
469222542489998,306268720489998,2016,42,5,59,834.0,4.0,2,LONIC,1,LONIC,3,2017-05-10 12:44:02,,8,2
469222543489998,306268720489998,2016,42,5,59,834.0,1.0,2,ROMU,1,ROMU,5,2017-05-10 12:44:02,,8,2
469222544489998,306268720489998,2016,42,5,59,834.0,4.0,2,ROMU,1,ROMU,85,2017-05-10 12:44:02,,8,2
469222545489998,306268720489998,2016,42,5,59,834.0,4.0,2,ROPS,1,ROPS,9,2017-05-10 12:44:02,,8,2
469222777489998,306268770489998,2016,42,0,61,593.0,3.0,1,BETH,1,BETH,1,2017-05-10 12:44:04,,8,2
469222938489998,306268776489998,2016,42,5,129,1249.0,1.0,1,BETH,1,BETH,7,2017-05-10 12:44:05,,8,2
469222939489998,306268776489998,2016,42,5,129,1249.0,2.0,1,BETH,1,BETH,15,2017-05-10 12:44:05,,8,2
469222940489998,306268776489998,2016,42,5,129,1249.0,3.0,1,BETH,1,BETH,5,2017-05-10 12:44:05,,8,2
469222941489998,306268776489998,2016,42,5,129,1249.0,4.0,1,BETH,1,BETH,2,2017-05-10 12:44:05,,8,2
469222942489998,306268776489998,2016,42,5,129,1249.0,1.0,1,LIVU,1,LIVU,3,2017-05-10 12:44:05,,8,2
469222943489998,306268776489998,2016,42,5,129,1249.0,1.0,1,MIVI,1,MIVI,15,2017-05-10 12:44:05,,8,2
469222944489998,306268776489998,2016,42,5,129,1249.0,2.0,1,MIVI,1,MIVI,10,2017-05-10 12:44:05,,8,2
469222945489998,306268776489998,2016,42,5,129,1249.0,3.0,1,MIVI,1,MIVI,15,2017-05-10 12:44:05,,8,2
469222946489998,306268776489998,2016,42,5,129,1249.0,4.0,1,MIVI,1,MIVI,50,2017-05-10 12:44:05,,8,2
469222947489998,306268776489998,2016,42,5,129,1249.0,1.0,1,ROMU,1,ROMU,5,2017-05-10 12:44:05,,8,2
469222948489998,306268776489998,2016,42,5,129,1249.0,2.0,1,ROMU,1,ROMU,25,2017-05-10 12:44:05,,8,2
469222949489998,306268776489998,2016,42,5,129,1249.0,3.0,1,ROMU,1,ROMU,25,2017-05-10 12:44:05,,8,2
469222950489998,306268776489998,2016,42,5,129,1249.0,4.0,1,ROMU,1,ROMU,1,2017-05-10 12:44:05,,8,2
469222951489998,306268776489998,2016,42,5,129,1249.0,2.0,1,ROPS,1,ROPS,20,2017-05-10 12:44:05,,8,2
469223127489998,306268805489998,2016,42,5,39,1424.0,2.0,1,ROPS,1,ROPS,3,2017-05-10 12:44:06,,8,2
469223477489998,306268989489998,2016,42,8,103,1381.0,1.0,1,MIVI,1,MIVI,1,2017-05-10 12:44:09,,8,2
469223546489998,306268990489998,2016,42,8,103,956.0,1.0,1,ELUM,1,ELUM,1,2017-05-10 12:44:09,,8,2
469223547489998,306268990489998,2016,42,8,103,956.0,3.0,1,HEMA3,1,HEMA3,1,2017-05-10 12:44:09,,8,2
469223548489998,306268990489998,2016,42,8,103,956.0,3.0,1,MIVI,1,MIVI,2,2017-05-10 12:44:09,,8,2
666325898126144,464515508489998,2018,42,7,51,1016.0,4.0,1,ROMU,1,ROMU,1,2019-05-21 12:50:41,,8,4
666325899126144,464515508489998,2018,42,7,51,1016.0,2.0,1,ROPS,1,ROPS,1,2019-05-21 12:50:41,,8,4
666325900126144,464515508489998,2018,42,7,51,1016.0,4.0,1,ROPS,1,ROPS,25,2019-05-21 12:50:41,,8,4
666336953126144,464514083489998,2018,42,6,47,2801.0,1.0,1,FRAL4,1,FRAL4,98,2019-05-21 12:51:09,,8,4
666336954126144,464514083489998,2018,42,6,47,2801.0,2.0,1,FRAL4,1,FRAL4,85,2019-05-21 12:51:09,,8,4
666336955126144,464514083489998,2018,42,6,47,2801.0,3.0,1,FRAL4,1,FRAL4,70,2019-05-21 12:51:09,,8,4
666336956126144,464514083489998,2018,42,6,47,2801.0,4.0,1,FRAL4,1,FRAL4,100,2019-05-21 12:51:09,,8,4
666326101126144,464513750489998,2018,42,8,127,1259.0,1.0,1,BETH,1,BETH,63,2019-05-21 12:50:42,,8,4
666326102126144,464513750489998,2018,42,8,127,1259.0,3.0,1,BETH,1,BETH,8,2019-05-21 12:50:42,,8,4
666326103126144,464513750489998,2018,42,8,127,1259.0,4.0,1,BETH,1,BETH,3,2019-05-21 12:50:42,,8,4
666326104126144,464513750489998,2018,42,8,127,1259.0,1.0,1,ROMU,1,ROMU,4,2019-05-21 12:50:42,,8,4
666326417126144,464514032489998,2018,42,5,19,1957.0,3.0,1,ALPE4,1,ALPE4,1,2019-05-21 12:50:43,,8,4
666326418126144,464514032489998,2018,42,5,19,1957.0,4.0,1,ALPE4,1,ALPE4,1,2019-05-21 12:50:43,,8,4
666326419126144,464514032489998,2018,42,5,19,1957.0,3.0,1,BETH,1,BETH,2,2019-05-21 12:50:43,,8,4
666326420126144,464514032489998,2018,42,5,19,1957.0,4.0,1,ELUM,1,ELUM,1,2019-05-21 12:50:43,,8,4
666326421126144,464514032489998,2018,42,5,19,1957.0,1.0,1,LOMO2,1,LOMO2,3,2019-05-21 12:50:43,,8,4
666326422126144,464514032489998,2018,42,5,19,1957.0,4.0,1,LOMO2,1,LOMO2,15,2019-05-21 12:50:43,,8,4
666326423126144,464514032489998,2018,42,5,19,1957.0,1.0,1,ROMU,1,ROMU,60,2019-05-21 12:50:43,,8,4
666326424126144,464514032489998,2018,42,5,19,1957.0,3.0,1,ROMU,1,ROMU,26,2019-05-21 12:50:43,,8,4
666326425126144,464514032489998,2018,42,5,19,1957.0,4.0,1,ROMU,1,ROMU,7,2019-05-21 12:50:43,,8,4
666326663126144,464514067489998,2018,42,6,123,1277.0,1.0,1,BETH,1,BETH,5,2019-05-21 12:50:44,,8,4
666326664126144,464514067489998,2018,42,6,123,1277.0,2.0,1,BETH,1,BETH,20,2019-05-21 12:50:44,,8,4
666326665126144,464514067489998,2018,42,6,123,1277.0,4.0,1,BETH,1,BETH,2,2019-05-21 12:50:44,,8,4
666326666126144,464514067489998,2018,42,6,123,1277.0,2.0,1,LONIC,1,LONIC,5,2019-05-21 12:50:44,,8,4
666326667126144,464514067489998,2018,42,6,123,1277.0,1.0,1,ROMU,1,ROMU,5,2019-05-21 12:50:44,,8,4
666326668126144,464514067489998,2018,42,6,123,1277.0,2.0,1,ROMU,1,ROMU,20,2019-05-21 12:50:44,,8,4
666326669126144,464514067489998,2018,42,6,123,1277.0,3.0,1,ROMU,1,ROMU,2,2019-05-21 12:50:44,,8,4
666326670126144,464514067489998,2018,42,6,123,1277.0,4.0,1,ROMU,1,ROMU,3,2019-05-21 12:50:44,,8,4
666327517126144,464514745489998,2018,42,8,89,1491.0,1.0,1,AIAL,1,AIAL,1,2019-05-21 12:50:46,,8,4
666327518126144,464514745489998,2018,42,8,89,1491.0,1.0,1,ALPE4,1,ALPE4,1,2019-05-21 12:50:46,,8,4
666327519126144,464514745489998,2018,42,8,89,1491.0,2.0,1,ALPE4,1,ALPE4,1,2019-05-21 12:50:46,,8,4
666327520126144,464514745489998,2018,42,8,89,1491.0,4.0,1,ALPE4,1,ALPE4,3,2019-05-21 12:50:46,,8,4
666327521126144,464514745489998,2018,42,8,89,1491.0,1.0,1,BETH,1,BETH,2,2019-05-21 12:50:46,,8,4
666327522126144,464514745489998,2018,42,8,89,1491.0,2.0,1,BETH,1,BETH,1,2019-05-21 12:50:46,,8,4
666327523126144,464514745489998,2018,42,8,89,1491.0,4.0,1,BETH,1,BETH,5,2019-05-21 12:50:46,,8,4
666327524126144,464514745489998,2018,42,8,89,1491.0,1.0,1,CEOR7,1,CEOR7,1,2019-05-21 12:50:46,,8,4
666327525126144,464514745489998,2018,42,8,89,1491.0,4.0,1,CEOR7,1,CEOR7,1,2019-05-21 12:50:46,,8,4
666327526126144,464514745489998,2018,42,8,89,1491.0,1.0,1,ELUM,1,ELUM,6,2019-05-21 12:50:46,,8,4
666327527126144,464514745489998,2018,42,8,89,1491.0,4.0,1,ELUM,1,ELUM,57,2019-05-21 12:50:46,,8,4
666327528126144,464514745489998,2018,42,8,89,1491.0,1.0,1,HEMA3,1,HEMA3,1,2019-05-21 12:50:46,,8,4
666327529126144,464514745489998,2018,42,8,89,1491.0,2.0,1,HEMA3,1,HEMA3,1,2019-05-21 12:50:46,,8,4
666327530126144,464514745489998,2018,42,8,89,1491.0,4.0,1,HEMA3,1,HEMA3,1,2019-05-21 12:50:46,,8,4
1234989219290487,618637930126144,2020,42,8,131,5788.0,1.0,1,LOMO2,1,LOMO2,4,2022-08-17 07:50:10,,8,6
1234989220290487,618637930126144,2020,42,8,131,5788.0,2.0,1,LOMO2,1,LOMO2,9,2022-08-17 07:50:10,,8,6
1234989221290487,618637930126144,2020,42,8,131,5788.0,4.0,1,LOMO2,1,LOMO2,7,2022-08-17 07:50:10,,8,6
1234989222290487,618637930126144,2020,42,8,131,5788.0,2.0,1,LYNU,1,LYNU,3,2022-08-17 07:50:10,,8,6
1234989223290487,618637930126144,2020,42,8,131,5788.0,4.0,1,LYNU,1,LYNU,1,2022-08-17 07:50:10,,8,6
1234989224290487,618637930126144,2020,42,8,131,5788.0,1.0,1,ROMU,1,ROMU,8,2022-08-17 07:50:10,,8,6
1234989225290487,618637930126144,2020,42,8,131,5788.0,2.0,1,ROMU,1,ROMU,1,2022-08-17 07:50:10,,8,6
1234989226290487,618637930126144,2020,42,8,131,5788.0,4.0,1,ROMU,1,ROMU,6,2022-08-17 07:50:10,,8,6
1234991442290487,618638018126144,2020,42,8,15,3865.0,1.0,1,ALPE4,1,ALPE4,1,2022-08-17 07:50:15,,8,6
1234991443290487,618638018126144,2020,42,8,15,3865.0,4.0,1,ALPE4,1,ALPE4,4,2022-08-17 07:50:15,,8,6
1234991444290487,618638018126144,2020,42,8,15,3865.0,4.0,1,BETH,1,BETH,1,2022-08-17 07:50:15,,8,6
1234991445290487,618638018126144,2020,42,8,15,3865.0,1.0,1,ELUM,1,ELUM,9,2022-08-17 07:50:15,,8,6
1234991446290487,618638018126144,2020,42,8,15,3865.0,2.0,1,ELUM,1,ELUM,8,2022-08-17 07:50:15,,8,6
1234991447290487,618638018126144,2020,42,8,15,3865.0,4.0,1,ELUM,1,ELUM,15,2022-08-17 07:50:15,,8,6
1234991448290487,618638018126144,2020,42,8,15,3865.0,4.0,1,LOMO2,1,LOMO2,8,2022-08-17 07:50:15,,8,6
1234991449290487,618638018126144,2020,42,8,15,3865.0,1.0,1,ROMU,1,ROMU,1,2022-08-17 07:50:15,,8,6
1234991450290487,618638018126144,2020,42,8,15,3865.0,2.0,1,ROMU,1,ROMU,1,2022-08-17 07:50:15,,8,6
1234991451290487,618638018126144,2020,42,8,15,3865.0,4.0,1,ROMU,1,ROMU,2,2022-08-17 07:50:15,,8,6
1234979829290487,618638099126144,2020,42,6,35,5449.0,1.0,1,BETH,1,BETH,2,2022-08-17 07:49:50,,8,6
1234979830290487,618638099126144,2020,42,6,35,5449.0,3.0,1,BETH,1,BETH,7,2022-08-17 07:49:50,,8,6
1234979831290487,618638099126144,2020,42,6,35,5449.0,1.0,1,MIVI,1,MIVI,2,2022-08-17 07:49:50,,8,6
1234979832290487,618638099126144,2020,42,6,35,5449.0,3.0,1,MIVI,1,MIVI,80,2022-08-17 07:49:50,,8,6
1234979833290487,618638099126144,2020,42,6,35,5449.0,1.0,1,ROMU,1,ROMU,1,2022-08-17 07:49:50,,8,6
1234979834290487,618638099126144,2020,42,6,35,5449.0,3.0,1,ROMU,1,ROMU,3,2022-08-17 07:49:50,,8,6
1234985551290487,618638415126144,2020,42,5,19,3226.0,1.0,1,ALPE4,1,ALPE4,1,2022-08-17 07:50:02,,8,6
1234985552290487,618638415126144,2020,42,5,19,3226.0,2.0,1,ALPE4,1,ALPE4,2,2022-08-17 07:50:02,,8,6
1234985553290487,618638415126144,2020,42,5,19,3226.0,4.0,1,ALPE4,1,ALPE4,1,2022-08-17 07:50:02,,8,6
1234985554290487,618638415126144,2020,42,5,19,3226.0,1.0,1,BETH,1,BETH,1,2022-08-17 07:50:02,,8,6
1234985555290487,618638415126144,2020,42,5,19,3226.0,2.0,1,BETH,1,BETH,7,2022-08-17 07:50:02,,8,6
1234985556290487,618638415126144,2020,42,5,19,3226.0,3.0,1,CEOR7,1,CEOR7,1,2022-08-17 07:50:02,,8,6
1234985557290487,618638415126144,2020,42,5,19,3226.0,2.0,1,LIVU,1,LIVU,1,2022-08-17 07:50:02,,8,6
1234985558290487,618638415126144,2020,42,5,19,3226.0,1.0,1,ROMU,1,ROMU,7,2022-08-17 07:50:02,,8,6
1234985559290487,618638415126144,2020,42,5,19,3226.0,2.0,1,ROMU,1,ROMU,8,2022-08-17 07:50:02,,8,6
1234985560290487,618638415126144,2020,42,5,19,3226.0,3.0,1,ROMU,1,ROMU,1,2022-08-17 07:50:02,,8,6
1234985561290487,618638415126144,2020,42,5,19,3226.0,4.0,1,ROMU,1,ROMU,1,2022-08-17 07:50:02,,8,6
1234985699290487,618638426126144,2020,42,5,3,6034.0,1.0,1,AIAL,1,AIAL,10,2022-08-17 07:50:02,,8,6
1234985700290487,618638426126144,2020,42,5,3,6034.0,4.0,1,AIAL,1,AIAL,10,2022-08-17 07:50:02,,8,6
1234985701290487,618638426126144,2020,42,5,3,6034.0,1.0,1,ALPE4,1,ALPE4,15,2022-08-17 07:50:02,,8,6
1234985702290487,618638426126144,2020,42,5,3,6034.0,4.0,1,ALPE4,1,ALPE4,10,2022-08-17 07:50:02,,8,6
1234985703290487,618638426126144,2020,42,5,3,6034.0,1.0,1,LIVU,1,LIVU,3,2022-08-17 07:50:02,,8,6
1234985704290487,618638426126144,2020,42,5,3,6034.0,4.0,1,LIVU,1,LIVU,5,2022-08-17 07:50:02,,8,6
1234985705290487,618638426126144,2020,42,5,3,6034.0,4.0,1,LOJA,1,LOJA,5,2022-08-17 07:50:02,,8,6
1234985706290487,618638426126144,2020,42,5,3,6034.0,1.0,1,POCU6,1,POCU6,40,2022-08-17 07:50:02,,8,6
1234985707290487,618638426126144,2020,42,5,3,6034.0,4.0,1,POCU6,1,POCU6,44,2022-08-17 07:50:02,,8,6
1234985772290487,618638448126144,2020,42,6,121,5557.0,2.0,1,ALPE4,1,ALPE4,1,2022-08-17 07:50:03,,8,6
1234985773290487,618638448126144,2020,42,6,121,5557.0,2.0,1,LONIC,1,LONIC,1,2022-08-17 07:50:03,,8,6
1234985774290487,618638448126144,2020,42,6,121,5557.0,2.0,1,MIVI,1,MIVI,1,2022-08-17 07:50:03,,8,6
1234985775290487,618638448126144,2020,42,6,121,5557.0,1.0,1,ROMU,1,ROMU,1,2022-08-17 07:50:03,,8,6
1234985776290487,618638448126144,2020,42,6,121,5557.0,2.0,1,ROMU,1,ROMU,25,2022-08-17 07:50:03,,8,6
1234985777290487,618638448126144,2020,42,6,121,5557.0,3.0,1,ROMU,1,ROMU,1,2022-08-17 07:50:03,,8,6
1234985778290487,618638448126144,2020,42,6,121,5557.0,4.0,1,ROMU,1,ROMU,1,2022-08-17 07:50:03,,8,6
1234992884290487,618637891126144,2020,42,9,29,3172.0,3.0,1,ALPE4,1,ALPE4,5,2022-08-17 07:50:18,,8,6
1234992885290487,618637891126144,2020,42,9,29,3172.0,1.0,1,CEOR7,1,CEOR7,1,2022-08-17 07:50:18,,8,6
1234992886290487,618637891126144,2020,42,9,29,3172.0,1.0,1,LOJA,1,LOJA,1,2022-08-17 07:50:18,,8,6
1234992887290487,618637891126144,2020,42,9,29,3172.0,2.0,1,ROMU,1,ROMU,1,2022-08-17 07:50:18,,8,6
1234992888290487,618637891126144,2020,42,9,29,3172.0,3.0,1,ROMU,1,ROMU,27,2022-08-17 07:50:18,,8,6
1234993097290487,618638057126144,2020,42,6,81,4221.0,4.0,1,BETH,1,BETH,1,2022-08-17 07:50:18,,8,6
1234993098290487,618638057126144,2020,42,6,81,4221.0,4.0,1,LONIC,1,LONIC,2,2022-08-17 07:50:18,,8,6
1234993099290487,618638057126144,2020,42,6,81,4221.0,2.0,1,MIVI,1,MIVI,2,2022-08-17 07:50:18,,8,6
1234993100290487,618638057126144,2020,42,6,81,4221.0,4.0,1,MIVI,1,MIVI,5,2022-08-17 07:50:18,,8,6
1234993101290487,618638057126144,2020,42,6,81,4221.0,4.0,1,ROMU,1,ROMU,2,2022-08-17 07:50:18,,8,6
1234980538290487,618638484126144,2020,42,5,85,5249.0,4.0,1,LIVU,1,LIVU,1,2022-08-17 07:49:52,,8,6
1234980539290487,618638484126144,2020,42,5,85,5249.0,1.0,1,LOMO2,1,LOMO2,2,2022-08-17 07:49:52,,8,6
1234980540290487,618638484126144,2020,42,5,85,5249.0,3.0,1,LOMO2,1,LOMO2,2,2022-08-17 07:49:52,,8,6
1234980541290487,618638484126144,2020,42,5,85,5249.0,4.0,1,LOMO2,1,LOMO2,4,2022-08-17 07:49:52,,8,6
1234980542290487,618638484126144,2020,42,5,85,5249.0,4.0,1,LYNU,1,LYNU,1,2022-08-17 07:49:52,,8,6
1234980543290487,618638484126144,2020,42,5,85,5249.0,1.0,1,PHAR3,1,PHAR3,1,2022-08-17 07:49:52,,8,6
1234980544290487,618638484126144,2020,42,5,85,5249.0,1.0,1,ROMU,1,ROMU,1,2022-08-17 07:49:52,,8,6
1234980545290487,618638484126144,2020,42,5,85,5249.0,2.0,1,ROMU,1,ROMU,3,2022-08-17 07:49:52,,8,6
1234980546290487,618638484126144,2020,42,5,85,5249.0,3.0,1,ROMU,1,ROMU,15,2022-08-17 07:49:52,,8,6
1234980547290487,618638484126144,2020,42,5,85,5249.0,4.0,1,ROMU,1,ROMU,1,2022-08-17 07:49:52,,8,6
1234980699290487,618638513126144,2020,42,5,39,3777.0,4.0,2,ROMU,1,ROMU,2,2022-08-17 07:49:52,,8,6
1234988761290487,618637867126144,2020,42,8,103,3045.0,1.0,1,BETH,1,BETH,1,2022-08-17 07:50:10,,8,6
1234988762290487,618637867126144,2020,42,8,103,3045.0,2.0,1,BETH,1,BETH,1,2022-08-17 07:50:10,,8,6
1234988763290487,618637867126144,2020,42,8,103,3045.0,3.0,1,BETH,1,BETH,1,2022-08-17 07:50:10,,8,6
1234988926290487,618637897126144,2020,42,8,127,5262.0,2.0,1,BETH,1,BETH,1,2022-08-17 07:50:10,,8,6
1234993265290487,618638121126144,2020,42,6,117,6109.0,4.0,1,BETH,1,BETH,1,2022-08-17 07:50:19,,8,6
1234993266290487,618638121126144,2020,42,6,117,6109.0,1.0,1,MIVI,1,MIVI,1,2022-08-17 07:50:19,,8,6
1234993267290487,618638121126144,2020,42,6,117,6109.0,1.0,1,ROMU,1,ROMU,1,2022-08-17 07:50:19,,8,6
1234993419290487,618638130126144,2020,42,6,81,3235.0,3.0,1,MIVI,1,MIVI,3,2022-08-17 07:50:19,,8,6
1234993562290487,618638148126144,2020,42,0,61,4762.0,4.0,1,AIAL,1,AIAL,10,2022-08-17 07:50:19,,8,6
1234993563290487,618638148126144,2020,42,0,61,4762.0,1.0,1,ALPE4,1,ALPE4,20,2022-08-17 07:50:19,,8,6
1234993564290487,618638148126144,2020,42,0,61,4762.0,4.0,1,ALPE4,1,ALPE4,50,2022-08-17 07:50:19,,8,6
1234993565290487,618638148126144,2020,42,0,61,4762.0,1.0,1,MIVI,1,MIVI,45,2022-08-17 07:50:19,,8,6
1234993566290487,618638148126144,2020,42,0,61,4762.0,4.0,1,MIVI,1,MIVI,20,2022-08-17 07:50:19,,8,6
1234993801290487,618638161126144,2020,42,6,117,3449.0,1.0,1,BETH,1,BETH,1,2022-08-17 07:50:19,,8,6
1234993802290487,618638161126144,2020,42,6,117,3449.0,3.0,1,CEOR7,1,CEOR7,1,2022-08-17 07:50:19,,8,6
1234993803290487,618638161126144,2020,42,6,117,3449.0,1.0,1,ELUM,1,ELUM,16,2022-08-17 07:50:19,,8,6
1234993804290487,618638161126144,2020,42,6,117,3449.0,2.0,1,ELUM,1,ELUM,18,2022-08-17 07:50:19,,8,6
1234993805290487,618638161126144,2020,42,6,117,3449.0,3.0,1,ELUM,1,ELUM,15,2022-08-17 07:50:19,,8,6
1234993806290487,618638161126144,2020,42,6,117,3449.0,4.0,1,ELUM,1,ELUM,26,2022-08-17 07:50:19,,8,6
1234993807290487,618638161126144,2020,42,6,117,3449.0,1.0,1,LOMO2,1,LOMO2,1,2022-08-17 07:50:19,,8,6
1234993808290487,618638161126144,2020,42,6,117,3449.0,4.0,1,LOMO2,1,LOMO2,1,2022-08-17 07:50:19,,8,6
1234993809290487,618638161126144,2020,42,6,117,3449.0,1.0,1,MIVI,1,MIVI,4,2022-08-17 07:50:19,,8,6
1234992473290487,618638336126144,2020,42,5,5,5338.0,3.0,1,ALPE4,1,ALPE4,5,2022-08-17 07:50:17,,8,6
1234993810290487,618638161126144,2020,42,6,117,3449.0,4.0,1,MIVI,1,MIVI,1,2022-08-17 07:50:19,,8,6
1234993811290487,618638161126144,2020,42,6,117,3449.0,1.0,1,ROMU,1,ROMU,2,2022-08-17 07:50:19,,8,6
1234993812290487,618638161126144,2020,42,6,117,3449.0,2.0,1,ROMU,1,ROMU,1,2022-08-17 07:50:19,,8,6
1234993813290487,618638161126144,2020,42,6,117,3449.0,3.0,1,ROMU,1,ROMU,2,2022-08-17 07:50:19,,8,6
382485795489998,171959222020004,2015,42,9,11,5003.0,3.0,1,LOJA,1,LOJA,7,2016-03-25 09:08:11,,7,6
382485796489998,171959222020004,2015,42,9,11,5003.0,4.0,1,LOJA,1,LOJA,12,2016-03-25 09:08:11,,7,6
382485797489998,171959222020004,2015,42,9,11,5003.0,1.0,1,LOMA6,1,LOMA6,80,2016-03-25 09:08:12,,7,6
382485798489998,171959222020004,2015,42,9,11,5003.0,2.0,1,LOMA6,1,LOMA6,51,2016-03-25 09:08:12,,7,6
382485799489998,171959222020004,2015,42,9,11,5003.0,3.0,1,LOMA6,1,LOMA6,55,2016-03-25 09:08:12,,7,6
382485800489998,171959222020004,2015,42,9,11,5003.0,4.0,1,LOMA6,1,LOMA6,35,2016-03-25 09:08:12,,7,6
382485801489998,171959222020004,2015,42,9,11,5003.0,2.0,1,LOMO2,1,LOMO2,8,2016-03-25 09:08:12,,7,6
382485802489998,171959222020004,2015,42,9,11,5003.0,4.0,1,LOMO2,1,LOMO2,8,2016-03-25 09:08:12,,7,6
382485803489998,171959222020004,2015,42,9,11,5003.0,4.0,1,MIVI,1,MIVI,14,2016-03-25 09:08:12,,7,6
382485804489998,171959222020004,2015,42,9,11,5003.0,1.0,1,ROMU,1,ROMU,1,2016-03-25 09:08:12,,7,6
382485805489998,171959222020004,2015,42,9,11,5003.0,3.0,1,ROMU,1,ROMU,1,2016-03-25 09:08:12,,7,6
382485806489998,171959222020004,2015,42,9,11,5003.0,4.0,1,ROMU,1,ROMU,2,2016-03-25 09:08:12,,7,6
382486476489998,171958504020004,2015,42,5,129,3224.0,1.0,1,ALPE4,1,ALPE4,2,2016-03-25 09:08:16,,7,6
382486477489998,171958504020004,2015,42,5,129,3224.0,3.0,1,ALPE4,1,ALPE4,1,2016-03-25 09:08:16,,7,6
382486478489998,171958504020004,2015,42,5,129,3224.0,4.0,1,ALPE4,1,ALPE4,5,2016-03-25 09:08:16,,7,6
382486479489998,171958504020004,2015,42,5,129,3224.0,1.0,1,BETH,1,BETH,10,2016-03-25 09:08:16,,7,6
382486480489998,171958504020004,2015,42,5,129,3224.0,1.0,1,CEOR7,1,CEOR7,10,2016-03-25 09:08:16,,7,6
382486481489998,171958504020004,2015,42,5,129,3224.0,3.0,1,CEOR7,1,CEOR7,25,2016-03-25 09:08:16,,7,6
382486482489998,171958504020004,2015,42,5,129,3224.0,2.0,2,ELUM,1,ELUM,20,2016-03-25 09:08:16,,7,6
382486483489998,171958504020004,2015,42,5,129,3224.0,1.0,1,LIVU,1,LIVU,20,2016-03-25 09:08:16,,7,6
382486484489998,171958504020004,2015,42,5,129,3224.0,3.0,1,LIVU,1,LIVU,10,2016-03-25 09:08:16,,7,6
382486485489998,171958504020004,2015,42,5,129,3224.0,1.0,1,LOMO2,1,LOMO2,20,2016-03-25 09:08:16,,7,6
382486486489998,171958504020004,2015,42,5,129,3224.0,2.0,2,LOMO2,1,LOMO2,7,2016-03-25 09:08:16,,7,6
382486487489998,171958504020004,2015,42,5,129,3224.0,3.0,1,MIVI,1,MIVI,95,2016-03-25 09:08:16,,7,6
382486488489998,171958504020004,2015,42,5,129,3224.0,4.0,1,MIVI,1,MIVI,5,2016-03-25 09:08:16,,7,6
382486489489998,171958504020004,2015,42,5,129,3224.0,1.0,1,ROMU,1,ROMU,25,2016-03-25 09:08:16,,7,6
382486490489998,171958504020004,2015,42,5,129,3224.0,2.0,2,ROMU,1,ROMU,10,2016-03-25 09:08:16,,7,6
382486491489998,171958504020004,2015,42,5,129,3224.0,3.0,1,ROMU,1,ROMU,20,2016-03-25 09:08:16,,7,6
382486492489998,171958504020004,2015,42,5,129,3224.0,4.0,1,ROMU,1,ROMU,2,2016-03-25 09:08:16,,7,6
382486493489998,171958504020004,2015,42,5,129,3224.0,1.0,1,ROPS,1,ROPS,45,2016-03-25 09:08:16,,7,6
382486494489998,171958504020004,2015,42,5,129,3224.0,2.0,2,ROPS,1,ROPS,20,2016-03-25 09:08:16,,7,6
382486495489998,171958504020004,2015,42,5,129,3224.0,3.0,1,ROPS,1,ROPS,3,2016-03-25 09:08:16,,7,6
745072573290487,511231614126144,2019,42,9,17,3737.0,3.0,1,MIVI,1,MIVI,40,2020-04-30 11:14:16,,8,5
745072574290487,511231614126144,2019,42,9,17,3737.0,4.0,1,MIVI,1,MIVI,3,2020-04-30 11:14:16,,8,5
745072575290487,511231614126144,2019,42,9,17,3737.0,2.0,1,PATO2,1,PATO2,3,2020-04-30 11:14:16,,8,5
745072576290487,511231614126144,2019,42,9,17,3737.0,1.0,1,ROMU,1,ROMU,4,2020-04-30 11:14:16,,8,5
745072577290487,511231614126144,2019,42,9,17,3737.0,2.0,1,ROMU,1,ROMU,1,2020-04-30 11:14:16,,8,5
745072578290487,511231614126144,2019,42,9,17,3737.0,3.0,1,ROMU,1,ROMU,1,2020-04-30 11:14:16,,8,5
745072579290487,511231614126144,2019,42,9,17,3737.0,4.0,1,ROMU,1,ROMU,4,2020-04-30 11:14:16,,8,5
745069141290487,511231950126144,2019,42,0,57,3146.0,1.0,1,BETH,1,BETH,1,2020-04-30 11:14:07,,8,5
745069142290487,511231950126144,2019,42,0,57,3146.0,2.0,1,BETH,1,BETH,2,2020-04-30 11:14:07,,8,5
745069143290487,511231950126144,2019,42,0,57,3146.0,3.0,1,BETH,1,BETH,1,2020-04-30 11:14:07,,8,5
745069144290487,511231950126144,2019,42,0,57,3146.0,4.0,1,BETH,1,BETH,1,2020-04-30 11:14:07,,8,5
745069145290487,511231950126144,2019,42,0,57,3146.0,1.0,1,CEOR7,1,CEOR7,2,2020-04-30 11:14:07,,8,5
745069146290487,511231950126144,2019,42,0,57,3146.0,2.0,1,CEOR7,1,CEOR7,5,2020-04-30 11:14:07,,8,5
745069147290487,511231950126144,2019,42,0,57,3146.0,3.0,1,CEOR7,1,CEOR7,1,2020-04-30 11:14:07,,8,5
745069148290487,511231950126144,2019,42,0,57,3146.0,4.0,1,CEOR7,1,CEOR7,2,2020-04-30 11:14:07,,8,5
745069149290487,511231950126144,2019,42,0,57,3146.0,2.0,1,ELUM,1,ELUM,10,2020-04-30 11:14:07,,8,5
745069150290487,511231950126144,2019,42,0,57,3146.0,1.0,1,LIVU,1,LIVU,3,2020-04-30 11:14:07,,8,5
745069151290487,511231950126144,2019,42,0,57,3146.0,1.0,1,LOJA,1,LOJA,1,2020-04-30 11:14:07,,8,5
745069152290487,511231950126144,2019,42,0,57,3146.0,2.0,1,LOJA,1,LOJA,2,2020-04-30 11:14:07,,8,5
745069153290487,511231950126144,2019,42,0,57,3146.0,3.0,1,LOJA,1,LOJA,1,2020-04-30 11:14:07,,8,5
745069154290487,511231950126144,2019,42,0,57,3146.0,4.0,1,LOJA,1,LOJA,1,2020-04-30 11:14:07,,8,5
745069155290487,511231950126144,2019,42,0,57,3146.0,1.0,1,MIVI,1,MIVI,92,2020-04-30 11:14:07,,8,5
745069156290487,511231950126144,2019,42,0,57,3146.0,2.0,1,MIVI,1,MIVI,33,2020-04-30 11:14:07,,8,5
745069157290487,511231950126144,2019,42,0,57,3146.0,3.0,1,MIVI,1,MIVI,70,2020-04-30 11:14:07,,8,5
745069158290487,511231950126144,2019,42,0,57,3146.0,4.0,1,MIVI,1,MIVI,33,2020-04-30 11:14:07,,8,5
745069159290487,511231950126144,2019,42,0,57,3146.0,1.0,1,ROMU,1,ROMU,2,2020-04-30 11:14:07,,8,5
745069160290487,511231950126144,2019,42,0,57,3146.0,2.0,1,ROMU,1,ROMU,10,2020-04-30 11:14:07,,8,5
745069161290487,511231950126144,2019,42,0,57,3146.0,3.0,1,ROMU,1,ROMU,3,2020-04-30 11:14:07,,8,5
745069162290487,511231950126144,2019,42,0,57,3146.0,4.0,1,ROMU,1,ROMU,2,2020-04-30 11:14:07,,8,5
1234980944290487,618637923126144,2020,42,8,127,6067.0,1.0,1,ROMU,1,ROMU,2,2022-08-17 07:49:53,,8,6
1234981097290487,618637934126144,2020,42,8,131,5312.0,3.0,2,HEMA3,1,HEMA3,1,2022-08-17 07:49:53,,8,6
1234981098290487,618637934126144,2020,42,8,131,5312.0,4.0,2,HEMA3,1,HEMA3,1,2022-08-17 07:49:53,,8,6
1234981099290487,618637934126144,2020,42,8,131,5312.0,2.0,2,LIVU,1,LIVU,3,2022-08-17 07:49:53,,8,6
1278536185290487,722437889290487,2021,42,5,63,5004.0,3.0,1,ELUM,1,ELUM,25,2023-01-03 16:58:03,,8,7
1278536186290487,722437889290487,2021,42,5,63,5004.0,4.0,1,ELUM,1,ELUM,40,2023-01-03 16:58:03,,8,7
1278536187290487,722437889290487,2021,42,5,63,5004.0,1.0,1,LOMO2,1,LOMO2,25,2023-01-03 16:58:03,,8,7
1278536188290487,722437889290487,2021,42,5,63,5004.0,2.0,1,LOMO2,1,LOMO2,18,2023-01-03 16:58:03,,8,7
1278536189290487,722437889290487,2021,42,5,63,5004.0,3.0,1,LOMO2,1,LOMO2,20,2023-01-03 16:58:03,,8,7
1278536190290487,722437889290487,2021,42,5,63,5004.0,4.0,1,LOTA,1,LOTA,20,2023-01-03 16:58:03,,8,7
1278536191290487,722437889290487,2021,42,5,63,5004.0,1.0,1,ROMU,1,ROMU,5,2023-01-03 16:58:03,,8,7
1278536192290487,722437889290487,2021,42,5,63,5004.0,2.0,1,ROMU,1,ROMU,25,2023-01-03 16:58:03,,8,7
1278536193290487,722437889290487,2021,42,5,63,5004.0,3.0,1,ROMU,1,ROMU,5,2023-01-03 16:58:03,,8,7
1278536194290487,722437889290487,2021,42,5,63,5004.0,4.0,1,ROMU,1,ROMU,20,2023-01-03 16:58:03,,8,7
1278540209290487,722438317290487,2021,42,6,81,3263.0,4.0,2,ALPE4,1,ALPE4,2,2023-01-03 16:58:15,,8,7
1278540210290487,722438317290487,2021,42,6,81,3263.0,3.0,2,BETH,1,BETH,3,2023-01-03 16:58:15,,8,7
1234993814290487,618638161126144,2020,42,6,117,3449.0,4.0,1,ROMU,1,ROMU,1,2022-08-17 07:50:19,,8,6
1278540211290487,722438317290487,2021,42,6,81,3263.0,4.0,2,BETH,1,BETH,3,2023-01-03 16:58:15,,8,7
1278540212290487,722438317290487,2021,42,6,81,3263.0,3.0,2,ELUM,1,ELUM,10,2023-01-03 16:58:15,,8,7
1278540213290487,722438317290487,2021,42,6,81,3263.0,4.0,2,ELUM,1,ELUM,2,2023-01-03 16:58:15,,8,7
1278540214290487,722438317290487,2021,42,6,81,3263.0,3.0,2,LIVU,1,LIVU,1,2023-01-03 16:58:15,,8,7
1278540215290487,722438317290487,2021,42,6,81,3263.0,4.0,2,MIVI,1,MIVI,4,2023-01-03 16:58:15,,8,7
1278540216290487,722438317290487,2021,42,6,81,3263.0,3.0,2,ROMU,1,ROMU,1,2023-01-03 16:58:15,,8,7
1278540302290487,722438332290487,2021,42,6,117,5935.0,1.0,1,ALPE4,1,ALPE4,10,2023-01-03 16:58:15,,8,7
1278540303290487,722438332290487,2021,42,6,117,5935.0,2.0,1,ALPE4,1,ALPE4,2,2023-01-03 16:58:15,,8,7
1278540304290487,722438332290487,2021,42,6,117,5935.0,3.0,1,ALPE4,1,ALPE4,1,2023-01-03 16:58:15,,8,7
1278540305290487,722438332290487,2021,42,6,117,5935.0,3.0,1,ELUM,1,ELUM,1,2023-01-03 16:58:15,,8,7
207193761020004,247105043010661,2012,42,9,11,2316.0,3.0,1,ELUM,1,ELUM,1,2013-05-30 13:46:06,,7,3
207193762020004,247105043010661,2012,42,9,11,2316.0,4.0,1,ELUM,1,ELUM,2,2013-05-30 13:46:06,,7,3
207193763020004,247105043010661,2012,42,9,11,2316.0,1.0,1,LOMA6,1,LOMA6,26,2013-05-30 13:46:06,,7,3
382480536489998,251021898489998,2015,42,6,27,739.0,4.0,1,MIVI,1,MIVI,1,2016-03-25 09:07:41,,8,1
382480537489998,251021898489998,2015,42,6,27,739.0,1.0,1,ROMU,1,ROMU,4,2016-03-25 09:07:41,,8,1
382480538489998,251021898489998,2015,42,6,27,739.0,2.0,1,ROMU,1,ROMU,1,2016-03-25 09:07:41,,8,1
382480539489998,251021898489998,2015,42,6,27,739.0,4.0,1,ROMU,1,ROMU,2,2016-03-25 09:07:41,,8,1
382480540489998,251021898489998,2015,42,6,27,739.0,1.0,1,ROPS,1,ROPS,1,2016-03-25 09:07:41,,8,1
382480541489998,251021898489998,2015,42,6,27,739.0,4.0,1,ROPS,1,ROPS,2,2016-03-25 09:07:42,,8,1
469228033489998,306269067489998,2016,42,8,15,1429.0,3.0,1,CEOR7,1,CEOR7,30,2017-05-10 12:44:43,,8,2
469228034489998,306269067489998,2016,42,8,15,1429.0,1.0,1,ELUM,1,ELUM,5,2017-05-10 12:44:43,,8,2
469228035489998,306269067489998,2016,42,8,15,1429.0,2.0,1,ELUM,1,ELUM,2,2017-05-10 12:44:43,,8,2
469228036489998,306269067489998,2016,42,8,15,1429.0,3.0,1,ELUM,1,ELUM,1,2017-05-10 12:44:43,,8,2
469228037489998,306269067489998,2016,42,8,15,1429.0,4.0,1,ELUM,1,ELUM,5,2017-05-10 12:44:43,,8,2
469228038489998,306269067489998,2016,42,8,15,1429.0,3.0,1,MIVI,1,MIVI,1,2017-05-10 12:44:43,,8,2
469228039489998,306269067489998,2016,42,8,15,1429.0,1.0,1,ROMU,1,ROMU,2,2017-05-10 12:44:43,,8,2
469228040489998,306269067489998,2016,42,8,15,1429.0,2.0,1,ROMU,1,ROMU,1,2017-05-10 12:44:43,,8,2
469228041489998,306269067489998,2016,42,8,15,1429.0,3.0,1,ROMU,1,ROMU,1,2017-05-10 12:44:43,,8,2
469228042489998,306269067489998,2016,42,8,15,1429.0,4.0,1,ROMU,1,ROMU,1,2017-05-10 12:44:43,,8,2
469228496489998,306268379489998,2016,42,8,115,1907.0,4.0,1,LOMO2,1,LOMO2,1,2017-05-10 12:44:48,,8,2
469220396489998,306269119489998,2016,42,8,131,687.0,2.0,1,ALPE4,1,ALPE4,1,2017-05-10 12:43:41,,8,2
469220397489998,306269119489998,2016,42,8,131,687.0,3.0,1,ALPE4,1,ALPE4,1,2017-05-10 12:43:41,,8,2
469220398489998,306269119489998,2016,42,8,131,687.0,3.0,1,BETH,1,BETH,1,2017-05-10 12:43:41,,8,2
469220399489998,306269119489998,2016,42,8,131,687.0,1.0,1,CEOR7,1,CEOR7,1,2017-05-10 12:43:41,,8,2
469220400489998,306269119489998,2016,42,8,131,687.0,3.0,1,CEOR7,1,CEOR7,1,2017-05-10 12:43:41,,8,2
469220401489998,306269119489998,2016,42,8,131,687.0,4.0,1,CEOR7,1,CEOR7,1,2017-05-10 12:43:41,,8,2
469220402489998,306269119489998,2016,42,8,131,687.0,1.0,1,ELUM,1,ELUM,4,2017-05-10 12:43:41,,8,2
469220403489998,306269119489998,2016,42,8,131,687.0,2.0,1,ELUM,1,ELUM,3,2017-05-10 12:43:41,,8,2
469220404489998,306269119489998,2016,42,8,131,687.0,3.0,1,ELUM,1,ELUM,55,2017-05-10 12:43:41,,8,2
469220405489998,306269119489998,2016,42,8,131,687.0,4.0,1,ELUM,1,ELUM,1,2017-05-10 12:43:41,,8,2
469220406489998,306269119489998,2016,42,8,131,687.0,1.0,1,LOMO2,1,LOMO2,1,2017-05-10 12:43:41,,8,2
469220407489998,306269119489998,2016,42,8,131,687.0,2.0,1,LOMO2,1,LOMO2,1,2017-05-10 12:43:41,,8,2
469220408489998,306269119489998,2016,42,8,131,687.0,3.0,1,LOMO2,1,LOMO2,1,2017-05-10 12:43:41,,8,2
469220409489998,306269119489998,2016,42,8,131,687.0,4.0,1,LOMO2,1,LOMO2,1,2017-05-10 12:43:41,,8,2
469220410489998,306269119489998,2016,42,8,131,687.0,1.0,1,MIVI,1,MIVI,1,2017-05-10 12:43:41,,8,2
469220411489998,306269119489998,2016,42,8,131,687.0,4.0,1,MIVI,1,MIVI,2,2017-05-10 12:43:41,,8,2
469220412489998,306269119489998,2016,42,8,131,687.0,1.0,1,ROMU,1,ROMU,3,2017-05-10 12:43:41,,8,2
469220413489998,306269119489998,2016,42,8,131,687.0,3.0,1,ROMU,1,ROMU,3,2017-05-10 12:43:41,,8,2
469220414489998,306269119489998,2016,42,8,131,687.0,4.0,1,ROMU,1,ROMU,1,2017-05-10 12:43:41,,8,2
469220572489998,306269186489998,2016,42,8,89,1246.0,4.0,1,BETH,1,BETH,1,2017-05-10 12:43:43,,8,2
469220790489998,306268370489998,2016,42,5,3,244.0,4.0,1,BETH,1,BETH,12,2017-05-10 12:43:47,,8,2
469220791489998,306268370489998,2016,42,5,3,244.0,2.0,1,LIVU,1,LIVU,10,2017-05-10 12:43:47,,8,2
469220792489998,306268370489998,2016,42,5,3,244.0,4.0,1,LIVU,1,LIVU,10,2017-05-10 12:43:47,,8,2
469220793489998,306268370489998,2016,42,5,3,244.0,3.0,1,ROMU,1,ROMU,1,2017-05-10 12:43:47,,8,2
469220794489998,306268370489998,2016,42,5,3,244.0,4.0,1,ROMU,1,ROMU,5,2017-05-10 12:43:47,,8,2
469220795489998,306268370489998,2016,42,5,3,244.0,3.0,1,ROPS,1,ROPS,1,2017-05-10 12:43:47,,8,2
469220950489998,306268661489998,2016,42,9,133,822.0,1.0,1,ALPE4,1,ALPE4,35,2017-05-10 12:43:48,,8,2
469220951489998,306268661489998,2016,42,9,133,822.0,2.0,1,ALPE4,1,ALPE4,30,2017-05-10 12:43:48,,8,2
469220952489998,306268661489998,2016,42,9,133,822.0,3.0,1,ALPE4,1,ALPE4,8,2017-05-10 12:43:48,,8,2
469220953489998,306268661489998,2016,42,9,133,822.0,4.0,1,ALPE4,1,ALPE4,35,2017-05-10 12:43:48,,8,2
469220954489998,306268661489998,2016,42,9,133,822.0,1.0,1,CEOR7,1,CEOR7,15,2017-05-10 12:43:48,,8,2
469220955489998,306268661489998,2016,42,9,133,822.0,2.0,1,CEOR7,1,CEOR7,25,2017-05-10 12:43:48,,8,2
469220956489998,306268661489998,2016,42,9,133,822.0,3.0,1,CEOR7,1,CEOR7,3,2017-05-10 12:43:48,,8,2
469220957489998,306268661489998,2016,42,9,133,822.0,4.0,1,CEOR7,1,CEOR7,15,2017-05-10 12:43:48,,8,2
469220958489998,306268661489998,2016,42,9,133,822.0,4.0,1,LIVU,1,LIVU,5,2017-05-10 12:43:48,,8,2
469220959489998,306268661489998,2016,42,9,133,822.0,1.0,1,LOJA,1,LOJA,30,2017-05-10 12:43:48,,8,2
469220960489998,306268661489998,2016,42,9,133,822.0,2.0,1,LOJA,1,LOJA,20,2017-05-10 12:43:48,,8,2
469220961489998,306268661489998,2016,42,9,133,822.0,3.0,1,LOJA,1,LOJA,5,2017-05-10 12:43:48,,8,2
469220962489998,306268661489998,2016,42,9,133,822.0,4.0,1,LOJA,1,LOJA,3,2017-05-10 12:43:48,,8,2
469220963489998,306268661489998,2016,42,9,133,822.0,2.0,1,MIVI,1,MIVI,10,2017-05-10 12:43:48,,8,2
469220964489998,306268661489998,2016,42,9,133,822.0,4.0,1,MIVI,1,MIVI,15,2017-05-10 12:43:48,,8,2
469220965489998,306268661489998,2016,42,9,133,822.0,1.0,1,ROMU,1,ROMU,40,2017-05-10 12:43:48,,8,2
469220966489998,306268661489998,2016,42,9,133,822.0,2.0,1,ROMU,1,ROMU,25,2017-05-10 12:43:48,,8,2
469220967489998,306268661489998,2016,42,9,133,822.0,3.0,1,ROMU,1,ROMU,5,2017-05-10 12:43:48,,8,2
469220968489998,306268661489998,2016,42,9,133,822.0,4.0,1,ROMU,1,ROMU,13,2017-05-10 12:43:48,,8,2
469221322489998,306268791489998,2016,42,5,39,1932.0,1.0,1,LYNU,1,LYNU,2,2017-05-10 12:43:51,,8,2
469221323489998,306268791489998,2016,42,5,39,1932.0,2.0,1,LYNU,1,LYNU,3,2017-05-10 12:43:51,,8,2
469221324489998,306268791489998,2016,42,5,39,1932.0,3.0,1,LYNU,1,LYNU,2,2017-05-10 12:43:51,,8,2
469221325489998,306268791489998,2016,42,5,39,1932.0,4.0,1,LYNU,1,LYNU,3,2017-05-10 12:43:51,,8,2
469221326489998,306268791489998,2016,42,5,39,1932.0,1.0,1,ROMU,1,ROMU,1,2017-05-10 12:43:51,,8,2
469221327489998,306268791489998,2016,42,5,39,1932.0,2.0,1,ROMU,1,ROMU,1,2017-05-10 12:43:51,,8,2
469221328489998,306268791489998,2016,42,5,39,1932.0,3.0,1,ROMU,1,ROMU,1,2017-05-10 12:43:51,,8,2
469221329489998,306268791489998,2016,42,5,39,1932.0,4.0,1,ROMU,1,ROMU,1,2017-05-10 12:43:51,,8,2
469221670489998,306268911489998,2016,42,7,111,1164.0,2.0,1,BETH,1,BETH,1,2017-05-10 12:43:54,,8,2
469221671489998,306268911489998,2016,42,7,111,1164.0,1.0,1,ROMU,1,ROMU,40,2017-05-10 12:43:54,,8,2
469221672489998,306268911489998,2016,42,7,111,1164.0,2.0,1,ROMU,1,ROMU,10,2017-05-10 12:43:54,,8,2
469221673489998,306268911489998,2016,42,7,111,1164.0,4.0,1,ROMU,1,ROMU,13,2017-05-10 12:43:54,,8,2
666327531126144,464514745489998,2018,42,8,89,1491.0,1.0,1,LOMO2,1,LOMO2,2,2019-05-21 12:50:46,,8,4
666327532126144,464514745489998,2018,42,8,89,1491.0,4.0,1,LOMO2,1,LOMO2,1,2019-05-21 12:50:46,,8,4
666327533126144,464514745489998,2018,42,8,89,1491.0,1.0,1,MIVI,1,MIVI,2,2019-05-21 12:50:46,,8,4
666327534126144,464514745489998,2018,42,8,89,1491.0,2.0,1,MIVI,1,MIVI,19,2019-05-21 12:50:46,,8,4
666327535126144,464514745489998,2018,42,8,89,1491.0,4.0,1,MIVI,1,MIVI,40,2019-05-21 12:50:46,,8,4
666327536126144,464514745489998,2018,42,8,89,1491.0,1.0,1,ROMU,1,ROMU,1,2019-05-21 12:50:46,,8,4
666327537126144,464514745489998,2018,42,8,89,1491.0,4.0,1,ROMU,1,ROMU,1,2019-05-21 12:50:46,,8,4
666327637126144,464514791489998,2018,42,9,11,2316.0,3.0,1,ACPL,1,ACPL,5,2019-05-21 12:50:47,,8,4
666327638126144,464514791489998,2018,42,9,11,2316.0,1.0,1,AIAL,1,AIAL,1,2019-05-21 12:50:47,,8,4
666327639126144,464514791489998,2018,42,9,11,2316.0,2.0,1,AIAL,1,AIAL,60,2019-05-21 12:50:47,,8,4
666327640126144,464514791489998,2018,42,9,11,2316.0,1.0,1,ALPE4,1,ALPE4,1,2019-05-21 12:50:47,,8,4
666327641126144,464514791489998,2018,42,9,11,2316.0,2.0,1,ALPE4,1,ALPE4,1,2019-05-21 12:50:47,,8,4
666327642126144,464514791489998,2018,42,9,11,2316.0,3.0,1,ALPE4,1,ALPE4,1,2019-05-21 12:50:47,,8,4
666327643126144,464514791489998,2018,42,9,11,2316.0,4.0,1,ALPE4,1,ALPE4,1,2019-05-21 12:50:47,,8,4
666327644126144,464514791489998,2018,42,9,11,2316.0,1.0,1,BETH,1,BETH,1,2019-05-21 12:50:47,,8,4
666327645126144,464514791489998,2018,42,9,11,2316.0,3.0,1,BETH,1,BETH,1,2019-05-21 12:50:47,,8,4
666327646126144,464514791489998,2018,42,9,11,2316.0,1.0,1,CEOR7,1,CEOR7,1,2019-05-21 12:50:47,,8,4
666327647126144,464514791489998,2018,42,9,11,2316.0,2.0,1,CEOR7,1,CEOR7,1,2019-05-21 12:50:47,,8,4
666327648126144,464514791489998,2018,42,9,11,2316.0,3.0,1,CEOR7,1,CEOR7,1,2019-05-21 12:50:47,,8,4
666327649126144,464514791489998,2018,42,9,11,2316.0,4.0,1,CEOR7,1,CEOR7,1,2019-05-21 12:50:47,,8,4
666327650126144,464514791489998,2018,42,9,11,2316.0,4.0,1,ELUM,1,ELUM,3,2019-05-21 12:50:47,,8,4
666327651126144,464514791489998,2018,42,9,11,2316.0,1.0,1,LOMA6,1,LOMA6,10,2019-05-21 12:50:47,,8,4
666327652126144,464514791489998,2018,42,9,11,2316.0,2.0,1,LOMA6,1,LOMA6,15,2019-05-21 12:50:47,,8,4
666327654126144,464514791489998,2018,42,9,11,2316.0,4.0,1,LOMA6,1,LOMA6,65,2019-05-21 12:50:47,,8,4
666327655126144,464514791489998,2018,42,9,11,2316.0,2.0,1,MIVI,1,MIVI,6,2019-05-21 12:50:47,,8,4
666327656126144,464514791489998,2018,42,9,11,2316.0,3.0,1,MIVI,1,MIVI,3,2019-05-21 12:50:47,,8,4
666327657126144,464514791489998,2018,42,9,11,2316.0,4.0,1,MIVI,1,MIVI,5,2019-05-21 12:50:47,,8,4
666337789126144,464513782489998,2018,42,5,129,615.0,1.0,1,MIVI,1,MIVI,1,2019-05-21 12:51:12,,8,4
666337790126144,464513782489998,2018,42,5,129,615.0,3.0,1,MIVI,1,MIVI,1,2019-05-21 12:51:12,,8,4
666337791126144,464513782489998,2018,42,5,129,615.0,4.0,1,MIVI,1,MIVI,10,2019-05-21 12:51:12,,8,4
666337792126144,464513782489998,2018,42,5,129,615.0,1.0,1,ROMU,1,ROMU,5,2019-05-21 12:51:12,,8,4
666337793126144,464513782489998,2018,42,5,129,615.0,3.0,1,ROMU,1,ROMU,15,2019-05-21 12:51:12,,8,4
666337794126144,464513782489998,2018,42,5,129,615.0,4.0,1,ROMU,1,ROMU,25,2019-05-21 12:51:12,,8,4
666337776126144,464513782489998,2018,42,5,129,615.0,1.0,1,ALPE4,1,ALPE4,2,2019-05-21 12:51:12,,8,4
666337777126144,464513782489998,2018,42,5,129,615.0,1.0,1,BETH,1,BETH,1,2019-05-21 12:51:12,,8,4
666337778126144,464513782489998,2018,42,5,129,615.0,4.0,1,BETH,1,BETH,10,2019-05-21 12:51:12,,8,4
666337779126144,464513782489998,2018,42,5,129,615.0,1.0,1,CEOR7,1,CEOR7,3,2019-05-21 12:51:12,,8,4
666337780126144,464513782489998,2018,42,5,129,615.0,3.0,1,CEOR7,1,CEOR7,35,2019-05-21 12:51:12,,8,4
666337781126144,464513782489998,2018,42,5,129,615.0,4.0,1,CEOR7,1,CEOR7,70,2019-05-21 12:51:12,,8,4
666337782126144,464513782489998,2018,42,5,129,615.0,3.0,1,ELUM,1,ELUM,35,2019-05-21 12:51:12,,8,4
666337783126144,464513782489998,2018,42,5,129,615.0,4.0,1,ELUM,1,ELUM,2,2019-05-21 12:51:12,,8,4
666337784126144,464513782489998,2018,42,5,129,615.0,1.0,1,LIVU,1,LIVU,1,2019-05-21 12:51:12,,8,4
666337785126144,464513782489998,2018,42,5,129,615.0,4.0,1,LIVU,1,LIVU,20,2019-05-21 12:51:12,,8,4
666337786126144,464513782489998,2018,42,5,129,615.0,1.0,1,LOMO2,1,LOMO2,1,2019-05-21 12:51:12,,8,4
666337787126144,464513782489998,2018,42,5,129,615.0,3.0,1,LOMO2,1,LOMO2,1,2019-05-21 12:51:12,,8,4
666337788126144,464513782489998,2018,42,5,129,615.0,4.0,1,LOMO2,1,LOMO2,2,2019-05-21 12:51:12,,8,4
666337935126144,464513814489998,2018,42,7,111,2122.0,3.0,1,ROPS,1,ROPS,15,2019-05-21 12:51:13,,8,4
666338129126144,464514052489998,2018,42,5,3,2918.0,3.0,2,ALPE4,1,ALPE4,2,2019-05-21 12:51:13,,8,4
666338130126144,464514052489998,2018,42,5,3,2918.0,3.0,2,BEVU,1,BEVU,2,2019-05-21 12:51:13,,8,4
666338131126144,464514052489998,2018,42,5,3,2918.0,3.0,2,CEOR7,1,CEOR7,1,2019-05-21 12:51:13,,8,4
666338132126144,464514052489998,2018,42,5,3,2918.0,3.0,2,LIVU,1,LIVU,1,2019-05-21 12:51:13,,8,4
666338133126144,464514052489998,2018,42,5,3,2918.0,3.0,2,LOMO2,1,LOMO2,1,2019-05-21 12:51:13,,8,4
666338134126144,464514052489998,2018,42,5,3,2918.0,3.0,2,MIVI,1,MIVI,80,2019-05-21 12:51:13,,8,4
666338135126144,464514052489998,2018,42,5,3,2918.0,3.0,2,ROMU,1,ROMU,5,2019-05-21 12:51:13,,8,4
666338199126144,464514308489998,2018,42,9,71,2824.0,3.0,2,ACPL,1,ACPL,1,2019-05-21 12:51:14,,8,4
666338200126144,464514308489998,2018,42,9,71,2824.0,3.0,2,ALPE4,1,ALPE4,1,2019-05-21 12:51:14,,8,4
666338201126144,464514308489998,2018,42,9,71,2824.0,3.0,2,LOJA,1,LOJA,1,2019-05-21 12:51:14,,8,4
666338202126144,464514308489998,2018,42,9,71,2824.0,3.0,2,LOMA6,1,LOMA6,6,2019-05-21 12:51:14,,8,4
666338203126144,464514308489998,2018,42,9,71,2824.0,3.0,2,POCU6,1,POCU6,1,2019-05-21 12:51:14,,8,4
666338204126144,464514308489998,2018,42,9,71,2824.0,3.0,2,ROMU,1,ROMU,4,2019-05-21 12:51:14,,8,4
666328325126144,464514102489998,2018,42,6,123,2717.0,1.0,1,BETH,1,BETH,2,2019-05-21 12:50:49,,8,4
666328326126144,464514102489998,2018,42,6,123,2717.0,2.0,1,BETH,1,BETH,3,2019-05-21 12:50:49,,8,4
666328327126144,464514102489998,2018,42,6,123,2717.0,1.0,1,ROMU,1,ROMU,2,2019-05-21 12:50:49,,8,4
666328789126144,464514260489998,2018,42,6,33,2847.0,4.0,1,ALPE4,1,ALPE4,1,2019-05-21 12:50:50,,8,4
666328790126144,464514260489998,2018,42,6,33,2847.0,1.0,1,BETH,1,BETH,1,2019-05-21 12:50:50,,8,4
666328791126144,464514260489998,2018,42,6,33,2847.0,4.0,1,BETH,1,BETH,4,2019-05-21 12:50:50,,8,4
666328792126144,464514260489998,2018,42,6,33,2847.0,1.0,1,MIVI,1,MIVI,1,2019-05-21 12:50:50,,8,4
666328793126144,464514260489998,2018,42,6,33,2847.0,2.0,1,MIVI,1,MIVI,1,2019-05-21 12:50:50,,8,4
666328794126144,464514260489998,2018,42,6,33,2847.0,3.0,1,MIVI,1,MIVI,40,2019-05-21 12:50:50,,8,4
666328795126144,464514260489998,2018,42,6,33,2847.0,4.0,1,MIVI,1,MIVI,40,2019-05-21 12:50:50,,8,4
666328796126144,464514260489998,2018,42,6,33,2847.0,2.0,1,ROMU,1,ROMU,1,2019-05-21 12:50:50,,8,4
666328797126144,464514260489998,2018,42,6,33,2847.0,3.0,1,ROMU,1,ROMU,1,2019-05-21 12:50:50,,8,4
666328798126144,464514260489998,2018,42,6,33,2847.0,4.0,1,ROMU,1,ROMU,7,2019-05-21 12:50:50,,8,4
666328956126144,464514407489998,2018,42,9,91,2156.0,4.0,3,ALPE4,1,ALPE4,3,2019-05-21 12:50:51,,8,4
666328957126144,464514407489998,2018,42,9,91,2156.0,1.0,1,CEOR7,1,CEOR7,1,2019-05-21 12:50:51,,8,4
666328958126144,464514407489998,2018,42,9,91,2156.0,4.0,3,ELUM,1,ELUM,1,2019-05-21 12:50:51,,8,4
666328959126144,464514407489998,2018,42,9,91,2156.0,3.0,1,ROMU,1,ROMU,1,2019-05-21 12:50:51,,8,4
666329120126144,464514513489998,2018,42,8,15,2321.0,1.0,1,ALPE4,1,ALPE4,2,2019-05-21 12:50:51,,8,4
666329121126144,464514513489998,2018,42,8,15,2321.0,2.0,1,ALPE4,1,ALPE4,2,2019-05-21 12:50:51,,8,4
666329122126144,464514513489998,2018,42,8,15,2321.0,3.0,1,ALPE4,1,ALPE4,1,2019-05-21 12:50:51,,8,4
666329123126144,464514513489998,2018,42,8,15,2321.0,4.0,1,ALPE4,1,ALPE4,6,2019-05-21 12:50:51,,8,4
666329124126144,464514513489998,2018,42,8,15,2321.0,2.0,1,RHCA3,1,RHCA3,1,2019-05-21 12:50:51,,8,4
666329125126144,464514513489998,2018,42,8,15,2321.0,1.0,1,ROMU,1,ROMU,1,2019-05-21 12:50:51,,8,4
666325897126144,464515508489998,2018,42,7,51,1016.0,3.0,1,ROMU,1,ROMU,20,2019-05-21 12:50:41,,8,4
666329126126144,464514513489998,2018,42,8,15,2321.0,2.0,1,ROMU,1,ROMU,4,2019-05-21 12:50:51,,8,4
666329127126144,464514513489998,2018,42,8,15,2321.0,3.0,1,ROMU,1,ROMU,3,2019-05-21 12:50:51,,8,4
666329128126144,464514513489998,2018,42,8,15,2321.0,4.0,1,ROMU,1,ROMU,2,2019-05-21 12:50:51,,8,4
666329295126144,464514582489998,2018,42,8,37,2364.0,4.0,2,ALPE4,1,ALPE4,1,2019-05-21 12:50:51,,8,4
666329296126144,464514582489998,2018,42,8,37,2364.0,4.0,2,BETH,1,BETH,2,2019-05-21 12:50:51,,8,4
207193764020004,247105043010661,2012,42,9,11,2316.0,2.0,1,LOMA6,1,LOMA6,18,2013-05-30 13:46:06,,7,3
207193765020004,247105043010661,2012,42,9,11,2316.0,3.0,1,LOMA6,1,LOMA6,48,2013-05-30 13:46:06,,7,3
207193766020004,247105043010661,2012,42,9,11,2316.0,4.0,1,LOMA6,1,LOMA6,60,2013-05-30 13:46:06,,7,3
207193767020004,247105043010661,2012,42,9,11,2316.0,2.0,1,LOMO2,1,LOMO2,1,2013-05-30 13:46:06,,7,3
207193768020004,247105043010661,2012,42,9,11,2316.0,1.0,1,LYNU,1,LYNU,1,2013-05-30 13:46:06,,7,3
207193769020004,247105043010661,2012,42,9,11,2316.0,3.0,1,LYNU,1,LYNU,1,2013-05-30 13:46:06,,7,3
207193770020004,247105043010661,2012,42,9,11,2316.0,4.0,1,LYNU,1,LYNU,3,2013-05-30 13:46:06,,7,3
207193771020004,247105043010661,2012,42,9,11,2316.0,2.0,1,MIVI,1,MIVI,3,2013-05-30 13:46:06,,7,3
207193772020004,247105043010661,2012,42,9,11,2316.0,3.0,1,MIVI,1,MIVI,1,2013-05-30 13:46:06,,7,3
207193773020004,247105043010661,2012,42,9,11,2316.0,4.0,1,MIVI,1,MIVI,2,2013-05-30 13:46:06,,7,3
207193774020004,247105043010661,2012,42,9,11,2316.0,4.0,1,ROMU,1,ROMU,1,2013-05-30 13:46:06,,7,3
207193899020004,247105046010661,2012,42,8,127,2564.0,4.0,1,ALPE4,1,ALPE4,1,2013-05-30 13:46:06,,7,3
666327653126144,464514791489998,2018,42,9,11,2316.0,3.0,1,LOMA6,1,LOMA6,15,2019-05-21 12:50:47,,8,4
207193900020004,247105046010661,2012,42,8,127,2564.0,2.0,1,BETH,1,BETH,1,2013-05-30 13:46:06,,7,3
207193901020004,247105046010661,2012,42,8,127,2564.0,2.0,1,MIVI,1,MIVI,30,2013-05-30 13:46:06,,7,3
207193902020004,247105046010661,2012,42,8,127,2564.0,3.0,1,MIVI,1,MIVI,1,2013-05-30 13:46:06,,7,3
207193903020004,247105046010661,2012,42,8,127,2564.0,1.0,1,ROMU,1,ROMU,7,2013-05-30 13:46:06,,7,3
207193904020004,247105046010661,2012,42,8,127,2564.0,2.0,1,ROMU,1,ROMU,3,2013-05-30 13:46:06,,7,3
207194061020004,247105086010661,2012,42,9,91,2156.0,3.0,1,ALPE4,1,ALPE4,1,2013-05-30 13:46:07,,7,3
207194062020004,247105086010661,2012,42,9,91,2156.0,4.0,1,ALPE4,1,ALPE4,1,2013-05-30 13:46:07,,7,3
207194063020004,247105086010661,2012,42,9,91,2156.0,4.0,3,ALPE4,1,ALPE4,10,2013-05-30 13:46:07,,7,3
207194064020004,247105086010661,2012,42,9,91,2156.0,1.0,1,CIAR4,1,CIAR4,1,2013-05-30 13:46:07,,7,3
207194065020004,247105086010661,2012,42,9,91,2156.0,3.0,1,LOMO2,1,LOMO2,1,2013-05-30 13:46:07,,7,3
207194066020004,247105086010661,2012,42,9,91,2156.0,1.0,1,ROMU,1,ROMU,5,2013-05-30 13:46:07,,7,3
207194067020004,247105086010661,2012,42,9,91,2156.0,3.0,1,ROMU,1,ROMU,7,2013-05-30 13:46:07,,7,3
207194068020004,247105086010661,2012,42,9,91,2156.0,4.0,1,ROMU,1,ROMU,4,2013-05-30 13:46:07,,7,3
207194069020004,247105086010661,2012,42,9,91,2156.0,4.0,3,ROMU,1,ROMU,1,2013-05-30 13:46:07,,7,3
207194210020004,247105142010661,2012,42,5,63,2594.0,1.0,1,BETH,1,BETH,1,2013-05-30 13:46:07,,7,3
207194211020004,247105142010661,2012,42,5,63,2594.0,2.0,1,BETH,1,BETH,3,2013-05-30 13:46:07,,7,3
207194212020004,247105142010661,2012,42,5,63,2594.0,1.0,1,LOMO2,1,LOMO2,2,2013-05-30 13:46:07,,7,3
207194213020004,247105142010661,2012,42,5,63,2594.0,2.0,1,LOMO2,1,LOMO2,7,2013-05-30 13:46:07,,7,3
207194214020004,247105142010661,2012,42,5,63,2594.0,3.0,1,LOMO2,1,LOMO2,2,2013-05-30 13:46:07,,7,3
207194215020004,247105142010661,2012,42,5,63,2594.0,2.0,1,ROMU,1,ROMU,20,2013-05-30 13:46:07,,7,3
207194310020004,247105145010661,2012,42,7,51,2025.0,4.0,1,MIVI,1,MIVI,2,2013-05-30 13:46:08,,7,3
207194441020004,247105153010661,2012,42,5,125,2160.0,2.0,1,ALPE4,1,ALPE4,3,2013-05-30 13:46:08,,7,3
207194442020004,247105153010661,2012,42,5,125,2160.0,3.0,1,ALPE4,1,ALPE4,5,2013-05-30 13:46:08,,7,3
207194443020004,247105153010661,2012,42,5,125,2160.0,4.0,1,ALPE4,1,ALPE4,7,2013-05-30 13:46:08,,7,3
207194444020004,247105153010661,2012,42,5,125,2160.0,1.0,1,BETH,1,BETH,2,2013-05-30 13:46:08,,7,3
207194445020004,247105153010661,2012,42,5,125,2160.0,1.0,1,CEOR7,1,CEOR7,2,2013-05-30 13:46:08,,7,3
207194446020004,247105153010661,2012,42,5,125,2160.0,2.0,1,CEOR7,1,CEOR7,1,2013-05-30 13:46:08,,7,3
207194447020004,247105153010661,2012,42,5,125,2160.0,4.0,1,CEOR7,1,CEOR7,3,2013-05-30 13:46:08,,7,3
207194448020004,247105153010661,2012,42,5,125,2160.0,1.0,1,ELUM,1,ELUM,12,2013-05-30 13:46:08,,7,3
207194449020004,247105153010661,2012,42,5,125,2160.0,2.0,1,ELUM,1,ELUM,35,2013-05-30 13:46:08,,7,3
382486831489998,171958711020004,2015,42,6,123,4404.0,2.0,1,LOMO2,1,LOMO2,2,2016-03-25 09:08:18,,7,6
382486832489998,171958711020004,2015,42,6,123,4404.0,1.0,1,ROMU,1,ROMU,3,2016-03-25 09:08:18,,7,6
382486833489998,171958711020004,2015,42,6,123,4404.0,2.0,1,ROMU,1,ROMU,4,2016-03-25 09:08:18,,7,6
382486834489998,171958711020004,2015,42,6,123,4404.0,3.0,1,ROMU,1,ROMU,3,2016-03-25 09:08:18,,7,6
382486835489998,171958711020004,2015,42,6,123,4404.0,4.0,1,ROMU,1,ROMU,5,2016-03-25 09:08:18,,7,6
382487013489998,171958906020004,2015,42,0,99,5778.0,1.0,2,MIVI,1,MIVI,1,2016-03-25 09:08:19,,7,6
382487014489998,171958906020004,2015,42,0,99,5778.0,2.0,2,MIVI,1,MIVI,1,2016-03-25 09:08:19,,7,6
382487015489998,171958906020004,2015,42,0,99,5778.0,3.0,2,MIVI,1,MIVI,4,2016-03-25 09:08:19,,7,6
382487016489998,171958906020004,2015,42,0,99,5778.0,1.0,2,ROPS,1,ROPS,3,2016-03-25 09:08:19,,7,6
382487126489998,171959042020004,2015,42,0,43,4117.0,3.0,1,LOMO2,1,LOMO2,7,2016-03-25 09:08:19,,7,6
382487127489998,171959042020004,2015,42,0,43,4117.0,4.0,1,LOMO2,1,LOMO2,4,2016-03-25 09:08:19,,7,6
382487128489998,171959042020004,2015,42,0,43,4117.0,1.0,1,ROMU,1,ROMU,5,2016-03-25 09:08:19,,7,6
382487129489998,171959042020004,2015,42,0,43,4117.0,3.0,1,ROMU,1,ROMU,1,2016-03-25 09:08:19,,7,6
382487130489998,171959042020004,2015,42,0,43,4117.0,4.0,1,ROMU,1,ROMU,2,2016-03-25 09:08:19,,7,6
382487239489998,171959098020004,2015,42,0,61,6069.0,2.0,1,AIAL,1,AIAL,2,2016-03-25 09:08:20,,7,6
382487240489998,171959098020004,2015,42,0,61,6069.0,1.0,1,ALPE4,1,ALPE4,2,2016-03-25 09:08:20,,7,6
382487241489998,171959098020004,2015,42,0,61,6069.0,2.0,1,ALPE4,1,ALPE4,13,2016-03-25 09:08:20,,7,6
382487242489998,171959098020004,2015,42,0,61,6069.0,3.0,1,ALPE4,1,ALPE4,5,2016-03-25 09:08:20,,7,6
382487243489998,171959098020004,2015,42,0,61,6069.0,4.0,1,ALPE4,1,ALPE4,10,2016-03-25 09:08:20,,7,6
382487244489998,171959098020004,2015,42,0,61,6069.0,1.0,1,ELUM,1,ELUM,1,2016-03-25 09:08:20,,7,6
382487245489998,171959098020004,2015,42,0,61,6069.0,3.0,1,ELUM,1,ELUM,1,2016-03-25 09:08:20,,7,6
382487246489998,171959098020004,2015,42,0,61,6069.0,4.0,1,ELUM,1,ELUM,1,2016-03-25 09:08:20,,7,6
382487247489998,171959098020004,2015,42,0,61,6069.0,2.0,1,LONIC,1,LONIC,4,2016-03-25 09:08:20,,7,6
382487248489998,171959098020004,2015,42,0,61,6069.0,2.0,1,ROMU,1,ROMU,5,2016-03-25 09:08:20,,7,6
382487249489998,171959098020004,2015,42,0,61,6069.0,3.0,1,ROMU,1,ROMU,2,2016-03-25 09:08:20,,7,6
382487250489998,171959098020004,2015,42,0,61,6069.0,4.0,1,ROMU,1,ROMU,1,2016-03-25 09:08:20,,7,6
382482897489998,171958846020004,2015,42,8,115,3218.0,3.0,1,ROMU,1,ROMU,2,2016-03-25 09:07:55,,7,6
382483059489998,171959008020004,2015,42,0,61,4885.0,1.0,1,ALPE4,1,ALPE4,10,2016-03-25 09:07:56,,7,6
382483060489998,171959008020004,2015,42,0,61,4885.0,2.0,1,ALPE4,1,ALPE4,10,2016-03-25 09:07:56,,7,6
382483061489998,171959008020004,2015,42,0,61,4885.0,3.0,1,ALPE4,1,ALPE4,10,2016-03-25 09:07:56,,7,6
382483062489998,171959008020004,2015,42,0,61,4885.0,1.0,1,BETH,1,BETH,1,2016-03-25 09:07:56,,7,6
382483063489998,171959008020004,2015,42,0,61,4885.0,3.0,1,BETH,1,BETH,2,2016-03-25 09:07:56,,7,6
382483064489998,171959008020004,2015,42,0,61,4885.0,1.0,1,LONIC,1,LONIC,15,2016-03-25 09:07:56,,7,6
382483065489998,171959008020004,2015,42,0,61,4885.0,2.0,1,LONIC,1,LONIC,20,2016-03-25 09:07:56,,7,6
382483066489998,171959008020004,2015,42,0,61,4885.0,3.0,1,LONIC,1,LONIC,2,2016-03-25 09:07:56,,7,6
382483067489998,171959008020004,2015,42,0,61,4885.0,1.0,1,ROMU,1,ROMU,2,2016-03-25 09:07:56,,7,6
382483068489998,171959008020004,2015,42,0,61,4885.0,2.0,1,ROMU,1,ROMU,3,2016-03-25 09:07:56,,7,6
382483069489998,171959008020004,2015,42,0,61,4885.0,3.0,1,ROMU,1,ROMU,30,2016-03-25 09:07:56,,7,6
382483216489998,171959234020004,2015,42,8,127,4180.0,1.0,1,ROMU,1,ROMU,1,2016-03-25 09:07:57,,7,6
382484956489998,171958748020004,2015,42,7,51,5140.0,2.0,1,AIAL,1,AIAL,22,2016-03-25 09:08:08,,7,6
382484957489998,171958748020004,2015,42,7,51,5140.0,2.0,2,AIAL,1,AIAL,25,2016-03-25 09:08:08,,7,6
382484958489998,171958748020004,2015,42,7,51,5140.0,2.0,2,ALPE4,1,ALPE4,5,2016-03-25 09:08:08,,7,6
382484959489998,171958748020004,2015,42,7,51,5140.0,3.0,2,ALPE4,1,ALPE4,10,2016-03-25 09:08:08,,7,6
382484960489998,171958748020004,2015,42,7,51,5140.0,4.0,2,ALPE4,1,ALPE4,3,2016-03-25 09:08:08,,7,6
382484961489998,171958748020004,2015,42,7,51,5140.0,4.0,2,CEOR7,1,CEOR7,5,2016-03-25 09:08:08,,7,6
382484962489998,171958748020004,2015,42,7,51,5140.0,2.0,2,LOMO2,1,LOMO2,5,2016-03-25 09:08:08,,7,6
382484963489998,171958748020004,2015,42,7,51,5140.0,1.0,1,MIVI,1,MIVI,15,2016-03-25 09:08:08,,7,6
382484964489998,171958748020004,2015,42,7,51,5140.0,1.0,2,MIVI,1,MIVI,15,2016-03-25 09:08:08,,7,6
382484965489998,171958748020004,2015,42,7,51,5140.0,2.0,1,MIVI,1,MIVI,10,2016-03-25 09:08:08,,7,6
382484966489998,171958748020004,2015,42,7,51,5140.0,2.0,2,MIVI,1,MIVI,2,2016-03-25 09:08:08,,7,6
382484967489998,171958748020004,2015,42,7,51,5140.0,3.0,2,MIVI,1,MIVI,3,2016-03-25 09:08:08,,7,6
382484968489998,171958748020004,2015,42,7,51,5140.0,4.0,2,MIVI,1,MIVI,1,2016-03-25 09:08:08,,7,6
382484969489998,171958748020004,2015,42,7,51,5140.0,1.0,1,ROMU,1,ROMU,8,2016-03-25 09:08:08,,7,6
382484970489998,171958748020004,2015,42,7,51,5140.0,1.0,2,ROMU,1,ROMU,20,2016-03-25 09:08:08,,7,6
382484971489998,171958748020004,2015,42,7,51,5140.0,2.0,1,ROMU,1,ROMU,5,2016-03-25 09:08:08,,7,6
382484972489998,171958748020004,2015,42,7,51,5140.0,2.0,2,ROMU,1,ROMU,10,2016-03-25 09:08:08,,7,6
382484973489998,171958748020004,2015,42,7,51,5140.0,3.0,2,ROMU,1,ROMU,1,2016-03-25 09:08:08,,7,6
382484974489998,171958748020004,2015,42,7,51,5140.0,4.0,2,ROMU,1,ROMU,25,2016-03-25 09:08:08,,7,6
382484975489998,171958748020004,2015,42,7,51,5140.0,1.0,1,ROPS,1,ROPS,25,2016-03-25 09:08:08,,7,6
382484976489998,171958748020004,2015,42,7,51,5140.0,1.0,2,ROPS,1,ROPS,40,2016-03-25 09:08:08,,7,6
382484977489998,171958748020004,2015,42,7,51,5140.0,2.0,2,ROPS,1,ROPS,3,2016-03-25 09:08:08,,7,6
382484978489998,171958748020004,2015,42,7,51,5140.0,3.0,2,ROPS,1,ROPS,10,2016-03-25 09:08:08,,7,6
382488994489998,171958399020004,2015,42,5,5,3364.0,1.0,1,ELAN,1,ELAN,60,2016-03-25 09:08:29,,7,6
382488995489998,171958399020004,2015,42,5,5,3364.0,2.0,2,ELAN,1,ELAN,75,2016-03-25 09:08:29,,7,6
382488996489998,171958399020004,2015,42,5,5,3364.0,3.0,1,ELAN,1,ELAN,50,2016-03-25 09:08:29,,7,6
382488997489998,171958399020004,2015,42,5,5,3364.0,4.0,3,ELAN,1,ELAN,50,2016-03-25 09:08:29,,7,6
382488998489998,171958399020004,2015,42,5,5,3364.0,1.0,1,ROMU,1,ROMU,35,2016-03-25 09:08:29,,7,6
382488999489998,171958399020004,2015,42,5,5,3364.0,2.0,2,ROMU,1,ROMU,65,2016-03-25 09:08:29,,7,6
382489000489998,171958399020004,2015,42,5,5,3364.0,3.0,1,ROMU,1,ROMU,35,2016-03-25 09:08:29,,7,6
382489001489998,171958399020004,2015,42,5,5,3364.0,4.0,3,ROMU,1,ROMU,95,2016-03-25 09:08:29,,7,6
382489161489998,171958594020004,2015,42,5,129,5532.0,3.0,1,MIVI,1,MIVI,20,2016-03-25 09:08:30,,7,6
382489162489998,171958594020004,2015,42,5,129,5532.0,3.0,1,ROMU,1,ROMU,3,2016-03-25 09:08:30,,7,6
382489312489998,171958743020004,2015,42,6,31,3318.0,4.0,1,ROMU,1,ROMU,1,2016-03-25 09:08:31,,7,6
382490204489998,171958344020004,2015,42,6,27,4606.0,2.0,1,BETH,1,BETH,2,2016-03-25 09:08:37,,7,6
382490205489998,171958344020004,2015,42,6,27,4606.0,3.0,1,BETH,1,BETH,1,2016-03-25 09:08:37,,7,6
382490206489998,171958344020004,2015,42,6,27,4606.0,2.0,1,LOJA,1,LOJA,5,2016-03-25 09:08:37,,7,6
382490207489998,171958344020004,2015,42,6,27,4606.0,4.0,1,LOJA,1,LOJA,20,2016-03-25 09:08:37,,7,6
382490208489998,171958344020004,2015,42,6,27,4606.0,2.0,1,LOMO2,1,LOMO2,8,2016-03-25 09:08:37,,7,6
382490209489998,171958344020004,2015,42,6,27,4606.0,4.0,1,LOMO2,1,LOMO2,15,2016-03-25 09:08:37,,7,6
382490210489998,171958344020004,2015,42,6,27,4606.0,1.0,1,ROMU,1,ROMU,7,2016-03-25 09:08:37,,7,6
382490211489998,171958344020004,2015,42,6,27,4606.0,3.0,1,ROMU,1,ROMU,2,2016-03-25 09:08:37,,7,6
382490212489998,171958344020004,2015,42,6,27,4606.0,4.0,1,ROMU,1,ROMU,25,2016-03-25 09:08:37,,7,6
382490374489998,171958394020004,2015,42,7,21,3730.0,1.0,1,ELUM,1,ELUM,1,2016-03-25 09:08:38,,7,6
382490375489998,171958394020004,2015,42,7,21,3730.0,3.0,1,ELUM,1,ELUM,10,2016-03-25 09:08:38,,7,6
382490376489998,171958394020004,2015,42,7,21,3730.0,3.0,2,ELUM,1,ELUM,20,2016-03-25 09:08:38,,7,6
382490377489998,171958394020004,2015,42,7,21,3730.0,3.0,2,ROMU,1,ROMU,3,2016-03-25 09:08:38,,7,6
382490378489998,171958394020004,2015,42,7,21,3730.0,1.0,1,ROPS,1,ROPS,1,2016-03-25 09:08:38,,7,6
382490613489998,171958636020004,2015,42,5,19,3009.0,1.0,1,LOMO2,1,LOMO2,5,2016-03-25 09:08:39,,7,6
382490614489998,171958636020004,2015,42,5,19,3009.0,2.0,1,LOMO2,1,LOMO2,1,2016-03-25 09:08:39,,7,6
382490615489998,171958636020004,2015,42,5,19,3009.0,1.0,1,ROMU,1,ROMU,2,2016-03-25 09:08:39,,7,6
382490616489998,171958636020004,2015,42,5,19,3009.0,4.0,1,ROMU,1,ROMU,20,2016-03-25 09:08:39,,7,6
382491073489998,171958760020004,2015,42,6,65,3478.0,4.0,2,LOMO2,1,LOMO2,1,2016-03-25 09:08:40,,7,6
382491074489998,171958760020004,2015,42,6,65,3478.0,4.0,2,ROMU,1,ROMU,3,2016-03-25 09:08:40,,7,6
382491184489998,171959010020004,2015,42,7,9,4170.0,1.0,1,MIVI,1,MIVI,1,2016-03-25 09:08:42,,7,6
382491185489998,171959010020004,2015,42,7,9,4170.0,2.0,1,MIVI,1,MIVI,3,2016-03-25 09:08:42,,7,6
382491186489998,171959010020004,2015,42,7,9,4170.0,3.0,1,MIVI,1,MIVI,3,2016-03-25 09:08:42,,7,6
382478610489998,171958508020004,2015,42,6,105,3825.0,1.0,1,BETH,1,BETH,1,2016-03-25 09:07:28,,7,6
382478611489998,171958508020004,2015,42,6,105,3825.0,3.0,1,BETH,1,BETH,1,2016-03-25 09:07:28,,7,6
382478612489998,171958508020004,2015,42,6,105,3825.0,3.0,1,LOMO2,1,LOMO2,1,2016-03-25 09:07:28,,7,6
382478613489998,171958508020004,2015,42,6,105,3825.0,1.0,1,ROMU,1,ROMU,2,2016-03-25 09:07:28,,7,6
745065469290487,511231867126144,2019,42,9,41,2260.0,1.0,1,ROMU,1,ROMU,2,2020-04-30 11:13:58,,8,5
745065470290487,511231867126144,2019,42,9,41,2260.0,2.0,1,ROMU,1,ROMU,1,2020-04-30 11:13:58,,8,5
745065471290487,511231867126144,2019,42,9,41,2260.0,3.0,1,ROPS,1,ROPS,3,2020-04-30 11:13:58,,8,5
745071510290487,511231712126144,2019,42,9,133,5133.0,2.0,1,BETH,1,BETH,1,2020-04-30 11:14:13,,8,5
745071511290487,511231712126144,2019,42,9,133,5133.0,1.0,1,LIVU,1,LIVU,1,2020-04-30 11:14:13,,8,5
745071512290487,511231712126144,2019,42,9,133,5133.0,2.0,1,LIVU,1,LIVU,1,2020-04-30 11:14:13,,8,5
745071513290487,511231712126144,2019,42,9,133,5133.0,3.0,1,LIVU,1,LIVU,1,2020-04-30 11:14:13,,8,5
745071514290487,511231712126144,2019,42,9,133,5133.0,1.0,1,LOJA,1,LOJA,1,2020-04-30 11:14:13,,8,5
745071515290487,511231712126144,2019,42,9,133,5133.0,2.0,1,LOJA,1,LOJA,1,2020-04-30 11:14:13,,8,5
745071516290487,511231712126144,2019,42,9,133,5133.0,3.0,1,LOJA,1,LOJA,1,2020-04-30 11:14:13,,8,5
745071517290487,511231712126144,2019,42,9,133,5133.0,3.0,1,LOMA6,1,LOMA6,1,2020-04-30 11:14:13,,8,5
745071518290487,511231712126144,2019,42,9,133,5133.0,4.0,1,LOMA6,1,LOMA6,2,2020-04-30 11:14:13,,8,5
745071519290487,511231712126144,2019,42,9,133,5133.0,1.0,1,MIVI,1,MIVI,25,2020-04-30 11:14:13,,8,5
745071520290487,511231712126144,2019,42,9,133,5133.0,2.0,1,MIVI,1,MIVI,7,2020-04-30 11:14:13,,8,5
745071521290487,511231712126144,2019,42,9,133,5133.0,3.0,1,MIVI,1,MIVI,40,2020-04-30 11:14:13,,8,5
745071522290487,511231712126144,2019,42,9,133,5133.0,4.0,1,MIVI,1,MIVI,38,2020-04-30 11:14:13,,8,5
745071523290487,511231712126144,2019,42,9,133,5133.0,1.0,1,ROMU,1,ROMU,1,2020-04-30 11:14:13,,8,5
745071524290487,511231712126144,2019,42,9,133,5133.0,2.0,1,ROMU,1,ROMU,1,2020-04-30 11:14:13,,8,5
745071525290487,511231712126144,2019,42,9,133,5133.0,3.0,1,ROMU,1,ROMU,1,2020-04-30 11:14:13,,8,5
745072035290487,511231907126144,2019,42,0,55,5091.0,4.0,3,AIAL,1,AIAL,63,2020-04-30 11:14:14,,8,5
745072036290487,511231907126144,2019,42,0,55,5091.0,4.0,3,ALPE4,1,ALPE4,1,2020-04-30 11:14:14,,8,5
745072037290487,511231907126144,2019,42,0,55,5091.0,4.0,3,CEOR7,1,CEOR7,19,2020-04-30 11:14:14,,8,5
745072038290487,511231907126144,2019,42,0,55,5091.0,4.0,3,LONIC,1,LONIC,3,2020-04-30 11:14:14,,8,5
745072039290487,511231907126144,2019,42,0,55,5091.0,4.0,3,MIVI,1,MIVI,85,2020-04-30 11:14:14,,8,5
745072040290487,511231907126144,2019,42,0,55,5091.0,4.0,3,ROMU,1,ROMU,10,2020-04-30 11:14:14,,8,5
745072225290487,511231963126144,2019,42,6,117,6189.0,2.0,2,ALPE4,1,ALPE4,3,2020-04-30 11:14:14,,8,5
745072226290487,511231963126144,2019,42,6,117,6189.0,2.0,2,ELUM,1,ELUM,1,2020-04-30 11:14:14,,8,5
745072227290487,511231963126144,2019,42,6,117,6189.0,2.0,2,ROMU,1,ROMU,2,2020-04-30 11:14:14,,8,5
745061590290487,511232196126144,2019,42,6,123,2099.0,1.0,1,ALPE4,1,ALPE4,2,2020-04-30 11:13:46,,8,5
745061591290487,511232196126144,2019,42,6,123,2099.0,1.0,1,BETH,1,BETH,2,2020-04-30 11:13:46,,8,5
745061592290487,511232196126144,2019,42,6,123,2099.0,2.0,1,BETH,1,BETH,1,2020-04-30 11:13:46,,8,5
745061593290487,511232196126144,2019,42,6,123,2099.0,4.0,1,BETH,1,BETH,5,2020-04-30 11:13:46,,8,5
1234981100290487,618637934126144,2020,42,8,131,5312.0,4.0,2,LIVU,1,LIVU,2,2022-08-17 07:49:53,,8,6
1234981101290487,618637934126144,2020,42,8,131,5312.0,2.0,2,LOMO2,1,LOMO2,8,2022-08-17 07:49:53,,8,6
1234981102290487,618637934126144,2020,42,8,131,5312.0,2.0,2,ROMU,1,ROMU,7,2022-08-17 07:49:53,,8,6
1234981103290487,618637934126144,2020,42,8,131,5312.0,3.0,2,ROMU,1,ROMU,4,2022-08-17 07:49:53,,8,6
1234981104290487,618637934126144,2020,42,8,131,5312.0,4.0,2,ROMU,1,ROMU,7,2022-08-17 07:49:53,,8,6
1234981505290487,618638032126144,2020,42,0,43,4779.0,2.0,1,AIAL,1,AIAL,2,2022-08-17 07:49:54,,8,6
1234981506290487,618638032126144,2020,42,0,43,4779.0,1.0,1,ALPE4,1,ALPE4,1,2022-08-17 07:49:54,,8,6
1234981507290487,618638032126144,2020,42,0,43,4779.0,4.0,1,ALPE4,1,ALPE4,1,2022-08-17 07:49:54,,8,6
1234981508290487,618638032126144,2020,42,0,43,4779.0,4.0,1,MIVI,1,MIVI,1,2022-08-17 07:49:54,,8,6
1234989360290487,618637935126144,2020,42,8,79,3459.0,1.0,1,AIAL,1,AIAL,40,2022-08-17 07:50:10,,8,6
1234989361290487,618637935126144,2020,42,8,79,3459.0,2.0,1,AIAL,1,AIAL,2,2022-08-17 07:50:10,,8,6
1234989362290487,618637935126144,2020,42,8,79,3459.0,1.0,1,ALPE4,1,ALPE4,1,2022-08-17 07:50:10,,8,6
1234989363290487,618637935126144,2020,42,8,79,3459.0,2.0,1,ALPE4,1,ALPE4,1,2022-08-17 07:50:10,,8,6
1234989364290487,618637935126144,2020,42,8,79,3459.0,1.0,1,CEOR7,1,CEOR7,1,2022-08-17 07:50:10,,8,6
1234989365290487,618637935126144,2020,42,8,79,3459.0,1.0,1,CIAR4,1,CIAR4,1,2022-08-17 07:50:10,,8,6
1234989366290487,618637935126144,2020,42,8,79,3459.0,1.0,1,FRAL4,1,FRAL4,1,2022-08-17 07:50:10,,8,6
1234989367290487,618637935126144,2020,42,8,79,3459.0,1.0,1,HEMA3,1,HEMA3,1,2022-08-17 07:50:10,,8,6
1234989368290487,618637935126144,2020,42,8,79,3459.0,2.0,1,LOJA,1,LOJA,1,2022-08-17 07:50:10,,8,6
1234989369290487,618637935126144,2020,42,8,79,3459.0,2.0,1,LOMO2,1,LOMO2,1,2022-08-17 07:50:10,,8,6
1234989370290487,618637935126144,2020,42,8,79,3459.0,2.0,1,ROPS,1,ROPS,1,2022-08-17 07:50:10,,8,6
1234989466290487,618637960126144,2020,42,9,133,4434.0,2.0,1,ACPL,1,ACPL,22,2022-08-17 07:50:11,,8,6
1234989467290487,618637960126144,2020,42,9,133,4434.0,3.0,1,ACPL,1,ACPL,9,2022-08-17 07:50:11,,8,6
1234989468290487,618637960126144,2020,42,9,133,4434.0,4.0,1,ACPL,1,ACPL,2,2022-08-17 07:50:11,,8,6
1234989469290487,618637960126144,2020,42,9,133,4434.0,1.0,1,AIAL,1,AIAL,42,2022-08-17 07:50:11,,8,6
1234989470290487,618637960126144,2020,42,9,133,4434.0,2.0,1,AIAL,1,AIAL,7,2022-08-17 07:50:11,,8,6
1234989471290487,618637960126144,2020,42,9,133,4434.0,4.0,1,AIAL,1,AIAL,4,2022-08-17 07:50:11,,8,6
1234989472290487,618637960126144,2020,42,9,133,4434.0,1.0,1,ALPE4,1,ALPE4,5,2022-08-17 07:50:11,,8,6
1234989473290487,618637960126144,2020,42,9,133,4434.0,2.0,1,ALPE4,1,ALPE4,1,2022-08-17 07:50:11,,8,6
1234989474290487,618637960126144,2020,42,9,133,4434.0,3.0,1,ALPE4,1,ALPE4,3,2022-08-17 07:50:11,,8,6
1234989475290487,618637960126144,2020,42,9,133,4434.0,4.0,1,ALPE4,1,ALPE4,1,2022-08-17 07:50:11,,8,6
1234989476290487,618637960126144,2020,42,9,133,4434.0,1.0,1,CEOR7,1,CEOR7,7,2022-08-17 07:50:11,,8,6
1234989477290487,618637960126144,2020,42,9,133,4434.0,3.0,1,CEOR7,1,CEOR7,4,2022-08-17 07:50:11,,8,6
1234989478290487,618637960126144,2020,42,9,133,4434.0,4.0,1,CEOR7,1,CEOR7,3,2022-08-17 07:50:11,,8,6
382487611489998,251021673489998,2015,42,5,3,317.0,3.0,2,ALPE4,1,ALPE4,5,2016-03-25 09:08:22,,8,1
382487612489998,251021673489998,2015,42,5,3,317.0,3.0,2,CEOR7,1,CEOR7,12,2016-03-25 09:08:22,,8,1
382487613489998,251021673489998,2015,42,5,3,317.0,3.0,2,LIVU,1,LIVU,5,2016-03-25 09:08:22,,8,1
382487614489998,251021673489998,2015,42,5,3,317.0,3.0,2,ROMU,1,ROMU,23,2016-03-25 09:08:22,,8,1
382487694489998,251021755489998,2015,42,5,49,443.0,3.0,2,ROMU,1,ROMU,2,2016-03-25 09:08:23,,8,1
382487695489998,251021755489998,2015,42,5,49,443.0,4.0,2,ROMU,1,ROMU,15,2016-03-25 09:08:23,,8,1
382483542489998,251021650489998,2015,42,5,3,1081.0,1.0,1,ALPE4,1,ALPE4,33,2016-03-25 09:07:59,,8,1
382483543489998,251021650489998,2015,42,5,3,1081.0,2.0,1,ALPE4,1,ALPE4,35,2016-03-25 09:07:59,,8,1
382483544489998,251021650489998,2015,42,5,3,1081.0,3.0,1,ALPE4,1,ALPE4,55,2016-03-25 09:07:59,,8,1
382483545489998,251021650489998,2015,42,5,3,1081.0,4.0,1,ALPE4,1,ALPE4,40,2016-03-25 09:07:59,,8,1
382483546489998,251021650489998,2015,42,5,3,1081.0,2.0,1,BETH,1,BETH,5,2016-03-25 09:07:59,,8,1
382483547489998,251021650489998,2015,42,5,3,1081.0,1.0,1,LIVU,1,LIVU,1,2016-03-25 09:07:59,,8,1
382483548489998,251021650489998,2015,42,5,3,1081.0,2.0,1,LIVU,1,LIVU,3,2016-03-25 09:07:59,,8,1
382483549489998,251021650489998,2015,42,5,3,1081.0,3.0,1,LIVU,1,LIVU,3,2016-03-25 09:07:59,,8,1
382483550489998,251021650489998,2015,42,5,3,1081.0,4.0,1,LIVU,1,LIVU,3,2016-03-25 09:07:59,,8,1
382483551489998,251021650489998,2015,42,5,3,1081.0,1.0,1,LOJA,1,LOJA,1,2016-03-25 09:07:59,,8,1
382483552489998,251021650489998,2015,42,5,3,1081.0,3.0,1,LOJA,1,LOJA,12,2016-03-25 09:07:59,,8,1
382483553489998,251021650489998,2015,42,5,3,1081.0,4.0,1,LOJA,1,LOJA,1,2016-03-25 09:07:59,,8,1
382483554489998,251021650489998,2015,42,5,3,1081.0,1.0,1,LOMO2,1,LOMO2,5,2016-03-25 09:07:59,,8,1
382483555489998,251021650489998,2015,42,5,3,1081.0,2.0,1,LOMO2,1,LOMO2,3,2016-03-25 09:07:59,,8,1
382483556489998,251021650489998,2015,42,5,3,1081.0,3.0,1,LOMO2,1,LOMO2,10,2016-03-25 09:07:59,,8,1
382483557489998,251021650489998,2015,42,5,3,1081.0,3.0,1,MIVI,1,MIVI,1,2016-03-25 09:07:59,,8,1
382483558489998,251021650489998,2015,42,5,3,1081.0,1.0,1,ROMU,1,ROMU,25,2016-03-25 09:07:59,,8,1
382483559489998,251021650489998,2015,42,5,3,1081.0,2.0,1,ROMU,1,ROMU,8,2016-03-25 09:07:59,,8,1
382483560489998,251021650489998,2015,42,5,3,1081.0,3.0,1,ROMU,1,ROMU,12,2016-03-25 09:07:59,,8,1
382483561489998,251021650489998,2015,42,5,3,1081.0,4.0,1,ROMU,1,ROMU,7,2016-03-25 09:07:59,,8,1
382483562489998,251021650489998,2015,42,5,3,1081.0,1.0,1,ROPS,1,ROPS,5,2016-03-25 09:07:59,,8,1
382483563489998,251021650489998,2015,42,5,3,1081.0,3.0,1,ROPS,1,ROPS,23,2016-03-25 09:07:59,,8,1
382483704489998,251021663489998,2015,42,0,99,627.0,2.0,2,MIVI,1,MIVI,15,2016-03-25 09:07:59,,8,1
382483705489998,251021663489998,2015,42,0,99,627.0,2.0,2,ROMU,1,ROMU,9,2016-03-25 09:07:59,,8,1
382483706489998,251021663489998,2015,42,0,99,627.0,2.0,2,ROPS,1,ROPS,6,2016-03-25 09:07:59,,8,1
382487924489998,251021804489998,2015,42,6,123,1155.0,1.0,2,ROMU,1,ROMU,9,2016-03-25 09:08:24,,8,1
382487925489998,251021804489998,2015,42,6,123,1155.0,2.0,3,ROMU,1,ROMU,25,2016-03-25 09:08:24,,8,1
382487926489998,251021804489998,2015,42,6,123,1155.0,4.0,2,ROMU,1,ROMU,8,2016-03-25 09:08:24,,8,1
382488077489998,251021819489998,2015,42,6,53,292.0,2.0,1,BETH,1,BETH,1,2016-03-25 09:08:25,,8,1
382488078489998,251021819489998,2015,42,6,53,292.0,3.0,1,BETH,1,BETH,1,2016-03-25 09:08:25,,8,1
382488079489998,251021819489998,2015,42,6,53,292.0,3.0,1,ROMU,1,ROMU,1,2016-03-25 09:08:25,,8,1
382488929489998,251022050489998,2015,42,0,57,630.0,3.0,2,ALPE4,1,ALPE4,25,2016-03-25 09:08:28,,8,1
382488930489998,251022050489998,2015,42,0,57,630.0,3.0,2,LONIC,1,LONIC,5,2016-03-25 09:08:28,,8,1
382488931489998,251022050489998,2015,42,0,57,630.0,3.0,2,MIVI,1,MIVI,15,2016-03-25 09:08:28,,8,1
382488932489998,251022050489998,2015,42,0,57,630.0,3.0,2,ROMU,1,ROMU,17,2016-03-25 09:08:28,,8,1
382483983489998,251021888489998,2015,42,0,99,943.0,1.0,1,LOMA6,1,LOMA6,1,2016-03-25 09:08:02,,8,1
382483984489998,251021888489998,2015,42,0,99,943.0,1.0,1,MIVI,1,MIVI,2,2016-03-25 09:08:02,,8,1
382483985489998,251021888489998,2015,42,0,99,943.0,3.0,1,MIVI,1,MIVI,6,2016-03-25 09:08:02,,8,1
382483986489998,251021888489998,2015,42,0,99,943.0,4.0,1,MIVI,1,MIVI,27,2016-03-25 09:08:02,,8,1
382483987489998,251021888489998,2015,42,0,99,943.0,1.0,1,ROMU,1,ROMU,1,2016-03-25 09:08:02,,8,1
382484185489998,251021893489998,2015,42,8,15,553.0,3.0,1,ALPE4,1,ALPE4,1,2016-03-25 09:08:03,,8,1
382484186489998,251021893489998,2015,42,8,15,553.0,3.0,1,ELUM,1,ELUM,1,2016-03-25 09:08:03,,8,1
382484187489998,251021893489998,2015,42,8,15,553.0,4.0,2,ELUM,1,ELUM,1,2016-03-25 09:08:03,,8,1
382484188489998,251021893489998,2015,42,8,15,553.0,1.0,1,ROMU,1,ROMU,1,2016-03-25 09:08:03,,8,1
382484189489998,251021893489998,2015,42,8,15,553.0,3.0,1,ROMU,1,ROMU,1,2016-03-25 09:08:03,,8,1
382484379489998,251021930489998,2015,42,8,93,1604.0,3.0,2,BETH,1,BETH,5,2016-03-25 09:08:04,,8,1
382484380489998,251021930489998,2015,42,8,93,1604.0,3.0,2,ELUM,1,ELUM,15,2016-03-25 09:08:04,,8,1
382484381489998,251021930489998,2015,42,8,93,1604.0,3.0,2,LOMO2,1,LOMO2,5,2016-03-25 09:08:04,,8,1
382484382489998,251021930489998,2015,42,8,93,1604.0,3.0,2,MIVI,1,MIVI,2,2016-03-25 09:08:04,,8,1
382484383489998,251021930489998,2015,42,8,93,1604.0,3.0,2,ROMU,1,ROMU,3,2016-03-25 09:08:04,,8,1
382484578489998,251021995489998,2015,42,8,107,964.0,3.0,1,AIAL,1,AIAL,1,2016-03-25 09:08:05,,8,1
382484579489998,251021995489998,2015,42,8,107,964.0,3.0,1,BETH,1,BETH,1,2016-03-25 09:08:05,,8,1
382484580489998,251021995489998,2015,42,8,107,964.0,3.0,1,LOJA,1,LOJA,2,2016-03-25 09:08:05,,8,1
382484581489998,251021995489998,2015,42,8,107,964.0,1.0,1,LONIC,1,LONIC,3,2016-03-25 09:08:05,,8,1
382484582489998,251021995489998,2015,42,8,107,964.0,3.0,1,LONIC,1,LONIC,7,2016-03-25 09:08:05,,8,1
382484583489998,251021995489998,2015,42,8,107,964.0,1.0,1,MIVI,1,MIVI,35,2016-03-25 09:08:05,,8,1
382484584489998,251021995489998,2015,42,8,107,964.0,3.0,1,MIVI,1,MIVI,13,2016-03-25 09:08:05,,8,1
382484585489998,251021995489998,2015,42,8,107,964.0,4.0,1,MIVI,1,MIVI,1,2016-03-25 09:08:05,,8,1
382484586489998,251021995489998,2015,42,8,107,964.0,1.0,1,ROMU,1,ROMU,1,2016-03-25 09:08:05,,8,1
382484587489998,251021995489998,2015,42,8,107,964.0,3.0,1,ROMU,1,ROMU,1,2016-03-25 09:08:05,,8,1
382489617489998,251021742489998,2015,42,5,63,671.0,4.0,1,BETH,1,BETH,15,2016-03-25 09:08:34,,8,1
382489618489998,251021742489998,2015,42,5,63,671.0,2.0,1,MIVI,1,MIVI,20,2016-03-25 09:08:34,,8,1
382489619489998,251021742489998,2015,42,5,63,671.0,1.0,1,ROMU,1,ROMU,10,2016-03-25 09:08:34,,8,1
382489797489998,251021801489998,2015,42,5,125,922.0,2.0,1,AIAL,1,AIAL,15,2016-03-25 09:08:34,,8,1
382489798489998,251021801489998,2015,42,5,125,922.0,1.0,1,ALPE4,1,ALPE4,5,2016-03-25 09:08:34,,8,1
382489799489998,251021801489998,2015,42,5,125,922.0,2.0,1,ALPE4,1,ALPE4,5,2016-03-25 09:08:34,,8,1
382489800489998,251021801489998,2015,42,5,125,922.0,1.0,1,ROMU,1,ROMU,30,2016-03-25 09:08:34,,8,1
382489801489998,251021801489998,2015,42,5,125,922.0,2.0,1,ROMU,1,ROMU,2,2016-03-25 09:08:34,,8,1
382491425489998,251021782489998,2015,42,6,31,136.0,4.0,1,ALPE4,1,ALPE4,1,2016-03-25 09:08:43,,8,1
382491426489998,251021782489998,2015,42,6,31,136.0,1.0,1,BETH,1,BETH,1,2016-03-25 09:08:43,,8,1
382491427489998,251021782489998,2015,42,6,31,136.0,3.0,1,BETH,1,BETH,4,2016-03-25 09:08:43,,8,1
382491428489998,251021782489998,2015,42,6,31,136.0,4.0,1,BETH,1,BETH,4,2016-03-25 09:08:43,,8,1
382491429489998,251021782489998,2015,42,6,31,136.0,1.0,1,ELUM,1,ELUM,2,2016-03-25 09:08:43,,8,1
382491430489998,251021782489998,2015,42,6,31,136.0,1.0,1,LIVU,1,LIVU,10,2016-03-25 09:08:43,,8,1
382491431489998,251021782489998,2015,42,6,31,136.0,2.0,1,LIVU,1,LIVU,5,2016-03-25 09:08:43,,8,1
382491432489998,251021782489998,2015,42,6,31,136.0,3.0,1,LIVU,1,LIVU,12,2016-03-25 09:08:43,,8,1
382491433489998,251021782489998,2015,42,6,31,136.0,4.0,1,LIVU,1,LIVU,25,2016-03-25 09:08:43,,8,1
382491434489998,251021782489998,2015,42,6,31,136.0,1.0,1,LOMO2,1,LOMO2,3,2016-03-25 09:08:43,,8,1
382491435489998,251021782489998,2015,42,6,31,136.0,2.0,1,LOMO2,1,LOMO2,7,2016-03-25 09:08:43,,8,1
382491436489998,251021782489998,2015,42,6,31,136.0,3.0,1,LOMO2,1,LOMO2,3,2016-03-25 09:08:43,,8,1
382491437489998,251021782489998,2015,42,6,31,136.0,4.0,1,LOMO2,1,LOMO2,1,2016-03-25 09:08:43,,8,1
382491438489998,251021782489998,2015,42,6,31,136.0,1.0,1,RHCA3,1,RHCA3,2,2016-03-25 09:08:43,,8,1
382491439489998,251021782489998,2015,42,6,31,136.0,1.0,1,ROMU,1,ROMU,2,2016-03-25 09:08:43,,8,1
382491440489998,251021782489998,2015,42,6,31,136.0,2.0,1,ROMU,1,ROMU,10,2016-03-25 09:08:43,,8,1
382491441489998,251021782489998,2015,42,6,31,136.0,3.0,1,ROMU,1,ROMU,3,2016-03-25 09:08:43,,8,1
382491442489998,251021782489998,2015,42,6,31,136.0,4.0,1,ROMU,1,ROMU,13,2016-03-25 09:08:43,,8,1
382491615489998,251021829489998,2015,42,6,65,1107.0,2.0,2,BETH,1,BETH,1,2016-03-25 09:08:44,,8,1
382491616489998,251021829489998,2015,42,6,65,1107.0,2.0,2,ROMU,1,ROMU,2,2016-03-25 09:08:44,,8,1
382480207489998,251021717489998,2015,42,5,5,1043.0,1.0,1,ALPE4,1,ALPE4,1,2016-03-25 09:07:38,,8,1
382480208489998,251021717489998,2015,42,5,5,1043.0,2.0,1,ALPE4,1,ALPE4,15,2016-03-25 09:07:38,,8,1
382480209489998,251021717489998,2015,42,5,5,1043.0,1.0,1,CEOR7,1,CEOR7,3,2016-03-25 09:07:38,,8,1
382480210489998,251021717489998,2015,42,5,5,1043.0,2.0,1,CEOR7,1,CEOR7,5,2016-03-25 09:07:38,,8,1
745061594290487,511232196126144,2019,42,6,123,2099.0,1.0,1,MIVI,1,MIVI,10,2020-04-30 11:13:46,,8,5
745061595290487,511232196126144,2019,42,6,123,2099.0,1.0,1,ROMU,1,ROMU,15,2020-04-30 11:13:46,,8,5
745061596290487,511232196126144,2019,42,6,123,2099.0,4.0,1,ROMU,1,ROMU,2,2020-04-30 11:13:46,,8,5
745061731290487,511232214126144,2019,42,5,19,4839.0,1.0,1,ROMU,1,ROMU,7,2020-04-30 11:13:46,,8,5
745061732290487,511232214126144,2019,42,5,19,4839.0,2.0,1,ROMU,1,ROMU,11,2020-04-30 11:13:46,,8,5
745061733290487,511232214126144,2019,42,5,19,4839.0,4.0,1,ROMU,1,ROMU,2,2020-04-30 11:13:46,,8,5
745061904290487,511231663126144,2019,42,8,89,2426.0,1.0,1,BETH,1,BETH,38,2020-04-30 11:13:46,,8,5
745061905290487,511231663126144,2019,42,8,89,2426.0,2.0,1,BETH,1,BETH,9,2020-04-30 11:13:46,,8,5
745061906290487,511231663126144,2019,42,8,89,2426.0,3.0,1,BETH,1,BETH,9,2020-04-30 11:13:46,,8,5
745061907290487,511231663126144,2019,42,8,89,2426.0,4.0,1,BETH,1,BETH,7,2020-04-30 11:13:46,,8,5
745061908290487,511231663126144,2019,42,8,89,2426.0,2.0,1,MIVI,1,MIVI,1,2020-04-30 11:13:46,,8,5
745061909290487,511231663126144,2019,42,8,89,2426.0,4.0,1,MIVI,1,MIVI,1,2020-04-30 11:13:46,,8,5
745062085290487,511231640126144,2019,42,9,77,2994.0,1.0,1,ALPE4,1,ALPE4,1,2020-04-30 11:13:47,,8,5
745062086290487,511231640126144,2019,42,9,77,2994.0,2.0,1,ALPE4,1,ALPE4,1,2020-04-30 11:13:47,,8,5
745062087290487,511231640126144,2019,42,9,77,2994.0,4.0,1,ALPE4,1,ALPE4,1,2020-04-30 11:13:47,,8,5
745062088290487,511231640126144,2019,42,9,77,2994.0,1.0,1,BETH,1,BETH,2,2020-04-30 11:13:47,,8,5
745062089290487,511231640126144,2019,42,9,77,2994.0,2.0,1,BETH,1,BETH,1,2020-04-30 11:13:47,,8,5
745062090290487,511231640126144,2019,42,9,77,2994.0,4.0,1,BETH,1,BETH,1,2020-04-30 11:13:47,,8,5
745062091290487,511231640126144,2019,42,9,77,2994.0,1.0,1,CEOR7,1,CEOR7,1,2020-04-30 11:13:47,,8,5
745062092290487,511231640126144,2019,42,9,77,2994.0,1.0,1,LIVU,1,LIVU,1,2020-04-30 11:13:47,,8,5
745062093290487,511231640126144,2019,42,9,77,2994.0,1.0,1,MIVI,1,MIVI,6,2020-04-30 11:13:47,,8,5
745062094290487,511231640126144,2019,42,9,77,2994.0,2.0,1,MIVI,1,MIVI,10,2020-04-30 11:13:47,,8,5
745062095290487,511231640126144,2019,42,9,77,2994.0,3.0,1,MIVI,1,MIVI,1,2020-04-30 11:13:47,,8,5
745062096290487,511231640126144,2019,42,9,77,2994.0,4.0,1,MIVI,1,MIVI,3,2020-04-30 11:13:47,,8,5
745062097290487,511231640126144,2019,42,9,77,2994.0,3.0,1,PHAR3,1,PHAR3,1,2020-04-30 11:13:47,,8,5
745062098290487,511231640126144,2019,42,9,77,2994.0,1.0,1,ROMU,1,ROMU,5,2020-04-30 11:13:47,,8,5
745062099290487,511231640126144,2019,42,9,77,2994.0,2.0,1,ROMU,1,ROMU,2,2020-04-30 11:13:47,,8,5
745062100290487,511231640126144,2019,42,9,77,2994.0,3.0,1,ROMU,1,ROMU,20,2020-04-30 11:13:47,,8,5
745062101290487,511231640126144,2019,42,9,77,2994.0,4.0,1,ROMU,1,ROMU,3,2020-04-30 11:13:47,,8,5
745063846290487,511232131126144,2019,42,5,63,2594.0,1.0,1,ALPE4,1,ALPE4,1,2020-04-30 11:13:54,,8,5
745063847290487,511232131126144,2019,42,5,63,2594.0,1.0,1,BETH,1,BETH,3,2020-04-30 11:13:54,,8,5
745063848290487,511232131126144,2019,42,5,63,2594.0,2.0,1,BETH,1,BETH,5,2020-04-30 11:13:54,,8,5
745063849290487,511232131126144,2019,42,5,63,2594.0,1.0,1,LOMO2,1,LOMO2,8,2020-04-30 11:13:54,,8,5
745063850290487,511232131126144,2019,42,5,63,2594.0,3.0,1,LOMO2,1,LOMO2,8,2020-04-30 11:13:54,,8,5
745063851290487,511232131126144,2019,42,5,63,2594.0,1.0,1,ROMU,1,ROMU,3,2020-04-30 11:13:54,,8,5
745063852290487,511232131126144,2019,42,5,63,2594.0,2.0,1,ROMU,1,ROMU,15,2020-04-30 11:13:54,,8,5
745063853290487,511232131126144,2019,42,5,63,2594.0,3.0,1,ROMU,1,ROMU,15,2020-04-30 11:13:54,,8,5
745064298290487,511231684126144,2019,42,8,127,5717.0,1.0,1,ALPE4,1,ALPE4,1,2020-04-30 11:13:55,,8,5
745064299290487,511231684126144,2019,42,8,127,5717.0,4.0,1,ALPE4,1,ALPE4,12,2020-04-30 11:13:55,,8,5
745064300290487,511231684126144,2019,42,8,127,5717.0,4.0,1,BETH,1,BETH,4,2020-04-30 11:13:55,,8,5
745064301290487,511231684126144,2019,42,8,127,5717.0,1.0,1,ELUM,1,ELUM,10,2020-04-30 11:13:55,,8,5
745064302290487,511231684126144,2019,42,8,127,5717.0,4.0,1,ELUM,1,ELUM,68,2020-04-30 11:13:55,,8,5
745064303290487,511231684126144,2019,42,8,127,5717.0,4.0,1,RHCA3,1,RHCA3,1,2020-04-30 11:13:55,,8,5
745064304290487,511231684126144,2019,42,8,127,5717.0,1.0,1,ROMU,1,ROMU,1,2020-04-30 11:13:55,,8,5
745064305290487,511231684126144,2019,42,8,127,5717.0,4.0,1,ROMU,1,ROMU,8,2020-04-30 11:13:55,,8,5
745066011290487,511231873126144,2019,42,0,55,2750.0,3.0,1,ACPL,1,ACPL,4,2020-04-30 11:14:00,,8,5
745066012290487,511231873126144,2019,42,0,55,2750.0,1.0,1,ALPE4,1,ALPE4,1,2020-04-30 11:14:00,,8,5
745066013290487,511231873126144,2019,42,0,55,2750.0,3.0,1,ALPE4,1,ALPE4,2,2020-04-30 11:14:00,,8,5
745066014290487,511231873126144,2019,42,0,55,2750.0,4.0,1,ALPE4,1,ALPE4,2,2020-04-30 11:14:00,,8,5
745066015290487,511231873126144,2019,42,0,55,2750.0,3.0,1,ELUM,1,ELUM,1,2020-04-30 11:14:00,,8,5
745066016290487,511231873126144,2019,42,0,55,2750.0,3.0,1,LOJA,1,LOJA,3,2020-04-30 11:14:00,,8,5
745066017290487,511231873126144,2019,42,0,55,2750.0,3.0,1,LOMA6,1,LOMA6,3,2020-04-30 11:14:00,,8,5
745066018290487,511231873126144,2019,42,0,55,2750.0,1.0,1,MIVI,1,MIVI,40,2020-04-30 11:14:00,,8,5
745066019290487,511231873126144,2019,42,0,55,2750.0,3.0,1,MIVI,1,MIVI,5,2020-04-30 11:14:00,,8,5
745066020290487,511231873126144,2019,42,0,55,2750.0,4.0,1,MIVI,1,MIVI,1,2020-04-30 11:14:00,,8,5
745066021290487,511231873126144,2019,42,0,55,2750.0,3.0,1,POCU6,1,POCU6,1,2020-04-30 11:14:00,,8,5
745066022290487,511231873126144,2019,42,0,55,2750.0,1.0,1,ROMU,1,ROMU,20,2020-04-30 11:14:00,,8,5
745066023290487,511231873126144,2019,42,0,55,2750.0,3.0,1,ROMU,1,ROMU,7,2020-04-30 11:14:00,,8,5
745066024290487,511231873126144,2019,42,0,55,2750.0,1.0,1,ROPS,1,ROPS,1,2020-04-30 11:14:00,,8,5
745066025290487,511231873126144,2019,42,0,55,2750.0,3.0,1,ROPS,1,ROPS,3,2020-04-30 11:14:00,,8,5
745066026290487,511231873126144,2019,42,0,55,2750.0,4.0,1,ROPS,1,ROPS,10,2020-04-30 11:14:00,,8,5
745068821290487,511232301126144,2019,42,5,73,2584.0,1.0,1,RHCA3,1,RHCA3,95,2020-04-30 11:14:06,,8,5
745068822290487,511232301126144,2019,42,5,73,2584.0,2.0,1,RHCA3,1,RHCA3,80,2020-04-30 11:14:06,,8,5
745068823290487,511232301126144,2019,42,5,73,2584.0,3.0,1,RHCA3,1,RHCA3,12,2020-04-30 11:14:06,,8,5
745068824290487,511232301126144,2019,42,5,73,2584.0,4.0,1,RHCA3,1,RHCA3,98,2020-04-30 11:14:06,,8,5
745068825290487,511232301126144,2019,42,5,73,2584.0,1.0,1,ROMU,1,ROMU,5,2020-04-30 11:14:06,,8,5
745068826290487,511232301126144,2019,42,5,73,2584.0,2.0,1,ROMU,1,ROMU,5,2020-04-30 11:14:06,,8,5
745068827290487,511232301126144,2019,42,5,73,2584.0,3.0,1,ROMU,1,ROMU,2,2020-04-30 11:14:06,,8,5
745068828290487,511232301126144,2019,42,5,73,2584.0,4.0,1,ROMU,1,ROMU,5,2020-04-30 11:14:06,,8,5
745068986290487,511231831126144,2019,42,0,99,5639.0,4.0,1,BETH,1,BETH,1,2020-04-30 11:14:07,,8,5
745068987290487,511231831126144,2019,42,0,99,5639.0,4.0,1,CEOR7,1,CEOR7,1,2020-04-30 11:14:07,,8,5
745068988290487,511231831126144,2019,42,0,99,5639.0,2.0,1,MIVI,1,MIVI,3,2020-04-30 11:14:07,,8,5
745068989290487,511231831126144,2019,42,0,99,5639.0,4.0,1,ROMU,1,ROMU,1,2020-04-30 11:14:07,,8,5
745069301290487,511231951126144,2019,42,0,57,2513.0,1.0,1,BETH,1,BETH,85,2020-04-30 11:14:07,,8,5
745069302290487,511231951126144,2019,42,0,57,2513.0,2.0,1,BETH,1,BETH,1,2020-04-30 11:14:07,,8,5
745069303290487,511231951126144,2019,42,0,57,2513.0,3.0,1,BETH,1,BETH,6,2020-04-30 11:14:07,,8,5
745069304290487,511231951126144,2019,42,0,57,2513.0,4.0,1,BETH,1,BETH,6,2020-04-30 11:14:07,,8,5
745069305290487,511231951126144,2019,42,0,57,2513.0,2.0,1,MIVI,1,MIVI,13,2020-04-30 11:14:07,,8,5
745069306290487,511231951126144,2019,42,0,57,2513.0,3.0,1,MIVI,1,MIVI,10,2020-04-30 11:14:07,,8,5
745069307290487,511231951126144,2019,42,0,57,2513.0,4.0,1,MIVI,1,MIVI,8,2020-04-30 11:14:07,,8,5
745069308290487,511231951126144,2019,42,0,57,2513.0,3.0,1,ROMU,1,ROMU,5,2020-04-30 11:14:07,,8,5
745069617290487,511232250126144,2019,42,5,3,4992.0,2.0,2,ALPE4,1,ALPE4,50,2020-04-30 11:14:08,,8,5
745069618290487,511232250126144,2019,42,5,3,4992.0,2.0,2,LIVU,1,LIVU,30,2020-04-30 11:14:08,,8,5
745069619290487,511232250126144,2019,42,5,3,4992.0,2.0,2,MIVI,1,MIVI,15,2020-04-30 11:14:08,,8,5
745069620290487,511232250126144,2019,42,5,3,4992.0,2.0,2,ROMU,1,ROMU,2,2020-04-30 11:14:08,,8,5
745069621290487,511232250126144,2019,42,5,3,4992.0,2.0,2,ROPS,1,ROPS,3,2020-04-30 11:14:08,,8,5
745071215290487,511232202126144,2019,42,6,53,1947.0,3.0,1,BETH,1,BETH,1,2020-04-30 11:14:12,,8,5
745071216290487,511232202126144,2019,42,6,53,1947.0,4.0,1,BETH,1,BETH,1,2020-04-30 11:14:12,,8,5
745071217290487,511232202126144,2019,42,6,53,1947.0,1.0,1,ROMU,1,ROMU,1,2020-04-30 11:14:12,,8,5
745071218290487,511232202126144,2019,42,6,53,1947.0,2.0,1,ROMU,1,ROMU,1,2020-04-30 11:14:12,,8,5
745071219290487,511232202126144,2019,42,6,53,1947.0,3.0,1,ROMU,1,ROMU,1,2020-04-30 11:14:12,,8,5
745071220290487,511232202126144,2019,42,6,53,1947.0,4.0,1,ROMU,1,ROMU,1,2020-04-30 11:14:12,,8,5
745075252290487,511231994126144,2019,42,7,9,2000.0,3.0,3,ALPE4,1,ALPE4,20,2020-04-30 11:14:21,,8,5
745065468290487,511231867126144,2019,42,9,41,2260.0,3.0,1,MIVI,1,MIVI,1,2020-04-30 11:13:58,,8,5
745075253290487,511231994126144,2019,42,7,9,2000.0,3.0,3,CEOR7,1,CEOR7,25,2020-04-30 11:14:21,,8,5
745075254290487,511231994126144,2019,42,7,9,2000.0,3.0,3,HEMA3,1,HEMA3,8,2020-04-30 11:14:21,,8,5
745075255290487,511231994126144,2019,42,7,9,2000.0,3.0,3,LIVU,1,LIVU,5,2020-04-30 11:14:21,,8,5
745075256290487,511231994126144,2019,42,7,9,2000.0,3.0,3,LOMO2,1,LOMO2,15,2020-04-30 11:14:21,,8,5
745075257290487,511231994126144,2019,42,7,9,2000.0,3.0,3,ROMU,1,ROMU,12,2020-04-30 11:14:21,,8,5
745075258290487,511231994126144,2019,42,7,9,2000.0,3.0,3,ROPS,1,ROPS,8,2020-04-30 11:14:21,,8,5
745060954290487,511232002126144,2019,42,6,105,2843.0,1.0,1,ALPE4,1,ALPE4,1,2020-04-30 11:13:42,,8,5
382478614489998,171958508020004,2015,42,6,105,3825.0,3.0,1,ROMU,1,ROMU,1,2016-03-25 09:07:28,,7,6
382478615489998,171958508020004,2015,42,6,105,3825.0,4.0,1,ROMU,1,ROMU,1,2016-03-25 09:07:28,,7,6
382478770489998,171958542020004,2015,42,7,111,3536.0,2.0,2,ALPE4,1,ALPE4,20,2016-03-25 09:07:30,,7,6
382478771489998,171958542020004,2015,42,7,111,3536.0,1.0,2,ROMU,1,ROMU,30,2016-03-25 09:07:30,,7,6
382478772489998,171958542020004,2015,42,7,111,3536.0,2.0,2,ROMU,1,ROMU,25,2016-03-25 09:07:30,,7,6
382478773489998,171958542020004,2015,42,7,111,3536.0,1.0,2,ROPS,1,ROPS,20,2016-03-25 09:07:30,,7,6
382478774489998,171958542020004,2015,42,7,111,3536.0,2.0,2,ROPS,1,ROPS,10,2016-03-25 09:07:30,,7,6
382478775489998,171958542020004,2015,42,7,111,3536.0,4.0,2,ROPS,1,ROPS,20,2016-03-25 09:07:30,,7,6
382478898489998,171958841020004,2015,42,9,133,5863.0,1.0,1,ALPE4,1,ALPE4,1,2016-03-25 09:07:31,,7,6
382478899489998,171958841020004,2015,42,9,133,5863.0,4.0,4,ALPE4,1,ALPE4,1,2016-03-25 09:07:31,,7,6
382478900489998,171958841020004,2015,42,9,133,5863.0,4.0,4,CEOR7,1,CEOR7,5,2016-03-25 09:07:31,,7,6
382478901489998,171958841020004,2015,42,9,133,5863.0,1.0,1,ELUM,1,ELUM,3,2016-03-25 09:07:31,,7,6
382478902489998,171958841020004,2015,42,9,133,5863.0,4.0,4,LIVU,1,LIVU,12,2016-03-25 09:07:31,,7,6
382478903489998,171958841020004,2015,42,9,133,5863.0,1.0,1,LOJA,1,LOJA,10,2016-03-25 09:07:31,,7,6
382478904489998,171958841020004,2015,42,9,133,5863.0,4.0,4,LOJA,1,LOJA,2,2016-03-25 09:07:31,,7,6
382478905489998,171958841020004,2015,42,9,133,5863.0,1.0,1,LOMA6,1,LOMA6,1,2016-03-25 09:07:31,,7,6
382478906489998,171958841020004,2015,42,9,133,5863.0,4.0,4,LOMO2,1,LOMO2,2,2016-03-25 09:07:31,,7,6
382478907489998,171958841020004,2015,42,9,133,5863.0,1.0,1,MIVI,1,MIVI,3,2016-03-25 09:07:31,,7,6
382478908489998,171958841020004,2015,42,9,133,5863.0,4.0,4,MIVI,1,MIVI,5,2016-03-25 09:07:31,,7,6
382478909489998,171958841020004,2015,42,9,133,5863.0,1.0,1,ROMU,1,ROMU,2,2016-03-25 09:07:31,,7,6
382478910489998,171958841020004,2015,42,9,133,5863.0,4.0,4,ROMU,1,ROMU,5,2016-03-25 09:07:31,,7,6
382478989489998,171958859020004,2015,42,8,89,5758.0,2.0,1,ALPE4,1,ALPE4,2,2016-03-25 09:07:32,,7,6
382478990489998,171958859020004,2015,42,8,89,5758.0,4.0,1,ALPE4,1,ALPE4,1,2016-03-25 09:07:32,,7,6
382478991489998,171958859020004,2015,42,8,89,5758.0,1.0,1,BETH,1,BETH,1,2016-03-25 09:07:32,,7,6
382478992489998,171958859020004,2015,42,8,89,5758.0,2.0,1,BETH,1,BETH,1,2016-03-25 09:07:32,,7,6
382478993489998,171958859020004,2015,42,8,89,5758.0,4.0,1,BETH,1,BETH,1,2016-03-25 09:07:32,,7,6
382478994489998,171958859020004,2015,42,8,89,5758.0,1.0,1,ELUM,1,ELUM,7,2016-03-25 09:07:32,,7,6
382478995489998,171958859020004,2015,42,8,89,5758.0,2.0,1,ELUM,1,ELUM,8,2016-03-25 09:07:32,,7,6
382478996489998,171958859020004,2015,42,8,89,5758.0,4.0,1,ELUM,1,ELUM,1,2016-03-25 09:07:32,,7,6
382478997489998,171958859020004,2015,42,8,89,5758.0,3.0,1,ROMU,1,ROMU,1,2016-03-25 09:07:32,,7,6
382478998489998,171958859020004,2015,42,8,89,5758.0,4.0,1,ROMU,1,ROMU,1,2016-03-25 09:07:32,,7,6
382479142489998,171958995020004,2015,42,0,99,3079.0,2.0,2,BETH,1,BETH,25,2016-03-25 09:07:32,,7,6
382479143489998,171958995020004,2015,42,0,99,3079.0,4.0,2,BETH,1,BETH,2,2016-03-25 09:07:32,,7,6
382479144489998,171958995020004,2015,42,0,99,3079.0,4.0,2,LOJA,1,LOJA,5,2016-03-25 09:07:32,,7,6
382479145489998,171958995020004,2015,42,0,99,3079.0,4.0,2,LOMA6,1,LOMA6,2,2016-03-25 09:07:32,,7,6
382479146489998,171958995020004,2015,42,0,99,3079.0,2.0,2,MIVI,1,MIVI,2,2016-03-25 09:07:32,,7,6
382479147489998,171958995020004,2015,42,0,99,3079.0,2.0,2,ROMU,1,ROMU,5,2016-03-25 09:07:32,,7,6
382479148489998,171958995020004,2015,42,0,99,3079.0,4.0,2,ROMU,1,ROMU,15,2016-03-25 09:07:32,,7,6
382479149489998,171958995020004,2015,42,0,99,3079.0,4.0,2,ROPS,1,ROPS,5,2016-03-25 09:07:32,,7,6
382479224489998,171959014020004,2015,42,6,117,4941.0,2.0,1,ELUM,1,ELUM,1,2016-03-25 09:07:33,,7,6
382479225489998,171959014020004,2015,42,6,117,4941.0,4.0,1,ELUM,1,ELUM,2,2016-03-25 09:07:33,,7,6
382479226489998,171959014020004,2015,42,6,117,4941.0,2.0,1,ROMU,1,ROMU,4,2016-03-25 09:07:33,,7,6
382479227489998,171959014020004,2015,42,6,117,4941.0,3.0,1,ROMU,1,ROMU,3,2016-03-25 09:07:33,,7,6
382479228489998,171959014020004,2015,42,6,117,4941.0,4.0,1,ROMU,1,ROMU,1,2016-03-25 09:07:33,,7,6
382479396489998,171959125020004,2015,42,9,71,4171.0,3.0,1,CEOR7,1,CEOR7,1,2016-03-25 09:07:34,,7,6
382479569489998,171959186020004,2015,42,8,107,5139.0,2.0,1,ALPE4,1,ALPE4,3,2016-03-25 09:07:34,,7,6
382479570489998,171959186020004,2015,42,8,107,5139.0,2.0,1,LOMO2,1,LOMO2,1,2016-03-25 09:07:34,,7,6
382479571489998,171959186020004,2015,42,8,107,5139.0,2.0,1,MIVI,1,MIVI,6,2016-03-25 09:07:34,,7,6
382479572489998,171959186020004,2015,42,8,107,5139.0,2.0,1,ROMU,1,ROMU,1,2016-03-25 09:07:34,,7,6
382479573489998,171959186020004,2015,42,8,107,5139.0,1.0,1,ROPS,1,ROPS,85,2016-03-25 09:07:34,,7,6
382479574489998,171959186020004,2015,42,8,107,5139.0,2.0,1,ROPS,1,ROPS,80,2016-03-25 09:07:34,,7,6
382479726489998,171959189020004,2015,42,9,75,2954.0,2.0,2,ROMU,1,ROMU,1,2016-03-25 09:07:35,,7,6
382479727489998,171959189020004,2015,42,9,75,2954.0,2.0,2,ROPS,1,ROPS,1,2016-03-25 09:07:35,,7,6
382479933489998,171959271020004,2015,42,9,91,4654.0,3.0,2,ALPE4,1,ALPE4,1,2016-03-25 09:07:36,,7,6
382479934489998,171959271020004,2015,42,9,91,4654.0,3.0,2,CEOR7,1,CEOR7,4,2016-03-25 09:07:36,,7,6
382479935489998,171959271020004,2015,42,9,91,4654.0,3.0,2,LIVU,1,LIVU,1,2016-03-25 09:07:36,,7,6
382479936489998,171959271020004,2015,42,9,91,4654.0,3.0,2,LOJA,1,LOJA,2,2016-03-25 09:07:36,,7,6
382479937489998,171959271020004,2015,42,9,91,4654.0,3.0,2,MIVI,1,MIVI,15,2016-03-25 09:07:36,,7,6
382479938489998,171959271020004,2015,42,9,91,4654.0,3.0,2,ROMU,1,ROMU,5,2016-03-25 09:07:36,,7,6
382485970489998,251021647489998,2015,42,5,129,963.0,4.0,2,ALPE4,1,ALPE4,4,2016-03-25 09:08:12,,8,1
382485971489998,251021647489998,2015,42,5,129,963.0,4.0,2,LOMA6,1,LOMA6,45,2016-03-25 09:08:12,,8,1
382485972489998,251021647489998,2015,42,5,129,963.0,4.0,2,ROMU,1,ROMU,60,2016-03-25 09:08:12,,8,1
382492528489998,251021710489998,2015,42,6,105,6220.0,2.0,1,ELUM,1,ELUM,2,2016-03-25 09:08:50,,8,1
382492529489998,251021710489998,2015,42,6,105,6220.0,2.0,1,ROMU,1,ROMU,3,2016-03-25 09:08:50,,8,1
382492815489998,251021746489998,2015,42,6,83,1936.0,1.0,1,LOMO2,1,LOMO2,1,2016-03-25 09:08:52,,8,1
382480211489998,251021717489998,2015,42,5,5,1043.0,2.0,1,ELUM,1,ELUM,20,2016-03-25 09:07:38,,8,1
382480212489998,251021717489998,2015,42,5,5,1043.0,1.0,1,LIVU,1,LIVU,10,2016-03-25 09:07:38,,8,1
382480213489998,251021717489998,2015,42,5,5,1043.0,2.0,1,LIVU,1,LIVU,10,2016-03-25 09:07:38,,8,1
382480214489998,251021717489998,2015,42,5,5,1043.0,1.0,1,ROMU,1,ROMU,60,2016-03-25 09:07:38,,8,1
382480215489998,251021717489998,2015,42,5,5,1043.0,2.0,1,ROMU,1,ROMU,60,2016-03-25 09:07:38,,8,1
382480216489998,251021717489998,2015,42,5,5,1043.0,2.0,1,ROPS,1,ROPS,20,2016-03-25 09:07:38,,8,1
382491686489998,251021875489998,2015,42,9,91,949.0,4.0,1,ACPL,1,ACPL,15,2016-03-25 09:08:45,,8,1
382491687489998,251021875489998,2015,42,9,91,949.0,1.0,1,ALPE4,1,ALPE4,1,2016-03-25 09:08:45,,8,1
382491688489998,251021875489998,2015,42,9,91,949.0,1.0,1,CEOR7,1,CEOR7,6,2016-03-25 09:08:45,,8,1
382491689489998,251021875489998,2015,42,9,91,949.0,3.0,1,CEOR7,1,CEOR7,10,2016-03-25 09:08:45,,8,1
382491690489998,251021875489998,2015,42,9,91,949.0,4.0,1,CEOR7,1,CEOR7,4,2016-03-25 09:08:45,,8,1
382491691489998,251021875489998,2015,42,9,91,949.0,1.0,1,LIVU,1,LIVU,45,2016-03-25 09:08:45,,8,1
382491692489998,251021875489998,2015,42,9,91,949.0,3.0,1,LIVU,1,LIVU,38,2016-03-25 09:08:45,,8,1
382491693489998,251021875489998,2015,42,9,91,949.0,4.0,1,LIVU,1,LIVU,21,2016-03-25 09:08:45,,8,1
382491694489998,251021875489998,2015,42,9,91,949.0,1.0,1,LOJA,1,LOJA,4,2016-03-25 09:08:45,,8,1
382491695489998,251021875489998,2015,42,9,91,949.0,3.0,1,LOJA,1,LOJA,8,2016-03-25 09:08:45,,8,1
382491696489998,251021875489998,2015,42,9,91,949.0,4.0,1,LOJA,1,LOJA,2,2016-03-25 09:08:45,,8,1
382491697489998,251021875489998,2015,42,9,91,949.0,1.0,1,LOMA6,1,LOMA6,26,2016-03-25 09:08:45,,8,1
382491698489998,251021875489998,2015,42,9,91,949.0,3.0,1,LOMA6,1,LOMA6,11,2016-03-25 09:08:45,,8,1
382491699489998,251021875489998,2015,42,9,91,949.0,4.0,1,LOMA6,1,LOMA6,2,2016-03-25 09:08:45,,8,1
382491700489998,251021875489998,2015,42,9,91,949.0,1.0,1,LOMO2,1,LOMO2,10,2016-03-25 09:08:45,,8,1
382491701489998,251021875489998,2015,42,9,91,949.0,3.0,1,LOMO2,1,LOMO2,6,2016-03-25 09:08:45,,8,1
382491702489998,251021875489998,2015,42,9,91,949.0,1.0,1,LYNU,1,LYNU,10,2016-03-25 09:08:45,,8,1
382491703489998,251021875489998,2015,42,9,91,949.0,3.0,1,LYNU,1,LYNU,1,2016-03-25 09:08:45,,8,1
382491704489998,251021875489998,2015,42,9,91,949.0,4.0,1,LYNU,1,LYNU,1,2016-03-25 09:08:45,,8,1
382491705489998,251021875489998,2015,42,9,91,949.0,1.0,1,ROMU,1,ROMU,3,2016-03-25 09:08:45,,8,1
382491706489998,251021875489998,2015,42,9,91,949.0,3.0,1,ROMU,1,ROMU,12,2016-03-25 09:08:45,,8,1
382491707489998,251021875489998,2015,42,9,91,949.0,4.0,1,ROMU,1,ROMU,5,2016-03-25 09:08:45,,8,1
382491816489998,251021881489998,2015,42,7,9,986.0,2.0,1,ROPS,1,ROPS,18,2016-03-25 09:08:45,,8,1
382480531489998,251021898489998,2015,42,6,27,739.0,2.0,1,BETH,1,BETH,1,2016-03-25 09:07:41,,8,1
382480532489998,251021898489998,2015,42,6,27,739.0,4.0,1,BETH,1,BETH,1,2016-03-25 09:07:41,,8,1
382480533489998,251021898489998,2015,42,6,27,739.0,4.0,1,LOJA,1,LOJA,1,2016-03-25 09:07:41,,8,1
382480534489998,251021898489998,2015,42,6,27,739.0,1.0,1,MIVI,1,MIVI,1,2016-03-25 09:07:41,,8,1
382480535489998,251021898489998,2015,42,6,27,739.0,2.0,1,MIVI,1,MIVI,3,2016-03-25 09:07:41,,8,1
1234994294290487,618638265126144,2020,42,6,33,3718.0,2.0,1,MIVI,1,MIVI,10,2022-08-17 07:50:20,,8,6
1234994295290487,618638265126144,2020,42,6,33,3718.0,1.0,1,ROMU,1,ROMU,1,2022-08-17 07:50:20,,8,6
1234994296290487,618638265126144,2020,42,6,33,3718.0,2.0,1,ROMU,1,ROMU,7,2022-08-17 07:50:20,,8,6
1234994297290487,618638265126144,2020,42,6,33,3718.0,3.0,1,ROMU,1,ROMU,17,2022-08-17 07:50:20,,8,6
1234994298290487,618638265126144,2020,42,6,33,3718.0,4.0,1,ROMU,1,ROMU,5,2022-08-17 07:50:20,,8,6
1234994435290487,618638299126144,2020,42,5,63,5718.0,4.0,3,ROMU,1,ROMU,1,2022-08-17 07:50:20,,8,6
1278538286290487,722437997290487,2021,42,7,21,4734.0,1.0,1,ROPS,1,ROPS,15,2023-01-03 16:58:09,,8,7
1278538287290487,722437997290487,2021,42,7,21,4734.0,2.0,1,ROPS,1,ROPS,15,2023-01-03 16:58:09,,8,7
1278538288290487,722437997290487,2021,42,7,21,4734.0,3.0,1,ROPS,1,ROPS,1,2023-01-03 16:58:09,,8,7
1278538276290487,722437997290487,2021,42,7,21,4734.0,3.0,1,CIAR4,1,CIAR4,1,2023-01-03 16:58:09,,8,7
1278538277290487,722437997290487,2021,42,7,21,4734.0,4.0,1,CIAR4,1,CIAR4,2,2023-01-03 16:58:09,,8,7
1278538278290487,722437997290487,2021,42,7,21,4734.0,1.0,1,ELUM,1,ELUM,4,2023-01-03 16:58:09,,8,7
1278538279290487,722437997290487,2021,42,7,21,4734.0,2.0,1,ELUM,1,ELUM,3,2023-01-03 16:58:09,,8,7
1278538280290487,722437997290487,2021,42,7,21,4734.0,1.0,1,LOJA,1,LOJA,1,2023-01-03 16:58:09,,8,7
1278538281290487,722437997290487,2021,42,7,21,4734.0,2.0,1,LOJA,1,LOJA,2,2023-01-03 16:58:09,,8,7
1278538282290487,722437997290487,2021,42,7,21,4734.0,1.0,1,LOMO2,1,LOMO2,1,2023-01-03 16:58:09,,8,7
1278538283290487,722437997290487,2021,42,7,21,4734.0,2.0,1,LOMO2,1,LOMO2,1,2023-01-03 16:58:09,,8,7
1278538284290487,722437997290487,2021,42,7,21,4734.0,3.0,1,LOMO2,1,LOMO2,13,2023-01-03 16:58:09,,8,7
1278538285290487,722437997290487,2021,42,7,21,4734.0,3.0,1,ROMU,1,ROMU,2,2023-01-03 16:58:09,,8,7
1278538715290487,722438068290487,2021,42,5,7,3799.0,2.0,2,AIAL,1,AIAL,2,2023-01-03 16:58:10,,8,7
1278538716290487,722438068290487,2021,42,5,7,3799.0,2.0,2,ALPE4,1,ALPE4,1,2023-01-03 16:58:10,,8,7
1278538717290487,722438068290487,2021,42,5,7,3799.0,4.0,3,ALPE4,1,ALPE4,1,2023-01-03 16:58:10,,8,7
1278538718290487,722438068290487,2021,42,5,7,3799.0,1.0,2,CEOR7,1,CEOR7,4,2023-01-03 16:58:10,,8,7
1278538719290487,722438068290487,2021,42,5,7,3799.0,2.0,2,CEOR7,1,CEOR7,80,2023-01-03 16:58:10,,8,7
1278538720290487,722438068290487,2021,42,5,7,3799.0,4.0,3,CEOR7,1,CEOR7,60,2023-01-03 16:58:10,,8,7
1278538721290487,722438068290487,2021,42,5,7,3799.0,4.0,3,ELUM,1,ELUM,4,2023-01-03 16:58:10,,8,7
1278538722290487,722438068290487,2021,42,5,7,3799.0,2.0,2,LIVU,1,LIVU,1,2023-01-03 16:58:10,,8,7
1278538723290487,722438068290487,2021,42,5,7,3799.0,4.0,3,LIVU,1,LIVU,1,2023-01-03 16:58:10,,8,7
1278538724290487,722438068290487,2021,42,5,7,3799.0,2.0,2,LOMO2,1,LOMO2,17,2023-01-03 16:58:10,,8,7
1278538725290487,722438068290487,2021,42,5,7,3799.0,4.0,3,LOMO2,1,LOMO2,3,2023-01-03 16:58:10,,8,7
1278538726290487,722438068290487,2021,42,5,7,3799.0,1.0,2,ROMU,1,ROMU,1,2023-01-03 16:58:10,,8,7
1278538727290487,722438068290487,2021,42,5,7,3799.0,2.0,2,ROMU,1,ROMU,6,2023-01-03 16:58:10,,8,7
1278538728290487,722438068290487,2021,42,5,7,3799.0,4.0,3,ROMU,1,ROMU,4,2023-01-03 16:58:10,,8,7
1278539159290487,722438443290487,2021,42,9,11,5605.0,3.0,3,CEOR7,1,CEOR7,16,2023-01-03 16:58:12,,8,7
1278539160290487,722438443290487,2021,42,9,11,5605.0,3.0,3,LOJA,1,LOJA,15,2023-01-03 16:58:12,,8,7
1278539161290487,722438443290487,2021,42,9,11,5605.0,3.0,3,ROMU,1,ROMU,2,2023-01-03 16:58:12,,8,7
1278539162290487,722438443290487,2021,42,9,11,5605.0,3.0,3,ROPS,1,ROPS,4,2023-01-03 16:58:12,,8,7
1278539543290487,722438009290487,2021,42,5,63,5286.0,1.0,1,BETH,1,BETH,3,2023-01-03 16:58:13,,8,7
1278539544290487,722438009290487,2021,42,5,63,5286.0,4.0,1,BETH,1,BETH,3,2023-01-03 16:58:13,,8,7
1278539545290487,722438009290487,2021,42,5,63,5286.0,1.0,1,MIVI,1,MIVI,5,2023-01-03 16:58:13,,8,7
1278539546290487,722438009290487,2021,42,5,63,5286.0,4.0,1,MIVI,1,MIVI,1,2023-01-03 16:58:13,,8,7
1278539547290487,722438009290487,2021,42,5,63,5286.0,1.0,1,ROMU,1,ROMU,8,2023-01-03 16:58:13,,8,7
1278539548290487,722438009290487,2021,42,5,63,5286.0,2.0,1,ROMU,1,ROMU,1,2023-01-03 16:58:13,,8,7
1278539549290487,722438009290487,2021,42,5,63,5286.0,4.0,1,ROMU,1,ROMU,3,2023-01-03 16:58:13,,8,7
1278549173290487,722438232290487,2021,42,9,17,6003.0,3.0,1,ALPE4,1,ALPE4,1,2023-01-03 16:58:36,,8,7
1278549174290487,722438232290487,2021,42,9,17,6003.0,4.0,1,ALPE4,1,ALPE4,1,2023-01-03 16:58:36,,8,7
1278549175290487,722438232290487,2021,42,9,17,6003.0,3.0,1,BETH,1,BETH,1,2023-01-03 16:58:36,,8,7
1278549176290487,722438232290487,2021,42,9,17,6003.0,4.0,1,BETH,1,BETH,1,2023-01-03 16:58:36,,8,7
1278549177290487,722438232290487,2021,42,9,17,6003.0,1.0,1,CEOR7,1,CEOR7,1,2023-01-03 16:58:36,,8,7
1278549178290487,722438232290487,2021,42,9,17,6003.0,3.0,1,CEOR7,1,CEOR7,1,2023-01-03 16:58:36,,8,7
1278549179290487,722438232290487,2021,42,9,17,6003.0,2.0,1,ELUM,1,ELUM,3,2023-01-03 16:58:36,,8,7
1278549180290487,722438232290487,2021,42,9,17,6003.0,3.0,1,ELUM,1,ELUM,3,2023-01-03 16:58:36,,8,7
1278549181290487,722438232290487,2021,42,9,17,6003.0,1.0,1,LIVU,1,LIVU,1,2023-01-03 16:58:36,,8,7
1278549182290487,722438232290487,2021,42,9,17,6003.0,3.0,1,LIVU,1,LIVU,1,2023-01-03 16:58:36,,8,7
1278549183290487,722438232290487,2021,42,9,17,6003.0,4.0,1,LIVU,1,LIVU,1,2023-01-03 16:58:36,,8,7
1278549184290487,722438232290487,2021,42,9,17,6003.0,2.0,1,LOJA,1,LOJA,1,2023-01-03 16:58:36,,8,7
1278549185290487,722438232290487,2021,42,9,17,6003.0,3.0,1,LOMO2,1,LOMO2,1,2023-01-03 16:58:36,,8,7
1278549186290487,722438232290487,2021,42,9,17,6003.0,1.0,1,LYNU,1,LYNU,4,2023-01-03 16:58:36,,8,7
1278549187290487,722438232290487,2021,42,9,17,6003.0,2.0,1,LYNU,1,LYNU,1,2023-01-03 16:58:36,,8,7
1278549188290487,722438232290487,2021,42,9,17,6003.0,4.0,1,LYNU,1,LYNU,3,2023-01-03 16:58:36,,8,7
1278549189290487,722438232290487,2021,42,9,17,6003.0,1.0,1,ROMU,1,ROMU,14,2023-01-03 16:58:36,,8,7
1278549190290487,722438232290487,2021,42,9,17,6003.0,2.0,1,ROMU,1,ROMU,7,2023-01-03 16:58:36,,8,7
1278549191290487,722438232290487,2021,42,9,17,6003.0,3.0,1,ROMU,1,ROMU,3,2023-01-03 16:58:36,,8,7
1278549192290487,722438232290487,2021,42,9,17,6003.0,4.0,1,ROMU,1,ROMU,37,2023-01-03 16:58:36,,8,7
1278549348290487,722438271290487,2021,42,6,27,4717.0,2.0,1,ROPS,1,ROPS,4,2023-01-03 16:58:36,,8,7
1278549509290487,722438303290487,2021,42,8,97,5549.0,2.0,2,ALPE4,1,ALPE4,1,2023-01-03 16:58:37,,8,7
469224564489998,306268359489998,2016,42,9,11,1.0,3.0,1,LOJA,1,LOJA,18,2017-05-10 12:44:17,,8,2
469224565489998,306268359489998,2016,42,9,11,1.0,4.0,1,LOJA,1,LOJA,1,2017-05-10 12:44:17,,8,2
469224566489998,306268359489998,2016,42,9,11,1.0,1.0,1,MIVI,1,MIVI,1,2017-05-10 12:44:17,,8,2
469224567489998,306268359489998,2016,42,9,11,1.0,2.0,1,MIVI,1,MIVI,30,2017-05-10 12:44:17,,8,2
469224568489998,306268359489998,2016,42,9,11,1.0,3.0,1,MIVI,1,MIVI,1,2017-05-10 12:44:17,,8,2
469224569489998,306268359489998,2016,42,9,11,1.0,4.0,1,MIVI,1,MIVI,20,2017-05-10 12:44:17,,8,2
469224570489998,306268359489998,2016,42,9,11,1.0,1.0,1,ROMU,1,ROMU,1,2017-05-10 12:44:17,,8,2
469224571489998,306268359489998,2016,42,9,11,1.0,2.0,1,ROMU,1,ROMU,1,2017-05-10 12:44:17,,8,2
469224572489998,306268359489998,2016,42,9,11,1.0,3.0,1,ROMU,1,ROMU,2,2017-05-10 12:44:17,,8,2
469224573489998,306268359489998,2016,42,9,11,1.0,4.0,1,ROMU,1,ROMU,2,2017-05-10 12:44:17,,8,2
469224574489998,306268359489998,2016,42,9,11,1.0,1.0,1,ROPS,1,ROPS,25,2017-05-10 12:44:17,,8,2
469228713489998,306268797489998,2016,42,5,125,1699.0,4.0,2,LONIC,1,LONIC,60,2017-05-10 12:44:50,,8,2
469228714489998,306268797489998,2016,42,5,125,1699.0,4.0,2,ROMU,1,ROMU,20,2017-05-10 12:44:50,,8,2
469229301489998,306269090489998,2016,42,0,57,1244.0,3.0,1,ROPS,1,ROPS,2,2017-05-10 12:44:54,,8,2
469229485489998,306269102489998,2016,42,6,81,641.0,2.0,1,ALPE4,1,ALPE4,1,2017-05-10 12:44:54,,8,2
469229486489998,306269102489998,2016,42,6,81,641.0,2.0,1,BETH,1,BETH,4,2017-05-10 12:44:54,,8,2
469229702489998,306269180489998,2016,42,0,55,1139.0,1.0,1,ALPE4,1,ALPE4,3,2017-05-10 12:44:56,,8,2
469229703489998,306269180489998,2016,42,0,55,1139.0,2.0,1,ALPE4,1,ALPE4,5,2017-05-10 12:44:56,,8,2
469229704489998,306269180489998,2016,42,0,55,1139.0,1.0,1,BETH,1,BETH,1,2017-05-10 12:44:56,,8,2
469229705489998,306269180489998,2016,42,0,55,1139.0,1.0,1,CEOR7,1,CEOR7,10,2017-05-10 12:44:56,,8,2
469229706489998,306269180489998,2016,42,0,55,1139.0,4.0,1,CEOR7,1,CEOR7,5,2017-05-10 12:44:56,,8,2
469229707489998,306269180489998,2016,42,0,55,1139.0,1.0,1,CIAR4,1,CIAR4,1,2017-05-10 12:44:56,,8,2
469229708489998,306269180489998,2016,42,0,55,1139.0,2.0,1,CIAR4,1,CIAR4,1,2017-05-10 12:44:56,,8,2
469229709489998,306269180489998,2016,42,0,55,1139.0,3.0,1,CIAR4,1,CIAR4,1,2017-05-10 12:44:56,,8,2
469229710489998,306269180489998,2016,42,0,55,1139.0,4.0,1,CIAR4,1,CIAR4,4,2017-05-10 12:44:56,,8,2
469229711489998,306269180489998,2016,42,0,55,1139.0,1.0,1,ELUM,1,ELUM,3,2017-05-10 12:44:56,,8,2
469229712489998,306269180489998,2016,42,0,55,1139.0,1.0,1,LOJA,1,LOJA,55,2017-05-10 12:44:56,,8,2
469229713489998,306269180489998,2016,42,0,55,1139.0,3.0,1,LOJA,1,LOJA,50,2017-05-10 12:44:56,,8,2
469229714489998,306269180489998,2016,42,0,55,1139.0,4.0,1,LOJA,1,LOJA,5,2017-05-10 12:44:56,,8,2
469229715489998,306269180489998,2016,42,0,55,1139.0,1.0,1,LOMA6,1,LOMA6,3,2017-05-10 12:44:56,,8,2
469229716489998,306269180489998,2016,42,0,55,1139.0,2.0,1,LOMA6,1,LOMA6,9,2017-05-10 12:44:56,,8,2
207194451020004,247105153010661,2012,42,5,125,2160.0,4.0,1,ELUM,1,ELUM,65,2013-05-30 13:46:08,,7,3
207194452020004,247105153010661,2012,42,5,125,2160.0,2.0,1,LOMO2,1,LOMO2,5,2013-05-30 13:46:08,,7,3
207194453020004,247105153010661,2012,42,5,125,2160.0,3.0,1,LOMO2,1,LOMO2,10,2013-05-30 13:46:08,,7,3
207194454020004,247105153010661,2012,42,5,125,2160.0,4.0,1,LOMO2,1,LOMO2,5,2013-05-30 13:46:08,,7,3
207194455020004,247105153010661,2012,42,5,125,2160.0,1.0,1,LOTA,1,LOTA,8,2013-05-30 13:46:08,,7,3
207194456020004,247105153010661,2012,42,5,125,2160.0,1.0,1,ROMU,1,ROMU,2,2013-05-30 13:46:08,,7,3
207194457020004,247105153010661,2012,42,5,125,2160.0,2.0,1,ROMU,1,ROMU,2,2013-05-30 13:46:08,,7,3
207194458020004,247105153010661,2012,42,5,125,2160.0,3.0,1,ROMU,1,ROMU,2,2013-05-30 13:46:08,,7,3
207194459020004,247105153010661,2012,42,5,125,2160.0,4.0,1,ROMU,1,ROMU,2,2013-05-30 13:46:08,,7,3
207194460020004,247105153010661,2012,42,5,125,2160.0,1.0,1,ROPS,1,ROPS,2,2013-05-30 13:46:08,,7,3
207180601020004,247104792010661,2012,42,0,109,2479.0,1.0,1,ALPE4,1,ALPE4,1,2013-05-30 13:44:38,,7,3
207180602020004,247104792010661,2012,42,0,109,2479.0,2.0,1,ALPE4,1,ALPE4,13,2013-05-30 13:44:38,,7,3
207180603020004,247104792010661,2012,42,0,109,2479.0,3.0,1,ALPE4,1,ALPE4,1,2013-05-30 13:44:38,,7,3
207180604020004,247104792010661,2012,42,0,109,2479.0,4.0,1,ALPE4,1,ALPE4,3,2013-05-30 13:44:38,,7,3
207180605020004,247104792010661,2012,42,0,109,2479.0,1.0,1,BETH,1,BETH,2,2013-05-30 13:44:38,,7,3
207180606020004,247104792010661,2012,42,0,109,2479.0,3.0,1,BETH,1,BETH,1,2013-05-30 13:44:38,,7,3
207180607020004,247104792010661,2012,42,0,109,2479.0,4.0,1,BETH,1,BETH,2,2013-05-30 13:44:38,,7,3
207180608020004,247104792010661,2012,42,0,109,2479.0,1.0,1,CEOR7,1,CEOR7,1,2013-05-30 13:44:38,,7,3
207180609020004,247104792010661,2012,42,0,109,2479.0,4.0,1,CEOR7,1,CEOR7,1,2013-05-30 13:44:38,,7,3
207180610020004,247104792010661,2012,42,0,109,2479.0,1.0,1,ELUM,1,ELUM,1,2013-05-30 13:44:38,,7,3
207180611020004,247104792010661,2012,42,0,109,2479.0,4.0,1,ELUM,1,ELUM,1,2013-05-30 13:44:38,,7,3
207180612020004,247104792010661,2012,42,0,109,2479.0,1.0,1,LOMA6,1,LOMA6,20,2013-05-30 13:44:38,,7,3
207180613020004,247104792010661,2012,42,0,109,2479.0,2.0,1,LOMA6,1,LOMA6,1,2013-05-30 13:44:38,,7,3
207180614020004,247104792010661,2012,42,0,109,2479.0,3.0,1,LOMA6,1,LOMA6,7,2013-05-30 13:44:38,,7,3
207180615020004,247104792010661,2012,42,0,109,2479.0,4.0,1,LOMA6,1,LOMA6,17,2013-05-30 13:44:38,,7,3
207180616020004,247104792010661,2012,42,0,109,2479.0,1.0,1,LOMO2,1,LOMO2,4,2013-05-30 13:44:38,,7,3
207180617020004,247104792010661,2012,42,0,109,2479.0,3.0,1,LOMO2,1,LOMO2,1,2013-05-30 13:44:38,,7,3
207180618020004,247104792010661,2012,42,0,109,2479.0,4.0,1,LOMO2,1,LOMO2,8,2013-05-30 13:44:38,,7,3
207180619020004,247104792010661,2012,42,0,109,2479.0,1.0,1,MIVI,1,MIVI,8,2013-05-30 13:44:38,,7,3
207180620020004,247104792010661,2012,42,0,109,2479.0,2.0,1,MIVI,1,MIVI,18,2013-05-30 13:44:38,,7,3
207180621020004,247104792010661,2012,42,0,109,2479.0,4.0,1,MIVI,1,MIVI,7,2013-05-30 13:44:38,,7,3
207180622020004,247104792010661,2012,42,0,109,2479.0,1.0,1,ROMU,1,ROMU,1,2013-05-30 13:44:38,,7,3
207180623020004,247104792010661,2012,42,0,109,2479.0,3.0,1,ROMU,1,ROMU,1,2013-05-30 13:44:38,,7,3
207180624020004,247104792010661,2012,42,0,109,2479.0,4.0,1,ROMU,1,ROMU,1,2013-05-30 13:44:38,,7,3
207180757020004,247104809010661,2012,42,8,15,2321.0,1.0,1,ALPE4,1,ALPE4,2,2013-05-30 13:44:38,,7,3
207180758020004,247104809010661,2012,42,8,15,2321.0,2.0,1,ALPE4,1,ALPE4,1,2013-05-30 13:44:38,,7,3
207180759020004,247104809010661,2012,42,8,15,2321.0,3.0,1,ALPE4,1,ALPE4,3,2013-05-30 13:44:38,,7,3
207180760020004,247104809010661,2012,42,8,15,2321.0,4.0,1,ALPE4,1,ALPE4,3,2013-05-30 13:44:38,,7,3
207180761020004,247104809010661,2012,42,8,15,2321.0,3.0,1,ELUM,1,ELUM,1,2013-05-30 13:44:38,,7,3
207180762020004,247104809010661,2012,42,8,15,2321.0,1.0,1,ROMU,1,ROMU,12,2013-05-30 13:44:38,,7,3
207180763020004,247104809010661,2012,42,8,15,2321.0,2.0,1,ROMU,1,ROMU,2,2013-05-30 13:44:38,,7,3
207180764020004,247104809010661,2012,42,8,15,2321.0,3.0,1,ROMU,1,ROMU,4,2013-05-30 13:44:38,,7,3
207180920020004,247104904010661,2012,42,8,131,2822.0,1.0,1,ALPE4,1,ALPE4,3,2013-05-30 13:44:39,,7,3
207180921020004,247104904010661,2012,42,8,131,2822.0,4.0,1,ALPE4,1,ALPE4,17,2013-05-30 13:44:39,,7,3
207180922020004,247104904010661,2012,42,8,131,2822.0,1.0,1,ELUM,1,ELUM,7,2013-05-30 13:44:39,,7,3
207180923020004,247104904010661,2012,42,8,131,2822.0,4.0,1,ELUM,1,ELUM,78,2013-05-30 13:44:39,,7,3
207180924020004,247104904010661,2012,42,8,131,2822.0,2.0,1,ROMU,1,ROMU,1,2013-05-30 13:44:39,,7,3
207180925020004,247104904010661,2012,42,8,131,2822.0,3.0,1,ROMU,1,ROMU,1,2013-05-30 13:44:39,,7,3
207180926020004,247104904010661,2012,42,8,131,2822.0,4.0,1,ROMU,1,ROMU,5,2013-05-30 13:44:39,,7,3
207186620020004,247104555010661,2012,42,7,111,2665.0,4.0,1,MIVI,1,MIVI,3,2013-05-30 13:45:20,,7,3
207187522020004,247104642010661,2012,42,0,61,2504.0,3.0,1,AIAL,1,AIAL,1,2013-05-30 13:45:24,,7,3
207187523020004,247104642010661,2012,42,0,61,2504.0,4.0,1,AIAL,1,AIAL,52,2013-05-30 13:45:24,,7,3
207187524020004,247104642010661,2012,42,0,61,2504.0,2.0,1,ALPE4,1,ALPE4,1,2013-05-30 13:45:24,,7,3
207187525020004,247104642010661,2012,42,0,61,2504.0,4.0,1,ALPE4,1,ALPE4,40,2013-05-30 13:45:24,,7,3
207187526020004,247104642010661,2012,42,0,61,2504.0,1.0,1,LOMA6,1,LOMA6,1,2013-05-30 13:45:24,,7,3
207187527020004,247104642010661,2012,42,0,61,2504.0,2.0,1,LOMA6,1,LOMA6,15,2013-05-30 13:45:24,,7,3
207187528020004,247104642010661,2012,42,0,61,2504.0,3.0,1,LOMA6,1,LOMA6,6,2013-05-30 13:45:24,,7,3
207187529020004,247104642010661,2012,42,0,61,2504.0,4.0,1,LOMA6,1,LOMA6,1,2013-05-30 13:45:24,,7,3
207187530020004,247104642010661,2012,42,0,61,2504.0,2.0,1,MIVI,1,MIVI,6,2013-05-30 13:45:24,,7,3
207187531020004,247104642010661,2012,42,0,61,2504.0,3.0,1,MIVI,1,MIVI,3,2013-05-30 13:45:24,,7,3
207187532020004,247104642010661,2012,42,0,61,2504.0,4.0,1,MIVI,1,MIVI,65,2013-05-30 13:45:24,,7,3
207187533020004,247104642010661,2012,42,0,61,2504.0,2.0,1,ROMU,1,ROMU,1,2013-05-30 13:45:24,,7,3
207187534020004,247104642010661,2012,42,0,61,2504.0,2.0,1,ROPS,1,ROPS,1,2013-05-30 13:45:24,,7,3
207187705020004,247104757010661,2012,42,0,55,1954.0,3.0,1,ALPE4,1,ALPE4,1,2013-05-30 13:45:26,,7,3
207187706020004,247104757010661,2012,42,0,55,1954.0,4.0,1,ALPE4,1,ALPE4,1,2013-05-30 13:45:26,,7,3
207187707020004,247104757010661,2012,42,0,55,1954.0,1.0,1,BETH,1,BETH,1,2013-05-30 13:45:26,,7,3
207187708020004,247104757010661,2012,42,0,55,1954.0,3.0,1,BETH,1,BETH,11,2013-05-30 13:45:26,,7,3
207187709020004,247104757010661,2012,42,0,55,1954.0,3.0,1,CEOR7,1,CEOR7,1,2013-05-30 13:45:26,,7,3
207187710020004,247104757010661,2012,42,0,55,1954.0,4.0,1,MIVI,1,MIVI,2,2013-05-30 13:45:26,,7,3
207187711020004,247104757010661,2012,42,0,55,1954.0,1.0,1,ROMU,1,ROMU,1,2013-05-30 13:45:26,,7,3
207187712020004,247104757010661,2012,42,0,55,1954.0,3.0,1,ROMU,1,ROMU,1,2013-05-30 13:45:26,,7,3
207187713020004,247104757010661,2012,42,0,55,1954.0,1.0,1,ROPS,1,ROPS,18,2013-05-30 13:45:26,,7,3
207187714020004,247104757010661,2012,42,0,55,1954.0,2.0,1,ROPS,1,ROPS,8,2013-05-30 13:45:26,,7,3
207187715020004,247104757010661,2012,42,0,55,1954.0,3.0,1,ROPS,1,ROPS,1,2013-05-30 13:45:26,,7,3
207187716020004,247104757010661,2012,42,0,55,1954.0,4.0,1,ROPS,1,ROPS,7,2013-05-30 13:45:26,,7,3
207194655020004,247104286010661,2012,42,5,39,2480.0,1.0,1,ROMU,1,ROMU,7,2013-05-30 13:46:10,,7,3
207194656020004,247104286010661,2012,42,5,39,2480.0,2.0,2,ROMU,1,ROMU,63,2013-05-30 13:46:10,,7,3
207194657020004,247104286010661,2012,42,5,39,2480.0,3.0,1,ROMU,1,ROMU,45,2013-05-30 13:46:10,,7,3
207194658020004,247104286010661,2012,42,5,39,2480.0,4.0,1,ROMU,1,ROMU,52,2013-05-30 13:46:10,,7,3
207194808020004,247104332010661,2012,42,6,121,2714.0,1.0,1,ROMU,1,ROMU,1,2013-05-30 13:46:10,,7,3
207194809020004,247104332010661,2012,42,6,121,2714.0,2.0,1,ROMU,1,ROMU,28,2013-05-30 13:46:10,,7,3
207194810020004,247104332010661,2012,42,6,121,2714.0,3.0,1,ROMU,1,ROMU,10,2013-05-30 13:46:10,,7,3
207194811020004,247104332010661,2012,42,6,121,2714.0,4.0,1,ROMU,1,ROMU,1,2013-05-30 13:46:10,,7,3
207194812020004,247104332010661,2012,42,6,121,2714.0,4.0,2,ROMU,1,ROMU,8,2013-05-30 13:46:10,,7,3
207194989020004,247104363010661,2012,42,5,5,1974.0,3.0,2,BETH,1,BETH,1,2013-05-30 13:46:11,,7,3
207194990020004,247104363010661,2012,42,5,5,1974.0,4.0,2,BETH,1,BETH,1,2013-05-30 13:46:11,,7,3
207194991020004,247104363010661,2012,42,5,5,1974.0,3.0,2,ELUM,1,ELUM,2,2013-05-30 13:46:11,,7,3
207194992020004,247104363010661,2012,42,5,5,1974.0,3.0,2,ROMU,1,ROMU,4,2013-05-30 13:46:11,,7,3
207194993020004,247104363010661,2012,42,5,5,1974.0,4.0,2,ROMU,1,ROMU,2,2013-05-30 13:46:11,,7,3
207181075020004,247104960010661,2012,42,8,79,2880.0,1.0,1,BETH,1,BETH,1,2013-05-30 13:44:40,,7,3
469223549489998,306268990489998,2016,42,8,103,956.0,1.0,1,ROMU,1,ROMU,1,2017-05-10 12:44:09,,8,2
469223550489998,306268990489998,2016,42,8,103,956.0,2.0,1,ROMU,1,ROMU,1,2017-05-10 12:44:09,,8,2
469223904489998,306269114489998,2016,42,8,131,911.0,1.0,1,BETH,1,BETH,2,2017-05-10 12:44:13,,8,2
469223905489998,306269114489998,2016,42,8,131,911.0,2.0,1,BETH,1,BETH,6,2017-05-10 12:44:13,,8,2
469223906489998,306269114489998,2016,42,8,131,911.0,3.0,1,BETH,1,BETH,3,2017-05-10 12:44:13,,8,2
469223907489998,306269114489998,2016,42,8,131,911.0,4.0,1,BETH,1,BETH,4,2017-05-10 12:44:13,,8,2
469223908489998,306269114489998,2016,42,8,131,911.0,4.0,2,BETH,1,BETH,2,2017-05-10 12:44:13,,8,2
469223909489998,306269114489998,2016,42,8,131,911.0,1.0,1,ELUM,1,ELUM,1,2017-05-10 12:44:13,,8,2
469223910489998,306269114489998,2016,42,8,131,911.0,2.0,1,ELUM,1,ELUM,1,2017-05-10 12:44:13,,8,2
469223911489998,306269114489998,2016,42,8,131,911.0,3.0,1,ELUM,1,ELUM,1,2017-05-10 12:44:13,,8,2
207194450020004,247105153010661,2012,42,5,125,2160.0,3.0,1,ELUM,1,ELUM,65,2013-05-30 13:46:08,,7,3
469223912489998,306269114489998,2016,42,8,131,911.0,4.0,1,ELUM,1,ELUM,5,2017-05-10 12:44:13,,8,2
469229717489998,306269180489998,2016,42,0,55,1139.0,2.0,1,LOMO2,1,LOMO2,4,2017-05-10 12:44:56,,8,2
469229718489998,306269180489998,2016,42,0,55,1139.0,4.0,1,LOMO2,1,LOMO2,1,2017-05-10 12:44:56,,8,2
469229719489998,306269180489998,2016,42,0,55,1139.0,1.0,1,ROMU,1,ROMU,9,2017-05-10 12:44:56,,8,2
469229720489998,306269180489998,2016,42,0,55,1139.0,2.0,1,ROMU,1,ROMU,2,2017-05-10 12:44:56,,8,2
469229721489998,306269180489998,2016,42,0,55,1139.0,2.0,1,ROPS,1,ROPS,8,2017-05-10 12:44:56,,8,2
469229722489998,306269180489998,2016,42,0,55,1139.0,3.0,1,ROPS,1,ROPS,5,2017-05-10 12:44:56,,8,2
469229723489998,306269180489998,2016,42,0,55,1139.0,4.0,1,ROPS,1,ROPS,6,2017-05-10 12:44:56,,8,2
469229859489998,306269194489998,2016,42,8,15,626.0,2.0,1,ROMU,1,ROMU,1,2017-05-10 12:44:57,,8,2
469230661489998,306268959489998,2016,42,6,33,1232.0,3.0,1,BETH,1,BETH,1,2017-05-10 12:45:05,,8,2
469230662489998,306268959489998,2016,42,6,33,1232.0,1.0,1,ELUM,1,ELUM,25,2017-05-10 12:45:05,,8,2
469230663489998,306268959489998,2016,42,6,33,1232.0,2.0,1,ELUM,1,ELUM,35,2017-05-10 12:45:05,,8,2
469230664489998,306268959489998,2016,42,6,33,1232.0,3.0,1,ELUM,1,ELUM,45,2017-05-10 12:45:05,,8,2
469230665489998,306268959489998,2016,42,6,33,1232.0,4.0,1,ELUM,1,ELUM,15,2017-05-10 12:45:05,,8,2
469230666489998,306268959489998,2016,42,6,33,1232.0,3.0,1,ROMU,1,ROMU,1,2017-05-10 12:45:05,,8,2
469230667489998,306268959489998,2016,42,6,33,1232.0,1.0,1,ROPS,1,ROPS,15,2017-05-10 12:45:05,,8,2
469230668489998,306268959489998,2016,42,6,33,1232.0,2.0,1,ROPS,1,ROPS,45,2017-05-10 12:45:05,,8,2
469230669489998,306268959489998,2016,42,6,33,1232.0,3.0,1,ROPS,1,ROPS,45,2017-05-10 12:45:05,,8,2
469230670489998,306268959489998,2016,42,6,33,1232.0,4.0,1,ROPS,1,ROPS,25,2017-05-10 12:45:05,,8,2
469230803489998,306268979489998,2016,42,8,115,885.0,3.0,2,CIAR4,1,CIAR4,1,2017-05-10 12:45:06,,8,2
469230993489998,306269072489998,2016,42,6,81,183.0,1.0,1,BETH,1,BETH,1,2017-05-10 12:45:07,,8,2
469230994489998,306269072489998,2016,42,6,81,183.0,3.0,1,BETH,1,BETH,3,2017-05-10 12:45:07,,8,2
469230995489998,306269072489998,2016,42,6,81,183.0,3.0,1,LIVU,1,LIVU,2,2017-05-10 12:45:07,,8,2
469230996489998,306269072489998,2016,42,6,81,183.0,1.0,1,LOMO2,1,LOMO2,2,2017-05-10 12:45:07,,8,2
469230997489998,306269072489998,2016,42,6,81,183.0,1.0,1,MIVI,1,MIVI,55,2017-05-10 12:45:07,,8,2
469230998489998,306269072489998,2016,42,6,81,183.0,2.0,1,MIVI,1,MIVI,8,2017-05-10 12:45:07,,8,2
469230999489998,306269072489998,2016,42,6,81,183.0,3.0,1,MIVI,1,MIVI,5,2017-05-10 12:45:07,,8,2
469231000489998,306269072489998,2016,42,6,81,183.0,4.0,1,MIVI,1,MIVI,16,2017-05-10 12:45:07,,8,2
469231001489998,306269072489998,2016,42,6,81,183.0,1.0,1,ROMU,1,ROMU,1,2017-05-10 12:45:07,,8,2
469231002489998,306269072489998,2016,42,6,81,183.0,2.0,1,ROMU,1,ROMU,3,2017-05-10 12:45:07,,8,2
469231155489998,306269120489998,2016,42,8,131,352.0,2.0,1,MIVI,1,MIVI,2,2017-05-10 12:45:08,,8,2
469231156489998,306269120489998,2016,42,8,131,352.0,2.0,1,ROMU,1,ROMU,1,2017-05-10 12:45:08,,8,2
469231345489998,306269155489998,2016,42,9,75,1846.0,2.0,1,MIVI,1,MIVI,1,2017-05-10 12:45:09,,8,2
469231346489998,306269155489998,2016,42,9,75,1846.0,3.0,1,MIVI,1,MIVI,60,2017-05-10 12:45:09,,8,2
469231347489998,306269155489998,2016,42,9,75,1846.0,4.0,1,MIVI,1,MIVI,1,2017-05-10 12:45:09,,8,2
469231348489998,306269155489998,2016,42,9,75,1846.0,3.0,1,ROMU,1,ROMU,2,2017-05-10 12:45:09,,8,2
469231349489998,306269155489998,2016,42,9,75,1846.0,4.0,1,ROMU,1,ROMU,1,2017-05-10 12:45:09,,8,2
469231555489998,306269189489998,2016,42,8,89,487.0,1.0,1,ALPE4,1,ALPE4,16,2017-05-10 12:45:09,,8,2
469231556489998,306269189489998,2016,42,8,89,487.0,2.0,1,ALPE4,1,ALPE4,6,2017-05-10 12:45:09,,8,2
469231557489998,306269189489998,2016,42,8,89,487.0,4.0,1,ALPE4,1,ALPE4,8,2017-05-10 12:45:09,,8,2
469231558489998,306269189489998,2016,42,8,89,487.0,1.0,1,BETH,1,BETH,1,2017-05-10 12:45:09,,8,2
469231559489998,306269189489998,2016,42,8,89,487.0,1.0,1,CEOR7,1,CEOR7,3,2017-05-10 12:45:09,,8,2
469231560489998,306269189489998,2016,42,8,89,487.0,2.0,1,CEOR7,1,CEOR7,1,2017-05-10 12:45:09,,8,2
469231561489998,306269189489998,2016,42,8,89,487.0,4.0,1,CEOR7,1,CEOR7,4,2017-05-10 12:45:09,,8,2
469231562489998,306269189489998,2016,42,8,89,487.0,2.0,1,ELUM,1,ELUM,5,2017-05-10 12:45:09,,8,2
469231563489998,306269189489998,2016,42,8,89,487.0,1.0,1,HEMA3,1,HEMA3,2,2017-05-10 12:45:09,,8,2
469231564489998,306269189489998,2016,42,8,89,487.0,4.0,1,HEMA3,1,HEMA3,8,2017-05-10 12:45:10,,8,2
469231565489998,306269189489998,2016,42,8,89,487.0,1.0,1,LIVU,1,LIVU,4,2017-05-10 12:45:10,,8,2
469231566489998,306269189489998,2016,42,8,89,487.0,4.0,1,LIVU,1,LIVU,1,2017-05-10 12:45:10,,8,2
469231567489998,306269189489998,2016,42,8,89,487.0,1.0,1,LOJA,1,LOJA,1,2017-05-10 12:45:10,,8,2
469231568489998,306269189489998,2016,42,8,89,487.0,1.0,1,LOMO2,1,LOMO2,18,2017-05-10 12:45:10,,8,2
469231569489998,306269189489998,2016,42,8,89,487.0,2.0,1,LOMO2,1,LOMO2,35,2017-05-10 12:45:10,,8,2
469231570489998,306269189489998,2016,42,8,89,487.0,4.0,1,LOMO2,1,LOMO2,60,2017-05-10 12:45:10,,8,2
469231571489998,306269189489998,2016,42,8,89,487.0,1.0,1,MIVI,1,MIVI,34,2017-05-10 12:45:10,,8,2
469231572489998,306269189489998,2016,42,8,89,487.0,4.0,1,MIVI,1,MIVI,5,2017-05-10 12:45:10,,8,2
469231836489998,306268772489998,2016,42,5,63,736.0,2.0,1,BETH,1,BETH,2,2017-05-10 12:45:13,,8,2
469231837489998,306268772489998,2016,42,5,63,736.0,4.0,1,BETH,1,BETH,1,2017-05-10 12:45:13,,8,2
469231838489998,306268772489998,2016,42,5,63,736.0,1.0,1,CEOR7,1,CEOR7,10,2017-05-10 12:45:13,,8,2
469231839489998,306268772489998,2016,42,5,63,736.0,1.0,1,LIVU,1,LIVU,5,2017-05-10 12:45:13,,8,2
469231840489998,306268772489998,2016,42,5,63,736.0,4.0,1,LIVU,1,LIVU,5,2017-05-10 12:45:13,,8,2
469231841489998,306268772489998,2016,42,5,63,736.0,1.0,1,LOMO2,1,LOMO2,15,2017-05-10 12:45:13,,8,2
469231842489998,306268772489998,2016,42,5,63,736.0,2.0,1,LOMO2,1,LOMO2,15,2017-05-10 12:45:13,,8,2
469231843489998,306268772489998,2016,42,5,63,736.0,4.0,1,LOMO2,1,LOMO2,25,2017-05-10 12:45:13,,8,2
469231844489998,306268772489998,2016,42,5,63,736.0,1.0,1,ROMU,1,ROMU,20,2017-05-10 12:45:13,,8,2
1234985957290487,618637841126144,2020,42,8,89,5022.0,2.0,1,BETH,1,BETH,1,2022-08-17 07:50:03,,8,6
1234986107290487,618637843126144,2020,42,9,95,4967.0,1.0,2,ALPE4,1,ALPE4,1,2022-08-17 07:50:03,,8,6
1234986108290487,618637843126144,2020,42,9,95,4967.0,2.0,2,ALPE4,1,ALPE4,1,2022-08-17 07:50:03,,8,6
1234986109290487,618637843126144,2020,42,9,95,4967.0,3.0,2,ALPE4,1,ALPE4,3,2022-08-17 07:50:03,,8,6
1234986110290487,618637843126144,2020,42,9,95,4967.0,4.0,2,ALPE4,1,ALPE4,1,2022-08-17 07:50:03,,8,6
1234986111290487,618637843126144,2020,42,9,95,4967.0,4.0,2,CEOR7,1,CEOR7,1,2022-08-17 07:50:03,,8,6
1234986112290487,618637843126144,2020,42,9,95,4967.0,1.0,2,HEMA3,1,HEMA3,1,2022-08-17 07:50:03,,8,6
1234986113290487,618637843126144,2020,42,9,95,4967.0,4.0,2,HEMA3,1,HEMA3,1,2022-08-17 07:50:03,,8,6
1234986114290487,618637843126144,2020,42,9,95,4967.0,1.0,2,LOMA6,1,LOMA6,9,2022-08-17 07:50:03,,8,6
1234986115290487,618637843126144,2020,42,9,95,4967.0,2.0,2,LOMA6,1,LOMA6,60,2022-08-17 07:50:03,,8,6
1234986116290487,618637843126144,2020,42,9,95,4967.0,3.0,2,LOMA6,1,LOMA6,66,2022-08-17 07:50:03,,8,6
1234986117290487,618637843126144,2020,42,9,95,4967.0,4.0,2,LOMA6,1,LOMA6,95,2022-08-17 07:50:03,,8,6
1234986118290487,618637843126144,2020,42,9,95,4967.0,2.0,2,LYNU,1,LYNU,1,2022-08-17 07:50:03,,8,6
1234986119290487,618637843126144,2020,42,9,95,4967.0,3.0,2,LYNU,1,LYNU,6,2022-08-17 07:50:03,,8,6
1234986120290487,618637843126144,2020,42,9,95,4967.0,1.0,2,MIVI,1,MIVI,1,2022-08-17 07:50:03,,8,6
1234986121290487,618637843126144,2020,42,9,95,4967.0,2.0,2,POCU6,1,POCU6,4,2022-08-17 07:50:03,,8,6
1234986122290487,618637843126144,2020,42,9,95,4967.0,3.0,2,POCU6,1,POCU6,4,2022-08-17 07:50:03,,8,6
1234986123290487,618637843126144,2020,42,9,95,4967.0,2.0,2,ROMU,1,ROMU,2,2022-08-17 07:50:03,,8,6
1234986124290487,618637843126144,2020,42,9,95,4967.0,3.0,2,ROMU,1,ROMU,1,2022-08-17 07:50:03,,8,6
1234986125290487,618637843126144,2020,42,9,95,4967.0,4.0,2,ROMU,1,ROMU,1,2022-08-17 07:50:03,,8,6
1234986559290487,618637939126144,2020,42,8,79,3555.0,1.0,1,ALPE4,1,ALPE4,1,2022-08-17 07:50:04,,8,6
1234986560290487,618637939126144,2020,42,8,79,3555.0,3.0,1,ALPE4,1,ALPE4,1,2022-08-17 07:50:04,,8,6
1234986561290487,618637939126144,2020,42,8,79,3555.0,4.0,1,ALPE4,1,ALPE4,2,2022-08-17 07:50:04,,8,6
1234986562290487,618637939126144,2020,42,8,79,3555.0,1.0,1,BETH,1,BETH,1,2022-08-17 07:50:04,,8,6
1234986563290487,618637939126144,2020,42,8,79,3555.0,3.0,1,BETH,1,BETH,1,2022-08-17 07:50:04,,8,6
1234986564290487,618637939126144,2020,42,8,79,3555.0,4.0,1,BETH,1,BETH,1,2022-08-17 07:50:04,,8,6
1234986565290487,618637939126144,2020,42,8,79,3555.0,1.0,1,ELUM,1,ELUM,1,2022-08-17 07:50:04,,8,6
1234986566290487,618637939126144,2020,42,8,79,3555.0,3.0,1,LIVU,1,LIVU,1,2022-08-17 07:50:04,,8,6
1234986567290487,618637939126144,2020,42,8,79,3555.0,1.0,1,ROMU,1,ROMU,1,2022-08-17 07:50:04,,8,6
1234986568290487,618637939126144,2020,42,8,79,3555.0,3.0,1,ROMU,1,ROMU,1,2022-08-17 07:50:04,,8,6
1234986569290487,618637939126144,2020,42,8,79,3555.0,4.0,1,ROMU,1,ROMU,1,2022-08-17 07:50:04,,8,6
1234990566290487,618638295126144,2020,42,6,33,3637.0,4.0,1,FRAL4,1,FRAL4,2,2022-08-17 07:50:13,,8,6
1234990567290487,618638295126144,2020,42,6,33,3637.0,2.0,1,LOMO2,1,LOMO2,30,2022-08-17 07:50:13,,8,6
1234990568290487,618638295126144,2020,42,6,33,3637.0,2.0,1,ROMU,1,ROMU,1,2022-08-17 07:50:13,,8,6
469223913489998,306269114489998,2016,42,8,131,911.0,4.0,2,ELUM,1,ELUM,5,2017-05-10 12:44:13,,8,2
469223914489998,306269114489998,2016,42,8,131,911.0,4.0,1,LIVU,1,LIVU,1,2017-05-10 12:44:13,,8,2
469223915489998,306269114489998,2016,42,8,131,911.0,4.0,2,LIVU,1,LIVU,1,2017-05-10 12:44:13,,8,2
469223916489998,306269114489998,2016,42,8,131,911.0,2.0,1,LOMO2,1,LOMO2,4,2017-05-10 12:44:13,,8,2
469223917489998,306269114489998,2016,42,8,131,911.0,4.0,1,LOMO2,1,LOMO2,4,2017-05-10 12:44:13,,8,2
469223918489998,306269114489998,2016,42,8,131,911.0,4.0,2,LOMO2,1,LOMO2,10,2017-05-10 12:44:13,,8,2
469223919489998,306269114489998,2016,42,8,131,911.0,1.0,1,ROMU,1,ROMU,2,2017-05-10 12:44:13,,8,2
469223920489998,306269114489998,2016,42,8,131,911.0,2.0,1,ROMU,1,ROMU,9,2017-05-10 12:44:13,,8,2
469223921489998,306269114489998,2016,42,8,131,911.0,3.0,1,ROMU,1,ROMU,2,2017-05-10 12:44:13,,8,2
469223922489998,306269114489998,2016,42,8,131,911.0,4.0,1,ROMU,1,ROMU,2,2017-05-10 12:44:13,,8,2
469223923489998,306269114489998,2016,42,8,131,911.0,4.0,2,ROMU,1,ROMU,2,2017-05-10 12:44:13,,8,2
469224144489998,306269152489998,2016,42,0,61,273.0,4.0,1,MIVI,1,MIVI,1,2017-05-10 12:44:14,,8,2
469224145489998,306269152489998,2016,42,0,61,273.0,1.0,1,ROMU,1,ROMU,1,2017-05-10 12:44:14,,8,2
469224146489998,306269152489998,2016,42,0,61,273.0,2.0,1,ROMU,1,ROMU,1,2017-05-10 12:44:14,,8,2
469224147489998,306269152489998,2016,42,0,61,273.0,4.0,1,ROMU,1,ROMU,1,2017-05-10 12:44:14,,8,2
469224552489998,306268359489998,2016,42,9,11,1.0,1.0,1,ALPE4,1,ALPE4,50,2017-05-10 12:44:17,,8,2
469224553489998,306268359489998,2016,42,9,11,1.0,2.0,1,ALPE4,1,ALPE4,3,2017-05-10 12:44:17,,8,2
469224554489998,306268359489998,2016,42,9,11,1.0,3.0,1,ALPE4,1,ALPE4,5,2017-05-10 12:44:17,,8,2
469224555489998,306268359489998,2016,42,9,11,1.0,4.0,1,ALPE4,1,ALPE4,5,2017-05-10 12:44:17,,8,2
469224556489998,306268359489998,2016,42,9,11,1.0,2.0,1,BETH,1,BETH,2,2017-05-10 12:44:17,,8,2
469224557489998,306268359489998,2016,42,9,11,1.0,1.0,1,CEOR7,1,CEOR7,2,2017-05-10 12:44:17,,8,2
469224558489998,306268359489998,2016,42,9,11,1.0,2.0,1,CEOR7,1,CEOR7,2,2017-05-10 12:44:17,,8,2
469224559489998,306268359489998,2016,42,9,11,1.0,3.0,1,CEOR7,1,CEOR7,1,2017-05-10 12:44:17,,8,2
469224560489998,306268359489998,2016,42,9,11,1.0,4.0,1,CEOR7,1,CEOR7,1,2017-05-10 12:44:17,,8,2
469224561489998,306268359489998,2016,42,9,11,1.0,3.0,1,ELUM,1,ELUM,1,2017-05-10 12:44:17,,8,2
469224562489998,306268359489998,2016,42,9,11,1.0,1.0,1,LOJA,1,LOJA,1,2017-05-10 12:44:17,,8,2
469224563489998,306268359489998,2016,42,9,11,1.0,2.0,1,LOJA,1,LOJA,5,2017-05-10 12:44:17,,8,2
269662757489998,16265333020004,2013,42,0,55,3151.0,1.0,1,AIAL,1,AIAL,57,2014-07-15 10:25:12,,7,4
269662758489998,16265333020004,2013,42,0,55,3151.0,2.0,1,AIAL,1,AIAL,20,2014-07-15 10:25:12,,7,4
269662759489998,16265333020004,2013,42,0,55,3151.0,3.0,1,AIAL,1,AIAL,10,2014-07-15 10:25:12,,7,4
269662760489998,16265333020004,2013,42,0,55,3151.0,4.0,1,AIAL,1,AIAL,30,2014-07-15 10:25:12,,7,4
269662761489998,16265333020004,2013,42,0,55,3151.0,1.0,1,ALPE4,1,ALPE4,3,2014-07-15 10:25:12,,7,4
269662762489998,16265333020004,2013,42,0,55,3151.0,2.0,1,ALPE4,1,ALPE4,5,2014-07-15 10:25:12,,7,4
269662763489998,16265333020004,2013,42,0,55,3151.0,3.0,1,ALPE4,1,ALPE4,2,2014-07-15 10:25:12,,7,4
269662764489998,16265333020004,2013,42,0,55,3151.0,4.0,1,ALPE4,1,ALPE4,2,2014-07-15 10:25:12,,7,4
269662765489998,16265333020004,2013,42,0,55,3151.0,2.0,1,CEOR7,1,CEOR7,1,2014-07-15 10:25:12,,7,4
536715593126144,375840850489998,2017,42,6,33,546.0,4.0,1,ELUM,1,ELUM,4,2018-05-18 14:23:29,,8,3
536715594126144,375840850489998,2017,42,6,33,546.0,1.0,1,ROMU,1,ROMU,4,2018-05-18 14:23:29,,8,3
536715595126144,375840850489998,2017,42,6,33,546.0,2.0,1,ROMU,1,ROMU,1,2018-05-18 14:23:29,,8,3
536715596126144,375840850489998,2017,42,6,33,546.0,3.0,1,ROMU,1,ROMU,9,2018-05-18 14:23:29,,8,3
536715597126144,375840850489998,2017,42,6,33,546.0,4.0,1,ROMU,1,ROMU,1,2018-05-18 14:23:29,,8,3
536720020126144,375841026489998,2017,42,6,117,1078.0,1.0,1,ROMU,1,ROMU,1,2018-05-18 14:23:44,,8,3
536720167126144,375841027489998,2017,42,6,117,270.0,3.0,1,BETH,1,BETH,3,2018-05-18 14:23:44,,8,3
536720525126144,375841197489998,2017,42,0,109,747.0,2.0,2,ALPE4,1,ALPE4,2,2018-05-18 14:23:45,,8,3
536720526126144,375841197489998,2017,42,0,109,747.0,2.0,2,LOBE,1,LOBE,7,2018-05-18 14:23:45,,8,3
536720527126144,375841197489998,2017,42,0,109,747.0,2.0,2,LOMA6,1,LOMA6,85,2018-05-18 14:23:45,,8,3
536720528126144,375841197489998,2017,42,0,109,747.0,2.0,2,ROMU,1,ROMU,1,2018-05-18 14:23:45,,8,3
536726455126144,375840982489998,2017,42,8,15,534.0,4.0,1,ALPE4,1,ALPE4,1,2018-05-18 14:24:00,,8,3
536726456126144,375840982489998,2017,42,8,15,534.0,4.0,1,LOMO2,1,LOMO2,1,2018-05-18 14:24:00,,8,3
536726457126144,375840982489998,2017,42,8,15,534.0,3.0,1,ROMU,1,ROMU,3,2018-05-18 14:24:00,,8,3
536726458126144,375840982489998,2017,42,8,15,534.0,4.0,1,ROMU,1,ROMU,3,2018-05-18 14:24:00,,8,3
536726649126144,375841092489998,2017,42,6,35,1930.0,4.0,1,AIAL,1,AIAL,1,2018-05-18 14:24:00,,8,3
536726650126144,375841092489998,2017,42,6,35,1930.0,2.0,1,ALPE4,1,ALPE4,3,2018-05-18 14:24:00,,8,3
536726651126144,375841092489998,2017,42,6,35,1930.0,2.0,1,BETH,1,BETH,4,2018-05-18 14:24:00,,8,3
536726652126144,375841092489998,2017,42,6,35,1930.0,2.0,1,ELUM,1,ELUM,7,2018-05-18 14:24:00,,8,3
536726653126144,375841092489998,2017,42,6,35,1930.0,2.0,1,LOMO2,1,LOMO2,10,2018-05-18 14:24:00,,8,3
536726654126144,375841092489998,2017,42,6,35,1930.0,2.0,1,MIVI,1,MIVI,3,2018-05-18 14:24:00,,8,3
536726655126144,375841092489998,2017,42,6,35,1930.0,2.0,1,ROMU,1,ROMU,1,2018-05-18 14:24:00,,8,3
536726656126144,375841092489998,2017,42,6,35,1930.0,4.0,1,ROMU,1,ROMU,1,2018-05-18 14:24:00,,8,3
536715871126144,375840879489998,2017,42,6,33,1034.0,3.0,1,MIVI,1,MIVI,25,2018-05-18 14:23:29,,8,3
536715872126144,375840879489998,2017,42,6,33,1034.0,2.0,1,ROMU,1,ROMU,1,2018-05-18 14:23:29,,8,3
536716062126144,375840944489998,2017,42,9,1,1591.0,1.0,1,ALPE4,1,ALPE4,1,2018-05-18 14:23:30,,8,3
536716063126144,375840944489998,2017,42,9,1,1591.0,3.0,1,ALPE4,1,ALPE4,1,2018-05-18 14:23:30,,8,3
536716064126144,375840944489998,2017,42,9,1,1591.0,4.0,1,ALPE4,1,ALPE4,1,2018-05-18 14:23:30,,8,3
536716065126144,375840944489998,2017,42,9,1,1591.0,4.0,1,CEOR7,1,CEOR7,2,2018-05-18 14:23:30,,8,3
536716066126144,375840944489998,2017,42,9,1,1591.0,3.0,1,FRAL4,1,FRAL4,1,2018-05-18 14:23:30,,8,3
536716067126144,375840944489998,2017,42,9,1,1591.0,4.0,1,FRAL4,1,FRAL4,1,2018-05-18 14:23:30,,8,3
536716068126144,375840944489998,2017,42,9,1,1591.0,3.0,1,LIVU,1,LIVU,1,2018-05-18 14:23:30,,8,3
536716069126144,375840944489998,2017,42,9,1,1591.0,4.0,1,LIVU,1,LIVU,4,2018-05-18 14:23:30,,8,3
536716070126144,375840944489998,2017,42,9,1,1591.0,1.0,1,LOJA,1,LOJA,4,2018-05-18 14:23:30,,8,3
536716071126144,375840944489998,2017,42,9,1,1591.0,3.0,1,LOJA,1,LOJA,1,2018-05-18 14:23:30,,8,3
536716072126144,375840944489998,2017,42,9,1,1591.0,4.0,1,LOJA,1,LOJA,9,2018-05-18 14:23:30,,8,3
536716073126144,375840944489998,2017,42,9,1,1591.0,1.0,1,ROMU,1,ROMU,5,2018-05-18 14:23:30,,8,3
536716074126144,375840944489998,2017,42,9,1,1591.0,4.0,1,ROMU,1,ROMU,6,2018-05-18 14:23:30,,8,3
536716075126144,375840944489998,2017,42,9,1,1591.0,1.0,1,ROPS,1,ROPS,2,2018-05-18 14:23:30,,8,3
536716076126144,375840944489998,2017,42,9,1,1591.0,4.0,1,ROPS,1,ROPS,7,2018-05-18 14:23:30,,8,3
536716238126144,375841097489998,2017,42,9,11,1270.0,1.0,1,ALPE4,1,ALPE4,1,2018-05-18 14:23:32,,8,3
536716239126144,375841097489998,2017,42,9,11,1270.0,2.0,1,ALPE4,1,ALPE4,2,2018-05-18 14:23:32,,8,3
536716240126144,375841097489998,2017,42,9,11,1270.0,3.0,1,ALPE4,1,ALPE4,1,2018-05-18 14:23:32,,8,3
536716241126144,375841097489998,2017,42,9,11,1270.0,4.0,1,ALPE4,1,ALPE4,1,2018-05-18 14:23:32,,8,3
536716242126144,375841097489998,2017,42,9,11,1270.0,4.0,1,BETH,1,BETH,1,2018-05-18 14:23:32,,8,3
536716243126144,375841097489998,2017,42,9,11,1270.0,1.0,1,CEOR7,1,CEOR7,5,2018-05-18 14:23:32,,8,3
536716244126144,375841097489998,2017,42,9,11,1270.0,2.0,1,CEOR7,1,CEOR7,55,2018-05-18 14:23:32,,8,3
536716245126144,375841097489998,2017,42,9,11,1270.0,3.0,1,CEOR7,1,CEOR7,20,2018-05-18 14:23:32,,8,3
536716246126144,375841097489998,2017,42,9,11,1270.0,4.0,1,CEOR7,1,CEOR7,20,2018-05-18 14:23:32,,8,3
536716247126144,375841097489998,2017,42,9,11,1270.0,4.0,1,CIVU,1,CIVU,1,2018-05-18 14:23:32,,8,3
536716248126144,375841097489998,2017,42,9,11,1270.0,1.0,1,ELUM,1,ELUM,20,2018-05-18 14:23:32,,8,3
536716249126144,375841097489998,2017,42,9,11,1270.0,2.0,1,ELUM,1,ELUM,33,2018-05-18 14:23:32,,8,3
536716250126144,375841097489998,2017,42,9,11,1270.0,3.0,1,ELUM,1,ELUM,12,2018-05-18 14:23:32,,8,3
536716251126144,375841097489998,2017,42,9,11,1270.0,4.0,1,LIVU,1,LIVU,1,2018-05-18 14:23:32,,8,3
536716252126144,375841097489998,2017,42,9,11,1270.0,1.0,1,LOJA,1,LOJA,7,2018-05-18 14:23:32,,8,3
536716253126144,375841097489998,2017,42,9,11,1270.0,2.0,1,LOJA,1,LOJA,3,2018-05-18 14:23:32,,8,3
536716254126144,375841097489998,2017,42,9,11,1270.0,3.0,1,LOJA,1,LOJA,5,2018-05-18 14:23:32,,8,3
536716255126144,375841097489998,2017,42,9,11,1270.0,4.0,1,LOJA,1,LOJA,20,2018-05-18 14:23:32,,8,3
536716256126144,375841097489998,2017,42,9,11,1270.0,4.0,1,LONIC,1,LONIC,1,2018-05-18 14:23:32,,8,3
536716257126144,375841097489998,2017,42,9,11,1270.0,3.0,1,MIVI,1,MIVI,2,2018-05-18 14:23:32,,8,3
536716258126144,375841097489998,2017,42,9,11,1270.0,4.0,1,MIVI,1,MIVI,2,2018-05-18 14:23:32,,8,3
536716259126144,375841097489998,2017,42,9,11,1270.0,1.0,1,ROMU,1,ROMU,15,2018-05-18 14:23:32,,8,3
536716260126144,375841097489998,2017,42,9,11,1270.0,2.0,1,ROMU,1,ROMU,6,2018-05-18 14:23:32,,8,3
536716261126144,375841097489998,2017,42,9,11,1270.0,3.0,1,ROMU,1,ROMU,55,2018-05-18 14:23:32,,8,3
536716262126144,375841097489998,2017,42,9,11,1270.0,4.0,1,ROMU,1,ROMU,50,2018-05-18 14:23:32,,8,3
536720593126144,375841238489998,2017,42,5,5,413.0,2.0,2,LOMO2,1,LOMO2,1,2018-05-18 14:23:46,,8,3
536720594126144,375841238489998,2017,42,5,5,413.0,2.0,2,ROMU,1,ROMU,1,2018-05-18 14:23:46,,8,3
536720595126144,375841238489998,2017,42,5,5,413.0,2.0,2,ROPS,1,ROPS,17,2018-05-18 14:23:46,,8,3
536720633126144,375841242489998,2017,42,5,125,207.0,1.0,1,ALPE4,1,ALPE4,35,2018-05-18 14:23:46,,8,3
536720634126144,375841242489998,2017,42,5,125,207.0,2.0,1,ALPE4,1,ALPE4,5,2018-05-18 14:23:46,,8,3
536720635126144,375841242489998,2017,42,5,125,207.0,3.0,1,ALPE4,1,ALPE4,30,2018-05-18 14:23:46,,8,3
536720636126144,375841242489998,2017,42,5,125,207.0,4.0,1,ALPE4,1,ALPE4,70,2018-05-18 14:23:46,,8,3
536720637126144,375841242489998,2017,42,5,125,207.0,4.0,1,CEOR7,1,CEOR7,25,2018-05-18 14:23:46,,8,3
536720638126144,375841242489998,2017,42,5,125,207.0,1.0,1,MIVI,1,MIVI,30,2018-05-18 14:23:46,,8,3
536720639126144,375841242489998,2017,42,5,125,207.0,2.0,1,MIVI,1,MIVI,10,2018-05-18 14:23:46,,8,3
536720640126144,375841242489998,2017,42,5,125,207.0,3.0,1,MIVI,1,MIVI,5,2018-05-18 14:23:46,,8,3
536720641126144,375841242489998,2017,42,5,125,207.0,4.0,1,MIVI,1,MIVI,5,2018-05-18 14:23:46,,8,3
536720642126144,375841242489998,2017,42,5,125,207.0,1.0,1,ROMU,1,ROMU,21,2018-05-18 14:23:46,,8,3
536720643126144,375841242489998,2017,42,5,125,207.0,2.0,1,ROMU,1,ROMU,2,2018-05-18 14:23:46,,8,3
536720644126144,375841242489998,2017,42,5,125,207.0,3.0,1,ROMU,1,ROMU,35,2018-05-18 14:23:46,,8,3
536720645126144,375841242489998,2017,42,5,125,207.0,4.0,1,ROMU,1,ROMU,15,2018-05-18 14:23:46,,8,3
536720646126144,375841242489998,2017,42,5,125,207.0,1.0,1,ROPS,1,ROPS,15,2018-05-18 14:23:46,,8,3
536720647126144,375841242489998,2017,42,5,125,207.0,3.0,1,ROPS,1,ROPS,21,2018-05-18 14:23:46,,8,3
536720850126144,375840696489998,2017,42,6,33,765.0,1.0,1,LOMO2,1,LOMO2,30,2018-05-18 14:23:47,,8,3
536720851126144,375840696489998,2017,42,6,33,765.0,2.0,1,LOMO2,1,LOMO2,1,2018-05-18 14:23:47,,8,3
536720852126144,375840696489998,2017,42,6,33,765.0,4.0,1,LOMO2,1,LOMO2,13,2018-05-18 14:23:47,,8,3
536720853126144,375840696489998,2017,42,6,33,765.0,1.0,1,LOTA,1,LOTA,5,2018-05-18 14:23:47,,8,3
536720854126144,375840696489998,2017,42,6,33,765.0,2.0,1,LOTA,1,LOTA,1,2018-05-18 14:23:47,,8,3
536720855126144,375840696489998,2017,42,6,33,765.0,4.0,1,LOTA,1,LOTA,20,2018-05-18 14:23:47,,8,3
536720954126144,375840711489998,2017,42,6,23,1596.0,1.0,1,ALPE4,1,ALPE4,1,2018-05-18 14:23:47,,8,3
536720955126144,375840711489998,2017,42,6,23,1596.0,2.0,1,ALPE4,1,ALPE4,1,2018-05-18 14:23:47,,8,3
536720956126144,375840711489998,2017,42,6,23,1596.0,3.0,1,ALPE4,1,ALPE4,1,2018-05-18 14:23:47,,8,3
536720957126144,375840711489998,2017,42,6,23,1596.0,1.0,1,BETH,1,BETH,35,2018-05-18 14:23:47,,8,3
536720958126144,375840711489998,2017,42,6,23,1596.0,2.0,1,BETH,1,BETH,3,2018-05-18 14:23:47,,8,3
536720959126144,375840711489998,2017,42,6,23,1596.0,3.0,1,BETH,1,BETH,28,2018-05-18 14:23:47,,8,3
536720960126144,375840711489998,2017,42,6,23,1596.0,4.0,1,BETH,1,BETH,2,2018-05-18 14:23:47,,8,3
536720961126144,375840711489998,2017,42,6,23,1596.0,1.0,1,LOMO2,1,LOMO2,2,2018-05-18 14:23:47,,8,3
536720962126144,375840711489998,2017,42,6,23,1596.0,3.0,1,LOMO2,1,LOMO2,3,2018-05-18 14:23:47,,8,3
536720963126144,375840711489998,2017,42,6,23,1596.0,1.0,1,MIVI,1,MIVI,5,2018-05-18 14:23:47,,8,3
536720964126144,375840711489998,2017,42,6,23,1596.0,2.0,1,MIVI,1,MIVI,24,2018-05-18 14:23:47,,8,3
536720965126144,375840711489998,2017,42,6,23,1596.0,3.0,1,MIVI,1,MIVI,20,2018-05-18 14:23:47,,8,3
536720966126144,375840711489998,2017,42,6,23,1596.0,1.0,1,ROMU,1,ROMU,2,2018-05-18 14:23:47,,8,3
536720967126144,375840711489998,2017,42,6,23,1596.0,2.0,1,ROMU,1,ROMU,1,2018-05-18 14:23:47,,8,3
536720968126144,375840711489998,2017,42,6,23,1596.0,3.0,1,ROMU,1,ROMU,1,2018-05-18 14:23:47,,8,3
536721259126144,375840770489998,2017,42,5,125,605.0,3.0,3,CEOR7,1,CEOR7,1,2018-05-18 14:23:47,,8,3
536721260126144,375840770489998,2017,42,5,125,605.0,3.0,3,LONIC,1,LONIC,12,2018-05-18 14:23:47,,8,3
536721261126144,375840770489998,2017,42,5,125,605.0,3.0,3,ROMU,1,ROMU,8,2018-05-18 14:23:47,,8,3
536727063126144,375840608489998,2017,42,0,99,1207.0,2.0,2,CEOR7,1,CEOR7,9,2018-05-18 14:24:01,,8,3
536727064126144,375840608489998,2017,42,0,99,1207.0,4.0,2,CIVU,1,CIVU,1,2018-05-18 14:24:01,,8,3
536727065126144,375840608489998,2017,42,0,99,1207.0,4.0,2,ELUM,1,ELUM,1,2018-05-18 14:24:01,,8,3
536727066126144,375840608489998,2017,42,0,99,1207.0,2.0,2,LIVU,1,LIVU,2,2018-05-18 14:24:01,,8,3
536727067126144,375840608489998,2017,42,0,99,1207.0,4.0,2,LOJA,1,LOJA,4,2018-05-18 14:24:01,,8,3
536727068126144,375840608489998,2017,42,0,99,1207.0,2.0,2,LONIC,1,LONIC,6,2018-05-18 14:24:01,,8,3
536727069126144,375840608489998,2017,42,0,99,1207.0,2.0,2,ROMU,1,ROMU,40,2018-05-18 14:24:01,,8,3
536727167126144,375840677489998,2017,42,5,63,793.0,1.0,1,MIVI,1,MIVI,2,2018-05-18 14:24:01,,8,3
536727168126144,375840677489998,2017,42,5,63,793.0,2.0,1,MIVI,1,MIVI,1,2018-05-18 14:24:01,,8,3
536727169126144,375840677489998,2017,42,5,63,793.0,3.0,1,MIVI,1,MIVI,1,2018-05-18 14:24:01,,8,3
536727170126144,375840677489998,2017,42,5,63,793.0,4.0,1,MIVI,1,MIVI,5,2018-05-18 14:24:01,,8,3
536727171126144,375840677489998,2017,42,5,63,793.0,3.0,1,ROMU,1,ROMU,3,2018-05-18 14:24:01,,8,3
536727327126144,375840685489998,2017,42,7,111,175.0,1.0,1,ALPE4,1,ALPE4,1,2018-05-18 14:24:01,,8,3
536727328126144,375840685489998,2017,42,7,111,175.0,3.0,1,ALPE4,1,ALPE4,2,2018-05-18 14:24:01,,8,3
536727329126144,375840685489998,2017,42,7,111,175.0,1.0,1,ROMU,1,ROMU,1,2018-05-18 14:24:01,,8,3
536727437126144,375840763489998,2017,42,5,73,1610.0,3.0,2,ALPE4,1,ALPE4,2,2018-05-18 14:24:02,,8,3
536727438126144,375840763489998,2017,42,5,73,1610.0,3.0,2,CEOR7,1,CEOR7,4,2018-05-18 14:24:02,,8,3
536727439126144,375840763489998,2017,42,5,73,1610.0,3.0,2,LOMO2,1,LOMO2,4,2018-05-18 14:24:02,,8,3
536727440126144,375840763489998,2017,42,5,73,1610.0,1.0,2,ROMU,1,ROMU,1,2018-05-18 14:24:02,,8,3
536727441126144,375840763489998,2017,42,5,73,1610.0,3.0,2,ROMU,1,ROMU,1,2018-05-18 14:24:02,,8,3
536727512126144,375840767489998,2017,42,5,7,1291.0,1.0,1,ALPE4,1,ALPE4,1,2018-05-18 14:24:02,,8,3
536727513126144,375840767489998,2017,42,5,7,1291.0,3.0,3,ALPE4,1,ALPE4,1,2018-05-18 14:24:02,,8,3
536727514126144,375840767489998,2017,42,5,7,1291.0,4.0,1,ALPE4,1,ALPE4,2,2018-05-18 14:24:02,,8,3
536727515126144,375840767489998,2017,42,5,7,1291.0,1.0,1,LIVU,1,LIVU,1,2018-05-18 14:24:02,,8,3
536727516126144,375840767489998,2017,42,5,7,1291.0,4.0,1,LOMO2,1,LOMO2,1,2018-05-18 14:24:02,,8,3
1278541626290487,722437992290487,2021,42,7,111,4888.0,2.0,1,ROPS,1,ROPS,1,2023-01-03 16:58:17,,8,7
1278541627290487,722437992290487,2021,42,7,111,4888.0,3.0,1,ROPS,1,ROPS,1,2023-01-03 16:58:17,,8,7
1278541628290487,722437992290487,2021,42,7,111,4888.0,4.0,1,ROPS,1,ROPS,1,2023-01-03 16:58:17,,8,7
1278547571290487,722438113290487,2021,42,5,3,4565.0,4.0,2,ROMU,1,ROMU,5,2023-01-03 16:58:32,,8,7
1278547614290487,722438151290487,2021,42,7,51,3807.0,1.0,1,ALPE4,1,ALPE4,60,2023-01-03 16:58:32,,8,7
1278547615290487,722438151290487,2021,42,7,51,3807.0,2.0,1,ALPE4,1,ALPE4,10,2023-01-03 16:58:32,,8,7
1278547616290487,722438151290487,2021,42,7,51,3807.0,4.0,1,ALPE4,1,ALPE4,25,2023-01-03 16:58:32,,8,7
1278540306290487,722438332290487,2021,42,6,117,5935.0,4.0,2,ELUM,1,ELUM,1,2023-01-03 16:58:15,,8,7
1278547617290487,722438151290487,2021,42,7,51,3807.0,1.0,1,BETH,1,BETH,1,2023-01-03 16:58:32,,8,7
207190346020004,247104794010661,2012,42,0,67,1951.0,1.0,1,FRAL4,1,FRAL4,2,2013-05-30 13:45:43,,7,3
207190347020004,247104794010661,2012,42,0,67,1951.0,3.0,1,FRAL4,1,FRAL4,3,2013-05-30 13:45:43,,7,3
207190348020004,247104794010661,2012,42,0,67,1951.0,2.0,1,LOJA,1,LOJA,1,2013-05-30 13:45:43,,7,3
207190349020004,247104794010661,2012,42,0,67,1951.0,1.0,1,ROMU,1,ROMU,12,2013-05-30 13:45:43,,7,3
207190350020004,247104794010661,2012,42,0,67,1951.0,2.0,1,ROMU,1,ROMU,30,2013-05-30 13:45:43,,7,3
207190351020004,247104794010661,2012,42,0,67,1951.0,3.0,1,ROMU,1,ROMU,10,2013-05-30 13:45:43,,7,3
207190448020004,247104801010661,2012,42,9,41,2260.0,1.0,1,ALPE4,1,ALPE4,30,2013-05-30 13:45:43,,7,3
207190449020004,247104801010661,2012,42,9,41,2260.0,2.0,1,ALPE4,1,ALPE4,5,2013-05-30 13:45:43,,7,3
207190450020004,247104801010661,2012,42,9,41,2260.0,3.0,1,ALPE4,1,ALPE4,7,2013-05-30 13:45:43,,7,3
207190451020004,247104801010661,2012,42,9,41,2260.0,4.0,1,ALPE4,1,ALPE4,1,2013-05-30 13:45:43,,7,3
207190452020004,247104801010661,2012,42,9,41,2260.0,3.0,1,LOBE,1,LOBE,4,2013-05-30 13:45:43,,7,3
207190453020004,247104801010661,2012,42,9,41,2260.0,3.0,1,LOJA,1,LOJA,5,2013-05-30 13:45:43,,7,3
207190454020004,247104801010661,2012,42,9,41,2260.0,1.0,1,MIVI,1,MIVI,1,2013-05-30 13:45:43,,7,3
207190455020004,247104801010661,2012,42,9,41,2260.0,3.0,1,MIVI,1,MIVI,1,2013-05-30 13:45:43,,7,3
207190456020004,247104801010661,2012,42,9,41,2260.0,4.0,1,MIVI,1,MIVI,1,2013-05-30 13:45:43,,7,3
207190457020004,247104801010661,2012,42,9,41,2260.0,1.0,1,ROMU,1,ROMU,3,2013-05-30 13:45:43,,7,3
207190458020004,247104801010661,2012,42,9,41,2260.0,2.0,1,ROMU,1,ROMU,1,2013-05-30 13:45:43,,7,3
207190459020004,247104801010661,2012,42,9,41,2260.0,3.0,1,ROMU,1,ROMU,1,2013-05-30 13:45:43,,7,3
207190460020004,247104801010661,2012,42,9,41,2260.0,2.0,1,ROPS,1,ROPS,1,2013-05-30 13:45:44,,7,3
207190461020004,247104801010661,2012,42,9,41,2260.0,3.0,1,ROPS,1,ROPS,6,2013-05-30 13:45:44,,7,3
207190598020004,247104831010661,2012,42,8,97,2743.0,2.0,1,BETH,1,BETH,2,2013-05-30 13:45:44,,7,3
207190599020004,247104831010661,2012,42,8,97,2743.0,2.0,1,LOMO2,1,LOMO2,1,2013-05-30 13:45:44,,7,3
207190600020004,247104831010661,2012,42,8,97,2743.0,2.0,1,ROMU,1,ROMU,1,2013-05-30 13:45:44,,7,3
207183702020004,247104196010661,2012,42,8,37,2858.0,4.0,1,CESTM,1,CESTM,30,2013-05-30 13:45:00,,7,3
207183703020004,247104196010661,2012,42,8,37,2858.0,3.0,1,LOMO2,1,LOMO2,1,2013-05-30 13:45:00,,7,3
207183704020004,247104196010661,2012,42,8,37,2858.0,4.0,1,LOMO2,1,LOMO2,1,2013-05-30 13:45:00,,7,3
207183705020004,247104196010661,2012,42,8,37,2858.0,2.0,1,MIVI,1,MIVI,18,2013-05-30 13:45:00,,7,3
207183706020004,247104196010661,2012,42,8,37,2858.0,3.0,1,MIVI,1,MIVI,2,2013-05-30 13:45:00,,7,3
207183707020004,247104196010661,2012,42,8,37,2858.0,4.0,1,MIVI,1,MIVI,10,2013-05-30 13:45:00,,7,3
207183708020004,247104196010661,2012,42,8,37,2858.0,3.0,1,ROMU,1,ROMU,1,2013-05-30 13:45:00,,7,3
207183709020004,247104196010661,2012,42,8,37,2858.0,4.0,1,ROMU,1,ROMU,2,2013-05-30 13:45:00,,7,3
207183867020004,247104232010661,2012,42,6,35,6192.0,1.0,1,ALPE4,1,ALPE4,8,2013-05-30 13:45:01,,7,3
207183868020004,247104232010661,2012,42,6,35,6192.0,2.0,1,ALPE4,1,ALPE4,1,2013-05-30 13:45:01,,7,3
207183869020004,247104232010661,2012,42,6,35,6192.0,3.0,1,ALPE4,1,ALPE4,20,2013-05-30 13:45:01,,7,3
207183870020004,247104232010661,2012,42,6,35,6192.0,4.0,1,ALPE4,1,ALPE4,1,2013-05-30 13:45:01,,7,3
207183871020004,247104232010661,2012,42,6,35,6192.0,1.0,1,BETH,1,BETH,1,2013-05-30 13:45:01,,7,3
207183872020004,247104232010661,2012,42,6,35,6192.0,2.0,1,BETH,1,BETH,2,2013-05-30 13:45:01,,7,3
207183873020004,247104232010661,2012,42,6,35,6192.0,3.0,1,LIVU,1,LIVU,8,2013-05-30 13:45:01,,7,3
207183874020004,247104232010661,2012,42,6,35,6192.0,4.0,1,LIVU,1,LIVU,3,2013-05-30 13:45:01,,7,3
207183875020004,247104232010661,2012,42,6,35,6192.0,2.0,1,LOMO2,1,LOMO2,1,2013-05-30 13:45:01,,7,3
207183876020004,247104232010661,2012,42,6,35,6192.0,3.0,1,LOMO2,1,LOMO2,13,2013-05-30 13:45:01,,7,3
207183877020004,247104232010661,2012,42,6,35,6192.0,4.0,1,LOMO2,1,LOMO2,25,2013-05-30 13:45:01,,7,3
207183878020004,247104232010661,2012,42,6,35,6192.0,3.0,1,ROMU,1,ROMU,7,2013-05-30 13:45:01,,7,3
207183879020004,247104232010661,2012,42,6,35,6192.0,4.0,1,ROMU,1,ROMU,10,2013-05-30 13:45:01,,7,3
207184009020004,247104240010661,2012,42,0,57,2689.0,2.0,2,ALPE4,1,ALPE4,1,2013-05-30 13:45:01,,7,3
207184010020004,247104240010661,2012,42,0,57,2689.0,2.0,2,CIVU,1,CIVU,1,2013-05-30 13:45:01,,7,3
207184011020004,247104240010661,2012,42,0,57,2689.0,2.0,2,ELUM,1,ELUM,40,2013-05-30 13:45:01,,7,3
207184012020004,247104240010661,2012,42,0,57,2689.0,2.0,2,LOTA,1,LOTA,10,2013-05-30 13:45:01,,7,3
207184072020004,247104338010661,2012,42,5,73,2420.0,1.0,1,ALPE4,1,ALPE4,23,2013-05-30 13:45:02,,7,3
207184073020004,247104338010661,2012,42,5,73,2420.0,2.0,1,ALPE4,1,ALPE4,1,2013-05-30 13:45:02,,7,3
207184074020004,247104338010661,2012,42,5,73,2420.0,3.0,1,ALPE4,1,ALPE4,1,2013-05-30 13:45:02,,7,3
207184075020004,247104338010661,2012,42,5,73,2420.0,4.0,1,ALPE4,1,ALPE4,65,2013-05-30 13:45:02,,7,3
207184076020004,247104338010661,2012,42,5,73,2420.0,1.0,1,CEOR7,1,CEOR7,1,2013-05-30 13:45:02,,7,3
207184077020004,247104338010661,2012,42,5,73,2420.0,2.0,1,CEOR7,1,CEOR7,2,2013-05-30 13:45:02,,7,3
207184078020004,247104338010661,2012,42,5,73,2420.0,3.0,1,CEOR7,1,CEOR7,2,2013-05-30 13:45:02,,7,3
207184079020004,247104338010661,2012,42,5,73,2420.0,4.0,1,CEOR7,1,CEOR7,1,2013-05-30 13:45:02,,7,3
207184080020004,247104338010661,2012,42,5,73,2420.0,3.0,1,ROMU,1,ROMU,3,2013-05-30 13:45:02,,7,3
207184081020004,247104338010661,2012,42,5,73,2420.0,4.0,1,ROMU,1,ROMU,2,2013-05-30 13:45:02,,7,3
207190792020004,247104895010661,2012,42,9,133,2620.0,1.0,1,ALPE4,1,ALPE4,5,2013-05-30 13:45:46,,7,3
207190793020004,247104895010661,2012,42,9,133,2620.0,3.0,1,ALPE4,1,ALPE4,50,2013-05-30 13:45:46,,7,3
207190794020004,247104895010661,2012,42,9,133,2620.0,4.0,1,ALPE4,1,ALPE4,55,2013-05-30 13:45:46,,7,3
207190795020004,247104895010661,2012,42,9,133,2620.0,1.0,1,LOJA,1,LOJA,1,2013-05-30 13:45:46,,7,3
207190796020004,247104895010661,2012,42,9,133,2620.0,4.0,1,LOJA,1,LOJA,10,2013-05-30 13:45:46,,7,3
207190797020004,247104895010661,2012,42,9,133,2620.0,2.0,1,LYNU,1,LYNU,70,2013-05-30 13:45:46,,7,3
207190798020004,247104895010661,2012,42,9,133,2620.0,3.0,1,LYNU,1,LYNU,10,2013-05-30 13:45:46,,7,3
207190799020004,247104895010661,2012,42,9,133,2620.0,4.0,1,LYNU,1,LYNU,15,2013-05-30 13:45:46,,7,3
207190800020004,247104895010661,2012,42,9,133,2620.0,1.0,1,MIVI,1,MIVI,6,2013-05-30 13:45:46,,7,3
207190801020004,247104895010661,2012,42,9,133,2620.0,2.0,1,MIVI,1,MIVI,30,2013-05-30 13:45:46,,7,3
207190802020004,247104895010661,2012,42,9,133,2620.0,4.0,1,MIVI,1,MIVI,45,2013-05-30 13:45:46,,7,3
207190803020004,247104895010661,2012,42,9,133,2620.0,1.0,1,ROMU,1,ROMU,60,2013-05-30 13:45:46,,7,3
207190804020004,247104895010661,2012,42,9,133,2620.0,2.0,1,ROMU,1,ROMU,7,2013-05-30 13:45:46,,7,3
207190805020004,247104895010661,2012,42,9,133,2620.0,3.0,1,ROMU,1,ROMU,85,2013-05-30 13:45:46,,7,3
207190806020004,247104895010661,2012,42,9,133,2620.0,4.0,1,ROMU,1,ROMU,10,2013-05-30 13:45:46,,7,3
269679285489998,16264891020004,2013,42,5,3,2959.0,1.0,1,ALPE4,1,ALPE4,22,2014-07-15 10:25:53,,7,4
269679286489998,16264891020004,2013,42,5,3,2959.0,2.0,1,ALPE4,1,ALPE4,7,2014-07-15 10:25:53,,7,4
269679287489998,16264891020004,2013,42,5,3,2959.0,3.0,1,ALPE4,1,ALPE4,18,2014-07-15 10:25:53,,7,4
269679288489998,16264891020004,2013,42,5,3,2959.0,4.0,1,ALPE4,1,ALPE4,5,2014-07-15 10:25:53,,7,4
269679289489998,16264891020004,2013,42,5,3,2959.0,3.0,1,LOMA6,1,LOMA6,7,2014-07-15 10:25:53,,7,4
269679290489998,16264891020004,2013,42,5,3,2959.0,4.0,1,LOMA6,1,LOMA6,18,2014-07-15 10:25:53,,7,4
269680048489998,16265163020004,2013,42,0,55,5008.0,4.0,2,AIAL,1,AIAL,4,2014-07-15 10:25:55,,7,4
269680049489998,16265163020004,2013,42,0,55,5008.0,2.0,2,ALPE4,1,ALPE4,3,2014-07-15 10:25:55,,7,4
269680050489998,16265163020004,2013,42,0,55,5008.0,4.0,2,ALPE4,1,ALPE4,3,2014-07-15 10:25:55,,7,4
269680051489998,16265163020004,2013,42,0,55,5008.0,2.0,2,BETH,1,BETH,1,2014-07-15 10:25:55,,7,4
269680052489998,16265163020004,2013,42,0,55,5008.0,4.0,2,BETH,1,BETH,3,2014-07-15 10:25:55,,7,4
269680053489998,16265163020004,2013,42,0,55,5008.0,2.0,2,CEOR7,1,CEOR7,20,2014-07-15 10:25:55,,7,4
269680054489998,16265163020004,2013,42,0,55,5008.0,4.0,2,CEOR7,1,CEOR7,25,2014-07-15 10:25:55,,7,4
269680055489998,16265163020004,2013,42,0,55,5008.0,2.0,2,LOJA,1,LOJA,5,2014-07-15 10:25:55,,7,4
269680056489998,16265163020004,2013,42,0,55,5008.0,4.0,2,LOJA,1,LOJA,20,2014-07-15 10:25:55,,7,4
269680057489998,16265163020004,2013,42,0,55,5008.0,2.0,2,LONIC,1,LONIC,4,2014-07-15 10:25:55,,7,4
269680058489998,16265163020004,2013,42,0,55,5008.0,4.0,2,LONIC,1,LONIC,70,2014-07-15 10:25:55,,7,4
269680059489998,16265163020004,2013,42,0,55,5008.0,2.0,2,MIVI,1,MIVI,2,2014-07-15 10:25:55,,7,4
269680060489998,16265163020004,2013,42,0,55,5008.0,2.0,2,ROMU,1,ROMU,1,2014-07-15 10:25:55,,7,4
269680061489998,16265163020004,2013,42,0,55,5008.0,4.0,2,ROMU,1,ROMU,5,2014-07-15 10:25:55,,7,4
269680062489998,16265163020004,2013,42,0,55,5008.0,4.0,2,ROPS,1,ROPS,3,2014-07-15 10:25:55,,7,4
269706277489998,16264943020004,2013,42,5,59,4439.0,2.0,2,LONIC,1,LONIC,2,2014-07-15 10:26:59,,7,4
269706278489998,16264943020004,2013,42,5,59,4439.0,3.0,2,LONIC,1,LONIC,30,2014-07-15 10:26:59,,7,4
269706279489998,16264943020004,2013,42,5,59,4439.0,2.0,2,ROMU,1,ROMU,9,2014-07-15 10:26:59,,7,4
269706280489998,16264943020004,2013,42,5,59,4439.0,3.0,2,ROMU,1,ROMU,2,2014-07-15 10:26:59,,7,4
269706281489998,16264943020004,2013,42,5,59,4439.0,2.0,2,ROPS,1,ROPS,2,2014-07-15 10:26:59,,7,4
269706973489998,16264998020004,2013,42,7,21,4588.0,1.0,1,MIVI,1,MIVI,7,2014-07-15 10:27:00,,7,4
269707858489998,16265102020004,2013,42,0,99,3962.0,3.0,2,ALPE4,1,ALPE4,40,2014-07-15 10:27:03,,7,4
269707859489998,16265102020004,2013,42,0,99,3962.0,3.0,2,LOJA,1,LOJA,1,2014-07-15 10:27:03,,7,4
269707860489998,16265102020004,2013,42,0,99,3962.0,3.0,2,ROMU,1,ROMU,2,2014-07-15 10:27:03,,7,4
269656980489998,16264567020004,2013,42,5,3,4992.0,2.0,2,LIVU,1,LIVU,20,2014-07-15 10:24:49,,7,4
269656981489998,16264567020004,2013,42,5,3,4992.0,2.0,2,LOMO2,1,LOMO2,6,2014-07-15 10:24:49,,7,4
269656982489998,16264567020004,2013,42,5,3,4992.0,2.0,2,MIVI,1,MIVI,8,2014-07-15 10:24:49,,7,4
269656983489998,16264567020004,2013,42,5,3,4992.0,2.0,2,ROMU,1,ROMU,6,2014-07-15 10:24:49,,7,4
269657022489998,16264600020004,2013,42,9,11,3336.0,4.0,1,CEOR7,1,CEOR7,2,2014-07-15 10:24:53,,7,4
269657885489998,16264678020004,2013,42,5,5,5338.0,1.0,1,ALPE4,1,ALPE4,8,2014-07-15 10:24:56,,7,4
269657886489998,16264678020004,2013,42,5,5,5338.0,3.0,1,ALPE4,1,ALPE4,2,2014-07-15 10:24:56,,7,4
269657887489998,16264678020004,2013,42,5,5,5338.0,4.0,1,ALPE4,1,ALPE4,2,2014-07-15 10:24:56,,7,4
269657888489998,16264678020004,2013,42,5,5,5338.0,2.0,1,MIVI,1,MIVI,3,2014-07-15 10:24:56,,7,4
269657889489998,16264678020004,2013,42,5,5,5338.0,4.0,1,MIVI,1,MIVI,1,2014-07-15 10:24:56,,7,4
269657890489998,16264678020004,2013,42,5,5,5338.0,1.0,1,ROMU,1,ROMU,2,2014-07-15 10:24:56,,7,4
269657891489998,16264678020004,2013,42,5,5,5338.0,2.0,1,ROMU,1,ROMU,1,2014-07-15 10:24:56,,7,4
269657892489998,16264678020004,2013,42,5,5,5338.0,3.0,1,ROMU,1,ROMU,1,2014-07-15 10:24:56,,7,4
269657893489998,16264678020004,2013,42,5,5,5338.0,4.0,1,ROMU,1,ROMU,1,2014-07-15 10:24:56,,7,4
269658667489998,16264866020004,2013,42,5,19,4839.0,1.0,1,ALPE4,1,ALPE4,1,2014-07-15 10:24:59,,7,4
269658668489998,16264866020004,2013,42,5,19,4839.0,3.0,1,ALPE4,1,ALPE4,1,2014-07-15 10:24:59,,7,4
269658669489998,16264866020004,2013,42,5,19,4839.0,1.0,1,BETH,1,BETH,1,2014-07-15 10:24:59,,7,4
269658670489998,16264866020004,2013,42,5,19,4839.0,1.0,1,FRAL4,1,FRAL4,1,2014-07-15 10:24:59,,7,4
269658671489998,16264866020004,2013,42,5,19,4839.0,2.0,1,FRAL4,1,FRAL4,1,2014-07-15 10:24:59,,7,4
269658672489998,16264866020004,2013,42,5,19,4839.0,3.0,1,FRAL4,1,FRAL4,1,2014-07-15 10:24:59,,7,4
269658673489998,16264866020004,2013,42,5,19,4839.0,4.0,1,FRAL4,1,FRAL4,1,2014-07-15 10:24:59,,7,4
269658674489998,16264866020004,2013,42,5,19,4839.0,3.0,1,LOMO2,1,LOMO2,1,2014-07-15 10:24:59,,7,4
269658675489998,16264866020004,2013,42,5,19,4839.0,1.0,1,LOTA,1,LOTA,1,2014-07-15 10:24:59,,7,4
269658676489998,16264866020004,2013,42,5,19,4839.0,3.0,1,LOTA,1,LOTA,1,2014-07-15 10:24:59,,7,4
269658677489998,16264866020004,2013,42,5,19,4839.0,1.0,1,ROMU,1,ROMU,10,2014-07-15 10:24:59,,7,4
269658678489998,16264866020004,2013,42,5,19,4839.0,2.0,1,ROMU,1,ROMU,5,2014-07-15 10:24:59,,7,4
269658679489998,16264866020004,2013,42,5,19,4839.0,3.0,1,ROMU,1,ROMU,1,2014-07-15 10:24:59,,7,4
269658680489998,16264866020004,2013,42,5,19,4839.0,4.0,1,ROMU,1,ROMU,1,2014-07-15 10:24:59,,7,4
269680221489998,16265166020004,2013,42,0,57,5418.0,3.0,1,ALPE4,1,ALPE4,12,2014-07-15 10:25:55,,7,4
269680222489998,16265166020004,2013,42,0,57,5418.0,2.0,1,ROPS,1,ROPS,3,2014-07-15 10:25:55,,7,4
469227433489998,306268744489998,2016,42,6,105,6131.0,4.0,2,ROMU,1,ROMU,2,2017-05-10 12:44:39,,8,2
469227605489998,306268749489998,2016,42,5,63,1122.0,2.0,1,MIVI,1,MIVI,3,2017-05-10 12:44:39,,8,2
469227759489998,306268819489998,2016,42,5,7,89.0,1.0,1,ALPE4,1,ALPE4,1,2017-05-10 12:44:41,,8,2
469227760489998,306268819489998,2016,42,5,7,89.0,2.0,1,ALPE4,1,ALPE4,6,2017-05-10 12:44:41,,8,2
469227761489998,306268819489998,2016,42,5,7,89.0,3.0,1,ALPE4,1,ALPE4,2,2017-05-10 12:44:41,,8,2
469227762489998,306268819489998,2016,42,5,7,89.0,1.0,1,CEOR7,1,CEOR7,1,2017-05-10 12:44:41,,8,2
469227763489998,306268819489998,2016,42,5,7,89.0,2.0,1,CEOR7,1,CEOR7,1,2017-05-10 12:44:41,,8,2
469227764489998,306268819489998,2016,42,5,7,89.0,3.0,1,CEOR7,1,CEOR7,1,2017-05-10 12:44:41,,8,2
469227765489998,306268819489998,2016,42,5,7,89.0,4.0,1,CEOR7,1,CEOR7,1,2017-05-10 12:44:41,,8,2
469227766489998,306268819489998,2016,42,5,7,89.0,1.0,1,MIVI,1,MIVI,18,2017-05-10 12:44:41,,8,2
469227767489998,306268819489998,2016,42,5,7,89.0,2.0,1,MIVI,1,MIVI,1,2017-05-10 12:44:41,,8,2
469227768489998,306268819489998,2016,42,5,7,89.0,3.0,1,MIVI,1,MIVI,30,2017-05-10 12:44:41,,8,2
469227769489998,306268819489998,2016,42,5,7,89.0,4.0,1,MIVI,1,MIVI,2,2017-05-10 12:44:41,,8,2
469227770489998,306268819489998,2016,42,5,7,89.0,1.0,1,POSA4,1,POSA4,2,2017-05-10 12:44:41,,8,2
469227771489998,306268819489998,2016,42,5,7,89.0,1.0,1,ROMU,1,ROMU,1,2017-05-10 12:44:41,,8,2
469227772489998,306268819489998,2016,42,5,7,89.0,2.0,1,ROMU,1,ROMU,2,2017-05-10 12:44:41,,8,2
469227773489998,306268819489998,2016,42,5,7,89.0,3.0,1,ROMU,1,ROMU,3,2017-05-10 12:44:41,,8,2
469227774489998,306268819489998,2016,42,5,7,89.0,4.0,1,ROMU,1,ROMU,5,2017-05-10 12:44:41,,8,2
469227775489998,306268819489998,2016,42,5,7,89.0,2.0,1,ROPS,1,ROPS,7,2017-05-10 12:44:41,,8,2
469227776489998,306268819489998,2016,42,5,7,89.0,3.0,1,ROPS,1,ROPS,1,2017-05-10 12:44:41,,8,2
536719331126144,375840589489998,2017,42,0,99,148.0,2.0,1,ALPE4,1,ALPE4,1,2018-05-18 14:23:41,,8,3
536719332126144,375840589489998,2017,42,0,99,148.0,4.0,1,ALPE4,1,ALPE4,1,2018-05-18 14:23:41,,8,3
536719333126144,375840589489998,2017,42,0,99,148.0,1.0,1,MIVI,1,MIVI,4,2018-05-18 14:23:41,,8,3
536719334126144,375840589489998,2017,42,0,99,148.0,2.0,1,MIVI,1,MIVI,60,2018-05-18 14:23:41,,8,3
536719335126144,375840589489998,2017,42,0,99,148.0,3.0,1,MIVI,1,MIVI,1,2018-05-18 14:23:41,,8,3
536719336126144,375840589489998,2017,42,0,99,148.0,4.0,1,MIVI,1,MIVI,49,2018-05-18 14:23:41,,8,3
536724871126144,375841042489998,2017,42,8,97,471.0,1.0,1,ELUM,1,ELUM,10,2018-05-18 14:23:55,,8,3
536724872126144,375841042489998,2017,42,8,97,471.0,2.0,1,ELUM,1,ELUM,3,2018-05-18 14:23:55,,8,3
536724873126144,375841042489998,2017,42,8,97,471.0,4.0,1,ELUM,1,ELUM,27,2018-05-18 14:23:55,,8,3
536724874126144,375841042489998,2017,42,8,97,471.0,1.0,1,LONIC,1,LONIC,25,2018-05-18 14:23:55,,8,3
536724875126144,375841042489998,2017,42,8,97,471.0,2.0,1,LONIC,1,LONIC,45,2018-05-18 14:23:55,,8,3
536724876126144,375841042489998,2017,42,8,97,471.0,4.0,1,LONIC,1,LONIC,12,2018-05-18 14:23:55,,8,3
536724877126144,375841042489998,2017,42,8,97,471.0,1.0,1,ROMU,1,ROMU,2,2018-05-18 14:23:55,,8,3
536724878126144,375841042489998,2017,42,8,97,471.0,2.0,1,ROMU,1,ROMU,2,2018-05-18 14:23:55,,8,3
536731074126144,375841241489998,2017,42,5,19,455.0,3.0,2,ROMU,1,ROMU,1,2018-05-18 14:24:09,,8,3
536731125126144,375841243489998,2017,42,5,125,1264.0,3.0,2,BETH,1,BETH,2,2018-05-18 14:24:09,,8,3
536731126126144,375841243489998,2017,42,5,125,1264.0,3.0,2,MIVI,1,MIVI,80,2018-05-18 14:24:09,,8,3
536731127126144,375841243489998,2017,42,5,125,1264.0,3.0,2,ROMU,1,ROMU,1,2018-05-18 14:24:09,,8,3
536715139126144,375840613489998,2017,42,9,29,1565.0,2.0,2,ACPL,1,ACPL,42,2018-05-18 14:23:24,,8,3
536715140126144,375840613489998,2017,42,9,29,1565.0,2.0,2,CEOR7,1,CEOR7,1,2018-05-18 14:23:24,,8,3
536715141126144,375840613489998,2017,42,9,29,1565.0,2.0,2,ELUM,1,ELUM,1,2018-05-18 14:23:24,,8,3
536715142126144,375840613489998,2017,42,9,29,1565.0,2.0,2,LOJA,1,LOJA,2,2018-05-18 14:23:24,,8,3
536715143126144,375840613489998,2017,42,9,29,1565.0,2.0,2,ROMU,1,ROMU,10,2018-05-18 14:23:24,,8,3
536719564126144,375840814489998,2017,42,5,125,1916.0,4.0,2,AIAL,1,AIAL,20,2018-05-18 14:23:42,,8,3
536719565126144,375840814489998,2017,42,5,125,1916.0,4.0,2,LONIC,1,LONIC,10,2018-05-18 14:23:42,,8,3
536719566126144,375840814489998,2017,42,5,125,1916.0,4.0,2,ROMU,1,ROMU,30,2018-05-18 14:23:42,,8,3
536719615126144,375840834489998,2017,42,6,31,1377.0,2.0,2,ALPE4,1,ALPE4,1,2018-05-18 14:23:43,,8,3
536719616126144,375840834489998,2017,42,6,31,1377.0,2.0,2,LIVU,1,LIVU,7,2018-05-18 14:23:43,,8,3
536719617126144,375840834489998,2017,42,6,31,1377.0,2.0,2,LOMO2,1,LOMO2,1,2018-05-18 14:23:43,,8,3
536719618126144,375840834489998,2017,42,6,31,1377.0,3.0,2,LOMO2,1,LOMO2,1,2018-05-18 14:23:43,,8,3
536719619126144,375840834489998,2017,42,6,31,1377.0,1.0,2,ROMU,1,ROMU,5,2018-05-18 14:23:43,,8,3
536719620126144,375840834489998,2017,42,6,31,1377.0,2.0,2,ROMU,1,ROMU,8,2018-05-18 14:23:43,,8,3
536719621126144,375840834489998,2017,42,6,31,1377.0,3.0,2,ROMU,1,ROMU,1,2018-05-18 14:23:43,,8,3
536719782126144,375840882489998,2017,42,6,33,700.0,1.0,2,ALPE4,1,ALPE4,1,2018-05-18 14:23:43,,8,3
536719783126144,375840882489998,2017,42,6,33,700.0,4.0,2,LIVU,1,LIVU,3,2018-05-18 14:23:43,,8,3
536719784126144,375840882489998,2017,42,6,33,700.0,1.0,2,ROPS,1,ROPS,5,2018-05-18 14:23:43,,8,3
536719785126144,375840882489998,2017,42,6,33,700.0,3.0,2,ROPS,1,ROPS,1,2018-05-18 14:23:43,,8,3
536719786126144,375840882489998,2017,42,6,33,700.0,4.0,2,ROPS,1,ROPS,2,2018-05-18 14:23:43,,8,3
536725008126144,375841140489998,2017,42,9,77,131.0,3.0,2,ACPL,1,ACPL,33,2018-05-18 14:23:56,,8,3
536725009126144,375841140489998,2017,42,9,77,131.0,3.0,2,ALPE4,1,ALPE4,1,2018-05-18 14:23:56,,8,3
536725010126144,375841140489998,2017,42,9,77,131.0,3.0,2,BETH,1,BETH,1,2018-05-18 14:23:56,,8,3
536725011126144,375841140489998,2017,42,9,77,131.0,3.0,2,ELUM,1,ELUM,33,2018-05-18 14:23:56,,8,3
536725012126144,375841140489998,2017,42,9,77,131.0,3.0,2,LOMA6,1,LOMA6,2,2018-05-18 14:23:56,,8,3
536725013126144,375841140489998,2017,42,9,77,131.0,3.0,2,ROMU,1,ROMU,1,2018-05-18 14:23:56,,8,3
536725014126144,375841140489998,2017,42,9,77,131.0,3.0,2,ROPS,1,ROPS,10,2018-05-18 14:23:56,,8,3
536725146126144,375840523489998,2017,42,5,3,123.0,2.0,2,BETH,1,BETH,3,2018-05-18 14:23:57,,8,3
536725147126144,375840523489998,2017,42,5,3,123.0,2.0,2,ELUM,1,ELUM,1,2018-05-18 14:23:57,,8,3
536725148126144,375840523489998,2017,42,5,3,123.0,2.0,2,LIVU,1,LIVU,1,2018-05-18 14:23:57,,8,3
536725149126144,375840523489998,2017,42,5,3,123.0,2.0,2,LOMA6,1,LOMA6,5,2018-05-18 14:23:57,,8,3
536725150126144,375840523489998,2017,42,5,3,123.0,2.0,2,ROMU,1,ROMU,20,2018-05-18 14:23:57,,8,3
536725151126144,375840523489998,2017,42,5,3,123.0,2.0,2,ROPS,1,ROPS,5,2018-05-18 14:23:57,,8,3
536725206126144,375840597489998,2017,42,5,129,33.0,1.0,1,AIAL,1,AIAL,10,2018-05-18 14:23:57,,8,3
536725207126144,375840597489998,2017,42,5,129,33.0,2.0,1,AIAL,1,AIAL,3,2018-05-18 14:23:57,,8,3
536725208126144,375840597489998,2017,42,5,129,33.0,3.0,1,AIAL,1,AIAL,15,2018-05-18 14:23:57,,8,3
536725209126144,375840597489998,2017,42,5,129,33.0,1.0,1,ALPE4,1,ALPE4,5,2018-05-18 14:23:57,,8,3
536725210126144,375840597489998,2017,42,5,129,33.0,2.0,1,ALPE4,1,ALPE4,2,2018-05-18 14:23:57,,8,3
536725211126144,375840597489998,2017,42,5,129,33.0,3.0,1,ALPE4,1,ALPE4,10,2018-05-18 14:23:57,,8,3
536725212126144,375840597489998,2017,42,5,129,33.0,4.0,1,ALPE4,1,ALPE4,1,2018-05-18 14:23:57,,8,3
536725213126144,375840597489998,2017,42,5,129,33.0,1.0,1,MIVI,1,MIVI,33,2018-05-18 14:23:57,,8,3
536725214126144,375840597489998,2017,42,5,129,33.0,2.0,1,MIVI,1,MIVI,50,2018-05-18 14:23:57,,8,3
536725215126144,375840597489998,2017,42,5,129,33.0,3.0,1,MIVI,1,MIVI,60,2018-05-18 14:23:57,,8,3
536725216126144,375840597489998,2017,42,5,129,33.0,4.0,1,MIVI,1,MIVI,1,2018-05-18 14:23:57,,8,3
536725217126144,375840597489998,2017,42,5,129,33.0,1.0,1,ROMU,1,ROMU,3,2018-05-18 14:23:57,,8,3
536725218126144,375840597489998,2017,42,5,129,33.0,2.0,1,ROMU,1,ROMU,12,2018-05-18 14:23:57,,8,3
536725219126144,375840597489998,2017,42,5,129,33.0,3.0,1,ROMU,1,ROMU,20,2018-05-18 14:23:57,,8,3
536725220126144,375840597489998,2017,42,5,129,33.0,4.0,1,ROMU,1,ROMU,10,2018-05-18 14:23:57,,8,3
536725501126144,375840643489998,2017,42,5,59,1839.0,4.0,1,AIAL,1,AIAL,2,2018-05-18 14:23:57,,8,3
536725502126144,375840643489998,2017,42,5,59,1839.0,1.0,1,ROMU,1,ROMU,2,2018-05-18 14:23:57,,8,3
536725503126144,375840643489998,2017,42,5,59,1839.0,2.0,1,ROMU,1,ROMU,40,2018-05-18 14:23:57,,8,3
536725504126144,375840643489998,2017,42,5,59,1839.0,3.0,1,ROMU,1,ROMU,10,2018-05-18 14:23:57,,8,3
536725505126144,375840643489998,2017,42,5,59,1839.0,4.0,1,ROMU,1,ROMU,5,2018-05-18 14:23:57,,8,3
536725506126144,375840643489998,2017,42,5,59,1839.0,1.0,1,ROPS,1,ROPS,7,2018-05-18 14:23:57,,8,3
536725507126144,375840643489998,2017,42,5,59,1839.0,2.0,1,ROPS,1,ROPS,20,2018-05-18 14:23:57,,8,3
536725508126144,375840643489998,2017,42,5,59,1839.0,3.0,1,ROPS,1,ROPS,1,2018-05-18 14:23:57,,8,3
536725677126144,375840721489998,2017,42,7,13,456.0,1.0,1,ALPE4,1,ALPE4,5,2018-05-18 14:23:58,,8,3
536725678126144,375840721489998,2017,42,7,13,456.0,2.0,1,ALPE4,1,ALPE4,3,2018-05-18 14:23:58,,8,3
536725679126144,375840721489998,2017,42,7,13,456.0,3.0,1,ALPE4,1,ALPE4,10,2018-05-18 14:23:58,,8,3
536725680126144,375840721489998,2017,42,7,13,456.0,4.0,1,ALPE4,1,ALPE4,5,2018-05-18 14:23:58,,8,3
536725681126144,375840721489998,2017,42,7,13,456.0,1.0,1,BETH,1,BETH,3,2018-05-18 14:23:58,,8,3
536725682126144,375840721489998,2017,42,7,13,456.0,2.0,1,BETH,1,BETH,1,2018-05-18 14:23:58,,8,3
536725683126144,375840721489998,2017,42,7,13,456.0,4.0,1,BETH,1,BETH,2,2018-05-18 14:23:58,,8,3
536725684126144,375840721489998,2017,42,7,13,456.0,4.0,1,ELUM,1,ELUM,2,2018-05-18 14:23:58,,8,3
536725685126144,375840721489998,2017,42,7,13,456.0,1.0,1,LONIC,1,LONIC,1,2018-05-18 14:23:58,,8,3
536725686126144,375840721489998,2017,42,7,13,456.0,2.0,1,LONIC,1,LONIC,1,2018-05-18 14:23:58,,8,3
536725687126144,375840721489998,2017,42,7,13,456.0,1.0,1,ROMU,1,ROMU,3,2018-05-18 14:23:58,,8,3
536725688126144,375840721489998,2017,42,7,13,456.0,2.0,1,ROMU,1,ROMU,1,2018-05-18 14:23:58,,8,3
536725689126144,375840721489998,2017,42,7,13,456.0,3.0,1,ROMU,1,ROMU,1,2018-05-18 14:23:58,,8,3
536725690126144,375840721489998,2017,42,7,13,456.0,4.0,1,ROMU,1,ROMU,5,2018-05-18 14:23:58,,8,3
536725691126144,375840721489998,2017,42,7,13,456.0,1.0,1,ROPS,1,ROPS,2,2018-05-18 14:23:58,,8,3
536725692126144,375840721489998,2017,42,7,13,456.0,4.0,1,ROPS,1,ROPS,1,2018-05-18 14:23:58,,8,3
536725853126144,375840761489998,2017,42,5,19,35.0,3.0,2,ALPE4,1,ALPE4,5,2018-05-18 14:23:58,,8,3
536725854126144,375840761489998,2017,42,5,19,35.0,3.0,2,LIVU,1,LIVU,20,2018-05-18 14:23:58,,8,3
536725855126144,375840761489998,2017,42,5,19,35.0,3.0,2,LOMA6,1,LOMA6,10,2018-05-18 14:23:58,,8,3
536725856126144,375840761489998,2017,42,5,19,35.0,3.0,2,MIVI,1,MIVI,1,2018-05-18 14:23:58,,8,3
536725857126144,375840761489998,2017,42,5,19,35.0,3.0,2,ROMU,1,ROMU,5,2018-05-18 14:23:58,,8,3
536725901126144,375840777489998,2017,42,6,121,68.0,4.0,1,ROMU,1,ROMU,7,2018-05-18 14:23:58,,8,3
536726058126144,375840780489998,2017,42,6,121,250.0,4.0,2,ELUM,1,ELUM,1,2018-05-18 14:23:59,,8,3
536726097126144,375840785489998,2017,42,5,19,581.0,4.0,1,ALPE4,1,ALPE4,1,2018-05-18 14:23:59,,8,3
536726098126144,375840785489998,2017,42,5,19,581.0,2.0,1,BETH,1,BETH,1,2018-05-18 14:23:59,,8,3
536726099126144,375840785489998,2017,42,5,19,581.0,3.0,1,BETH,1,BETH,3,2018-05-18 14:23:59,,8,3
536726100126144,375840785489998,2017,42,5,19,581.0,4.0,1,BETH,1,BETH,3,2018-05-18 14:23:59,,8,3
536726101126144,375840785489998,2017,42,5,19,581.0,1.0,1,CEOR7,1,CEOR7,1,2018-05-18 14:23:59,,8,3
536726102126144,375840785489998,2017,42,5,19,581.0,2.0,1,CEOR7,1,CEOR7,1,2018-05-18 14:23:59,,8,3
536726103126144,375840785489998,2017,42,5,19,581.0,1.0,1,LIVU,1,LIVU,1,2018-05-18 14:23:59,,8,3
536726104126144,375840785489998,2017,42,5,19,581.0,3.0,1,MIVI,1,MIVI,1,2018-05-18 14:23:59,,8,3
536726105126144,375840785489998,2017,42,5,19,581.0,1.0,1,ROMU,1,ROMU,22,2018-05-18 14:23:59,,8,3
536726106126144,375840785489998,2017,42,5,19,581.0,2.0,1,ROMU,1,ROMU,35,2018-05-18 14:23:59,,8,3
536726107126144,375840785489998,2017,42,5,19,581.0,3.0,1,ROMU,1,ROMU,35,2018-05-18 14:23:59,,8,3
536726108126144,375840785489998,2017,42,5,19,581.0,4.0,1,ROMU,1,ROMU,11,2018-05-18 14:23:59,,8,3
536715415126144,375840789489998,2017,42,6,123,1361.0,4.0,1,MIVI,1,MIVI,1,2018-05-18 14:23:28,,8,3
536715591126144,375840850489998,2017,42,6,33,546.0,2.0,1,ELUM,1,ELUM,1,2018-05-18 14:23:29,,8,3
536715592126144,375840850489998,2017,42,6,33,546.0,3.0,1,ELUM,1,ELUM,27,2018-05-18 14:23:29,,8,3
666331874126144,464515515489998,2018,42,5,125,2160.0,4.0,1,ROMU,1,ROMU,12,2019-05-21 12:50:58,,8,4
666331875126144,464515515489998,2018,42,5,125,2160.0,1.0,1,ROPS,1,ROPS,3,2019-05-21 12:50:58,,8,4
666331876126144,464515515489998,2018,42,5,125,2160.0,2.0,1,ROPS,1,ROPS,2,2019-05-21 12:50:58,,8,4
666332197126144,464513790489998,2018,42,5,59,2627.0,3.0,2,ALPE4,1,ALPE4,1,2019-05-21 12:50:59,,8,4
666332198126144,464513790489998,2018,42,5,59,2627.0,4.0,2,ALPE4,1,ALPE4,1,2019-05-21 12:50:59,,8,4
666332199126144,464513790489998,2018,42,5,59,2627.0,3.0,2,LONIC,1,LONIC,2,2019-05-21 12:50:59,,8,4
666329297126144,464514582489998,2018,42,8,37,2364.0,4.0,2,CIAR4,1,CIAR4,1,2019-05-21 12:50:51,,8,4
666329298126144,464514582489998,2018,42,8,37,2364.0,4.0,2,ELUM,1,ELUM,25,2019-05-21 12:50:51,,8,4
666329299126144,464514582489998,2018,42,8,37,2364.0,4.0,2,LIVU,1,LIVU,1,2019-05-21 12:50:51,,8,4
666329300126144,464514582489998,2018,42,8,37,2364.0,4.0,2,LOJA,1,LOJA,1,2019-05-21 12:50:51,,8,4
666329301126144,464514582489998,2018,42,8,37,2364.0,4.0,2,LOMO2,1,LOMO2,1,2019-05-21 12:50:51,,8,4
666329302126144,464514582489998,2018,42,8,37,2364.0,4.0,2,MIVI,1,MIVI,38,2019-05-21 12:50:51,,8,4
666329303126144,464514582489998,2018,42,8,37,2364.0,4.0,2,PHAR3,1,PHAR3,1,2019-05-21 12:50:51,,8,4
666329304126144,464514582489998,2018,42,8,37,2364.0,4.0,2,ROMU,1,ROMU,9,2019-05-21 12:50:51,,8,4
666329348126144,464514622489998,2018,42,8,131,2822.0,1.0,1,ALPE4,1,ALPE4,4,2019-05-21 12:50:52,,8,4
666329349126144,464514622489998,2018,42,8,131,2822.0,2.0,1,ALPE4,1,ALPE4,1,2019-05-21 12:50:52,,8,4
666329350126144,464514622489998,2018,42,8,131,2822.0,3.0,1,ALPE4,1,ALPE4,1,2019-05-21 12:50:52,,8,4
666329351126144,464514622489998,2018,42,8,131,2822.0,4.0,1,ALPE4,1,ALPE4,2,2019-05-21 12:50:52,,8,4
666329352126144,464514622489998,2018,42,8,131,2822.0,1.0,1,ELUM,1,ELUM,4,2019-05-21 12:50:52,,8,4
666329353126144,464514622489998,2018,42,8,131,2822.0,4.0,1,ELUM,1,ELUM,89,2019-05-21 12:50:52,,8,4
666329354126144,464514622489998,2018,42,8,131,2822.0,1.0,1,HEMA3,1,HEMA3,1,2019-05-21 12:50:52,,8,4
666329355126144,464514622489998,2018,42,8,131,2822.0,1.0,1,LOMO2,1,LOMO2,1,2019-05-21 12:50:52,,8,4
666329356126144,464514622489998,2018,42,8,131,2822.0,3.0,1,LOMO2,1,LOMO2,1,2019-05-21 12:50:52,,8,4
666329357126144,464514622489998,2018,42,8,131,2822.0,4.0,1,LOMO2,1,LOMO2,1,2019-05-21 12:50:52,,8,4
666329358126144,464514622489998,2018,42,8,131,2822.0,1.0,1,ROMU,1,ROMU,1,2019-05-21 12:50:52,,8,4
666329359126144,464514622489998,2018,42,8,131,2822.0,2.0,1,ROMU,1,ROMU,1,2019-05-21 12:50:52,,8,4
666329360126144,464514622489998,2018,42,8,131,2822.0,4.0,1,ROMU,1,ROMU,3,2019-05-21 12:50:52,,8,4
666329771126144,464515510489998,2018,42,5,59,2284.0,1.0,1,ALPE4,1,ALPE4,1,2019-05-21 12:50:53,,8,4
666329772126144,464515510489998,2018,42,5,59,2284.0,2.0,1,ALPE4,1,ALPE4,1,2019-05-21 12:50:53,,8,4
666329773126144,464515510489998,2018,42,5,59,2284.0,3.0,1,ALPE4,1,ALPE4,1,2019-05-21 12:50:53,,8,4
666329774126144,464515510489998,2018,42,5,59,2284.0,4.0,1,ALPE4,1,ALPE4,1,2019-05-21 12:50:53,,8,4
666329775126144,464515510489998,2018,42,5,59,2284.0,3.0,1,HEMA3,1,HEMA3,1,2019-05-21 12:50:53,,8,4
666329776126144,464515510489998,2018,42,5,59,2284.0,4.0,1,HEMA3,1,HEMA3,1,2019-05-21 12:50:53,,8,4
666329777126144,464515510489998,2018,42,5,59,2284.0,1.0,1,MIVI,1,MIVI,1,2019-05-21 12:50:53,,8,4
666329778126144,464515510489998,2018,42,5,59,2284.0,2.0,1,MIVI,1,MIVI,1,2019-05-21 12:50:53,,8,4
666329779126144,464515510489998,2018,42,5,59,2284.0,3.0,1,MIVI,1,MIVI,2,2019-05-21 12:50:53,,8,4
666329780126144,464515510489998,2018,42,5,59,2284.0,4.0,1,MIVI,1,MIVI,1,2019-05-21 12:50:53,,8,4
666329955126144,464513746489998,2018,42,9,1,2072.0,3.0,1,MIVI,1,MIVI,14,2019-05-21 12:50:54,,8,4
666329956126144,464513746489998,2018,42,9,1,2072.0,4.0,1,MIVI,1,MIVI,1,2019-05-21 12:50:54,,8,4
666329957126144,464513746489998,2018,42,9,1,2072.0,4.0,1,ROMU,1,ROMU,1,2019-05-21 12:50:54,,8,4
666330135126144,464513840489998,2018,42,6,33,2572.0,4.0,1,BEVU,1,BEVU,1,2019-05-21 12:50:54,,8,4
666330136126144,464513840489998,2018,42,6,33,2572.0,1.0,1,CEOR7,1,CEOR7,1,2019-05-21 12:50:54,,8,4
666330137126144,464513840489998,2018,42,6,33,2572.0,2.0,1,CEOR7,1,CEOR7,2,2019-05-21 12:50:54,,8,4
666330138126144,464513840489998,2018,42,6,33,2572.0,4.0,1,CEOR7,1,CEOR7,1,2019-05-21 12:50:54,,8,4
666330139126144,464513840489998,2018,42,6,33,2572.0,1.0,1,ELUM,1,ELUM,20,2019-05-21 12:50:54,,8,4
666330140126144,464513840489998,2018,42,6,33,2572.0,2.0,1,ELUM,1,ELUM,2,2019-05-21 12:50:54,,8,4
666330141126144,464513840489998,2018,42,6,33,2572.0,4.0,1,ELUM,1,ELUM,5,2019-05-21 12:50:54,,8,4
666330142126144,464513840489998,2018,42,6,33,2572.0,4.0,1,LIVU,1,LIVU,5,2019-05-21 12:50:54,,8,4
666330143126144,464513840489998,2018,42,6,33,2572.0,1.0,1,LOTA,1,LOTA,10,2019-05-21 12:50:54,,8,4
666330144126144,464513840489998,2018,42,6,33,2572.0,2.0,1,LOTA,1,LOTA,2,2019-05-21 12:50:54,,8,4
666330145126144,464513840489998,2018,42,6,33,2572.0,4.0,1,LOTA,1,LOTA,5,2019-05-21 12:50:54,,8,4
666330146126144,464513840489998,2018,42,6,33,2572.0,1.0,1,ROMU,1,ROMU,5,2019-05-21 12:50:54,,8,4
666330147126144,464513840489998,2018,42,6,33,2572.0,2.0,1,ROMU,1,ROMU,2,2019-05-21 12:50:54,,8,4
666330148126144,464513840489998,2018,42,6,33,2572.0,4.0,1,ROMU,1,ROMU,45,2019-05-21 12:50:54,,8,4
666330389126144,464513872489998,2018,42,5,39,1284.0,2.0,1,ROMU,1,ROMU,4,2019-05-21 12:50:55,,8,4
666330542126144,464513898489998,2018,42,5,73,2420.0,1.0,1,ALPE4,1,ALPE4,9,2019-05-21 12:50:55,,8,4
666330543126144,464513898489998,2018,42,5,73,2420.0,3.0,1,ALPE4,1,ALPE4,1,2019-05-21 12:50:55,,8,4
666330544126144,464513898489998,2018,42,5,73,2420.0,4.0,1,ALPE4,1,ALPE4,2,2019-05-21 12:50:55,,8,4
666330545126144,464513898489998,2018,42,5,73,2420.0,1.0,1,CEOR7,1,CEOR7,1,2019-05-21 12:50:55,,8,4
666330546126144,464513898489998,2018,42,5,73,2420.0,2.0,1,CEOR7,1,CEOR7,1,2019-05-21 12:50:55,,8,4
666330547126144,464513898489998,2018,42,5,73,2420.0,3.0,1,CEOR7,1,CEOR7,5,2019-05-21 12:50:55,,8,4
666330548126144,464513898489998,2018,42,5,73,2420.0,4.0,1,CEOR7,1,CEOR7,2,2019-05-21 12:50:55,,8,4
666330549126144,464513898489998,2018,42,5,73,2420.0,3.0,1,LOMO2,1,LOMO2,3,2019-05-21 12:50:55,,8,4
666330550126144,464513898489998,2018,42,5,73,2420.0,1.0,1,ROMU,1,ROMU,1,2019-05-21 12:50:55,,8,4
666330551126144,464513898489998,2018,42,5,73,2420.0,3.0,1,ROMU,1,ROMU,4,2019-05-21 12:50:55,,8,4
666330552126144,464513898489998,2018,42,5,73,2420.0,4.0,1,ROMU,1,ROMU,4,2019-05-21 12:50:55,,8,4
666330714126144,464513938489998,2018,42,6,121,2714.0,1.0,1,ROMU,1,ROMU,1,2019-05-21 12:50:55,,8,4
666330715126144,464513938489998,2018,42,6,121,2714.0,2.0,1,ROMU,1,ROMU,3,2019-05-21 12:50:55,,8,4
666330716126144,464513938489998,2018,42,6,121,2714.0,3.0,1,ROMU,1,ROMU,25,2019-05-21 12:50:55,,8,4
666330717126144,464513938489998,2018,42,6,121,2714.0,4.0,1,ROMU,1,ROMU,8,2019-05-21 12:50:55,,8,4
666330905126144,464514184489998,2018,42,6,27,2889.0,1.0,1,CESTM,1,CESTM,25,2019-05-21 12:50:56,,8,4
666330906126144,464514184489998,2018,42,6,27,2889.0,2.0,1,CESTM,1,CESTM,35,2019-05-21 12:50:56,,8,4
666330907126144,464514184489998,2018,42,6,27,2889.0,3.0,1,CESTM,1,CESTM,33,2019-05-21 12:50:56,,8,4
666330908126144,464514184489998,2018,42,6,27,2889.0,4.0,1,CESTM,1,CESTM,38,2019-05-21 12:50:56,,8,4
666330909126144,464514184489998,2018,42,6,27,2889.0,4.0,1,LOMO2,1,LOMO2,1,2019-05-21 12:50:56,,8,4
666330910126144,464514184489998,2018,42,6,27,2889.0,1.0,1,ROPS,1,ROPS,25,2019-05-21 12:50:56,,8,4
666330911126144,464514184489998,2018,42,6,27,2889.0,2.0,1,ROPS,1,ROPS,25,2019-05-21 12:50:56,,8,4
666330912126144,464514184489998,2018,42,6,27,2889.0,3.0,1,ROPS,1,ROPS,2,2019-05-21 12:50:56,,8,4
666330913126144,464514184489998,2018,42,6,27,2889.0,4.0,1,ROPS,1,ROPS,25,2019-05-21 12:50:56,,8,4
666331281126144,464514662489998,2018,42,0,67,2304.0,1.0,1,ALPE4,1,ALPE4,1,2019-05-21 12:50:57,,8,4
666331282126144,464514662489998,2018,42,0,67,2304.0,2.0,1,ALPE4,1,ALPE4,1,2019-05-21 12:50:57,,8,4
666331283126144,464514662489998,2018,42,0,67,2304.0,3.0,1,ALPE4,1,ALPE4,1,2019-05-21 12:50:57,,8,4
666331284126144,464514662489998,2018,42,0,67,2304.0,4.0,1,ALPE4,1,ALPE4,1,2019-05-21 12:50:57,,8,4
666331285126144,464514662489998,2018,42,0,67,2304.0,1.0,1,BETH,1,BETH,2,2019-05-21 12:50:57,,8,4
666331286126144,464514662489998,2018,42,0,67,2304.0,3.0,1,ELUM,1,ELUM,2,2019-05-21 12:50:57,,8,4
666331287126144,464514662489998,2018,42,0,67,2304.0,1.0,1,MIVI,1,MIVI,96,2019-05-21 12:50:57,,8,4
666331288126144,464514662489998,2018,42,0,67,2304.0,2.0,1,MIVI,1,MIVI,88,2019-05-21 12:50:57,,8,4
666331289126144,464514662489998,2018,42,0,67,2304.0,3.0,1,MIVI,1,MIVI,99,2019-05-21 12:50:57,,8,4
666331290126144,464514662489998,2018,42,0,67,2304.0,4.0,1,MIVI,1,MIVI,96,2019-05-21 12:50:57,,8,4
666331291126144,464514662489998,2018,42,0,67,2304.0,1.0,1,ROPS,1,ROPS,20,2019-05-21 12:50:57,,8,4
666331292126144,464514662489998,2018,42,0,67,2304.0,2.0,1,ROPS,1,ROPS,30,2019-05-21 12:50:57,,8,4
666331293126144,464514662489998,2018,42,0,67,2304.0,3.0,1,ROPS,1,ROPS,8,2019-05-21 12:50:57,,8,4
666331294126144,464514662489998,2018,42,0,67,2304.0,4.0,1,ROPS,1,ROPS,1,2019-05-21 12:50:57,,8,4
666331652126144,464514994489998,2018,42,9,29,448.0,1.0,1,ACPL,1,ACPL,10,2019-05-21 12:50:58,,8,4
666331653126144,464514994489998,2018,42,9,29,448.0,2.0,1,ACPL,1,ACPL,1,2019-05-21 12:50:58,,8,4
666331654126144,464514994489998,2018,42,9,29,448.0,4.0,1,ACPL,1,ACPL,15,2019-05-21 12:50:58,,8,4
666331655126144,464514994489998,2018,42,9,29,448.0,3.0,1,AIAL,1,AIAL,2,2019-05-21 12:50:58,,8,4
666331656126144,464514994489998,2018,42,9,29,448.0,1.0,1,ALPE4,1,ALPE4,1,2019-05-21 12:50:58,,8,4
666331657126144,464514994489998,2018,42,9,29,448.0,3.0,1,ALPE4,1,ALPE4,2,2019-05-21 12:50:58,,8,4
666331658126144,464514994489998,2018,42,9,29,448.0,4.0,1,ALPE4,1,ALPE4,1,2019-05-21 12:50:58,,8,4
666331659126144,464514994489998,2018,42,9,29,448.0,1.0,1,BETH,1,BETH,1,2019-05-21 12:50:58,,8,4
666331660126144,464514994489998,2018,42,9,29,448.0,1.0,1,CEOR7,1,CEOR7,1,2019-05-21 12:50:58,,8,4
666331661126144,464514994489998,2018,42,9,29,448.0,2.0,1,CEOR7,1,CEOR7,3,2019-05-21 12:50:58,,8,4
666331662126144,464514994489998,2018,42,9,29,448.0,3.0,1,CEOR7,1,CEOR7,2,2019-05-21 12:50:58,,8,4
666331663126144,464514994489998,2018,42,9,29,448.0,4.0,1,LIVU,1,LIVU,1,2019-05-21 12:50:58,,8,4
666331664126144,464514994489998,2018,42,9,29,448.0,1.0,1,LOJA,1,LOJA,3,2019-05-21 12:50:58,,8,4
666331665126144,464514994489998,2018,42,9,29,448.0,4.0,1,LOJA,1,LOJA,3,2019-05-21 12:50:58,,8,4
666331666126144,464514994489998,2018,42,9,29,448.0,1.0,1,LOMA6,1,LOMA6,1,2019-05-21 12:50:58,,8,4
666331667126144,464514994489998,2018,42,9,29,448.0,2.0,1,LOMA6,1,LOMA6,2,2019-05-21 12:50:58,,8,4
666331668126144,464514994489998,2018,42,9,29,448.0,3.0,1,LOMA6,1,LOMA6,18,2019-05-21 12:50:58,,8,4
666331669126144,464514994489998,2018,42,9,29,448.0,1.0,1,MIVI,1,MIVI,1,2019-05-21 12:50:58,,8,4
666331853126144,464515515489998,2018,42,5,125,2160.0,1.0,1,ALPE4,1,ALPE4,3,2019-05-21 12:50:58,,8,4
666331854126144,464515515489998,2018,42,5,125,2160.0,2.0,1,ALPE4,1,ALPE4,2,2019-05-21 12:50:58,,8,4
666331855126144,464515515489998,2018,42,5,125,2160.0,3.0,1,ALPE4,1,ALPE4,10,2019-05-21 12:50:58,,8,4
666331856126144,464515515489998,2018,42,5,125,2160.0,4.0,1,ALPE4,1,ALPE4,5,2019-05-21 12:50:58,,8,4
666331857126144,464515515489998,2018,42,5,125,2160.0,1.0,1,CEOR7,1,CEOR7,2,2019-05-21 12:50:58,,8,4
666331858126144,464515515489998,2018,42,5,125,2160.0,2.0,1,CEOR7,1,CEOR7,2,2019-05-21 12:50:58,,8,4
666331859126144,464515515489998,2018,42,5,125,2160.0,3.0,1,CEOR7,1,CEOR7,2,2019-05-21 12:50:58,,8,4
666331860126144,464515515489998,2018,42,5,125,2160.0,4.0,1,CEOR7,1,CEOR7,1,2019-05-21 12:50:58,,8,4
666331861126144,464515515489998,2018,42,5,125,2160.0,1.0,1,ELUM,1,ELUM,10,2019-05-21 12:50:58,,8,4
666331862126144,464515515489998,2018,42,5,125,2160.0,2.0,1,ELUM,1,ELUM,10,2019-05-21 12:50:58,,8,4
666331863126144,464515515489998,2018,42,5,125,2160.0,3.0,1,ELUM,1,ELUM,12,2019-05-21 12:50:58,,8,4
666331864126144,464515515489998,2018,42,5,125,2160.0,4.0,1,ELUM,1,ELUM,10,2019-05-21 12:50:58,,8,4
666331865126144,464515515489998,2018,42,5,125,2160.0,1.0,1,LIVU,1,LIVU,3,2019-05-21 12:50:58,,8,4
666331866126144,464515515489998,2018,42,5,125,2160.0,2.0,1,LIVU,1,LIVU,1,2019-05-21 12:50:58,,8,4
666331867126144,464515515489998,2018,42,5,125,2160.0,1.0,1,LONIC,1,LONIC,8,2019-05-21 12:50:58,,8,4
666331868126144,464515515489998,2018,42,5,125,2160.0,2.0,1,LONIC,1,LONIC,5,2019-05-21 12:50:58,,8,4
666331869126144,464515515489998,2018,42,5,125,2160.0,3.0,1,LONIC,1,LONIC,5,2019-05-21 12:50:58,,8,4
666331870126144,464515515489998,2018,42,5,125,2160.0,4.0,1,LONIC,1,LONIC,5,2019-05-21 12:50:58,,8,4
666331871126144,464515515489998,2018,42,5,125,2160.0,1.0,1,ROMU,1,ROMU,25,2019-05-21 12:50:58,,8,4
666331872126144,464515515489998,2018,42,5,125,2160.0,2.0,1,ROMU,1,ROMU,20,2019-05-21 12:50:58,,8,4
666331873126144,464515515489998,2018,42,5,125,2160.0,3.0,1,ROMU,1,ROMU,30,2019-05-21 12:50:58,,8,4
269680434489998,16265194020004,2013,42,8,15,5089.0,1.0,1,ALPE4,1,ALPE4,1,2014-07-15 10:25:56,,7,4
269680435489998,16265194020004,2013,42,8,15,5089.0,2.0,1,ALPE4,1,ALPE4,1,2014-07-15 10:25:56,,7,4
269680436489998,16265194020004,2013,42,8,15,5089.0,3.0,1,ALPE4,1,ALPE4,2,2014-07-15 10:25:56,,7,4
269680437489998,16265194020004,2013,42,8,15,5089.0,2.0,1,BETH,1,BETH,1,2014-07-15 10:25:56,,7,4
269681116489998,16265285020004,2013,42,0,87,4205.0,1.0,2,ACPL,1,ACPL,10,2014-07-15 10:25:57,,7,4
269681117489998,16265285020004,2013,42,0,87,4205.0,4.0,2,ACPL,1,ACPL,3,2014-07-15 10:25:57,,7,4
269681118489998,16265285020004,2013,42,0,87,4205.0,1.0,2,ALPE4,1,ALPE4,1,2014-07-15 10:25:57,,7,4
269681119489998,16265285020004,2013,42,0,87,4205.0,4.0,2,ALPE4,1,ALPE4,8,2014-07-15 10:25:57,,7,4
269681120489998,16265285020004,2013,42,0,87,4205.0,4.0,2,CEOR7,1,CEOR7,6,2014-07-15 10:25:57,,7,4
269681121489998,16265285020004,2013,42,0,87,4205.0,1.0,2,LOJA,1,LOJA,1,2014-07-15 10:25:57,,7,4
269681122489998,16265285020004,2013,42,0,87,4205.0,4.0,2,LOJA,1,LOJA,4,2014-07-15 10:25:57,,7,4
269681123489998,16265285020004,2013,42,0,87,4205.0,4.0,2,LOMA6,1,LOMA6,14,2014-07-15 10:25:57,,7,4
269681124489998,16265285020004,2013,42,0,87,4205.0,1.0,2,ROMU,1,ROMU,3,2014-07-15 10:25:57,,7,4
269681125489998,16265285020004,2013,42,0,87,4205.0,4.0,2,ROMU,1,ROMU,2,2014-07-15 10:25:57,,7,4
269681683489998,16265358020004,2013,42,8,15,3865.0,4.0,1,ALPE4,1,ALPE4,40,2014-07-15 10:25:59,,7,4
269681684489998,16265358020004,2013,42,8,15,3865.0,1.0,1,ELUM,1,ELUM,11,2014-07-15 10:25:59,,7,4
269681685489998,16265358020004,2013,42,8,15,3865.0,2.0,1,ELUM,1,ELUM,9,2014-07-15 10:25:59,,7,4
269681686489998,16265358020004,2013,42,8,15,3865.0,4.0,1,ELUM,1,ELUM,61,2014-07-15 10:25:59,,7,4
269681687489998,16265358020004,2013,42,8,15,3865.0,4.0,1,LOMO2,1,LOMO2,6,2014-07-15 10:25:59,,7,4
269681688489998,16265358020004,2013,42,8,15,3865.0,1.0,1,ROMU,1,ROMU,1,2014-07-15 10:25:59,,7,4
269681689489998,16265358020004,2013,42,8,15,3865.0,2.0,1,ROMU,1,ROMU,1,2014-07-15 10:25:59,,7,4
269681690489998,16265358020004,2013,42,8,15,3865.0,4.0,1,ROMU,1,ROMU,5,2014-07-15 10:25:59,,7,4
269708394489998,16265210020004,2013,42,6,117,5033.0,2.0,1,ROMU,1,ROMU,1,2014-07-15 10:27:04,,7,4
269659142489998,16264889020004,2013,42,5,3,6034.0,1.0,1,AIAL,1,AIAL,20,2014-07-15 10:25:00,,7,4
269659143489998,16264889020004,2013,42,5,3,6034.0,1.0,1,ALPE4,1,ALPE4,33,2014-07-15 10:25:00,,7,4
269659144489998,16264889020004,2013,42,5,3,6034.0,4.0,1,ALPE4,1,ALPE4,10,2014-07-15 10:25:00,,7,4
269659145489998,16264889020004,2013,42,5,3,6034.0,1.0,1,LIVU,1,LIVU,2,2014-07-15 10:25:00,,7,4
269659146489998,16264889020004,2013,42,5,3,6034.0,4.0,1,LIVU,1,LIVU,2,2014-07-15 10:25:00,,7,4
269659147489998,16264889020004,2013,42,5,3,6034.0,1.0,1,POCU6,1,POCU6,95,2014-07-15 10:25:00,,7,4
269659148489998,16264889020004,2013,42,5,3,6034.0,4.0,1,POCU6,1,POCU6,41,2014-07-15 10:25:00,,7,4
269659149489998,16264889020004,2013,42,5,3,6034.0,1.0,1,ROMU,1,ROMU,10,2014-07-15 10:25:00,,7,4
269659214489998,16264896020004,2013,42,5,125,5724.0,1.0,1,ALPE4,1,ALPE4,3,2014-07-15 10:25:01,,7,4
269659215489998,16264896020004,2013,42,5,125,5724.0,2.0,1,ALPE4,1,ALPE4,1,2014-07-15 10:25:01,,7,4
269659216489998,16264896020004,2013,42,5,125,5724.0,3.0,1,ALPE4,1,ALPE4,1,2014-07-15 10:25:01,,7,4
269659217489998,16264896020004,2013,42,5,125,5724.0,4.0,1,ALPE4,1,ALPE4,2,2014-07-15 10:25:01,,7,4
269659218489998,16264896020004,2013,42,5,125,5724.0,1.0,1,ROMU,1,ROMU,4,2014-07-15 10:25:01,,7,4
269659219489998,16264896020004,2013,42,5,125,5724.0,2.0,1,ROMU,1,ROMU,1,2014-07-15 10:25:01,,7,4
269659220489998,16264896020004,2013,42,5,125,5724.0,3.0,1,ROMU,1,ROMU,2,2014-07-15 10:25:01,,7,4
269659221489998,16264896020004,2013,42,5,125,5724.0,4.0,1,ROMU,1,ROMU,2,2014-07-15 10:25:01,,7,4
269659401489998,16264900020004,2013,42,6,123,3631.0,4.0,1,ROMU,1,ROMU,1,2014-07-15 10:25:01,,7,4
269660277489998,16265031020004,2013,42,9,133,4434.0,2.0,1,ACPL,1,ACPL,20,2014-07-15 10:25:05,,7,4
269660278489998,16265031020004,2013,42,9,133,4434.0,3.0,1,ACPL,1,ACPL,19,2014-07-15 10:25:05,,7,4
269660279489998,16265031020004,2013,42,9,133,4434.0,4.0,1,ACPL,1,ACPL,3,2014-07-15 10:25:05,,7,4
269660280489998,16265031020004,2013,42,9,133,4434.0,1.0,1,AIAL,1,AIAL,35,2014-07-15 10:25:05,,7,4
269660281489998,16265031020004,2013,42,9,133,4434.0,2.0,1,AIAL,1,AIAL,5,2014-07-15 10:25:05,,7,4
269660282489998,16265031020004,2013,42,9,133,4434.0,3.0,1,AIAL,1,AIAL,1,2014-07-15 10:25:05,,7,4
269660283489998,16265031020004,2013,42,9,133,4434.0,4.0,1,AIAL,1,AIAL,8,2014-07-15 10:25:05,,7,4
269660284489998,16265031020004,2013,42,9,133,4434.0,1.0,1,ALPE4,1,ALPE4,4,2014-07-15 10:25:05,,7,4
269660285489998,16265031020004,2013,42,9,133,4434.0,2.0,1,ALPE4,1,ALPE4,3,2014-07-15 10:25:05,,7,4
269660286489998,16265031020004,2013,42,9,133,4434.0,4.0,1,ALPE4,1,ALPE4,3,2014-07-15 10:25:05,,7,4
269660287489998,16265031020004,2013,42,9,133,4434.0,1.0,1,CEOR7,1,CEOR7,30,2014-07-15 10:25:05,,7,4
269660288489998,16265031020004,2013,42,9,133,4434.0,3.0,1,CEOR7,1,CEOR7,3,2014-07-15 10:25:05,,7,4
269660289489998,16265031020004,2013,42,9,133,4434.0,4.0,1,CEOR7,1,CEOR7,5,2014-07-15 10:25:05,,7,4
269660290489998,16265031020004,2013,42,9,133,4434.0,1.0,1,LOJA,1,LOJA,5,2014-07-15 10:25:05,,7,4
269660291489998,16265031020004,2013,42,9,133,4434.0,2.0,1,LOJA,1,LOJA,6,2014-07-15 10:25:05,,7,4
269660292489998,16265031020004,2013,42,9,133,4434.0,3.0,1,LOJA,1,LOJA,15,2014-07-15 10:25:05,,7,4
269660293489998,16265031020004,2013,42,9,133,4434.0,4.0,1,LOJA,1,LOJA,13,2014-07-15 10:25:05,,7,4
269660294489998,16265031020004,2013,42,9,133,4434.0,1.0,1,MIVI,1,MIVI,1,2014-07-15 10:25:05,,7,4
269660295489998,16265031020004,2013,42,9,133,4434.0,2.0,1,MIVI,1,MIVI,2,2014-07-15 10:25:05,,7,4
269660296489998,16265031020004,2013,42,9,133,4434.0,3.0,1,MIVI,1,MIVI,7,2014-07-15 10:25:05,,7,4
269660297489998,16265031020004,2013,42,9,133,4434.0,1.0,1,ROMU,1,ROMU,2,2014-07-15 10:25:05,,7,4
269660298489998,16265031020004,2013,42,9,133,4434.0,2.0,1,ROMU,1,ROMU,23,2014-07-15 10:25:05,,7,4
269660299489998,16265031020004,2013,42,9,133,4434.0,3.0,1,ROMU,1,ROMU,13,2014-07-15 10:25:05,,7,4
269660300489998,16265031020004,2013,42,9,133,4434.0,4.0,1,ROMU,1,ROMU,4,2014-07-15 10:25:05,,7,4
269660981489998,16265070020004,2013,42,9,77,2994.0,1.0,1,ALPE4,1,ALPE4,1,2014-07-15 10:25:06,,7,4
269660982489998,16265070020004,2013,42,9,77,2994.0,2.0,1,ALPE4,1,ALPE4,13,2014-07-15 10:25:06,,7,4
269660983489998,16265070020004,2013,42,9,77,2994.0,3.0,1,ALPE4,1,ALPE4,5,2014-07-15 10:25:06,,7,4
269660984489998,16265070020004,2013,42,9,77,2994.0,4.0,1,ALPE4,1,ALPE4,5,2014-07-15 10:25:06,,7,4
269660985489998,16265070020004,2013,42,9,77,2994.0,1.0,1,BETH,1,BETH,3,2014-07-15 10:25:06,,7,4
269660986489998,16265070020004,2013,42,9,77,2994.0,2.0,1,BETH,1,BETH,1,2014-07-15 10:25:06,,7,4
269660987489998,16265070020004,2013,42,9,77,2994.0,3.0,1,CEOR7,1,CEOR7,1,2014-07-15 10:25:06,,7,4
269660988489998,16265070020004,2013,42,9,77,2994.0,1.0,1,HEMA3,1,HEMA3,1,2014-07-15 10:25:06,,7,4
269660989489998,16265070020004,2013,42,9,77,2994.0,1.0,1,LOJA,1,LOJA,1,2014-07-15 10:25:06,,7,4
269660990489998,16265070020004,2013,42,9,77,2994.0,1.0,1,MIVI,1,MIVI,5,2014-07-15 10:25:06,,7,4
269660991489998,16265070020004,2013,42,9,77,2994.0,2.0,1,MIVI,1,MIVI,5,2014-07-15 10:25:06,,7,4
269660992489998,16265070020004,2013,42,9,77,2994.0,3.0,1,MIVI,1,MIVI,15,2014-07-15 10:25:06,,7,4
269660993489998,16265070020004,2013,42,9,77,2994.0,4.0,1,MIVI,1,MIVI,8,2014-07-15 10:25:06,,7,4
269660994489998,16265070020004,2013,42,9,77,2994.0,1.0,1,ROMU,1,ROMU,15,2014-07-15 10:25:06,,7,4
269660995489998,16265070020004,2013,42,9,77,2994.0,2.0,1,ROMU,1,ROMU,2,2014-07-15 10:25:06,,7,4
269660996489998,16265070020004,2013,42,9,77,2994.0,3.0,1,ROMU,1,ROMU,45,2014-07-15 10:25:06,,7,4
269660997489998,16265070020004,2013,42,9,77,2994.0,4.0,1,ROMU,1,ROMU,3,2014-07-15 10:25:06,,7,4
269661256489998,16265135020004,2013,42,0,43,3545.0,2.0,1,BETH,1,BETH,1,2014-07-15 10:25:07,,7,4
269661257489998,16265135020004,2013,42,0,43,3545.0,3.0,1,BETH,1,BETH,1,2014-07-15 10:25:07,,7,4
269682553489998,16265380020004,2013,42,9,11,6026.0,1.0,1,AIAL,1,AIAL,6,2014-07-15 10:26:00,,7,4
269682554489998,16265380020004,2013,42,9,11,6026.0,2.0,1,AIAL,1,AIAL,1,2014-07-15 10:26:00,,7,4
269682555489998,16265380020004,2013,42,9,11,6026.0,1.0,1,BETH,1,BETH,2,2014-07-15 10:26:00,,7,4
269682556489998,16265380020004,2013,42,9,11,6026.0,2.0,1,BETH,1,BETH,2,2014-07-15 10:26:00,,7,4
269682557489998,16265380020004,2013,42,9,11,6026.0,4.0,1,BETH,1,BETH,1,2014-07-15 10:26:00,,7,4
269682558489998,16265380020004,2013,42,9,11,6026.0,2.0,1,HEHE,1,HEHE,1,2014-07-15 10:26:00,,7,4
269682559489998,16265380020004,2013,42,9,11,6026.0,4.0,1,HEHE,1,HEHE,2,2014-07-15 10:26:00,,7,4
269682560489998,16265380020004,2013,42,9,11,6026.0,1.0,1,MIVI,1,MIVI,15,2014-07-15 10:26:00,,7,4
269682561489998,16265380020004,2013,42,9,11,6026.0,2.0,1,MIVI,1,MIVI,20,2014-07-15 10:26:00,,7,4
269683731489998,16265462020004,2013,42,8,127,5039.0,2.0,1,ROMU,1,ROMU,2,2014-07-15 10:26:03,,7,4
269683732489998,16265462020004,2013,42,8,127,5039.0,4.0,1,ROMU,1,ROMU,1,2014-07-15 10:26:03,,7,4
269684279489998,16265477020004,2013,42,9,71,5480.0,1.0,1,AIAL,1,AIAL,2,2014-07-15 10:26:04,,7,4
269684280489998,16265477020004,2013,42,9,71,5480.0,4.0,1,ELUM,1,ELUM,1,2014-07-15 10:26:04,,7,4
269684281489998,16265477020004,2013,42,9,71,5480.0,1.0,1,LOJA,1,LOJA,1,2014-07-15 10:26:04,,7,4
269684282489998,16265477020004,2013,42,9,71,5480.0,3.0,1,LOJA,1,LOJA,1,2014-07-15 10:26:04,,7,4
269684283489998,16265477020004,2013,42,9,71,5480.0,4.0,1,LOJA,1,LOJA,6,2014-07-15 10:26:04,,7,4
269684284489998,16265477020004,2013,42,9,71,5480.0,3.0,1,MIVI,1,MIVI,5,2014-07-15 10:26:04,,7,4
269684285489998,16265477020004,2013,42,9,71,5480.0,4.0,1,MIVI,1,MIVI,1,2014-07-15 10:26:04,,7,4
269684286489998,16265477020004,2013,42,9,71,5480.0,1.0,1,ROMU,1,ROMU,10,2014-07-15 10:26:04,,7,4
269684287489998,16265477020004,2013,42,9,71,5480.0,2.0,1,ROMU,1,ROMU,2,2014-07-15 10:26:04,,7,4
269684288489998,16265477020004,2013,42,9,71,5480.0,4.0,1,ROMU,1,ROMU,20,2014-07-15 10:26:04,,7,4
269684561489998,16265491020004,2013,42,0,57,2926.0,2.0,1,BEVU,1,BEVU,1,2014-07-15 10:26:04,,7,4
269684562489998,16265491020004,2013,42,0,57,2926.0,4.0,1,BEVU,1,BEVU,2,2014-07-15 10:26:04,,7,4
269684563489998,16265491020004,2013,42,0,57,2926.0,4.0,1,LONIC,1,LONIC,1,2014-07-15 10:26:04,,7,4
269684564489998,16265491020004,2013,42,0,57,2926.0,4.0,1,MIVI,1,MIVI,7,2014-07-15 10:26:04,,7,4
269684565489998,16265491020004,2013,42,0,57,2926.0,2.0,1,ROMU,1,ROMU,1,2014-07-15 10:26:04,,7,4
269684566489998,16265491020004,2013,42,0,57,2926.0,4.0,1,ROMU,1,ROMU,1,2014-07-15 10:26:04,,7,4
269684567489998,16265491020004,2013,42,0,57,2926.0,2.0,1,ROPS,1,ROPS,1,2014-07-15 10:26:04,,7,4
269684568489998,16265491020004,2013,42,0,57,2926.0,3.0,1,ROPS,1,ROPS,1,2014-07-15 10:26:04,,7,4
269684569489998,16265491020004,2013,42,0,57,2926.0,4.0,1,ROPS,1,ROPS,1,2014-07-15 10:26:04,,7,4
269684936489998,16265501020004,2013,42,7,111,3415.0,3.0,2,MIVI,1,MIVI,7,2014-07-15 10:26:05,,7,4
269685072489998,16264573020004,2013,42,7,21,3889.0,1.0,1,MIVI,1,MIVI,4,2014-07-15 10:26:06,,7,4
269685073489998,16264573020004,2013,42,7,21,3889.0,2.0,1,MIVI,1,MIVI,3,2014-07-15 10:26:06,,7,4
269661575489998,16265150020004,2013,42,8,115,5281.0,2.0,2,BETH,1,BETH,1,2014-07-15 10:25:08,,7,4
269661576489998,16265150020004,2013,42,8,115,5281.0,2.0,2,LOMO2,1,LOMO2,10,2014-07-15 10:25:08,,7,4
269661577489998,16265150020004,2013,42,8,115,5281.0,2.0,2,ROMU,1,ROMU,4,2014-07-15 10:25:08,,7,4
269662176489998,16265271020004,2013,42,6,35,5844.0,4.0,1,LOMO2,1,LOMO2,1,2014-07-15 10:25:10,,7,4
269662491489998,16265277020004,2013,42,0,67,5526.0,1.0,1,AIAL,1,AIAL,1,2014-07-15 10:25:11,,7,4
269662492489998,16265277020004,2013,42,0,67,5526.0,2.0,1,AIAL,1,AIAL,1,2014-07-15 10:25:11,,7,4
269662493489998,16265277020004,2013,42,0,67,5526.0,1.0,1,ROPS,1,ROPS,10,2014-07-15 10:25:11,,7,4
269662494489998,16265277020004,2013,42,0,67,5526.0,4.0,1,ROPS,1,ROPS,25,2014-07-15 10:25:11,,7,4
