CN,STATECD,SYMBOL,INV_GROUP_CD,UNITCD_LIST,START_DATE,END_DATE,MANUAL_START,MANUAL_END,NOTES,CREATED_DATE,MODIFIED_DATE
165138756981125,5,TRSE6,,"1,2,3,4,5",2001-01-01 00:00:00,,1.0,,,2017-12-21 11:46:53,2017-12-21 17:44:17
165138759981125,5,ELPU2,,"1,2,3,4,5",2001-01-01 00:00:00,,1.0,,,2017-12-21 11:46:53,2017-12-21 17:44:17
165138760981125,5,LIGUS2,,"1,2,3,4,5",2001-01-01 00:00:00,,1.0,,,2017-12-21 11:46:54,2017-12-21 17:44:17
165138761981125,5,LIJA,,"1,2,3,4,5",2001-01-01 00:00:00,,1.0,,,2017-12-21 11:46:54,2017-12-21 17:44:17
165138763981125,5,NADO,,"1,2,3,4,5",2001-01-01 00:00:00,,1.0,,,2017-12-21 11:46:54,2017-12-21 17:44:17
165138764981125,5,ROSA5,,"1,2,3,4,5",2001-01-01 00:00:00,,1.0,,,2017-12-21 11:46:54,2017-12-21 17:44:17
165138766981125,5,DIOSC,,"1,2,3,4,5",2001-01-01 00:00:00,,1.0,,,2017-12-21 11:46:54,2017-12-21 17:44:17
165138767981125,5,EUFO5,,"1,2,3,4,5",2001-01-01 00:00:00,,1.0,,,2017-12-21 11:46:54,2017-12-21 17:44:17
165138768981125,5,LOJA,,"1,2,3,4,5",2001-01-01 00:00:00,,1.0,,,2017-12-21 11:46:54,2017-12-21 17:44:17
165138770981125,5,VINCA,,"1,2,3,4,5",2001-01-01 00:00:00,,1.0,,,2017-12-21 11:46:54,2017-12-21 17:44:17
165138771981125,5,WISTE,,"1,2,3,4,5",2001-01-01 00:00:00,,1.0,,,2017-12-21 11:46:54,2017-12-21 17:44:17
165138772981125,5,SCPH,,"1,2,3,4,5",2001-01-01 00:00:00,,1.0,,,2017-12-21 11:46:54,2017-12-21 17:44:17
165138774981125,5,MIVI,,"1,2,3,4,5",2001-01-01 00:00:00,,1.0,,,2017-12-21 11:46:54,2017-12-21 17:44:17
165138775981125,5,MISI,,"1,2,3,4,5",2001-01-01 00:00:00,,1.0,,,2017-12-21 11:46:54,2017-12-21 17:44:17
165138777981125,5,LYJA,,"1,2,3,4,5",2001-01-01 00:00:00,,1.0,,,2017-12-21 11:46:54,2017-12-21 17:44:17
165138778981125,5,ALPE4,,"1,2,3,4,5",2001-01-01 00:00:00,,1.0,,,2017-12-21 11:46:54,2017-12-21 17:44:17
165138779981125,5,LESPE,,"1,2,3,4,5",2001-01-01 00:00:00,,1.0,,,2017-12-21 11:46:54,2017-12-21 17:44:17
165138781981125,5,BRPA4,,"1,2,3,4,5",2013-10-01 00:00:00,,6.0,,,2017-12-21 11:46:54,
165138782981125,5,FISI2,,"1,2,3,4,5",2013-10-01 00:00:00,,6.0,,,2017-12-21 11:46:54,
165138783981125,5,FRAL4,,"1,2,3,4,5",2013-10-01 00:00:00,,6.0,,,2017-12-21 11:46:54,
165138784981125,5,POTR4,,"1,2,3,4,5",2013-10-01 00:00:00,,6.0,,,2017-12-21 11:46:54,
165138785981125,5,PYCA80,,"1,2,3,4,5",2013-10-01 00:00:00,,6.0,,,2017-12-21 11:46:54,
165138786981125,5,TAMAR2,,"1,2,3,4,5",2013-10-01 00:00:00,,6.0,,,2017-12-21 11:46:54,
165138787981125,5,VEFO,,"1,2,3,4,5",2013-10-01 00:00:00,,6.0,,,2017-12-21 11:46:54,
165138788981125,5,BETH,,"1,2,3,4,5",2013-10-01 00:00:00,,6.0,,,2017-12-21 11:46:54,
165138789981125,5,MABE2,,"1,2,3,4,5",2013-10-01 00:00:00,,6.0,,,2017-12-21 11:46:54,
165138790981125,5,POCU6,,"1,2,3,4,5",2013-10-01 00:00:00,,6.0,,,2017-12-21 11:46:54,
165138791981125,5,SPJA,,"1,2,3,4,5",2013-10-01 00:00:00,,6.0,,,2017-12-21 11:46:54,
165138792981125,5,AKQU,,"1,2,3,4,5",2013-10-01 00:00:00,,6.0,,,2017-12-21 11:46:54,
165138793981125,51,AIAL,,"1,2,3,4,5",2001-01-01 00:00:00,,1.0,,,2017-12-21 11:46:54,2017-12-21 17:44:17
165138794981125,51,ALJU,,"1,2,3,4,5",2001-01-01 00:00:00,,1.0,,,2017-12-21 11:46:54,2017-12-21 17:44:17
165138796981125,51,MEAZ,,"1,2,3,4,5",2001-01-01 00:00:00,,1.0,,,2017-12-21 11:46:54,2017-12-21 17:44:17
165138797981125,51,TRSE6,,"1,2,3,4,5",2001-01-01 00:00:00,,1.0,,,2017-12-21 11:46:54,2017-12-21 17:44:17
165138798981125,51,ELAEA,,"1,2,3,4,5",2001-01-01 00:00:00,,1.0,,,2017-12-21 11:46:54,2017-12-21 17:44:17
165138801981125,51,LIGUS2,,"1,2,3,4,5",2001-01-01 00:00:00,,1.0,,,2017-12-21 11:46:54,2017-12-21 17:44:17
165138802981125,51,LIJA,,"1,2,3,4,5",2001-01-01 00:00:00,,1.0,,,2017-12-21 11:46:54,2017-12-21 17:44:17
165138803981125,51,LONIC,,"1,2,3,4,5",2001-01-01 00:00:00,,1.0,,,2017-12-21 11:46:54,2017-12-21 17:44:17
165138805981125,51,ROSA5,,"1,2,3,4,5",2001-01-01 00:00:00,,1.0,,,2017-12-21 11:46:54,2017-12-21 17:44:17
165138806981125,51,CEOR7,,"1,2,3,4,5",2001-01-01 00:00:00,,1.0,,,2017-12-21 11:46:54,2017-12-21 17:44:17
165138808981125,51,EUFO5,,"1,2,3,4,5",2001-01-01 00:00:00,,1.0,,,2017-12-21 11:46:54,2017-12-21 17:44:17
165138809981125,51,LOJA,,"1,2,3,4,5",2001-01-01 00:00:00,,1.0,,,2017-12-21 11:46:54,2017-12-21 17:44:17
165138810981125,51,PUMOL,,"1,2,3,4,5",2001-01-01 00:00:00,,1.0,,,2017-12-21 11:46:54,2017-12-21 17:44:17
165138812981125,51,WISTE,,"1,2,3,4,5",2001-01-01 00:00:00,,1.0,,,2017-12-21 11:46:54,2017-12-21 17:44:17
165138432981125,21,ELPU2,,"1,2,3,4,5,6,7",2001-01-01 00:00:00,,1.0,,,2017-12-21 11:46:50,2017-12-21 17:44:17
165138433981125,21,LIGUS2,,"1,2,3,4,5,6,7",2001-01-01 00:00:00,,1.0,,,2017-12-21 11:46:50,2017-12-21 17:44:17
165138434981125,21,LIJA,,"1,2,3,4,5,6,7",2001-01-01 00:00:00,,1.0,,,2017-12-21 11:46:50,2017-12-21 17:44:17
165138436981125,21,NADO,,"1,2,3,4,5,6,7",2001-01-01 00:00:00,,1.0,,,2017-12-21 11:46:50,2017-12-21 17:44:17
165138437981125,21,ROSA5,,"1,2,3,4,5,6,7",2001-01-01 00:00:00,,1.0,,,2017-12-21 11:46:50,2017-12-21 17:44:17
165138438981125,21,CEOR7,,"1,2,3,4,5,6,7",2001-01-01 00:00:00,,1.0,,,2017-12-21 11:46:50,2017-12-21 17:44:17
165138440981125,21,EUFO5,,"1,2,3,4,5,6,7",2001-01-01 00:00:00,,1.0,,,2017-12-21 11:46:50,2017-12-21 17:44:17
165138441981125,21,LOJA,,"1,2,3,4,5,6,7",2001-01-01 00:00:00,,1.0,,,2017-12-21 11:46:50,2017-12-21 17:44:17
165138442981125,21,PUMOL,,"1,2,3,4,5,6,7",2001-01-01 00:00:00,,1.0,,,2017-12-21 11:46:50,2017-12-21 17:44:17
165138444981125,21,WISTE,,"1,2,3,4,5,6,7",2001-01-01 00:00:00,,1.0,,,2017-12-21 11:46:50,2017-12-21 17:44:17
165138445981125,21,SCPH,,"1,2,3,4,5,6,7",2001-01-01 00:00:00,,1.0,,,2017-12-21 11:46:50,2017-12-21 17:44:17
165138446981125,21,IMCY,,"1,2,3,4,5,6,7",2001-01-01 00:00:00,,1.0,,,2017-12-21 11:46:50,2017-12-21 17:44:17
165138448981125,21,MISI,,"1,2,3,4,5,6,7",2001-01-01 00:00:00,,1.0,,,2017-12-21 11:46:50,2017-12-21 17:44:17
165138449981125,21,BAMBU,,"1,2,3,4,5,6,7",2001-01-01 00:00:00,,1.0,,,2017-12-21 11:46:50,2017-12-21 17:44:17
165138451981125,21,ALPE4,,"1,2,3,4,5,6,7",2001-01-01 00:00:00,,1.0,,,2017-12-21 11:46:50,2017-12-21 17:44:17
165138452981125,21,LESPE,,"1,2,3,4,5,6,7",2001-01-01 00:00:00,,1.0,,,2017-12-21 11:46:50,2017-12-21 17:44:17
165138453981125,21,LECU,,"1,2,3,4,5,6,7",2001-01-01 00:00:00,,1.0,,,2017-12-21 11:46:50,2017-12-21 17:44:17
165138454981125,21,BRPA4,,"1,2,3,4,5,6,7",2013-10-01 00:00:00,,6.0,,,2017-12-21 11:46:50,
165138455981125,21,FISI2,,"1,2,3,4,5,6,7",2013-10-01 00:00:00,,6.0,,,2017-12-21 11:46:50,
165138456981125,21,FRAL4,,"1,2,3,4,5,6,7",2013-10-01 00:00:00,,6.0,,,2017-12-21 11:46:50,
165138457981125,21,POTR4,,"1,2,3,4,5,6,7",2013-10-01 00:00:00,,6.0,,,2017-12-21 11:46:50,
165138458981125,21,PYCA80,,"1,2,3,4,5,6,7",2013-10-01 00:00:00,,6.0,,,2017-12-21 11:46:50,
165138459981125,21,TAMAR2,,"1,2,3,4,5,6,7",2013-10-01 00:00:00,,6.0,,,2017-12-21 11:46:50,
165138460981125,21,VEFO,,"1,2,3,4,5,6,7",2013-10-01 00:00:00,,6.0,,,2017-12-21 11:46:50,
165138461981125,21,BETH,,"1,2,3,4,5,6,7",2013-10-01 00:00:00,,6.0,,,2017-12-21 11:46:50,
165138462981125,21,MABE2,,"1,2,3,4,5,6,7",2013-10-01 00:00:00,,6.0,,,2017-12-21 11:46:50,
165138463981125,21,POCU6,,"1,2,3,4,5,6,7",2013-10-01 00:00:00,,6.0,,,2017-12-21 11:46:50,
165138464981125,21,SPJA,,"1,2,3,4,5,6,7",2013-10-01 00:00:00,,6.0,,,2017-12-21 11:46:50,
165138465981125,21,AKQU,,"1,2,3,4,5,6,7",2013-10-01 00:00:00,,6.0,,,2017-12-21 11:46:50,
165138467981125,22,ALJU,,"1,2,3,4,5",2001-01-01 00:00:00,,1.0,,,2017-12-21 11:46:50,2017-12-21 17:44:17
165138468981125,22,PATO2,,"1,2,3,4,5",2001-01-01 00:00:00,,1.0,,,2017-12-21 11:46:50,2017-12-21 17:44:17
165138469981125,22,MEAZ,,"1,2,3,4,5",2001-01-01 00:00:00,,1.0,,,2017-12-21 11:46:50,2017-12-21 17:44:17
165138471981125,22,ELAEA,,"1,2,3,4,5",2001-01-01 00:00:00,,1.0,,,2017-12-21 11:46:50,2017-12-21 17:44:17
165138473981125,22,ELPU2,,"1,2,3,4,5",2001-01-01 00:00:00,,1.0,,,2017-12-21 11:46:50,2017-12-21 17:44:17
165138475981125,22,LIJA,,"1,2,3,4,5",2001-01-01 00:00:00,,1.0,,,2017-12-21 11:46:50,2017-12-21 17:44:17
165138476981125,22,LONIC,,"1,2,3,4,5",2001-01-01 00:00:00,,1.0,,,2017-12-21 11:46:50,2017-12-21 17:44:17
165138477981125,22,NADO,,"1,2,3,4,5",2001-01-01 00:00:00,,1.0,,,2017-12-21 11:46:50,2017-12-21 17:44:17
165138479981125,22,CEOR7,,"1,2,3,4,5",2001-01-01 00:00:00,,1.0,,,2017-12-21 11:46:51,2017-12-21 17:44:17
165138813981125,51,SCPH,,"1,2,3,4,5",2001-01-01 00:00:00,,1.0,,,2017-12-21 11:46:54,2017-12-21 17:44:17
165138814981125,51,IMCY,,"1,2,3,4,5",2001-01-01 00:00:00,,1.0,,,2017-12-21 11:46:54,2017-12-21 17:44:17
165138816981125,51,MISI,,"1,2,3,4,5",2001-01-01 00:00:00,,1.0,,,2017-12-21 11:46:54,2017-12-21 17:44:17
165138817981125,51,BAMBU,,"1,2,3,4,5",2001-01-01 00:00:00,,1.0,,,2017-12-21 11:46:54,2017-12-21 17:44:17
165138819981125,51,ALPE4,,"1,2,3,4,5",2001-01-01 00:00:00,,1.0,,,2017-12-21 11:46:54,2017-12-21 17:44:17
165138820981125,51,LESPE,,"1,2,3,4,5",2001-01-01 00:00:00,,1.0,,,2017-12-21 11:46:54,2017-12-21 17:44:17
165138821981125,51,LECU,,"1,2,3,4,5",2001-01-01 00:00:00,,1.0,,,2017-12-21 11:46:54,2017-12-21 17:44:17
165138822981125,51,BRPA4,,"1,2,3,4,5",2013-10-01 00:00:00,,6.0,,,2017-12-21 11:46:54,
165138823981125,51,FISI2,,"1,2,3,4,5",2013-10-01 00:00:00,,6.0,,,2017-12-21 11:46:54,
165138824981125,51,FRAL4,,"1,2,3,4,5",2013-10-01 00:00:00,,6.0,,,2017-12-21 11:46:54,
165138825981125,51,POTR4,,"1,2,3,4,5",2013-10-01 00:00:00,,6.0,,,2017-12-21 11:46:54,
165138826981125,51,PYCA80,,"1,2,3,4,5",2013-10-01 00:00:00,,6.0,,,2017-12-21 11:46:54,
165138827981125,51,TAMAR2,,"1,2,3,4,5",2013-10-01 00:00:00,,6.0,,,2017-12-21 11:46:54,
165138828981125,51,VEFO,,"1,2,3,4,5",2013-10-01 00:00:00,,6.0,,,2017-12-21 11:46:54,
165138829981125,51,BETH,,"1,2,3,4,5",2013-10-01 00:00:00,,6.0,,,2017-12-21 11:46:54,
165138830981125,51,MABE2,,"1,2,3,4,5",2013-10-01 00:00:00,,6.0,,,2017-12-21 11:46:54,
165138831981125,51,POCU6,,"1,2,3,4,5",2013-10-01 00:00:00,,6.0,,,2017-12-21 11:46:54,
165138832981125,51,SPJA,,"1,2,3,4,5",2013-10-01 00:00:00,,6.0,,,2017-12-21 11:46:54,
165138833981125,51,AKQU,,"1,2,3,4,5",2013-10-01 00:00:00,,6.0,,,2017-12-21 11:46:54,
165138835981125,1,EUAL13,,"1,2,3,4,5,6",2001-01-01 00:00:00,,1.0,,,2017-12-21 14:38:33,2017-12-21 17:44:17
165138836981125,5,EUAL13,,"1,2,3,4,5",2001-01-01 00:00:00,,1.0,,,2017-12-21 14:38:33,2017-12-21 17:44:17
165138838981125,13,EUAL13,,"1,2,3,4,5",2001-01-01 00:00:00,,1.0,,,2017-12-21 14:38:33,2017-12-21 17:44:17
165138839981125,21,EUAL13,,"1,2,3,4,5,6,7",2001-01-01 00:00:00,,1.0,,,2017-12-21 14:38:33,2017-12-21 17:44:17
165138840981125,22,EUAL13,,"1,2,3,4,5",2001-01-01 00:00:00,,1.0,,,2017-12-21 14:38:33,2017-12-21 17:44:17
165138842981125,37,EUAL13,,"1,2,3,4",2001-01-01 00:00:00,,1.0,,,2017-12-21 14:38:33,2017-12-21 17:44:17
165138843981125,40,EUAL13,,"1,2,3,4,5,6,7",2001-01-01 00:00:00,,1.0,,,2017-12-21 14:38:34,2017-12-21 17:44:17
165138844981125,45,EUAL13,,"1,2,3",2001-01-01 00:00:00,,1.0,,,2017-12-21 14:38:34,2017-12-21 17:44:17
165138846981125,48,EUAL13,,"1,2,3,4,5,6,7",2001-01-01 00:00:00,,1.0,,,2017-12-21 14:38:34,2017-12-21 17:44:17
165138847981125,51,EUAL13,,"1,2,3,4,5",2001-01-01 00:00:00,,1.0,,,2017-12-21 14:38:34,2017-12-21 17:44:17
165138302981125,1,AIAL,,"1,2,3,4,5,6",2001-01-01 00:00:00,,1.0,,,2017-12-21 11:46:48,2017-12-21 17:44:17
165138303981125,1,ALJU,,"1,2,3,4,5,6",2001-01-01 00:00:00,,1.0,,,2017-12-21 11:46:48,2017-12-21 17:44:17
165138304981125,1,PATO2,,"1,2,3,4,5,6",2001-01-01 00:00:00,,1.0,,,2017-12-21 11:46:48,2017-12-21 17:44:17
165138305981125,1,MEAZ,,"1,2,3,4,5,6",2001-01-01 00:00:00,,1.0,,,2017-12-21 11:46:48,2017-12-21 17:44:17
165138306981125,1,TRSE6,,"1,2,3,4,5,6",2001-01-01 00:00:00,,1.0,,,2017-12-21 11:46:48,2017-12-21 17:44:17
165138307981125,1,ELAEA,,"1,2,3,4,5,6",2001-01-01 00:00:00,,1.0,,,2017-12-21 11:46:48,2017-12-21 17:44:17
165138309981125,1,ELPU2,,"1,2,3,4,5,6",2001-01-01 00:00:00,,1.0,,,2017-12-21 11:46:48,2017-12-21 17:44:17
165138310981125,1,LIGUS2,,"1,2,3,4,5,6",2001-01-01 00:00:00,,1.0,,,2017-12-21 11:46:48,2017-12-21 17:44:17
165138311981125,1,LIJA,,"1,2,3,4,5,6",2001-01-01 00:00:00,,1.0,,,2017-12-21 11:46:48,2017-12-21 17:44:17
165138312981125,1,LONIC,,"1,2,3,4,5,6",2001-01-01 00:00:00,,1.0,,,2017-12-21 11:46:49,2017-12-21 17:44:17
165138313981125,1,NADO,,"1,2,3,4,5,6",2001-01-01 00:00:00,,1.0,,,2017-12-21 11:46:49,2017-12-21 17:44:17
165138314981125,1,ROSA5,,"1,2,3,4,5,6",2001-01-01 00:00:00,,1.0,,,2017-12-21 11:46:49,2017-12-21 17:44:17
165138315981125,1,CEOR7,,"1,2,3,4,5,6",2001-01-01 00:00:00,,1.0,,,2017-12-21 11:46:49,2017-12-21 17:44:17
165138316981125,1,DIOSC,,"1,2,3,4,5,6",2001-01-01 00:00:00,,1.0,,,2017-12-21 11:46:49,2017-12-21 17:44:17
165138317981125,1,EUFO5,,"1,2,3,4,5,6",2001-01-01 00:00:00,,1.0,,,2017-12-21 11:46:49,2017-12-21 17:44:17
165138318981125,1,LOJA,,"1,2,3,4,5,6",2001-01-01 00:00:00,,1.0,,,2017-12-21 11:46:49,2017-12-21 17:44:17
165138319981125,1,PUMOL,,"1,2,3,4,5,6",2001-01-01 00:00:00,,1.0,,,2017-12-21 11:46:49,2017-12-21 17:44:17
165138320981125,1,VINCA,,"1,2,3,4,5,6",2001-01-01 00:00:00,,1.0,,,2017-12-21 11:46:49,2017-12-21 17:44:17
165138321981125,1,WISTE,,"1,2,3,4,5,6",2001-01-01 00:00:00,,1.0,,,2017-12-21 11:46:49,2017-12-21 17:44:17
165138322981125,1,SCPH,,"1,2,3,4,5,6",2001-01-01 00:00:00,,1.0,,,2017-12-21 11:46:49,2017-12-21 17:44:17
165138323981125,1,IMCY,,"1,2,3,4,5,6",2001-01-01 00:00:00,,1.0,,,2017-12-21 11:46:49,2017-12-21 17:44:17
165138324981125,1,MIVI,,"1,2,3,4,5,6",2001-01-01 00:00:00,,1.0,,,2017-12-21 11:46:49,2017-12-21 17:44:17
165138325981125,1,MISI,,"1,2,3,4,5,6",2001-01-01 00:00:00,,1.0,,,2017-12-21 11:46:49,2017-12-21 17:44:17
165138326981125,1,BAMBU,,"1,2,3,4,5,6",2001-01-01 00:00:00,,1.0,,,2017-12-21 11:46:49,2017-12-21 17:44:17
165138327981125,1,LYJA,,"1,2,3,4,5,6",2001-01-01 00:00:00,,1.0,,,2017-12-21 11:46:49,2017-12-21 17:44:17
165138328981125,1,ALPE4,,"1,2,3,4,5,6",2001-01-01 00:00:00,,1.0,,,2017-12-21 11:46:49,2017-12-21 17:44:17
165138329981125,1,LESPE,,"1,2,3,4,5,6",2001-01-01 00:00:00,,1.0,,,2017-12-21 11:46:49,2017-12-21 17:44:17
165138330981125,1,LECU,,"1,2,3,4,5,6",2001-01-01 00:00:00,,1.0,,,2017-12-21 11:46:49,2017-12-21 17:44:17
165138331981125,1,BRPA4,,"1,2,3,4,5,6",2013-10-01 00:00:00,,6.0,,,2017-12-21 11:46:49,
165138332981125,1,FISI2,,"1,2,3,4,5,6",2013-10-01 00:00:00,,6.0,,,2017-12-21 11:46:49,
165138333981125,1,FRAL4,,"1,2,3,4,5,6",2013-10-01 00:00:00,,6.0,,,2017-12-21 11:46:49,
165138334981125,1,POTR4,,"1,2,3,4,5,6",2013-10-01 00:00:00,,6.0,,,2017-12-21 11:46:49,
2113052723732862,56,LYVI3,,,2023-01-01 00:00:00,,9.2,,,2025-07-03 08:15:36,
2113052724732862,56,MYSP2,,,2023-01-01 00:00:00,,9.2,,,2025-07-03 08:15:37,
2113052725732862,56,ONPI,,,2023-01-01 00:00:00,,9.2,,,2025-07-03 08:15:37,
2113052726732862,56,PECI,,,2023-01-01 00:00:00,,9.2,,,2025-07-03 08:15:37,
2113052727732862,56,PEHA,,,2023-01-01 00:00:00,,9.2,,,2025-07-03 08:15:37,
2113052728732862,56,PHAU7,,,2023-01-01 00:00:00,,9.2,,,2025-07-03 08:15:37,
2113052729732862,56,POBU,,,2023-01-01 00:00:00,,9.2,,,2025-07-03 08:15:37,
2113052730732862,56,POCU6,,,2023-01-01 00:00:00,,9.2,,,2025-07-03 08:15:37,
2113052731732862,56,POLYG4,,,2023-01-01 00:00:00,,9.2,,,2025-07-03 08:15:38,
2113052732732862,56,PORE5,,,2023-01-01 00:00:00,,9.2,,,2025-07-03 08:15:38,
2113052733732862,56,POSA4,,,2023-01-01 00:00:00,,9.2,,,2025-07-03 08:15:38,
2113052734732862,56,RAAC3,,,2023-01-01 00:00:00,,9.2,,,2025-07-03 08:15:38,
2113051923732862,16,TAVU,,,2023-01-01 00:00:00,,9.2,,,2025-07-03 07:13:43,
2113051924732862,16,TRAR4,,,2023-01-01 00:00:00,,9.2,,,2025-07-03 07:13:43,
2113051925732862,16,ULPU,,,2023-01-01 00:00:00,,9.2,,,2025-07-03 07:13:43,
2113051926732862,16,VEDU,,,2023-01-01 00:00:00,,9.2,,,2025-07-03 07:13:43,
2113051927732862,16,VERBA,,,2023-01-01 00:00:00,,9.2,,,2025-07-03 07:13:43,
2113051975732862,30,BRTO,,,2023-01-01 00:00:00,,9.2,,,2025-07-03 07:30:14,
2113051976732862,30,BUUM,,,2023-01-01 00:00:00,,9.2,,,2025-07-03 07:30:15,
2113051977732862,30,CARDA2,,,2023-01-01 00:00:00,,9.2,,,2025-07-03 07:30:15,
2113051978732862,30,CARDU,,,2023-01-01 00:00:00,,9.2,,,2025-07-03 07:30:15,
2113051979732862,30,CECA2,,,2023-01-01 00:00:00,,9.2,,,2025-07-03 07:30:15,
2113051980732862,30,CEDE5,,,2023-01-01 00:00:00,,9.2,,,2025-07-03 07:30:15,
2113051981732862,30,CEIB,,,2023-01-01 00:00:00,,9.2,,,2025-07-03 07:30:16,
2113051982732862,30,CEME2,,,2023-01-01 00:00:00,,9.2,,,2025-07-03 07:30:16,
2113051983732862,30,CETE5,,,2023-01-01 00:00:00,,9.2,,,2025-07-03 07:30:16,
2113051984732862,30,CEVIS2,,,2023-01-01 00:00:00,,9.2,,,2025-07-03 07:30:16,
2113051985732862,30,CIIN,,,2023-01-01 00:00:00,,9.2,,,2025-07-03 07:30:16,
2113051986732862,30,CIVU,,,2023-01-01 00:00:00,,9.2,,,2025-07-03 07:30:16,
2113051987732862,30,COMA2,,,2023-01-01 00:00:00,,9.2,,,2025-07-03 07:30:17,
2113051988732862,30,CRVU2,,,2023-01-01 00:00:00,,9.2,,,2025-07-03 07:30:17,
2113051989732862,30,CYDA,,,2023-01-01 00:00:00,,9.2,,,2025-07-03 07:30:17,
2113051990732862,30,CYSC4,,,2023-01-01 00:00:00,,9.2,,,2025-07-03 07:30:17,
2113051991732862,30,ECVU,,,2023-01-01 00:00:00,,9.2,,,2025-07-03 07:30:17,
2113051992732862,30,ELAN,,,2023-01-01 00:00:00,,9.2,,,2025-07-03 07:30:17,
2113051993732862,30,ELRE4,,,2023-01-01 00:00:00,,9.2,,,2025-07-03 07:30:17,
2113051994732862,30,EUMY2,,,2023-01-01 00:00:00,,9.2,,,2025-07-03 07:30:18,
2113051995732862,30,HAGL,,,2023-01-01 00:00:00,,9.2,,,2025-07-03 07:30:18,
2113051996732862,30,HEMA17,,,2023-01-01 00:00:00,,9.2,,,2025-07-03 07:30:18,
2113051997732862,30,HEMA3,,,2023-01-01 00:00:00,,9.2,,,2025-07-03 07:30:19,
2113051998732862,30,HIERA,,,2023-01-01 00:00:00,,9.2,,,2025-07-03 07:30:19,
2113051999732862,30,HYNI,,,2023-01-01 00:00:00,,9.2,,,2025-07-03 07:30:19,
2113052000732862,30,HYVE3,,,2023-01-01 00:00:00,,9.2,,,2025-07-03 07:30:19,
2113052001732862,30,IMCY,,,2023-01-01 00:00:00,,9.2,,,2025-07-03 07:30:19,
2113052002732862,30,LINAR,,,2023-01-01 00:00:00,,9.2,,,2025-07-03 07:30:19,
2113052003732862,30,LYTHR,,,2023-01-01 00:00:00,,9.2,,,2025-07-03 07:30:19,
2113052004732862,30,ONAC,,,2023-01-01 00:00:00,,9.2,,,2025-07-03 07:30:20,
2113052005732862,30,ONPI,,,2023-01-01 00:00:00,,9.2,,,2025-07-03 07:30:20,
2113052006732862,30,PECI,,,2023-01-01 00:00:00,,9.2,,,2025-07-03 07:30:20,
2113052007732862,30,PEHA,,,2023-01-01 00:00:00,,9.2,,,2025-07-03 07:30:20,
2113052008732862,30,PHAU7,,,2023-01-01 00:00:00,,9.2,,,2025-07-03 07:30:20,
2113052009732862,30,POBU,,,2023-01-01 00:00:00,,9.2,,,2025-07-03 07:30:20,
2113052010732862,30,POCU6,,,2023-01-01 00:00:00,,9.2,,,2025-07-03 07:30:21,
2113052011732862,30,POLYG4,,,2023-01-01 00:00:00,,9.2,,,2025-07-03 07:30:21,
2113052012732862,30,POSA4,,,2023-01-01 00:00:00,,9.2,,,2025-07-03 07:30:21,
2113052013732862,30,RUAR9,,,2023-01-01 00:00:00,,9.2,,,2025-07-03 07:30:21,
2113052014732862,30,SAAE,,,2023-01-01 00:00:00,,9.2,,,2025-07-03 07:30:22,
2113052015732862,30,SALSO,,,2023-01-01 00:00:00,,9.2,,,2025-07-03 07:30:22,
2113052016732862,30,SOHA,,,2023-01-01 00:00:00,,9.2,,,2025-07-03 07:30:22,
2113052017732862,30,SONCH,,,2023-01-01 00:00:00,,9.2,,,2025-07-03 07:30:22,
2113052018732862,30,TACA8,,,2023-01-01 00:00:00,,9.2,,,2025-07-03 07:30:22,
2113052019732862,30,TRAR4,,,2023-01-01 00:00:00,,9.2,,,2025-07-03 07:30:22,
2113052020732862,30,TRTE,,,2023-01-01 00:00:00,,9.2,,,2025-07-03 07:30:23,
2113052021732862,30,ULPU,,,2023-01-01 00:00:00,,9.2,,,2025-07-03 07:30:23,
2113052022732862,30,VEDU,,,2023-01-01 00:00:00,,9.2,,,2025-07-03 07:30:23,
2113052023732862,30,VERBA,,,2023-01-01 00:00:00,,9.2,,,2025-07-03 07:30:23,
2113052024732862,30,ZYFA,,,2023-01-01 00:00:00,,9.2,,,2025-07-03 07:30:23,
2113051956732862,30,AECY,,,2023-01-01 00:00:00,,9.2,,,2025-07-03 07:30:12,
2113051957732862,30,AIAL,,,2023-01-01 00:00:00,,9.2,,,2025-07-03 07:30:12,
2113051958732862,30,ALMA12,,,2023-01-01 00:00:00,,9.2,,,2025-07-03 07:30:12,
2113051959732862,30,ALPE4,,,2023-01-01 00:00:00,,9.2,,,2025-07-03 07:30:12,
2113051960732862,30,ANOF,,,2023-01-01 00:00:00,,9.2,,,2025-07-03 07:30:12,
2113051961732862,30,ANTHE,,,2023-01-01 00:00:00,,9.2,,,2025-07-03 07:30:12,
2113051962732862,30,ARAB3,,,2023-01-01 00:00:00,,9.2,,,2025-07-03 07:30:13,
2113051963732862,30,ARDO4,,,2023-01-01 00:00:00,,9.2,,,2025-07-03 07:30:13,
2113051964732862,30,ARMI2,,,2023-01-01 00:00:00,,9.2,,,2025-07-03 07:30:13,
2113051965732862,30,BASC5,,,2023-01-01 00:00:00,,9.2,,,2025-07-03 07:30:13,
2113051966732862,30,BEIN2,,,2023-01-01 00:00:00,,9.2,,,2025-07-03 07:30:13,
2113051967732862,30,BOBL,,,2023-01-01 00:00:00,,9.2,,,2025-07-03 07:30:13,
2113051968732862,30,BOIS,,,2023-01-01 00:00:00,,9.2,,,2025-07-03 07:30:13,
2113051969732862,30,BRAL4,,,2023-01-01 00:00:00,,9.2,,,2025-07-03 07:30:14,
2113051970732862,30,BRAR5,,,2023-01-01 00:00:00,,9.2,,,2025-07-03 07:30:14,
2113051971732862,30,BRDI3,,,2023-01-01 00:00:00,,9.2,,,2025-07-03 07:30:14,
2113051972732862,30,BRIN2,,,2023-01-01 00:00:00,,9.2,,,2025-07-03 07:30:14,
2113051973732862,30,BRRU2,,,2023-01-01 00:00:00,,9.2,,,2025-07-03 07:30:14,
2113051974732862,30,BRTE,,,2023-01-01 00:00:00,,9.2,,,2025-07-03 07:30:14,
2113052038732862,32,AECY,,,2023-01-01 00:00:00,,9.2,,,2025-07-03 07:37:59,
2113052039732862,32,AIAL,,,2023-01-01 00:00:00,,9.2,,,2025-07-03 07:37:59,
2113052040732862,32,ALPE4,,,2023-01-01 00:00:00,,9.2,,,2025-07-03 07:37:59,
2113052041732862,32,ANOF,,,2023-01-01 00:00:00,,9.2,,,2025-07-03 07:37:59,
2113052042732862,32,ANTHE,,,2023-01-01 00:00:00,,9.2,,,2025-07-03 07:37:59,
2113052043732862,32,ARAB3,,,2023-01-01 00:00:00,,9.2,,,2025-07-03 07:38:00,
2113052044732862,32,ARDO4,,,2023-01-01 00:00:00,,9.2,,,2025-07-03 07:38:00,
2113052045732862,32,ARMI2,,,2023-01-01 00:00:00,,9.2,,,2025-07-03 07:38:00,
2113052046732862,32,BASC5,,,2023-01-01 00:00:00,,9.2,,,2025-07-03 07:38:00,
2113052047732862,32,BEIN2,,,2023-01-01 00:00:00,,9.2,,,2025-07-03 07:38:01,
2113052048732862,32,BOBL,,,2023-01-01 00:00:00,,9.2,,,2025-07-03 07:38:01,
2113052049732862,32,BOIS,,,2023-01-01 00:00:00,,9.2,,,2025-07-03 07:38:01,
2113052050732862,32,BRAL4,,,2023-01-01 00:00:00,,9.2,,,2025-07-03 07:38:01,
2113052051732862,32,BRAR5,,,2023-01-01 00:00:00,,9.2,,,2025-07-03 07:38:01,
2113052052732862,32,BRDI3,,,2023-01-01 00:00:00,,9.2,,,2025-07-03 07:38:02,
2113052053732862,32,BRIN2,,,2023-01-01 00:00:00,,9.2,,,2025-07-03 07:38:02,
2113052054732862,32,BRRU2,,,2023-01-01 00:00:00,,9.2,,,2025-07-03 07:38:02,
2113052055732862,32,BRTE,,,2023-01-01 00:00:00,,9.2,,,2025-07-03 07:38:02,
2113052056732862,32,BRTO,,,2023-01-01 00:00:00,,9.2,,,2025-07-03 07:38:02,
2113052057732862,32,BUUM,,,2023-01-01 00:00:00,,9.2,,,2025-07-03 07:38:02,
2113052058732862,32,CARDA2,,,2023-01-01 00:00:00,,9.2,,,2025-07-03 07:38:02,
2113052059732862,32,CARDU,,,2023-01-01 00:00:00,,9.2,,,2025-07-03 07:38:03,
2113052060732862,32,CEDE5,,,2023-01-01 00:00:00,,9.2,,,2025-07-03 07:38:03,
2113052061732862,32,CETE5,,,2023-01-01 00:00:00,,9.2,,,2025-07-03 07:38:03,
2113052062732862,32,CIIN,,,2023-01-01 00:00:00,,9.2,,,2025-07-03 07:38:03,
2113052063732862,32,CIVU,,,2023-01-01 00:00:00,,9.2,,,2025-07-03 07:38:03,
2113052064732862,32,COAR4,,,2023-01-01 00:00:00,,9.2,,,2025-07-03 07:38:04,
2113052065732862,32,CYDA,,,2023-01-01 00:00:00,,9.2,,,2025-07-03 07:38:04,
2113052066732862,32,CYSC4,,,2023-01-01 00:00:00,,9.2,,,2025-07-03 07:38:04,
2113052067732862,32,ECVU,,,2023-01-01 00:00:00,,9.2,,,2025-07-03 07:38:04,
2113052068732862,32,ELAN,,,2023-01-01 00:00:00,,9.2,,,2025-07-03 07:38:05,
2113052069732862,32,ELRE4,,,2023-01-01 00:00:00,,9.2,,,2025-07-03 07:38:05,
2113052070732862,32,EUMY2,,,2023-01-01 00:00:00,,9.2,,,2025-07-03 07:38:05,
2113052071732862,32,HAGL,,,2023-01-01 00:00:00,,9.2,,,2025-07-03 07:38:05,
2113052072732862,32,HEMA17,,,2023-01-01 00:00:00,,9.2,,,2025-07-03 07:38:05,
2113052073732862,32,HEMA3,,,2023-01-01 00:00:00,,9.2,,,2025-07-03 07:38:05,
2113052074732862,32,HIAU,,,2023-01-01 00:00:00,,9.2,,,2025-07-03 07:38:05,
2113052075732862,32,HICA10,,,2023-01-01 00:00:00,,9.2,,,2025-07-03 07:38:06,
2113052076732862,32,HIERA,,,2023-01-01 00:00:00,,9.2,,,2025-07-03 07:38:06,
2113052077732862,32,HIPI2,,,2023-01-01 00:00:00,,9.2,,,2025-07-03 07:38:06,
2113052078732862,32,IMCY,,,2023-01-01 00:00:00,,9.2,,,2025-07-03 07:38:06,
2113052079732862,32,IRPS,,,2023-01-01 00:00:00,,9.2,,,2025-07-03 07:38:06,
2113052080732862,32,LEVU,,,2023-01-01 00:00:00,,9.2,,,2025-07-03 07:38:06,
2113052081732862,32,LINAR,,,2023-01-01 00:00:00,,9.2,,,2025-07-03 07:38:07,
2113052082732862,32,LYTHR,,,2023-01-01 00:00:00,,9.2,,,2025-07-03 07:38:07,
2113052083732862,32,ONPI,,,2023-01-01 00:00:00,,9.2,,,2025-07-03 07:38:07,
2113052084732862,32,PECI,,,2023-01-01 00:00:00,,9.2,,,2025-07-03 07:38:07,
2113052085732862,32,PHAU7,,,2023-01-01 00:00:00,,9.2,,,2025-07-03 07:38:07,
2113052086732862,32,POBU,,,2023-01-01 00:00:00,,9.2,,,2025-07-03 07:38:07,
2113052087732862,32,POCU6,,,2023-01-01 00:00:00,,9.2,,,2025-07-03 07:38:07,
2113052088732862,32,POLYG4,,,2023-01-01 00:00:00,,9.2,,,2025-07-03 07:38:08,
2113052089732862,32,POSA4,,,2023-01-01 00:00:00,,9.2,,,2025-07-03 07:38:08,
2113052090732862,32,RAAC3,,,2023-01-01 00:00:00,,9.2,,,2025-07-03 07:38:08,
2113052091732862,32,RUAR9,,,2023-01-01 00:00:00,,9.2,,,2025-07-03 07:38:08,
2113052092732862,32,SALSO,,,2023-01-01 00:00:00,,9.2,,,2025-07-03 07:38:08,
2113052093732862,32,SEJA,,,2023-01-01 00:00:00,,9.2,,,2025-07-03 07:38:09,
2113052094732862,32,SONCH,,,2023-01-01 00:00:00,,9.2,,,2025-07-03 07:38:09,
2113052095732862,32,TAMAR2,,,2023-01-01 00:00:00,,9.2,,,2025-07-03 07:38:09,
2113052096732862,32,TAVU,,,2023-01-01 00:00:00,,9.2,,,2025-07-03 07:38:09,
2113052097732862,32,TRAR4,,,2023-01-01 00:00:00,,9.2,,,2025-07-03 07:38:09,
2113052098732862,32,ULPU,,,2023-01-01 00:00:00,,9.2,,,2025-07-03 07:38:09,
2113052099732862,32,VEDU,,,2023-01-01 00:00:00,,9.2,,,2025-07-03 07:38:10,
2113052100732862,32,VERBA,,,2023-01-01 00:00:00,,9.2,,,2025-07-03 07:38:10,
2113052101732862,32,ZYFA,,,2023-01-01 00:00:00,,9.2,,,2025-07-03 07:38:10,
2113052588732862,35,TRAR4,,,2023-01-01 00:00:00,,9.2,,,2025-07-03 08:00:22,
2113052589732862,35,TRTE,,,2023-01-01 00:00:00,,9.2,,,2025-07-03 08:00:22,
2113052590732862,35,VEDU,,,2023-01-01 00:00:00,,9.2,,,2025-07-03 08:00:22,
2113052591732862,35,VERBA,,,2023-01-01 00:00:00,,9.2,,,2025-07-03 08:00:22,
2113052592732862,35,ZYFA,,,2023-01-01 00:00:00,,9.2,,,2025-07-03 08:00:22,
2113052524732862,35,AIAL,,,2023-01-01 00:00:00,,9.2,,,2025-07-03 08:00:12,
2113052525732862,35,ALPE4,,,2023-01-01 00:00:00,,9.2,,,2025-07-03 08:00:12,
2113052526732862,35,ANOF,,,2023-01-01 00:00:00,,9.2,,,2025-07-03 08:00:12,
2113052527732862,35,ANTHE,,,2023-01-01 00:00:00,,9.2,,,2025-07-03 08:00:12,
2113052528732862,35,ARAB3,,,2023-01-01 00:00:00,,9.2,,,2025-07-03 08:00:12,
2113052529732862,35,ARDO4,,,2023-01-01 00:00:00,,9.2,,,2025-07-03 08:00:12,
2113052530732862,35,ARMI2,,,2023-01-01 00:00:00,,9.2,,,2025-07-03 08:00:12,
2113052531732862,35,BASC5,,,2023-01-01 00:00:00,,9.2,,,2025-07-03 08:00:13,
2113052532732862,35,BEIN2,,,2023-01-01 00:00:00,,9.2,,,2025-07-03 08:00:13,
2113052533732862,35,BOBL,,,2023-01-01 00:00:00,,9.2,,,2025-07-03 08:00:13,
2113052534732862,35,BOIS,,,2023-01-01 00:00:00,,9.2,,,2025-07-03 08:00:13,
2113052535732862,35,BRAL4,,,2023-01-01 00:00:00,,9.2,,,2025-07-03 08:00:13,
2113052536732862,35,BRAR5,,,2023-01-01 00:00:00,,9.2,,,2025-07-03 08:00:13,
2113052537732862,35,BRDI3,,,2023-01-01 00:00:00,,9.2,,,2025-07-03 08:00:14,
2113052538732862,35,BRIN2,,,2023-01-01 00:00:00,,9.2,,,2025-07-03 08:00:14,
2113052539732862,35,BRRU2,,,2023-01-01 00:00:00,,9.2,,,2025-07-03 08:00:14,
2113052540732862,35,BRTE,,,2023-01-01 00:00:00,,9.2,,,2025-07-03 08:00:14,
2113052541732862,35,BRTO,,,2023-01-01 00:00:00,,9.2,,,2025-07-03 08:00:14,
2113052542732862,35,BUUM,,,2023-01-01 00:00:00,,9.2,,,2025-07-03 08:00:14,
2113052543732862,35,CARDA2,,,2023-01-01 00:00:00,,9.2,,,2025-07-03 08:00:14,
2113052544732862,35,CARDU,,,2023-01-01 00:00:00,,9.2,,,2025-07-03 08:00:15,
2113052545732862,35,CEDE5,,,2023-01-01 00:00:00,,9.2,,,2025-07-03 08:00:15,
2113052546732862,35,CEIB,,,2023-01-01 00:00:00,,9.2,,,2025-07-03 08:00:15,
2113052547732862,35,CETE5,,,2023-01-01 00:00:00,,9.2,,,2025-07-03 08:00:15,
2113052548732862,35,CEVIS2,,,2023-01-01 00:00:00,,9.2,,,2025-07-03 08:00:15,
2113052549732862,35,CHJU,,,2023-01-01 00:00:00,,9.2,,,2025-07-03 08:00:15,
2113052550732862,35,CIIN,,,2023-01-01 00:00:00,,9.2,,,2025-07-03 08:00:16,
2113052551732862,35,CRVU2,,,2023-01-01 00:00:00,,9.2,,,2025-07-03 08:00:16,
2113052552732862,35,CYDA,,,2023-01-01 00:00:00,,9.2,,,2025-07-03 08:00:16,
2113052553732862,35,CYOF,,,2023-01-01 00:00:00,,9.2,,,2025-07-03 08:00:16,
2113052554732862,35,CYSC4,,,2023-01-01 00:00:00,,9.2,,,2025-07-03 08:00:16,
2113052555732862,35,ECVU,,,2023-01-01 00:00:00,,9.2,,,2025-07-03 08:00:16,
2113052556732862,35,ELRE4,,,2023-01-01 00:00:00,,9.2,,,2025-07-03 08:00:16,
2113052557732862,35,EUMY2,,,2023-01-01 00:00:00,,9.2,,,2025-07-03 08:00:17,
2113052558732862,35,HEMA17,,,2023-01-01 00:00:00,,9.2,,,2025-07-03 08:00:17,
2113052559732862,35,HEMA3,,,2023-01-01 00:00:00,,9.2,,,2025-07-03 08:00:17,
2113052560732862,35,HIAU,,,2023-01-01 00:00:00,,9.2,,,2025-07-03 08:00:17,
2113052561732862,35,HICA10,,,2023-01-01 00:00:00,,9.2,,,2025-07-03 08:00:17,
2113052562732862,35,HIERA,,,2023-01-01 00:00:00,,9.2,,,2025-07-03 08:00:17,
2113052563732862,35,HIPI2,,,2023-01-01 00:00:00,,9.2,,,2025-07-03 08:00:17,
2113052564732862,35,HYPE,,,2023-01-01 00:00:00,,9.2,,,2025-07-03 08:00:18,
2113052565732862,35,IMCY,,,2023-01-01 00:00:00,,9.2,,,2025-07-03 08:00:18,
2113052566732862,35,IRPS,,,2023-01-01 00:00:00,,9.2,,,2025-07-03 08:00:18,
2113052567732862,35,LEVU,,,2023-01-01 00:00:00,,9.2,,,2025-07-03 08:00:18,
2113052568732862,35,LINAR,,,2023-01-01 00:00:00,,9.2,,,2025-07-03 08:00:18,
2113052569732862,35,LYTHR,,,2023-01-01 00:00:00,,9.2,,,2025-07-03 08:00:18,
2113052570732862,35,LYVI3,,,2023-01-01 00:00:00,,9.2,,,2025-07-03 08:00:19,
2113052571732862,35,ONPI,,,2023-01-01 00:00:00,,9.2,,,2025-07-03 08:00:19,
2113052572732862,35,PECI,,,2023-01-01 00:00:00,,9.2,,,2025-07-03 08:00:19,
2113052573732862,35,PHAU7,,,2023-01-01 00:00:00,,9.2,,,2025-07-03 08:00:19,
165138579981125,37,FRAL4,,"1,2,3,4",2013-10-01 00:00:00,,6.0,,,2017-12-21 11:46:51,
165138580981125,37,POTR4,,"1,2,3,4",2013-10-01 00:00:00,,6.0,,,2017-12-21 11:46:51,
165138581981125,37,PYCA80,,"1,2,3,4",2013-10-01 00:00:00,,6.0,,,2017-12-21 11:46:51,
165138582981125,37,TAMAR2,,"1,2,3,4",2013-10-01 00:00:00,,6.0,,,2017-12-21 11:46:52,
165138583981125,37,VEFO,,"1,2,3,4",2013-10-01 00:00:00,,6.0,,,2017-12-21 11:46:52,
165138584981125,37,BETH,,"1,2,3,4",2013-10-01 00:00:00,,6.0,,,2017-12-21 11:46:52,
165138480981125,22,DIOSC,,"1,2,3,4,5",2001-01-01 00:00:00,,1.0,,,2017-12-21 11:46:51,2017-12-21 17:44:17
165138481981125,22,EUFO5,,"1,2,3,4,5",2001-01-01 00:00:00,,1.0,,,2017-12-21 11:46:51,2017-12-21 17:44:17
165138483981125,22,PUMOL,,"1,2,3,4,5",2001-01-01 00:00:00,,1.0,,,2017-12-21 11:46:51,2017-12-21 17:44:17
165138872981125,48,PHFR9,,"3,4,5,6,7",2013-10-01 00:00:00,,6.0,,,2017-12-21 15:04:29,
165138873981125,48,CYFA2,,"3,4,5,6,7",2013-10-01 00:00:00,,6.0,,,2017-12-21 15:04:29,
165138874981125,48,PHSE17,,"3,4,5,6,7",2013-10-01 00:00:00,,6.0,,,2017-12-21 15:04:29,
165138875981125,48,PICH4,,"3,4,5,6,7",2013-10-01 00:00:00,,6.0,,,2017-12-21 15:04:29,
165138876981125,48,BASC5,,"3,4,5,6,7",2013-10-01 00:00:00,,6.0,,,2017-12-21 15:04:29,
165138877981125,48,PYCO2,,"3,4,5,6,7",2013-10-01 00:00:00,,6.0,,,2017-12-21 15:04:29,
165146732981125,1,HEDER,,"1,2,3,4,5,6",2013-10-01 00:00:00,,6.0,,,2017-12-21 16:25:08,
165146733981125,5,HEDER,,"1,2,3,4,5",2013-10-01 00:00:00,,6.0,,,2017-12-21 16:25:08,
165146734981125,12,HEDER,,"1,2,3,4",2013-10-01 00:00:00,,6.0,,,2017-12-21 16:25:08,
165146735981125,13,HEDER,,"1,2,3,4,5",2013-10-01 00:00:00,,6.0,,,2017-12-21 16:25:08,
165146736981125,21,HEDER,,"1,2,3,4,5,6,7",2013-10-01 00:00:00,,6.0,,,2017-12-21 16:25:08,
165146737981125,22,HEDER,,"1,2,3,4,5",2013-10-01 00:00:00,,6.0,,,2017-12-21 16:25:08,
165146738981125,28,HEDER,,"1,2,3,4,5",2013-10-01 00:00:00,,6.0,,,2017-12-21 16:25:08,
165146739981125,37,HEDER,,"1,2,3,4",2013-10-01 00:00:00,,6.0,,,2017-12-21 16:25:08,
165146740981125,40,HEDER,,"1,2,3,4,5,6,7",2013-10-01 00:00:00,,6.0,,,2017-12-21 16:25:08,
165146741981125,45,HEDER,,"1,2,3",2013-10-01 00:00:00,,6.0,,,2017-12-21 16:25:08,
165146742981125,47,HEDER,,"1,2,3,4,5",2013-10-01 00:00:00,,6.0,,,2017-12-21 16:25:08,
165146743981125,48,HEDER,,"1,2,3,4,5,6,7",2013-10-01 00:00:00,,6.0,,,2017-12-21 16:25:08,
165146744981125,51,HEDER,,"1,2,3,4,5",2013-10-01 00:00:00,,6.0,,,2017-12-21 16:25:08,
165138570981125,37,MIVI,,"1,2,3,4",2001-01-01 00:00:00,,1.0,,,2017-12-21 11:46:51,2017-12-21 17:44:17
165138573981125,37,LYJA,,"1,2,3,4",2001-01-01 00:00:00,,1.0,,,2017-12-21 11:46:51,2017-12-21 17:44:17
165138589981125,40,AIAL,,"1,2,3,4,5,6,7",2001-01-01 00:00:00,,1.0,,,2017-12-21 11:46:52,2017-12-21 17:44:17
165138593981125,40,TRSE6,,"1,2,3,4,5,6,7",2001-01-01 00:00:00,,1.0,,,2017-12-21 11:46:52,2017-12-21 17:44:17
165138597981125,40,LIGUS2,,"1,2,3,4,5,6,7",2001-01-01 00:00:00,,1.0,,,2017-12-21 11:46:52,2017-12-21 17:44:17
165138601981125,40,ROSA5,,"1,2,3,4,5,6,7",2001-01-01 00:00:00,,1.0,,,2017-12-21 11:46:52,2017-12-21 17:44:17
165138605981125,40,LOJA,,"1,2,3,4,5,6,7",2001-01-01 00:00:00,,1.0,,,2017-12-21 11:46:52,2017-12-21 17:44:17
165138609981125,40,SCPH,,"1,2,3,4,5,6,7",2001-01-01 00:00:00,,1.0,,,2017-12-21 11:46:52,2017-12-21 17:44:17
165138612981125,40,MISI,,"1,2,3,4,5,6,7",2001-01-01 00:00:00,,1.0,,,2017-12-21 11:46:52,2017-12-21 17:44:17
165138616981125,40,LESPE,,"1,2,3,4,5,6,7",2001-01-01 00:00:00,,1.0,,,2017-12-21 11:46:52,2017-12-21 17:44:17
165138632981125,45,PATO2,,"1,2,3",2001-01-01 00:00:00,,1.0,,,2017-12-21 11:46:52,2017-12-21 17:44:17
165138635981125,45,ELAEA,,"1,2,3",2001-01-01 00:00:00,,1.0,,,2017-12-21 11:46:52,2017-12-21 17:44:17
165138640981125,45,LONIC,,"1,2,3",2001-01-01 00:00:00,,1.0,,,2017-12-21 11:46:52,2017-12-21 17:44:17
165138643981125,45,CEOR7,,"1,2,3",2001-01-01 00:00:00,,1.0,,,2017-12-21 11:46:52,2017-12-21 17:44:17
165138647981125,45,PUMOL,,"1,2,3",2001-01-01 00:00:00,,1.0,,,2017-12-21 11:46:52,2017-12-21 17:44:17
165138650981125,45,SCPH,,"1,2,3",2001-01-01 00:00:00,,1.0,,,2017-12-21 11:46:52,2017-12-21 17:44:17
165138654981125,45,BAMBU,,"1,2,3",2001-01-01 00:00:00,,1.0,,,2017-12-21 11:46:52,2017-12-21 17:44:17
165138657981125,45,LESPE,,"1,2,3",2001-01-01 00:00:00,,1.0,,,2017-12-21 11:46:52,2017-12-21 17:44:17
165138757981125,5,ELAEA,,"1,2,3,4,5",2001-01-01 00:00:00,,1.0,,,2017-12-21 11:46:53,2017-12-21 17:44:17
215428556732862,69,PAEL6,,,2019-10-01 00:00:00,,8.0,,Paraderris eliptica; old symbol DEEL3,2019-10-25 00:00:00,
213547263991109,1,SCAR7,,"1,2,3,4,5,6",2019-10-01 00:00:00,,8.0,,Old symbol SCPH,2019-10-11 00:00:00,
213547264991109,5,SCAR7,,"1,2,3,4,5",2019-10-01 00:00:00,,8.0,,Old symbol SCPH,2019-10-11 00:00:00,
213547265991109,12,SCAR7,,"1,2,3,4",2019-10-01 00:00:00,,8.0,,Old symbol SCPH,2019-10-11 00:00:00,
213547266991109,13,SCAR7,,"1,2,3,4,5",2019-10-01 00:00:00,,8.0,,Old symbol SCPH,2019-10-11 00:00:00,
213547267991109,21,SCAR7,,"1,2,3,4,5,6,7",2019-10-01 00:00:00,,8.0,,Old symbol SCPH,2019-10-11 00:00:00,
213547268991109,22,SCAR7,,"1,2,3,4,5",2019-10-01 00:00:00,,8.0,,Old symbol SCPH,2019-10-11 00:00:00,
213547269991109,28,SCAR7,,"1,2,3,4,5",2019-10-01 00:00:00,,8.0,,Old symbol SCPH,2019-10-11 00:00:00,
213547270991109,37,SCAR7,,"1,2,3,4",2019-10-01 00:00:00,,8.0,,Old symbol SCPH,2019-10-11 00:00:00,
213547271991109,40,SCAR7,,"1,2,3,4,5,6,7",2019-10-01 00:00:00,,8.0,,Old symbol SCPH,2019-10-11 00:00:00,
213547272991109,45,SCAR7,,"1,2,3",2019-10-01 00:00:00,,8.0,,Old symbol SCPH,2019-10-11 00:00:00,
213547273991109,47,SCAR7,,"1,2,3,4,5",2019-10-01 00:00:00,,8.0,,Old symbol SCPH,2019-10-11 00:00:00,
213547274991109,48,SCAR7,,"1,2,3,4,5,6,7",2019-10-01 00:00:00,,8.0,,Old symbol SCPH,2019-10-11 00:00:00,
213547275991109,51,SCAR7,,"1,2,3,4,5",2019-10-01 00:00:00,,8.0,,Old symbol SCPH,2019-10-11 00:00:00,
2113051257732862,4,POCU6,,,2023-01-01 00:00:00,,9.2,,,2025-07-02 10:24:30,
2113051258732862,4,PORE5,,,2023-01-01 00:00:00,,9.2,,,2025-07-02 10:24:30,
2113051259732862,4,POSA4,,,2023-01-01 00:00:00,,9.2,,,2025-07-02 10:24:30,
2113051260732862,4,RUAR9,,,2023-01-01 00:00:00,,9.2,,,2025-07-02 10:24:30,
2113051261732862,4,TACA8,,,2023-01-01 00:00:00,,9.2,,,2025-07-02 10:24:31,
2113051262732862,4,TAMAR2,,,2023-01-01 00:00:00,,9.2,,,2025-07-02 10:24:31,
2113051263732862,4,TAVU,,,2023-01-01 00:00:00,,9.2,,,2025-07-02 10:24:31,
2113051264732862,4,ULPU,,,2023-01-01 00:00:00,,9.2,,,2025-07-02 10:24:31,
2113028772732862,4,ANTHE,,,2023-01-01 00:00:00,,9.2,,,2025-06-30 07:14:24,
2113028773732862,4,ARAB3,,,2023-01-01 00:00:00,,9.2,,,2025-06-30 07:14:24,
2113028774732862,4,ARMI2,,,2023-01-01 00:00:00,,9.2,,,2025-06-30 07:14:24,
2113028775732862,4,BEIN2,,,2023-01-01 00:00:00,,9.2,,,2025-06-30 07:14:25,
2113028776732862,4,BOIS,,,2023-01-01 00:00:00,,9.2,,,2025-06-30 07:14:25,
2113028777732862,4,BRAL4,,,2023-01-01 00:00:00,,9.2,,,2025-06-30 07:14:26,
2113028778732862,4,BRAR5,,,2023-01-01 00:00:00,,9.2,,,2025-06-30 07:14:26,
2113028779732862,4,BRDI3,,,2023-01-01 00:00:00,,9.2,,,2025-06-30 07:14:26,
2113028780732862,4,BRRU2,,,2023-01-01 00:00:00,,9.2,,,2025-06-30 07:14:26,
2113028781732862,4,BRTO,,,2023-01-01 00:00:00,,9.2,,,2025-06-30 07:14:26,
2113028782732862,4,BUUM,,,2023-01-01 00:00:00,,9.2,,,2025-06-30 07:14:27,
2113028783732862,4,CARDA2,,,2023-01-01 00:00:00,,9.2,,,2025-06-30 07:14:27,
2113028784732862,4,CARDU,,,2023-01-01 00:00:00,,9.2,,,2025-06-30 07:14:27,
2113028785732862,4,CEDE5,,,2023-01-01 00:00:00,,9.2,,,2025-06-30 07:14:27,
2113028786732862,4,CETE5,,,2023-01-01 00:00:00,,9.2,,,2025-06-30 07:14:28,
2113028787732862,4,CIIN,,,2023-01-01 00:00:00,,9.2,,,2025-06-30 07:14:28,
2113028788732862,4,COMA2,,,2023-01-01 00:00:00,,9.2,,,2025-06-30 07:14:28,
2113028789732862,4,CRVU2,,,2023-01-01 00:00:00,,9.2,,,2025-06-30 07:14:28,
2113028790732862,4,CYDA,,,2023-01-01 00:00:00,,9.2,,,2025-06-30 07:14:29,
2113028791732862,4,ECVU,,,2023-01-01 00:00:00,,9.2,,,2025-06-30 07:14:29,
2113028792732862,4,EUMY2,,,2023-01-01 00:00:00,,9.2,,,2025-06-30 07:14:29,
2113028793732862,4,HIERA,,,2023-01-01 00:00:00,,9.2,,,2025-06-30 07:14:29,
2113028794732862,4,HIPI2,,,2023-01-01 00:00:00,,9.2,,,2025-06-30 07:14:29,
2113028795732862,4,HYNI,,,2023-01-01 00:00:00,,9.2,,,2025-06-30 07:14:29,
2113028796732862,4,IRPS,,,2023-01-01 00:00:00,,9.2,,,2025-06-30 07:14:30,
2113028797732862,4,LINAR,,,2023-01-01 00:00:00,,9.2,,,2025-06-30 07:14:30,
2113028798732862,4,LYTHR,,,2023-01-01 00:00:00,,9.2,,,2025-06-30 07:14:30,
2113028799732862,4,MYSP2,,,2023-01-01 00:00:00,,9.2,,,2025-06-30 07:14:30,
2113028800732862,4,ONPI,,,2023-01-01 00:00:00,,9.2,,,2025-06-30 07:14:30,
2113028801732862,4,POLYG4,,,2023-01-01 00:00:00,,9.2,,,2025-06-30 07:14:30,
2113028802732862,4,RAAC3,,,2023-01-01 00:00:00,,9.2,,,2025-06-30 07:14:30,
2113028803732862,4,SAAE,,,2023-01-01 00:00:00,,9.2,,,2025-06-30 07:14:31,
2113028804732862,4,SALSO,,,2023-01-01 00:00:00,,9.2,,,2025-06-30 07:14:31,
2113028805732862,4,SOHA,,,2023-01-01 00:00:00,,9.2,,,2025-06-30 07:14:31,
2113028806732862,4,SONCH,,,2023-01-01 00:00:00,,9.2,,,2025-06-30 07:14:31,
2113028807732862,4,TRAR4,,,2023-01-01 00:00:00,,9.2,,,2025-06-30 07:14:31,
2113028808732862,4,VEDU,,,2023-01-01 00:00:00,,9.2,,,2025-06-30 07:14:31,
2113028809732862,4,VERBA,,,2023-01-01 00:00:00,,9.2,,,2025-06-30 07:14:32,
2113028810732862,4,ZYFA,,,2023-01-01 00:00:00,,9.2,,,2025-06-30 07:14:32,
2113028272732862,4,ANOF,,,2023-01-01 00:00:00,,9.2,,,2025-06-27 09:56:03,
2113051233732862,4,AIAL,,,2023-01-01 00:00:00,,9.2,,,2025-07-02 10:24:24,
2113051234732862,4,ALPE4,,,2023-01-01 00:00:00,,9.2,,,2025-07-02 10:24:25,
2113051235732862,4,ARDO4,,,2023-01-01 00:00:00,,9.2,,,2025-07-02 10:24:25,
2113051236732862,4,BASC5,,,2023-01-01 00:00:00,,9.2,,,2025-07-02 10:24:25,
2113051237732862,4,BOBL,,,2023-01-01 00:00:00,,9.2,,,2025-07-02 10:24:25,
2113051238732862,4,BRIN2,,,2023-01-01 00:00:00,,9.2,,,2025-07-02 10:24:25,
2113051239732862,4,BRTE,,,2023-01-01 00:00:00,,9.2,,,2025-07-02 10:24:26,
2113051240732862,4,CEME2,,,2023-01-01 00:00:00,,9.2,,,2025-07-02 10:24:26,
2113051241732862,4,CIVU,,,2023-01-01 00:00:00,,9.2,,,2025-07-02 10:24:26,
2113051242732862,4,CYOF,,,2023-01-01 00:00:00,,9.2,,,2025-07-02 10:24:26,
2113051243732862,4,CYSC4,,,2023-01-01 00:00:00,,9.2,,,2025-07-02 10:24:26,
2113051244732862,4,ELAN,,,2023-01-01 00:00:00,,9.2,,,2025-07-02 10:24:26,
2113051245732862,4,HEMA17,,,2023-01-01 00:00:00,,9.2,,,2025-07-02 10:24:27,
2113051246732862,4,HEMA3,,,2023-01-01 00:00:00,,9.2,,,2025-07-02 10:24:27,
2113051247732862,4,HIAU,,,2023-01-01 00:00:00,,9.2,,,2025-07-02 10:24:27,
2113051248732862,4,HICA10,,,2023-01-01 00:00:00,,9.2,,,2025-07-02 10:24:28,
2113051249732862,4,HYPE,,,2023-01-01 00:00:00,,9.2,,,2025-07-02 10:24:28,
2113051250732862,4,IMCY,,,2023-01-01 00:00:00,,9.2,,,2025-07-02 10:24:28,
2113051251732862,4,ISTI,,,2023-01-01 00:00:00,,9.2,,,2025-07-02 10:24:28,
2113051252732862,4,LELA2,,,2023-01-01 00:00:00,,9.2,,,2025-07-02 10:24:28,
2113051253732862,4,LEVU,,,2023-01-01 00:00:00,,9.2,,,2025-07-02 10:24:28,
2113051254732862,4,LYVI3,,,2023-01-01 00:00:00,,9.2,,,2025-07-02 10:24:29,
2113051255732862,4,PHAU7,,,2023-01-01 00:00:00,,9.2,,,2025-07-02 10:24:29,
2113051256732862,4,POBU,,,2023-01-01 00:00:00,,9.2,,,2025-07-02 10:24:29,
2113051287732862,8,AIAL,,,2023-01-01 00:00:00,,9.2,,,2025-07-02 15:01:59,
2113051288732862,8,ALPE4,,,2023-01-01 00:00:00,,9.2,,,2025-07-02 15:01:59,
2113051289732862,8,ANOF,,,2023-01-01 00:00:00,,9.2,,,2025-07-02 15:01:59,
2113051290732862,8,ANTHE,,,2023-01-01 00:00:00,,9.2,,,2025-07-02 15:01:59,
2113051291732862,8,ARDO4,,,2023-01-01 00:00:00,,9.2,,,2025-07-02 15:01:59,
2113051292732862,8,BASC5,,,2023-01-01 00:00:00,,9.2,,,2025-07-02 15:01:59,
2113051293732862,8,BEIN2,,,2023-01-01 00:00:00,,9.2,,,2025-07-02 15:02:00,
2113051294732862,8,BOBL,,,2023-01-01 00:00:00,,9.2,,,2025-07-02 15:02:00,
2113051295732862,8,BOIS,,,2023-01-01 00:00:00,,9.2,,,2025-07-02 15:02:00,
2113051296732862,8,BRAL4,,,2023-01-01 00:00:00,,9.2,,,2025-07-02 15:02:00,
2113051297732862,8,BRAR5,,,2023-01-01 00:00:00,,9.2,,,2025-07-02 15:02:00,
2113051298732862,8,BRDI3,,,2023-01-01 00:00:00,,9.2,,,2025-07-02 15:02:00,
2113051299732862,8,BRIN2,,,2023-01-01 00:00:00,,9.2,,,2025-07-02 15:02:01,
2113051300732862,8,BRRU2,,,2023-01-01 00:00:00,,9.2,,,2025-07-02 15:02:01,
2113051301732862,8,BRTO,,,2023-01-01 00:00:00,,9.2,,,2025-07-02 15:02:01,
2113051302732862,8,BUUM,,,2023-01-01 00:00:00,,9.2,,,2025-07-02 15:02:01,
2113051303732862,8,CARDA2,,,2023-01-01 00:00:00,,9.2,,,2025-07-02 15:02:02,
2113051304732862,8,CARDU,,,2023-01-01 00:00:00,,9.2,,,2025-07-02 15:02:02,
2113051305732862,8,CECA2,,,2023-01-01 00:00:00,,9.2,,,2025-07-02 15:02:02,
2113051306732862,8,CEIB,,,2023-01-01 00:00:00,,9.2,,,2025-07-02 15:02:02,
2113051307732862,8,CEME2,,,2023-01-01 00:00:00,,9.2,,,2025-07-02 15:02:02,
2113051308732862,8,CETE5,,,2023-01-01 00:00:00,,9.2,,,2025-07-02 15:02:02,
2113051309732862,8,CYDA,,,2023-01-01 00:00:00,,9.2,,,2025-07-02 15:02:03,
2113051310732862,8,CYSC4,,,2023-01-01 00:00:00,,9.2,,,2025-07-02 15:02:03,
2113051311732862,8,ECVU,,,2023-01-01 00:00:00,,9.2,,,2025-07-02 15:02:03,
2113051312732862,8,HEMA17,,,2023-01-01 00:00:00,,9.2,,,2025-07-02 15:02:03,
2113051313732862,8,HICA10,,,2023-01-01 00:00:00,,9.2,,,2025-07-02 15:02:03,
2113051314732862,8,HIERA,,,2023-01-01 00:00:00,,9.2,,,2025-07-02 15:02:03,
2113051315732862,8,HIPI2,,,2023-01-01 00:00:00,,9.2,,,2025-07-02 15:02:04,
2113051316732862,8,IMCY,,,2023-01-01 00:00:00,,9.2,,,2025-07-02 15:02:04,
2113051317732862,8,IRPS,,,2023-01-01 00:00:00,,9.2,,,2025-07-02 15:02:04,
2113051318732862,8,LINAR,,,2023-01-01 00:00:00,,9.2,,,2025-07-02 15:02:04,
2113051319732862,8,LYTHR,,,2023-01-01 00:00:00,,9.2,,,2025-07-02 15:02:04,
2113051320732862,8,LYVI3,,,2023-01-01 00:00:00,,9.2,,,2025-07-02 15:02:04,
2113051321732862,8,ONPI,,,2023-01-01 00:00:00,,9.2,,,2025-07-02 15:02:04,
2113051322732862,8,PECI,,,2023-01-01 00:00:00,,9.2,,,2025-07-02 15:02:05,
2113051323732862,8,PHAU7,,,2023-01-01 00:00:00,,9.2,,,2025-07-02 15:02:05,
2113051324732862,8,POBU,,,2023-01-01 00:00:00,,9.2,,,2025-07-02 15:02:05,
2113051325732862,8,POCU6,,,2023-01-01 00:00:00,,9.2,,,2025-07-02 15:02:05,
2113051326732862,8,POLYG4,,,2023-01-01 00:00:00,,9.2,,,2025-07-02 15:02:05,
2113051327732862,8,POSA4,,,2023-01-01 00:00:00,,9.2,,,2025-07-02 15:02:05,
2113051328732862,8,RAAC3,,,2023-01-01 00:00:00,,9.2,,,2025-07-02 15:02:06,
2113051329732862,8,RUAR9,,,2023-01-01 00:00:00,,9.2,,,2025-07-02 15:02:06,
2113051330732862,8,SALSO,,,2023-01-01 00:00:00,,9.2,,,2025-07-02 15:02:06,
2113051331732862,8,SONCH,,,2023-01-01 00:00:00,,9.2,,,2025-07-02 15:02:06,
2113051332732862,8,TAMAR2,,,2023-01-01 00:00:00,,9.2,,,2025-07-02 15:02:07,
2113051333732862,8,TRAR4,,,2023-01-01 00:00:00,,9.2,,,2025-07-02 15:02:07,
2113051334732862,8,ULPU,,,2023-01-01 00:00:00,,9.2,,,2025-07-02 15:02:07,
2113051335732862,8,VEDU,,,2023-01-01 00:00:00,,9.2,,,2025-07-02 15:02:07,
2113051336732862,8,VERBA,,,2023-01-01 00:00:00,,9.2,,,2025-07-02 15:02:07,
2113051337732862,8,ZYFA,,,2023-01-01 00:00:00,,9.2,,,2025-07-02 15:02:07,
2113051859732862,16,AIAL,,,2023-01-01 00:00:00,,9.2,,,2025-07-03 07:13:32,
245529590010661,11,HEHE,,,2007-01-01 00:00:00,,4.0,,,2010-09-24 00:00:00,
245529591010661,11,HEMA3,,,2007-01-01 00:00:00,,4.0,,,2010-09-24 00:00:00,
245529592010661,11,LIVU,,,2007-01-01 00:00:00,,4.0,,,2010-09-24 00:00:00,
245529593010661,11,LOBE,1.0,,2007-01-01 00:00:00,,4.0,,,2010-09-24 00:00:00,
245529594010661,11,LOJA,,,2007-01-01 00:00:00,,4.0,,,2010-09-24 00:00:00,
245529595010661,11,LOMA6,1.0,,2007-01-01 00:00:00,,4.0,,,2010-09-24 00:00:00,
245529596010661,11,LOMO2,1.0,,2007-01-01 00:00:00,,4.0,,,2010-09-24 00:00:00,
245529597010661,11,LONIC,1.0,,2007-01-01 00:00:00,,4.0,,"Consists of L. maackii, L. morrowii, L. tatarica or L. x bella if INVASIVE=Y after unknown processing.",2010-09-24 00:00:00,
245529598010661,11,LOTA,1.0,,2007-01-01 00:00:00,,4.0,,,2010-09-24 00:00:00,
245529599010661,11,LYNU,,,2007-01-01 00:00:00,,4.0,,,2010-09-24 00:00:00,
245529600010661,11,LYSA2,,,2007-01-01 00:00:00,,4.0,,,2010-09-24 00:00:00,
245529601010661,11,MEAZ,,,2007-01-01 00:00:00,,4.0,,,2010-09-24 00:00:00,
245529602010661,11,MEQU,,,2007-01-01 00:00:00,,4.0,,,2010-09-24 00:00:00,
245529603010661,11,MIVI,,,2007-01-01 00:00:00,,4.0,,,2010-09-24 00:00:00,
245529604010661,11,PATO2,,,2007-01-01 00:00:00,,4.0,,,2010-09-24 00:00:00,
245529605010661,11,PHAR3,,,2007-01-01 00:00:00,,4.0,,,2010-09-24 00:00:00,
245529606010661,11,PHAU7,,,2007-01-01 00:00:00,,4.0,,,2010-09-24 00:00:00,
245529607010661,11,POBO10,,,2007-01-01 00:00:00,,4.0,,Species not in PLANTS 2000,2010-09-24 00:00:00,
245529608010661,11,POCU6,,,2007-01-01 00:00:00,,4.0,,,2010-09-24 00:00:00,
245529609010661,11,POSA4,,,2007-01-01 00:00:00,,4.0,,,2010-09-24 00:00:00,
245529610010661,11,RHCA3,,,2007-01-01 00:00:00,,4.0,,,2010-09-24 00:00:00,
245529611010661,11,ROMU,,,2007-01-01 00:00:00,,4.0,,,2010-09-24 00:00:00,
245529612010661,11,ROPS,,,2007-01-01 00:00:00,,4.0,,,2010-09-24 00:00:00,
245529613010661,11,SPJA,,,2007-01-01 00:00:00,,4.0,,,2010-09-24 00:00:00,
245529614010661,11,TARA,,,2007-01-01 00:00:00,,4.0,,,2010-09-24 00:00:00,
245529615010661,11,TRSE6,,,2007-01-01 00:00:00,,4.0,,,2010-09-24 00:00:00,
245529616010661,11,ULPU,,,2007-01-01 00:00:00,,4.0,,,2010-09-24 00:00:00,
245529617010661,11,VIOP,,,2007-01-01 00:00:00,,4.0,,,2010-09-24 00:00:00,
245529751010661,15,AREL4,,,2010-01-01 00:00:00,,5.0,,,2010-09-02 00:00:00,
245529752010661,15,BOFR2,,,2010-01-01 00:00:00,,5.0,,,2010-09-02 00:00:00,
245529753010661,15,CENO,,,2010-01-01 00:00:00,,5.0,,,2010-09-02 00:00:00,
245529754010661,15,CLHI3,,,2010-01-01 00:00:00,,5.0,,,2010-09-02 00:00:00,
245529755010661,15,CYCO18,,,2010-01-01 00:00:00,,5.0,,,2010-09-02 00:00:00,
245529756010661,15,FAMO,,,2010-01-01 00:00:00,,5.0,,,2010-09-02 00:00:00,
245529757010661,15,FIMI2,,,2010-01-01 00:00:00,,5.0,,,2010-09-02 00:00:00,
245529758010661,15,FIRU4,,,2010-01-01 00:00:00,,5.0,,,2010-09-02 00:00:00,
245529759010661,15,GRRO,,,2010-01-01 00:00:00,,5.0,,,2010-09-02 00:00:00,
245529760010661,15,HEGA,,,2010-01-01 00:00:00,,5.0,,,2010-09-02 00:00:00,
245529761010661,15,LACA2,,,2010-01-01 00:00:00,,5.0,,,2010-09-02 00:00:00,
245529762010661,15,LELE10,,,2010-01-01 00:00:00,,5.0,,,2010-09-02 00:00:00,
245529763010661,15,LESC2,,,2010-01-01 00:00:00,,5.0,,,2010-09-02 00:00:00,
245529764010661,15,MECA9,,,2010-01-01 00:00:00,,5.0,,,2010-09-02 00:00:00,
245529765010661,15,MICA20,,,2010-01-01 00:00:00,,5.0,,,2010-09-02 00:00:00,
245529766010661,15,MOFA,,,2010-01-01 00:00:00,,5.0,,,2010-09-02 00:00:00,
245529767010661,15,PATRM,,,2010-01-01 00:00:00,,5.0,,NRCS 2000 to 2010 update of SYMBOL from PAMO5 to PATRM.,2010-09-02 00:00:00,
245529768010661,15,PESE3,,,2010-01-01 00:00:00,,5.0,,,2010-09-02 00:00:00,
245529769010661,15,PSCA,,,2010-01-01 00:00:00,,5.0,,,2010-09-02 00:00:00,
245529770010661,15,PSGU,,,2010-01-01 00:00:00,,5.0,,,2010-09-02 00:00:00,
245529771010661,15,RHTO10,,,2010-01-01 00:00:00,,5.0,,,2010-09-02 00:00:00,
245529772010661,15,RUAR2,,,2010-01-01 00:00:00,,5.0,,,2010-09-02 00:00:00,
245529773010661,15,RUELO,,,2010-01-01 00:00:00,,5.0,,,2010-09-02 00:00:00,
245529774010661,15,RUGL5,,,2010-01-01 00:00:00,,5.0,,,2010-09-02 00:00:00,
245529775010661,15,RUNI4,,,2010-01-01 00:00:00,,5.0,,,2010-09-02 00:00:00,
245529776010661,15,SCTE,,,2010-01-01 00:00:00,,5.0,,,2010-09-02 00:00:00,
245529777010661,15,SEPA6,,,2010-01-01 00:00:00,,5.0,,,2010-09-02 00:00:00,
245529778010661,15,SPCA2,,,2010-01-01 00:00:00,,5.0,,,2010-09-02 00:00:00,
245529779010661,15,TIHE2,,,2010-01-01 00:00:00,,5.0,,,2010-09-02 00:00:00,
245529780010661,16,ACRE3,,,2011-01-01 00:00:00,,5.0,,,2010-09-02 00:00:00,
245529781010661,16,AECY,,,2011-01-01 00:00:00,,5.0,,,2010-09-02 00:00:00,
245529782010661,16,AMTO3,,,2011-01-01 00:00:00,2023-01-01 00:00:00,5.0,9.2,,2010-09-02 00:00:00,2025-07-28 11:29:25
245529783010661,16,CADR,,,2011-01-01 00:00:00,2023-01-01 00:00:00,5.0,9.2,,2010-09-02 00:00:00,2025-07-28 11:29:25
245529784010661,16,CANU4,,,2011-01-01 00:00:00,2023-01-01 00:00:00,5.0,9.2,,2010-09-02 00:00:00,2025-07-28 11:29:25
245529785010661,16,CESTM,,,2011-01-01 00:00:00,,5.0,,NRCS 2000 to 2010 update of SYMBOL from CEBI2 to CESTM.,2010-09-02 00:00:00,
245529786010661,16,CEDE5,,,2011-01-01 00:00:00,,5.0,,,2010-09-02 00:00:00,
245529787010661,16,CEDI3,,,2011-01-01 00:00:00,,5.0,,,2010-09-02 00:00:00,
245529788010661,16,CESO3,,,2011-01-01 00:00:00,,5.0,,,2010-09-02 00:00:00,
245529789010661,16,CHJU,,,2011-01-01 00:00:00,,5.0,,,2010-09-02 00:00:00,
245529790010661,16,CIAR4,,,2011-01-01 00:00:00,,5.0,,,2010-09-02 00:00:00,
245529791010661,16,COAR4,,,2011-01-01 00:00:00,,5.0,,,2010-09-02 00:00:00,
245529792010661,16,COMA2,,,2011-01-01 00:00:00,,5.0,,,2010-09-02 00:00:00,
245529793010661,16,CRVU2,,,2011-01-01 00:00:00,,5.0,,,2010-09-02 00:00:00,
245529794010661,16,CYSC4,,,2011-01-01 00:00:00,,5.0,,,2010-09-02 00:00:00,
245529795010661,16,EUDE4,,,2011-01-01 00:00:00,2023-01-01 00:00:00,5.0,9.2,,2010-09-02 00:00:00,2025-07-28 11:29:25
245529796010661,16,EUES,,,2011-01-01 00:00:00,,5.0,,,2010-09-02 00:00:00,
245529797010661,16,HIAU,,,2011-01-01 00:00:00,,5.0,,,2010-09-02 00:00:00,
245529798010661,16,HICA10,,,2011-01-01 00:00:00,,5.0,,,2010-09-02 00:00:00,
245529799010661,16,HYNI,,,2011-01-01 00:00:00,,5.0,,,2010-09-02 00:00:00,
245529800010661,16,ISTI,,,2011-01-01 00:00:00,,5.0,,,2010-09-02 00:00:00,
245529801010661,16,LELA2,,,2011-01-01 00:00:00,,5.0,,,2010-09-02 00:00:00,
245529802010661,16,LIDA,,,2011-01-01 00:00:00,2023-01-01 00:00:00,5.0,9.2,,2010-09-02 00:00:00,2025-07-28 11:29:25
245529803010661,16,LIVU2,,,2011-01-01 00:00:00,2023-01-01 00:00:00,5.0,9.2,,2010-09-02 00:00:00,2025-07-28 11:29:25
245529804010661,16,LYSA2,,,2011-01-01 00:00:00,,5.0,,,2010-09-02 00:00:00,
245529805010661,16,MIVE3,,,2011-01-01 00:00:00,2023-01-01 00:00:00,5.0,9.2,,2010-09-02 00:00:00,2025-07-28 11:29:25
245529806010661,16,MYSP2,,,2011-01-01 00:00:00,,5.0,,,2010-09-02 00:00:00,
245529807010661,16,NAST3,,,2011-01-01 00:00:00,2023-01-01 00:00:00,5.0,9.2,,2010-09-02 00:00:00,2025-07-28 11:29:25
245529808010661,16,ONAC,,,2011-01-01 00:00:00,,5.0,,,2010-09-02 00:00:00,
245529809010661,16,SEJA,,,2011-01-01 00:00:00,,5.0,,,2010-09-02 00:00:00,
245529810010661,16,SOAR2,,,2011-01-01 00:00:00,2023-01-01 00:00:00,5.0,9.2,,2010-09-02 00:00:00,2025-07-28 11:29:25
245529811010661,16,SOEL,,,2011-01-01 00:00:00,2023-01-01 00:00:00,5.0,9.2,,2010-09-02 00:00:00,2025-07-28 11:29:26
245529812010661,16,SOHA,,,2011-01-01 00:00:00,,5.0,,,2010-09-02 00:00:00,
245529813010661,16,SORO,,,2011-01-01 00:00:00,2023-01-01 00:00:00,5.0,9.2,,2010-09-02 00:00:00,2025-07-28 11:29:26
245529814010661,16,TRTE,,,2011-01-01 00:00:00,,5.0,,,2010-09-02 00:00:00,
245529815010661,16,ZYFA,,,2011-01-01 00:00:00,,5.0,,,2010-09-02 00:00:00,
245529816010661,17,ACPL,,,2007-01-01 00:00:00,,4.0,,,2010-09-24 00:00:00,
245529817010661,17,AIAL,,,2007-01-01 00:00:00,,4.0,,,2010-09-24 00:00:00,
245529818010661,17,ALJU,,,2007-01-01 00:00:00,,4.0,,,2010-09-24 00:00:00,
245529819010661,17,ALPE4,,,2007-01-01 00:00:00,,4.0,,,2010-09-24 00:00:00,
245529820010661,17,BETH,,,2007-01-01 00:00:00,,4.0,,,2010-09-24 00:00:00,
245529821010661,17,BEVU,,,2007-01-01 00:00:00,,4.0,,,2010-09-24 00:00:00,
245529822010661,17,CESTM,,,2007-01-01 00:00:00,,4.0,,NRCS 2000 to 2010 update of SYMBOL from CEBI2 to CESTM.,2010-09-24 00:00:00,
245529823010661,17,CEOR7,,,2007-01-01 00:00:00,,4.0,,,2010-09-24 00:00:00,
245529824010661,17,CIAR4,,,2007-01-01 00:00:00,,4.0,,,2010-09-24 00:00:00,
245529825010661,17,CIVU,,,2007-01-01 00:00:00,,4.0,,,2010-09-24 00:00:00,
245529826010661,17,CYLO11,,,2007-01-01 00:00:00,,4.0,,,2010-09-24 00:00:00,
245529827010661,17,CYRO8,,,2007-01-01 00:00:00,,4.0,,,2010-09-24 00:00:00,
245529828010661,17,ELAN,,,2007-01-01 00:00:00,,4.0,,,2010-09-24 00:00:00,
245529829010661,17,ELUM,,,2007-01-01 00:00:00,,4.0,,,2010-09-24 00:00:00,
245529830010661,17,EUES,,,2007-01-01 00:00:00,,4.0,,,2010-09-24 00:00:00,
245529831010661,17,FRAL4,,,2007-01-01 00:00:00,,4.0,,,2010-09-24 00:00:00,
245529832010661,17,HEHE,,,2007-01-01 00:00:00,,4.0,,,2010-09-24 00:00:00,
245529833010661,17,HEMA3,,,2007-01-01 00:00:00,,4.0,,,2010-09-24 00:00:00,
245529834010661,17,LIVU,,,2007-01-01 00:00:00,,4.0,,,2010-09-24 00:00:00,
245529835010661,17,LOBE,1.0,,2007-01-01 00:00:00,,4.0,,,2010-09-24 00:00:00,
245529836010661,17,LOJA,,,2007-01-01 00:00:00,,4.0,,,2010-09-24 00:00:00,
245529837010661,17,LOMA6,1.0,,2007-01-01 00:00:00,,4.0,,,2010-09-24 00:00:00,
245529839010661,17,LOMO2,1.0,,2007-01-01 00:00:00,,4.0,,,2010-09-24 00:00:00,
245529840010661,17,LONIC,1.0,,2007-01-01 00:00:00,,4.0,,"Consists of L. maackii, L. morrowii, L. tatarica or L. x bella if INVASIVE=Y after unknown processing.",2010-09-24 00:00:00,
245529841010661,17,LOTA,1.0,,2007-01-01 00:00:00,,4.0,,,2010-09-24 00:00:00,
245529842010661,17,LYNU,,,2007-01-01 00:00:00,,4.0,,,2010-09-24 00:00:00,
245529843010661,17,LYSA2,,,2007-01-01 00:00:00,,4.0,,,2010-09-24 00:00:00,
245529844010661,17,MEAZ,,,2007-01-01 00:00:00,,4.0,,,2010-09-24 00:00:00,
245529845010661,17,MEQU,,,2007-01-01 00:00:00,,4.0,,,2010-09-24 00:00:00,
245529846010661,17,MIVI,,,2007-01-01 00:00:00,,4.0,,,2010-09-24 00:00:00,
245529847010661,17,PATO2,,,2007-01-01 00:00:00,,4.0,,,2010-09-24 00:00:00,
245529848010661,17,PHAR3,,,2007-01-01 00:00:00,,4.0,,,2010-09-24 00:00:00,
245529849010661,17,PHAU7,,,2007-01-01 00:00:00,,4.0,,,2010-09-24 00:00:00,
245529850010661,17,POBO10,,,2007-01-01 00:00:00,,4.0,,Species not in PLANTS 2000,2010-09-24 00:00:00,
245529851010661,17,POCU6,,,2007-01-01 00:00:00,,4.0,,,2010-09-24 00:00:00,
245529852010661,17,POSA4,,,2007-01-01 00:00:00,,4.0,,,2010-09-24 00:00:00,
245529853010661,17,RHCA3,,,2007-01-01 00:00:00,,4.0,,,2010-09-24 00:00:00,
245529854010661,17,ROMU,,,2007-01-01 00:00:00,,4.0,,,2010-09-24 00:00:00,
245529855010661,17,ROPS,,,2007-01-01 00:00:00,,4.0,,,2010-09-24 00:00:00,
245529856010661,17,SPJA,,,2007-01-01 00:00:00,,4.0,,,2010-09-24 00:00:00,
245529857010661,17,TARA,,,2007-01-01 00:00:00,,4.0,,,2010-09-24 00:00:00,
245529858010661,17,TRSE6,,,2007-01-01 00:00:00,,4.0,,,2010-09-24 00:00:00,
245529859010661,17,ULPU,,,2007-01-01 00:00:00,,4.0,,,2010-09-24 00:00:00,
245529860010661,17,VIOP,,,2007-01-01 00:00:00,,4.0,,,2010-09-24 00:00:00,
245529861010661,18,ACPL,,,2007-01-01 00:00:00,,4.0,,,2010-09-24 00:00:00,
245529862010661,18,AIAL,,,2007-01-01 00:00:00,,4.0,,,2010-09-24 00:00:00,
245529863010661,18,ALJU,,,2007-01-01 00:00:00,,4.0,,,2010-09-24 00:00:00,
245529864010661,18,ALPE4,,,2007-01-01 00:00:00,,4.0,,,2010-09-24 00:00:00,
245529865010661,18,BETH,,,2007-01-01 00:00:00,,4.0,,,2010-09-24 00:00:00,
245529866010661,18,BEVU,,,2007-01-01 00:00:00,,4.0,,,2010-09-24 00:00:00,
245529867010661,18,CESTM,,,2007-01-01 00:00:00,,4.0,,NRCS 2000 to 2010 update of SYMBOL from CEBI2 to CESTM.,2010-09-24 00:00:00,
245529868010661,18,CEOR7,,,2007-01-01 00:00:00,,4.0,,,2010-09-24 00:00:00,
245529869010661,18,CIAR4,,,2007-01-01 00:00:00,,4.0,,,2010-09-24 00:00:00,
245529870010661,18,CIVU,,,2007-01-01 00:00:00,,4.0,,,2010-09-24 00:00:00,
245529871010661,18,CYLO11,,,2007-01-01 00:00:00,,4.0,,,2010-09-24 00:00:00,
245529872010661,18,CYRO8,,,2007-01-01 00:00:00,,4.0,,,2010-09-24 00:00:00,
245529873010661,18,ELAN,,,2007-01-01 00:00:00,,4.0,,,2010-09-24 00:00:00,
245529874010661,18,ELUM,,,2007-01-01 00:00:00,,4.0,,,2010-09-24 00:00:00,
245529875010661,18,EUES,,,2007-01-01 00:00:00,,4.0,,,2010-09-24 00:00:00,
245529876010661,18,FRAL4,,,2007-01-01 00:00:00,,4.0,,,2010-09-24 00:00:00,
245529877010661,18,HEHE,,,2007-01-01 00:00:00,,4.0,,,2010-09-24 00:00:00,
245529878010661,18,HEMA3,,,2007-01-01 00:00:00,,4.0,,,2010-09-24 00:00:00,
245529879010661,18,LIVU,,,2007-01-01 00:00:00,,4.0,,,2010-09-24 00:00:00,
245529880010661,18,LOBE,1.0,,2007-01-01 00:00:00,,4.0,,,2010-09-24 00:00:00,
245529881010661,18,LOJA,,,2007-01-01 00:00:00,,4.0,,,2010-09-24 00:00:00,
245529882010661,18,LOMA6,1.0,,2007-01-01 00:00:00,,4.0,,,2010-09-24 00:00:00,
245529883010661,18,LOMO2,1.0,,2007-01-01 00:00:00,,4.0,,,2010-09-24 00:00:00,
245529884010661,18,LONIC,1.0,,2007-01-01 00:00:00,,4.0,,"Consists of L. maackii, L. morrowii, L. tatarica or L. x bella if INVASIVE=Y after unknown processing.",2010-09-24 00:00:00,
245529885010661,18,LOTA,1.0,,2007-01-01 00:00:00,,4.0,,,2010-09-24 00:00:00,
245529886010661,18,LYNU,,,2007-01-01 00:00:00,,4.0,,,2010-09-24 00:00:00,
245529887010661,18,LYSA2,,,2007-01-01 00:00:00,,4.0,,,2010-09-24 00:00:00,
245529888010661,18,MEAZ,,,2007-01-01 00:00:00,,4.0,,,2010-09-24 00:00:00,
245529889010661,18,MEQU,,,2007-01-01 00:00:00,,4.0,,,2010-09-24 00:00:00,
245529890010661,18,MIVI,,,2007-01-01 00:00:00,,4.0,,,2010-09-24 00:00:00,
245529891010661,18,PATO2,,,2007-01-01 00:00:00,,4.0,,,2010-09-24 00:00:00,
245529892010661,18,PHAR3,,,2007-01-01 00:00:00,,4.0,,,2010-09-24 00:00:00,
245529893010661,18,PHAU7,,,2007-01-01 00:00:00,,4.0,,,2010-09-24 00:00:00,
245529894010661,18,POBO10,,,2007-01-01 00:00:00,,4.0,,Species not in PLANTS 2000,2010-09-24 00:00:00,
245529895010661,18,POCU6,,,2007-01-01 00:00:00,,4.0,,,2010-09-24 00:00:00,
245529896010661,18,POSA4,,,2007-01-01 00:00:00,,4.0,,,2010-09-24 00:00:00,
245529897010661,18,RHCA3,,,2007-01-01 00:00:00,,4.0,,,2010-09-24 00:00:00,
245529898010661,18,ROMU,,,2007-01-01 00:00:00,,4.0,,,2010-09-24 00:00:00,
245529899010661,18,ROPS,,,2007-01-01 00:00:00,,4.0,,,2010-09-24 00:00:00,
245529906010661,18,SPJA,,,2007-01-01 00:00:00,,4.0,,,2010-09-24 00:00:00,
245529907010661,18,TARA,,,2007-01-01 00:00:00,,4.0,,,2010-09-24 00:00:00,
245529908010661,18,TRSE6,,,2007-01-01 00:00:00,,4.0,,,2010-09-24 00:00:00,
245529909010661,18,ULPU,,,2007-01-01 00:00:00,,4.0,,,2010-09-24 00:00:00,
245529910010661,18,VIOP,,,2007-01-01 00:00:00,,4.0,,,2010-09-24 00:00:00,
245529911010661,19,ACPL,,,2007-01-01 00:00:00,,4.0,,,2010-09-24 00:00:00,
245529912010661,19,AIAL,,,2007-01-01 00:00:00,,4.0,,,2010-09-24 00:00:00,
245529913010661,19,ALJU,,,2007-01-01 00:00:00,,4.0,,,2010-09-24 00:00:00,
245529914010661,19,ALPE4,,,2007-01-01 00:00:00,,4.0,,,2010-09-24 00:00:00,
245529915010661,19,BETH,,,2007-01-01 00:00:00,,4.0,,,2010-09-24 00:00:00,
245529916010661,19,BEVU,,,2007-01-01 00:00:00,,4.0,,,2010-09-24 00:00:00,
245529917010661,19,CESTM,,,2007-01-01 00:00:00,,4.0,,NRCS 2000 to 2010 update of SYMBOL from CEBI2 to CESTM.,2010-09-24 00:00:00,
245529918010661,19,CEOR7,,,2007-01-01 00:00:00,,4.0,,,2010-09-24 00:00:00,
245529919010661,19,CIAR4,,,2007-01-01 00:00:00,,4.0,,,2010-09-24 00:00:00,
245529920010661,19,CIVU,,,2007-01-01 00:00:00,,4.0,,,2010-09-24 00:00:00,
245529921010661,19,CYLO11,,,2007-01-01 00:00:00,,4.0,,,2010-09-24 00:00:00,
245529922010661,19,CYRO8,,,2007-01-01 00:00:00,,4.0,,,2010-09-24 00:00:00,
245529923010661,19,ELAN,,,2007-01-01 00:00:00,,4.0,,,2010-09-24 00:00:00,
245529924010661,19,ELUM,,,2007-01-01 00:00:00,,4.0,,,2010-09-24 00:00:00,
245529925010661,19,EUES,,,2007-01-01 00:00:00,,4.0,,,2010-09-24 00:00:00,
245529926010661,19,FRAL4,,,2007-01-01 00:00:00,,4.0,,,2010-09-24 00:00:00,
245529927010661,19,HEHE,,,2007-01-01 00:00:00,,4.0,,,2010-09-24 00:00:00,
245529928010661,19,HEMA3,,,2007-01-01 00:00:00,,4.0,,,2010-09-24 00:00:00,
245529929010661,19,LIVU,,,2007-01-01 00:00:00,,4.0,,,2010-09-24 00:00:00,
245529930010661,19,LOBE,1.0,,2007-01-01 00:00:00,,4.0,,,2010-09-24 00:00:00,
245529931010661,19,LOJA,,,2007-01-01 00:00:00,,4.0,,,2010-09-24 00:00:00,
245529932010661,19,LOMA6,1.0,,2007-01-01 00:00:00,,4.0,,,2010-09-24 00:00:00,
245531017010661,44,CESTM,,,2007-01-01 00:00:00,,4.0,,NRCS 2000 to 2010 update of SYMBOL from CEBI2 to CESTM.,2010-09-24 00:00:00,
245531018010661,44,CEOR7,,,2007-01-01 00:00:00,,4.0,,,2010-09-24 00:00:00,
245531019010661,44,CIAR4,,,2007-01-01 00:00:00,,4.0,,,2010-09-24 00:00:00,
245531020010661,44,CIVU,,,2007-01-01 00:00:00,,4.0,,,2010-09-24 00:00:00,
245531021010661,44,CYLO11,,,2007-01-01 00:00:00,,4.0,,,2010-09-24 00:00:00,
245531022010661,44,CYRO8,,,2007-01-01 00:00:00,,4.0,,,2010-09-24 00:00:00,
245531023010661,44,ELAN,,,2007-01-01 00:00:00,,4.0,,,2010-09-24 00:00:00,
245531024010661,44,ELUM,,,2007-01-01 00:00:00,,4.0,,,2010-09-24 00:00:00,
245531025010661,44,EUES,,,2007-01-01 00:00:00,,4.0,,,2010-09-24 00:00:00,
245531026010661,44,FRAL4,,,2007-01-01 00:00:00,,4.0,,,2010-09-24 00:00:00,
245531027010661,44,HEHE,,,2007-01-01 00:00:00,,4.0,,,2010-09-24 00:00:00,
245531028010661,44,HEMA3,,,2007-01-01 00:00:00,,4.0,,,2010-09-24 00:00:00,
245531029010661,44,LIVU,,,2007-01-01 00:00:00,,4.0,,,2010-09-24 00:00:00,
245531030010661,44,LOBE,1.0,,2007-01-01 00:00:00,,4.0,,,2010-09-24 00:00:00,
245531031010661,44,LOJA,,,2007-01-01 00:00:00,,4.0,,,2010-09-24 00:00:00,
245531032010661,44,LOMA6,1.0,,2007-01-01 00:00:00,,4.0,,,2010-09-24 00:00:00,
245531033010661,44,LOMO2,1.0,,2007-01-01 00:00:00,,4.0,,,2010-09-24 00:00:00,
245531034010661,44,LONIC,1.0,,2007-01-01 00:00:00,,4.0,,"Consists of L. maackii, L. morrowii, L. tatarica or L. x bella if INVASIVE=Y after unknown processing.",2010-09-24 00:00:00,
245531035010661,44,LOTA,1.0,,2007-01-01 00:00:00,,4.0,,,2010-09-24 00:00:00,
245531036010661,44,LYNU,,,2007-01-01 00:00:00,,4.0,,,2010-09-24 00:00:00,
245531037010661,44,LYSA2,,,2007-01-01 00:00:00,,4.0,,,2010-09-24 00:00:00,
245531038010661,44,MEAZ,,,2007-01-01 00:00:00,,4.0,,,2010-09-24 00:00:00,
245531039010661,44,MEQU,,,2007-01-01 00:00:00,,4.0,,,2010-09-24 00:00:00,
245531040010661,44,MIVI,,,2007-01-01 00:00:00,,4.0,,,2010-09-24 00:00:00,
245531041010661,44,PATO2,,,2007-01-01 00:00:00,,4.0,,,2010-09-24 00:00:00,
245531042010661,44,PHAR3,,,2007-01-01 00:00:00,,4.0,,,2010-09-24 00:00:00,
245531044010661,44,PHAU7,,,2007-01-01 00:00:00,,4.0,,,2010-09-24 00:00:00,
245531045010661,44,POBO10,,,2007-01-01 00:00:00,,4.0,,Species not in PLANTS 2000,2010-09-24 00:00:00,
245531046010661,44,POCU6,,,2007-01-01 00:00:00,,4.0,,,2010-09-24 00:00:00,
245531047010661,44,POSA4,,,2007-01-01 00:00:00,,4.0,,,2010-09-24 00:00:00,
245531048010661,44,RHCA3,,,2007-01-01 00:00:00,,4.0,,,2010-09-24 00:00:00,
245531049010661,44,ROMU,,,2007-01-01 00:00:00,,4.0,,,2010-09-24 00:00:00,
245531050010661,44,ROPS,,,2007-01-01 00:00:00,,4.0,,,2010-09-24 00:00:00,
245531051010661,44,SPJA,,,2007-01-01 00:00:00,,4.0,,,2010-09-24 00:00:00,
245531052010661,44,TARA,,,2007-01-01 00:00:00,,4.0,,,2010-09-24 00:00:00,
245531053010661,44,TRSE6,,,2007-01-01 00:00:00,,4.0,,,2010-09-24 00:00:00,
245531054010661,44,ULPU,,,2007-01-01 00:00:00,,4.0,,,2010-09-24 00:00:00,
245531055010661,44,VIOP,,,2007-01-01 00:00:00,,4.0,,,2010-09-24 00:00:00,
245531096010661,46,ACPL,,,2007-01-01 00:00:00,,4.0,,,2010-09-24 00:00:00,
245531097010661,46,AIAL,,,2007-01-01 00:00:00,,4.0,,,2010-09-24 00:00:00,
245531098010661,46,ALJU,,,2007-01-01 00:00:00,,4.0,,,2010-09-24 00:00:00,
245531099010661,46,ALPE4,,,2007-01-01 00:00:00,,4.0,,,2010-09-24 00:00:00,
245531100010661,46,BETH,,,2007-01-01 00:00:00,,4.0,,,2010-09-24 00:00:00,
245531101010661,46,BEVU,,,2007-01-01 00:00:00,,4.0,,,2010-09-24 00:00:00,
245531102010661,46,CESTM,,,2007-01-01 00:00:00,,4.0,,NRCS 2000 to 2010 update of SYMBOL from CEBI2 to CESTM.,2010-09-24 00:00:00,
245531103010661,46,CEOR7,,,2007-01-01 00:00:00,,4.0,,,2010-09-24 00:00:00,
245531104010661,46,CIAR4,,,2007-01-01 00:00:00,,4.0,,,2010-09-24 00:00:00,
245531105010661,46,CIVU,,,2007-01-01 00:00:00,,4.0,,,2010-09-24 00:00:00,
245531106010661,46,CYLO11,,,2007-01-01 00:00:00,,4.0,,,2010-09-24 00:00:00,
245531107010661,46,CYRO8,,,2007-01-01 00:00:00,,4.0,,,2010-09-24 00:00:00,
245531108010661,46,ELAN,,,2007-01-01 00:00:00,,4.0,,,2010-09-24 00:00:00,
245531109010661,46,ELUM,,,2007-01-01 00:00:00,,4.0,,,2010-09-24 00:00:00,
245531110010661,46,EUES,,,2007-01-01 00:00:00,,4.0,,,2010-09-24 00:00:00,
245531111010661,46,FRAL4,,,2007-01-01 00:00:00,,4.0,,,2010-09-24 00:00:00,
245531114010661,46,HEHE,,,2007-01-01 00:00:00,,4.0,,,2010-09-24 00:00:00,
245531442010661,55,ELAN,,,2007-01-01 00:00:00,,4.0,,,2010-09-24 00:00:00,
245531443010661,55,ELUM,,,2007-01-01 00:00:00,,4.0,,,2010-09-24 00:00:00,
245531444010661,55,EUES,,,2007-01-01 00:00:00,,4.0,,,2010-09-24 00:00:00,
245531445010661,55,FRAL4,,,2007-01-01 00:00:00,,4.0,,,2010-09-24 00:00:00,
245531446010661,55,HEHE,,,2007-01-01 00:00:00,,4.0,,,2010-09-24 00:00:00,
245531447010661,55,HEMA3,,,2007-01-01 00:00:00,,4.0,,,2010-09-24 00:00:00,
245531448010661,55,LIVU,,,2007-01-01 00:00:00,,4.0,,,2010-09-24 00:00:00,
245531449010661,55,LOBE,1.0,,2007-01-01 00:00:00,,4.0,,,2010-09-24 00:00:00,
245531450010661,55,LOJA,,,2007-01-01 00:00:00,,4.0,,,2010-09-24 00:00:00,
245531451010661,55,LOMA6,1.0,,2007-01-01 00:00:00,,4.0,,,2010-09-24 00:00:00,
245531452010661,55,LOMO2,1.0,,2007-01-01 00:00:00,,4.0,,,2010-09-24 00:00:00,
245531453010661,55,LONIC,1.0,,2007-01-01 00:00:00,,4.0,,"Consists of L. maackii, L. morrowii, L. tatarica or L. x bella if INVASIVE=Y after unknown processing.",2010-09-24 00:00:00,
245531454010661,55,LOTA,1.0,,2007-01-01 00:00:00,,4.0,,,2010-09-24 00:00:00,
245531455010661,55,LYNU,,,2007-01-01 00:00:00,,4.0,,,2010-09-24 00:00:00,
245531456010661,55,LYSA2,,,2007-01-01 00:00:00,,4.0,,,2010-09-24 00:00:00,
245531457010661,55,MEAZ,,,2007-01-01 00:00:00,,4.0,,,2010-09-24 00:00:00,
245531458010661,55,MEQU,,,2007-01-01 00:00:00,,4.0,,,2010-09-24 00:00:00,
245531472010661,55,MIVI,,,2007-01-01 00:00:00,,4.0,,,2010-09-24 00:00:00,
245531473010661,55,PATO2,,,2007-01-01 00:00:00,,4.0,,,2010-09-24 00:00:00,
245531474010661,55,PHAR3,,,2007-01-01 00:00:00,,4.0,,,2010-09-24 00:00:00,
245531475010661,55,PHAU7,,,2007-01-01 00:00:00,,4.0,,,2010-09-24 00:00:00,
245531476010661,55,POBO10,,,2007-01-01 00:00:00,,4.0,,Species not in PLANTS 2000,2010-09-24 00:00:00,
245531477010661,55,POCU6,,,2007-01-01 00:00:00,,4.0,,,2010-09-24 00:00:00,
245531478010661,55,POSA4,,,2007-01-01 00:00:00,,4.0,,,2010-09-24 00:00:00,
245531479010661,55,RHCA3,,,2007-01-01 00:00:00,,4.0,,,2010-09-24 00:00:00,
245531480010661,55,ROMU,,,2007-01-01 00:00:00,,4.0,,,2010-09-24 00:00:00,
245531481010661,55,ROPS,,,2007-01-01 00:00:00,,4.0,,,2010-09-24 00:00:00,
245531482010661,55,SPJA,,,2007-01-01 00:00:00,,4.0,,,2010-09-24 00:00:00,
245531483010661,55,TARA,,,2007-01-01 00:00:00,,4.0,,,2010-09-24 00:00:00,
245531484010661,55,TRSE6,,,2007-01-01 00:00:00,,4.0,,,2010-09-24 00:00:00,
245531485010661,55,ULPU,,,2007-01-01 00:00:00,,4.0,,,2010-09-24 00:00:00,
245531486010661,55,VIOP,,,2007-01-01 00:00:00,,4.0,,,2010-09-24 00:00:00,
245531487010661,56,ACRE3,,,2011-01-01 00:00:00,,5.0,,,2010-09-02 00:00:00,
245531488010661,56,AMTO3,,,2011-01-01 00:00:00,2023-01-01 00:00:00,5.0,9.2,,2010-09-02 00:00:00,2025-07-28 11:29:33
245531489010661,56,ARMI2,,,2011-01-01 00:00:00,,5.0,,,2010-09-02 00:00:00,
245531490010661,56,CAAC,,,2011-01-01 00:00:00,2023-01-01 00:00:00,5.0,9.2,,2010-09-02 00:00:00,2025-07-28 11:29:33
245531491010661,56,CADR,,,2011-01-01 00:00:00,2023-01-01 00:00:00,5.0,9.2,,2010-09-02 00:00:00,2025-07-28 11:29:33
245531492010661,56,CANU4,,,2011-01-01 00:00:00,2023-01-01 00:00:00,5.0,9.2,,2010-09-02 00:00:00,2025-07-28 11:29:33
245531493010661,56,CAPU6,,,2011-01-01 00:00:00,2023-01-01 00:00:00,5.0,9.2,,2010-09-02 00:00:00,2025-07-28 11:29:33
245531494010661,56,CESTM,,,2011-01-01 00:00:00,,5.0,,NRCS 2000 to 2010 update of SYMBOL from CEBI2 to CESTM.,2010-09-02 00:00:00,
245531495010661,56,CEDI3,,,2011-01-01 00:00:00,,5.0,,,2010-09-02 00:00:00,
245531496010661,56,CIAR4,,,2011-01-01 00:00:00,,5.0,,,2010-09-02 00:00:00,
245531497010661,56,COAR4,,,2011-01-01 00:00:00,,5.0,,,2010-09-02 00:00:00,
245531498010661,56,CYOF,,,2011-01-01 00:00:00,,5.0,,,2010-09-02 00:00:00,
245531499010661,56,ELRE4,,,2011-01-01 00:00:00,,5.0,,,2010-09-02 00:00:00,
245531500010661,56,EUES,,,2011-01-01 00:00:00,,5.0,,,2010-09-02 00:00:00,
245531501010661,56,HYPE,,,2011-01-01 00:00:00,,5.0,,,2010-09-02 00:00:00,
245531502010661,56,ISTI,,,2011-01-01 00:00:00,,5.0,,,2010-09-02 00:00:00,
245531503010661,56,LELA2,,,2011-01-01 00:00:00,,5.0,,,2010-09-02 00:00:00,
245531504010661,56,LEVU,,,2011-01-01 00:00:00,,5.0,,,2010-09-02 00:00:00,
245531505010661,56,LIDA,,,2011-01-01 00:00:00,2023-01-01 00:00:00,5.0,9.2,,2010-09-02 00:00:00,2025-07-28 11:29:33
245531506010661,56,LIVU2,,,2011-01-01 00:00:00,2023-01-01 00:00:00,5.0,9.2,,2010-09-02 00:00:00,2025-07-28 11:29:33
245531507010661,56,LYSA2,,,2011-01-01 00:00:00,,5.0,,,2010-09-02 00:00:00,
245531508010661,56,ONAC,,,2011-01-01 00:00:00,,5.0,,,2010-09-02 00:00:00,
245531509010661,56,SOAR2,,,2011-01-01 00:00:00,2023-01-01 00:00:00,5.0,9.2,,2010-09-02 00:00:00,2025-07-28 11:29:33
245531510010661,56,TAMAR2,,,2011-01-01 00:00:00,,5.0,,,2010-09-02 00:00:00,
165176462981125,28,CICA,,"1,2,3,4,5",2013-10-01 00:00:00,,6.0,,,2017-12-22 14:14:09,
165176463981125,37,CICA,,"1,2,3,4",2013-10-01 00:00:00,,6.0,,,2017-12-22 14:14:09,
165176464981125,40,CICA,,"1,2,3,4,5,6,7",2013-10-01 00:00:00,,6.0,,,2017-12-22 14:14:09,
165176465981125,45,CICA,,"1,2,3",2013-10-01 00:00:00,,6.0,,,2017-12-22 14:14:09,
165176466981125,47,CICA,,"1,2,3,4,5",2013-10-01 00:00:00,,6.0,,,2017-12-22 14:14:09,
165176467981125,48,CICA,,"1,2,3,4,5,6,7",2013-10-01 00:00:00,,6.0,,,2017-12-22 14:14:09,
165176468981125,51,CICA,,"1,2,3,4,5",2013-10-01 00:00:00,,6.0,,,2017-12-22 14:14:09,
165176469981125,1,ARCR80,,"1,2,3,4,5,6",2013-10-01 00:00:00,,6.0,,,2017-12-22 14:14:09,
165176470981125,5,ARCR80,,"1,2,3,4,5",2013-10-01 00:00:00,,6.0,,,2017-12-22 14:14:09,
165176471981125,12,ARCR80,,"1,2,3,4",2001-01-01 00:00:00,,1.0,,,2017-12-22 14:14:09,2017-12-22 14:35:37
165176472981125,13,ARCR80,,"1,2,3,4,5",2013-10-01 00:00:00,,6.0,,,2017-12-22 14:14:09,
165176473981125,21,ARCR80,,"1,2,3,4,5,6,7",2013-10-01 00:00:00,,6.0,,,2017-12-22 14:14:09,
165176474981125,22,ARCR80,,"1,2,3,4,5",2013-10-01 00:00:00,,6.0,,,2017-12-22 14:14:09,
165176475981125,28,ARCR80,,"1,2,3,4,5",2013-10-01 00:00:00,,6.0,,,2017-12-22 14:14:09,
165176476981125,37,ARCR80,,"1,2,3,4",2013-10-01 00:00:00,,6.0,,,2017-12-22 14:14:09,
165176477981125,40,ARCR80,,"1,2,3,4,5,6,7",2013-10-01 00:00:00,,6.0,,,2017-12-22 14:14:09,
165176478981125,45,ARCR80,,"1,2,3",2013-10-01 00:00:00,,6.0,,,2017-12-22 14:14:09,
165176479981125,47,ARCR80,,"1,2,3,4,5",2013-10-01 00:00:00,,6.0,,,2017-12-22 14:14:09,
165176480981125,48,ARCR80,,"1,2,3,4,5,6,7",2013-10-01 00:00:00,,6.0,,,2017-12-22 14:14:09,
165176481981125,51,ARCR80,,"1,2,3,4,5",2013-10-01 00:00:00,,6.0,,,2017-12-22 14:14:09,
499426435126144,5,MERE9,,"1,2,3,4,5",2013-10-01 00:00:00,,6.0,,,2018-01-31 08:25:18,
499426436126144,13,MERE9,,"1,2,3,4,5",2013-10-01 00:00:00,,6.0,,,2018-01-31 08:25:18,
165176484981125,12,SCTE,,"1,2,3,4",2001-01-01 00:00:00,,1.0,,,2017-12-22 14:14:09,2017-12-22 14:35:37
499426437126144,21,MERE9,,"1,2,3,4,5,6,7",2013-10-01 00:00:00,,6.0,,,2018-01-31 08:25:19,
499426438126144,22,MERE9,,"1,2,3,4,5",2013-10-01 00:00:00,,6.0,,,2018-01-31 08:25:19,
499426439126144,28,MERE9,,"1,2,3,4,5",2013-10-01 00:00:00,,6.0,,,2018-01-31 08:25:19,
499426440126144,37,MERE9,,"1,2,3,4",2013-10-01 00:00:00,,6.0,,,2018-01-31 08:25:19,
499426441126144,40,MERE9,,"1,2,3,4,5,6,7",2013-10-01 00:00:00,,6.0,,,2018-01-31 08:25:19,
499426442126144,47,MERE9,,"1,2,3,4,5",2013-10-01 00:00:00,,6.0,,,2018-01-31 08:25:19,
499426443126144,48,MERE9,,"1,2,3,4,5,6,7",2013-10-01 00:00:00,,6.0,,,2018-01-31 08:25:19,
499426444126144,51,MERE9,,"1,2,3,4,5",2013-10-01 00:00:00,,6.0,,,2018-01-31 08:25:19,
499426445126144,1,ERCU2,,"1,2,3,4,5,6",2013-10-01 00:00:00,,6.0,,,2018-01-31 08:25:19,
499426446126144,5,ERCU2,,"1,2,3,4,5",2013-10-01 00:00:00,,6.0,,,2018-01-31 08:25:19,
499236699126144,1,ARDO4,,"1,2,3,4,5,6",2001-01-01 00:00:00,2013-09-30 00:00:00,1.0,6.0,,2018-01-26 10:06:29,
499236700126144,5,ARDO4,,"1,2,3,4,5",2001-01-01 00:00:00,2013-09-30 00:00:00,1.0,6.0,,2018-01-26 10:06:29,
499236701126144,12,ARDO4,,"1,2,3,4",2001-01-01 00:00:00,2013-09-30 00:00:00,1.0,6.0,,2018-01-26 10:06:29,
499236702126144,13,ARDO4,,"1,2,3,4,5",2001-01-01 00:00:00,2013-09-30 00:00:00,1.0,6.0,,2018-01-26 10:06:29,
499236703126144,21,ARDO4,,"1,2,3,4,5,6,7",2001-01-01 00:00:00,2013-09-30 00:00:00,1.0,6.0,,2018-01-26 10:06:29,
499236704126144,22,ARDO4,,"1,2,3,4,5",2001-01-01 00:00:00,2013-09-30 00:00:00,1.0,6.0,,2018-01-26 10:06:29,
499236705126144,28,ARDO4,,"1,2,3,4,5",2001-01-01 00:00:00,2013-09-30 00:00:00,1.0,6.0,,2018-01-26 10:06:29,
499236706126144,37,ARDO4,,"1,2,3,4",2001-01-01 00:00:00,2013-09-30 00:00:00,1.0,6.0,,2018-01-26 10:06:29,
499236707126144,40,ARDO4,,"1,2,3,4,5,6,7",2001-01-01 00:00:00,2013-09-30 00:00:00,1.0,6.0,,2018-01-26 10:06:29,
499236708126144,47,ARDO4,,"1,2,3,4,5",2001-01-01 00:00:00,2013-09-30 00:00:00,1.0,6.0,,2018-01-26 10:06:29,
499236709126144,48,ARDO4,,"1,2,3,4,5,6,7",2001-01-01 00:00:00,2013-09-30 00:00:00,1.0,6.0,,2018-01-26 10:06:29,
499236710126144,51,ARDO4,,"1,2,3,4,5",2001-01-01 00:00:00,2013-09-30 00:00:00,1.0,6.0,,2018-01-26 10:06:30,
499236711126144,1,SOVI2,,"1,2,3,4,5,6",2001-01-01 00:00:00,2013-09-30 00:00:00,1.0,6.0,,2018-01-26 10:06:30,
499236712126144,5,SOVI2,,"1,2,3,4,5",2001-01-01 00:00:00,2013-09-30 00:00:00,1.0,6.0,,2018-01-26 10:06:30,
499236713126144,12,SOVI2,,"1,2,3,4",2001-01-01 00:00:00,2013-09-30 00:00:00,1.0,6.0,,2018-01-26 10:06:30,
499236714126144,13,SOVI2,,"1,2,3,4,5",2001-01-01 00:00:00,2013-09-30 00:00:00,1.0,6.0,,2018-01-26 10:06:30,
499236715126144,21,SOVI2,,"1,2,3,4,5,6,7",2001-01-01 00:00:00,2013-09-30 00:00:00,1.0,6.0,,2018-01-26 10:06:30,
499236716126144,22,SOVI2,,"1,2,3,4,5",2001-01-01 00:00:00,2013-09-30 00:00:00,1.0,6.0,,2018-01-26 10:06:30,
499236717126144,28,SOVI2,,"1,2,3,4,5",2001-01-01 00:00:00,2013-09-30 00:00:00,1.0,6.0,,2018-01-26 10:06:30,
499236718126144,37,SOVI2,,"1,2,3,4",2001-01-01 00:00:00,2013-09-30 00:00:00,1.0,6.0,,2018-01-26 10:06:30,
499236719126144,40,SOVI2,,"1,2,3,4,5,6,7",2001-01-01 00:00:00,2013-09-30 00:00:00,1.0,6.0,,2018-01-26 10:06:30,
499236720126144,47,SOVI2,,"1,2,3,4,5",2001-01-01 00:00:00,2013-09-30 00:00:00,1.0,6.0,,2018-01-26 10:06:30,
499236721126144,48,SOVI2,,"1,2,3,4,5,6,7",2001-01-01 00:00:00,2013-09-30 00:00:00,1.0,6.0,,2018-01-26 10:06:30,
499236722126144,51,SOVI2,,"1,2,3,4,5",2001-01-01 00:00:00,2013-09-30 00:00:00,1.0,6.0,,2018-01-26 10:06:30,
499236735126144,45,ARDO4,,"1,2,3",2001-01-01 00:00:00,2013-09-30 00:00:00,1.0,6.0,,2018-01-26 10:06:30,
499236736126144,45,SOVI2,,"1,2,3",2001-01-01 00:00:00,2013-09-30 00:00:00,1.0,6.0,,2018-01-26 10:06:30,
499241001126144,1,AMBR7,,"1,2,3,4,5,6",2013-10-01 00:00:00,,6.0,,,2018-01-26 12:35:57,
499241002126144,5,AMBR7,,"1,2,3,4,5",2013-10-01 00:00:00,,6.0,,,2018-01-26 12:35:57,
499241003126144,12,AMBR7,,"1,2,3,4",2013-10-01 00:00:00,,6.0,,,2018-01-26 12:35:57,
499241004126144,13,AMBR7,,"1,2,3,4,5",2013-10-01 00:00:00,,6.0,,,2018-01-26 12:35:57,
499241005126144,21,AMBR7,,"1,2,3,4,5,6,7",2013-10-01 00:00:00,,6.0,,,2018-01-26 12:35:57,
499241006126144,22,AMBR7,,"1,2,3,4,5",2013-10-01 00:00:00,,6.0,,,2018-01-26 12:35:57,
499241007126144,28,AMBR7,,"1,2,3,4,5",2013-10-01 00:00:00,,6.0,,,2018-01-26 12:35:57,
499241008126144,37,AMBR7,,"1,2,3,4",2013-10-01 00:00:00,,6.0,,,2018-01-26 12:35:57,
499241009126144,40,AMBR7,,"1,2,3,4,5,6,7",2013-10-01 00:00:00,,6.0,,,2018-01-26 12:35:57,
499241010126144,45,AMBR7,,"1,2,3",2013-10-01 00:00:00,,6.0,,,2018-01-26 12:35:57,
499241011126144,47,AMBR7,,"1,2,3,4,5",2013-10-01 00:00:00,,6.0,,,2018-01-26 12:35:57,
245529386010661,6,ISTI,,,2011-01-01 00:00:00,,5.0,,,2010-09-02 00:00:00,
245529387010661,6,LELA2,,,2011-01-01 00:00:00,,5.0,,,2010-09-02 00:00:00,
245529388010661,6,LIDA,,,2011-01-01 00:00:00,,5.0,,,2010-09-02 00:00:00,
245529389010661,6,LYSA2,,,2011-01-01 00:00:00,,5.0,,,2010-09-02 00:00:00,
245529390010661,6,ONAC,,,2011-01-01 00:00:00,,5.0,,thistle spp group,2010-09-02 00:00:00,
245529391010661,6,POBO10,,,2011-01-01 00:00:00,,5.0,,knotweed spp group,2010-09-02 00:00:00,
245529392010661,6,POCU6,,,2011-01-01 00:00:00,,5.0,,knotweed spp group,2010-09-02 00:00:00,
245529393010661,6,POPO5,,,2011-01-01 00:00:00,,5.0,,knotweed spp group,2010-09-02 00:00:00,
245529394010661,6,POSA4,,,2011-01-01 00:00:00,,5.0,,knotweed spp group,2010-09-02 00:00:00,
245529395010661,6,RUAR9,,,2011-01-01 00:00:00,,5.0,,NRCS 2000 to 2010 update of SYMBOL from RUDI2 to RUAR9.,2010-09-02 00:00:00,
245529402010661,6,SPJU2,,,2011-01-01 00:00:00,,5.0,,broom spp group,2010-09-02 00:00:00,
245529403010661,6,TACA8,,,2011-01-01 00:00:00,,5.0,,,2010-09-02 00:00:00,
245529404010661,6,TARA,,,2011-01-01 00:00:00,,5.0,,,2010-09-02 00:00:00,
245529405010661,6,ULEU,,,2011-01-01 00:00:00,,5.0,,,2010-09-02 00:00:00,
245529406010661,8,ABTH,,,2011-01-01 00:00:00,2023-01-01 00:00:00,5.0,9.2,,2010-09-02 00:00:00,2025-07-28 11:29:18
245529407010661,8,ACRE3,,,2011-01-01 00:00:00,,5.0,,,2010-09-02 00:00:00,
245529408010661,8,AECY,,,2011-01-01 00:00:00,,5.0,,,2010-09-02 00:00:00,
245529409010661,8,ALMA12,,,2011-01-01 00:00:00,,5.0,,,2010-09-02 00:00:00,
245529410010661,8,ANAR6,,,2011-01-01 00:00:00,2023-01-01 00:00:00,5.0,9.2,,2010-09-02 00:00:00,2025-07-28 11:29:19
245529411010661,8,ANCO2,,,2011-01-01 00:00:00,2023-01-01 00:00:00,5.0,9.2,,2010-09-02 00:00:00,2025-07-28 11:29:19
245529412010661,8,ANCR2,,,2011-01-01 00:00:00,2023-01-01 00:00:00,5.0,9.2,,2010-09-02 00:00:00,2025-07-28 11:29:19
245529413010661,8,ARAB3,,,2011-01-01 00:00:00,,5.0,,,2010-09-02 00:00:00,
245529414010661,8,ARMI2,,,2011-01-01 00:00:00,,5.0,,,2010-09-02 00:00:00,
245529415010661,8,BRTE,,,2011-01-01 00:00:00,,5.0,,,2010-09-02 00:00:00,
245529416010661,8,CAAC,,,2011-01-01 00:00:00,2023-01-01 00:00:00,5.0,9.2,,2010-09-02 00:00:00,2025-07-28 11:29:19
245529417010661,8,CACA19,,,2011-01-01 00:00:00,2023-01-01 00:00:00,5.0,9.2,,2010-09-02 00:00:00,2025-07-28 11:29:22
245529418010661,8,CADR,,,2011-01-01 00:00:00,2023-01-01 00:00:00,5.0,9.2,,2010-09-02 00:00:00,2025-07-28 11:29:19
245529419010661,8,CANU4,,,2011-01-01 00:00:00,2023-01-01 00:00:00,5.0,9.2,,2010-09-02 00:00:00,2025-07-28 11:29:19
245529420010661,8,CESTM,,,2011-01-01 00:00:00,,5.0,,NRCS 2000 to 2010 update of SYMBOL from CEBI2 to CESTM.,2010-09-02 00:00:00,
245529421010661,8,CEDE5,,,2011-01-01 00:00:00,,5.0,,,2010-09-02 00:00:00,
245529422010661,8,CEDI3,,,2011-01-01 00:00:00,,5.0,,,2010-09-02 00:00:00,
245529423010661,8,CESO3,,,2011-01-01 00:00:00,,5.0,,,2010-09-02 00:00:00,
245529424010661,8,CESU,,,2011-01-01 00:00:00,2023-01-01 00:00:00,5.0,9.2,,2010-09-02 00:00:00,2025-07-28 11:29:19
245529425010661,8,CEVIS2,,,2011-01-01 00:00:00,,5.0,,NRCS 2000 to 2010 update of SYMBOL from CETR8 to CEVIS2.,2010-09-02 00:00:00,
245529426010661,8,CHJU,,,2011-01-01 00:00:00,,5.0,,,2010-09-02 00:00:00,
245529427010661,8,CIAR4,,,2011-01-01 00:00:00,,5.0,,,2010-09-02 00:00:00,
245529428010661,8,CIIN,,,2011-01-01 00:00:00,,5.0,,,2010-09-02 00:00:00,
245529429010661,8,CIVU,,,2011-01-01 00:00:00,,5.0,,,2010-09-02 00:00:00,
245529430010661,8,CLOR,,,2011-01-01 00:00:00,2023-01-01 00:00:00,5.0,9.2,,2010-09-02 00:00:00,2025-07-28 11:29:19
245529431010661,8,COAR4,,,2011-01-01 00:00:00,,5.0,,,2010-09-02 00:00:00,
245529432010661,8,COMA2,,,2011-01-01 00:00:00,,5.0,,,2010-09-02 00:00:00,
245529433010661,8,CRVU2,,,2011-01-01 00:00:00,,5.0,,,2010-09-02 00:00:00,
245529434010661,8,CYES,,,2011-01-01 00:00:00,2023-01-01 00:00:00,5.0,9.2,,2010-09-02 00:00:00,2025-07-28 11:29:19
245529435010661,8,CYOF,,,2011-01-01 00:00:00,,5.0,,,2010-09-02 00:00:00,
245529436010661,8,DIFU2,,,2011-01-01 00:00:00,2023-01-01 00:00:00,5.0,9.2,,2010-09-02 00:00:00,2025-07-28 11:29:19
245529437010661,8,DILA4,,,2011-01-01 00:00:00,2023-01-01 00:00:00,5.0,9.2,,2010-09-02 00:00:00,2025-07-28 11:29:19
245529438010661,8,ELAN,,,2011-01-01 00:00:00,,5.0,,,2010-09-02 00:00:00,
245529439010661,8,ELRE4,,,2011-01-01 00:00:00,,5.0,,,2010-09-02 00:00:00,
245529440010661,8,ERCI6,,,2011-01-01 00:00:00,2023-01-01 00:00:00,5.0,9.2,,2010-09-02 00:00:00,2025-07-28 11:29:20
245529441010661,8,EUCY2,,,2011-01-01 00:00:00,2023-01-01 00:00:00,5.0,9.2,,2010-09-02 00:00:00,2025-07-28 11:29:20
245529442010661,8,EUES,,,2011-01-01 00:00:00,,5.0,,,2010-09-02 00:00:00,
245529443010661,8,EUMY2,,,2011-01-01 00:00:00,,5.0,,,2010-09-02 00:00:00,
245529444010661,8,HAGL,,,2011-01-01 00:00:00,,5.0,,,2010-09-02 00:00:00,
245529445010661,8,HEMA3,,,2011-01-01 00:00:00,,5.0,,,2010-09-02 00:00:00,
245529446010661,8,HIAU,,,2011-01-01 00:00:00,,5.0,,,2010-09-02 00:00:00,
245529447010661,8,HITR,,,2011-01-01 00:00:00,2023-01-01 00:00:00,5.0,9.2,,2010-09-02 00:00:00,2025-07-28 11:29:21
245529448010661,8,HYNI,,,2011-01-01 00:00:00,,5.0,,,2010-09-02 00:00:00,
245529449010661,8,HYPE,,,2011-01-01 00:00:00,,5.0,,,2010-09-02 00:00:00,
245529450010661,8,HYVE3,,,2011-01-01 00:00:00,,5.0,,,2010-09-02 00:00:00,
245529451010661,8,ISTI,,,2011-01-01 00:00:00,,5.0,,,2010-09-02 00:00:00,
245529452010661,8,LECU,,,2011-01-01 00:00:00,2023-01-01 00:00:00,5.0,9.2,,2010-09-02 00:00:00,2025-07-28 11:29:21
245529453010661,8,LELA2,,,2011-01-01 00:00:00,,5.0,,,2010-09-02 00:00:00,
245529454010661,8,LEVU,,,2011-01-01 00:00:00,,5.0,,,2010-09-02 00:00:00,
245529455010661,8,LIDA,,,2011-01-01 00:00:00,2023-01-01 00:00:00,5.0,9.2,,2010-09-02 00:00:00,2025-07-28 11:29:21
245529456010661,8,LIGE,,,2011-01-01 00:00:00,2023-01-01 00:00:00,5.0,9.2,,2010-09-02 00:00:00,2025-07-28 11:29:22
245529457010661,8,LIVU2,,,2011-01-01 00:00:00,2023-01-01 00:00:00,5.0,9.2,,2010-09-02 00:00:00,2025-07-28 11:29:21
245529458010661,8,LYSA2,,,2011-01-01 00:00:00,,5.0,,,2010-09-02 00:00:00,
245529459010661,8,MYSP2,,,2011-01-01 00:00:00,,5.0,,,2010-09-02 00:00:00,
245529460010661,8,ONAC,,,2011-01-01 00:00:00,,5.0,,,2010-09-02 00:00:00,
245529461010661,8,ONTA,,,2011-01-01 00:00:00,2023-01-01 00:00:00,5.0,9.2,,2010-09-02 00:00:00,2025-07-28 11:29:21
245529462010661,8,PAMI2,,,2011-01-01 00:00:00,2023-01-01 00:00:00,5.0,9.2,,2010-09-02 00:00:00,2025-07-28 11:29:21
245529463010661,8,PEHA,,,2011-01-01 00:00:00,,5.0,,,2010-09-02 00:00:00,
245529464010661,8,PORE5,,,2011-01-01 00:00:00,,5.0,,,2010-09-02 00:00:00,
245529465010661,8,SAAE,,,2011-01-01 00:00:00,,5.0,,,2010-09-02 00:00:00,
245529466010661,8,SAMO5,,,2011-01-01 00:00:00,2023-01-01 00:00:00,5.0,9.2,,2010-09-02 00:00:00,2025-07-28 11:29:22
245529467010661,8,SAOF4,,,2011-01-01 00:00:00,2023-01-01 00:00:00,5.0,9.2,,2010-09-02 00:00:00,2025-07-28 11:29:22
245529468010661,8,SEJA,,,2011-01-01 00:00:00,,5.0,,,2010-09-02 00:00:00,
245529469010661,8,SOAR2,,,2011-01-01 00:00:00,2023-01-01 00:00:00,5.0,9.2,,2010-09-02 00:00:00,2025-07-28 11:29:22
245529470010661,8,SOHA,,,2011-01-01 00:00:00,,5.0,,,2010-09-02 00:00:00,
245529471010661,8,TACA8,,,2011-01-01 00:00:00,,5.0,,,2010-09-02 00:00:00,
245529472010661,8,TACH2,,,2011-01-01 00:00:00,2023-01-01 00:00:00,5.0,9.2,,2010-09-02 00:00:00,2025-07-28 11:29:22
245529473010661,8,TAPA4,,,2011-01-01 00:00:00,2023-01-01 00:00:00,5.0,9.2,,2010-09-02 00:00:00,2025-07-28 11:29:22
245529474010661,8,TARA,,,2011-01-01 00:00:00,2023-01-01 00:00:00,5.0,9.2,,2010-09-02 00:00:00,2025-07-28 11:29:22
245529475010661,8,TAVU,,,2011-01-01 00:00:00,,5.0,,,2010-09-02 00:00:00,
245529476010661,8,TRPE21,,,2011-01-01 00:00:00,2023-01-01 00:00:00,5.0,9.2,,2010-09-02 00:00:00,2025-07-28 11:29:22
245529477010661,8,TRTE,,,2011-01-01 00:00:00,,5.0,,,2010-09-02 00:00:00,
245529478010661,8,VEBL,,,2011-01-01 00:00:00,2023-01-01 00:00:00,5.0,9.2,,2010-09-02 00:00:00,2025-07-28 11:29:22
245529479010661,8,VETH,,,2011-01-01 00:00:00,2023-01-01 00:00:00,5.0,9.2,,2010-09-02 00:00:00,2025-07-28 11:29:22
245529480010661,9,ACPL,,,2007-01-01 00:00:00,,4.0,,,2010-09-24 00:00:00,
245529481010661,9,AIAL,,,2007-01-01 00:00:00,,4.0,,,2010-09-24 00:00:00,
245529482010661,9,ALJU,,,2007-01-01 00:00:00,,4.0,,,2010-09-24 00:00:00,
245529483010661,9,ALPE4,,,2007-01-01 00:00:00,,4.0,,,2010-09-24 00:00:00,
245529484010661,9,BETH,,,2007-01-01 00:00:00,,4.0,,,2010-09-24 00:00:00,
245529485010661,9,BEVU,,,2007-01-01 00:00:00,,4.0,,,2010-09-24 00:00:00,
245529486010661,9,CESTM,,,2007-01-01 00:00:00,,4.0,,NRCS 2000 to 2010 update of SYMBOL from CEBI2 to CESTM.,2010-09-24 00:00:00,
245529487010661,9,CEOR7,,,2007-01-01 00:00:00,,4.0,,,2010-09-24 00:00:00,
245529488010661,9,CIAR4,,,2007-01-01 00:00:00,,4.0,,,2010-09-24 00:00:00,
245529489010661,9,CIVU,,,2007-01-01 00:00:00,,4.0,,,2010-09-24 00:00:00,
245529490010661,9,CYLO11,,,2007-01-01 00:00:00,,4.0,,,2010-09-24 00:00:00,
245529491010661,9,CYRO8,,,2007-01-01 00:00:00,,4.0,,,2010-09-24 00:00:00,
245529492010661,9,ELAN,,,2007-01-01 00:00:00,,4.0,,,2010-09-24 00:00:00,
245529493010661,9,ELUM,,,2007-01-01 00:00:00,,4.0,,,2010-09-24 00:00:00,
245529494010661,9,EUES,,,2007-01-01 00:00:00,,4.0,,,2010-09-24 00:00:00,
245529495010661,9,FRAL4,,,2007-01-01 00:00:00,,4.0,,,2010-09-24 00:00:00,
245529496010661,9,HEHE,,,2007-01-01 00:00:00,,4.0,,,2010-09-24 00:00:00,
245529497010661,9,HEMA3,,,2007-01-01 00:00:00,,4.0,,,2010-09-24 00:00:00,
245529498010661,9,LIVU,,,2007-01-01 00:00:00,,4.0,,,2010-09-24 00:00:00,
245529499010661,9,LOBE,1.0,,2007-01-01 00:00:00,,4.0,,,2010-09-24 00:00:00,
245529500010661,9,LOJA,,,2007-01-01 00:00:00,,4.0,,,2010-09-24 00:00:00,
245529501010661,9,LOMA6,1.0,,2007-01-01 00:00:00,,4.0,,,2010-09-24 00:00:00,
245529502010661,9,LOMO2,1.0,,2007-01-01 00:00:00,,4.0,,,2010-09-24 00:00:00,
245529503010661,9,LONIC,1.0,,2007-01-01 00:00:00,,4.0,,"Consists of L. maackii, L. morrowii, L. tatarica or L. x bella if INVASIVE=Y after unknown processing.",2010-09-24 00:00:00,
245529504010661,9,LOTA,1.0,,2007-01-01 00:00:00,,4.0,,,2010-09-24 00:00:00,
245529505010661,9,LYNU,,,2007-01-01 00:00:00,,4.0,,,2010-09-24 00:00:00,
245529506010661,9,LYSA2,,,2007-01-01 00:00:00,,4.0,,,2010-09-24 00:00:00,
245529507010661,9,MEAZ,,,2007-01-01 00:00:00,,4.0,,,2010-09-24 00:00:00,
245529508010661,9,MEQU,,,2007-01-01 00:00:00,,4.0,,,2010-09-24 00:00:00,
245529509010661,9,MIVI,,,2007-01-01 00:00:00,,4.0,,,2010-09-24 00:00:00,
245529510010661,9,PATO2,,,2007-01-01 00:00:00,,4.0,,,2010-09-24 00:00:00,
245529511010661,9,PHAR3,,,2007-01-01 00:00:00,,4.0,,,2010-09-24 00:00:00,
245529512010661,9,PHAU7,,,2007-01-01 00:00:00,,4.0,,,2010-09-24 00:00:00,
245529513010661,9,POBO10,,,2007-01-01 00:00:00,,4.0,,Species not in PLANTS 2000,2010-09-24 00:00:00,
245529514010661,9,POCU6,,,2007-01-01 00:00:00,,4.0,,,2010-09-24 00:00:00,
245529515010661,9,POSA4,,,2007-01-01 00:00:00,,4.0,,,2010-09-24 00:00:00,
245529516010661,9,RHCA3,,,2007-01-01 00:00:00,,4.0,,,2010-09-24 00:00:00,
245529519010661,9,ROMU,,,2007-01-01 00:00:00,,4.0,,,2010-09-24 00:00:00,
245529520010661,9,ROPS,,,2007-01-01 00:00:00,,4.0,,,2010-09-24 00:00:00,
245529521010661,9,SPJA,,,2007-01-01 00:00:00,,4.0,,,2010-09-24 00:00:00,
245529522010661,9,TARA,,,2007-01-01 00:00:00,,4.0,,,2010-09-24 00:00:00,
245529523010661,9,TRSE6,,,2007-01-01 00:00:00,,4.0,,,2010-09-24 00:00:00,
245529524010661,9,ULPU,,,2007-01-01 00:00:00,,4.0,,,2010-09-24 00:00:00,
245529525010661,9,VIOP,,,2007-01-01 00:00:00,,4.0,,,2010-09-24 00:00:00,
245529526010661,10,ACPL,,,2007-01-01 00:00:00,,4.0,,,2010-09-24 00:00:00,
245529527010661,10,AIAL,,,2007-01-01 00:00:00,,4.0,,,2010-09-24 00:00:00,
245529528010661,10,ALJU,,,2007-01-01 00:00:00,,4.0,,,2010-09-24 00:00:00,
245529529010661,10,ALPE4,,,2007-01-01 00:00:00,,4.0,,,2010-09-24 00:00:00,
245529530010661,10,BETH,,,2007-01-01 00:00:00,,4.0,,,2010-09-24 00:00:00,
245529531010661,10,BEVU,,,2007-01-01 00:00:00,,4.0,,,2010-09-24 00:00:00,
245529532010661,10,CESTM,,,2007-01-01 00:00:00,,4.0,,NRCS 2000 to 2010 update of SYMBOL from CEBI2 to CESTM.,2010-09-24 00:00:00,
245529533010661,10,CEOR7,,,2007-01-01 00:00:00,,4.0,,,2010-09-24 00:00:00,
245529534010661,10,CIAR4,,,2007-01-01 00:00:00,,4.0,,,2010-09-24 00:00:00,
245529535010661,10,CIVU,,,2007-01-01 00:00:00,,4.0,,,2010-09-24 00:00:00,
245529536010661,10,CYLO11,,,2007-01-01 00:00:00,,4.0,,,2010-09-24 00:00:00,
245529537010661,10,CYRO8,,,2007-01-01 00:00:00,,4.0,,,2010-09-24 00:00:00,
245529538010661,10,ELAN,,,2007-01-01 00:00:00,,4.0,,,2010-09-24 00:00:00,
245529539010661,10,ELUM,,,2007-01-01 00:00:00,,4.0,,,2010-09-24 00:00:00,
245529540010661,10,EUES,,,2007-01-01 00:00:00,,4.0,,,2010-09-24 00:00:00,
245529541010661,10,FRAL4,,,2007-01-01 00:00:00,,4.0,,,2010-09-24 00:00:00,
245529542010661,10,HEHE,,,2007-01-01 00:00:00,,4.0,,,2010-09-24 00:00:00,
245529543010661,10,HEMA3,,,2007-01-01 00:00:00,,4.0,,,2010-09-24 00:00:00,
245529544010661,10,LIVU,,,2007-01-01 00:00:00,,4.0,,,2010-09-24 00:00:00,
245529545010661,10,LOBE,1.0,,2007-01-01 00:00:00,,4.0,,,2010-09-24 00:00:00,
245529546010661,10,LOJA,,,2007-01-01 00:00:00,,4.0,,,2010-09-24 00:00:00,
245529547010661,10,LOMA6,1.0,,2007-01-01 00:00:00,,4.0,,,2010-09-24 00:00:00,
245529548010661,10,LOMO2,1.0,,2007-01-01 00:00:00,,4.0,,,2010-09-24 00:00:00,
245529549010661,10,LONIC,1.0,,2007-01-01 00:00:00,,4.0,,"Consists of L. maackii, L. morrowii, L. tatarica or L. x bella if INVASIVE=Y after unknown processing.",2010-09-24 00:00:00,
245529550010661,10,LOTA,1.0,,2007-01-01 00:00:00,,4.0,,,2010-09-24 00:00:00,
245529551010661,10,LYNU,,,2007-01-01 00:00:00,,4.0,,,2010-09-24 00:00:00,
245529552010661,10,LYSA2,,,2007-01-01 00:00:00,,4.0,,,2010-09-24 00:00:00,
245529553010661,10,MEAZ,,,2007-01-01 00:00:00,,4.0,,,2010-09-24 00:00:00,
245529554010661,10,MEQU,,,2007-01-01 00:00:00,,4.0,,,2010-09-24 00:00:00,
245529555010661,10,MIVI,,,2007-01-01 00:00:00,,4.0,,,2010-09-24 00:00:00,
245529556010661,10,PATO2,,,2007-01-01 00:00:00,,4.0,,,2010-09-24 00:00:00,
245529557010661,10,PHAR3,,,2007-01-01 00:00:00,,4.0,,,2010-09-24 00:00:00,
245529558010661,10,PHAU7,,,2007-01-01 00:00:00,,4.0,,,2010-09-24 00:00:00,
245529559010661,10,POBO10,,,2007-01-01 00:00:00,,4.0,,Species not in PLANTS 2000,2010-09-24 00:00:00,
245529560010661,10,POCU6,,,2007-01-01 00:00:00,,4.0,,,2010-09-24 00:00:00,
245529561010661,10,POSA4,,,2007-01-01 00:00:00,,4.0,,,2010-09-24 00:00:00,
245529562010661,10,RHCA3,,,2007-01-01 00:00:00,,4.0,,,2010-09-24 00:00:00,
245529563010661,10,ROMU,,,2007-01-01 00:00:00,,4.0,,,2010-09-24 00:00:00,
245529564010661,10,ROPS,,,2007-01-01 00:00:00,,4.0,,,2010-09-24 00:00:00,
245529565010661,10,SPJA,,,2007-01-01 00:00:00,,4.0,,,2010-09-24 00:00:00,
245529566010661,10,TARA,,,2007-01-01 00:00:00,,4.0,,,2010-09-24 00:00:00,
245529567010661,10,TRSE6,,,2007-01-01 00:00:00,,4.0,,,2010-09-24 00:00:00,
245529568010661,10,ULPU,,,2007-01-01 00:00:00,,4.0,,,2010-09-24 00:00:00,
245529569010661,10,VIOP,,,2007-01-01 00:00:00,,4.0,,,2010-09-24 00:00:00,
245529570010661,11,ACPL,,,2007-01-01 00:00:00,,4.0,,,2010-09-24 00:00:00,
245529571010661,11,AIAL,,,2007-01-01 00:00:00,,4.0,,,2010-09-24 00:00:00,
245529572010661,11,ALJU,,,2007-01-01 00:00:00,,4.0,,,2010-09-24 00:00:00,
245529573010661,11,ALPE4,,,2007-01-01 00:00:00,,4.0,,,2010-09-24 00:00:00,
245529574010661,11,BETH,,,2007-01-01 00:00:00,,4.0,,,2010-09-24 00:00:00,
245529575010661,11,BEVU,,,2007-01-01 00:00:00,,4.0,,,2010-09-24 00:00:00,
245529576010661,11,CESTM,,,2007-01-01 00:00:00,,4.0,,NRCS 2000 to 2010 update of SYMBOL from CEBI2 to CESTM.,2010-09-24 00:00:00,
245529577010661,11,CEOR7,,,2007-01-01 00:00:00,,4.0,,,2010-09-24 00:00:00,
245529578010661,11,CIAR4,,,2007-01-01 00:00:00,,4.0,,,2010-09-24 00:00:00,
245529579010661,11,CIVU,,,2007-01-01 00:00:00,,4.0,,,2010-09-24 00:00:00,
245529580010661,11,CYLO11,,,2007-01-01 00:00:00,,4.0,,,2010-09-24 00:00:00,
245529585010661,11,CYRO8,,,2007-01-01 00:00:00,,4.0,,,2010-09-24 00:00:00,
245529586010661,11,ELAN,,,2007-01-01 00:00:00,,4.0,,,2010-09-24 00:00:00,
245529587010661,11,ELUM,,,2007-01-01 00:00:00,,4.0,,,2010-09-24 00:00:00,
245529588010661,11,EUES,,,2007-01-01 00:00:00,,4.0,,,2010-09-24 00:00:00,
245529589010661,11,FRAL4,,,2007-01-01 00:00:00,,4.0,,,2010-09-24 00:00:00,
499241012126144,48,AMBR7,,"1,2,3,4,5,6,7",2013-10-01 00:00:00,,6.0,,,2018-01-26 12:35:57,
499241013126144,51,AMBR7,,"1,2,3,4,5",2013-10-01 00:00:00,,6.0,,,2018-01-26 12:35:57,
499241014126144,1,LIRIO2,,"1,2,3,4,5,6",2013-10-01 00:00:00,,6.0,,,2018-01-26 12:35:57,
499241015126144,5,LIRIO2,,"1,2,3,4,5",2013-10-01 00:00:00,,6.0,,,2018-01-26 12:35:57,
499241016126144,12,LIRIO2,,"1,2,3,4",2013-10-01 00:00:00,,6.0,,,2018-01-26 12:35:57,
499241017126144,13,LIRIO2,,"1,2,3,4,5",2013-10-01 00:00:00,,6.0,,,2018-01-26 12:35:57,
499241018126144,21,LIRIO2,,"1,2,3,4,5,6,7",2013-10-01 00:00:00,,6.0,,,2018-01-26 12:35:57,
499241019126144,22,LIRIO2,,"1,2,3,4,5",2013-10-01 00:00:00,,6.0,,,2018-01-26 12:35:57,
499241020126144,28,LIRIO2,,"1,2,3,4,5",2013-10-01 00:00:00,,6.0,,,2018-01-26 12:35:57,
499241021126144,37,LIRIO2,,"1,2,3,4",2013-10-01 00:00:00,,6.0,,,2018-01-26 12:35:57,
499241022126144,40,LIRIO2,,"1,2,3,4,5,6,7",2013-10-01 00:00:00,,6.0,,,2018-01-26 12:35:57,
499241023126144,45,LIRIO2,,"1,2,3",2013-10-01 00:00:00,,6.0,,,2018-01-26 12:35:57,
499241024126144,47,LIRIO2,,"1,2,3,4,5",2013-10-01 00:00:00,,6.0,,,2018-01-26 12:35:57,
499241025126144,48,LIRIO2,,"1,2,3,4,5,6,7",2013-10-01 00:00:00,,6.0,,,2018-01-26 12:35:57,
499241026126144,51,LIRIO2,,"1,2,3,4,5",2013-10-01 00:00:00,,6.0,,,2018-01-26 12:35:58,
499241027126144,1,PHAU8,,"1,2,3,4,5,6",2013-10-01 00:00:00,,6.0,,,2018-01-26 12:35:58,
499241028126144,5,PHAU8,,"1,2,3,4,5",2013-10-01 00:00:00,,6.0,,,2018-01-26 12:35:58,
499241029126144,12,PHAU8,,"1,2,3,4",2013-10-01 00:00:00,,6.0,,,2018-01-26 12:35:58,
499241030126144,13,PHAU8,,"1,2,3,4,5",2013-10-01 00:00:00,,6.0,,,2018-01-26 12:35:58,
499241031126144,21,PHAU8,,"1,2,3,4,5,6,7",2013-10-01 00:00:00,,6.0,,,2018-01-26 12:35:58,
499241032126144,22,PHAU8,,"1,2,3,4,5",2013-10-01 00:00:00,,6.0,,,2018-01-26 12:35:58,
499241033126144,28,PHAU8,,"1,2,3,4,5",2013-10-01 00:00:00,,6.0,,,2018-01-26 12:35:58,
499241034126144,37,PHAU8,,"1,2,3,4",2013-10-01 00:00:00,,6.0,,,2018-01-26 12:35:58,
499241035126144,40,PHAU8,,"1,2,3,4,5,6,7",2013-10-01 00:00:00,,6.0,,,2018-01-26 12:35:58,
499241036126144,45,PHAU8,,"1,2,3",2013-10-01 00:00:00,,6.0,,,2018-01-26 12:35:58,
499241037126144,47,PHAU8,,"1,2,3,4,5",2013-10-01 00:00:00,,6.0,,,2018-01-26 12:35:58,
499241038126144,48,PHAU8,,"1,2,3,4,5,6,7",2013-10-01 00:00:00,,6.0,,,2018-01-26 12:35:58,
499241039126144,51,PHAU8,,"1,2,3,4,5",2013-10-01 00:00:00,,6.0,,,2018-01-26 12:35:58,
499241040126144,1,SEVA4,,"1,2,3,4,5,6",2013-10-01 00:00:00,,6.0,,,2018-01-26 12:35:58,
499241041126144,5,SEVA4,,"1,2,3,4,5",2013-10-01 00:00:00,,6.0,,,2018-01-26 12:35:58,
499241042126144,12,SEVA4,,"1,2,3,4",2013-10-01 00:00:00,,6.0,,,2018-01-26 12:35:58,
499241043126144,13,SEVA4,,"1,2,3,4,5",2013-10-01 00:00:00,,6.0,,,2018-01-26 12:35:58,
499241044126144,21,SEVA4,,"1,2,3,4,5,6,7",2013-10-01 00:00:00,,6.0,,,2018-01-26 12:35:58,
499241045126144,22,SEVA4,,"1,2,3,4,5",2013-10-01 00:00:00,,6.0,,,2018-01-26 12:35:58,
499241046126144,28,SEVA4,,"1,2,3,4,5",2013-10-01 00:00:00,,6.0,,,2018-01-26 12:35:58,
499241047126144,37,SEVA4,,"1,2,3,4",2013-10-01 00:00:00,,6.0,,,2018-01-26 12:35:58,
499241048126144,40,SEVA4,,"1,2,3,4,5,6,7",2013-10-01 00:00:00,,6.0,,,2018-01-26 12:35:58,
499241049126144,45,SEVA4,,"1,2,3",2013-10-01 00:00:00,,6.0,,,2018-01-26 12:35:58,
499241050126144,47,SEVA4,,"1,2,3,4,5",2013-10-01 00:00:00,,6.0,,,2018-01-26 12:35:58,
499241051126144,48,SEVA4,,"1,2,3,4,5,6,7",2013-10-01 00:00:00,,6.0,,,2018-01-26 12:35:58,
499241052126144,51,SEVA4,,"1,2,3,4,5",2013-10-01 00:00:00,,6.0,,,2018-01-26 12:35:58,
499426434126144,1,MERE9,,"1,2,3,4,5,6",2013-10-01 00:00:00,,6.0,,,2018-01-31 08:25:18,
499426447126144,13,ERCU2,,"1,2,3,4,5",2013-10-01 00:00:00,,6.0,,,2018-01-31 08:25:19,
499426448126144,21,ERCU2,,"1,2,3,4,5,6,7",2013-10-01 00:00:00,,6.0,,,2018-01-31 08:25:19,
499426449126144,22,ERCU2,,"1,2,3,4,5",2013-10-01 00:00:00,,6.0,,,2018-01-31 08:25:19,
499426450126144,28,ERCU2,,"1,2,3,4,5",2013-10-01 00:00:00,,6.0,,,2018-01-31 08:25:19,
499426451126144,37,ERCU2,,"1,2,3,4",2013-10-01 00:00:00,,6.0,,,2018-01-31 08:25:19,
499426452126144,40,ERCU2,,"1,2,3,4,5,6,7",2013-10-01 00:00:00,,6.0,,,2018-01-31 08:25:19,
499426453126144,47,ERCU2,,"1,2,3,4,5",2013-10-01 00:00:00,,6.0,,,2018-01-31 08:25:19,
499426454126144,48,ERCU2,,"1,2,3,4,5,6,7",2013-10-01 00:00:00,,6.0,,,2018-01-31 08:25:19,
499426455126144,51,ERCU2,,"1,2,3,4,5",2013-10-01 00:00:00,,6.0,,,2018-01-31 08:25:19,
499426456126144,45,ERCU2,,"1,2,3",2013-10-01 00:00:00,,6.0,,,2018-01-31 08:25:19,
499426457126144,12,ERCU2,,"1,2,3,4",2013-10-01 00:00:00,,6.0,,,2018-01-31 08:25:19,
499426458126144,45,MERE9,,"1,2,3",2013-10-01 00:00:00,,6.0,,,2018-01-31 08:25:19,
165138649981125,45,WISTE,,"1,2,3",2001-01-01 00:00:00,,1.0,,,2017-12-21 11:46:52,2017-12-21 17:44:17
165138651981125,45,IMCY,,"1,2,3",2001-01-01 00:00:00,,1.0,,,2017-12-21 11:46:52,2017-12-21 17:44:17
165138652981125,45,MIVI,,"1,2,3",2001-01-01 00:00:00,,1.0,,,2017-12-21 11:46:52,2017-12-21 17:44:17
165138653981125,45,MISI,,"1,2,3",2001-01-01 00:00:00,,1.0,,,2017-12-21 11:46:52,2017-12-21 17:44:17
165138655981125,45,LYJA,,"1,2,3",2001-01-01 00:00:00,,1.0,,,2017-12-21 11:46:52,2017-12-21 17:44:17
165138656981125,45,ALPE4,,"1,2,3",2001-01-01 00:00:00,,1.0,,,2017-12-21 11:46:52,2017-12-21 17:44:17
165138658981125,45,LECU,,"1,2,3",2001-01-01 00:00:00,,1.0,,,2017-12-21 11:46:52,2017-12-21 17:44:17
165138659981125,45,BRPA4,,"1,2,3",2013-10-01 00:00:00,,6.0,,,2017-12-21 11:46:52,
165138660981125,45,FISI2,,"1,2,3",2013-10-01 00:00:00,,6.0,,,2017-12-21 11:46:52,
165138661981125,45,FRAL4,,"1,2,3",2013-10-01 00:00:00,,6.0,,,2017-12-21 11:46:52,
165138662981125,45,POTR4,,"1,2,3",2013-10-01 00:00:00,,6.0,,,2017-12-21 11:46:52,
165138663981125,45,PYCA80,,"1,2,3",2013-10-01 00:00:00,,6.0,,,2017-12-21 11:46:52,
165138664981125,45,TAMAR2,,"1,2,3",2013-10-01 00:00:00,,6.0,,,2017-12-21 11:46:52,
165138665981125,45,VEFO,,"1,2,3",2013-10-01 00:00:00,,6.0,,,2017-12-21 11:46:52,
165138666981125,45,BETH,,"1,2,3",2013-10-01 00:00:00,,6.0,,,2017-12-21 11:46:52,
165138667981125,45,MABE2,,"1,2,3",2013-10-01 00:00:00,,6.0,,,2017-12-21 11:46:52,
165138668981125,45,POCU6,,"1,2,3",2013-10-01 00:00:00,,6.0,,,2017-12-21 11:46:52,
165138669981125,45,SPJA,,"1,2,3",2013-10-01 00:00:00,,6.0,,,2017-12-21 11:46:52,
165138670981125,45,AKQU,,"1,2,3",2013-10-01 00:00:00,,6.0,,,2017-12-21 11:46:52,
165138671981125,47,AIAL,,"1,2,3,4,5",2001-01-01 00:00:00,,1.0,,,2017-12-21 11:46:52,2017-12-21 17:44:17
165138672981125,47,ALJU,,"1,2,3,4,5",2001-01-01 00:00:00,,1.0,,,2017-12-21 11:46:52,2017-12-21 17:44:17
165138673981125,47,PATO2,,"1,2,3,4,5",2001-01-01 00:00:00,,1.0,,,2017-12-21 11:46:52,2017-12-21 17:44:17
165138674981125,47,MEAZ,,"1,2,3,4,5",2001-01-01 00:00:00,,1.0,,,2017-12-21 11:46:52,2017-12-21 17:44:17
165138675981125,47,TRSE6,,"1,2,3,4,5",2001-01-01 00:00:00,,1.0,,,2017-12-21 11:46:52,2017-12-21 17:44:17
165138676981125,47,ELAEA,,"1,2,3,4,5",2001-01-01 00:00:00,,1.0,,,2017-12-21 11:46:52,2017-12-21 17:44:17
165138678981125,47,ELPU2,,"1,2,3,4,5",2001-01-01 00:00:00,,1.0,,,2017-12-21 11:46:52,2017-12-21 17:44:17
165138679981125,47,LIGUS2,,"1,2,3,4,5",2001-01-01 00:00:00,,1.0,,,2017-12-21 11:46:53,2017-12-21 17:44:17
165138680981125,47,LIJA,,"1,2,3,4,5",2001-01-01 00:00:00,,1.0,,,2017-12-21 11:46:53,2017-12-21 17:44:17
165138681981125,47,LONIC,,"1,2,3,4,5",2001-01-01 00:00:00,,1.0,,,2017-12-21 11:46:53,2017-12-21 17:44:17
165138682981125,47,NADO,,"1,2,3,4,5",2001-01-01 00:00:00,,1.0,,,2017-12-21 11:46:53,2017-12-21 17:44:17
165138683981125,47,ROSA5,,"1,2,3,4,5",2001-01-01 00:00:00,,1.0,,,2017-12-21 11:46:53,2017-12-21 17:44:17
165138684981125,47,CEOR7,,"1,2,3,4,5",2001-01-01 00:00:00,,1.0,,,2017-12-21 11:46:53,2017-12-21 17:44:17
165138685981125,47,DIOSC,,"1,2,3,4,5",2001-01-01 00:00:00,,1.0,,,2017-12-21 11:46:53,2017-12-21 17:44:17
165138686981125,47,EUFO5,,"1,2,3,4,5",2001-01-01 00:00:00,,1.0,,,2017-12-21 11:46:53,2017-12-21 17:44:17
165138687981125,47,LOJA,,"1,2,3,4,5",2001-01-01 00:00:00,,1.0,,,2017-12-21 11:46:53,2017-12-21 17:44:17
165138688981125,47,PUMOL,,"1,2,3,4,5",2001-01-01 00:00:00,,1.0,,,2017-12-21 11:46:53,2017-12-21 17:44:17
165138689981125,47,VINCA,,"1,2,3,4,5",2001-01-01 00:00:00,,1.0,,,2017-12-21 11:46:53,2017-12-21 17:44:17
165138690981125,47,WISTE,,"1,2,3,4,5",2001-01-01 00:00:00,,1.0,,,2017-12-21 11:46:53,2017-12-21 17:44:17
165138691981125,47,SCPH,,"1,2,3,4,5",2001-01-01 00:00:00,,1.0,,,2017-12-21 11:46:53,2017-12-21 17:44:17
165138692981125,47,IMCY,,"1,2,3,4,5",2001-01-01 00:00:00,,1.0,,,2017-12-21 11:46:53,2017-12-21 17:44:17
165138693981125,47,MIVI,,"1,2,3,4,5",2001-01-01 00:00:00,,1.0,,,2017-12-21 11:46:53,2017-12-21 17:44:17
165138694981125,47,MISI,,"1,2,3,4,5",2001-01-01 00:00:00,,1.0,,,2017-12-21 11:46:53,2017-12-21 17:44:17
165138695981125,47,BAMBU,,"1,2,3,4,5",2001-01-01 00:00:00,,1.0,,,2017-12-21 11:46:53,2017-12-21 17:44:17
165138696981125,47,LYJA,,"1,2,3,4,5",2001-01-01 00:00:00,,1.0,,,2017-12-21 11:46:53,2017-12-21 17:44:17
165138697981125,47,ALPE4,,"1,2,3,4,5",2001-01-01 00:00:00,,1.0,,,2017-12-21 11:46:53,2017-12-21 17:44:17
165138698981125,47,LESPE,,"1,2,3,4,5",2001-01-01 00:00:00,,1.0,,,2017-12-21 11:46:53,2017-12-21 17:44:17
165138699981125,47,LECU,,"1,2,3,4,5",2001-01-01 00:00:00,,1.0,,,2017-12-21 11:46:53,2017-12-21 17:44:17
165138700981125,47,BRPA4,,"1,2,3,4,5",2013-10-01 00:00:00,,6.0,,,2017-12-21 11:46:53,
165138701981125,47,FISI2,,"1,2,3,4,5",2013-10-01 00:00:00,,6.0,,,2017-12-21 11:46:53,
165138702981125,47,FRAL4,,"1,2,3,4,5",2013-10-01 00:00:00,,6.0,,,2017-12-21 11:46:53,
165138703981125,47,POTR4,,"1,2,3,4,5",2013-10-01 00:00:00,,6.0,,,2017-12-21 11:46:53,
165138704981125,47,PYCA80,,"1,2,3,4,5",2013-10-01 00:00:00,,6.0,,,2017-12-21 11:46:53,
165138705981125,47,TAMAR2,,"1,2,3,4,5",2013-10-01 00:00:00,,6.0,,,2017-12-21 11:46:53,
165138706981125,47,VEFO,,"1,2,3,4,5",2013-10-01 00:00:00,,6.0,,,2017-12-21 11:46:53,
165138707981125,47,BETH,,"1,2,3,4,5",2013-10-01 00:00:00,,6.0,,,2017-12-21 11:46:53,
165138708981125,47,MABE2,,"1,2,3,4,5",2013-10-01 00:00:00,,6.0,,,2017-12-21 11:46:53,
165138709981125,47,POCU6,,"1,2,3,4,5",2013-10-01 00:00:00,,6.0,,,2017-12-21 11:46:53,
165138710981125,47,SPJA,,"1,2,3,4,5",2013-10-01 00:00:00,,6.0,,,2017-12-21 11:46:53,
165138711981125,47,AKQU,,"1,2,3,4,5",2013-10-01 00:00:00,,6.0,,,2017-12-21 11:46:53,
165138712981125,48,AIAL,,"1,2,3,4,5,6,7",2001-01-01 00:00:00,,1.0,,,2017-12-21 11:46:53,2017-12-21 17:44:17
165138713981125,48,ALJU,,"1,2,3,4,5,6,7",2001-01-01 00:00:00,,1.0,,,2017-12-21 11:46:53,2017-12-21 17:44:17
165138714981125,48,PATO2,,"1,2,3,4,5,6,7",2001-01-01 00:00:00,,1.0,,,2017-12-21 11:46:53,2017-12-21 17:44:17
165138715981125,48,MEAZ,,"1,2,3,4,5,6,7",2001-01-01 00:00:00,,1.0,,,2017-12-21 11:46:53,2017-12-21 17:44:17
165138716981125,48,TRSE6,,"1,2,3,4,5,6,7",2001-01-01 00:00:00,,1.0,,,2017-12-21 11:46:53,2017-12-21 17:44:17
165138717981125,48,ELAEA,,"1,2,3,4,5,6,7",2001-01-01 00:00:00,,1.0,,,2017-12-21 11:46:53,2017-12-21 17:44:17
165138719981125,48,ELPU2,,"1,2,3,4,5,6,7",2001-01-01 00:00:00,,1.0,,,2017-12-21 11:46:53,2017-12-21 17:44:17
165138720981125,48,LIGUS2,,"1,2,3,4,5,6,7",2001-01-01 00:00:00,,1.0,,,2017-12-21 11:46:53,2017-12-21 17:44:17
165138721981125,48,LIJA,,"1,2,3,4,5,6,7",2001-01-01 00:00:00,,1.0,,,2017-12-21 11:46:53,2017-12-21 17:44:17
165138722981125,48,LONIC,,"1,2,3,4,5,6,7",2001-01-01 00:00:00,,1.0,,,2017-12-21 11:46:53,2017-12-21 17:44:17
165138723981125,48,NADO,,"1,2,3,4,5,6,7",2001-01-01 00:00:00,,1.0,,,2017-12-21 11:46:53,2017-12-21 17:44:17
165138724981125,48,ROSA5,,"1,2,3,4,5,6,7",2001-01-01 00:00:00,,1.0,,,2017-12-21 11:46:53,2017-12-21 17:44:17
165138725981125,48,CEOR7,,"1,2,3,4,5,6,7",2001-01-01 00:00:00,,1.0,,,2017-12-21 11:46:53,2017-12-21 17:44:17
165138726981125,48,DIOSC,,"1,2,3,4,5,6,7",2001-01-01 00:00:00,,1.0,,,2017-12-21 11:46:53,2017-12-21 17:44:17
165138727981125,48,EUFO5,,"1,2,3,4,5,6,7",2001-01-01 00:00:00,,1.0,,,2017-12-21 11:46:53,2017-12-21 17:44:17
165138728981125,48,LOJA,,"1,2,3,4,5,6,7",2001-01-01 00:00:00,,1.0,,,2017-12-21 11:46:53,2017-12-21 17:44:17
165138729981125,48,PUMOL,,"1,2,3,4,5,6,7",2001-01-01 00:00:00,,1.0,,,2017-12-21 11:46:53,2017-12-21 17:44:17
165138730981125,48,VINCA,,"1,2,3,4,5,6,7",2001-01-01 00:00:00,,1.0,,,2017-12-21 11:46:53,2017-12-21 17:44:17
165138731981125,48,WISTE,,"1,2,3,4,5,6,7",2001-01-01 00:00:00,,1.0,,,2017-12-21 11:46:53,2017-12-21 17:44:17
165138732981125,48,SCPH,,"1,2,3,4,5,6,7",2001-01-01 00:00:00,,1.0,,,2017-12-21 11:46:53,2017-12-21 17:44:17
165138733981125,48,IMCY,,"1,2,3,4,5,6,7",2001-01-01 00:00:00,,1.0,,,2017-12-21 11:46:53,2017-12-21 17:44:17
165138734981125,48,MIVI,,"1,2,3,4,5,6,7",2001-01-01 00:00:00,,1.0,,,2017-12-21 11:46:53,2017-12-21 17:44:17
165138735981125,48,MISI,,"1,2,3,4,5,6,7",2001-01-01 00:00:00,,1.0,,,2017-12-21 11:46:53,2017-12-21 17:44:17
165138736981125,48,BAMBU,,"1,2,3,4,5,6,7",2001-01-01 00:00:00,,1.0,,,2017-12-21 11:46:53,2017-12-21 17:44:17
165138737981125,48,LYJA,,"1,2,3,4,5,6,7",2001-01-01 00:00:00,,1.0,,,2017-12-21 11:46:53,2017-12-21 17:44:17
165138738981125,48,ALPE4,,"1,2,3,4,5,6,7",2001-01-01 00:00:00,,1.0,,,2017-12-21 11:46:53,2017-12-21 17:44:17
165138739981125,48,LESPE,,"1,2,3,4,5,6,7",2001-01-01 00:00:00,,1.0,,,2017-12-21 11:46:53,2017-12-21 17:44:17
165138740981125,48,LECU,,"1,2,3,4,5,6,7",2001-01-01 00:00:00,,1.0,,,2017-12-21 11:46:53,2017-12-21 17:44:17
165138741981125,48,BRPA4,,"1,2,3,4,5,6,7",2013-10-01 00:00:00,,6.0,,,2017-12-21 11:46:53,
165138742981125,48,FISI2,,"1,2,3,4,5,6,7",2013-10-01 00:00:00,,6.0,,,2017-12-21 11:46:53,
165138743981125,48,FRAL4,,"1,2,3,4,5,6,7",2013-10-01 00:00:00,,6.0,,,2017-12-21 11:46:53,
165138744981125,48,POTR4,,"1,2,3,4,5,6,7",2013-10-01 00:00:00,,6.0,,,2017-12-21 11:46:53,
165138745981125,48,PYCA80,,"1,2,3,4,5,6,7",2013-10-01 00:00:00,,6.0,,,2017-12-21 11:46:53,
165138746981125,48,TAMAR2,,"1,2,3,4,5,6,7",2013-10-01 00:00:00,,6.0,,,2017-12-21 11:46:53,
165138747981125,48,VEFO,,"1,2,3,4,5,6,7",2013-10-01 00:00:00,,6.0,,,2017-12-21 11:46:53,
165138748981125,48,BETH,,"1,2,3,4,5,6,7",2013-10-01 00:00:00,,6.0,,,2017-12-21 11:46:53,
165138749981125,48,MABE2,,"1,2,3,4,5,6,7",2013-10-01 00:00:00,,6.0,,,2017-12-21 11:46:53,
165138750981125,48,POCU6,,"1,2,3,4,5,6,7",2013-10-01 00:00:00,,6.0,,,2017-12-21 11:46:53,
165138751981125,48,SPJA,,"1,2,3,4,5,6,7",2013-10-01 00:00:00,,6.0,,,2017-12-21 11:46:53,
165138752981125,48,AKQU,,"1,2,3,4,5,6,7",2013-10-01 00:00:00,,6.0,,,2017-12-21 11:46:53,
165138753981125,5,ALJU,,"1,2,3,4,5",2001-01-01 00:00:00,,1.0,,,2017-12-21 11:46:53,2017-12-21 17:44:17
165138754981125,5,PATO2,,"1,2,3,4,5",2001-01-01 00:00:00,,1.0,,,2017-12-21 11:46:53,2017-12-21 17:44:17
165138755981125,5,MEAZ,,"1,2,3,4,5",2001-01-01 00:00:00,,1.0,,,2017-12-21 11:46:53,2017-12-21 17:44:17
245530247010661,26,CEOR7,,,2007-01-01 00:00:00,,4.0,,,2010-09-24 00:00:00,
245530248010661,26,CIAR4,,,2007-01-01 00:00:00,,4.0,,,2010-09-24 00:00:00,
245530249010661,26,CIVU,,,2007-01-01 00:00:00,,4.0,,,2010-09-24 00:00:00,
245530250010661,26,CYLO11,,,2007-01-01 00:00:00,,4.0,,,2010-09-24 00:00:00,
245530251010661,26,CYRO8,,,2007-01-01 00:00:00,,4.0,,,2010-09-24 00:00:00,
245530252010661,26,ELAN,,,2007-01-01 00:00:00,,4.0,,,2010-09-24 00:00:00,
245530253010661,26,ELUM,,,2007-01-01 00:00:00,,4.0,,,2010-09-24 00:00:00,
245530254010661,26,EUES,,,2007-01-01 00:00:00,,4.0,,,2010-09-24 00:00:00,
245530255010661,26,FRAL4,,,2007-01-01 00:00:00,,4.0,,,2010-09-24 00:00:00,
245530256010661,26,HEHE,,,2007-01-01 00:00:00,,4.0,,,2010-09-24 00:00:00,
245530257010661,26,HEMA3,,,2007-01-01 00:00:00,,4.0,,,2010-09-24 00:00:00,
245530258010661,26,LIVU,,,2007-01-01 00:00:00,,4.0,,,2010-09-24 00:00:00,
245530259010661,26,LOBE,1.0,,2007-01-01 00:00:00,,4.0,,,2010-09-24 00:00:00,
245530260010661,26,LOJA,,,2007-01-01 00:00:00,,4.0,,,2010-09-24 00:00:00,
245530261010661,26,LOMA6,1.0,,2007-01-01 00:00:00,,4.0,,,2010-09-24 00:00:00,
245530262010661,26,LOMO2,1.0,,2007-01-01 00:00:00,,4.0,,,2010-09-24 00:00:00,
245530263010661,26,LONIC,1.0,,2007-01-01 00:00:00,,4.0,,"Consists of L. maackii, L. morrowii, L. tatarica or L. x bella if INVASIVE=Y after unknown processing.",2010-09-24 00:00:00,
245530264010661,26,LOTA,1.0,,2007-01-01 00:00:00,,4.0,,,2010-09-24 00:00:00,
245530265010661,26,LYNU,,,2007-01-01 00:00:00,,4.0,,,2010-09-24 00:00:00,
245530266010661,26,LYSA2,,,2007-01-01 00:00:00,,4.0,,,2010-09-24 00:00:00,
245530267010661,26,MEAZ,,,2007-01-01 00:00:00,,4.0,,,2010-09-24 00:00:00,
245530268010661,26,MEQU,,,2007-01-01 00:00:00,,4.0,,,2010-09-24 00:00:00,
245530269010661,26,MIVI,,,2007-01-01 00:00:00,,4.0,,,2010-09-24 00:00:00,
245530270010661,26,PATO2,,,2007-01-01 00:00:00,,4.0,,,2010-09-24 00:00:00,
245530271010661,26,PHAR3,,,2007-01-01 00:00:00,,4.0,,,2010-09-24 00:00:00,
245530272010661,26,PHAU7,,,2007-01-01 00:00:00,,4.0,,,2010-09-24 00:00:00,
245530273010661,26,POBO10,,,2007-01-01 00:00:00,,4.0,,Species not in PLANTS 2000,2010-09-24 00:00:00,
245530274010661,26,POCU6,,,2007-01-01 00:00:00,,4.0,,,2010-09-24 00:00:00,
245530275010661,26,POSA4,,,2007-01-01 00:00:00,,4.0,,,2010-09-24 00:00:00,
245530276010661,26,RHCA3,,,2007-01-01 00:00:00,,4.0,,,2010-09-24 00:00:00,
245530277010661,26,ROMU,,,2007-01-01 00:00:00,,4.0,,,2010-09-24 00:00:00,
245530278010661,26,ROPS,,,2007-01-01 00:00:00,,4.0,,,2010-09-24 00:00:00,
245530279010661,26,SPJA,,,2007-01-01 00:00:00,,4.0,,,2010-09-24 00:00:00,
245530280010661,26,TARA,,,2007-01-01 00:00:00,,4.0,,,2010-09-24 00:00:00,
245530281010661,26,TRSE6,,,2007-01-01 00:00:00,,4.0,,,2010-09-24 00:00:00,
245530282010661,26,ULPU,,,2007-01-01 00:00:00,,4.0,,,2010-09-24 00:00:00,
245530283010661,26,VIOP,,,2007-01-01 00:00:00,,4.0,,,2010-09-24 00:00:00,
245530284010661,27,ACPL,,,2007-01-01 00:00:00,,4.0,,,2010-09-24 00:00:00,
245530285010661,27,AIAL,,,2007-01-01 00:00:00,,4.0,,,2010-09-24 00:00:00,
245530286010661,27,ALJU,,,2007-01-01 00:00:00,,4.0,,,2010-09-24 00:00:00,
245530287010661,27,ALPE4,,,2007-01-01 00:00:00,,4.0,,,2010-09-24 00:00:00,
245530288010661,27,BETH,,,2007-01-01 00:00:00,,4.0,,,2010-09-24 00:00:00,
245530289010661,27,BEVU,,,2007-01-01 00:00:00,,4.0,,,2010-09-24 00:00:00,
245530290010661,27,CESTM,,,2007-01-01 00:00:00,,4.0,,NRCS 2000 to 2010 update of SYMBOL from CEBI2 to CESTM.,2010-09-24 00:00:00,
245530291010661,27,CEOR7,,,2007-01-01 00:00:00,,4.0,,,2010-09-24 00:00:00,
245530292010661,27,CIAR4,,,2007-01-01 00:00:00,,4.0,,,2010-09-24 00:00:00,
245530293010661,27,CIVU,,,2007-01-01 00:00:00,,4.0,,,2010-09-24 00:00:00,
245530294010661,27,CYLO11,,,2007-01-01 00:00:00,,4.0,,,2010-09-24 00:00:00,
245530295010661,27,CYRO8,,,2007-01-01 00:00:00,,4.0,,,2010-09-24 00:00:00,
245530296010661,27,ELAN,,,2007-01-01 00:00:00,,4.0,,,2010-09-24 00:00:00,
245530297010661,27,ELUM,,,2007-01-01 00:00:00,,4.0,,,2010-09-24 00:00:00,
245530298010661,27,EUES,,,2007-01-01 00:00:00,,4.0,,,2010-09-24 00:00:00,
245530299010661,27,FRAL4,,,2007-01-01 00:00:00,,4.0,,,2010-09-24 00:00:00,
245530300010661,27,HEHE,,,2007-01-01 00:00:00,,4.0,,,2010-09-24 00:00:00,
245530301010661,27,HEMA3,,,2007-01-01 00:00:00,,4.0,,,2010-09-24 00:00:00,
245530302010661,27,LIVU,,,2007-01-01 00:00:00,,4.0,,,2010-09-24 00:00:00,
245530303010661,27,LOBE,1.0,,2007-01-01 00:00:00,,4.0,,,2010-09-24 00:00:00,
245530304010661,27,LOJA,,,2007-01-01 00:00:00,,4.0,,,2010-09-24 00:00:00,
245530305010661,27,LOMA6,1.0,,2007-01-01 00:00:00,,4.0,,,2010-09-24 00:00:00,
245530306010661,27,LOMO2,1.0,,2007-01-01 00:00:00,,4.0,,,2010-09-24 00:00:00,
245530307010661,27,LONIC,1.0,,2007-01-01 00:00:00,,4.0,,"Consists of L. maackii, L. morrowii, L. tatarica or L. x bella if INVASIVE=Y after unknown processing.",2010-09-24 00:00:00,
245530308010661,27,LOTA,1.0,,2007-01-01 00:00:00,,4.0,,,2010-09-24 00:00:00,
245530309010661,27,LYNU,,,2007-01-01 00:00:00,,4.0,,,2010-09-24 00:00:00,
245530310010661,27,LYSA2,,,2007-01-01 00:00:00,,4.0,,,2010-09-24 00:00:00,
245530311010661,27,MEAZ,,,2007-01-01 00:00:00,,4.0,,,2010-09-24 00:00:00,
245530312010661,27,MEQU,,,2007-01-01 00:00:00,,4.0,,,2010-09-24 00:00:00,
245530313010661,27,MIVI,,,2007-01-01 00:00:00,,4.0,,,2010-09-24 00:00:00,
245530314010661,27,PATO2,,,2007-01-01 00:00:00,,4.0,,,2010-09-24 00:00:00,
245530315010661,27,PHAR3,,,2007-01-01 00:00:00,,4.0,,,2010-09-24 00:00:00,
245530316010661,27,PHAU7,,,2007-01-01 00:00:00,,4.0,,,2010-09-24 00:00:00,
245530317010661,27,POBO10,,,2007-01-01 00:00:00,,4.0,,Species not in PLANTS 2000,2010-09-24 00:00:00,
245530318010661,27,POCU6,,,2007-01-01 00:00:00,,4.0,,,2010-09-24 00:00:00,
245530319010661,27,POSA4,,,2007-01-01 00:00:00,,4.0,,,2010-09-24 00:00:00,
245530320010661,27,RHCA3,,,2007-01-01 00:00:00,,4.0,,,2010-09-24 00:00:00,
245530321010661,27,ROMU,,,2007-01-01 00:00:00,,4.0,,,2010-09-24 00:00:00,
245530322010661,27,ROPS,,,2007-01-01 00:00:00,,4.0,,,2010-09-24 00:00:00,
245530323010661,27,SPJA,,,2007-01-01 00:00:00,,4.0,,,2010-09-24 00:00:00,
245530324010661,27,TARA,,,2007-01-01 00:00:00,,4.0,,,2010-09-24 00:00:00,
245530325010661,27,TRSE6,,,2007-01-01 00:00:00,,4.0,,,2010-09-24 00:00:00,
245530326010661,27,ULPU,,,2007-01-01 00:00:00,,4.0,,,2010-09-24 00:00:00,
245530327010661,27,VIOP,,,2007-01-01 00:00:00,,4.0,,,2010-09-24 00:00:00,
245530369010661,29,ACPL,,,2007-01-01 00:00:00,,4.0,,,2010-09-24 00:00:00,
245530370010661,29,AIAL,,,2007-01-01 00:00:00,,4.0,,,2010-09-24 00:00:00,
245530371010661,29,ALJU,,,2007-01-01 00:00:00,,4.0,,,2010-09-24 00:00:00,
245530372010661,29,ALPE4,,,2007-01-01 00:00:00,,4.0,,,2010-09-24 00:00:00,
245530373010661,29,BETH,,,2007-01-01 00:00:00,,4.0,,,2010-09-24 00:00:00,
245530374010661,29,BEVU,,,2007-01-01 00:00:00,,4.0,,,2010-09-24 00:00:00,
245530375010661,29,CESTM,,,2007-01-01 00:00:00,,4.0,,NRCS 2000 to 2010 update of SYMBOL from CEBI2 to CESTM.,2010-09-24 00:00:00,
245530376010661,29,CEOR7,,,2007-01-01 00:00:00,,4.0,,,2010-09-24 00:00:00,
245530377010661,29,CIAR4,,,2007-01-01 00:00:00,,4.0,,,2010-09-24 00:00:00,
245530378010661,29,CIVU,,,2007-01-01 00:00:00,,4.0,,,2010-09-24 00:00:00,
245530379010661,29,CYLO11,,,2007-01-01 00:00:00,,4.0,,,2010-09-24 00:00:00,
245530380010661,29,CYRO8,,,2007-01-01 00:00:00,,4.0,,,2010-09-24 00:00:00,
245530381010661,29,ELAN,,,2007-01-01 00:00:00,,4.0,,,2010-09-24 00:00:00,
245530382010661,29,ELUM,,,2007-01-01 00:00:00,,4.0,,,2010-09-24 00:00:00,
245530383010661,29,EUES,,,2007-01-01 00:00:00,,4.0,,,2010-09-24 00:00:00,
245530384010661,29,FRAL4,,,2007-01-01 00:00:00,,4.0,,,2010-09-24 00:00:00,
245530385010661,29,HEHE,,,2007-01-01 00:00:00,,4.0,,,2010-09-24 00:00:00,
245530386010661,29,HEMA3,,,2007-01-01 00:00:00,,4.0,,,2010-09-24 00:00:00,
245530387010661,29,LIVU,,,2007-01-01 00:00:00,,4.0,,,2010-09-24 00:00:00,
245530388010661,29,LOBE,1.0,,2007-01-01 00:00:00,,4.0,,,2010-09-24 00:00:00,
245530389010661,29,LOJA,,,2007-01-01 00:00:00,,4.0,,,2010-09-24 00:00:00,
245530390010661,29,LOMA6,1.0,,2007-01-01 00:00:00,,4.0,,,2010-09-24 00:00:00,
245530391010661,29,LOMO2,1.0,,2007-01-01 00:00:00,,4.0,,,2010-09-24 00:00:00,
245530392010661,29,LONIC,1.0,,2007-01-01 00:00:00,,4.0,,"Consists of L. maackii, L. morrowii, L. tatarica or L. x bella if INVASIVE=Y after unknown processing.",2010-09-24 00:00:00,
245530393010661,29,LOTA,1.0,,2007-01-01 00:00:00,,4.0,,,2010-09-24 00:00:00,
245530394010661,29,LYNU,,,2007-01-01 00:00:00,,4.0,,,2010-09-24 00:00:00,
245530395010661,29,LYSA2,,,2007-01-01 00:00:00,,4.0,,,2010-09-24 00:00:00,
245530396010661,29,MEAZ,,,2007-01-01 00:00:00,,4.0,,,2010-09-24 00:00:00,
245530397010661,29,MEQU,,,2007-01-01 00:00:00,,4.0,,,2010-09-24 00:00:00,
245530398010661,29,MIVI,,,2007-01-01 00:00:00,,4.0,,,2010-09-24 00:00:00,
245530399010661,29,PATO2,,,2007-01-01 00:00:00,,4.0,,,2010-09-24 00:00:00,
245530400010661,29,PHAR3,,,2007-01-01 00:00:00,,4.0,,,2010-09-24 00:00:00,
245530401010661,29,PHAU7,,,2007-01-01 00:00:00,,4.0,,,2010-09-24 00:00:00,
245530402010661,29,POBO10,,,2007-01-01 00:00:00,,4.0,,Species not in PLANTS 2000,2010-09-24 00:00:00,
245530403010661,29,POCU6,,,2007-01-01 00:00:00,,4.0,,,2010-09-24 00:00:00,
245530404010661,29,POSA4,,,2007-01-01 00:00:00,,4.0,,,2010-09-24 00:00:00,
245530405010661,29,RHCA3,,,2007-01-01 00:00:00,,4.0,,,2010-09-24 00:00:00,
245530406010661,29,ROMU,,,2007-01-01 00:00:00,,4.0,,,2010-09-24 00:00:00,
245530407010661,29,ROPS,,,2007-01-01 00:00:00,,4.0,,,2010-09-24 00:00:00,
245530408010661,29,SPJA,,,2007-01-01 00:00:00,,4.0,,,2010-09-24 00:00:00,
245530409010661,29,TARA,,,2007-01-01 00:00:00,,4.0,,,2010-09-24 00:00:00,
245530410010661,29,TRSE6,,,2007-01-01 00:00:00,,4.0,,,2010-09-24 00:00:00,
245530411010661,29,ULPU,,,2007-01-01 00:00:00,,4.0,,,2010-09-24 00:00:00,
245530412010661,29,VIOP,,,2007-01-01 00:00:00,,4.0,,,2010-09-24 00:00:00,
245530413010661,30,ACRE3,,,2011-01-01 00:00:00,,5.0,,,2010-09-02 00:00:00,
245530414010661,30,CADR,,,2011-01-01 00:00:00,2023-01-01 00:00:00,5.0,9.2,,2010-09-02 00:00:00,2025-07-28 11:29:26
245530415010661,30,CESTM,,,2011-01-01 00:00:00,,5.0,,NRCS 2000 to 2010 update of SYMBOL from CEBI2 to CESTM.,2010-09-02 00:00:00,
245530416010661,30,CEDI3,,,2011-01-01 00:00:00,,5.0,,,2010-09-02 00:00:00,
245530417010661,30,CESO3,,,2011-01-01 00:00:00,,5.0,,,2010-09-02 00:00:00,
245530418010661,30,CHJU,,,2011-01-01 00:00:00,,5.0,,,2010-09-02 00:00:00,
245530419010661,30,CIAR4,,,2011-01-01 00:00:00,,5.0,,,2010-09-02 00:00:00,
245530420010661,30,COAR4,,,2011-01-01 00:00:00,,5.0,,,2010-09-02 00:00:00,
245530421010661,30,CYOF,,,2011-01-01 00:00:00,,5.0,,,2010-09-02 00:00:00,
245530422010661,30,EUES,,,2011-01-01 00:00:00,,5.0,,,2010-09-02 00:00:00,
245530423010661,30,HIAU,,,2011-01-01 00:00:00,,5.0,,,2010-09-02 00:00:00,
245530424010661,30,HICA10,,,2011-01-01 00:00:00,,5.0,,,2010-09-02 00:00:00,
245530425010661,30,HIFL3,,,2011-01-01 00:00:00,2023-01-01 00:00:00,5.0,9.2,,2010-09-02 00:00:00,2025-07-28 11:29:26
245530426010661,30,HIPI2,,,2011-01-01 00:00:00,,5.0,,,2010-09-02 00:00:00,
245530427010661,30,HYPE,,,2011-01-01 00:00:00,,5.0,,,2010-09-02 00:00:00,
245530428010661,30,IRPS,,,2011-01-01 00:00:00,,5.0,,,2010-09-02 00:00:00,
245530429010661,30,ISTI,,,2011-01-01 00:00:00,,5.0,,,2010-09-02 00:00:00,
245530430010661,30,LELA2,,,2011-01-01 00:00:00,,5.0,,,2010-09-02 00:00:00,
245530431010661,30,LEVU,,,2011-01-01 00:00:00,,5.0,,,2010-09-02 00:00:00,
245530432010661,30,LIDA,,,2011-01-01 00:00:00,2023-01-01 00:00:00,5.0,9.2,,2010-09-02 00:00:00,2025-07-28 11:29:26
245530433010661,30,LIVU2,,,2011-01-01 00:00:00,2023-01-01 00:00:00,5.0,9.2,,2010-09-02 00:00:00,2025-07-28 11:29:26
245530434010661,30,LYSA2,,,2011-01-01 00:00:00,,5.0,,,2010-09-02 00:00:00,
245530435010661,30,LYVI3,,,2011-01-01 00:00:00,,5.0,,,2010-09-02 00:00:00,
245530436010661,30,MYSP2,,,2011-01-01 00:00:00,,5.0,,,2010-09-02 00:00:00,
245530437010661,30,PORE5,,,2011-01-01 00:00:00,,5.0,,,2010-09-02 00:00:00,
245530438010661,30,RAAC3,,,2011-01-01 00:00:00,,5.0,,,2010-09-02 00:00:00,
245530439010661,30,SEJA,,,2011-01-01 00:00:00,,5.0,,,2010-09-02 00:00:00,
245530440010661,30,TAMAR2,,,2011-01-01 00:00:00,,5.0,,,2010-09-02 00:00:00,
245530441010661,30,TAVU,,,2011-01-01 00:00:00,,5.0,,,2010-09-02 00:00:00,
245530442010661,31,ACPL,,,2007-01-01 00:00:00,,4.0,,,2010-09-24 00:00:00,
245530443010661,31,AIAL,,,2007-01-01 00:00:00,,4.0,,,2010-09-24 00:00:00,
245530444010661,31,ALJU,,,2007-01-01 00:00:00,,4.0,,,2010-09-24 00:00:00,
245530445010661,31,ALPE4,,,2007-01-01 00:00:00,,4.0,,,2010-09-24 00:00:00,
245530446010661,31,BETH,,,2007-01-01 00:00:00,,4.0,,,2010-09-24 00:00:00,
245530447010661,31,BEVU,,,2007-01-01 00:00:00,,4.0,,,2010-09-24 00:00:00,
245530448010661,31,CESTM,,,2007-01-01 00:00:00,,4.0,,NRCS 2000 to 2010 update of SYMBOL from CEBI2 to CESTM.,2010-09-24 00:00:00,
245530449010661,31,CEOR7,,,2007-01-01 00:00:00,,4.0,,,2010-09-24 00:00:00,
245530450010661,31,CIAR4,,,2007-01-01 00:00:00,,4.0,,,2010-09-24 00:00:00,
245530451010661,31,CIVU,,,2007-01-01 00:00:00,,4.0,,,2010-09-24 00:00:00,
245530452010661,31,CYLO11,,,2007-01-01 00:00:00,,4.0,,,2010-09-24 00:00:00,
245530453010661,31,CYRO8,,,2007-01-01 00:00:00,,4.0,,,2010-09-24 00:00:00,
245530454010661,31,ELAN,,,2007-01-01 00:00:00,,4.0,,,2010-09-24 00:00:00,
245530455010661,31,ELUM,,,2007-01-01 00:00:00,,4.0,,,2010-09-24 00:00:00,
245530456010661,31,EUES,,,2007-01-01 00:00:00,,4.0,,,2010-09-24 00:00:00,
245530457010661,31,FRAL4,,,2007-01-01 00:00:00,,4.0,,,2010-09-24 00:00:00,
245530458010661,31,HEHE,,,2007-01-01 00:00:00,,4.0,,,2010-09-24 00:00:00,
245530459010661,31,HEMA3,,,2007-01-01 00:00:00,,4.0,,,2010-09-24 00:00:00,
245530460010661,31,LIVU,,,2007-01-01 00:00:00,,4.0,,,2010-09-24 00:00:00,
245530461010661,31,LOBE,1.0,,2007-01-01 00:00:00,,4.0,,,2010-09-24 00:00:00,
245530462010661,31,LOJA,,,2007-01-01 00:00:00,,4.0,,,2010-09-24 00:00:00,
245530463010661,31,LOMA6,1.0,,2007-01-01 00:00:00,,4.0,,,2010-09-24 00:00:00,
245530464010661,31,LOMO2,1.0,,2007-01-01 00:00:00,,4.0,,,2010-09-24 00:00:00,
245530465010661,31,LONIC,1.0,,2007-01-01 00:00:00,,4.0,,"Consists of L. maackii, L. morrowii, L. tatarica or L. x bella if INVASIVE=Y after unknown processing.",2010-09-24 00:00:00,
245530466010661,31,LOTA,1.0,,2007-01-01 00:00:00,,4.0,,,2010-09-24 00:00:00,
245530467010661,31,LYNU,,,2007-01-01 00:00:00,,4.0,,,2010-09-24 00:00:00,
245530468010661,31,LYSA2,,,2007-01-01 00:00:00,,4.0,,,2010-09-24 00:00:00,
245530469010661,31,MEAZ,,,2007-01-01 00:00:00,,4.0,,,2010-09-24 00:00:00,
245530470010661,31,MEQU,,,2007-01-01 00:00:00,,4.0,,,2010-09-24 00:00:00,
245530471010661,31,MIVI,,,2007-01-01 00:00:00,,4.0,,,2010-09-24 00:00:00,
245530472010661,31,PATO2,,,2007-01-01 00:00:00,,4.0,,,2010-09-24 00:00:00,
245530473010661,31,PHAR3,,,2007-01-01 00:00:00,,4.0,,,2010-09-24 00:00:00,
245530474010661,31,PHAU7,,,2007-01-01 00:00:00,,4.0,,,2010-09-24 00:00:00,
245530475010661,31,POBO10,,,2007-01-01 00:00:00,,4.0,,Species not in PLANTS 2000,2010-09-24 00:00:00,
245530476010661,31,POCU6,,,2007-01-01 00:00:00,,4.0,,,2010-09-24 00:00:00,
245530481010661,31,POSA4,,,2007-01-01 00:00:00,,4.0,,,2010-09-24 00:00:00,
245530482010661,31,RHCA3,,,2007-01-01 00:00:00,,4.0,,,2010-09-24 00:00:00,
245530483010661,31,ROMU,,,2007-01-01 00:00:00,,4.0,,,2010-09-24 00:00:00,
245530484010661,31,ROPS,,,2007-01-01 00:00:00,,4.0,,,2010-09-24 00:00:00,
245530485010661,31,SPJA,,,2007-01-01 00:00:00,,4.0,,,2010-09-24 00:00:00,
245530486010661,31,TARA,,,2007-01-01 00:00:00,,4.0,,,2010-09-24 00:00:00,
245530487010661,31,TRSE6,,,2007-01-01 00:00:00,,4.0,,,2010-09-24 00:00:00,
245530488010661,31,ULPU,,,2007-01-01 00:00:00,,4.0,,,2010-09-24 00:00:00,
245530489010661,31,VIOP,,,2007-01-01 00:00:00,,4.0,,,2010-09-24 00:00:00,
245530490010661,32,ACRE3,,,2011-01-01 00:00:00,,5.0,,,2010-09-02 00:00:00,
245530491010661,32,ALMA12,,,2011-01-01 00:00:00,,5.0,,,2010-09-02 00:00:00,
245530492010661,32,ANCO2,,,2011-01-01 00:00:00,2023-01-01 00:00:00,5.0,9.2,,2010-09-02 00:00:00,2025-07-28 11:29:26
245530493010661,32,CADR,,,2011-01-01 00:00:00,2023-01-01 00:00:00,5.0,9.2,,2010-09-02 00:00:00,2025-07-28 11:29:28
245530494010661,32,CANU4,,,2011-01-01 00:00:00,2023-01-01 00:00:00,5.0,9.2,,2010-09-02 00:00:00,2025-07-28 11:29:28
245530495010661,32,CESTM,,,2011-01-01 00:00:00,,5.0,,NRCS 2000 to 2010 update of SYMBOL from CEBI2 to CESTM.,2010-09-02 00:00:00,
245530496010661,32,CECA2,,,2011-01-01 00:00:00,,5.0,,,2010-09-02 00:00:00,
245530497010661,32,CEDI3,,,2011-01-01 00:00:00,,5.0,,,2010-09-02 00:00:00,
245530498010661,32,CEIB,,,2011-01-01 00:00:00,,5.0,,,2010-09-02 00:00:00,
245530499010661,32,CEME2,,,2011-01-01 00:00:00,,5.0,,,2010-09-02 00:00:00,
245530500010661,32,CESO3,,,2011-01-01 00:00:00,,5.0,,,2010-09-02 00:00:00,
245530501010661,32,CEVIS2,,,2011-01-01 00:00:00,,5.0,,NRCS 2000 to 2010 update of SYMBOL from CETR8 to CEVIS2.,2010-09-02 00:00:00,
245530502010661,32,CHJU,,,2011-01-01 00:00:00,,5.0,,,2010-09-02 00:00:00,
245530503010661,32,CIAR4,,,2011-01-01 00:00:00,,5.0,,,2010-09-02 00:00:00,
245530504010661,32,CIMA2,,,2011-01-01 00:00:00,2023-01-01 00:00:00,5.0,9.2,,2010-09-02 00:00:00,2025-07-28 11:29:28
245530505010661,32,COMA2,,,2011-01-01 00:00:00,,5.0,,,2010-09-02 00:00:00,
245530506010661,32,CRVU2,,,2011-01-01 00:00:00,,5.0,,,2010-09-02 00:00:00,
245530507010661,32,CYOF,,,2011-01-01 00:00:00,,5.0,,,2010-09-02 00:00:00,
245530508010661,32,EUES,,,2011-01-01 00:00:00,,5.0,,,2010-09-02 00:00:00,
245530509010661,32,GAOF,,,2011-01-01 00:00:00,2023-01-01 00:00:00,5.0,9.2,,2010-09-02 00:00:00,2025-07-28 11:29:29
245530510010661,32,HYNI,,,2011-01-01 00:00:00,,5.0,,,2010-09-02 00:00:00,
245530511010661,32,HYPE,,,2011-01-01 00:00:00,,5.0,,,2010-09-02 00:00:00,
245530512010661,32,HYVE3,,,2011-01-01 00:00:00,,5.0,,,2010-09-02 00:00:00,
245530513010661,32,ISTI,,,2011-01-01 00:00:00,,5.0,,,2010-09-02 00:00:00,
245530514010661,32,LELA2,,,2011-01-01 00:00:00,,5.0,,,2010-09-02 00:00:00,
245530515010661,32,LIDA,,,2011-01-01 00:00:00,2023-01-01 00:00:00,5.0,9.2,,2010-09-02 00:00:00,2025-07-28 11:29:29
245530516010661,32,LIVU2,,,2011-01-01 00:00:00,2023-01-01 00:00:00,5.0,9.2,,2010-09-02 00:00:00,2025-07-28 11:29:29
245530517010661,32,LYSA2,,,2011-01-01 00:00:00,,5.0,,,2010-09-02 00:00:00,
245530518010661,32,LYVI3,,,2011-01-01 00:00:00,,5.0,,,2010-09-02 00:00:00,
245530519010661,32,MYSP2,,,2011-01-01 00:00:00,,5.0,,,2010-09-02 00:00:00,
245530520010661,32,ONAC,,,2011-01-01 00:00:00,,5.0,,,2010-09-02 00:00:00,
245530521010661,32,PEHA,,,2011-01-01 00:00:00,,5.0,,,2010-09-02 00:00:00,
245530522010661,32,PORE5,,,2011-01-01 00:00:00,,5.0,,,2010-09-02 00:00:00,
245530523010661,32,ROAU,,,2011-01-01 00:00:00,2023-01-01 00:00:00,5.0,9.2,,2010-09-02 00:00:00,2025-07-28 11:29:29
245530524010661,32,SAAE,,,2011-01-01 00:00:00,,5.0,,,2010-09-02 00:00:00,
245530525010661,32,SAMO5,,,2011-01-01 00:00:00,2023-01-01 00:00:00,5.0,9.2,,2010-09-02 00:00:00,2025-07-28 11:29:29
245530526010661,32,SOAL,,,2011-01-01 00:00:00,2023-01-01 00:00:00,5.0,9.2,,2010-09-02 00:00:00,2025-07-28 11:29:29
245530527010661,32,SOAR2,,,2011-01-01 00:00:00,2023-01-01 00:00:00,5.0,9.2,,2010-09-02 00:00:00,2025-07-28 11:29:29
245530528010661,32,SOBI2,,,2011-01-01 00:00:00,2023-01-01 00:00:00,5.0,9.2,,2010-09-02 00:00:00,2025-07-28 11:29:29
245530529010661,32,SOCA3,,,2011-01-01 00:00:00,2023-01-01 00:00:00,5.0,9.2,,2010-09-02 00:00:00,2025-07-28 11:29:29
245530530010661,32,SOEL,,,2011-01-01 00:00:00,2023-01-01 00:00:00,5.0,9.2,,2010-09-02 00:00:00,2025-07-28 11:29:29
245530531010661,32,SOHA,,,2011-01-01 00:00:00,,5.0,,,2010-09-02 00:00:00,
245530532010661,32,SOPR3,,,2011-01-01 00:00:00,2023-01-01 00:00:00,5.0,9.2,,2010-09-02 00:00:00,2025-07-28 11:29:29
245530533010661,32,SPSA3,,,2011-01-01 00:00:00,2023-01-01 00:00:00,5.0,9.2,,2010-09-02 00:00:00,2025-07-28 11:29:30
245530534010661,32,TACA8,,,2011-01-01 00:00:00,,5.0,,,2010-09-02 00:00:00,
245530535010661,32,TAPA4,,,2011-01-01 00:00:00,2023-01-01 00:00:00,5.0,9.2,,2010-09-02 00:00:00,2025-07-28 11:29:30
245530536010661,32,TARA,,,2011-01-01 00:00:00,2023-01-01 00:00:00,5.0,9.2,,2010-09-02 00:00:00,2025-07-28 11:29:32
245530537010661,32,TRTE,,,2011-01-01 00:00:00,,5.0,,,2010-09-02 00:00:00,
245530538010661,33,ACPL,,,2007-01-01 00:00:00,,4.0,,,2010-09-24 00:00:00,
245530539010661,33,AIAL,,,2007-01-01 00:00:00,,4.0,,,2010-09-24 00:00:00,
245530540010661,33,ALJU,,,2007-01-01 00:00:00,,4.0,,,2010-09-24 00:00:00,
245530541010661,33,ALPE4,,,2007-01-01 00:00:00,,4.0,,,2010-09-24 00:00:00,
245530542010661,33,BETH,,,2007-01-01 00:00:00,,4.0,,,2010-09-24 00:00:00,
245530543010661,33,BEVU,,,2007-01-01 00:00:00,,4.0,,,2010-09-24 00:00:00,
245530544010661,33,CESTM,,,2007-01-01 00:00:00,,4.0,,NRCS 2000 to 2010 update of SYMBOL from CEBI2 to CESTM.,2010-09-24 00:00:00,
245530545010661,33,CEOR7,,,2007-01-01 00:00:00,,4.0,,,2010-09-24 00:00:00,
245530546010661,33,CIAR4,,,2007-01-01 00:00:00,,4.0,,,2010-09-24 00:00:00,
245530547010661,33,CIVU,,,2007-01-01 00:00:00,,4.0,,,2010-09-24 00:00:00,
245530548010661,33,CYLO11,,,2007-01-01 00:00:00,,4.0,,,2010-09-24 00:00:00,
245530549010661,33,CYRO8,,,2007-01-01 00:00:00,,4.0,,,2010-09-24 00:00:00,
245530569010661,33,ELAN,,,2007-01-01 00:00:00,,4.0,,,2010-09-24 00:00:00,
245530590010661,33,ELUM,,,2007-01-01 00:00:00,,4.0,,,2010-09-24 00:00:00,
245530593010661,33,EUES,,,2007-01-01 00:00:00,,4.0,,,2010-09-24 00:00:00,
245530594010661,33,FRAL4,,,2007-01-01 00:00:00,,4.0,,,2010-09-24 00:00:00,
245530595010661,33,HEHE,,,2007-01-01 00:00:00,,4.0,,,2010-09-24 00:00:00,
245530596010661,33,HEMA3,,,2007-01-01 00:00:00,,4.0,,,2010-09-24 00:00:00,
245530597010661,33,LIVU,,,2007-01-01 00:00:00,,4.0,,,2010-09-24 00:00:00,
245530598010661,33,LOBE,1.0,,2007-01-01 00:00:00,,4.0,,,2010-09-24 00:00:00,
245530599010661,33,LOJA,,,2007-01-01 00:00:00,,4.0,,,2010-09-24 00:00:00,
245530600010661,33,LOMA6,1.0,,2007-01-01 00:00:00,,4.0,,,2010-09-24 00:00:00,
245530601010661,33,LOMO2,1.0,,2007-01-01 00:00:00,,4.0,,,2010-09-24 00:00:00,
245530602010661,33,LONIC,1.0,,2007-01-01 00:00:00,,4.0,,"Consists of L. maackii, L. morrowii, L. tatarica or L. x bella if INVASIVE=Y after unknown processing.",2010-09-24 00:00:00,
245530603010661,33,LOTA,1.0,,2007-01-01 00:00:00,,4.0,,,2010-09-24 00:00:00,
245530604010661,33,LYNU,,,2007-01-01 00:00:00,,4.0,,,2010-09-24 00:00:00,
245530605010661,33,LYSA2,,,2007-01-01 00:00:00,,4.0,,,2010-09-24 00:00:00,
245530606010661,33,MEAZ,,,2007-01-01 00:00:00,,4.0,,,2010-09-24 00:00:00,
245530607010661,33,MEQU,,,2007-01-01 00:00:00,,4.0,,,2010-09-24 00:00:00,
245530608010661,33,MIVI,,,2007-01-01 00:00:00,,4.0,,,2010-09-24 00:00:00,
245530609010661,33,PATO2,,,2007-01-01 00:00:00,,4.0,,,2010-09-24 00:00:00,
245530610010661,33,PHAR3,,,2007-01-01 00:00:00,,4.0,,,2010-09-24 00:00:00,
245530611010661,33,PHAU7,,,2007-01-01 00:00:00,,4.0,,,2010-09-24 00:00:00,
245530612010661,33,POBO10,,,2007-01-01 00:00:00,,4.0,,Species not in PLANTS 2000,2010-09-24 00:00:00,
245530613010661,33,POCU6,,,2007-01-01 00:00:00,,4.0,,,2010-09-24 00:00:00,
245530614010661,33,POSA4,,,2007-01-01 00:00:00,,4.0,,,2010-09-24 00:00:00,
245530615010661,33,RHCA3,,,2007-01-01 00:00:00,,4.0,,,2010-09-24 00:00:00,
245530616010661,33,ROMU,,,2007-01-01 00:00:00,,4.0,,,2010-09-24 00:00:00,
245530617010661,33,ROPS,,,2007-01-01 00:00:00,,4.0,,,2010-09-24 00:00:00,
245530618010661,33,SPJA,,,2007-01-01 00:00:00,,4.0,,,2010-09-24 00:00:00,
245530619010661,33,TARA,,,2007-01-01 00:00:00,,4.0,,,2010-09-24 00:00:00,
245530620010661,33,TRSE6,,,2007-01-01 00:00:00,,4.0,,,2010-09-24 00:00:00,
245530621010661,33,ULPU,,,2007-01-01 00:00:00,,4.0,,,2010-09-24 00:00:00,
245530622010661,33,VIOP,,,2007-01-01 00:00:00,,4.0,,,2010-09-24 00:00:00,
245530623010661,34,ACPL,,,2007-01-01 00:00:00,,4.0,,,2010-09-24 00:00:00,
245530624010661,34,AIAL,,,2007-01-01 00:00:00,,4.0,,,2010-09-24 00:00:00,
245530625010661,34,ALJU,,,2007-01-01 00:00:00,,4.0,,,2010-09-24 00:00:00,
245530626010661,34,ALPE4,,,2007-01-01 00:00:00,,4.0,,,2010-09-24 00:00:00,
245530627010661,34,BETH,,,2007-01-01 00:00:00,,4.0,,,2010-09-24 00:00:00,
245530628010661,34,BEVU,,,2007-01-01 00:00:00,,4.0,,,2010-09-24 00:00:00,
245530629010661,34,CESTM,,,2007-01-01 00:00:00,,4.0,,NRCS 2000 to 2010 update of SYMBOL from CEBI2 to CESTM.,2010-09-24 00:00:00,
245530630010661,34,CEOR7,,,2007-01-01 00:00:00,,4.0,,,2010-09-24 00:00:00,
245530631010661,34,CIAR4,,,2007-01-01 00:00:00,,4.0,,,2010-09-24 00:00:00,
245530632010661,34,CIVU,,,2007-01-01 00:00:00,,4.0,,,2010-09-24 00:00:00,
245530633010661,34,CYLO11,,,2007-01-01 00:00:00,,4.0,,,2010-09-24 00:00:00,
245530634010661,34,CYRO8,,,2007-01-01 00:00:00,,4.0,,,2010-09-24 00:00:00,
245530635010661,34,ELAN,,,2007-01-01 00:00:00,,4.0,,,2010-09-24 00:00:00,
245530636010661,34,ELUM,,,2007-01-01 00:00:00,,4.0,,,2010-09-24 00:00:00,
245530637010661,34,EUES,,,2007-01-01 00:00:00,,4.0,,,2010-09-24 00:00:00,
245530638010661,34,FRAL4,,,2007-01-01 00:00:00,,4.0,,,2010-09-24 00:00:00,
245530639010661,34,HEHE,,,2007-01-01 00:00:00,,4.0,,,2010-09-24 00:00:00,
245530640010661,34,HEMA3,,,2007-01-01 00:00:00,,4.0,,,2010-09-24 00:00:00,
245530641010661,34,LIVU,,,2007-01-01 00:00:00,,4.0,,,2010-09-24 00:00:00,
245530642010661,34,LOBE,1.0,,2007-01-01 00:00:00,,4.0,,,2010-09-24 00:00:00,
245530643010661,34,LOJA,,,2007-01-01 00:00:00,,4.0,,,2010-09-24 00:00:00,
245530644010661,34,LOMA6,1.0,,2007-01-01 00:00:00,,4.0,,,2010-09-24 00:00:00,
245530645010661,34,LOMO2,1.0,,2007-01-01 00:00:00,,4.0,,,2010-09-24 00:00:00,
245530646010661,34,LONIC,1.0,,2007-01-01 00:00:00,,4.0,,"Consists of L. maackii, L. morrowii, L. tatarica or L. x bella if INVASIVE=Y after unknown processing.",2010-09-24 00:00:00,
245530647010661,34,LOTA,1.0,,2007-01-01 00:00:00,,4.0,,,2010-09-24 00:00:00,
245530648010661,34,LYNU,,,2007-01-01 00:00:00,,4.0,,,2010-09-24 00:00:00,
245530649010661,34,LYSA2,,,2007-01-01 00:00:00,,4.0,,,2010-09-24 00:00:00,
245530650010661,34,MEAZ,,,2007-01-01 00:00:00,,4.0,,,2010-09-24 00:00:00,
245530651010661,34,MEQU,,,2007-01-01 00:00:00,,4.0,,,2010-09-24 00:00:00,
245530652010661,34,MIVI,,,2007-01-01 00:00:00,,4.0,,,2010-09-24 00:00:00,
245530653010661,34,PATO2,,,2007-01-01 00:00:00,,4.0,,,2010-09-24 00:00:00,
245530654010661,34,PHAR3,,,2007-01-01 00:00:00,,4.0,,,2010-09-24 00:00:00,
245530655010661,34,PHAU7,,,2007-01-01 00:00:00,,4.0,,,2010-09-24 00:00:00,
245530656010661,34,POBO10,,,2007-01-01 00:00:00,,4.0,,Species not in PLANTS 2000,2010-09-24 00:00:00,
245530657010661,34,POCU6,,,2007-01-01 00:00:00,,4.0,,,2010-09-24 00:00:00,
245530658010661,34,POSA4,,,2007-01-01 00:00:00,,4.0,,,2010-09-24 00:00:00,
245530659010661,34,RHCA3,,,2007-01-01 00:00:00,,4.0,,,2010-09-24 00:00:00,
245530660010661,34,ROMU,,,2007-01-01 00:00:00,,4.0,,,2010-09-24 00:00:00,
245530661010661,34,ROPS,,,2007-01-01 00:00:00,,4.0,,,2010-09-24 00:00:00,
245530662010661,34,SPJA,,,2007-01-01 00:00:00,,4.0,,,2010-09-24 00:00:00,
245530663010661,34,TARA,,,2007-01-01 00:00:00,,4.0,,,2010-09-24 00:00:00,
245530664010661,34,TRSE6,,,2007-01-01 00:00:00,,4.0,,,2010-09-24 00:00:00,
245530665010661,34,ULPU,,,2007-01-01 00:00:00,,4.0,,,2010-09-24 00:00:00,
245530666010661,34,VIOP,,,2007-01-01 00:00:00,,4.0,,,2010-09-24 00:00:00,
245530667010661,35,ACRE3,,,2011-01-01 00:00:00,,5.0,,,2010-09-02 00:00:00,
245530668010661,35,AECY,,,2011-01-01 00:00:00,,5.0,,,2010-09-02 00:00:00,
245530669010661,35,ALMA12,,,2011-01-01 00:00:00,,5.0,,,2010-09-02 00:00:00,
245530670010661,35,ASFI2,,,2011-01-01 00:00:00,2023-01-01 00:00:00,5.0,9.2,,2010-09-02 00:00:00,2025-07-28 11:29:32
245530671010661,35,CADR,,,2011-01-01 00:00:00,2023-01-01 00:00:00,5.0,9.2,,2010-09-02 00:00:00,2025-07-28 11:29:32
245530672010661,35,CANU4,,,2011-01-01 00:00:00,2023-01-01 00:00:00,5.0,9.2,,2010-09-02 00:00:00,2025-07-28 11:29:32
245530673010661,35,CESTM,,,2011-01-01 00:00:00,,5.0,,NRCS 2000 to 2010 update of SYMBOL from CEBI2 to CESTM.,2010-09-02 00:00:00,
245530674010661,35,CECA2,,,2011-01-01 00:00:00,,5.0,,,2010-09-02 00:00:00,
245530675010661,35,CEDI3,,,2011-01-01 00:00:00,,5.0,,,2010-09-02 00:00:00,
245530676010661,35,CEME2,,,2011-01-01 00:00:00,,5.0,,,2010-09-02 00:00:00,
245530677010661,35,CESO3,,,2011-01-01 00:00:00,,5.0,,,2010-09-02 00:00:00,
245530678010661,35,CIAR4,,,2011-01-01 00:00:00,,5.0,,,2010-09-02 00:00:00,
245530679010661,35,CIVU,,,2011-01-01 00:00:00,,5.0,,,2010-09-02 00:00:00,
245530680010661,35,COAR4,,,2011-01-01 00:00:00,,5.0,,,2010-09-02 00:00:00,
245530681010661,35,COMA2,,,2011-01-01 00:00:00,,5.0,,,2010-09-02 00:00:00,
245530682010661,35,DIFU2,,,2011-01-01 00:00:00,2023-01-01 00:00:00,5.0,9.2,,2010-09-02 00:00:00,2025-07-28 11:29:32
245530683010661,35,DRAR7,,,2011-01-01 00:00:00,2023-01-01 00:00:00,5.0,9.2,,2010-09-02 00:00:00,2025-07-28 11:29:32
245530684010661,35,ELAN,,,2011-01-01 00:00:00,,5.0,,,2010-09-02 00:00:00,
245530685010661,35,EUES,,,2011-01-01 00:00:00,,5.0,,,2010-09-02 00:00:00,
245530686010661,35,HAGL,,,2011-01-01 00:00:00,,5.0,,,2010-09-02 00:00:00,
245530687010661,35,HYNI,,,2011-01-01 00:00:00,,5.0,,,2010-09-02 00:00:00,
245530688010661,35,HYVE3,,,2011-01-01 00:00:00,,5.0,,,2010-09-02 00:00:00,
245530689010661,35,ISTI,,,2011-01-01 00:00:00,,5.0,,,2010-09-02 00:00:00,
245530690010661,35,LELA2,,,2011-01-01 00:00:00,,5.0,,,2010-09-02 00:00:00,
245530691010661,35,LIDA,,,2011-01-01 00:00:00,2023-01-01 00:00:00,5.0,9.2,,2010-09-02 00:00:00,2025-07-28 11:29:32
245530692010661,35,LIVU2,,,2011-01-01 00:00:00,2023-01-01 00:00:00,5.0,9.2,,2010-09-02 00:00:00,2025-07-28 11:29:32
245530693010661,35,LYSA2,,,2011-01-01 00:00:00,,5.0,,,2010-09-02 00:00:00,
245530694010661,35,MYSP2,,,2011-01-01 00:00:00,,5.0,,,2010-09-02 00:00:00,
245530695010661,35,ONAC,,,2011-01-01 00:00:00,,5.0,,,2010-09-02 00:00:00,
245530696010661,35,PEHA,,,2011-01-01 00:00:00,,5.0,,,2010-09-02 00:00:00,
245530697010661,35,TAMAR2,,,2011-01-01 00:00:00,,5.0,,,2010-09-02 00:00:00,
245530698010661,35,ULPU,,,2011-01-01 00:00:00,,5.0,,,2010-09-02 00:00:00,
245530699010661,36,ACPL,,,2007-01-01 00:00:00,,4.0,,,2010-09-24 00:00:00,
245530700010661,36,AIAL,,,2007-01-01 00:00:00,,4.0,,,2010-09-24 00:00:00,
245530701010661,36,ALJU,,,2007-01-01 00:00:00,,4.0,,,2010-09-24 00:00:00,
245530702010661,36,ALPE4,,,2007-01-01 00:00:00,,4.0,,,2010-09-24 00:00:00,
245530703010661,36,BETH,,,2007-01-01 00:00:00,,4.0,,,2010-09-24 00:00:00,
245530704010661,36,BEVU,,,2007-01-01 00:00:00,,4.0,,,2010-09-24 00:00:00,
245530705010661,36,CESTM,,,2007-01-01 00:00:00,,4.0,,NRCS 2000 to 2010 update of SYMBOL from CEBI2 to CESTM.,2010-09-24 00:00:00,
245530706010661,36,CEOR7,,,2007-01-01 00:00:00,,4.0,,,2010-09-24 00:00:00,
245530707010661,36,CIAR4,,,2007-01-01 00:00:00,,4.0,,,2010-09-24 00:00:00,
245530708010661,36,CIVU,,,2007-01-01 00:00:00,,4.0,,,2010-09-24 00:00:00,
245530709010661,36,CYLO11,,,2007-01-01 00:00:00,,4.0,,,2010-09-24 00:00:00,
245530710010661,36,CYRO8,,,2007-01-01 00:00:00,,4.0,,,2010-09-24 00:00:00,
245530711010661,36,ELAN,,,2007-01-01 00:00:00,,4.0,,,2010-09-24 00:00:00,
245530712010661,36,ELUM,,,2007-01-01 00:00:00,,4.0,,,2010-09-24 00:00:00,
245530713010661,36,EUES,,,2007-01-01 00:00:00,,4.0,,,2010-09-24 00:00:00,
245530714010661,36,FRAL4,,,2007-01-01 00:00:00,,4.0,,,2010-09-24 00:00:00,
245530715010661,36,HEHE,,,2007-01-01 00:00:00,,4.0,,,2010-09-24 00:00:00,
245530716010661,36,HEMA3,,,2007-01-01 00:00:00,,4.0,,,2010-09-24 00:00:00,
245530717010661,36,LIVU,,,2007-01-01 00:00:00,,4.0,,,2010-09-24 00:00:00,
245530718010661,36,LOBE,1.0,,2007-01-01 00:00:00,,4.0,,,2010-09-24 00:00:00,
245530719010661,36,LOJA,,,2007-01-01 00:00:00,,4.0,,,2010-09-24 00:00:00,
245530720010661,36,LOMA6,1.0,,2007-01-01 00:00:00,,4.0,,,2010-09-24 00:00:00,
245530721010661,36,LOMO2,1.0,,2007-01-01 00:00:00,,4.0,,,2010-09-24 00:00:00,
245530722010661,36,LONIC,1.0,,2007-01-01 00:00:00,,4.0,,"Consists of L. maackii, L. morrowii, L. tatarica or L. x bella if INVASIVE=Y after unknown processing.",2010-09-24 00:00:00,
245530723010661,36,LOTA,1.0,,2007-01-01 00:00:00,,4.0,,,2010-09-24 00:00:00,
245530724010661,36,LYNU,,,2007-01-01 00:00:00,,4.0,,,2010-09-24 00:00:00,
245530725010661,36,LYSA2,,,2007-01-01 00:00:00,,4.0,,,2010-09-24 00:00:00,
245530726010661,36,MEAZ,,,2007-01-01 00:00:00,,4.0,,,2010-09-24 00:00:00,
245530727010661,36,MEQU,,,2007-01-01 00:00:00,,4.0,,,2010-09-24 00:00:00,
245530728010661,36,MIVI,,,2007-01-01 00:00:00,,4.0,,,2010-09-24 00:00:00,
245530729010661,36,PATO2,,,2007-01-01 00:00:00,,4.0,,,2010-09-24 00:00:00,
245530730010661,36,PHAR3,,,2007-01-01 00:00:00,,4.0,,,2010-09-24 00:00:00,
245530731010661,36,PHAU7,,,2007-01-01 00:00:00,,4.0,,,2010-09-24 00:00:00,
245530732010661,36,POBO10,,,2007-01-01 00:00:00,,4.0,,Species not in PLANTS 2000,2010-09-24 00:00:00,
157433394798795,66,ACAS,,,2010-01-01 00:00:00,,1.7,,Achyranthes aspera,2016-07-14 09:50:02,
157433395798795,69,ACAS,,,2010-01-01 00:00:00,,1.7,,Achyranthes aspera,2016-07-14 09:50:02,
157433396798795,69,ACCO,,,2010-01-01 00:00:00,,1.7,,Acacia confusa,2016-07-14 09:50:03,
157433397798795,69,ACMA12,,,2010-01-01 00:00:00,,1.7,,Acacia mangium,2016-07-14 09:50:03,
157433398798795,60,ADPA,,,2010-01-01 00:00:00,,1.7,,Adenanthera pavonina,2016-07-14 09:50:03,
157433399798795,66,ADPA,,,2010-01-01 00:00:00,,1.7,,Adenanthera pavonina,2016-07-14 09:50:03,
157433400798795,69,ADPA,,,2010-01-01 00:00:00,,1.7,,Adenanthera pavonina,2016-07-14 09:50:04,
157433401798795,70,ADPA,,,2010-01-01 00:00:00,,1.7,,Adenanthera pavonina,2016-07-14 09:50:04,
157433402798795,15,AIAL,,,2010-01-01 00:00:00,,1.7,,Ailanthus altissima (tree of heaven),2016-07-14 09:50:04,
157433403798795,70,ALCA7,,,2010-01-01 00:00:00,,1.7,,Allamanda cathartica,2016-07-14 09:50:05,
157433404798795,15,ALJU,,,2010-01-01 00:00:00,,1.7,,Albizia julibrissin (silktree),2016-07-14 09:50:05,
157433405798795,66,AMSP,,,2010-01-01 00:00:00,,1.7,,Amaranthus spinosus,2016-07-14 09:50:05,
157433406798795,69,AMSP,,,2010-01-01 00:00:00,,1.7,,Amaranthus spinosus,2016-07-14 09:50:06,
157433407798795,60,ANLE4,,,2010-01-01 00:00:00,,1.7,,Antigonon leptopus,2016-07-14 09:50:06,
157433408798795,66,ANLE4,,,2010-01-01 00:00:00,,1.7,,Antigonon leptopus,2016-07-14 09:50:06,
157433409798795,69,ANLE4,,,2010-01-01 00:00:00,,1.7,,Antigonon leptopus,2016-07-14 09:50:07,
157433410798795,70,ANLE4,,,2010-01-01 00:00:00,,1.7,,Antigonon leptopus,2016-07-14 09:50:07,
157433411798795,64,ANLE4,,,2010-01-01 00:00:00,,1.7,,Achyranthes aspera,2016-07-14 09:50:07,
157433412798795,70,ARDO4,,,2010-01-01 00:00:00,,1.7,,Arundo donax,2016-07-14 09:50:07,
157433413798795,66,ARGR6,,,2010-01-01 00:00:00,,1.7,,Arundina graminifolia,2016-07-14 09:50:08,
157433414798795,69,ARGR6,,,2010-01-01 00:00:00,,1.7,,Arundina graminifolia,2016-07-14 09:50:09,
157433415798795,70,ARGR6,,,2010-01-01 00:00:00,,1.7,,Arundina graminifolia,2016-07-14 09:50:09,
157433416798795,66,AVBI,,,2010-01-01 00:00:00,,1.7,,Averrhoa bilimbi,2016-07-14 09:50:09,
157433417798795,69,AVBI,,,2010-01-01 00:00:00,,1.7,,Averrhoa bilimbi,2016-07-14 09:50:10,
157433418798795,69,BAMO2,,,2010-01-01 00:00:00,,1.7,,Bauhinia monandra,2016-07-14 09:50:10,
157433419798795,66,BIAL,,,2010-01-01 00:00:00,,1.7,,Bidens alba,2016-07-14 09:50:10,
157433420798795,69,BIAL,,,2010-01-01 00:00:00,,1.7,,Bidens alba,2016-07-14 09:50:11,
157433421798795,70,BIAL,,,2010-01-01 00:00:00,,1.7,,Bidens alba,2016-07-14 09:50:11,
157433422798795,69,BOBL,,,2010-01-01 00:00:00,,1.7,,Bothriochloa bladhii,2016-07-14 09:50:11,
157433423798795,69,BUAS,,,2010-01-01 00:00:00,,1.7,,Buddleja asiatica,2016-07-14 09:50:11,
157433424798795,60,CAEL5,,,2010-01-01 00:00:00,,1.7,,Castilla elastica,2016-07-14 09:50:12,
157433425798795,60,CAEQ,,,2010-01-01 00:00:00,,1.7,,Casuarina equisetifolia,2016-07-14 09:50:12,
157433426798795,69,CEMO5,,,2010-01-01 00:00:00,,1.7,,Centrosema molle,2016-07-14 09:50:12,
157433427798795,66,CHOD,,,2010-01-01 00:00:00,,1.7,,Chromolaena odorata,2016-07-14 09:50:13,
157433428798795,69,CHOD,,,2010-01-01 00:00:00,,1.7,,Chromolaena odorata,2016-07-14 09:50:13,
157433429798795,70,CHOD,,,2010-01-01 00:00:00,,1.7,,Chromolaena odorata,2016-07-14 09:50:13,
157433430798795,64,CHOD,,,2010-01-01 00:00:00,,1.7,,Chromolaena odorata,2016-07-14 09:50:14,
157433431798795,60,CIVE2,,,2010-01-01 00:00:00,,1.7,,Cinnamomum verum,2016-07-14 09:50:14,
157433432798795,66,CIVE2,,,2010-01-01 00:00:00,,1.7,,Cinnamomum verum,2016-07-14 09:50:14,
157433433798795,69,CIVE2,,,2010-01-01 00:00:00,,1.7,,Cinnamomum verum,2016-07-14 09:50:14,
157433434798795,60,CLCH4,,,2010-01-01 00:00:00,,1.7,,Clerodendrum chinense,2016-07-14 09:50:15,
157433435798795,66,CLCH4,,,2010-01-01 00:00:00,,1.7,,Clerodendrum chinense,2016-07-14 09:50:15,
157433436798795,69,CLCH4,,,2010-01-01 00:00:00,,1.7,,Clerodendrum chinense,2016-07-14 09:50:15,
157433437798795,64,CLCH4,,,2010-01-01 00:00:00,,1.7,,Clerodendrum chinense,2016-07-14 09:50:16,
157433438798795,66,CLERO2,,,2010-01-01 00:00:00,,1.7,,Clerodendrum sp.,2016-07-14 09:50:16,
157433439798795,60,CLHI3,,,2010-01-01 00:00:00,,1.7,,Clidemia hirta,2016-07-14 09:50:16,
157433440798795,69,CLHI3,,,2010-01-01 00:00:00,,1.7,,Clidemia hirta,2016-07-14 09:50:17,
157433441798795,70,CLHI3,,,2010-01-01 00:00:00,,1.7,,Clidemia hirta,2016-07-14 09:50:17,
157433442798795,64,CLHI3,,,2010-01-01 00:00:00,,1.7,,Clidemia hirta,2016-07-14 09:50:17,
157433443798795,69,CLQU2,,,2010-01-01 00:00:00,,1.7,,Clerodendrum quadriloculare,2016-07-14 09:50:18,
157433444798795,70,CLQU2,,,2010-01-01 00:00:00,,1.7,,Clerodendrum quadriloculare,2016-07-14 09:50:18,
157433445798795,64,CLQU2,,,2010-01-01 00:00:00,,1.7,,Clerodendrum quadriloculare,2016-07-14 09:50:18,
157433446798795,60,COGR9,,,2010-01-01 00:00:00,,1.7,,Coccinia grandis,2016-07-14 09:50:18,
157433447798795,66,COGR9,,,2010-01-01 00:00:00,,1.7,,Coccinia grandis,2016-07-14 09:50:19,
157433448798795,69,COGR9,,,2010-01-01 00:00:00,,1.7,,Coccinia grandis,2016-07-14 09:50:19,
157433449798795,64,COGR9,,,2010-01-01 00:00:00,,1.7,,Coccinia grandis,2016-07-14 09:50:20,
157433450798795,60,COSP8,,,2010-01-01 00:00:00,,1.7,,Costus speciosus,2016-07-14 09:50:20,
157433451798795,64,COSP8,,,2010-01-01 00:00:00,,1.7,,Costus speciosus,2016-07-14 09:50:20,
157433452798795,69,DEEL3,,,2010-01-01 00:00:00,,1.7,,Derris eliptica,2016-07-14 09:50:21,
157433453798795,64,DISE7,,,2010-01-01 00:00:00,,1.7,,Dieffenbachia seguine,2016-07-14 09:50:21,
157433454798795,66,EGDE,,,2010-01-01 00:00:00,,1.7,,Egeria densa,2016-07-14 09:50:21,
157433455798795,69,EGDE,,,2010-01-01 00:00:00,,1.7,,Egeria densa,2016-07-14 09:50:22,
157433456798795,66,EICR,,,2010-01-01 00:00:00,,1.7,,Eichhornia crassipes,2016-07-14 09:50:22,
157433457798795,69,EICR,,,2010-01-01 00:00:00,,1.7,,Eichornia crassipes,2016-07-14 09:50:22,
157433458798795,70,EICR,,,2010-01-01 00:00:00,,1.7,,Eichornia crassipes,2016-07-14 09:50:22,
157433459798795,64,EICR,,,2010-01-01 00:00:00,,1.7,,Eichornia crassipes,2016-07-14 09:50:23,
157433460798795,66,EPPI,,,2010-01-01 00:00:00,,1.7,,Epipremnum pinnatum,2016-07-14 09:50:23,
157433461798795,69,EPPI,,,2010-01-01 00:00:00,,1.7,,Epipremnum pinnatum,2016-07-14 09:50:23,
157433462798795,70,EPPI,,,2010-01-01 00:00:00,,1.7,,Epipremnum pinnatum,2016-07-14 09:50:24,
157433463798795,66,EUCY,,,2010-01-01 00:00:00,,1.7,,Euphorbia cyathophora,2016-07-14 09:50:24,
157433464798795,69,EUCY,,,2010-01-01 00:00:00,,1.7,,Euphorbia cyathophora,2016-07-14 09:50:25,
157433465798795,60,FAMO,,,2010-01-01 00:00:00,,1.7,,Falcataria moluccana,2016-07-14 09:50:25,
157433466798795,66,FAMO,,,2010-01-01 00:00:00,,1.7,,Falcataria moluccana,2016-07-14 09:50:25,
157433467798795,69,FAMO,,,2010-01-01 00:00:00,,1.7,,Falcataria moluccana,2016-07-14 09:50:26,
157433468798795,70,FAMO,,,2010-01-01 00:00:00,,1.7,,Falcataria moluccana,2016-07-14 09:50:26,
157433469798795,64,FAMO,,,2010-01-01 00:00:00,,1.7,,Falcataria moluccana,2016-07-14 09:50:26,
157433470798795,60,FUEL,,,2010-01-01 00:00:00,,1.7,,Funtumia elastica,2016-07-14 09:50:26,
157433471798795,64,HECO11,,,2010-01-01 00:00:00,,1.7,,Hedychium coronarium,2016-07-14 09:50:27,
157433472798795,66,HEEL9,,,2010-01-01 00:00:00,,1.7,,Heterospathe elata,2016-07-14 09:50:27,
157433473798795,69,HEEL9,,,2010-01-01 00:00:00,,1.7,,Heterospathe elata,2016-07-14 09:50:28,
157433474798795,70,HYCA12,,,2010-01-01 00:00:00,,1.7,,Hyptis capitata,2016-07-14 09:50:28,
157433475798795,66,HYVE3,,,2010-01-01 00:00:00,,1.7,,Hydrilla verticillata,2016-07-14 09:50:29,
157433476798795,69,HYVE3,,,2010-01-01 00:00:00,,1.7,,Hydrilla verticillata,2016-07-14 09:50:30,
157433477798795,64,IMCO2,,,2010-01-01 00:00:00,,1.7,,Imperata conferta,2016-07-14 09:50:30,
157433478798795,60,IMCY,,,2010-01-01 00:00:00,,1.7,,Imperata cylindrica,2016-07-14 09:50:30,
157433479798795,66,IMCY,,,2010-01-01 00:00:00,,1.7,,Imperata cylindrica,2016-07-14 09:50:30,
157433480798795,69,IMCY,,,2010-01-01 00:00:00,,1.7,,Imperata cylindrica,2016-07-14 09:50:31,
157433481798795,70,IMCY,,,2010-01-01 00:00:00,,1.7,,Imperata cylindrica,2016-07-14 09:50:31,
157433482798795,64,IMCY,,,2010-01-01 00:00:00,,1.7,,Imperata cylindrica,2016-07-14 09:50:31,
157433483798795,60,KAPI,,,2010-01-01 00:00:00,,1.7,,Kalanchoe pinnata,2016-07-14 09:50:32,
157433484798795,60,LACA2,,,2010-01-01 00:00:00,,1.7,,Lantana camara,2016-07-14 09:50:32,
157433485798795,66,LACA2,,,2010-01-01 00:00:00,,1.7,,Lantana camara,2016-07-14 09:50:32,
157433486798795,69,LACA2,,,2010-01-01 00:00:00,,1.7,,Lantana camara,2016-07-14 09:50:33,
157433487798795,64,LACA2,,,2010-01-01 00:00:00,,1.7,,Lantana camara,2016-07-14 09:50:33,
157433488798795,60,LELE10,,,2010-01-01 00:00:00,,1.7,,Leucaena leucocephala,2016-07-14 09:50:33,
157433489798795,64,LELE10,,,2010-01-01 00:00:00,,1.7,,Leucaena leucocephala,2016-07-14 09:50:34,
157433490798795,66,LELE10,,,2010-01-01 00:00:00,,1.7,,Leucaena leucocephala,2016-07-14 09:50:34,
157433491798795,69,LELE10,,,2010-01-01 00:00:00,,1.7,,Leucaena leucocephala,2016-07-14 09:50:34,
157433492798795,70,LELE10,,,2010-01-01 00:00:00,,1.7,,Leucaena leucocephala,2016-07-14 09:50:35,
157433493798795,66,LEMI3,,,2010-01-01 00:00:00,,1.7,,Lemna minor,2016-07-14 09:50:35,
157433494798795,69,LEMI3,,,2010-01-01 00:00:00,,1.7,,Lemna minor,2016-07-14 09:50:35,
157433495798795,60,LIGUS2,,,2010-01-01 00:00:00,,1.7,,Ligustrum spp.,2016-07-14 09:50:36,
157433496798795,60,LOJA,,,2010-01-01 00:00:00,,1.7,,Lonicera japonica,2016-07-14 09:50:36,
157433497798795,66,LOJA,,,2010-01-01 00:00:00,,1.7,,Lonicera japonica,2016-07-14 09:50:36,
157433498798795,69,LOJA,,,2010-01-01 00:00:00,,1.7,,Lonicera japonica,2016-07-14 09:50:37,
157433499798795,69,MAAT80,,,2010-01-01 00:00:00,,1.7,,Macroptilium atropurpureum,2016-07-14 09:50:37,
157433500798795,15,MEAZ,,,2010-01-01 00:00:00,,1.7,,Melia azedarach (punktree),2016-07-14 09:50:37,
157433501798795,70,MEAZ,,,2010-01-01 00:00:00,,1.7,,Melia azedarach,2016-07-14 09:50:37,
157433502798795,69,MEMI2,,,2010-01-01 00:00:00,,1.7,,Melinis minutiflora,2016-07-14 09:50:38,
157433503798795,60,MEPE13,,,2010-01-01 00:00:00,,1.7,,Merremia peltata,2016-07-14 09:50:38,
157433504798795,64,MEPE13,,,2010-01-01 00:00:00,,1.7,,Merremia peltata,2016-07-14 09:50:38,
157433505798795,69,MEPE13,,,2010-01-01 00:00:00,,1.7,,Merremia peltata,2016-07-14 09:50:39,
157433506798795,15,MEQU,,,2010-01-01 00:00:00,,1.7,,Melaleuca quinquenervia (chinaberry),2016-07-14 09:50:39,
157433507798795,60,MICA20,,,2010-01-01 00:00:00,,1.7,,Miconia calvescens,2016-07-14 09:50:39,
157433508798795,69,MICA20,,,2010-01-01 00:00:00,,1.7,,Miconia calvescens,2016-07-14 09:50:39,
157433509798795,66,MIDI8,,,2010-01-01 00:00:00,,1.7,,Mimosa diplotricha (M. invisa),2016-07-14 09:50:40,
157433510798795,69,MIDI8,,,2010-01-01 00:00:00,,1.7,,Mimosa diplotricha (M. invisa),2016-07-14 09:50:40,
157433511798795,70,MIDI8,,,2010-01-01 00:00:00,,1.7,,Mimosa diplotricha,2016-07-14 09:50:40,
157433512798795,64,MIDI8,,,2010-01-01 00:00:00,,1.7,,Mimosa diplotricha (M. invisa),2016-07-14 09:50:41,
157433513798795,60,MIMI5,,,2010-01-01 00:00:00,,1.7,,Mikania micrantha,2016-07-14 09:50:41,
157433514798795,66,MIMI5,,,2010-01-01 00:00:00,,1.7,,Mikania micrantha,2016-07-14 09:50:41,
157433515798795,69,MIMI5,,,2010-01-01 00:00:00,,1.7,,Mikania micrantha,2016-07-14 09:50:42,
157433516798795,70,MIMI5,,,2010-01-01 00:00:00,,1.7,,Mikania micrantha,2016-07-14 09:50:42,
157433517798795,64,MIMI5,,,2010-01-01 00:00:00,,1.7,,Mikania micrantha,2016-07-14 09:50:42,
157433518798795,64,MIPU8,,,2010-01-01 00:00:00,,1.7,,Mimosa pudica,2016-07-14 09:50:43,
157433519798795,69,MISC,,,2010-01-01 00:00:00,,1.7,,Mikania scandens,2016-07-14 09:50:43,
157433520798795,69,MOCH2,,,2010-01-01 00:00:00,,1.7,,Momordica charantia,2016-07-14 09:50:43,
157433521798795,64,MOCH2,,,2010-01-01 00:00:00,,1.7,,Momordica charantia,2016-07-14 09:50:43,
157433522798795,69,MUCA4,,,2010-01-01 00:00:00,,1.7,,Muntingia calabura,2016-07-14 09:50:44,
157433523798795,66,MUPR,,,2010-01-01 00:00:00,,1.7,,Mucuna pruriens,2016-07-14 09:50:45,
157433524798795,69,MUPR,,,2010-01-01 00:00:00,,1.7,,Mucuna pruriens,2016-07-14 09:50:45,
157433525798795,66,NYMPH,,,2010-01-01 00:00:00,,1.7,,Nymphaea sp.,2016-07-14 09:50:45,
157433526798795,69,NYMPH,,,2010-01-01 00:00:00,,1.7,,Nymphaea spp.,2016-07-14 09:50:46,
157433527798795,69,OPTUV,,,2010-01-01 00:00:00,,1.7,,Operculina turpethum var. ventricosa,2016-07-14 09:50:46,
157433528798795,69,PASU3,,,2010-01-01 00:00:00,,1.7,,Passiflora suberosa,2016-07-14 09:50:46,
157433529798795,15,PATO2,,,2010-01-01 00:00:00,,1.7,,Paulownia tomentosa (Princess tree),2016-07-14 09:50:46,
157433530798795,66,PEPO14,,,2010-01-01 00:00:00,,1.7,,Pennisetum poystachion,2016-07-14 09:50:47,
157433531798795,69,PEPO14,,,2010-01-01 00:00:00,,1.7,,Pennisetum polystachion,2016-07-14 09:50:47,
157433532798795,70,PEPO14,,,2010-01-01 00:00:00,,1.7,,Pennisetum polystachion,2016-07-14 09:50:47,
157433533798795,70,PEPU2,,,2010-01-01 00:00:00,,1.7,,Pennisetum purpureum,2016-07-14 09:50:48,
157433534798795,69,PESE3,,,2010-01-01 00:00:00,,1.7,,Pennisetum setaceum,2016-07-14 09:50:48,
157433535798795,64,PHKA3,,,2010-01-01 00:00:00,,1.7,,Phragmites karka,2016-07-14 09:50:48,
157433536798795,60,PIAU,,,2010-01-01 00:00:00,,1.7,,Piper auritum,2016-07-14 09:50:49,
157433537798795,66,PIAU,,,2010-01-01 00:00:00,,1.7,,Piper auritum,2016-07-14 09:50:49,
157433538798795,69,PIAU,,,2010-01-01 00:00:00,,1.7,,Piper auritum,2016-07-14 09:50:49,
157433539798795,64,PIAU,,,2010-01-01 00:00:00,,1.7,,Piper auritum,2016-07-14 09:50:49,
157433540798795,69,PIDI2,,,2010-01-01 00:00:00,,1.7,,Pimenta dioica,2016-07-14 09:50:50,
157433541798795,69,PIDU,,,2010-01-01 00:00:00,,1.7,,Pithecellobium dulce,2016-07-14 09:50:50,
157433542798795,66,PIST2,,,2010-01-01 00:00:00,,1.7,,Pistia stratiotes,2016-07-14 09:50:50,
157433543798795,69,PIST2,,,2010-01-01 00:00:00,,1.7,,Pistia stratiotes,2016-07-14 09:50:51,
157433544798795,70,PRCL2,,,2010-01-01 00:00:00,,1.7,,Praxelis clematidea,2016-07-14 09:50:51,
157433545798795,60,PSCA,,,2010-01-01 00:00:00,,1.7,,Psidium cattleianum,2016-07-14 09:50:51,
157433546798795,69,PSCA,,,2010-01-01 00:00:00,,1.7,,Psidium cattleianum,2016-07-14 09:50:52,
157433547798795,15,RAVO,,,2010-01-01 00:00:00,,1.7,,Rauvolfia vomitoria (poison devil's pepper),2016-07-14 09:50:52,
245529933010661,19,LOMO2,1.0,,2007-01-01 00:00:00,,4.0,,,2010-09-24 00:00:00,
245529934010661,19,LONIC,1.0,,2007-01-01 00:00:00,,4.0,,"Consists of L. maackii, L. morrowii, L. tatarica or L. x bella if INVASIVE=Y after unknown processing.",2010-09-24 00:00:00,
245529935010661,19,LOTA,1.0,,2007-01-01 00:00:00,,4.0,,,2010-09-24 00:00:00,
245529936010661,19,LYNU,,,2007-01-01 00:00:00,,4.0,,,2010-09-24 00:00:00,
245529937010661,19,LYSA2,,,2007-01-01 00:00:00,,4.0,,,2010-09-24 00:00:00,
245529938010661,19,MEAZ,,,2007-01-01 00:00:00,,4.0,,,2010-09-24 00:00:00,
245529939010661,19,MEQU,,,2007-01-01 00:00:00,,4.0,,,2010-09-24 00:00:00,
245529940010661,19,MIVI,,,2007-01-01 00:00:00,,4.0,,,2010-09-24 00:00:00,
245529941010661,19,PATO2,,,2007-01-01 00:00:00,,4.0,,,2010-09-24 00:00:00,
245529942010661,19,PHAR3,,,2007-01-01 00:00:00,,4.0,,,2010-09-24 00:00:00,
245529943010661,19,PHAU7,,,2007-01-01 00:00:00,,4.0,,,2010-09-24 00:00:00,
245529944010661,19,POBO10,,,2007-01-01 00:00:00,,4.0,,Species not in PLANTS 2000,2010-09-24 00:00:00,
245529945010661,19,POCU6,,,2007-01-01 00:00:00,,4.0,,,2010-09-24 00:00:00,
245529946010661,19,POSA4,,,2007-01-01 00:00:00,,4.0,,,2010-09-24 00:00:00,
245529947010661,19,RHCA3,,,2007-01-01 00:00:00,,4.0,,,2010-09-24 00:00:00,
245529948010661,19,ROMU,,,2007-01-01 00:00:00,,4.0,,,2010-09-24 00:00:00,
245529949010661,19,ROPS,,,2007-01-01 00:00:00,,4.0,,,2010-09-24 00:00:00,
245529950010661,19,SPJA,,,2007-01-01 00:00:00,,4.0,,,2010-09-24 00:00:00,
245529951010661,19,TARA,,,2007-01-01 00:00:00,,4.0,,,2010-09-24 00:00:00,
245529952010661,19,TRSE6,,,2007-01-01 00:00:00,,4.0,,,2010-09-24 00:00:00,
245529953010661,19,ULPU,,,2007-01-01 00:00:00,,4.0,,,2010-09-24 00:00:00,
245529954010661,19,VIOP,,,2007-01-01 00:00:00,,4.0,,,2010-09-24 00:00:00,
245529955010661,20,ACPL,,,2007-01-01 00:00:00,,4.0,,,2010-09-24 00:00:00,
245529956010661,20,AIAL,,,2007-01-01 00:00:00,,4.0,,,2010-09-24 00:00:00,
245529957010661,20,ALJU,,,2007-01-01 00:00:00,,4.0,,,2010-09-24 00:00:00,
245529958010661,20,ALPE4,,,2007-01-01 00:00:00,,4.0,,,2010-09-24 00:00:00,
245529959010661,20,BETH,,,2007-01-01 00:00:00,,4.0,,,2010-09-24 00:00:00,
245529960010661,20,BEVU,,,2007-01-01 00:00:00,,4.0,,,2010-09-24 00:00:00,
245529961010661,20,CESTM,,,2007-01-01 00:00:00,,4.0,,NRCS 2000 to 2010 update of SYMBOL from CEBI2 to CESTM.,2010-09-24 00:00:00,
245529962010661,20,CEOR7,,,2007-01-01 00:00:00,,4.0,,,2010-09-24 00:00:00,
245529963010661,20,CIAR4,,,2007-01-01 00:00:00,,4.0,,,2010-09-24 00:00:00,
245529964010661,20,CIVU,,,2007-01-01 00:00:00,,4.0,,,2010-09-24 00:00:00,
245529965010661,20,CYLO11,,,2007-01-01 00:00:00,,4.0,,,2010-09-24 00:00:00,
245529966010661,20,CYRO8,,,2007-01-01 00:00:00,,4.0,,,2010-09-24 00:00:00,
245529967010661,20,ELAN,,,2007-01-01 00:00:00,,4.0,,,2010-09-24 00:00:00,
245529968010661,20,ELUM,,,2007-01-01 00:00:00,,4.0,,,2010-09-24 00:00:00,
245529969010661,20,EUES,,,2007-01-01 00:00:00,,4.0,,,2010-09-24 00:00:00,
245529970010661,20,FRAL4,,,2007-01-01 00:00:00,,4.0,,,2010-09-24 00:00:00,
245529971010661,20,HEHE,,,2007-01-01 00:00:00,,4.0,,,2010-09-24 00:00:00,
245529972010661,20,HEMA3,,,2007-01-01 00:00:00,,4.0,,,2010-09-24 00:00:00,
245529973010661,20,LIVU,,,2007-01-01 00:00:00,,4.0,,,2010-09-24 00:00:00,
245529974010661,20,LOBE,1.0,,2007-01-01 00:00:00,,4.0,,,2010-09-24 00:00:00,
245529975010661,20,LOJA,,,2007-01-01 00:00:00,,4.0,,,2010-09-24 00:00:00,
245529976010661,20,LOMA6,1.0,,2007-01-01 00:00:00,,4.0,,,2010-09-24 00:00:00,
245529977010661,20,LOMO2,1.0,,2007-01-01 00:00:00,,4.0,,,2010-09-24 00:00:00,
245529978010661,20,LONIC,1.0,,2007-01-01 00:00:00,,4.0,,"Consists of L. maackii, L. morrowii, L. tatarica or L. x bella if INVASIVE=Y after unknown processing.",2010-09-24 00:00:00,
245529979010661,20,LOTA,1.0,,2007-01-01 00:00:00,,4.0,,,2010-09-24 00:00:00,
245529980010661,20,LYNU,,,2007-01-01 00:00:00,,4.0,,,2010-09-24 00:00:00,
245529981010661,20,LYSA2,,,2007-01-01 00:00:00,,4.0,,,2010-09-24 00:00:00,
245529982010661,20,MEAZ,,,2007-01-01 00:00:00,,4.0,,,2010-09-24 00:00:00,
245529983010661,20,MEQU,,,2007-01-01 00:00:00,,4.0,,,2010-09-24 00:00:00,
245529984010661,20,MIVI,,,2007-01-01 00:00:00,,4.0,,,2010-09-24 00:00:00,
245529985010661,20,PATO2,,,2007-01-01 00:00:00,,4.0,,,2010-09-24 00:00:00,
245529986010661,20,PHAR3,,,2007-01-01 00:00:00,,4.0,,,2010-09-24 00:00:00,
245529987010661,20,PHAU7,,,2007-01-01 00:00:00,,4.0,,,2010-09-24 00:00:00,
245529988010661,20,POBO10,,,2007-01-01 00:00:00,,4.0,,Species not in PLANTS 2000,2010-09-24 00:00:00,
245529989010661,20,POCU6,,,2007-01-01 00:00:00,,4.0,,,2010-09-24 00:00:00,
245529990010661,20,POSA4,,,2007-01-01 00:00:00,,4.0,,,2010-09-24 00:00:00,
245529991010661,20,RHCA3,,,2007-01-01 00:00:00,,4.0,,,2010-09-24 00:00:00,
245529992010661,20,ROMU,,,2007-01-01 00:00:00,,4.0,,,2010-09-24 00:00:00,
245529993010661,20,ROPS,,,2007-01-01 00:00:00,,4.0,,,2010-09-24 00:00:00,
245529994010661,20,SPJA,,,2007-01-01 00:00:00,,4.0,,,2010-09-24 00:00:00,
245529995010661,20,TARA,,,2007-01-01 00:00:00,,4.0,,,2010-09-24 00:00:00,
245529996010661,20,TRSE6,,,2007-01-01 00:00:00,,4.0,,,2010-09-24 00:00:00,
245529997010661,20,ULPU,,,2007-01-01 00:00:00,,4.0,,,2010-09-24 00:00:00,
245529998010661,20,VIOP,,,2007-01-01 00:00:00,,4.0,,,2010-09-24 00:00:00,
245530081010661,23,ACPL,,,2007-01-01 00:00:00,,4.0,,,2010-09-24 00:00:00,
245530086010661,23,AIAL,,,2007-01-01 00:00:00,,4.0,,,2010-09-24 00:00:00,
245530087010661,23,ALJU,,,2007-01-01 00:00:00,,4.0,,,2010-09-24 00:00:00,
245530088010661,23,ALPE4,,,2007-01-01 00:00:00,,4.0,,,2010-09-24 00:00:00,
245530089010661,23,BETH,,,2007-01-01 00:00:00,,4.0,,,2010-09-24 00:00:00,
245530090010661,23,BEVU,,,2007-01-01 00:00:00,,4.0,,,2010-09-24 00:00:00,
245530091010661,23,CESTM,,,2007-01-01 00:00:00,,4.0,,NRCS 2000 to 2010 update of SYMBOL from CEBI2 to CESTM.,2010-09-24 00:00:00,
245530092010661,23,CEOR7,,,2007-01-01 00:00:00,,4.0,,,2010-09-24 00:00:00,
245530093010661,23,CIAR4,,,2007-01-01 00:00:00,,4.0,,,2010-09-24 00:00:00,
245530094010661,23,CIVU,,,2007-01-01 00:00:00,,4.0,,,2010-09-24 00:00:00,
245530095010661,23,CYLO11,,,2007-01-01 00:00:00,,4.0,,,2010-09-24 00:00:00,
245530096010661,23,CYRO8,,,2007-01-01 00:00:00,,4.0,,,2010-09-24 00:00:00,
245530097010661,23,ELAN,,,2007-01-01 00:00:00,,4.0,,,2010-09-24 00:00:00,
245530098010661,23,ELUM,,,2007-01-01 00:00:00,,4.0,,,2010-09-24 00:00:00,
245530099010661,23,EUES,,,2007-01-01 00:00:00,,4.0,,,2010-09-24 00:00:00,
245530100010661,23,FRAL4,,,2007-01-01 00:00:00,,4.0,,,2010-09-24 00:00:00,
245530101010661,23,HEHE,,,2007-01-01 00:00:00,,4.0,,,2010-09-24 00:00:00,
245530102010661,23,HEMA3,,,2007-01-01 00:00:00,,4.0,,,2010-09-24 00:00:00,
245530103010661,23,LIVU,,,2007-01-01 00:00:00,,4.0,,,2010-09-24 00:00:00,
245530104010661,23,LOBE,1.0,,2007-01-01 00:00:00,,4.0,,,2010-09-24 00:00:00,
245530105010661,23,LOJA,,,2007-01-01 00:00:00,,4.0,,,2010-09-24 00:00:00,
245530106010661,23,LOMA6,1.0,,2007-01-01 00:00:00,,4.0,,,2010-09-24 00:00:00,
245530107010661,23,LOMO2,1.0,,2007-01-01 00:00:00,,4.0,,,2010-09-24 00:00:00,
245530108010661,23,LONIC,1.0,,2007-01-01 00:00:00,,4.0,,"Consists of L. maackii, L. morrowii, L. tatarica or L. x bella if INVASIVE=Y after unknown processing.",2010-09-24 00:00:00,
245530109010661,23,LOTA,1.0,,2007-01-01 00:00:00,,4.0,,,2010-09-24 00:00:00,
245530110010661,23,LYNU,,,2007-01-01 00:00:00,,4.0,,,2010-09-24 00:00:00,
245530111010661,23,LYSA2,,,2007-01-01 00:00:00,,4.0,,,2010-09-24 00:00:00,
245530112010661,23,MEAZ,,,2007-01-01 00:00:00,,4.0,,,2010-09-24 00:00:00,
245530113010661,23,MEQU,,,2007-01-01 00:00:00,,4.0,,,2010-09-24 00:00:00,
245530114010661,23,MIVI,,,2007-01-01 00:00:00,,4.0,,,2010-09-24 00:00:00,
245530115010661,23,PATO2,,,2007-01-01 00:00:00,,4.0,,,2010-09-24 00:00:00,
245530116010661,23,PHAR3,,,2007-01-01 00:00:00,,4.0,,,2010-09-24 00:00:00,
245530117010661,23,PHAU7,,,2007-01-01 00:00:00,,4.0,,,2010-09-24 00:00:00,
245530118010661,23,POBO10,,,2007-01-01 00:00:00,,4.0,,Species not in PLANTS 2000,2010-09-24 00:00:00,
245530119010661,23,POCU6,,,2007-01-01 00:00:00,,4.0,,,2010-09-24 00:00:00,
245530120010661,23,POSA4,,,2007-01-01 00:00:00,,4.0,,,2010-09-24 00:00:00,
245530121010661,23,RHCA3,,,2007-01-01 00:00:00,,4.0,,,2010-09-24 00:00:00,
245530122010661,23,ROMU,,,2007-01-01 00:00:00,,4.0,,,2010-09-24 00:00:00,
245530123010661,23,ROPS,,,2007-01-01 00:00:00,,4.0,,,2010-09-24 00:00:00,
245530124010661,23,SPJA,,,2007-01-01 00:00:00,,4.0,,,2010-09-24 00:00:00,
245530125010661,23,TARA,,,2007-01-01 00:00:00,,4.0,,,2010-09-24 00:00:00,
245530126010661,23,TRSE6,,,2007-01-01 00:00:00,,4.0,,,2010-09-24 00:00:00,
245530127010661,23,ULPU,,,2007-01-01 00:00:00,,4.0,,,2010-09-24 00:00:00,
245530128010661,23,VIOP,,,2007-01-01 00:00:00,,4.0,,,2010-09-24 00:00:00,
245530129010661,24,ACPL,,,2007-01-01 00:00:00,,4.0,,,2010-09-24 00:00:00,
245530130010661,24,AIAL,,,2007-01-01 00:00:00,,4.0,,,2010-09-24 00:00:00,
245530131010661,24,ALJU,,,2007-01-01 00:00:00,,4.0,,,2010-09-24 00:00:00,
245530132010661,24,ALPE4,,,2007-01-01 00:00:00,,4.0,,,2010-09-24 00:00:00,
245530133010661,24,BETH,,,2007-01-01 00:00:00,,4.0,,,2010-09-24 00:00:00,
245530134010661,24,BEVU,,,2007-01-01 00:00:00,,4.0,,,2010-09-24 00:00:00,
245530135010661,24,CESTM,,,2007-01-01 00:00:00,,4.0,,NRCS 2000 to 2010 update of SYMBOL from CEBI2 to CESTM.,2010-09-24 00:00:00,
245530136010661,24,CEOR7,,,2007-01-01 00:00:00,,4.0,,,2010-09-24 00:00:00,
245530137010661,24,CIAR4,,,2007-01-01 00:00:00,,4.0,,,2010-09-24 00:00:00,
245530138010661,24,CIVU,,,2007-01-01 00:00:00,,4.0,,,2010-09-24 00:00:00,
245530139010661,24,CYLO11,,,2007-01-01 00:00:00,,4.0,,,2010-09-24 00:00:00,
245530140010661,24,CYRO8,,,2007-01-01 00:00:00,,4.0,,,2010-09-24 00:00:00,
245530141010661,24,ELAN,,,2007-01-01 00:00:00,,4.0,,,2010-09-24 00:00:00,
245530142010661,24,ELUM,,,2007-01-01 00:00:00,,4.0,,,2010-09-24 00:00:00,
245530143010661,24,EUES,,,2007-01-01 00:00:00,,4.0,,,2010-09-24 00:00:00,
245530144010661,24,FRAL4,,,2007-01-01 00:00:00,,4.0,,,2010-09-24 00:00:00,
245530145010661,24,HEHE,,,2007-01-01 00:00:00,,4.0,,,2010-09-24 00:00:00,
245530146010661,24,HEMA3,,,2007-01-01 00:00:00,,4.0,,,2010-09-24 00:00:00,
245530147010661,24,LIVU,,,2007-01-01 00:00:00,,4.0,,,2010-09-24 00:00:00,
245530148010661,24,LOBE,1.0,,2007-01-01 00:00:00,,4.0,,,2010-09-24 00:00:00,
245530149010661,24,LOJA,,,2007-01-01 00:00:00,,4.0,,,2010-09-24 00:00:00,
245530171010661,24,LOMA6,1.0,,2007-01-01 00:00:00,,4.0,,,2010-09-24 00:00:00,
245530173010661,24,LOMO2,1.0,,2007-01-01 00:00:00,,4.0,,,2010-09-24 00:00:00,
245530174010661,24,LONIC,1.0,,2007-01-01 00:00:00,,4.0,,"Consists of L. maackii, L. morrowii, L. tatarica or L. x bella if INVASIVE=Y after unknown processing.",2010-09-24 00:00:00,
245530175010661,24,LOTA,1.0,,2007-01-01 00:00:00,,4.0,,,2010-09-24 00:00:00,
245530176010661,24,LYNU,,,2007-01-01 00:00:00,,4.0,,,2010-09-24 00:00:00,
245530177010661,24,LYSA2,,,2007-01-01 00:00:00,,4.0,,,2010-09-24 00:00:00,
245530178010661,24,MEAZ,,,2007-01-01 00:00:00,,4.0,,,2010-09-24 00:00:00,
245530179010661,24,MEQU,,,2007-01-01 00:00:00,,4.0,,,2010-09-24 00:00:00,
245530180010661,24,MIVI,,,2007-01-01 00:00:00,,4.0,,,2010-09-24 00:00:00,
245530181010661,24,PATO2,,,2007-01-01 00:00:00,,4.0,,,2010-09-24 00:00:00,
245530182010661,24,PHAR3,,,2007-01-01 00:00:00,,4.0,,,2010-09-24 00:00:00,
245530183010661,24,PHAU7,,,2007-01-01 00:00:00,,4.0,,,2010-09-24 00:00:00,
245530184010661,24,POBO10,,,2007-01-01 00:00:00,,4.0,,Species not in PLANTS 2000,2010-09-24 00:00:00,
245530185010661,24,POCU6,,,2007-01-01 00:00:00,,4.0,,,2010-09-24 00:00:00,
245530186010661,24,POSA4,,,2007-01-01 00:00:00,,4.0,,,2010-09-24 00:00:00,
245530187010661,24,RHCA3,,,2007-01-01 00:00:00,,4.0,,,2010-09-24 00:00:00,
245530188010661,24,ROMU,,,2007-01-01 00:00:00,,4.0,,,2010-09-24 00:00:00,
245530189010661,24,ROPS,,,2007-01-01 00:00:00,,4.0,,,2010-09-24 00:00:00,
245530190010661,24,SPJA,,,2007-01-01 00:00:00,,4.0,,,2010-09-24 00:00:00,
245530191010661,24,TARA,,,2007-01-01 00:00:00,,4.0,,,2010-09-24 00:00:00,
245530192010661,24,TRSE6,,,2007-01-01 00:00:00,,4.0,,,2010-09-24 00:00:00,
245530193010661,24,ULPU,,,2007-01-01 00:00:00,,4.0,,,2010-09-24 00:00:00,
245530194010661,24,VIOP,,,2007-01-01 00:00:00,,4.0,,,2010-09-24 00:00:00,
245530195010661,25,ACPL,,,2007-01-01 00:00:00,,4.0,,,2010-09-24 00:00:00,
245530196010661,25,AIAL,,,2007-01-01 00:00:00,,4.0,,,2010-09-24 00:00:00,
245530197010661,25,ALJU,,,2007-01-01 00:00:00,,4.0,,,2010-09-24 00:00:00,
245530198010661,25,ALPE4,,,2007-01-01 00:00:00,,4.0,,,2010-09-24 00:00:00,
245530199010661,25,BETH,,,2007-01-01 00:00:00,,4.0,,,2010-09-24 00:00:00,
245530200010661,25,BEVU,,,2007-01-01 00:00:00,,4.0,,,2010-09-24 00:00:00,
245530201010661,25,CESTM,,,2007-01-01 00:00:00,,4.0,,NRCS 2000 to 2010 update of SYMBOL from CEBI2 to CESTM.,2010-09-24 00:00:00,
245530202010661,25,CEOR7,,,2007-01-01 00:00:00,,4.0,,,2010-09-24 00:00:00,
245530203010661,25,CIAR4,,,2007-01-01 00:00:00,,4.0,,,2010-09-24 00:00:00,
245530204010661,25,CIVU,,,2007-01-01 00:00:00,,4.0,,,2010-09-24 00:00:00,
245530205010661,25,CYLO11,,,2007-01-01 00:00:00,,4.0,,,2010-09-24 00:00:00,
245530206010661,25,CYRO8,,,2007-01-01 00:00:00,,4.0,,,2010-09-24 00:00:00,
245530207010661,25,ELAN,,,2007-01-01 00:00:00,,4.0,,,2010-09-24 00:00:00,
245530208010661,25,ELUM,,,2007-01-01 00:00:00,,4.0,,,2010-09-24 00:00:00,
245530209010661,25,EUES,,,2007-01-01 00:00:00,,4.0,,,2010-09-24 00:00:00,
245530210010661,25,FRAL4,,,2007-01-01 00:00:00,,4.0,,,2010-09-24 00:00:00,
245530211010661,25,HEHE,,,2007-01-01 00:00:00,,4.0,,,2010-09-24 00:00:00,
245530212010661,25,HEMA3,,,2007-01-01 00:00:00,,4.0,,,2010-09-24 00:00:00,
245530213010661,25,LIVU,,,2007-01-01 00:00:00,,4.0,,,2010-09-24 00:00:00,
245530214010661,25,LOBE,1.0,,2007-01-01 00:00:00,,4.0,,,2010-09-24 00:00:00,
245530215010661,25,LOJA,,,2007-01-01 00:00:00,,4.0,,,2010-09-24 00:00:00,
245530216010661,25,LOMA6,1.0,,2007-01-01 00:00:00,,4.0,,,2010-09-24 00:00:00,
245530217010661,25,LOMO2,1.0,,2007-01-01 00:00:00,,4.0,,,2010-09-24 00:00:00,
245530218010661,25,LONIC,1.0,,2007-01-01 00:00:00,,4.0,,"Consists of L. maackii, L. morrowii, L. tatarica or L. x bella if INVASIVE=Y after unknown processing.",2010-09-24 00:00:00,
245530219010661,25,LOTA,1.0,,2007-01-01 00:00:00,,4.0,,,2010-09-24 00:00:00,
245530220010661,25,LYNU,,,2007-01-01 00:00:00,,4.0,,,2010-09-24 00:00:00,
245530221010661,25,LYSA2,,,2007-01-01 00:00:00,,4.0,,,2010-09-24 00:00:00,
245530222010661,25,MEAZ,,,2007-01-01 00:00:00,,4.0,,,2010-09-24 00:00:00,
245530223010661,25,MEQU,,,2007-01-01 00:00:00,,4.0,,,2010-09-24 00:00:00,
245530224010661,25,MIVI,,,2007-01-01 00:00:00,,4.0,,,2010-09-24 00:00:00,
245530225010661,25,PATO2,,,2007-01-01 00:00:00,,4.0,,,2010-09-24 00:00:00,
245530226010661,25,PHAR3,,,2007-01-01 00:00:00,,4.0,,,2010-09-24 00:00:00,
245530227010661,25,PHAU7,,,2007-01-01 00:00:00,,4.0,,,2010-09-24 00:00:00,
245530228010661,25,POBO10,,,2007-01-01 00:00:00,,4.0,,Species not in PLANTS 2000,2010-09-24 00:00:00,
245530229010661,25,POCU6,,,2007-01-01 00:00:00,,4.0,,,2010-09-24 00:00:00,
245530230010661,25,POSA4,,,2007-01-01 00:00:00,,4.0,,,2010-09-24 00:00:00,
245530231010661,25,RHCA3,,,2007-01-01 00:00:00,,4.0,,,2010-09-24 00:00:00,
245530232010661,25,ROMU,,,2007-01-01 00:00:00,,4.0,,,2010-09-24 00:00:00,
245530233010661,25,ROPS,,,2007-01-01 00:00:00,,4.0,,,2010-09-24 00:00:00,
245530235010661,25,SPJA,,,2007-01-01 00:00:00,,4.0,,,2010-09-24 00:00:00,
245530236010661,25,TARA,,,2007-01-01 00:00:00,,4.0,,,2010-09-24 00:00:00,
245530237010661,25,TRSE6,,,2007-01-01 00:00:00,,4.0,,,2010-09-24 00:00:00,
245530238010661,25,ULPU,,,2007-01-01 00:00:00,,4.0,,,2010-09-24 00:00:00,
245530239010661,25,VIOP,,,2007-01-01 00:00:00,,4.0,,,2010-09-24 00:00:00,
245530240010661,26,ACPL,,,2007-01-01 00:00:00,,4.0,,,2010-09-24 00:00:00,
245530241010661,26,AIAL,,,2007-01-01 00:00:00,,4.0,,,2010-09-24 00:00:00,
245530242010661,26,ALJU,,,2007-01-01 00:00:00,,4.0,,,2010-09-24 00:00:00,
245530243010661,26,ALPE4,,,2007-01-01 00:00:00,,4.0,,,2010-09-24 00:00:00,
245530244010661,26,BETH,,,2007-01-01 00:00:00,,4.0,,,2010-09-24 00:00:00,
245530245010661,26,BEVU,,,2007-01-01 00:00:00,,4.0,,,2010-09-24 00:00:00,
245530246010661,26,CESTM,,,2007-01-01 00:00:00,,4.0,,NRCS 2000 to 2010 update of SYMBOL from CEBI2 to CESTM.,2010-09-24 00:00:00,
245531439010661,55,CIVU,,,2007-01-01 00:00:00,,4.0,,,2010-09-24 00:00:00,
245531440010661,55,CYLO11,,,2007-01-01 00:00:00,,4.0,,,2010-09-24 00:00:00,
245531441010661,55,CYRO8,,,2007-01-01 00:00:00,,4.0,,,2010-09-24 00:00:00,
157433550798795,64,SCAC2,,,2010-01-01 00:00:00,,1.7,,Schefflera actinophylla,2016-07-14 09:50:53,
157433551798795,15,SEMA15,,,2010-01-01 00:00:00,,1.7,,Senecio madagascariensis (fireweed),2016-07-14 09:50:53,
157433552798795,69,SOSE7,,,2010-01-01 00:00:00,,1.7,,Solanum seaforthianum,2016-07-14 09:50:53,
157433553798795,60,SPCA2,,,2010-01-01 00:00:00,,1.7,,Spathodea campanulata,2016-07-14 09:50:54,
157433554798795,66,SPCA2,,,2010-01-01 00:00:00,,1.7,,Spathodea campanulata,2016-07-14 09:50:54,
157433555798795,69,SPCA2,,,2010-01-01 00:00:00,,1.7,,Spathodea campanulata,2016-07-14 09:50:54,
157433556798795,70,SPCA2,,,2010-01-01 00:00:00,,1.7,,Spathodea campanulata,2016-07-14 09:50:55,
157433557798795,64,SPCA2,,,2010-01-01 00:00:00,,1.7,,Spathodea campanulata,2016-07-14 09:50:55,
157433558798795,69,SPTR6,,,2010-01-01 00:00:00,,1.7,,Sphagneticola trilobata,2016-07-14 09:50:55,
157433559798795,70,SPTR6,,,2010-01-01 00:00:00,,1.7,,Sphagneticola trilobata,2016-07-14 09:50:56,
157433560798795,64,SPTR6,,,2010-01-01 00:00:00,,1.7,,Sphagneticola trilobata (Wedelia trilobata),2016-07-14 09:50:56,
157433561798795,70,STCA8,,,2010-01-01 00:00:00,,1.7,,Stachytarpheta cayennensis,2016-07-14 09:50:56,
157433562798795,66,STJA,,,2010-01-01 00:00:00,,1.7,,Stachytapheta jamaicensis,2016-07-14 09:50:57,
157433563798795,69,STJA,,,2010-01-01 00:00:00,,1.7,,Stachytarpheta jamaicensis,2016-07-14 09:50:57,
157433564798795,70,STJA,,,2010-01-01 00:00:00,,1.7,,Stachytarpheta jamaicensis,2016-07-14 09:50:57,
157433565798795,69,SYAN,,,2010-01-01 00:00:00,,1.7,,Syngonium angustatum,2016-07-14 09:50:58,
157433566798795,64,SYAN,,,2010-01-01 00:00:00,,1.7,,Syngonium angustatum,2016-07-14 09:50:58,
157433567798795,60,SYPO,,,2010-01-01 00:00:00,,1.7,,Syngonium podophyllum,2016-07-14 09:50:58,
157433568798795,66,SYPO,,,2010-01-01 00:00:00,,1.7,,Syngonium podophyllum,2016-07-14 09:50:58,
157433569798795,69,TAHE,,,2010-01-01 00:00:00,,1.7,,Tabebuia heterophylla,2016-07-14 09:50:59,
157433570798795,69,THGR3,,,2010-01-01 00:00:00,,1.7,,Thunbergia grandiflora,2016-07-14 09:50:59,
157433571798795,70,THGR3,,,2010-01-01 00:00:00,,1.7,,Thunbergia grandiflora,2016-07-14 09:50:59,
157433572798795,64,THGR3,,,2010-01-01 00:00:00,,1.7,,Thunbergia grandiflora,2016-07-14 09:51:00,
157433573798795,66,TINOS,,,2010-01-01 00:00:00,,1.7,,Tinospora sp.,2016-07-14 09:51:00,
157433574798795,69,TINOS,,,2010-01-01 00:00:00,,1.7,,Tinospora sp,2016-07-14 09:51:00,
157433575798795,70,TITI,,,2010-01-01 00:00:00,,1.7,,Timonius timon,2016-07-14 09:51:01,
157433576798795,15,TRSE6,,,2010-01-01 00:00:00,,1.7,,Triadica sebifera (Tallow tree),2016-07-14 09:51:01,
157433577798795,66,TRSP8,,,2010-01-01 00:00:00,,1.7,,Tradescantia spathacea,2016-07-14 09:51:01,
157433578798795,69,TRSP8,,,2010-01-01 00:00:00,,1.7,,Tradescantia spathacea,2016-07-14 09:51:01,
157433579798795,69,TRTR7,,,2010-01-01 00:00:00,,1.7,,Triphasia trifolia,2016-07-14 09:51:02,
157433580798795,15,ULEU,,,2010-01-01 00:00:00,,1.7,,Ulex europaeus (gorse),2016-07-14 09:51:02,
157433581798795,15,ULPU,,,2010-01-01 00:00:00,,1.7,,Ulmus pumila (Siberian elm),2016-07-14 09:51:02,
157433582798795,66,URMA3,,,2010-01-01 00:00:00,,1.7,,Panicum maximum (Urochloa maxima),2016-07-14 09:51:03,
157433583798795,69,URMA3,,,2010-01-01 00:00:00,,1.7,,Panicum maximum (Urochloa maxima),2016-07-14 09:51:03,
157433584798795,66,VIPA6,,,2010-01-01 00:00:00,,1.7,,Vitex parviflora,2016-07-14 09:51:03,
157433585798795,69,VIPA6,,,2010-01-01 00:00:00,,1.7,,Vitex parviflora,2016-07-14 09:51:04,
245529208010661,2,ALPE4,,,2004-06-01 00:00:00,,5.0,,,2010-09-02 00:00:00,
245529209010661,2,BRIN2,,,2004-06-01 00:00:00,,5.0,,,2010-09-02 00:00:00,
245529210010661,2,BRTE,,,2004-06-01 00:00:00,,5.0,,,2010-09-02 00:00:00,
245529211010661,2,CAAR18,,,2004-06-01 00:00:00,,5.0,,,2010-09-02 00:00:00,
245529212010661,2,CABU2,,,2004-06-01 00:00:00,,5.0,,,2010-09-02 00:00:00,
245529213010661,2,CESTM,,,2004-06-01 00:00:00,,5.0,,NRCS 2000 to 2010 update of SYMBOL from CEBI2 to CESTM.,2010-09-02 00:00:00,
245529214010661,2,CIAR4,,,2004-06-01 00:00:00,,5.0,,,2010-09-02 00:00:00,
245529215010661,2,CIVU,,,2004-06-01 00:00:00,,5.0,,,2010-09-02 00:00:00,
245529216010661,2,CRTE3,,,2004-06-01 00:00:00,,5.0,,,2010-09-02 00:00:00,
245529217010661,2,CYSC4,,,2004-06-01 00:00:00,,5.0,,,2010-09-02 00:00:00,
245529218010661,2,DAGL,,,2004-06-01 00:00:00,,5.0,,,2010-09-02 00:00:00,
245529219010661,2,ELRE4,,,2004-06-01 00:00:00,,5.0,,,2010-09-02 00:00:00,
245529220010661,2,GALEO,,,2004-06-01 00:00:00,,5.0,,,2010-09-02 00:00:00,
245529221010661,2,HEMA17,,,2011-01-01 00:00:00,,5.0,,,2010-09-02 00:00:00,
245529222010661,2,HIAU,,,2004-06-01 00:00:00,,5.0,,,2010-09-02 00:00:00,
245529223010661,2,HICA10,,,2004-06-01 00:00:00,,5.0,,,2010-09-02 00:00:00,
245529224010661,2,HIPI,,,2004-06-01 00:00:00,,5.0,,,2010-09-02 00:00:00,
245529225010661,2,HIUM,,,2004-06-01 00:00:00,,5.0,,,2010-09-02 00:00:00,
245529226010661,2,HYRA3,,,2004-06-01 00:00:00,,5.0,,,2010-09-02 00:00:00,
245529227010661,2,IMGL,,,2004-06-01 00:00:00,,5.0,,,2010-09-02 00:00:00,
245529228010661,2,LASQ,,,2004-06-01 00:00:00,,5.0,,,2010-09-02 00:00:00,
245529229010661,2,LEVU,,,2004-06-01 00:00:00,,5.0,,,2010-09-02 00:00:00,
245529230010661,2,LIVU2,,,2004-06-01 00:00:00,,5.0,,,2010-09-02 00:00:00,
245529231010661,2,LOLIU,,,2004-06-01 00:00:00,,5.0,,,2010-09-02 00:00:00,
245529232010661,2,LYSA2,,,2011-06-01 00:00:00,,5.0,,,2010-09-02 00:00:00,
245529233010661,2,LYVI3,,,2011-06-01 00:00:00,,5.0,,,2010-09-02 00:00:00,
245529234010661,2,MADI6,,,2004-06-01 00:00:00,,5.0,,,2010-09-02 00:00:00,
245529236010661,2,MEDIC,,,2004-06-01 00:00:00,,5.0,,,2010-09-02 00:00:00,
245529237010661,2,MEOF,,,2004-06-01 00:00:00,,5.0,,NRCS 2000 to 2010 update combined SYMBOLs for MEAL12 and MEOF into one symbol MEOF.,2010-09-02 00:00:00,
245529239010661,2,PHAR3,,,2004-06-01 00:00:00,,5.0,,,2010-09-02 00:00:00,
245529240010661,2,PHPR3,,,2004-06-01 00:00:00,,5.0,,,2010-09-02 00:00:00,
245529241010661,2,PLMA2,,,2004-06-01 00:00:00,,5.0,,,2010-09-02 00:00:00,
245529242010661,2,POAV,,,2004-06-01 00:00:00,,5.0,,,2010-09-02 00:00:00,
245529243010661,2,POBO10,1.0,,2004-06-01 00:00:00,,5.0,,,2010-09-07 00:00:00,
245529244010661,2,POCU6,1.0,,2004-06-01 00:00:00,,5.0,,,2010-09-07 00:00:00,
245529245010661,2,POSA4,1.0,,2004-06-01 00:00:00,,5.0,,,2010-09-07 00:00:00,
245529246010661,2,PRPA5,,,2004-06-01 00:00:00,,5.0,,,2010-09-02 00:00:00,
245529247010661,2,RARE3,,,2004-06-01 00:00:00,,5.0,,,2010-09-02 00:00:00,
245529248010661,2,RUAR9,,,2011-01-01 00:00:00,,5.0,,NRCS 2000 to 2010 update of SYMBOL from RUDI2 to RUAR9.,2010-09-02 00:00:00,
245529249010661,2,SEJA,,,2004-06-01 00:00:00,,5.0,,,2010-09-02 00:00:00,
245529250010661,2,SEVU,,,2004-06-01 00:00:00,,5.0,,,2010-09-02 00:00:00,
245529251010661,2,SOAR2,,,2004-06-01 00:00:00,,5.0,,,2010-09-02 00:00:00,
245529252010661,2,STME2,,,2004-06-01 00:00:00,,5.0,,,2010-09-02 00:00:00,
245529253010661,2,TAOF,,,2004-06-01 00:00:00,,5.0,,,2010-09-02 00:00:00,
245529254010661,2,TAVU,,,2004-06-01 00:00:00,,5.0,,,2010-09-02 00:00:00,
245529255010661,2,TRDU,,,2004-06-01 00:00:00,,5.0,,,2010-09-02 00:00:00,
245529256010661,2,TRIFO,,,2004-06-01 00:00:00,,5.0,,,2010-09-02 00:00:00,
245529257010661,2,VICRC,,,2004-06-01 00:00:00,,5.0,,,2010-09-02 00:00:00,
245529258010661,4,ACBR5,,,2011-01-01 00:00:00,2023-01-01 00:00:00,5.0,9.2,,2010-09-02 00:00:00,2025-07-28 11:29:12
245529259010661,4,ACRE3,,,2011-01-01 00:00:00,,5.0,,,2010-09-02 00:00:00,
245529260010661,4,AECY,,,2011-01-01 00:00:00,,5.0,,,2010-09-02 00:00:00,
245529261010661,4,ALMA12,,,2011-01-01 00:00:00,,5.0,,,2010-09-02 00:00:00,
245529262010661,4,ALPH,,,2011-01-01 00:00:00,2023-01-01 00:00:00,5.0,9.2,,2010-09-02 00:00:00,2025-07-28 11:29:12
245529263010661,4,CAAC,,,2011-01-01 00:00:00,2023-01-01 00:00:00,5.0,9.2,,2010-09-02 00:00:00,2025-07-28 11:29:12
245529264010661,4,CACH42,,,2011-01-01 00:00:00,2023-01-01 00:00:00,5.0,9.2,NRCS 2000 to 2010 update of SYMBOL from CACH10 to CACH42.,2010-09-02 00:00:00,2025-07-28 11:29:12
245529265010661,4,CADR,,,2011-01-01 00:00:00,2023-01-01 00:00:00,5.0,9.2,,2010-09-02 00:00:00,2025-07-28 11:29:12
245529266010661,4,CAPU6,,,2011-01-01 00:00:00,2023-01-01 00:00:00,5.0,9.2,,2010-09-02 00:00:00,2025-07-28 11:29:14
245529267010661,4,CESTM,,,2011-01-01 00:00:00,,5.0,,NRCS 2000 to 2010 update of SYMBOL from CEBI2 to CESTM.,2010-09-02 00:00:00,
245529268010661,4,CECA2,,,2011-01-01 00:00:00,,5.0,,,2010-09-02 00:00:00,
245529269010661,4,CEDI3,,,2011-01-01 00:00:00,,5.0,,,2010-09-02 00:00:00,
245529270010661,4,CEEC,,,2011-01-01 00:00:00,2023-01-01 00:00:00,5.0,9.2,,2010-09-02 00:00:00,2025-07-28 11:29:14
245529271010661,4,CEIB,,,2011-01-01 00:00:00,,5.0,,,2010-09-02 00:00:00,
245529272010661,4,CESO3,,,2011-01-01 00:00:00,,5.0,,,2010-09-02 00:00:00,
245529273010661,4,CESP4,,,2011-01-01 00:00:00,2023-01-01 00:00:00,5.0,9.2,,2010-09-02 00:00:00,2025-07-28 11:29:14
245529274010661,4,CESU,,,2011-01-01 00:00:00,2023-01-01 00:00:00,5.0,9.2,,2010-09-02 00:00:00,2025-07-28 11:29:14
245529275010661,4,CEVIS2,,,2011-01-01 00:00:00,,5.0,,NRCS 2000 to 2010 update of SYMBOL from CETR8 to CEVIS2.,2010-09-02 00:00:00,
245529276010661,4,CHJU,,,2011-01-01 00:00:00,,5.0,,,2010-09-02 00:00:00,
245529277010661,4,CIAR4,,,2011-01-01 00:00:00,,5.0,,,2010-09-02 00:00:00,
245529278010661,4,COAR4,,,2011-01-01 00:00:00,,5.0,,,2010-09-02 00:00:00,
245529279010661,4,COSQ,,,2011-01-01 00:00:00,2023-01-01 00:00:00,5.0,9.2,,2010-09-02 00:00:00,2025-07-28 11:29:15
245529280010661,4,CUME,,,2011-01-01 00:00:00,2023-01-01 00:00:00,5.0,9.2,,2010-09-02 00:00:00,2025-07-28 11:29:15
245529281010661,4,CUSCU,,,2011-01-01 00:00:00,2023-01-01 00:00:00,5.0,9.2,,2010-09-02 00:00:00,2025-07-28 11:29:18
245529282010661,4,DRAR7,,,2011-01-01 00:00:00,2023-01-01 00:00:00,5.0,9.2,,2010-09-02 00:00:00,2025-07-28 11:29:15
245529283010661,4,EIAZ2,,,2011-01-01 00:00:00,2023-01-01 00:00:00,5.0,9.2,,2010-09-02 00:00:00,2025-07-28 11:29:15
245529284010661,4,EICR,,,2011-01-01 00:00:00,2023-01-01 00:00:00,5.0,9.2,,2010-09-02 00:00:00,2025-07-28 11:29:15
245529285010661,4,ELRE4,,,2011-01-01 00:00:00,,5.0,,,2010-09-02 00:00:00,
245529286010661,4,EUES,,,2011-01-01 00:00:00,,5.0,,,2010-09-02 00:00:00,
245529287010661,4,EUMU,,,2011-01-01 00:00:00,2023-01-01 00:00:00,5.0,9.2,,2010-09-02 00:00:00,2025-07-28 11:29:15
245529288010661,4,HAGL,,,2011-01-01 00:00:00,,5.0,,,2010-09-02 00:00:00,
245529289010661,4,HECI,,,2011-01-01 00:00:00,2023-01-01 00:00:00,5.0,9.2,,2010-09-02 00:00:00,2025-07-28 11:29:15
245529290010661,4,HYVE3,,,2011-01-01 00:00:00,,5.0,,,2010-09-02 00:00:00,
245529291010661,4,IPOMO,,,2011-01-01 00:00:00,2023-01-01 00:00:00,5.0,9.2,,2010-09-02 00:00:00,2025-07-28 11:29:15
245529292010661,4,IPTR2,,,2011-01-01 00:00:00,2023-01-01 00:00:00,5.0,9.2,,2010-09-02 00:00:00,2025-07-28 11:29:15
245529293010661,4,LIDA,,,2011-01-01 00:00:00,2023-01-01 00:00:00,5.0,9.2,,2010-09-02 00:00:00,2025-07-28 11:29:15
245529294010661,4,LYSA2,,,2011-01-01 00:00:00,,5.0,,,2010-09-02 00:00:00,
245529295010661,4,MEPO3,,,2011-01-01 00:00:00,2023-01-01 00:00:00,5.0,9.2,,2010-09-02 00:00:00,2025-07-28 11:29:15
245529296010661,4,NATR3,,,2011-01-01 00:00:00,2023-01-01 00:00:00,5.0,9.2,,2010-09-02 00:00:00,2025-07-28 11:29:16
245529297010661,4,ONAC,,,2011-01-01 00:00:00,,5.0,,,2010-09-02 00:00:00,
245529298010661,4,ORRA,,,2011-01-01 00:00:00,2023-01-01 00:00:00,5.0,9.2,,2010-09-02 00:00:00,2025-07-28 11:29:16
245529299010661,4,PARE3,,,2011-01-01 00:00:00,2023-01-01 00:00:00,5.0,9.2,,2010-09-02 00:00:00,2025-07-28 11:29:18
245529300010661,4,PECI,,,2011-01-01 00:00:00,,5.0,,,2010-09-02 00:00:00,
245529301010661,4,PEHA,,,2011-01-01 00:00:00,,5.0,,,2010-09-02 00:00:00,
245529302010661,4,POOL,,,2011-01-01 00:00:00,2023-01-01 00:00:00,5.0,9.2,,2010-09-02 00:00:00,2025-07-28 11:29:18
245529303010661,4,ROAU,,,2011-01-01 00:00:00,2023-01-01 00:00:00,5.0,9.2,,2010-09-02 00:00:00,2025-07-28 11:29:18
245529304010661,4,SAMO5,,,2011-01-01 00:00:00,2023-01-01 00:00:00,5.0,9.2,,2010-09-02 00:00:00,2025-07-28 11:29:18
245529305010661,4,SEJA,,,2011-01-01 00:00:00,,5.0,,,2010-09-02 00:00:00,
245529306010661,4,SOAR2,,,2011-01-01 00:00:00,2023-01-01 00:00:00,5.0,9.2,,2010-09-02 00:00:00,2025-07-28 11:29:18
245529307010661,4,SOCA3,,,2011-01-01 00:00:00,2023-01-01 00:00:00,5.0,9.2,,2010-09-02 00:00:00,2025-07-28 11:29:18
245529308010661,4,SOVI2,,,2011-01-01 00:00:00,2023-01-01 00:00:00,5.0,9.2,,2010-09-02 00:00:00,2025-07-28 11:29:18
245529309010661,4,STRIG,,,2011-01-01 00:00:00,2023-01-01 00:00:00,5.0,9.2,,2010-09-02 00:00:00,2025-07-28 11:29:18
245529310010661,4,TRNA,,,2011-01-01 00:00:00,2023-01-01 00:00:00,5.0,9.2,,2010-09-02 00:00:00,2025-07-28 11:29:18
245529311010661,4,TRTE,,,2011-01-01 00:00:00,,5.0,,,2010-09-02 00:00:00,
245529354010661,6,ACRE3,,,2011-01-01 00:00:00,,5.0,,knapweed spp group,2010-09-02 00:00:00,
245529355010661,6,AIAL,,,2011-01-01 00:00:00,,5.0,,,2010-09-02 00:00:00,
245529356010661,6,ARDO4,,,2011-01-01 00:00:00,,5.0,,,2010-09-02 00:00:00,
245529357010661,6,BRTE,,,2011-01-01 00:00:00,,5.0,,,2010-09-02 00:00:00,
245529358010661,6,BUDA2,,,2011-01-01 00:00:00,,5.0,,,2010-09-02 00:00:00,
245529359010661,6,CANU4,,,2011-01-01 00:00:00,,5.0,,thistle spp group,2010-09-02 00:00:00,
245529360010661,6,CAPY2,,,2011-01-01 00:00:00,,5.0,,thistle spp group,2010-09-02 00:00:00,
245529361010661,6,CESTM,,,2011-01-01 00:00:00,,5.0,,NRCS 2000 to 2010 update of SYMBOL from CEBI2 to CESTM.,2010-09-02 00:00:00,
245529362010661,6,CENI3,,,2011-01-01 00:00:00,,5.0,,NRCS 2000 to 2010 update of SYMBOL from CEDET to CENI3.,2010-09-02 00:00:00,
245529363010661,6,CEDI3,,,2011-01-01 00:00:00,,5.0,,knapweed spp group,2010-09-02 00:00:00,
245529364010661,6,CEME2,,,2011-01-01 00:00:00,,5.0,,starthistle spp group,2010-09-02 00:00:00,
245529365010661,6,CESO3,,,2011-01-01 00:00:00,,5.0,,starthistle spp group,2010-09-02 00:00:00,
245529366010661,6,CEVIS2,,,2011-01-01 00:00:00,,5.0,,NRCS 2000 to 2010 update of SYMBOL from CETR8 to CEVIS2.,2010-09-02 00:00:00,
245529367010661,6,CHJU,,,2011-01-01 00:00:00,,5.0,,,2010-09-02 00:00:00,
245529368010661,6,CIAR4,,,2011-01-01 00:00:00,,5.0,,thistle spp group,2010-09-02 00:00:00,
245529370010661,6,CIVU,,,2011-01-01 00:00:00,,5.0,,thistle spp group,2010-09-02 00:00:00,
245529371010661,6,COFR3,,,2011-01-01 00:00:00,,5.0,,cotoneaster spp group,2010-09-02 00:00:00,
245529372010661,6,COJU2,,,2011-01-01 00:00:00,,5.0,,,2010-09-02 00:00:00,
245529373010661,6,COLA18,,,2011-01-01 00:00:00,,5.0,,cotoneaster spp group,2010-09-02 00:00:00,
245529374010661,6,COPA14,,,2011-01-01 00:00:00,,5.0,,cotoneaster spp group,2010-09-02 00:00:00,
245529375010661,6,CYOF,,,2011-01-01 00:00:00,,5.0,,,2010-09-02 00:00:00,
245529376010661,6,CYSC4,,,2011-01-01 00:00:00,,5.0,,broom spp group,2010-09-02 00:00:00,
245529377010661,6,EUES,,,2011-01-01 00:00:00,,5.0,,,2010-09-02 00:00:00,
245529378010661,6,GEMO2,,,2011-01-01 00:00:00,,5.0,,broom spp group,2010-09-02 00:00:00,
245529379010661,6,HEHE,,,2011-01-01 00:00:00,,5.0,,ivy spp group,2010-09-02 00:00:00,
245529380010661,6,HEHEC,,,2011-01-01 00:00:00,,5.0,,HECA37; ivy spp group,2010-09-02 00:00:00,
245529381010661,6,HEHI12,,,2011-01-01 00:00:00,,5.0,,ivy spp group,2010-09-02 00:00:00,
245529382010661,6,HIAU,,,2011-01-01 00:00:00,,5.0,,hawkweed spp group,2010-09-02 00:00:00,
245529383010661,6,HICA10,,,2011-01-01 00:00:00,,5.0,,hawkweed spp group,2010-09-02 00:00:00,
245529384010661,6,HYPE,,,2011-01-01 00:00:00,,5.0,,,2010-09-02 00:00:00,
245529385010661,6,ILAQ80,,,2011-01-01 00:00:00,,5.0,,,2010-09-02 00:00:00,
157433548798795,64,SACCH,,,2010-01-01 00:00:00,,1.7,,Saccharum spp.,2016-07-14 09:50:52,
157433549798795,70,SASP,,,2010-01-01 00:00:00,,1.7,,Saccharum spontaneum,2016-07-14 09:50:53,
245531115010661,46,HEMA3,,,2007-01-01 00:00:00,,4.0,,,2010-09-24 00:00:00,
245531116010661,46,LIVU,,,2007-01-01 00:00:00,,4.0,,,2010-09-24 00:00:00,
245531117010661,46,LOBE,1.0,,2007-01-01 00:00:00,,4.0,,,2010-09-24 00:00:00,
245531118010661,46,LOJA,,,2007-01-01 00:00:00,,4.0,,,2010-09-24 00:00:00,
245531119010661,46,LOMA6,1.0,,2007-01-01 00:00:00,,4.0,,,2010-09-24 00:00:00,
245531120010661,46,LOMO2,1.0,,2007-01-01 00:00:00,,4.0,,,2010-09-24 00:00:00,
245531121010661,46,LONIC,1.0,,2007-01-01 00:00:00,,4.0,,"Consists of L. maackii, L. morrowii, L. tatarica or L. x bella if INVASIVE=Y after unknown processing.",2010-09-24 00:00:00,
245531122010661,46,LOTA,1.0,,2007-01-01 00:00:00,,4.0,,,2010-09-24 00:00:00,
245531123010661,46,LYNU,,,2007-01-01 00:00:00,,4.0,,,2010-09-24 00:00:00,
245531124010661,46,LYSA2,,,2007-01-01 00:00:00,,4.0,,,2010-09-24 00:00:00,
245531125010661,46,MEAZ,,,2007-01-01 00:00:00,,4.0,,,2010-09-24 00:00:00,
245531126010661,46,MEQU,,,2007-01-01 00:00:00,,4.0,,,2010-09-24 00:00:00,
245531127010661,46,MIVI,,,2007-01-01 00:00:00,,4.0,,,2010-09-24 00:00:00,
245531128010661,46,PATO2,,,2007-01-01 00:00:00,,4.0,,,2010-09-24 00:00:00,
245531129010661,46,PHAR3,,,2007-01-01 00:00:00,,4.0,,,2010-09-24 00:00:00,
245531130010661,46,PHAU7,,,2007-01-01 00:00:00,,4.0,,,2010-09-24 00:00:00,
245531131010661,46,POBO10,,,2007-01-01 00:00:00,,4.0,,Species not in PLANTS 2000,2010-09-24 00:00:00,
245531132010661,46,POCU6,,,2007-01-01 00:00:00,,4.0,,,2010-09-24 00:00:00,
245531133010661,46,POSA4,,,2007-01-01 00:00:00,,4.0,,,2010-09-24 00:00:00,
245531134010661,46,RHCA3,,,2007-01-01 00:00:00,,4.0,,,2010-09-24 00:00:00,
245531135010661,46,ROMU,,,2007-01-01 00:00:00,,4.0,,,2010-09-24 00:00:00,
245531136010661,46,ROPS,,,2007-01-01 00:00:00,,4.0,,,2010-09-24 00:00:00,
245531137010661,46,SPJA,,,2007-01-01 00:00:00,,4.0,,,2010-09-24 00:00:00,
245531138010661,46,TARA,,,2007-01-01 00:00:00,,4.0,,,2010-09-24 00:00:00,
245531139010661,46,TRSE6,,,2007-01-01 00:00:00,,4.0,,,2010-09-24 00:00:00,
245531140010661,46,ULPU,,,2007-01-01 00:00:00,,4.0,,,2010-09-24 00:00:00,
245531141010661,46,VIOP,,,2007-01-01 00:00:00,,4.0,,,2010-09-24 00:00:00,
245531226010661,49,ACRE3,,,2011-01-01 00:00:00,,5.0,,,2010-09-02 00:00:00,
245531227010661,49,CADR,,,2011-01-01 00:00:00,2023-01-01 00:00:00,5.0,9.2,,2010-09-02 00:00:00,2025-07-28 11:29:33
245531228010661,49,CANU4,,,2011-01-01 00:00:00,2023-01-01 00:00:00,5.0,9.2,,2010-09-02 00:00:00,2025-07-28 11:29:33
245531229010661,49,CESTM,,,2011-01-01 00:00:00,,5.0,,NRCS 2000 to 2010 update of SYMBOL from CEBI2 to CESTM.,2010-09-02 00:00:00,
245531230010661,49,CEDI3,,,2011-01-01 00:00:00,,5.0,,,2010-09-02 00:00:00,
245531231010661,49,CESO3,,,2011-01-01 00:00:00,,5.0,,,2010-09-02 00:00:00,
245531232010661,49,CEVIS2,,,2011-01-01 00:00:00,,5.0,,NRCS 2000 to 2010 update of SYMBOL from CETR8 to CEVIS2.,2010-09-02 00:00:00,
245531233010661,49,CIAR4,,,2011-01-01 00:00:00,,5.0,,,2010-09-02 00:00:00,
245531234010661,49,COAR4,,,2011-01-01 00:00:00,,5.0,,,2010-09-02 00:00:00,
245531235010661,49,CYDA,,,2011-01-01 00:00:00,,5.0,,,2010-09-02 00:00:00,
245531236010661,49,ELRE4,,,2011-01-01 00:00:00,,5.0,,,2010-09-02 00:00:00,
245531237010661,49,EUES,,,2011-01-01 00:00:00,,5.0,,,2010-09-02 00:00:00,
245531238010661,49,ISTI,,,2011-01-01 00:00:00,,5.0,,,2010-09-02 00:00:00,
245531239010661,49,LELA2,,,2011-01-01 00:00:00,,5.0,,,2010-09-02 00:00:00,
245531240010661,49,LYSA2,,,2011-01-01 00:00:00,,5.0,,,2010-09-02 00:00:00,
245531241010661,49,ONAC,,,2011-01-01 00:00:00,,5.0,,,2010-09-02 00:00:00,
245531242010661,49,SOAL,,,2011-01-01 00:00:00,2023-01-01 00:00:00,5.0,9.2,,2010-09-02 00:00:00,2025-07-28 11:29:33
245531243010661,49,SOHA,,,2011-01-01 00:00:00,,5.0,,,2010-09-02 00:00:00,
245531244010661,49,TACA8,,,2011-01-01 00:00:00,,5.0,,,2010-09-02 00:00:00,
245531245010661,50,ACPL,,,2007-01-01 00:00:00,,4.0,,,2010-09-24 00:00:00,
245531246010661,50,AIAL,,,2007-01-01 00:00:00,,4.0,,,2010-09-24 00:00:00,
245531247010661,50,ALJU,,,2007-01-01 00:00:00,,4.0,,,2010-09-24 00:00:00,
245531248010661,50,ALPE4,,,2007-01-01 00:00:00,,4.0,,,2010-09-24 00:00:00,
245531249010661,50,BETH,,,2007-01-01 00:00:00,,4.0,,,2010-09-24 00:00:00,
245531250010661,50,BEVU,,,2007-01-01 00:00:00,,4.0,,,2010-09-24 00:00:00,
245531251010661,50,CESTM,,,2007-01-01 00:00:00,,4.0,,NRCS 2000 to 2010 update of SYMBOL from CEBI2 to CESTM.,2010-09-24 00:00:00,
245531252010661,50,CEOR7,,,2007-01-01 00:00:00,,4.0,,,2010-09-24 00:00:00,
245531253010661,50,CIAR4,,,2007-01-01 00:00:00,,4.0,,,2010-09-24 00:00:00,
245531254010661,50,CIVU,,,2007-01-01 00:00:00,,4.0,,,2010-09-24 00:00:00,
245531255010661,50,CYLO11,,,2007-01-01 00:00:00,,4.0,,,2010-09-24 00:00:00,
245531256010661,50,CYRO8,,,2007-01-01 00:00:00,,4.0,,,2010-09-24 00:00:00,
245531257010661,50,ELAN,,,2007-01-01 00:00:00,,4.0,,,2010-09-24 00:00:00,
245531258010661,50,ELUM,,,2007-01-01 00:00:00,,4.0,,,2010-09-24 00:00:00,
245531259010661,50,EUES,,,2007-01-01 00:00:00,,4.0,,,2010-09-24 00:00:00,
245531260010661,50,FRAL4,,,2007-01-01 00:00:00,,4.0,,,2010-09-24 00:00:00,
245531261010661,50,HEHE,,,2007-01-01 00:00:00,,4.0,,,2010-09-24 00:00:00,
245531262010661,50,HEMA3,,,2007-01-01 00:00:00,,4.0,,,2010-09-24 00:00:00,
245531263010661,50,LIVU,,,2007-01-01 00:00:00,,4.0,,,2010-09-24 00:00:00,
245531264010661,50,LOBE,1.0,,2007-01-01 00:00:00,,4.0,,,2010-09-24 00:00:00,
245531265010661,50,LOJA,,,2007-01-01 00:00:00,,4.0,,,2010-09-24 00:00:00,
245531266010661,50,LOMA6,1.0,,2007-01-01 00:00:00,,4.0,,,2010-09-24 00:00:00,
245531267010661,50,LOMO2,1.0,,2007-01-01 00:00:00,,4.0,,,2010-09-24 00:00:00,
245531268010661,50,LONIC,1.0,,2007-01-01 00:00:00,,4.0,,"Consists of L. maackii, L. morrowii, L. tatarica or L. x bella if INVASIVE=Y after unknown processing.",2010-09-24 00:00:00,
245531269010661,50,LOTA,1.0,,2007-01-01 00:00:00,,4.0,,,2010-09-24 00:00:00,
245531270010661,50,LYNU,,,2007-01-01 00:00:00,,4.0,,,2010-09-24 00:00:00,
245531271010661,50,LYSA2,,,2007-01-01 00:00:00,,4.0,,,2010-09-24 00:00:00,
245531272010661,50,MEAZ,,,2007-01-01 00:00:00,,4.0,,,2010-09-24 00:00:00,
245531273010661,50,MEQU,,,2007-01-01 00:00:00,,4.0,,,2010-09-24 00:00:00,
245531274010661,50,MIVI,,,2007-01-01 00:00:00,,4.0,,,2010-09-24 00:00:00,
245531275010661,50,PATO2,,,2007-01-01 00:00:00,,4.0,,,2010-09-24 00:00:00,
245531276010661,50,PHAR3,,,2007-01-01 00:00:00,,4.0,,,2010-09-24 00:00:00,
245531277010661,50,PHAU7,,,2007-01-01 00:00:00,,4.0,,,2010-09-24 00:00:00,
245531278010661,50,POBO10,,,2007-01-01 00:00:00,,4.0,,Species not in PLANTS 2000,2010-09-24 00:00:00,
245531279010661,50,POCU6,,,2007-01-01 00:00:00,,4.0,,,2010-09-24 00:00:00,
245531280010661,50,POSA4,,,2007-01-01 00:00:00,,4.0,,,2010-09-24 00:00:00,
245531281010661,50,RHCA3,,,2007-01-01 00:00:00,,4.0,,,2010-09-24 00:00:00,
245531282010661,50,ROMU,,,2007-01-01 00:00:00,,4.0,,,2010-09-24 00:00:00,
245531283010661,50,ROPS,,,2007-01-01 00:00:00,,4.0,,,2010-09-24 00:00:00,
245531284010661,50,SPJA,,,2007-01-01 00:00:00,,4.0,,,2010-09-24 00:00:00,
245531285010661,50,TARA,,,2007-01-01 00:00:00,,4.0,,,2010-09-24 00:00:00,
245531286010661,50,TRSE6,,,2007-01-01 00:00:00,,4.0,,,2010-09-24 00:00:00,
245531287010661,50,ULPU,,,2007-01-01 00:00:00,,4.0,,,2010-09-24 00:00:00,
245531288010661,50,VIOP,,,2007-01-01 00:00:00,,4.0,,,2010-09-24 00:00:00,
245531331010661,53,ACRE3,,,2011-01-01 00:00:00,,5.0,,knapweed spp group,2010-09-02 00:00:00,
245531332010661,53,AIAL,,,2011-01-01 00:00:00,,5.0,,,2010-09-02 00:00:00,
245531333010661,53,ALPE4,,"5,6,7",2011-01-01 00:00:00,,5.0,,,2010-09-02 00:00:00,
245531334010661,53,BRSY,,,2011-01-01 00:00:00,,5.0,,,2010-09-02 00:00:00,
245531335010661,53,BRTE,,"8,9",2011-01-01 00:00:00,,5.0,,,2010-09-02 00:00:00,
245531336010661,53,BUDA2,,,2011-01-01 00:00:00,,5.0,,,2010-09-02 00:00:00,
245531337010661,53,CADR,,"8,9",2011-01-01 00:00:00,,5.0,,cardaria spp group,2010-09-02 00:00:00,
245531338010661,53,CANU4,,,2011-01-01 00:00:00,,5.0,,thistle spp group,2010-09-02 00:00:00,
245531339010661,53,CAPU6,,"8,9",2011-01-01 00:00:00,,5.0,,cardaria spp group,2010-09-02 00:00:00,
245531340010661,53,CAPY2,,,2011-01-01 00:00:00,,5.0,,thistle spp group,2010-09-02 00:00:00,
245531341010661,53,CESTM,,,2011-01-01 00:00:00,,5.0,,NRCS 2000 to 2010 update of SYMBOL from CEBI2 to CESTM.,2010-09-02 00:00:00,
245531342010661,53,CENI3,,,2011-01-01 00:00:00,,5.0,,NRCS 2000 to 2010 update of SYMBOL from CEDET to CENI3.,2010-09-02 00:00:00,
245531343010661,53,CEDI3,,,2011-01-01 00:00:00,,5.0,,knapweed spp group,2010-09-02 00:00:00,
245531344010661,53,CEME2,,,2011-01-01 00:00:00,,5.0,,starthistle spp group,2010-09-02 00:00:00,
245531345010661,53,CESO3,,,2011-01-01 00:00:00,,5.0,,starthistle spp group,2010-09-02 00:00:00,
245531346010661,53,CEVIS2,,,2011-01-01 00:00:00,,5.0,,NRCS 2000 to 2010 update of SYMBOL from CETR8 to CEVIS2.,2010-09-02 00:00:00,
245531347010661,53,CHJU,,,2011-01-01 00:00:00,,5.0,,,2010-09-02 00:00:00,
245531348010661,53,CIAR4,,,2011-01-01 00:00:00,,5.0,,thistle spp group,2010-09-02 00:00:00,
245531349010661,53,CIVU,,,2011-01-01 00:00:00,,5.0,,thistle spp group,2010-09-02 00:00:00,
245531350010661,53,CLVI6,,"5,6,7",2011-01-01 00:00:00,,5.0,,,2010-09-02 00:00:00,
245531351010661,53,CYOF,,,2011-01-01 00:00:00,,5.0,,,2010-09-02 00:00:00,
245531352010661,53,CYSC4,,,2011-01-01 00:00:00,,5.0,,broom spp group,2010-09-02 00:00:00,
245531353010661,53,EUES,,,2011-01-01 00:00:00,,5.0,,,2010-09-02 00:00:00,
245531354010661,53,GEMO2,,,2011-01-01 00:00:00,,5.0,,broom spp group,2010-09-02 00:00:00,
245531355010661,53,GERO,,"5,6,7",2011-01-01 00:00:00,,5.0,,,2010-09-02 00:00:00,
245531356010661,53,HEHE,,,2011-01-01 00:00:00,,5.0,,ivy spp group,2010-09-02 00:00:00,
245531357010661,53,HEHEC,,,2011-01-01 00:00:00,,5.0,,HECA37; ivy spp group,2010-09-02 00:00:00,
245531358010661,53,HEHI12,,,2011-01-01 00:00:00,,5.0,,ivy spp group,2010-09-02 00:00:00,
245531359010661,53,HIAU,,,2011-01-01 00:00:00,,5.0,,hawkweed spp group,2010-09-02 00:00:00,
245531360010661,53,HICA10,,,2011-01-01 00:00:00,,5.0,,hawkweed spp group,2010-09-02 00:00:00,
245531361010661,53,HYPE,,,2011-01-01 00:00:00,,5.0,,,2010-09-02 00:00:00,
245531362010661,53,ILAQ80,,"5,6,7",2011-01-01 00:00:00,,5.0,,,2010-09-02 00:00:00,
245531363010661,53,IMGL,,"5,6,7",2011-01-01 00:00:00,,5.0,,,2010-09-02 00:00:00,
245531364010661,53,ISTI,,"8,9",2011-01-01 00:00:00,,5.0,,,2010-09-02 00:00:00,
245531365010661,53,LELA2,,"8,9",2011-01-01 00:00:00,,5.0,,,2010-09-02 00:00:00,
245531366010661,53,LEVU,,"5,6,7",2011-01-01 00:00:00,,5.0,,,2010-09-02 00:00:00,
245531367010661,53,LIDA,,,2011-01-01 00:00:00,,5.0,,,2010-09-02 00:00:00,
245531368010661,53,LYSA2,,,2011-01-01 00:00:00,,5.0,,,2010-09-02 00:00:00,
245531369010661,53,ONAC,,,2011-01-01 00:00:00,,5.0,,thistle spp group,2010-09-02 00:00:00,
245531370010661,53,POBO10,,,2011-01-01 00:00:00,,5.0,,knotweed spp group,2010-09-02 00:00:00,
245531371010661,53,POBU,,"8,9",2011-01-01 00:00:00,,5.0,,,2010-09-02 00:00:00,
245531372010661,53,POCU6,,,2011-01-01 00:00:00,,5.0,,knotweed spp group,2010-09-02 00:00:00,
245531373010661,53,POPO5,,,2011-01-01 00:00:00,,5.0,,knotweed spp group,2010-09-02 00:00:00,
245531374010661,53,PORE5,,,2011-01-01 00:00:00,,5.0,,,2010-09-02 00:00:00,
245531375010661,53,POSA4,,,2011-01-01 00:00:00,,5.0,,knotweed spp group,2010-09-02 00:00:00,
245531376010661,53,RUAR9,,,2011-01-01 00:00:00,,5.0,,NRCS 2000 to 2010 update of SYMBOL from RUDI2 to RUAR9.,2010-09-02 00:00:00,
245531377010661,53,RULA,,"5,6,7",2011-01-01 00:00:00,,5.0,,,2010-09-02 00:00:00,
245531378010661,53,SPJU2,,,2011-01-01 00:00:00,,5.0,,broom spp group,2010-09-02 00:00:00,
245531379010661,53,TACA8,,"8,9",2011-01-01 00:00:00,,5.0,,,2010-09-02 00:00:00,
245531380010661,53,TARA,,"8,9",2011-01-01 00:00:00,,5.0,,,2010-09-02 00:00:00,
245531381010661,53,ULEU,,,2011-01-01 00:00:00,,5.0,,,2010-09-02 00:00:00,
245531382010661,54,ACPL,,,2007-01-01 00:00:00,,4.0,,,2010-09-24 00:00:00,
245531383010661,54,AIAL,,,2007-01-01 00:00:00,,4.0,,,2010-09-24 00:00:00,
245531384010661,54,ALJU,,,2007-01-01 00:00:00,,4.0,,,2010-09-24 00:00:00,
245531385010661,54,ALPE4,,,2007-01-01 00:00:00,,4.0,,,2010-09-24 00:00:00,
245531386010661,54,BETH,,,2007-01-01 00:00:00,,4.0,,,2010-09-24 00:00:00,
245531387010661,54,BEVU,,,2007-01-01 00:00:00,,4.0,,,2010-09-24 00:00:00,
245531388010661,54,CESTM,,,2007-01-01 00:00:00,,4.0,,NRCS 2000 to 2010 update of SYMBOL from CEBI2 to CESTM.,2010-09-24 00:00:00,
245531389010661,54,CEOR7,,,2007-01-01 00:00:00,,4.0,,,2010-09-24 00:00:00,
245531390010661,54,CIAR4,,,2007-01-01 00:00:00,,4.0,,,2010-09-24 00:00:00,
245531395010661,54,CIVU,,,2007-01-01 00:00:00,,4.0,,,2010-09-24 00:00:00,
245531396010661,54,CYLO11,,,2007-01-01 00:00:00,,4.0,,,2010-09-24 00:00:00,
245531397010661,54,CYRO8,,,2007-01-01 00:00:00,,4.0,,,2010-09-24 00:00:00,
245531398010661,54,ELAN,,,2007-01-01 00:00:00,,4.0,,,2010-09-24 00:00:00,
245531399010661,54,ELUM,,,2007-01-01 00:00:00,,4.0,,,2010-09-24 00:00:00,
245531400010661,54,EUES,,,2007-01-01 00:00:00,,4.0,,,2010-09-24 00:00:00,
245531401010661,54,FRAL4,,,2007-01-01 00:00:00,,4.0,,,2010-09-24 00:00:00,
245531402010661,54,HEHE,,,2007-01-01 00:00:00,,4.0,,,2010-09-24 00:00:00,
245531403010661,54,HEMA3,,,2007-01-01 00:00:00,,4.0,,,2010-09-24 00:00:00,
245531404010661,54,LIVU,,,2007-01-01 00:00:00,,4.0,,,2010-09-24 00:00:00,
245531405010661,54,LOBE,1.0,,2007-01-01 00:00:00,,4.0,,,2010-09-24 00:00:00,
245531406010661,54,LOJA,,,2007-01-01 00:00:00,,4.0,,,2010-09-24 00:00:00,
245531407010661,54,LOMA6,1.0,,2007-01-01 00:00:00,,4.0,,,2010-09-24 00:00:00,
245531408010661,54,LOMO2,1.0,,2007-01-01 00:00:00,,4.0,,,2010-09-24 00:00:00,
245531409010661,54,LONIC,1.0,,2007-01-01 00:00:00,,4.0,,"Consists of L. maackii, L. morrowii, L. tatarica or L. x bella if INVASIVE=Y after unknown processing.",2010-09-24 00:00:00,
245531410010661,54,LOTA,1.0,,2007-01-01 00:00:00,,4.0,,,2010-09-24 00:00:00,
245531411010661,54,LYNU,,,2007-01-01 00:00:00,,4.0,,,2010-09-24 00:00:00,
245531412010661,54,LYSA2,,,2007-01-01 00:00:00,,4.0,,,2010-09-24 00:00:00,
245531413010661,54,MEAZ,,,2007-01-01 00:00:00,,4.0,,,2010-09-24 00:00:00,
245531414010661,54,MEQU,,,2007-01-01 00:00:00,,4.0,,,2010-09-24 00:00:00,
245531415010661,54,MIVI,,,2007-01-01 00:00:00,,4.0,,,2010-09-24 00:00:00,
245531416010661,54,PATO2,,,2007-01-01 00:00:00,,4.0,,,2010-09-24 00:00:00,
245531417010661,54,PHAR3,,,2007-01-01 00:00:00,,4.0,,,2010-09-24 00:00:00,
245531418010661,54,PHAU7,,,2007-01-01 00:00:00,,4.0,,,2010-09-24 00:00:00,
245531419010661,54,POBO10,,,2007-01-01 00:00:00,,4.0,,Species not in PLANTS 2000,2010-09-24 00:00:00,
245531420010661,54,POCU6,,,2007-01-01 00:00:00,,4.0,,,2010-09-24 00:00:00,
245531421010661,54,POSA4,,,2007-01-01 00:00:00,,4.0,,,2010-09-24 00:00:00,
245531422010661,54,RHCA3,,,2007-01-01 00:00:00,,4.0,,,2010-09-24 00:00:00,
245531423010661,54,ROMU,,,2007-01-01 00:00:00,,4.0,,,2010-09-24 00:00:00,
245531424010661,54,ROPS,,,2007-01-01 00:00:00,,4.0,,,2010-09-24 00:00:00,
245531425010661,54,SPJA,,,2007-01-01 00:00:00,,4.0,,,2010-09-24 00:00:00,
245531426010661,54,TARA,,,2007-01-01 00:00:00,,4.0,,,2010-09-24 00:00:00,
245531427010661,54,TRSE6,,,2007-01-01 00:00:00,,4.0,,,2010-09-24 00:00:00,
245531428010661,54,ULPU,,,2007-01-01 00:00:00,,4.0,,,2010-09-24 00:00:00,
245531429010661,54,VIOP,,,2007-01-01 00:00:00,,4.0,,,2010-09-24 00:00:00,
245531430010661,55,ACPL,,,2007-01-01 00:00:00,,4.0,,,2010-09-24 00:00:00,
245531431010661,55,AIAL,,,2007-01-01 00:00:00,,4.0,,,2010-09-24 00:00:00,
245531432010661,55,ALJU,,,2007-01-01 00:00:00,,4.0,,,2010-09-24 00:00:00,
245531433010661,55,ALPE4,,,2007-01-01 00:00:00,,4.0,,,2010-09-24 00:00:00,
245531434010661,55,BETH,,,2007-01-01 00:00:00,,4.0,,,2010-09-24 00:00:00,
245531435010661,55,BEVU,,,2007-01-01 00:00:00,,4.0,,,2010-09-24 00:00:00,
245531436010661,55,CESTM,,,2007-01-01 00:00:00,,4.0,,NRCS 2000 to 2010 update of SYMBOL from CEBI2 to CESTM.,2010-09-24 00:00:00,
245531437010661,55,CEOR7,,,2007-01-01 00:00:00,,4.0,,,2010-09-24 00:00:00,
245531438010661,55,CIAR4,,,2007-01-01 00:00:00,,4.0,,,2010-09-24 00:00:00,
245530733010661,36,POCU6,,,2007-01-01 00:00:00,,4.0,,,2010-09-24 00:00:00,
245530734010661,36,POSA4,,,2007-01-01 00:00:00,,4.0,,,2010-09-24 00:00:00,
245530735010661,36,RHCA3,,,2007-01-01 00:00:00,,4.0,,,2010-09-24 00:00:00,
245530736010661,36,ROMU,,,2007-01-01 00:00:00,,4.0,,,2010-09-24 00:00:00,
245530737010661,36,ROPS,,,2007-01-01 00:00:00,,4.0,,,2010-09-24 00:00:00,
245530738010661,36,SPJA,,,2007-01-01 00:00:00,,4.0,,,2010-09-24 00:00:00,
245530739010661,36,TARA,,,2007-01-01 00:00:00,,4.0,,,2010-09-24 00:00:00,
245530740010661,36,TRSE6,,,2007-01-01 00:00:00,,4.0,,,2010-09-24 00:00:00,
245530741010661,36,ULPU,,,2007-01-01 00:00:00,,4.0,,,2010-09-24 00:00:00,
245530742010661,36,VIOP,,,2007-01-01 00:00:00,,4.0,,,2010-09-24 00:00:00,
245530784010661,38,ACPL,,,2007-01-01 00:00:00,,4.0,,,2010-09-24 00:00:00,
245530785010661,38,AIAL,,,2007-01-01 00:00:00,,4.0,,,2010-09-24 00:00:00,
245530786010661,38,ALJU,,,2007-01-01 00:00:00,,4.0,,,2010-09-24 00:00:00,
245530787010661,38,ALPE4,,,2007-01-01 00:00:00,,4.0,,,2010-09-24 00:00:00,
245530788010661,38,BETH,,,2007-01-01 00:00:00,,4.0,,,2010-09-24 00:00:00,
245530789010661,38,BEVU,,,2007-01-01 00:00:00,,4.0,,,2010-09-24 00:00:00,
245530790010661,38,CESTM,,,2007-01-01 00:00:00,,4.0,,NRCS 2000 to 2010 update of SYMBOL from CEBI2 to CESTM.,2010-09-24 00:00:00,
245530791010661,38,CEOR7,,,2007-01-01 00:00:00,,4.0,,,2010-09-24 00:00:00,
245530792010661,38,CIAR4,,,2007-01-01 00:00:00,,4.0,,,2010-09-24 00:00:00,
245530793010661,38,CIVU,,,2007-01-01 00:00:00,,4.0,,,2010-09-24 00:00:00,
245530794010661,38,CYLO11,,,2007-01-01 00:00:00,,4.0,,,2010-09-24 00:00:00,
245530795010661,38,CYRO8,,,2007-01-01 00:00:00,,4.0,,,2010-09-24 00:00:00,
245530796010661,38,ELAN,,,2007-01-01 00:00:00,,4.0,,,2010-09-24 00:00:00,
245530797010661,38,ELUM,,,2007-01-01 00:00:00,,4.0,,,2010-09-24 00:00:00,
245530798010661,38,EUES,,,2007-01-01 00:00:00,,4.0,,,2010-09-24 00:00:00,
245530799010661,38,FRAL4,,,2007-01-01 00:00:00,,4.0,,,2010-09-24 00:00:00,
245530800010661,38,HEHE,,,2007-01-01 00:00:00,,4.0,,,2010-09-24 00:00:00,
245530801010661,38,HEMA3,,,2007-01-01 00:00:00,,4.0,,,2010-09-24 00:00:00,
245530802010661,38,LIVU,,,2007-01-01 00:00:00,,4.0,,,2010-09-24 00:00:00,
245530803010661,38,LOBE,1.0,,2007-01-01 00:00:00,,4.0,,,2010-09-24 00:00:00,
245530804010661,38,LOJA,,,2007-01-01 00:00:00,,4.0,,,2010-09-24 00:00:00,
245530805010661,38,LOMA6,1.0,,2007-01-01 00:00:00,,4.0,,,2010-09-24 00:00:00,
245530806010661,38,LOMO2,1.0,,2007-01-01 00:00:00,,4.0,,,2010-09-24 00:00:00,
245530807010661,38,LONIC,1.0,,2007-01-01 00:00:00,,4.0,,"Consists of L. maackii, L. morrowii, L. tatarica or L. x bella if INVASIVE=Y after unknown processing.",2010-09-24 00:00:00,
245530808010661,38,LOTA,1.0,,2007-01-01 00:00:00,,4.0,,,2010-09-24 00:00:00,
245530809010661,38,LYNU,,,2007-01-01 00:00:00,,4.0,,,2010-09-24 00:00:00,
245530810010661,38,LYSA2,,,2007-01-01 00:00:00,,4.0,,,2010-09-24 00:00:00,
245530811010661,38,MEAZ,,,2007-01-01 00:00:00,,4.0,,,2010-09-24 00:00:00,
245530812010661,38,MEQU,,,2007-01-01 00:00:00,,4.0,,,2010-09-24 00:00:00,
245530813010661,38,MIVI,,,2007-01-01 00:00:00,,4.0,,,2010-09-24 00:00:00,
245530814010661,38,PATO2,,,2007-01-01 00:00:00,,4.0,,,2010-09-24 00:00:00,
245530815010661,38,PHAR3,,,2007-01-01 00:00:00,,4.0,,,2010-09-24 00:00:00,
245530816010661,38,PHAU7,,,2007-01-01 00:00:00,,4.0,,,2010-09-24 00:00:00,
245530817010661,38,POBO10,,,2007-01-01 00:00:00,,4.0,,Species not in PLANTS 2000,2010-09-24 00:00:00,
245530818010661,38,POCU6,,,2007-01-01 00:00:00,,4.0,,,2010-09-24 00:00:00,
245530819010661,38,POSA4,,,2007-01-01 00:00:00,,4.0,,,2010-09-24 00:00:00,
245530820010661,38,RHCA3,,,2007-01-01 00:00:00,,4.0,,,2010-09-24 00:00:00,
245530821010661,38,ROMU,,,2007-01-01 00:00:00,,4.0,,,2010-09-24 00:00:00,
245530822010661,38,ROPS,,,2007-01-01 00:00:00,,4.0,,,2010-09-24 00:00:00,
245530823010661,38,SPJA,,,2007-01-01 00:00:00,,4.0,,,2010-09-24 00:00:00,
245530824010661,38,TARA,,,2007-01-01 00:00:00,,4.0,,,2010-09-24 00:00:00,
245530825010661,38,TRSE6,,,2007-01-01 00:00:00,,4.0,,,2010-09-24 00:00:00,
245530826010661,38,ULPU,,,2007-01-01 00:00:00,,4.0,,,2010-09-24 00:00:00,
245530827010661,38,VIOP,,,2007-01-01 00:00:00,,4.0,,,2010-09-24 00:00:00,
245530828010661,39,ACPL,,,2007-01-01 00:00:00,,4.0,,,2010-09-24 00:00:00,
245530829010661,39,AIAL,,,2007-01-01 00:00:00,,4.0,,,2010-09-24 00:00:00,
245530830010661,39,ALJU,,,2007-01-01 00:00:00,,4.0,,,2010-09-24 00:00:00,
245530831010661,39,ALPE4,,,2007-01-01 00:00:00,,4.0,,,2010-09-24 00:00:00,
245530832010661,39,BETH,,,2007-01-01 00:00:00,,4.0,,,2010-09-24 00:00:00,
245530833010661,39,BEVU,,,2007-01-01 00:00:00,,4.0,,,2010-09-24 00:00:00,
245530834010661,39,CESTM,,,2007-01-01 00:00:00,,4.0,,NRCS 2000 to 2010 update of SYMBOL from CEBI2 to CESTM.,2010-09-24 00:00:00,
245530835010661,39,CEOR7,,,2007-01-01 00:00:00,,4.0,,,2010-09-24 00:00:00,
245530836010661,39,CIAR4,,,2007-01-01 00:00:00,,4.0,,,2010-09-24 00:00:00,
245530837010661,39,CIVU,,,2007-01-01 00:00:00,,4.0,,,2010-09-24 00:00:00,
245530838010661,39,CYLO11,,,2007-01-01 00:00:00,,4.0,,,2010-09-24 00:00:00,
245530839010661,39,CYRO8,,,2007-01-01 00:00:00,,4.0,,,2010-09-24 00:00:00,
245530840010661,39,ELAN,,,2007-01-01 00:00:00,,4.0,,,2010-09-24 00:00:00,
245530841010661,39,ELUM,,,2007-01-01 00:00:00,,4.0,,,2010-09-24 00:00:00,
245530842010661,39,EUES,,,2007-01-01 00:00:00,,4.0,,,2010-09-24 00:00:00,
245530843010661,39,FRAL4,,,2007-01-01 00:00:00,,4.0,,,2010-09-24 00:00:00,
245530844010661,39,HEHE,,,2007-01-01 00:00:00,,4.0,,,2010-09-24 00:00:00,
245530845010661,39,HEMA3,,,2007-01-01 00:00:00,,4.0,,,2010-09-24 00:00:00,
245530846010661,39,LIVU,,,2007-01-01 00:00:00,,4.0,,,2010-09-24 00:00:00,
245530847010661,39,LOBE,1.0,,2007-01-01 00:00:00,,4.0,,,2010-09-24 00:00:00,
245530848010661,39,LOJA,,,2007-01-01 00:00:00,,4.0,,,2010-09-24 00:00:00,
245530849010661,39,LOMA6,1.0,,2007-01-01 00:00:00,,4.0,,,2010-09-24 00:00:00,
245530850010661,39,LOMO2,1.0,,2007-01-01 00:00:00,,4.0,,,2010-09-24 00:00:00,
245530851010661,39,LONIC,1.0,,2007-01-01 00:00:00,,4.0,,"Consists of L. maackii, L. morrowii, L. tatarica or L. x bella if INVASIVE=Y after unknown processing.",2010-09-24 00:00:00,
245530852010661,39,LOTA,1.0,,2007-01-01 00:00:00,,4.0,,,2010-09-24 00:00:00,
245530853010661,39,LYNU,,,2007-01-01 00:00:00,,4.0,,,2010-09-24 00:00:00,
245530854010661,39,LYSA2,,,2007-01-01 00:00:00,,4.0,,,2010-09-24 00:00:00,
245530855010661,39,MEAZ,,,2007-01-01 00:00:00,,4.0,,,2010-09-24 00:00:00,
245530856010661,39,MEQU,,,2007-01-01 00:00:00,,4.0,,,2010-09-24 00:00:00,
245530857010661,39,MIVI,,,2007-01-01 00:00:00,,4.0,,,2010-09-24 00:00:00,
245530858010661,39,PATO2,,,2007-01-01 00:00:00,,4.0,,,2010-09-24 00:00:00,
245530859010661,39,PHAR3,,,2007-01-01 00:00:00,,4.0,,,2010-09-24 00:00:00,
245530860010661,39,PHAU7,,,2007-01-01 00:00:00,,4.0,,,2010-09-24 00:00:00,
245530861010661,39,POBO10,,,2007-01-01 00:00:00,,4.0,,Species not in PLANTS 2000,2010-09-24 00:00:00,
245530862010661,39,POCU6,,,2007-01-01 00:00:00,,4.0,,,2010-09-24 00:00:00,
245530863010661,39,POSA4,,,2007-01-01 00:00:00,,4.0,,,2010-09-24 00:00:00,
245530864010661,39,RHCA3,,,2007-01-01 00:00:00,,4.0,,,2010-09-24 00:00:00,
245530865010661,39,ROMU,,,2007-01-01 00:00:00,,4.0,,,2010-09-24 00:00:00,
245530866010661,39,ROPS,,,2007-01-01 00:00:00,,4.0,,,2010-09-24 00:00:00,
245530867010661,39,SPJA,,,2007-01-01 00:00:00,,4.0,,,2010-09-24 00:00:00,
245530868010661,39,TARA,,,2007-01-01 00:00:00,,4.0,,,2010-09-24 00:00:00,
245530869010661,39,TRSE6,,,2007-01-01 00:00:00,,4.0,,,2010-09-24 00:00:00,
245530870010661,39,ULPU,,,2007-01-01 00:00:00,,4.0,,,2010-09-24 00:00:00,
245530871010661,39,VIOP,,,2007-01-01 00:00:00,,4.0,,,2010-09-24 00:00:00,
245530912010661,41,ACRE3,,,2011-01-01 00:00:00,,5.0,,knapweed spp group,2010-09-02 00:00:00,
245530917010661,41,AIAL,,,2011-01-01 00:00:00,,5.0,,,2010-09-02 00:00:00,
245530918010661,41,ALPE4,,"0, 1, 2",2011-01-01 00:00:00,,5.0,,,2010-09-02 00:00:00,
245530919010661,41,BRSY,,,2011-01-01 00:00:00,,5.0,,,2010-09-02 00:00:00,
245530920010661,41,BRTE,,"3,4",2011-01-01 00:00:00,,5.0,,,2010-09-02 00:00:00,
245530921010661,41,BUDA2,,,2011-01-01 00:00:00,,5.0,,,2010-09-02 00:00:00,
245530922010661,41,CADR,,"3,4",2011-01-01 00:00:00,,5.0,,cardaria spp group,2010-09-02 00:00:00,
245530923010661,41,CANU4,,,2011-01-01 00:00:00,,5.0,,thistle spp group,2010-09-02 00:00:00,
245530924010661,41,CAPU6,,"3,4",2011-01-01 00:00:00,,5.0,,cardaria spp group,2010-09-02 00:00:00,
245530925010661,41,CAPY2,,,2011-01-01 00:00:00,,5.0,,thistle spp group,2010-09-02 00:00:00,
245530926010661,41,CESTM,,,2011-01-01 00:00:00,,5.0,,NRCS 2000 to 2010 update of SYMBOL from CEBI2 to CESTM.,2010-09-02 00:00:00,
245530927010661,41,CENI3,,,2011-01-01 00:00:00,,5.0,,NRCS 2000 to 2010 update of SYMBOL from CEDET to CENI3.,2010-09-02 00:00:00,
245530928010661,41,CEDI3,,,2011-01-01 00:00:00,,5.0,,knapweed spp group,2010-09-02 00:00:00,
245530929010661,41,CEME2,,,2011-01-01 00:00:00,,5.0,,starthistle spp group,2010-09-02 00:00:00,
245530930010661,41,CESO3,,,2011-01-01 00:00:00,,5.0,,starthistle spp group,2010-09-02 00:00:00,
245530931010661,41,CEVIS2,,,2011-01-01 00:00:00,,5.0,,NRCS 2000 to 2010 update of SYMBOL from CETR8 to CEVIS2.,2010-09-02 00:00:00,
245530932010661,41,CHJU,,,2011-01-01 00:00:00,,5.0,,,2010-09-02 00:00:00,
245530933010661,41,CIAR4,,,2011-01-01 00:00:00,,5.0,,thistle spp group,2010-09-02 00:00:00,
245530934010661,41,CIVU,,,2011-01-01 00:00:00,,5.0,,thistle spp group,2010-09-02 00:00:00,
245530935010661,41,CLVI6,,"0, 1, 2",2011-01-01 00:00:00,,5.0,,,2010-09-02 00:00:00,
245530936010661,41,CYOF,,,2011-01-01 00:00:00,,5.0,,,2010-09-02 00:00:00,
245530937010661,41,CYSC4,,,2011-01-01 00:00:00,,5.0,,broom spp group,2010-09-02 00:00:00,
245530938010661,41,EUES,,,2011-01-01 00:00:00,,5.0,,,2010-09-02 00:00:00,
245530939010661,41,GEMO2,,,2011-01-01 00:00:00,,5.0,,broom spp group,2010-09-02 00:00:00,
245530940010661,41,GERO,,"0, 1, 2",2011-01-01 00:00:00,,5.0,,,2010-09-02 00:00:00,
245530941010661,41,HEHE,,,2011-01-01 00:00:00,,5.0,,ivy spp group,2010-09-02 00:00:00,
245530942010661,41,HEHEC,,,2011-01-01 00:00:00,,5.0,,HECA37; ivy spp group,2010-09-02 00:00:00,
245530943010661,41,HEHI12,,,2011-01-01 00:00:00,,5.0,,ivy spp group,2010-09-02 00:00:00,
245530944010661,41,HIAU,,,2011-01-01 00:00:00,,5.0,,hawkweed spp group,2010-09-02 00:00:00,
245530945010661,41,HICA10,,,2011-01-01 00:00:00,,5.0,,hawkweed spp group,2010-09-02 00:00:00,
245530946010661,41,HYPE,,,2011-01-01 00:00:00,,5.0,,,2010-09-02 00:00:00,
245530947010661,41,ILAQ80,,"0, 1, 2",2011-01-01 00:00:00,,5.0,,,2010-09-02 00:00:00,
245530948010661,41,IMGL,,"0, 1, 2",2011-01-01 00:00:00,,5.0,,,2010-09-02 00:00:00,
245530949010661,41,ISTI,,"3,4",2011-01-01 00:00:00,,5.0,,,2010-09-02 00:00:00,
245530950010661,41,LELA2,,"3,4",2011-01-01 00:00:00,,5.0,,,2010-09-02 00:00:00,
245530951010661,41,LEVU,,"0, 1, 2",2011-01-01 00:00:00,,5.0,,,2010-09-02 00:00:00,
245530952010661,41,LIDA,,,2011-01-01 00:00:00,,5.0,,,2010-09-02 00:00:00,
245530953010661,41,LYSA2,,,2011-01-01 00:00:00,,5.0,,,2010-09-02 00:00:00,
245530954010661,41,ONAC,,,2011-01-01 00:00:00,,5.0,,thistle spp group,2010-09-02 00:00:00,
245530955010661,41,POBO10,,,2011-01-01 00:00:00,,5.0,,knotweed spp group,2010-09-02 00:00:00,
245530956010661,41,POBU,,"3,4",2011-01-01 00:00:00,,5.0,,,2010-09-02 00:00:00,
245530957010661,41,POCU6,,,2011-01-01 00:00:00,,5.0,,knotweed spp group,2010-09-02 00:00:00,
245530958010661,41,POPO5,,,2011-01-01 00:00:00,,5.0,,knotweed spp group,2010-09-02 00:00:00,
245530959010661,41,PORE5,,,2011-01-01 00:00:00,,5.0,,,2010-09-02 00:00:00,
245530960010661,41,POSA4,,,2011-01-01 00:00:00,,5.0,,knotweed spp group,2010-09-02 00:00:00,
245530961010661,41,RUAR9,,,2011-01-01 00:00:00,,5.0,,NRCS 2000 to 2010 update of SYMBOL from RUDI2 to RUAR9.,2010-09-02 00:00:00,
245530962010661,41,RULA,,"0, 1, 2",2011-01-01 00:00:00,,5.0,,,2010-09-02 00:00:00,
245530963010661,41,SPJU2,,,2011-01-01 00:00:00,,5.0,,broom spp group,2010-09-02 00:00:00,
245530964010661,41,TACA8,,"3,4",2011-01-01 00:00:00,,5.0,,,2010-09-02 00:00:00,
245530965010661,41,TARA,,"3,4",2011-01-01 00:00:00,,5.0,,,2010-09-02 00:00:00,
245530966010661,41,ULEU,,,2011-01-01 00:00:00,,5.0,,,2010-09-02 00:00:00,
245530967010661,42,ACPL,,,2007-01-01 00:00:00,,4.0,,,2010-09-24 00:00:00,
245530968010661,42,AIAL,,,2007-01-01 00:00:00,,4.0,,,2010-09-24 00:00:00,
245530969010661,42,ALJU,,,2007-01-01 00:00:00,,4.0,,,2010-09-24 00:00:00,
245530970010661,42,ALPE4,,,2007-01-01 00:00:00,,4.0,,,2010-09-24 00:00:00,
245530971010661,42,BETH,,,2007-01-01 00:00:00,,4.0,,,2010-09-24 00:00:00,
245530972010661,42,BEVU,,,2007-01-01 00:00:00,,4.0,,,2010-09-24 00:00:00,
245530973010661,42,CESTM,,,2007-01-01 00:00:00,,4.0,,NRCS 2000 to 2010 update of SYMBOL from CEBI2 to CESTM.,2010-09-24 00:00:00,
245530974010661,42,CEOR7,,,2007-01-01 00:00:00,,4.0,,,2010-09-24 00:00:00,
245530975010661,42,CIAR4,,,2007-01-01 00:00:00,,4.0,,,2010-09-24 00:00:00,
245530976010661,42,CIVU,,,2007-01-01 00:00:00,,4.0,,,2010-09-24 00:00:00,
245530977010661,42,CYLO11,,,2007-01-01 00:00:00,,4.0,,,2010-09-24 00:00:00,
245530978010661,42,CYRO8,,,2007-01-01 00:00:00,,4.0,,,2010-09-24 00:00:00,
245530979010661,42,ELAN,,,2007-01-01 00:00:00,,4.0,,,2010-09-24 00:00:00,
245530980010661,42,ELUM,,,2007-01-01 00:00:00,,4.0,,,2010-09-24 00:00:00,
245530981010661,42,EUES,,,2007-01-01 00:00:00,,4.0,,,2010-09-24 00:00:00,
245530982010661,42,FRAL4,,,2007-01-01 00:00:00,,4.0,,,2010-09-24 00:00:00,
245530983010661,42,HEHE,,,2007-01-01 00:00:00,,4.0,,,2010-09-24 00:00:00,
245530984010661,42,HEMA3,,,2007-01-01 00:00:00,,4.0,,,2010-09-24 00:00:00,
245530985010661,42,LIVU,,,2007-01-01 00:00:00,,4.0,,,2010-09-24 00:00:00,
245530986010661,42,LOBE,1.0,,2007-01-01 00:00:00,,4.0,,,2010-09-24 00:00:00,
245530987010661,42,LOJA,,,2007-01-01 00:00:00,,4.0,,,2010-09-24 00:00:00,
245530988010661,42,LOMA6,1.0,,2007-01-01 00:00:00,,4.0,,,2010-09-24 00:00:00,
245530989010661,42,LOMO2,1.0,,2007-01-01 00:00:00,,4.0,,,2010-09-24 00:00:00,
245530990010661,42,LONIC,1.0,,2007-01-01 00:00:00,,4.0,,"Consists of L. maackii, L. morrowii, L. tatarica or L. x bella if INVASIVE=Y after unknown processing.",2010-09-24 00:00:00,
245530991010661,42,LOTA,1.0,,2007-01-01 00:00:00,,4.0,,,2010-09-24 00:00:00,
245530992010661,42,LYNU,,,2007-01-01 00:00:00,,4.0,,,2010-09-24 00:00:00,
245530993010661,42,LYSA2,,,2007-01-01 00:00:00,,4.0,,,2010-09-24 00:00:00,
245530994010661,42,MEAZ,,,2007-01-01 00:00:00,,4.0,,,2010-09-24 00:00:00,
245530995010661,42,MEQU,,,2007-01-01 00:00:00,,4.0,,,2010-09-24 00:00:00,
245530996010661,42,MIVI,,,2007-01-01 00:00:00,,4.0,,,2010-09-24 00:00:00,
245530997010661,42,PATO2,,,2007-01-01 00:00:00,,4.0,,,2010-09-24 00:00:00,
245530998010661,42,PHAR3,,,2007-01-01 00:00:00,,4.0,,,2010-09-24 00:00:00,
245530999010661,42,PHAU7,,,2007-01-01 00:00:00,,4.0,,,2010-09-24 00:00:00,
245531000010661,42,POBO10,,,2007-01-01 00:00:00,,4.0,,Species not in PLANTS 2000,2010-09-24 00:00:00,
245531001010661,42,POCU6,,,2007-01-01 00:00:00,,4.0,,,2010-09-24 00:00:00,
245531002010661,42,POSA4,,,2007-01-01 00:00:00,,4.0,,,2010-09-24 00:00:00,
245531003010661,42,RHCA3,,,2007-01-01 00:00:00,,4.0,,,2010-09-24 00:00:00,
245531004010661,42,ROMU,,,2007-01-01 00:00:00,,4.0,,,2010-09-24 00:00:00,
245531005010661,42,ROPS,,,2007-01-01 00:00:00,,4.0,,,2010-09-24 00:00:00,
245531006010661,42,SPJA,,,2007-01-01 00:00:00,,4.0,,,2010-09-24 00:00:00,
245531007010661,42,TARA,,,2007-01-01 00:00:00,,4.0,,,2010-09-24 00:00:00,
245531008010661,42,TRSE6,,,2007-01-01 00:00:00,,4.0,,,2010-09-24 00:00:00,
245531009010661,42,ULPU,,,2007-01-01 00:00:00,,4.0,,,2010-09-24 00:00:00,
245531010010661,42,VIOP,,,2007-01-01 00:00:00,,4.0,,,2010-09-24 00:00:00,
245531011010661,44,ACPL,,,2007-01-01 00:00:00,,4.0,,,2010-09-24 00:00:00,
245531012010661,44,AIAL,,,2007-01-01 00:00:00,,4.0,,,2010-09-24 00:00:00,
245531013010661,44,ALJU,,,2007-01-01 00:00:00,,4.0,,,2010-09-24 00:00:00,
245531014010661,44,ALPE4,,,2007-01-01 00:00:00,,4.0,,,2010-09-24 00:00:00,
245531015010661,44,BETH,,,2007-01-01 00:00:00,,4.0,,,2010-09-24 00:00:00,
245531016010661,44,BEVU,,,2007-01-01 00:00:00,,4.0,,,2010-09-24 00:00:00,
2113052722732862,56,LYTHR,,,2023-01-01 00:00:00,,9.2,,,2025-07-03 08:15:36,
2113052574732862,35,POBU,,,2023-01-01 00:00:00,,9.2,,,2025-07-03 08:00:19,
2113052575732862,35,POCU6,,,2023-01-01 00:00:00,,9.2,,,2025-07-03 08:00:19,
2113052576732862,35,POLYG4,,,2023-01-01 00:00:00,,9.2,,,2025-07-03 08:00:20,
2113052577732862,35,PORE5,,,2023-01-01 00:00:00,,9.2,,,2025-07-03 08:00:20,
2113052578732862,35,POSA4,,,2023-01-01 00:00:00,,9.2,,,2025-07-03 08:00:20,
2113052579732862,35,RAAC3,,,2023-01-01 00:00:00,,9.2,,,2025-07-03 08:00:20,
2113052580732862,35,RUAR9,,,2023-01-01 00:00:00,,9.2,,,2025-07-03 08:00:20,
2113052581732862,35,SAAE,,,2023-01-01 00:00:00,,9.2,,,2025-07-03 08:00:20,
2113052582732862,35,SALSO,,,2023-01-01 00:00:00,,9.2,,,2025-07-03 08:00:20,
2113052583732862,35,SEJA,,,2023-01-01 00:00:00,,9.2,,,2025-07-03 08:00:21,
2113052584732862,35,SOHA,,,2023-01-01 00:00:00,,9.2,,,2025-07-03 08:00:21,
2113052585732862,35,SONCH,,,2023-01-01 00:00:00,,9.2,,,2025-07-03 08:00:21,
2113052586732862,35,TACA8,,,2023-01-01 00:00:00,,9.2,,,2025-07-03 08:00:21,
2113052587732862,35,TAVU,,,2023-01-01 00:00:00,,9.2,,,2025-07-03 08:00:21,
165138527981125,28,SCPH,,"1,2,3,4,5",2001-01-01 00:00:00,,1.0,,,2017-12-21 11:46:51,2017-12-21 17:44:17
165138528981125,28,IMCY,,"1,2,3,4,5",2001-01-01 00:00:00,,1.0,,,2017-12-21 11:46:51,2017-12-21 17:44:17
165138529981125,28,MIVI,,"1,2,3,4,5",2001-01-01 00:00:00,,1.0,,,2017-12-21 11:46:51,2017-12-21 17:44:17
165138530981125,28,MISI,,"1,2,3,4,5",2001-01-01 00:00:00,,1.0,,,2017-12-21 11:46:51,2017-12-21 17:44:17
165138531981125,28,BAMBU,,"1,2,3,4,5",2001-01-01 00:00:00,,1.0,,,2017-12-21 11:46:51,2017-12-21 17:44:17
165138532981125,28,LYJA,,"1,2,3,4,5",2001-01-01 00:00:00,,1.0,,,2017-12-21 11:46:51,2017-12-21 17:44:17
165138533981125,28,ALPE4,,"1,2,3,4,5",2001-01-01 00:00:00,,1.0,,,2017-12-21 11:46:51,2017-12-21 17:44:17
165138534981125,28,LESPE,,"1,2,3,4,5",2001-01-01 00:00:00,,1.0,,,2017-12-21 11:46:51,2017-12-21 17:44:17
165138535981125,28,LECU,,"1,2,3,4,5",2001-01-01 00:00:00,,1.0,,,2017-12-21 11:46:51,2017-12-21 17:44:17
165138536981125,28,BRPA4,,"1,2,3,4,5",2013-10-01 00:00:00,,6.0,,,2017-12-21 11:46:51,
165138537981125,28,FISI2,,"1,2,3,4,5",2013-10-01 00:00:00,,6.0,,,2017-12-21 11:46:51,
165138538981125,28,FRAL4,,"1,2,3,4,5",2013-10-01 00:00:00,,6.0,,,2017-12-21 11:46:51,
165138539981125,28,POTR4,,"1,2,3,4,5",2013-10-01 00:00:00,,6.0,,,2017-12-21 11:46:51,
165138540981125,28,PYCA80,,"1,2,3,4,5",2013-10-01 00:00:00,,6.0,,,2017-12-21 11:46:51,
165138541981125,28,TAMAR2,,"1,2,3,4,5",2013-10-01 00:00:00,,6.0,,,2017-12-21 11:46:51,
165138611981125,40,MIVI,,"1,2,3,4,5,6,7",2001-01-01 00:00:00,,1.0,,,2017-12-21 11:46:52,2017-12-21 17:44:17
165138613981125,40,BAMBU,,"1,2,3,4,5,6,7",2001-01-01 00:00:00,,1.0,,,2017-12-21 11:46:52,2017-12-21 17:44:17
165138614981125,40,LYJA,,"1,2,3,4,5,6,7",2001-01-01 00:00:00,,1.0,,,2017-12-21 11:46:52,2017-12-21 17:44:17
165138615981125,40,ALPE4,,"1,2,3,4,5,6,7",2001-01-01 00:00:00,,1.0,,,2017-12-21 11:46:52,2017-12-21 17:44:17
165138617981125,40,LECU,,"1,2,3,4,5,6,7",2001-01-01 00:00:00,,1.0,,,2017-12-21 11:46:52,2017-12-21 17:44:17
165138618981125,40,BRPA4,,"1,2,3,4,5,6,7",2013-10-01 00:00:00,,6.0,,,2017-12-21 11:46:52,
165138619981125,40,FISI2,,"1,2,3,4,5,6,7",2013-10-01 00:00:00,,6.0,,,2017-12-21 11:46:52,
165138620981125,40,FRAL4,,"1,2,3,4,5,6,7",2013-10-01 00:00:00,,6.0,,,2017-12-21 11:46:52,
165138621981125,40,POTR4,,"1,2,3,4,5,6,7",2013-10-01 00:00:00,,6.0,,,2017-12-21 11:46:52,
165138622981125,40,PYCA80,,"1,2,3,4,5,6,7",2013-10-01 00:00:00,,6.0,,,2017-12-21 11:46:52,
165138623981125,40,TAMAR2,,"1,2,3,4,5,6,7",2013-10-01 00:00:00,,6.0,,,2017-12-21 11:46:52,
165138624981125,40,VEFO,,"1,2,3,4,5,6,7",2013-10-01 00:00:00,,6.0,,,2017-12-21 11:46:52,
165138625981125,40,BETH,,"1,2,3,4,5,6,7",2013-10-01 00:00:00,,6.0,,,2017-12-21 11:46:52,
165138626981125,40,MABE2,,"1,2,3,4,5,6,7",2013-10-01 00:00:00,,6.0,,,2017-12-21 11:46:52,
165138627981125,40,POCU6,,"1,2,3,4,5,6,7",2013-10-01 00:00:00,,6.0,,,2017-12-21 11:46:52,
165138628981125,40,SPJA,,"1,2,3,4,5,6,7",2013-10-01 00:00:00,,6.0,,,2017-12-21 11:46:52,
165138629981125,40,AKQU,,"1,2,3,4,5,6,7",2013-10-01 00:00:00,,6.0,,,2017-12-21 11:46:52,
165138630981125,45,AIAL,,"1,2,3",2001-01-01 00:00:00,,1.0,,,2017-12-21 11:46:52,2017-12-21 17:44:17
165138631981125,45,ALJU,,"1,2,3",2001-01-01 00:00:00,,1.0,,,2017-12-21 11:46:52,2017-12-21 17:44:17
165138633981125,45,MEAZ,,"1,2,3",2001-01-01 00:00:00,,1.0,,,2017-12-21 11:46:52,2017-12-21 17:44:17
165138634981125,45,TRSE6,,"1,2,3",2001-01-01 00:00:00,,1.0,,,2017-12-21 11:46:52,2017-12-21 17:44:17
165138637981125,45,ELPU2,,"1,2,3",2001-01-01 00:00:00,,1.0,,,2017-12-21 11:46:52,2017-12-21 17:44:17
165138638981125,45,LIGUS2,,"1,2,3",2001-01-01 00:00:00,,1.0,,,2017-12-21 11:46:52,2017-12-21 17:44:17
165138639981125,45,LIJA,,"1,2,3",2001-01-01 00:00:00,,1.0,,,2017-12-21 11:46:52,2017-12-21 17:44:17
165138641981125,45,NADO,,"1,2,3",2001-01-01 00:00:00,,1.0,,,2017-12-21 11:46:52,2017-12-21 17:44:17
165138642981125,45,ROSA5,,"1,2,3",2001-01-01 00:00:00,,1.0,,,2017-12-21 11:46:52,2017-12-21 17:44:17
165138644981125,45,DIOSC,,"1,2,3",2001-01-01 00:00:00,,1.0,,,2017-12-21 11:46:52,2017-12-21 17:44:17
165138645981125,45,EUFO5,,"1,2,3",2001-01-01 00:00:00,,1.0,,,2017-12-21 11:46:52,2017-12-21 17:44:17
165138646981125,45,LOJA,,"1,2,3",2001-01-01 00:00:00,,1.0,,,2017-12-21 11:46:52,2017-12-21 17:44:17
165138648981125,45,VINCA,,"1,2,3",2001-01-01 00:00:00,,1.0,,,2017-12-21 11:46:52,2017-12-21 17:44:17
165138762981125,5,LONIC,,"1,2,3,4,5",2001-01-01 00:00:00,,1.0,,,2017-12-21 11:46:54,2017-12-21 17:44:17
165138765981125,5,CEOR7,,"1,2,3,4,5",2001-01-01 00:00:00,,1.0,,,2017-12-21 11:46:54,2017-12-21 17:44:17
165138769981125,5,PUMOL,,"1,2,3,4,5",2001-01-01 00:00:00,,1.0,,,2017-12-21 11:46:54,2017-12-21 17:44:17
165138773981125,5,IMCY,,"1,2,3,4,5",2001-01-01 00:00:00,,1.0,,,2017-12-21 11:46:54,2017-12-21 17:44:17
165138776981125,5,BAMBU,,"1,2,3,4,5",2001-01-01 00:00:00,,1.0,,,2017-12-21 11:46:54,2017-12-21 17:44:17
165138780981125,5,LECU,,"1,2,3,4,5",2001-01-01 00:00:00,,1.0,,,2017-12-21 11:46:54,2017-12-21 17:44:17
165138795981125,51,PATO2,,"1,2,3,4,5",2001-01-01 00:00:00,,1.0,,,2017-12-21 11:46:54,2017-12-21 17:44:17
165138800981125,51,ELPU2,,"1,2,3,4,5",2001-01-01 00:00:00,,1.0,,,2017-12-21 11:46:54,2017-12-21 17:44:17
165138804981125,51,NADO,,"1,2,3,4,5",2001-01-01 00:00:00,,1.0,,,2017-12-21 11:46:54,2017-12-21 17:44:17
165138807981125,51,DIOSC,,"1,2,3,4,5",2001-01-01 00:00:00,,1.0,,,2017-12-21 11:46:54,2017-12-21 17:44:17
165138811981125,51,VINCA,,"1,2,3,4,5",2001-01-01 00:00:00,,1.0,,,2017-12-21 11:46:54,2017-12-21 17:44:17
165138815981125,51,MIVI,,"1,2,3,4,5",2001-01-01 00:00:00,,1.0,,,2017-12-21 11:46:54,2017-12-21 17:44:17
165138818981125,51,LYJA,,"1,2,3,4,5",2001-01-01 00:00:00,,1.0,,,2017-12-21 11:46:54,2017-12-21 17:44:17
165138834981125,5,AIAL,,"1,2,3,4,5",2001-01-01 00:00:00,,1.0,,,2017-12-21 11:46:54,2017-12-21 17:44:17
165138837981125,12,EUAL13,,"1,2,3,4",2001-01-01 00:00:00,,1.0,,,2017-12-21 14:38:33,2017-12-21 17:44:17
165138841981125,28,EUAL13,,"1,2,3,4,5",2001-01-01 00:00:00,,1.0,,,2017-12-21 14:38:33,2017-12-21 17:44:17
165138845981125,47,EUAL13,,"1,2,3,4,5",2001-01-01 00:00:00,,1.0,,,2017-12-21 14:38:34,2017-12-21 17:44:17
165138848981125,12,CUAN4,,"1,2,3,4",2001-01-01 00:00:00,,1.0,,,2017-12-21 14:56:13,2017-12-21 17:44:17
165138388981125,13,TRSE6,,"1,2,3,4,5",2001-01-01 00:00:00,,1.0,,,2017-12-21 11:46:50,2017-12-21 17:44:17
165138393981125,13,LIJA,,"1,2,3,4,5",2001-01-01 00:00:00,,1.0,,,2017-12-21 11:46:50,2017-12-21 17:44:17
165138397981125,13,CEOR7,,"1,2,3,4,5",2001-01-01 00:00:00,,1.0,,,2017-12-21 11:46:50,2017-12-21 17:44:17
165138400981125,13,LOJA,,"1,2,3,4,5",2001-01-01 00:00:00,,1.0,,,2017-12-21 11:46:50,2017-12-21 17:44:17
165138404981125,13,SCPH,,"1,2,3,4,5",2001-01-01 00:00:00,,1.0,,,2017-12-21 11:46:50,2017-12-21 17:44:17
165138407981125,13,MISI,,"1,2,3,4,5",2001-01-01 00:00:00,,1.0,,,2017-12-21 11:46:50,2017-12-21 17:44:17
165138411981125,13,LESPE,,"1,2,3,4,5",2001-01-01 00:00:00,,1.0,,,2017-12-21 11:46:50,2017-12-21 17:44:17
165138427981125,21,PATO2,,"1,2,3,4,5,6,7",2001-01-01 00:00:00,,1.0,,,2017-12-21 11:46:50,2017-12-21 17:44:17
165138430981125,21,ELAEA,,"1,2,3,4,5,6,7",2001-01-01 00:00:00,,1.0,,,2017-12-21 11:46:50,2017-12-21 17:44:17
165138435981125,21,LONIC,,"1,2,3,4,5,6,7",2001-01-01 00:00:00,,1.0,,,2017-12-21 11:46:50,2017-12-21 17:44:17
165138439981125,21,DIOSC,,"1,2,3,4,5,6,7",2001-01-01 00:00:00,,1.0,,,2017-12-21 11:46:50,2017-12-21 17:44:17
165138443981125,21,VINCA,,"1,2,3,4,5,6,7",2001-01-01 00:00:00,,1.0,,,2017-12-21 11:46:50,2017-12-21 17:44:17
165138447981125,21,MIVI,,"1,2,3,4,5,6,7",2001-01-01 00:00:00,,1.0,,,2017-12-21 11:46:50,2017-12-21 17:44:17
165138450981125,21,LYJA,,"1,2,3,4,5,6,7",2001-01-01 00:00:00,,1.0,,,2017-12-21 11:46:50,2017-12-21 17:44:17
165138466981125,22,AIAL,,"1,2,3,4,5",2001-01-01 00:00:00,,1.0,,,2017-12-21 11:46:50,2017-12-21 17:44:17
165138470981125,22,TRSE6,,"1,2,3,4,5",2001-01-01 00:00:00,,1.0,,,2017-12-21 11:46:50,2017-12-21 17:44:17
165138474981125,22,LIGUS2,,"1,2,3,4,5",2001-01-01 00:00:00,,1.0,,,2017-12-21 11:46:50,2017-12-21 17:44:17
165138478981125,22,ROSA5,,"1,2,3,4,5",2001-01-01 00:00:00,,1.0,,,2017-12-21 11:46:50,2017-12-21 17:44:17
165138482981125,22,LOJA,,"1,2,3,4,5",2001-01-01 00:00:00,,1.0,,,2017-12-21 11:46:51,2017-12-21 17:44:17
165138849981125,12,LACA2,,"1,2,3,4",2001-01-01 00:00:00,,1.0,,,2017-12-21 14:56:13,2017-12-21 17:44:17
165138850981125,12,LELE10,,"1,2,3,4",2013-10-01 00:00:00,,6.0,,,2017-12-21 14:56:13,
165138851981125,12,ABPR3,,"1,2,3,4",2001-01-01 00:00:00,,1.0,,,2017-12-21 14:56:13,2017-12-21 17:44:17
165138852981125,12,PSIDI,,"1,2,3,4",2001-01-01 00:00:00,,1.0,,,2017-12-21 14:56:13,2017-12-21 17:44:17
165138853981125,12,CASUA,,"1,2,3,4",2001-01-01 00:00:00,,1.0,,,2017-12-21 14:56:13,2017-12-21 17:44:17
165138854981125,12,MEQU,,"1,2,3,4",2001-01-01 00:00:00,,1.0,,,2017-12-21 14:56:13,2017-12-21 17:44:17
165138855981125,12,SYCU,,"1,2,3,4",2001-01-01 00:00:00,,1.0,,,2017-12-21 14:56:13,2017-12-21 17:44:17
165138856981125,12,RHTO10,,"1,2,3,4",2001-01-01 00:00:00,,1.0,,,2017-12-21 14:56:13,2017-12-21 17:44:17
165138857981125,12,MAUN3,,"1,2,3,4",2001-01-01 00:00:00,,1.0,,,2017-12-21 14:56:13,2017-12-21 17:44:17
165138858981125,12,PAFO3,,"1,2,3,4",2001-01-01 00:00:00,,1.0,,,2017-12-21 14:56:13,2017-12-21 17:44:17
165138859981125,12,NEPHR,,"1,2,3,4",2001-01-01 00:00:00,,1.0,,,2017-12-21 14:56:14,2017-12-21 17:44:17
165138860981125,12,URLO,,"1,2,3,4",2013-10-01 00:00:00,,6.0,,,2017-12-21 14:56:14,
165138861981125,12,INHI,,"1,2,3,4",2001-01-01 00:00:00,,1.0,,,2017-12-21 14:56:14,2017-12-21 17:44:17
165138862981125,12,URMA3,,"1,2,3,4",2013-10-01 00:00:00,,6.0,,,2017-12-21 14:56:14,
165138863981125,12,MERE9,,"1,2,3,4",2013-10-01 00:00:00,,6.0,,,2017-12-21 14:56:14,
165138864981125,12,EUUN2,,"1,2,3,4",2001-01-01 00:00:00,,1.0,,,2017-12-21 14:56:14,2017-12-21 17:44:17
165138865981125,12,LYMI,,"1,2,3,4",2001-01-01 00:00:00,,1.0,,,2017-12-21 14:56:14,2017-12-21 17:44:17
165138866981125,12,ACAU,,"1,2,3,4",2013-10-01 00:00:00,,6.0,,,2017-12-21 14:56:14,
165138867981125,12,SCAC2,,"1,2,3,4",2001-01-01 00:00:00,,1.0,,,2017-12-21 14:56:14,2017-12-21 17:44:17
165138868981125,12,SOTA3,,"1,2,3,4",2013-10-01 00:00:00,,6.0,,,2017-12-21 14:56:14,
165138869981125,12,TRADE,,"1,2,3,4",2013-10-01 00:00:00,,6.0,,,2017-12-21 14:56:14,
165138871981125,12,PEPU2,,"1,2,3,4",2001-01-01 00:00:00,,1.0,,,2017-12-21 14:59:39,2017-12-21 17:44:17
165176456981125,1,CICA,,"1,2,3,4,5,6",2013-10-01 00:00:00,,6.0,,,2017-12-22 14:14:09,
165176457981125,5,CICA,,"1,2,3,4,5",2013-10-01 00:00:00,,6.0,,,2017-12-22 14:14:09,
165176458981125,12,CICA,,"1,2,3,4",2001-01-01 00:00:00,,1.0,,,2017-12-22 14:14:09,2017-12-22 14:35:37
165176459981125,13,CICA,,"1,2,3,4,5",2013-10-01 00:00:00,,6.0,,,2017-12-22 14:14:09,
165176460981125,21,CICA,,"1,2,3,4,5,6,7",2013-10-01 00:00:00,,6.0,,,2017-12-22 14:14:09,
165176461981125,22,CICA,,"1,2,3,4,5",2013-10-01 00:00:00,,6.0,,,2017-12-22 14:14:09,
165138542981125,28,VEFO,,"1,2,3,4,5",2013-10-01 00:00:00,,6.0,,,2017-12-21 11:46:51,
165138543981125,28,BETH,,"1,2,3,4,5",2013-10-01 00:00:00,,6.0,,,2017-12-21 11:46:51,
165138544981125,28,MABE2,,"1,2,3,4,5",2013-10-01 00:00:00,,6.0,,,2017-12-21 11:46:51,
165138545981125,28,POCU6,,"1,2,3,4,5",2013-10-01 00:00:00,,6.0,,,2017-12-21 11:46:51,
165138546981125,28,SPJA,,"1,2,3,4,5",2013-10-01 00:00:00,,6.0,,,2017-12-21 11:46:51,
165138547981125,28,AKQU,,"1,2,3,4,5",2013-10-01 00:00:00,,6.0,,,2017-12-21 11:46:51,
165138548981125,37,AIAL,,"1,2,3,4",2001-01-01 00:00:00,,1.0,,,2017-12-21 11:46:51,2017-12-21 17:44:17
165138549981125,37,ALJU,,"1,2,3,4",2001-01-01 00:00:00,,1.0,,,2017-12-21 11:46:51,2017-12-21 17:44:17
165138550981125,37,PATO2,,"1,2,3,4",2001-01-01 00:00:00,,1.0,,,2017-12-21 11:46:51,2017-12-21 17:44:17
165138551981125,37,MEAZ,,"1,2,3,4",2001-01-01 00:00:00,,1.0,,,2017-12-21 11:46:51,2017-12-21 17:44:17
165138552981125,37,TRSE6,,"1,2,3,4",2001-01-01 00:00:00,,1.0,,,2017-12-21 11:46:51,2017-12-21 17:44:17
165138553981125,37,ELAEA,,"1,2,3,4",2001-01-01 00:00:00,,1.0,,,2017-12-21 11:46:51,2017-12-21 17:44:17
165138555981125,37,ELPU2,,"1,2,3,4",2001-01-01 00:00:00,,1.0,,,2017-12-21 11:46:51,2017-12-21 17:44:17
165138556981125,37,LIGUS2,,"1,2,3,4",2001-01-01 00:00:00,,1.0,,,2017-12-21 11:46:51,2017-12-21 17:44:17
165138557981125,37,LIJA,,"1,2,3,4",2001-01-01 00:00:00,,1.0,,,2017-12-21 11:46:51,2017-12-21 17:44:17
165138558981125,37,LONIC,,"1,2,3,4",2001-01-01 00:00:00,,1.0,,,2017-12-21 11:46:51,2017-12-21 17:44:17
165138559981125,37,NADO,,"1,2,3,4",2001-01-01 00:00:00,,1.0,,,2017-12-21 11:46:51,2017-12-21 17:44:17
165138560981125,37,ROSA5,,"1,2,3,4",2001-01-01 00:00:00,,1.0,,,2017-12-21 11:46:51,2017-12-21 17:44:17
165138561981125,37,CEOR7,,"1,2,3,4",2001-01-01 00:00:00,,1.0,,,2017-12-21 11:46:51,2017-12-21 17:44:17
165138562981125,37,DIOSC,,"1,2,3,4",2001-01-01 00:00:00,,1.0,,,2017-12-21 11:46:51,2017-12-21 17:44:17
165138563981125,37,EUFO5,,"1,2,3,4",2001-01-01 00:00:00,,1.0,,,2017-12-21 11:46:51,2017-12-21 17:44:17
165138564981125,37,LOJA,,"1,2,3,4",2001-01-01 00:00:00,,1.0,,,2017-12-21 11:46:51,2017-12-21 17:44:17
165138565981125,37,PUMOL,,"1,2,3,4",2001-01-01 00:00:00,,1.0,,,2017-12-21 11:46:51,2017-12-21 17:44:17
165138566981125,37,VINCA,,"1,2,3,4",2001-01-01 00:00:00,,1.0,,,2017-12-21 11:46:51,2017-12-21 17:44:17
165138567981125,37,WISTE,,"1,2,3,4",2001-01-01 00:00:00,,1.0,,,2017-12-21 11:46:51,2017-12-21 17:44:17
165138568981125,37,SCPH,,"1,2,3,4",2001-01-01 00:00:00,,1.0,,,2017-12-21 11:46:51,2017-12-21 17:44:17
165138569981125,37,IMCY,,"1,2,3,4",2001-01-01 00:00:00,,1.0,,,2017-12-21 11:46:51,2017-12-21 17:44:17
165138571981125,37,MISI,,"1,2,3,4",2001-01-01 00:00:00,,1.0,,,2017-12-21 11:46:51,2017-12-21 17:44:17
165138572981125,37,BAMBU,,"1,2,3,4",2001-01-01 00:00:00,,1.0,,,2017-12-21 11:46:51,2017-12-21 17:44:17
165138574981125,37,ALPE4,,"1,2,3,4",2001-01-01 00:00:00,,1.0,,,2017-12-21 11:46:51,2017-12-21 17:44:17
165138575981125,37,LESPE,,"1,2,3,4",2001-01-01 00:00:00,,1.0,,,2017-12-21 11:46:51,2017-12-21 17:44:17
165138576981125,37,LECU,,"1,2,3,4",2001-01-01 00:00:00,,1.0,,,2017-12-21 11:46:51,2017-12-21 17:44:17
165138577981125,37,BRPA4,,"1,2,3,4",2013-10-01 00:00:00,,6.0,,,2017-12-21 11:46:51,
165138578981125,37,FISI2,,"1,2,3,4",2013-10-01 00:00:00,,6.0,,,2017-12-21 11:46:51,
2113051860732862,16,ALMA12,,,2023-01-01 00:00:00,,9.2,,,2025-07-03 07:13:33,
2113051861732862,16,ALPE4,,,2023-01-01 00:00:00,,9.2,,,2025-07-03 07:13:33,
2113051862732862,16,ANOF,,,2023-01-01 00:00:00,,9.2,,,2025-07-03 07:13:33,
2113051863732862,16,ANTHE,,,2023-01-01 00:00:00,,9.2,,,2025-07-03 07:13:33,
2113051864732862,16,ARAB3,,,2023-01-01 00:00:00,,9.2,,,2025-07-03 07:13:33,
2113051865732862,16,ARDO4,,,2023-01-01 00:00:00,,9.2,,,2025-07-03 07:13:33,
2113051866732862,16,ARMI2,,,2023-01-01 00:00:00,,9.2,,,2025-07-03 07:13:34,
2113051867732862,16,BASC5,,,2023-01-01 00:00:00,,9.2,,,2025-07-03 07:13:34,
2113051868732862,16,BEIN2,,,2023-01-01 00:00:00,,9.2,,,2025-07-03 07:13:34,
2113051869732862,16,BOBL,,,2023-01-01 00:00:00,,9.2,,,2025-07-03 07:13:34,
2113051870732862,16,BOIS,,,2023-01-01 00:00:00,,9.2,,,2025-07-03 07:13:34,
2113051871732862,16,BRAL4,,,2023-01-01 00:00:00,,9.2,,,2025-07-03 07:13:34,
2113051872732862,16,BRAR5,,,2023-01-01 00:00:00,,9.2,,,2025-07-03 07:13:34,
2113051873732862,16,BRDI3,,,2023-01-01 00:00:00,,9.2,,,2025-07-03 07:13:35,
2113051874732862,16,BRIN2,,,2023-01-01 00:00:00,,9.2,,,2025-07-03 07:13:35,
2113051875732862,16,BRRU2,,,2023-01-01 00:00:00,,9.2,,,2025-07-03 07:13:35,
2113051876732862,16,BRTE,,,2023-01-01 00:00:00,,9.2,,,2025-07-03 07:13:35,
2113051877732862,16,BRTO,,,2023-01-01 00:00:00,,9.2,,,2025-07-03 07:13:35,
2113051878732862,16,BUUM,,,2023-01-01 00:00:00,,9.2,,,2025-07-03 07:13:35,
2113051879732862,16,CARDA2,,,2023-01-01 00:00:00,,9.2,,,2025-07-03 07:13:35,
2113051880732862,16,CARDU,,,2023-01-01 00:00:00,,9.2,,,2025-07-03 07:13:36,
2113051881732862,16,CECA2,,,2023-01-01 00:00:00,,9.2,,,2025-07-03 07:13:36,
2113051882732862,16,CEIB,,,2023-01-01 00:00:00,,9.2,,,2025-07-03 07:13:36,
2113051883732862,16,CEME2,,,2023-01-01 00:00:00,,9.2,,,2025-07-03 07:13:36,
2113051884732862,16,CETE5,,,2023-01-01 00:00:00,,9.2,,,2025-07-03 07:13:36,
2113051885732862,16,CEVIS2,,,2023-01-01 00:00:00,,9.2,,,2025-07-03 07:13:36,
2113051886732862,16,CIIN,,,2023-01-01 00:00:00,,9.2,,,2025-07-03 07:13:36,
2113051887732862,16,CIVU,,,2023-01-01 00:00:00,,9.2,,,2025-07-03 07:13:37,
2113051888732862,16,CYDA,,,2023-01-01 00:00:00,,9.2,,,2025-07-03 07:13:37,
2113051889732862,16,CYOF,,,2023-01-01 00:00:00,,9.2,,,2025-07-03 07:13:37,
2113051890732862,16,ECVU,,,2023-01-01 00:00:00,,9.2,,,2025-07-03 07:13:37,
2113051891732862,16,ELAN,,,2023-01-01 00:00:00,,9.2,,,2025-07-03 07:13:37,
2113051892732862,16,ELRE4,,,2023-01-01 00:00:00,,9.2,,,2025-07-03 07:13:37,
2113051893732862,16,EUMY2,,,2023-01-01 00:00:00,,9.2,,,2025-07-03 07:13:38,
2113051894732862,16,HAGL,,,2023-01-01 00:00:00,,9.2,,,2025-07-03 07:13:38,
2113051895732862,16,HEMA17,,,2023-01-01 00:00:00,,9.2,,,2025-07-03 07:13:38,
2113051896732862,16,HEMA3,,,2023-01-01 00:00:00,,9.2,,,2025-07-03 07:13:38,
2113051897732862,16,HIERA,,,2023-01-01 00:00:00,,9.2,,,2025-07-03 07:13:38,
2113051898732862,16,HIPI2,,,2023-01-01 00:00:00,,9.2,,,2025-07-03 07:13:39,
2113051899732862,16,HYPE,,,2023-01-01 00:00:00,,9.2,,,2025-07-03 07:13:39,
2113051900732862,16,HYVE3,,,2023-01-01 00:00:00,,9.2,,,2025-07-03 07:13:39,
2113051901732862,16,IMCY,,,2023-01-01 00:00:00,,9.2,,,2025-07-03 07:13:39,
2113051902732862,16,IRPS,,,2023-01-01 00:00:00,,9.2,,,2025-07-03 07:13:39,
2113051903732862,16,LEVU,,,2023-01-01 00:00:00,,9.2,,,2025-07-03 07:13:39,
2113051904732862,16,LINAR,,,2023-01-01 00:00:00,,9.2,,,2025-07-03 07:13:40,
2113051905732862,16,LYTHR,,,2023-01-01 00:00:00,,9.2,,,2025-07-03 07:13:40,
2113051906732862,16,LYVI3,,,2023-01-01 00:00:00,,9.2,,,2025-07-03 07:13:40,
2113051907732862,16,ONPI,,,2023-01-01 00:00:00,,9.2,,,2025-07-03 07:13:40,
2113051908732862,16,PECI,,,2023-01-01 00:00:00,,9.2,,,2025-07-03 07:13:40,
2113051909732862,16,PEHA,,,2023-01-01 00:00:00,,9.2,,,2025-07-03 07:13:40,
2113051910732862,16,PHAU7,,,2023-01-01 00:00:00,,9.2,,,2025-07-03 07:13:40,
2113051911732862,16,POBU,,,2023-01-01 00:00:00,,9.2,,,2025-07-03 07:13:41,
2113051912732862,16,POCU6,,,2023-01-01 00:00:00,,9.2,,,2025-07-03 07:13:41,
2113051913732862,16,POLYG4,,,2023-01-01 00:00:00,,9.2,,,2025-07-03 07:13:41,
2113051914732862,16,PORE5,,,2023-01-01 00:00:00,,9.2,,,2025-07-03 07:13:41,
2113051915732862,16,POSA4,,,2023-01-01 00:00:00,,9.2,,,2025-07-03 07:13:41,
2113051916732862,16,RAAC3,,,2023-01-01 00:00:00,,9.2,,,2025-07-03 07:13:41,
2113051917732862,16,RUAR9,,,2023-01-01 00:00:00,,9.2,,,2025-07-03 07:13:42,
2113051918732862,16,SAAE,,,2023-01-01 00:00:00,,9.2,,,2025-07-03 07:13:42,
2113051919732862,16,SALSO,,,2023-01-01 00:00:00,,9.2,,,2025-07-03 07:13:42,
2113051920732862,16,SONCH,,,2023-01-01 00:00:00,,9.2,,,2025-07-03 07:13:42,
2113051921732862,16,TACA8,,,2023-01-01 00:00:00,,9.2,,,2025-07-03 07:13:42,
2113051922732862,16,TAMAR2,,,2023-01-01 00:00:00,,9.2,,,2025-07-03 07:13:42,
2113052593732862,49,AECY,,,2023-01-01 00:00:00,,9.2,,,2025-07-03 08:08:59,
2113052594732862,49,AIAL,,,2023-01-01 00:00:00,,9.2,,,2025-07-03 08:08:59,
2113052595732862,49,ALMA12,,,2023-01-01 00:00:00,,9.2,,,2025-07-03 08:08:59,
2113052596732862,49,ALPE4,,,2023-01-01 00:00:00,,9.2,,,2025-07-03 08:09:00,
2113052597732862,49,ANOF,,,2023-01-01 00:00:00,,9.2,,,2025-07-03 08:09:00,
2113052598732862,49,ANTHE,,,2023-01-01 00:00:00,,9.2,,,2025-07-03 08:09:00,
2113052599732862,49,ARAB3,,,2023-01-01 00:00:00,,9.2,,,2025-07-03 08:09:00,
2113052600732862,49,ARDO4,,,2023-01-01 00:00:00,,9.2,,,2025-07-03 08:09:00,
2113052601732862,49,ARMI2,,,2023-01-01 00:00:00,,9.2,,,2025-07-03 08:09:01,
2113052602732862,49,BASC5,,,2023-01-01 00:00:00,,9.2,,,2025-07-03 08:09:01,
2113052603732862,49,BEIN2,,,2023-01-01 00:00:00,,9.2,,,2025-07-03 08:09:01,
2113052604732862,49,BOBL,,,2023-01-01 00:00:00,,9.2,,,2025-07-03 08:09:01,
2113052605732862,49,BOIS,,,2023-01-01 00:00:00,,9.2,,,2025-07-03 08:09:02,
2113052606732862,49,BRAL4,,,2023-01-01 00:00:00,,9.2,,,2025-07-03 08:09:02,
2113052607732862,49,BRAR5,,,2023-01-01 00:00:00,,9.2,,,2025-07-03 08:09:02,
2113052608732862,49,BRDI3,,,2023-01-01 00:00:00,,9.2,,,2025-07-03 08:09:02,
2113052609732862,49,BRIN2,,,2023-01-01 00:00:00,,9.2,,,2025-07-03 08:09:02,
2113052610732862,49,BRRU2,,,2023-01-01 00:00:00,,9.2,,,2025-07-03 08:09:02,
2113052611732862,49,BRTE,,,2023-01-01 00:00:00,,9.2,,,2025-07-03 08:09:03,
2113052612732862,49,BRTO,,,2023-01-01 00:00:00,,9.2,,,2025-07-03 08:09:03,
2113052613732862,49,BUUM,,,2023-01-01 00:00:00,,9.2,,,2025-07-03 08:09:03,
2113052614732862,49,CARDA2,,,2023-01-01 00:00:00,,9.2,,,2025-07-03 08:09:03,
2113052615732862,49,CARDU,,,2023-01-01 00:00:00,,9.2,,,2025-07-03 08:09:03,
2113052616732862,49,CECA2,,,2023-01-01 00:00:00,,9.2,,,2025-07-03 08:09:03,
2113052617732862,49,CEDE5,,,2023-01-01 00:00:00,,9.2,,,2025-07-03 08:09:04,
2113052618732862,49,CEIB,,,2023-01-01 00:00:00,,9.2,,,2025-07-03 08:09:04,
2113052619732862,49,CEME2,,,2023-01-01 00:00:00,,9.2,,,2025-07-03 08:09:04,
2113052620732862,49,CETE5,,,2023-01-01 00:00:00,,9.2,,,2025-07-03 08:09:04,
2113052621732862,49,CHJU,,,2023-01-01 00:00:00,,9.2,,,2025-07-03 08:09:04,
2113052622732862,49,CIIN,,,2023-01-01 00:00:00,,9.2,,,2025-07-03 08:09:04,
2113052623732862,49,CIVU,,,2023-01-01 00:00:00,,9.2,,,2025-07-03 08:09:04,
2113052624732862,49,COMA2,,,2023-01-01 00:00:00,,9.2,,,2025-07-03 08:09:05,
2113052625732862,49,CRVU2,,,2023-01-01 00:00:00,,9.2,,,2025-07-03 08:09:05,
2113052626732862,49,CYOF,,,2023-01-01 00:00:00,,9.2,,,2025-07-03 08:09:05,
2113052627732862,49,CYSC4,,,2023-01-01 00:00:00,,9.2,,,2025-07-03 08:09:05,
2113052628732862,49,ECVU,,,2023-01-01 00:00:00,,9.2,,,2025-07-03 08:09:05,
2113052629732862,49,ELAN,,,2023-01-01 00:00:00,,9.2,,,2025-07-03 08:09:05,
2113052630732862,49,EUMY2,,,2023-01-01 00:00:00,,9.2,,,2025-07-03 08:09:05,
2113052631732862,49,HAGL,,,2023-01-01 00:00:00,,9.2,,,2025-07-03 08:09:06,
2113052632732862,49,HEMA17,,,2023-01-01 00:00:00,,9.2,,,2025-07-03 08:09:06,
2113052633732862,49,HEMA3,,,2023-01-01 00:00:00,,9.2,,,2025-07-03 08:09:06,
2113052634732862,49,HIAU,,,2023-01-01 00:00:00,,9.2,,,2025-07-03 08:09:06,
2113052635732862,49,HICA10,,,2023-01-01 00:00:00,,9.2,,,2025-07-03 08:09:06,
2113052636732862,49,HIERA,,,2023-01-01 00:00:00,,9.2,,,2025-07-03 08:09:06,
2113052637732862,49,HIPI2,,,2023-01-01 00:00:00,,9.2,,,2025-07-03 08:09:07,
2113052638732862,49,HYNI,,,2023-01-01 00:00:00,,9.2,,,2025-07-03 08:09:07,
2113052639732862,49,HYPE,,,2023-01-01 00:00:00,,9.2,,,2025-07-03 08:09:07,
2113052640732862,49,HYVE3,,,2023-01-01 00:00:00,,9.2,,,2025-07-03 08:09:07,
2113052641732862,49,IMCY,,,2023-01-01 00:00:00,,9.2,,,2025-07-03 08:09:07,
2113052642732862,49,IRPS,,,2023-01-01 00:00:00,,9.2,,,2025-07-03 08:09:07,
2113052643732862,49,LEVU,,,2023-01-01 00:00:00,,9.2,,,2025-07-03 08:09:07,
2113052644732862,49,LINAR,,,2023-01-01 00:00:00,,9.2,,,2025-07-03 08:09:08,
2113052645732862,49,LYTHR,,,2023-01-01 00:00:00,,9.2,,,2025-07-03 08:09:08,
2113052646732862,49,LYVI3,,,2023-01-01 00:00:00,,9.2,,,2025-07-03 08:09:08,
2113052647732862,49,MYSP2,,,2023-01-01 00:00:00,,9.2,,,2025-07-03 08:09:09,
2113052648732862,49,ONPI,,,2023-01-01 00:00:00,,9.2,,,2025-07-03 08:09:09,
2113052649732862,49,PECI,,,2023-01-01 00:00:00,,9.2,,,2025-07-03 08:09:09,
2113052650732862,49,PEHA,,,2023-01-01 00:00:00,,9.2,,,2025-07-03 08:09:09,
2113052651732862,49,PHAU7,,,2023-01-01 00:00:00,,9.2,,,2025-07-03 08:09:09,
2113052652732862,49,POBU,,,2023-01-01 00:00:00,,9.2,,,2025-07-03 08:09:09,
2113052653732862,49,POCU6,,,2023-01-01 00:00:00,,9.2,,,2025-07-03 08:09:10,
2113052654732862,49,POLYG4,,,2023-01-01 00:00:00,,9.2,,,2025-07-03 08:09:10,
2113052655732862,49,PORE5,,,2023-01-01 00:00:00,,9.2,,,2025-07-03 08:09:10,
2113052656732862,49,POSA4,,,2023-01-01 00:00:00,,9.2,,,2025-07-03 08:09:10,
2113052657732862,49,RAAC3,,,2023-01-01 00:00:00,,9.2,,,2025-07-03 08:09:10,
2113052658732862,49,RUAR9,,,2023-01-01 00:00:00,,9.2,,,2025-07-03 08:09:11,
2113052659732862,49,SAAE,,,2023-01-01 00:00:00,,9.2,,,2025-07-03 08:09:11,
2113052660732862,49,SALSO,,,2023-01-01 00:00:00,,9.2,,,2025-07-03 08:09:11,
2113052661732862,49,SEJA,,,2023-01-01 00:00:00,,9.2,,,2025-07-03 08:09:11,
2113052662732862,49,SONCH,,,2023-01-01 00:00:00,,9.2,,,2025-07-03 08:09:11,
2113052663732862,49,TAMAR2,,,2023-01-01 00:00:00,,9.2,,,2025-07-03 08:09:11,
2113052664732862,49,TAVU,,,2023-01-01 00:00:00,,9.2,,,2025-07-03 08:09:11,
2113052665732862,49,TRAR4,,,2023-01-01 00:00:00,,9.2,,,2025-07-03 08:09:12,
2113052666732862,49,TRTE,,,2023-01-01 00:00:00,,9.2,,,2025-07-03 08:09:12,
2113052667732862,49,ULPU,,,2023-01-01 00:00:00,,9.2,,,2025-07-03 08:09:12,
2113052668732862,49,VEDU,,,2023-01-01 00:00:00,,9.2,,,2025-07-03 08:09:12,
2113052669732862,49,VERBA,,,2023-01-01 00:00:00,,9.2,,,2025-07-03 08:09:12,
2113052670732862,49,ZYFA,,,2023-01-01 00:00:00,,9.2,,,2025-07-03 08:09:12,
2113052735732862,56,RUAR9,,,2023-01-01 00:00:00,,9.2,,,2025-07-03 08:15:38,
2113052736732862,56,SAAE,,,2023-01-01 00:00:00,,9.2,,,2025-07-03 08:15:38,
2113052737732862,56,SALSO,,,2023-01-01 00:00:00,,9.2,,,2025-07-03 08:15:39,
2113052738732862,56,SEJA,,,2023-01-01 00:00:00,,9.2,,,2025-07-03 08:15:39,
2113052739732862,56,SOHA,,,2023-01-01 00:00:00,,9.2,,,2025-07-03 08:15:39,
2113052740732862,56,SONCH,,,2023-01-01 00:00:00,,9.2,,,2025-07-03 08:15:39,
2113052741732862,56,TACA8,,,2023-01-01 00:00:00,,9.2,,,2025-07-03 08:15:39,
2113052742732862,56,TAVU,,,2023-01-01 00:00:00,,9.2,,,2025-07-03 08:15:39,
2113052743732862,56,TRAR4,,,2023-01-01 00:00:00,,9.2,,,2025-07-03 08:15:39,
2113052744732862,56,TRTE,,,2023-01-01 00:00:00,,9.2,,,2025-07-03 08:15:40,
2113052745732862,56,ULPU,,,2023-01-01 00:00:00,,9.2,,,2025-07-03 08:15:40,
2113052746732862,56,VEDU,,,2023-01-01 00:00:00,,9.2,,,2025-07-03 08:15:40,
2113052747732862,56,VERBA,,,2023-01-01 00:00:00,,9.2,,,2025-07-03 08:15:40,
2113052748732862,56,ZYFA,,,2023-01-01 00:00:00,,9.2,,,2025-07-03 08:15:40,
2113052671732862,56,AECY,,,2023-01-01 00:00:00,,9.2,,,2025-07-03 08:15:28,
2113052672732862,56,AIAL,,,2023-01-01 00:00:00,,9.2,,,2025-07-03 08:15:28,
2113052673732862,56,ALMA12,,,2023-01-01 00:00:00,,9.2,,,2025-07-03 08:15:28,
2113052674732862,56,ALPE4,,,2023-01-01 00:00:00,,9.2,,,2025-07-03 08:15:28,
2113052675732862,56,ANOF,,,2023-01-01 00:00:00,,9.2,,,2025-07-03 08:15:29,
2113052676732862,56,ANTHE,,,2023-01-01 00:00:00,,9.2,,,2025-07-03 08:15:29,
2113052677732862,56,ARAB3,,,2023-01-01 00:00:00,,9.2,,,2025-07-03 08:15:29,
2113052678732862,56,ARDO4,,,2023-01-01 00:00:00,,9.2,,,2025-07-03 08:15:29,
2113052679732862,56,BASC5,,,2023-01-01 00:00:00,,9.2,,,2025-07-03 08:15:29,
2113052680732862,56,BEIN2,,,2023-01-01 00:00:00,,9.2,,,2025-07-03 08:15:29,
2113052681732862,56,BOBL,,,2023-01-01 00:00:00,,9.2,,,2025-07-03 08:15:30,
2113052682732862,56,BOIS,,,2023-01-01 00:00:00,,9.2,,,2025-07-03 08:15:30,
2113052683732862,56,BRAL4,,,2023-01-01 00:00:00,,9.2,,,2025-07-03 08:15:30,
2113052684732862,56,BRAR5,,,2023-01-01 00:00:00,,9.2,,,2025-07-03 08:15:30,
2113052685732862,56,BRDI3,,,2023-01-01 00:00:00,,9.2,,,2025-07-03 08:15:30,
2113052686732862,56,BRIN2,,,2023-01-01 00:00:00,,9.2,,,2025-07-03 08:15:30,
2113052687732862,56,BRRU2,,,2023-01-01 00:00:00,,9.2,,,2025-07-03 08:15:31,
2113052688732862,56,BRTE,,,2023-01-01 00:00:00,,9.2,,,2025-07-03 08:15:31,
2113052689732862,56,BRTO,,,2023-01-01 00:00:00,,9.2,,,2025-07-03 08:15:31,
2113052690732862,56,BUUM,,,2023-01-01 00:00:00,,9.2,,,2025-07-03 08:15:31,
2113052691732862,56,CARDA2,,,2023-01-01 00:00:00,,9.2,,,2025-07-03 08:15:31,
2113052692732862,56,CARDU,,,2023-01-01 00:00:00,,9.2,,,2025-07-03 08:15:31,
2113052693732862,56,CECA2,,,2023-01-01 00:00:00,,9.2,,,2025-07-03 08:15:31,
2113052694732862,56,CEDE5,,,2023-01-01 00:00:00,,9.2,,,2025-07-03 08:15:32,
2113052695732862,56,CEIB,,,2023-01-01 00:00:00,,9.2,,,2025-07-03 08:15:32,
2113052696732862,56,CEME2,,,2023-01-01 00:00:00,,9.2,,,2025-07-03 08:15:32,
2113052697732862,56,CESO3,,,2023-01-01 00:00:00,,9.2,,,2025-07-03 08:15:32,
2113052698732862,56,CETE5,,,2023-01-01 00:00:00,,9.2,,,2025-07-03 08:15:32,
2113052699732862,56,CEVIS2,,,2023-01-01 00:00:00,,9.2,,,2025-07-03 08:15:33,
2113052700732862,56,CHJU,,,2023-01-01 00:00:00,,9.2,,,2025-07-03 08:15:33,
2113052701732862,56,CIIN,,,2023-01-01 00:00:00,,9.2,,,2025-07-03 08:15:33,
2113052702732862,56,CIVU,,,2023-01-01 00:00:00,,9.2,,,2025-07-03 08:15:33,
2113052703732862,56,COMA2,,,2023-01-01 00:00:00,,9.2,,,2025-07-03 08:15:33,
2113052704732862,56,CRVU2,,,2023-01-01 00:00:00,,9.2,,,2025-07-03 08:15:33,
2113052705732862,56,CYDA,,,2023-01-01 00:00:00,,9.2,,,2025-07-03 08:15:33,
2113052706732862,56,CYSC4,,,2023-01-01 00:00:00,,9.2,,,2025-07-03 08:15:34,
2113052707732862,56,ECVU,,,2023-01-01 00:00:00,,9.2,,,2025-07-03 08:15:34,
2113052708732862,56,ELAN,,,2023-01-01 00:00:00,,9.2,,,2025-07-03 08:15:34,
2113052709732862,56,EUMY2,,,2023-01-01 00:00:00,,9.2,,,2025-07-03 08:15:34,
2113052710732862,56,HAGL,,,2023-01-01 00:00:00,,9.2,,,2025-07-03 08:15:34,
2113052711732862,56,HEMA17,,,2023-01-01 00:00:00,,9.2,,,2025-07-03 08:15:34,
2113052712732862,56,HEMA3,,,2023-01-01 00:00:00,,9.2,,,2025-07-03 08:15:35,
2113052713732862,56,HIAU,,,2023-01-01 00:00:00,,9.2,,,2025-07-03 08:15:35,
2113052714732862,56,HICA10,,,2023-01-01 00:00:00,,9.2,,,2025-07-03 08:15:35,
2113052715732862,56,HIERA,,,2023-01-01 00:00:00,,9.2,,,2025-07-03 08:15:35,
2113052716732862,56,HIPI2,,,2023-01-01 00:00:00,,9.2,,,2025-07-03 08:15:35,
2113052717732862,56,HYNI,,,2023-01-01 00:00:00,,9.2,,,2025-07-03 08:15:36,
2113052718732862,56,HYVE3,,,2023-01-01 00:00:00,,9.2,,,2025-07-03 08:15:36,
2113052719732862,56,IMCY,,,2023-01-01 00:00:00,,9.2,,,2025-07-03 08:15:36,
2113052720732862,56,IRPS,,,2023-01-01 00:00:00,,9.2,,,2025-07-03 08:15:36,
2113052721732862,56,LINAR,,,2023-01-01 00:00:00,,9.2,,,2025-07-03 08:15:36,
165138335981125,1,PYCA80,,"1,2,3,4,5,6",2013-10-01 00:00:00,,6.0,,,2017-12-21 11:46:49,
165138336981125,1,TAMAR2,,"1,2,3,4,5,6",2013-10-01 00:00:00,,6.0,,,2017-12-21 11:46:49,
165138337981125,1,VEFO,,"1,2,3,4,5,6",2013-10-01 00:00:00,,6.0,,,2017-12-21 11:46:49,
165138338981125,1,BETH,,"1,2,3,4,5,6",2013-10-01 00:00:00,,6.0,,,2017-12-21 11:46:49,
165138339981125,1,MABE2,,"1,2,3,4,5,6",2013-10-01 00:00:00,,6.0,,,2017-12-21 11:46:49,
165138340981125,1,POCU6,,"1,2,3,4,5,6",2013-10-01 00:00:00,,6.0,,,2017-12-21 11:46:49,
165138341981125,1,SPJA,,"1,2,3,4,5,6",2013-10-01 00:00:00,,6.0,,,2017-12-21 11:46:49,
165138342981125,1,AKQU,,"1,2,3,4,5,6",2013-10-01 00:00:00,,6.0,,,2017-12-21 11:46:49,
165138343981125,12,AIAL,,"1,2,3,4",2001-01-01 00:00:00,,1.0,,,2017-12-21 11:46:49,2017-12-21 17:44:17
165138344981125,12,ALJU,,"1,2,3,4",2001-01-01 00:00:00,,1.0,,,2017-12-21 11:46:49,2017-12-21 17:44:17
165138345981125,12,PATO2,,"1,2,3,4",2001-01-01 00:00:00,,1.0,,,2017-12-21 11:46:49,2017-12-21 17:44:17
165138346981125,12,MEAZ,,"1,2,3,4",2001-01-01 00:00:00,,1.0,,,2017-12-21 11:46:49,2017-12-21 17:44:17
165138347981125,12,TRSE6,,"1,2,3,4",2001-01-01 00:00:00,,1.0,,,2017-12-21 11:46:49,2017-12-21 17:44:17
165138348981125,12,ELAEA,,"1,2,3,4",2001-01-01 00:00:00,,1.0,,,2017-12-21 11:46:49,2017-12-21 17:44:17
165138350981125,12,ELPU2,,"1,2,3,4",2001-01-01 00:00:00,,1.0,,,2017-12-21 11:46:49,2017-12-21 17:44:17
165138351981125,12,LIGUS2,,"1,2,3,4",2001-01-01 00:00:00,,1.0,,,2017-12-21 11:46:49,2017-12-21 17:44:17
165138352981125,12,LIJA,,"1,2,3,4",2001-01-01 00:00:00,,1.0,,,2017-12-21 11:46:49,2017-12-21 17:44:17
165138353981125,12,LONIC,,"1,2,3,4",2001-01-01 00:00:00,,1.0,,,2017-12-21 11:46:49,2017-12-21 17:44:17
165138354981125,12,NADO,,"1,2,3,4",2001-01-01 00:00:00,,1.0,,,2017-12-21 11:46:49,2017-12-21 17:44:17
165138355981125,12,ROSA5,,"1,2,3,4",2001-01-01 00:00:00,,1.0,,,2017-12-21 11:46:49,2017-12-21 17:44:17
165138356981125,12,CEOR7,,"1,2,3,4",2001-01-01 00:00:00,,1.0,,,2017-12-21 11:46:49,2017-12-21 17:44:17
165138357981125,12,DIOSC,,"1,2,3,4",2001-01-01 00:00:00,,1.0,,,2017-12-21 11:46:49,2017-12-21 17:44:17
165138358981125,12,EUFO5,,"1,2,3,4",2001-01-01 00:00:00,,1.0,,,2017-12-21 11:46:49,2017-12-21 17:44:17
165138359981125,12,LOJA,,"1,2,3,4",2001-01-01 00:00:00,,1.0,,,2017-12-21 11:46:49,2017-12-21 17:44:17
165138360981125,12,PUMOL,,"1,2,3,4",2001-01-01 00:00:00,,1.0,,,2017-12-21 11:46:49,2017-12-21 17:44:17
165138361981125,12,VINCA,,"1,2,3,4",2001-01-01 00:00:00,,1.0,,,2017-12-21 11:46:49,2017-12-21 17:44:17
165138362981125,12,WISTE,,"1,2,3,4",2001-01-01 00:00:00,,1.0,,,2017-12-21 11:46:49,2017-12-21 17:44:17
165138363981125,12,SCPH,,"1,2,3,4",2001-01-01 00:00:00,,1.0,,,2017-12-21 11:46:49,2017-12-21 17:44:17
165138364981125,12,IMCY,,"1,2,3,4",2001-01-01 00:00:00,,1.0,,,2017-12-21 11:46:49,2017-12-21 17:44:17
165138365981125,12,MIVI,,"1,2,3,4",2001-01-01 00:00:00,,1.0,,,2017-12-21 11:46:49,2017-12-21 17:44:17
165138366981125,12,MISI,,"1,2,3,4",2001-01-01 00:00:00,,1.0,,,2017-12-21 11:46:49,2017-12-21 17:44:17
165138367981125,12,BAMBU,,"1,2,3,4",2001-01-01 00:00:00,,1.0,,,2017-12-21 11:46:49,2017-12-21 17:44:17
165138368981125,12,LYJA,,"1,2,3,4",2001-01-01 00:00:00,,1.0,,,2017-12-21 11:46:49,2017-12-21 17:44:17
165138369981125,12,ALPE4,,"1,2,3,4",2001-01-01 00:00:00,,1.0,,,2017-12-21 11:46:49,2017-12-21 17:44:17
165138370981125,12,LESPE,,"1,2,3,4",2001-01-01 00:00:00,,1.0,,,2017-12-21 11:46:49,2017-12-21 17:44:17
165138371981125,12,LECU,,"1,2,3,4",2001-01-01 00:00:00,,1.0,,,2017-12-21 11:46:49,2017-12-21 17:44:17
165138372981125,12,BRPA4,,"1,2,3,4",2013-10-01 00:00:00,,6.0,,,2017-12-21 11:46:49,
165138373981125,12,FISI2,,"1,2,3,4",2013-10-01 00:00:00,,6.0,,,2017-12-21 11:46:49,
165138374981125,12,FRAL4,,"1,2,3,4",2013-10-01 00:00:00,,6.0,,,2017-12-21 11:46:49,
165138375981125,12,POTR4,,"1,2,3,4",2013-10-01 00:00:00,,6.0,,,2017-12-21 11:46:49,
165138376981125,12,PYCA80,,"1,2,3,4",2013-10-01 00:00:00,,6.0,,,2017-12-21 11:46:49,
165138377981125,12,TAMAR2,,"1,2,3,4",2013-10-01 00:00:00,,6.0,,,2017-12-21 11:46:49,
165138378981125,12,VEFO,,"1,2,3,4",2013-10-01 00:00:00,,6.0,,,2017-12-21 11:46:49,
165138379981125,12,BETH,,"1,2,3,4",2013-10-01 00:00:00,,6.0,,,2017-12-21 11:46:49,
165138380981125,12,MABE2,,"1,2,3,4",2013-10-01 00:00:00,,6.0,,,2017-12-21 11:46:49,
165138381981125,12,POCU6,,"1,2,3,4",2013-10-01 00:00:00,,6.0,,,2017-12-21 11:46:50,
165138382981125,12,SPJA,,"1,2,3,4",2013-10-01 00:00:00,,6.0,,,2017-12-21 11:46:50,
165138383981125,12,AKQU,,"1,2,3,4",2013-10-01 00:00:00,,6.0,,,2017-12-21 11:46:50,
165138384981125,13,AIAL,,"1,2,3,4,5",2001-01-01 00:00:00,,1.0,,,2017-12-21 11:46:50,2017-12-21 17:44:17
165138385981125,13,ALJU,,"1,2,3,4,5",2001-01-01 00:00:00,,1.0,,,2017-12-21 11:46:50,2017-12-21 17:44:17
165138386981125,13,PATO2,,"1,2,3,4,5",2001-01-01 00:00:00,,1.0,,,2017-12-21 11:46:50,2017-12-21 17:44:17
165138387981125,13,MEAZ,,"1,2,3,4,5",2001-01-01 00:00:00,,1.0,,,2017-12-21 11:46:50,2017-12-21 17:44:17
165138389981125,13,ELAEA,,"1,2,3,4,5",2001-01-01 00:00:00,,1.0,,,2017-12-21 11:46:50,2017-12-21 17:44:17
165138391981125,13,ELPU2,,"1,2,3,4,5",2001-01-01 00:00:00,,1.0,,,2017-12-21 11:46:50,2017-12-21 17:44:17
165138392981125,13,LIGUS2,,"1,2,3,4,5",2001-01-01 00:00:00,,1.0,,,2017-12-21 11:46:50,2017-12-21 17:44:17
165138394981125,13,LONIC,,"1,2,3,4,5",2001-01-01 00:00:00,,1.0,,,2017-12-21 11:46:50,2017-12-21 17:44:17
165138395981125,13,NADO,,"1,2,3,4,5",2001-01-01 00:00:00,,1.0,,,2017-12-21 11:46:50,2017-12-21 17:44:17
165138396981125,13,ROSA5,,"1,2,3,4,5",2001-01-01 00:00:00,,1.0,,,2017-12-21 11:46:50,2017-12-21 17:44:17
165138398981125,13,DIOSC,,"1,2,3,4,5",2001-01-01 00:00:00,,1.0,,,2017-12-21 11:46:50,2017-12-21 17:44:17
165138399981125,13,EUFO5,,"1,2,3,4,5",2001-01-01 00:00:00,,1.0,,,2017-12-21 11:46:50,2017-12-21 17:44:17
165138401981125,13,PUMOL,,"1,2,3,4,5",2001-01-01 00:00:00,,1.0,,,2017-12-21 11:46:50,2017-12-21 17:44:17
165138402981125,13,VINCA,,"1,2,3,4,5",2001-01-01 00:00:00,,1.0,,,2017-12-21 11:46:50,2017-12-21 17:44:17
165138403981125,13,WISTE,,"1,2,3,4,5",2001-01-01 00:00:00,,1.0,,,2017-12-21 11:46:50,2017-12-21 17:44:17
165138405981125,13,IMCY,,"1,2,3,4,5",2001-01-01 00:00:00,,1.0,,,2017-12-21 11:46:50,2017-12-21 17:44:17
165138406981125,13,MIVI,,"1,2,3,4,5",2001-01-01 00:00:00,,1.0,,,2017-12-21 11:46:50,2017-12-21 17:44:17
165138408981125,13,BAMBU,,"1,2,3,4,5",2001-01-01 00:00:00,,1.0,,,2017-12-21 11:46:50,2017-12-21 17:44:17
165138409981125,13,LYJA,,"1,2,3,4,5",2001-01-01 00:00:00,,1.0,,,2017-12-21 11:46:50,2017-12-21 17:44:17
165138410981125,13,ALPE4,,"1,2,3,4,5",2001-01-01 00:00:00,,1.0,,,2017-12-21 11:46:50,2017-12-21 17:44:17
165138412981125,13,LECU,,"1,2,3,4,5",2001-01-01 00:00:00,,1.0,,,2017-12-21 11:46:50,2017-12-21 17:44:17
165138413981125,13,BRPA4,,"1,2,3,4,5",2013-10-01 00:00:00,,6.0,,,2017-12-21 11:46:50,
165138414981125,13,FISI2,,"1,2,3,4,5",2013-10-01 00:00:00,,6.0,,,2017-12-21 11:46:50,
165138415981125,13,FRAL4,,"1,2,3,4,5",2013-10-01 00:00:00,,6.0,,,2017-12-21 11:46:50,
165138416981125,13,POTR4,,"1,2,3,4,5",2013-10-01 00:00:00,,6.0,,,2017-12-21 11:46:50,
165138417981125,13,PYCA80,,"1,2,3,4,5",2013-10-01 00:00:00,,6.0,,,2017-12-21 11:46:50,
165138418981125,13,TAMAR2,,"1,2,3,4,5",2013-10-01 00:00:00,,6.0,,,2017-12-21 11:46:50,
165138419981125,13,VEFO,,"1,2,3,4,5",2013-10-01 00:00:00,,6.0,,,2017-12-21 11:46:50,
165138420981125,13,BETH,,"1,2,3,4,5",2013-10-01 00:00:00,,6.0,,,2017-12-21 11:46:50,
165138421981125,13,MABE2,,"1,2,3,4,5",2013-10-01 00:00:00,,6.0,,,2017-12-21 11:46:50,
165138422981125,13,POCU6,,"1,2,3,4,5",2013-10-01 00:00:00,,6.0,,,2017-12-21 11:46:50,
165138423981125,13,SPJA,,"1,2,3,4,5",2013-10-01 00:00:00,,6.0,,,2017-12-21 11:46:50,
165138424981125,13,AKQU,,"1,2,3,4,5",2013-10-01 00:00:00,,6.0,,,2017-12-21 11:46:50,
165138425981125,21,AIAL,,"1,2,3,4,5,6,7",2001-01-01 00:00:00,,1.0,,,2017-12-21 11:46:50,2017-12-21 17:44:17
165138426981125,21,ALJU,,"1,2,3,4,5,6,7",2001-01-01 00:00:00,,1.0,,,2017-12-21 11:46:50,2017-12-21 17:44:17
165138428981125,21,MEAZ,,"1,2,3,4,5,6,7",2001-01-01 00:00:00,,1.0,,,2017-12-21 11:46:50,2017-12-21 17:44:17
165138429981125,21,TRSE6,,"1,2,3,4,5,6,7",2001-01-01 00:00:00,,1.0,,,2017-12-21 11:46:50,2017-12-21 17:44:17
165138585981125,37,MABE2,,"1,2,3,4",2013-10-01 00:00:00,,6.0,,,2017-12-21 11:46:52,
165138586981125,37,POCU6,,"1,2,3,4",2013-10-01 00:00:00,,6.0,,,2017-12-21 11:46:52,
165138587981125,37,SPJA,,"1,2,3,4",2013-10-01 00:00:00,,6.0,,,2017-12-21 11:46:52,
165138588981125,37,AKQU,,"1,2,3,4",2013-10-01 00:00:00,,6.0,,,2017-12-21 11:46:52,
165138590981125,40,ALJU,,"1,2,3,4,5,6,7",2001-01-01 00:00:00,,1.0,,,2017-12-21 11:46:52,2017-12-21 17:44:17
165138591981125,40,PATO2,,"1,2,3,4,5,6,7",2001-01-01 00:00:00,,1.0,,,2017-12-21 11:46:52,2017-12-21 17:44:17
165138592981125,40,MEAZ,,"1,2,3,4,5,6,7",2001-01-01 00:00:00,,1.0,,,2017-12-21 11:46:52,2017-12-21 17:44:17
165138594981125,40,ELAEA,,"1,2,3,4,5,6,7",2001-01-01 00:00:00,,1.0,,,2017-12-21 11:46:52,2017-12-21 17:44:17
165138596981125,40,ELPU2,,"1,2,3,4,5,6,7",2001-01-01 00:00:00,,1.0,,,2017-12-21 11:46:52,2017-12-21 17:44:17
165138598981125,40,LIJA,,"1,2,3,4,5,6,7",2001-01-01 00:00:00,,1.0,,,2017-12-21 11:46:52,2017-12-21 17:44:17
165138599981125,40,LONIC,,"1,2,3,4,5,6,7",2001-01-01 00:00:00,,1.0,,,2017-12-21 11:46:52,2017-12-21 17:44:17
165138600981125,40,NADO,,"1,2,3,4,5,6,7",2001-01-01 00:00:00,,1.0,,,2017-12-21 11:46:52,2017-12-21 17:44:17
165138602981125,40,CEOR7,,"1,2,3,4,5,6,7",2001-01-01 00:00:00,,1.0,,,2017-12-21 11:46:52,2017-12-21 17:44:17
165138603981125,40,DIOSC,,"1,2,3,4,5,6,7",2001-01-01 00:00:00,,1.0,,,2017-12-21 11:46:52,2017-12-21 17:44:17
165138604981125,40,EUFO5,,"1,2,3,4,5,6,7",2001-01-01 00:00:00,,1.0,,,2017-12-21 11:46:52,2017-12-21 17:44:17
165138606981125,40,PUMOL,,"1,2,3,4,5,6,7",2001-01-01 00:00:00,,1.0,,,2017-12-21 11:46:52,2017-12-21 17:44:17
165138607981125,40,VINCA,,"1,2,3,4,5,6,7",2001-01-01 00:00:00,,1.0,,,2017-12-21 11:46:52,2017-12-21 17:44:17
165138608981125,40,WISTE,,"1,2,3,4,5,6,7",2001-01-01 00:00:00,,1.0,,,2017-12-21 11:46:52,2017-12-21 17:44:17
165138610981125,40,IMCY,,"1,2,3,4,5,6,7",2001-01-01 00:00:00,,1.0,,,2017-12-21 11:46:52,2017-12-21 17:44:17
165138484981125,22,VINCA,,"1,2,3,4,5",2001-01-01 00:00:00,,1.0,,,2017-12-21 11:46:51,2017-12-21 17:44:17
165138485981125,22,WISTE,,"1,2,3,4,5",2001-01-01 00:00:00,,1.0,,,2017-12-21 11:46:51,2017-12-21 17:44:17
165138486981125,22,SCPH,,"1,2,3,4,5",2001-01-01 00:00:00,,1.0,,,2017-12-21 11:46:51,2017-12-21 17:44:17
165138487981125,22,IMCY,,"1,2,3,4,5",2001-01-01 00:00:00,,1.0,,,2017-12-21 11:46:51,2017-12-21 17:44:17
165138488981125,22,MIVI,,"1,2,3,4,5",2001-01-01 00:00:00,,1.0,,,2017-12-21 11:46:51,2017-12-21 17:44:17
165138489981125,22,MISI,,"1,2,3,4,5",2001-01-01 00:00:00,,1.0,,,2017-12-21 11:46:51,2017-12-21 17:44:17
165138490981125,22,BAMBU,,"1,2,3,4,5",2001-01-01 00:00:00,,1.0,,,2017-12-21 11:46:51,2017-12-21 17:44:17
165138491981125,22,LYJA,,"1,2,3,4,5",2001-01-01 00:00:00,,1.0,,,2017-12-21 11:46:51,2017-12-21 17:44:17
165138492981125,22,ALPE4,,"1,2,3,4,5",2001-01-01 00:00:00,,1.0,,,2017-12-21 11:46:51,2017-12-21 17:44:17
165138493981125,22,LESPE,,"1,2,3,4,5",2001-01-01 00:00:00,,1.0,,,2017-12-21 11:46:51,2017-12-21 17:44:17
165138494981125,22,LECU,,"1,2,3,4,5",2001-01-01 00:00:00,,1.0,,,2017-12-21 11:46:51,2017-12-21 17:44:17
165138495981125,22,BRPA4,,"1,2,3,4,5",2013-10-01 00:00:00,,6.0,,,2017-12-21 11:46:51,
165138496981125,22,FISI2,,"1,2,3,4,5",2013-10-01 00:00:00,,6.0,,,2017-12-21 11:46:51,
165138497981125,22,FRAL4,,"1,2,3,4,5",2013-10-01 00:00:00,,6.0,,,2017-12-21 11:46:51,
165138498981125,22,POTR4,,"1,2,3,4,5",2013-10-01 00:00:00,,6.0,,,2017-12-21 11:46:51,
165138499981125,22,PYCA80,,"1,2,3,4,5",2013-10-01 00:00:00,,6.0,,,2017-12-21 11:46:51,
165138500981125,22,TAMAR2,,"1,2,3,4,5",2013-10-01 00:00:00,,6.0,,,2017-12-21 11:46:51,
165138501981125,22,VEFO,,"1,2,3,4,5",2013-10-01 00:00:00,,6.0,,,2017-12-21 11:46:51,
165138502981125,22,BETH,,"1,2,3,4,5",2013-10-01 00:00:00,,6.0,,,2017-12-21 11:46:51,
165138503981125,22,MABE2,,"1,2,3,4,5",2013-10-01 00:00:00,,6.0,,,2017-12-21 11:46:51,
165138504981125,22,POCU6,,"1,2,3,4,5",2013-10-01 00:00:00,,6.0,,,2017-12-21 11:46:51,
165138505981125,22,SPJA,,"1,2,3,4,5",2013-10-01 00:00:00,,6.0,,,2017-12-21 11:46:51,
165138506981125,22,AKQU,,"1,2,3,4,5",2013-10-01 00:00:00,,6.0,,,2017-12-21 11:46:51,
165138507981125,28,AIAL,,"1,2,3,4,5",2001-01-01 00:00:00,,1.0,,,2017-12-21 11:46:51,2017-12-21 17:44:17
165138508981125,28,ALJU,,"1,2,3,4,5",2001-01-01 00:00:00,,1.0,,,2017-12-21 11:46:51,2017-12-21 17:44:17
165138509981125,28,PATO2,,"1,2,3,4,5",2001-01-01 00:00:00,,1.0,,,2017-12-21 11:46:51,2017-12-21 17:44:17
165138510981125,28,MEAZ,,"1,2,3,4,5",2001-01-01 00:00:00,,1.0,,,2017-12-21 11:46:51,2017-12-21 17:44:17
165138511981125,28,TRSE6,,"1,2,3,4,5",2001-01-01 00:00:00,,1.0,,,2017-12-21 11:46:51,2017-12-21 17:44:17
165138512981125,28,ELAEA,,"1,2,3,4,5",2001-01-01 00:00:00,,1.0,,,2017-12-21 11:46:51,2017-12-21 17:44:17
165138514981125,28,ELPU2,,"1,2,3,4,5",2001-01-01 00:00:00,,1.0,,,2017-12-21 11:46:51,2017-12-21 17:44:17
165138515981125,28,LIGUS2,,"1,2,3,4,5",2001-01-01 00:00:00,,1.0,,,2017-12-21 11:46:51,2017-12-21 17:44:17
165138516981125,28,LIJA,,"1,2,3,4,5",2001-01-01 00:00:00,,1.0,,,2017-12-21 11:46:51,2017-12-21 17:44:17
165138517981125,28,LONIC,,"1,2,3,4,5",2001-01-01 00:00:00,,1.0,,,2017-12-21 11:46:51,2017-12-21 17:44:17
165138518981125,28,NADO,,"1,2,3,4,5",2001-01-01 00:00:00,,1.0,,,2017-12-21 11:46:51,2017-12-21 17:44:17
165138519981125,28,ROSA5,,"1,2,3,4,5",2001-01-01 00:00:00,,1.0,,,2017-12-21 11:46:51,2017-12-21 17:44:17
165138520981125,28,CEOR7,,"1,2,3,4,5",2001-01-01 00:00:00,,1.0,,,2017-12-21 11:46:51,2017-12-21 17:44:17
165138521981125,28,DIOSC,,"1,2,3,4,5",2001-01-01 00:00:00,,1.0,,,2017-12-21 11:46:51,2017-12-21 17:44:17
165138522981125,28,EUFO5,,"1,2,3,4,5",2001-01-01 00:00:00,,1.0,,,2017-12-21 11:46:51,2017-12-21 17:44:17
165138523981125,28,LOJA,,"1,2,3,4,5",2001-01-01 00:00:00,,1.0,,,2017-12-21 11:46:51,2017-12-21 17:44:17
165138524981125,28,PUMOL,,"1,2,3,4,5",2001-01-01 00:00:00,,1.0,,,2017-12-21 11:46:51,2017-12-21 17:44:17
165138525981125,28,VINCA,,"1,2,3,4,5",2001-01-01 00:00:00,,1.0,,,2017-12-21 11:46:51,2017-12-21 17:44:17
165138526981125,28,WISTE,,"1,2,3,4,5",2001-01-01 00:00:00,,1.0,,,2017-12-21 11:46:51,2017-12-21 17:44:17
