CN,PLT_CN,INVYR,STATECD,UNITCD,COUNTYCD,PLOT,SUBP,CONDID,VEG_FLDSPCD,UNIQUE_SP_NBR,VEG_SPCD,COVER_PCT,CREATED_DATE,MODIFIED_DATE,CYCLE,SUBCYCLE
1841463503290487,1287838349290487,2024,54,2,33,3590.0,2.0,1,ELUM,1,ELUM,45,2025-04-21 10:30:25,,9,4
1841463504290487,1287838349290487,2024,54,2,33,3590.0,3.0,1,ELUM,1,ELUM,20,2025-04-21 10:30:25,,9,4
1841463505290487,1287838349290487,2024,54,2,33,3590.0,4.0,1,ELUM,1,ELUM,33,2025-04-21 10:30:25,,9,4
1841463506290487,1287838349290487,2024,54,2,33,3590.0,3.0,1,LOJA,1,LOJA,1,2025-04-21 10:30:25,,9,4
1841463507290487,1287838349290487,2024,54,2,33,3590.0,4.0,1,LOJA,1,LOJA,1,2025-04-21 10:30:25,,9,4
1841463508290487,1287838349290487,2024,54,2,33,3590.0,1.0,1,MIVI,1,MIVI,1,2025-04-21 10:30:25,,9,4
1841463509290487,1287838349290487,2024,54,2,33,3590.0,2.0,1,MIVI,1,MIVI,55,2025-04-21 10:30:25,,9,4
1841463510290487,1287838349290487,2024,54,2,33,3590.0,3.0,1,MIVI,1,MIVI,1,2025-04-21 10:30:25,,9,4
1841463511290487,1287838349290487,2024,54,2,33,3590.0,4.0,1,MIVI,1,MIVI,1,2025-04-21 10:30:25,,9,4
1841463512290487,1287838349290487,2024,54,2,33,3590.0,1.0,1,ROMU,1,ROMU,5,2025-04-21 10:30:25,,9,4
1841463513290487,1287838349290487,2024,54,2,33,3590.0,2.0,1,ROMU,1,ROMU,4,2025-04-21 10:30:25,,9,4
1841463514290487,1287838349290487,2024,54,2,33,3590.0,3.0,1,ROMU,1,ROMU,15,2025-04-21 10:30:25,,9,4
1841463515290487,1287838349290487,2024,54,2,33,3590.0,4.0,1,ROMU,1,ROMU,10,2025-04-21 10:30:25,,9,4
1841463516290487,1287838349290487,2024,54,2,33,3590.0,2.0,1,ROPS,1,ROPS,40,2025-04-21 10:30:25,,9,4
1841463936290487,1287838615290487,2024,54,4,35,1005.0,4.0,1,AIAL,1,AIAL,6,2025-04-21 10:30:26,,9,4
1841463937290487,1287838615290487,2024,54,4,35,1005.0,1.0,1,BEVU,1,BEVU,1,2025-04-21 10:30:26,,9,4
1841463938290487,1287838615290487,2024,54,4,35,1005.0,1.0,1,ELUM,1,ELUM,1,2025-04-21 10:30:26,,9,4
1841463939290487,1287838615290487,2024,54,4,35,1005.0,1.0,1,MIVI,1,MIVI,3,2025-04-21 10:30:26,,9,4
1841463940290487,1287838615290487,2024,54,4,35,1005.0,2.0,1,MIVI,1,MIVI,70,2025-04-21 10:30:26,,9,4
1841463941290487,1287838615290487,2024,54,4,35,1005.0,3.0,1,MIVI,1,MIVI,50,2025-04-21 10:30:26,,9,4
1841463942290487,1287838615290487,2024,54,4,35,1005.0,4.0,1,MIVI,1,MIVI,70,2025-04-21 10:30:26,,9,4
1841463943290487,1287838615290487,2024,54,4,35,1005.0,1.0,1,ROMU,1,ROMU,1,2025-04-21 10:30:26,,9,4
1841463944290487,1287838615290487,2024,54,4,35,1005.0,2.0,1,ROMU,1,ROMU,2,2025-04-21 10:30:26,,9,4
1841463945290487,1287838615290487,2024,54,4,35,1005.0,3.0,1,ROMU,1,ROMU,1,2025-04-21 10:30:26,,9,4
1841463946290487,1287838615290487,2024,54,4,35,1005.0,4.0,1,ROMU,1,ROMU,1,2025-04-21 10:30:26,,9,4
1841465165290487,1287838350290487,2024,54,3,81,2239.0,1.0,1,LONIC,1,LONIC,1,2025-04-21 10:30:29,,9,4
1841465166290487,1287838350290487,2024,54,3,81,2239.0,1.0,1,MIVI,1,MIVI,3,2025-04-21 10:30:29,,9,4
1841463686290487,1287838408290487,2024,54,3,25,1520.0,1.0,1,ROPS,1,ROPS,7,2025-04-21 10:30:25,,9,4
1841463687290487,1287838408290487,2024,54,3,25,1520.0,4.0,1,ROPS,1,ROPS,4,2025-04-21 10:30:25,,9,4
1841466354290487,1287838706290487,2024,54,2,27,48.0,1.0,1,MIVI,1,MIVI,80,2025-04-21 10:30:34,,9,4
1841466355290487,1287838706290487,2024,54,2,27,48.0,2.0,1,MIVI,1,MIVI,65,2025-04-21 10:30:34,,9,4
1841466356290487,1287838706290487,2024,54,2,27,48.0,3.0,1,MIVI,1,MIVI,11,2025-04-21 10:30:34,,9,4
1841466357290487,1287838706290487,2024,54,2,27,48.0,4.0,1,MIVI,1,MIVI,45,2025-04-21 10:30:34,,9,4
1841466358290487,1287838706290487,2024,54,2,27,48.0,3.0,1,ROMU,1,ROMU,2,2025-04-21 10:30:34,,9,4
1841466359290487,1287838706290487,2024,54,2,27,48.0,4.0,1,ROMU,1,ROMU,1,2025-04-21 10:30:34,,9,4
1841466360290487,1287838706290487,2024,54,2,27,48.0,1.0,1,ROPS,1,ROPS,3,2025-04-21 10:30:34,,9,4
1841466361290487,1287838706290487,2024,54,2,27,48.0,3.0,1,ROPS,1,ROPS,2,2025-04-21 10:30:34,,9,4
1841466345290487,1287838706290487,2024,54,2,27,48.0,1.0,1,AIAL,1,AIAL,1,2025-04-21 10:30:34,,9,4
1841466346290487,1287838706290487,2024,54,2,27,48.0,2.0,1,AIAL,1,AIAL,7,2025-04-21 10:30:34,,9,4
1841466347290487,1287838706290487,2024,54,2,27,48.0,1.0,1,ALPE4,1,ALPE4,2,2025-04-21 10:30:34,,9,4
1841466348290487,1287838706290487,2024,54,2,27,48.0,2.0,1,ALPE4,1,ALPE4,2,2025-04-21 10:30:34,,9,4
1841466349290487,1287838706290487,2024,54,2,27,48.0,3.0,1,ALPE4,1,ALPE4,1,2025-04-21 10:30:34,,9,4
1841466350290487,1287838706290487,2024,54,2,27,48.0,4.0,1,ALPE4,1,ALPE4,1,2025-04-21 10:30:34,,9,4
1841466351290487,1287838706290487,2024,54,2,27,48.0,2.0,1,BETH,1,BETH,3,2025-04-21 10:30:34,,9,4
1841466352290487,1287838706290487,2024,54,2,27,48.0,3.0,1,BETH,1,BETH,11,2025-04-21 10:30:34,,9,4
1841466353290487,1287838706290487,2024,54,2,27,48.0,4.0,1,BETH,1,BETH,2,2025-04-21 10:30:34,,9,4
1841464169290487,1287838351290487,2024,54,4,17,2157.0,1.0,1,BETH,1,BETH,1,2025-04-21 10:30:27,,9,4
1841464170290487,1287838351290487,2024,54,4,17,2157.0,2.0,1,BETH,1,BETH,20,2025-04-21 10:30:27,,9,4
1841464171290487,1287838351290487,2024,54,4,17,2157.0,3.0,1,BETH,1,BETH,1,2025-04-21 10:30:27,,9,4
1841464172290487,1287838351290487,2024,54,4,17,2157.0,4.0,1,BETH,1,BETH,1,2025-04-21 10:30:27,,9,4
1841464173290487,1287838351290487,2024,54,4,17,2157.0,4.0,2,BETH,1,BETH,1,2025-04-21 10:30:27,,9,4
1841464174290487,1287838351290487,2024,54,4,17,2157.0,2.0,1,CEOR7,1,CEOR7,20,2025-04-21 10:30:27,,9,4
1841464175290487,1287838351290487,2024,54,4,17,2157.0,4.0,1,CEOR7,1,CEOR7,4,2025-04-21 10:30:27,,9,4
1841464176290487,1287838351290487,2024,54,4,17,2157.0,4.0,2,CEOR7,1,CEOR7,1,2025-04-21 10:30:27,,9,4
1841464177290487,1287838351290487,2024,54,4,17,2157.0,2.0,1,ELUM,1,ELUM,1,2025-04-21 10:30:27,,9,4
1841464178290487,1287838351290487,2024,54,4,17,2157.0,4.0,2,ELUM,1,ELUM,1,2025-04-21 10:30:27,,9,4
1841464179290487,1287838351290487,2024,54,4,17,2157.0,1.0,1,LIVU,1,LIVU,1,2025-04-21 10:30:27,,9,4
1841464180290487,1287838351290487,2024,54,4,17,2157.0,4.0,2,LIVU,1,LIVU,1,2025-04-21 10:30:27,,9,4
1841464181290487,1287838351290487,2024,54,4,17,2157.0,2.0,1,LONIC,1,LONIC,2,2025-04-21 10:30:27,,9,4
1841464182290487,1287838351290487,2024,54,4,17,2157.0,4.0,1,LONIC,1,LONIC,1,2025-04-21 10:30:27,,9,4
1841464183290487,1287838351290487,2024,54,4,17,2157.0,4.0,2,LONIC,1,LONIC,1,2025-04-21 10:30:27,,9,4
1841464184290487,1287838351290487,2024,54,4,17,2157.0,1.0,1,MIVI,1,MIVI,5,2025-04-21 10:30:27,,9,4
1841464185290487,1287838351290487,2024,54,4,17,2157.0,2.0,1,MIVI,1,MIVI,45,2025-04-21 10:30:27,,9,4
1841464186290487,1287838351290487,2024,54,4,17,2157.0,3.0,1,MIVI,1,MIVI,3,2025-04-21 10:30:27,,9,4
1841464187290487,1287838351290487,2024,54,4,17,2157.0,4.0,1,MIVI,1,MIVI,3,2025-04-21 10:30:27,,9,4
1841464188290487,1287838351290487,2024,54,4,17,2157.0,4.0,2,MIVI,1,MIVI,4,2025-04-21 10:30:27,,9,4
1841464189290487,1287838351290487,2024,54,4,17,2157.0,1.0,1,ROMU,1,ROMU,1,2025-04-21 10:30:27,,9,4
1841464190290487,1287838351290487,2024,54,4,17,2157.0,2.0,1,ROMU,1,ROMU,20,2025-04-21 10:30:27,,9,4
1841464191290487,1287838351290487,2024,54,4,17,2157.0,3.0,1,ROMU,1,ROMU,1,2025-04-21 10:30:27,,9,4
1841464192290487,1287838351290487,2024,54,4,17,2157.0,4.0,1,ROMU,1,ROMU,1,2025-04-21 10:30:27,,9,4
1841464193290487,1287838351290487,2024,54,4,17,2157.0,4.0,2,ROMU,1,ROMU,1,2025-04-21 10:30:27,,9,4
1841464398290487,1287838358290487,2024,54,4,79,337.0,1.0,1,CEOR7,1,CEOR7,1,2025-04-21 10:30:27,,9,4
1841464399290487,1287838358290487,2024,54,4,79,337.0,3.0,1,CEOR7,1,CEOR7,5,2025-04-21 10:30:27,,9,4
1841464400290487,1287838358290487,2024,54,4,79,337.0,1.0,1,ELUM,1,ELUM,7,2025-04-21 10:30:27,,9,4
1841464401290487,1287838358290487,2024,54,4,79,337.0,3.0,1,ELUM,1,ELUM,5,2025-04-21 10:30:27,,9,4
1841464402290487,1287838358290487,2024,54,4,79,337.0,1.0,1,LOJA,1,LOJA,3,2025-04-21 10:30:27,,9,4
1841464403290487,1287838358290487,2024,54,4,79,337.0,3.0,1,LOJA,1,LOJA,12,2025-04-21 10:30:27,,9,4
1841464404290487,1287838358290487,2024,54,4,79,337.0,1.0,1,LONIC,1,LONIC,2,2025-04-21 10:30:27,,9,4
1841464405290487,1287838358290487,2024,54,4,79,337.0,2.0,1,LONIC,1,LONIC,1,2025-04-21 10:30:27,,9,4
1841464406290487,1287838358290487,2024,54,4,79,337.0,3.0,1,LONIC,1,LONIC,4,2025-04-21 10:30:27,,9,4
1841464407290487,1287838358290487,2024,54,4,79,337.0,2.0,1,MIVI,1,MIVI,50,2025-04-21 10:30:27,,9,4
1841464408290487,1287838358290487,2024,54,4,79,337.0,3.0,1,MIVI,1,MIVI,1,2025-04-21 10:30:27,,9,4
1841464409290487,1287838358290487,2024,54,4,79,337.0,1.0,1,ROMU,1,ROMU,6,2025-04-21 10:30:27,,9,4
1841464410290487,1287838358290487,2024,54,4,79,337.0,2.0,1,ROMU,1,ROMU,10,2025-04-21 10:30:27,,9,4
1841464411290487,1287838358290487,2024,54,4,79,337.0,3.0,1,ROMU,1,ROMU,22,2025-04-21 10:30:27,,9,4
1841468781290487,1287838494290487,2024,54,3,39,1127.0,2.0,2,MIVI,1,MIVI,10,2025-04-21 10:30:40,,9,4
1841468782290487,1287838494290487,2024,54,3,39,1127.0,2.0,2,ROPS,1,ROPS,2,2025-04-21 10:30:40,,9,4
1841467172290487,1287838638290487,2024,54,3,19,898.0,3.0,1,ROMU,1,ROMU,3,2025-04-21 10:30:36,,9,4
1841467173290487,1287838638290487,2024,54,3,19,898.0,3.0,2,ROMU,1,ROMU,1,2025-04-21 10:30:36,,9,4
1841467175290487,1287838638290487,2024,54,3,19,898.0,2.0,1,ROPS,1,ROPS,2,2025-04-21 10:30:36,,9,4
1841467176290487,1287838638290487,2024,54,3,19,898.0,3.0,1,ROPS,1,ROPS,3,2025-04-21 10:30:36,,9,4
1841467177290487,1287838638290487,2024,54,3,19,898.0,3.0,2,ROPS,1,ROPS,2,2025-04-21 10:30:36,,9,4
1841467178290487,1287838638290487,2024,54,3,19,898.0,4.0,1,ROPS,1,ROPS,7,2025-04-21 10:30:36,,9,4
1841467348290487,1287838641290487,2024,54,3,81,1666.0,4.0,1,MIVI,1,MIVI,1,2025-04-21 10:30:36,,9,4
1841467774290487,1287838380290487,2024,54,4,49,1963.0,1.0,1,ALPE4,1,ALPE4,1,2025-04-21 10:30:37,,9,4
1841467775290487,1287838380290487,2024,54,4,49,1963.0,3.0,1,ALPE4,1,ALPE4,1,2025-04-21 10:30:37,,9,4
1841467776290487,1287838380290487,2024,54,4,49,1963.0,4.0,1,ALPE4,1,ALPE4,1,2025-04-21 10:30:37,,9,4
1841467777290487,1287838380290487,2024,54,4,49,1963.0,1.0,1,BETH,1,BETH,3,2025-04-21 10:30:37,,9,4
1841467778290487,1287838380290487,2024,54,4,49,1963.0,2.0,1,BETH,1,BETH,2,2025-04-21 10:30:37,,9,4
1841467779290487,1287838380290487,2024,54,4,49,1963.0,3.0,1,BETH,1,BETH,2,2025-04-21 10:30:37,,9,4
1841467780290487,1287838380290487,2024,54,4,49,1963.0,4.0,1,BETH,1,BETH,12,2025-04-21 10:30:37,,9,4
1841467781290487,1287838380290487,2024,54,4,49,1963.0,1.0,1,CEOR7,1,CEOR7,3,2025-04-21 10:30:37,,9,4
1841467782290487,1287838380290487,2024,54,4,49,1963.0,2.0,1,CEOR7,1,CEOR7,40,2025-04-21 10:30:37,,9,4
1841467783290487,1287838380290487,2024,54,4,49,1963.0,4.0,1,CEOR7,1,CEOR7,10,2025-04-21 10:30:37,,9,4
1841467784290487,1287838380290487,2024,54,4,49,1963.0,1.0,1,LIVU,1,LIVU,50,2025-04-21 10:30:37,,9,4
1841467785290487,1287838380290487,2024,54,4,49,1963.0,2.0,1,LIVU,1,LIVU,2,2025-04-21 10:30:37,,9,4
1841467786290487,1287838380290487,2024,54,4,49,1963.0,3.0,1,LIVU,1,LIVU,1,2025-04-21 10:30:37,,9,4
1841467787290487,1287838380290487,2024,54,4,49,1963.0,4.0,1,LIVU,1,LIVU,7,2025-04-21 10:30:37,,9,4
1841467788290487,1287838380290487,2024,54,4,49,1963.0,1.0,1,MIVI,1,MIVI,10,2025-04-21 10:30:37,,9,4
1841467789290487,1287838380290487,2024,54,4,49,1963.0,2.0,1,MIVI,1,MIVI,15,2025-04-21 10:30:37,,9,4
1841467790290487,1287838380290487,2024,54,4,49,1963.0,4.0,1,MIVI,1,MIVI,5,2025-04-21 10:30:37,,9,4
1841467791290487,1287838380290487,2024,54,4,49,1963.0,1.0,1,ROMU,1,ROMU,2,2025-04-21 10:30:37,,9,4
1841467792290487,1287838380290487,2024,54,4,49,1963.0,2.0,1,ROMU,1,ROMU,1,2025-04-21 10:30:37,,9,4
1841467793290487,1287838380290487,2024,54,4,49,1963.0,4.0,1,ROMU,1,ROMU,2,2025-04-21 10:30:37,,9,4
1841467507290487,1287838657290487,2024,54,3,55,2287.0,3.0,2,BETH,1,BETH,1,2025-04-21 10:30:36,,9,4
1841467508290487,1287838657290487,2024,54,3,55,2287.0,4.0,1,BETH,1,BETH,1,2025-04-21 10:30:36,,9,4
1841463501290487,1287838349290487,2024,54,2,33,3590.0,4.0,1,CEOR7,1,CEOR7,2,2025-04-21 10:30:25,,9,4
1841463502290487,1287838349290487,2024,54,2,33,3590.0,1.0,1,ELUM,1,ELUM,14,2025-04-21 10:30:25,,9,4
1841467509290487,1287838657290487,2024,54,3,55,2287.0,1.0,1,ELUM,1,ELUM,10,2025-04-21 10:30:36,,9,4
1841467510290487,1287838657290487,2024,54,3,55,2287.0,2.0,1,ELUM,1,ELUM,2,2025-04-21 10:30:36,,9,4
1841467511290487,1287838657290487,2024,54,3,55,2287.0,3.0,2,ELUM,1,ELUM,1,2025-04-21 10:30:36,,9,4
1841467512290487,1287838657290487,2024,54,3,55,2287.0,4.0,1,ELUM,1,ELUM,2,2025-04-21 10:30:36,,9,4
1841467513290487,1287838657290487,2024,54,3,55,2287.0,1.0,1,LONIC,1,LONIC,1,2025-04-21 10:30:36,,9,4
1841467514290487,1287838657290487,2024,54,3,55,2287.0,1.0,1,ROMU,1,ROMU,3,2025-04-21 10:30:36,,9,4
1841467515290487,1287838657290487,2024,54,3,55,2287.0,2.0,1,ROMU,1,ROMU,1,2025-04-21 10:30:36,,9,4
1841467516290487,1287838657290487,2024,54,3,55,2287.0,3.0,2,ROMU,1,ROMU,3,2025-04-21 10:30:36,,9,4
1841467517290487,1287838657290487,2024,54,3,55,2287.0,4.0,1,ROMU,1,ROMU,5,2025-04-21 10:30:36,,9,4
1841466567290487,1287838362290487,2024,54,4,85,347.0,2.0,1,AIAL,1,AIAL,3,2025-04-21 10:30:34,,9,4
1841466568290487,1287838362290487,2024,54,4,85,347.0,1.0,1,MIVI,1,MIVI,1,2025-04-21 10:30:34,,9,4
1841466569290487,1287838362290487,2024,54,4,85,347.0,2.0,1,MIVI,1,MIVI,45,2025-04-21 10:30:34,,9,4
1841466570290487,1287838362290487,2024,54,4,85,347.0,1.0,1,ROMU,1,ROMU,1,2025-04-21 10:30:34,,9,4
1841466571290487,1287838362290487,2024,54,4,85,347.0,2.0,1,ROMU,1,ROMU,1,2025-04-21 10:30:34,,9,4
1841466730290487,1287838377290487,2024,54,2,75,202.0,2.0,1,ROPS,1,ROPS,1,2025-04-21 10:30:34,,9,4
1841466731290487,1287838377290487,2024,54,2,75,202.0,3.0,1,ROPS,1,ROPS,2,2025-04-21 10:30:34,,9,4
1841467975290487,1287838470290487,2024,54,2,71,822.0,2.0,1,AIAL,1,AIAL,1,2025-04-21 10:30:38,,9,4
1841467976290487,1287838470290487,2024,54,2,71,822.0,1.0,1,ALPE4,1,ALPE4,1,2025-04-21 10:30:38,,9,4
1841467977290487,1287838470290487,2024,54,2,71,822.0,2.0,1,ALPE4,1,ALPE4,2,2025-04-21 10:30:38,,9,4
1841467978290487,1287838470290487,2024,54,2,71,822.0,3.0,2,ALPE4,1,ALPE4,2,2025-04-21 10:30:38,,9,4
1841467979290487,1287838470290487,2024,54,2,71,822.0,4.0,1,ALPE4,1,ALPE4,5,2025-04-21 10:30:38,,9,4
1841468393290487,1287838725290487,2024,54,2,101,2253.0,3.0,1,MIVI,1,MIVI,4,2025-04-21 10:30:39,,9,4
1841468589290487,1287838427290487,2024,54,3,25,268.0,2.0,1,ROMU,1,ROMU,1,2025-04-21 10:30:40,,9,4
1841468590290487,1287838427290487,2024,54,3,25,268.0,2.0,1,ROPS,1,ROPS,3,2025-04-21 10:30:40,,9,4
1841468591290487,1287838427290487,2024,54,3,25,268.0,4.0,1,ROPS,1,ROPS,5,2025-04-21 10:30:40,,9,4
1841464545290487,1287838411290487,2024,54,3,81,1197.0,1.0,1,AIAL,1,AIAL,15,2025-04-21 10:30:28,,9,4
1841464546290487,1287838411290487,2024,54,3,81,1197.0,2.0,1,AIAL,1,AIAL,7,2025-04-21 10:30:28,,9,4
1841464547290487,1287838411290487,2024,54,3,81,1197.0,3.0,1,AIAL,1,AIAL,1,2025-04-21 10:30:28,,9,4
1841464548290487,1287838411290487,2024,54,3,81,1197.0,4.0,1,AIAL,1,AIAL,10,2025-04-21 10:30:28,,9,4
1841464549290487,1287838411290487,2024,54,3,81,1197.0,2.0,1,ELUM,1,ELUM,5,2025-04-21 10:30:28,,9,4
1841464550290487,1287838411290487,2024,54,3,81,1197.0,4.0,1,ELUM,1,ELUM,7,2025-04-21 10:30:28,,9,4
1841464551290487,1287838411290487,2024,54,3,81,1197.0,2.0,1,LOMO2,1,LOMO2,1,2025-04-21 10:30:28,,9,4
1841464552290487,1287838411290487,2024,54,3,81,1197.0,4.0,1,PATO2,1,PATO2,15,2025-04-21 10:30:28,,9,4
1841464553290487,1287838411290487,2024,54,3,81,1197.0,1.0,1,ROMU,1,ROMU,1,2025-04-21 10:30:28,,9,4
1841464554290487,1287838411290487,2024,54,3,81,1197.0,2.0,1,ROMU,1,ROMU,1,2025-04-21 10:30:28,,9,4
1841464555290487,1287838411290487,2024,54,3,81,1197.0,4.0,1,ROMU,1,ROMU,1,2025-04-21 10:30:28,,9,4
1841464556290487,1287838411290487,2024,54,3,81,1197.0,2.0,1,ROPS,1,ROPS,3,2025-04-21 10:30:28,,9,4
1841464921290487,1287838595290487,2024,54,2,57,102.0,1.0,1,BETH,1,BETH,1,2025-04-21 10:30:29,,9,4
1841464922290487,1287838595290487,2024,54,2,57,102.0,2.0,1,BETH,1,BETH,2,2025-04-21 10:30:29,,9,4
1841464923290487,1287838595290487,2024,54,2,57,102.0,4.0,1,BETH,1,BETH,1,2025-04-21 10:30:29,,9,4
1841464924290487,1287838595290487,2024,54,2,57,102.0,2.0,1,ELUM,1,ELUM,2,2025-04-21 10:30:29,,9,4
1841464925290487,1287838595290487,2024,54,2,57,102.0,4.0,1,LONIC,1,LONIC,1,2025-04-21 10:30:29,,9,4
1841464926290487,1287838595290487,2024,54,2,57,102.0,2.0,1,ROPS,1,ROPS,1,2025-04-21 10:30:29,,9,4
1841464927290487,1287838595290487,2024,54,2,57,102.0,4.0,1,ROPS,1,ROPS,1,2025-04-21 10:30:29,,9,4
1841465484290487,1287838684290487,2024,54,3,67,512.0,3.0,1,SPJA,1,SPJA,2,2025-04-21 10:30:31,,9,4
1841462511290487,1287838347290487,2024,54,2,31,2446.0,2.0,1,MIVI,1,MIVI,1,2025-04-21 10:30:20,,9,4
1841462512290487,1287838347290487,2024,54,2,31,2446.0,3.0,1,MIVI,1,MIVI,2,2025-04-21 10:30:20,,9,4
1841462513290487,1287838347290487,2024,54,2,31,2446.0,4.0,1,MIVI,1,MIVI,3,2025-04-21 10:30:20,,9,4
1841462514290487,1287838347290487,2024,54,2,31,2446.0,2.0,1,ROMU,1,ROMU,1,2025-04-21 10:30:20,,9,4
1841462515290487,1287838347290487,2024,54,2,31,2446.0,4.0,1,ROMU,1,ROMU,1,2025-04-21 10:30:20,,9,4
1841467174290487,1287838638290487,2024,54,3,19,898.0,4.0,1,ROMU,1,ROMU,5,2025-04-21 10:30:36,,9,4
1696449722290487,1192972420290487,2023,54,2,97,1210.0,4.0,1,PATO2,1,PATO2,2,2024-12-02 11:27:05,,9,3
1696449723290487,1192972420290487,2023,54,2,97,1210.0,1.0,1,ROMU,1,ROMU,1,2024-12-02 11:27:05,,9,3
1696449724290487,1192972420290487,2023,54,2,97,1210.0,3.0,1,ROMU,1,ROMU,1,2024-12-02 11:27:05,,9,3
1696449725290487,1192972420290487,2023,54,2,97,1210.0,4.0,1,ROMU,1,ROMU,1,2024-12-02 11:27:05,,9,3
1696449726290487,1192972420290487,2023,54,2,97,1210.0,1.0,1,SPJA,1,SPJA,4,2024-12-02 11:27:05,,9,3
1696449727290487,1192972420290487,2023,54,2,97,1210.0,2.0,1,SPJA,1,SPJA,7,2024-12-02 11:27:05,,9,3
1696449728290487,1192972420290487,2023,54,2,97,1210.0,3.0,1,SPJA,1,SPJA,37,2024-12-02 11:27:05,,9,3
1696449729290487,1192972420290487,2023,54,2,97,1210.0,4.0,1,SPJA,1,SPJA,20,2024-12-02 11:27:05,,9,3
1696449887290487,1192972438290487,2023,54,3,25,1598.0,2.0,1,ROMU,1,ROMU,15,2024-12-02 11:27:06,,9,3
1696450138290487,1192972176290487,2023,54,2,65,1431.0,3.0,1,ALPE4,1,ALPE4,2,2024-12-02 11:27:07,,9,3
1696450139290487,1192972176290487,2023,54,2,65,1431.0,4.0,1,MIVI,1,MIVI,1,2024-12-02 11:27:07,,9,3
1696446206290487,1192972179290487,2023,54,2,77,1835.0,2.0,1,ROPS,1,ROPS,1,2024-12-02 11:26:47,,9,3
1696446454290487,1192972382290487,2023,54,4,107,1124.0,4.0,1,AIAL,1,AIAL,2,2024-12-02 11:26:51,,9,3
1696446453290487,1192972382290487,2023,54,4,107,1124.0,1.0,1,AIAL,1,AIAL,7,2024-12-02 11:26:51,,9,3
1696446455290487,1192972382290487,2023,54,4,107,1124.0,1.0,1,ALPE4,1,ALPE4,5,2024-12-02 11:26:51,,9,3
1696446456290487,1192972382290487,2023,54,4,107,1124.0,3.0,1,ALPE4,1,ALPE4,1,2024-12-02 11:26:51,,9,3
1696446457290487,1192972382290487,2023,54,4,107,1124.0,4.0,1,ALPE4,1,ALPE4,2,2024-12-02 11:26:51,,9,3
1696446458290487,1192972382290487,2023,54,4,107,1124.0,1.0,1,BEVU,1,BEVU,2,2024-12-02 11:26:51,,9,3
1696446459290487,1192972382290487,2023,54,4,107,1124.0,3.0,1,BEVU,1,BEVU,2,2024-12-02 11:26:51,,9,3
1696446460290487,1192972382290487,2023,54,4,107,1124.0,4.0,1,BEVU,1,BEVU,2,2024-12-02 11:26:51,,9,3
222863770010661,122560248010661,2007,54,3,89,2204.0,2.0,1,ROPS,1,ROPS,1,2010-03-01 11:22:09,2012-02-29 11:15:33,6,4
222863768010661,122560248010661,2007,54,3,89,2204.0,3.0,1,ROMU,1,ROMU,1,2010-03-01 11:22:09,2012-02-29 11:15:30,6,4
222863769010661,122560248010661,2007,54,3,89,2204.0,4.0,1,ROMU,1,ROMU,1,2010-03-01 11:22:09,2012-02-29 11:15:30,6,4
222863390010661,122560466010661,2007,54,3,19,1721.0,2.0,2,AIAL,1,AIAL,10,2010-03-01 11:22:08,2012-02-28 07:14:24,6,4
222863394010661,122560466010661,2007,54,3,19,1721.0,2.0,2,ELUM,1,ELUM,99,2010-03-01 11:22:08,2012-02-28 07:14:24,6,4
222863391010661,122560466010661,2007,54,3,19,1721.0,3.0,2,AIAL,1,AIAL,12,2010-03-01 11:22:08,2012-02-28 07:14:24,6,4
222863393010661,122560466010661,2007,54,3,19,1721.0,3.0,2,CIVU,1,CIVU,1,2010-03-01 11:22:08,2012-02-28 07:13:56,6,4
222863396010661,122560466010661,2007,54,3,19,1721.0,3.0,2,PATO2,1,PATO2,30,2010-03-01 11:22:08,2012-02-28 07:12:36,6,4
222863398010661,122560466010661,2007,54,3,19,1721.0,3.0,2,ROPS,1,ROPS,17,2010-03-01 11:22:08,2012-02-28 07:13:29,6,4
222863392010661,122560466010661,2007,54,3,19,1721.0,4.0,2,AIAL,1,AIAL,50,2010-03-01 11:22:08,2012-02-28 07:14:24,6,4
222863395010661,122560466010661,2007,54,3,19,1721.0,4.0,2,ELUM,1,ELUM,5,2010-03-01 11:22:08,2012-02-28 07:14:24,6,4
222863397010661,122560466010661,2007,54,3,19,1721.0,4.0,2,PATO2,1,PATO2,50,2010-03-01 11:22:08,2012-02-28 07:12:36,6,4
222863399010661,122560466010661,2007,54,3,19,1721.0,4.0,2,ROPS,1,ROPS,10,2010-03-01 11:22:08,2012-02-28 07:13:29,6,4
222863824010661,122560500010661,2007,54,3,109,379.0,1.0,1,ROMU,1,ROMU,1,2010-03-01 11:22:09,2012-02-28 07:06:12,6,4
222863827010661,122560500010661,2007,54,3,109,379.0,1.0,1,ROPS,1,ROPS,1,2010-03-01 11:22:09,2012-02-28 07:06:39,6,4
222863455010661,122559783010661,2007,54,2,31,990.0,1.0,1,ALPE4,1,ALPE4,3,2010-03-01 11:22:08,2012-02-28 07:13:20,6,4
222863458010661,122559783010661,2007,54,2,31,990.0,1.0,1,MIVI,1,MIVI,80,2010-03-01 11:22:08,2012-02-28 07:12:01,6,4
222863460010661,122559783010661,2007,54,2,31,990.0,1.0,1,ROPS,1,ROPS,38,2010-03-01 11:22:08,2012-02-28 07:13:47,6,4
222863456010661,122559783010661,2007,54,2,31,990.0,2.0,2,ALPE4,1,ALPE4,1,2010-03-01 11:22:08,2012-02-28 07:13:20,6,4
468228684489998,306336162489998,2016,54,4,107,1124.0,3.0,1,LOJA,1,LOJA,2,2017-05-01 11:19:06,,8,3
468228685489998,306336162489998,2016,54,4,107,1124.0,4.0,1,LOJA,1,LOJA,30,2017-05-01 11:19:06,,8,3
468228686489998,306336162489998,2016,54,4,107,1124.0,1.0,1,MIVI,1,MIVI,3,2017-05-01 11:19:06,,8,3
468228687489998,306336162489998,2016,54,4,107,1124.0,1.0,1,ROMU,1,ROMU,3,2017-05-01 11:19:06,,8,3
468228688489998,306336162489998,2016,54,4,107,1124.0,2.0,1,ROMU,1,ROMU,1,2017-05-01 11:19:06,,8,3
468228689489998,306336162489998,2016,54,4,107,1124.0,3.0,1,ROMU,1,ROMU,2,2017-05-01 11:19:06,,8,3
468228690489998,306336162489998,2016,54,4,107,1124.0,4.0,1,ROMU,1,ROMU,10,2017-05-01 11:19:06,,8,3
468228691489998,306336162489998,2016,54,4,107,1124.0,4.0,1,ROPS,1,ROPS,5,2017-05-01 11:19:06,,8,3
468228692489998,306336162489998,2016,54,4,107,1124.0,4.0,1,SPJA,1,SPJA,2,2017-05-01 11:19:06,,8,3
468232884489998,306336278489998,2016,54,2,93,1099.0,1.0,1,AIAL,1,AIAL,10,2017-05-01 11:19:40,,8,3
468232885489998,306336278489998,2016,54,2,93,1099.0,4.0,1,AIAL,1,AIAL,55,2017-05-01 11:19:40,,8,3
468232886489998,306336278489998,2016,54,2,93,1099.0,4.0,1,ELUM,1,ELUM,1,2017-05-01 11:19:40,,8,3
468232887489998,306336278489998,2016,54,2,93,1099.0,2.0,1,LONIC,1,LONIC,1,2017-05-01 11:19:40,,8,3
468232888489998,306336278489998,2016,54,2,93,1099.0,1.0,1,MIVI,1,MIVI,25,2017-05-01 11:19:40,,8,3
468232889489998,306336278489998,2016,54,2,93,1099.0,2.0,1,MIVI,1,MIVI,10,2017-05-01 11:19:40,,8,3
468232890489998,306336278489998,2016,54,2,93,1099.0,4.0,1,MIVI,1,MIVI,25,2017-05-01 11:19:40,,8,3
468232891489998,306336278489998,2016,54,2,93,1099.0,2.0,1,POCU6,1,POCU6,75,2017-05-01 11:19:40,,8,3
468232892489998,306336278489998,2016,54,2,93,1099.0,1.0,1,ROMU,1,ROMU,1,2017-05-01 11:19:40,,8,3
468232893489998,306336278489998,2016,54,2,93,1099.0,2.0,1,ROMU,1,ROMU,6,2017-05-01 11:19:40,,8,3
468232894489998,306336278489998,2016,54,2,93,1099.0,4.0,1,ROMU,1,ROMU,11,2017-05-01 11:19:40,,8,3
468232895489998,306336278489998,2016,54,2,93,1099.0,2.0,1,SPJA,1,SPJA,5,2017-05-01 11:19:40,,8,3
468229119489998,306335956489998,2016,54,2,65,1431.0,3.0,1,ALPE4,1,ALPE4,2,2017-05-01 11:19:09,,8,3
468229120489998,306335956489998,2016,54,2,65,1431.0,4.0,1,MIVI,1,MIVI,1,2017-05-01 11:19:09,,8,3
468229289489998,306335986489998,2016,54,3,15,1378.0,4.0,1,ELUM,1,ELUM,1,2017-05-01 11:19:10,,8,3
468229290489998,306335986489998,2016,54,3,15,1378.0,1.0,1,MIVI,1,MIVI,1,2017-05-01 11:19:10,,8,3
468229291489998,306335986489998,2016,54,3,15,1378.0,2.0,1,MIVI,1,MIVI,20,2017-05-01 11:19:10,,8,3
468229292489998,306335986489998,2016,54,3,15,1378.0,3.0,1,MIVI,1,MIVI,1,2017-05-01 11:19:10,,8,3
468229293489998,306335986489998,2016,54,3,15,1378.0,4.0,1,MIVI,1,MIVI,40,2017-05-01 11:19:10,,8,3
468229294489998,306335986489998,2016,54,3,15,1378.0,1.0,1,ROMU,1,ROMU,5,2017-05-01 11:19:10,,8,3
468229295489998,306335986489998,2016,54,3,15,1378.0,2.0,1,ROMU,1,ROMU,5,2017-05-01 11:19:10,,8,3
468229296489998,306335986489998,2016,54,3,15,1378.0,3.0,1,ROMU,1,ROMU,3,2017-05-01 11:19:10,,8,3
468229297489998,306335986489998,2016,54,3,15,1378.0,4.0,1,ROMU,1,ROMU,5,2017-05-01 11:19:10,,8,3
468233669489998,306336227489998,2016,54,2,77,2255.0,2.0,1,AIAL,1,AIAL,1,2017-05-01 11:19:46,,8,3
468233670489998,306336227489998,2016,54,2,77,2255.0,1.0,1,MIVI,1,MIVI,10,2017-05-01 11:19:46,,8,3
468233671489998,306336227489998,2016,54,2,77,2255.0,3.0,1,MIVI,1,MIVI,5,2017-05-01 11:19:46,,8,3
468233672489998,306336227489998,2016,54,2,77,2255.0,1.0,1,ROMU,1,ROMU,20,2017-05-01 11:19:46,,8,3
468233673489998,306336227489998,2016,54,2,77,2255.0,3.0,1,ROMU,1,ROMU,5,2017-05-01 11:19:46,,8,3
468233674489998,306336227489998,2016,54,2,77,2255.0,4.0,1,ROMU,1,ROMU,10,2017-05-01 11:19:46,,8,3
468233675489998,306336227489998,2016,54,2,77,2255.0,4.0,1,ROPS,1,ROPS,3,2017-05-01 11:19:46,,8,3
468233885489998,306336306489998,2016,54,2,3,1892.0,2.0,2,LONIC,1,LONIC,20,2017-05-01 11:19:47,,8,3
468233886489998,306336306489998,2016,54,2,3,1892.0,4.0,2,LONIC,1,LONIC,3,2017-05-01 11:19:47,,8,3
468233887489998,306336306489998,2016,54,2,3,1892.0,2.0,2,MIVI,1,MIVI,2,2017-05-01 11:19:47,,8,3
468233888489998,306336306489998,2016,54,2,3,1892.0,4.0,2,MIVI,1,MIVI,5,2017-05-01 11:19:47,,8,3
468233889489998,306336306489998,2016,54,2,3,1892.0,2.0,2,ROMU,1,ROMU,5,2017-05-01 11:19:47,,8,3
468233890489998,306336306489998,2016,54,2,3,1892.0,4.0,2,ROMU,1,ROMU,7,2017-05-01 11:19:47,,8,3
468233891489998,306336306489998,2016,54,2,3,1892.0,2.0,2,ROPS,1,ROPS,1,2017-05-01 11:19:47,,8,3
468233892489998,306336306489998,2016,54,2,3,1892.0,4.0,2,ROPS,1,ROPS,16,2017-05-01 11:19:47,,8,3
468657225489998,306336017489998,2016,54,2,75,3599.0,3.0,1,ROPS,1,ROPS,1,2017-05-02 14:30:34,,8,3
468229509489998,306336142489998,2016,54,4,73,1771.0,3.0,2,LOJA,1,LOJA,1,2017-05-01 11:19:11,,8,3
468229510489998,306336142489998,2016,54,4,73,1771.0,3.0,2,MIVI,1,MIVI,30,2017-05-01 11:19:11,,8,3
468229511489998,306336142489998,2016,54,4,73,1771.0,3.0,2,ROMU,1,ROMU,20,2017-05-01 11:19:11,,8,3
468229548489998,306336247489998,2016,54,2,1,2429.0,3.0,2,ELUM,1,ELUM,1,2017-05-01 11:19:12,,8,3
468229549489998,306336247489998,2016,54,2,1,2429.0,3.0,2,MIVI,1,MIVI,45,2017-05-01 11:19:12,,8,3
468229921489998,306336200489998,2016,54,2,97,1210.0,2.0,2,ROMU,1,ROMU,4,2017-05-01 11:19:16,,8,3
468229922489998,306336200489998,2016,54,2,97,1210.0,1.0,1,ROPS,1,ROPS,1,2017-05-01 11:19:16,,8,3
468229923489998,306336200489998,2016,54,2,97,1210.0,4.0,1,ROPS,1,ROPS,1,2017-05-01 11:19:16,,8,3
468229924489998,306336200489998,2016,54,2,97,1210.0,2.0,2,SPJA,1,SPJA,5,2017-05-01 11:19:16,,8,3
468229925489998,306336200489998,2016,54,2,97,1210.0,3.0,1,SPJA,1,SPJA,13,2017-05-01 11:19:16,,8,3
468229926489998,306336200489998,2016,54,2,97,1210.0,4.0,1,SPJA,1,SPJA,1,2017-05-01 11:19:16,,8,3
468230126489998,306336260489998,2016,54,2,83,1282.0,3.0,1,ROPS,1,ROPS,15,2017-05-01 11:19:18,,8,3
468230328489998,306336270489998,2016,54,2,7,1364.0,4.0,1,BETH,1,BETH,1,2017-05-01 11:19:18,,8,3
468230329489998,306336270489998,2016,54,2,7,1364.0,1.0,1,ELUM,1,ELUM,1,2017-05-01 11:19:18,,8,3
468230330489998,306336270489998,2016,54,2,7,1364.0,4.0,1,ELUM,1,ELUM,1,2017-05-01 11:19:18,,8,3
468230331489998,306336270489998,2016,54,2,7,1364.0,4.0,1,LONIC,1,LONIC,1,2017-05-01 11:19:18,,8,3
468230332489998,306336270489998,2016,54,2,7,1364.0,1.0,1,MIVI,1,MIVI,10,2017-05-01 11:19:18,,8,3
468230333489998,306336270489998,2016,54,2,7,1364.0,2.0,1,MIVI,1,MIVI,1,2017-05-01 11:19:18,,8,3
468230334489998,306336270489998,2016,54,2,7,1364.0,4.0,1,MIVI,1,MIVI,1,2017-05-01 11:19:18,,8,3
468230335489998,306336270489998,2016,54,2,7,1364.0,2.0,1,ROMU,1,ROMU,2,2017-05-01 11:19:19,,8,3
468230336489998,306336270489998,2016,54,2,7,1364.0,4.0,1,ROMU,1,ROMU,2,2017-05-01 11:19:19,,8,3
468230337489998,306336270489998,2016,54,2,7,1364.0,1.0,1,ROPS,1,ROPS,1,2017-05-01 11:19:19,,8,3
468230338489998,306336270489998,2016,54,2,7,1364.0,4.0,1,ROPS,1,ROPS,1,2017-05-01 11:19:19,,8,3
468230339489998,306336270489998,2016,54,2,7,1364.0,1.0,1,SPJA,1,SPJA,1,2017-05-01 11:19:19,,8,3
468230340489998,306336270489998,2016,54,2,7,1364.0,4.0,1,SPJA,1,SPJA,2,2017-05-01 11:19:19,,8,3
468230532489998,306336288489998,2016,54,2,27,1971.0,1.0,1,ALPE4,1,ALPE4,5,2017-05-01 11:19:19,,8,3
468230533489998,306336288489998,2016,54,2,27,1971.0,2.0,1,ALPE4,1,ALPE4,25,2017-05-01 11:19:19,,8,3
468230534489998,306336288489998,2016,54,2,27,1971.0,3.0,1,ALPE4,1,ALPE4,10,2017-05-01 11:19:19,,8,3
468230535489998,306336288489998,2016,54,2,27,1971.0,4.0,1,ALPE4,1,ALPE4,10,2017-05-01 11:19:19,,8,3
468230536489998,306336288489998,2016,54,2,27,1971.0,2.0,1,BETH,1,BETH,5,2017-05-01 11:19:19,,8,3
468230537489998,306336288489998,2016,54,2,27,1971.0,1.0,1,LOJA,1,LOJA,10,2017-05-01 11:19:19,,8,3
468230538489998,306336288489998,2016,54,2,27,1971.0,4.0,1,LOJA,1,LOJA,38,2017-05-01 11:19:19,,8,3
468230539489998,306336288489998,2016,54,2,27,1971.0,2.0,1,LOTA,1,LOTA,10,2017-05-01 11:19:19,,8,3
468230540489998,306336288489998,2016,54,2,27,1971.0,1.0,1,MIVI,1,MIVI,40,2017-05-01 11:19:19,,8,3
468230541489998,306336288489998,2016,54,2,27,1971.0,2.0,1,MIVI,1,MIVI,10,2017-05-01 11:19:19,,8,3
468230542489998,306336288489998,2016,54,2,27,1971.0,4.0,1,MIVI,1,MIVI,5,2017-05-01 11:19:19,,8,3
468230543489998,306336288489998,2016,54,2,27,1971.0,1.0,1,ROMU,1,ROMU,8,2017-05-01 11:19:19,,8,3
468230544489998,306336288489998,2016,54,2,27,1971.0,2.0,1,ROMU,1,ROMU,5,2017-05-01 11:19:19,,8,3
468230727489998,306335959489998,2016,54,2,77,1835.0,4.0,1,ROMU,1,ROMU,1,2017-05-01 11:19:20,,8,3
468230728489998,306335959489998,2016,54,2,77,1835.0,1.0,1,ROPS,1,ROPS,4,2017-05-01 11:19:20,,8,3
468230729489998,306335959489998,2016,54,2,77,1835.0,2.0,1,ROPS,1,ROPS,10,2017-05-01 11:19:20,,8,3
468230730489998,306335959489998,2016,54,2,77,1835.0,3.0,1,ROPS,1,ROPS,2,2017-05-01 11:19:20,,8,3
468230731489998,306335959489998,2016,54,2,77,1835.0,4.0,1,ROPS,1,ROPS,5,2017-05-01 11:19:20,,8,3
534039130126144,374961524489998,2017,54,2,27,48.0,2.0,1,AIAL,1,AIAL,10,2018-05-04 07:20:10,,8,4
534039131126144,374961524489998,2017,54,2,27,48.0,1.0,1,ALPE4,1,ALPE4,10,2018-05-04 07:20:10,,8,4
534039132126144,374961524489998,2017,54,2,27,48.0,2.0,1,ALPE4,1,ALPE4,10,2018-05-04 07:20:10,,8,4
534039133126144,374961524489998,2017,54,2,27,48.0,3.0,1,ALPE4,1,ALPE4,20,2018-05-04 07:20:10,,8,4
534039134126144,374961524489998,2017,54,2,27,48.0,4.0,1,ALPE4,1,ALPE4,10,2018-05-04 07:20:10,,8,4
534039135126144,374961524489998,2017,54,2,27,48.0,2.0,1,BETH,1,BETH,1,2018-05-04 07:20:10,,8,4
534039136126144,374961524489998,2017,54,2,27,48.0,3.0,1,BETH,1,BETH,10,2018-05-04 07:20:10,,8,4
534039137126144,374961524489998,2017,54,2,27,48.0,4.0,1,BETH,1,BETH,1,2018-05-04 07:20:10,,8,4
534039138126144,374961524489998,2017,54,2,27,48.0,1.0,1,MIVI,1,MIVI,90,2018-05-04 07:20:10,,8,4
757090515290487,513410613126144,2019,54,3,45,284.0,3.0,1,MIVI,1,MIVI,2,2020-06-26 16:03:56,,8,6
757090516290487,513410613126144,2019,54,3,45,284.0,4.0,1,MIVI,1,MIVI,1,2020-06-26 16:03:56,,8,6
757090772290487,513410314126144,2019,54,2,31,1511.0,1.0,1,MIVI,1,MIVI,1,2020-06-26 16:03:57,,8,6
757090773290487,513410314126144,2019,54,2,31,1511.0,3.0,1,MIVI,1,MIVI,1,2020-06-26 16:03:57,,8,6
757090774290487,513410314126144,2019,54,2,31,1511.0,1.0,1,ROPS,1,ROPS,1,2020-06-26 16:03:57,,8,6
757090775290487,513410314126144,2019,54,2,31,1511.0,2.0,1,ROPS,1,ROPS,1,2020-06-26 16:03:57,,8,6
757090177290487,513410442126144,2019,54,3,19,1242.0,2.0,1,ELUM,1,ELUM,10,2020-06-26 16:03:55,,8,6
757090178290487,513410442126144,2019,54,3,19,1242.0,2.0,1,ROMU,1,ROMU,10,2020-06-26 16:03:55,,8,6
757090179290487,513410442126144,2019,54,3,19,1242.0,1.0,1,ROPS,1,ROPS,5,2020-06-26 16:03:55,,8,6
757090180290487,513410442126144,2019,54,3,19,1242.0,2.0,1,ROPS,1,ROPS,15,2020-06-26 16:03:55,,8,6
757090181290487,513410442126144,2019,54,3,19,1242.0,3.0,1,ROPS,1,ROPS,5,2020-06-26 16:03:55,,8,6
757090694290487,513410604126144,2019,54,3,39,2504.0,4.0,3,BETH,1,BETH,1,2020-06-26 16:03:56,,8,6
757090695290487,513410604126144,2019,54,3,39,2504.0,4.0,3,CEOR7,1,CEOR7,6,2020-06-26 16:03:56,,8,6
757090696290487,513410604126144,2019,54,3,39,2504.0,3.0,2,LOJA,1,LOJA,1,2020-06-26 16:03:56,,8,6
757090697290487,513410604126144,2019,54,3,39,2504.0,4.0,3,LOJA,1,LOJA,1,2020-06-26 16:03:56,,8,6
757090956290487,513410425126144,2019,54,2,41,3169.0,1.0,2,LOJA,1,LOJA,1,2020-06-26 16:03:57,,8,6
757090957290487,513410425126144,2019,54,2,41,3169.0,4.0,3,LOJA,1,LOJA,1,2020-06-26 16:03:57,,8,6
757090958290487,513410425126144,2019,54,2,41,3169.0,1.0,2,LONIC,1,LONIC,1,2020-06-26 16:03:57,,8,6
757090959290487,513410425126144,2019,54,2,41,3169.0,2.0,2,LONIC,1,LONIC,10,2020-06-26 16:03:57,,8,6
757090960290487,513410425126144,2019,54,2,41,3169.0,3.0,2,LONIC,1,LONIC,5,2020-06-26 16:03:57,,8,6
757090961290487,513410425126144,2019,54,2,41,3169.0,4.0,3,LONIC,1,LONIC,10,2020-06-26 16:03:57,,8,6
757090962290487,513410425126144,2019,54,2,41,3169.0,1.0,2,LYNU,1,LYNU,2,2020-06-26 16:03:57,,8,6
757090963290487,513410425126144,2019,54,2,41,3169.0,2.0,2,LYNU,1,LYNU,2,2020-06-26 16:03:57,,8,6
757090964290487,513410425126144,2019,54,2,41,3169.0,3.0,2,LYNU,1,LYNU,35,2020-06-26 16:03:57,,8,6
757090965290487,513410425126144,2019,54,2,41,3169.0,2.0,2,MIVI,1,MIVI,1,2020-06-26 16:03:57,,8,6
757090966290487,513410425126144,2019,54,2,41,3169.0,4.0,3,MIVI,1,MIVI,1,2020-06-26 16:03:57,,8,6
757090967290487,513410425126144,2019,54,2,41,3169.0,1.0,2,ROMU,1,ROMU,10,2020-06-26 16:03:57,,8,6
757090968290487,513410425126144,2019,54,2,41,3169.0,2.0,2,ROMU,1,ROMU,3,2020-06-26 16:03:57,,8,6
757090969290487,513410425126144,2019,54,2,41,3169.0,3.0,2,ROMU,1,ROMU,10,2020-06-26 16:03:57,,8,6
757090970290487,513410425126144,2019,54,2,41,3169.0,4.0,3,ROMU,1,ROMU,20,2020-06-26 16:03:57,,8,6
757090945290487,513410425126144,2019,54,2,41,3169.0,2.0,2,ALPE4,1,ALPE4,1,2020-06-26 16:03:57,,8,6
757090946290487,513410425126144,2019,54,2,41,3169.0,3.0,2,ALPE4,1,ALPE4,8,2020-06-26 16:03:57,,8,6
757090947290487,513410425126144,2019,54,2,41,3169.0,4.0,3,ALPE4,1,ALPE4,1,2020-06-26 16:03:57,,8,6
757090948290487,513410425126144,2019,54,2,41,3169.0,4.0,3,BETH,1,BETH,1,2020-06-26 16:03:57,,8,6
757090949290487,513410425126144,2019,54,2,41,3169.0,1.0,2,CEOR7,1,CEOR7,2,2020-06-26 16:03:57,,8,6
757090950290487,513410425126144,2019,54,2,41,3169.0,4.0,3,CEOR7,1,CEOR7,1,2020-06-26 16:03:57,,8,6
757090951290487,513410425126144,2019,54,2,41,3169.0,2.0,2,ELUM,1,ELUM,10,2020-06-26 16:03:57,,8,6
757090952290487,513410425126144,2019,54,2,41,3169.0,4.0,3,ELUM,1,ELUM,20,2020-06-26 16:03:57,,8,6
757090953290487,513410425126144,2019,54,2,41,3169.0,1.0,2,LIVU,1,LIVU,1,2020-06-26 16:03:57,,8,6
757090954290487,513410425126144,2019,54,2,41,3169.0,2.0,2,LIVU,1,LIVU,5,2020-06-26 16:03:57,,8,6
757090955290487,513410425126144,2019,54,2,41,3169.0,4.0,3,LIVU,1,LIVU,5,2020-06-26 16:03:57,,8,6
757091410290487,513410451126144,2019,54,3,89,2159.0,1.0,1,ELUM,1,ELUM,10,2020-06-26 16:03:58,,8,6
757091411290487,513410451126144,2019,54,3,89,2159.0,1.0,1,LOMO2,1,LOMO2,5,2020-06-26 16:03:58,,8,6
757091412290487,513410451126144,2019,54,3,89,2159.0,3.0,1,ROPS,1,ROPS,10,2020-06-26 16:03:58,,8,6
757091515290487,513410545126144,2019,54,4,103,1018.0,3.0,1,AIAL,1,AIAL,4,2020-06-26 16:03:59,,8,6
757091516290487,513410545126144,2019,54,4,103,1018.0,1.0,1,MIVI,1,MIVI,1,2020-06-26 16:03:59,,8,6
757091517290487,513410545126144,2019,54,4,103,1018.0,2.0,1,MIVI,1,MIVI,8,2020-06-26 16:03:59,,8,6
757091518290487,513410545126144,2019,54,4,103,1018.0,3.0,1,MIVI,1,MIVI,4,2020-06-26 16:03:59,,8,6
757091519290487,513410545126144,2019,54,4,103,1018.0,4.0,1,MIVI,1,MIVI,2,2020-06-26 16:03:59,,8,6
757091520290487,513410545126144,2019,54,4,103,1018.0,1.0,1,ROMU,1,ROMU,2,2020-06-26 16:03:59,,8,6
757091521290487,513410545126144,2019,54,4,103,1018.0,2.0,1,ROMU,1,ROMU,5,2020-06-26 16:03:59,,8,6
757091522290487,513410545126144,2019,54,4,103,1018.0,3.0,1,ROMU,1,ROMU,20,2020-06-26 16:03:59,,8,6
757091523290487,513410545126144,2019,54,4,103,1018.0,4.0,1,ROMU,1,ROMU,2,2020-06-26 16:03:59,,8,6
757091524290487,513410545126144,2019,54,4,103,1018.0,1.0,1,ROPS,1,ROPS,3,2020-06-26 16:03:59,,8,6
757091525290487,513410545126144,2019,54,4,103,1018.0,2.0,1,ROPS,1,ROPS,10,2020-06-26 16:03:59,,8,6
757091526290487,513410545126144,2019,54,4,103,1018.0,4.0,1,ROPS,1,ROPS,1,2020-06-26 16:03:59,,8,6
757091657290487,513410634126144,2019,54,4,53,1482.0,1.0,1,ELUM,1,ELUM,1,2020-06-26 16:03:59,,8,6
757091658290487,513410634126144,2019,54,4,53,1482.0,4.0,1,ELUM,1,ELUM,1,2020-06-26 16:03:59,,8,6
757091659290487,513410634126144,2019,54,4,53,1482.0,1.0,1,LOJA,1,LOJA,20,2020-06-26 16:03:59,,8,6
757091660290487,513410634126144,2019,54,4,53,1482.0,2.0,1,LOJA,1,LOJA,1,2020-06-26 16:03:59,,8,6
757091661290487,513410634126144,2019,54,4,53,1482.0,3.0,1,LOJA,1,LOJA,4,2020-06-26 16:03:59,,8,6
757091662290487,513410634126144,2019,54,4,53,1482.0,4.0,1,LOJA,1,LOJA,1,2020-06-26 16:03:59,,8,6
757091663290487,513410634126144,2019,54,4,53,1482.0,1.0,1,MIVI,1,MIVI,8,2020-06-26 16:03:59,,8,6
757091664290487,513410634126144,2019,54,4,53,1482.0,2.0,1,MIVI,1,MIVI,2,2020-06-26 16:03:59,,8,6
1674883704290487,816547142290487,2022,54,4,35,1145.0,3.0,1,ELUM,1,ELUM,1,2024-09-11 07:42:34,,9,2
1674883705290487,816547142290487,2022,54,4,35,1145.0,3.0,1,LOJA,1,LOJA,5,2024-09-11 07:42:34,,9,2
1674883706290487,816547142290487,2022,54,4,35,1145.0,1.0,1,MIVI,1,MIVI,1,2024-09-11 07:42:34,,9,2
1674883707290487,816547142290487,2022,54,4,35,1145.0,3.0,1,MIVI,1,MIVI,12,2024-09-11 07:42:34,,9,2
1674883928290487,816547218290487,2022,54,3,47,2474.0,3.0,1,MIVI,1,MIVI,4,2024-09-11 07:42:34,,9,2
1674883929290487,816547218290487,2022,54,3,47,2474.0,3.0,1,PATO2,1,PATO2,10,2024-09-11 07:42:34,,9,2
1674883930290487,816547218290487,2022,54,3,47,2474.0,2.0,1,ROMU,1,ROMU,2,2024-09-11 07:42:34,,9,2
1674883931290487,816547218290487,2022,54,3,47,2474.0,3.0,1,ROMU,1,ROMU,3,2024-09-11 07:42:34,,9,2
1674883932290487,816547218290487,2022,54,3,47,2474.0,1.0,1,ROPS,1,ROPS,1,2024-09-11 07:42:34,,9,2
1674884098290487,816547323290487,2022,54,3,55,737.0,1.0,1,MIVI,1,MIVI,1,2024-09-11 07:42:35,,9,2
1674884099290487,816547323290487,2022,54,3,55,737.0,2.0,1,MIVI,1,MIVI,1,2024-09-11 07:42:35,,9,2
1674884100290487,816547323290487,2022,54,3,55,737.0,3.0,1,MIVI,1,MIVI,1,2024-09-11 07:42:35,,9,2
1674884101290487,816547323290487,2022,54,3,55,737.0,4.0,2,MIVI,1,MIVI,1,2024-09-11 07:42:35,,9,2
1674884102290487,816547323290487,2022,54,3,55,737.0,2.0,1,ROMU,1,ROMU,1,2024-09-11 07:42:35,,9,2
1674884250290487,816547339290487,2022,54,2,41,2378.0,2.0,1,CEOR7,1,CEOR7,7,2024-09-11 07:42:35,,9,2
1674884251290487,816547339290487,2022,54,2,41,2378.0,1.0,1,ELUM,1,ELUM,1,2024-09-11 07:42:35,,9,2
1674884252290487,816547339290487,2022,54,2,41,2378.0,2.0,1,ELUM,1,ELUM,1,2024-09-11 07:42:35,,9,2
1674884253290487,816547339290487,2022,54,2,41,2378.0,4.0,1,ELUM,1,ELUM,1,2024-09-11 07:42:35,,9,2
1674884254290487,816547339290487,2022,54,2,41,2378.0,1.0,1,MIVI,1,MIVI,1,2024-09-11 07:42:35,,9,2
1674884255290487,816547339290487,2022,54,2,41,2378.0,2.0,1,MIVI,1,MIVI,1,2024-09-11 07:42:35,,9,2
1674884256290487,816547339290487,2022,54,2,41,2378.0,3.0,1,MIVI,1,MIVI,1,2024-09-11 07:42:35,,9,2
1674884257290487,816547339290487,2022,54,2,41,2378.0,4.0,1,MIVI,1,MIVI,1,2024-09-11 07:42:35,,9,2
1674884258290487,816547339290487,2022,54,2,41,2378.0,1.0,1,ROMU,1,ROMU,1,2024-09-11 07:42:35,,9,2
1674884259290487,816547339290487,2022,54,2,41,2378.0,2.0,1,ROMU,1,ROMU,1,2024-09-11 07:42:35,,9,2
1674877351290487,816547050290487,2022,54,2,31,1695.0,2.0,2,BETH,1,BETH,1,2024-09-11 07:41:49,,9,2
1674877352290487,816547050290487,2022,54,2,31,1695.0,1.0,2,MIVI,1,MIVI,1,2024-09-11 07:41:49,,9,2
1674877353290487,816547050290487,2022,54,2,31,1695.0,2.0,2,MIVI,1,MIVI,1,2024-09-11 07:41:49,,9,2
1674877354290487,816547050290487,2022,54,2,31,1695.0,4.0,2,MIVI,1,MIVI,1,2024-09-11 07:41:49,,9,2
1674877355290487,816547050290487,2022,54,2,31,1695.0,2.0,2,ROPS,1,ROPS,1,2024-09-11 07:41:49,,9,2
1674884699290487,816547197290487,2022,54,4,103,380.0,2.0,1,AIAL,1,AIAL,1,2024-09-11 07:42:37,,9,2
1674884700290487,816547197290487,2022,54,4,103,380.0,1.0,1,BEVU,1,BEVU,2,2024-09-11 07:42:37,,9,2
1674884701290487,816547197290487,2022,54,4,103,380.0,2.0,1,LONIC,1,LONIC,1,2024-09-11 07:42:37,,9,2
1674884702290487,816547197290487,2022,54,4,103,380.0,1.0,1,MIVI,1,MIVI,15,2024-09-11 07:42:37,,9,2
1674884703290487,816547197290487,2022,54,4,103,380.0,2.0,1,MIVI,1,MIVI,7,2024-09-11 07:42:37,,9,2
1674884704290487,816547197290487,2022,54,4,103,380.0,2.0,1,ROMU,1,ROMU,5,2024-09-11 07:42:37,,9,2
1674884705290487,816547197290487,2022,54,4,103,380.0,1.0,1,ROPS,1,ROPS,1,2024-09-11 07:42:37,,9,2
1674884824290487,816547239290487,2022,54,4,17,2692.0,1.0,1,BETH,1,BETH,3,2024-09-11 07:42:37,,9,2
1674884825290487,816547239290487,2022,54,4,17,2692.0,2.0,1,BETH,1,BETH,1,2024-09-11 07:42:37,,9,2
1674884826290487,816547239290487,2022,54,4,17,2692.0,3.0,1,BETH,1,BETH,1,2024-09-11 07:42:37,,9,2
1674884827290487,816547239290487,2022,54,4,17,2692.0,4.0,1,BETH,1,BETH,1,2024-09-11 07:42:37,,9,2
1674884828290487,816547239290487,2022,54,4,17,2692.0,3.0,1,CEOR7,1,CEOR7,1,2024-09-11 07:42:37,,9,2
1674884829290487,816547239290487,2022,54,4,17,2692.0,4.0,1,CEOR7,1,CEOR7,1,2024-09-11 07:42:37,,9,2
1674884830290487,816547239290487,2022,54,4,17,2692.0,1.0,1,ELUM,1,ELUM,7,2024-09-11 07:42:37,,9,2
1674884831290487,816547239290487,2022,54,4,17,2692.0,2.0,1,ELUM,1,ELUM,5,2024-09-11 07:42:37,,9,2
1674884832290487,816547239290487,2022,54,4,17,2692.0,3.0,1,ELUM,1,ELUM,7,2024-09-11 07:42:37,,9,2
1674884833290487,816547239290487,2022,54,4,17,2692.0,4.0,1,ELUM,1,ELUM,2,2024-09-11 07:42:37,,9,2
1674884834290487,816547239290487,2022,54,4,17,2692.0,2.0,1,LONIC,1,LONIC,1,2024-09-11 07:42:37,,9,2
1674884835290487,816547239290487,2022,54,4,17,2692.0,1.0,1,MIVI,1,MIVI,15,2024-09-11 07:42:37,,9,2
1674884836290487,816547239290487,2022,54,4,17,2692.0,2.0,1,MIVI,1,MIVI,15,2024-09-11 07:42:37,,9,2
1674884837290487,816547239290487,2022,54,4,17,2692.0,3.0,1,MIVI,1,MIVI,15,2024-09-11 07:42:37,,9,2
1674884838290487,816547239290487,2022,54,4,17,2692.0,4.0,1,MIVI,1,MIVI,10,2024-09-11 07:42:37,,9,2
1674885023290487,816547285290487,2022,54,3,25,580.0,2.0,1,ROMU,1,ROMU,1,2024-09-11 07:42:37,,9,2
1674885024290487,816547285290487,2022,54,3,25,580.0,4.0,1,ROMU,1,ROMU,1,2024-09-11 07:42:37,,9,2
1674877792290487,816547379290487,2022,54,2,3,610.0,4.0,2,ALPE4,1,ALPE4,1,2024-09-11 07:42:03,,9,2
1674877793290487,816547379290487,2022,54,2,3,610.0,4.0,2,LONIC,1,LONIC,2,2024-09-11 07:42:03,,9,2
1674877884290487,816547051290487,2022,54,4,43,235.0,2.0,2,ELUM,1,ELUM,85,2024-09-11 07:42:13,,9,2
1674877885290487,816547051290487,2022,54,4,43,235.0,2.0,2,MIVI,1,MIVI,3,2024-09-11 07:42:13,,9,2
1674877886290487,816547051290487,2022,54,4,43,235.0,2.0,2,ROMU,1,ROMU,5,2024-09-11 07:42:13,,9,2
1674885360290487,816547148290487,2022,54,3,5,139.0,2.0,2,AIAL,1,AIAL,1,2024-09-11 07:42:39,,9,2
1674885361290487,816547148290487,2022,54,3,5,139.0,2.0,2,PATO2,1,PATO2,10,2024-09-11 07:42:39,,9,2
1674885520290487,816547274290487,2022,54,4,105,514.0,4.0,2,LIVU,1,LIVU,1,2024-09-11 07:42:40,,9,2
1674885849290487,816547190290487,2022,54,4,99,1933.0,2.0,1,LOJA,1,LOJA,1,2024-09-11 07:42:41,,9,2
1674885850290487,816547190290487,2022,54,4,99,1933.0,4.0,1,LOJA,1,LOJA,2,2024-09-11 07:42:41,,9,2
1674885851290487,816547190290487,2022,54,4,99,1933.0,1.0,1,ROMU,1,ROMU,1,2024-09-11 07:42:41,,9,2
1674885852290487,816547190290487,2022,54,4,99,1933.0,4.0,1,ROMU,1,ROMU,1,2024-09-11 07:42:41,,9,2
1674885313290487,816547143290487,2022,54,4,35,949.0,2.0,2,MIVI,1,MIVI,3,2024-09-11 07:42:39,,9,2
1674880584290487,816547059290487,2022,54,3,67,2152.0,1.0,1,AIAL,1,AIAL,25,2024-09-11 07:42:23,,9,2
1674880585290487,816547059290487,2022,54,3,67,2152.0,2.0,1,AIAL,1,AIAL,2,2024-09-11 07:42:23,,9,2
222863461010661,122559783010661,2007,54,2,31,990.0,2.0,2,ROPS,1,ROPS,1,2010-03-01 11:22:08,2012-02-28 07:13:47,6,4
222863453010661,122559783010661,2007,54,2,31,990.0,3.0,1,AIAL,1,AIAL,15,2010-03-01 11:22:08,2012-02-28 07:14:45,6,4
222863457010661,122559783010661,2007,54,2,31,990.0,3.0,1,ALPE4,1,ALPE4,5,2010-03-01 11:22:08,2012-02-28 07:13:20,6,4
222863459010661,122559783010661,2007,54,2,31,990.0,3.0,1,MIVI,1,MIVI,3,2010-03-01 11:22:08,2012-02-28 07:12:01,6,4
222863462010661,122559783010661,2007,54,2,31,990.0,3.0,1,ROPS,1,ROPS,7,2010-03-01 11:22:08,2012-02-28 07:13:47,6,4
222863454010661,122559783010661,2007,54,2,31,990.0,4.0,1,AIAL,1,AIAL,10,2010-03-01 11:22:08,2012-02-28 07:14:45,6,4
222863463010661,122559783010661,2007,54,2,31,990.0,4.0,1,ROPS,1,ROPS,25,2010-03-01 11:22:08,2012-02-28 07:13:47,6,4
222863499010661,122560712010661,2007,54,3,39,2504.0,3.0,2,LOJA,1,LOJA,3,2010-03-01 11:22:08,2012-02-28 07:02:29,6,4
222863322010661,122561054010661,2007,54,3,5,217.0,2.0,1,AIAL,1,AIAL,2,2010-03-01 11:22:08,2012-02-28 07:14:16,6,4
222863602010661,122559789010661,2007,54,2,65,127.0,1.0,1,MIVI,1,MIVI,20,2010-03-01 11:22:08,2012-02-28 07:11:36,6,4
222863603010661,122559789010661,2007,54,2,65,127.0,2.0,1,MIVI,1,MIVI,1,2010-03-01 11:22:08,2012-02-28 07:11:36,6,4
222863604010661,122559789010661,2007,54,2,65,127.0,3.0,1,MIVI,1,MIVI,20,2010-03-01 11:22:08,2012-02-28 07:11:36,6,4
222863606010661,122559789010661,2007,54,2,65,127.0,3.0,1,ROPS,1,ROPS,1,2010-03-01 11:22:08,2012-02-28 07:12:01,6,4
222863605010661,122559789010661,2007,54,2,65,127.0,4.0,1,MIVI,1,MIVI,1,2010-03-01 11:22:08,2012-02-28 07:11:36,6,4
222863776010661,122560160010661,2007,54,2,97,2408.0,1.0,2,CIVU,1,CIVU,1,2010-03-01 11:22:09,2012-02-29 11:15:30,6,4
222863777010661,122560160010661,2007,54,2,97,2408.0,1.0,2,ELUM,1,ELUM,3,2010-03-01 11:22:09,2012-02-28 07:07:24,6,4
222863779010661,122560160010661,2007,54,2,97,2408.0,1.0,2,MIVI,1,MIVI,1,2010-03-01 11:22:09,2012-02-28 07:05:58,6,4
222863778010661,122560160010661,2007,54,2,97,2408.0,3.0,2,LONIC,1,LONIC,1,2010-03-01 11:22:09,2012-02-28 07:02:28,6,4
222863686010661,122560048010661,2007,54,2,83,112.0,1.0,1,ROPS,1,ROPS,10,2010-03-01 11:22:09,2012-02-28 07:06:53,6,4
222863687010661,122560048010661,2007,54,2,83,112.0,2.0,1,ROPS,1,ROPS,2,2010-03-01 11:22:09,2012-02-28 07:06:39,6,4
222863688010661,122560048010661,2007,54,2,83,112.0,3.0,1,ROPS,1,ROPS,1,2010-03-01 11:22:09,2012-02-28 07:06:24,6,4
222863537010661,122561056010661,2007,54,3,45,284.0,1.0,1,AIAL,1,AIAL,1,2010-03-01 11:22:08,2012-02-28 07:07:09,6,4
222863541010661,122561056010661,2007,54,3,45,284.0,1.0,1,MIVI,1,MIVI,1,2010-03-01 11:22:08,2012-02-29 11:15:29,6,4
222863538010661,122561056010661,2007,54,3,45,284.0,2.0,1,AIAL,1,AIAL,1,2010-03-01 11:22:08,2012-02-29 11:15:29,6,4
222863539010661,122561056010661,2007,54,3,45,284.0,3.0,1,AIAL,1,AIAL,8,2010-03-01 11:22:08,2012-02-28 07:07:09,6,4
222863540010661,122561056010661,2007,54,3,45,284.0,3.0,1,ELUM,1,ELUM,1,2010-03-01 11:22:08,2012-02-28 07:05:58,6,4
222863542010661,122561056010661,2007,54,3,45,284.0,3.0,1,ROMU,1,ROMU,1,2010-03-01 11:22:08,2012-02-29 11:15:29,6,4
222863533010661,122560744010661,2007,54,3,45,6.0,1.0,1,AIAL,1,AIAL,18,2010-03-01 11:22:08,2012-02-28 07:14:40,6,4
222863534010661,122560744010661,2007,54,3,45,6.0,2.0,1,AIAL,1,AIAL,6,2010-03-01 11:22:08,2012-02-28 07:14:40,6,4
222863536010661,122560744010661,2007,54,3,45,6.0,2.0,1,PATO2,1,PATO2,8,2010-03-01 11:22:08,2012-02-28 07:13:43,6,4
222863535010661,122560744010661,2007,54,3,45,6.0,3.0,1,AIAL,1,AIAL,5,2010-03-01 11:22:08,2012-02-28 07:14:40,6,4
222863571010661,122561064010661,2007,54,4,51,785.0,4.0,1,MIVI,1,MIVI,1,2010-03-01 11:22:08,2012-02-29 11:15:30,6,4
222863572010661,122561064010661,2007,54,4,51,785.0,4.0,1,PHAR3,1,PHAR3,1,2010-03-01 11:22:08,2012-02-28 07:06:25,6,4
222863575010661,122561064010661,2007,54,4,51,785.0,4.0,1,ROMU,1,ROMU,1,2010-03-01 11:22:08,2012-02-29 11:15:33,6,4
222863566010661,122561064010661,2007,54,4,51,785.0,1.0,1,ALPE4,1,ALPE4,25,2010-03-01 11:22:08,2012-02-28 07:07:25,6,4
222863568010661,122561064010661,2007,54,4,51,785.0,1.0,1,MIVI,1,MIVI,25,2010-03-01 11:22:08,2012-02-28 07:05:59,6,4
222863573010661,122561064010661,2007,54,4,51,785.0,1.0,1,ROMU,1,ROMU,1,2010-03-01 11:22:08,2012-02-29 11:15:29,6,4
222863569010661,122561064010661,2007,54,4,51,785.0,2.0,1,MIVI,1,MIVI,97,2010-03-01 11:22:08,2012-02-28 07:06:25,6,4
222863567010661,122561064010661,2007,54,4,51,785.0,3.0,1,ALPE4,1,ALPE4,1,2010-03-01 11:22:08,2012-02-29 11:15:29,6,4
222863570010661,122561064010661,2007,54,4,51,785.0,3.0,1,MIVI,1,MIVI,92,2010-03-01 11:22:08,2012-02-28 07:07:25,6,4
222863574010661,122561064010661,2007,54,4,51,785.0,3.0,1,ROMU,1,ROMU,1,2010-03-01 11:22:08,2012-02-29 11:15:29,6,4
222863576010661,122561064010661,2007,54,4,51,785.0,3.0,1,ROPS,1,ROPS,8,2010-03-01 11:22:08,2012-02-28 07:06:39,6,4
222863665010661,122560808010661,2007,54,4,79,879.0,1.0,1,LOJA,1,LOJA,1,2010-03-01 11:22:09,2012-02-29 11:15:33,6,4
222863666010661,122560808010661,2007,54,4,79,879.0,2.0,1,LOJA,1,LOJA,1,2010-03-01 11:22:09,2012-02-29 11:15:30,6,4
222863662010661,122560808010661,2007,54,4,79,879.0,3.0,1,DICHA2,2,MIVI,1,2010-03-01 11:22:09,2012-02-28 07:02:43,6,4
534039139126144,374961524489998,2017,54,2,27,48.0,2.0,1,MIVI,1,MIVI,75,2018-05-04 07:20:10,,8,4
534039140126144,374961524489998,2017,54,2,27,48.0,3.0,1,MIVI,1,MIVI,80,2018-05-04 07:20:10,,8,4
534039141126144,374961524489998,2017,54,2,27,48.0,4.0,1,MIVI,1,MIVI,55,2018-05-04 07:20:10,,8,4
534039142126144,374961524489998,2017,54,2,27,48.0,3.0,1,ROMU,1,ROMU,2,2018-05-04 07:20:10,,8,4
534039143126144,374961524489998,2017,54,2,27,48.0,1.0,1,ROPS,1,ROPS,3,2018-05-04 07:20:10,,8,4
534039503126144,374961452489998,2017,54,3,67,2129.0,4.0,1,ROMU,1,ROMU,1,2018-05-04 07:20:11,,8,4
534039649126144,374961456489998,2017,54,3,19,898.0,3.0,2,ROPS,1,ROPS,5,2018-05-04 07:20:12,,8,4
534037780126144,374961195489998,2017,54,2,75,202.0,2.0,1,ROPS,1,ROPS,1,2018-05-04 07:20:02,,8,4
534037781126144,374961195489998,2017,54,2,75,202.0,3.0,1,ROPS,1,ROPS,2,2018-05-04 07:20:02,,8,4
534037985126144,374961261489998,2017,54,2,27,370.0,3.0,1,CEOR7,1,CEOR7,15,2018-05-04 07:20:06,,8,4
534037986126144,374961261489998,2017,54,2,27,370.0,4.0,1,CEOR7,1,CEOR7,15,2018-05-04 07:20:06,,8,4
534037987126144,374961261489998,2017,54,2,27,370.0,1.0,1,MIVI,1,MIVI,3,2018-05-04 07:20:06,,8,4
534037988126144,374961261489998,2017,54,2,27,370.0,3.0,1,MIVI,1,MIVI,1,2018-05-04 07:20:06,,8,4
534037989126144,374961261489998,2017,54,2,27,370.0,4.0,1,MIVI,1,MIVI,5,2018-05-04 07:20:06,,8,4
534037990126144,374961261489998,2017,54,2,27,370.0,4.0,1,ROMU,1,ROMU,3,2018-05-04 07:20:06,,8,4
534038172126144,374961312489998,2017,54,3,39,1127.0,2.0,2,MIVI,1,MIVI,7,2018-05-04 07:20:06,,8,4
534038173126144,374961312489998,2017,54,3,39,1127.0,4.0,1,MIVI,1,MIVI,3,2018-05-04 07:20:06,,8,4
534038174126144,374961312489998,2017,54,3,39,1127.0,2.0,2,ROPS,1,ROPS,3,2018-05-04 07:20:06,,8,4
534038175126144,374961312489998,2017,54,3,39,1127.0,4.0,1,ROPS,1,ROPS,5,2018-05-04 07:20:06,,8,4
468228525489998,306336099489998,2016,54,4,51,1731.0,4.0,2,MIVI,1,MIVI,6,2017-05-01 11:19:04,,8,3
534042552126144,374961167489998,2017,54,2,33,3590.0,2.0,1,BETH,1,BETH,1,2018-05-04 07:20:19,,8,4
534042553126144,374961167489998,2017,54,2,33,3590.0,3.0,1,BETH,1,BETH,1,2018-05-04 07:20:19,,8,4
534042554126144,374961167489998,2017,54,2,33,3590.0,4.0,1,BETH,1,BETH,2,2018-05-04 07:20:19,,8,4
534042555126144,374961167489998,2017,54,2,33,3590.0,1.0,1,CEOR7,1,CEOR7,2,2018-05-04 07:20:19,,8,4
534042556126144,374961167489998,2017,54,2,33,3590.0,4.0,1,CEOR7,1,CEOR7,1,2018-05-04 07:20:19,,8,4
534042557126144,374961167489998,2017,54,2,33,3590.0,1.0,1,ELUM,1,ELUM,15,2018-05-04 07:20:19,,8,4
534042558126144,374961167489998,2017,54,2,33,3590.0,2.0,1,ELUM,1,ELUM,50,2018-05-04 07:20:19,,8,4
534042559126144,374961167489998,2017,54,2,33,3590.0,3.0,1,ELUM,1,ELUM,20,2018-05-04 07:20:19,,8,4
534042560126144,374961167489998,2017,54,2,33,3590.0,4.0,1,ELUM,1,ELUM,30,2018-05-04 07:20:19,,8,4
534042561126144,374961167489998,2017,54,2,33,3590.0,4.0,1,LOJA,1,LOJA,5,2018-05-04 07:20:19,,8,4
534042562126144,374961167489998,2017,54,2,33,3590.0,1.0,1,LONIC,1,LONIC,2,2018-05-04 07:20:19,,8,4
534042563126144,374961167489998,2017,54,2,33,3590.0,3.0,1,LONIC,1,LONIC,2,2018-05-04 07:20:19,,8,4
534042564126144,374961167489998,2017,54,2,33,3590.0,2.0,1,MIVI,1,MIVI,10,2018-05-04 07:20:19,,8,4
534038733126144,374961399489998,2017,54,4,99,56.0,4.0,1,AIAL,1,AIAL,30,2018-05-04 07:20:09,,8,4
534038734126144,374961399489998,2017,54,4,99,56.0,2.0,1,LOJA,1,LOJA,1,2018-05-04 07:20:09,,8,4
534038735126144,374961399489998,2017,54,4,99,56.0,4.0,1,LOJA,1,LOJA,1,2018-05-04 07:20:09,,8,4
534038736126144,374961399489998,2017,54,4,99,56.0,1.0,1,MIVI,1,MIVI,25,2018-05-04 07:20:09,,8,4
534042565126144,374961167489998,2017,54,2,33,3590.0,4.0,1,MIVI,1,MIVI,1,2018-05-04 07:20:19,,8,4
534042566126144,374961167489998,2017,54,2,33,3590.0,1.0,1,ROMU,1,ROMU,5,2018-05-04 07:20:19,,8,4
534042567126144,374961167489998,2017,54,2,33,3590.0,2.0,1,ROMU,1,ROMU,2,2018-05-04 07:20:19,,8,4
534042568126144,374961167489998,2017,54,2,33,3590.0,3.0,1,ROMU,1,ROMU,20,2018-05-04 07:20:19,,8,4
534042569126144,374961167489998,2017,54,2,33,3590.0,4.0,1,ROMU,1,ROMU,10,2018-05-04 07:20:19,,8,4
534042570126144,374961167489998,2017,54,2,33,3590.0,2.0,1,ROPS,1,ROPS,55,2018-05-04 07:20:19,,8,4
534040363126144,374961180489998,2017,54,4,85,347.0,2.0,1,AIAL,1,AIAL,3,2018-05-04 07:20:13,,8,4
534040364126144,374961180489998,2017,54,4,85,347.0,1.0,1,LOJA,1,LOJA,1,2018-05-04 07:20:13,,8,4
534040365126144,374961180489998,2017,54,4,85,347.0,2.0,1,LOJA,1,LOJA,1,2018-05-04 07:20:13,,8,4
534040366126144,374961180489998,2017,54,4,85,347.0,2.0,1,MIVI,1,MIVI,38,2018-05-04 07:20:13,,8,4
534040367126144,374961180489998,2017,54,4,85,347.0,1.0,1,ROMU,1,ROMU,1,2018-05-04 07:20:13,,8,4
534040368126144,374961180489998,2017,54,4,85,347.0,2.0,1,ROMU,1,ROMU,2,2018-05-04 07:20:13,,8,4
534040369126144,374961180489998,2017,54,4,85,347.0,3.0,1,ROMU,1,ROMU,1,2018-05-04 07:20:13,,8,4
534040569126144,374961288489998,2017,54,2,71,822.0,1.0,1,ALPE4,1,ALPE4,1,2018-05-04 07:20:14,,8,4
534040570126144,374961288489998,2017,54,2,71,822.0,2.0,1,ALPE4,1,ALPE4,1,2018-05-04 07:20:14,,8,4
534038737126144,374961399489998,2017,54,4,99,56.0,2.0,1,MIVI,1,MIVI,30,2018-05-04 07:20:09,,8,4
534038738126144,374961399489998,2017,54,4,99,56.0,3.0,1,MIVI,1,MIVI,1,2018-05-04 07:20:09,,8,4
534038739126144,374961399489998,2017,54,4,99,56.0,4.0,1,MIVI,1,MIVI,45,2018-05-04 07:20:09,,8,4
534038740126144,374961399489998,2017,54,4,99,56.0,1.0,1,ROMU,1,ROMU,1,2018-05-04 07:20:09,,8,4
534038741126144,374961399489998,2017,54,4,99,56.0,2.0,1,ROMU,1,ROMU,3,2018-05-04 07:20:09,,8,4
534038742126144,374961399489998,2017,54,4,99,56.0,3.0,1,ROMU,1,ROMU,1,2018-05-04 07:20:09,,8,4
534038743126144,374961399489998,2017,54,4,99,56.0,4.0,1,ROMU,1,ROMU,20,2018-05-04 07:20:09,,8,4
534038909126144,374961413489998,2017,54,2,57,102.0,2.0,1,ROPS,1,ROPS,7,2018-05-04 07:20:10,,8,4
534039799126144,374961226489998,2017,54,3,25,1520.0,1.0,1,ROPS,1,ROPS,15,2018-05-04 07:20:12,,8,4
534039800126144,374961226489998,2017,54,3,25,1520.0,4.0,1,ROPS,1,ROPS,5,2018-05-04 07:20:12,,8,4
534039917126144,374961245489998,2017,54,3,25,268.0,2.0,1,ROMU,1,ROMU,1,2018-05-04 07:20:13,,8,4
534039918126144,374961245489998,2017,54,3,25,268.0,2.0,1,ROPS,1,ROPS,10,2018-05-04 07:20:13,,8,4
534039919126144,374961245489998,2017,54,3,25,268.0,4.0,1,ROPS,1,ROPS,5,2018-05-04 07:20:13,,8,4
534042550126144,374961167489998,2017,54,2,33,3590.0,3.0,1,AIAL,1,AIAL,3,2018-05-04 07:20:19,,8,4
534042551126144,374961167489998,2017,54,2,33,3590.0,1.0,1,BETH,1,BETH,1,2018-05-04 07:20:19,,8,4
757091666290487,513410634126144,2019,54,4,53,1482.0,4.0,1,MIVI,1,MIVI,1,2020-06-26 16:03:59,,8,6
757091667290487,513410634126144,2019,54,4,53,1482.0,3.0,1,ROMU,1,ROMU,1,2020-06-26 16:03:59,,8,6
757086155290487,513410591126144,2019,54,4,107,934.0,1.0,2,ELUM,1,ELUM,1,2020-06-26 16:03:38,,8,6
757086156290487,513410591126144,2019,54,4,107,934.0,3.0,1,ELUM,1,ELUM,1,2020-06-26 16:03:38,,8,6
757086157290487,513410591126144,2019,54,4,107,934.0,4.0,2,ELUM,1,ELUM,1,2020-06-26 16:03:38,,8,6
757086158290487,513410591126144,2019,54,4,107,934.0,1.0,1,LOJA,1,LOJA,4,2020-06-26 16:03:38,,8,6
757086159290487,513410591126144,2019,54,4,107,934.0,1.0,2,LOJA,1,LOJA,2,2020-06-26 16:03:38,,8,6
757086160290487,513410591126144,2019,54,4,107,934.0,2.0,1,LOJA,1,LOJA,2,2020-06-26 16:03:38,,8,6
757086161290487,513410591126144,2019,54,4,107,934.0,3.0,1,LOJA,1,LOJA,2,2020-06-26 16:03:38,,8,6
757086162290487,513410591126144,2019,54,4,107,934.0,4.0,2,LOJA,1,LOJA,10,2020-06-26 16:03:38,,8,6
757086163290487,513410591126144,2019,54,4,107,934.0,1.0,1,MIVI,1,MIVI,4,2020-06-26 16:03:38,,8,6
757086164290487,513410591126144,2019,54,4,107,934.0,1.0,2,MIVI,1,MIVI,1,2020-06-26 16:03:38,,8,6
1674880586290487,816547059290487,2022,54,3,67,2152.0,1.0,1,LOJA,1,LOJA,1,2024-09-11 07:42:23,,9,2
1674880587290487,816547059290487,2022,54,3,67,2152.0,2.0,1,LOJA,1,LOJA,15,2024-09-11 07:42:23,,9,2
1674880588290487,816547059290487,2022,54,3,67,2152.0,2.0,1,LYNU,1,LYNU,15,2024-09-11 07:42:23,,9,2
1674880589290487,816547059290487,2022,54,3,67,2152.0,1.0,1,MIVI,1,MIVI,3,2024-09-11 07:42:23,,9,2
1674880590290487,816547059290487,2022,54,3,67,2152.0,2.0,1,MIVI,1,MIVI,20,2024-09-11 07:42:23,,9,2
1674880591290487,816547059290487,2022,54,3,67,2152.0,4.0,1,MIVI,1,MIVI,3,2024-09-11 07:42:23,,9,2
1674880592290487,816547059290487,2022,54,3,67,2152.0,2.0,1,ROMU,1,ROMU,20,2024-09-11 07:42:23,,9,2
1674880593290487,816547059290487,2022,54,3,67,2152.0,4.0,1,ROMU,1,ROMU,1,2024-09-11 07:42:23,,9,2
1674884435290487,816547390290487,2022,54,3,25,2331.0,2.0,1,AIAL,1,AIAL,10,2024-09-11 07:42:36,,9,2
1674884436290487,816547390290487,2022,54,3,25,2331.0,3.0,1,AIAL,1,AIAL,7,2024-09-11 07:42:36,,9,2
1674884437290487,816547390290487,2022,54,3,25,2331.0,2.0,1,BEVU,1,BEVU,10,2024-09-11 07:42:36,,9,2
1674884438290487,816547390290487,2022,54,3,25,2331.0,3.0,1,BEVU,1,BEVU,2,2024-09-11 07:42:36,,9,2
1674884439290487,816547390290487,2022,54,3,25,2331.0,3.0,1,ELUM,1,ELUM,2,2024-09-11 07:42:36,,9,2
1674884440290487,816547390290487,2022,54,3,25,2331.0,3.0,1,LOJA,1,LOJA,1,2024-09-11 07:42:36,,9,2
1674884441290487,816547390290487,2022,54,3,25,2331.0,4.0,1,LOJA,1,LOJA,1,2024-09-11 07:42:36,,9,2
1674884442290487,816547390290487,2022,54,3,25,2331.0,1.0,1,MIVI,1,MIVI,1,2024-09-11 07:42:36,,9,2
1674884443290487,816547390290487,2022,54,3,25,2331.0,2.0,1,MIVI,1,MIVI,15,2024-09-11 07:42:36,,9,2
1674884444290487,816547390290487,2022,54,3,25,2331.0,3.0,1,MIVI,1,MIVI,50,2024-09-11 07:42:36,,9,2
1674884445290487,816547390290487,2022,54,3,25,2331.0,4.0,1,MIVI,1,MIVI,7,2024-09-11 07:42:36,,9,2
1674884446290487,816547390290487,2022,54,3,25,2331.0,1.0,1,ROMU,1,ROMU,2,2024-09-11 07:42:36,,9,2
1674884447290487,816547390290487,2022,54,3,25,2331.0,2.0,1,ROMU,1,ROMU,15,2024-09-11 07:42:36,,9,2
1674884448290487,816547390290487,2022,54,3,25,2331.0,3.0,1,ROMU,1,ROMU,20,2024-09-11 07:42:36,,9,2
1674884449290487,816547390290487,2022,54,3,25,2331.0,4.0,1,ROMU,1,ROMU,1,2024-09-11 07:42:36,,9,2
1674884450290487,816547390290487,2022,54,3,25,2331.0,1.0,1,ROPS,1,ROPS,20,2024-09-11 07:42:36,,9,2
1674884451290487,816547390290487,2022,54,3,25,2331.0,2.0,1,ROPS,1,ROPS,2,2024-09-11 07:42:36,,9,2
1674884452290487,816547390290487,2022,54,3,25,2331.0,3.0,1,ROPS,1,ROPS,1,2024-09-11 07:42:36,,9,2
1674884453290487,816547390290487,2022,54,3,25,2331.0,4.0,1,ROPS,1,ROPS,3,2024-09-11 07:42:36,,9,2
1674877952290487,816547109290487,2022,54,2,93,668.0,2.0,1,ROMU,1,ROMU,2,2024-09-11 07:42:13,,9,2
1674877953290487,816547109290487,2022,54,2,93,668.0,1.0,1,ROPS,1,ROPS,5,2024-09-11 07:42:13,,9,2
1674878663290487,816547170290487,2022,54,3,39,791.0,2.0,1,AIAL,1,AIAL,1,2024-09-11 07:42:18,,9,2
1674878664290487,816547170290487,2022,54,3,39,791.0,3.0,1,AIAL,1,AIAL,2,2024-09-11 07:42:18,,9,2
1674878665290487,816547170290487,2022,54,3,39,791.0,1.0,1,ELUM,1,ELUM,1,2024-09-11 07:42:18,,9,2
1674878666290487,816547170290487,2022,54,3,39,791.0,1.0,1,MIVI,1,MIVI,3,2024-09-11 07:42:18,,9,2
1674878667290487,816547170290487,2022,54,3,39,791.0,4.0,1,MIVI,1,MIVI,30,2024-09-11 07:42:18,,9,2
1674878668290487,816547170290487,2022,54,3,39,791.0,1.0,1,ROMU,1,ROMU,1,2024-09-11 07:42:18,,9,2
1674884839290487,816547239290487,2022,54,4,17,2692.0,1.0,1,ROMU,1,ROMU,3,2024-09-11 07:42:37,,9,2
1674884840290487,816547239290487,2022,54,4,17,2692.0,2.0,1,ROMU,1,ROMU,1,2024-09-11 07:42:37,,9,2
1674884841290487,816547239290487,2022,54,4,17,2692.0,3.0,1,ROMU,1,ROMU,5,2024-09-11 07:42:37,,9,2
1674884842290487,816547239290487,2022,54,4,17,2692.0,4.0,1,ROMU,1,ROMU,2,2024-09-11 07:42:37,,9,2
1674885020290487,816547285290487,2022,54,3,25,580.0,1.0,1,ALPE4,1,ALPE4,1,2024-09-11 07:42:37,,9,2
1674885021290487,816547285290487,2022,54,3,25,580.0,2.0,1,ALPE4,1,ALPE4,1,2024-09-11 07:42:37,,9,2
1674885022290487,816547285290487,2022,54,3,25,580.0,1.0,1,ROMU,1,ROMU,1,2024-09-11 07:42:37,,9,2
1674878669290487,816547170290487,2022,54,3,39,791.0,4.0,1,ROMU,1,ROMU,1,2024-09-11 07:42:18,,9,2
1674878944290487,816547250290487,2022,54,3,89,2394.0,3.0,1,BEVU,1,BEVU,5,2024-09-11 07:42:18,,9,2
1674878946290487,816547250290487,2022,54,3,89,2394.0,1.0,1,ELUM,1,ELUM,2,2024-09-11 07:42:18,,9,2
1674878947290487,816547250290487,2022,54,3,89,2394.0,2.0,1,ELUM,1,ELUM,10,2024-09-11 07:42:18,,9,2
1674878948290487,816547250290487,2022,54,3,89,2394.0,3.0,1,ELUM,1,ELUM,10,2024-09-11 07:42:18,,9,2
1674878949290487,816547250290487,2022,54,3,89,2394.0,2.0,1,ROMU,1,ROMU,1,2024-09-11 07:42:18,,9,2
1674878950290487,816547250290487,2022,54,3,89,2394.0,3.0,1,ROMU,1,ROMU,2,2024-09-11 07:42:18,,9,2
1674878951290487,816547250290487,2022,54,3,89,2394.0,4.0,1,ROMU,1,ROMU,1,2024-09-11 07:42:18,,9,2
1674879254290487,816547317290487,2022,54,2,91,1873.0,1.0,1,BETH,1,BETH,2,2024-09-11 07:42:21,,9,2
1674879255290487,816547317290487,2022,54,2,91,1873.0,2.0,1,BETH,1,BETH,5,2024-09-11 07:42:21,,9,2
1674879256290487,816547317290487,2022,54,2,91,1873.0,4.0,1,BETH,1,BETH,2,2024-09-11 07:42:21,,9,2
1674879257290487,816547317290487,2022,54,2,91,1873.0,1.0,1,CEOR7,1,CEOR7,1,2024-09-11 07:42:21,,9,2
1674879258290487,816547317290487,2022,54,2,91,1873.0,4.0,1,CEOR7,1,CEOR7,1,2024-09-11 07:42:21,,9,2
1674879259290487,816547317290487,2022,54,2,91,1873.0,4.0,1,ELUM,1,ELUM,5,2024-09-11 07:42:21,,9,2
1674879260290487,816547317290487,2022,54,2,91,1873.0,2.0,1,LONIC,1,LONIC,1,2024-09-11 07:42:21,,9,2
1674879261290487,816547317290487,2022,54,2,91,1873.0,4.0,1,LONIC,1,LONIC,1,2024-09-11 07:42:21,,9,2
1674879262290487,816547317290487,2022,54,2,91,1873.0,1.0,1,MIVI,1,MIVI,1,2024-09-11 07:42:21,,9,2
1674879263290487,816547317290487,2022,54,2,91,1873.0,2.0,1,MIVI,1,MIVI,1,2024-09-11 07:42:21,,9,2
1674879264290487,816547317290487,2022,54,2,91,1873.0,4.0,1,MIVI,1,MIVI,1,2024-09-11 07:42:21,,9,2
1674879265290487,816547317290487,2022,54,2,91,1873.0,1.0,1,ROMU,1,ROMU,2,2024-09-11 07:42:21,,9,2
1674879268290487,816547317290487,2022,54,2,91,1873.0,2.0,1,ROMU,1,ROMU,5,2024-09-11 07:42:21,,9,2
384473193489998,249981950489998,2015,54,4,107,762.0,2.0,2,LOJA,1,LOJA,25,2016-04-07 14:29:03,,8,2
384473194489998,249981950489998,2015,54,4,107,762.0,2.0,2,MIVI,1,MIVI,20,2016-04-07 14:29:03,,8,2
384473195489998,249981950489998,2015,54,4,107,762.0,2.0,2,ROMU,1,ROMU,15,2016-04-07 14:29:03,,8,2
384473435489998,249982012489998,2015,54,3,55,737.0,2.0,1,ROPS,1,ROPS,1,2016-04-07 14:29:05,,8,2
384473436489998,249982012489998,2015,54,3,55,737.0,3.0,1,ROPS,1,ROPS,8,2016-04-07 14:29:05,,8,2
384473766489998,171920548020004,2015,54,4,13,1500.0,1.0,1,MIVI,1,MIVI,1,2016-04-07 14:29:07,,8,2
384473767489998,171920548020004,2015,54,4,13,1500.0,2.0,1,MIVI,1,MIVI,25,2016-04-07 14:29:07,,8,2
384473768489998,171920548020004,2015,54,4,13,1500.0,1.0,1,ROMU,1,ROMU,1,2016-04-07 14:29:07,,8,2
384473769489998,171920548020004,2015,54,4,13,1500.0,2.0,1,ROMU,1,ROMU,1,2016-04-07 14:29:07,,8,2
384473770489998,171920548020004,2015,54,4,13,1500.0,3.0,1,ROMU,1,ROMU,1,2016-04-07 14:29:07,,8,2
384473771489998,171920548020004,2015,54,4,13,1500.0,4.0,1,ROMU,1,ROMU,2,2016-04-07 14:29:07,,8,2
384473953489998,171920677020004,2015,54,3,25,2331.0,2.0,1,AIAL,1,AIAL,10,2016-04-07 14:29:08,,8,2
384473954489998,171920677020004,2015,54,3,25,2331.0,2.0,1,BEVU,1,BEVU,2,2016-04-07 14:29:08,,8,2
384473955489998,171920677020004,2015,54,3,25,2331.0,3.0,1,CIVU,1,CIVU,1,2016-04-07 14:29:08,,8,2
384473956489998,171920677020004,2015,54,3,25,2331.0,3.0,1,ELUM,1,ELUM,10,2016-04-07 14:29:08,,8,2
384473957489998,171920677020004,2015,54,3,25,2331.0,1.0,1,ROMU,1,ROMU,1,2016-04-07 14:29:08,,8,2
384473958489998,171920677020004,2015,54,3,25,2331.0,2.0,1,ROMU,1,ROMU,20,2016-04-07 14:29:08,,8,2
384473959489998,171920677020004,2015,54,3,25,2331.0,3.0,1,ROMU,1,ROMU,40,2016-04-07 14:29:08,,8,2
468231980489998,306336130489998,2016,54,4,87,1586.0,1.0,1,MIVI,1,MIVI,65,2017-05-01 11:19:33,,8,3
468231981489998,306336130489998,2016,54,4,87,1586.0,3.0,1,MIVI,1,MIVI,70,2017-05-01 11:19:33,,8,3
468231982489998,306336130489998,2016,54,4,87,1586.0,1.0,1,ROMU,1,ROMU,1,2017-05-01 11:19:33,,8,3
468232116489998,306336149489998,2016,54,3,5,2402.0,2.0,1,AIAL,1,AIAL,2,2017-05-01 11:19:33,,8,3
468232117489998,306336149489998,2016,54,3,5,2402.0,1.0,1,MIVI,1,MIVI,5,2017-05-01 11:19:33,,8,3
468232118489998,306336149489998,2016,54,3,5,2402.0,2.0,1,MIVI,1,MIVI,45,2017-05-01 11:19:33,,8,3
468232119489998,306336149489998,2016,54,3,5,2402.0,4.0,1,MIVI,1,MIVI,1,2017-05-01 11:19:33,,8,3
468232686489998,306336209489998,2016,54,3,25,225.0,1.0,1,ELUM,1,ELUM,10,2017-05-01 11:19:39,,8,3
468232687489998,306336209489998,2016,54,3,25,225.0,3.0,1,ELUM,1,ELUM,5,2017-05-01 11:19:39,,8,3
468232688489998,306336209489998,2016,54,3,25,225.0,4.0,1,ELUM,1,ELUM,7,2017-05-01 11:19:39,,8,3
468232689489998,306336209489998,2016,54,3,25,225.0,1.0,1,LIVU,1,LIVU,5,2017-05-01 11:19:39,,8,3
468232690489998,306336209489998,2016,54,3,25,225.0,3.0,1,LIVU,1,LIVU,5,2017-05-01 11:19:39,,8,3
468232691489998,306336209489998,2016,54,3,25,225.0,1.0,1,MIVI,1,MIVI,10,2017-05-01 11:19:39,,8,3
384473960489998,171920677020004,2015,54,3,25,2331.0,1.0,1,ROPS,1,ROPS,10,2016-04-07 14:29:08,,8,2
468232692489998,306336209489998,2016,54,3,25,225.0,2.0,1,MIVI,1,MIVI,5,2017-05-01 11:19:39,,8,3
468232693489998,306336209489998,2016,54,3,25,225.0,4.0,1,MIVI,1,MIVI,1,2017-05-01 11:19:39,,8,3
468232694489998,306336209489998,2016,54,3,25,225.0,1.0,1,ROMU,1,ROMU,15,2017-05-01 11:19:39,,8,3
468232695489998,306336209489998,2016,54,3,25,225.0,2.0,1,ROMU,1,ROMU,40,2017-05-01 11:19:39,,8,3
468232696489998,306336209489998,2016,54,3,25,225.0,3.0,1,ROMU,1,ROMU,10,2017-05-01 11:19:39,,8,3
468232697489998,306336209489998,2016,54,3,25,225.0,4.0,1,ROMU,1,ROMU,15,2017-05-01 11:19:39,,8,3
468228350489998,306336023489998,2016,54,3,63,1793.0,1.0,1,ALPE4,1,ALPE4,1,2017-05-01 11:19:02,,8,3
468228351489998,306336023489998,2016,54,3,63,1793.0,2.0,1,ALPE4,1,ALPE4,1,2017-05-01 11:19:02,,8,3
468228352489998,306336023489998,2016,54,3,63,1793.0,4.0,1,ALPE4,1,ALPE4,3,2017-05-01 11:19:02,,8,3
468228353489998,306336023489998,2016,54,3,63,1793.0,1.0,1,LIVU,1,LIVU,10,2017-05-01 11:19:02,,8,3
468228354489998,306336023489998,2016,54,3,63,1793.0,2.0,1,LIVU,1,LIVU,5,2017-05-01 11:19:02,,8,3
468228355489998,306336023489998,2016,54,3,63,1793.0,3.0,2,LIVU,1,LIVU,1,2017-05-01 11:19:02,,8,3
468228356489998,306336023489998,2016,54,3,63,1793.0,4.0,1,LIVU,1,LIVU,5,2017-05-01 11:19:02,,8,3
384473961489998,171920677020004,2015,54,3,25,2331.0,2.0,1,ROPS,1,ROPS,1,2016-04-07 14:29:08,,8,2
384473962489998,171920677020004,2015,54,3,25,2331.0,3.0,1,ROPS,1,ROPS,5,2016-04-07 14:29:08,,8,2
384473963489998,171920677020004,2015,54,3,25,2331.0,4.0,1,ROPS,1,ROPS,5,2016-04-07 14:29:08,,8,2
384474142489998,249981835489998,2015,54,4,9,576.0,2.0,1,ALPE4,1,ALPE4,10,2016-04-07 14:29:09,,8,2
384474143489998,249981835489998,2015,54,4,9,576.0,2.0,1,MIVI,1,MIVI,1,2016-04-07 14:29:09,,8,2
384474283489998,249981845489998,2015,54,2,31,1695.0,1.0,2,ROPS,1,ROPS,1,2016-04-07 14:29:10,,8,2
384474284489998,249981845489998,2015,54,2,31,1695.0,2.0,2,ROPS,1,ROPS,2,2016-04-07 14:29:10,,8,2
468230904489998,306336016489998,2016,54,2,83,237.0,3.0,1,ROMU,1,ROMU,1,2017-05-01 11:19:21,,8,3
468230905489998,306336016489998,2016,54,2,83,237.0,1.0,1,ROPS,1,ROPS,30,2017-05-01 11:19:21,,8,3
468230906489998,306336016489998,2016,54,2,83,237.0,3.0,1,ROPS,1,ROPS,20,2017-05-01 11:19:21,,8,3
468231265489998,306336165489998,2016,54,4,107,2443.0,1.0,1,AIAL,1,AIAL,50,2017-05-01 11:19:24,,8,3
468231266489998,306336165489998,2016,54,4,107,2443.0,4.0,1,AIAL,1,AIAL,2,2017-05-01 11:19:24,,8,3
468231267489998,306336165489998,2016,54,4,107,2443.0,2.0,1,BETH,1,BETH,2,2017-05-01 11:19:24,,8,3
468231268489998,306336165489998,2016,54,4,107,2443.0,1.0,1,ELUM,1,ELUM,5,2017-05-01 11:19:24,,8,3
468231269489998,306336165489998,2016,54,4,107,2443.0,4.0,1,ELUM,1,ELUM,10,2017-05-01 11:19:24,,8,3
468231270489998,306336165489998,2016,54,4,107,2443.0,1.0,1,LOJA,1,LOJA,20,2017-05-01 11:19:24,,8,3
468231271489998,306336165489998,2016,54,4,107,2443.0,1.0,1,LOMA6,1,LOMA6,2,2017-05-01 11:19:24,,8,3
468231272489998,306336165489998,2016,54,4,107,2443.0,1.0,1,MIVI,1,MIVI,50,2017-05-01 11:19:24,,8,3
468231273489998,306336165489998,2016,54,4,107,2443.0,2.0,1,MIVI,1,MIVI,90,2017-05-01 11:19:24,,8,3
468231274489998,306336165489998,2016,54,4,107,2443.0,3.0,1,MIVI,1,MIVI,60,2017-05-01 11:19:24,,8,3
468231275489998,306336165489998,2016,54,4,107,2443.0,4.0,1,MIVI,1,MIVI,75,2017-05-01 11:19:24,,8,3
468231276489998,306336165489998,2016,54,4,107,2443.0,1.0,1,ROMU,1,ROMU,40,2017-05-01 11:19:24,,8,3
468231277489998,306336165489998,2016,54,4,107,2443.0,2.0,1,ROMU,1,ROMU,12,2017-05-01 11:19:24,,8,3
222863664010661,122560808010661,2007,54,4,79,879.0,3.0,1,ELUM,1,ELUM,12,2010-03-01 11:22:09,2012-02-28 07:06:24,6,4
222863667010661,122560808010661,2007,54,4,79,879.0,3.0,1,LOJA,1,LOJA,8,2010-03-01 11:22:09,2012-02-28 07:05:58,6,4
222863669010661,122560808010661,2007,54,4,79,879.0,3.0,1,ROMU,1,ROMU,1,2010-03-01 11:22:09,2012-02-28 07:06:54,6,4
222863661010661,122560808010661,2007,54,4,79,879.0,4.0,1,AIAL,1,AIAL,2,2010-03-01 11:22:09,2012-02-28 07:06:12,6,4
222863663010661,122560808010661,2007,54,4,79,879.0,4.0,1,DICHA2,2,MIVI,5,2010-03-01 11:22:09,2012-02-28 07:02:50,6,4
222863668010661,122560808010661,2007,54,4,79,879.0,4.0,1,LOJA,1,LOJA,8,2010-03-01 11:22:09,2012-02-28 07:05:44,6,4
222863734010661,122560680010661,2007,54,4,87,364.0,3.0,2,ELUM,1,ELUM,45,2010-03-01 11:22:09,2012-02-28 07:14:41,6,4
222863735010661,122560680010661,2007,54,4,87,364.0,3.0,2,MIVI,1,MIVI,2,2010-03-01 11:22:09,2012-02-28 07:14:41,6,4
222863736010661,122560680010661,2007,54,4,87,364.0,3.0,2,ROMU,1,ROMU,16,2010-03-01 11:22:09,2012-02-28 07:13:44,6,4
222863780010661,122560186010661,2007,54,2,101,2435.0,1.0,1,ALPE4,1,ALPE4,2,2010-03-01 11:22:09,2012-02-28 07:14:11,6,4
222863782010661,122560186010661,2007,54,2,101,2435.0,1.0,1,ROMU,1,ROMU,3,2010-03-01 11:22:09,2012-02-28 07:14:40,6,4
222863786010661,122560186010661,2007,54,2,101,2435.0,1.0,1,ROPS,1,ROPS,3,2010-03-01 11:22:09,2012-02-28 07:13:16,6,4
222863783010661,122560186010661,2007,54,2,101,2435.0,2.0,1,ROMU,1,ROMU,2,2010-03-01 11:22:09,2012-02-28 07:14:40,6,4
222863787010661,122560186010661,2007,54,2,101,2435.0,2.0,1,ROPS,1,ROPS,12,2010-03-01 11:22:09,2012-02-28 07:13:16,6,4
222863781010661,122560186010661,2007,54,2,101,2435.0,3.0,1,MIVI,1,MIVI,1,2010-03-01 11:22:09,2012-02-28 07:12:49,6,4
222863784010661,122560186010661,2007,54,2,101,2435.0,3.0,1,ROMU,1,ROMU,6,2010-03-01 11:22:09,2012-02-28 07:14:40,6,4
222863788010661,122560186010661,2007,54,2,101,2435.0,3.0,1,ROPS,1,ROPS,25,2010-03-01 11:22:09,2012-02-28 07:13:16,6,4
222863785010661,122560186010661,2007,54,2,101,2435.0,4.0,1,ROMU,1,ROMU,10,2010-03-01 11:22:09,2012-02-28 07:14:40,6,4
222863954010661,171001132010661,2008,54,2,27,2352.0,1.0,1,MIVI,1,MIVI,70,2010-03-01 11:22:17,2012-02-28 07:14:20,6,5
222863951010661,171001132010661,2008,54,2,27,2352.0,2.0,1,BETH,1,BETH,5,2010-03-01 11:22:17,2012-02-28 07:14:50,6,5
222863953010661,171001132010661,2008,54,2,27,2352.0,2.0,1,ELUM,1,ELUM,5,2010-03-01 11:22:17,2012-02-28 07:13:26,6,5
222863955010661,171001132010661,2008,54,2,27,2352.0,2.0,1,MIVI,1,MIVI,65,2010-03-01 11:22:17,2012-02-28 07:14:20,6,5
222863957010661,171001132010661,2008,54,2,27,2352.0,2.0,1,ROMU,1,ROMU,1,2010-03-01 11:22:17,2012-02-28 07:12:06,6,5
222863952010661,171001132010661,2008,54,2,27,2352.0,3.0,1,BETH,1,BETH,1,2010-03-01 11:22:17,2012-02-28 07:14:50,6,5
222863956010661,171001132010661,2008,54,2,27,2352.0,3.0,1,MIVI,1,MIVI,35,2010-03-01 11:22:17,2012-02-28 07:14:20,6,5
222864117010661,171000407010661,2008,54,3,47,1518.0,1.0,1,ROMU,1,ROMU,1,2010-03-01 11:22:18,2012-02-28 07:13:52,6,5
222864118010661,171000407010661,2008,54,3,47,1518.0,2.0,1,ROMU,1,ROMU,2,2010-03-01 11:22:18,2012-02-28 07:13:52,6,5
222864119010661,171000407010661,2008,54,3,47,1518.0,3.0,1,ROMU,1,ROMU,1,2010-03-01 11:22:18,2012-02-28 07:13:52,6,5
222864120010661,171000407010661,2008,54,3,47,1518.0,4.0,2,ROMU,1,ROMU,1,2010-03-01 11:22:18,2012-02-28 07:13:52,6,5
222864121010661,171000407010661,2008,54,3,47,1518.0,4.0,2,ROPS,1,ROPS,1,2010-03-01 11:22:18,2012-02-28 07:12:32,6,5
222864186010661,171000506010661,2008,54,3,81,853.0,1.0,1,ROMU,1,ROMU,1,2010-03-01 11:22:18,2012-02-28 07:12:06,6,5
222864187010661,171000506010661,2008,54,3,81,853.0,2.0,1,ROMU,1,ROMU,1,2010-03-01 11:22:18,2012-02-28 07:12:06,6,5
222864188010661,171000506010661,2008,54,3,81,853.0,3.0,1,ROMU,1,ROMU,1,2010-03-01 11:22:18,2012-02-28 07:12:06,6,5
222863833010661,171001221010661,2008,54,2,3,463.0,1.0,1,CIAR4,1,CIAR4,1,2010-03-01 11:22:17,2012-02-28 07:14:22,6,5
222863835010661,171001221010661,2008,54,2,3,463.0,1.0,1,MIVI,1,MIVI,5,2010-03-01 11:22:17,2012-02-28 07:13:54,6,5
222863839010661,171001221010661,2008,54,2,3,463.0,1.0,1,ROPS,1,ROPS,40,2010-03-01 11:22:17,2012-02-28 07:12:59,6,5
222863834010661,171001221010661,2008,54,2,3,463.0,2.0,1,ELUM,1,ELUM,3,2010-03-01 11:22:17,2012-02-28 07:13:54,6,5
757086165290487,513410591126144,2019,54,4,107,934.0,2.0,1,MIVI,1,MIVI,3,2020-06-26 16:03:38,,8,6
757086166290487,513410591126144,2019,54,4,107,934.0,3.0,1,MIVI,1,MIVI,3,2020-06-26 16:03:38,,8,6
757086167290487,513410591126144,2019,54,4,107,934.0,4.0,2,MIVI,1,MIVI,17,2020-06-26 16:03:38,,8,6
757086168290487,513410591126144,2019,54,4,107,934.0,1.0,1,ROMU,1,ROMU,1,2020-06-26 16:03:38,,8,6
757086169290487,513410591126144,2019,54,4,107,934.0,1.0,2,ROMU,1,ROMU,2,2020-06-26 16:03:38,,8,6
757086170290487,513410591126144,2019,54,4,107,934.0,2.0,1,ROMU,1,ROMU,1,2020-06-26 16:03:38,,8,6
757086171290487,513410591126144,2019,54,4,107,934.0,3.0,1,ROMU,1,ROMU,1,2020-06-26 16:03:38,,8,6
757086172290487,513410591126144,2019,54,4,107,934.0,4.0,2,ROMU,1,ROMU,8,2020-06-26 16:03:38,,8,6
757086173290487,513410591126144,2019,54,4,107,934.0,1.0,1,ROPS,1,ROPS,4,2020-06-26 16:03:38,,8,6
757086174290487,513410591126144,2019,54,4,107,934.0,1.0,2,ROPS,1,ROPS,3,2020-06-26 16:03:38,,8,6
757086175290487,513410591126144,2019,54,4,107,934.0,4.0,2,ROPS,1,ROPS,3,2020-06-26 16:03:38,,8,6
757086367290487,513410596126144,2019,54,4,87,275.0,2.0,1,AIAL,1,AIAL,1,2020-06-26 16:03:41,,8,6
757086368290487,513410596126144,2019,54,4,87,275.0,3.0,1,BEVU,1,BEVU,1,2020-06-26 16:03:41,,8,6
757086369290487,513410596126144,2019,54,4,87,275.0,4.0,1,BEVU,1,BEVU,1,2020-06-26 16:03:41,,8,6
757086370290487,513410596126144,2019,54,4,87,275.0,1.0,1,ELUM,1,ELUM,35,2020-06-26 16:03:41,,8,6
757086371290487,513410596126144,2019,54,4,87,275.0,2.0,1,ELUM,1,ELUM,2,2020-06-26 16:03:41,,8,6
757086372290487,513410596126144,2019,54,4,87,275.0,3.0,1,ELUM,1,ELUM,20,2020-06-26 16:03:41,,8,6
757086373290487,513410596126144,2019,54,4,87,275.0,4.0,1,ELUM,1,ELUM,20,2020-06-26 16:03:41,,8,6
757086374290487,513410596126144,2019,54,4,87,275.0,3.0,1,LOJA,1,LOJA,2,2020-06-26 16:03:41,,8,6
757086375290487,513410596126144,2019,54,4,87,275.0,1.0,1,MIVI,1,MIVI,2,2020-06-26 16:03:41,,8,6
757086376290487,513410596126144,2019,54,4,87,275.0,3.0,1,MIVI,1,MIVI,10,2020-06-26 16:03:41,,8,6
757086377290487,513410596126144,2019,54,4,87,275.0,1.0,1,ROMU,1,ROMU,3,2020-06-26 16:03:41,,8,6
757086378290487,513410596126144,2019,54,4,87,275.0,2.0,1,ROMU,1,ROMU,1,2020-06-26 16:03:41,,8,6
757086379290487,513410596126144,2019,54,4,87,275.0,3.0,1,ROMU,1,ROMU,4,2020-06-26 16:03:41,,8,6
757086380290487,513410596126144,2019,54,4,87,275.0,4.0,1,ROMU,1,ROMU,1,2020-06-26 16:03:41,,8,6
757086584290487,513410581126144,2019,54,4,29,2007.0,1.0,1,AIAL,1,AIAL,2,2020-06-26 16:03:42,,8,6
757091665290487,513410634126144,2019,54,4,53,1482.0,3.0,1,MIVI,1,MIVI,3,2020-06-26 16:03:59,,8,6
757086585290487,513410581126144,2019,54,4,29,2007.0,4.0,1,AIAL,1,AIAL,30,2020-06-26 16:03:42,,8,6
757086586290487,513410581126144,2019,54,4,29,2007.0,1.0,1,ALPE4,1,ALPE4,2,2020-06-26 16:03:42,,8,6
757086587290487,513410581126144,2019,54,4,29,2007.0,2.0,1,ALPE4,1,ALPE4,2,2020-06-26 16:03:42,,8,6
757086588290487,513410581126144,2019,54,4,29,2007.0,3.0,1,ALPE4,1,ALPE4,15,2020-06-26 16:03:42,,8,6
757086589290487,513410581126144,2019,54,4,29,2007.0,4.0,1,ALPE4,1,ALPE4,10,2020-06-26 16:03:42,,8,6
757086590290487,513410581126144,2019,54,4,29,2007.0,1.0,1,MIVI,1,MIVI,15,2020-06-26 16:03:42,,8,6
757086591290487,513410581126144,2019,54,4,29,2007.0,2.0,1,MIVI,1,MIVI,15,2020-06-26 16:03:42,,8,6
757086592290487,513410581126144,2019,54,4,29,2007.0,3.0,1,MIVI,1,MIVI,5,2020-06-26 16:03:42,,8,6
757086593290487,513410581126144,2019,54,4,29,2007.0,4.0,1,MIVI,1,MIVI,80,2020-06-26 16:03:42,,8,6
757086594290487,513410581126144,2019,54,4,29,2007.0,4.0,1,ROMU,1,ROMU,1,2020-06-26 16:03:42,,8,6
757086903290487,513410485126144,2019,54,3,19,442.0,2.0,1,ELUM,1,ELUM,1,2020-06-26 16:03:43,,8,6
757086904290487,513410485126144,2019,54,3,19,442.0,2.0,1,ROMU,1,ROMU,2,2020-06-26 16:03:43,,8,6
757086905290487,513410485126144,2019,54,3,19,442.0,3.0,1,ROMU,1,ROMU,1,2020-06-26 16:03:43,,8,6
757086906290487,513410485126144,2019,54,3,19,442.0,4.0,1,ROMU,1,ROMU,2,2020-06-26 16:03:43,,8,6
757087422290487,513410661126144,2019,54,4,11,26.0,1.0,1,ALPE4,1,ALPE4,2,2020-06-26 16:03:46,,8,6
757087423290487,513410661126144,2019,54,4,11,26.0,1.0,1,BETH,1,BETH,3,2020-06-26 16:03:46,,8,6
757087424290487,513410661126144,2019,54,4,11,26.0,2.0,1,BETH,1,BETH,1,2020-06-26 16:03:46,,8,6
757087425290487,513410661126144,2019,54,4,11,26.0,2.0,2,BETH,1,BETH,1,2020-06-26 16:03:46,,8,6
757087426290487,513410661126144,2019,54,4,11,26.0,3.0,1,BETH,1,BETH,1,2020-06-26 16:03:46,,8,6
757087427290487,513410661126144,2019,54,4,11,26.0,4.0,1,BETH,1,BETH,1,2020-06-26 16:03:46,,8,6
757087428290487,513410661126144,2019,54,4,11,26.0,1.0,1,CEOR7,1,CEOR7,20,2020-06-26 16:03:46,,8,6
757087429290487,513410661126144,2019,54,4,11,26.0,2.0,1,CEOR7,1,CEOR7,5,2020-06-26 16:03:46,,8,6
757087430290487,513410661126144,2019,54,4,11,26.0,2.0,2,CEOR7,1,CEOR7,2,2020-06-26 16:03:46,,8,6
757087431290487,513410661126144,2019,54,4,11,26.0,3.0,1,CEOR7,1,CEOR7,1,2020-06-26 16:03:46,,8,6
757087432290487,513410661126144,2019,54,4,11,26.0,4.0,1,CEOR7,1,CEOR7,25,2020-06-26 16:03:46,,8,6
757087433290487,513410661126144,2019,54,4,11,26.0,1.0,1,LIVU,1,LIVU,1,2020-06-26 16:03:46,,8,6
757087434290487,513410661126144,2019,54,4,11,26.0,2.0,1,LIVU,1,LIVU,5,2020-06-26 16:03:46,,8,6
757087435290487,513410661126144,2019,54,4,11,26.0,2.0,2,LIVU,1,LIVU,2,2020-06-26 16:03:46,,8,6
757087436290487,513410661126144,2019,54,4,11,26.0,3.0,1,LIVU,1,LIVU,3,2020-06-26 16:03:46,,8,6
757087437290487,513410661126144,2019,54,4,11,26.0,4.0,1,LIVU,1,LIVU,1,2020-06-26 16:03:46,,8,6
757087438290487,513410661126144,2019,54,4,11,26.0,1.0,1,LOJA,1,LOJA,5,2020-06-26 16:03:46,,8,6
661335993126144,465275918489998,2018,54,2,27,1443.0,2.0,1,ALPE4,1,ALPE4,30,2019-05-10 08:02:36,,8,5
661336206126144,465275664489998,2018,54,2,83,3587.0,4.0,1,MIVI,1,MIVI,1,2019-05-10 08:02:37,,8,5
661336207126144,465275664489998,2018,54,2,83,3587.0,2.0,1,ROMU,1,ROMU,1,2019-05-10 08:02:37,,8,5
661336208126144,465275664489998,2018,54,2,83,3587.0,3.0,1,ROMU,1,ROMU,3,2019-05-10 08:02:37,,8,5
661336209126144,465275664489998,2018,54,2,83,3587.0,4.0,1,ROMU,1,ROMU,2,2019-05-10 08:02:37,,8,5
661336210126144,465275664489998,2018,54,2,83,3587.0,1.0,1,ROPS,1,ROPS,1,2019-05-10 08:02:37,,8,5
661336211126144,465275664489998,2018,54,2,83,3587.0,2.0,1,ROPS,1,ROPS,1,2019-05-10 08:02:37,,8,5
661333082126144,465275759489998,2018,54,3,109,379.0,3.0,2,ROMU,1,ROMU,1,2019-05-10 08:02:23,,8,5
661333083126144,465275759489998,2018,54,3,109,379.0,4.0,1,ROMU,1,ROMU,1,2019-05-10 08:02:23,,8,5
661333267126144,465275786489998,2018,54,2,7,1681.0,1.0,1,ELUM,1,ELUM,10,2019-05-10 08:02:24,,8,5
661333268126144,465275786489998,2018,54,2,7,1681.0,2.0,1,ELUM,1,ELUM,2,2019-05-10 08:02:24,,8,5
661333269126144,465275786489998,2018,54,2,7,1681.0,3.0,1,ELUM,1,ELUM,1,2019-05-10 08:02:24,,8,5
661333270126144,465275786489998,2018,54,2,7,1681.0,4.0,1,ELUM,1,ELUM,1,2019-05-10 08:02:24,,8,5
661333271126144,465275786489998,2018,54,2,7,1681.0,1.0,1,MIVI,1,MIVI,2,2019-05-10 08:02:24,,8,5
661333272126144,465275786489998,2018,54,2,7,1681.0,2.0,1,MIVI,1,MIVI,80,2019-05-10 08:02:24,,8,5
468231278489998,306336165489998,2016,54,4,107,2443.0,3.0,1,ROMU,1,ROMU,15,2017-05-01 11:19:24,,8,3
468231279489998,306336165489998,2016,54,4,107,2443.0,4.0,1,ROMU,1,ROMU,25,2017-05-01 11:19:24,,8,3
468231703489998,306336297489998,2016,54,2,27,602.0,2.0,1,BETH,1,BETH,10,2017-05-01 11:19:29,,8,3
468231977489998,306336130489998,2016,54,4,87,1586.0,3.0,1,AIAL,1,AIAL,1,2017-05-01 11:19:33,,8,3
468231978489998,306336130489998,2016,54,4,87,1586.0,1.0,1,ELUM,1,ELUM,1,2017-05-01 11:19:33,,8,3
468231979489998,306336130489998,2016,54,4,87,1586.0,4.0,1,ELUM,1,ELUM,1,2017-05-01 11:19:33,,8,3
468228357489998,306336023489998,2016,54,3,63,1793.0,4.0,1,LOMA6,1,LOMA6,10,2017-05-01 11:19:02,,8,3
468228358489998,306336023489998,2016,54,3,63,1793.0,1.0,1,LOMO2,1,LOMO2,5,2017-05-01 11:19:02,,8,3
468228359489998,306336023489998,2016,54,3,63,1793.0,3.0,2,LOMO2,1,LOMO2,8,2017-05-01 11:19:02,,8,3
468228360489998,306336023489998,2016,54,3,63,1793.0,1.0,1,MIVI,1,MIVI,10,2017-05-01 11:19:02,,8,3
468228361489998,306336023489998,2016,54,3,63,1793.0,2.0,1,MIVI,1,MIVI,5,2017-05-01 11:19:02,,8,3
468228362489998,306336023489998,2016,54,3,63,1793.0,3.0,2,MIVI,1,MIVI,5,2017-05-01 11:19:02,,8,3
468228363489998,306336023489998,2016,54,3,63,1793.0,4.0,1,MIVI,1,MIVI,1,2017-05-01 11:19:02,,8,3
468228364489998,306336023489998,2016,54,3,63,1793.0,1.0,1,ROMU,1,ROMU,10,2017-05-01 11:19:02,,8,3
468228365489998,306336023489998,2016,54,3,63,1793.0,2.0,1,ROMU,1,ROMU,1,2017-05-01 11:19:02,,8,3
468228366489998,306336023489998,2016,54,3,63,1793.0,3.0,2,ROMU,1,ROMU,5,2017-05-01 11:19:02,,8,3
468228367489998,306336023489998,2016,54,3,63,1793.0,4.0,1,ROMU,1,ROMU,20,2017-05-01 11:19:02,,8,3
534040571126144,374961288489998,2017,54,2,71,822.0,3.0,2,ALPE4,1,ALPE4,1,2018-05-04 07:20:14,,8,4
534040572126144,374961288489998,2017,54,2,71,822.0,4.0,1,ALPE4,1,ALPE4,4,2018-05-04 07:20:14,,8,4
534042982126144,374961433489998,2017,54,4,35,1005.0,4.0,1,AIAL,1,AIAL,4,2018-05-04 07:20:20,,8,4
534042983126144,374961433489998,2017,54,4,35,1005.0,1.0,1,MIVI,1,MIVI,4,2018-05-04 07:20:20,,8,4
534042984126144,374961433489998,2017,54,4,35,1005.0,2.0,1,MIVI,1,MIVI,65,2018-05-04 07:20:20,,8,4
534042985126144,374961433489998,2017,54,4,35,1005.0,3.0,1,MIVI,1,MIVI,70,2018-05-04 07:20:20,,8,4
534042986126144,374961433489998,2017,54,4,35,1005.0,4.0,1,MIVI,1,MIVI,70,2018-05-04 07:20:20,,8,4
534042987126144,374961433489998,2017,54,4,35,1005.0,1.0,1,ROMU,1,ROMU,1,2018-05-04 07:20:20,,8,4
534042988126144,374961433489998,2017,54,4,35,1005.0,2.0,1,ROMU,1,ROMU,2,2018-05-04 07:20:20,,8,4
534042989126144,374961433489998,2017,54,4,35,1005.0,3.0,1,ROMU,1,ROMU,2,2018-05-04 07:20:20,,8,4
534042990126144,374961433489998,2017,54,4,35,1005.0,4.0,1,ROMU,1,ROMU,2,2018-05-04 07:20:20,,8,4
534043150126144,374961459489998,2017,54,3,81,1666.0,2.0,1,ROPS,1,ROPS,5,2018-05-04 07:20:20,,8,4
534043346126144,374961176489998,2017,54,4,79,337.0,1.0,1,ELUM,1,ELUM,5,2018-05-04 07:20:22,,8,4
534043347126144,374961176489998,2017,54,4,79,337.0,3.0,1,ELUM,1,ELUM,1,2018-05-04 07:20:22,,8,4
534043348126144,374961176489998,2017,54,4,79,337.0,1.0,1,LOJA,1,LOJA,3,2018-05-04 07:20:22,,8,4
534043349126144,374961176489998,2017,54,4,79,337.0,2.0,1,LOJA,1,LOJA,2,2018-05-04 07:20:22,,8,4
534043350126144,374961176489998,2017,54,4,79,337.0,3.0,1,LOJA,1,LOJA,5,2018-05-04 07:20:22,,8,4
534043351126144,374961176489998,2017,54,4,79,337.0,3.0,1,LONIC,1,LONIC,3,2018-05-04 07:20:22,,8,4
534043352126144,374961176489998,2017,54,4,79,337.0,1.0,1,MIVI,1,MIVI,40,2018-05-04 07:20:22,,8,4
534043353126144,374961176489998,2017,54,4,79,337.0,2.0,1,MIVI,1,MIVI,30,2018-05-04 07:20:22,,8,4
534043354126144,374961176489998,2017,54,4,79,337.0,3.0,1,MIVI,1,MIVI,30,2018-05-04 07:20:22,,8,4
534043355126144,374961176489998,2017,54,4,79,337.0,1.0,1,ROMU,1,ROMU,15,2018-05-04 07:20:22,,8,4
534043356126144,374961176489998,2017,54,4,79,337.0,2.0,1,ROMU,1,ROMU,15,2018-05-04 07:20:22,,8,4
534043357126144,374961176489998,2017,54,4,79,337.0,3.0,1,ROMU,1,ROMU,25,2018-05-04 07:20:22,,8,4
534041125126144,374961191489998,2017,54,4,87,2346.0,1.0,1,LOJA,1,LOJA,1,2018-05-04 07:20:15,,8,4
534041126126144,374961191489998,2017,54,4,87,2346.0,3.0,1,LOJA,1,LOJA,2,2018-05-04 07:20:15,,8,4
534041127126144,374961191489998,2017,54,4,87,2346.0,1.0,1,MIVI,1,MIVI,2,2018-05-04 07:20:15,,8,4
534041128126144,374961191489998,2017,54,4,87,2346.0,3.0,1,MIVI,1,MIVI,15,2018-05-04 07:20:15,,8,4
534041129126144,374961191489998,2017,54,4,87,2346.0,1.0,1,ROMU,1,ROMU,25,2018-05-04 07:20:15,,8,4
534041130126144,374961191489998,2017,54,4,87,2346.0,2.0,1,ROMU,1,ROMU,3,2018-05-04 07:20:15,,8,4
534041131126144,374961191489998,2017,54,4,87,2346.0,3.0,1,ROMU,1,ROMU,35,2018-05-04 07:20:15,,8,4
534041295126144,374961299489998,2017,54,3,109,2439.0,4.0,1,ELUM,1,ELUM,1,2018-05-04 07:20:16,,8,4
534041296126144,374961299489998,2017,54,3,109,2439.0,3.0,1,ROMU,1,ROMU,1,2018-05-04 07:20:16,,8,4
534041482126144,374961367489998,2017,54,3,59,2252.0,4.0,1,LOMA6,1,LOMA6,1,2018-05-04 07:20:16,,8,4
534041483126144,374961367489998,2017,54,3,59,2252.0,2.0,1,MIVI,1,MIVI,1,2018-05-04 07:20:16,,8,4
534041484126144,374961367489998,2017,54,3,59,2252.0,3.0,1,MIVI,1,MIVI,50,2018-05-04 07:20:16,,8,4
534041485126144,374961367489998,2017,54,3,59,2252.0,4.0,1,PATO2,1,PATO2,8,2018-05-04 07:20:16,,8,4
534041486126144,374961367489998,2017,54,3,59,2252.0,4.0,1,ROMU,1,ROMU,1,2018-05-04 07:20:16,,8,4
534041621126144,374961385489998,2017,54,4,35,759.0,3.0,1,LOJA,1,LOJA,1,2018-05-04 07:20:16,,8,4
534041622126144,374961385489998,2017,54,4,35,759.0,4.0,1,LOJA,1,LOJA,3,2018-05-04 07:20:16,,8,4
534041623126144,374961385489998,2017,54,4,35,759.0,1.0,1,MIVI,1,MIVI,5,2018-05-04 07:20:16,,8,4
534041624126144,374961385489998,2017,54,4,35,759.0,2.0,1,MIVI,1,MIVI,3,2018-05-04 07:20:16,,8,4
222864203010661,171000533010661,2008,54,4,87,537.0,2.0,1,MIVI,1,MIVI,5,2010-03-01 11:22:18,2012-02-28 07:13:24,6,5
222864206010661,171000533010661,2008,54,4,87,537.0,2.0,1,ROMU,1,ROMU,40,2010-03-01 11:22:18,2012-02-28 07:12:04,6,5
222864207010661,171000533010661,2008,54,4,87,537.0,3.0,1,ROMU,1,ROMU,30,2010-03-01 11:22:18,2012-02-28 07:12:04,6,5
222864204010661,171000533010661,2008,54,4,87,537.0,4.0,1,MIVI,1,MIVI,5,2010-03-01 11:22:18,2012-02-28 07:13:24,6,5
222864208010661,171000533010661,2008,54,4,87,537.0,4.0,1,ROMU,1,ROMU,40,2010-03-01 11:22:18,2012-02-28 07:12:04,6,5
222863830010661,171000245010661,2008,54,2,1,2226.0,4.0,1,BETH,1,BETH,1,2010-03-01 11:22:17,2012-02-29 11:15:31,6,5
222864191010661,171001234010661,2008,54,4,85,945.0,1.0,1,BETH,1,BETH,1,2010-03-01 11:22:18,2012-02-28 07:12:31,6,5
222864193010661,171001234010661,2008,54,4,85,945.0,1.0,1,CEOR7,1,CEOR7,1,2010-03-01 11:22:18,2012-02-28 07:14:50,6,5
222864194010661,171001234010661,2008,54,4,85,945.0,1.0,1,LOJA,1,LOJA,10,2010-03-01 11:22:18,2012-02-28 07:12:31,6,5
222864198010661,171001234010661,2008,54,4,85,945.0,1.0,1,ROMU,1,ROMU,20,2010-03-01 11:22:18,2012-02-28 07:12:31,6,5
222864197010661,171001234010661,2008,54,4,85,945.0,2.0,2,MIVI,1,MIVI,9,2010-03-01 11:22:18,2012-02-28 07:14:50,6,5
222864199010661,171001234010661,2008,54,4,85,945.0,2.0,2,ROMU,1,ROMU,30,2010-03-01 11:22:18,2012-02-28 07:12:31,6,5
222864195010661,171001234010661,2008,54,4,85,945.0,3.0,1,LOJA,1,LOJA,1,2010-03-01 11:22:18,2012-02-28 07:12:31,6,5
222864192010661,171001234010661,2008,54,4,85,945.0,4.0,1,BETH,1,BETH,1,2010-03-01 11:22:18,2012-02-28 07:12:31,6,5
222864196010661,171001234010661,2008,54,4,85,945.0,4.0,1,LOJA,1,LOJA,30,2010-03-01 11:22:18,2012-02-28 07:12:31,6,5
222864236010661,171001236010661,2008,54,4,99,1559.0,4.0,1,ROPS,1,ROPS,1,2010-03-01 11:22:18,2012-02-28 07:13:26,6,5
152865114020004,174547884010661,2009,54,4,103,3601.0,2.0,1,SPJA,1,SPJA,1,2012-12-07 10:11:51,,7,1
152865115020004,174547884010661,2009,54,4,103,3601.0,1.0,1,SPJA,1,SPJA,3,2012-12-07 10:11:51,,7,1
152864803020004,145007461010661,2009,54,2,1,1932.0,4.0,1,CEOR7,1,CEOR7,5,2012-12-07 10:11:49,,7,1
152864804020004,145007461010661,2009,54,2,1,1932.0,2.0,1,CEOR7,1,CEOR7,1,2012-12-07 10:11:49,,7,1
152864805020004,145007461010661,2009,54,2,1,1932.0,1.0,1,CEOR7,1,CEOR7,90,2012-12-07 10:11:49,,7,1
152864806020004,145007461010661,2009,54,2,1,1932.0,4.0,1,ELUM,1,ELUM,7,2012-12-07 10:11:49,,7,1
152864807020004,145007461010661,2009,54,2,1,1932.0,3.0,1,ELUM,1,ELUM,4,2012-12-07 10:11:49,,7,1
152865136020004,145007461010661,2009,54,2,1,1932.0,4.0,1,LOMO2,1,LOMO2,20,2012-12-07 10:11:51,,7,1
152865137020004,145007461010661,2009,54,2,1,1932.0,3.0,1,LOMO2,1,LOMO2,60,2012-12-07 10:11:51,,7,1
226244108010661,145007495010661,2009,54,3,89,799.0,3.0,1,ROPS,1,ROPS,1,2010-06-07 14:42:57,2012-02-28 07:13:31,7,1
152864626020004,145007503010661,2009,54,3,55,2278.0,4.0,1,ROMU,1,ROMU,2,2012-12-07 10:11:48,,7,1
152864627020004,145007503010661,2009,54,3,55,2278.0,3.0,1,ROMU,1,ROMU,1,2012-12-07 10:11:48,,7,1
152864628020004,145007503010661,2009,54,3,55,2278.0,2.0,1,ROMU,1,ROMU,1,2012-12-07 10:11:48,,7,1
152864629020004,145007503010661,2009,54,3,55,2278.0,4.0,1,ROPS,1,ROPS,13,2012-12-07 10:11:48,,7,1
152864630020004,145007503010661,2009,54,3,55,2278.0,3.0,1,ROPS,1,ROPS,1,2012-12-07 10:11:48,,7,1
152864631020004,145007503010661,2009,54,3,55,2278.0,2.0,1,ROPS,1,ROPS,10,2012-12-07 10:11:48,,7,1
152864632020004,145007503010661,2009,54,3,55,2278.0,1.0,1,ROPS,1,ROPS,5,2012-12-07 10:11:48,,7,1
152864633020004,145007503010661,2009,54,3,55,2278.0,3.0,1,LONIC,1,LONIC,1,2012-12-07 10:11:48,,7,1
152865138020004,145007461010661,2009,54,2,1,1932.0,2.0,1,LOMO2,1,LOMO2,22,2012-12-07 10:11:51,,7,1
152865139020004,145007461010661,2009,54,2,1,1932.0,1.0,1,LOMO2,1,LOMO2,3,2012-12-07 10:11:51,,7,1
152865140020004,145007461010661,2009,54,2,1,1932.0,4.0,1,ROMU,1,ROMU,10,2012-12-07 10:11:51,,7,1
152865141020004,145007461010661,2009,54,2,1,1932.0,3.0,1,ROMU,1,ROMU,1,2012-12-07 10:11:51,,7,1
152865142020004,145007461010661,2009,54,2,1,1932.0,2.0,1,ROMU,1,ROMU,9,2012-12-07 10:11:51,,7,1
152865143020004,145007461010661,2009,54,2,1,1932.0,1.0,1,ROMU,1,ROMU,1,2012-12-07 10:11:51,,7,1
152865144020004,145007461010661,2009,54,2,1,1932.0,4.0,1,ROPS,1,ROPS,2,2012-12-07 10:11:51,,7,1
152865145020004,145007461010661,2009,54,2,1,1932.0,3.0,1,ROPS,1,ROPS,35,2012-12-07 10:11:51,,7,1
152865146020004,145007461010661,2009,54,2,1,1932.0,2.0,1,ROPS,1,ROPS,20,2012-12-07 10:11:51,,7,1
152865147020004,145007461010661,2009,54,2,1,1932.0,1.0,1,ROPS,1,ROPS,4,2012-12-07 10:11:51,,7,1
152865148020004,145007475010661,2009,54,2,97,2114.0,3.0,1,MIVI,1,MIVI,1,2012-12-07 10:11:51,,7,1
152865149020004,145007475010661,2009,54,2,97,2114.0,2.0,1,MIVI,1,MIVI,6,2012-12-07 10:11:51,,7,1
152865150020004,145007475010661,2009,54,2,97,2114.0,3.0,1,SPJA,1,SPJA,4,2012-12-07 10:11:51,,7,1
152865151020004,145007475010661,2009,54,2,97,2114.0,2.0,1,SPJA,1,SPJA,2,2012-12-07 10:11:51,,7,1
152864618020004,145007489010661,2009,54,3,25,2197.0,3.0,1,LOMO2,1,LOMO2,4,2012-12-07 10:11:48,,7,1
152864619020004,145007489010661,2009,54,3,25,2197.0,2.0,1,LOMO2,1,LOMO2,1,2012-12-07 10:11:48,,7,1
152864620020004,145007489010661,2009,54,3,25,2197.0,4.0,1,ROMU,1,ROMU,8,2012-12-07 10:11:48,,7,1
152864621020004,145007489010661,2009,54,3,25,2197.0,3.0,1,ROMU,1,ROMU,1,2012-12-07 10:11:48,,7,1
152864622020004,145007489010661,2009,54,3,25,2197.0,2.0,1,ROMU,1,ROMU,1,2012-12-07 10:11:48,,7,1
152864623020004,145007489010661,2009,54,3,25,2197.0,1.0,1,ROMU,1,ROMU,1,2012-12-07 10:11:48,,7,1
152864624020004,145007489010661,2009,54,3,25,2197.0,3.0,1,ROPS,1,ROPS,20,2012-12-07 10:11:48,,7,1
152864625020004,145007489010661,2009,54,3,25,2197.0,1.0,1,ROPS,1,ROPS,1,2012-12-07 10:11:48,,7,1
226244107010661,145007495010661,2009,54,3,89,799.0,1.0,1,ROPS,1,ROPS,5,2010-06-07 14:42:57,2012-02-28 07:13:31,7,1
226244105010661,145007495010661,2009,54,3,89,799.0,2.0,2,ROMU,1,ROMU,1,2010-06-07 14:42:57,2012-02-28 07:14:27,7,1
226244106010661,145007495010661,2009,54,3,89,799.0,3.0,1,ROMU,1,ROMU,1,2010-06-07 14:42:57,2012-02-28 07:14:27,7,1
222863836010661,171001221010661,2008,54,2,3,463.0,2.0,1,MIVI,1,MIVI,20,2010-03-01 11:22:17,2012-02-28 07:13:54,6,5
222863840010661,171001221010661,2008,54,2,3,463.0,2.0,1,ROPS,1,ROPS,5,2010-03-01 11:22:17,2012-02-28 07:12:59,6,5
222863837010661,171001221010661,2008,54,2,3,463.0,3.0,1,MIVI,1,MIVI,5,2010-03-01 11:22:17,2012-02-28 07:13:54,6,5
222863841010661,171001221010661,2008,54,2,3,463.0,3.0,1,ROPS,1,ROPS,20,2010-03-01 11:22:17,2012-02-28 07:12:59,6,5
222863831010661,171001221010661,2008,54,2,3,463.0,4.0,1,AIAL,1,AIAL,3,2010-03-01 11:22:17,2012-02-28 07:11:42,6,5
222863832010661,171001221010661,2008,54,2,3,463.0,4.0,1,BETH,1,BETH,1,2010-03-01 11:22:17,2012-02-28 07:14:22,6,5
222863838010661,171001221010661,2008,54,2,3,463.0,4.0,1,MIVI,1,MIVI,3,2010-03-01 11:22:17,2012-02-28 07:13:54,6,5
222863842010661,171001221010661,2008,54,2,3,463.0,4.0,1,ROPS,1,ROPS,5,2010-03-01 11:22:17,2012-02-28 07:12:59,6,5
222864114010661,171000406010661,2008,54,3,47,482.0,1.0,1,AIAL,1,AIAL,1,2010-03-01 11:22:18,2012-02-28 07:12:26,6,5
222864116010661,171000406010661,2008,54,3,47,482.0,1.0,1,ROPS,1,ROPS,20,2010-03-01 11:22:18,2012-02-28 07:14:17,6,5
222864115010661,171000406010661,2008,54,3,47,482.0,2.0,1,AIAL,1,AIAL,1,2010-03-01 11:22:18,2012-02-28 07:12:26,6,5
222864222010661,171000537010661,2008,54,4,87,744.0,1.0,1,MIVI,1,MIVI,1,2010-03-01 11:22:18,2012-02-29 11:15:31,6,5
222864223010661,171000537010661,2008,54,4,87,744.0,4.0,1,MIVI,1,MIVI,1,2010-03-01 11:22:18,2012-02-29 11:15:31,6,5
222864224010661,171000537010661,2008,54,4,87,744.0,4.0,1,ROMU,1,ROMU,1,2010-03-01 11:22:18,2012-02-28 07:07:36,6,5
222864012010661,171001056010661,2008,54,4,29,2007.0,1.0,1,AIAL,1,AIAL,17,2010-03-01 11:22:17,2012-02-28 07:06:09,6,5
222864016010661,171001056010661,2008,54,4,29,2007.0,1.0,1,ROMU,1,ROMU,1,2010-03-01 11:22:17,2012-02-29 11:15:31,6,5
222864017010661,171001056010661,2008,54,4,29,2007.0,2.0,1,ROMU,1,ROMU,1,2010-03-01 11:22:17,2012-02-29 11:15:31,6,5
222864013010661,171001056010661,2008,54,4,29,2007.0,3.0,1,AIAL,1,AIAL,1,2010-03-01 11:22:17,2012-02-29 11:15:31,6,5
222864018010661,171001056010661,2008,54,4,29,2007.0,3.0,1,ROMU,1,ROMU,1,2010-03-01 11:22:17,2012-02-29 11:15:31,6,5
222864014010661,171001056010661,2008,54,4,29,2007.0,4.0,1,AIAL,1,AIAL,30,2010-03-01 11:22:17,2012-02-28 07:07:36,6,5
222864019010661,171001056010661,2008,54,4,29,2007.0,4.0,1,ROMU,1,ROMU,2,2010-03-01 11:22:17,2012-02-28 07:07:06,6,5
222864020010661,171001056010661,2008,54,4,29,2007.0,4.0,1,ROPS,1,ROPS,5,2010-03-01 11:22:17,2012-02-28 07:06:09,6,5
152864396020004,171001056010661,2008,54,4,29,2007.0,4.0,1,2FDP,1,ALPE4,2,2012-12-07 10:11:44,,6,5
152864397020004,171001056010661,2008,54,4,29,2007.0,3.0,1,2FDP,1,ALPE4,1,2012-12-07 10:11:44,,6,5
152864398020004,171001056010661,2008,54,4,29,2007.0,2.0,1,2FDP,1,ALPE4,1,2012-12-07 10:11:44,,6,5
152864399020004,171001056010661,2008,54,4,29,2007.0,4.0,1,2FORB,7,ALPE4,17,2012-12-07 10:11:44,,6,5
152864400020004,171001056010661,2008,54,4,29,2007.0,3.0,1,2FORB,7,ALPE4,1,2012-12-07 10:11:44,,6,5
152864401020004,171001056010661,2008,54,4,29,2007.0,2.0,1,2FORB,7,ALPE4,4,2012-12-07 10:11:44,,6,5
152864402020004,171001056010661,2008,54,4,29,2007.0,1.0,1,2FORB,7,ALPE4,1,2012-12-07 10:11:44,,6,5
152864438020004,171001056010661,2008,54,4,29,2007.0,3.0,1,2FORB,12,ALPE4,1,2012-12-07 10:11:46,,6,5
152864439020004,171001056010661,2008,54,4,29,2007.0,1.0,1,2SUBS,1,LONIC,1,2012-12-07 10:11:46,,6,5
222864228010661,171000551010661,2008,54,2,93,294.0,1.0,1,ROPS,1,ROPS,1,2010-03-01 11:22:18,2012-02-28 07:14:53,6,5
222864229010661,171000551010661,2008,54,2,93,294.0,2.0,1,ROPS,1,ROPS,7,2010-03-01 11:22:18,2012-02-28 07:14:53,6,5
222864225010661,171000551010661,2008,54,2,93,294.0,3.0,1,BETH,1,BETH,4,2010-03-01 11:22:18,2012-02-28 07:13:54,6,5
222864226010661,171000551010661,2008,54,2,93,294.0,3.0,1,ELUM,1,ELUM,1,2010-03-01 11:22:18,2012-02-28 07:12:07,6,5
222864227010661,171000551010661,2008,54,2,93,294.0,3.0,1,ROMU,1,ROMU,2,2010-03-01 11:22:18,2012-02-28 07:14:22,6,5
222863843010661,171000253010661,2008,54,3,5,1811.0,4.0,1,ROMU,1,ROMU,2,2010-03-01 11:22:17,2012-02-28 07:13:22,6,5
226244513010661,145007669010661,2009,54,4,21,2842.0,2.0,1,MIVI,1,MIVI,5,2010-06-07 14:43:06,2012-02-28 07:12:40,7,1
226244511010661,145007669010661,2009,54,4,21,2842.0,3.0,1,ELUM,1,ELUM,1,2010-06-07 14:43:06,2012-02-28 07:11:48,7,1
226244514010661,145007669010661,2009,54,4,21,2842.0,3.0,1,MIVI,1,MIVI,9,2010-06-07 14:43:06,2012-02-28 07:12:40,7,1
226244517010661,145007669010661,2009,54,4,21,2842.0,3.0,1,ROMU,1,ROMU,1,2010-06-07 14:43:06,2012-02-28 07:12:32,7,1
234803328010661,145007669010661,2009,54,4,21,2842.0,3.0,2,ELUM,1,ELUM,4,2010-06-07 14:43:06,2012-02-28 07:11:48,7,1
234803329010661,145007669010661,2009,54,4,21,2842.0,3.0,2,MIVI,1,MIVI,61,2010-06-07 14:43:06,2012-02-28 07:12:40,7,1
234803330010661,145007669010661,2009,54,4,21,2842.0,3.0,2,ROMU,1,ROMU,9,2010-06-07 14:43:06,2012-02-28 07:12:32,7,1
226244515010661,145007669010661,2009,54,4,21,2842.0,4.0,1,MIVI,1,MIVI,1,2010-06-07 14:43:06,2012-02-28 07:12:40,7,1
226244510010661,145007669010661,2009,54,4,21,2842.0,1.0,1,ELUM,1,ELUM,1,2010-06-07 14:43:06,2012-02-28 07:11:48,7,1
226244512010661,145007669010661,2009,54,4,21,2842.0,1.0,1,MIVI,1,MIVI,2,2010-06-07 14:43:06,2012-02-28 07:12:40,7,1
226244516010661,145007669010661,2009,54,4,21,2842.0,1.0,1,ROMU,1,ROMU,1,2010-06-07 14:43:06,2012-02-28 07:12:32,7,1
226244658010661,145007729010661,2009,54,3,109,2403.0,2.0,2,ELUM,1,ELUM,17,2010-06-07 14:43:10,2012-02-28 07:14:00,7,1
661333273126144,465275786489998,2018,54,2,7,1681.0,3.0,1,MIVI,1,MIVI,25,2019-05-10 08:02:24,,8,5
661333274126144,465275786489998,2018,54,2,7,1681.0,4.0,1,MIVI,1,MIVI,2,2019-05-10 08:02:24,,8,5
661333275126144,465275786489998,2018,54,2,7,1681.0,1.0,1,ROMU,1,ROMU,5,2019-05-10 08:02:24,,8,5
661333276126144,465275786489998,2018,54,2,7,1681.0,2.0,1,ROMU,1,ROMU,3,2019-05-10 08:02:24,,8,5
661333277126144,465275786489998,2018,54,2,7,1681.0,3.0,1,ROMU,1,ROMU,3,2019-05-10 08:02:24,,8,5
661333278126144,465275786489998,2018,54,2,7,1681.0,4.0,1,ROMU,1,ROMU,1,2019-05-10 08:02:24,,8,5
661333448126144,465275848489998,2018,54,3,67,642.0,3.0,2,CIVU,1,CIVU,5,2019-05-10 08:02:24,,8,5
661333449126144,465275848489998,2018,54,3,67,642.0,3.0,2,LONIC,1,LONIC,2,2019-05-10 08:02:24,,8,5
661333450126144,465275848489998,2018,54,3,67,642.0,3.0,2,ROMU,1,ROMU,5,2019-05-10 08:02:24,,8,5
661333514126144,465275897489998,2018,54,2,7,954.0,2.0,2,LIVU,1,LIVU,1,2019-05-10 08:02:25,,8,5
661333515126144,465275897489998,2018,54,2,7,954.0,4.0,3,LONIC,1,LONIC,1,2019-05-10 08:02:25,,8,5
661333516126144,465275897489998,2018,54,2,7,954.0,2.0,2,MIVI,1,MIVI,1,2019-05-10 08:02:25,,8,5
661333517126144,465275897489998,2018,54,2,7,954.0,3.0,3,MIVI,1,MIVI,1,2019-05-10 08:02:25,,8,5
661333518126144,465275897489998,2018,54,2,7,954.0,4.0,3,MIVI,1,MIVI,1,2019-05-10 08:02:25,,8,5
661333519126144,465275897489998,2018,54,2,7,954.0,2.0,2,ROMU,1,ROMU,1,2019-05-10 08:02:25,,8,5
661333520126144,465275897489998,2018,54,2,7,954.0,4.0,3,ROMU,1,ROMU,1,2019-05-10 08:02:25,,8,5
661333704126144,465275612489998,2018,54,3,81,128.0,2.0,1,LIVU,1,LIVU,1,2019-05-10 08:02:26,,8,5
661333705126144,465275612489998,2018,54,3,81,128.0,1.0,1,LOJA,1,LOJA,5,2019-05-10 08:02:26,,8,5
661333706126144,465275612489998,2018,54,3,81,128.0,2.0,1,LOJA,1,LOJA,5,2019-05-10 08:02:26,,8,5
661333707126144,465275612489998,2018,54,3,81,128.0,2.0,1,LONIC,1,LONIC,15,2019-05-10 08:02:26,,8,5
661333708126144,465275612489998,2018,54,3,81,128.0,1.0,1,ROMU,1,ROMU,2,2019-05-10 08:02:26,,8,5
661333709126144,465275612489998,2018,54,3,81,128.0,2.0,1,ROMU,1,ROMU,20,2019-05-10 08:02:26,,8,5
661333895126144,465275737489998,2018,54,4,103,1046.0,2.0,1,ALPE4,1,ALPE4,1,2019-05-10 08:02:27,,8,5
661333896126144,465275737489998,2018,54,4,103,1046.0,3.0,1,ALPE4,1,ALPE4,2,2019-05-10 08:02:27,,8,5
661333897126144,465275737489998,2018,54,4,103,1046.0,4.0,1,ALPE4,1,ALPE4,2,2019-05-10 08:02:27,,8,5
661333898126144,465275737489998,2018,54,4,103,1046.0,3.0,1,ELUM,1,ELUM,2,2019-05-10 08:02:27,,8,5
661333899126144,465275737489998,2018,54,4,103,1046.0,4.0,1,ELUM,1,ELUM,4,2019-05-10 08:02:27,,8,5
661333900126144,465275737489998,2018,54,4,103,1046.0,1.0,1,LOJA,1,LOJA,1,2019-05-10 08:02:27,,8,5
661333901126144,465275737489998,2018,54,4,103,1046.0,2.0,1,LOJA,1,LOJA,1,2019-05-10 08:02:27,,8,5
661333902126144,465275737489998,2018,54,4,103,1046.0,3.0,1,LOJA,1,LOJA,5,2019-05-10 08:02:27,,8,5
661333903126144,465275737489998,2018,54,4,103,1046.0,4.0,1,LOJA,1,LOJA,3,2019-05-10 08:02:27,,8,5
661333904126144,465275737489998,2018,54,4,103,1046.0,1.0,1,LONIC,1,LONIC,2,2019-05-10 08:02:27,,8,5
661333905126144,465275737489998,2018,54,4,103,1046.0,2.0,1,LONIC,1,LONIC,1,2019-05-10 08:02:27,,8,5
661333906126144,465275737489998,2018,54,4,103,1046.0,3.0,1,LONIC,1,LONIC,1,2019-05-10 08:02:27,,8,5
661333907126144,465275737489998,2018,54,4,103,1046.0,4.0,1,LONIC,1,LONIC,3,2019-05-10 08:02:27,,8,5
661333908126144,465275737489998,2018,54,4,103,1046.0,1.0,1,MIVI,1,MIVI,1,2019-05-10 08:02:27,,8,5
661333909126144,465275737489998,2018,54,4,103,1046.0,2.0,1,MIVI,1,MIVI,1,2019-05-10 08:02:27,,8,5
661333910126144,465275737489998,2018,54,4,103,1046.0,3.0,1,MIVI,1,MIVI,10,2019-05-10 08:02:27,,8,5
661333911126144,465275737489998,2018,54,4,103,1046.0,4.0,1,MIVI,1,MIVI,8,2019-05-10 08:02:27,,8,5
661333912126144,465275737489998,2018,54,4,103,1046.0,1.0,1,ROMU,1,ROMU,5,2019-05-10 08:02:27,,8,5
661333913126144,465275737489998,2018,54,4,103,1046.0,2.0,1,ROMU,1,ROMU,3,2019-05-10 08:02:27,,8,5
661333914126144,465275737489998,2018,54,4,103,1046.0,3.0,1,ROMU,1,ROMU,7,2019-05-10 08:02:27,,8,5
661333915126144,465275737489998,2018,54,4,103,1046.0,4.0,1,ROMU,1,ROMU,8,2019-05-10 08:02:27,,8,5
661333916126144,465275737489998,2018,54,4,103,1046.0,2.0,1,ROPS,1,ROPS,2,2019-05-10 08:02:27,,8,5
661334079126144,465275760489998,2018,54,3,47,3.0,4.0,2,ROMU,1,ROMU,3,2019-05-10 08:02:27,,8,5
661334160126144,465275832489998,2018,54,3,67,3068.0,3.0,1,LOMO2,1,LOMO2,10,2019-05-10 08:02:28,,8,5
661334161126144,465275832489998,2018,54,3,67,3068.0,3.0,1,ROMU,1,ROMU,1,2019-05-10 08:02:28,,8,5
661334162126144,465275832489998,2018,54,3,67,3068.0,1.0,1,ROPS,1,ROPS,5,2019-05-10 08:02:28,,8,5
661334163126144,465275832489998,2018,54,3,67,3068.0,3.0,1,ROPS,1,ROPS,20,2019-05-10 08:02:28,,8,5
661334448126144,465275674489998,2018,54,2,23,2282.0,4.0,1,ROMU,1,ROMU,1,2019-05-10 08:02:30,,8,5
661334449126144,465275674489998,2018,54,2,23,2282.0,2.0,1,ROPS,1,ROPS,2,2019-05-10 08:02:30,,8,5
661334450126144,465275674489998,2018,54,2,23,2282.0,4.0,1,ROPS,1,ROPS,2,2019-05-10 08:02:30,,8,5
661334632126144,465275811489998,2018,54,2,7,2373.0,3.0,3,AIAL,1,AIAL,1,2019-05-10 08:02:31,,8,5
661334633126144,465275811489998,2018,54,2,7,2373.0,3.0,3,MIVI,1,MIVI,1,2019-05-10 08:02:31,,8,5
661334678126144,465275833489998,2018,54,3,25,677.0,2.0,2,ALPE4,1,ALPE4,1,2019-05-10 08:02:31,,8,5
661335003126144,465275922489998,2018,54,2,27,2293.0,1.0,1,BETH,1,BETH,1,2019-05-10 08:02:32,,8,5
661335004126144,465275922489998,2018,54,2,27,2293.0,1.0,1,MIVI,1,MIVI,1,2019-05-10 08:02:32,,8,5
661335005126144,465275922489998,2018,54,2,27,2293.0,2.0,1,ROMU,1,ROMU,2,2019-05-10 08:02:32,,8,5
661335006126144,465275922489998,2018,54,2,27,2293.0,3.0,1,ROMU,1,ROMU,1,2019-05-10 08:02:32,,8,5
661335007126144,465275922489998,2018,54,2,27,2293.0,2.0,1,ROPS,1,ROPS,15,2019-05-10 08:02:32,,8,5
661335139126144,465275926489998,2018,54,2,31,990.0,3.0,1,AIAL,1,AIAL,2,2019-05-10 08:02:32,,8,5
661335140126144,465275926489998,2018,54,2,31,990.0,4.0,1,AIAL,1,AIAL,2,2019-05-10 08:02:32,,8,5
152864588020004,145007553010661,2009,54,2,7,1744.0,2.0,1,ROMU,1,ROMU,7,2012-12-07 10:11:48,,7,1
152864589020004,145007553010661,2009,54,2,7,1744.0,1.0,1,ROMU,1,ROMU,1,2012-12-07 10:11:48,,7,1
152864590020004,145007553010661,2009,54,2,7,1744.0,3.0,1,ROPS,1,ROPS,1,2012-12-07 10:11:48,,7,1
152864591020004,145007553010661,2009,54,2,7,1744.0,2.0,1,ROPS,1,ROPS,3,2012-12-07 10:11:48,,7,1
152864592020004,145007553010661,2009,54,2,7,1744.0,1.0,1,ROPS,1,ROPS,1,2012-12-07 10:11:48,,7,1
152864634020004,145007553010661,2009,54,2,7,1744.0,3.0,1,ELUM,1,ELUM,1,2012-12-07 10:11:48,,7,1
152864635020004,145007553010661,2009,54,2,7,1744.0,1.0,1,LOMO2,1,LOMO2,7,2012-12-07 10:11:48,,7,1
152864636020004,145007553010661,2009,54,2,7,1744.0,4.0,1,MIVI,1,MIVI,25,2012-12-07 10:11:48,,7,1
152864637020004,145007553010661,2009,54,2,7,1744.0,3.0,1,MIVI,1,MIVI,1,2012-12-07 10:11:48,,7,1
152864638020004,145007553010661,2009,54,2,7,1744.0,2.0,1,MIVI,1,MIVI,5,2012-12-07 10:11:48,,7,1
226244268010661,145007567010661,2009,54,2,7,1862.0,3.0,1,ROMU,1,ROMU,1,2010-06-07 14:43:01,2012-02-28 07:11:46,7,1
226244325010661,145007593010661,2009,54,3,19,2142.0,2.0,1,ROPS,1,ROPS,5,2010-06-07 14:43:02,2012-02-28 07:11:46,7,1
226244326010661,145007593010661,2009,54,3,19,2142.0,4.0,1,ROPS,1,ROPS,1,2010-06-07 14:43:02,2012-02-28 07:11:46,7,1
152864593020004,145007619010661,2009,54,3,55,961.0,2.0,1,PATO2,1,PATO2,3,2012-12-07 10:11:48,,7,1
152864594020004,145007619010661,2009,54,3,55,961.0,4.0,1,ROMU,1,ROMU,1,2012-12-07 10:11:48,,7,1
152864595020004,145007619010661,2009,54,3,55,961.0,2.0,1,ROMU,1,ROMU,1,2012-12-07 10:11:48,,7,1
152864596020004,145007619010661,2009,54,3,55,961.0,1.0,1,ROMU,1,ROMU,1,2012-12-07 10:11:48,,7,1
152864597020004,145007619010661,2009,54,3,55,961.0,4.0,1,ROPS,1,ROPS,3,2012-12-07 10:11:48,,7,1
226244394010661,145007625010661,2009,54,4,61,2054.0,2.0,2,BETH,1,BETH,3,2010-06-07 14:43:04,2012-02-28 07:14:58,7,1
226244395010661,145007625010661,2009,54,4,61,2054.0,2.0,2,ROMU,1,ROMU,7,2010-06-07 14:43:04,2012-02-28 07:14:27,7,1
226244458010661,145007653010661,2009,54,4,17,2692.0,1.0,1,ELUM,1,ELUM,4,2010-06-07 14:43:05,2012-02-28 07:14:58,7,1
226244461010661,145007653010661,2009,54,4,17,2692.0,1.0,1,MIVI,1,MIVI,67,2010-06-07 14:43:05,2012-02-28 07:12:39,7,1
226244464010661,145007653010661,2009,54,4,17,2692.0,1.0,1,ROMU,1,ROMU,1,2010-06-07 14:43:05,2012-02-28 07:14:27,7,1
226244457010661,145007653010661,2009,54,4,17,2692.0,2.0,1,BETH,1,BETH,2,2010-06-07 14:43:05,2012-02-28 07:14:58,7,1
226244459010661,145007653010661,2009,54,4,17,2692.0,2.0,1,ELUM,1,ELUM,1,2010-06-07 14:43:05,2012-02-28 07:14:58,7,1
226244462010661,145007653010661,2009,54,4,17,2692.0,2.0,1,MIVI,1,MIVI,70,2010-06-07 14:43:05,2012-02-28 07:12:39,7,1
226244460010661,145007653010661,2009,54,4,17,2692.0,3.0,1,ELUM,1,ELUM,2,2010-06-07 14:43:05,2012-02-28 07:14:58,7,1
226244465010661,145007653010661,2009,54,4,17,2692.0,3.0,1,ROMU,1,ROMU,4,2010-06-07 14:43:05,2012-02-28 07:14:27,7,1
226244463010661,145007653010661,2009,54,4,17,2692.0,4.0,1,MIVI,1,MIVI,25,2010-06-07 14:43:05,2012-02-28 07:12:39,7,1
226244466010661,145007653010661,2009,54,4,17,2692.0,4.0,1,ROMU,1,ROMU,4,2010-06-07 14:43:05,2012-02-28 07:14:27,7,1
152864598020004,145007655010661,2009,54,4,17,1054.0,4.0,1,ELUM,1,ELUM,5,2012-12-07 10:11:48,,7,1
152864599020004,145007655010661,2009,54,4,17,1054.0,2.0,1,ELUM,1,ELUM,2,2012-12-07 10:11:48,,7,1
152864600020004,145007655010661,2009,54,4,17,1054.0,1.0,1,ELUM,1,ELUM,2,2012-12-07 10:11:48,,7,1
152864601020004,145007655010661,2009,54,4,17,1054.0,4.0,1,MIVI,1,MIVI,90,2012-12-07 10:11:48,,7,1
152864602020004,145007655010661,2009,54,4,17,1054.0,4.0,1,ROMU,1,ROMU,1,2012-12-07 10:11:48,,7,1
152864603020004,145007655010661,2009,54,4,17,1054.0,1.0,1,ROMU,1,ROMU,1,2012-12-07 10:11:48,,7,1
226244488010661,145007663010661,2009,54,4,21,605.0,1.0,1,BETH,1,BETH,9,2010-06-07 14:43:06,2012-02-28 07:12:11,7,1
226244490010661,145007663010661,2009,54,4,21,605.0,1.0,1,ELUM,1,ELUM,2,2010-06-07 14:43:06,2012-02-28 07:14:20,7,1
226244494010661,145007663010661,2009,54,4,21,605.0,1.0,1,MIVI,1,MIVI,80,2010-06-07 14:43:06,2012-02-28 07:12:57,7,1
226244496010661,145007663010661,2009,54,4,21,605.0,1.0,1,ROMU,1,ROMU,3,2010-06-07 14:43:06,2012-02-28 07:12:11,7,1
226244489010661,145007663010661,2009,54,4,21,605.0,2.0,1,BEVU,1,BEVU,5,2010-06-07 14:43:06,2012-02-28 07:14:27,7,1
226244491010661,145007663010661,2009,54,4,21,605.0,2.0,1,ELUM,1,ELUM,4,2010-06-07 14:43:06,2012-02-28 07:14:20,7,1
226244495010661,145007663010661,2009,54,4,21,605.0,2.0,1,MIVI,1,MIVI,90,2010-06-07 14:43:06,2012-02-28 07:12:57,7,1
226244492010661,145007663010661,2009,54,4,21,605.0,3.0,2,ELUM,1,ELUM,2,2010-06-07 14:43:06,2012-02-28 07:14:20,7,1
226244493010661,145007663010661,2009,54,4,21,605.0,4.0,1,ELUM,1,ELUM,2,2010-06-07 14:43:06,2012-02-28 07:14:20,7,1
226244556010661,145007687010661,2009,54,3,15,588.0,1.0,1,AIAL,1,AIAL,39,2010-06-07 14:43:07,2012-02-28 07:14:00,7,1
226244559010661,145007687010661,2009,54,3,15,588.0,1.0,1,MIVI,1,MIVI,3,2010-06-07 14:43:07,2012-02-28 07:13:33,7,1
226244562010661,145007687010661,2009,54,3,15,588.0,1.0,1,ROMU,1,ROMU,7,2010-06-07 14:43:07,2012-02-28 07:13:33,7,1
226244557010661,145007687010661,2009,54,3,15,588.0,2.0,1,AIAL,1,AIAL,65,2010-06-07 14:43:07,2012-02-28 07:14:00,7,1
226244560010661,145007687010661,2009,54,3,15,588.0,2.0,1,MIVI,1,MIVI,10,2010-06-07 14:43:07,2012-02-28 07:13:33,7,1
226244561010661,145007687010661,2009,54,3,15,588.0,2.0,1,PATO2,1,PATO2,20,2010-06-07 14:43:07,2012-02-28 07:13:33,7,1
226244563010661,145007687010661,2009,54,3,15,588.0,2.0,1,ROMU,1,ROMU,7,2010-06-07 14:43:07,2012-02-28 07:13:33,7,1
226244558010661,145007687010661,2009,54,3,15,588.0,4.0,1,AIAL,1,AIAL,6,2010-06-07 14:43:07,2012-02-28 07:14:00,7,1
226244593010661,145007701010661,2009,54,3,39,1137.0,4.0,1,ROPS,1,ROPS,8,2010-06-07 14:43:08,2012-02-28 07:14:59,7,1
152864939020004,145007703010661,2009,54,3,67,2152.0,1.0,1,AIAL,1,AIAL,7,2012-12-07 10:11:50,,7,1
152865116020004,145007703010661,2009,54,3,67,2152.0,2.0,1,LONIC,1,LONIC,1,2012-12-07 10:11:51,,7,1
152865117020004,145007703010661,2009,54,3,67,2152.0,1.0,1,LONIC,1,LONIC,1,2012-12-07 10:11:51,,7,1
152865118020004,145007703010661,2009,54,3,67,2152.0,2.0,1,MIVI,1,MIVI,45,2012-12-07 10:11:51,,7,1
152865119020004,145007703010661,2009,54,3,67,2152.0,1.0,1,MIVI,1,MIVI,1,2012-12-07 10:11:51,,7,1
152865120020004,145007703010661,2009,54,3,67,2152.0,2.0,1,ROMU,1,ROMU,1,2012-12-07 10:11:51,,7,1
226244622010661,145007715010661,2009,54,3,81,753.0,1.0,1,AIAL,1,AIAL,30,2010-06-07 14:43:09,2012-02-28 07:13:06,7,1
226244627010661,145007715010661,2009,54,3,81,753.0,1.0,1,ROPS,1,ROPS,1,2010-06-07 14:43:09,2012-02-28 07:12:40,7,1
226244623010661,145007715010661,2009,54,3,81,753.0,2.0,1,AIAL,1,AIAL,2,2010-06-07 14:43:09,2012-02-28 07:13:06,7,1
152865113020004,174547884010661,2009,54,4,103,3601.0,4.0,1,SPJA,1,SPJA,1,2012-12-07 10:11:51,,7,1
249336909010661,169113125010661,2010,54,4,107,762.0,2.0,2,MIVI,1,MIVI,3,2011-06-02 14:20:05,,7,2
249336910010661,169113125010661,2010,54,4,107,762.0,2.0,2,ROMU,1,ROMU,18,2011-06-02 14:20:05,,7,2
249336718010661,169112747010661,2010,54,2,41,609.0,3.0,2,AIAL,1,AIAL,1,2011-06-02 14:20:04,,7,2
249336719010661,169112747010661,2010,54,2,41,609.0,1.0,2,CEOR7,1,CEOR7,1,2011-06-02 14:20:04,,7,2
249336720010661,169112747010661,2010,54,2,41,609.0,3.0,2,CEOR7,1,CEOR7,13,2011-06-02 14:20:04,,7,2
249336721010661,169112747010661,2010,54,2,41,609.0,4.0,2,CEOR7,1,CEOR7,1,2011-06-02 14:20:04,,7,2
249336722010661,169112747010661,2010,54,2,41,609.0,1.0,2,ELUM,1,ELUM,15,2011-06-02 14:20:04,,7,2
249336723010661,169112747010661,2010,54,2,41,609.0,3.0,2,ELUM,1,ELUM,5,2011-06-02 14:20:04,,7,2
249336724010661,169112747010661,2010,54,2,41,609.0,4.0,2,ELUM,1,ELUM,20,2011-06-02 14:20:04,,7,2
249336725010661,169112747010661,2010,54,2,41,609.0,3.0,2,LOJA,1,LOJA,1,2011-06-02 14:20:04,,7,2
249336726010661,169112747010661,2010,54,2,41,609.0,1.0,2,LONIC,1,LONIC,30,2011-06-02 14:20:04,,7,2
249336727010661,169112747010661,2010,54,2,41,609.0,3.0,2,LONIC,1,LONIC,3,2011-06-02 14:20:04,,7,2
249336728010661,169112747010661,2010,54,2,41,609.0,4.0,2,LONIC,1,LONIC,25,2011-06-02 14:20:04,,7,2
249336729010661,169112747010661,2010,54,2,41,609.0,1.0,2,MIVI,1,MIVI,1,2011-06-02 14:20:04,,7,2
249336730010661,169112747010661,2010,54,2,41,609.0,1.0,2,ROMU,1,ROMU,15,2011-06-02 14:20:04,,7,2
249336731010661,169112747010661,2010,54,2,41,609.0,3.0,2,ROMU,1,ROMU,5,2011-06-02 14:20:04,,7,2
249336732010661,169112747010661,2010,54,2,41,609.0,4.0,2,ROMU,1,ROMU,5,2011-06-02 14:20:04,,7,2
249336556010661,169112943010661,2010,54,4,17,1995.0,1.0,1,MIVI,1,MIVI,5,2011-06-02 14:20:03,,7,2
249336557010661,169112943010661,2010,54,4,17,1995.0,4.0,1,MIVI,1,MIVI,1,2011-06-02 14:20:03,,7,2
249336558010661,169112943010661,2010,54,4,17,1995.0,1.0,1,ROMU,1,ROMU,1,2011-06-02 14:20:03,,7,2
249336559010661,169112943010661,2010,54,4,17,1995.0,4.0,1,ROMU,1,ROMU,1,2011-06-02 14:20:03,,7,2
249336560010661,169112943010661,2010,54,4,17,1995.0,1.0,1,ROPS,1,ROPS,1,2011-06-02 14:20:03,,7,2
249336563010661,169112955010661,2010,54,4,17,350.0,3.0,1,ELUM,1,ELUM,1,2011-06-02 14:20:03,,7,2
249336564010661,169112955010661,2010,54,4,17,350.0,4.0,1,ELUM,1,ELUM,33,2011-06-02 14:20:03,,7,2
222864189010661,171000516010661,2008,54,2,83,407.0,1.0,1,ROPS,1,ROPS,2,2010-03-01 11:22:18,2012-02-28 07:12:57,6,5
222864190010661,171000516010661,2008,54,2,83,407.0,1.0,1,SPJA,1,SPJA,2,2010-03-01 11:22:18,2012-02-28 07:12:57,6,5
222864202010661,171000531010661,2008,54,4,87,1307.0,4.0,1,ROMU,1,ROMU,2,2010-03-01 11:22:18,2012-02-28 07:14:49,6,5
222864200010661,171000531010661,2008,54,4,87,1307.0,1.0,1,ROMU,1,ROMU,1,2010-03-01 11:22:18,2012-02-28 07:14:49,6,5
222864201010661,171000531010661,2008,54,4,87,1307.0,2.0,1,ROMU,1,ROMU,1,2010-03-01 11:22:18,2012-02-28 07:14:49,6,5
222863853010661,171000275010661,2008,54,4,11,1172.0,1.0,1,AIAL,1,AIAL,5,2010-03-01 11:22:17,2012-02-28 07:12:56,6,5
222863560010661,122560278010661,2007,54,4,49,1524.0,3.0,1,ROMU,1,ROMU,6,2010-03-01 11:22:08,2012-02-28 07:06:11,6,4
222863554010661,122560278010661,2007,54,4,49,1524.0,4.0,1,ELUM,1,ELUM,1,2010-03-01 11:22:08,2012-02-29 11:15:30,6,4
222863561010661,122560278010661,2007,54,4,49,1524.0,4.0,1,ROMU,1,ROMU,4,2010-03-01 11:22:08,2012-02-28 07:05:58,6,4
222863563010661,122560278010661,2007,54,4,49,1524.0,4.0,1,ROPS,1,ROPS,19,2010-03-01 11:22:08,2012-02-28 07:05:44,6,4
222863808010661,122560978010661,2007,54,3,109,250.0,1.0,1,ROMU,1,ROMU,1,2010-03-01 11:22:09,2012-02-29 11:15:30,6,4
222863802010661,122560978010661,2007,54,3,109,250.0,2.0,1,ELUM,1,ELUM,4,2010-03-01 11:22:09,2012-02-28 07:06:54,6,4
222863803010661,122560978010661,2007,54,3,109,250.0,2.0,1,LOJA,1,LOJA,1,2010-03-01 11:22:09,2012-02-29 11:15:33,6,4
222863807010661,122560978010661,2007,54,3,109,250.0,2.0,1,POCU6,1,POCU6,3,2010-03-01 11:22:09,2012-02-28 07:07:25,6,4
222863809010661,122560978010661,2007,54,3,109,250.0,2.0,1,ROMU,1,ROMU,1,2010-03-01 11:22:09,2012-02-29 11:15:30,6,4
222863811010661,122560978010661,2007,54,3,109,250.0,2.0,1,ROPS,1,ROPS,1,2010-03-01 11:22:09,2012-02-28 07:06:39,6,4
222863801010661,122560978010661,2007,54,3,109,250.0,3.0,1,AIAL,1,AIAL,1,2010-03-01 11:22:09,2012-02-29 11:15:30,6,4
222863804010661,122560978010661,2007,54,3,109,250.0,3.0,1,LOJA,1,LOJA,1,2010-03-01 11:22:09,2012-02-28 07:06:24,6,4
222863805010661,122560978010661,2007,54,3,109,250.0,3.0,1,PATO2,1,PATO2,7,2010-03-01 11:22:09,2012-02-28 07:06:54,6,4
222863810010661,122560978010661,2007,54,3,109,250.0,3.0,1,ROMU,1,ROMU,10,2010-03-01 11:22:09,2012-02-28 07:06:12,6,4
222863806010661,122560978010661,2007,54,3,109,250.0,4.0,1,PATO2,1,PATO2,12,2010-03-01 11:22:09,2012-02-28 07:07:09,6,4
222863435010661,122559808010661,2007,54,2,27,955.0,1.0,1,ROPS,1,ROPS,1,2010-03-01 11:22:08,2012-02-28 07:13:18,6,4
222863434010661,122559808010661,2007,54,2,27,955.0,3.0,1,MIVI,1,MIVI,1,2010-03-01 11:22:08,2012-02-28 07:13:18,6,4
222863436010661,122559808010661,2007,54,2,27,955.0,3.0,1,ROPS,1,ROPS,1,2010-03-01 11:22:08,2012-02-28 07:13:18,6,4
222863510010661,122560294010661,2007,54,2,41,1053.0,1.0,1,LOMO2,1,LOMO2,5,2010-03-01 11:22:08,2012-02-28 07:14:41,6,4
222863513010661,122560294010661,2007,54,2,41,1053.0,1.0,1,ROMU,1,ROMU,10,2010-03-01 11:22:08,2012-02-28 07:11:34,6,4
222863509010661,122560294010661,2007,54,2,41,1053.0,2.0,1,EUES,1,EUES,1,2010-03-01 11:22:08,2012-02-28 07:12:50,6,4
222863511010661,122560294010661,2007,54,2,41,1053.0,2.0,1,LOMO2,1,LOMO2,1,2010-03-01 11:22:08,2012-02-28 07:14:41,6,4
222863514010661,122560294010661,2007,54,2,41,1053.0,2.0,1,ROMU,1,ROMU,1,2010-03-01 11:22:08,2012-02-28 07:11:34,6,4
222863508010661,122560294010661,2007,54,2,41,1053.0,3.0,1,ELUM,1,ELUM,17,2010-03-01 11:22:08,2012-02-28 07:11:58,6,4
222863512010661,122560294010661,2007,54,2,41,1053.0,3.0,1,LOMO2,1,LOMO2,20,2010-03-01 11:22:08,2012-02-28 07:14:41,6,4
222863515010661,122560294010661,2007,54,2,41,1053.0,3.0,1,ROMU,1,ROMU,25,2010-03-01 11:22:08,2012-02-28 07:11:34,6,4
222863323010661,122560730010661,2007,54,3,5,1100.0,1.0,1,MIVI,1,MIVI,3,2010-03-01 11:22:08,2012-02-28 07:12:50,6,4
222863600010661,122560108010661,2007,54,3,63,2467.0,1.0,1,ROPS,1,ROPS,3,2010-03-01 11:22:08,2012-02-28 07:14:12,6,4
222863601010661,122560108010661,2007,54,3,63,2467.0,4.0,1,ROPS,1,ROPS,7,2010-03-01 11:22:08,2012-02-28 07:14:12,6,4
222863672010661,122560794010661,2007,54,4,79,321.0,1.0,1,ROMU,1,ROMU,3,2010-03-01 11:22:09,2012-02-28 07:12:22,6,4
222863673010661,122560794010661,2007,54,4,79,321.0,3.0,1,ROMU,1,ROMU,1,2010-03-01 11:22:09,2012-02-28 07:12:22,6,4
222863670010661,122560794010661,2007,54,4,79,321.0,4.0,1,AIAL,1,AIAL,4,2010-03-01 11:22:09,2012-02-28 07:14:12,6,4
222863671010661,122560794010661,2007,54,4,79,321.0,4.0,1,PATO2,1,PATO2,4,2010-03-01 11:22:09,2012-02-28 07:12:22,6,4
222863674010661,122560794010661,2007,54,4,79,321.0,4.0,1,ROMU,1,ROMU,1,2010-03-01 11:22:09,2012-02-28 07:12:22,6,4
222863679010661,122560024010661,2007,54,2,83,52.0,1.0,1,ROMU,1,ROMU,2,2010-03-01 11:22:09,2012-02-28 07:14:42,6,4
222863680010661,122560024010661,2007,54,2,83,52.0,2.0,1,ROMU,1,ROMU,2,2010-03-01 11:22:09,2012-02-28 07:14:42,6,4
222863681010661,122560024010661,2007,54,2,83,52.0,3.0,1,ROMU,1,ROMU,2,2010-03-01 11:22:09,2012-02-28 07:14:42,6,4
222863724010661,122560576010661,2007,54,4,87,1792.0,1.0,1,ELUM,1,ELUM,1,2010-03-01 11:22:09,2012-02-28 07:11:58,6,4
222863725010661,122560576010661,2007,54,4,87,1792.0,2.0,1,ELUM,1,ELUM,1,2010-03-01 11:22:09,2012-02-28 07:11:58,6,4
222863727010661,122560576010661,2007,54,4,87,1792.0,2.0,1,ROMU,1,ROMU,2,2010-03-01 11:22:09,2012-02-28 07:14:12,6,4
222863726010661,122560576010661,2007,54,4,87,1792.0,3.0,1,LOJA,1,LOJA,2,2010-03-01 11:22:09,2012-02-28 07:11:34,6,4
222863728010661,122560576010661,2007,54,4,87,1792.0,3.0,1,ROMU,1,ROMU,1,2010-03-01 11:22:09,2012-02-28 07:14:12,6,4
222863413010661,122560418010661,2007,54,4,21,59.0,2.0,1,ROMU,1,ROMU,4,2010-03-01 11:22:08,2012-02-28 07:14:09,6,4
222863414010661,122560418010661,2007,54,4,21,59.0,3.0,1,ROMU,1,ROMU,7,2010-03-01 11:22:08,2012-02-28 07:14:09,6,4
222863415010661,122560418010661,2007,54,4,21,59.0,4.0,1,ROMU,1,ROMU,5,2010-03-01 11:22:08,2012-02-28 07:14:09,6,4
222863706010661,122560656010661,2007,54,4,85,277.0,1.0,1,BEVU,1,BEVU,3,2010-03-01 11:22:09,2012-02-28 07:14:38,6,4
222863709010661,122560656010661,2007,54,4,85,277.0,1.0,1,ROMU,1,ROMU,1,2010-03-01 11:22:09,2012-02-28 07:13:40,6,4
222863704010661,122560656010661,2007,54,4,85,277.0,3.0,1,ALPE4,1,ALPE4,1,2010-03-01 11:22:09,2012-02-28 07:11:56,6,4
222863707010661,122560656010661,2007,54,4,85,277.0,3.0,1,BEVU,1,BEVU,3,2010-03-01 11:22:09,2012-02-28 07:14:38,6,4
222863710010661,122560656010661,2007,54,4,85,277.0,3.0,1,ROMU,1,ROMU,5,2010-03-01 11:22:09,2012-02-28 07:13:40,6,4
222863705010661,122560656010661,2007,54,4,85,277.0,4.0,1,ALPE4,1,ALPE4,1,2010-03-01 11:22:09,2012-02-28 07:11:56,6,4
222863708010661,122560656010661,2007,54,4,85,277.0,4.0,1,MIVI,1,MIVI,23,2010-03-01 11:22:09,2012-02-28 07:14:09,6,4
222863789010661,122560188010661,2007,54,2,101,267.0,1.0,1,ROPS,1,ROPS,2,2010-03-01 11:22:09,2012-02-28 07:14:08,6,4
222863790010661,122560188010661,2007,54,2,101,267.0,2.0,1,ROPS,1,ROPS,1,2010-03-01 11:22:09,2012-02-28 07:14:08,6,4
222863791010661,122560188010661,2007,54,2,101,267.0,3.0,1,ROPS,1,ROPS,4,2010-03-01 11:22:09,2012-02-28 07:14:08,6,4
222863792010661,122560188010661,2007,54,2,101,267.0,4.0,1,ROPS,1,ROPS,1,2010-03-01 11:22:09,2012-02-28 07:14:08,6,4
222863795010661,122560194010661,2007,54,2,101,696.0,2.0,1,LONIC,1,LONIC,1,2010-03-01 11:22:09,2012-02-29 11:15:29,6,4
222863796010661,122560194010661,2007,54,2,101,696.0,2.0,1,MIVI,1,MIVI,1,2010-03-01 11:22:09,2012-02-29 11:15:29,6,4
222863797010661,122560194010661,2007,54,2,101,696.0,3.0,1,ROPS,1,ROPS,1,2010-03-01 11:22:09,2012-02-29 11:15:29,6,4
222863383010661,122560400010661,2007,54,4,17,1836.0,1.0,1,ROMU,1,ROMU,1,2010-03-01 11:22:08,2012-02-29 11:15:29,6,4
222863381010661,122560400010661,2007,54,4,17,1836.0,2.0,1,BETH,1,BETH,1,2010-03-01 11:22:08,2012-02-29 11:15:33,6,4
661335141126144,465275926489998,2018,54,2,31,990.0,1.0,1,ALPE4,1,ALPE4,1,2019-05-10 08:02:32,,8,5
661335142126144,465275926489998,2018,54,2,31,990.0,2.0,2,ALPE4,1,ALPE4,1,2019-05-10 08:02:32,,8,5
661335143126144,465275926489998,2018,54,2,31,990.0,3.0,1,ALPE4,1,ALPE4,3,2019-05-10 08:02:32,,8,5
661335144126144,465275926489998,2018,54,2,31,990.0,4.0,1,ALPE4,1,ALPE4,1,2019-05-10 08:02:32,,8,5
661335145126144,465275926489998,2018,54,2,31,990.0,1.0,1,BETH,1,BETH,2,2019-05-10 08:02:32,,8,5
661335146126144,465275926489998,2018,54,2,31,990.0,2.0,2,BETH,1,BETH,1,2019-05-10 08:02:32,,8,5
661335147126144,465275926489998,2018,54,2,31,990.0,3.0,1,BETH,1,BETH,1,2019-05-10 08:02:32,,8,5
661335148126144,465275926489998,2018,54,2,31,990.0,4.0,1,BETH,1,BETH,1,2019-05-10 08:02:32,,8,5
661335149126144,465275926489998,2018,54,2,31,990.0,1.0,1,ELUM,1,ELUM,1,2019-05-10 08:02:32,,8,5
661335150126144,465275926489998,2018,54,2,31,990.0,3.0,1,ELUM,1,ELUM,1,2019-05-10 08:02:32,,8,5
661335151126144,465275926489998,2018,54,2,31,990.0,4.0,1,ELUM,1,ELUM,1,2019-05-10 08:02:32,,8,5
661335152126144,465275926489998,2018,54,2,31,990.0,1.0,1,MIVI,1,MIVI,12,2019-05-10 08:02:32,,8,5
661335153126144,465275926489998,2018,54,2,31,990.0,2.0,2,MIVI,1,MIVI,1,2019-05-10 08:02:32,,8,5
661335154126144,465275926489998,2018,54,2,31,990.0,3.0,1,MIVI,1,MIVI,50,2019-05-10 08:02:32,,8,5
661335155126144,465275926489998,2018,54,2,31,990.0,4.0,1,MIVI,1,MIVI,1,2019-05-10 08:02:32,,8,5
661335156126144,465275926489998,2018,54,2,31,990.0,1.0,1,ROMU,1,ROMU,1,2019-05-10 08:02:32,,8,5
661335157126144,465275926489998,2018,54,2,31,990.0,1.0,1,ROPS,1,ROPS,35,2019-05-10 08:02:32,,8,5
661335158126144,465275926489998,2018,54,2,31,990.0,3.0,1,ROPS,1,ROPS,20,2019-05-10 08:02:32,,8,5
661335159126144,465275926489998,2018,54,2,31,990.0,4.0,1,ROPS,1,ROPS,15,2019-05-10 08:02:32,,8,5
661335377126144,465275706489998,2018,54,4,35,1488.0,4.0,2,ELUM,1,ELUM,3,2019-05-10 08:02:33,,8,5
661335378126144,465275706489998,2018,54,4,35,1488.0,4.0,2,ROMU,1,ROMU,3,2019-05-10 08:02:33,,8,5
661335665126144,465275819489998,2018,54,4,107,1506.0,1.0,1,BEVU,1,BEVU,2,2019-05-10 08:02:35,,8,5
661335666126144,465275819489998,2018,54,4,107,1506.0,2.0,1,BEVU,1,BEVU,1,2019-05-10 08:02:35,,8,5
661335667126144,465275819489998,2018,54,4,107,1506.0,3.0,1,BEVU,1,BEVU,1,2019-05-10 08:02:35,,8,5
661335668126144,465275819489998,2018,54,4,107,1506.0,1.0,1,ELUM,1,ELUM,2,2019-05-10 08:02:35,,8,5
661335669126144,465275819489998,2018,54,4,107,1506.0,2.0,1,ELUM,1,ELUM,25,2019-05-10 08:02:35,,8,5
661335670126144,465275819489998,2018,54,4,107,1506.0,3.0,1,ELUM,1,ELUM,3,2019-05-10 08:02:35,,8,5
661335671126144,465275819489998,2018,54,4,107,1506.0,1.0,1,LIVU,1,LIVU,25,2019-05-10 08:02:35,,8,5
661335672126144,465275819489998,2018,54,4,107,1506.0,2.0,1,LIVU,1,LIVU,8,2019-05-10 08:02:35,,8,5
661335673126144,465275819489998,2018,54,4,107,1506.0,3.0,1,LIVU,1,LIVU,15,2019-05-10 08:02:35,,8,5
661335674126144,465275819489998,2018,54,4,107,1506.0,1.0,1,LOJA,1,LOJA,3,2019-05-10 08:02:35,,8,5
661335675126144,465275819489998,2018,54,4,107,1506.0,2.0,1,LOJA,1,LOJA,5,2019-05-10 08:02:35,,8,5
661335676126144,465275819489998,2018,54,4,107,1506.0,3.0,1,LOJA,1,LOJA,20,2019-05-10 08:02:35,,8,5
661335677126144,465275819489998,2018,54,4,107,1506.0,1.0,1,LONIC,1,LONIC,10,2019-05-10 08:02:35,,8,5
661335678126144,465275819489998,2018,54,4,107,1506.0,2.0,1,LONIC,1,LONIC,15,2019-05-10 08:02:35,,8,5
661335679126144,465275819489998,2018,54,4,107,1506.0,3.0,1,LONIC,1,LONIC,10,2019-05-10 08:02:35,,8,5
661335680126144,465275819489998,2018,54,4,107,1506.0,1.0,1,MIVI,1,MIVI,5,2019-05-10 08:02:35,,8,5
661335681126144,465275819489998,2018,54,4,107,1506.0,3.0,1,MIVI,1,MIVI,3,2019-05-10 08:02:35,,8,5
661335682126144,465275819489998,2018,54,4,107,1506.0,1.0,1,ROMU,1,ROMU,8,2019-05-10 08:02:35,,8,5
661335683126144,465275819489998,2018,54,4,107,1506.0,2.0,1,ROMU,1,ROMU,4,2019-05-10 08:02:35,,8,5
661335684126144,465275819489998,2018,54,4,107,1506.0,3.0,1,ROMU,1,ROMU,5,2019-05-10 08:02:35,,8,5
661335685126144,465275819489998,2018,54,4,107,1506.0,1.0,1,ROPS,1,ROPS,8,2019-05-10 08:02:35,,8,5
661335686126144,465275819489998,2018,54,4,107,1506.0,3.0,1,ROPS,1,ROPS,1,2019-05-10 08:02:35,,8,5
661335811126144,465275863489998,2018,54,4,49,1263.0,3.0,1,AIAL,1,AIAL,1,2019-05-10 08:02:36,,8,5
661335812126144,465275863489998,2018,54,4,49,1263.0,3.0,1,ALPE4,1,ALPE4,1,2019-05-10 08:02:36,,8,5
661335813126144,465275863489998,2018,54,4,49,1263.0,4.0,1,ALPE4,1,ALPE4,1,2019-05-10 08:02:36,,8,5
661335814126144,465275863489998,2018,54,4,49,1263.0,3.0,1,CEOR7,1,CEOR7,2,2019-05-10 08:02:36,,8,5
661335815126144,465275863489998,2018,54,4,49,1263.0,1.0,1,LIVU,1,LIVU,4,2019-05-10 08:02:36,,8,5
661335816126144,465275863489998,2018,54,4,49,1263.0,1.0,1,MIVI,1,MIVI,1,2019-05-10 08:02:36,,8,5
661335817126144,465275863489998,2018,54,4,49,1263.0,4.0,1,MIVI,1,MIVI,1,2019-05-10 08:02:36,,8,5
222863855010661,171000275010661,2008,54,4,11,1172.0,1.0,1,CEOR7,1,CEOR7,25,2010-03-01 11:22:17,2012-02-28 07:13:51,6,5
222863857010661,171000275010661,2008,54,4,11,1172.0,1.0,1,ELUM,1,ELUM,1,2010-03-01 11:22:17,2012-02-28 07:13:51,6,5
222863859010661,171000275010661,2008,54,4,11,1172.0,1.0,1,LOJA,1,LOJA,25,2010-03-01 11:22:17,2012-02-28 07:13:51,6,5
222863862010661,171000275010661,2008,54,4,11,1172.0,1.0,1,MIVI,1,MIVI,10,2010-03-01 11:22:17,2012-02-28 07:12:56,6,5
222863865010661,171000275010661,2008,54,4,11,1172.0,1.0,1,ROMU,1,ROMU,30,2010-03-01 11:22:17,2012-02-28 07:12:29,6,5
222863868010661,171000275010661,2008,54,4,11,1172.0,1.0,1,ROPS,1,ROPS,10,2010-03-01 11:22:17,2012-02-28 07:14:49,6,5
222863858010661,171000275010661,2008,54,4,11,1172.0,2.0,1,ELUM,1,ELUM,1,2010-03-01 11:22:17,2012-02-28 07:13:51,6,5
222864270010661,171000585010661,2008,54,4,107,934.0,4.0,2,ROMU,1,ROMU,10,2010-03-01 11:22:18,2012-02-28 07:02:33,6,5
222863860010661,171000275010661,2008,54,4,11,1172.0,2.0,1,LOJA,1,LOJA,25,2010-03-01 11:22:17,2012-02-28 07:13:51,6,5
222863863010661,171000275010661,2008,54,4,11,1172.0,2.0,1,MIVI,1,MIVI,15,2010-03-01 11:22:17,2012-02-28 07:12:56,6,5
222863866010661,171000275010661,2008,54,4,11,1172.0,2.0,1,ROMU,1,ROMU,30,2010-03-01 11:22:17,2012-02-28 07:12:29,6,5
222863854010661,171000275010661,2008,54,4,11,1172.0,4.0,1,AIAL,1,AIAL,20,2010-03-01 11:22:17,2012-02-28 07:12:56,6,5
222863856010661,171000275010661,2008,54,4,11,1172.0,4.0,1,CEOR7,1,CEOR7,1,2010-03-01 11:22:17,2012-02-28 07:13:51,6,5
222863861010661,171000275010661,2008,54,4,11,1172.0,4.0,1,LOJA,1,LOJA,20,2010-03-01 11:22:17,2012-02-28 07:13:51,6,5
222863864010661,171000275010661,2008,54,4,11,1172.0,4.0,1,MIVI,1,MIVI,15,2010-03-01 11:22:17,2012-02-28 07:12:56,6,5
222863867010661,171000275010661,2008,54,4,11,1172.0,4.0,1,ROMU,1,ROMU,30,2010-03-01 11:22:17,2012-02-28 07:12:29,6,5
222863873010661,171000284010661,2008,54,3,15,239.0,3.0,1,MIVI,1,MIVI,1,2010-03-01 11:22:17,2012-02-28 07:12:05,6,5
222863874010661,171000284010661,2008,54,3,15,239.0,3.0,1,ROMU,1,ROMU,1,2010-03-01 11:22:17,2012-02-28 07:14:19,6,5
222863875010661,171000293010661,2008,54,3,19,707.0,2.0,2,LOJA,1,LOJA,3,2010-03-01 11:22:17,2012-02-28 07:12:29,6,5
222863877010661,171000293010661,2008,54,3,19,707.0,2.0,2,ROMU,1,ROMU,6,2010-03-01 11:22:17,2012-02-28 07:12:56,6,5
222863876010661,171000293010661,2008,54,3,19,707.0,3.0,1,LOJA,1,LOJA,1,2010-03-01 11:22:17,2012-02-28 07:12:29,6,5
222863878010661,171000293010661,2008,54,3,19,707.0,3.0,1,ROPS,1,ROPS,1,2010-03-01 11:22:17,2012-02-28 07:12:56,6,5
222863879010661,171000294010661,2008,54,3,19,1939.0,1.0,1,MIVI,1,MIVI,3,2010-03-01 11:22:17,2012-02-28 07:13:25,6,5
222864232010661,171000619010661,2008,54,2,93,218.0,1.0,1,ELUM,1,ELUM,1,2010-03-01 11:22:18,2012-02-29 11:15:31,6,5
222864234010661,171000619010661,2008,54,2,93,218.0,1.0,1,LOMO2,1,LOMO2,1,2010-03-01 11:22:18,2012-02-28 07:07:21,6,5
222864231010661,171000619010661,2008,54,2,93,218.0,4.0,1,BETH,1,BETH,1,2010-03-01 11:22:18,2012-02-29 11:15:31,6,5
222864233010661,171000619010661,2008,54,2,93,218.0,4.0,1,LOMA6,1,LOMA6,1,2010-03-01 11:22:18,2012-02-29 11:15:33,6,5
222864235010661,171000619010661,2008,54,2,93,218.0,4.0,1,LOMO2,1,LOMO2,1,2010-03-01 11:22:18,2012-02-28 07:07:21,6,5
222864081010661,171000366010661,2008,54,2,37,222.0,3.0,2,ALPE4,1,ALPE4,1,2010-03-01 11:22:17,2012-02-29 11:15:31,6,5
222864082010661,171000366010661,2008,54,2,37,222.0,3.0,2,ELUM,1,ELUM,1,2010-03-01 11:22:17,2012-02-28 07:06:09,6,5
222864083010661,171000366010661,2008,54,2,37,222.0,3.0,2,LONIC,1,LONIC,1,2010-03-01 11:22:17,2012-02-29 11:15:31,6,5
222864084010661,171000366010661,2008,54,2,37,222.0,3.0,2,LONIC,2,LONIC,1,2010-03-01 11:22:17,2012-02-28 07:02:54,6,5
222864110010661,171000400010661,2008,54,3,45,1490.0,1.0,1,PATO2,1,PATO2,2,2010-03-01 11:22:18,2012-02-28 07:13:50,6,5
222864112010661,171000400010661,2008,54,3,45,1490.0,2.0,1,ROPS,1,ROPS,3,2010-03-01 11:22:18,2012-02-28 07:12:28,6,5
222864109010661,171000400010661,2008,54,3,45,1490.0,3.0,1,AIAL,1,AIAL,9,2010-03-01 11:22:18,2012-02-28 07:12:03,6,5
222864111010661,171000400010661,2008,54,3,45,1490.0,3.0,1,PATO2,1,PATO2,3,2010-03-01 11:22:18,2012-02-28 07:13:50,6,5
222864113010661,171000400010661,2008,54,3,45,1490.0,3.0,1,ROPS,1,ROPS,1,2010-03-01 11:22:18,2012-02-28 07:12:28,6,5
222864127010661,171000443010661,2008,54,3,59,1515.0,1.0,1,MIVI,1,MIVI,2,2010-03-01 11:22:18,2012-02-28 07:11:39,6,5
222864129010661,171000443010661,2008,54,3,59,1515.0,1.0,1,ROMU,1,ROMU,2,2010-03-01 11:22:18,2012-02-28 07:12:04,6,5
222864126010661,171000443010661,2008,54,3,59,1515.0,4.0,1,ELUM,1,ELUM,3,2010-03-01 11:22:18,2012-02-28 07:12:55,6,5
222864128010661,171000443010661,2008,54,3,59,1515.0,4.0,1,MIVI,1,MIVI,15,2010-03-01 11:22:18,2012-02-28 07:11:39,6,5
222864130010661,171000443010661,2008,54,3,59,1515.0,4.0,1,ROMU,1,ROMU,2,2010-03-01 11:22:18,2012-02-28 07:12:04,6,5
222864132010661,171000451010661,2008,54,4,61,81.0,1.0,1,ROPS,1,ROPS,10,2010-03-01 11:22:18,2012-02-28 07:12:04,6,5
222864131010661,171000451010661,2008,54,4,61,81.0,2.0,1,ROMU,1,ROMU,1,2010-03-01 11:22:18,2012-02-28 07:14:48,6,5
222864133010661,171000471010661,2008,54,3,67,2020.0,1.0,1,ELUM,1,ELUM,8,2010-03-01 11:22:18,2012-02-28 07:13:24,6,5
222864136010661,171000471010661,2008,54,3,67,2020.0,1.0,1,LOMA6,1,LOMA6,4,2010-03-01 11:22:18,2012-02-28 07:12:29,6,5
222864139010661,171000471010661,2008,54,3,67,2020.0,1.0,1,LOMO2,1,LOMO2,10,2010-03-01 11:22:18,2012-02-28 07:13:24,6,5
222864134010661,171000471010661,2008,54,3,67,2020.0,2.0,1,ELUM,1,ELUM,18,2010-03-01 11:22:18,2012-02-28 07:13:24,6,5
222864137010661,171000471010661,2008,54,3,67,2020.0,2.0,1,LOMA6,1,LOMA6,2,2010-03-01 11:22:18,2012-02-28 07:12:29,6,5
222864140010661,171000471010661,2008,54,3,67,2020.0,2.0,1,LOMO2,1,LOMO2,10,2010-03-01 11:22:18,2012-02-28 07:13:24,6,5
222864135010661,171000471010661,2008,54,3,67,2020.0,3.0,1,ELUM,1,ELUM,6,2010-03-01 11:22:18,2012-02-28 07:13:24,6,5
222864141010661,171000471010661,2008,54,3,67,2020.0,3.0,1,LOMO2,1,LOMO2,5,2010-03-01 11:22:18,2012-02-28 07:13:24,6,5
222864143010661,171000471010661,2008,54,3,67,2020.0,3.0,1,ROMU,1,ROMU,1,2010-03-01 11:22:18,2012-02-28 07:13:51,6,5
222864138010661,171000471010661,2008,54,3,67,2020.0,4.0,2,LOMA6,1,LOMA6,3,2010-03-01 11:22:18,2012-02-28 07:12:29,6,5
222864142010661,171000471010661,2008,54,3,67,2020.0,4.0,2,LOMO2,1,LOMO2,4,2010-03-01 11:22:18,2012-02-28 07:13:24,6,5
222864144010661,171000471010661,2008,54,3,67,2020.0,4.0,2,ROMU,1,ROMU,10,2010-03-01 11:22:18,2012-02-28 07:13:51,6,5
222864145010661,171000471010661,2008,54,3,67,2020.0,4.0,2,ROPS,1,ROPS,8,2010-03-01 11:22:18,2012-02-28 07:13:26,6,5
222863828010661,171000244010661,2008,54,2,1,508.0,3.0,2,ROMU,1,ROMU,1,2010-03-01 11:22:17,2012-02-28 07:12:05,6,5
222863889010661,171001223010661,2008,54,3,19,442.0,1.0,1,ROMU,1,ROMU,1,2010-03-01 11:22:17,2012-02-29 11:15:31,6,5
222863890010661,171001223010661,2008,54,3,19,442.0,2.0,1,ROMU,1,ROMU,1,2010-03-01 11:22:17,2012-02-29 11:15:31,6,5
222863891010661,171001223010661,2008,54,3,19,442.0,3.0,1,ROMU,1,ROMU,1,2010-03-01 11:22:17,2012-02-29 11:15:31,6,5
222863892010661,171001223010661,2008,54,3,19,442.0,4.0,1,ROMU,1,ROMU,1,2010-03-01 11:22:17,2012-02-29 11:15:31,6,5
222863898010661,171000307010661,2008,54,2,23,1733.0,1.0,1,MIVI,1,MIVI,7,2010-03-01 11:22:17,2012-02-28 07:12:05,6,5
222863901010661,171000307010661,2008,54,2,23,1733.0,1.0,1,ROPS,1,ROPS,5,2010-03-01 11:22:17,2012-02-28 07:13:51,6,5
222863899010661,171000307010661,2008,54,2,23,1733.0,2.0,1,MIVI,1,MIVI,1,2010-03-01 11:22:17,2012-02-28 07:12:05,6,5
222863900010661,171000307010661,2008,54,2,23,1733.0,3.0,1,MIVI,1,MIVI,1,2010-03-01 11:22:17,2012-02-28 07:12:05,6,5
222863902010661,171000307010661,2008,54,2,23,1733.0,3.0,1,ROPS,1,ROPS,1,2010-03-01 11:22:17,2012-02-28 07:13:51,6,5
222863903010661,171000313010661,2008,54,3,25,1590.0,3.0,1,ROPS,1,ROPS,1,2010-03-01 11:22:17,2012-02-28 07:12:56,6,5
222863911010661,171000314010661,2008,54,3,25,286.0,2.0,1,ROMU,1,ROMU,5,2010-03-01 11:22:17,2012-02-28 07:07:36,6,5
222864026010661,171000347010661,2008,54,2,31,3598.0,3.0,2,ALPE4,1,ALPE4,1,2010-03-01 11:22:17,2012-02-28 07:12:04,6,5
222864256010661,171000585010661,2008,54,4,107,934.0,1.0,1,ELUM,1,ELUM,1,2010-03-01 11:22:18,2012-02-29 11:15:33,6,5
222864257010661,171000585010661,2008,54,4,107,934.0,1.0,1,LOJA,1,LOJA,1,2010-03-01 11:22:18,2012-02-29 11:15:31,6,5
222864261010661,171000585010661,2008,54,4,107,934.0,1.0,1,LONIC,2,LONIC,2,2010-03-01 11:22:18,2012-02-28 07:02:47,6,5
222864267010661,171000585010661,2008,54,4,107,934.0,1.0,1,ROMU,1,ROMU,7,2010-03-01 11:22:18,2012-02-28 07:02:33,6,5
222864271010661,171000585010661,2008,54,4,107,934.0,1.0,1,ROPS,1,ROPS,10,2010-03-01 11:22:18,2012-02-28 07:03:12,6,5
222863497010661,122560716010661,2007,54,3,39,1697.0,1.0,1,ROPS,1,ROPS,3,2010-03-01 11:22:08,2012-02-28 07:12:49,6,4
222863492010661,122560716010661,2007,54,3,39,1697.0,2.0,1,MIVI,1,MIVI,1,2010-03-01 11:22:08,2012-02-28 07:12:21,6,4
222863495010661,122560716010661,2007,54,3,39,1697.0,2.0,1,ROMU,1,ROMU,7,2010-03-01 11:22:08,2012-02-28 07:14:11,6,4
222863490010661,122560716010661,2007,54,3,39,1697.0,3.0,1,AIAL,1,AIAL,1,2010-03-01 11:22:08,2012-02-28 07:14:11,6,4
222863493010661,122560716010661,2007,54,3,39,1697.0,3.0,1,MIVI,1,MIVI,1,2010-03-01 11:22:08,2012-02-28 07:12:21,6,4
222863496010661,122560716010661,2007,54,3,39,1697.0,3.0,1,ROMU,1,ROMU,1,2010-03-01 11:22:08,2012-02-28 07:14:11,6,4
222863498010661,122560716010661,2007,54,3,39,1697.0,4.0,1,ROPS,1,ROPS,1,2010-03-01 11:22:08,2012-02-28 07:12:49,6,4
222863607010661,122560946010661,2007,54,3,67,1595.0,2.0,1,AIAL,1,AIAL,2,2010-03-01 11:22:09,2012-02-28 07:11:58,6,4
222863771010661,122560538010661,2007,54,4,95,2243.0,1.0,1,ROMU,1,ROMU,1,2010-03-01 11:22:09,2012-02-28 07:12:21,6,4
222863772010661,122560538010661,2007,54,4,95,2243.0,3.0,1,ROMU,1,ROMU,1,2010-03-01 11:22:09,2012-02-28 07:12:21,6,4
222863318010661,122561006010661,2007,54,2,1,1891.0,1.0,1,ROMU,1,ROMU,2,2010-03-01 11:22:08,2012-02-28 07:13:43,6,4
222863319010661,122561006010661,2007,54,2,1,1891.0,2.0,1,ROMU,1,ROMU,1,2010-03-01 11:22:08,2012-02-28 07:13:43,6,4
222863320010661,122561006010661,2007,54,2,1,1891.0,3.0,1,ROMU,1,ROMU,2,2010-03-01 11:22:08,2012-02-28 07:13:43,6,4
222863321010661,122561006010661,2007,54,2,1,1891.0,4.0,1,ROMU,1,ROMU,1,2010-03-01 11:22:08,2012-02-28 07:13:43,6,4
222863403010661,122560234010661,2007,54,3,19,1242.0,1.0,1,ROPS,1,ROPS,10,2010-03-01 11:22:08,2012-02-28 07:14:11,6,4
222863400010661,122560234010661,2007,54,3,19,1242.0,2.0,3,MIVI,1,MIVI,20,2010-03-01 11:22:08,2012-02-28 07:14:11,6,4
222863402010661,122560234010661,2007,54,3,19,1242.0,2.0,3,ROMU,1,ROMU,10,2010-03-01 11:22:08,2012-02-28 07:11:58,6,4
222863404010661,122560234010661,2007,54,3,19,1242.0,2.0,3,ROPS,1,ROPS,5,2010-03-01 11:22:08,2012-02-28 07:14:11,6,4
222863401010661,122560234010661,2007,54,3,19,1242.0,4.0,1,MIVI,1,MIVI,10,2010-03-01 11:22:08,2012-02-28 07:14:11,6,4
222863427010661,122560340010661,2007,54,3,25,691.0,4.0,1,ROPS,1,ROPS,5,2010-03-01 11:22:08,2012-02-28 07:12:50,6,4
222863487010661,122560790010661,2007,54,4,35,1570.0,1.0,1,ROMU,1,ROMU,2,2010-03-01 11:22:08,2012-02-28 07:12:22,6,4
222863488010661,122560790010661,2007,54,4,35,1570.0,2.0,1,ROMU,1,ROMU,1,2010-03-01 11:22:08,2012-02-28 07:12:22,6,4
222863502010661,122560296010661,2007,54,2,41,1758.0,1.0,1,MIVI,1,MIVI,5,2010-03-01 11:22:08,2012-02-28 07:13:17,6,4
222863503010661,122560296010661,2007,54,2,41,1758.0,2.0,1,MIVI,1,MIVI,1,2010-03-01 11:22:08,2012-02-28 07:13:17,6,4
222863507010661,122560296010661,2007,54,2,41,1758.0,2.0,1,ROPS,1,ROPS,1,2010-03-01 11:22:08,2012-02-28 07:13:17,6,4
222863504010661,122560296010661,2007,54,2,41,1758.0,3.0,1,MIVI,1,MIVI,3,2010-03-01 11:22:08,2012-02-28 07:13:17,6,4
222863500010661,122560296010661,2007,54,2,41,1758.0,4.0,1,BETH,1,BETH,1,2010-03-01 11:22:08,2012-02-28 07:13:18,6,4
222863501010661,122560296010661,2007,54,2,41,1758.0,4.0,1,ELUM,1,ELUM,1,2010-03-01 11:22:08,2012-02-28 07:12:50,6,4
222863505010661,122560296010661,2007,54,2,41,1758.0,4.0,1,MIVI,1,MIVI,3,2010-03-01 11:22:08,2012-02-28 07:13:17,6,4
222863506010661,122560296010661,2007,54,2,41,1758.0,4.0,1,ROMU,1,ROMU,1,2010-03-01 11:22:08,2012-02-28 07:14:13,6,4
222863522010661,122560824010661,2007,54,4,43,2271.0,1.0,1,LOJA,1,LOJA,17,2010-03-01 11:22:08,2012-02-28 07:12:50,6,4
222863528010661,122560824010661,2007,54,4,43,2271.0,1.0,1,ROMU,1,ROMU,31,2010-03-01 11:22:08,2012-02-28 07:12:22,6,4
222863523010661,122560824010661,2007,54,4,43,2271.0,2.0,1,LOJA,1,LOJA,37,2010-03-01 11:22:08,2012-02-28 07:12:50,6,4
222863526010661,122560824010661,2007,54,4,43,2271.0,2.0,1,MIVI,1,MIVI,31,2010-03-01 11:22:08,2012-02-28 07:11:59,6,4
222863529010661,122560824010661,2007,54,4,43,2271.0,2.0,1,ROMU,1,ROMU,5,2010-03-01 11:22:08,2012-02-28 07:12:22,6,4
222863524010661,122560824010661,2007,54,4,43,2271.0,3.0,1,LOJA,1,LOJA,9,2010-03-01 11:22:08,2012-02-28 07:12:50,6,4
222863527010661,122560824010661,2007,54,4,43,2271.0,3.0,1,MIVI,1,MIVI,7,2010-03-01 11:22:08,2012-02-28 07:11:59,6,4
222863530010661,122560824010661,2007,54,4,43,2271.0,3.0,1,ROMU,1,ROMU,2,2010-03-01 11:22:08,2012-02-28 07:12:22,6,4
222863525010661,122560824010661,2007,54,4,43,2271.0,4.0,2,LOJA,1,LOJA,3,2010-03-01 11:22:08,2012-02-28 07:12:50,6,4
222863584010661,122560862010661,2007,54,4,53,1601.0,2.0,1,LOJA,1,LOJA,1,2010-03-01 11:22:08,2012-02-29 11:15:30,6,4
222863585010661,122560862010661,2007,54,4,53,1601.0,3.0,1,LOJA,1,LOJA,1,2010-03-01 11:22:08,2012-02-29 11:15:30,6,4
152864444020004,171000326010661,2008,54,2,27,188.0,4.0,1,2FORB,14,ALPE4,2,2012-12-07 10:11:46,,6,5
152864445020004,171000326010661,2008,54,2,27,188.0,3.0,1,2FORB,14,ALPE4,2,2012-12-07 10:11:46,,6,5
152864446020004,171000326010661,2008,54,2,27,188.0,2.0,1,2FORB,14,ALPE4,2,2012-12-07 10:11:46,,6,5
152864447020004,171000326010661,2008,54,2,27,188.0,1.0,1,2FORB,14,ALPE4,1,2012-12-07 10:11:46,,6,5
222863981010661,171000334010661,2008,54,2,27,1658.0,1.0,1,LIVU,1,LIVU,1,2010-03-01 11:22:17,2012-02-29 11:15:31,6,5
222863983010661,171000334010661,2008,54,2,27,1658.0,1.0,1,LOJA,1,LOJA,1,2010-03-01 11:22:17,2012-02-29 11:15:33,6,5
222863984010661,171000334010661,2008,54,2,27,1658.0,2.0,1,LOJA,1,LOJA,1,2010-03-01 11:22:17,2012-02-28 07:06:35,6,5
222863985010661,171000334010661,2008,54,2,27,1658.0,3.0,1,LOJA,1,LOJA,1,2010-03-01 11:22:17,2012-02-29 11:15:31,6,5
222863982010661,171000334010661,2008,54,2,27,1658.0,4.0,1,LIVU,1,LIVU,1,2010-03-01 11:22:17,2012-02-28 07:07:21,6,5
222863986010661,171000334010661,2008,54,2,27,1658.0,4.0,1,LOJA,1,LOJA,1,2010-03-01 11:22:17,2012-02-28 07:06:35,6,5
222864021010661,171000341010661,2008,54,2,31,608.0,1.0,1,AIAL,1,AIAL,5,2010-03-01 11:22:17,2012-02-28 07:07:05,6,5
222864022010661,171000341010661,2008,54,2,31,608.0,2.0,1,AIAL,1,AIAL,1,2010-03-01 11:22:17,2012-02-29 11:15:31,6,5
222864024010661,171000341010661,2008,54,2,31,608.0,2.0,1,ROPS,1,ROPS,1,2010-03-01 11:22:17,2012-02-29 11:15:31,6,5
222864025010661,171000341010661,2008,54,2,31,608.0,3.0,1,ROPS,1,ROPS,1,2010-03-01 11:22:17,2012-02-29 11:15:31,6,5
222864023010661,171000341010661,2008,54,2,31,608.0,4.0,1,MIVI,1,MIVI,1,2010-03-01 11:22:17,2012-02-29 11:15:31,6,5
222864166010661,171000476010661,2008,54,4,69,354.0,1.0,1,LONIC,1,LOMO2,85,2010-03-01 11:22:18,2012-02-28 07:03:06,6,5
222864169010661,171000476010661,2008,54,4,69,354.0,1.0,1,LONIC,2,LOMO2,1,2010-03-01 11:22:18,2012-02-28 07:02:27,6,5
222864171010661,171000476010661,2008,54,4,69,354.0,1.0,1,ROMU,1,ROMU,8,2010-03-01 11:22:18,2012-02-28 07:06:35,6,5
222864167010661,171000476010661,2008,54,4,69,354.0,2.0,1,LONIC,1,LOMO2,90,2010-03-01 11:22:18,2012-02-28 07:02:47,6,5
222864170010661,171000476010661,2008,54,4,69,354.0,2.0,1,LONIC,2,LOMO2,1,2010-03-01 11:22:18,2012-02-28 07:03:06,6,5
222864172010661,171000476010661,2008,54,4,69,354.0,2.0,1,ROMU,1,ROMU,5,2010-03-01 11:22:18,2012-02-28 07:05:55,6,5
222864164010661,171000476010661,2008,54,4,69,354.0,3.0,1,AIAL,1,AIAL,1,2010-03-01 11:22:18,2012-02-28 07:02:47,6,5
222864165010661,171000476010661,2008,54,4,69,354.0,3.0,1,BETH,1,BETH,1,2010-03-01 11:22:18,2012-02-28 07:07:21,6,5
222864168010661,171000476010661,2008,54,4,69,354.0,3.0,1,LONIC,1,LOMO2,2,2010-03-01 11:22:18,2012-02-28 07:03:06,6,5
222864173010661,171000476010661,2008,54,4,69,354.0,3.0,1,ROMU,1,ROMU,2,2010-03-01 11:22:18,2012-02-28 07:07:36,6,5
152864503020004,171000476010661,2008,54,4,69,354.0,2.0,1,2FDA,5,ALPE4,1,2012-12-07 10:11:47,,6,5
222864183010661,171000487010661,2008,54,2,75,1110.0,1.0,1,ROPS,1,ROPS,1,2010-03-01 11:22:18,2012-02-29 11:15:31,6,5
222864184010661,171000487010661,2008,54,2,75,1110.0,2.0,1,ROPS,1,ROPS,5,2010-03-01 11:22:18,2012-02-28 07:07:36,6,5
222864185010661,171000487010661,2008,54,2,75,1110.0,4.0,1,ROPS,1,ROPS,2,2010-03-01 11:22:18,2012-02-28 07:05:55,6,5
222864240010661,171000582010661,2008,54,4,103,683.0,1.0,1,ROMU,1,ROMU,1,2010-03-01 11:22:18,2012-02-28 07:13:24,6,5
222864239010661,171000582010661,2008,54,4,103,683.0,2.0,1,BETH,1,BETH,1,2010-03-01 11:22:18,2012-02-28 07:13:24,6,5
222864241010661,171000582010661,2008,54,4,103,683.0,2.0,1,ROMU,1,ROMU,2,2010-03-01 11:22:18,2012-02-28 07:13:24,6,5
222864242010661,171000582010661,2008,54,4,103,683.0,4.0,1,ROPS,1,ROPS,15,2010-03-01 11:22:18,2012-02-28 07:12:29,6,5
222864174010661,171000605010661,2008,54,2,71,1729.0,1.0,1,ROPS,1,ROPS,25,2010-03-01 11:22:18,2012-02-28 07:13:51,6,5
222864175010661,171000605010661,2008,54,2,71,1729.0,2.0,1,ROPS,1,ROPS,13,2010-03-01 11:22:18,2012-02-28 07:13:51,6,5
222864176010661,171000605010661,2008,54,2,71,1729.0,3.0,1,ROPS,1,ROPS,1,2010-03-01 11:22:18,2012-02-28 07:13:51,6,5
226243060010661,145007893010661,2009,54,3,39,1997.0,4.0,1,AIAL,1,AIAL,1,2010-06-07 14:42:30,2012-02-28 07:13:05,7,1
226243062010661,145007893010661,2009,54,3,39,1997.0,4.0,1,BETH,1,BETH,1,2010-06-07 14:42:30,2012-02-28 07:13:32,7,1
226243065010661,145007893010661,2009,54,3,39,1997.0,4.0,1,CEOR7,1,CEOR7,2,2010-06-07 14:42:30,2012-02-28 07:13:32,7,1
226243069010661,145007893010661,2009,54,3,39,1997.0,4.0,1,LONIC,1,LONIC,3,2010-06-07 14:42:30,2012-02-28 07:14:28,7,1
226243077010661,145007893010661,2009,54,3,39,1997.0,4.0,1,ROMU,1,ROMU,2,2010-06-07 14:42:30,2012-02-28 07:13:05,7,1
226243100010661,145007903010661,2009,54,3,39,2800.0,1.0,1,AIAL,1,AIAL,1,2010-06-07 14:42:30,2012-02-28 07:13:32,7,1
226243101010661,145007903010661,2009,54,3,39,2800.0,1.0,1,LOJA,1,LOJA,5,2010-06-07 14:42:30,2012-02-28 07:12:11,7,1
226243105010661,145007903010661,2009,54,3,39,2800.0,1.0,1,MIVI,1,MIVI,3,2010-06-07 14:42:30,2012-02-28 07:13:32,7,1
226243111010661,145007903010661,2009,54,3,39,2800.0,1.0,1,ROPS,1,ROPS,27,2010-06-07 14:42:30,2012-02-28 07:14:59,7,1
226243102010661,145007903010661,2009,54,3,39,2800.0,2.0,1,LOJA,1,LOJA,20,2010-06-07 14:42:30,2012-02-28 07:12:11,7,1
226243106010661,145007903010661,2009,54,3,39,2800.0,2.0,1,MIVI,1,MIVI,25,2010-06-07 14:42:30,2012-02-28 07:13:32,7,1
226243109010661,145007903010661,2009,54,3,39,2800.0,2.0,1,PATO2,1,PATO2,13,2010-06-07 14:42:30,2012-02-28 07:13:05,7,1
226243110010661,145007903010661,2009,54,3,39,2800.0,2.0,1,ROMU,1,ROMU,5,2010-06-07 14:42:30,2012-02-28 07:12:11,7,1
226243103010661,145007903010661,2009,54,3,39,2800.0,3.0,1,LOJA,1,LOJA,6,2010-06-07 14:42:30,2012-02-28 07:12:11,7,1
226243107010661,145007903010661,2009,54,3,39,2800.0,3.0,1,MIVI,1,MIVI,13,2010-06-07 14:42:30,2012-02-28 07:13:32,7,1
226243112010661,145007903010661,2009,54,3,39,2800.0,3.0,1,ROPS,1,ROPS,17,2010-06-07 14:42:30,2012-02-28 07:14:59,7,1
226243104010661,145007903010661,2009,54,3,39,2800.0,4.0,1,LOJA,1,LOJA,8,2010-06-07 14:42:30,2012-02-28 07:12:11,7,1
226243108010661,145007903010661,2009,54,3,39,2800.0,4.0,1,MIVI,1,MIVI,1,2010-06-07 14:42:30,2012-02-28 07:13:32,7,1
226243113010661,145007903010661,2009,54,3,39,2800.0,4.0,1,ROPS,1,ROPS,9,2010-06-07 14:42:30,2012-02-28 07:14:59,7,1
152864585020004,145007927010661,2009,54,3,45,534.0,4.0,1,MIVI,1,MIVI,5,2012-12-07 10:11:48,,7,1
152864586020004,145007927010661,2009,54,3,45,534.0,2.0,1,MIVI,1,MIVI,50,2012-12-07 10:11:48,,7,1
152864587020004,145007939010661,2009,54,4,107,1633.0,1.0,1,AIAL,1,AIAL,1,2012-12-07 10:11:48,,7,1
152864855020004,145007939010661,2009,54,4,107,1633.0,4.0,1,ROMU,1,ROMU,1,2012-12-07 10:11:49,,7,1
222864258010661,171000585010661,2008,54,4,107,934.0,2.0,1,LOJA,1,LOJA,10,2010-03-01 11:22:18,2012-02-28 07:03:06,6,5
222864262010661,171000585010661,2008,54,4,107,934.0,2.0,1,LONIC,2,LONIC,2,2010-03-01 11:22:18,2012-02-28 07:03:13,6,5
222864265010661,171000585010661,2008,54,4,107,934.0,2.0,1,MIVI,1,MIVI,1,2010-03-01 11:22:18,2012-02-29 11:15:31,6,5
222864268010661,171000585010661,2008,54,4,107,934.0,2.0,1,ROMU,1,ROMU,2,2010-03-01 11:22:18,2012-02-28 07:02:33,6,5
222864259010661,171000585010661,2008,54,4,107,934.0,3.0,1,LOJA,1,LOJA,1,2010-03-01 11:22:18,2012-02-28 07:03:06,6,5
222864263010661,171000585010661,2008,54,4,107,934.0,3.0,1,LONIC,2,LONIC,1,2010-03-01 11:22:18,2012-02-28 07:02:40,6,5
222864269010661,171000585010661,2008,54,4,107,934.0,3.0,1,ROMU,1,ROMU,1,2010-03-01 11:22:18,2012-02-29 11:15:31,6,5
222864255010661,171000585010661,2008,54,4,107,934.0,4.0,2,ELAEA,1,ELUM,1,2010-03-01 11:22:18,2012-02-29 11:15:31,6,5
222864260010661,171000585010661,2008,54,4,107,934.0,4.0,2,LOJA,1,LOJA,1,2010-03-01 11:22:18,2012-02-28 07:02:59,6,5
222864264010661,171000585010661,2008,54,4,107,934.0,4.0,2,LONIC,2,LONIC,1,2010-03-01 11:22:18,2012-02-28 07:02:47,6,5
222864266010661,171000585010661,2008,54,4,107,934.0,4.0,2,MIVI,1,MIVI,1,2010-03-01 11:22:18,2012-02-29 11:15:33,6,5
226244628010661,145007715010661,2009,54,3,81,753.0,2.0,1,ROPS,1,ROPS,1,2010-06-07 14:43:09,2012-02-28 07:12:40,7,1
226244624010661,145007715010661,2009,54,3,81,753.0,4.0,1,AIAL,1,AIAL,3,2010-06-07 14:43:09,2012-02-28 07:13:06,7,1
226244626010661,145007715010661,2009,54,3,81,753.0,4.0,1,ROMU,1,ROMU,5,2010-06-07 14:43:09,2012-02-28 07:14:59,7,1
152865121020004,145007725010661,2009,54,3,81,1027.0,3.0,1,ROMU,1,ROMU,9,2012-12-07 10:11:51,,7,1
152865122020004,145007725010661,2009,54,3,81,1027.0,3.0,1,ROPS,1,ROPS,1,2012-12-07 10:11:51,,7,1
152865123020004,145007725010661,2009,54,3,81,1027.0,3.0,1,ELUM,1,ELUM,1,2012-12-07 10:11:51,,7,1
152864712020004,145007763010661,2009,54,4,103,380.0,1.0,1,AIAL,1,AIAL,4,2012-12-07 10:11:49,,7,1
152864713020004,145007763010661,2009,54,4,103,380.0,1.0,1,BETH,1,BETH,2,2012-12-07 10:11:49,,7,1
152864714020004,145007763010661,2009,54,4,103,380.0,4.0,1,ROMU,1,ROMU,2,2012-12-07 10:11:49,,7,1
152864715020004,145007763010661,2009,54,4,103,380.0,3.0,1,ROMU,1,ROMU,1,2012-12-07 10:11:49,,7,1
152864716020004,145007763010661,2009,54,4,103,380.0,2.0,1,ROMU,1,ROMU,1,2012-12-07 10:11:49,,7,1
152864717020004,145007763010661,2009,54,4,103,380.0,4.0,1,MIVI,1,MIVI,6,2012-12-07 10:11:49,,7,1
226244746010661,145007765010661,2009,54,4,103,1947.0,1.0,1,BETH,1,BETH,1,2010-06-07 14:43:12,2012-02-28 07:14:59,7,1
226244748010661,145007765010661,2009,54,4,103,1947.0,1.0,1,MIVI,1,MIVI,10,2010-06-07 14:43:12,2012-02-28 07:12:11,7,1
226244750010661,145007765010661,2009,54,4,103,1947.0,1.0,1,ROMU,1,ROMU,3,2010-06-07 14:43:12,2012-02-28 07:11:48,7,1
226244749010661,145007765010661,2009,54,4,103,1947.0,2.0,1,MIVI,1,MIVI,7,2010-06-07 14:43:12,2012-02-28 07:12:11,7,1
226244751010661,145007765010661,2009,54,4,103,1947.0,2.0,1,ROMU,1,ROMU,15,2010-06-07 14:43:12,2012-02-28 07:11:48,7,1
226244745010661,145007765010661,2009,54,4,103,1947.0,3.0,1,AIAL,1,AIAL,11,2010-06-07 14:43:12,2012-02-28 07:11:48,7,1
226244747010661,145007765010661,2009,54,4,103,1947.0,3.0,1,BETH,1,BETH,2,2010-06-07 14:43:12,2012-02-28 07:14:59,7,1
226244752010661,145007765010661,2009,54,4,103,1947.0,3.0,1,ROMU,1,ROMU,3,2010-06-07 14:43:12,2012-02-28 07:11:48,7,1
226244753010661,145007765010661,2009,54,4,103,1947.0,4.0,1,ROMU,1,ROMU,2,2010-06-07 14:43:12,2012-02-28 07:11:48,7,1
226244766010661,145007769010661,2009,54,4,95,2506.0,2.0,1,MIVI,1,MIVI,1,2010-06-07 14:43:12,2012-02-28 07:14:30,7,1
226244769010661,145007769010661,2009,54,4,95,2506.0,2.0,1,ROMU,1,ROMU,1,2010-06-07 14:43:12,2012-02-28 07:13:06,7,1
226244762010661,145007769010661,2009,54,4,95,2506.0,3.0,1,BEVU,1,BEVU,2,2010-06-07 14:43:12,2012-02-28 07:13:07,7,1
226244764010661,145007769010661,2009,54,4,95,2506.0,3.0,1,ELUM,1,ELUM,1,2010-06-07 14:43:12,2012-02-28 07:14:00,7,1
226244767010661,145007769010661,2009,54,4,95,2506.0,3.0,1,MIVI,1,MIVI,10,2010-06-07 14:43:12,2012-02-28 07:14:30,7,1
226244770010661,145007769010661,2009,54,4,95,2506.0,3.0,1,ROMU,1,ROMU,10,2010-06-07 14:43:12,2012-02-28 07:13:06,7,1
226244765010661,145007769010661,2009,54,4,95,2506.0,4.0,1,ELUM,1,ELUM,3,2010-06-07 14:43:12,2012-02-28 07:14:00,7,1
226244771010661,145007769010661,2009,54,4,95,2506.0,4.0,1,ROMU,1,ROMU,55,2010-06-07 14:43:12,2012-02-28 07:13:06,7,1
226244763010661,145007769010661,2009,54,4,95,2506.0,1.0,1,ELUM,1,ELUM,1,2010-06-07 14:43:12,2012-02-28 07:14:00,7,1
226244768010661,145007769010661,2009,54,4,95,2506.0,1.0,1,ROMU,1,ROMU,1,2010-06-07 14:43:12,2012-02-28 07:13:06,7,1
226242818010661,145007793010661,2009,54,4,87,3123.0,1.0,1,ROMU,1,ROMU,1,2010-06-07 14:42:22,2012-02-28 07:13:04,7,1
152865132020004,145007811010661,2009,54,3,39,1369.0,3.0,1,ROPS,1,ROPS,1,2012-12-07 10:11:51,,7,1
226242912010661,145007833010661,2009,54,3,47,805.0,1.0,1,ROMU,1,ROMU,1,2010-06-07 14:42:26,2012-02-28 07:13:31,7,1
226242915010661,145007833010661,2009,54,3,47,805.0,1.0,1,ROPS,1,ROPS,1,2010-06-07 14:42:26,2012-02-28 07:14:57,7,1
226242909010661,145007833010661,2009,54,3,47,805.0,3.0,1,ELUM,1,ELUM,5,2010-06-07 14:42:26,2012-02-28 07:11:46,7,1
226242911010661,145007833010661,2009,54,3,47,805.0,3.0,1,MIVI,1,MIVI,1,2010-06-07 14:42:26,2012-02-28 07:12:38,7,1
226242913010661,145007833010661,2009,54,3,47,805.0,3.0,1,ROMU,1,ROMU,5,2010-06-07 14:42:26,2012-02-28 07:13:31,7,1
226242910010661,145007833010661,2009,54,3,47,805.0,4.0,1,ELUM,1,ELUM,8,2010-06-07 14:42:26,2012-02-28 07:11:46,7,1
226242914010661,145007833010661,2009,54,3,47,805.0,4.0,1,ROMU,1,ROMU,2,2010-06-07 14:42:26,2012-02-28 07:13:31,7,1
226242963010661,145007853010661,2009,54,4,85,1774.0,1.0,1,MIVI,1,MIVI,25,2010-06-07 14:42:27,2012-02-28 07:13:32,7,1
226242964010661,145007853010661,2009,54,4,85,1774.0,1.0,1,ROMU,1,ROMU,5,2010-06-07 14:42:27,2012-02-28 07:12:11,7,1
226242983010661,145007861010661,2009,54,4,105,514.0,1.0,1,LIVU,1,LIVU,1,2010-06-07 14:42:28,2012-02-28 07:14:59,7,1
226242984010661,145007861010661,2009,54,4,105,514.0,1.0,1,MIVI,1,MIVI,70,2010-06-07 14:42:28,2012-02-28 07:13:59,7,1
226242986010661,145007861010661,2009,54,4,105,514.0,1.0,1,ROMU,1,ROMU,1,2010-06-07 14:42:28,2012-02-28 07:11:47,7,1
226242985010661,145007861010661,2009,54,4,105,514.0,2.0,2,MIVI,1,MIVI,5,2010-06-07 14:42:28,2012-02-28 07:13:59,7,1
226244625010661,145007715010661,2009,54,3,81,753.0,2.0,1,ROMU,1,ROMU,8,2010-06-07 14:43:09,2012-02-28 07:14:59,7,1
249336566010661,169112955010661,2010,54,4,17,350.0,4.0,1,LOMO2,1,LOMO2,8,2011-06-02 14:20:03,,7,2
249336567010661,169112955010661,2010,54,4,17,350.0,1.0,1,LOTA,1,LOTA,5,2011-06-02 14:20:03,,7,2
249336568010661,169112955010661,2010,54,4,17,350.0,1.0,1,LYNU,1,LYNU,15,2011-06-02 14:20:03,,7,2
249336569010661,169112955010661,2010,54,4,17,350.0,3.0,1,LYNU,1,LYNU,15,2011-06-02 14:20:03,,7,2
249336570010661,169112955010661,2010,54,4,17,350.0,4.0,1,LYNU,1,LYNU,12,2011-06-02 14:20:03,,7,2
249336571010661,169112955010661,2010,54,4,17,350.0,1.0,1,MIVI,1,MIVI,35,2011-06-02 14:20:03,,7,2
249336572010661,169112955010661,2010,54,4,17,350.0,3.0,1,MIVI,1,MIVI,20,2011-06-02 14:20:03,,7,2
249336573010661,169112955010661,2010,54,4,17,350.0,4.0,1,MIVI,1,MIVI,3,2011-06-02 14:20:03,,7,2
249336561010661,169112955010661,2010,54,4,17,350.0,4.0,1,BEVU,1,BEVU,6,2011-06-02 14:20:03,,7,2
249336562010661,169112955010661,2010,54,4,17,350.0,1.0,1,ELUM,1,ELUM,40,2011-06-02 14:20:03,,7,2
249336574010661,169112955010661,2010,54,4,17,350.0,3.0,1,POSA4,1,POSA4,3,2011-06-02 14:20:03,,7,2
249336575010661,169112955010661,2010,54,4,17,350.0,1.0,1,ROMU,1,ROMU,35,2011-06-02 14:20:03,,7,2
249336576010661,169112955010661,2010,54,4,17,350.0,3.0,1,ROMU,1,ROMU,35,2011-06-02 14:20:03,,7,2
249336577010661,169112955010661,2010,54,4,17,350.0,4.0,1,ROMU,1,ROMU,48,2011-06-02 14:20:03,,7,2
249336578010661,169112775010661,2010,54,3,19,913.0,2.0,1,BETH,1,BETH,1,2011-06-02 14:20:03,,7,2
249336579010661,169112775010661,2010,54,3,19,913.0,3.0,1,BETH,1,BETH,1,2011-06-02 14:20:03,,7,2
249336580010661,169112775010661,2010,54,3,19,913.0,4.0,1,BETH,1,BETH,1,2011-06-02 14:20:03,,7,2
152864856020004,145007939010661,2009,54,4,107,1633.0,2.0,1,ROMU,1,ROMU,1,2012-12-07 10:11:49,,7,1
152864857020004,145007939010661,2009,54,4,107,1633.0,2.0,1,ROPS,1,ROPS,1,2012-12-07 10:11:49,,7,1
226243266010661,145007969010661,2009,54,4,107,356.0,1.0,1,LOJA,1,LOJA,15,2010-06-07 14:42:35,2012-02-28 07:13:58,7,1
226243270010661,145007969010661,2009,54,4,107,356.0,1.0,1,MIVI,1,MIVI,3,2010-06-07 14:42:35,2012-02-28 07:11:46,7,1
226243273010661,145007969010661,2009,54,4,107,356.0,1.0,1,ROMU,1,ROMU,30,2010-06-07 14:42:35,2012-02-28 07:13:31,7,1
226243267010661,145007969010661,2009,54,4,107,356.0,2.0,1,LOJA,1,LOJA,15,2010-06-07 14:42:35,2012-02-28 07:13:58,7,1
226243269010661,145007969010661,2009,54,4,107,356.0,2.0,1,LOMO2,1,LOMO2,5,2010-06-07 14:42:35,2012-02-28 07:13:31,7,1
226243271010661,145007969010661,2009,54,4,107,356.0,2.0,1,MIVI,1,MIVI,5,2010-06-07 14:42:35,2012-02-28 07:11:46,7,1
226243274010661,145007969010661,2009,54,4,107,356.0,2.0,1,ROMU,1,ROMU,35,2010-06-07 14:42:35,2012-02-28 07:13:31,7,1
226243265010661,145007969010661,2009,54,4,107,356.0,4.0,1,ELUM,1,ELUM,2,2010-06-07 14:42:35,2012-02-28 07:11:46,7,1
226243268010661,145007969010661,2009,54,4,107,356.0,4.0,1,LOJA,1,LOJA,30,2010-06-07 14:42:35,2012-02-28 07:13:58,7,1
226243272010661,145007969010661,2009,54,4,107,356.0,4.0,1,MIVI,1,MIVI,25,2010-06-07 14:42:35,2012-02-28 07:11:46,7,1
226243275010661,145007969010661,2009,54,4,107,356.0,4.0,1,ROMU,1,ROMU,10,2010-06-07 14:42:35,2012-02-28 07:13:31,7,1
152864858020004,145007991010661,2009,54,4,11,797.0,2.0,1,ROMU,1,ROMU,1,2012-12-07 10:11:49,,7,1
152864859020004,145007991010661,2009,54,4,11,797.0,1.0,1,ROMU,1,ROMU,40,2012-12-07 10:11:49,,7,1
152864860020004,145007991010661,2009,54,4,11,797.0,1.0,1,ELUM,1,ELUM,7,2012-12-07 10:11:49,,7,1
152864861020004,145007991010661,2009,54,4,11,797.0,1.0,1,LIVU,1,LIVU,2,2012-12-07 10:11:49,,7,1
152864862020004,145007991010661,2009,54,4,11,797.0,1.0,1,LOJA,1,LOJA,30,2012-12-07 10:11:49,,7,1
226243325010661,145007993010661,2009,54,4,11,313.0,1.0,1,AIAL,1,AIAL,1,2010-06-07 14:42:36,2012-02-28 07:14:58,7,1
226243327010661,145007993010661,2009,54,4,11,313.0,1.0,1,ROMU,1,ROMU,10,2010-06-07 14:42:36,2012-02-28 07:11:46,7,1
226243326010661,145007993010661,2009,54,4,11,313.0,2.0,1,LOJA,1,LOJA,15,2010-06-07 14:42:36,2012-02-28 07:13:31,7,1
226243328010661,145007993010661,2009,54,4,11,313.0,3.0,1,ROMU,1,ROMU,4,2010-06-07 14:42:36,2012-02-28 07:11:46,7,1
152865044020004,145008011010661,2009,54,4,99,1933.0,1.0,1,AIAL,1,AIAL,1,2012-12-07 10:11:50,,7,1
152865045020004,145008011010661,2009,54,4,99,1933.0,4.0,1,ROMU,1,ROMU,2,2012-12-07 10:11:50,,7,1
152865046020004,145008011010661,2009,54,4,99,1933.0,1.0,1,ROMU,1,ROMU,1,2012-12-07 10:11:50,,7,1
152865047020004,145008011010661,2009,54,4,99,1933.0,4.0,1,ROPS,1,ROPS,5,2012-12-07 10:11:50,,7,1
152865048020004,145008011010661,2009,54,4,99,1933.0,1.0,1,ROPS,1,ROPS,1,2012-12-07 10:11:50,,7,1
152864678020004,145008085010661,2009,54,3,5,1861.0,2.0,1,LOJA,1,LOJA,1,2012-12-07 10:11:48,,7,1
152864680020004,145008085010661,2009,54,3,5,1861.0,1.0,1,ROMU,1,ROMU,1,2012-12-07 10:11:48,,7,1
222863384010661,122560400010661,2007,54,4,17,1836.0,2.0,1,ROMU,1,ROMU,1,2010-03-01 11:22:08,2012-02-29 11:15:29,6,4
222863382010661,122560400010661,2007,54,4,17,1836.0,3.0,1,BETH,1,BETH,2,2010-03-01 11:22:08,2012-02-28 07:05:58,6,4
222863385010661,122560400010661,2007,54,4,17,1836.0,3.0,1,ROMU,1,ROMU,1,2010-03-01 11:22:08,2012-02-29 11:15:33,6,4
222863409010661,122560472010661,2007,54,3,19,361.0,1.0,1,ALPE4,1,ALPE4,1,2010-03-01 11:22:08,2012-02-29 11:15:29,6,4
222863411010661,122560472010661,2007,54,3,19,361.0,2.0,2,ROPS,1,ROPS,16,2010-03-01 11:22:08,2012-02-28 07:05:58,6,4
222863410010661,122560472010661,2007,54,3,19,361.0,3.0,2,PATO2,1,PATO2,23,2010-03-01 11:22:08,2012-02-28 07:05:58,6,4
222863412010661,122560472010661,2007,54,3,19,361.0,3.0,2,ROPS,1,ROPS,9,2010-03-01 11:22:08,2012-02-28 07:07:09,6,4
222863438010661,122559852010661,2007,54,2,31,1450.0,1.0,1,ALPE4,1,ALPE4,1,2010-03-01 11:22:08,2012-02-28 07:13:40,6,4
222863441010661,122559852010661,2007,54,2,31,1450.0,1.0,1,MIVI,1,MIVI,1,2010-03-01 11:22:08,2012-02-28 07:14:09,6,4
222863445010661,122559852010661,2007,54,2,31,1450.0,1.0,1,ROPS,1,ROPS,8,2010-03-01 11:22:08,2012-02-28 07:13:40,6,4
222863547010661,122560618010661,2007,54,3,47,981.0,1.0,1,ROPS,1,ROPS,5,2010-03-01 11:22:08,2012-02-28 07:14:13,6,4
152864688020004,145008167010661,2009,54,3,25,2331.0,4.0,1,ROPS,1,ROPS,15,2012-12-07 10:11:48,,7,1
152864689020004,145008167010661,2009,54,3,25,2331.0,3.0,1,ROPS,1,ROPS,16,2012-12-07 10:11:48,,7,1
152864690020004,145008167010661,2009,54,3,25,2331.0,2.0,1,ROPS,1,ROPS,1,2012-12-07 10:11:48,,7,1
152864691020004,145008167010661,2009,54,3,25,2331.0,1.0,1,ROPS,1,ROPS,20,2012-12-07 10:11:48,,7,1
152864692020004,145008167010661,2009,54,3,25,2331.0,3.0,1,SPJA,1,SPJA,3,2012-12-07 10:11:48,,7,1
152864693020004,145008167010661,2009,54,3,25,2331.0,3.0,1,AIAL,1,AIAL,2,2012-12-07 10:11:49,,7,1
152864694020004,145008167010661,2009,54,3,25,2331.0,2.0,1,AIAL,1,AIAL,8,2012-12-07 10:11:49,,7,1
152864695020004,145008167010661,2009,54,3,25,2331.0,1.0,1,AIAL,1,AIAL,1,2012-12-07 10:11:49,,7,1
152864639020004,145008167010661,2009,54,3,25,2331.0,3.0,1,ELUM,1,ELUM,1,2012-12-07 10:11:48,,7,1
152865102020004,174547884010661,2009,54,4,103,3601.0,4.0,1,ELUM,1,ELUM,2,2012-12-07 10:11:50,,7,1
152865103020004,174547884010661,2009,54,4,103,3601.0,1.0,1,ELUM,1,ELUM,7,2012-12-07 10:11:50,,7,1
152865104020004,174547884010661,2009,54,4,103,3601.0,4.0,1,MIVI,1,MIVI,50,2012-12-07 10:11:50,,7,1
152865105020004,174547884010661,2009,54,4,103,3601.0,3.0,1,MIVI,1,MIVI,20,2012-12-07 10:11:50,,7,1
152865106020004,174547884010661,2009,54,4,103,3601.0,2.0,1,MIVI,1,MIVI,90,2012-12-07 10:11:50,,7,1
152865107020004,174547884010661,2009,54,4,103,3601.0,1.0,1,MIVI,1,MIVI,85,2012-12-07 10:11:50,,7,1
152865108020004,174547884010661,2009,54,4,103,3601.0,4.0,1,ROMU,1,ROMU,1,2012-12-07 10:11:51,,7,1
152865109020004,174547884010661,2009,54,4,103,3601.0,2.0,1,ROMU,1,ROMU,1,2012-12-07 10:11:51,,7,1
152865110020004,174547884010661,2009,54,4,103,3601.0,1.0,1,ROMU,1,ROMU,1,2012-12-07 10:11:51,,7,1
152865111020004,174547884010661,2009,54,4,103,3601.0,2.0,1,ROPS,1,ROPS,3,2012-12-07 10:11:51,,7,1
152865112020004,174547884010661,2009,54,4,103,3601.0,1.0,1,ROPS,1,ROPS,1,2012-12-07 10:11:51,,7,1
152864687020004,145008167010661,2009,54,3,25,2331.0,1.0,1,ROMU,1,ROMU,1,2012-12-07 10:11:48,,7,1
222863446010661,122559852010661,2007,54,2,31,1450.0,2.0,1,ROPS,1,ROPS,4,2010-03-01 11:22:08,2012-02-28 07:13:40,6,4
222863437010661,122559852010661,2007,54,2,31,1450.0,3.0,1,AIAL,1,AIAL,2,2010-03-01 11:22:08,2012-02-28 07:14:09,6,4
222863439010661,122559852010661,2007,54,2,31,1450.0,3.0,1,ALPE4,1,ALPE4,3,2010-03-01 11:22:08,2012-02-28 07:13:40,6,4
222863440010661,122559852010661,2007,54,2,31,1450.0,3.0,1,LOMO2,1,LOMO2,3,2010-03-01 11:22:08,2012-02-28 07:11:31,6,4
222863442010661,122559852010661,2007,54,2,31,1450.0,3.0,1,MIVI,1,MIVI,90,2010-03-01 11:22:08,2012-02-28 07:14:09,6,4
222863444010661,122559852010661,2007,54,2,31,1450.0,3.0,1,ROMU,1,ROMU,2,2010-03-01 11:22:08,2012-02-28 07:13:14,6,4
222863447010661,122559852010661,2007,54,2,31,1450.0,3.0,1,ROPS,1,ROPS,2,2010-03-01 11:22:08,2012-02-28 07:13:40,6,4
222863443010661,122559852010661,2007,54,2,31,1450.0,4.0,1,MIVI,1,MIVI,1,2010-03-01 11:22:08,2012-02-28 07:14:09,6,4
222863484010661,122560290010661,2007,54,2,33,1178.0,4.0,2,AIAL,1,AIAL,2,2010-03-01 11:22:08,2012-02-28 07:11:31,6,4
222863485010661,122560290010661,2007,54,2,33,1178.0,4.0,2,MIVI,1,MIVI,5,2010-03-01 11:22:08,2012-02-28 07:12:19,6,4
222863486010661,122560290010661,2007,54,2,33,1178.0,4.0,2,ROMU,1,ROMU,2,2010-03-01 11:22:08,2012-02-28 07:14:37,6,4
222863543010661,122560622010661,2007,54,3,47,731.0,1.0,1,ROPS,1,ROPS,8,2010-03-01 11:22:08,2012-02-28 07:13:40,6,4
222863544010661,122560622010661,2007,54,3,47,731.0,2.0,1,ROPS,1,ROPS,3,2010-03-01 11:22:08,2012-02-28 07:13:40,6,4
222863545010661,122560622010661,2007,54,3,47,731.0,3.0,1,ROPS,1,ROPS,3,2010-03-01 11:22:08,2012-02-28 07:13:40,6,4
222863589010661,122560120010661,2007,54,4,61,1883.0,1.0,1,CIVU,1,CIVU,1,2010-03-01 11:22:08,2012-02-28 07:14:37,6,4
222863591010661,122560120010661,2007,54,4,61,1883.0,1.0,1,MIVI,1,MIVI,10,2010-03-01 11:22:08,2012-02-28 07:14:38,6,4
222863597010661,122560120010661,2007,54,4,61,1883.0,1.0,1,ROMU,1,ROMU,3,2010-03-01 11:22:08,2012-02-28 07:11:31,6,4
222863590010661,122560120010661,2007,54,4,61,1883.0,2.0,1,CIVU,1,CIVU,25,2010-03-01 11:22:08,2012-02-28 07:14:37,6,4
222863592010661,122560120010661,2007,54,4,61,1883.0,2.0,1,MIVI,1,MIVI,2,2010-03-01 11:22:08,2012-02-28 07:14:38,6,4
222863594010661,122560120010661,2007,54,4,61,1883.0,2.0,1,PATO2,1,PATO2,11,2010-03-01 11:22:08,2012-02-28 07:13:40,6,4
222863596010661,122560120010661,2007,54,4,61,1883.0,2.0,1,POCU6,1,POCU6,2,2010-03-01 11:22:08,2012-02-28 07:13:14,6,4
222863598010661,122560120010661,2007,54,4,61,1883.0,2.0,1,ROMU,1,ROMU,1,2010-03-01 11:22:08,2012-02-28 07:11:31,6,4
222863593010661,122560120010661,2007,54,4,61,1883.0,3.0,1,MIVI,1,MIVI,3,2010-03-01 11:22:08,2012-02-28 07:14:38,6,4
222863595010661,122560120010661,2007,54,4,61,1883.0,3.0,1,PATO2,1,PATO2,2,2010-03-01 11:22:08,2012-02-28 07:13:40,6,4
222863599010661,122560120010661,2007,54,4,61,1883.0,4.0,1,ROMU,1,ROMU,7,2010-03-01 11:22:08,2012-02-28 07:11:31,6,4
222863623010661,122560650010661,2007,54,4,73,297.0,1.0,1,LOJA,1,LOJA,1,2010-03-01 11:22:09,2012-02-28 07:13:52,6,4
152864681020004,145008085010661,2009,54,3,5,1861.0,2.0,1,ROPS,1,ROPS,1,2012-12-07 10:11:48,,7,1
152865049020004,145008085010661,2009,54,3,5,1861.0,4.0,1,AIAL,1,AIAL,1,2012-12-07 10:11:50,,7,1
152865050020004,145008085010661,2009,54,3,5,1861.0,2.0,1,AIAL,1,AIAL,1,2012-12-07 10:11:50,,7,1
152865051020004,145008085010661,2009,54,3,5,1861.0,1.0,1,AIAL,1,AIAL,1,2012-12-07 10:11:50,,7,1
226243539010661,145008091010661,2009,54,4,43,2355.0,2.0,1,ROPS,1,ROPS,8,2010-06-07 14:42:43,2012-02-28 07:12:10,7,1
226243540010661,145008091010661,2009,54,4,43,2355.0,3.0,1,ROPS,1,ROPS,6,2010-06-07 14:42:43,2012-02-28 07:12:10,7,1
226243541010661,145008091010661,2009,54,4,43,2355.0,4.0,1,ROPS,1,ROPS,1,2010-06-07 14:42:43,2012-02-28 07:12:10,7,1
152864682020004,145008093010661,2009,54,3,59,257.0,2.0,1,ROMU,1,ROMU,1,2012-12-07 10:11:48,,7,1
152864683020004,145008093010661,2009,54,3,59,257.0,3.0,1,ROPS,1,ROPS,1,2012-12-07 10:11:48,,7,1
226243636010661,145008135010661,2009,54,2,97,2690.0,1.0,1,LOMA6,1,LOMA6,1,2010-06-07 14:42:45,2012-02-28 07:13:04,7,1
226243637010661,145008135010661,2009,54,2,97,2690.0,2.0,1,LONIC,1,LONIC,1,2010-06-07 14:42:45,2012-02-28 07:13:31,7,1
226243639010661,145008135010661,2009,54,2,97,2690.0,2.0,1,ROMU,1,ROMU,1,2010-06-07 14:42:45,2012-02-28 07:12:10,7,1
226243638010661,145008135010661,2009,54,2,97,2690.0,3.0,1,LONIC,1,LONIC,2,2010-06-07 14:42:45,2012-02-28 07:13:31,7,1
226243640010661,145008135010661,2009,54,2,97,2690.0,3.0,1,ROMU,1,ROMU,1,2010-06-07 14:42:45,2012-02-28 07:12:10,7,1
226243635010661,145008135010661,2009,54,2,97,2690.0,4.0,1,ELUM,1,ELUM,3,2010-06-07 14:42:45,2012-02-28 07:12:10,7,1
226243641010661,145008135010661,2009,54,2,97,2690.0,4.0,1,ROMU,1,ROMU,1,2010-06-07 14:42:45,2012-02-28 07:12:10,7,1
152865133020004,145007857010661,2009,54,4,105,1773.0,1.0,1,ROMU,1,ROMU,1,2012-12-07 10:11:51,,7,1
152865134020004,145007857010661,2009,54,4,105,1773.0,4.0,3,LYNU,1,LYNU,1,2012-12-07 10:11:51,,7,1
152865135020004,145007857010661,2009,54,4,105,1773.0,4.0,3,MIVI,1,MIVI,1,2012-12-07 10:11:51,,7,1
226245003010661,145007231010661,2009,54,2,31,852.0,3.0,1,MIVI,1,MIVI,1,2010-06-07 14:43:17,2012-02-28 07:13:06,7,1
226245004010661,145007231010661,2009,54,2,31,852.0,4.0,1,MIVI,1,MIVI,1,2010-06-07 14:43:17,2012-02-28 07:13:06,7,1
152864504020004,145007169010661,2009,54,2,3,610.0,4.0,2,ALPE4,1,ALPE4,1,2012-12-07 10:11:47,,7,1
152864505020004,145007169010661,2009,54,2,3,610.0,4.0,2,LOMO2,1,LOMO2,1,2012-12-07 10:11:47,,7,1
152864506020004,145007171010661,2009,54,2,65,623.0,2.0,1,ROMU,1,ROMU,13,2012-12-07 10:11:47,,7,1
152864507020004,145007171010661,2009,54,2,65,623.0,4.0,1,ROPS,1,ROPS,12,2012-12-07 10:11:47,,7,1
152864508020004,145007171010661,2009,54,2,65,623.0,1.0,1,ROPS,1,ROPS,1,2012-12-07 10:11:47,,7,1
152864509020004,145007171010661,2009,54,2,65,623.0,4.0,1,AIAL,1,AIAL,25,2012-12-07 10:11:47,,7,1
152864510020004,145007171010661,2009,54,2,65,623.0,3.0,3,AIAL,1,AIAL,1,2012-12-07 10:11:47,,7,1
152864511020004,145007171010661,2009,54,2,65,623.0,2.0,1,AIAL,1,AIAL,75,2012-12-07 10:11:47,,7,1
152864512020004,145007171010661,2009,54,2,65,623.0,1.0,1,AIAL,1,AIAL,4,2012-12-07 10:11:47,,7,1
152864513020004,145007171010661,2009,54,2,65,623.0,4.0,1,ALPE4,1,ALPE4,1,2012-12-07 10:11:47,,7,1
152864514020004,145007171010661,2009,54,2,65,623.0,2.0,1,ALPE4,1,ALPE4,3,2012-12-07 10:11:47,,7,1
226242987010661,145007861010661,2009,54,4,105,514.0,2.0,2,ROMU,1,ROMU,1,2010-06-07 14:42:28,2012-02-28 07:11:47,7,1
249336581010661,169112775010661,2010,54,3,19,913.0,1.0,1,ELUM,1,ELUM,1,2011-06-02 14:20:03,,7,2
249336582010661,169112775010661,2010,54,3,19,913.0,3.0,1,ELUM,1,ELUM,10,2011-06-02 14:20:03,,7,2
249336583010661,169112775010661,2010,54,3,19,913.0,4.0,1,ELUM,1,ELUM,1,2011-06-02 14:20:04,,7,2
249336584010661,169112775010661,2010,54,3,19,913.0,1.0,1,ROMU,1,ROMU,9,2011-06-02 14:20:04,,7,2
249336585010661,169112775010661,2010,54,3,19,913.0,2.0,1,ROMU,1,ROMU,1,2011-06-02 14:20:04,,7,2
249336586010661,169112775010661,2010,54,3,19,913.0,3.0,1,ROMU,1,ROMU,4,2011-06-02 14:20:04,,7,2
249336587010661,169112775010661,2010,54,3,19,913.0,4.0,1,ROMU,1,ROMU,4,2011-06-02 14:20:04,,7,2
249336588010661,169112775010661,2010,54,3,19,913.0,2.0,1,ROPS,1,ROPS,1,2011-06-02 14:20:04,,7,2
249336857010661,169112635010661,2010,54,2,91,252.0,4.0,2,AIAL,1,AIAL,1,2011-06-02 14:20:05,,7,2
249336858010661,169112635010661,2010,54,2,91,252.0,3.0,1,ROMU,1,ROMU,2,2011-06-02 14:20:05,,7,2
249336859010661,169112635010661,2010,54,2,91,252.0,4.0,2,ROMU,1,ROMU,2,2011-06-02 14:20:05,,7,2
249336515010661,169113099010661,2010,54,3,5,1958.0,1.0,1,ELUM,1,ELUM,11,2011-06-02 14:20:03,,7,2
249336516010661,169113099010661,2010,54,3,5,1958.0,2.0,1,ELUM,1,ELUM,18,2011-06-02 14:20:03,,7,2
249336517010661,169113099010661,2010,54,3,5,1958.0,3.0,1,ELUM,1,ELUM,37,2011-06-02 14:20:03,,7,2
249336518010661,169113099010661,2010,54,3,5,1958.0,4.0,1,ELUM,1,ELUM,19,2011-06-02 14:20:03,,7,2
249336519010661,169113099010661,2010,54,3,5,1958.0,1.0,1,LOJA,1,LOJA,1,2011-06-02 14:20:03,,7,2
249336520010661,169113099010661,2010,54,3,5,1958.0,2.0,1,LOJA,1,LOJA,1,2011-06-02 14:20:03,,7,2
249336521010661,169113099010661,2010,54,3,5,1958.0,4.0,1,LOJA,1,LOJA,1,2011-06-02 14:20:03,,7,2
249336522010661,169113099010661,2010,54,3,5,1958.0,1.0,1,MIVI,1,MIVI,13,2011-06-02 14:20:03,,7,2
249336523010661,169113099010661,2010,54,3,5,1958.0,4.0,1,MIVI,1,MIVI,23,2011-06-02 14:20:03,,7,2
249336524010661,169113099010661,2010,54,3,5,1958.0,1.0,1,ROMU,1,ROMU,19,2011-06-02 14:20:03,,7,2
249336525010661,169113099010661,2010,54,3,5,1958.0,3.0,1,ROMU,1,ROMU,34,2011-06-02 14:20:03,,7,2
249336513010661,169113099010661,2010,54,3,5,1958.0,2.0,1,AIAL,1,AIAL,5,2011-06-02 14:20:03,,7,2
249336514010661,169113099010661,2010,54,3,5,1958.0,2.0,1,ALPE4,1,ALPE4,1,2011-06-02 14:20:03,,7,2
249336526010661,169113105010661,2010,54,3,5,2402.0,1.0,1,AIAL,1,AIAL,1,2011-06-02 14:20:03,,7,2
249336527010661,169113105010661,2010,54,3,5,2402.0,2.0,1,AIAL,1,AIAL,17,2011-06-02 14:20:03,,7,2
249336528010661,169113105010661,2010,54,3,5,2402.0,4.0,1,AIAL,1,AIAL,1,2011-06-02 14:20:03,,7,2
249336529010661,169113105010661,2010,54,3,5,2402.0,1.0,1,LOJA,1,LOJA,2,2011-06-02 14:20:03,,7,2
249336530010661,169113105010661,2010,54,3,5,2402.0,1.0,1,MIVI,1,MIVI,5,2011-06-02 14:20:03,,7,2
249336531010661,169113105010661,2010,54,3,5,2402.0,2.0,1,MIVI,1,MIVI,39,2011-06-02 14:20:03,,7,2
249336532010661,169113105010661,2010,54,3,5,2402.0,2.0,1,PATO2,1,PATO2,6,2011-06-02 14:20:03,,7,2
249336758010661,169112929010661,2010,54,4,51,526.0,2.0,1,MIVI,1,MIVI,4,2011-06-02 14:20:04,,7,2
249336759010661,169112929010661,2010,54,4,51,526.0,4.0,1,MIVI,1,MIVI,4,2011-06-02 14:20:04,,7,2
249336760010661,169112929010661,2010,54,4,51,526.0,1.0,1,ROMU,1,ROMU,2,2011-06-02 14:20:04,,7,2
249336761010661,169112929010661,2010,54,4,51,526.0,2.0,1,ROMU,1,ROMU,2,2011-06-02 14:20:04,,7,2
249336762010661,169112929010661,2010,54,4,51,526.0,4.0,1,ROMU,1,ROMU,2,2011-06-02 14:20:04,,7,2
249336802010661,169113311010661,2010,54,2,65,1431.0,3.0,1,ALPE4,1,ALPE4,1,2011-06-02 14:20:04,,7,2
249336804010661,169113311010661,2010,54,2,65,1431.0,3.0,1,SYMPH,1,LOJA,1,2011-06-02 14:20:04,,7,2
249336712010661,169112999010661,2010,54,3,39,1090.0,2.0,1,MIVI,1,MIVI,5,2011-06-02 14:20:04,,7,2
249336713010661,169112999010661,2010,54,3,39,1090.0,2.0,1,ROMU,1,ROMU,3,2011-06-02 14:20:04,,7,2
249336714010661,169112999010661,2010,54,3,39,1090.0,2.0,1,ROPS,1,ROPS,20,2011-06-02 14:20:04,,7,2
249336715010661,169112999010661,2010,54,3,39,1090.0,3.0,1,ROPS,1,ROPS,5,2011-06-02 14:20:04,,7,2
249336716010661,169112995010661,2010,54,3,39,2374.0,3.0,1,AIAL,1,AIAL,12,2011-06-02 14:20:04,,7,2
249336717010661,169112995010661,2010,54,3,39,2374.0,4.0,1,ROPS,1,ROPS,4,2011-06-02 14:20:04,,7,2
249336704010661,169112881010661,2010,54,3,39,1532.0,1.0,1,AIAL,1,AIAL,45,2011-06-02 14:20:04,,7,2
249336705010661,169112881010661,2010,54,3,39,1532.0,4.0,1,AIAL,1,AIAL,20,2011-06-02 14:20:04,,7,2
249336706010661,169112881010661,2010,54,3,39,1532.0,1.0,1,MIVI,1,MIVI,18,2011-06-02 14:20:04,,7,2
249336707010661,169112881010661,2010,54,3,39,1532.0,4.0,1,MIVI,1,MIVI,20,2011-06-02 14:20:04,,7,2
249336708010661,169112881010661,2010,54,3,39,1532.0,1.0,1,ROMU,1,ROMU,10,2011-06-02 14:20:04,,7,2
249336709010661,169112881010661,2010,54,3,39,1532.0,1.0,1,ROPS,1,ROPS,35,2011-06-02 14:20:04,,7,2
249336710010661,169112881010661,2010,54,3,39,1532.0,2.0,2,ROPS,1,ROPS,33,2011-06-02 14:20:04,,7,2
249336711010661,169112881010661,2010,54,3,39,1532.0,4.0,1,ROPS,1,ROPS,17,2011-06-02 14:20:04,,7,2
249336805010661,169112771010661,2010,54,3,67,1192.0,1.0,1,ROMU,1,ROMU,40,2011-06-02 14:20:04,,7,2
249336806010661,169112771010661,2010,54,3,67,1192.0,2.0,1,ROMU,1,ROMU,15,2011-06-02 14:20:04,,7,2
249336807010661,169112771010661,2010,54,3,67,1192.0,3.0,1,ROMU,1,ROMU,15,2011-06-02 14:20:04,,7,2
249336808010661,169112771010661,2010,54,3,67,1192.0,4.0,1,ROMU,1,ROMU,7,2011-06-02 14:20:04,,7,2
249336809010661,169112771010661,2010,54,3,67,1192.0,1.0,1,ROPS,1,ROPS,5,2011-06-02 14:20:04,,7,2
249336810010661,169112771010661,2010,54,3,67,1192.0,2.0,1,ROPS,1,ROPS,2,2011-06-02 14:20:04,,7,2
249336811010661,169112771010661,2010,54,3,67,1192.0,3.0,1,ROPS,1,ROPS,2,2011-06-02 14:20:04,,7,2
249336812010661,169112765010661,2010,54,3,67,862.0,1.0,1,MIVI,1,MIVI,1,2011-06-02 14:20:04,,7,2
249336851010661,169112707010661,2010,54,3,89,1208.0,4.0,1,CEOR7,1,CEOR7,1,2011-06-02 14:20:05,,7,2
249336852010661,169112707010661,2010,54,3,89,1208.0,1.0,1,ROMU,1,ROMU,1,2011-06-02 14:20:05,,7,2
249336853010661,169112707010661,2010,54,3,89,1208.0,2.0,1,ROMU,1,ROMU,1,2011-06-02 14:20:05,,7,2
249336854010661,169112707010661,2010,54,3,89,1208.0,3.0,1,ROMU,1,ROMU,1,2011-06-02 14:20:05,,7,2
249336855010661,169112707010661,2010,54,3,89,1208.0,4.0,1,ROMU,1,ROMU,5,2011-06-02 14:20:05,,7,2
249336856010661,169112707010661,2010,54,3,89,1208.0,1.0,1,ROPS,1,ROPS,1,2011-06-02 14:20:05,,7,2
249336869010661,169112675010661,2010,54,2,101,1200.0,3.0,1,ROMU,1,ROMU,3,2011-06-02 14:20:05,,7,2
249336870010661,169112675010661,2010,54,2,101,1200.0,1.0,1,ROPS,1,ROPS,2,2011-06-02 14:20:05,,7,2
249336565010661,169112955010661,2010,54,4,17,350.0,3.0,1,LOMO2,1,LOMO2,1,2011-06-02 14:20:03,,7,2
222863587010661,122560862010661,2007,54,4,53,1601.0,4.0,1,ROPS,1,ROPS,30,2010-03-01 11:22:08,2012-02-28 07:05:44,6,4
222863588010661,122560842010661,2007,54,3,59,1183.0,4.0,2,ROMU,1,ROMU,1,2010-03-01 11:22:08,2012-02-28 07:11:59,6,4
222863617010661,122561000010661,2007,54,2,71,2421.0,1.0,1,ROPS,1,ROPS,1,2010-03-01 11:22:09,2012-02-28 07:12:22,6,4
222863618010661,122561000010661,2007,54,2,71,2421.0,3.0,1,ROPS,1,ROPS,5,2010-03-01 11:22:09,2012-02-28 07:12:22,6,4
222863619010661,122561000010661,2007,54,2,71,2421.0,4.0,1,ROPS,1,ROPS,6,2010-03-01 11:22:09,2012-02-28 07:12:22,6,4
234803358010661,122560500010661,2007,54,3,109,379.0,1.0,2,ROMU,1,ROMU,1,2010-03-01 11:22:09,2012-02-28 07:06:12,6,4
234803359010661,122560500010661,2007,54,3,109,379.0,1.0,2,ROPS,1,ROPS,1,2010-03-01 11:22:09,2012-02-28 07:06:39,6,4
222863825010661,122560500010661,2007,54,3,109,379.0,2.0,2,ROMU,1,ROMU,1,2010-03-01 11:22:09,2012-02-29 11:15:32,6,4
222863823010661,122560500010661,2007,54,3,109,379.0,3.0,1,ELUM,1,ELUM,1,2010-03-01 11:22:09,2012-02-29 11:15:33,6,4
222863826010661,122560500010661,2007,54,3,109,379.0,3.0,1,ROMU,1,ROMU,1,2010-03-01 11:22:09,2012-02-29 11:15:33,6,4
222863621010661,122559864010661,2007,54,2,71,525.0,1.0,1,ROPS,1,ROPS,8,2010-03-01 11:22:09,2012-02-28 07:06:53,6,4
222863622010661,122559864010661,2007,54,2,71,525.0,3.0,1,ROPS,1,ROPS,3,2010-03-01 11:22:09,2012-02-28 07:06:11,6,4
222863424010661,122560424010661,2007,54,4,21,1777.0,4.0,1,MIVI,1,MIVI,75,2010-03-01 11:22:08,2012-02-28 07:05:58,6,4
222863426010661,122560424010661,2007,54,4,21,1777.0,4.0,1,ROMU,1,ROMU,1,2010-03-01 11:22:08,2012-02-28 07:06:24,6,4
222863421010661,122560424010661,2007,54,4,21,1777.0,1.0,1,MIVI,1,MIVI,24,2010-03-01 11:22:08,2012-02-28 07:07:09,6,4
222863422010661,122560424010661,2007,54,4,21,1777.0,2.0,1,MIVI,1,MIVI,60,2010-03-01 11:22:08,2012-02-28 07:06:39,6,4
222863425010661,122560424010661,2007,54,4,21,1777.0,2.0,1,ROMU,1,ROMU,1,2010-03-01 11:22:08,2012-02-29 11:15:32,6,4
222863419010661,122560424010661,2007,54,4,21,1777.0,3.0,1,ELUM,1,ELUM,1,2010-03-01 11:22:08,2012-02-29 11:15:33,6,4
222863420010661,122560424010661,2007,54,4,21,1777.0,3.0,1,LONIC,1,LONIC,1,2010-03-01 11:22:08,2012-02-29 11:15:32,6,4
222863423010661,122560424010661,2007,54,4,21,1777.0,3.0,1,MIVI,1,MIVI,4,2010-03-01 11:22:08,2012-02-28 07:07:09,6,4
222863429010661,122560220010661,2007,54,3,25,677.0,2.0,1,ALPE4,1,ALPE4,1,2010-03-01 11:22:08,2012-02-28 07:06:39,6,4
152864515020004,145007171010661,2009,54,2,65,623.0,4.0,1,BETH,1,BETH,1,2012-12-07 10:11:47,,7,1
152864516020004,145007171010661,2009,54,2,65,623.0,2.0,1,BETH,1,BETH,1,2012-12-07 10:11:47,,7,1
152864517020004,145007171010661,2009,54,2,65,623.0,4.0,1,MIVI,1,MIVI,1,2012-12-07 10:11:47,,7,1
152864518020004,145007171010661,2009,54,2,65,623.0,2.0,1,MIVI,1,MIVI,65,2012-12-07 10:11:47,,7,1
152864519020004,145007171010661,2009,54,2,65,623.0,1.0,1,MIVI,1,MIVI,1,2012-12-07 10:11:47,,7,1
226244726010661,145007759010661,2009,54,4,51,1689.0,3.0,1,MIVI,1,MIVI,1,2010-06-07 14:43:11,2012-02-28 07:12:09,7,1
152864801020004,145007449010661,2009,54,4,61,2189.0,3.0,1,ROMU,1,ROMU,1,2012-12-07 10:11:49,,7,1
152864802020004,145007449010661,2009,54,4,61,2189.0,4.0,1,ROPS,1,ROPS,1,2012-12-07 10:11:49,,7,1
226242837010661,145007801010661,2009,54,4,87,2711.0,1.0,1,MIVI,1,MIVI,20,2010-06-07 14:42:23,2012-02-28 07:12:40,7,1
226242840010661,145007801010661,2009,54,4,87,2711.0,2.0,2,ROMU,1,ROMU,1,2010-06-07 14:42:23,2012-02-28 07:14:29,7,1
226242838010661,145007801010661,2009,54,4,87,2711.0,3.0,1,MIVI,1,MIVI,15,2010-06-07 14:42:23,2012-02-28 07:12:40,7,1
226242841010661,145007801010661,2009,54,4,87,2711.0,3.0,1,ROMU,1,ROMU,1,2010-06-07 14:42:23,2012-02-28 07:14:29,7,1
226242839010661,145007801010661,2009,54,4,87,2711.0,4.0,1,MIVI,1,MIVI,1,2010-06-07 14:42:23,2012-02-28 07:12:40,7,1
226243354010661,145008005010661,2009,54,4,43,2117.0,3.0,1,MIVI,1,MIVI,2,2010-06-07 14:42:37,2012-02-28 07:12:37,7,1
226243355010661,145008005010661,2009,54,4,43,2117.0,3.0,1,ROMU,1,ROMU,1,2010-06-07 14:42:37,2012-02-28 07:14:55,7,1
249336829010661,169112507010661,2010,54,2,75,3599.0,3.0,1,ROPS,1,ROPS,1,2011-06-02 14:20:05,,7,2
249336915010661,169113033010661,2010,54,3,109,1493.0,1.0,1,MIVI,1,MIVI,3,2011-06-02 14:20:05,,7,2
249336916010661,169113033010661,2010,54,3,109,1493.0,4.0,1,MIVI,1,MIVI,5,2011-06-02 14:20:05,,7,2
249336917010661,169113033010661,2010,54,3,109,1493.0,4.0,1,ROPS,1,ROPS,5,2011-06-02 14:20:05,,7,2
249336849010661,169112575010661,2010,54,2,83,1282.0,3.0,1,ROPS,1,ROPS,15,2011-06-02 14:20:05,,7,2
249336907010661,169113125010661,2010,54,4,107,762.0,2.0,2,AIAL,1,AIAL,1,2011-06-02 14:20:05,,7,2
249336908010661,169113125010661,2010,54,4,107,762.0,2.0,2,LOJA,1,LOJA,35,2011-06-02 14:20:05,,7,2
226245100010661,145007277010661,2009,54,2,83,1714.0,1.0,1,BETH,1,BETH,1,2010-06-07 14:43:20,2012-02-28 07:11:49,7,1
661335819126144,465275863489998,2018,54,4,49,1263.0,2.0,1,ROMU,1,ROMU,2,2019-05-10 08:02:36,,8,5
661335820126144,465275863489998,2018,54,4,49,1263.0,3.0,1,ROMU,1,ROMU,1,2019-05-10 08:02:36,,8,5
661335821126144,465275863489998,2018,54,4,49,1263.0,4.0,1,ROMU,1,ROMU,1,2019-05-10 08:02:36,,8,5
661335822126144,465275863489998,2018,54,4,49,1263.0,4.0,1,ROPS,1,ROPS,1,2019-05-10 08:02:36,,8,5
757087440290487,513410661126144,2019,54,4,11,26.0,2.0,2,LOJA,1,LOJA,1,2020-06-26 16:03:46,,8,6
757087441290487,513410661126144,2019,54,4,11,26.0,4.0,1,LOJA,1,LOJA,2,2020-06-26 16:03:46,,8,6
757087442290487,513410661126144,2019,54,4,11,26.0,1.0,1,LONIC,1,LONIC,10,2020-06-26 16:03:46,,8,6
757087443290487,513410661126144,2019,54,4,11,26.0,2.0,1,LONIC,1,LONIC,2,2020-06-26 16:03:46,,8,6
757087444290487,513410661126144,2019,54,4,11,26.0,2.0,2,LONIC,1,LONIC,1,2020-06-26 16:03:46,,8,6
757087445290487,513410661126144,2019,54,4,11,26.0,4.0,1,LONIC,1,LONIC,2,2020-06-26 16:03:46,,8,6
757087446290487,513410661126144,2019,54,4,11,26.0,1.0,1,MIVI,1,MIVI,7,2020-06-26 16:03:46,,8,6
757087447290487,513410661126144,2019,54,4,11,26.0,2.0,1,MIVI,1,MIVI,15,2020-06-26 16:03:46,,8,6
757087448290487,513410661126144,2019,54,4,11,26.0,2.0,2,MIVI,1,MIVI,1,2020-06-26 16:03:46,,8,6
757087449290487,513410661126144,2019,54,4,11,26.0,3.0,1,MIVI,1,MIVI,99,2020-06-26 16:03:46,,8,6
757087450290487,513410661126144,2019,54,4,11,26.0,4.0,1,MIVI,1,MIVI,12,2020-06-26 16:03:46,,8,6
1227708068290487,618642666126144,2020,54,2,71,1630.0,2.0,2,ALPE4,1,ALPE4,2,2022-07-28 16:00:00,,8,7
1227708069290487,618642666126144,2020,54,2,71,1630.0,2.0,2,MIVI,1,MIVI,30,2022-07-28 16:00:00,,8,7
1227708070290487,618642666126144,2020,54,2,71,1630.0,3.0,1,MIVI,1,MIVI,1,2022-07-28 16:00:00,,8,7
1227708071290487,618642666126144,2020,54,2,71,1630.0,4.0,1,MIVI,1,MIVI,10,2022-07-28 16:00:00,,8,7
1227708072290487,618642666126144,2020,54,2,71,1630.0,2.0,2,ROMU,1,ROMU,5,2022-07-28 16:00:00,,8,7
1227708427290487,618642831126144,2020,54,3,47,1518.0,1.0,1,ROMU,1,ROMU,3,2022-07-28 16:00:01,,8,7
1227708428290487,618642831126144,2020,54,3,47,1518.0,2.0,1,ROMU,1,ROMU,4,2022-07-28 16:00:01,,8,7
661335818126144,465275863489998,2018,54,4,49,1263.0,1.0,1,ROMU,1,ROMU,1,2019-05-10 08:02:36,,8,5
1227708429290487,618642831126144,2020,54,3,47,1518.0,3.0,1,ROMU,1,ROMU,3,2022-07-28 16:00:01,,8,7
1227708430290487,618642831126144,2020,54,3,47,1518.0,4.0,2,ROMU,1,ROMU,1,2022-07-28 16:00:01,,8,7
1227708729290487,618642668126144,2020,54,2,71,2190.0,1.0,1,BEVU,1,BEVU,2,2022-07-28 16:00:02,,8,7
1227708730290487,618642668126144,2020,54,2,71,2190.0,1.0,2,BEVU,1,BEVU,1,2022-07-28 16:00:02,,8,7
1227708731290487,618642668126144,2020,54,2,71,2190.0,1.0,1,CESTM,1,CESTM,2,2022-07-28 16:00:02,,8,7
1227708732290487,618642668126144,2020,54,2,71,2190.0,1.0,1,CIVU,1,CIVU,1,2022-07-28 16:00:02,,8,7
1227708733290487,618642668126144,2020,54,2,71,2190.0,3.0,1,CIVU,1,CIVU,1,2022-07-28 16:00:02,,8,7
1227708734290487,618642668126144,2020,54,2,71,2190.0,1.0,1,ROMU,1,ROMU,2,2022-07-28 16:00:02,,8,7
222863702010661,122560658010661,2007,54,4,85,1320.0,3.0,2,ROMU,1,ROMU,1,2010-03-01 11:22:09,2012-02-28 07:12:57,6,4
222863693010661,122560658010661,2007,54,4,85,1320.0,4.0,1,ALPE4,1,ALPE4,1,2010-03-01 11:22:09,2012-02-28 07:11:40,6,4
222863465010661,122559846010661,2007,54,2,31,1609.0,1.0,1,CIAR4,1,CIAR4,1,2010-03-01 11:22:08,2012-02-28 07:12:01,6,4
222863470010661,122559846010661,2007,54,2,31,1609.0,1.0,1,EUES,1,EUES,1,2010-03-01 11:22:08,2012-02-28 07:12:59,6,4
222863472010661,122559846010661,2007,54,2,31,1609.0,1.0,1,MIVI,1,MIVI,10,2010-03-01 11:22:08,2012-02-28 07:14:22,6,4
222863474010661,122559846010661,2007,54,2,31,1609.0,1.0,1,RHCA3,1,RHCA3,1,2010-03-01 11:22:08,2012-02-28 07:13:54,6,4
222863475010661,122559846010661,2007,54,2,31,1609.0,1.0,1,ROMU,1,ROMU,2,2010-03-01 11:22:08,2012-02-28 07:14:17,6,4
222863478010661,122559846010661,2007,54,2,31,1609.0,1.0,1,ROPS,1,ROPS,13,2010-03-01 11:22:08,2012-02-28 07:14:17,6,4
222863482010661,122559846010661,2007,54,2,31,1609.0,1.0,1,SPJA,1,SPJA,10,2010-03-01 11:22:08,2012-02-28 07:11:42,6,4
222863466010661,122559846010661,2007,54,2,31,1609.0,2.0,1,CIAR4,1,CIAR4,2,2010-03-01 11:22:08,2012-02-28 07:12:01,6,4
222863468010661,122559846010661,2007,54,2,31,1609.0,2.0,1,CIVU,1,CIVU,1,2010-03-01 11:22:08,2012-02-28 07:12:34,6,4
222863473010661,122559846010661,2007,54,2,31,1609.0,2.0,1,MIVI,1,MIVI,10,2010-03-01 11:22:08,2012-02-28 07:14:22,6,4
222863476010661,122559846010661,2007,54,2,31,1609.0,2.0,1,ROMU,1,ROMU,1,2010-03-01 11:22:08,2012-02-28 07:14:17,6,4
222863479010661,122559846010661,2007,54,2,31,1609.0,2.0,1,ROPS,1,ROPS,4,2010-03-01 11:22:08,2012-02-28 07:14:17,6,4
222863483010661,122559846010661,2007,54,2,31,1609.0,2.0,1,SPJA,1,SPJA,6,2010-03-01 11:22:08,2012-02-28 07:11:42,6,4
222863464010661,122559846010661,2007,54,2,31,1609.0,3.0,1,CEOR7,1,CEOR7,1,2010-03-01 11:22:08,2012-02-28 07:14:22,6,4
222863469010661,122559846010661,2007,54,2,31,1609.0,3.0,1,ELUM,1,ELUM,1,2010-03-01 11:22:08,2012-02-28 07:13:54,6,4
222863471010661,122559846010661,2007,54,2,31,1609.0,3.0,1,EUES,1,EUES,1,2010-03-01 11:22:08,2012-02-28 07:12:59,6,4
222863477010661,122559846010661,2007,54,2,31,1609.0,3.0,1,ROMU,1,ROMU,1,2010-03-01 11:22:08,2012-02-28 07:14:17,6,4
222863480010661,122559846010661,2007,54,2,31,1609.0,3.0,1,ROPS,1,ROPS,1,2010-03-01 11:22:08,2012-02-28 07:14:17,6,4
222863467010661,122559846010661,2007,54,2,31,1609.0,4.0,1,CIAR4,1,CIAR4,1,2010-03-01 11:22:08,2012-02-28 07:12:01,6,4
222863481010661,122559846010661,2007,54,2,31,1609.0,4.0,1,ROPS,1,ROPS,1,2010-03-01 11:22:08,2012-02-28 07:14:17,6,4
222863516010661,122560888010661,2007,54,4,43,1564.0,1.0,1,MIVI,1,MIVI,3,2010-03-01 11:22:08,2012-02-28 07:12:01,6,4
222863519010661,122560888010661,2007,54,4,43,1564.0,1.0,1,ROMU,1,ROMU,2,2010-03-01 11:22:08,2012-02-28 07:14:17,6,4
222863517010661,122560888010661,2007,54,4,43,1564.0,2.0,1,MIVI,1,MIVI,13,2010-03-01 11:22:08,2012-02-28 07:12:01,6,4
222863520010661,122560888010661,2007,54,4,43,1564.0,2.0,1,ROMU,1,ROMU,1,2010-03-01 11:22:08,2012-02-28 07:14:17,6,4
222863518010661,122560888010661,2007,54,4,43,1564.0,3.0,1,MIVI,1,MIVI,1,2010-03-01 11:22:08,2012-02-28 07:12:01,6,4
222863521010661,122560888010661,2007,54,4,43,1564.0,4.0,1,ROMU,1,ROMU,3,2010-03-01 11:22:08,2012-02-28 07:14:17,6,4
222863895010661,171000983010661,2008,54,4,21,1921.0,1.0,1,ROMU,1,ROMU,20,2010-03-01 11:22:17,2012-02-28 07:13:29,6,5
222863893010661,171000983010661,2008,54,4,21,1921.0,2.0,1,ELUM,1,ELUM,2,2010-03-01 11:22:17,2012-02-28 07:13:55,6,5
222863894010661,171000983010661,2008,54,4,21,1921.0,2.0,1,LOMO2,1,LOMO2,1,2010-03-01 11:22:17,2012-02-28 07:11:44,6,5
222863896010661,171000983010661,2008,54,4,21,1921.0,2.0,1,ROMU,1,ROMU,25,2010-03-01 11:22:17,2012-02-28 07:13:29,6,5
222863897010661,171000983010661,2008,54,4,21,1921.0,4.0,1,ROMU,1,ROMU,15,2010-03-01 11:22:17,2012-02-28 07:13:29,6,5
222864104010661,171000392010661,2008,54,4,43,1856.0,3.0,2,LOMO2,1,LOMO2,2,2010-03-01 11:22:17,2012-02-28 07:14:54,6,5
222864105010661,171000392010661,2008,54,4,43,1856.0,3.0,2,ROMU,1,ROMU,2,2010-03-01 11:22:17,2012-02-28 07:13:55,6,5
1227708736290487,618642668126144,2020,54,2,71,2190.0,2.0,1,ROMU,1,ROMU,2,2022-07-28 16:00:02,,8,7
1227708737290487,618642668126144,2020,54,2,71,2190.0,3.0,1,ROMU,1,ROMU,1,2022-07-28 16:00:02,,8,7
1227708738290487,618642668126144,2020,54,2,71,2190.0,1.0,1,ROPS,1,ROPS,5,2022-07-28 16:00:02,,8,7
1227708739290487,618642668126144,2020,54,2,71,2190.0,2.0,1,ROPS,1,ROPS,1,2022-07-28 16:00:02,,8,7
1227708740290487,618642668126144,2020,54,2,71,2190.0,4.0,2,ROPS,1,ROPS,3,2022-07-28 16:00:02,,8,7
1227708930290487,618642718126144,2020,54,2,1,2226.0,4.0,1,BETH,1,BETH,1,2022-07-28 16:00:03,,8,7
1227708931290487,618642718126144,2020,54,2,1,2226.0,1.0,1,MIVI,1,MIVI,10,2022-07-28 16:00:03,,8,7
1227708932290487,618642718126144,2020,54,2,1,2226.0,1.0,1,ROMU,1,ROMU,1,2022-07-28 16:00:03,,8,7
1227709158290487,618642804126144,2020,54,2,7,1587.0,4.0,1,BEVU,1,BEVU,1,2022-07-28 16:00:04,,8,7
1227709159290487,618642804126144,2020,54,2,7,1587.0,1.0,1,ELUM,1,ELUM,2,2022-07-28 16:00:04,,8,7
1227709160290487,618642804126144,2020,54,2,7,1587.0,2.0,1,ELUM,1,ELUM,1,2022-07-28 16:00:04,,8,7
1227709161290487,618642804126144,2020,54,2,7,1587.0,3.0,1,ELUM,1,ELUM,2,2022-07-28 16:00:04,,8,7
1227709162290487,618642804126144,2020,54,2,7,1587.0,4.0,1,ELUM,1,ELUM,2,2022-07-28 16:00:04,,8,7
1227709163290487,618642804126144,2020,54,2,7,1587.0,1.0,1,MIVI,1,MIVI,4,2022-07-28 16:00:04,,8,7
1227709164290487,618642804126144,2020,54,2,7,1587.0,2.0,1,MIVI,1,MIVI,35,2022-07-28 16:00:04,,8,7
1227709165290487,618642804126144,2020,54,2,7,1587.0,3.0,1,MIVI,1,MIVI,8,2022-07-28 16:00:04,,8,7
1227709166290487,618642804126144,2020,54,2,7,1587.0,4.0,1,MIVI,1,MIVI,25,2022-07-28 16:00:04,,8,7
1227709167290487,618642804126144,2020,54,2,7,1587.0,2.0,1,ROMU,1,ROMU,1,2022-07-28 16:00:04,,8,7
1227709359290487,618642873126144,2020,54,4,51,1867.0,1.0,2,ALPE4,1,ALPE4,1,2022-07-28 16:00:04,,8,7
1227709360290487,618642873126144,2020,54,4,51,1867.0,1.0,2,LONIC,1,LONIC,1,2022-07-28 16:00:04,,8,7
1227709361290487,618642873126144,2020,54,4,51,1867.0,1.0,2,MIVI,1,MIVI,2,2022-07-28 16:00:04,,8,7
1227709362290487,618642873126144,2020,54,4,51,1867.0,4.0,2,MIVI,1,MIVI,25,2022-07-28 16:00:04,,8,7
1227709363290487,618642873126144,2020,54,4,51,1867.0,4.0,2,ROMU,1,ROMU,1,2022-07-28 16:00:04,,8,7
1227709437290487,618642881126144,2020,54,4,95,964.0,1.0,1,ELUM,1,ELUM,1,2022-07-28 16:00:05,,8,7
1227709438290487,618642881126144,2020,54,4,95,964.0,4.0,1,ELUM,1,ELUM,3,2022-07-28 16:00:05,,8,7
1227709439290487,618642881126144,2020,54,4,95,964.0,1.0,1,MIVI,1,MIVI,50,2022-07-28 16:00:05,,8,7
1227709440290487,618642881126144,2020,54,4,95,964.0,2.0,1,MIVI,1,MIVI,20,2022-07-28 16:00:05,,8,7
1227709441290487,618642881126144,2020,54,4,95,964.0,3.0,1,MIVI,1,MIVI,10,2022-07-28 16:00:05,,8,7
1227709442290487,618642881126144,2020,54,4,95,964.0,4.0,1,MIVI,1,MIVI,2,2022-07-28 16:00:05,,8,7
1227709443290487,618642881126144,2020,54,4,95,964.0,1.0,1,ROMU,1,ROMU,3,2022-07-28 16:00:05,,8,7
1227709444290487,618642881126144,2020,54,4,95,964.0,2.0,1,ROMU,1,ROMU,1,2022-07-28 16:00:05,,8,7
1227709445290487,618642881126144,2020,54,4,95,964.0,3.0,1,ROMU,1,ROMU,1,2022-07-28 16:00:05,,8,7
1227709446290487,618642881126144,2020,54,4,95,964.0,4.0,1,ROMU,1,ROMU,1,2022-07-28 16:00:05,,8,7
1227706461290487,618642647126144,2020,54,2,31,608.0,1.0,1,AIAL,1,AIAL,6,2022-07-28 15:59:54,,8,7
1227706462290487,618642647126144,2020,54,2,31,608.0,4.0,1,BEVU,1,BEVU,1,2022-07-28 15:59:54,,8,7
1227706463290487,618642647126144,2020,54,2,31,608.0,1.0,1,MIVI,1,MIVI,1,2022-07-28 15:59:54,,8,7
1227706464290487,618642647126144,2020,54,2,31,608.0,2.0,1,MIVI,1,MIVI,1,2022-07-28 15:59:54,,8,7
1227706465290487,618642647126144,2020,54,2,31,608.0,3.0,1,MIVI,1,MIVI,2,2022-07-28 15:59:54,,8,7
1227706466290487,618642647126144,2020,54,2,31,608.0,4.0,1,MIVI,1,MIVI,2,2022-07-28 15:59:54,,8,7
1227705141290487,618642692126144,2020,54,2,83,265.0,3.0,3,ELUM,1,ELUM,1,2022-07-28 15:59:46,,8,7
1227705346290487,618642896126144,2020,54,4,13,17.0,1.0,1,LOJA,1,LOJA,3,2022-07-28 15:59:48,,8,7
1227705347290487,618642896126144,2020,54,4,13,17.0,4.0,1,LOJA,1,LOJA,2,2022-07-28 15:59:48,,8,7
1227705348290487,618642896126144,2020,54,4,13,17.0,1.0,1,MIVI,1,MIVI,1,2022-07-28 15:59:48,,8,7
1227705349290487,618642896126144,2020,54,4,13,17.0,2.0,1,MIVI,1,MIVI,1,2022-07-28 15:59:48,,8,7
757087439290487,513410661126144,2019,54,4,11,26.0,2.0,1,LOJA,1,LOJA,2,2020-06-26 16:03:46,,8,6
1227705350290487,618642896126144,2020,54,4,13,17.0,4.0,1,MIVI,1,MIVI,15,2022-07-28 15:59:48,,8,7
1227705351290487,618642896126144,2020,54,4,13,17.0,1.0,1,ROMU,1,ROMU,2,2022-07-28 15:59:48,,8,7
1227705352290487,618642896126144,2020,54,4,13,17.0,2.0,1,ROMU,1,ROMU,3,2022-07-28 15:59:48,,8,7
1227705353290487,618642896126144,2020,54,4,13,17.0,4.0,1,ROMU,1,ROMU,40,2022-07-28 15:59:48,,8,7
1227705645290487,618642796126144,2020,54,2,33,1497.0,1.0,1,BETH,1,BETH,1,2022-07-28 15:59:50,,8,7
1227705646290487,618642796126144,2020,54,2,33,1497.0,4.0,1,BETH,1,BETH,2,2022-07-28 15:59:50,,8,7
1227705647290487,618642796126144,2020,54,2,33,1497.0,4.0,1,CEOR7,1,CEOR7,35,2022-07-28 15:59:50,,8,7
1227705648290487,618642796126144,2020,54,2,33,1497.0,4.0,1,ELUM,1,ELUM,15,2022-07-28 15:59:50,,8,7
1227705649290487,618642796126144,2020,54,2,33,1497.0,2.0,1,LONIC,1,LONIC,1,2022-07-28 15:59:50,,8,7
1227705650290487,618642796126144,2020,54,2,33,1497.0,4.0,1,LONIC,1,LONIC,2,2022-07-28 15:59:50,,8,7
1227705651290487,618642796126144,2020,54,2,33,1497.0,1.0,1,MIVI,1,MIVI,1,2022-07-28 15:59:50,,8,7
1227705652290487,618642796126144,2020,54,2,33,1497.0,4.0,1,MIVI,1,MIVI,1,2022-07-28 15:59:50,,8,7
1227705653290487,618642796126144,2020,54,2,33,1497.0,1.0,1,ROMU,1,ROMU,1,2022-07-28 15:59:50,,8,7
1227705654290487,618642796126144,2020,54,2,33,1497.0,2.0,1,ROMU,1,ROMU,1,2022-07-28 15:59:50,,8,7
1227708735290487,618642668126144,2020,54,2,71,2190.0,1.0,2,ROMU,1,ROMU,1,2022-07-28 16:00:02,,8,7
1227705655290487,618642796126144,2020,54,2,33,1497.0,4.0,1,ROMU,1,ROMU,30,2022-07-28 15:59:50,,8,7
1227705799290487,618642863126144,2020,54,3,109,1029.0,2.0,2,ELUM,1,ELUM,65,2022-07-28 15:59:50,,8,7
1227705800290487,618642863126144,2020,54,3,109,1029.0,2.0,2,LIVU,1,LIVU,5,2022-07-28 15:59:50,,8,7
1227705801290487,618642863126144,2020,54,3,109,1029.0,2.0,2,LOJA,1,LOJA,5,2022-07-28 15:59:50,,8,7
1227705802290487,618642863126144,2020,54,3,109,1029.0,2.0,2,ROMU,1,ROMU,10,2022-07-28 15:59:50,,8,7
1227705960290487,618642701126144,2020,54,2,75,2128.0,1.0,1,BEVU,1,BEVU,1,2022-07-28 15:59:52,,8,7
1227705961290487,618642701126144,2020,54,2,75,2128.0,3.0,1,BEVU,1,BEVU,1,2022-07-28 15:59:52,,8,7
1227705962290487,618642701126144,2020,54,2,75,2128.0,4.0,1,BEVU,1,BEVU,1,2022-07-28 15:59:52,,8,7
1227705963290487,618642701126144,2020,54,2,75,2128.0,3.0,1,MIVI,1,MIVI,8,2022-07-28 15:59:52,,8,7
1227705964290487,618642701126144,2020,54,2,75,2128.0,4.0,1,MIVI,1,MIVI,3,2022-07-28 15:59:52,,8,7
1227705965290487,618642701126144,2020,54,2,75,2128.0,2.0,1,ROMU,1,ROMU,1,2022-07-28 15:59:52,,8,7
1227705966290487,618642701126144,2020,54,2,75,2128.0,3.0,1,ROMU,1,ROMU,2,2022-07-28 15:59:52,,8,7
1227705967290487,618642701126144,2020,54,2,75,2128.0,4.0,1,ROMU,1,ROMU,1,2022-07-28 15:59:52,,8,7
1227706156290487,618642810126144,2020,54,2,7,1147.0,1.0,1,MIVI,1,MIVI,3,2022-07-28 15:59:52,,8,7
1227706341290487,618642936126144,2020,54,3,39,1428.0,4.0,3,ALPE4,1,ALPE4,1,2022-07-28 15:59:53,,8,7
1227706342290487,618642936126144,2020,54,3,39,1428.0,4.0,3,MIVI,1,MIVI,1,2022-07-28 15:59:53,,8,7
1227706343290487,618642936126144,2020,54,3,39,1428.0,4.0,3,POCU6,1,POCU6,30,2022-07-28 15:59:53,,8,7
1227706786290487,618642771126144,2020,54,3,67,1365.0,4.0,1,ROMU,1,ROMU,2,2022-07-28 15:59:55,,8,7
1227707744290487,618642707126144,2020,54,2,75,1110.0,1.0,1,ROMU,1,ROMU,2,2022-07-28 15:59:58,,8,7
1227707745290487,618642707126144,2020,54,2,75,1110.0,3.0,1,ROMU,1,ROMU,2,2022-07-28 15:59:58,,8,7
1227707746290487,618642707126144,2020,54,2,75,1110.0,2.0,1,ROPS,1,ROPS,2,2022-07-28 15:59:58,,8,7
1281482515290487,722581109290487,2021,54,3,47,437.0,3.0,1,CEOR7,1,CEOR7,1,2023-01-18 06:38:47,,9,1
222863626010661,122560650010661,2007,54,4,73,297.0,1.0,1,ROMU,1,ROMU,2,2010-03-01 11:22:09,2012-02-28 07:12:06,6,4
222863624010661,122560650010661,2007,54,4,73,297.0,3.0,1,LOJA,1,LOJA,1,2010-03-01 11:22:09,2012-02-28 07:13:52,6,4
222863627010661,122560650010661,2007,54,4,73,297.0,3.0,1,ROMU,1,ROMU,1,2010-03-01 11:22:09,2012-02-28 07:12:06,6,4
222863625010661,122560650010661,2007,54,4,73,297.0,4.0,1,LOJA,1,LOJA,2,2010-03-01 11:22:09,2012-02-28 07:13:52,6,4
222863628010661,122560650010661,2007,54,4,73,297.0,4.0,1,ROMU,1,ROMU,5,2010-03-01 11:22:09,2012-02-28 07:12:06,6,4
222863629010661,122560650010661,2007,54,4,73,297.0,4.0,1,ROPS,1,ROPS,15,2010-03-01 11:22:09,2012-02-28 07:13:52,6,4
222863374010661,122560548010661,2007,54,4,17,411.0,1.0,1,ALPE4,1,ALPE4,2,2010-03-01 11:22:08,2012-02-28 07:13:26,6,4
222863378010661,122560548010661,2007,54,4,17,411.0,1.0,1,ROMU,1,ROMU,1,2010-03-01 11:22:08,2012-02-28 07:12:32,6,4
222863375010661,122560548010661,2007,54,4,17,411.0,2.0,1,ALPE4,1,ALPE4,1,2010-03-01 11:22:08,2012-02-28 07:13:26,6,4
222863376010661,122560548010661,2007,54,4,17,411.0,3.0,1,ALPE4,1,ALPE4,1,2010-03-01 11:22:08,2012-02-28 07:13:26,6,4
222863377010661,122560548010661,2007,54,4,17,411.0,4.0,1,ALPE4,1,ALPE4,2,2010-03-01 11:22:08,2012-02-28 07:13:26,6,4
222863328010661,122560434010661,2007,54,2,7,1730.0,1.0,1,ROMU,1,ROMU,21,2010-03-01 11:22:08,2012-02-28 07:12:26,6,4
222863329010661,122560434010661,2007,54,2,7,1730.0,2.0,1,ROMU,1,ROMU,3,2010-03-01 11:22:08,2012-02-28 07:12:26,6,4
222863330010661,122560434010661,2007,54,2,7,1730.0,3.0,2,ROMU,1,ROMU,11,2010-03-01 11:22:08,2012-02-28 07:12:26,6,4
222863327010661,122560434010661,2007,54,2,7,1730.0,4.0,1,MIVI,1,MIVI,30,2010-03-01 11:22:08,2012-02-28 07:13:48,6,4
222863331010661,122560434010661,2007,54,2,7,1730.0,4.0,1,ROMU,1,ROMU,24,2010-03-01 11:22:08,2012-02-28 07:12:26,6,4
222863731010661,122560678010661,2007,54,4,87,1764.0,1.0,1,ROMU,1,ROMU,1,2010-03-01 11:22:09,2012-02-28 07:11:37,6,4
222863730010661,122560678010661,2007,54,4,87,1764.0,3.0,1,MIVI,1,MIVI,31,2010-03-01 11:22:09,2012-02-28 07:14:46,6,4
222863732010661,122560678010661,2007,54,4,87,1764.0,3.0,1,ROMU,1,ROMU,2,2010-03-01 11:22:09,2012-02-28 07:11:37,6,4
222863729010661,122560678010661,2007,54,4,87,1764.0,4.0,1,LOJA,1,LOJA,33,2010-03-01 11:22:09,2012-02-28 07:13:22,6,4
222863733010661,122560678010661,2007,54,4,87,1764.0,4.0,1,ROMU,1,ROMU,7,2010-03-01 11:22:09,2012-02-28 07:11:37,6,4
222863316010661,122560016010661,2007,54,2,1,1467.0,2.0,1,ROPS,1,ROPS,2,2010-03-01 11:22:08,2012-02-28 07:12:02,6,4
222863317010661,122560016010661,2007,54,2,1,1467.0,4.0,1,ROPS,1,ROPS,5,2010-03-01 11:22:08,2012-02-28 07:12:02,6,4
222863773010661,122560174010661,2007,54,2,97,1512.0,2.0,2,ROPS,1,ROPS,25,2010-03-01 11:22:09,2012-02-28 07:12:02,6,4
222863696010661,122560658010661,2007,54,4,85,1320.0,4.0,1,LOJA,1,LOJA,2,2010-03-01 11:22:09,2012-02-28 07:13:52,6,4
222863699010661,122560658010661,2007,54,4,85,1320.0,4.0,1,LOMO2,1,LOMO2,7,2010-03-01 11:22:09,2012-02-28 07:13:52,6,4
222863703010661,122560658010661,2007,54,4,85,1320.0,4.0,1,ROMU,1,ROMU,3,2010-03-01 11:22:09,2012-02-28 07:12:57,6,4
222863691010661,122560658010661,2007,54,4,85,1320.0,1.0,1,ALPE4,1,ALPE4,1,2010-03-01 11:22:09,2012-02-28 07:11:40,6,4
222863700010661,122560658010661,2007,54,4,85,1320.0,1.0,1,ROMU,1,ROMU,15,2010-03-01 11:22:09,2012-02-28 07:12:57,6,4
222863692010661,122560658010661,2007,54,4,85,1320.0,2.0,1,ALPE4,1,ALPE4,1,2010-03-01 11:22:09,2012-02-28 07:11:40,6,4
222863695010661,122560658010661,2007,54,4,85,1320.0,2.0,1,LOJA,1,LOJA,2,2010-03-01 11:22:09,2012-02-28 07:13:52,6,4
222863697010661,122560658010661,2007,54,4,85,1320.0,2.0,1,LOMO2,1,LOMO2,5,2010-03-01 11:22:09,2012-02-28 07:13:52,6,4
222863701010661,122560658010661,2007,54,4,85,1320.0,2.0,1,ROMU,1,ROMU,12,2010-03-01 11:22:09,2012-02-28 07:12:57,6,4
222863694010661,122560658010661,2007,54,4,85,1320.0,3.0,2,CIAR4,1,CIAR4,1,2010-03-01 11:22:09,2012-02-28 07:14:50,6,4
222863698010661,122560658010661,2007,54,4,85,1320.0,3.0,2,LOMO2,1,LOMO2,11,2010-03-01 11:22:09,2012-02-28 07:13:52,6,4
1281482516290487,722581109290487,2021,54,3,47,437.0,3.0,1,MIVI,1,MIVI,8,2023-01-18 06:38:47,,9,1
1281479192290487,722581259290487,2021,54,2,3,1703.0,4.0,1,AIAL,1,AIAL,3,2023-01-18 06:38:34,,9,1
1281479193290487,722581259290487,2021,54,2,3,1703.0,1.0,1,ALPE4,1,ALPE4,1,2023-01-18 06:38:34,,9,1
1281479194290487,722581259290487,2021,54,2,3,1703.0,4.0,1,ALPE4,1,ALPE4,2,2023-01-18 06:38:34,,9,1
1281479195290487,722581259290487,2021,54,2,3,1703.0,1.0,1,MIVI,1,MIVI,1,2023-01-18 06:38:34,,9,1
1281479196290487,722581259290487,2021,54,2,3,1703.0,4.0,1,MIVI,1,MIVI,2,2023-01-18 06:38:34,,9,1
1281482750290487,722581233290487,2021,54,2,7,1744.0,1.0,1,BETH,1,BETH,1,2023-01-18 06:38:47,,9,1
1281482751290487,722581233290487,2021,54,2,7,1744.0,2.0,1,BETH,1,BETH,1,2023-01-18 06:38:47,,9,1
1281482752290487,722581233290487,2021,54,2,7,1744.0,4.0,1,BETH,1,BETH,1,2023-01-18 06:38:47,,9,1
1281482753290487,722581233290487,2021,54,2,7,1744.0,2.0,1,ELUM,1,ELUM,1,2023-01-18 06:38:47,,9,1
1281482754290487,722581233290487,2021,54,2,7,1744.0,3.0,1,ELUM,1,ELUM,1,2023-01-18 06:38:47,,9,1
1281482755290487,722581233290487,2021,54,2,7,1744.0,1.0,1,LONIC,1,LONIC,2,2023-01-18 06:38:47,,9,1
1281482756290487,722581233290487,2021,54,2,7,1744.0,1.0,1,MIVI,1,MIVI,40,2023-01-18 06:38:47,,9,1
1281482757290487,722581233290487,2021,54,2,7,1744.0,2.0,1,MIVI,1,MIVI,18,2023-01-18 06:38:47,,9,1
1281482758290487,722581233290487,2021,54,2,7,1744.0,3.0,1,MIVI,1,MIVI,10,2023-01-18 06:38:47,,9,1
1281482759290487,722581233290487,2021,54,2,7,1744.0,4.0,1,MIVI,1,MIVI,10,2023-01-18 06:38:47,,9,1
1281482760290487,722581233290487,2021,54,2,7,1744.0,1.0,1,ROMU,1,ROMU,1,2023-01-18 06:38:47,,9,1
1281482761290487,722581233290487,2021,54,2,7,1744.0,2.0,1,ROMU,1,ROMU,2,2023-01-18 06:38:47,,9,1
1281482762290487,722581233290487,2021,54,2,7,1744.0,3.0,1,ROMU,1,ROMU,1,2023-01-18 06:38:47,,9,1
1281482763290487,722581233290487,2021,54,2,7,1744.0,4.0,1,ROMU,1,ROMU,1,2023-01-18 06:38:47,,9,1
1281482764290487,722581233290487,2021,54,2,7,1744.0,1.0,1,ROPS,1,ROPS,1,2023-01-18 06:38:47,,9,1
1281482765290487,722581233290487,2021,54,2,7,1744.0,2.0,1,ROPS,1,ROPS,5,2023-01-18 06:38:47,,9,1
1281479419290487,722580956290487,2021,54,3,39,1137.0,4.0,1,AIAL,1,AIAL,1,2023-01-18 06:38:34,,9,1
1281479420290487,722580956290487,2021,54,3,39,1137.0,4.0,1,MIVI,1,MIVI,3,2023-01-18 06:38:34,,9,1
1281479590290487,722581113290487,2021,54,4,107,1633.0,3.0,2,MIVI,1,MIVI,2,2023-01-18 06:38:35,,9,1
1281479591290487,722581113290487,2021,54,4,107,1633.0,3.0,2,ROMU,1,ROMU,1,2023-01-18 06:38:35,,9,1
1281479720290487,722581256290487,2021,54,2,37,213.0,1.0,1,AIAL,1,AIAL,80,2023-01-18 06:38:36,,9,1
1281479721290487,722581256290487,2021,54,2,37,213.0,2.0,1,AIAL,1,AIAL,25,2023-01-18 06:38:36,,9,1
1281479722290487,722581256290487,2021,54,2,37,213.0,4.0,1,AIAL,1,AIAL,2,2023-01-18 06:38:36,,9,1
1281479723290487,722581256290487,2021,54,2,37,213.0,1.0,1,ALPE4,1,ALPE4,10,2023-01-18 06:38:36,,9,1
1281479724290487,722581256290487,2021,54,2,37,213.0,2.0,1,ALPE4,1,ALPE4,10,2023-01-18 06:38:36,,9,1
1281479725290487,722581256290487,2021,54,2,37,213.0,3.0,1,ALPE4,1,ALPE4,20,2023-01-18 06:38:36,,9,1
1281479726290487,722581256290487,2021,54,2,37,213.0,4.0,1,ALPE4,1,ALPE4,10,2023-01-18 06:38:36,,9,1
1281479727290487,722581256290487,2021,54,2,37,213.0,1.0,1,BETH,1,BETH,1,2023-01-18 06:38:36,,9,1
1281479728290487,722581256290487,2021,54,2,37,213.0,1.0,1,MIVI,1,MIVI,25,2023-01-18 06:38:36,,9,1
1281479729290487,722581256290487,2021,54,2,37,213.0,2.0,1,MIVI,1,MIVI,63,2023-01-18 06:38:36,,9,1
1281479730290487,722581256290487,2021,54,2,37,213.0,3.0,1,MIVI,1,MIVI,24,2023-01-18 06:38:36,,9,1
1281479731290487,722581256290487,2021,54,2,37,213.0,4.0,1,MIVI,1,MIVI,70,2023-01-18 06:38:36,,9,1
1281479732290487,722581256290487,2021,54,2,37,213.0,1.0,1,ROMU,1,ROMU,3,2023-01-18 06:38:36,,9,1
1281479733290487,722581256290487,2021,54,2,37,213.0,2.0,1,ROMU,1,ROMU,1,2023-01-18 06:38:36,,9,1
1281479734290487,722581256290487,2021,54,2,37,213.0,3.0,1,ROMU,1,ROMU,1,2023-01-18 06:38:36,,9,1
1281479735290487,722581256290487,2021,54,2,37,213.0,4.0,1,ROMU,1,ROMU,2,2023-01-18 06:38:36,,9,1
1281479926290487,722580927290487,2021,54,2,77,1498.0,3.0,1,ROPS,1,ROPS,2,2023-01-18 06:38:37,,9,1
1281480515290487,722580998290487,2021,54,2,77,273.0,4.0,1,ALPE4,1,ALPE4,1,2023-01-18 06:38:39,,9,1
1281480516290487,722580998290487,2021,54,2,77,273.0,3.0,1,BETH,1,BETH,1,2023-01-18 06:38:39,,9,1
1281480517290487,722580998290487,2021,54,2,77,273.0,4.0,1,LONIC,1,LONIC,1,2023-01-18 06:38:39,,9,1
1281480518290487,722580998290487,2021,54,2,77,273.0,3.0,1,MIVI,1,MIVI,1,2023-01-18 06:38:39,,9,1
1281480519290487,722580998290487,2021,54,2,77,273.0,4.0,1,MIVI,1,MIVI,1,2023-01-18 06:38:39,,9,1
1281480520290487,722580998290487,2021,54,2,77,273.0,3.0,1,ROMU,1,ROMU,1,2023-01-18 06:38:39,,9,1
1281480521290487,722580998290487,2021,54,2,77,273.0,4.0,1,ROMU,1,ROMU,2,2023-01-18 06:38:39,,9,1
1281477995290487,722581021290487,2021,54,2,31,2183.0,1.0,1,ALPE4,1,ALPE4,25,2023-01-18 06:38:30,,9,1
1281477996290487,722581021290487,2021,54,2,31,2183.0,2.0,2,ALPE4,1,ALPE4,1,2023-01-18 06:38:30,,9,1
1281477997290487,722581021290487,2021,54,2,31,2183.0,3.0,1,ALPE4,1,ALPE4,15,2023-01-18 06:38:30,,9,1
1281477998290487,722581021290487,2021,54,2,31,2183.0,4.0,1,ALPE4,1,ALPE4,5,2023-01-18 06:38:30,,9,1
1281477999290487,722581021290487,2021,54,2,31,2183.0,2.0,2,MIVI,1,MIVI,1,2023-01-18 06:38:30,,9,1
1281478000290487,722581021290487,2021,54,2,31,2183.0,3.0,1,MIVI,1,MIVI,2,2023-01-18 06:38:30,,9,1
1281478001290487,722581021290487,2021,54,2,31,2183.0,4.0,1,MIVI,1,MIVI,55,2023-01-18 06:38:30,,9,1
1281478002290487,722581021290487,2021,54,2,31,2183.0,2.0,2,ROPS,1,ROPS,1,2023-01-18 06:38:30,,9,1
1281478003290487,722581021290487,2021,54,2,31,2183.0,3.0,1,ROPS,1,ROPS,1,2023-01-18 06:38:30,,9,1
1281478004290487,722581021290487,2021,54,2,31,2183.0,4.0,1,ROPS,1,ROPS,1,2023-01-18 06:38:30,,9,1
1281478215290487,722581155290487,2021,54,2,97,2114.0,2.0,1,MIVI,1,MIVI,5,2023-01-18 06:38:30,,9,1
1281478216290487,722581155290487,2021,54,2,97,2114.0,3.0,1,MIVI,1,MIVI,1,2023-01-18 06:38:30,,9,1
1281478217290487,722581155290487,2021,54,2,97,2114.0,2.0,1,ROMU,1,ROMU,1,2023-01-18 06:38:30,,9,1
1281478218290487,722581155290487,2021,54,2,97,2114.0,1.0,1,SPJA,1,SPJA,1,2023-01-18 06:38:30,,9,1
1281478219290487,722581155290487,2021,54,2,97,2114.0,2.0,1,SPJA,1,SPJA,5,2023-01-18 06:38:30,,9,1
1281478220290487,722581155290487,2021,54,2,97,2114.0,3.0,1,SPJA,1,SPJA,5,2023-01-18 06:38:30,,9,1
1281478355290487,722581172290487,2021,54,4,61,2189.0,2.0,1,BETH,1,BETH,1,2023-01-18 06:38:31,,9,1
1281478356290487,722581172290487,2021,54,4,61,2189.0,3.0,1,ROMU,1,ROMU,1,2023-01-18 06:38:31,,9,1
1281478510290487,722581230290487,2021,54,4,29,248.0,3.0,1,ALPE4,1,ALPE4,6,2023-01-18 06:38:31,,9,1
1281478511290487,722581230290487,2021,54,4,29,248.0,4.0,1,ALPE4,1,ALPE4,5,2023-01-18 06:38:31,,9,1
1281478512290487,722581230290487,2021,54,4,29,248.0,1.0,1,LOJA,1,LOJA,10,2023-01-18 06:38:31,,9,1
1281478513290487,722581230290487,2021,54,4,29,248.0,1.0,1,ROMU,1,ROMU,6,2023-01-18 06:38:31,,9,1
1281478514290487,722581230290487,2021,54,4,29,248.0,3.0,1,ROMU,1,ROMU,10,2023-01-18 06:38:31,,9,1
1281478515290487,722581230290487,2021,54,4,29,248.0,4.0,1,ROMU,1,ROMU,17,2023-01-18 06:38:31,,9,1
1281480768290487,722581161290487,2021,54,4,105,1773.0,1.0,1,MIVI,1,MIVI,1,2023-01-18 06:38:40,,9,1
1281480769290487,722581161290487,2021,54,4,105,1773.0,1.0,1,ROMU,1,ROMU,1,2023-01-18 06:38:40,,9,1
1281478661290487,722580947290487,2021,54,3,5,1861.0,1.0,1,AIAL,1,AIAL,1,2023-01-18 06:38:32,,9,1
1281478662290487,722580947290487,2021,54,3,5,1861.0,2.0,1,AIAL,1,AIAL,1,2023-01-18 06:38:32,,9,1
1281478663290487,722580947290487,2021,54,3,5,1861.0,4.0,1,AIAL,1,AIAL,2,2023-01-18 06:38:32,,9,1
1281478850290487,722581065290487,2021,54,3,39,1133.0,2.0,1,MIVI,1,MIVI,3,2023-01-18 06:38:32,,9,1
1281479006290487,722581106290487,2021,54,3,109,328.0,1.0,1,AIAL,1,AIAL,10,2023-01-18 06:38:33,,9,1
1281479007290487,722581106290487,2021,54,3,109,328.0,2.0,1,MIVI,1,MIVI,2,2023-01-18 06:38:33,,9,1
222864124010661,171000439010661,2008,54,2,57,2277.0,3.0,1,ROPS,1,ROPS,1,2010-03-01 11:22:18,2012-02-28 07:12:28,6,5
222864125010661,171000439010661,2008,54,2,57,2277.0,4.0,1,ROPS,1,ROPS,6,2010-03-01 11:22:18,2012-02-28 07:12:28,6,5
222864275010661,171000596010661,2008,54,3,109,1029.0,2.0,2,ELUM,1,ELUM,4,2010-03-01 11:22:18,2012-02-28 07:07:21,6,5
222864276010661,171000596010661,2008,54,3,109,1029.0,2.0,2,LOMO2,1,LOMO2,9,2010-03-01 11:22:18,2012-02-28 07:02:54,6,5
222864277010661,171000596010661,2008,54,3,109,1029.0,2.0,2,ROMU,1,ROMU,25,2010-03-01 11:22:18,2012-02-28 07:06:09,6,5
222864278010661,171000596010661,2008,54,3,109,1029.0,2.0,2,SPJA,1,SPJA,1,2010-03-01 11:22:18,2012-02-29 11:15:33,6,5
222863848010661,171000272010661,2008,54,2,7,1820.0,1.0,1,ELUM,1,ELUM,1,2010-03-01 11:22:17,2012-02-28 07:12:05,6,5
222863850010661,171000272010661,2008,54,2,7,1820.0,1.0,1,ROMU,1,ROMU,1,2010-03-01 11:22:17,2012-02-28 07:13:26,6,5
222863851010661,171000272010661,2008,54,2,7,1820.0,2.0,1,ROMU,1,ROMU,1,2010-03-01 11:22:17,2012-02-28 07:13:26,6,5
222863849010661,171000272010661,2008,54,2,7,1820.0,3.0,1,ELUM,1,ELUM,1,2010-03-01 11:22:17,2012-02-28 07:12:05,6,5
222863852010661,171000272010661,2008,54,2,7,1820.0,4.0,1,ROMU,1,ROMU,10,2010-03-01 11:22:17,2012-02-28 07:13:26,6,5
222864237010661,171000621010661,2008,54,2,101,2438.0,4.0,1,ROPS,1,ROPS,1,2010-03-01 11:22:18,2012-02-28 07:13:25,6,5
222864028010661,171001204010661,2008,54,2,33,3189.0,1.0,1,CEOR7,1,CEOR7,2,2010-03-01 11:22:17,2012-02-28 07:14:50,6,5
222864029010661,171001204010661,2008,54,2,33,3189.0,1.0,1,LONIC,1,LONIC,1,2010-03-01 11:22:17,2012-02-28 07:12:05,6,5
222864030010661,171001204010661,2008,54,2,33,3189.0,1.0,1,ROMU,1,ROMU,5,2010-03-01 11:22:17,2012-02-28 07:13:25,6,5
222864031010661,171001204010661,2008,54,2,33,3189.0,1.0,1,ROPS,1,ROPS,1,2010-03-01 11:22:17,2012-02-28 07:13:52,6,5
222863489010661,122560716010661,2007,54,3,39,1697.0,1.0,1,AIAL,1,AIAL,4,2010-03-01 11:22:08,2012-02-28 07:14:11,6,4
222863491010661,122560716010661,2007,54,3,39,1697.0,1.0,1,MIVI,1,MIVI,6,2010-03-01 11:22:08,2012-02-28 07:12:21,6,4
222863494010661,122560716010661,2007,54,3,39,1697.0,1.0,1,ROMU,1,ROMU,2,2010-03-01 11:22:08,2012-02-28 07:14:11,6,4
534042210126144,374961197489998,2017,54,3,89,2122.0,2.0,1,ROMU,1,ROMU,1,2018-05-04 07:20:18,,8,4
534042211126144,374961197489998,2017,54,3,89,2122.0,3.0,1,ROMU,1,ROMU,5,2018-05-04 07:20:18,,8,4
534042212126144,374961197489998,2017,54,3,89,2122.0,4.0,1,ROMU,1,ROMU,20,2018-05-04 07:20:18,,8,4
661331511126144,465275622489998,2018,54,4,49,1935.0,1.0,1,BETH,1,BETH,1,2019-05-10 08:02:09,,8,5
661331703126144,465275687489998,2018,54,4,79,879.0,4.0,1,MIVI,1,MIVI,10,2019-05-10 08:02:13,,8,5
661331704126144,465275687489998,2018,54,4,79,879.0,3.0,1,ROMU,1,ROMU,2,2019-05-10 08:02:13,,8,5
661331705126144,465275687489998,2018,54,4,79,879.0,4.0,1,ROMU,1,ROMU,3,2019-05-10 08:02:13,,8,5
661331881126144,465275771489998,2018,54,4,53,1601.0,4.0,1,ROPS,1,ROPS,5,2019-05-10 08:02:14,,8,5
661332333126144,465275778489998,2018,54,4,17,1836.0,1.0,1,BETH,1,BETH,1,2019-05-10 08:02:19,,8,5
661332334126144,465275778489998,2018,54,4,17,1836.0,2.0,1,BETH,1,BETH,1,2019-05-10 08:02:19,,8,5
661332335126144,465275778489998,2018,54,4,17,1836.0,3.0,1,BETH,1,BETH,4,2019-05-10 08:02:19,,8,5
661332336126144,465275778489998,2018,54,4,17,1836.0,4.0,1,BETH,1,BETH,1,2019-05-10 08:02:19,,8,5
661332337126144,465275778489998,2018,54,4,17,1836.0,1.0,1,ELUM,1,ELUM,1,2019-05-10 08:02:19,,8,5
661332338126144,465275778489998,2018,54,4,17,1836.0,3.0,1,ELUM,1,ELUM,1,2019-05-10 08:02:19,,8,5
661332339126144,465275778489998,2018,54,4,17,1836.0,1.0,1,LONIC,1,LONIC,1,2019-05-10 08:02:19,,8,5
661332340126144,465275778489998,2018,54,4,17,1836.0,1.0,1,MIVI,1,MIVI,25,2019-05-10 08:02:19,,8,5
661332341126144,465275778489998,2018,54,4,17,1836.0,2.0,1,MIVI,1,MIVI,10,2019-05-10 08:02:19,,8,5
661332342126144,465275778489998,2018,54,4,17,1836.0,3.0,1,MIVI,1,MIVI,25,2019-05-10 08:02:19,,8,5
661332343126144,465275778489998,2018,54,4,17,1836.0,4.0,1,MIVI,1,MIVI,5,2019-05-10 08:02:19,,8,5
661332344126144,465275778489998,2018,54,4,17,1836.0,1.0,1,ROMU,1,ROMU,1,2019-05-10 08:02:19,,8,5
661332345126144,465275778489998,2018,54,4,17,1836.0,2.0,1,ROMU,1,ROMU,1,2019-05-10 08:02:19,,8,5
661332346126144,465275778489998,2018,54,4,17,1836.0,3.0,1,ROMU,1,ROMU,1,2019-05-10 08:02:19,,8,5
661332347126144,465275778489998,2018,54,4,17,1836.0,4.0,1,ROMU,1,ROMU,1,2019-05-10 08:02:19,,8,5
661332541126144,465275877489998,2018,54,4,49,1524.0,3.0,1,BETH,1,BETH,2,2019-05-10 08:02:20,,8,5
661332542126144,465275877489998,2018,54,4,49,1524.0,1.0,1,CEOR7,1,CEOR7,70,2019-05-10 08:02:20,,8,5
661332543126144,465275877489998,2018,54,4,49,1524.0,2.0,3,CEOR7,1,CEOR7,20,2019-05-10 08:02:20,,8,5
661332544126144,465275877489998,2018,54,4,49,1524.0,3.0,1,CEOR7,1,CEOR7,40,2019-05-10 08:02:20,,8,5
661332545126144,465275877489998,2018,54,4,49,1524.0,4.0,3,CEOR7,1,CEOR7,10,2019-05-10 08:02:20,,8,5
1281481087290487,722580969290487,2021,54,3,81,914.0,2.0,1,AIAL,1,AIAL,1,2023-01-18 06:38:41,,9,1
1281481088290487,722580969290487,2021,54,3,81,914.0,3.0,1,AIAL,1,AIAL,5,2023-01-18 06:38:41,,9,1
1281481089290487,722580969290487,2021,54,3,81,914.0,4.0,1,AIAL,1,AIAL,1,2023-01-18 06:38:41,,9,1
1281481090290487,722580969290487,2021,54,3,81,914.0,4.0,1,ROPS,1,ROPS,5,2023-01-18 06:38:41,,9,1
1281481313290487,722581136290487,2021,54,3,25,2197.0,3.0,1,BEVU,1,BEVU,1,2023-01-18 06:38:42,,9,1
1281481314290487,722581136290487,2021,54,3,25,2197.0,1.0,1,LOJA,1,LOJA,1,2023-01-18 06:38:42,,9,1
1281481315290487,722581136290487,2021,54,3,25,2197.0,3.0,1,LONIC,1,LONIC,2,2023-01-18 06:38:42,,9,1
1281481316290487,722581136290487,2021,54,3,25,2197.0,2.0,1,MIVI,1,MIVI,1,2023-01-18 06:38:42,,9,1
1281481317290487,722581136290487,2021,54,3,25,2197.0,2.0,1,ROMU,1,ROMU,1,2023-01-18 06:38:42,,9,1
1281481319290487,722581136290487,2021,54,3,25,2197.0,3.0,1,ROPS,1,ROPS,10,2023-01-18 06:38:42,,9,1
1281481503290487,722581201290487,2021,54,2,1,1932.0,2.0,1,AIAL,1,AIAL,15,2023-01-18 06:38:43,,9,1
1281481504290487,722581201290487,2021,54,2,1,1932.0,4.0,1,AIAL,1,AIAL,3,2023-01-18 06:38:43,,9,1
1281481318290487,722581136290487,2021,54,3,25,2197.0,4.0,1,ROMU,1,ROMU,1,2023-01-18 06:38:42,,9,1
1281481505290487,722581201290487,2021,54,2,1,1932.0,1.0,1,CEOR7,1,CEOR7,85,2023-01-18 06:38:43,,9,1
661331512126144,465275622489998,2018,54,4,49,1935.0,2.0,1,BETH,1,BETH,1,2019-05-10 08:02:09,,8,5
661331513126144,465275622489998,2018,54,4,49,1935.0,3.0,1,BETH,1,BETH,1,2019-05-10 08:02:09,,8,5
661331514126144,465275622489998,2018,54,4,49,1935.0,1.0,1,ELUM,1,ELUM,1,2019-05-10 08:02:09,,8,5
661331515126144,465275622489998,2018,54,4,49,1935.0,3.0,1,ELUM,1,ELUM,4,2019-05-10 08:02:09,,8,5
661331516126144,465275622489998,2018,54,4,49,1935.0,4.0,1,ELUM,1,ELUM,2,2019-05-10 08:02:09,,8,5
661331517126144,465275622489998,2018,54,4,49,1935.0,2.0,1,MIVI,1,MIVI,2,2019-05-10 08:02:09,,8,5
661331518126144,465275622489998,2018,54,4,49,1935.0,1.0,1,ROMU,1,ROMU,25,2019-05-10 08:02:09,,8,5
661331519126144,465275622489998,2018,54,4,49,1935.0,2.0,1,ROMU,1,ROMU,25,2019-05-10 08:02:09,,8,5
661331520126144,465275622489998,2018,54,4,49,1935.0,3.0,1,ROMU,1,ROMU,25,2019-05-10 08:02:09,,8,5
661331521126144,465275622489998,2018,54,4,49,1935.0,4.0,1,ROMU,1,ROMU,15,2019-05-10 08:02:09,,8,5
661331693126144,465275687489998,2018,54,4,79,879.0,4.0,1,AIAL,1,AIAL,5,2019-05-10 08:02:13,,8,5
661331694126144,465275687489998,2018,54,4,79,879.0,1.0,1,ELUM,1,ELUM,1,2019-05-10 08:02:13,,8,5
661331695126144,465275687489998,2018,54,4,79,879.0,2.0,1,ELUM,1,ELUM,1,2019-05-10 08:02:13,,8,5
661331696126144,465275687489998,2018,54,4,79,879.0,3.0,1,ELUM,1,ELUM,3,2019-05-10 08:02:13,,8,5
661331697126144,465275687489998,2018,54,4,79,879.0,4.0,1,ELUM,1,ELUM,1,2019-05-10 08:02:13,,8,5
661331698126144,465275687489998,2018,54,4,79,879.0,1.0,1,LOJA,1,LOJA,1,2019-05-10 08:02:13,,8,5
661331699126144,465275687489998,2018,54,4,79,879.0,2.0,1,LOJA,1,LOJA,1,2019-05-10 08:02:13,,8,5
661331700126144,465275687489998,2018,54,4,79,879.0,3.0,1,LOJA,1,LOJA,3,2019-05-10 08:02:13,,8,5
661331701126144,465275687489998,2018,54,4,79,879.0,4.0,1,LOJA,1,LOJA,3,2019-05-10 08:02:13,,8,5
661332546126144,465275877489998,2018,54,4,49,1524.0,1.0,1,ELUM,1,ELUM,40,2019-05-10 08:02:20,,8,5
661332547126144,465275877489998,2018,54,4,49,1524.0,2.0,3,ELUM,1,ELUM,15,2019-05-10 08:02:20,,8,5
661332548126144,465275877489998,2018,54,4,49,1524.0,3.0,1,ELUM,1,ELUM,25,2019-05-10 08:02:20,,8,5
661331702126144,465275687489998,2018,54,4,79,879.0,1.0,1,MIVI,1,MIVI,10,2019-05-10 08:02:13,,8,5
534041625126144,374961385489998,2017,54,4,35,759.0,3.0,1,MIVI,1,MIVI,10,2018-05-04 07:20:16,,8,4
534041626126144,374961385489998,2017,54,4,35,759.0,4.0,1,MIVI,1,MIVI,15,2018-05-04 07:20:16,,8,4
534041627126144,374961385489998,2017,54,4,35,759.0,2.0,1,ROMU,1,ROMU,1,2018-05-04 07:20:16,,8,4
534041628126144,374961385489998,2017,54,4,35,759.0,3.0,1,ROMU,1,ROMU,1,2018-05-04 07:20:16,,8,4
534041629126144,374961385489998,2017,54,4,35,759.0,4.0,1,ROMU,1,ROMU,1,2018-05-04 07:20:16,,8,4
534042204126144,374961197489998,2017,54,3,89,2122.0,3.0,1,ELUM,1,ELUM,1,2018-05-04 07:20:18,,8,4
534042205126144,374961197489998,2017,54,3,89,2122.0,4.0,1,ELUM,1,ELUM,1,2018-05-04 07:20:18,,8,4
534042206126144,374961197489998,2017,54,3,89,2122.0,4.0,1,LIVU,1,LIVU,1,2018-05-04 07:20:18,,8,4
534042207126144,374961197489998,2017,54,3,89,2122.0,1.0,1,LOJA,1,LOJA,1,2018-05-04 07:20:18,,8,4
534042208126144,374961197489998,2017,54,3,89,2122.0,4.0,1,LOJA,1,LOJA,5,2018-05-04 07:20:18,,8,4
534042209126144,374961197489998,2017,54,3,89,2122.0,1.0,1,ROMU,1,ROMU,2,2018-05-04 07:20:18,,8,4
661332549126144,465275877489998,2018,54,4,49,1524.0,4.0,3,ELUM,1,ELUM,15,2019-05-10 08:02:20,,8,5
661332550126144,465275877489998,2018,54,4,49,1524.0,1.0,1,LIVU,1,LIVU,1,2019-05-10 08:02:20,,8,5
661332551126144,465275877489998,2018,54,4,49,1524.0,2.0,3,LIVU,1,LIVU,1,2019-05-10 08:02:20,,8,5
661332552126144,465275877489998,2018,54,4,49,1524.0,1.0,1,LOJA,1,LOJA,2,2019-05-10 08:02:20,,8,5
661332553126144,465275877489998,2018,54,4,49,1524.0,2.0,3,LOJA,1,LOJA,1,2019-05-10 08:02:20,,8,5
661332554126144,465275877489998,2018,54,4,49,1524.0,3.0,1,LOJA,1,LOJA,2,2019-05-10 08:02:20,,8,5
661332555126144,465275877489998,2018,54,4,49,1524.0,1.0,1,LONIC,1,LONIC,20,2019-05-10 08:02:20,,8,5
226244661010661,145007729010661,2009,54,3,109,2403.0,2.0,2,LOMA6,1,LOMA6,1,2010-06-07 14:43:10,2012-02-28 07:14:00,7,1
226244663010661,145007729010661,2009,54,3,109,2403.0,2.0,2,ROMU,1,ROMU,12,2010-06-07 14:43:10,2012-02-28 07:14:00,7,1
226244659010661,145007729010661,2009,54,3,109,2403.0,3.0,2,ELUM,1,ELUM,5,2010-06-07 14:43:10,2012-02-28 07:14:00,7,1
226244660010661,145007729010661,2009,54,3,109,2403.0,3.0,2,LOJA,1,LOJA,1,2010-06-07 14:43:10,2012-02-28 07:13:06,7,1
226244662010661,145007729010661,2009,54,3,109,2403.0,3.0,2,LOMA6,1,LOMA6,1,2010-06-07 14:43:10,2012-02-28 07:14:00,7,1
226244664010661,145007729010661,2009,54,3,109,2403.0,3.0,2,ROMU,1,ROMU,30,2010-06-07 14:43:10,2012-02-28 07:14:00,7,1
226242947010661,145007847010661,2009,54,4,73,2072.0,3.0,1,MIVI,1,MIVI,1,2010-06-07 14:42:27,2012-02-28 07:13:58,7,1
226242948010661,145007847010661,2009,54,4,73,2072.0,3.0,1,ROMU,1,ROMU,1,2010-06-07 14:42:27,2012-02-28 07:13:59,7,1
226242949010661,145007847010661,2009,54,4,73,2072.0,4.0,1,ROMU,1,ROMU,1,2010-06-07 14:42:27,2012-02-28 07:13:59,7,1
226242946010661,145007847010661,2009,54,4,73,2072.0,2.0,1,MIVI,1,MIVI,1,2010-06-07 14:42:27,2012-02-28 07:13:58,7,1
226242950010661,145007847010661,2009,54,4,73,2072.0,2.0,1,ROPS,1,ROPS,1,2010-06-07 14:42:27,2012-02-28 07:12:38,7,1
226242945010661,145007847010661,2009,54,4,73,2072.0,3.0,1,LOJA,1,LOJA,5,2010-06-07 14:42:27,2012-02-28 07:12:10,7,1
226243691010661,145008159010661,2009,54,4,79,348.0,1.0,1,AIAL,1,AIAL,15,2010-06-07 14:42:46,2012-02-28 07:12:10,7,1
226243692010661,145008159010661,2009,54,4,79,348.0,4.0,1,ROMU,1,ROMU,2,2010-06-07 14:42:46,2012-02-28 07:14:58,7,1
152864684020004,145008167010661,2009,54,3,25,2331.0,4.0,1,ROMU,1,ROMU,1,2012-12-07 10:11:48,,7,1
152864685020004,145008167010661,2009,54,3,25,2331.0,3.0,1,ROMU,1,ROMU,20,2012-12-07 10:11:48,,7,1
152864686020004,145008167010661,2009,54,3,25,2331.0,2.0,1,ROMU,1,ROMU,25,2012-12-07 10:11:48,,7,1
249336871010661,169112675010661,2010,54,2,101,1200.0,3.0,1,ROPS,1,ROPS,1,2011-06-02 14:20:05,,7,2
249336813010661,169112397010661,2010,54,2,71,1818.0,1.0,1,ROPS,1,ROPS,2,2011-06-02 14:20:04,,7,2
249336814010661,169112397010661,2010,54,2,71,1818.0,2.0,1,ROPS,1,ROPS,4,2011-06-02 14:20:04,,7,2
249336815010661,169112397010661,2010,54,2,71,1818.0,4.0,1,ROPS,1,ROPS,18,2011-06-02 14:20:04,,7,2
249336816010661,169112451010661,2010,54,2,71,2100.0,1.0,1,ALPE4,1,ALPE4,1,2011-06-02 14:20:04,,7,2
249336817010661,169112451010661,2010,54,2,71,2100.0,2.0,1,ALPE4,1,ALPE4,2,2011-06-02 14:20:04,,7,2
249336818010661,169112451010661,2010,54,2,71,2100.0,3.0,1,ALPE4,1,ALPE4,1,2011-06-02 14:20:04,,7,2
249336819010661,169112451010661,2010,54,2,71,2100.0,4.0,1,ALPE4,1,ALPE4,1,2011-06-02 14:20:05,,7,2
249336820010661,169112451010661,2010,54,2,71,2100.0,2.0,1,ELUM,1,ELUM,1,2011-06-02 14:20:05,,7,2
249336821010661,169112451010661,2010,54,2,71,2100.0,1.0,1,ROMU,1,ROMU,1,2011-06-02 14:20:05,,7,2
249336822010661,169112451010661,2010,54,2,71,2100.0,2.0,1,ROMU,1,ROMU,1,2011-06-02 14:20:05,,7,2
249336823010661,169112451010661,2010,54,2,71,2100.0,3.0,1,ROMU,1,ROMU,1,2011-06-02 14:20:05,,7,2
249336824010661,169112451010661,2010,54,2,71,2100.0,1.0,1,ROPS,1,ROPS,1,2011-06-02 14:20:05,,7,2
249336825010661,169112451010661,2010,54,2,71,2100.0,2.0,1,ROPS,1,ROPS,6,2011-06-02 14:20:05,,7,2
249336826010661,169112451010661,2010,54,2,71,2100.0,3.0,1,ROPS,1,ROPS,1,2011-06-02 14:20:05,,7,2
249336827010661,169112451010661,2010,54,2,71,2100.0,4.0,1,ROPS,1,ROPS,1,2011-06-02 14:20:05,,7,2
249336830010661,169113319010661,2010,54,2,77,1835.0,2.0,1,AIAL,1,AIAL,1,2011-06-02 14:20:05,,7,2
249336831010661,169113319010661,2010,54,2,77,1835.0,4.0,1,AIAL,1,AIAL,1,2011-06-02 14:20:05,,7,2
249336832010661,169113319010661,2010,54,2,77,1835.0,1.0,1,ROPS,1,ROPS,14,2011-06-02 14:20:05,,7,2
249336833010661,169113319010661,2010,54,2,77,1835.0,2.0,1,ROPS,1,ROPS,26,2011-06-02 14:20:05,,7,2
249336834010661,169113319010661,2010,54,2,77,1835.0,3.0,1,ROPS,1,ROPS,3,2011-06-02 14:20:05,,7,2
249336835010661,169113319010661,2010,54,2,77,1835.0,4.0,1,ROPS,1,ROPS,2,2011-06-02 14:20:05,,7,2
249336680010661,169113141010661,2010,54,4,35,1440.0,1.0,1,AIAL,1,AIAL,1,2011-06-02 14:20:04,,7,2
249336681010661,169113141010661,2010,54,4,35,1440.0,2.0,1,CEOR7,1,CEOR7,1,2011-06-02 14:20:04,,7,2
249336682010661,169113141010661,2010,54,4,35,1440.0,3.0,1,CEOR7,1,CEOR7,1,2011-06-02 14:20:04,,7,2
249336683010661,169113141010661,2010,54,4,35,1440.0,4.0,1,CEOR7,1,CEOR7,1,2011-06-02 14:20:04,,7,2
249336684010661,169113141010661,2010,54,4,35,1440.0,2.0,1,ELUM,1,ELUM,1,2011-06-02 14:20:04,,7,2
249336685010661,169113141010661,2010,54,4,35,1440.0,1.0,1,LOJA,1,LOJA,10,2011-06-02 14:20:04,,7,2
249336686010661,169113141010661,2010,54,4,35,1440.0,2.0,1,LOJA,1,LOJA,5,2011-06-02 14:20:04,,7,2
249336687010661,169113141010661,2010,54,4,35,1440.0,3.0,1,LOJA,1,LOJA,5,2011-06-02 14:20:04,,7,2
249336688010661,169113141010661,2010,54,4,35,1440.0,4.0,1,LOJA,1,LOJA,10,2011-06-02 14:20:04,,7,2
249336689010661,169113141010661,2010,54,4,35,1440.0,1.0,1,MIVI,1,MIVI,2,2011-06-02 14:20:04,,7,2
249336690010661,169113141010661,2010,54,4,35,1440.0,1.0,1,ROMU,1,ROMU,10,2011-06-02 14:20:04,,7,2
249336691010661,169113141010661,2010,54,4,35,1440.0,2.0,1,ROMU,1,ROMU,10,2011-06-02 14:20:04,,7,2
249336692010661,169113141010661,2010,54,4,35,1440.0,3.0,1,ROMU,1,ROMU,25,2011-06-02 14:20:04,,7,2
249336693010661,169113141010661,2010,54,4,35,1440.0,4.0,1,ROMU,1,ROMU,25,2011-06-02 14:20:04,,7,2
249336694010661,169113141010661,2010,54,4,35,1440.0,1.0,1,ROPS,1,ROPS,10,2011-06-02 14:20:04,,7,2
249336695010661,169113141010661,2010,54,4,35,1440.0,3.0,1,ROPS,1,ROPS,20,2011-06-02 14:20:04,,7,2
249336836010661,169113153010661,2010,54,4,79,766.0,1.0,1,ROMU,1,ROMU,1,2011-06-02 14:20:05,,7,2
249336837010661,169113153010661,2010,54,4,79,766.0,2.0,1,ROMU,1,ROMU,1,2011-06-02 14:20:05,,7,2
249336838010661,169113153010661,2010,54,4,79,766.0,3.0,1,ROMU,1,ROMU,1,2011-06-02 14:20:05,,7,2
249336839010661,169113153010661,2010,54,4,79,766.0,4.0,1,ROMU,1,ROMU,1,2011-06-02 14:20:05,,7,2
249336840010661,169113153010661,2010,54,4,79,766.0,4.0,1,ROPS,1,ROPS,1,2011-06-02 14:20:05,,7,2
249336841010661,169113379010661,2010,54,4,79,1640.0,1.0,1,ELUM,1,ELUM,1,2011-06-02 14:20:05,,7,2
249336842010661,169113379010661,2010,54,4,79,1640.0,4.0,1,ROMU,1,ROMU,1,2011-06-02 14:20:05,,7,2
249336763010661,169112927010661,2010,54,4,51,1731.0,4.0,2,ROMU,1,ROMU,22,2011-06-02 14:20:04,,7,2
249336764010661,169112927010661,2010,54,4,51,1731.0,4.0,2,ROPS,1,ROPS,1,2011-06-02 14:20:04,,7,2
249336843010661,169113349010661,2010,54,3,81,1604.0,4.0,3,AIAL,1,AIAL,6,2011-06-02 14:20:05,,7,2
249336844010661,169113349010661,2010,54,3,81,1604.0,3.0,2,ELUM,1,ELUM,10,2011-06-02 14:20:05,,7,2
249336845010661,169113349010661,2010,54,3,81,1604.0,3.0,2,LOJA,1,LOJA,3,2011-06-02 14:20:05,,7,2
249336846010661,169113349010661,2010,54,3,81,1604.0,4.0,3,LOJA,1,LOJA,1,2011-06-02 14:20:05,,7,2
249336847010661,169113349010661,2010,54,3,81,1604.0,3.0,2,MIVI,1,MIVI,1,2011-06-02 14:20:05,,7,2
249336848010661,169113349010661,2010,54,3,81,1604.0,3.0,2,POCU6,1,POCU6,20,2011-06-02 14:20:05,,7,2
249336738010661,169112905010661,2010,54,3,47,1636.0,4.0,1,MIVI,1,MIVI,1,2011-06-02 14:20:04,,7,2
249336739010661,169112905010661,2010,54,3,47,1636.0,1.0,1,ROMU,1,ROMU,30,2011-06-02 14:20:04,,7,2
249336740010661,169112905010661,2010,54,3,47,1636.0,3.0,1,ROMU,1,ROMU,15,2011-06-02 14:20:04,,7,2
249336741010661,169112905010661,2010,54,3,47,1636.0,4.0,1,ROMU,1,ROMU,1,2011-06-02 14:20:04,,7,2
249336860010661,169113235010661,2010,54,4,99,1003.0,4.0,1,ELUM,1,ELUM,1,2011-06-02 14:20:05,,7,2
249336861010661,169113235010661,2010,54,4,99,1003.0,1.0,1,LOJA,1,LOJA,1,2011-06-02 14:20:05,,7,2
249336862010661,169113235010661,2010,54,4,99,1003.0,2.0,1,LOJA,1,LOJA,1,2011-06-02 14:20:05,,7,2
249336863010661,169113235010661,2010,54,4,99,1003.0,3.0,1,LOJA,1,LOJA,1,2011-06-02 14:20:05,,7,2
249336864010661,169113235010661,2010,54,4,99,1003.0,4.0,1,LOJA,1,LOJA,2,2011-06-02 14:20:05,,7,2
249336865010661,169113235010661,2010,54,4,99,1003.0,3.0,1,MIVI,1,MIVI,1,2011-06-02 14:20:05,,7,2
249336866010661,169113235010661,2010,54,4,99,1003.0,1.0,1,ROMU,1,ROMU,1,2011-06-02 14:20:05,,7,2
249336867010661,169113235010661,2010,54,4,99,1003.0,2.0,1,ROMU,1,ROMU,1,2011-06-02 14:20:05,,7,2
249336599010661,169112387010661,2010,54,2,23,2451.0,3.0,1,ALPE4,1,ALPE4,5,2011-06-02 14:20:04,,7,2
249336600010661,169112387010661,2010,54,2,23,2451.0,4.0,1,ALPE4,1,ALPE4,5,2011-06-02 14:20:04,,7,2
249336601010661,169112387010661,2010,54,2,23,2451.0,4.0,1,ROPS,1,ROPS,5,2011-06-02 14:20:04,,7,2
249336767010661,169112409010661,2010,54,2,57,2155.0,1.0,1,ALPE4,1,ALPE4,5,2011-06-02 14:20:04,,7,2
249336768010661,169112409010661,2010,54,2,57,2155.0,2.0,1,ALPE4,1,ALPE4,5,2011-06-02 14:20:04,,7,2
249336769010661,169112409010661,2010,54,2,57,2155.0,4.0,1,ALPE4,1,ALPE4,1,2011-06-02 14:20:04,,7,2
249336770010661,169112409010661,2010,54,2,57,2155.0,1.0,1,CEOR7,1,CEOR7,2,2011-06-02 14:20:04,,7,2
249336771010661,169112409010661,2010,54,2,57,2155.0,1.0,1,ROMU,1,ROMU,25,2011-06-02 14:20:04,,7,2
249336772010661,169112409010661,2010,54,2,57,2155.0,2.0,1,ROMU,1,ROMU,18,2011-06-02 14:20:04,,7,2
249336773010661,169112409010661,2010,54,2,57,2155.0,4.0,1,ROMU,1,ROMU,14,2011-06-02 14:20:04,,7,2
249336774010661,169112409010661,2010,54,2,57,2155.0,1.0,1,ROPS,1,ROPS,35,2011-06-02 14:20:04,,7,2
249336775010661,169112409010661,2010,54,2,57,2155.0,2.0,1,ROPS,1,ROPS,60,2011-06-02 14:20:04,,7,2
249336776010661,169112409010661,2010,54,2,57,2155.0,4.0,1,ROPS,1,ROPS,80,2011-06-02 14:20:04,,7,2
249336793010661,169112609010661,2010,54,3,63,1793.0,3.0,2,CEOR7,1,CEOR7,1,2011-06-02 14:20:04,,7,2
249336794010661,169112609010661,2010,54,3,63,1793.0,4.0,1,LOJA,1,LOJA,22,2011-06-02 14:20:04,,7,2
226242988010661,145007861010661,2009,54,4,105,514.0,4.0,1,ROMU,1,ROMU,1,2010-06-07 14:42:28,2012-02-28 07:11:47,7,1
152864584020004,145007883010661,2009,54,3,39,649.0,4.0,1,ROMU,1,ROMU,2,2012-12-07 10:11:48,,7,1
226243058010661,145007893010661,2009,54,3,39,1997.0,1.0,1,AIAL,1,AIAL,1,2010-06-07 14:42:30,2012-02-28 07:13:05,7,1
226243063010661,145007893010661,2009,54,3,39,1997.0,1.0,1,CEOR7,1,CEOR7,2,2010-06-07 14:42:30,2012-02-28 07:13:32,7,1
226243067010661,145007893010661,2009,54,3,39,1997.0,1.0,1,LONIC,1,LONIC,3,2010-06-07 14:42:30,2012-02-28 07:14:28,7,1
226243071010661,145007893010661,2009,54,3,39,1997.0,1.0,1,MIVI,1,MIVI,1,2010-06-07 14:42:30,2012-02-28 07:13:59,7,1
226243074010661,145007893010661,2009,54,3,39,1997.0,1.0,1,ROMU,1,ROMU,3,2010-06-07 14:42:30,2012-02-28 07:13:05,7,1
226243061010661,145007893010661,2009,54,3,39,1997.0,2.0,1,BETH,1,BETH,1,2010-06-07 14:42:30,2012-02-28 07:13:32,7,1
226243064010661,145007893010661,2009,54,3,39,1997.0,2.0,1,CEOR7,1,CEOR7,1,2010-06-07 14:42:30,2012-02-28 07:13:32,7,1
226243066010661,145007893010661,2009,54,3,39,1997.0,2.0,1,LOJA,1,LOJA,3,2010-06-07 14:42:30,2012-02-28 07:13:32,7,1
226243070010661,145007893010661,2009,54,3,39,1997.0,2.0,1,LYNU,1,LYNU,2,2010-06-07 14:42:30,2012-02-28 07:11:47,7,1
226243072010661,145007893010661,2009,54,3,39,1997.0,2.0,1,MIVI,1,MIVI,2,2010-06-07 14:42:30,2012-02-28 07:13:59,7,1
226243075010661,145007893010661,2009,54,3,39,1997.0,2.0,1,ROMU,1,ROMU,4,2010-06-07 14:42:30,2012-02-28 07:13:05,7,1
226243078010661,145007893010661,2009,54,3,39,1997.0,2.0,1,ROPS,1,ROPS,1,2010-06-07 14:42:30,2012-02-28 07:13:05,7,1
226243059010661,145007893010661,2009,54,3,39,1997.0,3.0,1,AIAL,1,AIAL,1,2010-06-07 14:42:30,2012-02-28 07:13:05,7,1
226243068010661,145007893010661,2009,54,3,39,1997.0,3.0,1,LONIC,1,LONIC,16,2010-06-07 14:42:30,2012-02-28 07:14:28,7,1
226243073010661,145007893010661,2009,54,3,39,1997.0,3.0,1,MIVI,1,MIVI,2,2010-06-07 14:42:30,2012-02-28 07:13:59,7,1
226243076010661,145007893010661,2009,54,3,39,1997.0,3.0,1,ROMU,1,ROMU,6,2010-06-07 14:42:30,2012-02-28 07:13:05,7,1
1696446461290487,1192972382290487,2023,54,4,107,1124.0,1.0,1,LIVU,1,LIVU,1,2024-12-02 11:26:51,,9,3
1696446462290487,1192972382290487,2023,54,4,107,1124.0,4.0,1,LIVU,1,LIVU,1,2024-12-02 11:26:51,,9,3
1696446463290487,1192972382290487,2023,54,4,107,1124.0,1.0,1,LOJA,1,LOJA,1,2024-12-02 11:26:51,,9,3
1696446464290487,1192972382290487,2023,54,4,107,1124.0,4.0,1,LOJA,1,LOJA,4,2024-12-02 11:26:51,,9,3
1696446465290487,1192972382290487,2023,54,4,107,1124.0,1.0,1,MIVI,1,MIVI,5,2024-12-02 11:26:51,,9,3
1696446466290487,1192972382290487,2023,54,4,107,1124.0,2.0,1,MIVI,1,MIVI,2,2024-12-02 11:26:51,,9,3
1696446467290487,1192972382290487,2023,54,4,107,1124.0,3.0,1,MIVI,1,MIVI,2,2024-12-02 11:26:51,,9,3
1696446468290487,1192972382290487,2023,54,4,107,1124.0,4.0,1,MIVI,1,MIVI,2,2024-12-02 11:26:51,,9,3
1696446469290487,1192972382290487,2023,54,4,107,1124.0,1.0,1,ROMU,1,ROMU,2,2024-12-02 11:26:51,,9,3
1696446470290487,1192972382290487,2023,54,4,107,1124.0,2.0,1,ROMU,1,ROMU,1,2024-12-02 11:26:51,,9,3
1696446471290487,1192972382290487,2023,54,4,107,1124.0,3.0,1,ROMU,1,ROMU,1,2024-12-02 11:26:51,,9,3
1696446472290487,1192972382290487,2023,54,4,107,1124.0,4.0,1,ROMU,1,ROMU,4,2024-12-02 11:26:51,,9,3
1696446473290487,1192972382290487,2023,54,4,107,1124.0,4.0,1,ROPS,1,ROPS,3,2024-12-02 11:26:51,,9,3
1696450392290487,1192972369290487,2023,54,3,5,2402.0,1.0,1,AIAL,1,AIAL,1,2024-12-02 11:27:08,,9,3
1696450393290487,1192972369290487,2023,54,3,5,2402.0,2.0,1,AIAL,1,AIAL,3,2024-12-02 11:27:08,,9,3
1696450394290487,1192972369290487,2023,54,3,5,2402.0,4.0,1,AIAL,1,AIAL,2,2024-12-02 11:27:08,,9,3
1696450395290487,1192972369290487,2023,54,3,5,2402.0,1.0,1,MIVI,1,MIVI,3,2024-12-02 11:27:08,,9,3
1696450396290487,1192972369290487,2023,54,3,5,2402.0,2.0,1,MIVI,1,MIVI,65,2024-12-02 11:27:08,,9,3
1696450397290487,1192972369290487,2023,54,3,5,2402.0,4.0,1,MIVI,1,MIVI,3,2024-12-02 11:27:08,,9,3
1696450398290487,1192972369290487,2023,54,3,5,2402.0,1.0,1,ROMU,1,ROMU,1,2024-12-02 11:27:08,,9,3
1696450399290487,1192972369290487,2023,54,3,5,2402.0,2.0,1,ROMU,1,ROMU,1,2024-12-02 11:27:08,,9,3
1696450563290487,1192972385290487,2023,54,4,107,2443.0,1.0,1,AIAL,1,AIAL,25,2024-12-02 11:27:08,,9,3
1696450564290487,1192972385290487,2023,54,4,107,2443.0,2.0,1,AIAL,1,AIAL,1,2024-12-02 11:27:08,,9,3
1696450565290487,1192972385290487,2023,54,4,107,2443.0,3.0,1,AIAL,1,AIAL,1,2024-12-02 11:27:08,,9,3
1696449721290487,1192972420290487,2023,54,2,97,1210.0,4.0,1,MIVI,1,MIVI,15,2024-12-02 11:27:05,,9,3
1696450566290487,1192972385290487,2023,54,4,107,2443.0,4.0,1,AIAL,1,AIAL,1,2024-12-02 11:27:08,,9,3
1696450567290487,1192972385290487,2023,54,4,107,2443.0,2.0,1,BEVU,1,BEVU,1,2024-12-02 11:27:08,,9,3
1696450568290487,1192972385290487,2023,54,4,107,2443.0,3.0,1,BEVU,1,BEVU,1,2024-12-02 11:27:08,,9,3
1696450569290487,1192972385290487,2023,54,4,107,2443.0,1.0,1,ELUM,1,ELUM,35,2024-12-02 11:27:08,,9,3
1696450570290487,1192972385290487,2023,54,4,107,2443.0,2.0,1,ELUM,1,ELUM,1,2024-12-02 11:27:08,,9,3
1696450571290487,1192972385290487,2023,54,4,107,2443.0,3.0,1,ELUM,1,ELUM,1,2024-12-02 11:27:08,,9,3
1696450572290487,1192972385290487,2023,54,4,107,2443.0,4.0,1,ELUM,1,ELUM,20,2024-12-02 11:27:08,,9,3
1696450573290487,1192972385290487,2023,54,4,107,2443.0,4.0,1,LIVU,1,LIVU,15,2024-12-02 11:27:08,,9,3
1696450574290487,1192972385290487,2023,54,4,107,2443.0,1.0,1,LOJA,1,LOJA,7,2024-12-02 11:27:08,,9,3
1696450575290487,1192972385290487,2023,54,4,107,2443.0,2.0,1,LOJA,1,LOJA,2,2024-12-02 11:27:08,,9,3
1696450576290487,1192972385290487,2023,54,4,107,2443.0,3.0,1,LOJA,1,LOJA,4,2024-12-02 11:27:08,,9,3
1696450577290487,1192972385290487,2023,54,4,107,2443.0,4.0,1,LOJA,1,LOJA,4,2024-12-02 11:27:08,,9,3
1696450578290487,1192972385290487,2023,54,4,107,2443.0,1.0,1,LONIC,1,LONIC,8,2024-12-02 11:27:08,,9,3
1696450579290487,1192972385290487,2023,54,4,107,2443.0,3.0,1,LONIC,1,LONIC,1,2024-12-02 11:27:08,,9,3
1696450580290487,1192972385290487,2023,54,4,107,2443.0,4.0,1,LONIC,1,LONIC,1,2024-12-02 11:27:08,,9,3
1696450581290487,1192972385290487,2023,54,4,107,2443.0,1.0,1,MIVI,1,MIVI,75,2024-12-02 11:27:08,,9,3
1696450582290487,1192972385290487,2023,54,4,107,2443.0,2.0,1,MIVI,1,MIVI,99,2024-12-02 11:27:08,,9,3
1696450583290487,1192972385290487,2023,54,4,107,2443.0,3.0,1,MIVI,1,MIVI,95,2024-12-02 11:27:08,,9,3
1696450584290487,1192972385290487,2023,54,4,107,2443.0,4.0,1,MIVI,1,MIVI,80,2024-12-02 11:27:08,,9,3
1696450585290487,1192972385290487,2023,54,4,107,2443.0,1.0,1,ROMU,1,ROMU,35,2024-12-02 11:27:08,,9,3
1696450586290487,1192972385290487,2023,54,4,107,2443.0,2.0,1,ROMU,1,ROMU,4,2024-12-02 11:27:08,,9,3
1696450587290487,1192972385290487,2023,54,4,107,2443.0,3.0,1,ROMU,1,ROMU,18,2024-12-02 11:27:08,,9,3
1696450588290487,1192972385290487,2023,54,4,107,2443.0,4.0,1,ROMU,1,ROMU,3,2024-12-02 11:27:08,,9,3
1696450589290487,1192972385290487,2023,54,4,107,2443.0,2.0,1,ROPS,1,ROPS,35,2024-12-02 11:27:08,,9,3
1696450590290487,1192972385290487,2023,54,4,107,2443.0,3.0,1,ROPS,1,ROPS,4,2024-12-02 11:27:08,,9,3
1696450742290487,1192972429290487,2023,54,3,25,225.0,1.0,1,BEVU,1,BEVU,2,2024-12-02 11:27:09,,9,3
1696450743290487,1192972429290487,2023,54,3,25,225.0,1.0,1,ELUM,1,ELUM,20,2024-12-02 11:27:09,,9,3
1696450744290487,1192972429290487,2023,54,3,25,225.0,2.0,1,ELUM,1,ELUM,3,2024-12-02 11:27:09,,9,3
1696450745290487,1192972429290487,2023,54,3,25,225.0,3.0,1,ELUM,1,ELUM,2,2024-12-02 11:27:09,,9,3
1696450746290487,1192972429290487,2023,54,3,25,225.0,4.0,1,ELUM,1,ELUM,3,2024-12-02 11:27:09,,9,3
1696450747290487,1192972429290487,2023,54,3,25,225.0,1.0,1,MIVI,1,MIVI,8,2024-12-02 11:27:09,,9,3
1696450748290487,1192972429290487,2023,54,3,25,225.0,2.0,1,MIVI,1,MIVI,5,2024-12-02 11:27:09,,9,3
1696450749290487,1192972429290487,2023,54,3,25,225.0,3.0,1,MIVI,1,MIVI,1,2024-12-02 11:27:09,,9,3
1696450750290487,1192972429290487,2023,54,3,25,225.0,4.0,1,MIVI,1,MIVI,1,2024-12-02 11:27:09,,9,3
1696450751290487,1192972429290487,2023,54,3,25,225.0,1.0,1,ROMU,1,ROMU,50,2024-12-02 11:27:09,,9,3
1696450752290487,1192972429290487,2023,54,3,25,225.0,2.0,1,ROMU,1,ROMU,75,2024-12-02 11:27:09,,9,3
1696450753290487,1192972429290487,2023,54,3,25,225.0,3.0,1,ROMU,1,ROMU,3,2024-12-02 11:27:09,,9,3
1696450754290487,1192972429290487,2023,54,3,25,225.0,4.0,1,ROMU,1,ROMU,20,2024-12-02 11:27:09,,9,3
1696446663290487,1192972508290487,2023,54,2,27,1971.0,2.0,1,ALPE4,1,ALPE4,5,2024-12-02 11:26:51,,9,3
1696446664290487,1192972508290487,2023,54,2,27,1971.0,3.0,1,ALPE4,1,ALPE4,1,2024-12-02 11:26:51,,9,3
1696446665290487,1192972508290487,2023,54,2,27,1971.0,4.0,1,ALPE4,1,ALPE4,1,2024-12-02 11:26:51,,9,3
1696446666290487,1192972508290487,2023,54,2,27,1971.0,2.0,1,BETH,1,BETH,6,2024-12-02 11:26:51,,9,3
1696446667290487,1192972508290487,2023,54,2,27,1971.0,2.0,1,ELUM,1,ELUM,2,2024-12-02 11:26:51,,9,3
1696446668290487,1192972508290487,2023,54,2,27,1971.0,1.0,1,LOJA,1,LOJA,4,2024-12-02 11:26:51,,9,3
1696446669290487,1192972508290487,2023,54,2,27,1971.0,2.0,1,LOJA,1,LOJA,1,2024-12-02 11:26:51,,9,3
1696446670290487,1192972508290487,2023,54,2,27,1971.0,4.0,1,LOJA,1,LOJA,10,2024-12-02 11:26:51,,9,3
661332556126144,465275877489998,2018,54,4,49,1524.0,2.0,3,LONIC,1,LONIC,10,2019-05-10 08:02:20,,8,5
661332557126144,465275877489998,2018,54,4,49,1524.0,3.0,1,LONIC,1,LONIC,5,2019-05-10 08:02:20,,8,5
661332558126144,465275877489998,2018,54,4,49,1524.0,4.0,3,LONIC,1,LONIC,15,2019-05-10 08:02:20,,8,5
661332559126144,465275877489998,2018,54,4,49,1524.0,2.0,3,MIVI,1,MIVI,10,2019-05-10 08:02:20,,8,5
661332560126144,465275877489998,2018,54,4,49,1524.0,1.0,1,ROMU,1,ROMU,7,2019-05-10 08:02:20,,8,5
661332561126144,465275877489998,2018,54,4,49,1524.0,2.0,3,ROMU,1,ROMU,40,2019-05-10 08:02:20,,8,5
661332562126144,465275877489998,2018,54,4,49,1524.0,3.0,1,ROMU,1,ROMU,25,2019-05-10 08:02:20,,8,5
661332563126144,465275877489998,2018,54,4,49,1524.0,4.0,3,ROMU,1,ROMU,5,2019-05-10 08:02:20,,8,5
661332564126144,465275877489998,2018,54,4,49,1524.0,2.0,3,ROPS,1,ROPS,25,2019-05-10 08:02:20,,8,5
661332565126144,465275877489998,2018,54,4,49,1524.0,4.0,3,ROPS,1,ROPS,28,2019-05-10 08:02:20,,8,5
661332842126144,465275679489998,2018,54,4,99,1250.0,1.0,1,ELUM,1,ELUM,25,2019-05-10 08:02:23,,8,5
661332843126144,465275679489998,2018,54,4,99,1250.0,4.0,1,ELUM,1,ELUM,25,2019-05-10 08:02:23,,8,5
661332844126144,465275679489998,2018,54,4,99,1250.0,1.0,1,LOJA,1,LOJA,15,2019-05-10 08:02:23,,8,5
661332845126144,465275679489998,2018,54,4,99,1250.0,2.0,1,LOJA,1,LOJA,15,2019-05-10 08:02:23,,8,5
661332846126144,465275679489998,2018,54,4,99,1250.0,3.0,1,LOJA,1,LOJA,60,2019-05-10 08:02:23,,8,5
661332847126144,465275679489998,2018,54,4,99,1250.0,4.0,1,LOJA,1,LOJA,50,2019-05-10 08:02:23,,8,5
661332848126144,465275679489998,2018,54,4,99,1250.0,4.0,1,LONIC,1,LONIC,2,2019-05-10 08:02:23,,8,5
661332849126144,465275679489998,2018,54,4,99,1250.0,1.0,1,MIVI,1,MIVI,3,2019-05-10 08:02:23,,8,5
661332850126144,465275679489998,2018,54,4,99,1250.0,2.0,1,MIVI,1,MIVI,1,2019-05-10 08:02:23,,8,5
661332851126144,465275679489998,2018,54,4,99,1250.0,4.0,1,MIVI,1,MIVI,3,2019-05-10 08:02:23,,8,5
661332852126144,465275679489998,2018,54,4,99,1250.0,1.0,1,ROMU,1,ROMU,1,2019-05-10 08:02:23,,8,5
661332853126144,465275679489998,2018,54,4,99,1250.0,3.0,1,ROMU,1,ROMU,1,2019-05-10 08:02:23,,8,5
661332854126144,465275679489998,2018,54,4,99,1250.0,4.0,1,ROMU,1,ROMU,2,2019-05-10 08:02:23,,8,5
661333075126144,465275759489998,2018,54,3,109,379.0,4.0,1,CIVU,1,CIVU,1,2019-05-10 08:02:23,,8,5
661333076126144,465275759489998,2018,54,3,109,379.0,1.0,1,ELUM,1,ELUM,1,2019-05-10 08:02:23,,8,5
661333077126144,465275759489998,2018,54,3,109,379.0,3.0,2,ELUM,1,ELUM,1,2019-05-10 08:02:23,,8,5
661333078126144,465275759489998,2018,54,3,109,379.0,4.0,1,ELUM,1,ELUM,1,2019-05-10 08:02:23,,8,5
661333079126144,465275759489998,2018,54,3,109,379.0,1.0,1,ROMU,1,ROMU,6,2019-05-10 08:02:23,,8,5
661333080126144,465275759489998,2018,54,3,109,379.0,1.0,2,ROMU,1,ROMU,1,2019-05-10 08:02:23,,8,5
661333081126144,465275759489998,2018,54,3,109,379.0,2.0,1,ROMU,1,ROMU,1,2019-05-10 08:02:23,,8,5
661336212126144,465275664489998,2018,54,2,83,3587.0,4.0,1,ROPS,1,ROPS,2,2019-05-10 08:02:37,,8,5
661336419126144,465275727489998,2018,54,4,13,1984.0,4.0,1,LONIC,1,LONIC,1,2019-05-10 08:02:38,,8,5
661336420126144,465275727489998,2018,54,4,13,1984.0,4.0,1,LYNU,1,LYNU,1,2019-05-10 08:02:38,,8,5
661336421126144,465275727489998,2018,54,4,13,1984.0,1.0,1,ROMU,1,ROMU,1,2019-05-10 08:02:38,,8,5
757089578290487,513410559126144,2019,54,4,87,744.0,4.0,1,MIVI,1,MIVI,4,2020-06-26 16:03:54,,8,6
757089579290487,513410559126144,2019,54,4,87,744.0,1.0,1,ROMU,1,ROMU,1,2020-06-26 16:03:54,,8,6
661336422126144,465275727489998,2018,54,4,13,1984.0,4.0,1,ROMU,1,ROMU,1,2019-05-10 08:02:38,,8,5
661336418126144,465275727489998,2018,54,4,13,1984.0,1.0,1,BETH,1,BETH,1,2019-05-10 08:02:38,,8,5
661336693126144,465275785489998,2018,54,4,21,1777.0,2.0,1,ELUM,1,ELUM,1,2019-05-10 08:02:38,,8,5
661336694126144,465275785489998,2018,54,4,21,1777.0,3.0,1,ELUM,1,ELUM,1,2019-05-10 08:02:38,,8,5
661336695126144,465275785489998,2018,54,4,21,1777.0,4.0,1,ELUM,1,ELUM,1,2019-05-10 08:02:38,,8,5
661336696126144,465275785489998,2018,54,4,21,1777.0,1.0,1,MIVI,1,MIVI,1,2019-05-10 08:02:38,,8,5
661336697126144,465275785489998,2018,54,4,21,1777.0,2.0,1,MIVI,1,MIVI,1,2019-05-10 08:02:38,,8,5
661336698126144,465275785489998,2018,54,4,21,1777.0,3.0,1,MIVI,1,MIVI,1,2019-05-10 08:02:38,,8,5
661336699126144,465275785489998,2018,54,4,21,1777.0,4.0,1,MIVI,1,MIVI,1,2019-05-10 08:02:38,,8,5
661336700126144,465275785489998,2018,54,4,21,1777.0,2.0,1,ROMU,1,ROMU,1,2019-05-10 08:02:38,,8,5
661336701126144,465275785489998,2018,54,4,21,1777.0,4.0,1,ROMU,1,ROMU,1,2019-05-10 08:02:38,,8,5
661336702126144,465275785489998,2018,54,4,21,1777.0,2.0,1,SPJA,1,SPJA,2,2019-05-10 08:02:38,,8,5
661336703126144,465275785489998,2018,54,4,21,1777.0,4.0,1,SPJA,1,SPJA,1,2019-05-10 08:02:38,,8,5
661337023126144,465275887489998,2018,54,2,83,112.0,1.0,1,ROPS,1,ROPS,15,2019-05-10 08:02:39,,8,5
661337024126144,465275887489998,2018,54,2,83,112.0,2.0,1,ROPS,1,ROPS,10,2019-05-10 08:02:39,,8,5
661337025126144,465275887489998,2018,54,2,83,112.0,4.0,1,ROPS,1,ROPS,10,2019-05-10 08:02:39,,8,5
661337026126144,465275887489998,2018,54,2,83,112.0,1.0,1,SPJA,1,SPJA,1,2019-05-10 08:02:39,,8,5
757088236290487,513410447126144,2019,54,3,89,2204.0,1.0,1,MIVI,1,MIVI,5,2020-06-26 16:03:49,,8,6
757088237290487,513410447126144,2019,54,3,89,2204.0,3.0,1,MIVI,1,MIVI,5,2020-06-26 16:03:49,,8,6
757088238290487,513410447126144,2019,54,3,89,2204.0,4.0,1,MIVI,1,MIVI,1,2020-06-26 16:03:49,,8,6
757088239290487,513410447126144,2019,54,3,89,2204.0,1.0,1,ROMU,1,ROMU,5,2020-06-26 16:03:49,,8,6
757088240290487,513410447126144,2019,54,3,89,2204.0,3.0,1,ROMU,1,ROMU,1,2020-06-26 16:03:49,,8,6
757088241290487,513410447126144,2019,54,3,89,2204.0,4.0,1,ROMU,1,ROMU,10,2020-06-26 16:03:49,,8,6
757088550290487,513410429126144,2019,54,2,101,696.0,2.0,1,MIVI,1,MIVI,1,2020-06-26 16:03:50,,8,6
757089103290487,513410460126144,2019,54,4,49,1104.0,3.0,2,AIAL,1,AIAL,1,2020-06-26 16:03:52,,8,6
757089104290487,513410460126144,2019,54,4,49,1104.0,3.0,2,LOJA,1,LOJA,1,2020-06-26 16:03:52,,8,6
757089105290487,513410460126144,2019,54,4,49,1104.0,3.0,2,LONIC,1,LONIC,1,2020-06-26 16:03:52,,8,6
757089106290487,513410460126144,2019,54,4,49,1104.0,3.0,2,MIVI,1,MIVI,3,2020-06-26 16:03:52,,8,6
757089183290487,513410542126144,2019,54,4,51,785.0,1.0,1,ALPE4,1,ALPE4,2,2020-06-26 16:03:53,,8,6
757089184290487,513410542126144,2019,54,4,51,785.0,2.0,1,ALPE4,1,ALPE4,1,2020-06-26 16:03:53,,8,6
757089185290487,513410542126144,2019,54,4,51,785.0,3.0,1,ALPE4,1,ALPE4,1,2020-06-26 16:03:53,,8,6
757089186290487,513410542126144,2019,54,4,51,785.0,1.0,1,BETH,1,BETH,1,2020-06-26 16:03:53,,8,6
757089187290487,513410542126144,2019,54,4,51,785.0,1.0,1,MIVI,1,MIVI,85,2020-06-26 16:03:53,,8,6
757089188290487,513410542126144,2019,54,4,51,785.0,2.0,1,MIVI,1,MIVI,93,2020-06-26 16:03:53,,8,6
757089189290487,513410542126144,2019,54,4,51,785.0,3.0,1,MIVI,1,MIVI,95,2020-06-26 16:03:53,,8,6
757089190290487,513410542126144,2019,54,4,51,785.0,1.0,1,ROMU,1,ROMU,1,2020-06-26 16:03:53,,8,6
757089191290487,513410542126144,2019,54,4,51,785.0,2.0,1,ROMU,1,ROMU,1,2020-06-26 16:03:53,,8,6
757089192290487,513410542126144,2019,54,4,51,785.0,3.0,1,ROMU,1,ROMU,8,2020-06-26 16:03:53,,8,6
757089305290487,513410418126144,2019,54,2,97,2408.0,3.0,2,LIVU,1,LIVU,1,2020-06-26 16:03:53,,8,6
757089306290487,513410418126144,2019,54,2,97,2408.0,3.0,2,MIVI,1,MIVI,1,2020-06-26 16:03:53,,8,6
757089307290487,513410418126144,2019,54,2,97,2408.0,4.0,2,MIVI,1,MIVI,30,2020-06-26 16:03:53,,8,6
757089308290487,513410418126144,2019,54,2,97,2408.0,4.0,2,ROMU,1,ROMU,1,2020-06-26 16:03:53,,8,6
757089414290487,513410329126144,2019,54,2,71,525.0,1.0,1,ROPS,1,ROPS,1,2020-06-26 16:03:53,,8,6
757089415290487,513410329126144,2019,54,2,71,525.0,2.0,1,ROPS,1,ROPS,1,2020-06-26 16:03:53,,8,6
757089416290487,513410329126144,2019,54,2,71,525.0,3.0,1,ROPS,1,ROPS,1,2020-06-26 16:03:53,,8,6
757089417290487,513410329126144,2019,54,2,71,525.0,4.0,1,ROPS,1,ROPS,2,2020-06-26 16:03:53,,8,6
757089576290487,513410559126144,2019,54,4,87,744.0,1.0,1,MIVI,1,MIVI,15,2020-06-26 16:03:54,,8,6
757089577290487,513410559126144,2019,54,4,87,744.0,2.0,4,MIVI,1,MIVI,2,2020-06-26 16:03:54,,8,6
1674881604290487,816547299290487,2022,54,4,13,1500.0,2.0,1,ROMU,1,ROMU,1,2024-09-11 07:42:26,,9,2
1674881605290487,816547299290487,2022,54,4,13,1500.0,3.0,1,ROMU,1,ROMU,1,2024-09-11 07:42:26,,9,2
1674881606290487,816547299290487,2022,54,4,13,1500.0,4.0,1,ROMU,1,ROMU,1,2024-09-11 07:42:26,,9,2
1674882626290487,816547046290487,2022,54,2,83,15.0,2.0,1,ROPS,1,ROPS,6,2024-09-11 07:42:29,,9,2
1674883000290487,816547158290487,2022,54,3,39,210.0,1.0,1,MIVI,1,MIVI,1,2024-09-11 07:42:30,,9,2
1674883702290487,816547142290487,2022,54,4,35,1145.0,1.0,1,AIAL,1,AIAL,4,2024-09-11 07:42:34,,9,2
1674883703290487,816547142290487,2022,54,4,35,1145.0,3.0,1,CIAR4,1,CIAR4,1,2024-09-11 07:42:34,,9,2
1281481506290487,722581201290487,2021,54,2,1,1932.0,2.0,1,CEOR7,1,CEOR7,65,2023-01-18 06:38:43,,9,1
1281481507290487,722581201290487,2021,54,2,1,1932.0,4.0,1,CEOR7,1,CEOR7,50,2023-01-18 06:38:43,,9,1
1281481508290487,722581201290487,2021,54,2,1,1932.0,4.0,1,ELUM,1,ELUM,3,2023-01-18 06:38:43,,9,1
1281481509290487,722581201290487,2021,54,2,1,1932.0,2.0,1,LIVU,1,LIVU,1,2023-01-18 06:38:43,,9,1
1281481510290487,722581201290487,2021,54,2,1,1932.0,4.0,1,LIVU,1,LIVU,1,2023-01-18 06:38:43,,9,1
1281481511290487,722581201290487,2021,54,2,1,1932.0,2.0,1,LOJA,1,LOJA,2,2023-01-18 06:38:43,,9,1
1281481512290487,722581201290487,2021,54,2,1,1932.0,4.0,1,LOJA,1,LOJA,1,2023-01-18 06:38:43,,9,1
1281481513290487,722581201290487,2021,54,2,1,1932.0,2.0,1,LONIC,1,LONIC,1,2023-01-18 06:38:43,,9,1
1281481514290487,722581201290487,2021,54,2,1,1932.0,4.0,1,LONIC,1,LONIC,5,2023-01-18 06:38:43,,9,1
1281481515290487,722581201290487,2021,54,2,1,1932.0,1.0,1,MIVI,1,MIVI,1,2023-01-18 06:38:43,,9,1
1281481516290487,722581201290487,2021,54,2,1,1932.0,2.0,1,MIVI,1,MIVI,10,2023-01-18 06:38:43,,9,1
1281481517290487,722581201290487,2021,54,2,1,1932.0,4.0,1,MIVI,1,MIVI,70,2023-01-18 06:38:43,,9,1
1281481518290487,722581201290487,2021,54,2,1,1932.0,1.0,1,ROMU,1,ROMU,10,2023-01-18 06:38:43,,9,1
1281481519290487,722581201290487,2021,54,2,1,1932.0,2.0,1,ROMU,1,ROMU,40,2023-01-18 06:38:43,,9,1
1281481520290487,722581201290487,2021,54,2,1,1932.0,4.0,1,ROMU,1,ROMU,25,2023-01-18 06:38:43,,9,1
1281481521290487,722581201290487,2021,54,2,1,1932.0,1.0,1,ROPS,1,ROPS,2,2023-01-18 06:38:43,,9,1
1281481522290487,722581201290487,2021,54,2,1,1932.0,2.0,1,ROPS,1,ROPS,10,2023-01-18 06:38:43,,9,1
1281481523290487,722581201290487,2021,54,2,1,1932.0,4.0,1,ROPS,1,ROPS,1,2023-01-18 06:38:43,,9,1
1281481632290487,722581209290487,2021,54,3,55,961.0,2.0,1,PATO2,1,PATO2,8,2023-01-18 06:38:43,,9,1
1281481633290487,722581209290487,2021,54,3,55,961.0,1.0,1,ROMU,1,ROMU,1,2023-01-18 06:38:43,,9,1
1281481634290487,722581209290487,2021,54,3,55,961.0,2.0,1,ROMU,1,ROMU,5,2023-01-18 06:38:43,,9,1
1281481635290487,722581209290487,2021,54,3,55,961.0,3.0,1,ROMU,1,ROMU,1,2023-01-18 06:38:43,,9,1
1281481636290487,722581209290487,2021,54,3,55,961.0,4.0,1,ROMU,1,ROMU,1,2023-01-18 06:38:43,,9,1
1281481637290487,722581209290487,2021,54,3,55,961.0,2.0,1,ROPS,1,ROPS,1,2023-01-18 06:38:43,,9,1
1674881467290487,816547260290487,2022,54,4,53,532.0,3.0,3,LOJA,1,LOJA,8,2024-09-11 07:42:26,,9,2
1674881468290487,816547260290487,2022,54,4,53,532.0,3.0,3,LYNU,1,LYNU,6,2024-09-11 07:42:26,,9,2
1674881469290487,816547260290487,2022,54,4,53,532.0,3.0,3,MIVI,1,MIVI,3,2024-09-11 07:42:26,,9,2
1674881470290487,816547260290487,2022,54,4,53,532.0,3.0,3,ROMU,1,ROMU,5,2024-09-11 07:42:26,,9,2
1674881599290487,816547299290487,2022,54,4,13,1500.0,1.0,1,MIVI,1,MIVI,1,2024-09-11 07:42:26,,9,2
1674881600290487,816547299290487,2022,54,4,13,1500.0,2.0,1,MIVI,1,MIVI,20,2024-09-11 07:42:26,,9,2
1674881601290487,816547299290487,2022,54,4,13,1500.0,3.0,1,MIVI,1,MIVI,1,2024-09-11 07:42:26,,9,2
1674881603290487,816547299290487,2022,54,4,13,1500.0,4.0,1,MIVI,1,MIVI,1,2024-09-11 07:42:26,,9,2
1674879271290487,816547317290487,2022,54,2,91,1873.0,4.0,1,ROMU,1,ROMU,5,2024-09-11 07:42:21,,9,2
1674879760290487,816547360290487,2022,54,2,71,2100.0,1.0,1,ALPE4,1,ALPE4,2,2024-09-11 07:42:22,,9,2
1674879761290487,816547360290487,2022,54,2,71,2100.0,2.0,1,ALPE4,1,ALPE4,1,2024-09-11 07:42:22,,9,2
1674879762290487,816547360290487,2022,54,2,71,2100.0,3.0,1,ALPE4,1,ALPE4,3,2024-09-11 07:42:22,,9,2
1674879763290487,816547360290487,2022,54,2,71,2100.0,2.0,1,MIVI,1,MIVI,2,2024-09-11 07:42:22,,9,2
1674879764290487,816547360290487,2022,54,2,71,2100.0,3.0,1,MIVI,1,MIVI,2,2024-09-11 07:42:22,,9,2
1674879765290487,816547360290487,2022,54,2,71,2100.0,4.0,1,MIVI,1,MIVI,1,2024-09-11 07:42:22,,9,2
1674879767290487,816547360290487,2022,54,2,71,2100.0,1.0,1,ROMU,1,ROMU,1,2024-09-11 07:42:22,,9,2
1674879768290487,816547360290487,2022,54,2,71,2100.0,2.0,1,ROMU,1,ROMU,1,2024-09-11 07:42:22,,9,2
222863631010661,122559952010661,2007,54,2,75,3185.0,1.0,1,CIAR4,1,CIAR4,1,2010-03-01 11:22:09,2012-02-28 07:12:22,6,4
222863632010661,122559952010661,2007,54,2,75,3185.0,1.0,1,CIVU,1,CIVU,5,2010-03-01 11:22:09,2012-02-28 07:12:22,6,4
222863633010661,122559952010661,2007,54,2,75,3185.0,1.0,1,ROMU,1,ROMU,8,2010-03-01 11:22:09,2012-02-28 07:13:18,6,4
222863636010661,122559952010661,2007,54,2,75,3185.0,1.0,1,ROPS,1,ROPS,12,2010-03-01 11:22:09,2012-02-28 07:13:45,6,4
222863630010661,122559952010661,2007,54,2,75,3185.0,3.0,1,BETH,1,BETH,1,2010-03-01 11:22:09,2012-02-28 07:12:50,6,4
222863634010661,122559952010661,2007,54,2,75,3185.0,3.0,1,ROMU,1,ROMU,5,2010-03-01 11:22:09,2012-02-28 07:13:18,6,4
222863637010661,122559952010661,2007,54,2,75,3185.0,3.0,1,ROPS,1,ROPS,10,2010-03-01 11:22:09,2012-02-28 07:13:45,6,4
222863635010661,122559952010661,2007,54,2,75,3185.0,4.0,1,ROMU,1,ROMU,1,2010-03-01 11:22:09,2012-02-28 07:13:18,6,4
222863676010661,122560022010661,2007,54,2,83,1612.0,1.0,1,ROPS,1,ROPS,3,2010-03-01 11:22:09,2012-02-28 07:13:18,6,4
222863677010661,122560022010661,2007,54,2,83,1612.0,2.0,1,ROPS,1,ROPS,2,2010-03-01 11:22:09,2012-02-28 07:13:18,6,4
222863678010661,122560022010661,2007,54,2,83,1612.0,3.0,1,ROPS,1,ROPS,3,2010-03-01 11:22:09,2012-02-28 07:13:18,6,4
222863720010661,122560652010661,2007,54,4,85,240.0,1.0,1,ROMU,1,ROMU,1,2010-03-01 11:22:09,2012-02-28 07:06:39,6,4
222863721010661,122560652010661,2007,54,4,85,240.0,2.0,1,ROMU,1,ROMU,1,2010-03-01 11:22:09,2012-02-28 07:06:12,6,4
222863717010661,122560652010661,2007,54,4,85,240.0,3.0,1,ELUM,1,ELUM,4,2010-03-01 11:22:09,2012-02-28 07:06:24,6,4
222863719010661,122560652010661,2007,54,4,85,240.0,3.0,1,LYNU,1,LYNU,1,2010-03-01 11:22:09,2012-02-29 11:15:33,6,4
222863722010661,122560652010661,2007,54,4,85,240.0,3.0,1,ROMU,1,ROMU,1,2010-03-01 11:22:09,2012-02-28 07:06:12,6,4
222863718010661,122560652010661,2007,54,4,85,240.0,4.0,1,ELUM,1,ELUM,3,2010-03-01 11:22:09,2012-02-28 07:06:54,6,4
222863723010661,122560652010661,2007,54,4,85,240.0,4.0,1,ROMU,1,ROMU,1,2010-03-01 11:22:09,2012-02-28 07:06:54,6,4
222863356010661,122560562010661,2007,54,4,13,1984.0,3.0,1,ROMU,1,ROMU,1,2010-03-01 11:22:08,2012-02-29 11:15:33,6,4
222863357010661,122560562010661,2007,54,4,13,1984.0,4.0,1,ROMU,1,ROMU,1,2010-03-01 11:22:08,2012-02-28 07:06:12,6,4
222863405010661,122560470010661,2007,54,3,19,2468.0,2.0,1,PATO2,1,PATO2,10,2010-03-01 11:22:08,2012-02-28 07:11:37,6,4
222863407010661,122560470010661,2007,54,3,19,2468.0,2.0,1,ROPS,1,ROPS,5,2010-03-01 11:22:08,2012-02-28 07:11:37,6,4
222863406010661,122560470010661,2007,54,3,19,2468.0,3.0,1,ROMU,1,ROMU,6,2010-03-01 11:22:08,2012-02-28 07:14:40,6,4
222863564010661,122560634010661,2007,54,4,51,2081.0,4.0,2,ROMU,1,ROMU,5,2010-03-01 11:22:08,2012-02-28 07:14:11,6,4
222863324010661,122560432010661,2007,54,2,7,740.0,1.0,1,ELUM,1,ELUM,2,2010-03-01 11:22:08,2012-02-28 07:11:33,6,4
222863325010661,122560432010661,2007,54,2,7,740.0,1.0,1,ROMU,1,ROMU,3,2010-03-01 11:22:08,2012-02-28 07:14:11,6,4
222863326010661,122560432010661,2007,54,2,7,740.0,4.0,1,ROMU,1,ROMU,1,2010-03-01 11:22:08,2012-02-28 07:14:11,6,4
222863614010661,122559906010661,2007,54,2,71,2482.0,2.0,1,ROPS,1,ROPS,2,2010-03-01 11:22:09,2012-02-28 07:11:33,6,4
222863615010661,122559906010661,2007,54,2,71,2482.0,3.0,1,ROPS,1,ROPS,10,2010-03-01 11:22:09,2012-02-28 07:11:33,6,4
222863616010661,122559906010661,2007,54,2,71,2482.0,4.0,1,ROPS,1,ROPS,1,2010-03-01 11:22:09,2012-02-28 07:11:33,6,4
222863638010661,122559956010661,2007,54,2,75,3024.0,4.0,1,MIVI,1,MIVI,18,2010-03-01 11:22:09,2012-02-28 07:13:16,6,4
222863645010661,122560710010661,2007,54,4,79,699.0,1.0,1,ROMU,1,ROMU,1,2010-03-01 11:22:09,2012-02-28 07:13:43,6,4
222863648010661,122560710010661,2007,54,4,79,699.0,1.0,1,ROPS,1,ROPS,5,2010-03-01 11:22:09,2012-02-28 07:14:11,6,4
222863646010661,122560710010661,2007,54,4,79,699.0,2.0,1,ROMU,1,ROMU,1,2010-03-01 11:22:09,2012-02-28 07:13:43,6,4
222863643010661,122560710010661,2007,54,4,79,699.0,3.0,1,AIAL,1,AIAL,1,2010-03-01 11:22:09,2012-02-28 07:14:11,6,4
222863644010661,122560710010661,2007,54,4,79,699.0,3.0,1,MIVI,1,MIVI,17,2010-03-01 11:22:09,2012-02-28 07:13:43,6,4
222863647010661,122560710010661,2007,54,4,79,699.0,3.0,1,ROMU,1,ROMU,1,2010-03-01 11:22:09,2012-02-28 07:13:43,6,4
222863649010661,122560710010661,2007,54,4,79,699.0,3.0,1,ROPS,1,ROPS,8,2010-03-01 11:22:09,2012-02-28 07:14:11,6,4
222863675010661,122560486010661,2007,54,3,81,2058.0,4.0,1,ROMU,1,ROMU,20,2010-03-01 11:22:09,2012-02-28 07:14:40,6,4
222863748010661,122560682010661,2007,54,4,87,275.0,1.0,1,BETH,1,BETH,1,2010-03-01 11:22:09,2012-02-29 11:15:33,6,4
222863751010661,122560682010661,2007,54,4,87,275.0,1.0,1,ELUM,1,ELUM,20,2010-03-01 11:22:09,2012-02-28 07:07:24,6,4
222863755010661,122560682010661,2007,54,4,87,275.0,1.0,1,LOJA,1,LOJA,2,2010-03-01 11:22:09,2012-02-28 07:07:09,6,4
222863756010661,122560682010661,2007,54,4,87,275.0,1.0,1,ROMU,1,ROMU,15,2010-03-01 11:22:09,2012-02-28 07:05:44,6,4
222863747010661,122560682010661,2007,54,4,87,275.0,2.0,1,AIAL,1,AIAL,2,2010-03-01 11:22:09,2012-02-28 07:06:12,6,4
222863752010661,122560682010661,2007,54,4,87,275.0,2.0,1,ELUM,1,ELUM,1,2010-03-01 11:22:09,2012-02-28 07:07:24,6,4
222863757010661,122560682010661,2007,54,4,87,275.0,2.0,1,ROMU,1,ROMU,3,2010-03-01 11:22:09,2012-02-28 07:06:24,6,4
222863749010661,122560682010661,2007,54,4,87,275.0,3.0,1,BETH,1,BETH,1,2010-03-01 11:22:09,2012-02-28 07:06:54,6,4
222863753010661,122560682010661,2007,54,4,87,275.0,3.0,1,ELUM,1,ELUM,7,2010-03-01 11:22:09,2012-02-28 07:06:12,6,4
222863758010661,122560682010661,2007,54,4,87,275.0,3.0,1,ROMU,1,ROMU,10,2010-03-01 11:22:09,2012-02-28 07:07:24,6,4
222863750010661,122560682010661,2007,54,4,87,275.0,4.0,1,BETH,1,BETH,1,2010-03-01 11:22:09,2012-02-28 07:05:58,6,4
222863754010661,122560682010661,2007,54,4,87,275.0,4.0,1,ELUM,1,ELUM,5,2010-03-01 11:22:09,2012-02-28 07:06:54,6,4
222863759010661,122560682010661,2007,54,4,87,275.0,4.0,1,ROMU,1,ROMU,8,2010-03-01 11:22:09,2012-02-28 07:07:24,6,4
222863373010661,122560958010661,2007,54,4,17,986.0,2.0,1,MIVI,1,MIVI,20,2010-03-01 11:22:08,2012-02-28 07:14:42,6,4
222863370010661,122560958010661,2007,54,4,17,986.0,3.0,1,ALPE4,1,ALPE4,10,2010-03-01 11:22:08,2012-02-28 07:13:18,6,4
222863371010661,122560958010661,2007,54,4,17,986.0,4.0,1,ALPE4,1,ALPE4,21,2010-03-01 11:22:08,2012-02-28 07:13:18,6,4
222863368010661,122560958010661,2007,54,4,17,986.0,1.0,1,ALPE4,1,ALPE4,3,2010-03-01 11:22:08,2012-02-28 07:13:18,6,4
222863372010661,122560958010661,2007,54,4,17,986.0,1.0,1,MIVI,1,MIVI,1,2010-03-01 11:22:08,2012-02-28 07:14:42,6,4
222863369010661,122560958010661,2007,54,4,17,986.0,2.0,1,ALPE4,1,ALPE4,8,2010-03-01 11:22:08,2012-02-28 07:13:18,6,4
222863531010661,122560742010661,2007,54,3,45,1562.0,1.0,1,ROPS,1,ROPS,2,2010-03-01 11:22:08,2012-02-28 07:11:36,6,4
222863532010661,122560742010661,2007,54,3,45,1562.0,4.0,1,ROPS,1,ROPS,11,2010-03-01 11:22:08,2012-02-28 07:11:36,6,4
222863345010661,122560886010661,2007,54,4,11,1711.0,1.0,1,AIAL,1,AIAL,20,2010-03-01 11:22:08,2012-02-28 07:07:09,6,4
222863348010661,122560886010661,2007,54,4,11,1711.0,1.0,1,LOJA,1,LOJA,30,2010-03-01 11:22:08,2012-02-28 07:06:39,6,4
222863352010661,122560886010661,2007,54,4,11,1711.0,1.0,1,ROMU,1,ROMU,70,2010-03-01 11:22:08,2012-02-28 07:07:25,6,4
222863354010661,122560886010661,2007,54,4,11,1711.0,1.0,1,ROPS,1,ROPS,60,2010-03-01 11:22:08,2012-02-28 07:07:25,6,4
222863346010661,122560886010661,2007,54,4,11,1711.0,2.0,1,AIAL,1,AIAL,1,2010-03-01 11:22:08,2012-02-28 07:05:58,6,4
222863349010661,122560886010661,2007,54,4,11,1711.0,2.0,1,LOJA,1,LOJA,1,2010-03-01 11:22:08,2012-02-28 07:07:24,6,4
222863353010661,122560886010661,2007,54,4,11,1711.0,2.0,1,ROMU,1,ROMU,45,2010-03-01 11:22:08,2012-02-28 07:06:12,6,4
222863355010661,122560886010661,2007,54,4,11,1711.0,2.0,1,ROPS,1,ROPS,15,2010-03-01 11:22:08,2012-02-28 07:07:25,6,4
222863350010661,122560886010661,2007,54,4,11,1711.0,3.0,3,LOJA,1,LOJA,1,2010-03-01 11:22:08,2012-02-28 07:06:54,6,4
222863347010661,122560886010661,2007,54,4,11,1711.0,4.0,3,AIAL,1,AIAL,1,2010-03-01 11:22:08,2012-02-28 07:07:09,6,4
222863351010661,122560886010661,2007,54,4,11,1711.0,4.0,3,LOJA,1,LOJA,25,2010-03-01 11:22:08,2012-02-28 07:06:54,6,4
222863358010661,122560564010661,2007,54,4,13,1847.0,1.0,1,AIAL,1,AIAL,20,2010-03-01 11:22:08,2012-02-28 07:11:34,6,4
222863364010661,122560564010661,2007,54,4,13,1847.0,1.0,1,ROMU,1,ROMU,15,2010-03-01 11:22:08,2012-02-28 07:12:51,6,4
222863360010661,122560564010661,2007,54,4,13,1847.0,2.0,1,LIVU,1,LIVU,1,2010-03-01 11:22:08,2012-02-28 07:12:23,6,4
222863361010661,122560564010661,2007,54,4,13,1847.0,2.0,1,LOJA,1,LOJA,5,2010-03-01 11:22:08,2012-02-28 07:11:59,6,4
222863362010661,122560564010661,2007,54,4,13,1847.0,2.0,1,MIVI,1,MIVI,5,2010-03-01 11:22:08,2012-02-28 07:11:59,6,4
222863365010661,122560564010661,2007,54,4,13,1847.0,2.0,1,ROMU,1,ROMU,55,2010-03-01 11:22:08,2012-02-28 07:12:51,6,4
222863363010661,122560564010661,2007,54,4,13,1847.0,3.0,2,MIVI,1,MIVI,45,2010-03-01 11:22:08,2012-02-28 07:11:59,6,4
222863366010661,122560564010661,2007,54,4,13,1847.0,3.0,2,ROMU,1,ROMU,2,2010-03-01 11:22:08,2012-02-28 07:12:51,6,4
222863359010661,122560564010661,2007,54,4,13,1847.0,4.0,1,AIAL,1,AIAL,3,2010-03-01 11:22:08,2012-02-28 07:11:34,6,4
222863367010661,122560564010661,2007,54,4,13,1847.0,4.0,1,ROMU,1,ROMU,5,2010-03-01 11:22:08,2012-02-28 07:12:51,6,4
222863431010661,122559797010661,2007,54,2,27,2368.0,1.0,1,ROPS,1,ROPS,1,2010-03-01 11:22:08,2012-02-28 07:13:20,6,4
222863432010661,122559797010661,2007,54,2,27,2368.0,2.0,1,ROPS,1,ROPS,1,2010-03-01 11:22:08,2012-02-28 07:13:20,6,4
222863430010661,122559797010661,2007,54,2,27,2368.0,3.0,1,MIVI,1,MIVI,1,2010-03-01 11:22:08,2012-02-28 07:13:20,6,4
222863433010661,122559797010661,2007,54,2,27,2368.0,3.0,1,ROPS,1,ROPS,2,2010-03-01 11:22:08,2012-02-28 07:13:20,6,4
222863452010661,122559783010661,2007,54,2,31,990.0,1.0,1,AIAL,1,AIAL,2,2010-03-01 11:22:08,2012-02-28 07:14:45,6,4
222863586010661,122560862010661,2007,54,4,53,1601.0,4.0,1,ROMU,1,ROMU,1,2010-03-01 11:22:08,2012-02-29 11:15:30,6,4
222863387010661,122560970010661,2007,54,3,19,802.0,1.0,1,ROPS,1,ROPS,1,2010-03-01 11:22:08,2012-02-28 07:11:58,6,4
222863388010661,122560970010661,2007,54,3,19,802.0,2.0,1,ROPS,1,ROPS,3,2010-03-01 11:22:08,2012-02-28 07:11:58,6,4
222863386010661,122560970010661,2007,54,3,19,802.0,3.0,1,CIVU,1,CIVU,1,2010-03-01 11:22:08,2012-02-28 07:14:40,6,4
222863389010661,122560970010661,2007,54,3,19,802.0,4.0,1,ROPS,1,ROPS,50,2010-03-01 11:22:08,2012-02-28 07:11:58,6,4
222863767010661,122560248010661,2007,54,3,89,2204.0,2.0,1,ROMU,1,ROMU,1,2010-03-01 11:22:09,2012-02-29 11:15:30,6,4
226245101010661,145007277010661,2009,54,2,83,1714.0,1.0,1,ROMU,1,ROMU,2,2010-06-07 14:43:20,2012-02-28 07:15:01,7,1
226245102010661,145007277010661,2009,54,2,83,1714.0,2.0,1,ROMU,1,ROMU,1,2010-06-07 14:43:20,2012-02-28 07:15:01,7,1
226245103010661,145007277010661,2009,54,2,83,1714.0,3.0,2,ROMU,1,ROMU,7,2010-06-07 14:43:20,2012-02-28 07:15:01,7,1
226245104010661,145007277010661,2009,54,2,83,1714.0,4.0,1,ROMU,1,ROMU,1,2010-06-07 14:43:20,2012-02-28 07:15:01,7,1
226245121010661,145007285010661,2009,54,2,71,1068.0,1.0,1,ALPE4,1,ALPE4,1,2010-06-07 14:43:20,2012-02-28 07:11:44,7,1
226245124010661,145007285010661,2009,54,2,71,1068.0,1.0,1,ROPS,1,ROPS,3,2010-06-07 14:43:20,2012-02-28 07:12:36,7,1
226245122010661,145007285010661,2009,54,2,71,1068.0,2.0,1,ALPE4,1,ALPE4,9,2010-06-07 14:43:20,2012-02-28 07:11:44,7,1
226245123010661,145007285010661,2009,54,2,71,1068.0,2.0,1,HEMA3,1,HEMA3,1,2010-06-07 14:43:20,2012-02-28 07:13:30,7,1
226245039010661,145007247010661,2009,54,2,57,1734.0,2.0,1,ROMU,1,ROMU,1,2010-06-07 14:43:18,2012-02-28 07:13:56,7,1
152864793020004,145007229010661,2009,54,2,31,2183.0,2.0,2,ROPS,1,ROPS,1,2012-12-07 10:11:49,,7,1
152864520020004,145007229010661,2009,54,2,31,2183.0,4.0,1,ALPE4,1,ALPE4,13,2012-12-07 10:11:47,,7,1
152864521020004,145007229010661,2009,54,2,31,2183.0,1.0,1,ALPE4,1,ALPE4,1,2012-12-07 10:11:47,,7,1
152864522020004,145007229010661,2009,54,2,31,2183.0,4.0,1,MIVI,1,MIVI,85,2012-12-07 10:11:47,,7,1
152864523020004,145007229010661,2009,54,2,31,2183.0,3.0,1,MIVI,1,MIVI,3,2012-12-07 10:11:47,,7,1
152864524020004,145007229010661,2009,54,2,31,2183.0,2.0,2,MIVI,1,MIVI,3,2012-12-07 10:11:47,,7,1
152864525020004,145007229010661,2009,54,2,31,2183.0,1.0,1,MIVI,1,MIVI,1,2012-12-07 10:11:47,,7,1
226244310010661,145007587010661,2009,54,3,19,338.0,2.0,1,MIVI,1,MIVI,1,2010-06-07 14:43:02,2012-02-28 07:14:24,7,1
226244311010661,145007587010661,2009,54,3,19,338.0,3.0,1,MIVI,1,MIVI,5,2010-06-07 14:43:02,2012-02-28 07:14:24,7,1
226244312010661,145007587010661,2009,54,3,19,338.0,4.0,1,MIVI,1,MIVI,1,2010-06-07 14:43:02,2012-02-28 07:14:24,7,1
226245145010661,145007295010661,2009,54,3,25,1561.0,1.0,1,ROPS,1,ROPS,5,2010-06-07 14:43:21,2012-02-28 07:13:02,7,1
226244970010661,145007219010661,2009,54,2,31,295.0,1.0,1,MIVI,1,MIVI,95,2010-06-07 14:43:17,2012-02-28 07:13:02,7,1
226244975010661,145007219010661,2009,54,2,31,295.0,1.0,1,ROPS,1,ROPS,33,2010-06-07 14:43:17,2012-02-28 07:12:09,7,1
226244971010661,145007219010661,2009,54,2,31,295.0,2.0,1,MIVI,1,MIVI,87,2010-06-07 14:43:17,2012-02-28 07:13:02,7,1
226244976010661,145007219010661,2009,54,2,31,295.0,2.0,1,ROPS,1,ROPS,20,2010-06-07 14:43:17,2012-02-28 07:12:09,7,1
226244969010661,145007219010661,2009,54,2,31,295.0,3.0,1,AIAL,1,AIAL,1,2010-06-07 14:43:17,2012-02-28 07:11:44,7,1
226244972010661,145007219010661,2009,54,2,31,295.0,3.0,1,MIVI,1,MIVI,65,2010-06-07 14:43:17,2012-02-28 07:13:02,7,1
226244974010661,145007219010661,2009,54,2,31,295.0,3.0,1,ROMU,1,ROMU,1,2010-06-07 14:43:17,2012-02-28 07:11:44,7,1
226244977010661,145007219010661,2009,54,2,31,295.0,3.0,1,ROPS,1,ROPS,3,2010-06-07 14:43:17,2012-02-28 07:12:09,7,1
226244973010661,145007219010661,2009,54,2,31,295.0,4.0,1,MIVI,1,MIVI,15,2010-06-07 14:43:17,2012-02-28 07:13:02,7,1
226244978010661,145007219010661,2009,54,2,31,295.0,4.0,1,ROPS,1,ROPS,27,2010-06-07 14:43:17,2012-02-28 07:12:09,7,1
152864927020004,145007681010661,2009,54,2,7,1499.0,4.0,1,ROMU,1,ROMU,8,2012-12-07 10:11:50,,7,1
152864928020004,145007681010661,2009,54,2,7,1499.0,3.0,1,ROMU,1,ROMU,11,2012-12-07 10:11:50,,7,1
152864929020004,145007681010661,2009,54,2,7,1499.0,2.0,1,ROMU,1,ROMU,16,2012-12-07 10:11:50,,7,1
152864930020004,145007681010661,2009,54,2,7,1499.0,1.0,1,ROMU,1,ROMU,25,2012-12-07 10:11:50,,7,1
152864931020004,145007681010661,2009,54,2,7,1499.0,1.0,1,BETH,1,BETH,1,2012-12-07 10:11:50,,7,1
152864932020004,145007681010661,2009,54,2,7,1499.0,4.0,1,ELUM,1,ELUM,1,2012-12-07 10:11:50,,7,1
152864933020004,145007681010661,2009,54,2,7,1499.0,3.0,1,ELUM,1,ELUM,2,2012-12-07 10:11:50,,7,1
152864934020004,145007681010661,2009,54,2,7,1499.0,2.0,1,ELUM,1,ELUM,19,2012-12-07 10:11:50,,7,1
152864935020004,145007681010661,2009,54,2,7,1499.0,4.0,1,LOJA,1,LOJA,1,2012-12-07 10:11:50,,7,1
152864936020004,145007681010661,2009,54,2,7,1499.0,2.0,1,LOJA,1,LOJA,1,2012-12-07 10:11:50,,7,1
152864937020004,145007681010661,2009,54,2,7,1499.0,1.0,1,LOJA,1,LOJA,1,2012-12-07 10:11:50,,7,1
152864938020004,145007681010661,2009,54,2,7,1499.0,1.0,1,LOMO2,1,LOMO2,1,2012-12-07 10:11:50,,7,1
152864794020004,145007335010661,2009,54,2,75,1492.0,2.0,1,LONIC,1,LONIC,1,2012-12-07 10:11:49,,7,1
152864795020004,145007335010661,2009,54,2,75,1492.0,1.0,1,LONIC,1,LONIC,1,2012-12-07 10:11:49,,7,1
152864796020004,145007335010661,2009,54,2,75,1492.0,1.0,1,ROMU,1,ROMU,1,2012-12-07 10:11:49,,7,1
152864797020004,145007335010661,2009,54,2,75,1492.0,4.0,1,BETH,1,BETH,2,2012-12-07 10:11:49,,7,1
152864798020004,145007335010661,2009,54,2,75,1492.0,3.0,1,BETH,1,BETH,6,2012-12-07 10:11:49,,7,1
152864799020004,145007335010661,2009,54,2,75,1492.0,2.0,1,BETH,1,BETH,25,2012-12-07 10:11:49,,7,1
152864800020004,145007335010661,2009,54,2,75,1492.0,1.0,1,BETH,1,BETH,12,2012-12-07 10:11:49,,7,1
226243132010661,145007909010661,2009,54,3,5,2003.0,1.0,1,LIVU,1,LIVU,1,2010-06-07 14:42:31,2012-02-28 07:13:02,7,1
226243133010661,145007909010661,2009,54,3,5,2003.0,1.0,1,LOJA,1,LOJA,1,2010-06-07 14:42:31,2012-02-28 07:14:55,7,1
226243134010661,145007909010661,2009,54,3,5,2003.0,1.0,1,MIVI,1,MIVI,50,2010-06-07 14:42:31,2012-02-28 07:13:56,7,1
226243136010661,145007909010661,2009,54,3,5,2003.0,1.0,1,ROMU,1,ROMU,1,2010-06-07 14:42:31,2012-02-28 07:12:09,7,1
226243135010661,145007909010661,2009,54,3,5,2003.0,4.0,1,MIVI,1,MIVI,10,2010-06-07 14:42:31,2012-02-28 07:13:56,7,1
226242859010661,145007809010661,2009,54,3,39,110.0,2.0,1,ROPS,1,ROPS,7,2010-06-07 14:42:24,2012-02-28 07:12:09,7,1
226242860010661,145007809010661,2009,54,3,39,110.0,3.0,1,ROPS,1,ROPS,5,2010-06-07 14:42:24,2012-02-28 07:12:09,7,1
226242858010661,145007809010661,2009,54,3,39,110.0,4.0,1,AIAL,1,AIAL,1,2010-06-07 14:42:24,2012-02-28 07:13:02,7,1
226244122010661,145007499010661,2009,54,3,89,844.0,1.0,1,ROMU,1,ROMU,2,2010-06-07 14:42:57,2012-02-28 07:13:30,7,1
226244121010661,145007499010661,2009,54,3,89,844.0,2.0,1,MIVI,1,MIVI,5,2010-06-07 14:42:57,2012-02-28 07:13:02,7,1
226244123010661,145007499010661,2009,54,3,89,844.0,2.0,1,ROMU,1,ROMU,5,2010-06-07 14:42:57,2012-02-28 07:13:30,7,1
226244118010661,145007499010661,2009,54,3,89,844.0,3.0,1,ELUM,1,ELUM,1,2010-06-07 14:42:57,2012-02-28 07:13:30,7,1
226244119010661,145007499010661,2009,54,3,89,844.0,3.0,1,LOMO2,1,LOMO2,1,2010-06-07 14:42:57,2012-02-28 07:11:44,7,1
226244124010661,145007499010661,2009,54,3,89,844.0,3.0,1,ROMU,1,ROMU,1,2010-06-07 14:42:57,2012-02-28 07:13:30,7,1
234803360010661,145007499010661,2009,54,3,89,844.0,3.0,2,ELUM,1,ELUM,1,2010-06-07 14:42:57,2012-02-28 07:13:30,7,1
234803361010661,145007499010661,2009,54,3,89,844.0,3.0,2,LOMO2,1,LOMO2,3,2010-06-07 14:42:57,2012-02-28 07:11:44,7,1
234803362010661,145007499010661,2009,54,3,89,844.0,3.0,2,ROMU,1,ROMU,14,2010-06-07 14:42:57,2012-02-28 07:13:30,7,1
226244120010661,145007499010661,2009,54,3,89,844.0,4.0,1,LOMO2,1,LOMO2,1,2010-06-07 14:42:57,2012-02-28 07:11:44,7,1
226244125010661,145007499010661,2009,54,3,89,844.0,4.0,1,ROMU,1,ROMU,1,2010-06-07 14:42:57,2012-02-28 07:13:30,7,1
226243698010661,145008161010661,2009,54,4,11,2086.0,4.0,2,ELUM,1,ELUM,10,2010-06-07 14:42:47,2012-02-28 07:13:02,7,1
226243699010661,145008161010661,2009,54,4,11,2086.0,4.0,2,LOJA,1,LOJA,5,2010-06-07 14:42:47,2012-02-28 07:14:55,7,1
226243700010661,145008161010661,2009,54,4,11,2086.0,4.0,2,MIVI,1,MIVI,20,2010-06-07 14:42:47,2012-02-28 07:13:02,7,1
226243701010661,145008161010661,2009,54,4,11,2086.0,4.0,2,ROMU,1,ROMU,15,2010-06-07 14:42:47,2012-02-28 07:12:36,7,1
226243702010661,145008161010661,2009,54,4,11,2086.0,4.0,2,ROPS,1,ROPS,30,2010-06-07 14:42:47,2012-02-28 07:13:56,7,1
226244730010661,145007759010661,2009,54,4,51,1689.0,3.0,1,ROMU,1,ROMU,7,2010-06-07 14:43:11,2012-02-28 07:12:36,7,1
226244724010661,145007759010661,2009,54,4,51,1689.0,4.0,1,AIAL,1,AIAL,12,2010-06-07 14:43:11,2012-02-28 07:14:29,7,1
226244725010661,145007759010661,2009,54,4,51,1689.0,4.0,1,LOMA6,1,LOMA6,1,2010-06-07 14:43:11,2012-02-28 07:13:06,7,1
226244727010661,145007759010661,2009,54,4,51,1689.0,4.0,1,MIVI,1,MIVI,1,2010-06-07 14:43:11,2012-02-28 07:12:09,7,1
226244731010661,145007759010661,2009,54,4,51,1689.0,4.0,1,ROMU,1,ROMU,3,2010-06-07 14:43:11,2012-02-28 07:12:36,7,1
226244728010661,145007759010661,2009,54,4,51,1689.0,1.0,1,ROMU,1,ROMU,18,2010-06-07 14:43:11,2012-02-28 07:12:36,7,1
226244729010661,145007759010661,2009,54,4,51,1689.0,2.0,1,ROMU,1,ROMU,3,2010-06-07 14:43:11,2012-02-28 07:12:36,7,1
226244732010661,145007759010661,2009,54,4,51,1689.0,2.0,1,ROPS,1,ROPS,1,2010-06-07 14:43:11,2012-02-28 07:12:09,7,1
222863548010661,122560618010661,2007,54,3,47,981.0,3.0,1,ROPS,1,ROPS,10,2010-03-01 11:22:08,2012-02-28 07:14:13,6,4
222863546010661,122560618010661,2007,54,3,47,981.0,4.0,1,ROMU,1,ROMU,3,2010-03-01 11:22:08,2012-02-28 07:12:51,6,4
222863332010661,122560878010661,2007,54,4,11,1840.0,1.0,1,ROMU,1,ROMU,2,2010-03-01 11:22:08,2012-02-28 07:14:13,6,4
222863333010661,122560878010661,2007,54,4,11,1840.0,2.0,1,ROMU,1,ROMU,2,2010-03-01 11:22:08,2012-02-28 07:14:13,6,4
222863334010661,122560878010661,2007,54,4,11,1840.0,4.0,1,ROMU,1,ROMU,2,2010-03-01 11:22:08,2012-02-28 07:14:13,6,4
222863416010661,122560426010661,2007,54,4,21,718.0,1.0,1,MIVI,1,MIVI,2,2010-03-01 11:22:08,2012-02-28 07:13:45,6,4
222863417010661,122560426010661,2007,54,4,21,718.0,2.0,1,ROMU,1,ROMU,1,2010-03-01 11:22:08,2012-02-28 07:14:42,6,4
222863450010661,122561028010661,2007,54,2,31,96.0,1.0,2,ROPS,1,ROPS,4,2010-03-01 11:22:08,2012-02-28 07:11:59,6,4
222863448010661,122561028010661,2007,54,2,31,96.0,3.0,2,ALPE4,1,ALPE4,5,2010-03-01 11:22:08,2012-02-28 07:14:42,6,4
222863449010661,122561028010661,2007,54,2,31,96.0,4.0,2,ALPE4,1,ALPE4,3,2010-03-01 11:22:08,2012-02-28 07:14:42,6,4
222863451010661,122561028010661,2007,54,2,31,96.0,4.0,2,ROPS,1,ROPS,3,2010-03-01 11:22:08,2012-02-28 07:11:59,6,4
222863551010661,122560278010661,2007,54,4,49,1524.0,1.0,1,BETH,1,BETH,1,2010-03-01 11:22:08,2012-02-29 11:15:33,6,4
222863558010661,122560278010661,2007,54,4,49,1524.0,1.0,1,ROMU,1,ROMU,15,2010-03-01 11:22:08,2012-02-28 07:06:24,6,4
222863555010661,122560278010661,2007,54,4,49,1524.0,2.0,1,LOJA,1,LOJA,1,2010-03-01 11:22:08,2012-02-29 11:15:30,6,4
222863559010661,122560278010661,2007,54,4,49,1524.0,2.0,1,ROMU,1,ROMU,10,2010-03-01 11:22:08,2012-02-28 07:06:12,6,4
222863562010661,122560278010661,2007,54,4,49,1524.0,2.0,1,ROPS,1,ROPS,12,2010-03-01 11:22:08,2012-02-28 07:07:24,6,4
222863552010661,122560278010661,2007,54,4,49,1524.0,3.0,1,BETH,1,BETH,1,2010-03-01 11:22:08,2012-02-28 07:07:08,6,4
222863553010661,122560278010661,2007,54,4,49,1524.0,3.0,1,ELUM,1,ELUM,3,2010-03-01 11:22:08,2012-02-28 07:06:24,6,4
222863556010661,122560278010661,2007,54,4,49,1524.0,3.0,1,LOMO2,1,LOMO2,1,2010-03-01 11:22:08,2012-02-28 07:05:58,6,4
222863557010661,122560278010661,2007,54,4,49,1524.0,3.0,1,PHAR3,1,PHAR3,10,2010-03-01 11:22:08,2012-02-28 07:06:39,6,4
1696446671290487,1192972508290487,2023,54,2,27,1971.0,1.0,1,LOMO2,1,LOMO2,1,2024-12-02 11:26:51,,9,3
1696446672290487,1192972508290487,2023,54,2,27,1971.0,3.0,1,LOMO2,1,LOMO2,1,2024-12-02 11:26:51,,9,3
1696446673290487,1192972508290487,2023,54,2,27,1971.0,1.0,1,MIVI,1,MIVI,80,2024-12-02 11:26:51,,9,3
1696446674290487,1192972508290487,2023,54,2,27,1971.0,2.0,1,MIVI,1,MIVI,55,2024-12-02 11:26:51,,9,3
1696446675290487,1192972508290487,2023,54,2,27,1971.0,3.0,1,MIVI,1,MIVI,80,2024-12-02 11:26:51,,9,3
1696446676290487,1192972508290487,2023,54,2,27,1971.0,4.0,1,MIVI,1,MIVI,10,2024-12-02 11:26:51,,9,3
1696446677290487,1192972508290487,2023,54,2,27,1971.0,1.0,1,ROMU,1,ROMU,6,2024-12-02 11:26:51,,9,3
1696446678290487,1192972508290487,2023,54,2,27,1971.0,2.0,1,ROMU,1,ROMU,15,2024-12-02 11:26:51,,9,3
1696446679290487,1192972508290487,2023,54,2,27,1971.0,3.0,1,ROMU,1,ROMU,1,2024-12-02 11:26:51,,9,3
1696446680290487,1192972508290487,2023,54,2,27,1971.0,4.0,1,ROMU,1,ROMU,1,2024-12-02 11:26:51,,9,3
1696446882290487,1192972236290487,2023,54,2,83,237.0,2.0,1,ROMU,1,ROMU,1,2024-12-02 11:26:53,,9,3
1696446883290487,1192972236290487,2023,54,2,83,237.0,3.0,1,ROMU,1,ROMU,1,2024-12-02 11:26:53,,9,3
1696446884290487,1192972236290487,2023,54,2,83,237.0,1.0,1,ROPS,1,ROPS,20,2024-12-02 11:26:53,,9,3
1696446885290487,1192972236290487,2023,54,2,83,237.0,2.0,1,ROPS,1,ROPS,5,2024-12-02 11:26:53,,9,3
1696446886290487,1192972236290487,2023,54,2,83,237.0,3.0,1,ROPS,1,ROPS,12,2024-12-02 11:26:53,,9,3
1696446887290487,1192972236290487,2023,54,2,83,237.0,4.0,1,ROPS,1,ROPS,1,2024-12-02 11:26:53,,9,3
1696447143290487,1192972490290487,2023,54,2,7,1364.0,1.0,1,ELUM,1,ELUM,1,2024-12-02 11:26:54,,9,3
1696447144290487,1192972490290487,2023,54,2,7,1364.0,4.0,1,ELUM,1,ELUM,2,2024-12-02 11:26:54,,9,3
1696447145290487,1192972490290487,2023,54,2,7,1364.0,1.0,1,MIVI,1,MIVI,13,2024-12-02 11:26:54,,9,3
1696447146290487,1192972490290487,2023,54,2,7,1364.0,2.0,1,MIVI,1,MIVI,1,2024-12-02 11:26:54,,9,3
1696447147290487,1192972490290487,2023,54,2,7,1364.0,4.0,1,MIVI,1,MIVI,2,2024-12-02 11:26:54,,9,3
1696447148290487,1192972490290487,2023,54,2,7,1364.0,1.0,1,ROMU,1,ROMU,1,2024-12-02 11:26:54,,9,3
1696447149290487,1192972490290487,2023,54,2,7,1364.0,3.0,1,ROMU,1,ROMU,1,2024-12-02 11:26:54,,9,3
1696447150290487,1192972490290487,2023,54,2,7,1364.0,4.0,1,ROMU,1,ROMU,1,2024-12-02 11:26:54,,9,3
1696447151290487,1192972490290487,2023,54,2,7,1364.0,1.0,1,ROPS,1,ROPS,1,2024-12-02 11:26:54,,9,3
1696447152290487,1192972490290487,2023,54,2,7,1364.0,4.0,1,ROPS,1,ROPS,1,2024-12-02 11:26:54,,9,3
1696447153290487,1192972490290487,2023,54,2,7,1364.0,1.0,1,SPJA,1,SPJA,1,2024-12-02 11:26:54,,9,3
1696447154290487,1192972490290487,2023,54,2,7,1364.0,4.0,1,SPJA,1,SPJA,1,2024-12-02 11:26:54,,9,3
1696447330290487,1192972517290487,2023,54,2,27,602.0,1.0,1,AIAL,1,AIAL,15,2024-12-02 11:26:54,,9,3
1696447331290487,1192972517290487,2023,54,2,27,602.0,2.0,1,BETH,1,BETH,3,2024-12-02 11:26:54,,9,3
1696447332290487,1192972517290487,2023,54,2,27,602.0,1.0,1,MIVI,1,MIVI,1,2024-12-02 11:26:54,,9,3
1696447333290487,1192972517290487,2023,54,2,27,602.0,2.0,1,MIVI,1,MIVI,1,2024-12-02 11:26:54,,9,3
1696447334290487,1192972517290487,2023,54,2,27,602.0,2.0,1,ROPS,1,ROPS,1,2024-12-02 11:26:54,,9,3
1696448390290487,1192972172290487,2023,54,3,81,1604.0,4.0,3,AIAL,1,AIAL,6,2024-12-02 11:27:00,,9,3
1696448391290487,1192972172290487,2023,54,3,81,1604.0,4.0,3,LOJA,1,LOJA,1,2024-12-02 11:27:00,,9,3
1696448392290487,1192972172290487,2023,54,3,81,1604.0,4.0,3,ROMU,1,ROMU,2,2024-12-02 11:27:00,,9,3
1696451100290487,1192972362290487,2023,54,4,73,1771.0,2.0,2,ELUM,1,ELUM,5,2024-12-02 11:27:11,,9,3
1696451101290487,1192972362290487,2023,54,4,73,1771.0,2.0,2,LOJA,1,LOJA,45,2024-12-02 11:27:11,,9,3
1696451102290487,1192972362290487,2023,54,4,73,1771.0,2.0,2,LONIC,1,LONIC,10,2024-12-02 11:27:11,,9,3
1696451103290487,1192972362290487,2023,54,4,73,1771.0,2.0,2,MIVI,1,MIVI,25,2024-12-02 11:27:11,,9,3
1696451104290487,1192972362290487,2023,54,4,73,1771.0,2.0,2,ROMU,1,ROMU,15,2024-12-02 11:27:11,,9,3
1696451105290487,1192972362290487,2023,54,4,73,1771.0,2.0,2,ROPS,1,ROPS,40,2024-12-02 11:27:11,,9,3
1696451229290487,1192972467290487,2023,54,2,1,2429.0,3.0,2,ALPE4,1,ALPE4,2,2024-12-02 11:27:12,,9,3
1696451230290487,1192972467290487,2023,54,2,1,2429.0,3.0,2,ELUM,1,ELUM,1,2024-12-02 11:27:12,,9,3
1696451231290487,1192972467290487,2023,54,2,1,2429.0,3.0,2,MIVI,1,MIVI,22,2024-12-02 11:27:12,,9,3
1696451232290487,1192972467290487,2023,54,2,1,2429.0,3.0,2,ROMU,1,ROMU,1,2024-12-02 11:27:12,,9,3
1696448531290487,1192972480290487,2023,54,2,83,1282.0,3.0,1,ROPS,1,ROPS,5,2024-12-02 11:27:02,,9,3
1696447711290487,1192972498290487,2023,54,2,93,1099.0,1.0,1,AIAL,1,AIAL,8,2024-12-02 11:26:57,,9,3
1696447712290487,1192972498290487,2023,54,2,93,1099.0,4.0,1,AIAL,1,AIAL,40,2024-12-02 11:26:57,,9,3
1696447713290487,1192972498290487,2023,54,2,93,1099.0,4.0,1,BETH,1,BETH,1,2024-12-02 11:26:57,,9,3
1696447714290487,1192972498290487,2023,54,2,93,1099.0,4.0,1,ELUM,1,ELUM,1,2024-12-02 11:26:57,,9,3
1696447715290487,1192972498290487,2023,54,2,93,1099.0,1.0,1,MIVI,1,MIVI,27,2024-12-02 11:26:57,,9,3
1696447716290487,1192972498290487,2023,54,2,93,1099.0,2.0,1,MIVI,1,MIVI,5,2024-12-02 11:26:57,,9,3
1696447717290487,1192972498290487,2023,54,2,93,1099.0,3.0,2,MIVI,1,MIVI,1,2024-12-02 11:26:57,,9,3
1696447718290487,1192972498290487,2023,54,2,93,1099.0,4.0,1,MIVI,1,MIVI,35,2024-12-02 11:26:57,,9,3
1696447719290487,1192972498290487,2023,54,2,93,1099.0,1.0,1,POCU6,1,POCU6,1,2024-12-02 11:26:57,,9,3
1696447720290487,1192972498290487,2023,54,2,93,1099.0,2.0,1,POCU6,1,POCU6,80,2024-12-02 11:26:57,,9,3
1696447721290487,1192972498290487,2023,54,2,93,1099.0,1.0,1,ROMU,1,ROMU,3,2024-12-02 11:26:57,,9,3
1696447722290487,1192972498290487,2023,54,2,93,1099.0,2.0,1,ROMU,1,ROMU,4,2024-12-02 11:26:57,,9,3
1696447723290487,1192972498290487,2023,54,2,93,1099.0,4.0,1,ROMU,1,ROMU,12,2024-12-02 11:26:57,,9,3
1696447724290487,1192972498290487,2023,54,2,93,1099.0,2.0,1,SPJA,1,SPJA,4,2024-12-02 11:26:57,,9,3
1696448065290487,1192972206290487,2023,54,3,15,1378.0,4.0,1,ELUM,1,ELUM,3,2024-12-02 11:26:58,,9,3
1696448066290487,1192972206290487,2023,54,3,15,1378.0,1.0,1,MIVI,1,MIVI,50,2024-12-02 11:26:58,,9,3
1696448067290487,1192972206290487,2023,54,3,15,1378.0,3.0,1,MIVI,1,MIVI,5,2024-12-02 11:26:58,,9,3
1696448068290487,1192972206290487,2023,54,3,15,1378.0,4.0,1,MIVI,1,MIVI,65,2024-12-02 11:26:58,,9,3
1696448069290487,1192972206290487,2023,54,3,15,1378.0,1.0,1,ROMU,1,ROMU,5,2024-12-02 11:26:58,,9,3
1696448070290487,1192972206290487,2023,54,3,15,1378.0,3.0,1,ROMU,1,ROMU,2,2024-12-02 11:26:58,,9,3
1696448071290487,1192972206290487,2023,54,3,15,1378.0,4.0,1,ROMU,1,ROMU,5,2024-12-02 11:26:58,,9,3
1841462721290487,1287838379290487,2024,54,3,89,2122.0,1.0,1,ELUM,1,ELUM,1,2025-04-21 10:30:22,,9,4
1841462722290487,1287838379290487,2024,54,3,89,2122.0,2.0,1,ELUM,1,ELUM,1,2025-04-21 10:30:22,,9,4
1841462723290487,1287838379290487,2024,54,3,89,2122.0,3.0,1,ELUM,1,ELUM,15,2025-04-21 10:30:22,,9,4
1841462724290487,1287838379290487,2024,54,3,89,2122.0,4.0,1,ELUM,1,ELUM,2,2025-04-21 10:30:22,,9,4
1841462725290487,1287838379290487,2024,54,3,89,2122.0,1.0,1,LIVU,1,LIVU,1,2025-04-21 10:30:22,,9,4
1841462726290487,1287838379290487,2024,54,3,89,2122.0,4.0,1,LIVU,1,LIVU,2,2025-04-21 10:30:22,,9,4
1841462727290487,1287838379290487,2024,54,3,89,2122.0,1.0,1,LOJA,1,LOJA,1,2025-04-21 10:30:22,,9,4
1841462728290487,1287838379290487,2024,54,3,89,2122.0,2.0,1,LOJA,1,LOJA,1,2025-04-21 10:30:22,,9,4
1841462729290487,1287838379290487,2024,54,3,89,2122.0,4.0,1,LOJA,1,LOJA,5,2025-04-21 10:30:22,,9,4
1841462730290487,1287838379290487,2024,54,3,89,2122.0,1.0,1,ROMU,1,ROMU,3,2025-04-21 10:30:22,,9,4
1841462731290487,1287838379290487,2024,54,3,89,2122.0,2.0,1,ROMU,1,ROMU,1,2025-04-21 10:30:22,,9,4
1841462732290487,1287838379290487,2024,54,3,89,2122.0,3.0,1,ROMU,1,ROMU,10,2025-04-21 10:30:22,,9,4
1841462733290487,1287838379290487,2024,54,3,89,2122.0,4.0,1,ROMU,1,ROMU,30,2025-04-21 10:30:22,,9,4
1841463047290487,1287838443290487,2024,54,2,27,370.0,3.0,1,CEOR7,1,CEOR7,7,2025-04-21 10:30:23,,9,4
1841463048290487,1287838443290487,2024,54,2,27,370.0,4.0,1,CEOR7,1,CEOR7,7,2025-04-21 10:30:23,,9,4
1841463049290487,1287838443290487,2024,54,2,27,370.0,4.0,1,ROMU,1,ROMU,3,2025-04-21 10:30:23,,9,4
1841463279290487,1287838634290487,2024,54,3,67,2129.0,2.0,1,LONIC,1,LONIC,1,2025-04-21 10:30:24,,9,4
1841463280290487,1287838634290487,2024,54,3,67,2129.0,4.0,1,MIVI,1,MIVI,1,2025-04-21 10:30:24,,9,4
1841463281290487,1287838634290487,2024,54,3,67,2129.0,2.0,1,ROMU,1,ROMU,1,2025-04-21 10:30:24,,9,4
1841465788290487,1287838549290487,2024,54,3,59,2252.0,1.0,1,LOJA,1,LOJA,1,2025-04-21 10:30:32,,9,4
1841465789290487,1287838549290487,2024,54,3,59,2252.0,2.0,1,LOJA,1,LOJA,3,2025-04-21 10:30:32,,9,4
1841465790290487,1287838549290487,2024,54,3,59,2252.0,1.0,1,MIVI,1,MIVI,2,2025-04-21 10:30:32,,9,4
1841465791290487,1287838549290487,2024,54,3,59,2252.0,2.0,1,MIVI,1,MIVI,5,2025-04-21 10:30:32,,9,4
1841465792290487,1287838549290487,2024,54,3,59,2252.0,3.0,1,MIVI,1,MIVI,4,2025-04-21 10:30:32,,9,4
1841465793290487,1287838549290487,2024,54,3,59,2252.0,4.0,1,MIVI,1,MIVI,1,2025-04-21 10:30:32,,9,4
1841465794290487,1287838549290487,2024,54,3,59,2252.0,4.0,1,PATO2,1,PATO2,4,2025-04-21 10:30:32,,9,4
1841465938290487,1287838567290487,2024,54,4,35,759.0,1.0,1,ELUM,1,ELUM,1,2025-04-21 10:30:33,,9,4
1841465939290487,1287838567290487,2024,54,4,35,759.0,1.0,1,MIVI,1,MIVI,3,2025-04-21 10:30:33,,9,4
1841465940290487,1287838567290487,2024,54,4,35,759.0,2.0,1,MIVI,1,MIVI,3,2025-04-21 10:30:33,,9,4
1841465941290487,1287838567290487,2024,54,4,35,759.0,3.0,1,MIVI,1,MIVI,4,2025-04-21 10:30:33,,9,4
1841465942290487,1287838567290487,2024,54,4,35,759.0,4.0,1,MIVI,1,MIVI,4,2025-04-21 10:30:33,,9,4
1841465943290487,1287838567290487,2024,54,4,35,759.0,3.0,1,ROMU,1,ROMU,1,2025-04-21 10:30:33,,9,4
1841466112290487,1287838581290487,2024,54,4,99,56.0,4.0,1,AIAL,1,AIAL,18,2025-04-21 10:30:33,,9,4
1841466113290487,1287838581290487,2024,54,4,99,56.0,2.0,1,LOJA,1,LOJA,1,2025-04-21 10:30:33,,9,4
1841466114290487,1287838581290487,2024,54,4,99,56.0,1.0,1,MIVI,1,MIVI,20,2025-04-21 10:30:33,,9,4
1841466115290487,1287838581290487,2024,54,4,99,56.0,2.0,1,MIVI,1,MIVI,25,2025-04-21 10:30:33,,9,4
1841466116290487,1287838581290487,2024,54,4,99,56.0,3.0,1,MIVI,1,MIVI,1,2025-04-21 10:30:33,,9,4
1841466117290487,1287838581290487,2024,54,4,99,56.0,4.0,1,MIVI,1,MIVI,20,2025-04-21 10:30:33,,9,4
1841466118290487,1287838581290487,2024,54,4,99,56.0,1.0,1,ROMU,1,ROMU,1,2025-04-21 10:30:33,,9,4
1841466119290487,1287838581290487,2024,54,4,99,56.0,2.0,1,ROMU,1,ROMU,2,2025-04-21 10:30:33,,9,4
1841466120290487,1287838581290487,2024,54,4,99,56.0,4.0,1,ROMU,1,ROMU,5,2025-04-21 10:30:33,,9,4
1841463493290487,1287838349290487,2024,54,2,33,3590.0,3.0,1,AIAL,1,AIAL,2,2025-04-21 10:30:25,,9,4
1841463494290487,1287838349290487,2024,54,2,33,3590.0,1.0,1,BETH,1,BETH,2,2025-04-21 10:30:25,,9,4
1841463495290487,1287838349290487,2024,54,2,33,3590.0,2.0,1,BETH,1,BETH,1,2025-04-21 10:30:25,,9,4
1841463496290487,1287838349290487,2024,54,2,33,3590.0,3.0,1,BETH,1,BETH,3,2025-04-21 10:30:25,,9,4
1841463497290487,1287838349290487,2024,54,2,33,3590.0,4.0,1,BETH,1,BETH,4,2025-04-21 10:30:25,,9,4
1841463498290487,1287838349290487,2024,54,2,33,3590.0,1.0,1,CEOR7,1,CEOR7,3,2025-04-21 10:30:25,,9,4
1841463499290487,1287838349290487,2024,54,2,33,3590.0,2.0,1,CEOR7,1,CEOR7,3,2025-04-21 10:30:25,,9,4
1841463500290487,1287838349290487,2024,54,2,33,3590.0,3.0,1,CEOR7,1,CEOR7,2,2025-04-21 10:30:25,,9,4
468228526489998,306336099489998,2016,54,4,51,1731.0,4.0,2,ROMU,1,ROMU,35,2017-05-01 11:19:04,,8,3
468228582489998,306336126489998,2016,54,4,13,454.0,1.0,1,ELUM,1,ELUM,60,2017-05-01 11:19:05,,8,3
468228583489998,306336126489998,2016,54,4,13,454.0,4.0,1,ELUM,1,ELUM,2,2017-05-01 11:19:05,,8,3
468228584489998,306336126489998,2016,54,4,13,454.0,1.0,1,LONIC,1,LONIC,26,2017-05-01 11:19:05,,8,3
468228585489998,306336126489998,2016,54,4,13,454.0,4.0,1,LONIC,1,LONIC,2,2017-05-01 11:19:05,,8,3
468228586489998,306336126489998,2016,54,4,13,454.0,1.0,1,ROMU,1,ROMU,20,2017-05-01 11:19:05,,8,3
468228587489998,306336126489998,2016,54,4,13,454.0,4.0,1,ROMU,1,ROMU,2,2017-05-01 11:19:05,,8,3
468228679489998,306336162489998,2016,54,4,107,1124.0,1.0,1,AIAL,1,AIAL,15,2017-05-01 11:19:06,,8,3
468228680489998,306336162489998,2016,54,4,107,1124.0,4.0,1,AIAL,1,AIAL,4,2017-05-01 11:19:06,,8,3
468228681489998,306336162489998,2016,54,4,107,1124.0,3.0,1,BETH,1,BETH,1,2017-05-01 11:19:06,,8,3
468228682489998,306336162489998,2016,54,4,107,1124.0,1.0,1,LIVU,1,LIVU,1,2017-05-01 11:19:06,,8,3
468228683489998,306336162489998,2016,54,4,107,1124.0,4.0,1,LIVU,1,LIVU,1,2017-05-01 11:19:06,,8,3
1674880438290487,816547036290487,2022,54,4,9,576.0,1.0,1,MIVI,1,MIVI,65,2024-09-11 07:42:23,,9,2
1674880439290487,816547036290487,2022,54,4,9,576.0,3.0,1,MIVI,1,MIVI,30,2024-09-11 07:42:23,,9,2
1674880440290487,816547036290487,2022,54,4,9,576.0,4.0,1,MIVI,1,MIVI,40,2024-09-11 07:42:23,,9,2
1697583237290487,1192972237290487,2023,54,2,75,3599.0,3.0,1,ROPS,1,ROPS,1,2024-12-04 11:18:42,,9,3
1696448968290487,1192972243290487,2023,54,3,63,1793.0,1.0,1,LONIC,1,LONIC,10,2024-12-02 11:27:04,,9,3
1696448969290487,1192972243290487,2023,54,3,63,1793.0,2.0,1,LONIC,1,LONIC,2,2024-12-02 11:27:04,,9,3
1696448970290487,1192972243290487,2023,54,3,63,1793.0,3.0,2,LONIC,1,LONIC,15,2024-12-02 11:27:04,,9,3
1696448971290487,1192972243290487,2023,54,3,63,1793.0,4.0,1,LONIC,1,LONIC,20,2024-12-02 11:27:04,,9,3
1696448972290487,1192972243290487,2023,54,3,63,1793.0,1.0,1,MIVI,1,MIVI,5,2024-12-02 11:27:04,,9,3
1696448973290487,1192972243290487,2023,54,3,63,1793.0,2.0,1,MIVI,1,MIVI,5,2024-12-02 11:27:04,,9,3
1696448974290487,1192972243290487,2023,54,3,63,1793.0,3.0,2,MIVI,1,MIVI,5,2024-12-02 11:27:04,,9,3
1696448975290487,1192972243290487,2023,54,3,63,1793.0,4.0,1,MIVI,1,MIVI,20,2024-12-02 11:27:04,,9,3
1696448976290487,1192972243290487,2023,54,3,63,1793.0,1.0,1,ROMU,1,ROMU,45,2024-12-02 11:27:04,,9,3
1696448977290487,1192972243290487,2023,54,3,63,1793.0,2.0,1,ROMU,1,ROMU,6,2024-12-02 11:27:04,,9,3
1696448978290487,1192972243290487,2023,54,3,63,1793.0,3.0,2,ROMU,1,ROMU,3,2024-12-02 11:27:04,,9,3
1696448979290487,1192972243290487,2023,54,3,63,1793.0,4.0,1,ROMU,1,ROMU,40,2024-12-02 11:27:04,,9,3
1696449137290487,1192972283290487,2023,54,4,99,1003.0,1.0,1,ELUM,1,ELUM,1,2024-12-02 11:27:04,,9,3
1696449138290487,1192972283290487,2023,54,4,99,1003.0,2.0,1,ELUM,1,ELUM,1,2024-12-02 11:27:04,,9,3
1696449139290487,1192972283290487,2023,54,4,99,1003.0,3.0,1,ELUM,1,ELUM,1,2024-12-02 11:27:04,,9,3
1696449140290487,1192972283290487,2023,54,4,99,1003.0,4.0,1,ELUM,1,ELUM,1,2024-12-02 11:27:04,,9,3
1696449141290487,1192972283290487,2023,54,4,99,1003.0,1.0,1,LOJA,1,LOJA,1,2024-12-02 11:27:04,,9,3
1696449142290487,1192972283290487,2023,54,4,99,1003.0,2.0,1,LOJA,1,LOJA,3,2024-12-02 11:27:04,,9,3
1696449143290487,1192972283290487,2023,54,4,99,1003.0,3.0,1,LOJA,1,LOJA,2,2024-12-02 11:27:04,,9,3
1696449144290487,1192972283290487,2023,54,4,99,1003.0,4.0,1,LOJA,1,LOJA,7,2024-12-02 11:27:04,,9,3
1696449145290487,1192972283290487,2023,54,4,99,1003.0,1.0,1,MIVI,1,MIVI,2,2024-12-02 11:27:04,,9,3
1696449146290487,1192972283290487,2023,54,4,99,1003.0,2.0,1,MIVI,1,MIVI,15,2024-12-02 11:27:04,,9,3
1696449147290487,1192972283290487,2023,54,4,99,1003.0,3.0,1,MIVI,1,MIVI,20,2024-12-02 11:27:04,,9,3
1696449148290487,1192972283290487,2023,54,4,99,1003.0,4.0,1,MIVI,1,MIVI,1,2024-12-02 11:27:04,,9,3
1696449149290487,1192972283290487,2023,54,4,99,1003.0,1.0,1,ROMU,1,ROMU,1,2024-12-02 11:27:04,,9,3
1696449150290487,1192972283290487,2023,54,4,99,1003.0,2.0,1,ROMU,1,ROMU,1,2024-12-02 11:27:04,,9,3
1696449151290487,1192972283290487,2023,54,4,99,1003.0,3.0,1,ROMU,1,ROMU,1,2024-12-02 11:27:04,,9,3
1696449152290487,1192972283290487,2023,54,4,99,1003.0,4.0,1,ROMU,1,ROMU,1,2024-12-02 11:27:04,,9,3
1696449493290487,1192972319290487,2023,54,4,51,1731.0,4.0,2,MIVI,1,MIVI,8,2024-12-02 11:27:05,,9,3
1696449494290487,1192972319290487,2023,54,4,51,1731.0,4.0,2,ROMU,1,ROMU,60,2024-12-02 11:27:05,,9,3
1696449554290487,1192972350290487,2023,54,4,87,1586.0,1.0,1,AIAL,1,AIAL,2,2024-12-02 11:27:05,,9,3
1696449555290487,1192972350290487,2023,54,4,87,1586.0,2.0,1,AIAL,1,AIAL,1,2024-12-02 11:27:05,,9,3
1696449556290487,1192972350290487,2023,54,4,87,1586.0,1.0,1,ELUM,1,ELUM,2,2024-12-02 11:27:05,,9,3
1696449557290487,1192972350290487,2023,54,4,87,1586.0,1.0,1,MIVI,1,MIVI,85,2024-12-02 11:27:05,,9,3
1696449558290487,1192972350290487,2023,54,4,87,1586.0,2.0,1,MIVI,1,MIVI,20,2024-12-02 11:27:05,,9,3
1696449559290487,1192972350290487,2023,54,4,87,1586.0,3.0,1,MIVI,1,MIVI,75,2024-12-02 11:27:05,,9,3
1696449560290487,1192972350290487,2023,54,4,87,1586.0,1.0,1,ROMU,1,ROMU,2,2024-12-02 11:27:05,,9,3
1696449561290487,1192972350290487,2023,54,4,87,1586.0,2.0,1,ROMU,1,ROMU,1,2024-12-02 11:27:05,,9,3
1696449562290487,1192972350290487,2023,54,4,87,1586.0,3.0,1,ROMU,1,ROMU,2,2024-12-02 11:27:05,,9,3
757089580290487,513410559126144,2019,54,4,87,744.0,2.0,4,ROMU,1,ROMU,1,2020-06-26 16:03:54,,8,6
757089581290487,513410559126144,2019,54,4,87,744.0,4.0,1,ROMU,1,ROMU,1,2020-06-26 16:03:54,,8,6
757089959290487,513410587126144,2019,54,4,85,240.0,1.0,1,ELUM,1,ELUM,2,2020-06-26 16:03:55,,8,6
757089960290487,513410587126144,2019,54,4,85,240.0,2.0,1,ELUM,1,ELUM,2,2020-06-26 16:03:55,,8,6
757089961290487,513410587126144,2019,54,4,85,240.0,3.0,1,ELUM,1,ELUM,3,2020-06-26 16:03:55,,8,6
757089962290487,513410587126144,2019,54,4,85,240.0,4.0,1,ELUM,1,ELUM,30,2020-06-26 16:03:55,,8,6
757089963290487,513410587126144,2019,54,4,85,240.0,1.0,1,MIVI,1,MIVI,10,2020-06-26 16:03:55,,8,6
1696448964290487,1192972243290487,2023,54,3,63,1793.0,3.0,2,CIVU,1,CIVU,1,2024-12-02 11:27:04,,9,3
1696448965290487,1192972243290487,2023,54,3,63,1793.0,1.0,1,LOJA,1,LOJA,2,2024-12-02 11:27:04,,9,3
1696448966290487,1192972243290487,2023,54,3,63,1793.0,3.0,2,LOJA,1,LOJA,1,2024-12-02 11:27:04,,9,3
1696448967290487,1192972243290487,2023,54,3,63,1793.0,4.0,1,LOJA,1,LOJA,30,2024-12-02 11:27:04,,9,3
1674879769290487,816547360290487,2022,54,2,71,2100.0,3.0,1,ROMU,1,ROMU,1,2024-09-11 07:42:22,,9,2
1674880434290487,816547036290487,2022,54,4,9,576.0,1.0,1,ALPE4,1,ALPE4,2,2024-09-11 07:42:23,,9,2
757089964290487,513410587126144,2019,54,4,85,240.0,2.0,1,MIVI,1,MIVI,1,2020-06-26 16:03:55,,8,6
757089965290487,513410587126144,2019,54,4,85,240.0,3.0,1,MIVI,1,MIVI,1,2020-06-26 16:03:55,,8,6
757089966290487,513410587126144,2019,54,4,85,240.0,4.0,1,MIVI,1,MIVI,2,2020-06-26 16:03:55,,8,6
757089967290487,513410587126144,2019,54,4,85,240.0,1.0,1,ROMU,1,ROMU,1,2020-06-26 16:03:55,,8,6
757089968290487,513410587126144,2019,54,4,85,240.0,3.0,1,ROMU,1,ROMU,1,2020-06-26 16:03:55,,8,6
757089969290487,513410587126144,2019,54,4,85,240.0,4.0,1,ROMU,1,ROMU,2,2020-06-26 16:03:55,,8,6
757090368290487,513410574126144,2019,54,3,109,250.0,2.0,1,AIAL,1,AIAL,1,2020-06-26 16:03:56,,8,6
757090369290487,513410574126144,2019,54,3,109,250.0,2.0,1,ELUM,1,ELUM,2,2020-06-26 16:03:56,,8,6
757090370290487,513410574126144,2019,54,3,109,250.0,3.0,1,PATO2,1,PATO2,20,2020-06-26 16:03:56,,8,6
757090371290487,513410574126144,2019,54,3,109,250.0,4.0,1,PATO2,1,PATO2,10,2020-06-26 16:03:56,,8,6
757090372290487,513410574126144,2019,54,3,109,250.0,2.0,1,POCU6,1,POCU6,1,2020-06-26 16:03:56,,8,6
757090373290487,513410574126144,2019,54,3,109,250.0,1.0,1,ROMU,1,ROMU,5,2020-06-26 16:03:56,,8,6
757090374290487,513410574126144,2019,54,3,109,250.0,2.0,1,ROMU,1,ROMU,5,2020-06-26 16:03:56,,8,6
757090375290487,513410574126144,2019,54,3,109,250.0,3.0,1,ROMU,1,ROMU,20,2020-06-26 16:03:56,,8,6
757090376290487,513410574126144,2019,54,3,109,250.0,4.0,1,ROMU,1,ROMU,5,2020-06-26 16:03:56,,8,6
757090512290487,513410613126144,2019,54,3,45,284.0,3.0,1,AIAL,1,AIAL,5,2020-06-26 16:03:56,,8,6
757090513290487,513410613126144,2019,54,3,45,284.0,1.0,1,MIVI,1,MIVI,2,2020-06-26 16:03:56,,8,6
1674880436290487,816547036290487,2022,54,4,9,576.0,3.0,1,ALPE4,1,ALPE4,1,2024-09-11 07:42:23,,9,2
1674880437290487,816547036290487,2022,54,4,9,576.0,4.0,1,ALPE4,1,ALPE4,1,2024-09-11 07:42:23,,9,2
757090514290487,513410613126144,2019,54,3,45,284.0,2.0,1,MIVI,1,MIVI,1,2020-06-26 16:03:56,,8,6
273383250489998,29637334020004,2013,54,4,95,808.0,4.0,1,ROPS,1,ROPS,1,2014-08-01 12:21:14,,7,5
273385114489998,29637127020004,2013,54,3,47,1518.0,1.0,1,ROMU,1,ROMU,1,2014-08-01 12:21:21,,7,5
273385115489998,29637127020004,2013,54,3,47,1518.0,2.0,1,ROMU,1,ROMU,1,2014-08-01 12:21:21,,7,5
273385116489998,29637127020004,2013,54,3,47,1518.0,3.0,1,ROMU,1,ROMU,1,2014-08-01 12:21:21,,7,5
273385605489998,29637132020004,2013,54,4,29,2007.0,1.0,1,AIAL,1,AIAL,6,2014-08-01 12:21:22,,7,5
273385606489998,29637132020004,2013,54,4,29,2007.0,4.0,1,AIAL,1,AIAL,11,2014-08-01 12:21:22,,7,5
273385607489998,29637132020004,2013,54,4,29,2007.0,1.0,1,ALPE4,1,ALPE4,20,2014-08-01 12:21:22,,7,5
273385608489998,29637132020004,2013,54,4,29,2007.0,2.0,1,ALPE4,1,ALPE4,10,2014-08-01 12:21:22,,7,5
273385609489998,29637132020004,2013,54,4,29,2007.0,3.0,1,ALPE4,1,ALPE4,25,2014-08-01 12:21:22,,7,5
273385610489998,29637132020004,2013,54,4,29,2007.0,4.0,1,ALPE4,1,ALPE4,18,2014-08-01 12:21:22,,7,5
273385611489998,29637132020004,2013,54,4,29,2007.0,4.0,1,MIVI,1,MIVI,15,2014-08-01 12:21:22,,7,5
273385612489998,29637132020004,2013,54,4,29,2007.0,1.0,1,ROMU,1,ROMU,1,2014-08-01 12:21:22,,7,5
273385613489998,29637132020004,2013,54,4,29,2007.0,2.0,1,ROMU,1,ROMU,1,2014-08-01 12:21:22,,7,5
273385614489998,29637132020004,2013,54,4,29,2007.0,4.0,1,ROMU,1,ROMU,3,2014-08-01 12:21:22,,7,5
273385898489998,29637189020004,2013,54,2,27,1658.0,1.0,1,ELUM,1,ELUM,1,2014-08-01 12:21:23,,7,5
273385899489998,29637189020004,2013,54,2,27,1658.0,1.0,1,LOJA,1,LOJA,2,2014-08-01 12:21:23,,7,5
273385900489998,29637189020004,2013,54,2,27,1658.0,2.0,1,LOJA,1,LOJA,18,2014-08-01 12:21:23,,7,5
273385901489998,29637189020004,2013,54,2,27,1658.0,3.0,1,LOJA,1,LOJA,7,2014-08-01 12:21:23,,7,5
273385902489998,29637189020004,2013,54,2,27,1658.0,4.0,1,LOJA,1,LOJA,48,2014-08-01 12:21:23,,7,5
273385903489998,29637189020004,2013,54,2,27,1658.0,1.0,1,LOMO2,1,LOMO2,4,2014-08-01 12:21:23,,7,5
273385904489998,29637189020004,2013,54,2,27,1658.0,2.0,1,LOMO2,1,LOMO2,3,2014-08-01 12:21:23,,7,5
273385905489998,29637189020004,2013,54,2,27,1658.0,4.0,1,LOMO2,1,LOMO2,12,2014-08-01 12:21:23,,7,5
273385906489998,29637189020004,2013,54,2,27,1658.0,1.0,1,ROMU,1,ROMU,1,2014-08-01 12:21:23,,7,5
273385907489998,29637189020004,2013,54,2,27,1658.0,3.0,1,ROMU,1,ROMU,1,2014-08-01 12:21:23,,7,5
273386384489998,29637198020004,2013,54,2,1,2226.0,4.0,1,BETH,1,BETH,1,2014-08-01 12:21:24,,7,5
273386385489998,29637198020004,2013,54,2,1,2226.0,1.0,1,ROMU,1,ROMU,1,2014-08-01 12:21:24,,7,5
273386947489998,29637368020004,2013,54,3,39,1660.0,1.0,1,MIVI,1,MIVI,5,2014-08-01 12:21:27,,7,5
273372098489998,29637210020004,2013,54,2,71,1630.0,2.0,2,ROMU,1,ROMU,1,2014-08-01 12:20:19,,7,5
273372099489998,29637210020004,2013,54,2,71,1630.0,2.0,2,ROPS,1,ROPS,1,2014-08-01 12:20:19,,7,5
273372429489998,29637258020004,2013,54,3,39,692.0,2.0,2,MIVI,1,MIVI,1,2014-08-01 12:20:21,,7,5
273372894489998,29637286020004,2013,54,4,43,794.0,2.0,1,ROMU,1,ROMU,1,2014-08-01 12:20:23,,7,5
273382532489998,29637260020004,2013,54,3,5,421.0,2.0,1,AIAL,1,AIAL,10,2014-08-01 12:21:12,,7,5
273382533489998,29637260020004,2013,54,3,5,421.0,3.0,1,AIAL,1,AIAL,1,2014-08-01 12:21:12,,7,5
273382534489998,29637260020004,2013,54,3,5,421.0,1.0,1,LOJA,1,LOJA,2,2014-08-01 12:21:12,,7,5
273382535489998,29637260020004,2013,54,3,5,421.0,3.0,1,LOJA,1,LOJA,5,2014-08-01 12:21:12,,7,5
273382536489998,29637260020004,2013,54,3,5,421.0,1.0,1,MIVI,1,MIVI,2,2014-08-01 12:21:12,,7,5
273382537489998,29637260020004,2013,54,3,5,421.0,3.0,1,MIVI,1,MIVI,8,2014-08-01 12:21:12,,7,5
273382538489998,29637260020004,2013,54,3,5,421.0,4.0,1,ROMU,1,ROMU,2,2014-08-01 12:21:12,,7,5
273382539489998,29637260020004,2013,54,3,5,421.0,3.0,1,ROPS,1,ROPS,1,2014-08-01 12:21:12,,7,5
273382540489998,29637260020004,2013,54,3,5,421.0,1.0,1,VIOP,1,VIOP,1,2014-08-01 12:21:12,,7,5
273382541489998,29637260020004,2013,54,3,5,421.0,3.0,1,VIOP,1,VIOP,5,2014-08-01 12:21:12,,7,5
329748563489998,171920465020004,2014,54,4,11,797.0,1.0,1,ELUM,1,ELUM,40,2015-05-22 06:53:37,,8,1
329748564489998,171920465020004,2014,54,4,11,797.0,2.0,1,ELUM,1,ELUM,8,2015-05-22 06:53:37,,8,1
329748565489998,171920465020004,2014,54,4,11,797.0,3.0,1,ELUM,1,ELUM,3,2015-05-22 06:53:37,,8,1
329748566489998,171920465020004,2014,54,4,11,797.0,1.0,1,LIVU,1,LIVU,15,2015-05-22 06:53:37,,8,1
329748567489998,171920465020004,2014,54,4,11,797.0,1.0,1,LOJA,1,LOJA,35,2015-05-22 06:53:37,,8,1
329748568489998,171920465020004,2014,54,4,11,797.0,1.0,1,ROMU,1,ROMU,50,2015-05-22 06:53:38,,8,1
329748569489998,171920465020004,2014,54,4,11,797.0,2.0,1,ROMU,1,ROMU,3,2015-05-22 06:53:38,,8,1
329749116489998,171920656020004,2014,54,2,3,1703.0,4.0,1,ALPE4,1,ALPE4,35,2015-05-22 06:53:44,,8,1
329751727489998,171920236020004,2014,54,3,39,1137.0,2.0,1,ROPS,1,ROPS,1,2015-05-22 06:53:57,,8,1
329751728489998,171920236020004,2014,54,3,39,1137.0,4.0,1,ROPS,1,ROPS,10,2015-05-22 06:53:57,,8,1
329754749489998,171920538020004,2014,54,4,61,2189.0,3.0,1,ROMU,1,ROMU,1,2015-05-22 06:54:09,,8,1
329755444489998,171920653020004,2014,54,2,37,213.0,1.0,1,AIAL,1,AIAL,80,2015-05-22 06:54:12,,8,1
329755445489998,171920653020004,2014,54,2,37,213.0,2.0,2,AIAL,1,AIAL,55,2015-05-22 06:54:12,,8,1
329755446489998,171920653020004,2014,54,2,37,213.0,4.0,2,AIAL,1,AIAL,10,2015-05-22 06:54:12,,8,1
329755447489998,171920653020004,2014,54,2,37,213.0,1.0,1,ALPE4,1,ALPE4,35,2015-05-22 06:54:12,,8,1
329755448489998,171920653020004,2014,54,2,37,213.0,2.0,2,ALPE4,1,ALPE4,30,2015-05-22 06:54:12,,8,1
329755449489998,171920653020004,2014,54,2,37,213.0,3.0,1,ALPE4,1,ALPE4,35,2015-05-22 06:54:12,,8,1
329755450489998,171920653020004,2014,54,2,37,213.0,4.0,2,ALPE4,1,ALPE4,15,2015-05-22 06:54:12,,8,1
329755451489998,171920653020004,2014,54,2,37,213.0,1.0,1,LONIC,1,LONIC,20,2015-05-22 06:54:12,,8,1
329755452489998,171920653020004,2014,54,2,37,213.0,2.0,2,LONIC,1,LONIC,10,2015-05-22 06:54:12,,8,1
329755453489998,171920653020004,2014,54,2,37,213.0,3.0,1,LONIC,1,LONIC,1,2015-05-22 06:54:12,,8,1
329755454489998,171920653020004,2014,54,2,37,213.0,4.0,2,LONIC,1,LONIC,10,2015-05-22 06:54:12,,8,1
329755455489998,171920653020004,2014,54,2,37,213.0,1.0,1,ROMU,1,ROMU,1,2015-05-22 06:54:12,,8,1
329755456489998,171920653020004,2014,54,2,37,213.0,2.0,2,ROMU,1,ROMU,5,2015-05-22 06:54:12,,8,1
329755457489998,171920653020004,2014,54,2,37,213.0,3.0,1,ROMU,1,ROMU,1,2015-05-22 06:54:12,,8,1
329755458489998,171920653020004,2014,54,2,37,213.0,4.0,2,ROMU,1,ROMU,2,2015-05-22 06:54:12,,8,1
329755459489998,171920653020004,2014,54,2,37,213.0,3.0,1,ROPS,1,ROPS,3,2015-05-22 06:54:12,,8,1
329756043489998,171920496020004,2014,54,3,55,2278.0,2.0,1,ROMU,1,ROMU,1,2015-05-22 06:54:19,,8,1
329756044489998,171920496020004,2014,54,3,55,2278.0,3.0,1,ROMU,1,ROMU,3,2015-05-22 06:54:19,,8,1
329756045489998,171920496020004,2014,54,3,55,2278.0,4.0,1,ROMU,1,ROMU,5,2015-05-22 06:54:19,,8,1
329756046489998,171920496020004,2014,54,3,55,2278.0,1.0,1,ROPS,1,ROPS,3,2015-05-22 06:54:19,,8,1
329756047489998,171920496020004,2014,54,3,55,2278.0,2.0,1,ROPS,1,ROPS,1,2015-05-22 06:54:19,,8,1
273372430489998,29637258020004,2013,54,3,39,692.0,4.0,1,ROPS,1,ROPS,1,2014-08-01 12:20:21,,7,5
212750159020004,247065423010661,2012,54,4,49,1935.0,4.0,1,ELUM,1,ELUM,1,2013-07-22 09:24:18,,7,4
212750160020004,247065423010661,2012,54,4,49,1935.0,3.0,1,LONIC,1,LONIC,1,2013-07-22 09:24:18,,7,4
212750161020004,247065423010661,2012,54,4,49,1935.0,1.0,1,ROMU,1,ROMU,45,2013-07-22 09:24:18,,7,4
212750162020004,247065423010661,2012,54,4,49,1935.0,2.0,1,ROMU,1,ROMU,19,2013-07-22 09:24:18,,7,4
212750163020004,247065423010661,2012,54,4,49,1935.0,3.0,1,ROMU,1,ROMU,48,2013-07-22 09:24:18,,7,4
212750164020004,247065423010661,2012,54,4,49,1935.0,4.0,1,ROMU,1,ROMU,30,2013-07-22 09:24:18,,7,4
212750401020004,247065634010661,2012,54,2,71,480.0,2.0,1,ROPS,1,ROPS,3,2013-07-22 09:24:21,,7,4
212750402020004,247065634010661,2012,54,2,71,480.0,3.0,1,ROPS,1,ROPS,1,2013-07-22 09:24:21,,7,4
212747223020004,247065552010661,2012,54,2,83,112.0,1.0,1,ROPS,1,ROPS,20,2013-07-22 09:23:42,,7,4
212747224020004,247065552010661,2012,54,2,83,112.0,2.0,1,ROPS,1,ROPS,4,2013-07-22 09:23:42,,7,4
212746725020004,247065275010661,2012,54,4,43,2271.0,1.0,1,ROMU,1,ROMU,5,2013-07-22 09:23:39,,7,4
212746726020004,247065275010661,2012,54,4,43,2271.0,2.0,1,ROMU,1,ROMU,1,2013-07-22 09:23:39,,7,4
212746949020004,247065530010661,2012,54,3,19,1242.0,2.0,1,ROMU,1,ROMU,15,2013-07-22 09:23:41,,7,4
212746950020004,247065530010661,2012,54,3,19,1242.0,1.0,1,ROPS,1,ROPS,10,2013-07-22 09:23:41,,7,4
212746951020004,247065530010661,2012,54,3,19,1242.0,2.0,1,ROPS,1,ROPS,7,2013-07-22 09:23:41,,7,4
212746952020004,247065530010661,2012,54,3,19,1242.0,3.0,1,ROPS,1,ROPS,7,2013-07-22 09:23:41,,7,4
212747081020004,247065539010661,2012,54,2,91,1952.0,3.0,1,AIAL,1,AIAL,1,2013-07-22 09:23:42,,7,4
212747082020004,247065539010661,2012,54,2,91,1952.0,2.0,1,ELUM,1,ELUM,1,2013-07-22 09:23:42,,7,4
212747083020004,247065539010661,2012,54,2,91,1952.0,1.0,1,LONIC,1,LONIC,1,2013-07-22 09:23:42,,7,4
212747084020004,247065539010661,2012,54,2,91,1952.0,1.0,1,MIVI,1,MIVI,5,2013-07-22 09:23:42,,7,4
212747085020004,247065539010661,2012,54,2,91,1952.0,2.0,1,MIVI,1,MIVI,6,2013-07-22 09:23:42,,7,4
212747086020004,247065539010661,2012,54,2,91,1952.0,3.0,1,MIVI,1,MIVI,4,2013-07-22 09:23:42,,7,4
212747087020004,247065539010661,2012,54,2,91,1952.0,4.0,1,MIVI,1,MIVI,2,2013-07-22 09:23:42,,7,4
212747088020004,247065539010661,2012,54,2,91,1952.0,2.0,1,ROMU,1,ROMU,2,2013-07-22 09:23:42,,7,4
212747089020004,247065539010661,2012,54,2,91,1952.0,3.0,1,ROMU,1,ROMU,8,2013-07-22 09:23:42,,7,4
212747090020004,247065539010661,2012,54,2,91,1952.0,4.0,1,ROMU,1,ROMU,1,2013-07-22 09:23:42,,7,4
212745808020004,247065385010661,2012,54,3,47,3.0,3.0,1,CEOR7,1,CEOR7,1,2013-07-22 09:23:28,,7,4
212745809020004,247065385010661,2012,54,3,47,3.0,2.0,1,MIVI,1,MIVI,1,2013-07-22 09:23:28,,7,4
212745810020004,247065385010661,2012,54,3,47,3.0,1.0,1,ROMU,1,ROMU,1,2013-07-22 09:23:28,,7,4
212745811020004,247065385010661,2012,54,3,47,3.0,4.0,1,ROMU,1,ROMU,1,2013-07-22 09:23:28,,7,4
212745812020004,247065385010661,2012,54,3,47,3.0,2.0,1,ROPS,1,ROPS,1,2013-07-22 09:23:28,,7,4
212745813020004,247065385010661,2012,54,3,47,3.0,3.0,1,ROPS,1,ROPS,5,2013-07-22 09:23:28,,7,4
212745968020004,247065440010661,2012,54,2,7,1681.0,1.0,1,ELUM,1,ELUM,9,2013-07-22 09:23:30,,7,4
212745969020004,247065440010661,2012,54,2,7,1681.0,2.0,1,ELUM,1,ELUM,1,2013-07-22 09:23:30,,7,4
212745970020004,247065440010661,2012,54,2,7,1681.0,4.0,1,ELUM,1,ELUM,1,2013-07-22 09:23:30,,7,4
212745971020004,247065440010661,2012,54,2,7,1681.0,1.0,1,MIVI,1,MIVI,5,2013-07-22 09:23:30,,7,4
212745972020004,247065440010661,2012,54,2,7,1681.0,2.0,1,MIVI,1,MIVI,12,2013-07-22 09:23:30,,7,4
212745973020004,247065440010661,2012,54,2,7,1681.0,3.0,1,MIVI,1,MIVI,45,2013-07-22 09:23:30,,7,4
212745974020004,247065440010661,2012,54,2,7,1681.0,4.0,1,MIVI,1,MIVI,4,2013-07-22 09:23:30,,7,4
212745975020004,247065440010661,2012,54,2,7,1681.0,1.0,1,ROMU,1,ROMU,12,2013-07-22 09:23:30,,7,4
212745976020004,247065440010661,2012,54,2,7,1681.0,2.0,1,ROMU,1,ROMU,27,2013-07-22 09:23:30,,7,4
212745977020004,247065440010661,2012,54,2,7,1681.0,3.0,1,ROMU,1,ROMU,15,2013-07-22 09:23:30,,7,4
212745978020004,247065440010661,2012,54,2,7,1681.0,4.0,1,ROMU,1,ROMU,1,2013-07-22 09:23:30,,7,4
212745046020004,247065507010661,2012,54,2,41,3169.0,4.0,3,BETH,1,BETH,1,2013-07-22 09:23:19,,7,4
212745047020004,247065507010661,2012,54,2,41,3169.0,1.0,2,ELUM,1,ELUM,1,2013-07-22 09:23:19,,7,4
212745048020004,247065507010661,2012,54,2,41,3169.0,2.0,2,ELUM,1,ELUM,4,2013-07-22 09:23:19,,7,4
212745049020004,247065507010661,2012,54,2,41,3169.0,4.0,3,ELUM,1,ELUM,20,2013-07-22 09:23:19,,7,4
212745050020004,247065507010661,2012,54,2,41,3169.0,1.0,2,LIVU,1,LIVU,1,2013-07-22 09:23:19,,7,4
212745051020004,247065507010661,2012,54,2,41,3169.0,2.0,2,LIVU,1,LIVU,2,2013-07-22 09:23:19,,7,4
212745052020004,247065507010661,2012,54,2,41,3169.0,4.0,3,LIVU,1,LIVU,1,2013-07-22 09:23:19,,7,4
212745053020004,247065507010661,2012,54,2,41,3169.0,1.0,2,LOJA,1,LOJA,10,2013-07-22 09:23:19,,7,4
212745054020004,247065507010661,2012,54,2,41,3169.0,4.0,3,LOJA,1,LOJA,1,2013-07-22 09:23:19,,7,4
212745055020004,247065507010661,2012,54,2,41,3169.0,1.0,2,LONIC,1,LONIC,12,2013-07-22 09:23:19,,7,4
212745056020004,247065507010661,2012,54,2,41,3169.0,2.0,2,LONIC,1,LONIC,13,2013-07-22 09:23:19,,7,4
212745057020004,247065507010661,2012,54,2,41,3169.0,3.0,2,LONIC,1,LONIC,13,2013-07-22 09:23:19,,7,4
212745058020004,247065507010661,2012,54,2,41,3169.0,4.0,3,LONIC,1,LONIC,12,2013-07-22 09:23:19,,7,4
212745059020004,247065507010661,2012,54,2,41,3169.0,1.0,2,LYNU,1,LYNU,1,2013-07-22 09:23:19,,7,4
212745060020004,247065507010661,2012,54,2,41,3169.0,2.0,2,LYNU,1,LYNU,1,2013-07-22 09:23:19,,7,4
212745061020004,247065507010661,2012,54,2,41,3169.0,3.0,2,LYNU,1,LYNU,75,2013-07-22 09:23:19,,7,4
212745062020004,247065507010661,2012,54,2,41,3169.0,2.0,2,MIVI,1,MIVI,1,2013-07-22 09:23:19,,7,4
212745063020004,247065507010661,2012,54,2,41,3169.0,4.0,3,MIVI,1,MIVI,4,2013-07-22 09:23:19,,7,4
212745064020004,247065507010661,2012,54,2,41,3169.0,1.0,2,ROMU,1,ROMU,2,2013-07-22 09:23:19,,7,4
212745065020004,247065507010661,2012,54,2,41,3169.0,2.0,2,ROMU,1,ROMU,8,2013-07-22 09:23:19,,7,4
212745066020004,247065507010661,2012,54,2,41,3169.0,3.0,2,ROMU,1,ROMU,4,2013-07-22 09:23:19,,7,4
212745067020004,247065507010661,2012,54,2,41,3169.0,4.0,3,ROMU,1,ROMU,16,2013-07-22 09:23:19,,7,4
212745200020004,247065538010661,2012,54,4,49,1263.0,3.0,1,CEOR7,1,CEOR7,1,2013-07-22 09:23:20,,7,4
212745201020004,247065538010661,2012,54,4,49,1263.0,1.0,1,LIVU,1,LIVU,2,2013-07-22 09:23:20,,7,4
212745202020004,247065538010661,2012,54,4,49,1263.0,3.0,1,LIVU,1,LIVU,1,2013-07-22 09:23:20,,7,4
212745203020004,247065538010661,2012,54,4,49,1263.0,2.0,1,LONIC,1,LONIC,1,2013-07-22 09:23:20,,7,4
212745204020004,247065538010661,2012,54,4,49,1263.0,1.0,1,ROMU,1,ROMU,2,2013-07-22 09:23:20,,7,4
212745205020004,247065538010661,2012,54,4,49,1263.0,2.0,1,ROMU,1,ROMU,10,2013-07-22 09:23:20,,7,4
212745206020004,247065538010661,2012,54,4,49,1263.0,3.0,1,ROMU,1,ROMU,1,2013-07-22 09:23:20,,7,4
212745207020004,247065538010661,2012,54,4,49,1263.0,4.0,1,ROMU,1,ROMU,1,2013-07-22 09:23:20,,7,4
212745208020004,247065538010661,2012,54,4,49,1263.0,1.0,1,ROPS,1,ROPS,1,2013-07-22 09:23:20,,7,4
212745209020004,247065538010661,2012,54,4,49,1263.0,2.0,1,ROPS,1,ROPS,1,2013-07-22 09:23:20,,7,4
212745210020004,247065538010661,2012,54,4,49,1263.0,4.0,1,ROPS,1,ROPS,2,2013-07-22 09:23:20,,7,4
212745406020004,247065698010661,2012,54,3,45,284.0,1.0,1,AIAL,1,AIAL,1,2013-07-22 09:23:23,,7,4
212745407020004,247065698010661,2012,54,3,45,284.0,3.0,1,AIAL,1,AIAL,10,2013-07-22 09:23:23,,7,4
212745408020004,247065698010661,2012,54,3,45,284.0,3.0,1,ELUM,1,ELUM,1,2013-07-22 09:23:23,,7,4
212745409020004,247065698010661,2012,54,3,45,284.0,1.0,1,MIVI,1,MIVI,3,2013-07-22 09:23:23,,7,4
212745410020004,247065698010661,2012,54,3,45,284.0,2.0,1,MIVI,1,MIVI,1,2013-07-22 09:23:23,,7,4
212745411020004,247065698010661,2012,54,3,45,284.0,3.0,1,MIVI,1,MIVI,1,2013-07-22 09:23:23,,7,4
212745412020004,247065698010661,2012,54,3,45,284.0,1.0,1,ROMU,1,ROMU,1,2013-07-22 09:23:23,,7,4
212745413020004,247065698010661,2012,54,3,45,284.0,3.0,1,ROMU,1,ROMU,1,2013-07-22 09:23:23,,7,4
32562063020004,222519172010661,2011,54,4,11,444.0,3.0,1,MIVI,1,MIVI,3,2012-04-12 10:33:00,,7,3
32562064020004,222519172010661,2011,54,4,11,444.0,4.0,1,MIVI,1,MIVI,2,2012-04-12 10:33:00,,7,3
32562065020004,222519172010661,2011,54,4,11,444.0,2.0,1,ROMU,1,ROMU,3,2012-04-12 10:33:00,,7,3
32562066020004,222519172010661,2011,54,4,11,444.0,4.0,1,ROMU,1,ROMU,2,2012-04-12 10:33:00,,7,3
32562095020004,222519186010661,2011,54,4,99,2210.0,1.0,1,MIVI,1,MIVI,1,2012-04-12 10:33:01,,7,3
32562096020004,222519186010661,2011,54,4,99,2210.0,2.0,1,MIVI,1,MIVI,1,2012-04-12 10:33:01,,7,3
32562097020004,222519186010661,2011,54,4,99,2210.0,3.0,1,MIVI,1,MIVI,1,2012-04-12 10:33:01,,7,3
32562098020004,222519186010661,2011,54,4,99,2210.0,4.0,1,MIVI,1,MIVI,1,2012-04-12 10:33:01,,7,3
32564206020004,222520058010661,2011,54,3,19,1423.0,2.0,1,LIVU,1,LIVU,1,2012-04-12 10:34:02,,7,3
32564207020004,222520058010661,2011,54,3,19,1423.0,2.0,2,LIVU,1,LIVU,5,2012-04-12 10:34:02,,7,3
32564208020004,222520058010661,2011,54,3,19,1423.0,2.0,2,ROMU,1,ROMU,4,2012-04-12 10:34:02,,7,3
32564209020004,222520058010661,2011,54,3,19,1423.0,4.0,1,ROMU,1,ROMU,1,2012-04-12 10:34:02,,7,3
32562235020004,222519252010661,2011,54,4,107,146.0,2.0,1,LOJA,1,LOJA,1,2012-04-12 10:33:05,,7,3
32562236020004,222519252010661,2011,54,4,107,146.0,3.0,1,LOJA,1,LOJA,4,2012-04-12 10:33:05,,7,3
32562237020004,222519252010661,2011,54,4,107,146.0,4.0,1,LOJA,1,LOJA,1,2012-04-12 10:33:05,,7,3
32562238020004,222519252010661,2011,54,4,107,146.0,1.0,1,ROMU,1,ROMU,1,2012-04-12 10:33:05,,7,3
32562239020004,222519252010661,2011,54,4,107,146.0,3.0,1,ROMU,1,ROMU,4,2012-04-12 10:33:05,,7,3
32564278020004,222520090010661,2011,54,2,101,6206.0,1.0,1,MIVI,1,MIVI,2,2012-04-12 10:34:05,,7,3
32564279020004,222520090010661,2011,54,2,101,6206.0,2.0,1,MIVI,1,MIVI,35,2012-04-12 10:34:05,,7,3
32564280020004,222520090010661,2011,54,2,101,6206.0,3.0,1,MIVI,1,MIVI,25,2012-04-12 10:34:05,,7,3
32564281020004,222520090010661,2011,54,2,101,6206.0,2.0,1,ROPS,1,ROPS,12,2012-04-12 10:34:05,,7,3
32562244020004,222519254010661,2011,54,4,35,759.0,2.0,1,LOJA,1,LOJA,1,2012-04-12 10:33:05,,7,3
32562245020004,222519254010661,2011,54,4,35,759.0,4.0,1,LOJA,1,LOJA,5,2012-04-12 10:33:05,,7,3
32562246020004,222519254010661,2011,54,4,35,759.0,3.0,1,MIVI,1,MIVI,20,2012-04-12 10:33:05,,7,3
32562247020004,222519254010661,2011,54,4,35,759.0,4.0,1,MIVI,1,MIVI,5,2012-04-12 10:33:05,,7,3
32562248020004,222519254010661,2011,54,4,35,759.0,1.0,1,ROMU,1,ROMU,1,2012-04-12 10:33:05,,7,3
32562249020004,222519254010661,2011,54,4,35,759.0,2.0,1,ROMU,1,ROMU,1,2012-04-12 10:33:05,,7,3
32562266020004,222519262010661,2011,54,4,35,1488.0,4.0,2,ELUM,1,ELUM,2,2012-04-12 10:33:06,,7,3
32562267020004,222519262010661,2011,54,4,35,1488.0,4.0,2,ROMU,1,ROMU,2,2012-04-12 10:33:06,,7,3
32562320020004,222519286010661,2011,54,3,5,1678.0,1.0,1,AIAL,1,AIAL,9,2012-04-12 10:33:07,,7,3
32562321020004,222519286010661,2011,54,3,5,1678.0,2.0,1,AIAL,1,AIAL,30,2012-04-12 10:33:07,,7,3
32562322020004,222519286010661,2011,54,3,5,1678.0,3.0,1,AIAL,1,AIAL,25,2012-04-12 10:33:07,,7,3
32562323020004,222519286010661,2011,54,3,5,1678.0,4.0,1,AIAL,1,AIAL,35,2012-04-12 10:33:07,,7,3
32562324020004,222519286010661,2011,54,3,5,1678.0,2.0,1,MIVI,1,MIVI,20,2012-04-12 10:33:07,,7,3
32562325020004,222519286010661,2011,54,3,5,1678.0,3.0,1,MIVI,1,MIVI,10,2012-04-12 10:33:07,,7,3
32562326020004,222519286010661,2011,54,3,5,1678.0,4.0,1,MIVI,1,MIVI,2,2012-04-12 10:33:07,,7,3
32562327020004,222519286010661,2011,54,3,5,1678.0,1.0,1,ROMU,1,ROMU,3,2012-04-12 10:33:07,,7,3
32562328020004,222519286010661,2011,54,3,5,1678.0,2.0,1,ROMU,1,ROMU,6,2012-04-12 10:33:07,,7,3
32562329020004,222519286010661,2011,54,3,5,1678.0,1.0,1,ROPS,1,ROPS,5,2012-04-12 10:33:07,,7,3
32562330020004,222519286010661,2011,54,3,5,1678.0,4.0,1,ROPS,1,ROPS,8,2012-04-12 10:33:07,,7,3
32564367020004,222520132010661,2011,54,2,71,7782.0,4.0,1,ROPS,1,ROPS,4,2012-04-12 10:34:09,,7,3
32562425020004,222519330010661,2011,54,4,85,1320.0,3.0,2,ELUM,1,ELUM,5,2012-04-12 10:33:11,,7,3
32562426020004,222519330010661,2011,54,4,85,1320.0,2.0,1,LOJA,1,LOJA,16,2012-04-12 10:33:11,,7,3
32562427020004,222519330010661,2011,54,4,85,1320.0,4.0,1,LOJA,1,LOJA,60,2012-04-12 10:33:11,,7,3
32562428020004,222519330010661,2011,54,4,85,1320.0,1.0,1,LOMO2,1,LOMO2,63,2012-04-12 10:33:11,,7,3
32562429020004,222519330010661,2011,54,4,85,1320.0,2.0,1,LOMO2,1,LOMO2,21,2012-04-12 10:33:11,,7,3
32562430020004,222519330010661,2011,54,4,85,1320.0,3.0,2,LOMO2,1,LOMO2,20,2012-04-12 10:33:11,,7,3
32562431020004,222519330010661,2011,54,4,85,1320.0,4.0,1,LOMO2,1,LOMO2,40,2012-04-12 10:33:11,,7,3
329759201489998,171920515020004,2014,54,2,97,2114.0,2.0,1,SPJA,1,SPJA,4,2015-05-22 06:54:29,,8,1
329759202489998,171920515020004,2014,54,2,97,2114.0,3.0,1,SPJA,1,SPJA,3,2015-05-22 06:54:29,,8,1
329760276489998,171920168020004,2014,54,2,101,2463.0,1.0,1,ROPS,1,ROPS,1,2015-05-22 06:54:33,,8,1
384474569489998,249982007489998,2015,54,2,91,1873.0,1.0,1,AIAL,1,AIAL,1,2016-04-07 14:29:12,,8,2
384474570489998,249982007489998,2015,54,2,91,1873.0,2.0,1,AIAL,1,AIAL,1,2016-04-07 14:29:12,,8,2
384474571489998,249982007489998,2015,54,2,91,1873.0,3.0,1,AIAL,1,AIAL,1,2016-04-07 14:29:12,,8,2
384474572489998,249982007489998,2015,54,2,91,1873.0,4.0,1,AIAL,1,AIAL,1,2016-04-07 14:29:12,,8,2
384474573489998,249982007489998,2015,54,2,91,1873.0,1.0,1,BETH,1,BETH,2,2016-04-07 14:29:12,,8,2
384474574489998,249982007489998,2015,54,2,91,1873.0,2.0,1,BETH,1,BETH,4,2016-04-07 14:29:12,,8,2
384474575489998,249982007489998,2015,54,2,91,1873.0,3.0,1,BETH,1,BETH,2,2016-04-07 14:29:12,,8,2
384474576489998,249982007489998,2015,54,2,91,1873.0,4.0,1,BETH,1,BETH,2,2016-04-07 14:29:12,,8,2
384474577489998,249982007489998,2015,54,2,91,1873.0,4.0,1,ELUM,1,ELUM,2,2016-04-07 14:29:12,,8,2
384474578489998,249982007489998,2015,54,2,91,1873.0,1.0,1,LONIC,1,LONIC,1,2016-04-07 14:29:12,,8,2
384474579489998,249982007489998,2015,54,2,91,1873.0,2.0,1,LONIC,1,LONIC,1,2016-04-07 14:29:12,,8,2
384474580489998,249982007489998,2015,54,2,91,1873.0,4.0,1,LONIC,1,LONIC,1,2016-04-07 14:29:12,,8,2
384474581489998,249982007489998,2015,54,2,91,1873.0,2.0,1,MIVI,1,MIVI,1,2016-04-07 14:29:12,,8,2
384474582489998,249982007489998,2015,54,2,91,1873.0,3.0,1,MIVI,1,MIVI,1,2016-04-07 14:29:12,,8,2
384474583489998,249982007489998,2015,54,2,91,1873.0,1.0,1,ROMU,1,ROMU,3,2016-04-07 14:29:12,,8,2
384474584489998,249982007489998,2015,54,2,91,1873.0,2.0,1,ROMU,1,ROMU,4,2016-04-07 14:29:12,,8,2
384474585489998,249982007489998,2015,54,2,91,1873.0,3.0,1,ROMU,1,ROMU,3,2016-04-07 14:29:12,,8,2
384474586489998,249982007489998,2015,54,2,91,1873.0,4.0,1,ROMU,1,ROMU,4,2016-04-07 14:29:12,,8,2
384474885489998,249982031489998,2015,54,2,71,2100.0,1.0,1,ALPE4,1,ALPE4,1,2016-04-07 14:29:13,,8,2
384474886489998,249982031489998,2015,54,2,71,2100.0,2.0,1,ALPE4,1,ALPE4,1,2016-04-07 14:29:13,,8,2
384474887489998,249982031489998,2015,54,2,71,2100.0,3.0,1,ALPE4,1,ALPE4,2,2016-04-07 14:29:13,,8,2
384474888489998,249982031489998,2015,54,2,71,2100.0,1.0,1,ROMU,1,ROMU,1,2016-04-07 14:29:13,,8,2
384474889489998,249982031489998,2015,54,2,71,2100.0,2.0,1,ROMU,1,ROMU,1,2016-04-07 14:29:13,,8,2
384474890489998,249982031489998,2015,54,2,71,2100.0,3.0,1,ROMU,1,ROMU,2,2016-04-07 14:29:13,,8,2
384474891489998,249982031489998,2015,54,2,71,2100.0,2.0,1,ROPS,1,ROPS,1,2016-04-07 14:29:13,,8,2
384474892489998,249982031489998,2015,54,2,71,2100.0,3.0,1,ROPS,1,ROPS,2,2016-04-07 14:29:13,,8,2
384468626489998,249981897489998,2015,54,4,35,1145.0,1.0,1,AIAL,1,AIAL,5,2016-04-07 14:28:17,,8,2
384468627489998,249981897489998,2015,54,4,35,1145.0,1.0,1,LOJA,1,LOJA,1,2016-04-07 14:28:18,,8,2
384468628489998,249981897489998,2015,54,4,35,1145.0,3.0,1,LOJA,1,LOJA,5,2016-04-07 14:28:18,,8,2
384468629489998,249981897489998,2015,54,4,35,1145.0,1.0,1,LOMA6,1,LOMA6,1,2016-04-07 14:28:18,,8,2
384468630489998,249981897489998,2015,54,4,35,1145.0,1.0,1,MIVI,1,MIVI,5,2016-04-07 14:28:18,,8,2
384468631489998,249981897489998,2015,54,4,35,1145.0,3.0,1,MIVI,1,MIVI,15,2016-04-07 14:28:18,,8,2
384468830489998,249981965489998,2015,54,3,89,2394.0,1.0,1,ELUM,1,ELUM,1,2016-04-07 14:28:21,,8,2
384468831489998,249981965489998,2015,54,3,89,2394.0,2.0,1,ELUM,1,ELUM,5,2016-04-07 14:28:21,,8,2
384468832489998,249981965489998,2015,54,3,89,2394.0,3.0,1,ELUM,1,ELUM,5,2016-04-07 14:28:21,,8,2
384468833489998,249981965489998,2015,54,3,89,2394.0,4.0,1,ROPS,1,ROPS,1,2016-04-07 14:28:21,,8,2
384469179489998,171920478020004,2015,54,4,17,2692.0,1.0,1,BETH,1,BETH,2,2016-04-07 14:28:27,,8,2
384469180489998,171920478020004,2015,54,4,17,2692.0,1.0,1,ELUM,1,ELUM,5,2016-04-07 14:28:27,,8,2
384469181489998,171920478020004,2015,54,4,17,2692.0,2.0,1,ELUM,1,ELUM,1,2016-04-07 14:28:27,,8,2
384469182489998,171920478020004,2015,54,4,17,2692.0,3.0,1,ELUM,1,ELUM,3,2016-04-07 14:28:27,,8,2
384469183489998,171920478020004,2015,54,4,17,2692.0,4.0,1,ELUM,1,ELUM,1,2016-04-07 14:28:27,,8,2
384469184489998,171920478020004,2015,54,4,17,2692.0,1.0,1,MIVI,1,MIVI,18,2016-04-07 14:28:27,,8,2
384469185489998,171920478020004,2015,54,4,17,2692.0,2.0,1,MIVI,1,MIVI,25,2016-04-07 14:28:27,,8,2
384469186489998,171920478020004,2015,54,4,17,2692.0,3.0,1,MIVI,1,MIVI,2,2016-04-07 14:28:27,,8,2
384469187489998,171920478020004,2015,54,4,17,2692.0,4.0,1,MIVI,1,MIVI,19,2016-04-07 14:28:27,,8,2
384469188489998,171920478020004,2015,54,4,17,2692.0,1.0,1,ROMU,1,ROMU,3,2016-04-07 14:28:27,,8,2
384469189489998,171920478020004,2015,54,4,17,2692.0,3.0,1,ROMU,1,ROMU,2,2016-04-07 14:28:27,,8,2
384469190489998,171920478020004,2015,54,4,17,2692.0,4.0,1,ROMU,1,ROMU,2,2016-04-07 14:28:27,,8,2
384469696489998,171920237020004,2015,54,3,67,2152.0,1.0,1,AIAL,1,AIAL,10,2016-04-07 14:28:32,,8,2
384469697489998,171920237020004,2015,54,3,67,2152.0,2.0,1,LOJA,1,LOJA,5,2016-04-07 14:28:32,,8,2
384469864489998,171920411020004,2015,54,4,99,1933.0,1.0,1,ROMU,1,ROMU,1,2016-04-07 14:28:33,,8,2
384469865489998,171920411020004,2015,54,4,99,1933.0,2.0,1,ROMU,1,ROMU,1,2016-04-07 14:28:33,,8,2
384469866489998,171920411020004,2015,54,4,99,1933.0,4.0,1,ROMU,1,ROMU,1,2016-04-07 14:28:33,,8,2
384469867489998,171920411020004,2015,54,4,99,1933.0,1.0,1,ROPS,1,ROPS,1,2016-04-07 14:28:33,,8,2
384469868489998,171920411020004,2015,54,4,99,1933.0,2.0,1,ROPS,1,ROPS,1,2016-04-07 14:28:33,,8,2
384469869489998,171920411020004,2015,54,4,99,1933.0,4.0,1,ROPS,1,ROPS,1,2016-04-07 14:28:33,,8,2
384470308489998,249981902489998,2015,54,3,5,139.0,1.0,1,AIAL,1,AIAL,1,2016-04-07 14:28:37,,8,2
384470309489998,249981902489998,2015,54,3,5,139.0,2.0,2,AIAL,1,AIAL,5,2016-04-07 14:28:37,,8,2
384470310489998,249981902489998,2015,54,3,5,139.0,4.0,1,ROPS,1,ROPS,5,2016-04-07 14:28:37,,8,2
384470554489998,249982019489998,2015,54,2,41,2378.0,2.0,1,CEOR7,1,CEOR7,6,2016-04-07 14:28:39,,8,2
384470555489998,249982019489998,2015,54,2,41,2378.0,1.0,1,ELUM,1,ELUM,1,2016-04-07 14:28:39,,8,2
384470556489998,249982019489998,2015,54,2,41,2378.0,4.0,1,ELUM,1,ELUM,1,2016-04-07 14:28:39,,8,2
384470557489998,249982019489998,2015,54,2,41,2378.0,3.0,1,MIVI,1,MIVI,1,2016-04-07 14:28:39,,8,2
384470558489998,249982019489998,2015,54,2,41,2378.0,1.0,1,ROMU,1,ROMU,1,2016-04-07 14:28:39,,8,2
384470559489998,249982019489998,2015,54,2,41,2378.0,2.0,1,ROMU,1,ROMU,1,2016-04-07 14:28:39,,8,2
384470560489998,249982019489998,2015,54,2,41,2378.0,3.0,1,ROMU,1,ROMU,1,2016-04-07 14:28:39,,8,2
384470561489998,249982019489998,2015,54,2,41,2378.0,4.0,1,ROMU,1,ROMU,1,2016-04-07 14:28:39,,8,2
384470773489998,171920262020004,2015,54,4,103,3601.0,1.0,1,ELUM,1,ELUM,7,2016-04-07 14:28:41,,8,2
384470774489998,171920262020004,2015,54,4,103,3601.0,2.0,1,ELUM,1,ELUM,2,2016-04-07 14:28:41,,8,2
384470775489998,171920262020004,2015,54,4,103,3601.0,3.0,1,ELUM,1,ELUM,1,2016-04-07 14:28:41,,8,2
384470776489998,171920262020004,2015,54,4,103,3601.0,4.0,1,ELUM,1,ELUM,8,2016-04-07 14:28:41,,8,2
384470777489998,171920262020004,2015,54,4,103,3601.0,2.0,1,LONIC,1,LONIC,1,2016-04-07 14:28:41,,8,2
384470778489998,171920262020004,2015,54,4,103,3601.0,1.0,1,MIVI,1,MIVI,40,2016-04-07 14:28:41,,8,2
384470779489998,171920262020004,2015,54,4,103,3601.0,2.0,1,MIVI,1,MIVI,40,2016-04-07 14:28:41,,8,2
384470780489998,171920262020004,2015,54,4,103,3601.0,3.0,1,MIVI,1,MIVI,15,2016-04-07 14:28:41,,8,2
384470781489998,171920262020004,2015,54,4,103,3601.0,4.0,1,MIVI,1,MIVI,10,2016-04-07 14:28:41,,8,2
384470782489998,171920262020004,2015,54,4,103,3601.0,1.0,1,ROMU,1,ROMU,3,2016-04-07 14:28:41,,8,2
384470783489998,171920262020004,2015,54,4,103,3601.0,2.0,1,ROMU,1,ROMU,2,2016-04-07 14:28:41,,8,2
384470784489998,171920262020004,2015,54,4,103,3601.0,3.0,1,ROMU,1,ROMU,2,2016-04-07 14:28:41,,8,2
384470785489998,171920262020004,2015,54,4,103,3601.0,4.0,1,ROMU,1,ROMU,3,2016-04-07 14:28:41,,8,2
384470786489998,171920262020004,2015,54,4,103,3601.0,1.0,1,ROPS,1,ROPS,1,2016-04-07 14:28:41,,8,2
212744539020004,247065236010661,2012,54,4,53,1601.0,4.0,1,CEOR7,1,CEOR7,1,2013-07-22 09:23:14,,7,4
212744540020004,247065236010661,2012,54,4,53,1601.0,3.0,1,LOJA,1,LOJA,5,2013-07-22 09:23:14,,7,4
212744541020004,247065236010661,2012,54,4,53,1601.0,4.0,1,ROPS,1,ROPS,22,2013-07-22 09:23:14,,7,4
212744880020004,247065427010661,2012,54,4,17,1836.0,1.0,1,BETH,1,BETH,1,2013-07-22 09:23:18,,7,4
212744881020004,247065427010661,2012,54,4,17,1836.0,2.0,1,BETH,1,BETH,2,2013-07-22 09:23:18,,7,4
212744882020004,247065427010661,2012,54,4,17,1836.0,3.0,1,BETH,1,BETH,9,2013-07-22 09:23:18,,7,4
212744883020004,247065427010661,2012,54,4,17,1836.0,3.0,1,MIVI,1,MIVI,12,2013-07-22 09:23:18,,7,4
212744884020004,247065427010661,2012,54,4,17,1836.0,1.0,1,ROMU,1,ROMU,3,2013-07-22 09:23:18,,7,4
212744885020004,247065427010661,2012,54,4,17,1836.0,2.0,1,ROMU,1,ROMU,1,2013-07-22 09:23:18,,7,4
212744886020004,247065427010661,2012,54,4,17,1836.0,3.0,1,ROMU,1,ROMU,1,2013-07-22 09:23:18,,7,4
212744887020004,247065427010661,2012,54,4,17,1836.0,4.0,1,ROMU,1,ROMU,2,2013-07-22 09:23:18,,7,4
212745659020004,247065357010661,2012,54,4,13,1984.0,4.0,1,LONIC,1,LONIC,1,2013-07-22 09:23:27,,7,4
212745660020004,247065357010661,2012,54,4,13,1984.0,1.0,1,ROMU,1,ROMU,1,2013-07-22 09:23:27,,7,4
212745661020004,247065357010661,2012,54,4,13,1984.0,3.0,1,ROMU,1,ROMU,1,2013-07-22 09:23:27,,7,4
212745662020004,247065357010661,2012,54,4,13,1984.0,4.0,1,ROMU,1,ROMU,1,2013-07-22 09:23:27,,7,4
212746502020004,247065657010661,2012,54,2,71,525.0,1.0,1,LONIC,1,LONIC,1,2013-07-22 09:23:36,,7,4
212746503020004,247065657010661,2012,54,2,71,525.0,1.0,1,ROPS,1,ROPS,1,2013-07-22 09:23:36,,7,4
212746504020004,247065657010661,2012,54,2,71,525.0,3.0,1,ROPS,1,ROPS,1,2013-07-22 09:23:36,,7,4
273373545489998,29637305020004,2013,54,4,21,521.0,2.0,1,AIAL,1,AIAL,1,2014-08-01 12:20:25,,7,5
273373546489998,29637305020004,2013,54,4,21,521.0,1.0,1,MIVI,1,MIVI,1,2014-08-01 12:20:25,,7,5
273373547489998,29637305020004,2013,54,4,21,521.0,2.0,1,MIVI,1,MIVI,2,2014-08-01 12:20:25,,7,5
273373548489998,29637305020004,2013,54,4,21,521.0,3.0,1,MIVI,1,MIVI,30,2014-08-01 12:20:25,,7,5
273373549489998,29637305020004,2013,54,4,21,521.0,4.0,1,MIVI,1,MIVI,2,2014-08-01 12:20:25,,7,5
273373550489998,29637305020004,2013,54,4,21,521.0,2.0,1,ROMU,1,ROMU,1,2014-08-01 12:20:25,,7,5
273373551489998,29637305020004,2013,54,4,21,521.0,4.0,1,ROMU,1,ROMU,1,2014-08-01 12:20:25,,7,5
273374333489998,29637515020004,2013,54,2,33,1497.0,4.0,1,BETH,1,BETH,1,2014-08-01 12:20:29,,7,5
273374334489998,29637515020004,2013,54,2,33,1497.0,2.0,1,CEOR7,1,CEOR7,1,2014-08-01 12:20:29,,7,5
273374335489998,29637515020004,2013,54,2,33,1497.0,3.0,1,CEOR7,1,CEOR7,1,2014-08-01 12:20:29,,7,5
273374336489998,29637515020004,2013,54,2,33,1497.0,4.0,1,CEOR7,1,CEOR7,20,2014-08-01 12:20:29,,7,5
273374337489998,29637515020004,2013,54,2,33,1497.0,4.0,1,ELUM,1,ELUM,2,2014-08-01 12:20:29,,7,5
273374338489998,29637515020004,2013,54,2,33,1497.0,2.0,1,LONIC,1,LONIC,1,2014-08-01 12:20:29,,7,5
273374339489998,29637515020004,2013,54,2,33,1497.0,3.0,1,LONIC,1,LONIC,1,2014-08-01 12:20:29,,7,5
273374340489998,29637515020004,2013,54,2,33,1497.0,4.0,1,LONIC,1,LONIC,3,2014-08-01 12:20:29,,7,5
273374341489998,29637515020004,2013,54,2,33,1497.0,1.0,1,ROMU,1,ROMU,1,2014-08-01 12:20:29,,7,5
273374342489998,29637515020004,2013,54,2,33,1497.0,2.0,1,ROMU,1,ROMU,1,2014-08-01 12:20:29,,7,5
273374343489998,29637515020004,2013,54,2,33,1497.0,3.0,1,ROMU,1,ROMU,1,2014-08-01 12:20:29,,7,5
273374344489998,29637515020004,2013,54,2,33,1497.0,4.0,1,ROMU,1,ROMU,29,2014-08-01 12:20:29,,7,5
273388307489998,29637098020004,2013,54,4,103,1018.0,3.0,1,AIAL,1,AIAL,10,2014-08-01 12:21:33,,7,5
273388308489998,29637098020004,2013,54,4,103,1018.0,2.0,1,LONIC,1,LONIC,1,2014-08-01 12:21:33,,7,5
273388309489998,29637098020004,2013,54,4,103,1018.0,1.0,1,ROMU,1,ROMU,5,2014-08-01 12:21:33,,7,5
273388310489998,29637098020004,2013,54,4,103,1018.0,2.0,1,ROMU,1,ROMU,5,2014-08-01 12:21:33,,7,5
273388311489998,29637098020004,2013,54,4,103,1018.0,3.0,1,ROMU,1,ROMU,10,2014-08-01 12:21:33,,7,5
273388312489998,29637098020004,2013,54,4,103,1018.0,4.0,1,ROMU,1,ROMU,2,2014-08-01 12:21:33,,7,5
273388313489998,29637098020004,2013,54,4,103,1018.0,1.0,1,ROPS,1,ROPS,5,2014-08-01 12:21:33,,7,5
273388314489998,29637098020004,2013,54,4,103,1018.0,2.0,1,ROPS,1,ROPS,15,2014-08-01 12:21:33,,7,5
273388315489998,29637098020004,2013,54,4,103,1018.0,4.0,1,ROPS,1,ROPS,2,2014-08-01 12:21:33,,7,5
273375015489998,29637078020004,2013,54,3,19,442.0,2.0,1,ELUM,1,ELUM,1,2014-08-01 12:20:32,,7,5
273375016489998,29637078020004,2013,54,3,19,442.0,2.0,1,ROMU,1,ROMU,3,2014-08-01 12:20:32,,7,5
273375017489998,29637078020004,2013,54,3,19,442.0,3.0,1,ROMU,1,ROMU,1,2014-08-01 12:20:32,,7,5
212743534020004,247065235010661,2012,54,4,99,1250.0,1.0,1,ELUM,1,ELUM,7,2013-07-22 09:22:58,,7,4
212743535020004,247065235010661,2012,54,4,99,1250.0,3.0,1,ELUM,1,ELUM,3,2013-07-22 09:22:58,,7,4
212743536020004,247065235010661,2012,54,4,99,1250.0,4.0,1,ELUM,1,ELUM,7,2013-07-22 09:22:58,,7,4
212743537020004,247065235010661,2012,54,4,99,1250.0,1.0,1,MIVI,1,MIVI,15,2013-07-22 09:22:58,,7,4
212743538020004,247065235010661,2012,54,4,99,1250.0,2.0,1,MIVI,1,MIVI,1,2013-07-22 09:22:58,,7,4
212743539020004,247065235010661,2012,54,4,99,1250.0,3.0,1,MIVI,1,MIVI,1,2013-07-22 09:22:58,,7,4
212743540020004,247065235010661,2012,54,4,99,1250.0,4.0,1,MIVI,1,MIVI,7,2013-07-22 09:22:58,,7,4
212743541020004,247065235010661,2012,54,4,99,1250.0,1.0,1,ROMU,1,ROMU,1,2013-07-22 09:22:58,,7,4
249336796010661,169112609010661,2010,54,3,63,1793.0,1.0,1,LOMO2,1,LOMO2,5,2011-06-02 14:20:04,,7,2
249336797010661,169112609010661,2010,54,3,63,1793.0,2.0,1,LOMO2,1,LOMO2,2,2011-06-02 14:20:04,,7,2
249336798010661,169112609010661,2010,54,3,63,1793.0,3.0,2,LOMO2,1,LOMO2,1,2011-06-02 14:20:04,,7,2
249336799010661,169112609010661,2010,54,3,63,1793.0,1.0,1,ROMU,1,ROMU,6,2011-06-02 14:20:04,,7,2
249336800010661,169112609010661,2010,54,3,63,1793.0,2.0,1,ROMU,1,ROMU,11,2011-06-02 14:20:04,,7,2
249336801010661,169112609010661,2010,54,3,63,1793.0,4.0,1,ROMU,1,ROMU,21,2011-06-02 14:20:04,,7,2
249336872010661,169112937010661,2010,54,4,103,711.0,3.0,1,AIAL,1,AIAL,25,2011-06-02 14:20:05,,7,2
249336873010661,169112937010661,2010,54,4,103,711.0,1.0,1,MIVI,1,MIVI,5,2011-06-02 14:20:05,,7,2
249336874010661,169112937010661,2010,54,4,103,711.0,3.0,1,MIVI,1,MIVI,30,2011-06-02 14:20:05,,7,2
249336875010661,169112937010661,2010,54,4,103,711.0,1.0,1,ROMU,1,ROMU,5,2011-06-02 14:20:05,,7,2
249336876010661,169112937010661,2010,54,4,103,711.0,2.0,1,ROMU,1,ROMU,1,2011-06-02 14:20:05,,7,2
249336877010661,169112937010661,2010,54,4,103,711.0,3.0,1,ROMU,1,ROMU,1,2011-06-02 14:20:05,,7,2
249336878010661,169112937010661,2010,54,4,103,711.0,4.0,1,ROMU,1,ROMU,3,2011-06-02 14:20:05,,7,2
249336879010661,169112937010661,2010,54,4,103,711.0,2.0,1,ROPS,1,ROPS,10,2011-06-02 14:20:05,,7,2
249336533010661,169112763010661,2010,54,2,7,310.0,1.0,1,ELUM,1,ELUM,1,2011-06-02 14:20:03,,7,2
249336534010661,169112763010661,2010,54,2,7,310.0,2.0,1,MIVI,1,MIVI,1,2011-06-02 14:20:03,,7,2
249336535010661,169112763010661,2010,54,2,7,310.0,3.0,1,MIVI,1,MIVI,1,2011-06-02 14:20:03,,7,2
249336536010661,169112763010661,2010,54,2,7,310.0,4.0,1,MIVI,1,MIVI,1,2011-06-02 14:20:03,,7,2
249336537010661,169112763010661,2010,54,2,7,310.0,1.0,1,ROMU,1,ROMU,1,2011-06-02 14:20:03,,7,2
249336538010661,169112763010661,2010,54,2,7,310.0,2.0,1,ROMU,1,ROMU,1,2011-06-02 14:20:03,,7,2
249336539010661,169112763010661,2010,54,2,7,310.0,4.0,1,ROMU,1,ROMU,1,2011-06-02 14:20:03,,7,2
249336589010661,169112833010661,2010,54,4,21,205.0,1.0,1,ELUM,1,ELUM,3,2011-06-02 14:20:04,,7,2
249336590010661,169112833010661,2010,54,4,21,205.0,2.0,1,ELUM,1,ELUM,3,2011-06-02 14:20:04,,7,2
249336591010661,169112833010661,2010,54,4,21,205.0,3.0,1,ELUM,1,ELUM,5,2011-06-02 14:20:04,,7,2
249336592010661,169112833010661,2010,54,4,21,205.0,1.0,1,LONIC,1,LONIC,1,2011-06-02 14:20:04,,7,2
249336593010661,169112833010661,2010,54,4,21,205.0,2.0,1,LONIC,1,LONIC,1,2011-06-02 14:20:04,,7,2
249336594010661,169112833010661,2010,54,4,21,205.0,4.0,1,LONIC,1,LONIC,1,2011-06-02 14:20:04,,7,2
249336595010661,169112833010661,2010,54,4,21,205.0,1.0,1,ROMU,1,ROMU,1,2011-06-02 14:20:04,,7,2
249336596010661,169112833010661,2010,54,4,21,205.0,2.0,1,ROMU,1,ROMU,1,2011-06-02 14:20:04,,7,2
249336597010661,169112833010661,2010,54,4,21,205.0,3.0,1,ROMU,1,ROMU,1,2011-06-02 14:20:04,,7,2
249336598010661,169112833010661,2010,54,4,21,205.0,4.0,1,ROMU,1,ROMU,1,2011-06-02 14:20:04,,7,2
249336911010661,169112897010661,2010,54,3,109,1510.0,4.0,2,ROMU,1,ROMU,1,2011-06-02 14:20:05,,7,2
249336912010661,169112897010661,2010,54,3,109,1510.0,1.0,2,ROPS,1,ROPS,1,2011-06-02 14:20:05,,7,2
249336913010661,169112897010661,2010,54,3,109,1510.0,2.0,2,ROPS,1,ROPS,2,2011-06-02 14:20:05,,7,2
249336914010661,169112897010661,2010,54,3,109,1510.0,2.0,3,ROPS,1,ROPS,2,2011-06-02 14:20:05,,7,2
249336747010661,169113039010661,2010,54,3,47,1853.0,4.0,1,ROMU,1,ROMU,1,2011-06-02 14:20:04,,7,2
249336748010661,169113039010661,2010,54,3,47,1853.0,2.0,1,ROPS,1,ROPS,11,2011-06-02 14:20:04,,7,2
249336749010661,169113039010661,2010,54,3,47,1853.0,3.0,1,ROPS,1,ROPS,19,2011-06-02 14:20:04,,7,2
249336897010661,169113135010661,2010,54,4,107,1954.0,1.0,1,LOJA,1,LOJA,15,2011-06-02 14:20:05,,7,2
249336898010661,169113135010661,2010,54,4,107,1954.0,3.0,1,LOJA,1,LOJA,35,2011-06-02 14:20:05,,7,2
249336899010661,169113135010661,2010,54,4,107,1954.0,4.0,1,LOJA,1,LOJA,25,2011-06-02 14:20:05,,7,2
249336900010661,169113135010661,2010,54,4,107,1954.0,3.0,1,LONIC,1,LONIC,1,2011-06-02 14:20:05,,7,2
249336901010661,169113135010661,2010,54,4,107,1954.0,1.0,1,ROMU,1,ROMU,5,2011-06-02 14:20:05,,7,2
249336902010661,169113135010661,2010,54,4,107,1954.0,2.0,1,ROMU,1,ROMU,1,2011-06-02 14:20:05,,7,2
249336903010661,169113135010661,2010,54,4,107,1954.0,3.0,1,ROMU,1,ROMU,25,2011-06-02 14:20:05,,7,2
249336904010661,169113135010661,2010,54,4,107,1954.0,4.0,1,ROMU,1,ROMU,5,2011-06-02 14:20:05,,7,2
249336905010661,169113135010661,2010,54,4,107,1954.0,1.0,1,ROPS,1,ROPS,5,2011-06-02 14:20:05,,7,2
249336906010661,169113135010661,2010,54,4,107,1954.0,3.0,1,ROPS,1,ROPS,5,2011-06-02 14:20:05,,7,2
249336896010661,169113135010661,2010,54,4,107,1954.0,1.0,1,BETH,1,BETH,1,2011-06-02 14:20:05,,7,2
249336662010661,169112739010661,2010,54,2,33,830.0,1.0,2,CEOR7,1,CEOR7,1,2011-06-02 14:20:04,,7,2
249336663010661,169112739010661,2010,54,2,33,830.0,3.0,1,CEOR7,1,CEOR7,3,2011-06-02 14:20:04,,7,2
249336664010661,169112739010661,2010,54,2,33,830.0,4.0,1,CEOR7,1,CEOR7,1,2011-06-02 14:20:04,,7,2
249336665010661,169112739010661,2010,54,2,33,830.0,1.0,1,ELUM,1,ELUM,1,2011-06-02 14:20:04,,7,2
249336666010661,169112739010661,2010,54,2,33,830.0,1.0,2,ELUM,1,ELUM,1,2011-06-02 14:20:04,,7,2
249336667010661,169112739010661,2010,54,2,33,830.0,2.0,2,ELUM,1,ELUM,6,2011-06-02 14:20:04,,7,2
249336668010661,169112739010661,2010,54,2,33,830.0,3.0,1,ELUM,1,ELUM,3,2011-06-02 14:20:04,,7,2
249336669010661,169112739010661,2010,54,2,33,830.0,4.0,1,ELUM,1,ELUM,1,2011-06-02 14:20:04,,7,2
249336670010661,169112739010661,2010,54,2,33,830.0,3.0,1,LIVU,1,LIVU,1,2011-06-02 14:20:04,,7,2
249336671010661,169112739010661,2010,54,2,33,830.0,4.0,1,LOJA,1,LOJA,1,2011-06-02 14:20:04,,7,2
249336672010661,169112739010661,2010,54,2,33,830.0,1.0,1,MIVI,1,MIVI,1,2011-06-02 14:20:04,,7,2
249336673010661,169112739010661,2010,54,2,33,830.0,1.0,2,MIVI,1,MIVI,1,2011-06-02 14:20:04,,7,2
249336674010661,169112739010661,2010,54,2,33,830.0,4.0,1,MIVI,1,MIVI,4,2011-06-02 14:20:04,,7,2
249336675010661,169112739010661,2010,54,2,33,830.0,1.0,1,ROMU,1,ROMU,6,2011-06-02 14:20:04,,7,2
249336676010661,169112739010661,2010,54,2,33,830.0,1.0,2,ROMU,1,ROMU,3,2011-06-02 14:20:04,,7,2
249336677010661,169112739010661,2010,54,2,33,830.0,2.0,2,ROMU,1,ROMU,10,2011-06-02 14:20:04,,7,2
249336795010661,169112609010661,2010,54,3,63,1793.0,4.0,1,LOMA6,1,LOMA6,9,2011-06-02 14:20:04,,7,2
32561754020004,222519040010661,2011,54,4,17,2157.0,4.0,1,ROMU,1,ROMU,5,2012-04-12 10:32:48,,7,3
32561755020004,222519040010661,2011,54,4,17,2157.0,4.0,2,ROMU,1,ROMU,1,2012-04-12 10:32:48,,7,3
32561768020004,222519046010661,2011,54,4,85,347.0,4.0,1,CIVU,1,CIVU,1,2012-04-12 10:32:49,,7,3
32561769020004,222519046010661,2011,54,4,85,347.0,1.0,1,ROMU,1,ROMU,1,2012-04-12 10:32:49,,7,3
32561817020004,222519068010661,2011,54,3,25,461.0,2.0,2,ROMU,1,ROMU,1,2012-04-12 10:32:51,,7,3
32561818020004,222519068010661,2011,54,3,25,461.0,1.0,2,ROPS,1,ROPS,2,2012-04-12 10:32:51,,7,3
32562432020004,222519330010661,2011,54,4,85,1320.0,1.0,1,LYNU,1,LYNU,3,2012-04-12 10:33:11,,7,3
32562433020004,222519330010661,2011,54,4,85,1320.0,3.0,2,LYNU,1,LYNU,1,2012-04-12 10:33:11,,7,3
32562434020004,222519330010661,2011,54,4,85,1320.0,1.0,1,MIVI,1,MIVI,6,2012-04-12 10:33:11,,7,3
32562435020004,222519330010661,2011,54,4,85,1320.0,2.0,1,MIVI,1,MIVI,1,2012-04-12 10:33:11,,7,3
32562436020004,222519330010661,2011,54,4,85,1320.0,3.0,2,MIVI,1,MIVI,5,2012-04-12 10:33:11,,7,3
32562437020004,222519330010661,2011,54,4,85,1320.0,4.0,1,MIVI,1,MIVI,5,2012-04-12 10:33:11,,7,3
32562438020004,222519330010661,2011,54,4,85,1320.0,1.0,1,ROMU,1,ROMU,35,2012-04-12 10:33:11,,7,3
32562439020004,222519330010661,2011,54,4,85,1320.0,2.0,1,ROMU,1,ROMU,10,2012-04-12 10:33:11,,7,3
32562440020004,222519330010661,2011,54,4,85,1320.0,3.0,2,ROMU,1,ROMU,20,2012-04-12 10:33:11,,7,3
32562441020004,222519330010661,2011,54,4,85,1320.0,4.0,1,ROMU,1,ROMU,5,2012-04-12 10:33:11,,7,3
32562471020004,222519344010661,2011,54,4,87,1764.0,4.0,1,ELUM,1,ELUM,1,2012-04-12 10:33:12,,7,3
32562472020004,222519344010661,2011,54,4,87,1764.0,3.0,1,LOJA,1,LOJA,1,2012-04-12 10:33:12,,7,3
32562473020004,222519344010661,2011,54,4,87,1764.0,4.0,1,LOJA,1,LOJA,10,2012-04-12 10:33:12,,7,3
32562474020004,222519344010661,2011,54,4,87,1764.0,3.0,1,MIVI,1,MIVI,13,2012-04-12 10:33:12,,7,3
32562475020004,222519344010661,2011,54,4,87,1764.0,4.0,1,MIVI,1,MIVI,1,2012-04-12 10:33:12,,7,3
32562476020004,222519344010661,2011,54,4,87,1764.0,3.0,1,ROMU,1,ROMU,2,2012-04-12 10:33:12,,7,3
32562477020004,222519344010661,2011,54,4,87,1764.0,4.0,1,ROMU,1,ROMU,1,2012-04-12 10:33:12,,7,3
32562537020004,222519372010661,2011,54,3,109,2439.0,3.0,1,ROMU,1,ROMU,3,2012-04-12 10:33:14,,7,3
32562538020004,222519372010661,2011,54,3,109,2439.0,2.0,1,ROPS,1,ROPS,6,2012-04-12 10:33:14,,7,3
32562562020004,222519382010661,2011,54,3,109,2158.0,4.0,1,ROMU,1,ROMU,1,2012-04-12 10:33:15,,7,3
32562579020004,222519388010661,2011,54,3,47,981.0,4.0,1,LOJA,1,LOJA,10,2012-04-12 10:33:15,,7,3
32562580020004,222519388010661,2011,54,3,47,981.0,1.0,1,ROMU,1,ROMU,2,2012-04-12 10:33:15,,7,3
32562581020004,222519388010661,2011,54,3,47,981.0,2.0,1,ROMU,1,ROMU,1,2012-04-12 10:33:15,,7,3
32562582020004,222519388010661,2011,54,3,47,981.0,4.0,1,ROMU,1,ROMU,25,2012-04-12 10:33:15,,7,3
32562583020004,222519388010661,2011,54,3,47,981.0,1.0,1,ROPS,1,ROPS,5,2012-04-12 10:33:15,,7,3
32562584020004,222519388010661,2011,54,3,47,981.0,2.0,1,ROPS,1,ROPS,10,2012-04-12 10:33:15,,7,3
32562585020004,222519388010661,2011,54,3,47,981.0,3.0,1,ROPS,1,ROPS,14,2012-04-12 10:33:15,,7,3
32562619020004,222519404010661,2011,54,4,105,106.0,1.0,1,ROMU,1,ROMU,1,2012-04-12 10:33:16,,7,3
32562645020004,222519416010661,2011,54,4,87,4.0,1.0,1,CEOR7,1,CEOR7,1,2012-04-12 10:33:17,,7,3
32562646020004,222519416010661,2011,54,4,87,4.0,2.0,2,CEOR7,1,CEOR7,1,2012-04-12 10:33:17,,7,3
32562647020004,222519416010661,2011,54,4,87,4.0,1.0,1,ROMU,1,ROMU,5,2012-04-12 10:33:17,,7,3
32562648020004,222519416010661,2011,54,4,87,4.0,2.0,2,ROMU,1,ROMU,3,2012-04-12 10:33:17,,7,3
32562649020004,222519416010661,2011,54,4,87,4.0,4.0,1,ROMU,1,ROMU,2,2012-04-12 10:33:17,,7,3
32564029020004,222519986010661,2011,54,2,27,48.0,3.0,1,ALPE4,1,ALPE4,7,2012-04-12 10:33:58,,7,3
32562677020004,222519428010661,2011,54,3,19,839.0,3.0,1,ALPE4,1,ALPE4,1,2012-04-12 10:33:18,,7,3
32562678020004,222519428010661,2011,54,3,19,839.0,1.0,1,ELUM,1,ELUM,1,2012-04-12 10:33:18,,7,3
32562679020004,222519428010661,2011,54,3,19,839.0,3.0,1,ELUM,1,ELUM,3,2012-04-12 10:33:18,,7,3
32562680020004,222519428010661,2011,54,3,19,839.0,1.0,1,ROMU,1,ROMU,18,2012-04-12 10:33:18,,7,3
32562681020004,222519428010661,2011,54,3,19,839.0,2.0,1,ROMU,1,ROMU,4,2012-04-12 10:33:18,,7,3
32562682020004,222519428010661,2011,54,3,19,839.0,3.0,1,ROMU,1,ROMU,15,2012-04-12 10:33:18,,7,3
32562683020004,222519428010661,2011,54,3,19,839.0,4.0,1,ROMU,1,ROMU,2,2012-04-12 10:33:18,,7,3
32562684020004,222519428010661,2011,54,3,19,839.0,1.0,1,ROPS,1,ROPS,38,2012-04-12 10:33:18,,7,3
32562685020004,222519428010661,2011,54,3,19,839.0,2.0,1,ROPS,1,ROPS,40,2012-04-12 10:33:18,,7,3
32562686020004,222519428010661,2011,54,3,19,839.0,3.0,1,ROPS,1,ROPS,10,2012-04-12 10:33:18,,7,3
32562687020004,222519428010661,2011,54,3,19,839.0,4.0,1,ROPS,1,ROPS,20,2012-04-12 10:33:18,,7,3
32562700020004,222519434010661,2011,54,3,39,1127.0,1.0,1,MIVI,1,MIVI,1,2012-04-12 10:33:18,,7,3
32562701020004,222519434010661,2011,54,3,39,1127.0,2.0,1,MIVI,1,MIVI,2,2012-04-12 10:33:18,,7,3
32562702020004,222519434010661,2011,54,3,39,1127.0,4.0,1,ROPS,1,ROPS,20,2012-04-12 10:33:18,,7,3
32562758020004,222519460010661,2011,54,4,103,1967.0,3.0,2,LOMO2,1,LOMO2,2,2012-04-12 10:33:20,,7,3
212748340020004,247065429010661,2012,54,4,17,1592.0,3.0,1,ELUM,1,ELUM,2,2013-07-22 09:24:00,,7,4
384470787489998,171920262020004,2015,54,4,103,3601.0,2.0,1,ROPS,1,ROPS,2,2016-04-07 14:28:41,,8,2
384470788489998,171920262020004,2015,54,4,103,3601.0,1.0,1,SPJA,1,SPJA,3,2016-04-07 14:28:41,,8,2
384470789489998,171920262020004,2015,54,4,103,3601.0,2.0,1,SPJA,1,SPJA,5,2016-04-07 14:28:41,,8,2
384470790489998,171920262020004,2015,54,4,103,3601.0,3.0,1,SPJA,1,SPJA,1,2016-04-07 14:28:41,,8,2
384470791489998,171920262020004,2015,54,4,103,3601.0,4.0,1,SPJA,1,SPJA,1,2016-04-07 14:28:41,,8,2
384470977489998,171920387020004,2015,54,3,39,791.0,2.0,1,AIAL,1,AIAL,10,2016-04-07 14:28:42,,8,2
384470978489998,171920387020004,2015,54,3,39,791.0,4.0,1,BEVU,1,BEVU,1,2016-04-07 14:28:42,,8,2
384471220489998,249981884489998,2015,54,2,71,1818.0,1.0,1,ROPS,1,ROPS,2,2016-04-07 14:28:44,,8,2
384471221489998,249981884489998,2015,54,2,71,1818.0,2.0,1,ROPS,1,ROPS,5,2016-04-07 14:28:44,,8,2
384471222489998,249981884489998,2015,54,2,71,1818.0,3.0,1,ROPS,1,ROPS,1,2016-04-07 14:28:44,,8,2
384471223489998,249981884489998,2015,54,2,71,1818.0,4.0,1,ROPS,1,ROPS,3,2016-04-07 14:28:44,,8,2
384471829489998,249981846489998,2015,54,4,43,235.0,1.0,1,CEOR7,1,CEOR7,2,2016-04-07 14:28:52,,8,2
384471830489998,249981846489998,2015,54,4,43,235.0,1.0,1,ELUM,1,ELUM,50,2016-04-07 14:28:52,,8,2
384471831489998,249981846489998,2015,54,4,43,235.0,2.0,1,ELUM,1,ELUM,40,2016-04-07 14:28:52,,8,2
384471832489998,249981846489998,2015,54,4,43,235.0,3.0,1,ELUM,1,ELUM,45,2016-04-07 14:28:52,,8,2
384471833489998,249981846489998,2015,54,4,43,235.0,4.0,1,ELUM,1,ELUM,70,2016-04-07 14:28:52,,8,2
384471834489998,249981846489998,2015,54,4,43,235.0,1.0,1,LOJA,1,LOJA,5,2016-04-07 14:28:52,,8,2
384471835489998,249981846489998,2015,54,4,43,235.0,2.0,1,LOJA,1,LOJA,2,2016-04-07 14:28:52,,8,2
384471836489998,249981846489998,2015,54,4,43,235.0,3.0,1,LOJA,1,LOJA,10,2016-04-07 14:28:52,,8,2
384471837489998,249981846489998,2015,54,4,43,235.0,4.0,1,LOJA,1,LOJA,10,2016-04-07 14:28:52,,8,2
384471838489998,249981846489998,2015,54,4,43,235.0,1.0,1,MIVI,1,MIVI,10,2016-04-07 14:28:52,,8,2
384471839489998,249981846489998,2015,54,4,43,235.0,2.0,1,MIVI,1,MIVI,5,2016-04-07 14:28:52,,8,2
384471840489998,249981846489998,2015,54,4,43,235.0,3.0,1,MIVI,1,MIVI,8,2016-04-07 14:28:52,,8,2
384471841489998,249981846489998,2015,54,4,43,235.0,4.0,1,MIVI,1,MIVI,15,2016-04-07 14:28:52,,8,2
384471842489998,249981846489998,2015,54,4,43,235.0,1.0,1,ROMU,1,ROMU,5,2016-04-07 14:28:52,,8,2
384471843489998,249981846489998,2015,54,4,43,235.0,2.0,1,ROMU,1,ROMU,10,2016-04-07 14:28:52,,8,2
384471844489998,249981846489998,2015,54,4,43,235.0,3.0,1,ROMU,1,ROMU,5,2016-04-07 14:28:52,,8,2
384471845489998,249981846489998,2015,54,4,43,235.0,4.0,1,ROMU,1,ROMU,5,2016-04-07 14:28:52,,8,2
384472063489998,249981989489998,2015,54,3,25,580.0,1.0,1,ROMU,1,ROMU,1,2016-04-07 14:28:54,,8,2
384472064489998,249981989489998,2015,54,3,25,580.0,2.0,1,ROMU,1,ROMU,1,2016-04-07 14:28:54,,8,2
384472065489998,249981989489998,2015,54,3,25,580.0,4.0,1,ROMU,1,ROMU,1,2016-04-07 14:28:54,,8,2
384472066489998,249981989489998,2015,54,3,25,580.0,4.0,1,ROPS,1,ROPS,3,2016-04-07 14:28:54,,8,2
384472305489998,171920312020004,2015,54,2,93,668.0,1.0,1,ROPS,1,ROPS,7,2016-04-07 14:28:57,,8,2
384472635489998,171920667020004,2015,54,2,3,610.0,4.0,2,ALPE4,1,ALPE4,2,2016-04-07 14:29:00,,8,2
384472636489998,171920667020004,2015,54,2,3,610.0,4.0,2,LONIC,1,LONIC,3,2016-04-07 14:29:00,,8,2
384472637489998,171920667020004,2015,54,2,3,610.0,4.0,2,MIVI,1,MIVI,3,2016-04-07 14:29:00,,8,2
384472878489998,249981898489998,2015,54,4,35,949.0,1.0,1,MIVI,1,MIVI,10,2016-04-07 14:29:02,,8,2
384472879489998,249981898489998,2015,54,4,35,949.0,4.0,1,MIVI,1,MIVI,10,2016-04-07 14:29:02,,8,2
384473015489998,249981948489998,2015,54,3,47,2474.0,2.0,1,ROMU,1,ROMU,10,2016-04-07 14:29:03,,8,2
384473016489998,249981948489998,2015,54,3,47,2474.0,3.0,1,ROMU,1,ROMU,1,2016-04-07 14:29:03,,8,2
329750630489998,171920587020004,2014,54,3,55,961.0,4.0,1,ROMU,1,ROMU,1,2015-05-22 06:53:52,,8,1
329756048489998,171920496020004,2014,54,3,55,2278.0,3.0,1,ROPS,1,ROPS,5,2015-05-22 06:54:19,,8,1
329763600489998,171920666020004,2014,54,2,65,623.0,1.0,1,AIAL,1,AIAL,3,2015-05-22 08:26:19,,8,1
329763601489998,171920666020004,2014,54,2,65,623.0,2.0,1,AIAL,1,AIAL,18,2015-05-22 08:26:19,,8,1
329763602489998,171920666020004,2014,54,2,65,623.0,4.0,1,AIAL,1,AIAL,17,2015-05-22 08:26:19,,8,1
329763603489998,171920666020004,2014,54,2,65,623.0,4.0,1,ALPE4,1,ALPE4,27,2015-05-22 08:26:19,,8,1
329763604489998,171920666020004,2014,54,2,65,623.0,2.0,1,LONIC,1,LONIC,1,2015-05-22 08:26:19,,8,1
329763605489998,171920666020004,2014,54,2,65,623.0,4.0,1,LONIC,1,LONIC,2,2015-05-22 08:26:19,,8,1
329763606489998,171920666020004,2014,54,2,65,623.0,1.0,1,MIVI,1,MIVI,5,2015-05-22 08:26:19,,8,1
329763607489998,171920666020004,2014,54,2,65,623.0,2.0,1,MIVI,1,MIVI,55,2015-05-22 08:26:19,,8,1
329763608489998,171920666020004,2014,54,2,65,623.0,4.0,1,MIVI,1,MIVI,30,2015-05-22 08:26:19,,8,1
273375018489998,29637078020004,2013,54,3,19,442.0,4.0,1,ROMU,1,ROMU,2,2014-08-01 12:20:32,,7,5
273375579489998,29637149020004,2013,54,3,109,1029.0,2.0,2,ELUM,1,ELUM,53,2014-08-01 12:20:34,,7,5
273375580489998,29637149020004,2013,54,3,109,1029.0,2.0,2,LIVU,1,LIVU,1,2014-08-01 12:20:34,,7,5
273375581489998,29637149020004,2013,54,3,109,1029.0,2.0,2,LOJA,1,LOJA,6,2014-08-01 12:20:34,,7,5
273375582489998,29637149020004,2013,54,3,109,1029.0,2.0,2,LOMO2,1,LOMO2,6,2014-08-01 12:20:34,,7,5
273375583489998,29637149020004,2013,54,3,109,1029.0,2.0,2,ROMU,1,ROMU,15,2014-08-01 12:20:34,,7,5
273388963489998,29637269020004,2013,54,4,51,1867.0,1.0,2,ALPE4,1,ALPE4,1,2014-08-01 12:21:36,,7,5
273388964489998,29637269020004,2013,54,4,51,1867.0,1.0,2,MIVI,1,MIVI,2,2014-08-01 12:21:36,,7,5
273388965489998,29637269020004,2013,54,4,51,1867.0,4.0,2,ROMU,1,ROMU,1,2014-08-01 12:21:36,,7,5
273389031489998,29637278020004,2013,54,3,39,1428.0,4.0,3,POCU6,1,POCU6,50,2014-08-01 12:21:36,,7,5
273389147489998,29637338020004,2013,54,4,85,1620.0,2.0,1,MIVI,1,MIVI,1,2014-08-01 12:21:37,,7,5
273389148489998,29637338020004,2013,54,4,85,1620.0,2.0,1,ROMU,1,ROMU,1,2014-08-01 12:21:37,,7,5
273389718489998,29637379020004,2013,54,4,11,26.0,1.0,1,BETH,1,BETH,2,2014-08-01 12:21:38,,7,5
273389719489998,29637379020004,2013,54,4,11,26.0,2.0,1,BETH,1,BETH,1,2014-08-01 12:21:38,,7,5
273389720489998,29637379020004,2013,54,4,11,26.0,2.0,2,BETH,1,BETH,1,2014-08-01 12:21:38,,7,5
273389721489998,29637379020004,2013,54,4,11,26.0,4.0,1,BETH,1,BETH,2,2014-08-01 12:21:38,,7,5
273389722489998,29637379020004,2013,54,4,11,26.0,1.0,1,CEOR7,1,CEOR7,5,2014-08-01 12:21:38,,7,5
273389723489998,29637379020004,2013,54,4,11,26.0,2.0,1,CEOR7,1,CEOR7,1,2014-08-01 12:21:38,,7,5
273389724489998,29637379020004,2013,54,4,11,26.0,2.0,2,CEOR7,1,CEOR7,2,2014-08-01 12:21:38,,7,5
273389725489998,29637379020004,2013,54,4,11,26.0,3.0,1,CEOR7,1,CEOR7,1,2014-08-01 12:21:38,,7,5
273389726489998,29637379020004,2013,54,4,11,26.0,4.0,1,CEOR7,1,CEOR7,25,2014-08-01 12:21:38,,7,5
273389727489998,29637379020004,2013,54,4,11,26.0,1.0,1,LIVU,1,LIVU,1,2014-08-01 12:21:38,,7,5
273389728489998,29637379020004,2013,54,4,11,26.0,2.0,1,LIVU,1,LIVU,5,2014-08-01 12:21:38,,7,5
273389729489998,29637379020004,2013,54,4,11,26.0,3.0,1,LIVU,1,LIVU,1,2014-08-01 12:21:38,,7,5
273389730489998,29637379020004,2013,54,4,11,26.0,4.0,1,LIVU,1,LIVU,2,2014-08-01 12:21:38,,7,5
273389731489998,29637379020004,2013,54,4,11,26.0,1.0,1,LOJA,1,LOJA,1,2014-08-01 12:21:38,,7,5
273389732489998,29637379020004,2013,54,4,11,26.0,2.0,1,LOJA,1,LOJA,1,2014-08-01 12:21:38,,7,5
273389733489998,29637379020004,2013,54,4,11,26.0,2.0,2,LOJA,1,LOJA,1,2014-08-01 12:21:38,,7,5
273389734489998,29637379020004,2013,54,4,11,26.0,1.0,1,LOMA6,1,LOMA6,20,2014-08-01 12:21:38,,7,5
273389735489998,29637379020004,2013,54,4,11,26.0,2.0,1,LOMA6,1,LOMA6,2,2014-08-01 12:21:38,,7,5
273389736489998,29637379020004,2013,54,4,11,26.0,2.0,2,LOMA6,1,LOMA6,5,2014-08-01 12:21:38,,7,5
273389737489998,29637379020004,2013,54,4,11,26.0,4.0,1,LOMA6,1,LOMA6,10,2014-08-01 12:21:38,,7,5
273389738489998,29637379020004,2013,54,4,11,26.0,2.0,2,MIVI,1,MIVI,8,2014-08-01 12:21:38,,7,5
273389739489998,29637379020004,2013,54,4,11,26.0,3.0,1,MIVI,1,MIVI,90,2014-08-01 12:21:38,,7,5
273389740489998,29637379020004,2013,54,4,11,26.0,4.0,1,MIVI,1,MIVI,25,2014-08-01 12:21:38,,7,5
273389741489998,29637379020004,2013,54,4,11,26.0,1.0,1,ROMU,1,ROMU,5,2014-08-01 12:21:38,,7,5
273389742489998,29637379020004,2013,54,4,11,26.0,2.0,1,ROMU,1,ROMU,1,2014-08-01 12:21:38,,7,5
273389743489998,29637379020004,2013,54,4,11,26.0,3.0,1,ROMU,1,ROMU,1,2014-08-01 12:21:38,,7,5
273389744489998,29637379020004,2013,54,4,11,26.0,4.0,1,ROMU,1,ROMU,2,2014-08-01 12:21:38,,7,5
273375732489998,29637255020004,2013,54,3,39,1505.0,3.0,1,AIAL,1,AIAL,10,2014-08-01 12:20:36,,7,5
273375733489998,29637255020004,2013,54,3,39,1505.0,4.0,1,AIAL,1,AIAL,8,2014-08-01 12:20:36,,7,5
273376375489998,29637314020004,2013,54,4,87,744.0,4.0,1,LOJA,1,LOJA,1,2014-08-01 12:20:38,,7,5
273376376489998,29637314020004,2013,54,4,87,744.0,1.0,1,MIVI,1,MIVI,8,2014-08-01 12:20:38,,7,5
273376377489998,29637314020004,2013,54,4,87,744.0,4.0,1,MIVI,1,MIVI,10,2014-08-01 12:20:38,,7,5
273377075489998,29637171020004,2013,54,2,75,1110.0,1.0,1,ROMU,1,ROMU,1,2014-08-01 12:20:44,,7,5
273377076489998,29637171020004,2013,54,2,75,1110.0,3.0,1,ROMU,1,ROMU,1,2014-08-01 12:20:44,,7,5
273377077489998,29637171020004,2013,54,2,75,1110.0,2.0,1,ROPS,1,ROPS,1,2014-08-01 12:20:44,,7,5
273377078489998,29637171020004,2013,54,2,75,1110.0,4.0,1,ROPS,1,ROPS,1,2014-08-01 12:20:44,,7,5
273377491489998,29637311020004,2013,54,4,13,17.0,1.0,1,LOJA,1,LOJA,1,2014-08-01 12:20:46,,7,5
273377492489998,29637311020004,2013,54,4,13,17.0,2.0,1,MIVI,1,MIVI,1,2014-08-01 12:20:46,,7,5
273377493489998,29637311020004,2013,54,4,13,17.0,3.0,1,MIVI,1,MIVI,3,2014-08-01 12:20:46,,7,5
273377494489998,29637311020004,2013,54,4,13,17.0,4.0,1,MIVI,1,MIVI,4,2014-08-01 12:20:46,,7,5
273377495489998,29637311020004,2013,54,4,13,17.0,1.0,1,ROMU,1,ROMU,1,2014-08-01 12:20:46,,7,5
273377496489998,29637311020004,2013,54,4,13,17.0,2.0,1,ROMU,1,ROMU,4,2014-08-01 12:20:46,,7,5
273377497489998,29637311020004,2013,54,4,13,17.0,4.0,1,ROMU,1,ROMU,35,2014-08-01 12:20:46,,7,5
273378005489998,29637322020004,2013,54,4,99,274.0,2.0,2,AIAL,1,AIAL,25,2014-08-01 12:20:47,,7,5
273378006489998,29637322020004,2013,54,4,99,274.0,2.0,2,LOJA,1,LOJA,1,2014-08-01 12:20:47,,7,5
273378007489998,29637322020004,2013,54,4,99,274.0,2.0,2,MIVI,1,MIVI,20,2014-08-01 12:20:47,,7,5
273378008489998,29637322020004,2013,54,4,99,274.0,2.0,2,ROMU,1,ROMU,1,2014-08-01 12:20:47,,7,5
273378009489998,29637322020004,2013,54,4,99,274.0,3.0,3,ROMU,1,ROMU,1,2014-08-01 12:20:47,,7,5
273378010489998,29637322020004,2013,54,4,99,274.0,2.0,2,ROPS,1,ROPS,1,2014-08-01 12:20:47,,7,5
273378314489998,29637331020004,2013,54,4,95,964.0,1.0,1,AIAL,1,AIAL,5,2014-08-01 12:20:48,,7,5
273378315489998,29637331020004,2013,54,4,95,964.0,1.0,1,ELUM,1,ELUM,1,2014-08-01 12:20:48,,7,5
273378316489998,29637331020004,2013,54,4,95,964.0,4.0,1,ELUM,1,ELUM,2,2014-08-01 12:20:48,,7,5
273378317489998,29637331020004,2013,54,4,95,964.0,1.0,1,LOJA,1,LOJA,1,2014-08-01 12:20:48,,7,5
273378318489998,29637331020004,2013,54,4,95,964.0,3.0,1,LOJA,1,LOJA,2,2014-08-01 12:20:48,,7,5
273378319489998,29637331020004,2013,54,4,95,964.0,1.0,1,MIVI,1,MIVI,22,2014-08-01 12:20:48,,7,5
273378320489998,29637331020004,2013,54,4,95,964.0,2.0,1,MIVI,1,MIVI,5,2014-08-01 12:20:48,,7,5
273378321489998,29637331020004,2013,54,4,95,964.0,3.0,1,MIVI,1,MIVI,10,2014-08-01 12:20:48,,7,5
273378322489998,29637331020004,2013,54,4,95,964.0,1.0,1,ROMU,1,ROMU,3,2014-08-01 12:20:48,,7,5
273378323489998,29637331020004,2013,54,4,95,964.0,2.0,1,ROMU,1,ROMU,2,2014-08-01 12:20:48,,7,5
273378324489998,29637331020004,2013,54,4,95,964.0,3.0,1,ROMU,1,ROMU,5,2014-08-01 12:20:48,,7,5
273378743489998,29637430020004,2013,54,4,107,934.0,2.0,1,ELUM,1,ELUM,2,2014-08-01 12:20:49,,7,5
273378744489998,29637430020004,2013,54,4,107,934.0,4.0,2,ELUM,1,ELUM,2,2014-08-01 12:20:49,,7,5
273378747489998,29637430020004,2013,54,4,107,934.0,3.0,1,LOJA,1,LOJA,1,2014-08-01 12:20:49,,7,5
273378748489998,29637430020004,2013,54,4,107,934.0,4.0,2,LOJA,1,LOJA,15,2014-08-01 12:20:49,,7,5
273378749489998,29637430020004,2013,54,4,107,934.0,2.0,1,MIVI,1,MIVI,2,2014-08-01 12:20:49,,7,5
273378750489998,29637430020004,2013,54,4,107,934.0,3.0,1,MIVI,1,MIVI,3,2014-08-01 12:20:49,,7,5
273378751489998,29637430020004,2013,54,4,107,934.0,4.0,2,MIVI,1,MIVI,2,2014-08-01 12:20:49,,7,5
273378752489998,29637430020004,2013,54,4,107,934.0,1.0,1,ROMU,1,ROMU,5,2014-08-01 12:20:49,,7,5
273378753489998,29637430020004,2013,54,4,107,934.0,2.0,1,ROMU,1,ROMU,2,2014-08-01 12:20:49,,7,5
273378754489998,29637430020004,2013,54,4,107,934.0,3.0,1,ROMU,1,ROMU,1,2014-08-01 12:20:49,,7,5
273378755489998,29637430020004,2013,54,4,107,934.0,4.0,2,ROMU,1,ROMU,15,2014-08-01 12:20:49,,7,5
273378756489998,29637430020004,2013,54,4,107,934.0,3.0,1,ROPS,1,ROPS,1,2014-08-01 12:20:49,,7,5
273378757489998,29637430020004,2013,54,4,107,934.0,4.0,2,ROPS,1,ROPS,4,2014-08-01 12:20:49,,7,5
273379581489998,29637241020004,2013,54,3,5,2111.0,2.0,1,ROPS,1,ROPS,2,2014-08-01 12:20:54,,7,5
273379582489998,29637241020004,2013,54,3,5,2111.0,3.0,2,ROPS,1,ROPS,5,2014-08-01 12:20:54,,7,5
273379981489998,29637245020004,2013,54,3,109,1679.0,2.0,2,ELUM,1,ELUM,30,2014-08-01 12:20:55,,7,5
273379982489998,29637245020004,2013,54,3,109,1679.0,4.0,2,ELUM,1,ELUM,40,2014-08-01 12:20:55,,7,5
273379983489998,29637245020004,2013,54,3,109,1679.0,2.0,2,LOJA,1,LOJA,4,2014-08-01 12:20:55,,7,5
273379984489998,29637245020004,2013,54,3,109,1679.0,4.0,2,LOJA,1,LOJA,2,2014-08-01 12:20:55,,7,5
273379985489998,29637245020004,2013,54,3,109,1679.0,4.0,2,LOMO2,1,LOMO2,12,2014-08-01 12:20:55,,7,5
273379986489998,29637245020004,2013,54,3,109,1679.0,2.0,2,MIVI,1,MIVI,10,2014-08-01 12:20:55,,7,5
273379987489998,29637245020004,2013,54,3,109,1679.0,4.0,2,MIVI,1,MIVI,2,2014-08-01 12:20:55,,7,5
273379988489998,29637245020004,2013,54,3,109,1679.0,2.0,2,ROMU,1,ROMU,10,2014-08-01 12:20:55,,7,5
273379989489998,29637245020004,2013,54,3,109,1679.0,4.0,2,ROMU,1,ROMU,6,2014-08-01 12:20:55,,7,5
273380204489998,29637265020004,2013,54,4,69,354.0,3.0,1,AIAL,1,AIAL,1,2014-08-01 12:20:56,,7,5
273380205489998,29637265020004,2013,54,4,69,354.0,1.0,1,ALPE4,1,ALPE4,3,2014-08-01 12:20:56,,7,5
273380206489998,29637265020004,2013,54,4,69,354.0,2.0,1,ALPE4,1,ALPE4,10,2014-08-01 12:20:56,,7,5
273380207489998,29637265020004,2013,54,4,69,354.0,3.0,1,ALPE4,1,ALPE4,6,2014-08-01 12:20:56,,7,5
273380208489998,29637265020004,2013,54,4,69,354.0,3.0,1,BETH,1,BETH,1,2014-08-01 12:20:56,,7,5
273380209489998,29637265020004,2013,54,4,69,354.0,1.0,1,LONIC,1,LONIC,63,2014-08-01 12:20:56,,7,5
273380210489998,29637265020004,2013,54,4,69,354.0,2.0,1,LONIC,1,LONIC,55,2014-08-01 12:20:56,,7,5
273380211489998,29637265020004,2013,54,4,69,354.0,3.0,1,LONIC,1,LONIC,1,2014-08-01 12:20:56,,7,5
273380212489998,29637265020004,2013,54,4,69,354.0,1.0,1,ROMU,1,ROMU,8,2014-08-01 12:20:56,,7,5
273380213489998,29637265020004,2013,54,4,69,354.0,2.0,1,ROMU,1,ROMU,9,2014-08-01 12:20:56,,7,5
273380214489998,29637265020004,2013,54,4,69,354.0,3.0,1,ROMU,1,ROMU,10,2014-08-01 12:20:56,,7,5
273380215489998,29637265020004,2013,54,4,69,354.0,3.0,1,ROPS,1,ROPS,20,2014-08-01 12:20:56,,7,5
273381525489998,29637567020004,2013,54,2,27,188.0,2.0,1,ALPE4,1,ALPE4,7,2014-08-01 12:21:00,,7,5
273381526489998,29637567020004,2013,54,2,27,188.0,4.0,1,ALPE4,1,ALPE4,1,2014-08-01 12:21:00,,7,5
273381527489998,29637567020004,2013,54,2,27,188.0,1.0,1,LOMO2,1,LOMO2,25,2014-08-01 12:21:00,,7,5
273381528489998,29637567020004,2013,54,2,27,188.0,2.0,1,LOMO2,1,LOMO2,5,2014-08-01 12:21:00,,7,5
273381529489998,29637567020004,2013,54,2,27,188.0,3.0,1,LOMO2,1,LOMO2,1,2014-08-01 12:21:00,,7,5
273381530489998,29637567020004,2013,54,2,27,188.0,4.0,1,LOMO2,1,LOMO2,2,2014-08-01 12:21:00,,7,5
273381531489998,29637567020004,2013,54,2,27,188.0,1.0,1,MIVI,1,MIVI,3,2014-08-01 12:21:00,,7,5
273381532489998,29637567020004,2013,54,2,27,188.0,2.0,1,MIVI,1,MIVI,23,2014-08-01 12:21:00,,7,5
273381533489998,29637567020004,2013,54,2,27,188.0,4.0,1,MIVI,1,MIVI,88,2014-08-01 12:21:00,,7,5
273381534489998,29637567020004,2013,54,2,27,188.0,1.0,1,ROMU,1,ROMU,5,2014-08-01 12:21:00,,7,5
273381535489998,29637567020004,2013,54,2,27,188.0,4.0,1,ROMU,1,ROMU,7,2014-08-01 12:21:00,,7,5
273381536489998,29637567020004,2013,54,2,27,188.0,1.0,1,ROPS,1,ROPS,15,2014-08-01 12:21:00,,7,5
273381537489998,29637567020004,2013,54,2,27,188.0,2.0,1,ROPS,1,ROPS,25,2014-08-01 12:21:00,,7,5
273381538489998,29637567020004,2013,54,2,27,188.0,4.0,1,ROPS,1,ROPS,17,2014-08-01 12:21:00,,7,5
273381842489998,29637113020004,2013,54,2,23,717.0,1.0,1,ROPS,1,ROPS,3,2014-08-01 12:21:03,,7,5
273381843489998,29637113020004,2013,54,2,23,717.0,4.0,1,ROPS,1,ROPS,10,2014-08-01 12:21:03,,7,5
273383241489998,29637334020004,2013,54,4,95,808.0,1.0,1,AIAL,1,AIAL,1,2014-08-01 12:21:14,,7,5
273383242489998,29637334020004,2013,54,4,95,808.0,3.0,1,AIAL,1,AIAL,12,2014-08-01 12:21:14,,7,5
273383243489998,29637334020004,2013,54,4,95,808.0,4.0,1,AIAL,1,AIAL,1,2014-08-01 12:21:14,,7,5
273383244489998,29637334020004,2013,54,4,95,808.0,2.0,1,ELUM,1,ELUM,6,2014-08-01 12:21:14,,7,5
273383245489998,29637334020004,2013,54,4,95,808.0,3.0,1,ELUM,1,ELUM,20,2014-08-01 12:21:14,,7,5
273383246489998,29637334020004,2013,54,4,95,808.0,1.0,1,LOJA,1,LOJA,1,2014-08-01 12:21:14,,7,5
273383247489998,29637334020004,2013,54,4,95,808.0,3.0,1,LOJA,1,LOJA,1,2014-08-01 12:21:14,,7,5
273383248489998,29637334020004,2013,54,4,95,808.0,3.0,1,ROMU,1,ROMU,1,2014-08-01 12:21:14,,7,5
273383249489998,29637334020004,2013,54,4,95,808.0,4.0,1,ROMU,1,ROMU,6,2014-08-01 12:21:14,,7,5
222864177010661,171000605010661,2008,54,2,71,1729.0,4.0,1,ROPS,1,ROPS,25,2010-03-01 11:22:18,2012-02-28 07:13:51,6,5
222863872010661,171001051010661,2008,54,3,15,1484.0,1.0,1,ROMU,1,ROMU,1,2010-03-01 11:22:17,2012-02-29 11:15:31,6,5
222864062010661,171001059010661,2008,54,4,35,3007.0,1.0,1,ELUM,1,ELUM,35,2010-03-01 11:22:17,2012-02-28 07:11:40,6,5
222864065010661,171001059010661,2008,54,4,35,3007.0,1.0,1,LOJA,1,LOJA,5,2010-03-01 11:22:17,2012-02-28 07:14:50,6,5
222864067010661,171001059010661,2008,54,4,35,3007.0,1.0,1,ROMU,1,ROMU,5,2010-03-01 11:22:17,2012-02-28 07:12:31,6,5
222864063010661,171001059010661,2008,54,4,35,3007.0,2.0,1,ELUM,1,ELUM,25,2010-03-01 11:22:17,2012-02-28 07:11:40,6,5
222864066010661,171001059010661,2008,54,4,35,3007.0,2.0,1,LOJA,1,LOJA,15,2010-03-01 11:22:17,2012-02-28 07:14:50,6,5
222864068010661,171001059010661,2008,54,4,35,3007.0,2.0,1,ROMU,1,ROMU,10,2010-03-01 11:22:17,2012-02-28 07:12:31,6,5
222864069010661,171001059010661,2008,54,4,35,3007.0,3.0,2,ROMU,1,ROMU,1,2010-03-01 11:22:17,2012-02-28 07:12:31,6,5
222864064010661,171001059010661,2008,54,4,35,3007.0,4.0,1,ELUM,1,ELUM,12,2010-03-01 11:22:17,2012-02-28 07:11:40,6,5
222864070010661,171001059010661,2008,54,4,35,3007.0,4.0,1,ROMU,1,ROMU,4,2010-03-01 11:22:17,2012-02-28 07:12:31,6,5
222864093010661,171001137010661,2008,54,2,41,3413.0,1.0,1,LONIC,1,LONIC,49,2010-03-01 11:22:17,2012-02-28 07:12:05,6,5
222864097010661,171001137010661,2008,54,2,41,3413.0,1.0,1,ROMU,1,ROMU,1,2010-03-01 11:22:17,2012-02-28 07:12:05,6,5
222864091010661,171001137010661,2008,54,2,41,3413.0,2.0,1,BETH,1,BETH,2,2010-03-01 11:22:17,2012-02-28 07:14:50,6,5
222864094010661,171001137010661,2008,54,2,41,3413.0,2.0,1,LONIC,1,LONIC,48,2010-03-01 11:22:17,2012-02-28 07:12:05,6,5
222864098010661,171001137010661,2008,54,2,41,3413.0,2.0,1,ROMU,1,ROMU,7,2010-03-01 11:22:17,2012-02-28 07:12:05,6,5
222864092010661,171001137010661,2008,54,2,41,3413.0,3.0,1,ELUM,1,ELUM,3,2010-03-01 11:22:17,2012-02-28 07:12:05,6,5
222864095010661,171001137010661,2008,54,2,41,3413.0,3.0,1,LONIC,1,LONIC,50,2010-03-01 11:22:17,2012-02-28 07:12:05,6,5
222864099010661,171001137010661,2008,54,2,41,3413.0,3.0,1,ROMU,1,ROMU,10,2010-03-01 11:22:17,2012-02-28 07:12:05,6,5
222864096010661,171001137010661,2008,54,2,41,3413.0,4.0,1,LONIC,1,LONIC,37,2010-03-01 11:22:17,2012-02-28 07:12:05,6,5
222864100010661,171001137010661,2008,54,2,41,3413.0,4.0,1,ROMU,1,ROMU,5,2010-03-01 11:22:17,2012-02-28 07:12:05,6,5
222864050010661,171000359010661,2008,54,4,35,893.0,1.0,1,LOJA,1,LOJA,28,2010-03-01 11:22:17,2012-02-28 07:07:36,6,5
222864055010661,171000359010661,2008,54,4,35,893.0,1.0,1,ROMU,1,ROMU,15,2010-03-01 11:22:17,2012-02-28 07:06:35,6,5
222864059010661,171000359010661,2008,54,4,35,893.0,1.0,1,ROPS,1,ROPS,5,2010-03-01 11:22:17,2012-02-28 07:05:55,6,5
222864049010661,171000359010661,2008,54,4,35,893.0,2.0,1,LIVU,1,LIVU,1,2010-03-01 11:22:17,2012-02-29 11:15:32,6,5
222864051010661,171000359010661,2008,54,4,35,893.0,2.0,1,LOJA,1,LOJA,5,2010-03-01 11:22:17,2012-02-28 07:05:55,6,5
222864056010661,171000359010661,2008,54,4,35,893.0,2.0,1,ROMU,1,ROMU,15,2010-03-01 11:22:17,2012-02-28 07:07:36,6,5
222864052010661,171000359010661,2008,54,4,35,893.0,3.0,1,LOJA,1,LOJA,1,2010-03-01 11:22:17,2012-02-29 11:15:32,6,5
222864057010661,171000359010661,2008,54,4,35,893.0,3.0,1,ROMU,1,ROMU,1,2010-03-01 11:22:17,2012-02-29 11:15:32,6,5
222864048010661,171000359010661,2008,54,4,35,893.0,4.0,1,AIAL,1,AIAL,9,2010-03-01 11:22:17,2012-02-28 07:06:09,6,5
222864053010661,171000359010661,2008,54,4,35,893.0,4.0,1,LOJA,1,LOJA,1,2010-03-01 11:22:17,2012-02-28 07:06:21,6,5
222864054010661,171000359010661,2008,54,4,35,893.0,4.0,1,LONIC,1,LONIC,12,2010-03-01 11:22:17,2012-02-28 07:02:27,6,5
222864058010661,171000359010661,2008,54,4,35,893.0,4.0,1,ROMU,1,ROMU,18,2010-03-01 11:22:17,2012-02-28 07:07:05,6,5
222864060010661,171000359010661,2008,54,4,35,893.0,4.0,1,ROPS,1,ROPS,8,2010-03-01 11:22:17,2012-02-28 07:06:50,6,5
222864061010661,171000360010661,2008,54,4,35,639.0,3.0,2,ELUM,1,ELUM,1,2010-03-01 11:22:17,2012-02-28 07:13:23,6,5
222864089010661,171000381010661,2008,54,3,39,1428.0,4.0,3,PHAR3,1,PHAR3,2,2010-03-01 11:22:17,2012-02-28 07:02:41,6,5
222864090010661,171000381010661,2008,54,3,39,1428.0,4.0,3,POCU6,1,POCU6,20,2010-03-01 11:22:17,2012-02-28 07:02:41,6,5
222864101010661,171000387010661,2008,54,2,41,2925.0,1.0,1,AIAL,1,AIAL,1,2010-03-01 11:22:17,2012-02-28 07:12:55,6,5
222864102010661,171000387010661,2008,54,2,41,2925.0,1.0,1,ROMU,1,ROMU,1,2010-03-01 11:22:17,2012-02-28 07:12:03,6,5
222864103010661,171000387010661,2008,54,2,41,2925.0,2.0,1,SPJA,1,SPJA,1,2010-03-01 11:22:17,2012-02-28 07:14:48,6,5
222864108010661,171000393010661,2008,54,4,43,1480.0,1.0,1,ROMU,1,ROMU,1,2010-03-01 11:22:17,2012-02-28 07:11:38,6,5
222864107010661,171000393010661,2008,54,4,43,1480.0,4.0,1,LOJA,1,LOJA,1,2010-03-01 11:22:17,2012-02-28 07:13:50,6,5
222864027010661,171001204010661,2008,54,2,33,3189.0,2.0,1,ALPE4,1,ALPE4,1,2010-03-01 11:22:17,2012-02-28 07:12:31,6,5
222863939010661,171000326010661,2008,54,2,27,188.0,1.0,1,LONIC,1,LONIC,8,2010-03-01 11:22:17,2012-02-28 07:02:39,6,5
222863943010661,171000326010661,2008,54,2,27,188.0,1.0,1,MIVI,1,MIVI,15,2010-03-01 11:22:17,2012-02-28 07:06:09,6,5
222863946010661,171000326010661,2008,54,2,27,188.0,1.0,1,ROMU,1,ROMU,2,2010-03-01 11:22:17,2012-02-28 07:06:21,6,5
222863948010661,171000326010661,2008,54,2,27,188.0,1.0,1,ROPS,1,ROPS,6,2010-03-01 11:22:17,2012-02-28 07:06:09,6,5
222863940010661,171000326010661,2008,54,2,27,188.0,2.0,1,LONIC,1,LONIC,8,2010-03-01 11:22:17,2012-02-28 07:02:58,6,5
222863944010661,171000326010661,2008,54,2,27,188.0,2.0,1,MIVI,1,MIVI,5,2010-03-01 11:22:17,2012-02-28 07:07:05,6,5
222863949010661,171000326010661,2008,54,2,27,188.0,2.0,1,ROPS,1,ROPS,10,2010-03-01 11:22:17,2012-02-28 07:06:50,6,5
222863941010661,171000326010661,2008,54,2,27,188.0,3.0,1,LONIC,1,LONIC,1,2010-03-01 11:22:17,2012-02-28 07:02:32,6,5
222863938010661,171000326010661,2008,54,2,27,188.0,4.0,1,LOJA,1,LOJA,1,2010-03-01 11:22:17,2012-02-28 07:05:54,6,5
222863942010661,171000326010661,2008,54,2,27,188.0,4.0,1,LONIC,1,LONIC,1,2010-03-01 11:22:17,2012-02-28 07:02:39,6,5
222863945010661,171000326010661,2008,54,2,27,188.0,4.0,1,MIVI,1,MIVI,70,2010-03-01 11:22:17,2012-02-28 07:07:05,6,5
222863947010661,171000326010661,2008,54,2,27,188.0,4.0,1,ROMU,1,ROMU,1,2010-03-01 11:22:17,2012-02-28 07:06:35,6,5
222863950010661,171000326010661,2008,54,2,27,188.0,4.0,1,ROPS,1,ROPS,5,2010-03-01 11:22:17,2012-02-28 07:06:50,6,5
222864205010661,171000533010661,2008,54,4,87,537.0,1.0,1,ROMU,1,ROMU,35,2010-03-01 11:22:18,2012-02-28 07:12:04,6,5
32563113020004,222519608010661,2011,54,2,41,1053.0,3.0,1,AIAL,1,AIAL,1,2012-04-12 10:33:30,,7,3
32563114020004,222519608010661,2011,54,2,41,1053.0,4.0,1,AIAL,1,AIAL,1,2012-04-12 10:33:30,,7,3
32563115020004,222519608010661,2011,54,2,41,1053.0,2.0,1,ELUM,1,ELUM,4,2012-04-12 10:33:30,,7,3
32563116020004,222519608010661,2011,54,2,41,1053.0,3.0,1,ELUM,1,ELUM,11,2012-04-12 10:33:30,,7,3
32563117020004,222519608010661,2011,54,2,41,1053.0,4.0,1,ELUM,1,ELUM,1,2012-04-12 10:33:30,,7,3
32563118020004,222519608010661,2011,54,2,41,1053.0,1.0,1,LOJA,1,LOJA,1,2012-04-12 10:33:30,,7,3
32563119020004,222519608010661,2011,54,2,41,1053.0,3.0,1,LOJA,1,LOJA,3,2012-04-12 10:33:30,,7,3
32563120020004,222519608010661,2011,54,2,41,1053.0,1.0,1,LONIC,1,LONIC,1,2012-04-12 10:33:30,,7,3
32563121020004,222519608010661,2011,54,2,41,1053.0,2.0,1,LONIC,1,LONIC,4,2012-04-12 10:33:30,,7,3
32563122020004,222519608010661,2011,54,2,41,1053.0,3.0,1,LONIC,1,LONIC,4,2012-04-12 10:33:30,,7,3
32563123020004,222519608010661,2011,54,2,41,1053.0,1.0,1,MIVI,1,MIVI,8,2012-04-12 10:33:30,,7,3
32563124020004,222519608010661,2011,54,2,41,1053.0,2.0,1,MIVI,1,MIVI,4,2012-04-12 10:33:30,,7,3
32563125020004,222519608010661,2011,54,2,41,1053.0,3.0,1,MIVI,1,MIVI,1,2012-04-12 10:33:30,,7,3
32563126020004,222519608010661,2011,54,2,41,1053.0,4.0,1,MIVI,1,MIVI,1,2012-04-12 10:33:30,,7,3
32563127020004,222519608010661,2011,54,2,41,1053.0,1.0,1,ROMU,1,ROMU,6,2012-04-12 10:33:30,,7,3
32563128020004,222519608010661,2011,54,2,41,1053.0,2.0,1,ROMU,1,ROMU,1,2012-04-12 10:33:30,,7,3
32563129020004,222519608010661,2011,54,2,41,1053.0,3.0,1,ROMU,1,ROMU,3,2012-04-12 10:33:30,,7,3
32563176020004,222519630010661,2011,54,2,7,1364.0,1.0,1,ELUM,1,ELUM,1,2012-04-12 10:33:32,,7,3
32563177020004,222519630010661,2011,54,2,7,1364.0,4.0,1,ELUM,1,ELUM,1,2012-04-12 10:33:32,,7,3
32563178020004,222519630010661,2011,54,2,7,1364.0,4.0,1,LONIC,1,LONIC,1,2012-04-12 10:33:32,,7,3
32563179020004,222519630010661,2011,54,2,7,1364.0,4.0,1,ROMU,1,ROMU,2,2012-04-12 10:33:32,,7,3
32563180020004,222519630010661,2011,54,2,7,1364.0,1.0,1,ROPS,1,ROPS,1,2012-04-12 10:33:32,,7,3
32563181020004,222519630010661,2011,54,2,7,1364.0,4.0,1,ROPS,1,ROPS,3,2012-04-12 10:33:32,,7,3
32563239020004,222519656010661,2011,54,4,49,434.0,2.0,1,BETH,1,BETH,1,2012-04-12 10:33:33,,7,3
32563240020004,222519656010661,2011,54,4,49,434.0,3.0,1,BETH,1,BETH,1,2012-04-12 10:33:33,,7,3
32563241020004,222519656010661,2011,54,4,49,434.0,4.0,1,BETH,1,BETH,1,2012-04-12 10:33:33,,7,3
32563242020004,222519656010661,2011,54,4,49,434.0,3.0,1,CEOR7,1,CEOR7,4,2012-04-12 10:33:33,,7,3
32563243020004,222519656010661,2011,54,4,49,434.0,1.0,1,ELUM,1,ELUM,17,2012-04-12 10:33:33,,7,3
32563244020004,222519656010661,2011,54,4,49,434.0,2.0,1,ELUM,1,ELUM,9,2012-04-12 10:33:33,,7,3
32563245020004,222519656010661,2011,54,4,49,434.0,3.0,1,ELUM,1,ELUM,10,2012-04-12 10:33:33,,7,3
32563246020004,222519656010661,2011,54,4,49,434.0,4.0,1,ELUM,1,ELUM,3,2012-04-12 10:33:33,,7,3
32563247020004,222519656010661,2011,54,4,49,434.0,2.0,1,LIVU,1,LIVU,5,2012-04-12 10:33:33,,7,3
32563248020004,222519656010661,2011,54,4,49,434.0,3.0,1,LIVU,1,LIVU,11,2012-04-12 10:33:33,,7,3
32563249020004,222519656010661,2011,54,4,49,434.0,2.0,1,LOJA,1,LOJA,3,2012-04-12 10:33:33,,7,3
32563250020004,222519656010661,2011,54,4,49,434.0,3.0,1,LOJA,1,LOJA,2,2012-04-12 10:33:33,,7,3
32563251020004,222519656010661,2011,54,4,49,434.0,3.0,1,LONIC,1,LONIC,7,2012-04-12 10:33:33,,7,3
32563252020004,222519656010661,2011,54,4,49,434.0,1.0,1,ROMU,1,ROMU,15,2012-04-12 10:33:33,,7,3
32563253020004,222519656010661,2011,54,4,49,434.0,2.0,1,ROMU,1,ROMU,7,2012-04-12 10:33:33,,7,3
32563254020004,222519656010661,2011,54,4,49,434.0,3.0,1,ROMU,1,ROMU,15,2012-04-12 10:33:33,,7,3
32563255020004,222519656010661,2011,54,4,49,434.0,4.0,1,ROMU,1,ROMU,2,2012-04-12 10:33:33,,7,3
32563280020004,222519668010661,2011,54,3,55,542.0,3.0,1,LOMA6,1,LOMA6,15,2012-04-12 10:33:34,,7,3
32563281020004,222519668010661,2011,54,3,55,542.0,4.0,1,LOMA6,1,LOMA6,4,2012-04-12 10:33:34,,7,3
32563282020004,222519668010661,2011,54,3,55,542.0,1.0,1,ROMU,1,ROMU,2,2012-04-12 10:33:34,,7,3
32563283020004,222519668010661,2011,54,3,55,542.0,2.0,1,ROMU,1,ROMU,1,2012-04-12 10:33:34,,7,3
32563284020004,222519668010661,2011,54,3,55,542.0,3.0,1,ROMU,1,ROMU,3,2012-04-12 10:33:34,,7,3
32563285020004,222519668010661,2011,54,3,55,542.0,4.0,1,ROMU,1,ROMU,3,2012-04-12 10:33:34,,7,3
32563620020004,222519814010661,2011,54,2,91,538.0,1.0,1,ROMU,1,ROMU,1,2012-04-12 10:33:45,,7,3
32563621020004,222519814010661,2011,54,2,91,538.0,3.0,1,ROMU,1,ROMU,2,2012-04-12 10:33:45,,7,3
32563622020004,222519814010661,2011,54,2,91,538.0,4.0,1,ROMU,1,ROMU,1,2012-04-12 10:33:45,,7,3
32563640020004,222519822010661,2011,54,2,1,671.0,1.0,1,ROMU,1,ROMU,4,2012-04-12 10:33:45,,7,3
32563641020004,222519822010661,2011,54,2,1,671.0,3.0,1,ROMU,1,ROMU,1,2012-04-12 10:33:45,,7,3
32563642020004,222519822010661,2011,54,2,1,671.0,1.0,1,ROPS,1,ROPS,1,2012-04-12 10:33:45,,7,3
32563044020004,222519584010661,2011,54,3,109,2167.0,1.0,1,ROMU,1,ROMU,2,2012-04-12 10:33:29,,7,3
32563045020004,222519584010661,2011,54,3,109,2167.0,2.0,1,ROMU,1,ROMU,1,2012-04-12 10:33:29,,7,3
32563046020004,222519584010661,2011,54,3,109,2167.0,1.0,1,ROPS,1,ROPS,3,2012-04-12 10:33:29,,7,3
32563047020004,222519584010661,2011,54,3,109,2167.0,2.0,1,ROPS,1,ROPS,1,2012-04-12 10:33:29,,7,3
32563048020004,222519584010661,2011,54,3,109,2167.0,3.0,1,ROPS,1,ROPS,1,2012-04-12 10:33:29,,7,3
32563086020004,222519602010661,2011,54,2,33,2185.0,3.0,2,AIAL,1,AIAL,1,2012-04-12 10:33:29,,7,3
32563087020004,222519602010661,2011,54,2,33,2185.0,1.0,1,BETH,1,BETH,1,2012-04-12 10:33:30,,7,3
32563088020004,222519602010661,2011,54,2,33,2185.0,2.0,1,BETH,1,BETH,1,2012-04-12 10:33:30,,7,3
32563089020004,222519602010661,2011,54,2,33,2185.0,4.0,1,BETH,1,BETH,2,2012-04-12 10:33:30,,7,3
32563090020004,222519602010661,2011,54,2,33,2185.0,1.0,1,ELUM,1,ELUM,8,2012-04-12 10:33:30,,7,3
32563091020004,222519602010661,2011,54,2,33,2185.0,2.0,1,ELUM,1,ELUM,5,2012-04-12 10:33:30,,7,3
32563092020004,222519602010661,2011,54,2,33,2185.0,4.0,1,ELUM,1,ELUM,10,2012-04-12 10:33:30,,7,3
32563093020004,222519602010661,2011,54,2,33,2185.0,1.0,1,LONIC,1,LONIC,9,2012-04-12 10:33:30,,7,3
32563094020004,222519602010661,2011,54,2,33,2185.0,2.0,1,LONIC,1,LONIC,1,2012-04-12 10:33:30,,7,3
32563095020004,222519602010661,2011,54,2,33,2185.0,4.0,1,LONIC,1,LONIC,5,2012-04-12 10:33:30,,7,3
32563096020004,222519602010661,2011,54,2,33,2185.0,1.0,1,ROMU,1,ROMU,5,2012-04-12 10:33:30,,7,3
32563097020004,222519602010661,2011,54,2,33,2185.0,2.0,1,ROMU,1,ROMU,3,2012-04-12 10:33:30,,7,3
32563098020004,222519602010661,2011,54,2,33,2185.0,4.0,1,ROMU,1,ROMU,3,2012-04-12 10:33:30,,7,3
32563112020004,222519608010661,2011,54,2,41,1053.0,2.0,1,AIAL,1,AIAL,1,2012-04-12 10:33:30,,7,3
32563493020004,222519754010661,2011,54,2,101,1548.0,3.0,1,ROMU,1,ROMU,3,2012-04-12 10:33:40,,7,3
249336547010661,169113211010661,2010,54,4,11,374.0,2.0,3,ROMU,1,ROMU,6,2011-06-02 14:20:03,,7,2
152865157020004,169112751010661,2010,54,2,41,2378.0,2.0,1,CEOR,1,CEOR7,8,2012-12-07 10:11:51,,7,2
249336733010661,169112751010661,2010,54,2,41,2378.0,1.0,1,ELUM,1,ELUM,1,2011-06-02 14:20:04,,7,2
249336734010661,169112751010661,2010,54,2,41,2378.0,2.0,1,MIVI,1,MIVI,1,2011-06-02 14:20:04,,7,2
249336735010661,169112751010661,2010,54,2,41,2378.0,3.0,1,MIVI,1,MIVI,1,2011-06-02 14:20:04,,7,2
249336736010661,169112751010661,2010,54,2,41,2378.0,3.0,1,ROMU,1,ROMU,1,2011-06-02 14:20:04,,7,2
249336737010661,169112751010661,2010,54,2,41,2378.0,4.0,1,ROMU,1,ROMU,1,2011-06-02 14:20:04,,7,2
249336632010661,169112391010661,2010,54,2,31,2369.0,1.0,1,ALPE4,1,ALPE4,1,2011-06-02 14:20:04,,7,2
249336633010661,169112391010661,2010,54,2,31,2369.0,2.0,1,ALPE4,1,ALPE4,1,2011-06-02 14:20:04,,7,2
249336634010661,169112391010661,2010,54,2,31,2369.0,3.0,1,ALPE4,1,ALPE4,1,2011-06-02 14:20:04,,7,2
249336635010661,169112391010661,2010,54,2,31,2369.0,1.0,1,MIVI,1,MIVI,1,2011-06-02 14:20:04,,7,2
249336636010661,169112391010661,2010,54,2,31,2369.0,2.0,1,MIVI,1,MIVI,5,2011-06-02 14:20:04,,7,2
249336637010661,169112391010661,2010,54,2,31,2369.0,3.0,1,MIVI,1,MIVI,3,2011-06-02 14:20:04,,7,2
249336638010661,169112391010661,2010,54,2,31,2369.0,2.0,1,ROPS,1,ROPS,5,2011-06-02 14:20:04,,7,2
249336639010661,169112391010661,2010,54,2,31,2369.0,3.0,1,ROPS,1,ROPS,1,2011-06-02 14:20:04,,7,2
249336640010661,169112395010661,2010,54,2,31,1383.0,2.0,1,AIAL,1,AIAL,1,2011-06-02 14:20:04,,7,2
249336641010661,169112395010661,2010,54,2,31,1383.0,1.0,1,ALPE4,1,ALPE4,1,2011-06-02 14:20:04,,7,2
249336642010661,169112395010661,2010,54,2,31,1383.0,2.0,1,ALPE4,1,ALPE4,1,2011-06-02 14:20:04,,7,2
249336643010661,169112395010661,2010,54,2,31,1383.0,3.0,1,ALPE4,1,ALPE4,3,2011-06-02 14:20:04,,7,2
249336644010661,169112395010661,2010,54,2,31,1383.0,4.0,1,ALPE4,1,ALPE4,1,2011-06-02 14:20:04,,7,2
249336645010661,169112395010661,2010,54,2,31,1383.0,1.0,1,LONIC,1,LONIC,1,2011-06-02 14:20:04,,7,2
249336646010661,169112395010661,2010,54,2,31,1383.0,2.0,1,LONIC,1,LONIC,5,2011-06-02 14:20:04,,7,2
249336647010661,169112395010661,2010,54,2,31,1383.0,3.0,1,LONIC,1,LONIC,2,2011-06-02 14:20:04,,7,2
249336648010661,169112395010661,2010,54,2,31,1383.0,1.0,1,MIVI,1,MIVI,5,2011-06-02 14:20:04,,7,2
249336649010661,169112395010661,2010,54,2,31,1383.0,2.0,1,MIVI,1,MIVI,10,2011-06-02 14:20:04,,7,2
249336650010661,169112395010661,2010,54,2,31,1383.0,4.0,1,MIVI,1,MIVI,20,2011-06-02 14:20:04,,7,2
249336651010661,169112395010661,2010,54,2,31,1383.0,1.0,1,ROMU,1,ROMU,1,2011-06-02 14:20:04,,7,2
249336652010661,169112395010661,2010,54,2,31,1383.0,2.0,1,ROMU,1,ROMU,7,2011-06-02 14:20:04,,7,2
249336653010661,169112395010661,2010,54,2,31,1383.0,4.0,1,ROMU,1,ROMU,5,2011-06-02 14:20:04,,7,2
249336654010661,169112395010661,2010,54,2,31,1383.0,1.0,1,ROPS,1,ROPS,1,2011-06-02 14:20:04,,7,2
249336655010661,169112395010661,2010,54,2,31,1383.0,3.0,1,ROPS,1,ROPS,3,2011-06-02 14:20:04,,7,2
249336656010661,169112395010661,2010,54,2,31,1383.0,4.0,1,ROPS,1,ROPS,1,2011-06-02 14:20:04,,7,2
249336880010661,169113353010661,2010,54,4,105,2181.0,2.0,1,BETH,1,BETH,1,2011-06-02 14:20:05,,7,2
249336881010661,169113353010661,2010,54,4,105,2181.0,1.0,1,CIAR4,1,CIAR4,1,2011-06-02 14:20:05,,7,2
249336882010661,169113353010661,2010,54,4,105,2181.0,2.0,1,CIAR4,1,CIAR4,1,2011-06-02 14:20:05,,7,2
249336883010661,169113353010661,2010,54,4,105,2181.0,1.0,1,MIVI,1,MIVI,50,2011-06-02 14:20:05,,7,2
249336884010661,169113353010661,2010,54,4,105,2181.0,2.0,1,MIVI,1,MIVI,40,2011-06-02 14:20:05,,7,2
249336885010661,169113353010661,2010,54,4,105,2181.0,3.0,1,MIVI,1,MIVI,35,2011-06-02 14:20:05,,7,2
249336886010661,169113353010661,2010,54,4,105,2181.0,1.0,1,ROMU,1,ROMU,1,2011-06-02 14:20:05,,7,2
249336887010661,169113353010661,2010,54,4,105,2181.0,2.0,1,ROMU,1,ROMU,1,2011-06-02 14:20:05,,7,2
249336888010661,169113353010661,2010,54,4,105,2181.0,3.0,1,ROMU,1,ROMU,1,2011-06-02 14:20:05,,7,2
249336889010661,169113353010661,2010,54,4,105,2181.0,4.0,1,ROMU,1,ROMU,1,2011-06-02 14:20:05,,7,2
249336742010661,169112915010661,2010,54,3,47,2474.0,3.0,1,MIVI,1,MIVI,2,2011-06-02 14:20:04,,7,2
249336743010661,169112915010661,2010,54,3,47,2474.0,1.0,1,PATO2,1,PATO2,1,2011-06-02 14:20:04,,7,2
249336744010661,169112915010661,2010,54,3,47,2474.0,3.0,1,PATO2,1,PATO2,5,2011-06-02 14:20:04,,7,2
249336745010661,169112915010661,2010,54,3,47,2474.0,2.0,1,ROMU,1,ROMU,5,2011-06-02 14:20:04,,7,2
249336746010661,169112915010661,2010,54,3,47,2474.0,1.0,1,ROPS,1,ROPS,13,2011-06-02 14:20:04,,7,2
32561662020004,222519016010661,2011,54,2,93,1199.0,1.0,1,ROMU,1,ROMU,1,2012-04-12 10:32:40,,7,3
32561663020004,222519016010661,2011,54,2,93,1199.0,4.0,1,ROPS,1,ROPS,1,2012-04-12 10:32:40,,7,3
32561681020004,222519024010661,2011,54,4,79,337.0,1.0,1,ROMU,1,ROMU,20,2012-04-12 10:32:46,,7,3
32561682020004,222519024010661,2011,54,4,79,337.0,2.0,1,ROMU,1,ROMU,10,2012-04-12 10:32:46,,7,3
32561683020004,222519024010661,2011,54,4,79,337.0,3.0,1,ROMU,1,ROMU,25,2012-04-12 10:32:46,,7,3
32561712020004,222519034010661,2011,54,2,33,3590.0,1.0,1,ELUM,1,ELUM,3,2012-04-12 10:32:47,,7,3
32561713020004,222519034010661,2011,54,2,33,3590.0,2.0,1,ELUM,1,ELUM,47,2012-04-12 10:32:47,,7,3
32561714020004,222519034010661,2011,54,2,33,3590.0,3.0,1,ELUM,1,ELUM,25,2012-04-12 10:32:47,,7,3
32561715020004,222519034010661,2011,54,2,33,3590.0,4.0,1,ELUM,1,ELUM,10,2012-04-12 10:32:47,,7,3
32561716020004,222519034010661,2011,54,2,33,3590.0,3.0,1,LOJA,1,LOJA,2,2012-04-12 10:32:47,,7,3
32561717020004,222519034010661,2011,54,2,33,3590.0,1.0,1,LONIC,1,LONIC,1,2012-04-12 10:32:47,,7,3
32561718020004,222519034010661,2011,54,2,33,3590.0,2.0,1,LONIC,1,LONIC,1,2012-04-12 10:32:47,,7,3
32561719020004,222519034010661,2011,54,2,33,3590.0,3.0,1,LONIC,1,LONIC,2,2012-04-12 10:32:47,,7,3
32561720020004,222519034010661,2011,54,2,33,3590.0,4.0,1,LONIC,1,LONIC,1,2012-04-12 10:32:47,,7,3
32561721020004,222519034010661,2011,54,2,33,3590.0,1.0,1,ROMU,1,ROMU,3,2012-04-12 10:32:47,,7,3
32561722020004,222519034010661,2011,54,2,33,3590.0,2.0,1,ROMU,1,ROMU,2,2012-04-12 10:32:47,,7,3
32561723020004,222519034010661,2011,54,2,33,3590.0,3.0,1,ROMU,1,ROMU,2,2012-04-12 10:32:47,,7,3
32561724020004,222519034010661,2011,54,2,33,3590.0,4.0,1,ROMU,1,ROMU,3,2012-04-12 10:32:47,,7,3
32561725020004,222519034010661,2011,54,2,33,3590.0,2.0,1,ROPS,1,ROPS,33,2012-04-12 10:32:47,,7,3
32561707020004,222519034010661,2011,54,2,33,3590.0,3.0,1,AIAL,1,AIAL,2,2012-04-12 10:32:47,,7,3
32561708020004,222519034010661,2011,54,2,33,3590.0,1.0,1,BETH,1,BETH,3,2012-04-12 10:32:47,,7,3
32561709020004,222519034010661,2011,54,2,33,3590.0,3.0,1,BETH,1,BETH,1,2012-04-12 10:32:47,,7,3
32561710020004,222519034010661,2011,54,2,33,3590.0,4.0,1,BETH,1,BETH,3,2012-04-12 10:32:47,,7,3
32561711020004,222519034010661,2011,54,2,33,3590.0,1.0,1,CEOR7,1,CEOR7,1,2012-04-12 10:32:47,,7,3
32561739020004,222519040010661,2011,54,4,17,2157.0,1.0,1,BETH,1,BETH,1,2012-04-12 10:32:48,,7,3
32561740020004,222519040010661,2011,54,4,17,2157.0,2.0,1,BETH,1,BETH,5,2012-04-12 10:32:48,,7,3
32561741020004,222519040010661,2011,54,4,17,2157.0,4.0,1,BETH,1,BETH,1,2012-04-12 10:32:48,,7,3
32561742020004,222519040010661,2011,54,4,17,2157.0,1.0,1,LOJA,1,LOJA,1,2012-04-12 10:32:48,,7,3
32561743020004,222519040010661,2011,54,4,17,2157.0,4.0,1,LOJA,1,LOJA,2,2012-04-12 10:32:48,,7,3
32561744020004,222519040010661,2011,54,4,17,2157.0,4.0,2,LOJA,1,LOJA,5,2012-04-12 10:32:48,,7,3
32561745020004,222519040010661,2011,54,4,17,2157.0,2.0,1,LYNU,1,LYNU,3,2012-04-12 10:32:48,,7,3
32561746020004,222519040010661,2011,54,4,17,2157.0,1.0,1,MIVI,1,MIVI,75,2012-04-12 10:32:48,,7,3
32561747020004,222519040010661,2011,54,4,17,2157.0,2.0,1,MIVI,1,MIVI,30,2012-04-12 10:32:48,,7,3
32561748020004,222519040010661,2011,54,4,17,2157.0,3.0,1,MIVI,1,MIVI,5,2012-04-12 10:32:48,,7,3
32561749020004,222519040010661,2011,54,4,17,2157.0,4.0,1,MIVI,1,MIVI,10,2012-04-12 10:32:48,,7,3
32561750020004,222519040010661,2011,54,4,17,2157.0,4.0,2,MIVI,1,MIVI,3,2012-04-12 10:32:48,,7,3
32561751020004,222519040010661,2011,54,4,17,2157.0,1.0,1,ROMU,1,ROMU,3,2012-04-12 10:32:48,,7,3
32561752020004,222519040010661,2011,54,4,17,2157.0,2.0,1,ROMU,1,ROMU,15,2012-04-12 10:32:48,,7,3
32561753020004,222519040010661,2011,54,4,17,2157.0,3.0,1,ROMU,1,ROMU,1,2012-04-12 10:32:48,,7,3
32563494020004,222519754010661,2011,54,2,101,1548.0,1.0,1,ROPS,1,ROPS,50,2012-04-12 10:33:40,,7,3
32563495020004,222519754010661,2011,54,2,101,1548.0,2.0,1,ROPS,1,ROPS,14,2012-04-12 10:33:40,,7,3
32563496020004,222519754010661,2011,54,2,101,1548.0,3.0,1,ROPS,1,ROPS,2,2012-04-12 10:33:40,,7,3
32563497020004,222519754010661,2011,54,2,101,1548.0,3.0,2,ROPS,1,ROPS,1,2012-04-12 10:33:40,,7,3
32563839020004,222519908010661,2011,54,2,83,2334.0,1.0,1,MIVI,1,MIVI,1,2012-04-12 10:33:52,,7,3
32563840020004,222519908010661,2011,54,2,83,2334.0,2.0,1,MIVI,1,MIVI,1,2012-04-12 10:33:52,,7,3
32563841020004,222519908010661,2011,54,2,83,2334.0,3.0,1,MIVI,1,MIVI,3,2012-04-12 10:33:52,,7,3
32563842020004,222519908010661,2011,54,2,83,2334.0,4.0,1,MIVI,1,MIVI,2,2012-04-12 10:33:52,,7,3
32563867020004,222519920010661,2011,54,2,71,822.0,1.0,1,ROPS,1,ROPS,1,2012-04-12 10:33:53,,7,3
32563868020004,222519920010661,2011,54,2,71,822.0,4.0,1,ROPS,1,ROPS,1,2012-04-12 10:33:53,,7,3
32563889020004,222519930010661,2011,54,2,57,102.0,1.0,1,BETH,1,BETH,1,2012-04-12 10:33:54,,7,3
32563890020004,222519930010661,2011,54,2,57,102.0,2.0,2,BETH,1,BETH,3,2012-04-12 10:33:54,,7,3
32563891020004,222519930010661,2011,54,2,57,102.0,2.0,2,ROMU,1,ROMU,1,2012-04-12 10:33:54,,7,3
32563892020004,222519930010661,2011,54,2,57,102.0,4.0,1,ROMU,1,ROMU,1,2012-04-12 10:33:54,,7,3
32563893020004,222519930010661,2011,54,2,57,102.0,2.0,2,ROPS,1,ROPS,5,2012-04-12 10:33:54,,7,3
32563930020004,222519948010661,2011,54,2,31,1609.0,3.0,1,CEOR7,1,CEOR7,1,2012-04-12 10:33:55,,7,3
32563931020004,222519948010661,2011,54,2,31,1609.0,3.0,1,ELUM,1,ELUM,1,2012-04-12 10:33:55,,7,3
32563932020004,222519948010661,2011,54,2,31,1609.0,1.0,1,MIVI,1,MIVI,4,2012-04-12 10:33:55,,7,3
32563933020004,222519948010661,2011,54,2,31,1609.0,2.0,1,MIVI,1,MIVI,5,2012-04-12 10:33:55,,7,3
32563934020004,222519948010661,2011,54,2,31,1609.0,4.0,1,MIVI,1,MIVI,2,2012-04-12 10:33:55,,7,3
32563935020004,222519948010661,2011,54,2,31,1609.0,1.0,1,ROMU,1,ROMU,2,2012-04-12 10:33:55,,7,3
32563936020004,222519948010661,2011,54,2,31,1609.0,2.0,1,ROMU,1,ROMU,1,2012-04-12 10:33:55,,7,3
32563937020004,222519948010661,2011,54,2,31,1609.0,3.0,1,ROMU,1,ROMU,3,2012-04-12 10:33:55,,7,3
32563938020004,222519948010661,2011,54,2,31,1609.0,1.0,1,ROPS,1,ROPS,5,2012-04-12 10:33:55,,7,3
32561819020004,222519068010661,2011,54,3,25,461.0,2.0,2,ROPS,1,ROPS,5,2012-04-12 10:32:51,,7,3
32561832020004,222519074010661,2011,54,2,31,2446.0,2.0,1,MIVI,1,MIVI,10,2012-04-12 10:32:52,,7,3
32561833020004,222519074010661,2011,54,2,31,2446.0,3.0,1,MIVI,1,MIVI,1,2012-04-12 10:32:52,,7,3
32561834020004,222519074010661,2011,54,2,31,2446.0,4.0,1,MIVI,1,MIVI,2,2012-04-12 10:32:52,,7,3
32561835020004,222519074010661,2011,54,2,31,2446.0,2.0,1,ROMU,1,ROMU,1,2012-04-12 10:32:52,,7,3
32561836020004,222519074010661,2011,54,2,31,2446.0,4.0,1,ROMU,1,ROMU,1,2012-04-12 10:32:52,,7,3
32561837020004,222519074010661,2011,54,2,31,2446.0,2.0,1,ROPS,1,ROPS,1,2012-04-12 10:32:52,,7,3
32561883020004,222519094010661,2011,54,3,67,61.0,4.0,1,ALPE4,1,ALPE4,1,2012-04-12 10:32:54,,7,3
32561884020004,222519094010661,2011,54,3,67,61.0,2.0,1,LOMO2,1,LOMO2,5,2012-04-12 10:32:54,,7,3
32561885020004,222519094010661,2011,54,3,67,61.0,1.0,1,MIVI,1,MIVI,3,2012-04-12 10:32:54,,7,3
32561886020004,222519094010661,2011,54,3,67,61.0,2.0,1,MIVI,1,MIVI,3,2012-04-12 10:32:54,,7,3
32561887020004,222519094010661,2011,54,3,67,61.0,1.0,1,ROMU,1,ROMU,3,2012-04-12 10:32:54,,7,3
32561888020004,222519094010661,2011,54,3,67,61.0,2.0,1,ROMU,1,ROMU,1,2012-04-12 10:32:54,,7,3
32561889020004,222519094010661,2011,54,3,67,61.0,4.0,1,ROMU,1,ROMU,2,2012-04-12 10:32:54,,7,3
32561950020004,222519122010661,2011,54,2,75,202.0,4.0,1,ROPS,1,ROPS,5,2012-04-12 10:32:56,,7,3
32564021020004,222519984010661,2011,54,2,27,2368.0,3.0,1,BETH,1,BETH,1,2012-04-12 10:33:58,,7,3
32564022020004,222519984010661,2011,54,2,27,2368.0,3.0,1,ROPS,1,ROPS,7,2012-04-12 10:33:58,,7,3
32564027020004,222519986010661,2011,54,2,27,48.0,1.0,1,ALPE4,1,ALPE4,7,2012-04-12 10:33:58,,7,3
32564028020004,222519986010661,2011,54,2,27,48.0,2.0,1,ALPE4,1,ALPE4,10,2012-04-12 10:33:58,,7,3
212743542020004,247065235010661,2012,54,4,99,1250.0,2.0,1,ROMU,1,ROMU,1,2013-07-22 09:22:58,,7,4
212743543020004,247065235010661,2012,54,4,99,1250.0,3.0,1,ROMU,1,ROMU,1,2013-07-22 09:22:58,,7,4
212743544020004,247065235010661,2012,54,4,99,1250.0,4.0,1,ROMU,1,ROMU,1,2013-07-22 09:22:58,,7,4
212743677020004,247065268010661,2012,54,4,79,879.0,4.0,1,AIAL,1,AIAL,1,2013-07-22 09:23:00,,7,4
212743678020004,247065268010661,2012,54,4,79,879.0,3.0,1,ELUM,1,ELUM,2,2013-07-22 09:23:00,,7,4
212743679020004,247065268010661,2012,54,4,79,879.0,3.0,1,LOJA,1,LOJA,1,2013-07-22 09:23:00,,7,4
212748341020004,247065429010661,2012,54,4,17,1592.0,3.0,1,LOMO2,1,LOMO2,3,2013-07-22 09:24:00,,7,4
212748342020004,247065429010661,2012,54,4,17,1592.0,2.0,1,ROMU,1,ROMU,1,2013-07-22 09:24:00,,7,4
212748343020004,247065429010661,2012,54,4,17,1592.0,3.0,1,ROMU,1,ROMU,6,2013-07-22 09:24:00,,7,4
212748474020004,247065463010661,2012,54,4,49,1524.0,1.0,1,BETH,1,BETH,1,2013-07-22 09:24:00,,7,4
212748475020004,247065463010661,2012,54,4,49,1524.0,3.0,1,BETH,1,BETH,1,2013-07-22 09:24:00,,7,4
212748476020004,247065463010661,2012,54,4,49,1524.0,1.0,1,CEOR7,1,CEOR7,6,2013-07-22 09:24:00,,7,4
212748477020004,247065463010661,2012,54,4,49,1524.0,3.0,1,CEOR7,1,CEOR7,21,2013-07-22 09:24:00,,7,4
212748478020004,247065463010661,2012,54,4,49,1524.0,1.0,1,ELUM,1,ELUM,3,2013-07-22 09:24:00,,7,4
212748479020004,247065463010661,2012,54,4,49,1524.0,3.0,1,ELUM,1,ELUM,17,2013-07-22 09:24:00,,7,4
212748480020004,247065463010661,2012,54,4,49,1524.0,4.0,3,ELUM,1,ELUM,1,2013-07-22 09:24:00,,7,4
212748481020004,247065463010661,2012,54,4,49,1524.0,1.0,1,LOJA,1,LOJA,1,2013-07-22 09:24:00,,7,4
212748482020004,247065463010661,2012,54,4,49,1524.0,3.0,1,LOJA,1,LOJA,2,2013-07-22 09:24:00,,7,4
212748483020004,247065463010661,2012,54,4,49,1524.0,1.0,1,LONIC,1,LONIC,2,2013-07-22 09:24:00,,7,4
212748484020004,247065463010661,2012,54,4,49,1524.0,3.0,1,LONIC,1,LONIC,3,2013-07-22 09:24:00,,7,4
212748485020004,247065463010661,2012,54,4,49,1524.0,4.0,3,LONIC,1,LONIC,1,2013-07-22 09:24:00,,7,4
212748486020004,247065463010661,2012,54,4,49,1524.0,1.0,1,ROMU,1,ROMU,8,2013-07-22 09:24:00,,7,4
212748487020004,247065463010661,2012,54,4,49,1524.0,3.0,1,ROMU,1,ROMU,19,2013-07-22 09:24:00,,7,4
212748488020004,247065463010661,2012,54,4,49,1524.0,4.0,3,ROMU,1,ROMU,11,2013-07-22 09:24:00,,7,4
212748489020004,247065463010661,2012,54,4,49,1524.0,4.0,3,ROPS,1,ROPS,27,2013-07-22 09:24:00,,7,4
212748614020004,247065514010661,2012,54,2,101,696.0,2.0,1,MIVI,1,MIVI,1,2013-07-22 09:24:01,,7,4
212748768020004,247065674010661,2012,54,2,31,1511.0,3.0,1,MIVI,1,MIVI,1,2013-07-22 09:24:03,,7,4
212748769020004,247065674010661,2012,54,2,31,1511.0,1.0,1,ROPS,1,ROPS,2,2013-07-22 09:24:03,,7,4
212748770020004,247065674010661,2012,54,2,31,1511.0,2.0,1,ROPS,1,ROPS,4,2013-07-22 09:24:03,,7,4
212749103020004,247065407010661,2012,54,3,19,361.0,4.0,3,MIVI,1,MIVI,4,2013-07-22 09:24:09,,7,4
212749104020004,247065407010661,2012,54,3,19,361.0,3.0,2,PATO2,1,PATO2,10,2013-07-22 09:24:09,,7,4
212749105020004,247065407010661,2012,54,3,19,361.0,2.0,2,ROMU,1,ROMU,1,2013-07-22 09:24:09,,7,4
212749106020004,247065407010661,2012,54,3,19,361.0,3.0,2,ROMU,1,ROMU,1,2013-07-22 09:24:09,,7,4
212749107020004,247065407010661,2012,54,3,19,361.0,2.0,2,ROPS,1,ROPS,3,2013-07-22 09:24:09,,7,4
212749108020004,247065407010661,2012,54,3,19,361.0,3.0,2,ROPS,1,ROPS,1,2013-07-22 09:24:09,,7,4
212749444020004,247065664010661,2012,54,2,27,1443.0,1.0,1,ALPE4,1,ALPE4,5,2013-07-22 09:24:13,,7,4
249336512010661,169112343010661,2010,54,2,3,2382.0,4.0,1,ROPS,1,ROPS,25,2011-06-02 14:20:03,,7,2
249336548010661,169113285010661,2010,54,3,15,1378.0,2.0,1,ELUM,1,ELUM,1,2011-06-02 14:20:03,,7,2
249336549010661,169113285010661,2010,54,3,15,1378.0,1.0,1,MIVI,1,MIVI,1,2011-06-02 14:20:03,,7,2
249336550010661,169113285010661,2010,54,3,15,1378.0,2.0,1,MIVI,1,MIVI,12,2011-06-02 14:20:03,,7,2
249336551010661,169113285010661,2010,54,3,15,1378.0,4.0,1,MIVI,1,MIVI,12,2011-06-02 14:20:03,,7,2
249336552010661,169113285010661,2010,54,3,15,1378.0,1.0,1,ROMU,1,ROMU,1,2011-06-02 14:20:03,,7,2
249336553010661,169113285010661,2010,54,3,15,1378.0,2.0,1,ROMU,1,ROMU,3,2011-06-02 14:20:03,,7,2
249336554010661,169113285010661,2010,54,3,15,1378.0,3.0,1,ROMU,1,ROMU,1,2011-06-02 14:20:03,,7,2
249336555010661,169113285010661,2010,54,3,15,1378.0,4.0,1,ROMU,1,ROMU,1,2011-06-02 14:20:03,,7,2
249336828010661,169112501010661,2010,54,2,75,13.0,4.0,1,ROPS,1,ROPS,1,2011-06-02 14:20:05,,7,2
249336696010661,169113149010661,2010,54,4,35,1145.0,1.0,1,AIAL,1,AIAL,14,2011-06-02 14:20:04,,7,2
249336697010661,169113149010661,2010,54,4,35,1145.0,1.0,1,LOJA,1,LOJA,1,2011-06-02 14:20:04,,7,2
249336698010661,169113149010661,2010,54,4,35,1145.0,1.0,1,MIVI,1,MIVI,4,2011-06-02 14:20:04,,7,2
249336699010661,169113149010661,2010,54,4,35,1145.0,2.0,1,MIVI,1,MIVI,1,2011-06-02 14:20:04,,7,2
249336700010661,169113149010661,2010,54,4,35,1145.0,3.0,1,MIVI,1,MIVI,6,2011-06-02 14:20:04,,7,2
249336701010661,169113149010661,2010,54,4,35,1145.0,4.0,1,MIVI,1,MIVI,5,2011-06-02 14:20:04,,7,2
249336702010661,169113149010661,2010,54,4,35,1145.0,3.0,1,ROMU,1,ROMU,1,2011-06-02 14:20:04,,7,2
249336703010661,169113149010661,2010,54,4,35,1145.0,4.0,1,ROMU,1,ROMU,1,2011-06-02 14:20:04,,7,2
249336868010661,169112667010661,2010,54,2,101,2258.0,3.0,1,ROMU,1,ROMU,1,2011-06-02 14:20:05,,7,2
249336787010661,169112797010661,2010,54,4,61,1686.0,1.0,1,BETH,1,BETH,1,2011-06-02 14:20:04,,7,2
249336788010661,169112797010661,2010,54,4,61,1686.0,2.0,1,BETH,1,BETH,2,2011-06-02 14:20:04,,7,2
249336789010661,169112797010661,2010,54,4,61,1686.0,4.0,1,BETH,1,BETH,2,2011-06-02 14:20:04,,7,2
249336790010661,169112797010661,2010,54,4,61,1686.0,1.0,1,ROMU,1,ROMU,24,2011-06-02 14:20:04,,7,2
249336791010661,169112797010661,2010,54,4,61,1686.0,2.0,1,ROMU,1,ROMU,40,2011-06-02 14:20:04,,7,2
249336624010661,169112363010661,2010,54,2,27,602.0,1.0,1,MIVI,1,MIVI,33,2011-06-02 14:20:04,,7,2
249336625010661,169112363010661,2010,54,2,27,602.0,2.0,1,MIVI,1,MIVI,28,2011-06-02 14:20:04,,7,2
249336626010661,169112363010661,2010,54,2,27,602.0,3.0,1,MIVI,1,MIVI,1,2011-06-02 14:20:04,,7,2
249336627010661,169112363010661,2010,54,2,27,602.0,4.0,1,MIVI,1,MIVI,1,2011-06-02 14:20:04,,7,2
249336628010661,169112363010661,2010,54,2,27,602.0,1.0,1,ROPS,1,ROPS,1,2011-06-02 14:20:04,,7,2
249336629010661,169112363010661,2010,54,2,27,602.0,3.0,1,ROPS,1,ROPS,1,2011-06-02 14:20:04,,7,2
249336765010661,169112787010661,2010,54,3,55,737.0,3.0,1,ROPS,1,ROPS,24,2011-06-02 14:20:04,,7,2
249336766010661,169112787010661,2010,54,3,55,737.0,4.0,2,ROPS,1,ROPS,1,2011-06-02 14:20:04,,7,2
249336754010661,169113281010661,2010,54,4,49,1755.0,1.0,1,ROMU,1,ROMU,1,2011-06-02 14:20:04,,7,2
249336755010661,169113281010661,2010,54,4,49,1755.0,4.0,1,ROMU,1,ROMU,1,2011-06-02 14:20:04,,7,2
249336756010661,169113281010661,2010,54,4,49,1755.0,1.0,1,ROPS,1,ROPS,1,2011-06-02 14:20:04,,7,2
249336757010661,169113281010661,2010,54,4,49,1755.0,4.0,1,ROPS,1,ROPS,1,2011-06-02 14:20:04,,7,2
249336750010661,169113281010661,2010,54,4,49,1755.0,4.0,1,ALPE4,1,ALPE4,1,2011-06-02 14:20:04,,7,2
249336751010661,169113281010661,2010,54,4,49,1755.0,3.0,1,LONIC,1,LONIC,1,2011-06-02 14:20:04,,7,2
249336752010661,169113281010661,2010,54,4,49,1755.0,4.0,1,LONIC,1,LONIC,1,2011-06-02 14:20:04,,7,2
249336753010661,169113281010661,2010,54,4,49,1755.0,2.0,1,MIVI,1,MIVI,35,2011-06-02 14:20:04,,7,2
249336777010661,169113199010661,2010,54,3,59,1359.0,1.0,1,AIAL,1,AIAL,30,2011-06-02 14:20:04,,7,2
249336778010661,169113199010661,2010,54,3,59,1359.0,4.0,1,AIAL,1,AIAL,2,2011-06-02 14:20:04,,7,2
249336779010661,169113199010661,2010,54,3,59,1359.0,1.0,1,ELUM,1,ELUM,15,2011-06-02 14:20:04,,7,2
249336780010661,169113199010661,2010,54,3,59,1359.0,2.0,1,ELUM,1,ELUM,23,2011-06-02 14:20:04,,7,2
249336781010661,169113199010661,2010,54,3,59,1359.0,1.0,1,LOJA,1,LOJA,20,2011-06-02 14:20:04,,7,2
249336782010661,169113199010661,2010,54,3,59,1359.0,4.0,1,PATO2,1,PATO2,15,2011-06-02 14:20:04,,7,2
249336783010661,169113199010661,2010,54,3,59,1359.0,1.0,1,ROMU,1,ROMU,10,2011-06-02 14:20:04,,7,2
249336784010661,169113199010661,2010,54,3,59,1359.0,1.0,1,ROPS,1,ROPS,55,2011-06-02 14:20:04,,7,2
249336785010661,169113199010661,2010,54,3,59,1359.0,3.0,1,ROPS,1,ROPS,12,2011-06-02 14:20:04,,7,2
249336786010661,169113199010661,2010,54,3,59,1359.0,4.0,1,ROPS,1,ROPS,25,2011-06-02 14:20:04,,7,2
249336890010661,169113061010661,2010,54,4,107,269.0,2.0,1,LOJA,1,LOJA,1,2011-06-02 14:20:05,,7,2
249336891010661,169113061010661,2010,54,4,107,269.0,3.0,1,LOJA,1,LOJA,1,2011-06-02 14:20:05,,7,2
249336892010661,169113061010661,2010,54,4,107,269.0,1.0,1,ROMU,1,ROMU,1,2011-06-02 14:20:05,,7,2
249336792010661,169112797010661,2010,54,4,61,1686.0,4.0,1,ROMU,1,ROMU,37,2011-06-02 14:20:04,,7,2
249336478010661,169112647010661,2010,54,2,1,2429.0,1.0,1,AIAL,1,AIAL,1,2011-06-02 14:20:03,,7,2
249336479010661,169112647010661,2010,54,2,1,2429.0,2.0,1,AIAL,1,AIAL,7,2011-06-02 14:20:03,,7,2
249336480010661,169112647010661,2010,54,2,1,2429.0,3.0,1,AIAL,1,AIAL,1,2011-06-02 14:20:03,,7,2
249336481010661,169112647010661,2010,54,2,1,2429.0,4.0,1,AIAL,1,AIAL,1,2011-06-02 14:20:03,,7,2
249336482010661,169112647010661,2010,54,2,1,2429.0,3.0,1,ALPE4,1,ALPE4,4,2011-06-02 14:20:03,,7,2
249336483010661,169112647010661,2010,54,2,1,2429.0,1.0,1,ELUM,1,ELUM,1,2011-06-02 14:20:03,,7,2
249336484010661,169112647010661,2010,54,2,1,2429.0,3.0,1,ELUM,1,ELUM,8,2011-06-02 14:20:03,,7,2
249336485010661,169112647010661,2010,54,2,1,2429.0,1.0,1,MIVI,1,MIVI,3,2011-06-02 14:20:03,,7,2
249336486010661,169112647010661,2010,54,2,1,2429.0,3.0,1,MIVI,1,MIVI,17,2011-06-02 14:20:03,,7,2
249336487010661,169112647010661,2010,54,2,1,2429.0,4.0,1,MIVI,1,MIVI,5,2011-06-02 14:20:03,,7,2
249336488010661,169112647010661,2010,54,2,1,2429.0,3.0,1,ROMU,1,ROMU,1,2011-06-02 14:20:03,,7,2
249336489010661,169112647010661,2010,54,2,1,2429.0,4.0,1,ROMU,1,ROMU,1,2011-06-02 14:20:03,,7,2
249336490010661,169112647010661,2010,54,2,1,2429.0,2.0,1,ROPS,1,ROPS,1,2011-06-02 14:20:03,,7,2
249336491010661,169112647010661,2010,54,2,1,2429.0,3.0,1,ROPS,1,ROPS,14,2011-06-02 14:20:03,,7,2
249336850010661,169112563010661,2010,54,2,83,1918.0,3.0,1,ROPS,1,ROPS,1,2011-06-02 14:20:05,,7,2
249336602010661,169112597010661,2010,54,3,25,2099.0,4.0,2,MIVI,1,MIVI,60,2011-06-02 14:20:04,,7,2
249336603010661,169112597010661,2010,54,3,25,2099.0,1.0,1,ROPS,1,ROPS,20,2011-06-02 14:20:04,,7,2
249336604010661,169112597010661,2010,54,3,25,2099.0,3.0,1,ROPS,1,ROPS,27,2011-06-02 14:20:04,,7,2
249336617010661,169112363010661,2010,54,2,27,602.0,1.0,1,AIAL,1,AIAL,5,2011-06-02 14:20:04,,7,2
249336618010661,169112363010661,2010,54,2,27,602.0,2.0,1,AIAL,1,AIAL,1,2011-06-02 14:20:04,,7,2
249336619010661,169112363010661,2010,54,2,27,602.0,3.0,1,AIAL,1,AIAL,2,2011-06-02 14:20:04,,7,2
249336620010661,169112363010661,2010,54,2,27,602.0,4.0,1,AIAL,1,AIAL,1,2011-06-02 14:20:04,,7,2
249336621010661,169112363010661,2010,54,2,27,602.0,1.0,1,ALPE4,1,ALPE4,1,2011-06-02 14:20:04,,7,2
249336622010661,169112363010661,2010,54,2,27,602.0,2.0,1,BETH,1,BETH,4,2011-06-02 14:20:04,,7,2
249336623010661,169112363010661,2010,54,2,27,602.0,3.0,1,BETH,1,BETH,4,2011-06-02 14:20:04,,7,2
249336893010661,169113061010661,2010,54,4,107,269.0,2.0,1,ROMU,1,ROMU,5,2011-06-02 14:20:05,,7,2
249336894010661,169113061010661,2010,54,4,107,269.0,3.0,1,ROMU,1,ROMU,2,2011-06-02 14:20:05,,7,2
249336895010661,169113061010661,2010,54,4,107,269.0,4.0,1,ROMU,1,ROMU,1,2011-06-02 14:20:05,,7,2
249336540010661,169113211010661,2010,54,4,11,374.0,2.0,2,ELUM,1,ELUM,1,2011-06-02 14:20:03,,7,2
249336541010661,169113211010661,2010,54,4,11,374.0,2.0,3,ELUM,1,ELUM,1,2011-06-02 14:20:03,,7,2
249336542010661,169113211010661,2010,54,4,11,374.0,2.0,2,LOJA,1,LOJA,3,2011-06-02 14:20:03,,7,2
249336543010661,169113211010661,2010,54,4,11,374.0,2.0,3,LOJA,1,LOJA,2,2011-06-02 14:20:03,,7,2
249336544010661,169113211010661,2010,54,4,11,374.0,2.0,2,MIVI,1,MIVI,6,2011-06-02 14:20:03,,7,2
249336545010661,169113211010661,2010,54,4,11,374.0,2.0,3,MIVI,1,MIVI,4,2011-06-02 14:20:03,,7,2
249336546010661,169113211010661,2010,54,4,11,374.0,2.0,2,ROMU,1,ROMU,9,2011-06-02 14:20:03,,7,2
329750631489998,171920587020004,2014,54,3,55,961.0,4.0,1,ROPS,1,ROPS,5,2015-05-22 06:53:52,,8,1
329751513489998,171920639020004,2014,54,3,25,1561.0,1.0,1,ROPS,1,ROPS,4,2015-05-22 06:53:55,,8,1
329754117489998,171920450020004,2014,54,3,47,437.0,1.0,1,MIVI,1,MIVI,1,2015-05-22 06:54:07,,8,1
329754118489998,171920450020004,2014,54,3,47,437.0,2.0,1,MIVI,1,MIVI,1,2015-05-22 06:54:07,,8,1
329754119489998,171920450020004,2014,54,3,47,437.0,3.0,1,MIVI,1,MIVI,1,2015-05-22 06:54:07,,8,1
329754120489998,171920450020004,2014,54,3,47,437.0,4.0,1,MIVI,1,MIVI,1,2015-05-22 06:54:07,,8,1
329759200489998,171920515020004,2014,54,2,97,2114.0,2.0,1,MIVI,1,MIVI,1,2015-05-22 06:54:29,,8,1
329763609489998,171920666020004,2014,54,2,65,623.0,2.0,1,ROMU,1,ROMU,7,2015-05-22 08:26:19,,8,1
329763610489998,171920666020004,2014,54,2,65,623.0,4.0,1,ROMU,1,ROMU,1,2015-05-22 08:26:19,,8,1
329763611489998,171920666020004,2014,54,2,65,623.0,4.0,1,ROPS,1,ROPS,3,2015-05-22 08:26:19,,8,1
329749914489998,171920520020004,2014,54,4,85,2833.0,4.0,1,ELUM,1,ELUM,1,2015-05-22 06:53:50,,8,1
329749915489998,171920520020004,2014,54,4,85,2833.0,1.0,1,MIVI,1,MIVI,60,2015-05-22 06:53:50,,8,1
329749916489998,171920520020004,2014,54,4,85,2833.0,2.0,1,MIVI,1,MIVI,15,2015-05-22 06:53:50,,8,1
329749917489998,171920520020004,2014,54,4,85,2833.0,3.0,1,MIVI,1,MIVI,5,2015-05-22 06:53:50,,8,1
329749918489998,171920520020004,2014,54,4,85,2833.0,4.0,1,MIVI,1,MIVI,17,2015-05-22 06:53:50,,8,1
329749919489998,171920520020004,2014,54,4,85,2833.0,2.0,1,ROMU,1,ROMU,2,2015-05-22 06:53:50,,8,1
329749920489998,171920520020004,2014,54,4,85,2833.0,3.0,1,ROMU,1,ROMU,1,2015-05-22 06:53:50,,8,1
329750627489998,171920587020004,2014,54,3,55,961.0,2.0,1,PATO2,1,PATO2,17,2015-05-22 06:53:52,,8,1
329750628489998,171920587020004,2014,54,3,55,961.0,1.0,1,ROMU,1,ROMU,1,2015-05-22 06:53:52,,8,1
329750629489998,171920587020004,2014,54,3,55,961.0,2.0,1,ROMU,1,ROMU,1,2015-05-22 06:53:52,,8,1
329756049489998,171920496020004,2014,54,3,55,2278.0,4.0,1,ROPS,1,ROPS,10,2015-05-22 06:54:19,,8,1
329756630489998,171920623020004,2014,54,2,7,1744.0,1.0,1,BETH,1,BETH,1,2015-05-22 06:54:21,,8,1
329756631489998,171920623020004,2014,54,2,7,1744.0,2.0,1,BETH,1,BETH,1,2015-05-22 06:54:21,,8,1
329756632489998,171920623020004,2014,54,2,7,1744.0,2.0,1,ELUM,1,ELUM,1,2015-05-22 06:54:21,,8,1
329756633489998,171920623020004,2014,54,2,7,1744.0,3.0,1,ELUM,1,ELUM,1,2015-05-22 06:54:21,,8,1
329756634489998,171920623020004,2014,54,2,7,1744.0,1.0,1,LONIC,1,LONIC,2,2015-05-22 06:54:21,,8,1
329756635489998,171920623020004,2014,54,2,7,1744.0,3.0,1,LONIC,1,LONIC,1,2015-05-22 06:54:21,,8,1
329756636489998,171920623020004,2014,54,2,7,1744.0,1.0,1,MIVI,1,MIVI,4,2015-05-22 06:54:21,,8,1
329756637489998,171920623020004,2014,54,2,7,1744.0,2.0,1,MIVI,1,MIVI,20,2015-05-22 06:54:21,,8,1
329756638489998,171920623020004,2014,54,2,7,1744.0,3.0,1,MIVI,1,MIVI,3,2015-05-22 06:54:21,,8,1
329756639489998,171920623020004,2014,54,2,7,1744.0,4.0,1,MIVI,1,MIVI,20,2015-05-22 06:54:21,,8,1
329756640489998,171920623020004,2014,54,2,7,1744.0,1.0,1,ROMU,1,ROMU,1,2015-05-22 06:54:21,,8,1
329756641489998,171920623020004,2014,54,2,7,1744.0,2.0,1,ROMU,1,ROMU,7,2015-05-22 06:54:21,,8,1
329756642489998,171920623020004,2014,54,2,7,1744.0,3.0,1,ROMU,1,ROMU,1,2015-05-22 06:54:21,,8,1
329756643489998,171920623020004,2014,54,2,7,1744.0,4.0,1,ROMU,1,ROMU,1,2015-05-22 06:54:21,,8,1
329756644489998,171920623020004,2014,54,2,7,1744.0,2.0,1,ROPS,1,ROPS,5,2015-05-22 06:54:21,,8,1
329749504489998,171920327020004,2014,54,2,31,2183.0,1.0,1,ALPE4,1,ALPE4,2,2015-05-22 06:53:47,,8,1
329749505489998,171920327020004,2014,54,2,31,2183.0,3.0,1,ALPE4,1,ALPE4,3,2015-05-22 06:53:47,,8,1
329749506489998,171920327020004,2014,54,2,31,2183.0,4.0,1,ALPE4,1,ALPE4,25,2015-05-22 06:53:47,,8,1
329749507489998,171920327020004,2014,54,2,31,2183.0,1.0,1,MIVI,1,MIVI,1,2015-05-22 06:53:47,,8,1
329749508489998,171920327020004,2014,54,2,31,2183.0,2.0,2,MIVI,1,MIVI,1,2015-05-22 06:53:47,,8,1
329749509489998,171920327020004,2014,54,2,31,2183.0,3.0,1,MIVI,1,MIVI,1,2015-05-22 06:53:47,,8,1
329749510489998,171920327020004,2014,54,2,31,2183.0,4.0,1,MIVI,1,MIVI,90,2015-05-22 06:53:47,,8,1
329749511489998,171920327020004,2014,54,2,31,2183.0,1.0,1,ROPS,1,ROPS,1,2015-05-22 06:53:47,,8,1
329752765489998,171920444020004,2014,54,3,109,328.0,1.0,1,AIAL,1,AIAL,28,2015-05-22 06:54:01,,8,1
329752766489998,171920444020004,2014,54,3,109,328.0,4.0,1,AIAL,1,AIAL,5,2015-05-22 06:54:01,,8,1
329752767489998,171920444020004,2014,54,3,109,328.0,1.0,1,ROPS,1,ROPS,5,2015-05-22 06:54:01,,8,1
329753131489998,171920577020004,2014,54,2,1,1932.0,1.0,1,AIAL,1,AIAL,1,2015-05-22 06:54:02,,8,1
329753132489998,171920577020004,2014,54,2,1,1932.0,2.0,1,AIAL,1,AIAL,4,2015-05-22 06:54:02,,8,1
329753133489998,171920577020004,2014,54,2,1,1932.0,4.0,1,AIAL,1,AIAL,1,2015-05-22 06:54:02,,8,1
329753134489998,171920577020004,2014,54,2,1,1932.0,1.0,1,CEOR7,1,CEOR7,80,2015-05-22 06:54:02,,8,1
329753135489998,171920577020004,2014,54,2,1,1932.0,2.0,1,CEOR7,1,CEOR7,40,2015-05-22 06:54:02,,8,1
329753136489998,171920577020004,2014,54,2,1,1932.0,4.0,1,CEOR7,1,CEOR7,55,2015-05-22 06:54:02,,8,1
329753137489998,171920577020004,2014,54,2,1,1932.0,1.0,1,ELUM,1,ELUM,1,2015-05-22 06:54:02,,8,1
329753138489998,171920577020004,2014,54,2,1,1932.0,4.0,1,ELUM,1,ELUM,2,2015-05-22 06:54:02,,8,1
329753139489998,171920577020004,2014,54,2,1,1932.0,1.0,1,LONIC,1,LONIC,1,2015-05-22 06:54:02,,8,1
329753140489998,171920577020004,2014,54,2,1,1932.0,2.0,1,LONIC,1,LONIC,7,2015-05-22 06:54:02,,8,1
329753141489998,171920577020004,2014,54,2,1,1932.0,4.0,1,LONIC,1,LONIC,12,2015-05-22 06:54:02,,8,1
329753142489998,171920577020004,2014,54,2,1,1932.0,2.0,1,MIVI,1,MIVI,3,2015-05-22 06:54:02,,8,1
329753143489998,171920577020004,2014,54,2,1,1932.0,4.0,1,MIVI,1,MIVI,1,2015-05-22 06:54:02,,8,1
329753144489998,171920577020004,2014,54,2,1,1932.0,2.0,1,ROMU,1,ROMU,30,2015-05-22 06:54:02,,8,1
329753145489998,171920577020004,2014,54,2,1,1932.0,4.0,1,ROMU,1,ROMU,10,2015-05-22 06:54:02,,8,1
329753146489998,171920577020004,2014,54,2,1,1932.0,1.0,1,ROPS,1,ROPS,1,2015-05-22 06:54:02,,8,1
329753147489998,171920577020004,2014,54,2,1,1932.0,2.0,1,ROPS,1,ROPS,1,2015-05-22 06:54:02,,8,1
329753148489998,171920577020004,2014,54,2,1,1932.0,4.0,1,ROPS,1,ROPS,1,2015-05-22 06:54:02,,8,1
329753357489998,171920204020004,2014,54,2,77,1290.0,1.0,1,ROMU,1,ROMU,1,2015-05-22 06:54:04,,8,1
329757229489998,171920202020004,2014,54,2,77,1498.0,3.0,1,ROPS,1,ROPS,2,2015-05-22 06:54:23,,8,1
329757632489998,171920293020004,2014,54,2,77,273.0,3.0,1,MIVI,1,MIVI,5,2015-05-22 06:54:25,,8,1
329757633489998,171920293020004,2014,54,2,77,273.0,4.0,1,MIVI,1,MIVI,1,2015-05-22 06:54:25,,8,1
329757634489998,171920293020004,2014,54,2,77,273.0,1.0,1,ROMU,1,ROMU,1,2015-05-22 06:54:25,,8,1
329757635489998,171920293020004,2014,54,2,77,273.0,2.0,1,ROMU,1,ROMU,2,2015-05-22 06:54:25,,8,1
329757636489998,171920293020004,2014,54,2,77,273.0,3.0,1,ROMU,1,ROMU,1,2015-05-22 06:54:25,,8,1
329757637489998,171920293020004,2014,54,2,77,273.0,4.0,1,ROMU,1,ROMU,1,2015-05-22 06:54:25,,8,1
329757638489998,171920293020004,2014,54,2,77,273.0,2.0,1,ROPS,1,ROPS,1,2015-05-22 06:54:25,,8,1
329758316489998,171920438020004,2014,54,3,45,534.0,2.0,1,MIVI,1,MIVI,3,2015-05-22 06:54:26,,8,1
329758317489998,171920438020004,2014,54,3,45,534.0,2.0,1,SPJA,1,SPJA,9,2015-05-22 06:54:26,,8,1
329758797489998,171920489020004,2014,54,3,25,2197.0,1.0,1,BETH,1,BETH,1,2015-05-22 06:54:28,,8,1
329758798489998,171920489020004,2014,54,3,25,2197.0,3.0,1,FRAL4,1,FRAL4,20,2015-05-22 06:54:28,,8,1
329758799489998,171920489020004,2014,54,3,25,2197.0,4.0,1,FRAL4,1,FRAL4,2,2015-05-22 06:54:28,,8,1
329758800489998,171920489020004,2014,54,3,25,2197.0,1.0,1,LIVU,1,LIVU,1,2015-05-22 06:54:28,,8,1
329758801489998,171920489020004,2014,54,3,25,2197.0,2.0,1,LIVU,1,LIVU,1,2015-05-22 06:54:28,,8,1
329758802489998,171920489020004,2014,54,3,25,2197.0,4.0,1,LIVU,1,LIVU,5,2015-05-22 06:54:28,,8,1
329758803489998,171920489020004,2014,54,3,25,2197.0,1.0,1,LOMO2,1,LOMO2,1,2015-05-22 06:54:28,,8,1
329758804489998,171920489020004,2014,54,3,25,2197.0,2.0,1,LOMO2,1,LOMO2,1,2015-05-22 06:54:28,,8,1
329758805489998,171920489020004,2014,54,3,25,2197.0,3.0,1,LOMO2,1,LOMO2,5,2015-05-22 06:54:28,,8,1
329758806489998,171920489020004,2014,54,3,25,2197.0,2.0,1,MIVI,1,MIVI,3,2015-05-22 06:54:28,,8,1
329758807489998,171920489020004,2014,54,3,25,2197.0,4.0,1,MIVI,1,MIVI,2,2015-05-22 06:54:28,,8,1
329758808489998,171920489020004,2014,54,3,25,2197.0,1.0,1,ROMU,1,ROMU,1,2015-05-22 06:54:28,,8,1
329758809489998,171920489020004,2014,54,3,25,2197.0,2.0,1,ROMU,1,ROMU,3,2015-05-22 06:54:28,,8,1
329758810489998,171920489020004,2014,54,3,25,2197.0,3.0,1,ROMU,1,ROMU,1,2015-05-22 06:54:28,,8,1
329758811489998,171920489020004,2014,54,3,25,2197.0,4.0,1,ROMU,1,ROMU,7,2015-05-22 06:54:28,,8,1
329758812489998,171920489020004,2014,54,3,25,2197.0,1.0,1,ROPS,1,ROPS,1,2015-05-22 06:54:28,,8,1
329758813489998,171920489020004,2014,54,3,25,2197.0,3.0,1,ROPS,1,ROPS,18,2015-05-22 06:54:28,,8,1
329760620489998,171920472020004,2014,54,4,95,1969.0,1.0,1,BETH,1,BETH,10,2015-05-22 06:54:36,,8,1
329760621489998,171920472020004,2014,54,4,95,1969.0,2.0,1,BETH,1,BETH,1,2015-05-22 06:54:36,,8,1
329760622489998,171920472020004,2014,54,4,95,1969.0,4.0,1,BETH,1,BETH,5,2015-05-22 06:54:36,,8,1
329760623489998,171920472020004,2014,54,4,95,1969.0,1.0,1,ELUM,1,ELUM,2,2015-05-22 06:54:36,,8,1
329760624489998,171920472020004,2014,54,4,95,1969.0,2.0,1,ELUM,1,ELUM,5,2015-05-22 06:54:36,,8,1
329760625489998,171920472020004,2014,54,4,95,1969.0,4.0,1,ELUM,1,ELUM,1,2015-05-22 06:54:36,,8,1
329760626489998,171920472020004,2014,54,4,95,1969.0,1.0,1,MIVI,1,MIVI,43,2015-05-22 06:54:36,,8,1
329760627489998,171920472020004,2014,54,4,95,1969.0,2.0,1,MIVI,1,MIVI,52,2015-05-22 06:54:36,,8,1
329760628489998,171920472020004,2014,54,4,95,1969.0,4.0,1,MIVI,1,MIVI,75,2015-05-22 06:54:36,,8,1
329760629489998,171920472020004,2014,54,4,95,1969.0,1.0,1,ROMU,1,ROMU,2,2015-05-22 06:54:36,,8,1
329760630489998,171920472020004,2014,54,4,95,1969.0,2.0,1,ROMU,1,ROMU,5,2015-05-22 06:54:36,,8,1
329760631489998,171920472020004,2014,54,4,95,1969.0,4.0,1,ROMU,1,ROMU,5,2015-05-22 06:54:36,,8,1
329760924489998,171920479020004,2014,54,4,17,1054.0,1.0,1,ELUM,1,ELUM,1,2015-05-22 06:54:37,,8,1
329760925489998,171920479020004,2014,54,4,17,1054.0,2.0,1,ELUM,1,ELUM,3,2015-05-22 06:54:37,,8,1
329760926489998,171920479020004,2014,54,4,17,1054.0,4.0,1,ELUM,1,ELUM,30,2015-05-22 06:54:37,,8,1
329760927489998,171920479020004,2014,54,4,17,1054.0,4.0,1,MIVI,1,MIVI,60,2015-05-22 06:54:37,,8,1
329760928489998,171920479020004,2014,54,4,17,1054.0,1.0,1,ROMU,1,ROMU,1,2015-05-22 06:54:37,,8,1
329760929489998,171920479020004,2014,54,4,17,1054.0,4.0,1,ROMU,1,ROMU,1,2015-05-22 06:54:37,,8,1
329761461489998,171920619020004,2014,54,4,29,248.0,1.0,1,ALPE4,1,ALPE4,5,2015-05-22 06:54:38,,8,1
329761462489998,171920619020004,2014,54,4,29,248.0,3.0,1,ALPE4,1,ALPE4,3,2015-05-22 06:54:38,,8,1
329761463489998,171920619020004,2014,54,4,29,248.0,4.0,1,ALPE4,1,ALPE4,8,2015-05-22 06:54:38,,8,1
329761464489998,171920619020004,2014,54,4,29,248.0,1.0,1,LONIC,1,LONIC,6,2015-05-22 06:54:38,,8,1
329761465489998,171920619020004,2014,54,4,29,248.0,3.0,1,LONIC,1,LONIC,2,2015-05-22 06:54:38,,8,1
329761466489998,171920619020004,2014,54,4,29,248.0,4.0,1,LONIC,1,LONIC,11,2015-05-22 06:54:38,,8,1
329761467489998,171920619020004,2014,54,4,29,248.0,1.0,1,ROMU,1,ROMU,2,2015-05-22 06:54:38,,8,1
329761468489998,171920619020004,2014,54,4,29,248.0,3.0,1,ROMU,1,ROMU,7,2015-05-22 06:54:38,,8,1
329761469489998,171920619020004,2014,54,4,29,248.0,4.0,1,ROMU,1,ROMU,8,2015-05-22 06:54:38,,8,1
329761737489998,171920249020004,2014,54,3,39,2173.0,1.0,1,AIAL,1,AIAL,10,2015-05-22 06:54:40,,8,1
329761738489998,171920249020004,2014,54,3,39,2173.0,2.0,1,AIAL,1,AIAL,2,2015-05-22 06:54:40,,8,1
329761739489998,171920249020004,2014,54,3,39,2173.0,3.0,1,AIAL,1,AIAL,5,2015-05-22 06:54:40,,8,1
329761740489998,171920249020004,2014,54,3,39,2173.0,4.0,1,AIAL,1,AIAL,10,2015-05-22 06:54:40,,8,1
329762027489998,171920254020004,2014,54,3,81,914.0,1.0,1,AIAL,1,AIAL,1,2015-05-22 06:54:41,,8,1
329762028489998,171920254020004,2014,54,3,81,914.0,3.0,1,AIAL,1,AIAL,1,2015-05-22 06:54:41,,8,1
329762029489998,171920254020004,2014,54,3,81,914.0,4.0,1,AIAL,1,AIAL,5,2015-05-22 06:54:41,,8,1
329762030489998,171920254020004,2014,54,3,81,914.0,4.0,1,ROPS,1,ROPS,5,2015-05-22 06:54:41,,8,1
329763158489998,171920373020004,2014,54,3,39,1369.0,3.0,1,ROPS,1,ROPS,3,2015-05-22 08:26:17,,8,1
273378745489998,29637430020004,2013,54,4,107,934.0,1.0,1,LOJA,1,LOJA,2,2014-08-01 12:20:49,,7,5
273378746489998,29637430020004,2013,54,4,107,934.0,2.0,1,LOJA,1,LOJA,3,2014-08-01 12:20:49,,7,5
212744359020004,247065690010661,2012,54,2,71,440.0,4.0,1,ROPS,1,ROPS,1,2013-07-22 09:23:11,,7,4
212747364020004,247065628010661,2012,54,2,23,2282.0,1.0,1,MIVI,1,MIVI,1,2013-07-22 09:23:44,,7,4
212747365020004,247065628010661,2012,54,2,23,2282.0,2.0,1,MIVI,1,MIVI,1,2013-07-22 09:23:44,,7,4
212747366020004,247065628010661,2012,54,2,23,2282.0,4.0,1,MIVI,1,MIVI,1,2013-07-22 09:23:44,,7,4
212747367020004,247065628010661,2012,54,2,23,2282.0,4.0,1,ROMU,1,ROMU,1,2013-07-22 09:23:44,,7,4
212747368020004,247065628010661,2012,54,2,23,2282.0,1.0,1,ROPS,1,ROPS,1,2013-07-22 09:23:44,,7,4
212747369020004,247065628010661,2012,54,2,23,2282.0,2.0,1,ROPS,1,ROPS,2,2013-07-22 09:23:44,,7,4
212747370020004,247065628010661,2012,54,2,23,2282.0,4.0,1,ROPS,1,ROPS,4,2013-07-22 09:23:44,,7,4
32563656020004,222519828010661,2011,54,2,83,52.0,4.0,1,MIVI,1,MIVI,1,2012-04-12 10:33:46,,7,3
32563657020004,222519828010661,2011,54,2,83,52.0,1.0,1,ROMU,1,ROMU,8,2012-04-12 10:33:46,,7,3
32563658020004,222519828010661,2011,54,2,83,52.0,2.0,1,ROMU,1,ROMU,3,2012-04-12 10:33:46,,7,3
32563659020004,222519828010661,2011,54,2,83,52.0,3.0,1,ROMU,1,ROMU,2,2012-04-12 10:33:46,,7,3
32563660020004,222519828010661,2011,54,2,83,52.0,2.0,1,ROPS,1,ROPS,2,2012-04-12 10:33:46,,7,3
32563661020004,222519828010661,2011,54,2,83,52.0,3.0,1,ROPS,1,ROPS,1,2012-04-12 10:33:46,,7,3
32563662020004,222519828010661,2011,54,2,83,52.0,4.0,1,ROPS,1,ROPS,1,2012-04-12 10:33:46,,7,3
32563319020004,222519684010661,2011,54,2,97,1039.0,1.0,1,ELUM,1,ELUM,1,2012-04-12 10:33:35,,7,3
32563320020004,222519684010661,2011,54,2,97,1039.0,1.0,1,LONIC,1,LONIC,13,2012-04-12 10:33:35,,7,3
32563321020004,222519684010661,2011,54,2,97,1039.0,2.0,1,LONIC,1,LONIC,1,2012-04-12 10:33:35,,7,3
32563322020004,222519684010661,2011,54,2,97,1039.0,4.0,1,LONIC,1,LONIC,50,2012-04-12 10:33:35,,7,3
32563323020004,222519684010661,2011,54,2,97,1039.0,1.0,1,ROMU,1,ROMU,1,2012-04-12 10:33:35,,7,3
32563324020004,222519684010661,2011,54,2,97,1039.0,2.0,1,ROMU,1,ROMU,1,2012-04-12 10:33:35,,7,3
32563325020004,222519684010661,2011,54,2,97,1039.0,4.0,1,ROMU,1,ROMU,2,2012-04-12 10:33:35,,7,3
32563326020004,222519684010661,2011,54,2,97,1039.0,1.0,1,ROPS,1,ROPS,5,2012-04-12 10:33:35,,7,3
32563343020004,222519692010661,2011,54,2,101,2435.0,1.0,1,MIVI,1,MIVI,1,2012-04-12 10:33:35,,7,3
32563344020004,222519692010661,2011,54,2,101,2435.0,1.0,1,ROMU,1,ROMU,3,2012-04-12 10:33:35,,7,3
32563345020004,222519692010661,2011,54,2,101,2435.0,2.0,1,ROMU,1,ROMU,3,2012-04-12 10:33:35,,7,3
32563346020004,222519692010661,2011,54,2,101,2435.0,3.0,1,ROMU,1,ROMU,2,2012-04-12 10:33:35,,7,3
32563347020004,222519692010661,2011,54,2,101,2435.0,4.0,1,ROMU,1,ROMU,10,2012-04-12 10:33:35,,7,3
32563348020004,222519692010661,2011,54,2,101,2435.0,1.0,1,ROPS,1,ROPS,4,2012-04-12 10:33:35,,7,3
32563349020004,222519692010661,2011,54,2,101,2435.0,2.0,1,ROPS,1,ROPS,6,2012-04-12 10:33:35,,7,3
32563350020004,222519692010661,2011,54,2,101,2435.0,3.0,1,ROPS,1,ROPS,5,2012-04-12 10:33:35,,7,3
32563351020004,222519692010661,2011,54,2,101,2435.0,4.0,1,ROPS,1,ROPS,1,2012-04-12 10:33:35,,7,3
32563405020004,222519718010661,2011,54,2,77,2000.0,1.0,1,ROMU,1,ROMU,1,2012-04-12 10:33:38,,7,3
32563406020004,222519718010661,2011,54,2,77,2000.0,2.0,1,ROMU,1,ROMU,1,2012-04-12 10:33:38,,7,3
32563655020004,222519828010661,2011,54,2,83,52.0,2.0,1,BETH,1,BETH,1,2012-04-12 10:33:46,,7,3
32563407020004,222519718010661,2011,54,2,77,2000.0,4.0,1,ROMU,1,ROMU,3,2012-04-12 10:33:38,,7,3
32563689020004,222519840010661,2011,54,2,83,3587.0,3.0,1,ROMU,1,ROMU,2,2012-04-12 10:33:46,,7,3
32563939020004,222519948010661,2011,54,2,31,1609.0,2.0,1,ROPS,1,ROPS,1,2012-04-12 10:33:55,,7,3
32563940020004,222519948010661,2011,54,2,31,1609.0,3.0,1,ROPS,1,ROPS,3,2012-04-12 10:33:55,,7,3
32563941020004,222519948010661,2011,54,2,31,1609.0,4.0,1,ROPS,1,ROPS,2,2012-04-12 10:33:55,,7,3
32563942020004,222519948010661,2011,54,2,31,1609.0,1.0,1,SPJA,1,SPJA,6,2012-04-12 10:33:55,,7,3
32563943020004,222519948010661,2011,54,2,31,1609.0,2.0,1,SPJA,1,SPJA,43,2012-04-12 10:33:55,,7,3
32563944020004,222519948010661,2011,54,2,31,1609.0,3.0,1,SPJA,1,SPJA,4,2012-04-12 10:33:55,,7,3
32563945020004,222519948010661,2011,54,2,31,1609.0,4.0,1,SPJA,1,SPJA,6,2012-04-12 10:33:55,,7,3
32563962020004,222519956010661,2011,54,2,31,159.0,3.0,1,AIAL,1,AIAL,1,2012-04-12 10:33:56,,7,3
212747721020004,247065501010661,2012,54,2,97,2408.0,4.0,2,LYNU,1,LYNU,1,2013-07-22 09:23:51,,7,4
212747722020004,247065501010661,2012,54,2,97,2408.0,4.0,2,MIVI,1,MIVI,35,2013-07-22 09:23:51,,7,4
212747897020004,247065670010661,2012,54,2,27,2293.0,1.0,1,BETH,1,BETH,2,2013-07-22 09:23:54,,7,4
212747898020004,247065670010661,2012,54,2,27,2293.0,1.0,1,ROMU,1,ROMU,1,2013-07-22 09:23:54,,7,4
212747899020004,247065670010661,2012,54,2,27,2293.0,2.0,1,ROPS,1,ROPS,13,2013-07-22 09:23:54,,7,4
212748107020004,247065264010661,2012,54,4,53,1482.0,4.0,1,ELUM,1,ELUM,2,2013-07-22 09:23:57,,7,4
212748108020004,247065264010661,2012,54,4,53,1482.0,1.0,1,LOJA,1,LOJA,10,2013-07-22 09:23:57,,7,4
212748109020004,247065264010661,2012,54,4,53,1482.0,2.0,1,LOJA,1,LOJA,1,2013-07-22 09:23:57,,7,4
212748110020004,247065264010661,2012,54,4,53,1482.0,3.0,1,LOJA,1,LOJA,1,2013-07-22 09:23:57,,7,4
212748111020004,247065264010661,2012,54,4,53,1482.0,4.0,1,LOJA,1,LOJA,2,2013-07-22 09:23:57,,7,4
212748112020004,247065264010661,2012,54,4,53,1482.0,3.0,1,MIVI,1,MIVI,35,2013-07-22 09:23:57,,7,4
212748339020004,247065429010661,2012,54,4,17,1592.0,3.0,1,CEOR7,1,CEOR7,1,2013-07-22 09:24:00,,7,4
212749445020004,247065664010661,2012,54,2,27,1443.0,2.0,1,ALPE4,1,ALPE4,60,2013-07-22 09:24:13,,7,4
212749446020004,247065664010661,2012,54,2,27,1443.0,4.0,1,ALPE4,1,ALPE4,1,2013-07-22 09:24:13,,7,4
212749447020004,247065664010661,2012,54,2,27,1443.0,2.0,1,MIVI,1,MIVI,5,2013-07-22 09:24:13,,7,4
212749589020004,247065701010661,2012,54,4,51,785.0,1.0,1,ALPE4,1,ALPE4,7,2013-07-22 09:24:13,,7,4
212749590020004,247065701010661,2012,54,4,51,785.0,2.0,1,ALPE4,1,ALPE4,1,2013-07-22 09:24:13,,7,4
212749591020004,247065701010661,2012,54,4,51,785.0,3.0,1,ALPE4,1,ALPE4,2,2013-07-22 09:24:13,,7,4
212749592020004,247065701010661,2012,54,4,51,785.0,4.0,1,ALPE4,1,ALPE4,10,2013-07-22 09:24:13,,7,4
212749593020004,247065701010661,2012,54,4,51,785.0,1.0,1,BETH,1,BETH,1,2013-07-22 09:24:13,,7,4
212749594020004,247065701010661,2012,54,4,51,785.0,1.0,1,MIVI,1,MIVI,45,2013-07-22 09:24:13,,7,4
212749595020004,247065701010661,2012,54,4,51,785.0,2.0,1,MIVI,1,MIVI,97,2013-07-22 09:24:13,,7,4
212749596020004,247065701010661,2012,54,4,51,785.0,3.0,1,MIVI,1,MIVI,95,2013-07-22 09:24:13,,7,4
212749597020004,247065701010661,2012,54,4,51,785.0,4.0,1,MIVI,1,MIVI,20,2013-07-22 09:24:13,,7,4
212749598020004,247065701010661,2012,54,4,51,785.0,3.0,1,ROMU,1,ROMU,2,2013-07-22 09:24:13,,7,4
212749599020004,247065701010661,2012,54,4,51,785.0,4.0,1,ROMU,1,ROMU,1,2013-07-22 09:24:13,,7,4
212749794020004,247065218010661,2012,54,3,109,250.0,2.0,1,ELUM,1,ELUM,5,2013-07-22 09:24:16,,7,4
212749795020004,247065218010661,2012,54,3,109,250.0,3.0,1,PATO2,1,PATO2,20,2013-07-22 09:24:16,,7,4
212749796020004,247065218010661,2012,54,3,109,250.0,4.0,1,PATO2,1,PATO2,33,2013-07-22 09:24:16,,7,4
212749797020004,247065218010661,2012,54,3,109,250.0,2.0,1,POCU6,1,POCU6,7,2013-07-22 09:24:16,,7,4
212749798020004,247065218010661,2012,54,3,109,250.0,2.0,1,ROMU,1,ROMU,2,2013-07-22 09:24:16,,7,4
212749799020004,247065218010661,2012,54,3,109,250.0,3.0,1,ROMU,1,ROMU,15,2013-07-22 09:24:16,,7,4
212749800020004,247065218010661,2012,54,3,109,250.0,4.0,1,ROMU,1,ROMU,5,2013-07-22 09:24:16,,7,4
212749973020004,247065340010661,2012,54,4,87,275.0,2.0,1,AIAL,1,AIAL,4,2013-07-22 09:24:17,,7,4
212749974020004,247065340010661,2012,54,4,87,275.0,1.0,1,BETH,1,BETH,1,2013-07-22 09:24:17,,7,4
212749975020004,247065340010661,2012,54,4,87,275.0,3.0,1,BETH,1,BETH,5,2013-07-22 09:24:17,,7,4
212749976020004,247065340010661,2012,54,4,87,275.0,4.0,1,BETH,1,BETH,3,2013-07-22 09:24:17,,7,4
212749977020004,247065340010661,2012,54,4,87,275.0,4.0,1,BEVU,1,BEVU,1,2013-07-22 09:24:17,,7,4
212749978020004,247065340010661,2012,54,4,87,275.0,1.0,1,ELUM,1,ELUM,35,2013-07-22 09:24:17,,7,4
212749979020004,247065340010661,2012,54,4,87,275.0,2.0,1,ELUM,1,ELUM,1,2013-07-22 09:24:17,,7,4
212749980020004,247065340010661,2012,54,4,87,275.0,3.0,1,ELUM,1,ELUM,20,2013-07-22 09:24:17,,7,4
212749981020004,247065340010661,2012,54,4,87,275.0,4.0,1,ELUM,1,ELUM,22,2013-07-22 09:24:17,,7,4
212749982020004,247065340010661,2012,54,4,87,275.0,1.0,1,LOJA,1,LOJA,2,2013-07-22 09:24:17,,7,4
212749983020004,247065340010661,2012,54,4,87,275.0,3.0,1,LOJA,1,LOJA,1,2013-07-22 09:24:17,,7,4
212749984020004,247065340010661,2012,54,4,87,275.0,3.0,1,LOMO2,1,LOMO2,1,2013-07-22 09:24:17,,7,4
212749985020004,247065340010661,2012,54,4,87,275.0,1.0,1,ROMU,1,ROMU,10,2013-07-22 09:24:17,,7,4
212749986020004,247065340010661,2012,54,4,87,275.0,2.0,1,ROMU,1,ROMU,4,2013-07-22 09:24:17,,7,4
212749987020004,247065340010661,2012,54,4,87,275.0,3.0,1,ROMU,1,ROMU,3,2013-07-22 09:24:17,,7,4
212749988020004,247065340010661,2012,54,4,87,275.0,4.0,1,ROMU,1,ROMU,7,2013-07-22 09:24:17,,7,4
212750155020004,247065423010661,2012,54,4,49,1935.0,3.0,1,BETH,1,BETH,1,2013-07-22 09:24:18,,7,4
212750156020004,247065423010661,2012,54,4,49,1935.0,1.0,1,ELUM,1,ELUM,1,2013-07-22 09:24:18,,7,4
212750157020004,247065423010661,2012,54,4,49,1935.0,2.0,1,ELUM,1,ELUM,1,2013-07-22 09:24:18,,7,4
212750158020004,247065423010661,2012,54,4,49,1935.0,3.0,1,ELUM,1,ELUM,6,2013-07-22 09:24:18,,7,4
32563690020004,222519840010661,2011,54,2,83,3587.0,4.0,1,ROMU,1,ROMU,1,2012-04-12 10:33:46,,7,3
32563691020004,222519840010661,2011,54,2,83,3587.0,1.0,1,ROPS,1,ROPS,1,2012-04-12 10:33:46,,7,3
32563692020004,222519840010661,2011,54,2,83,3587.0,4.0,1,ROPS,1,ROPS,1,2012-04-12 10:33:46,,7,3
32563804020004,222519892010661,2011,54,2,71,1326.0,1.0,1,ROPS,1,ROPS,5,2012-04-12 10:33:50,,7,3
32563805020004,222519892010661,2011,54,2,71,1326.0,3.0,1,ROPS,1,ROPS,1,2012-04-12 10:33:50,,7,3
32563488020004,222519754010661,2011,54,2,101,1548.0,3.0,1,ELUM,1,ELUM,2,2012-04-12 10:33:40,,7,3
32563489020004,222519754010661,2011,54,2,101,1548.0,3.0,2,ELUM,1,ELUM,1,2012-04-12 10:33:40,,7,3
32563490020004,222519754010661,2011,54,2,101,1548.0,1.0,1,LONIC,1,LONIC,2,2012-04-12 10:33:40,,7,3
32563491020004,222519754010661,2011,54,2,101,1548.0,3.0,1,LONIC,1,LONIC,1,2012-04-12 10:33:40,,7,3
32563492020004,222519754010661,2011,54,2,101,1548.0,1.0,1,ROMU,1,ROMU,1,2012-04-12 10:33:40,,7,3
32562759020004,222519460010661,2011,54,4,103,1967.0,4.0,2,LOMO2,1,LOMO2,2,2012-04-12 10:33:20,,7,3
32562760020004,222519460010661,2011,54,4,103,1967.0,3.0,2,ROMU,1,ROMU,2,2012-04-12 10:33:20,,7,3
32562783020004,222519470010661,2011,54,4,95,2243.0,1.0,1,LOMO2,1,LOMO2,1,2012-04-12 10:33:21,,7,3
32562784020004,222519470010661,2011,54,4,95,2243.0,1.0,1,ROMU,1,ROMU,1,2012-04-12 10:33:21,,7,3
32562785020004,222519470010661,2011,54,4,95,2243.0,2.0,1,ROMU,1,ROMU,1,2012-04-12 10:33:21,,7,3
32562820020004,222519486010661,2011,54,4,17,411.0,1.0,1,ROMU,1,ROMU,3,2012-04-12 10:33:21,,7,3
32562821020004,222519486010661,2011,54,4,17,411.0,2.0,1,ROMU,1,ROMU,5,2012-04-12 10:33:21,,7,3
32562822020004,222519486010661,2011,54,4,17,411.0,3.0,1,ROMU,1,ROMU,1,2012-04-12 10:33:21,,7,3
32562823020004,222519486010661,2011,54,4,17,411.0,4.0,1,ROMU,1,ROMU,2,2012-04-12 10:33:21,,7,3
32562854020004,222519500010661,2011,54,2,7,740.0,2.0,1,ELUM,1,ELUM,2,2012-04-12 10:33:23,,7,3
32562855020004,222519500010661,2011,54,2,7,740.0,2.0,1,MIVI,1,MIVI,55,2012-04-12 10:33:23,,7,3
32562856020004,222519500010661,2011,54,2,7,740.0,1.0,1,ROMU,1,ROMU,1,2012-04-12 10:33:23,,7,3
32562857020004,222519500010661,2011,54,2,7,740.0,2.0,1,ROMU,1,ROMU,1,2012-04-12 10:33:23,,7,3
32562858020004,222519500010661,2011,54,2,7,740.0,4.0,1,ROMU,1,ROMU,1,2012-04-12 10:33:23,,7,3
32562888020004,222519514010661,2011,54,3,19,2468.0,3.0,1,ROMU,1,ROMU,8,2012-04-12 10:33:24,,7,3
32562897020004,222519518010661,2011,54,3,81,578.0,4.0,1,ROMU,1,ROMU,2,2012-04-12 10:33:24,,7,3
32562898020004,222519518010661,2011,54,3,81,578.0,1.0,1,ROPS,1,ROPS,2,2012-04-12 10:33:24,,7,3
32562899020004,222519518010661,2011,54,3,81,578.0,2.0,1,ROPS,1,ROPS,15,2012-04-12 10:33:24,,7,3
32562900020004,222519518010661,2011,54,3,81,578.0,4.0,1,ROPS,1,ROPS,2,2012-04-12 10:33:24,,7,3
32562913020004,222519524010661,2011,54,3,81,2058.0,1.0,1,ELUM,1,ELUM,1,2012-04-12 10:33:24,,7,3
32562914020004,222519524010661,2011,54,3,81,2058.0,4.0,1,ROMU,1,ROMU,10,2012-04-12 10:33:24,,7,3
32563013020004,222519570010661,2011,54,3,81,1666.0,2.0,1,ROPS,1,ROPS,10,2012-04-12 10:33:28,,7,3
32563043020004,222519584010661,2011,54,3,109,2167.0,2.0,1,MIVI,1,MIVI,1,2012-04-12 10:33:29,,7,3
249336613010661,169112601010661,2010,54,3,25,2480.0,1.0,1,ROMU,1,ROMU,14,2011-06-02 14:20:04,,7,2
249336614010661,169112601010661,2010,54,3,25,2480.0,2.0,1,ROMU,1,ROMU,17,2011-06-02 14:20:04,,7,2
249336615010661,169112601010661,2010,54,3,25,2480.0,3.0,1,ROMU,1,ROMU,25,2011-06-02 14:20:04,,7,2
249336616010661,169112601010661,2010,54,3,25,2480.0,2.0,1,ROPS,1,ROPS,2,2011-06-02 14:20:04,,7,2
249336630010661,169112365010661,2010,54,2,31,519.0,2.0,1,MIVI,1,MIVI,1,2011-06-02 14:20:04,,7,2
249336631010661,169112365010661,2010,54,2,31,519.0,3.0,1,MIVI,1,MIVI,1,2011-06-02 14:20:04,,7,2
249336492010661,169112343010661,2010,54,2,3,2382.0,1.0,1,ALPE4,1,ALPE4,25,2011-06-02 14:20:03,,7,2
249336493010661,169112343010661,2010,54,2,3,2382.0,2.0,1,ALPE4,1,ALPE4,55,2011-06-02 14:20:03,,7,2
249336494010661,169112343010661,2010,54,2,3,2382.0,3.0,1,ALPE4,1,ALPE4,15,2011-06-02 14:20:03,,7,2
249336495010661,169112343010661,2010,54,2,3,2382.0,4.0,1,ALPE4,1,ALPE4,7,2011-06-02 14:20:03,,7,2
249336496010661,169112343010661,2010,54,2,3,2382.0,1.0,1,BETH,1,BETH,10,2011-06-02 14:20:03,,7,2
249336497010661,169112343010661,2010,54,2,3,2382.0,2.0,1,BETH,1,BETH,10,2011-06-02 14:20:03,,7,2
249336498010661,169112343010661,2010,54,2,3,2382.0,3.0,1,BETH,1,BETH,23,2011-06-02 14:20:03,,7,2
249336499010661,169112343010661,2010,54,2,3,2382.0,2.0,1,LOMA6,1,LOMA6,1,2011-06-02 14:20:03,,7,2
249336500010661,169112343010661,2010,54,2,3,2382.0,4.0,1,LOMA6,1,LOMA6,10,2011-06-02 14:20:03,,7,2
249336501010661,169112343010661,2010,54,2,3,2382.0,1.0,1,LOTA,1,LOTA,25,2011-06-02 14:20:03,,7,2
249336502010661,169112343010661,2010,54,2,3,2382.0,2.0,1,LOTA,1,LOTA,20,2011-06-02 14:20:03,,7,2
249336503010661,169112343010661,2010,54,2,3,2382.0,3.0,1,LOTA,1,LOTA,60,2011-06-02 14:20:03,,7,2
249336504010661,169112343010661,2010,54,2,3,2382.0,4.0,1,LOTA,1,LOTA,15,2011-06-02 14:20:03,,7,2
249336505010661,169112343010661,2010,54,2,3,2382.0,1.0,1,ROMU,1,ROMU,30,2011-06-02 14:20:03,,7,2
249336506010661,169112343010661,2010,54,2,3,2382.0,2.0,1,ROMU,1,ROMU,35,2011-06-02 14:20:03,,7,2
249336507010661,169112343010661,2010,54,2,3,2382.0,3.0,1,ROMU,1,ROMU,18,2011-06-02 14:20:03,,7,2
249336508010661,169112343010661,2010,54,2,3,2382.0,4.0,1,ROMU,1,ROMU,70,2011-06-02 14:20:03,,7,2
249336509010661,169112343010661,2010,54,2,3,2382.0,1.0,1,ROPS,1,ROPS,10,2011-06-02 14:20:03,,7,2
249336510010661,169112343010661,2010,54,2,3,2382.0,2.0,1,ROPS,1,ROPS,20,2011-06-02 14:20:03,,7,2
249336511010661,169112343010661,2010,54,2,3,2382.0,3.0,1,ROPS,1,ROPS,10,2011-06-02 14:20:03,,7,2
32564030020004,222519986010661,2011,54,2,27,48.0,4.0,1,ALPE4,1,ALPE4,7,2012-04-12 10:33:58,,7,3
32564031020004,222519986010661,2011,54,2,27,48.0,3.0,1,BETH,1,BETH,1,2012-04-12 10:33:58,,7,3
32564032020004,222519986010661,2011,54,2,27,48.0,1.0,1,MIVI,1,MIVI,11,2012-04-12 10:33:58,,7,3
32564033020004,222519986010661,2011,54,2,27,48.0,2.0,1,MIVI,1,MIVI,10,2012-04-12 10:33:58,,7,3
32564034020004,222519986010661,2011,54,2,27,48.0,3.0,1,MIVI,1,MIVI,12,2012-04-12 10:33:58,,7,3
32564035020004,222519986010661,2011,54,2,27,48.0,4.0,1,MIVI,1,MIVI,5,2012-04-12 10:33:58,,7,3
32564036020004,222519986010661,2011,54,2,27,48.0,3.0,1,ROMU,1,ROMU,5,2012-04-12 10:33:58,,7,3
32564045020004,222519990010661,2011,54,2,27,723.0,2.0,1,ALPE4,1,ALPE4,13,2012-04-12 10:33:58,,7,3
32564046020004,222519990010661,2011,54,2,27,723.0,3.0,1,BETH,1,BETH,3,2012-04-12 10:33:58,,7,3
32564047020004,222519990010661,2011,54,2,27,723.0,4.0,1,ROMU,1,ROMU,3,2012-04-12 10:33:58,,7,3
32564093020004,222520012010661,2011,54,2,3,998.0,4.0,2,ALPE4,1,ALPE4,30,2012-04-12 10:34:00,,7,3
32564094020004,222520012010661,2011,54,2,3,998.0,4.0,2,LOMA6,1,LOMA6,1,2012-04-12 10:34:00,,7,3
32564115020004,222520022010661,2011,54,2,31,990.0,1.0,1,AIAL,1,AIAL,5,2012-04-12 10:34:00,,7,3
32564116020004,222520022010661,2011,54,2,31,990.0,3.0,1,AIAL,1,AIAL,13,2012-04-12 10:34:00,,7,3
32564117020004,222520022010661,2011,54,2,31,990.0,4.0,1,AIAL,1,AIAL,7,2012-04-12 10:34:00,,7,3
32564118020004,222520022010661,2011,54,2,31,990.0,1.0,1,ALPE4,1,ALPE4,7,2012-04-12 10:34:00,,7,3
32564119020004,222520022010661,2011,54,2,31,990.0,2.0,2,ALPE4,1,ALPE4,2,2012-04-12 10:34:00,,7,3
32564120020004,222520022010661,2011,54,2,31,990.0,3.0,1,ALPE4,1,ALPE4,11,2012-04-12 10:34:00,,7,3
32564121020004,222520022010661,2011,54,2,31,990.0,4.0,1,ALPE4,1,ALPE4,1,2012-04-12 10:34:00,,7,3
32564122020004,222520022010661,2011,54,2,31,990.0,1.0,1,BETH,1,BETH,1,2012-04-12 10:34:00,,7,3
32564123020004,222520022010661,2011,54,2,31,990.0,3.0,1,BETH,1,BETH,1,2012-04-12 10:34:00,,7,3
32564124020004,222520022010661,2011,54,2,31,990.0,1.0,1,ELUM,1,ELUM,1,2012-04-12 10:34:00,,7,3
32564125020004,222520022010661,2011,54,2,31,990.0,1.0,1,MIVI,1,MIVI,5,2012-04-12 10:34:00,,7,3
32564126020004,222520022010661,2011,54,2,31,990.0,2.0,2,MIVI,1,MIVI,1,2012-04-12 10:34:00,,7,3
32564127020004,222520022010661,2011,54,2,31,990.0,3.0,1,MIVI,1,MIVI,45,2012-04-12 10:34:00,,7,3
32564128020004,222520022010661,2011,54,2,31,990.0,1.0,1,ROPS,1,ROPS,18,2012-04-12 10:34:00,,7,3
32564129020004,222520022010661,2011,54,2,31,990.0,3.0,1,ROPS,1,ROPS,7,2012-04-12 10:34:00,,7,3
32564130020004,222520022010661,2011,54,2,31,990.0,4.0,1,ROPS,1,ROPS,15,2012-04-12 10:34:00,,7,3
212743680020004,247065268010661,2012,54,4,79,879.0,4.0,1,LOJA,1,LOJA,1,2013-07-22 09:23:00,,7,4
212743681020004,247065268010661,2012,54,4,79,879.0,1.0,1,MIVI,1,MIVI,1,2013-07-22 09:23:00,,7,4
212743682020004,247065268010661,2012,54,4,79,879.0,3.0,1,MIVI,1,MIVI,1,2013-07-22 09:23:00,,7,4
212743683020004,247065268010661,2012,54,4,79,879.0,4.0,1,MIVI,1,MIVI,3,2013-07-22 09:23:00,,7,4
212743684020004,247065268010661,2012,54,4,79,879.0,2.0,1,ROMU,1,ROMU,1,2013-07-22 09:23:00,,7,4
212743685020004,247065268010661,2012,54,4,79,879.0,3.0,1,ROMU,1,ROMU,1,2013-07-22 09:23:00,,7,4
212743848020004,247065383010661,2012,54,3,109,379.0,2.0,1,ALPE4,1,ALPE4,1,2013-07-22 09:23:04,,7,4
212743849020004,247065383010661,2012,54,3,109,379.0,3.0,2,ELUM,1,ELUM,2,2013-07-22 09:23:04,,7,4
212743850020004,247065383010661,2012,54,3,109,379.0,3.0,2,LONIC,1,LONIC,1,2013-07-22 09:23:04,,7,4
212743851020004,247065383010661,2012,54,3,109,379.0,1.0,1,MIVI,1,MIVI,1,2013-07-22 09:23:04,,7,4
212743852020004,247065383010661,2012,54,3,109,379.0,1.0,1,ROMU,1,ROMU,5,2013-07-22 09:23:04,,7,4
212743853020004,247065383010661,2012,54,3,109,379.0,2.0,1,ROMU,1,ROMU,1,2013-07-22 09:23:04,,7,4
212743854020004,247065383010661,2012,54,3,109,379.0,3.0,2,ROMU,1,ROMU,2,2013-07-22 09:23:04,,7,4
212743855020004,247065383010661,2012,54,3,109,379.0,2.0,1,ROPS,1,ROPS,1,2013-07-22 09:23:04,,7,4
212744014020004,247065414010661,2012,54,3,109,1857.0,1.0,1,ELUM,1,ELUM,1,2013-07-22 09:23:04,,7,4
212744015020004,247065414010661,2012,54,3,109,1857.0,4.0,1,ELUM,1,ELUM,1,2013-07-22 09:23:04,,7,4
212744128020004,247065438010661,2012,54,4,21,1777.0,2.0,1,ELUM,1,ELUM,1,2013-07-22 09:23:06,,7,4
212744129020004,247065438010661,2012,54,4,21,1777.0,3.0,1,ELUM,1,ELUM,2,2013-07-22 09:23:06,,7,4
212744130020004,247065438010661,2012,54,4,21,1777.0,4.0,1,ELUM,1,ELUM,1,2013-07-22 09:23:06,,7,4
212744131020004,247065438010661,2012,54,4,21,1777.0,1.0,1,MIVI,1,MIVI,13,2013-07-22 09:23:06,,7,4
212744132020004,247065438010661,2012,54,4,21,1777.0,2.0,1,MIVI,1,MIVI,6,2013-07-22 09:23:06,,7,4
212744133020004,247065438010661,2012,54,4,21,1777.0,3.0,1,MIVI,1,MIVI,13,2013-07-22 09:23:06,,7,4
212744134020004,247065438010661,2012,54,4,21,1777.0,4.0,1,MIVI,1,MIVI,5,2013-07-22 09:23:06,,7,4
212744135020004,247065438010661,2012,54,4,21,1777.0,2.0,1,ROMU,1,ROMU,1,2013-07-22 09:23:06,,7,4
212744136020004,247065438010661,2012,54,4,21,1777.0,4.0,1,ROMU,1,ROMU,1,2013-07-22 09:23:06,,7,4
212744137020004,247065438010661,2012,54,4,21,1777.0,2.0,1,SPJA,1,SPJA,1,2013-07-22 09:23:06,,7,4
212744138020004,247065438010661,2012,54,4,21,1777.0,4.0,1,SPJA,1,SPJA,1,2013-07-22 09:23:06,,7,4
212744281020004,247065513010661,2012,54,2,7,2373.0,1.0,1,MIVI,1,MIVI,15,2013-07-22 09:23:08,,7,4
212744354020004,247065690010661,2012,54,2,71,440.0,3.0,2,BETH,1,BETH,3,2013-07-22 09:23:11,,7,4
212744355020004,247065690010661,2012,54,2,71,440.0,3.0,2,MIVI,1,MIVI,37,2013-07-22 09:23:11,,7,4
212744356020004,247065690010661,2012,54,2,71,440.0,4.0,1,MIVI,1,MIVI,1,2013-07-22 09:23:11,,7,4
212744357020004,247065690010661,2012,54,2,71,440.0,3.0,2,ROMU,1,ROMU,3,2013-07-22 09:23:11,,7,4
212744358020004,247065690010661,2012,54,2,71,440.0,3.0,2,ROPS,1,ROPS,5,2013-07-22 09:23:11,,7,4
249336678010661,169112739010661,2010,54,2,33,830.0,3.0,1,ROMU,1,ROMU,3,2011-06-02 14:20:04,,7,2
249336679010661,169112739010661,2010,54,2,33,830.0,4.0,1,ROMU,1,ROMU,8,2011-06-02 14:20:04,,7,2
249336657010661,169112739010661,2010,54,2,33,830.0,1.0,1,AIAL,1,AIAL,1,2011-06-02 14:20:04,,7,2
249336658010661,169112739010661,2010,54,2,33,830.0,1.0,2,AIAL,1,AIAL,1,2011-06-02 14:20:04,,7,2
249336659010661,169112739010661,2010,54,2,33,830.0,3.0,1,BETH,1,BETH,1,2011-06-02 14:20:04,,7,2
249336660010661,169112739010661,2010,54,2,33,830.0,4.0,1,BETH,1,BETH,3,2011-06-02 14:20:04,,7,2
249336661010661,169112739010661,2010,54,2,33,830.0,1.0,1,CEOR7,1,CEOR7,1,2011-06-02 14:20:04,,7,2
249336605010661,169112601010661,2010,54,3,25,2480.0,1.0,1,ALPE4,1,ALPE4,1,2011-06-02 14:20:04,,7,2
249336606010661,169112601010661,2010,54,3,25,2480.0,2.0,1,ALPE4,1,ALPE4,15,2011-06-02 14:20:04,,7,2
249336607010661,169112601010661,2010,54,3,25,2480.0,3.0,1,CEOR7,1,CEOR7,3,2011-06-02 14:20:04,,7,2
249336608010661,169112601010661,2010,54,3,25,2480.0,1.0,1,CIVU,1,CIVU,1,2011-06-02 14:20:04,,7,2
249336609010661,169112601010661,2010,54,3,25,2480.0,3.0,1,CIVU,1,CIVU,1,2011-06-02 14:20:04,,7,2
249336610010661,169112601010661,2010,54,3,25,2480.0,1.0,1,ELUM,1,ELUM,6,2011-06-02 14:20:04,,7,2
249336611010661,169112601010661,2010,54,3,25,2480.0,3.0,1,ELUM,1,ELUM,25,2011-06-02 14:20:04,,7,2
249336612010661,169112601010661,2010,54,3,25,2480.0,3.0,1,LOJA,1,LOJA,1,2011-06-02 14:20:04,,7,2
32561988020004,222519140010661,2011,54,2,75,2041.0,1.0,1,ROPS,1,ROPS,1,2012-04-12 10:32:58,,7,3
32561989020004,222519140010661,2011,54,2,75,2041.0,2.0,1,ROPS,1,ROPS,1,2012-04-12 10:32:58,,7,3
32561990020004,222519140010661,2011,54,2,75,2041.0,3.0,1,ROPS,1,ROPS,1,2012-04-12 10:32:58,,7,3
32561991020004,222519140010661,2011,54,2,75,2041.0,4.0,1,ROPS,1,ROPS,1,2012-04-12 10:32:58,,7,3
32562030020004,222519158010661,2011,54,4,53,1593.0,2.0,2,ROMU,1,ROMU,8,2012-04-12 10:32:59,,7,3
32562059020004,222519172010661,2011,54,4,11,444.0,4.0,1,AIAL,1,AIAL,3,2012-04-12 10:33:00,,7,3
32562060020004,222519172010661,2011,54,4,11,444.0,3.0,1,ELUM,1,ELUM,1,2012-04-12 10:33:00,,7,3
32562061020004,222519172010661,2011,54,4,11,444.0,1.0,1,MIVI,1,MIVI,2,2012-04-12 10:33:00,,7,3
32562062020004,222519172010661,2011,54,4,11,444.0,2.0,1,MIVI,1,MIVI,2,2012-04-12 10:33:00,,7,3
